codigo_escola,NO_ENTIDADE,codigo_municipio,rank_municipio,n_escolas_confiaveis_municipio,segmento_comercial,rede_propria_poliedro,enem_media_geral,qtd_participantes_enem,indice_infra,QT_MAT_MED,score_destaque
23245573,MASTER COLEGIO,2304400,2,102,Desafiante (2º-5º local),False,748.7124324324325,37.0,5.0,132.0,0.9504
26534711,COLEGIO COGNITIVO,2611606,2,67,Desafiante (2º-5º local),False,736.4080303030303,132.0,5.0,433.0,0.949
26118165,COLEGIO EQUIPE,2611606,3,67,Desafiante (2º-5º local),False,727.4376271186441,59.0,5.0,234.0,0.9468
23272430,ARI DE SA CAVALCANTE - ALDEOTA,2304400,3,102,Desafiante (2º-5º local),False,727.3330325814536,133.0,5.0,658.0,0.9464
33104220,RECANTO INF IMACULADA CONCEICAO,3304557,2,308,Desafiante (2º-5º local),False,689.8397777777778,90.0,5.0,311.0,0.9439
33100713,COL SAINT JOHN,3304557,3,308,Desafiante (2º-5º local),False,689.3208333333333,24.0,5.0,82.0,0.9434
33065403,COLEGIO SANTO AGOSTINHO,3304557,4,308,Desafiante (2º-5º local),False,715.884,125.0,5.0,436.0,0.9432
33135371,COLEGIO CRUZEIRO - JACAREPAGUA,3304557,5,308,Desafiante (2º-5º local),False,706.7892473118279,93.0,5.0,309.0,0.9379
15167275,COLEGIO EQUIPE LTDA,1501402,2,54,Desafiante (2º-5º local),False,753.5191452991453,39.0,4.0,41.0,0.9323
15181081,COLEGIO INTEGRADO IN,1501402,3,54,Desafiante (2º-5º local),False,747.4823076923077,26.0,4.0,26.0,0.9318
32040032,CE LEONARDO DA VINCI,3205309,2,15,Desafiante (2º-5º local),False,695.9213333333333,50.0,5.0,219.0,0.9308
31193216,ESCOLA EDUCACAO CRIATIVA,3131307,2,7,Desafiante (2º-5º local),False,695.433933933934,111.0,5.0,339.0,0.9302
32040040,COLEGIO PRIMEIRO MUNDO,3205309,3,15,Desafiante (2º-5º local),False,702.2151724137931,29.0,5.0,95.0,0.9297
23071036,ARI DE SA CAVALCANTE - WASHINGTON SOARES,2304400,4,102,Desafiante (2º-5º local),False,694.94688172043,93.0,5.0,310.0,0.9295
31387860,COLEGIO MAGNUM AGOSTINIANO,3106200,2,80,Desafiante (2º-5º local),False,694.66,11.0,5.0,63.0,0.9291
31006157,COLEGIO LOGOSOFICO GONZALEZ PECOTCHE,3106200,3,80,Desafiante (2º-5º local),False,693.8408888888889,45.0,5.0,150.0,0.9284
23067071,COLEGIO CHRISTUS BARAO DE STUDART,2304400,5,102,Desafiante (2º-5º local),False,692.3433663366336,101.0,5.0,283.0,0.9268
24057126,COLEGIO SALESIANO SAO JOSE,2408102,2,44,Desafiante (2º-5º local),False,674.26,59.0,5.0,212.0,0.9237
25306936,ESCOLA INTERNACIONAL CIDADE VIVA,2507507,2,49,Desafiante (2º-5º local),False,694.507741935484,31.0,5.0,139.0,0.923
33055866,COLEGIO MARILIA MATTOSO,3303302,2,38,Desafiante (2º-5º local),False,728.492,10.0,5.0,80.0,0.9222
43104975,CENTRO DE ENSINO MEDIO FARROUPILHA - UNIDADE DE ENSINO COLEGIO FARROUPILHA,4314902,2,44,Desafiante (2º-5º local),False,692.887231638418,177.0,5.0,625.0,0.9213
31309711,ESCOLA SEB UNIMASTER,3106200,4,80,Desafiante (2º-5º local),False,685.5546153846154,26.0,5.0,69.0,0.9191
31369772,COLEGIO OLIMPO BH,3106200,5,80,Desafiante (2º-5º local),False,683.428,10.0,5.0,38.0,0.9171
35103524,DANTE ALIGHIERI COLEGIO,3550308,2,417,Desafiante (2º-5º local),False,686.9325276461295,211.0,5.0,863.0,0.9157
35143406,AUGUSTO LARANJA COLEGIO UNIDADE I,3550308,3,417,Desafiante (2º-5º local),False,686.9142857142857,21.0,5.0,109.0,0.9155
24069191,CENTRO DE EDUCACAO INTEGRADA S A - ROMUALDO,2408102,3,44,Desafiante (2º-5º local),False,698.3012949640288,139.0,4.0,436.0,0.9148
29485541,COLEGIO BERNOULLI,2927408,2,74,Desafiante (2º-5º local),False,731.7037475345168,169.0,4.0,564.0,0.9103
26156202,MD EDUCACIONAL- COLEGIO MADRE DE DEUS UNIDADE II,2611606,4,67,Desafiante (2º-5º local),False,681.981037037037,135.0,5.0,450.0,0.9101
26137631,COLEGIO NUCLEO,2611606,5,67,Desafiante (2º-5º local),False,728.8309803921569,153.0,4.0,496.0,0.9099
53056000,COL OLIMPO,5300108,2,98,Desafiante (2º-5º local),False,727.3460805860806,91.0,4.0,342.0,0.909
35165347,MOBILE COLEGIO,3550308,4,417,Desafiante (2º-5º local),False,723.9795192307691,208.0,4.0,714.0,0.9083
24089214,CENTRO DE EDUCACAO INTEGRADA S A - ROBERTO FREIRE,2408102,4,44,Desafiante (2º-5º local),False,690.6954285714286,70.0,4.0,168.0,0.9072
29365023,COLEGIO OFICINA,2927408,3,74,Desafiante (2º-5º local),False,696.4232258064516,62.0,5.0,186.0,0.9064
22022406,COLEGIO LEROTE LTDA,2211001,2,44,Desafiante (2º-5º local),False,717.0234146341463,41.0,4.0,235.0,0.9061
52096785,COLEGIO OLIMPO GOIANIA,5208707,2,59,Desafiante (2º-5º local),False,712.3107103825137,61.0,4.0,215.0,0.9033
32074964,COLEGIO SALESIANO JARDIM CAMBURI,3205309,4,15,Desafiante (2º-5º local),False,689.4235087719298,57.0,5.0,225.0,0.8995
35105314,COLEGIO FRANCISCANO PIOXII,3550308,5,417,Desafiante (2º-5º local),False,670.4731666666667,80.0,5.0,308.0,0.8995
22144919,COLEGIO GREAT,2211001,3,44,Desafiante (2º-5º local),False,703.8186666666666,15.0,4.0,63.0,0.8988
28017943,COLEGIO AMADEUS LTDA,2800308,2,40,Desafiante (2º-5º local),False,674.2116104868915,89.0,5.0,253.0,0.8986
35114832,PEQUENO PRINCIPE COLEGIO,3543402,2,30,Desafiante (2º-5º local),False,669.7211594202898,69.0,5.0,311.0,0.898
32041411,CENTRO DE ENSINO CHARLES DARWIN,3205309,5,15,Desafiante (2º-5º local),False,685.6892340425532,235.0,5.0,655.0,0.8947
31041262,COLEGIO ROBERTO CARNEIRO,3122306,2,8,Desafiante (2º-5º local),False,667.7692682926829,82.0,5.0,293.0,0.8944
29200091,SARTRE ESCOLA SEB - ITAIGARA,2927408,4,74,Desafiante (2º-5º local),False,684.7899079754601,326.0,5.0,1096.0,0.8936
22023658,EDUCANDARIO SANTA MARIA GORETTI,2211001,4,44,Desafiante (2º-5º local),False,659.1961904761905,21.0,5.0,109.0,0.8933
43107494,CENTRO DE ENSINO MEDIO PASTOR DOHMS-UNIDADE DE ENSINO HIGIENOPOLIS,4314902,3,44,Desafiante (2º-5º local),False,669.5675757575757,66.0,5.0,252.0,0.892
43215050,COLEGIO BERTONI MED,4314902,4,44,Desafiante (2º-5º local),False,682.5307692307692,13.0,5.0,14.0,0.8915
29447518,COLEGIO MARISTA DE PATAMARES,2927408,5,74,Desafiante (2º-5º local),False,658.5875268817205,93.0,5.0,392.0,0.8913
22142363,COLEGIO PROPOSITO,2211001,5,44,Desafiante (2º-5º local),False,721.8133333333334,15.0,3.0,293.0,0.8906
31291986,CENTRO EDUCACIONAL DIVINOPOLIS-ANGLO,3122306,3,8,Desafiante (2º-5º local),False,666.2406666666667,50.0,5.0,51.0,0.8904
53020006,C EDUCACIONAL SIGMA - ASA NORTE,5300108,3,98,Desafiante (2º-5º local),False,680.6918181818181,88.0,5.0,330.0,0.8893
52034054,COLEGIO PROGRESSIVO,5208707,3,59,Desafiante (2º-5º local),False,677.0464978902953,79.0,5.0,263.0,0.8888
33165920,COLEGIO E CURSO PENSI,3303302,3,38,Desafiante (2º-5º local),False,758.8586206896553,29.0,4.0,277.0,0.8884
31320536,SISTEMA APOIO DE ENSINO,3170107,2,11,Desafiante (2º-5º local),False,690.3314285714285,42.0,4.0,149.0,0.8879
28017781,COLEGIO ARQUIDIOCESANO S CORACAO DE JESUS,2800308,3,40,Desafiante (2º-5º local),False,678.9244102564103,65.0,5.0,239.0,0.8873
50030590,COLEGIO LUMIERE ENSINO FUNDAMENTAL,5003702,2,5,Desafiante (2º-5º local),False,717.234,20.0,4.0,54.0,0.8864
21009902,CENTRO EDUCACIONAL MONTESSORIANO REINO INFANTIL,2111300,2,43,Desafiante (2º-5º local),False,687.4187692307693,65.0,4.0,226.0,0.8846
53015347,C EDUCACIONAL SIGMA AGUAS CLARAS,5300108,4,98,Desafiante (2º-5º local),False,677.5172151898735,79.0,5.0,238.0,0.8844
35290804,ESCOLA SEB UNIDADE ALVARES CABRAL,3543402,3,30,Desafiante (2º-5º local),False,725.4759420289855,69.0,4.0,212.0,0.8837
53001222,C EDUCACIONAL SIGMA,5300108,5,98,Desafiante (2º-5º local),False,675.3353333333333,90.0,5.0,368.0,0.8813
43172440,COLEGIO LEONARDO DA VINCI- BETA,4314902,5,44,Desafiante (2º-5º local),False,664.4967857142857,56.0,5.0,170.0,0.88
28018109,CURSO COLEGIO MODULO LTDA,2800308,4,40,Desafiante (2º-5º local),False,664.3465909090909,88.0,5.0,315.0,0.8797
28017757,COESI COLEGIO DE ORIENTACAO E ESTUDOS INTEGRADOS E ESCOLINHA DO RE MI EIRELI - EPP,2800308,5,40,Desafiante (2º-5º local),False,664.1664516129032,62.0,5.0,229.0,0.8791
52086615,COLEGIO JAO LTDA,5208707,4,59,Desafiante (2º-5º local),False,660.721090909091,55.0,5.0,218.0,0.878
52034046,COLEGIO PREVEST,5208707,5,59,Desafiante (2º-5º local),False,670.8133064516129,124.0,5.0,490.0,0.8749
24350303,CENTRO DE EDUCACAO INTEGRADA MAIS LTDA,2408102,5,44,Desafiante (2º-5º local),False,667.0768582375479,87.0,4.0,268.0,0.8737
35583224,COLEGIO COC,3548708,2,30,Desafiante (2º-5º local),False,701.9771428571429,14.0,4.0,14.0,0.8728
41352866,BOM JESUS DIVINA PROVIDENCIA COL EDUC INF ENS FUND E MEDIO,4106902,2,44,Desafiante (2º-5º local),False,669.1423188405797,69.0,5.0,246.0,0.8725
51036169,COLEGIO IBERO AMERICANO,5103403,2,23,Desafiante (2º-5º local),False,701.0,17.0,4.0,79.0,0.8722
25133861,COLEGIO GGE,2507507,3,49,Desafiante (2º-5º local),False,681.137536231884,46.0,4.0,151.0,0.8717
35114960,COLEGIO SANTA URSULA DE RIBEIRAO PRETO,3543402,4,30,Desafiante (2º-5º local),False,667.2603389830508,59.0,5.0,257.0,0.8682
13025872,CENTRO EDUCACIONAL LATO SENSU,1302603,2,38,Desafiante (2º-5º local),False,674.6186363636364,88.0,4.0,315.0,0.8677
25153820,CARL ROGERS - CENTRO DE EDUCACAO,2507507,4,49,Desafiante (2º-5º local),False,672.90875,16.0,4.0,45.0,0.8653
12031682,ESC COLEGIO SIGMA,1200401,2,9,Desafiante (2º-5º local),False,676.6075999999999,50.0,4.0,120.0,0.8641
15567672,COLEGIO CEI,1501402,4,54,Desafiante (2º-5º local),False,657.4752941176471,34.0,5.0,103.0,0.8629
31166332,COLEGIO MARISTA DIOCESANO,3170107,3,11,Desafiante (2º-5º local),False,655.0084552845528,41.0,5.0,131.0,0.8609
35154295,JEAN PIAGET UNIDADE II EEPG,3548500,2,26,Desafiante (2º-5º local),False,686.8668229166667,128.0,4.0,373.0,0.8586
31128031,COLEGIO SETE DE SETEMBRO,3151800,2,6,Desafiante (2º-5º local),False,672.2513178294574,86.0,5.0,284.0,0.8573
35111466,SANTA MARCELINA COLEGIO,3507506,2,8,Desafiante (2º-5º local),False,653.3533333333334,24.0,5.0,86.0,0.8569
31317101,COLEGIO APOGEU DE ENSINO FUNDAMENTAL E ENSINO MEDIO,3136702,2,14,Desafiante (2º-5º local),False,710.0752631578947,38.0,2.0,154.0,0.8562
21273456,MAPLE BEAR SAO LUIS,2111300,3,43,Desafiante (2º-5º local),False,705.2384615384616,13.0,4.0,76.0,0.855
33155259,ISJB - COLEGIO SALESIANO REGIAO OCEANICA,3303302,4,38,Desafiante (2º-5º local),False,654.8534693877551,49.0,5.0,151.0,0.8544
33179999,LME 542 EMPREENDIMENTOS EDUCACIONAIS SS LTDA,3303302,5,38,Desafiante (2º-5º local),False,692.2862222222222,45.0,3.0,169.0,0.8525
41131789,BOM JESUS SEMINARIO,4106902,3,44,Desafiante (2º-5º local),False,653.1320689655172,58.0,5.0,253.0,0.8498
31193160,INST EDUC MAYRINK VIEIRA,3131307,3,7,Desafiante (2º-5º local),False,678.0533333333333,21.0,4.0,86.0,0.8478
35468400,CARBONELL COLEGIO,3518800,2,55,Desafiante (2º-5º local),False,695.3958024691359,27.0,4.0,95.0,0.8477
31361496,COLEGIO AUGE,3131703,2,5,Desafiante (2º-5º local),False,658.668,20.0,5.0,89.0,0.8476
31249483,INST ITALO BRASILEIRO BICULTURAL,3144805,2,7,Desafiante (2º-5º local),False,650.6814285714285,14.0,5.0,180.0,0.8463
35007022,COLEGIO OBJETIVO DE PIRACICABA,3538709,2,14,Desafiante (2º-5º local),False,657.6300483091787,69.0,5.0,266.0,0.844
29437261,COLEGIO ACESSO,2910800,2,18,Desafiante (2º-5º local),False,715.0920481927711,83.0,3.0,315.0,0.8434
43173390,COLEGIO SANTA MONICA ALTOS DO LARANJAL,4314407,2,8,Desafiante (2º-5º local),False,657.2893333333334,15.0,5.0,57.0,0.8434
31260908,COL IMPULSO,3167202,2,11,Desafiante (2º-5º local),False,714.0652631578947,19.0,3.0,59.0,0.843
50031163,COLEGIO CLASSE A,5002704,2,26,Desafiante (2º-5º local),False,717.9826666666667,15.0,2.0,16.0,0.8421
13031767,FUNDACAO MATIAS MACHLINE,1302603,3,38,Desafiante (2º-5º local),False,655.153127753304,227.0,5.0,688.0,0.842
27037380,COLEGIO DINAMICO,2704302,2,57,Desafiante (2º-5º local),False,673.9772727272727,22.0,4.0,137.0,0.8415
33447250,COLEGIO INTERATIVO ENSINO MEDIO,3306305,2,10,Desafiante (2º-5º local),False,664.2507291666667,64.0,5.0,192.0,0.8403
33039976,AESVP COLEGIO VICENTINO SANTA ISABEL,3303906,2,16,Desafiante (2º-5º local),False,655.9252380952381,42.0,5.0,123.0,0.8394
35108145,MATER AMABILIS COLEGIO,3518800,3,55,Desafiante (2º-5º local),False,672.1314606741573,89.0,4.0,328.0,0.8393
24091260,COLEGIO SIMPLES,2408003,2,13,Desafiante (2º-5º local),False,684.7764285714285,28.0,3.0,127.0,0.8385
41131673,COLEGIO BOM JESUS NOSSA SENHORA DE LOURDES ED INF ENS FUND E MEDIO,4106902,4,44,Desafiante (2º-5º local),False,649.5202522522522,185.0,5.0,695.0,0.838
21199090,COLEGIO EDUCALLIS,2111300,4,43,Desafiante (2º-5º local),False,667.20125,120.0,3.0,327.0,0.8378
27218244,COLEGIO SANTA URSULA LTDA,2704302,3,57,Desafiante (2º-5º local),False,655.0511695906432,114.0,5.0,479.0,0.8361
21199809,COLEGIO LITERATO,2111300,5,43,Desafiante (2º-5º local),False,685.3805839416059,137.0,2.0,473.0,0.8356
25133454,CENTRO DE EDUCACAO MDW,2507507,5,49,Desafiante (2º-5º local),False,705.197619047619,126.0,2.0,335.0,0.8347
31384909,COLEGIO OLIMPO TRIANGULO MINEIRO,3170206,2,17,Desafiante (2º-5º local),False,704.1606818181818,88.0,1.0,105.0,0.8347
29094046,ESCOLA CASTRO ALVES SC LTDA,2910800,3,18,Desafiante (2º-5º local),False,668.7646153846155,13.0,4.0,67.0,0.8335
31170402,COL MARISTA CHAMPAGNAT,3170206,3,17,Desafiante (2º-5º local),False,648.3222222222222,18.0,5.0,112.0,0.8334
35504324,ESCOLA SEB UNIDADE DE RIO PRETO,3549805,2,23,Desafiante (2º-5º local),False,653.9303225806451,62.0,5.0,184.0,0.8334
13031457,CENTRO DE ENSINO ALPHA DELTA,1302603,4,38,Desafiante (2º-5º local),False,698.5344444444445,18.0,2.0,97.0,0.831
35137170,COLEGIO ANGLO ALANTE SAO JOSE DOS CAMPOS,3549904,2,20,Desafiante (2º-5º local),False,653.0790810810811,185.0,5.0,654.0,0.8301
52020320,COLEGIO COUTO MAGALHAES,5201108,2,8,Desafiante (2º-5º local),False,647.4735294117646,34.0,5.0,219.0,0.8294
31349720,FIBONACCI COLEGIO,3131307,4,7,Desafiante (2º-5º local),False,746.5208333333334,48.0,2.0,206.0,0.8278
31062235,INST DE EDUC E ENS POUSO ALEGRE,3152501,2,8,Desafiante (2º-5º local),False,656.1365714285714,35.0,4.0,112.0,0.8275
27224821,ALTERNATIVA ESCOLA DE EDUCACAO BASICA,2700300,2,15,Desafiante (2º-5º local),False,665.9827692307692,65.0,4.0,199.0,0.8267
31223883,COLEGIO ATENAS PASSOS,3147907,2,4,Desafiante (2º-5º local),False,665.362,20.0,4.0,105.0,0.8262
31229865,C EDUC SAO TOMAS DE AQUINO,3144805,3,7,Desafiante (2º-5º local),False,655.3774999999999,24.0,4.0,85.0,0.8258
41032039,MAXI C - EI EF,4113700,2,16,Desafiante (2º-5º local),False,651.8241666666667,80.0,5.0,289.0,0.8252
31367672,COLEGIO ELITE MASTER,3167202,3,11,Desafiante (2º-5º local),False,688.6693103448276,58.0,3.0,211.0,0.8245
23165901,COLEGIO MODULO,2307304,2,6,Desafiante (2º-5º local),False,644.0148666666666,100.0,5.0,280.0,0.8238
31041190,INST N SRA DO SAGRADO CORACAO,3122306,4,8,Desafiante (2º-5º local),False,664.5338461538462,13.0,4.0,78.0,0.8236
35802578,COLEGIO ARBOS - UNIDADE SAO BERNARDO DO CAMPO,3548708,3,30,Desafiante (2º-5º local),False,687.3654545454546,33.0,3.0,171.0,0.823
35809159,OBJETIVO DE SAO JOSE DO RIO PRETO COLEGIO,3549805,3,23,Desafiante (2º-5º local),False,669.0973333333333,30.0,3.0,110.0,0.823
26193957,COLEGIO GGE,2611101,2,8,Desafiante (2º-5º local),False,656.2808163265306,49.0,4.0,220.0,0.822
35186429,EINSTEIN COLEGIO,3543402,5,30,Desafiante (2º-5º local),False,663.7739233038349,113.0,4.0,459.0,0.822
35441995,FOUR C BILINGUAL ACADEMY,3506003,2,16,Desafiante (2º-5º local),False,650.7317647058824,17.0,5.0,86.0,0.8218
35299789,ADV COLEGIO UNIDADE II,3525300,2,8,Desafiante (2º-5º local),False,655.5729411764705,34.0,4.0,158.0,0.8206
12010936,ESC CENTRO EDUCACIONAL E CULTURAL - META,1200401,3,9,Desafiante (2º-5º local),False,655.4070085470086,117.0,4.0,331.0,0.8204
31305235,COL POTENCIA,3118304,2,4,Desafiante (2º-5º local),False,649.8050000000001,44.0,5.0,130.0,0.8196
26108585,COLEGIO DIVINO MESTRE,2607901,2,21,Desafiante (2º-5º local),False,644.2056,25.0,5.0,103.0,0.8189
35004369,COLEGIO PLANCK,3549904,3,20,Desafiante (2º-5º local),False,705.8138636363636,88.0,3.0,307.0,0.8188
31170461,COLEGIO RESSURREICAO NOSSA SENHORA,3170206,4,17,Desafiante (2º-5º local),False,661.9100000000001,10.0,4.0,29.0,0.8185
35142612,SINGULAR COLEGIO,3548708,4,30,Desafiante (2º-5º local),False,653.1620454545455,88.0,4.0,261.0,0.8182
35125441,EDUCATIVA INSTITUTO DE EDUCACAO E CULTURA,3548906,2,11,Desafiante (2º-5º local),False,669.8936,25.0,4.0,103.0,0.816
35112902,RIO BRANCO COLEGIO,3509502,2,35,Desafiante (2º-5º local),False,648.4338235294117,68.0,5.0,278.0,0.815
35139178,COLEGIO ARBOS,3547809,2,29,Desafiante (2º-5º local),False,699.2955555555556,54.0,3.0,309.0,0.815
24083550,CENTRO DE EDUCACAO INTEGRADA ZONA SUL LTDA,2403251,2,13,Desafiante (2º-5º local),False,641.7656716417911,67.0,5.0,276.0,0.8148
35170331,SAO CARLOS INSTITUTO EDUCACAO DE ENSINO FUNDAMENTAL E MEDIO,3548906,3,11,Desafiante (2º-5º local),False,660.3584,25.0,4.0,243.0,0.8144
22144412,CENTRO EDUCACIONAL CONTEXTO,2207702,2,10,Desafiante (2º-5º local),False,664.9772549019608,51.0,3.0,173.0,0.813
29093643,COLEGIO SANTO ANTONIO,2910800,4,18,Desafiante (2º-5º local),False,648.0166666666667,48.0,5.0,223.0,0.813
15577740,E E F M ALVORADA,1504208,2,8,Desafiante (2º-5º local),False,646.245625,32.0,4.0,112.0,0.8129
35152729,PETROPOLIS COLEGIO,3548708,5,30,Desafiante (2º-5º local),False,659.2620792079208,101.0,4.0,309.0,0.8118
13032020,LAVINIENSE ENSINO INTEGRADO E CE PINGO DE GENTE,1302603,5,38,Desafiante (2º-5º local),False,651.6761666666666,40.0,4.0,203.0,0.8116
27226115,COLEGIO MARIA MONTESSORI,2704302,4,57,Desafiante (2º-5º local),False,652.4950684931507,73.0,4.0,254.0,0.81
31382655,COLEGIO GABARITO - UNIDADE II,3170107,4,11,Desafiante (2º-5º local),False,640.9443137254902,68.0,5.0,75.0,0.8097
29472440,COLEGIO E CURSO GAUSS,2903201,2,5,Desafiante (2º-5º local),False,658.5865306122449,98.0,4.0,299.0,0.8094
51094061,COLEGIO MAXI,5103403,3,23,Desafiante (2º-5º local),False,652.2927477477477,148.0,4.0,490.0,0.8091
29342872,COLEGIO GENESIS,2910800,5,18,Desafiante (2º-5º local),False,658.4970666666667,75.0,4.0,256.0,0.8089
35499067,INSPIRE COLEGIO,3549904,4,20,Desafiante (2º-5º local),False,666.4417021276596,47.0,4.0,222.0,0.8085
15174476,COLEGIO INTEGRADO BELEM LTDA,1501402,5,54,Desafiante (2º-5º local),False,644.6460215053764,62.0,4.0,236.0,0.8084
33147450,COLEGIO ANGLO AMERICANO,3306305,3,10,Desafiante (2º-5º local),False,647.0076923076923,13.0,5.0,96.0,0.8083
35120637,PADRE ANCHIETA COLEGIO,3534401,2,25,Desafiante (2º-5º local),False,652.4505882352942,17.0,5.0,93.0,0.8081
41127722,COLEGIO BOM JESUS ED INFANTIL ENSINO FUNDAMENTAL E MEDIO SEDE,4106902,5,44,Desafiante (2º-5º local),False,646.758753894081,214.0,5.0,767.0,0.8077
29609607,COLEGIO PERFIL,2919207,2,8,Desafiante (2º-5º local),False,641.4872340425533,94.0,5.0,287.0,0.8076
52109585,COLEGIO COPE NEXUS FILIAL,5201108,3,8,Desafiante (2º-5º local),False,692.0964285714286,28.0,3.0,104.0,0.8076
31354600,COLEGIO BATISTA MINEIRO - UNIDADE ALPHAVILLE NOVA LIMA,3144805,4,7,Desafiante (2º-5º local),False,657.9550877192983,19.0,4.0,108.0,0.8074
35439599,PARQUE ECOLOGICO INSTITUTO EDUCACIONAL,3520509,2,10,Desafiante (2º-5º local),False,675.1053333333333,60.0,3.0,217.0,0.8068
35175572,POLIEDRO COLEGIO,3549904,5,20,Desafiante (2º-5º local),True,689.8837242128122,307.0,3.0,1009.0,0.8061
31343781,COLEGIO VALE DO SAPUCAI,3152501,3,8,Desafiante (2º-5º local),False,651.6799074074074,72.0,4.0,261.0,0.806
27227189,COLEGIO DE EDUCACAO BASICA SANTA ESMERALDA,2700300,3,15,Desafiante (2º-5º local),False,645.1627272727272,66.0,5.0,189.0,0.8036
33166927,COLEGIO APROVADO,3302403,2,9,Desafiante (2º-5º local),False,671.885172413793,58.0,3.0,173.0,0.8023
31220094,COL NACIONAL,3170206,5,17,Desafiante (2º-5º local),False,656.0348370927318,133.0,4.0,333.0,0.802
35126974,OBJETIVO INTEGRADO DE MOGI DAS CRUZES COLEGIO,3530607,2,21,Desafiante (2º-5º local),False,730.297142857143,35.0,1.0,103.0,0.8016
35185619,ATOMO COLEGIO,3541406,2,9,Desafiante (2º-5º local),False,671.0804347826087,46.0,3.0,169.0,0.8012
29359287,COLEGIO PIRAMIDE,2919207,3,8,Desafiante (2º-5º local),False,644.3792592592594,27.0,5.0,121.0,0.8006
43173217,ESCOLA DE ENSINO FUNDAMENTAL E MEDIO SANTA MONICA,4314407,3,8,Desafiante (2º-5º local),False,640.275,28.0,5.0,76.0,0.8003
35113426,SAO JOSE COLEGIO,3526902,2,13,Desafiante (2º-5º local),False,649.373076923077,26.0,5.0,130.0,0.7987
31377953,COLEGIO INTEGRADO UBERABA,3170107,5,11,Desafiante (2º-5º local),False,638.1526923076924,52.0,5.0,271.0,0.7976
35579403,COLEGIO ELITECOL,3509502,3,35,Desafiante (2º-5º local),False,688.4893333333333,75.0,2.0,251.0,0.7959
42159547,CURSO E COLEGIO INTEGRAL,4208203,2,4,Desafiante (2º-5º local),False,653.6106280193236,69.0,4.0,228.0,0.7952
33439796,ANGLO AMERICANO ESCOLAS INTEGRADAS LTDA,3304201,2,7,Desafiante (2º-5º local),False,637.5083333333333,12.0,5.0,53.0,0.795
41358899,ST JAMES C - EI EF M,4113700,3,16,Desafiante (2º-5º local),False,637.5017283950617,27.0,5.0,197.0,0.7948
29433380,EPG - ESTABELECIMENTO PARTICULAR DE ENSINO LTDA,2933307,2,12,Desafiante (2º-5º local),False,647.905,20.0,4.0,99.0,0.7944
42160383,COLEGIO AZ FLORIPA,4205407,2,25,Desafiante (2º-5º local),False,710.5575,56.0,1.0,123.0,0.7941
31353990,SISTEMA EDUCACIONAL BATISTA CASTRO,3136702,3,14,Desafiante (2º-5º local),False,642.9823529411765,17.0,5.0,49.0,0.7939
33155860,COLEGIO ESPACO LIVRE,3303401,2,10,Desafiante (2º-5º local),False,657.0432000000001,25.0,3.0,111.0,0.7934
42163021,DUAL INTERNATIONAL SCHOOL,4205407,3,25,Desafiante (2º-5º local),False,657.0109090909091,11.0,3.0,53.0,0.7932
50032100,COLEGIO BIONATUS II,5002704,3,26,Desafiante (2º-5º local),False,708.8142857142857,28.0,1.0,28.0,0.793
35132780,CIDADE DE ARACATUBA COLEGIO,3502804,2,11,Desafiante (2º-5º local),False,653.0677419354838,31.0,4.0,96.0,0.7923
35111363,COTET COLEGIO TECNICO DE TAUBATE,3554102,2,14,Desafiante (2º-5º local),False,647.7792,25.0,5.0,98.0,0.7923
31180602,COLEGIO BATISTA DE VARGINHA,3170701,2,5,Desafiante (2º-5º local),False,652.9966037735849,53.0,4.0,227.0,0.792
35100419,ZETA SISTEMA DE ENSINO DE BIRIGUI,3506508,2,3,Desafiante (2º-5º local),False,647.4641379310344,29.0,4.0,104.0,0.7916
31127965,COL JESUS MARIA JOSE,3151800,3,6,Desafiante (2º-5º local),False,652.9084848484848,44.0,4.0,125.0,0.7912
33168202,CENTRO EDUCACIONAL PRE UNIVERSITARIO,3300209,2,10,Desafiante (2º-5º local),False,652.3455319148936,47.0,4.0,105.0,0.7901
35004269,COLEGIO POLIEDRO,3509502,4,35,Desafiante (2º-5º local),True,676.85985428051,183.0,3.0,635.0,0.7894
35137881,ATIBAIA COLEGIO INTEGRADO DE,3504107,2,11,Desafiante (2º-5º local),False,665.2660869565217,23.0,3.0,85.0,0.7892
24089150,OVER COLEGIO E CURSO,2408003,3,13,Desafiante (2º-5º local),False,644.5565517241379,29.0,4.0,106.0,0.7889
41063309,COL PONTAGROSSENSE-EDUC INF ENS FUND ENS MED,4119905,2,9,Desafiante (2º-5º local),False,652.0256756756756,74.0,4.0,262.0,0.7887
33120986,COOPERATIVA EDUCACIONAL ESCOLA FRIBOURG,3303401,3,10,Desafiante (2º-5º local),False,646.3161904761904,21.0,4.0,79.0,0.7882
51088835,FARINA SISTEMA DE ENSINO,5103403,4,23,Desafiante (2º-5º local),False,668.8835294117647,51.0,2.0,142.0,0.7879
35802839,ARBOS COLEGIO UNIDADE MARECHAL DEODORO,3548807,2,9,Desafiante (2º-5º local),False,675.949918699187,41.0,3.0,174.0,0.7875
41030095,PREMIER C - EI EF M,4113700,4,16,Desafiante (2º-5º local),False,641.3193220338984,59.0,5.0,189.0,0.7874
35125436,SAPIENS CURSO E COLEGIO,3548906,4,11,Desafiante (2º-5º local),False,664.6179487179487,39.0,3.0,127.0,0.7873
15172201,CENTRO EDUCACIONAL ESCREVA COM LTDA,1504208,3,8,Desafiante (2º-5º local),False,656.9227272727273,66.0,3.0,153.0,0.787
29171652,COLEGIO SANTO ANTONIO DE JESUS,2928703,2,6,Desafiante (2º-5º local),False,635.7114754098361,61.0,5.0,267.0,0.787
31358266,COLEGIO FENIX DE ENSINO FUNDAMENTAL E ENSINO MEDIO,3152501,4,8,Desafiante (2º-5º local),False,680.4727272727273,22.0,2.0,74.0,0.7864
26184834,COLEGIO MOTIVO CARUARU,2604106,2,11,Desafiante (2º-5º local),False,645.5318918918919,37.0,4.0,131.0,0.786
33188823,COLEGIO ESPACO VERDE,3306305,4,10,Desafiante (2º-5º local),False,636.6242105263158,19.0,5.0,73.0,0.7858
33032858,COLEGIO ARCOVERDE - UNIDADE MACEDO SOARES,3306305,5,10,Desafiante (2º-5º local),False,635.27125,32.0,5.0,121.0,0.7857
35004215,COESO EDUC,3549805,4,23,Desafiante (2º-5º local),False,663.5529411764705,17.0,3.0,72.0,0.785
31341550,COLEGUIUM - UNIDADE JARDIM CANADA,3144805,5,7,Desafiante (2º-5º local),False,660.7322222222223,18.0,3.0,45.0,0.7843
42000238,COLEGIO BOM JESUS CORACAO DE JESUS,4205407,4,25,Desafiante (2º-5º local),False,640.6637837837839,37.0,5.0,135.0,0.7841
50035088,COLEGIO MAESTRIA - ENEM E VESTIBULARES,5002704,4,26,Desafiante (2º-5º local),False,674.5422641509433,53.0,1.0,211.0,0.7839
50034197,COLEGIO MASTER LTDA,5002704,5,26,Desafiante (2º-5º local),False,662.5661818181818,55.0,3.0,217.0,0.7835
35144216,PARTHENON COLEGIO,3518800,4,55,Desafiante (2º-5º local),False,640.626052631579,38.0,5.0,163.0,0.7834
35450339,SANTA ROSALIA COLEGIO,3552205,2,22,Desafiante (2º-5º local),False,662.4371428571428,70.0,3.0,240.0,0.7832
42160650,CURSO E COLEGIO CRIATIVO,4205407,5,25,Desafiante (2º-5º local),False,662.3547540983607,61.0,3.0,246.0,0.7828
35125982,COLEGIO PORTO ALVORADA ENSINO FUNDAMENTAL E MEDIO,3525300,3,8,Desafiante (2º-5º local),False,640.4224390243902,41.0,5.0,102.0,0.7823
43123988,COLEGIO RIACHUELO,4316907,2,8,Desafiante (2º-5º local),False,693.5887096774194,62.0,2.0,262.0,0.781
33182108,COLEGIO E CURSO PRW,3303906,3,16,Desafiante (2º-5º local),False,691.8580952380953,42.0,1.0,148.0,0.7801
51068931,ESCOLA AVANCE,5107958,2,4,Desafiante (2º-5º local),False,648.8316666666666,24.0,4.0,77.0,0.7789
17057574,COLEGIO COC INTEGRAL,1721000,2,12,Desafiante (2º-5º local),False,670.8816666666667,12.0,1.0,14.0,0.7788
24003581,CPP - COLEGIO PRINCIPE,2408003,4,13,Desafiante (2º-5º local),False,634.9790476190476,42.0,5.0,118.0,0.7777
31281921,CECRI C EDUC CRIATIVO,3122306,5,8,Desafiante (2º-5º local),False,637.6707692307692,13.0,4.0,64.0,0.7773
35138769,ASTHER COLEGIO,3509502,5,35,Desafiante (2º-5º local),False,639.3008333333333,24.0,5.0,72.0,0.7764
35161123,RODIN COLEGIO,3520509,3,10,Desafiante (2º-5º local),False,668.1995555555555,45.0,3.0,203.0,0.7763
31379719,COLEGIO RUTHERFORD,3167202,4,11,Desafiante (2º-5º local),False,673.2072727272727,44.0,2.0,111.0,0.7762
33182094,COLEGIO E CURSO PENSI,3305802,2,8,Desafiante (2º-5º local),False,645.8411428571428,35.0,3.0,117.0,0.7757
35150435,COLEGIO APICE,3525904,2,24,Desafiante (2º-5º local),False,647.876875,32.0,4.0,125.0,0.775
33102830,EDUCANDARIO MIOSOTIS,3303401,4,10,Desafiante (2º-5º local),False,642.5907692307693,13.0,4.0,67.0,0.7742
41031105,INTERATIVA C - EI EF M,4113700,5,16,Desafiante (2º-5º local),False,647.5902564102564,13.0,4.0,50.0,0.7734
51067471,PPE - PRINA PITT ESCOLA,5107909,2,4,Desafiante (2º-5º local),False,680.8612698412699,63.0,1.0,189.0,0.7734
35136050,LEONARDO DA VINCI COLEGIO DE ENSINO FUNDAMENTAL E MEDIO,3525904,3,24,Desafiante (2º-5º local),False,707.6338138138138,111.0,1.0,314.0,0.7723
31123544,COLEGIO LEONARDO DA VINCI,3148004,2,5,Desafiante (2º-5º local),False,667.245751633987,51.0,1.0,205.0,0.7717
35809044,PARQUE ECOLOGICO INSTITUTO DE EDUCACAO,3520509,4,10,Desafiante (2º-5º local),False,647.2167741935484,62.0,4.0,231.0,0.7714
42141036,COLEGIO ENERGIA,4204202,2,6,Desafiante (2º-5º local),False,683.457094017094,78.0,2.0,235.0,0.7703
51039877,COLEGIO SALESIANO SAO GONCALO - ESCOLA DE EDUCACAO BASICA,5103403,5,23,Desafiante (2º-5º local),False,637.3743169398907,183.0,5.0,558.0,0.769
50016628,COLEGIO UNIGRAN,5003702,3,5,Desafiante (2º-5º local),False,637.2757575757577,77.0,5.0,309.0,0.7686
35373886,D INCAO INSTITUTO DE ENSINO,3506003,3,16,Desafiante (2º-5º local),False,668.5603174603175,42.0,2.0,130.0,0.7684
27218180,SEB ESCOLAS DE ALTA PERFORMANCE LTDA,2704302,5,57,Desafiante (2º-5º local),False,626.685968992248,86.0,5.0,377.0,0.7683
35165396,SANTA BARBARA COLEGIO,3507605,2,9,Desafiante (2º-5º local),False,646.1273684210527,19.0,4.0,93.0,0.7683
33151369,ESCOLA BOM JESUS MENINO JESUS,3303906,4,16,Desafiante (2º-5º local),False,644.8837209302326,43.0,4.0,135.0,0.7654
33041105,COLEGIO BOM JESUS CANARINHOS,3303906,5,16,Desafiante (2º-5º local),False,640.6337037037038,54.0,4.0,164.0,0.7652
35466153,ADV BOTUCATU UNIDADE IV COLEGIO,3507506,3,8,Desafiante (2º-5º local),False,667.0959375,64.0,2.0,205.0,0.765
11000058,CENTRO DE ENSINO CLASSE A,1100205,2,8,Desafiante (2º-5º local),False,644.6287222222222,120.0,4.0,357.0,0.7641
35140685,INTEGRAL APLICADO COLEGIO,3530706,2,8,Desafiante (2º-5º local),False,650.6031578947369,19.0,4.0,58.0,0.7638
31367710,COLEGIO SOLIDO - UNIDADE SAO JOSE,3143302,2,12,Desafiante (2º-5º local),False,644.3845679012346,54.0,4.0,118.0,0.7632
35809445,CRIARTE COLEGIO,3525904,4,24,Desafiante (2º-5º local),False,650.109152542373,59.0,4.0,207.0,0.7625
35140193,OBJETIVO COLEGIO,3554102,3,14,Desafiante (2º-5º local),False,692.9010000000001,20.0,1.0,80.0,0.7614
31370100,SISTEMA DE ENSINO FOCO,3143302,3,12,Desafiante (2º-5º local),False,665.2735802469135,54.0,2.0,236.0,0.761
35137674,COLEGIO SER UNIDADE CAMPOLIM,3552205,3,22,Desafiante (2º-5º local),False,661.3134057971015,92.0,3.0,439.0,0.7608
43215688,COLEGIO FLEMING CAXIAS DO SUL,4305108,2,8,Desafiante (2º-5º local),False,681.4221739130435,46.0,0.0,156.0,0.7604
35125659,AMERICANA INSTITUTO EDUCACIONAL DE,3501608,2,7,Desafiante (2º-5º local),False,643.9156345177665,197.0,4.0,648.0,0.7601
22141472,ESCOLA CRESCER,2207702,3,10,Desafiante (2º-5º local),False,647.0307526881721,31.0,3.0,91.0,0.7593
31324515,COLEGIO EQUIPE DE JUIZ DE FORA,3136702,4,14,Desafiante (2º-5º local),False,634.77,54.0,5.0,174.0,0.7575
35135094,BRASILIS COLEGIO,3530607,3,21,Desafiante (2º-5º local),False,648.1936,75.0,4.0,223.0,0.7565
33043086,ESC GEORGE MARCH LTDA,3305802,3,8,Desafiante (2º-5º local),False,637.3611111111111,30.0,4.0,127.0,0.7561
29178223,COLEGIO APOIO LTDA,2919207,4,8,Desafiante (2º-5º local),False,642.8469387755102,49.0,4.0,234.0,0.7558
33195552,COLEGIO APROVADO RIO DAS OSTRAS,3304524,2,14,Desafiante (2º-5º local),False,653.0204347826086,46.0,3.0,130.0,0.7557
31096270,COLEGIO PADRAO,3143302,4,12,Desafiante (2º-5º local),False,645.2081818181819,44.0,3.0,132.0,0.7548
29470153,COLEGIO SENECA,2933307,3,12,Desafiante (2º-5º local),False,647.281,70.0,3.0,225.0,0.7546
35499778,ILIMIT EDUCACIONAL,3501608,3,7,Desafiante (2º-5º local),False,652.4615384615385,39.0,3.0,194.0,0.7542
35192399,COLEGIO ACADEMIA,3525300,4,8,Desafiante (2º-5º local),False,641.956,15.0,4.0,64.0,0.7532
52054160,CENTRO EDUCACIONAL QUASAR,5218805,2,6,Desafiante (2º-5º local),False,652.2527272727273,22.0,3.0,156.0,0.7531
35108112,AUGUSTO RUSCHI COLEGIO,3518800,5,55,Desafiante (2º-5º local),False,641.8628571428571,21.0,4.0,99.0,0.7528
52098966,COLEGIO FILOSOFO LTDA,5218805,3,6,Desafiante (2º-5º local),False,652.0929032258065,31.0,3.0,127.0,0.7528
31170216,COLEGIO BERLAAR SAGRADO CORACAO JESUS,3103504,2,5,Desafiante (2º-5º local),False,641.86,14.0,4.0,86.0,0.7527
33031371,COL DOM BOSCO,3304201,3,7,Desafiante (2º-5º local),False,658.37,42.0,3.0,173.0,0.7521
52101517,COLEGIO VERSUS LTDA,5211503,2,3,Desafiante (2º-5º local),False,633.273,20.0,5.0,83.0,0.7504
31321079,COL CIDADE DE PATOS DE MINAS DE ENSINO FUNDAMENTAL E MEDIO,3148004,3,5,Desafiante (2º-5º local),False,651.1883018867925,53.0,3.0,232.0,0.7491
31118346,COL STATUS,3147907,3,4,Desafiante (2º-5º local),False,641.186875,32.0,4.0,88.0,0.749
29456096,COLEGIO IEPROL,2914802,2,6,Desafiante (2º-5º local),False,650.817037037037,27.0,3.0,83.0,0.748
28033450,ALTERNATIVO CURSO E COLEGIO,2802908,2,5,Desafiante (2º-5º local),False,668.117037037037,54.0,2.0,191.0,0.7477
35197440,COLEGIO AZ INTERNACIONAL,3507605,3,9,Desafiante (2º-5º local),False,659.1357142857142,14.0,1.0,61.0,0.7465
35153126,LITTERATUS COLEGIO,3523404,2,6,Desafiante (2º-5º local),False,650.124,35.0,3.0,123.0,0.746
35467066,NOVO ANGLO BAURU,3506003,4,16,Desafiante (2º-5º local),False,658.9160563380282,71.0,2.0,179.0,0.7457
31346314,COLEGIO IMP LTDA,3138203,2,5,Desafiante (2º-5º local),False,666.78,21.0,1.0,95.0,0.7453
12030058,ESC DE ENSINO MEDIO E TECNICO PLACIDO DE CASTRO,1200401,4,9,Desafiante (2º-5º local),False,635.9234782608695,46.0,4.0,161.0,0.7449
41063015,COLEGIO POSITIVO MASTER - EDUCACAO INFANTIL ENSINO FUNDAMENTAL E MEDIO,4119905,3,9,Desafiante (2º-5º local),False,640.3889743589743,78.0,4.0,296.0,0.7441
35113207,DIVINO SALVADOR COLEGIO,3525904,5,24,Desafiante (2º-5º local),False,640.2714492753623,46.0,4.0,140.0,0.7434
43215572,COLEGIO FLEMING PELOTAS,4314407,4,8,Desafiante (2º-5º local),False,658.2059090909091,44.0,2.0,148.0,0.7431
43176852,CENTRO TECNOLOGICO UNIVERSIDADE CAXIAS DO SUL - UNIDADE DE ENSINO DE CAXIAS DO SUL,4305108,3,8,Desafiante (2º-5º local),False,625.6244444444444,183.0,5.0,648.0,0.743
31371777,COLEGIO GABARITO,3104007,2,4,Desafiante (2º-5º local),False,648.966875,32.0,3.0,109.0,0.7429
35135148,SINGULAR COLEGIO,3547809,3,29,Desafiante (2º-5º local),False,648.8620606060606,220.0,3.0,814.0,0.7426
35165773,MULTIPLUS SCHOOL,3541406,3,9,Desafiante (2º-5º local),False,640.1169642857143,56.0,4.0,199.0,0.7423
52090388,CENTRO EDUCACIONAL IMPACTO LTDA- COLEGIO EXITO,5211909,2,3,Desafiante (2º-5º local),False,634.2524999999999,24.0,4.0,89.0,0.7423
41386329,ALDEIA DO SOL CEI EF M,4109401,2,8,Desafiante (2º-5º local),False,639.9945454545455,11.0,4.0,13.0,0.7419
35108339,SANTA MONICA COLEGIO,3530607,4,21,Desafiante (2º-5º local),False,648.7136363636364,33.0,3.0,101.0,0.7417
43037682,COLEGIO LA SALLE,4304606,2,7,Desafiante (2º-5º local),False,626.3922222222222,120.0,5.0,407.0,0.7415
26033950,COLEGIO NOSSA SENHORA AUXILIADORA,2611101,3,8,Desafiante (2º-5º local),False,626.2894358974359,130.0,5.0,420.0,0.7412
35165943,ATLANTICO DE ENSINO INSTITUTO,3538709,3,14,Desafiante (2º-5º local),False,648.4619047619047,21.0,3.0,88.0,0.7411
35439368,COLEGIO PROGRESSO BILINGUE,3520509,5,10,Desafiante (2º-5º local),False,648.3925490196078,51.0,3.0,139.0,0.7406
35007668,DELTA EDUCACIONAL,3502804,3,11,Desafiante (2º-5º local),False,668.5461538461539,39.0,0.0,189.0,0.7404
41099605,ALIANCA CEI EF M,4109401,3,8,Desafiante (2º-5º local),False,625.8157142857143,56.0,5.0,230.0,0.7388
35113724,CIDADE DE PIRACICABA COLEGIO,3538709,4,14,Desafiante (2º-5º local),False,647.8616666666667,72.0,3.0,210.0,0.7384
29486696,CENTRO EDUCACIONAL OPCAO,2933307,4,12,Desafiante (2º-5º local),False,639.0511111111111,21.0,4.0,84.0,0.7383
31184349,COLEGIO LOSANGO DE UBA,3169901,2,3,Desafiante (2º-5º local),False,653.4424875621891,67.0,3.0,231.0,0.7382
31210595,COL QUELUZ DE MINAS,3118304,3,4,Desafiante (2º-5º local),False,647.672,10.0,3.0,18.0,0.7375
15561313,CENTRO EDUCACIONAL COLEGIO MONTE CASTELO,1504208,4,8,Desafiante (2º-5º local),False,629.7657861635221,53.0,5.0,167.0,0.737
35121381,PRUDENTINA ESCOLA DE EDUCACAO BASICA,3541406,4,9,Desafiante (2º-5º local),False,647.4916384180791,59.0,3.0,198.0,0.7364
41075927,COLEGIO ANGLO AMERICANO,4108304,2,9,Desafiante (2º-5º local),False,629.4648979591836,49.0,5.0,188.0,0.736
25130676,CENTRO DE ENSINO E EDUCACAO DA BORBOREMA LDTA,2504009,2,17,Desafiante (2º-5º local),False,662.2959999999999,65.0,1.0,168.0,0.7355
51072823,LAVOISIER CENTRO DE ENSINO,5107602,2,7,Desafiante (2º-5º local),False,655.3106666666666,20.0,2.0,77.0,0.7355
35152812,JANDYRA ANTUNES ROSA PROFESSORA COLEGIO,3526902,3,13,Desafiante (2º-5º local),False,629.2565217391304,23.0,5.0,85.0,0.7349
33009783,INST DOM BOSCO,3301009,2,15,Desafiante (2º-5º local),False,624.8458823529411,17.0,5.0,72.0,0.7346
35143352,CIDADE DE ITU COLEGIO,3523909,2,8,Desafiante (2º-5º local),False,671.1563636363636,44.0,1.0,189.0,0.7344
51027909,COLEGIO LA SALLE ATEC,5107958,3,4,Desafiante (2º-5º local),False,649.14,23.0,2.0,88.0,0.7344
31354848,COLEGIO LOSANGO DE LAVRAS,3138203,3,5,Desafiante (2º-5º local),False,661.4272,25.0,2.0,66.0,0.7326
29408148,COLEGIO MATISSE,2918001,2,4,Desafiante (2º-5º local),False,644.5497959183673,49.0,3.0,145.0,0.7324
50015877,ESCOLA PRESBITERIANA ERASMO BRAGA,5003702,4,5,Desafiante (2º-5º local),False,628.7627868852459,61.0,5.0,288.0,0.7324
32083343,SEB ESCOLAS DE ALTA PERFORMANCE S A,3205200,2,17,Desafiante (2º-5º local),False,631.7739215686274,102.0,4.0,372.0,0.7323
35159013,COLEGIO OBJETIVO DE RIO CLARO,3543907,2,6,Desafiante (2º-5º local),False,628.7387301587302,63.0,5.0,238.0,0.732
33088780,CENTRO EDUCACIONAL PEREIRA ROCHA,3304904,2,27,Desafiante (2º-5º local),False,633.2328571428571,28.0,4.0,31.0,0.7318
17055962,COLEGIO PRESBITERIANO MACKENZIE PALMAS,1721000,3,12,Desafiante (2º-5º local),False,628.40125,16.0,5.0,113.0,0.7306
33199558,COLEGIO CENTRO DE ESTUDOS,3301009,3,15,Desafiante (2º-5º local),False,652.0584810126583,79.0,1.0,229.0,0.7302
35118564,CASSIANO RICARDO COLEGIO,3554102,4,14,Desafiante (2º-5º local),False,645.4371929824562,76.0,3.0,238.0,0.7302
43043666,COLEGIO LA SALLE,4305108,4,8,Desafiante (2º-5º local),False,623.9843010752688,31.0,5.0,158.0,0.7301
11049073,COLEGIO SAPIENS - UNIDADE INTENSIVO,1100205,3,8,Desafiante (2º-5º local),False,628.2610810810811,37.0,5.0,73.0,0.73
35140673,INTEGRADO DE MOGI GUACU COLEGIO,3530706,3,8,Desafiante (2º-5º local),False,659.9258974358975,26.0,1.0,104.0,0.7297
25134167,CENTRO DE ENSINO E SERVICOS PREPARATORIOS DE VESTIBULARES LTDA,2504009,3,17,Desafiante (2º-5º local),False,644.78,74.0,3.0,249.0,0.7287
35500033,CIDADE RIO PRETO COLEGIO,3549805,5,23,Desafiante (2º-5º local),False,644.7588461538461,52.0,3.0,211.0,0.7286
33120544,COLEGIO E CURSO PENSI,3301009,4,15,Desafiante (2º-5º local),False,632.2663670411985,89.0,4.0,247.0,0.7285
33196770,COLEGIO E CURSO CARVALHO BRAGA,3305802,4,8,Desafiante (2º-5º local),False,644.68,22.0,3.0,108.0,0.7282
43219616,COLEGIO FLEMING CANOAS,4304606,3,7,Desafiante (2º-5º local),False,663.0533333333333,36.0,0.0,112.0,0.7282
29149860,COLEGIO DINAMO,2900702,2,6,Desafiante (2º-5º local),False,632.1979629629631,54.0,4.0,190.0,0.7279
35126044,CURSOS PROVE ESCOLA DE ENSINO FUNDAMENTAL E MEDIO,3529005,2,8,Desafiante (2º-5º local),False,644.5392857142857,28.0,3.0,94.0,0.7271
29433002,COOPERATIVA EDUCACIONAL DE BARREIRAS,2903201,3,5,Desafiante (2º-5º local),False,631.6961904761904,14.0,4.0,57.0,0.7263
35006190,COLEGIO PROGRESSO ITU,3523909,3,8,Desafiante (2º-5º local),False,658.6659999999999,20.0,1.0,78.0,0.7262
42003903,COLEGIO ELISA ANDREOLI,4216602,2,9,Desafiante (2º-5º local),False,627.3997037037037,135.0,5.0,443.0,0.726
21182345,COLEGIO EDUCAR DOM BOSCO,2101400,2,5,Desafiante (2º-5º local),False,625.6721505376344,62.0,4.0,264.0,0.7248
41377370,COLGIO BOM JESUS MARINGA - EDUCAO INFANTIL ENSINO FUNDAMENTAL E MEDIO,4115200,2,17,Desafiante (2º-5º local),False,622.438,10.0,5.0,64.0,0.7248
22135790,ORGANIZACAO EDUCACIONAL APOIO LTDA,2207702,4,10,Desafiante (2º-5º local),False,644.0141935483871,31.0,3.0,104.0,0.7246
35125490,LICEU TERRAS DO ENGENHO EDUCACAO INFANTIL ENSINO FUNDAMENTAL E MEDIO,3538709,5,14,Desafiante (2º-5º local),False,649.31375,32.0,3.0,125.0,0.7242
24003662,COLEGIO MENINO DEUS LTDA,2408003,5,13,Desafiante (2º-5º local),False,622.2292307692308,13.0,5.0,86.0,0.7241
31361500,COLEGIO PROFESSOR ROBERTO HERBSTER GUSMAO,3167202,5,11,Desafiante (2º-5º local),False,616.9931782945736,43.0,5.0,198.0,0.7241
42015588,ESC BARAO DO RIO BRANCO,4202404,2,5,Desafiante (2º-5º local),False,626.6836815920398,67.0,5.0,371.0,0.724
26529807,COLEGIO E CURSO CP,2607901,3,21,Desafiante (2º-5º local),False,633.8665517241379,58.0,3.0,195.0,0.7233
35161861,PROGRESSAO COLEGIO,3554102,5,14,Desafiante (2º-5º local),False,669.098947368421,76.0,0.0,255.0,0.7224
35153795,ELITE REDE DE ENSINO,3525300,5,8,Desafiante (2º-5º local),False,651.6701075268818,31.0,2.0,125.0,0.7216
35466761,ESQUEMA UNICO EDUCACIONAL DE PRESIDENTE PRUDENTE,3541406,5,9,Desafiante (2º-5º local),False,634.0464516129033,31.0,4.0,110.0,0.7214
25213806,COLEGIO E CURSO PETRONIO FIGUEIREDO LTDA,2504009,4,17,Desafiante (2º-5º local),False,634.7988888888889,54.0,4.0,161.0,0.7203
23276649,COLEGIO EVOLUCAO,2307304,3,6,Desafiante (2º-5º local),False,643.8975,72.0,2.0,195.0,0.72
31371696,COLEGIO UNIVERSITARIO,3148004,4,5,Desafiante (2º-5º local),False,621.0204347826086,46.0,5.0,184.0,0.7191
42091578,COLEGIO EVANGELICO JARAGUA,4208906,2,4,Desafiante (2º-5º local),False,625.6751219512195,41.0,5.0,173.0,0.7186
35155664,CIDADE DE ATIBAIA COLEGIO,3504107,3,11,Desafiante (2º-5º local),False,663.6046666666666,30.0,1.0,108.0,0.7182
29439833,CENTRO DE EDUCACAO MARIA CELINA,2925303,2,5,Desafiante (2º-5º local),False,634.3046153846153,13.0,4.0,67.0,0.7179
35139208,ATENEU DE SAO CAETANO DO SUL COLEGIO UNIDADE III,3548807,3,9,Desafiante (2º-5º local),False,666.8223076923077,26.0,0.0,102.0,0.7169
43205542,ESCOLA DE ENSINO MEDIO CAMINHO,4305108,5,8,Desafiante (2º-5º local),False,629.102156862745,34.0,4.0,166.0,0.7157
32034377,COLEGIO CASTRO ALVES,3201308,2,5,Desafiante (2º-5º local),False,633.6989189189189,37.0,4.0,116.0,0.7152
31368520,CENTRO EDUCACIONAL EUROPA,3152501,5,8,Desafiante (2º-5º local),False,624.7514285714286,14.0,5.0,61.0,0.7151
35172625,CEI - COLEGIO DE EDUCACAO INTEGRAL,3516200,2,11,Desafiante (2º-5º local),False,649.1364705882353,17.0,2.0,64.0,0.7151
32038720,ESCOLA SANTA ADAME,3205200,3,17,Desafiante (2º-5º local),False,633.6369230769232,13.0,4.0,62.0,0.7148
21092761,COMPLEXO EDUCACIONAL DOM BOSCO,2105302,2,8,Desafiante (2º-5º local),False,614.8595897435898,65.0,5.0,183.0,0.7142
42160642,COC BLUMENAU,4202404,3,5,Desafiante (2º-5º local),False,648.8008163265306,49.0,2.0,186.0,0.7136
33031649,INSTITUTO SAO JOSE,3304201,4,7,Desafiante (2º-5º local),False,624.4893333333333,40.0,5.0,128.0,0.7131
33174881,INSTITUTO NOSSA SENHORA DA GLORIA RIO DAS OSTRAS - UNIDADE IV,3304524,3,14,Desafiante (2º-5º local),False,619.7860317460318,42.0,5.0,176.0,0.7119
52053261,INSTITUTO PRESBITERIANO SAMUEL GRAHAM,5211909,3,3,Desafiante (2º-5º local),False,632.89,26.0,4.0,102.0,0.7115
35123808,EDUCATIVA CENTRO EDUCACIONAL,3534708,2,7,Desafiante (2º-5º local),False,648.0984615384616,13.0,2.0,54.0,0.7111
33106754,COLEGIO PROFESSOR CLOVIS TAVARES PRO-UNI,3301009,5,15,Desafiante (2º-5º local),False,628.0072727272727,22.0,4.0,73.0,0.7105
43123643,COLEGIO NOSSA SENHORA DE FATIMA,4316907,3,8,Desafiante (2º-5º local),False,623.9237837837838,37.0,5.0,135.0,0.7104
35004901,COLEGIO MAGNUS AGOSTINHO,3534708,3,7,Desafiante (2º-5º local),False,640.6484210526315,19.0,3.0,69.0,0.7098
33026424,COLEGIO ARARUAMA,3300209,3,10,Desafiante (2º-5º local),False,614.1598148148148,36.0,5.0,145.0,0.7095
42116112,COLEGIO EXPONENCIAL,4204202,3,6,Desafiante (2º-5º local),False,618.888717948718,26.0,5.0,131.0,0.708
33101809,COLEGIO EME,3303500,2,30,Desafiante (2º-5º local),False,652.779012345679,54.0,1.0,262.0,0.7075
35134326,COLEGIO PORTO BRAGANCA LTDA,3507605,4,9,Desafiante (2º-5º local),False,631.6187301587302,21.0,4.0,68.0,0.707
35142682,INTERESCOLAR OBJETIVO UNIDADE GRANJA VIANA CENTRO,3513009,2,13,Desafiante (2º-5º local),False,631.4532051282051,52.0,4.0,226.0,0.7064
33089248,COL STA TEREZINHA,3304904,3,27,Desafiante (2º-5º local),False,622.3944444444445,18.0,5.0,105.0,0.7053
32097603,CEFM IN PACTO,3204906,2,4,Desafiante (2º-5º local),False,639.9769230769232,13.0,3.0,71.0,0.7051
33181713,CENTRO EDUCACIONAL MARCOS FREITAS,3301702,2,20,Desafiante (2º-5º local),False,613.5205263157894,76.0,5.0,222.0,0.705
52099490,COLEGIO LIDER,5201405,2,14,Desafiante (2º-5º local),False,631.3025287356322,29.0,4.0,95.0,0.705
33170401,COLEGIO UEDA PECANHA,3302403,3,9,Desafiante (2º-5º local),False,629.5092307692307,26.0,4.0,88.0,0.7039
35116026,RESSURREICAO NOSSA SENHORA DO CALVARIO COLEGIO,3511102,2,8,Desafiante (2º-5º local),False,630.9456349206349,42.0,4.0,149.0,0.7035
35136098,EDUCAR INSTITUTO EDUCACIONAL,3530706,4,8,Desafiante (2º-5º local),False,621.64,13.0,5.0,66.0,0.7033
35808076,COLEGIO JESUS ADOLESCENTE,3511102,3,8,Desafiante (2º-5º local),False,630.8366666666667,20.0,4.0,103.0,0.703
35587023,CENTRO EDUCACIONAL ARARAQUARA UNIDADE I,3503208,2,11,Desafiante (2º-5º local),False,660.0269230769231,26.0,0.0,26.0,0.7011
31357120,COL CHROMOS ELDORADO,3118601,2,13,Desafiante (2º-5º local),False,633.2198333333333,60.0,3.0,151.0,0.7009
35175614,INTERNACIONAL DE ALPHAVILLE ESCOLA,3505708,2,4,Desafiante (2º-5º local),False,643.0514285714286,14.0,3.0,141.0,0.7002
53020570,COL PODION ENS FUND E MEDIO,5300108,1,98,Líder local,False,743.7908333333334,184.0,5.0,517.0,0.9688
31004651,COLEGIO SANTO AGOSTINHO,3106200,1,80,Líder local,False,721.6742675159236,314.0,5.0,1070.0,0.9645
25097539,COLEGIO E CURSO EVOLUCAO,2507507,1,49,Líder local,False,701.570786516854,89.0,5.0,249.0,0.9541
23246871,ARI DE SA CAVALCANTE - MARIO MAMEDE,2304400,1,102,Líder local,False,801.290625,32.0,5.0,106.0,0.9524
27220885,COLEGIO CONTATO MACEIO,2704302,1,57,Líder local,False,695.4914649681529,157.0,5.0,496.0,0.9497
26189569,COLEGIO COGNITIVO,2611606,1,67,Líder local,False,736.5988571428571,70.0,5.0,305.0,0.9492
33062633,COL DE SAO BENTO,3304557,1,308,Líder local,False,728.5694117647059,68.0,5.0,207.0,0.9473
35805555,EMBRAER JUAREZ WANDERLEY COLEGIO,3549904,1,20,Líder local,False,715.7219607843138,153.0,5.0,475.0,0.9428
32041152,ESCOLA SAO DOMINGOS,3205309,1,15,Líder local,False,712.7585585585585,74.0,5.0,256.0,0.9411
15168344,COLEGIO EQUIPE CRISTAL,1501402,1,54,Líder local,False,686.5726315789474,57.0,5.0,203.0,0.9401
31333921,COLEGIO SANTO AGOSTINHO UNIDADE NOVA LIMA,3144805,1,7,Líder local,False,710.295303030303,88.0,5.0,351.0,0.9397
24057169,FACEX,2408102,1,44,Líder local,False,684.2877777777777,48.0,5.0,170.0,0.9372
31193097,COLEGIO SAO FRANCISCO XAVIER - CARIRU,3131307,1,7,Líder local,False,702.7575438596491,114.0,5.0,355.0,0.9359
33057206,INSTITUTO GAYLUSSAC - ENS FUNDAMENTAL E MEDIO,3303302,1,38,Líder local,False,713.3588000000001,100.0,5.0,300.0,0.9359
31014061,COLEGIO SANTO AGOSTINHO-UNIDADE CONTAGEM,3118601,1,13,Líder local,False,697.7963636363636,77.0,5.0,252.0,0.9331
15103080,GRUPO FUTURO EDUCACIONAL MARABA,1504208,1,8,Líder local,False,708.6123076923076,13.0,5.0,92.0,0.933
29480620,CENTRO EDUCACIONAL VILLA LOBOS,2905701,1,8,Líder local,False,694.376923076923,13.0,5.0,83.0,0.9286
35399197,OBJETIVO COLEGIO INTEGRADO,3550308,1,417,Líder local,False,763.9009523809524,42.0,5.0,160.0,0.9266
43173330,COL JOAO PAULO I - UNIDADE SUL,4314902,1,44,Líder local,False,697.0964705882352,34.0,5.0,163.0,0.9264
35115712,RAUL BAUAB DOUTOR FUNDACAO EDUCACIONAL COLEGIO,3525300,1,8,Líder local,False,696.8872222222221,36.0,5.0,115.0,0.9259
52103137,COLEGIO ARENA,5208707,1,59,Líder local,False,695.3573529411765,340.0,5.0,1403.0,0.9241
35142967,COLEGIO ENGENHEIRO SALVADOR ARENA,3548708,1,30,Líder local,False,688.7268421052632,190.0,5.0,620.0,0.9239
35286187,ETAPA COLEGIO,3556206,1,4,Líder local,False,734.5669230769231,130.0,5.0,416.0,0.9237
31354562,COLEGIO GABARITO,3170107,1,11,Líder local,False,733.8154838709677,31.0,5.0,283.0,0.9235
22146636,BRIGHT SCHOOL,2211001,1,44,Líder local,False,711.664,10.0,5.0,87.0,0.921
24281301,COLEGIO SALESIANO DOM BOSCO,2403251,1,13,Líder local,False,670.1100262467191,127.0,5.0,452.0,0.9181
31041181,ESCOLA TECNICA DE DIVINOPOLIS-INTEGRAL,3122306,1,8,Líder local,False,684.0209677419356,62.0,5.0,214.0,0.9179
52020517,COLEGIO GALILEU,5201108,1,8,Líder local,False,710.7981609195402,58.0,5.0,211.0,0.9155
31339989,INSTITUTO EDUCACIONAL MARGARIDA REZENDE,3118304,1,4,Líder local,False,700.5133333333334,15.0,5.0,54.0,0.9148
50032895,COLEGIO UNIGRAN - UNIDADE II,5003702,1,5,Líder local,False,708.71,16.0,5.0,16.0,0.914
29422272,CENTRO EDUCACIONAL VILLA LOBOS,2927408,1,74,Líder local,False,696.9911538461539,52.0,5.0,195.0,0.912
41148142,COLEGIO DO BOSQUE MANANCIAIS,4106902,1,44,Líder local,False,703.096,20.0,5.0,80.0,0.9111
21010331,COLEGIO DOM BOSCO LTDA,2111300,1,43,Líder local,False,666.5224836601308,51.0,5.0,216.0,0.9102
35449003,FAAP RIBEIRAO PRETO COLEGIO,3543402,1,30,Líder local,False,701.7197027600849,157.0,5.0,484.0,0.9102
28032322,CENTRO DE EXCELENCIA MASTER,2800308,1,40,Líder local,False,697.7100694444445,192.0,5.0,691.0,0.908
43216471,UNIDADE DE ENSINO COLEGIO SINODAL PRADO GRAVATAI,4309209,1,3,Líder local,False,677.8218181818182,11.0,5.0,64.0,0.9041
43175317,SOCIEDADE EDUCACIONAL MARIO QUINTANA LTDA,4314407,1,8,Líder local,False,677.7008108108108,74.0,5.0,213.0,0.9037
35173186,LICEU JARDIM,3547809,1,29,Líder local,False,717.7644827586207,174.0,5.0,596.0,0.8995
31184331,COLEGIO SAGRADO CORACAO DE MARIA,3169901,1,3,Líder local,False,689.2266666666666,24.0,5.0,89.0,0.8991
35112513,PROGRESSO CAMPINEIRO COLEGIO,3509502,1,35,Líder local,False,685.6673333333333,30.0,5.0,126.0,0.8944
22014543,COLEGIO NOSSA SENHORA DAS GRACAS,2207702,1,10,Líder local,False,667.5824,50.0,5.0,201.0,0.8938
29530210,SARTRE ESCOLA SEB - MONET,2919207,1,8,Líder local,False,684.7009248554913,173.0,5.0,680.0,0.8933
35113852,LUIZ DE QUEIROZ COLEGIO,3538709,1,14,Líder local,False,680.6035842293907,93.0,5.0,376.0,0.8891
35135288,COLEGIO ANGLO LEONARDO DA VINCI,3534401,1,25,Líder local,False,679.0827586206897,29.0,5.0,140.0,0.8878
32036671,ESCOLA MULTIPLA,3205002,1,7,Líder local,False,678.7405263157895,38.0,5.0,168.0,0.8869
33025673,PENSI CASULO RIO DAS OSTRAS,3304524,1,14,Líder local,False,657.0870042194093,79.0,5.0,222.0,0.8868
32038178,CENTRO DE ENSINO CHARLES DARWIN,3205200,1,17,Líder local,False,695.2004964539007,94.0,5.0,330.0,0.8849
35109708,CARMO COLEGIO,3548500,1,26,Líder local,False,666.3104402515722,53.0,5.0,166.0,0.8848
13099981,CENTRO EDUCACIONAL LATO SENSU III,1302603,1,38,Líder local,False,686.99,38.0,4.0,172.0,0.8841
12028835,COLEGIO LATO SENSU,1200401,1,9,Líder local,False,672.3068421052632,38.0,4.0,144.0,0.8837
31105899,COLEGIO COMERCIAL ITABIRANO,3131703,1,5,Líder local,False,676.6232558139535,43.0,5.0,165.0,0.8827
31018864,CENTRO DE EDUCACAO ANGHER,3105608,1,3,Líder local,False,661.0516666666666,12.0,5.0,58.0,0.8789
29714630,CENTRO EDUCACIONAL MUNDAI,2925303,1,5,Líder local,False,680.9058333333334,24.0,4.0,90.0,0.877
31166103,COLEGIO SAO DOMINGOS,3104007,1,4,Líder local,False,671.9457142857143,28.0,5.0,159.0,0.8767
31293687,COLEGIO MARISTA - VARGINHA,3170701,1,5,Líder local,False,678.2270531400966,69.0,4.0,210.0,0.8731
51036215,COLEGIO NOTRE DAME DE LOURDES,5103403,1,23,Líder local,False,669.5498305084747,59.0,5.0,343.0,0.8727
35133115,COLEGIO PARTHENON BOM CLIMA,3518800,1,55,Líder local,False,683.0055384615384,65.0,5.0,197.0,0.872
17056446,COLEGIO OLIMPO PALMAS INTEGRAL,1721000,1,12,Líder local,False,699.0537634408603,62.0,4.0,309.0,0.8711
31334049,COLEGIO CAETANO,3167202,1,11,Líder local,False,676.3439999999999,15.0,4.0,65.0,0.8697
35121307,COLEGIO ANGLO CIDADE DE SAO CARLOS - UNIDADE I,3548906,1,11,Líder local,False,667.7554838709677,31.0,5.0,138.0,0.8693
31354910,CENTRO EDUCACIONAL CAVE,3136702,1,14,Líder local,False,690.7852100840337,119.0,4.0,326.0,0.8684
31128058,INSTITUTO EDUCACIONAL SAO JOAO DA ESCOCIA,3151800,1,6,Líder local,False,657.0000865800866,77.0,5.0,298.0,0.8671
35480617,EMBRAER COLEGIO CASIMIRO MONTENEGRO FILHO,3507506,1,8,Líder local,False,674.4296202531646,79.0,4.0,241.0,0.8671
35143613,CENTRO EDUCACIONAL INTERATIVO CATANDUVA,3511102,1,8,Líder local,False,656.6426666666666,15.0,5.0,115.0,0.8663
25133519,COLEGIO MOTIVA LTDA - MOTIVA CENTRO,2504009,1,17,Líder local,False,693.1370562770562,154.0,4.0,526.0,0.8651
35144502,ANGLO CEZANNE COLEGIO,3501608,1,7,Líder local,False,650.4125925925925,27.0,5.0,106.0,0.8644
41151844,SANTO ANGELO E - EI EF,4119905,1,9,Líder local,False,663.2397530864197,27.0,5.0,128.0,0.8638
29342880,COLEGIO HELYOS,2910800,1,18,Líder local,False,715.7744444444445,36.0,3.0,113.0,0.8631
42016142,COLEGIO BOM JESUS SANTO ANTONIO,4202404,1,5,Líder local,False,665.0074380165289,121.0,5.0,456.0,0.8625
33092346,COLEGIO SANTA MARIA,3305109,1,10,Líder local,False,649.3356756756757,37.0,5.0,143.0,0.8624
35172959,DIVINO SALVADOR COLEGIO ITU,3523909,1,8,Líder local,False,655.1454838709678,62.0,5.0,220.0,0.8614
31328294,COLEGIO UNIVERSITARIO PROFESSOR CANISIO IGNACIO LUNKES,3138203,1,5,Líder local,False,664.5039215686274,51.0,5.0,146.0,0.8611
26175240,EVOLUCAO CENTRO EDUCACIONAL LTDA,2607901,1,21,Líder local,False,656.5963157894737,38.0,5.0,154.0,0.8604
35006599,COLEGIO CHAMINADE,3506003,1,16,Líder local,False,663.8420000000001,30.0,5.0,122.0,0.8598
33163863,GARRA VESTIBULARES ASS EDUCACIONAL LTDA - UNID 2,3306305,1,10,Líder local,False,686.4022857142858,35.0,4.0,126.0,0.858
41033310,COLEGIO UNIVERSITARIO,4113700,1,16,Líder local,False,648.1809282700422,158.0,5.0,444.0,0.8578
29489504,COLEGIO UNIVERSITARIO,2931350,1,4,Líder local,False,660.08875,16.0,4.0,45.0,0.8577
31239666,COLEGIO NACIONAL DO ENSINO MEDIO DE ARAGUARI,3103504,1,5,Líder local,False,660.6258064516129,31.0,5.0,107.0,0.8527
41150392,COLEGIO PASSO CERTO GROWING BILINGUE - EDUCACAO INFANTIL ENSINO FUNDAMENTAL E MEDIO,4104808,1,9,Líder local,False,681.0891666666666,16.0,4.0,84.0,0.8524
24001260,COLEGIO DIOCESANO SANTA LUZIA,2408003,1,13,Líder local,False,653.5821052631579,133.0,5.0,383.0,0.8516
29149908,COLEGIO STAR,2900702,1,6,Líder local,False,667.5018666666666,25.0,4.0,95.0,0.8502
23165952,PARAISO SS LTDA COLEGIO,2307304,1,6,Líder local,False,659.1854700854701,117.0,5.0,488.0,0.8491
35117195,BRAGA MELLO COLEGIO,3541406,1,9,Líder local,False,678.3592,25.0,4.0,107.0,0.8489
31294900,COL DEL REY,3147907,1,4,Líder local,False,658.864705882353,17.0,5.0,48.0,0.848
42203600,COLEGIO TRILINGUE INOVACAO,4204202,1,6,Líder local,False,644.9559999999999,10.0,5.0,39.0,0.8475
29542618,COLEGIO OFICINA DE VITORIA DA CONQUISTA,2933307,1,12,Líder local,False,666.3801980198019,101.0,4.0,347.0,0.8473
35123675,PRUDENTE DE MORAES COLEGIO,3545209,1,3,Líder local,False,658.5576190476191,42.0,5.0,150.0,0.8467
33145237,COLEGIO SAO JOAO BATISTA NOVA FRIBURGO,3303401,1,10,Líder local,False,721.1525,32.0,3.0,92.0,0.8459
33040516,COLEGIO IPIRANGA,3303906,1,16,Líder local,False,720.4641379310344,29.0,3.0,97.0,0.8458
15066886,E PART E I F M INST NSRA DOS ANJOS,1500107,1,4,Líder local,False,651.8005714285714,35.0,5.0,117.0,0.8442
50027956,COLEGIO HARMONIA - UNIDADE I,5002704,1,26,Líder local,False,676.1925974025975,77.0,4.0,286.0,0.8442
31260541,COLLEGIUM PRISMA,3143302,1,12,Líder local,False,649.4775418994413,179.0,5.0,509.0,0.8436
35153163,PENTAGONO COLEGIO UNIDADE ALPHAVILLE,3547304,1,5,Líder local,False,665.1560975609757,41.0,5.0,152.0,0.8431
35188712,VEM SER COLEGIO,3549805,1,23,Líder local,False,656.7729411764706,17.0,5.0,82.0,0.8416
35813000,COLEGIO RENOVACAO ANGLO INDAIATUBA,3520509,1,10,Líder local,False,656.4562025316455,79.0,5.0,299.0,0.8409
27235009,COLEGIO DE EDUCACAO BASICA SANTA AFRA,2700300,1,15,Líder local,False,648.6587499999999,48.0,5.0,181.0,0.8405
35141434,ESCOLA SEB THATHI,3502804,1,11,Líder local,False,656.1348484848485,66.0,5.0,255.0,0.84
42091403,COLEGIO BOM JESUS DIVINA PROVIDENCIA,4208906,1,4,Líder local,False,672.49,48.0,4.0,256.0,0.8398
35114078,KOELLE COLEGIO,3543907,1,6,Líder local,False,662.6550537634408,62.0,4.0,224.0,0.8393
15528715,SOC DE EDUC INTEG HUMANA DO BRASIL,1506807,1,3,Líder local,False,662.45,30.0,4.0,70.0,0.839
26053837,COLEGIO DIOCESANO DE CARUARU,2604106,1,11,Líder local,False,649.573076923077,104.0,5.0,376.0,0.8382
31352195,COLEGIO GABARITO,3170206,1,17,Líder local,False,659.5858947368422,285.0,4.0,870.0,0.8376
31327026,CENTRO EDUCACIONAL RENOVACAO,3152501,1,8,Líder local,False,685.6841025641025,39.0,4.0,122.0,0.8371
35150022,MONTEIRO LOBATO COLEGIO,3530706,1,8,Líder local,False,682.88,18.0,4.0,75.0,0.8342
33156913,COOPERATIVA DE TRABALHO EDUCACIONAL CESAR ALMEIDA,3300100,1,11,Líder local,False,697.4046153846155,13.0,3.0,42.0,0.8336
35154775,ESCOLA VILLARE,3548807,1,9,Líder local,False,697.3816949152543,59.0,3.0,200.0,0.8334
52053121,COLEGIO DINAMICO,5211909,1,3,Líder local,False,646.450925925926,36.0,5.0,163.0,0.832
33139881,COLEGIO ATLANTICO MACAE,3302403,1,9,Líder local,False,676.8360975609755,41.0,3.0,178.0,0.8281
42164702,COC ITAJAI,4208203,1,4,Líder local,False,662.138947368421,19.0,3.0,114.0,0.8265
26033909,PLENUS COLEGIO E CURSO,2611101,1,8,Líder local,False,676.3259895833334,128.0,2.0,431.0,0.8238
29353556,ESCOLA MONTEIRO LOBATO SC LTDA,2903201,1,5,Líder local,False,651.4105263157895,19.0,5.0,67.0,0.8236
42028990,COLEGIO BOM JESUS DIOCESANO,4209300,1,4,Líder local,False,650.9183333333333,40.0,5.0,165.0,0.8225
31123536,COLEGIO NOSSA SENHORA DAS GRACAS,3148004,1,5,Líder local,False,650.7261728395061,27.0,5.0,118.0,0.8216
21500002,COLEGIO DOM BOSCO BALSAS,2101400,1,5,Líder local,False,660.349268292683,41.0,4.0,196.0,0.8193
52059383,COLEGIO ZENITE,5211503,1,3,Líder local,False,662.1175000000001,16.0,4.0,82.0,0.8187
51028646,INST PRESBITERIANO EDUCACAO SIMONTON,5107958,1,4,Líder local,False,661.8644444444444,27.0,4.0,120.0,0.8184
28031563,COLEGIO MAGNUS,2802908,1,5,Líder local,False,660.2406779661017,59.0,4.0,284.0,0.814
35430146,MAPLE BEAR CANADIAN SCHOOL MOGI DAS CRUZES,3530607,1,21,Líder local,False,677.904,10.0,3.0,67.0,0.8112
29480310,CENTRO EDUCACIONAL PLATAFORMA LTDA,2928703,1,6,Líder local,False,659.1446296296295,36.0,4.0,112.0,0.8111
35144034,GIBRAN KHALIL GIBRAN COLEGIO,3552809,1,11,Líder local,False,667.4784999999999,40.0,4.0,161.0,0.8111
31378496,COLEGIO GENOMA II,3168606,1,4,Líder local,False,679.6507575757576,44.0,2.0,111.0,0.8108
43216870,COLEGIO TOTEM SANTA MARIA,4316907,1,8,Líder local,False,666.1971428571428,21.0,3.0,83.0,0.8103
35388786,LICEU PORTINARI DE ENSINO MEDIO,3526902,1,13,Líder local,False,646.8820202020202,33.0,5.0,128.0,0.8079
43210643,COLEGIO GABARITO CANOAS,4304606,1,7,Líder local,False,644.3430894308943,41.0,4.0,124.0,0.8069
35141392,DRUMMOND COLEGIO,3534708,1,7,Líder local,False,700.1191666666667,24.0,2.0,65.0,0.8066
33031410,COL STA ANGELA,3304201,1,7,Líder local,False,641.1260759493671,79.0,5.0,320.0,0.805
52054241,COLEGIO COOPEN,5218805,1,6,Líder local,False,640.9538888888889,24.0,5.0,188.0,0.8041
35286527,PROGRESSAO COLEGIO,3538006,1,5,Líder local,False,672.6621052631579,19.0,3.0,84.0,0.8037
35140995,OBJETIVO JUNIOR COLEGIO,3554102,1,14,Líder local,False,696.3199999999999,31.0,2.0,102.0,0.8037
21272921,INST EDUCACIONAL SUL MARANHENSE COC,2105302,1,8,Líder local,False,643.4172,25.0,4.0,90.0,0.8022
35139646,COLEGIO RIO BRANCO - UNIDADE GRANJA VIANNA,3513009,1,13,Líder local,False,639.6533333333333,70.0,5.0,238.0,0.7969
33195463,COLEGIO SANT ANNA SEGMENTOS FINAIS LTDA,3300209,1,10,Líder local,False,643.8442424242425,33.0,5.0,106.0,0.7968
42133114,COLEGIO DA LAGOA,4205407,1,25,Líder local,False,643.13,16.0,5.0,61.0,0.7946
35123419,COOPERATIVA DE ENSINO DE BIRIGUI,3506508,1,3,Líder local,False,672.5045454545455,22.0,2.0,91.0,0.7943
33027404,ESCOLA CANTO DOS PASSAROS,3300704,1,11,Líder local,False,647.8538666666667,50.0,4.0,158.0,0.7938
43043674,COLEGIO LA SALLE - CARMO,4305108,1,8,Líder local,False,638.4648648648649,37.0,5.0,323.0,0.7929
35112318,SAO JOSE EXTERNATO,3504107,1,11,Líder local,False,642.082,30.0,5.0,136.0,0.7915
35141586,UIRAPURU COLEGIO,3552205,1,22,Líder local,False,666.151875,96.0,3.0,407.0,0.791
35010473,MAPLE BEAR JUNDIAI,3525904,1,24,Líder local,False,665.99,10.0,3.0,46.0,0.7904
33042560,COL NS DO CARMO,3305802,1,8,Líder local,False,641.4559999999999,10.0,5.0,55.0,0.7883
42121191,COLEGIO POSITIVO JOINVILLE,4209102,1,8,Líder local,False,651.8408602150537,155.0,4.0,497.0,0.7878
51016443,COLEGIO AVANCADO DE DESENVOLVIMENTO EDUCACIONAL,5107909,1,4,Líder local,False,657.8776190476191,42.0,4.0,121.0,0.7871
33089825,COLEGIO SANTA MONICA - SAO GONCALO,3304904,1,27,Líder local,False,653.5526530612245,49.0,3.0,180.0,0.7832
33008221,CENTRO EDUCACIONAL NOSSA SENHORA AUXILIADORA,3301009,1,15,Líder local,False,630.000248447205,161.0,5.0,634.0,0.7821
42108764,COLEGIO DOM JAIME CAMARA,4216602,1,9,Líder local,False,649.9607547169811,53.0,4.0,175.0,0.7821
25164805,FERA COLEGIO E CURSO,2510808,1,5,Líder local,False,635.781090909091,55.0,5.0,233.0,0.7816
32018134,ESCOLA ALTERNATIVA LAGO DOS CISNES,3204906,1,4,Líder local,False,635.7764705882353,51.0,5.0,175.0,0.7814
51014459,CENTRO EDUCACIONAL VINICIUS DE MORAES,5107925,1,4,Líder local,False,655.0742105263158,38.0,3.0,158.0,0.7814
42160073,COLEGIO FORMULA,4211900,1,7,Líder local,False,660.5664285714286,28.0,3.0,90.0,0.7782
21267324,COLEGIO GLAUCIA COSTA,2112209,1,4,Líder local,False,643.48375,16.0,4.0,52.0,0.7774
43112790,COLEGIO BOM JESUS JOANA D ARC,4315602,1,6,Líder local,False,639.5634782608695,23.0,5.0,99.0,0.7774
35113086,NEXT COLEGIO,3523404,1,6,Líder local,False,671.4263636363637,22.0,2.0,91.0,0.7731
42006694,COLEGIO DEHON,4218707,1,4,Líder local,False,637.9005970149253,134.0,5.0,524.0,0.7717
11043857,COLEGIO CLASSE A,1100205,1,8,Líder local,False,637.865,48.0,5.0,122.0,0.7715
35304414,PLUS COLEGIO,3505500,1,6,Líder local,False,666.0182857142858,35.0,3.0,135.0,0.7708
29467950,DOM JEQUIE,2918001,1,4,Líder local,False,637.4416666666667,12.0,5.0,82.0,0.7697
35125222,CIDADE DE BRAGANCA PTA COLEGIO,3507605,1,9,Líder local,False,681.8616000000001,25.0,2.0,122.0,0.7684
35195005,COLEGIO ANGLO LEONARDO DA VINCI,3505708,1,4,Líder local,False,681.1665060240964,83.0,2.0,255.0,0.7681
41158709,LOBO MED C - EM,4109401,1,8,Líder local,False,641.1830107526881,31.0,5.0,95.0,0.7666
33058164,CENTRO EDUCACIONAL LOGOS,3303500,1,30,Líder local,False,656.1336666666667,20.0,3.0,78.0,0.7657
15173437,COLEGUIUM - UNIDADE INTERNACIONAL CARAJAS,1505536,1,4,Líder local,False,632.1625925925925,54.0,5.0,172.0,0.7654
35117547,CRIATIVO COLEGIO,3529005,1,8,Líder local,False,678.3079601990049,67.0,1.0,233.0,0.7652
35301279,COLEGIO ANGLO LEONARDO DA VINCI,3510609,1,6,Líder local,False,678.263,40.0,2.0,116.0,0.7637
51069431,COLEGIO LEIBNIZ,5107602,1,7,Líder local,False,631.4117117117117,37.0,5.0,125.0,0.7625
26186896,PAIVA EDUCACIONAL SA,2602902,1,4,Líder local,False,631.0419354838709,31.0,5.0,74.0,0.7608
41135946,COLEGIO SUICOBRASILEIRO DE CURITIBA,4119152,1,3,Líder local,False,643.972,25.0,4.0,117.0,0.7608
52107990,COLEGIO OBJETIVO VALPARAISO,5221858,1,8,Líder local,False,634.9733333333332,12.0,5.0,75.0,0.7582
41123832,COLEGIO BOM JESUS SAO VICENTE,4101804,1,4,Líder local,False,634.8401709401709,39.0,5.0,124.0,0.7581
29304407,COLEGIO GALILEU,2914802,1,6,Líder local,False,634.7972649572649,117.0,5.0,361.0,0.7577
33190160,COLEGIO SILVA SERPA,3305208,1,5,Líder local,False,643.143448275862,29.0,4.0,103.0,0.7574
50032950,ANGLO TRES LAGOAS,5008305,1,4,Líder local,False,659.2714285714286,21.0,3.0,72.0,0.7557
41407423,COLEGIO BERTONI - ENSINO FUNDAMENTAL E MEDIO,4108304,1,9,Líder local,False,642.0170114942529,87.0,4.0,291.0,0.7536
35150642,IDEAL COLEGIO,3545803,1,3,Líder local,False,638.045625,32.0,5.0,105.0,0.7524
16003128,ESCOLA CONEXAO AQUARELA,1600303,1,14,Líder local,False,631.3671834625324,129.0,4.0,374.0,0.7494
29427924,ESCOLA MONTEIRO LOBATO -UNIDADE 2,2919553,1,3,Líder local,False,626.7527272727273,22.0,5.0,75.0,0.7435
35445848,CONEXAO COLEGIO,3503208,1,11,Líder local,False,665.0020512820513,91.0,2.0,288.0,0.74
32076363,COLEGIO LUSIADAS,3201308,1,5,Líder local,False,630.4070833333334,48.0,5.0,209.0,0.7395
41138430,BOM JESUS SAO JOSE DOS PINHAIS COL EDUC INFANTIL ENSINO FUNDAMENTAL E MEDIO,4125506,1,6,Líder local,False,639.4002150537634,62.0,4.0,235.0,0.7394
33098980,CENTRO EDUCACIONAL SANMARTIN PEREZ,3301900,1,9,Líder local,False,642.5017204301075,31.0,3.0,82.0,0.7375
26095882,INSTITUTO SANTO INACIO DE LOIOLA,2616407,1,6,Líder local,False,642.1723999999999,50.0,3.0,164.0,0.7371
35258143,NOVO COLEGIO SISTEMA DE ENSINO DE FRANCA LTDA,3516200,1,11,Líder local,False,678.900895522388,67.0,0.0,241.0,0.7371
52094111,COLEGIO DELOS LTDA,5201405,1,14,Líder local,False,624.5886486486486,74.0,5.0,281.0,0.7332
41024397,PRO C-EM,4115200,1,17,Líder local,False,646.1441025641026,65.0,3.0,372.0,0.732
35801793,ANGLO ALANTE ARARAS 2,3503307,1,4,Líder local,False,667.910925925926,36.0,1.0,109.0,0.7288
42153824,COC BALNEARIO CAMBORIU COLEGIO CARVALHO,4202008,1,5,Líder local,False,650.8435078534031,191.0,3.0,247.0,0.7284
15177017,COLEGIO EQUIPE ANANINDEUA,1500800,1,21,Líder local,False,639.1128395061728,81.0,3.0,241.0,0.7269
41382161,ALFA DE UMUARAMA CENTRO C E M,4128104,1,6,Líder local,False,627.0575308641975,135.0,5.0,448.0,0.7249
35158616,ANGLO SISTEMA DE ENSINO,3554003,1,5,Líder local,False,650.9325714285715,35.0,2.0,143.0,0.7202
35165049,PAULO FREIRE COLEGIO,3536505,1,5,Líder local,False,625.8215094339623,53.0,5.0,257.0,0.7198
32053070,ESCOLA GUIMARAES ROSA LTDA,3201209,1,4,Líder local,False,648.0871900826446,121.0,1.0,396.0,0.7171
29354900,INSTITUTO ASSOCIADOS SABER E CULTURA,2910727,1,3,Líder local,False,629.2221052631579,38.0,4.0,147.0,0.7163
35151798,UNISUZ COLEGIO,3552502,1,10,Líder local,False,647.2434782608696,46.0,3.0,173.0,0.7155
14000814,CENTRO DE EDUCACAO INTEGRADA COLMEIA LTDA,1400100,1,4,Líder local,False,641.4032142857143,28.0,3.0,93.0,0.7136
52103994,COLEGIO SELECTUS LTDA,5200258,1,5,Líder local,False,641.2615384615384,13.0,3.0,61.0,0.7131
26142716,COLEGIO DOM,2609600,1,12,Líder local,False,627.0887234042552,94.0,4.0,287.0,0.7124
32076223,CENTRO DE ENSINO LINHARENSE DARWIN,3203205,1,3,Líder local,False,624.0053333333333,15.0,5.0,74.0,0.7111
21268894,COLEGIO O BOM PASTOR JUNIOR,2111201,1,4,Líder local,False,626.5336559139786,62.0,4.0,273.0,0.711
33115478,SANTA MONICA REDE DE ENSINO MARICA,3302700,1,9,Líder local,False,626.1359375,64.0,4.0,262.0,0.7084
33101612,CENTRO DE FORMACAO NOGUEIRA MINEIRO,3301702,1,20,Líder local,False,632.09,70.0,4.0,271.0,0.7083
26179199,COLEGIO E CURSO MENINO JESUS,2610707,1,14,Líder local,False,612.3464082687339,129.0,5.0,480.0,0.7065
35805048,ATHENEU COLEGIO,3523107,1,5,Líder local,False,639.9789743589744,39.0,3.0,137.0,0.7053
33061670,CENTRO EDUCACIONAL MANUEL PEREIRA,3304144,1,5,Líder local,False,643.9544444444444,36.0,3.0,141.0,0.7044
35005199,ESCOLA STAGIUM,3513801,1,13,Líder local,False,630.1602777777778,24.0,4.0,76.0,0.701
21089981,ESC CRISTA EBENEZER,2100055,1,3,Líder local,False,621.121,20.0,5.0,83.0,0.7009
15175448,SISTEMA DE ENSINO EQUIPE PARAGOMINAS LTDA,1505502,1,3,Líder local,False,616.0165517241379,29.0,5.0,108.0,0.7004
33062609,COLEGIO CRUZEIRO-CENTRO,3304557,6,308,Outras posições,False,703.9823717948718,104.0,5.0,333.0,0.9366
33078866,ASSOCIACAO EDUCACIONAL GARRIGA DE MENEZES,3304557,7,308,Outras posições,False,703.2114285714285,21.0,5.0,58.0,0.9362
33160830,COLEGIO MARISTA SAO JOSE BARRA,3304557,8,308,Outras posições,False,677.7646153846154,39.0,5.0,161.0,0.9288
33063419,COL FRANCO BRASILEIRO,3304557,9,308,Outras posições,False,689.4951351351352,111.0,5.0,357.0,0.9246
23498994,COLEGIO CHRISTUS UNIDADE PARQUELANDIA,2304400,6,102,Outras posições,False,687.9032432432432,37.0,5.0,139.0,0.9226
33077029,COL BAHIENSE LTDA,3304557,10,308,Outras posições,False,693.0666666666666,39.0,5.0,94.0,0.9217
33176825,COLEGIO SANTO AGOSTINHO - UNIDADE INSTITUTO CULTURAL SANTO AGOSTINHO,3304557,11,308,Outras posições,False,713.0410055865922,179.0,5.0,599.0,0.9217
33075425,COL PENTAGONO,3304557,12,308,Outras posições,False,691.6850000000001,68.0,5.0,232.0,0.9202
23246847,FARIAS BRITO COLEGIO DE APLICACAO,2304400,7,102,Outras posições,False,793.3013333333333,30.0,4.0,116.0,0.9146
23246880,CHRISTUS COLEGIO PRE UNIVERSITARIO,2304400,8,102,Outras posições,False,779.3317647058823,34.0,4.0,127.0,0.9145
23235543,ARI DE SA CAVALCANTE - MAJOR FACUNDO,2304400,9,102,Outras posições,False,765.7316129032258,31.0,4.0,106.0,0.9141
23272333,FARIAS BRITO COLEGIO PRE-VESTIBULAR CENTRAL,2304400,10,102,Outras posições,False,750.8066666666666,33.0,4.0,210.0,0.913
23077557,COLEGIO 7 DE SETEMBRO,2304400,11,102,Outras posições,False,705.613156342183,113.0,5.0,406.0,0.9126
31005975,INSTITUTO CORACAO DE JESUS,3106200,6,80,Outras posições,False,678.9444444444445,27.0,5.0,84.0,0.9124
23069864,ARI DE SA CAVALCANTE - DUQUE DE CAXIAS,2304400,12,102,Outras posições,False,676.8806629834254,181.0,5.0,416.0,0.9084
23076208,PROVECTO COLEGIO,2304400,13,102,Outras posições,False,722.0957142857143,14.0,4.0,48.0,0.9081
26197405,COLEGIO EXIMIUS,2611606,6,67,Outras posições,False,688.2833333333334,42.0,5.0,141.0,0.9031
31004138,COLEGIO ARNALDO - UNIDADE ANCHIETA,3106200,7,80,Outras posições,False,671.7014285714286,14.0,5.0,44.0,0.9009
31004731,COLEGIO MAGNUM AGOSTINIANO,3106200,8,80,Outras posições,False,707.41625,160.0,4.0,470.0,0.9004
23462442,COLEGIO CHRISTUS UNIDADE SUL,2304400,14,102,Outras posições,False,670.7715555555556,45.0,5.0,241.0,0.8997
31007111,COLEGIO SAGRADO CORACAO DE JESUS,3106200,9,80,Outras posições,False,670.2414814814815,54.0,5.0,206.0,0.8991
33188092,COLEGIO ALFA CEM BILINGUE,3304557,13,308,Outras posições,False,715.3464,25.0,5.0,136.0,0.8979
33064040,ESCOLA ISRAELITA BRASILEIRA ELIEZER STEINBARG MAX NORDAU,3304557,14,308,Outras posições,False,687.1416666666668,24.0,5.0,58.0,0.8969
31294110,COLEGIO BURITIS AGOSTINIANO,3106200,10,80,Outras posições,False,669.0050666666667,25.0,5.0,90.0,0.8967
23275936,COLEGIO SHALOM,2304400,15,102,Outras posições,False,660.6063157894737,19.0,5.0,80.0,0.8966
33142726,COL ISRAELITA BRAS A LIESSIN SCHOLEM ALEICHEM,3304557,15,308,Outras posições,False,668.5491999999999,50.0,5.0,162.0,0.8957
33104247,INSTITUTO NOSSA SENHORA DA PIEDADE II,3304557,16,308,Outras posições,False,667.6236363636364,44.0,5.0,265.0,0.894
22027173,COLEGIO PROCAMPUS,2211001,6,44,Outras posições,False,728.4292307692308,13.0,4.0,103.0,0.8895
33184739,COLEGIO ALFA CEM BILINGUE,3304557,17,308,Outras posições,False,759.3114285714286,14.0,4.0,180.0,0.8886
33087539,ESCOLA SUICO-BRASILEIRA RIO DE JANEIRO BY SWISS INTERNATIONAL SCHOOLS,3304557,18,308,Outras posições,False,665.25,20.0,5.0,88.0,0.888
33065837,ESCOLA PARQUE,3304557,19,308,Outras posições,False,690.2979746835443,79.0,4.0,307.0,0.8877
29182344,COLEGIO INTEGRAL,2927408,6,74,Outras posições,False,675.2497959183673,98.0,4.0,344.0,0.8875
22142622,GRUPO EDUCACIONAL CEV - UNIDADE KENNEDY,2211001,7,44,Outras posições,False,664.868064516129,62.0,5.0,283.0,0.8869
26194236,COLEGIO SABER VIVER - UNIDADE III,2611606,7,67,Outras posições,False,694.746923076923,26.0,4.0,147.0,0.8859
23236051,MASTER COLEGIO,2304400,16,102,Outras posições,False,664.3947899159664,119.0,5.0,362.0,0.8856
35107190,NOSSA SENHORA DO ROSARIO COLEGIO,3550308,6,417,Outras posições,False,678.1587878787878,66.0,5.0,295.0,0.8856
23274859,ANTARES ATS COLEGIO,2304400,17,102,Outras posições,False,663.0553846153846,13.0,5.0,67.0,0.8835
35120285,MIGUEL DE CERVANTES COLEGIO,3550308,7,417,Outras posições,False,676.775707762557,73.0,5.0,395.0,0.8829
33110034,CENTRO EDUCACIONAL ESPACO INTEGRADO,3304557,20,308,Outras posições,False,655.3824761904762,35.0,5.0,127.0,0.8828
33085846,ESC BRETANHA JD INFANCIA TIO CARECA,3304557,21,308,Outras posições,False,716.1613793103448,29.0,4.0,133.0,0.881
53015789,COLEGIO OLIMPO AGUAS CLARAS,5300108,6,98,Outras posições,False,716.0402666666666,75.0,4.0,329.0,0.8808
31007153,ESCOLA SEB UNIDADE SERRA,3106200,11,80,Outras posições,False,661.0757575757576,11.0,5.0,38.0,0.8791
35134806,ETAPA COLEGIO DE EFM,3550308,8,417,Outras posições,False,712.9624032921811,405.0,4.0,1275.0,0.8788
29487250,COLEGIO SAO PAULO,2927408,7,74,Outras posições,False,673.1548917748918,77.0,5.0,361.0,0.8785
29422248,COLEGIO ANGLO BRASILEIRO,2927408,8,74,Outras posições,False,673.0512820512821,39.0,5.0,115.0,0.8782
31004111,COLEGIO SAO JOSE DE ENSINO FUNDAMENTAL E MEDIO,3106200,12,80,Outras posições,False,659.145,20.0,5.0,70.0,0.8738
43104983,COLEGIO ISRAELITA BRASILEIRO,4314902,6,44,Outras posições,False,661.2070731707317,41.0,5.0,175.0,0.8735
23243350,FARIAS BRITO JOVEM SEIS BOCAS COLEGIO,2304400,18,102,Outras posições,False,659.0377011494253,87.0,5.0,325.0,0.8733
53013670,C EDUCACIONAL LEONARDO DA VINCI - UNIDADE TAGUATINGA,5300108,7,98,Outras posições,False,683.7619366852887,179.0,5.0,547.0,0.8729
53012860,COL GALOIS,5300108,8,98,Outras posições,False,700.4555115511552,101.0,4.0,358.0,0.8719
35100432,JARDIM SAO PAULO COLEGIO,3550308,9,417,Outras posições,False,668.9298245614035,133.0,5.0,510.0,0.8716
33063311,COL ANDREWS,3304557,22,308,Outras posições,False,677.4103703703704,45.0,4.0,214.0,0.8713
43238203,COLEGIO JOAO PAULO,4314902,7,44,Outras posições,False,680.4651282051282,39.0,4.0,131.0,0.8703
52068986,COLEGIO WR,5208707,6,59,Outras posições,False,717.7649751243781,201.0,3.0,823.0,0.8703
33173931,ESCOLA CAROLINA PATRICIO - UNIDADE GOLFE OLIMPICO,3304557,23,308,Outras posições,False,657.9297872340426,47.0,5.0,121.0,0.8698
26117584,COLEGIO APOIO,2611606,8,67,Outras posições,False,679.5319999999999,40.0,4.0,107.0,0.8695
53009428,COL COC LAGO NORTE,5300108,9,98,Outras posições,False,667.4441666666667,12.0,5.0,47.0,0.8684
43105017,COL NOSSA SENHORA DO BOM CONSELHO,4314902,8,44,Outras posições,False,658.6786666666667,45.0,5.0,163.0,0.8669
52091384,COLEGIO DEGRAUS,5208707,7,59,Outras posições,False,674.0981818181818,22.0,4.0,122.0,0.8666
32083882,ESCOLA MADAN,3205309,6,15,Outras posições,False,711.2780769230769,52.0,3.0,184.0,0.8665
24097004,COLEGIO CIENCIAS APLICADAS,2408102,6,44,Outras posições,False,724.4170909090909,55.0,3.0,141.0,0.8662
26187353,COLEGIO NUCLEO - BOA VIAGEM,2611606,9,67,Outras posições,False,710.4405555555555,72.0,3.0,266.0,0.866
35141240,VERTICE COLEGIO UNIDADE II,3550308,10,417,Outras posições,False,732.3576344086022,62.0,4.0,267.0,0.8659
33183830,ESCOLA ELEVA,3304557,24,308,Outras posições,False,673.098125,32.0,4.0,187.0,0.8657
23065591,FARIAS BRITO COLEGIO CENTRAL,2304400,19,102,Outras posições,False,656.1814545454546,220.0,5.0,499.0,0.8653
35131660,BRASILIA DE SAO PAULO COLEGIO,3550308,11,417,Outras posições,False,658.375625,96.0,5.0,289.0,0.8653
35104985,BANDEIRANTES COLEGIO EFM,3550308,12,417,Outras posições,False,709.110641025641,364.0,3.0,1330.0,0.8652
35124199,ALBERT SABIN COLEGIO,3550308,13,417,Outras posições,False,692.7382456140351,171.0,4.0,610.0,0.8644
35480745,BEACON SCHOOL,3550308,14,417,Outras posições,False,657.092,10.0,5.0,136.0,0.862
33148376,ESCOLA PARQUE - BARRA,3304557,25,308,Outras posições,False,670.4391208791209,91.0,4.0,317.0,0.8617
23267151,NOVA DIMENSAO COLEGIO,2304400,20,102,Outras posições,False,649.0346666666667,45.0,5.0,150.0,0.8613
53001087,C EDUCACIONAL LEONARDO DA VINCI,5300108,10,98,Outras posições,False,688.4783647798743,159.0,4.0,472.0,0.8606
33115460,COL BAHIENSE - CAMPO GRANDE,3304557,26,308,Outras posições,False,664.3372549019607,51.0,5.0,140.0,0.8603
53001095,C EDUCACIONAL LEONARDO DA VINCI - UNID NORTE,5300108,11,98,Outras posições,False,688.0769306930694,202.0,4.0,690.0,0.8602
31006513,COLEGIO NOSSA SENHORA DA PIEDADE,3106200,13,80,Outras posições,False,661.2614285714286,28.0,5.0,84.0,0.8596
23491035,COLEGIO CHRISTUS DIONISIO TORRES,2304400,21,102,Outras posições,False,654.4182882882883,74.0,5.0,299.0,0.8593
22025715,COLEGIO PROPOSITO,2211001,8,44,Outras posições,False,697.483076923077,26.0,3.0,28.0,0.8587
23077042,ANTARES ATS COLEGIO,2304400,22,102,Outras posições,False,653.9826086956522,46.0,5.0,144.0,0.8585
24088846,COLEGIO PORTO,2408102,7,44,Outras posições,False,704.8577551020408,98.0,3.0,332.0,0.8571
28017803,COLEGIO DE CIENCIAS PURA E APLICADA,2800308,6,40,Outras posições,False,662.4105,120.0,5.0,355.0,0.8571
26163039,COLEGIO GGE,2611606,10,67,Outras posições,False,702.6117482517482,143.0,3.0,500.0,0.8558
26124220,COLEGIO SANTA MARIA,2611606,11,67,Outras posições,False,647.6229268292683,82.0,5.0,328.0,0.8553
35139497,PENTAGONO COLEGIO UNIDADE CAIUBI,3550308,15,417,Outras posições,False,679.046431372549,85.0,4.0,222.0,0.8551
33065314,COL NOTRE DAME - IPANEMA,3304557,27,308,Outras posições,False,647.5716279069768,43.0,5.0,187.0,0.8549
29182409,COLEGIO MODULO,2927408,9,74,Outras posições,False,666.8008823529411,68.0,4.0,259.0,0.854
52101363,COPE - COLEGIO PREPARAENEM,5208707,8,59,Outras posições,False,693.3356882255389,201.0,3.0,682.0,0.854
29486963,COLEGIO ANCHIETA,2927408,10,74,Outras posições,False,660.9685714285714,147.0,5.0,466.0,0.8538
43105670,COLEGIO SINODAL DO SALVADOR,4314902,9,44,Outras posições,False,654.5282608695652,46.0,5.0,185.0,0.8538
52089550,COLEGIO VISAO,5208707,9,59,Outras posições,False,669.8071515151515,55.0,5.0,119.0,0.8534
22144714,SAO JOSE LESTE,2211001,9,44,Outras posições,False,773.8318181818181,22.0,3.0,675.0,0.8529
33066574,COL DOS SANTOS ANJOS,3304557,28,308,Outras posições,False,646.573076923077,26.0,5.0,80.0,0.8515
33189838,ESCOLA SAP EDUCACAO POR PROJETOS,3304557,29,308,Outras posições,False,678.457,30.0,4.0,97.0,0.8491
31385433,COLEGIO DETERMINANTE,3106200,14,80,Outras posições,False,677.4993333333333,30.0,4.0,99.0,0.8466
23334266,FARIAS BRITO PRE VESTIBULAR ALDEOTA,2304400,23,102,Outras posições,False,686.3619896640827,258.0,3.0,492.0,0.8463
22129529,CEV COLEGIO UNIDADE JOCKEY,2211001,10,44,Outras posições,False,731.7705882352941,34.0,2.0,105.0,0.8456
31365874,ESCOLA EDUCAR - ENSINO MEDIO,3106200,15,80,Outras posições,False,650.4177777777778,18.0,5.0,71.0,0.8454
22025391,ESCOLA DOM BOSCO,2211001,11,44,Outras posições,False,651.9211111111111,18.0,5.0,54.0,0.8447
32040083,COLEGIO SALESIANO N S DA VITORIA,3205309,7,15,Outras posições,False,657.89,30.0,5.0,155.0,0.8447
32040210,ESCOLA CRESCER,3205309,8,15,Outras posições,False,665.603076923077,13.0,5.0,50.0,0.8442
33196249,ESCOLA ELEVA - URCA,3304557,30,308,Outras posições,False,671.893607305936,73.0,4.0,344.0,0.844
43172423,COLEGIO LEONARDO DA VINCI-ALFA,4314902,10,44,Outras posições,False,688.7002051282052,65.0,3.0,218.0,0.8438
33184720,COLEGIO ALFA CEM BILINGUE,3304557,31,308,Outras posições,False,713.7925,16.0,3.0,81.0,0.8429
24057002,COLGIO CONTEMPORANEO,2408102,8,44,Outras posições,False,651.2336,50.0,5.0,132.0,0.8425
23075961,ANTARES ATS COLEGIO,2304400,24,102,Outras posições,False,643.7070588235295,34.0,5.0,135.0,0.8405
31314749,COLEGIO ALUMNUS,3106200,16,80,Outras posições,False,680.132,10.0,3.0,48.0,0.8394
35134132,COLEGIO POLIEDRO DE EDUCACAO,3550308,16,417,Outras posições,True,686.2425555555557,60.0,4.0,268.0,0.8377
31374555,COLEGUIUM - INTERNACIONAL CIDADE NOVA,3106200,17,80,Outras posições,False,659.3384,25.0,4.0,100.0,0.8373
53013875,COL SERIOS,5300108,12,98,Outras posições,False,655.1514285714286,14.0,5.0,50.0,0.8367
33185590,COLEGIO CURSO TAMANDARE,3304557,32,308,Outras posições,False,707.888,15.0,2.0,15.0,0.8359
43108423,COLEGIO PROVINCIA DE SAO PEDRO,4314902,11,44,Outras posições,False,641.7426086956522,46.0,5.0,177.0,0.8338
33124418,COLEGIO QI - TIJUCA,3304557,33,308,Outras posições,False,651.9442105263158,57.0,4.0,184.0,0.8324
33154007,COLEGIO CAROLINNA RUSSO LTDA,3304557,34,308,Outras posições,False,660.4088,25.0,5.0,87.0,0.8323
33064032,ESCOLA ALEMA CORCOVADO - EXPERIMENTAL,3304557,35,308,Outras posições,False,641.4553968253969,42.0,5.0,228.0,0.8322
33178879,COLEGIO ALFA CEM BILINGUE,3304557,36,308,Outras posições,False,696.2688888888888,27.0,3.0,89.0,0.8319
35103433,OBJETIVO CENTRO INTERESCOLAR UNIDADE PAULISTA,3550308,17,417,Outras posições,False,653.2471987480437,213.0,5.0,604.0,0.831
52104532,COLEGIO FAMILIA DE NAZARE,5208707,10,59,Outras posições,False,652.9418181818181,11.0,5.0,45.0,0.8294
33116784,COLEGIO IGLESIAS,3304557,37,308,Outras posições,False,693.2199999999999,12.0,3.0,32.0,0.8288
31351725,COLEGUIUM - UNIDADE OURO PRETO INTEGRAL,3106200,18,80,Outras posições,False,746.2813333333332,30.0,1.0,85.0,0.8287
23269316,MASTER SUL COLEGIO,2304400,25,102,Outras posições,False,647.2314414414415,111.0,5.0,443.0,0.8283
35140338,MAGNO COLEGIO,3550308,18,417,Outras posições,False,677.8885232067511,79.0,4.0,313.0,0.8277
31350664,COLEGIO BERNOULLI,3106200,19,80,Outras posições,False,734.6394871794871,312.0,2.0,317.0,0.8265
24057061,COLEGIO EXECUTIVO LTDA,2408102,9,44,Outras posições,False,646.538,20.0,5.0,83.0,0.8263
21290229,RF ENSINO MEDIO LTDA,2111300,6,43,Outras posições,False,685.6965018315018,182.0,3.0,469.0,0.8259
24085634,CENTRO EDUCACIONAL MASTER,2408102,10,44,Outras posições,False,674.9399999999999,13.0,3.0,68.0,0.8258
33183139,INOVAR VEIGA DE ALMEIDA,3304557,38,308,Outras posições,False,640.264,10.0,5.0,56.0,0.8249
28017820,COLEGIO DO SALVADOR,2800308,7,40,Outras posições,False,664.8213333333333,25.0,4.0,123.0,0.8242
53016726,UNICO EDUCACIONAL,5300108,13,98,Outras posições,False,687.862625,320.0,3.0,885.0,0.8234
53009940,COL PRESBITERIANO MACKENZIE - BRASILIA,5300108,14,98,Outras posições,False,651.1682539682539,63.0,5.0,275.0,0.823
33055947,COLEGIO SALESIANO SANTA ROSA,3303302,6,38,Outras posições,False,643.9246987951807,83.0,5.0,316.0,0.8229
33159637,GRUPO EDUCACIONAL MOPI LTDA - UNIDADE ITANHANGA,3304557,39,308,Outras posições,False,654.9810526315789,19.0,4.0,87.0,0.8229
35100420,IMPERATRIZ LEOPOLDINA COLEGIO,3550308,19,417,Outras posições,False,650.9724,50.0,5.0,224.0,0.8229
26122090,COLEGIO PRESBITERIANO AGNES ERSKINE,2611606,12,67,Outras posições,False,639.6625490196079,68.0,5.0,236.0,0.8222
33135827,COLEGIO E CURSO PENSI,3304557,40,308,Outras posições,False,740.6806451612903,31.0,2.0,316.0,0.8219
52097587,COLEGIO ATRIO,5208707,11,59,Outras posições,False,650.807037037037,72.0,5.0,374.0,0.8219
28037723,NUCLEO AVANCADO DE ENSINO G8 LTDA,2800308,8,40,Outras posições,False,686.3105555555555,36.0,3.0,143.0,0.8212
33165998,COLEGIO PH,3303302,7,38,Outras posições,False,686.4499999999999,28.0,2.0,93.0,0.8183
53015010,ESCOLA CANADENSE DE BRASILIA,5300108,15,98,Outras posições,False,654.8383333333333,12.0,4.0,94.0,0.8166
22310762,CEV COLEGIO,2211001,12,44,Outras posições,False,669.9781526104418,83.0,2.0,278.0,0.8154
33063710,COLEGIO SANTO ANTONIO MARIA ZACCARIA,3304557,41,308,Outras posições,False,643.1833333333333,18.0,5.0,52.0,0.8143
53019393,COL EVEREST BRASILIA II,5300108,16,98,Outras posições,False,652.0921637426901,57.0,4.0,185.0,0.814
53019733,COL FLEMING ASA SUL,5300108,17,98,Outras posições,False,682.2047619047619,21.0,2.0,51.0,0.8137
35004304,ESCOLA CONCEPT,3543402,6,30,Outras posições,False,665.0138461538462,13.0,3.0,59.0,0.8136
33100977,LICEU MOLIERE,3304557,42,308,Outras posições,False,648.0636363636363,11.0,5.0,125.0,0.8132
29477271,CURSO E COLEGIO LEFFLER,2927408,11,74,Outras posições,False,678.2965217391304,46.0,3.0,128.0,0.8121
52097676,COLEGIO SIMBIOS,5208707,12,59,Outras posições,False,674.4309186351707,127.0,3.0,428.0,0.811
25120298,CENTRO PESSOENSE DE EDUCACAO - COLEGIO MOTIVA,2507507,6,49,Outras posições,False,696.4284099616858,348.0,1.0,1186.0,0.8103
24057207,COMPLEXO EDUC HENRIQUE CASTRICIANO,2408102,11,44,Outras posições,False,636.503,60.0,5.0,154.0,0.8096
22141251,INSTITUTO EDUCACIONAL SAO JOSE UNIDADE MOCAMBINHO,2211001,13,44,Outras posições,False,652.0964516129033,62.0,4.0,62.0,0.8086
31290157,COL CHROMOS PAMPULHA,3106200,20,80,Outras posições,False,656.5686666666667,90.0,4.0,549.0,0.8085
53012941,COLEGIO CIMAN,5300108,18,98,Outras posições,False,640.6300483091787,69.0,5.0,271.0,0.8085
26190451,COLEGIO GGE,2611606,13,67,Outras posições,False,676.2941158059468,213.0,3.0,586.0,0.8079
33111642,COLEGIO SANTA MONICA - TAQUARA,3304557,43,308,Outras posições,False,658.0307142857143,28.0,4.0,127.0,0.8078
31377759,COLEGUIUM - UNIDADE NOVA SUICA,3106200,21,80,Outras posições,False,661.694761904762,14.0,3.0,51.0,0.8063
35004801,COLEGIO ANGLO SAO PAULO,3550308,20,417,Outras posições,False,677.174606741573,89.0,2.0,328.0,0.8063
35102660,COLEGIO SANTO IVO,3550308,21,417,Outras posições,False,665.359696969697,22.0,4.0,109.0,0.8062
43105084,COL LA SALLE SANTO ANTONIO,4314902,12,44,Outras posições,False,651.700594059406,101.0,4.0,376.0,0.8062
22143459,CEV- COLEGIO UNIDADE 04,2211001,14,44,Outras posições,False,649.1135294117647,34.0,4.0,123.0,0.8047
35140065,INSTITUTO EDUCACIONAL IGUATEMY ESCOLA DE EI EF E EM,3549904,6,20,Outras posições,False,697.0335483870969,31.0,2.0,104.0,0.8046
15172287,PHYSICS COLEGIO E CURSO,1501402,6,54,Outras posições,False,741.6864705882354,34.0,1.0,134.0,0.8034
31358428,COLEGUIUM - UNIDADE ALIPIO DE MELO,3106200,22,80,Outras posições,False,659.8189655172414,58.0,3.0,208.0,0.8015
43109330,SISTEMA EDUCACIONAL BOA VISTA,4314902,13,44,Outras posições,False,634.74,46.0,5.0,146.0,0.8012
35144952,ARGUMENTO COLEGIO,3550308,22,417,Outras posições,False,659.4363585434173,119.0,3.0,434.0,0.801
33177627,COLEGIO PH,3304557,44,308,Outras posições,False,659.3002531645569,79.0,3.0,240.0,0.8006
35118503,ALBERT SABIN ESCOLA DE ENSINO MEDIO,3543402,7,30,Outras posições,False,655.1941002949852,113.0,4.0,368.0,0.7994
21010064,UPAON EDUCACIONAL LTDA,2111300,7,43,Outras posições,False,634.2894444444444,72.0,5.0,283.0,0.7992
22138544,INSTITUTO SANTO AGOSTINHO,2211001,15,44,Outras posições,False,638.7951724137931,29.0,5.0,114.0,0.7992
31004278,ESCOLA SANTO TOMAS DE AQUINO,3106200,23,80,Outras posições,False,642.9140350877193,38.0,5.0,136.0,0.7987
33064024,EDEM,3304557,45,308,Outras posições,False,643.946,20.0,5.0,76.0,0.7981
33149780,SISTEMA ELITE DE ENSINO,3304557,46,308,Outras posições,False,690.0099999999999,12.0,2.0,329.0,0.7977
31170534,COLEGIO PIRLIMPIMPIM SAO PASCHOALL,3170206,6,17,Outras posições,False,654.4735714285715,28.0,4.0,152.0,0.7969
33064628,COLEGIO TTH BAR-ILAN,3304557,47,308,Outras posições,False,668.5020000000001,10.0,3.0,38.0,0.7963
35563006,ETAPA III COLEGIO,3550308,23,417,Outras posições,False,762.2793333333334,30.0,0.0,61.0,0.7962
29093619,COLEGIO NOBRE DE FEIRA DE SANTANA,2910800,6,18,Outras posições,False,639.3804615384615,130.0,5.0,432.0,0.7959
35151506,MIRANDA COLEGIO DE EIFM,3550308,24,417,Outras posições,False,653.846875,32.0,4.0,110.0,0.7956
33175195,REDE AZ COLEGIO E CURSO UNIDADE LICENCIADA ILHA,3304557,48,308,Outras posições,False,682.1869565217391,23.0,1.0,67.0,0.7948
25133012,COLEGIO VILA LTDA,2507507,7,49,Outras posições,False,643.084347826087,69.0,5.0,250.0,0.7943
13102192,LATO SENSU IV,1302603,6,38,Outras posições,False,668.9038461538462,26.0,2.0,96.0,0.7939
33180539,COLEGIO PH,3304557,49,308,Outras posições,False,657.1327659574467,94.0,3.0,230.0,0.7939
35119982,JARDIM SAO PAULO UNIDADE TREMEMBE COLEGIO,3550308,25,417,Outras posições,False,667.1579874213837,53.0,3.0,199.0,0.7935
35142736,ESCOLA DA VILA VILA DAS JUVENTUDES,3550308,26,417,Outras posições,False,653.1287777777778,60.0,4.0,203.0,0.7929
29488591,COLEGIO ANCHIETA,2927408,12,74,Outras posições,False,708.3850000000001,12.0,1.0,55.0,0.7925
33183031,ESCOLA SA PEREIRA,3304557,50,308,Outras posições,False,641.0128571428571,14.0,4.0,98.0,0.792
33192260,LATTOS COLEGIO E VESTIBULARES,3304557,51,308,Outras posições,False,652.9326126126126,37.0,4.0,173.0,0.7916
35158483,STOCKLER COLEGIO,3550308,27,417,Outras posições,False,684.8342105263158,38.0,2.0,111.0,0.7913
31384828,COLEGIO OPCAO - UNIDADE II,3170107,6,11,Outras posições,False,665.7046153846154,13.0,3.0,82.0,0.7901
33195340,PB COLEGIO E CURSO,3304557,52,308,Outras posições,False,710.3366666666666,12.0,0.0,47.0,0.7899
25093096,COLEGIO PIO XI,2507507,8,49,Outras posições,False,641.7004347826087,69.0,5.0,216.0,0.7894
31007498,COLEGIO FRANCISCANO CORACAO DE MARIA,3106200,24,80,Outras posições,False,636.2830769230769,26.0,5.0,89.0,0.7892
33150931,COLEGIO E CURSO PENSI,3303302,8,38,Outras posições,False,655.3420987654321,162.0,3.0,236.0,0.789
35561320,ALPHA LUMEN INSTITUTO,3549904,7,20,Outras posições,False,717.3279069767442,43.0,0.0,157.0,0.7889
35431436,LICEU CONTEMPORANEO ENSINO MEDIO,3543402,8,30,Outras posições,False,637.4346153846153,52.0,5.0,174.0,0.7887
31004171,COLEGIO NOSSA SENHORA DAS DORES,3106200,25,80,Outras posições,False,636.1278947368421,38.0,5.0,108.0,0.7886
21292990,AUDAZ COLEGIO LTDA,2111300,8,43,Outras posições,False,657.96,16.0,4.0,34.0,0.7878
26152630,GGE VESTIBULARES,2611606,14,67,Outras posições,False,675.9902040816326,49.0,3.0,259.0,0.7877
31006424,COLEGIO FRANCISCANO SAGRADA FAMILIA,3106200,26,80,Outras posições,False,635.8399999999999,55.0,5.0,191.0,0.7875
43213995,FLEMING SERVICOS EDUCACIONAIS LTDA,4314902,14,44,Outras posições,False,680.9870588235294,85.0,2.0,201.0,0.7873
33196214,PB COLEGIO E CURSO,3303302,9,38,Outras posições,False,714.3877419354839,93.0,0.0,227.0,0.7871
35130217,ESCOLA CARANDA VIVA VIDA,3550308,28,417,Outras posições,False,657.6666666666666,27.0,4.0,100.0,0.7867
43105149,COLEGIO BOM JESUS SEVIGNE,4314902,15,44,Outras posições,False,636.7216666666667,16.0,5.0,95.0,0.7861
31166359,ASSEIJ - COLEGIO NOSSA SENHORA DAS DORES,3170107,7,11,Outras posições,False,636.6985542168675,83.0,5.0,301.0,0.7859
33105405,COLEGIO PH,3304557,53,308,Outras posições,False,654.0248226950355,141.0,3.0,394.0,0.7848
35008727,ESCOLA NOVA LOURENCO CASTANHO,3550308,29,417,Outras posições,False,663.5083333333333,28.0,3.0,147.0,0.7848
13313231,ESCOLAS IDAAM,1302603,7,38,Outras posições,False,695.452,25.0,1.0,123.0,0.7843
43216684,COLEGIO JOAO PAULO,4314902,16,44,Outras posições,False,662.9746666666666,15.0,3.0,55.0,0.7841
53020600,COL FLEMING AGUAS CLARAS,5300108,19,98,Outras posições,False,664.633,40.0,2.0,94.0,0.7841
31322873,COLEGUIUM - UNIDADE SANTA AMELIA,3106200,27,80,Outras posições,False,653.6358974358974,39.0,3.0,159.0,0.7839
33140502,COLEGIO ATUACAO BILINGUE,3303302,10,38,Outras posições,False,662.6845454545454,22.0,3.0,94.0,0.7839
33110328,COLEGIO PH,3304557,54,308,Outras posições,False,660.6926174496645,149.0,3.0,409.0,0.7839
35153631,INSTITUTO DE ENSINO NOVO DINAMICO,3550308,30,417,Outras posições,False,650.48,25.0,4.0,102.0,0.7831
31217123,COLEGUIUM - UNIDADE OURO PRETO,3106200,28,80,Outras posições,False,653.3066666666667,72.0,3.0,266.0,0.7824
35126718,ESCOLA NOVA LOURENCO UNIDADE IV,3550308,31,417,Outras posições,False,671.5768484848485,55.0,3.0,320.0,0.7819
42160081,GAIA CURSO E COLEGIO,4205407,6,25,Outras posições,False,661.7257738095238,112.0,3.0,484.0,0.7815
33071721,COLEGIO QI METROPOLITANO,3304557,55,308,Outras posições,False,638.8952688172043,62.0,4.0,190.0,0.7814
33111901,COL BAHIENSE VAZ LOBO,3304557,56,308,Outras posições,False,655.3442857142857,14.0,4.0,55.0,0.7809
33196222,ESCOLA NOVA BY SWISS INTERNATIONAL SCHOOL,3304557,57,308,Outras posições,False,642.8151111111112,45.0,4.0,156.0,0.7803
31006491,ESCOLA BALAO VERMELHO,3106200,29,80,Outras posições,False,652.9204166666667,48.0,3.0,134.0,0.7799
35463279,VITAL BRAZIL COLEGIO,3550308,32,417,Outras posições,False,721.622794117647,136.0,1.0,401.0,0.7792
33180385,COLEGIO PH,3303302,11,38,Outras posições,False,694.6105797101449,138.0,0.0,145.0,0.779
35133450,OBJETIVO COLEGIO I UNIDADE PINHEIROS,3550308,33,417,Outras posições,False,639.7571428571429,77.0,5.0,196.0,0.7784
21279446,ESCOLA CRESCIMENTO,2111300,9,43,Outras posições,False,642.0091358024691,27.0,4.0,118.0,0.7783
33101876,COC - ILHA DO GOVERNADOR - UNIDADE CAMBAUBA,3304557,58,308,Outras posições,False,648.7835714285713,28.0,4.0,89.0,0.7783
28020049,LICEU DE ESTUDOS INTEGRADOS,2800308,9,40,Outras posições,False,643.2965517241379,29.0,4.0,132.0,0.7771
31369969,COLEGIO NACIONAL - UNIDADE IV,3170206,7,17,Outras posições,False,648.2307707129095,173.0,4.0,631.0,0.7765
33159645,GRUPO EDUCACIONAL MOPI LTDA - UNIDADE INTEGRADO II - TIJUCA,3304557,59,308,Outras posições,False,660.8180952380952,21.0,2.0,62.0,0.7761
26181231,COLEGIO FAZER CRESCER - ENSINO MEDIO,2611606,15,67,Outras posições,False,683.078947368421,38.0,1.0,111.0,0.7759
21274231,D PEDRO II EMPREENDIMENTOS EDUCACIONAIS LTDA,2111300,10,43,Outras posições,False,628.4592307692308,26.0,5.0,85.0,0.7752
33249202,COLEGIO PH,3304557,60,308,Outras posições,False,651.5102127659575,94.0,3.0,255.0,0.7748
32041373,SOCIEDADE CULTURAL MONTEIRO LOBATO CEMS,3205309,9,15,Outras posições,False,634.2954545454545,22.0,5.0,65.0,0.7745
31379832,COLEGIO DONA CLARA - UNIDADE 2,3106200,30,80,Outras posições,False,641.1690322580646,62.0,4.0,194.0,0.7736
32077610,UP CENTRO EDUCACIONAL,3205309,10,15,Outras posições,False,642.6699421965318,173.0,5.0,450.0,0.773
35112689,COMUNITARIA DE CAMPINAS ESCOLA,3509502,6,35,Outras posições,False,658.5717777777777,60.0,3.0,170.0,0.7728
35137133,PENTAGONO COLEGIO UNIDADE MORUMBI,3550308,34,417,Outras posições,False,666.6890909090909,44.0,3.0,165.0,0.7724
33198640,CANADIAN SCHOOL OF NITEROI,3303302,12,38,Outras posições,False,658.4541333333333,25.0,3.0,70.0,0.7722
53009592,COL NOSSA SENHORA DO PERPETUO SOCORRO,5300108,20,98,Outras posições,False,637.785,16.0,5.0,96.0,0.7712
28032799,COLEGIO IDEAL LTDA-EPP,2800308,10,40,Outras posições,False,669.9727450980392,34.0,2.0,192.0,0.7711
25132598,COLEGIO BATISTA BRASIL - PRAIA - JOAO PESSOA,2507507,9,49,Outras posições,False,632.052,15.0,5.0,62.0,0.7706
52083888,COLEGIO PROTAGORAS,5208707,13,59,Outras posições,False,637.6391666666667,168.0,5.0,512.0,0.7706
26118262,COLEGIO VISAO,2611606,16,67,Outras posições,False,631.8330092592593,144.0,5.0,470.0,0.7703
33112959,CENTRO EDUCACIONAL JARDIM AMALIA,3306305,6,10,Outras posições,False,633.3276923076924,26.0,5.0,124.0,0.7699
35009757,COLEGIO POLIEDRO UNIDADE CENTRO,3509502,7,35,Outras posições,True,700.13875,16.0,1.0,17.0,0.7683
53017293,UNICO EDUCACIONAL TAGUATINGA,5300108,21,98,Outras posições,False,656.8920512820513,52.0,3.0,169.0,0.7677
41129148,COLEGIO ERASTO GAERTNER,4106902,6,44,Outras posições,False,632.6029743589743,65.0,5.0,275.0,0.7674
41152484,COLEGIO POSITIVO INTERNATIONAL SCHOOL - EDUCACAO INFANTIL ENSINO FUNDAMENTAL E MEDIO,4106902,7,44,Outras posições,False,645.7249275362318,23.0,4.0,124.0,0.7674
33087628,ANGLO AMERICANO ESCOLAS INTEGRADAS LTD,3304557,61,308,Outras posições,False,639.9231746031746,21.0,4.0,57.0,0.7661
35132925,ESCOLA SEB UNIDADE LAFAIETE,3543402,9,30,Outras posições,False,644.9163018867924,265.0,4.0,292.0,0.7656
35107165,PIONEIRO CENTRO EDUCACIONAL,3550308,35,417,Outras posições,False,663.7253846153847,26.0,3.0,64.0,0.7655
50007718,COLEGIO ALMIRANTE TAMANDARE,5002704,6,26,Outras posições,False,666.9085714285713,14.0,2.0,45.0,0.7646
33155852,COLEGIO PH,3304557,62,308,Outras posições,False,643.8449691358024,108.0,4.0,344.0,0.7645
33069565,INSTITUTO PIO XI,3304557,63,308,Outras posições,False,630.1864,50.0,5.0,117.0,0.7637
41379110,PGD C - EI EF M,4113700,6,16,Outras posições,False,635.9166666666667,34.0,5.0,191.0,0.7632
25129899,ISO COLEGIO E CURSOS,2507507,10,49,Outras posições,False,655.2095906432747,114.0,3.0,429.0,0.7631
33189137,AVANCO FREGUESIA COLEGIO E CURSO LTDA,3304557,64,308,Outras posições,False,673.9722222222222,54.0,1.0,117.0,0.7628
33447225,COLEGIO E CURSO AZ - UNIDADE BARRA,3304557,65,308,Outras posições,False,653.3298681732581,177.0,3.0,522.0,0.7628
52108813,COLEGIO TRINUS,5208707,14,59,Outras posições,False,650.5764705882352,17.0,2.0,95.0,0.7624
23073209,COLEGIO LOURENCO FILHO CENTRAL,2304400,26,102,Outras posições,False,644.2304255319149,94.0,4.0,340.0,0.7623
24087157,FACEX UNIDADE CIC,2408102,12,44,Outras posições,False,634.48,18.0,5.0,59.0,0.7612
25125958,INTERABESSA COLEGIO E CURSO LTDA ME,2507507,11,49,Outras posições,False,630.844,35.0,5.0,100.0,0.7599
41166043,COLEGIO PRIME EF EM,4113700,7,16,Outras posições,False,653.9848717948718,52.0,3.0,202.0,0.7597
43203876,COLEGIO GABARITO ZONA NORTE,4314902,17,44,Outras posições,False,635.0711111111111,36.0,5.0,125.0,0.7597
13026631,COLEGIO PALAS ATENA,1302603,8,38,Outras posições,False,641.66875,16.0,3.0,53.0,0.7592
29181658,COLEGIO SAO LAZARO,2927408,13,74,Outras posições,False,643.67,12.0,4.0,37.0,0.7587
26194619,ACADEMIA CRISTA DE BOA VIAGEM ENSINO MEDIO,2611606,17,67,Outras posições,False,655.0034146341463,41.0,2.0,152.0,0.7582
43105106,COL LA SALLE SAO JOAO,4314902,18,44,Outras posições,False,630.2153086419753,54.0,5.0,200.0,0.7581
35108923,ABACO COLEGIO,3548708,6,30,Outras posições,False,679.5597126436782,174.0,0.0,648.0,0.758
31369977,COL CHROMOS BARREIRO,3106200,31,80,Outras posições,False,637.5576119402986,67.0,4.0,412.0,0.7578
33055416,COLEGIO E CURSO ZEROHUM ICARAI,3303302,13,38,Outras posições,False,661.4680000000001,10.0,2.0,38.0,0.7577
31376442,COLEGIO LIVRE APRENDER,3170107,8,11,Outras posições,False,660.1171428571428,28.0,3.0,108.0,0.7575
15229408,COLEGIO EQUIPE GENTIL,1501402,7,54,Outras posições,False,654.6565289256199,121.0,2.0,384.0,0.7573
29482445,EDUCANDARIO NS DAJUDA LTDA - LAND,2927408,14,74,Outras posições,False,651.9920000000001,15.0,3.0,76.0,0.7572
15181456,COLEGIO IDEAL BATISTA CAMPOS,1501402,8,54,Outras posições,False,624.4833333333333,195.0,5.0,505.0,0.757
42109230,COLEGIO ENERGIA,4205407,7,25,Outras posições,False,647.7578378378378,111.0,3.0,283.0,0.757
33055920,COLEGIO MV I ICARAI,3303302,14,38,Outras posições,False,633.487037037037,54.0,5.0,178.0,0.7566
26160307,COLEGIO MOTIVO,2611606,18,67,Outras posições,False,629.688,80.0,5.0,294.0,0.7559
33066752,COLEGIO PALAS,3304557,66,308,Outras posições,False,669.096,55.0,1.0,138.0,0.7559
33088519,COLEGIO SANTA MONICA - BONSUCESSO,3304557,67,308,Outras posições,False,651.7251162790698,43.0,3.0,132.0,0.7559
35135550,COLEGIO SANTA VIRGINIA,3550308,36,417,Outras posições,False,637.1716666666666,12.0,4.0,56.0,0.7556
33173990,COLEGIO E CURSO AZ - UNIDADE TIJUCA,3304557,68,308,Outras posições,False,674.8539463601533,87.0,0.0,230.0,0.7555
33147809,COLEGIO PALAS,3304557,69,308,Outras posições,False,652.2743333333333,20.0,3.0,74.0,0.7533
52099946,COLEGIO PROTAGORAS BUENO,5208707,15,59,Outras posições,False,659.7090053763442,124.0,2.0,350.0,0.7531
33194688,LEGACY SCHOOL REGIAO OCEANICA,3303302,15,38,Outras posições,False,646.4211111111111,18.0,3.0,42.0,0.7519
33202109,MART EDUCACAO LTDA,3304557,70,308,Outras posições,False,641.6033333333332,10.0,4.0,55.0,0.7514
29459230,COLEGIO MARIZIA MAIOR,2927408,15,74,Outras posições,False,641.5861538461539,26.0,4.0,93.0,0.7512
21280746,CENTRO EDUCACIONAL SAGRES,2111300,11,43,Outras posições,False,631.4866666666667,21.0,4.0,85.0,0.7507
53005910,INST SAO JOSE,5300108,22,98,Outras posições,False,633.3026923076923,52.0,5.0,207.0,0.7506
35104991,BENJAMIN CONSTANT COLEGIO,3550308,37,417,Outras posições,False,657.7157377049181,61.0,3.0,245.0,0.7504
33161429,COLEGIO E CURSO PENSI,3303302,16,38,Outras posições,False,645.7265765765766,74.0,3.0,231.0,0.7502
33109923,COL BAHIENSE LTDA,3304557,71,308,Outras posições,False,657.3063157894736,19.0,3.0,65.0,0.7497
53001192,C EDUCACIONAL SAGRADA FAMILIA,5300108,23,98,Outras posições,False,632.9286956521739,23.0,5.0,97.0,0.7493
33100705,ESCOLA DINAMIS LTDA,3304557,72,308,Outras posições,False,666.0676923076923,13.0,1.0,64.0,0.7488
31371726,SOPHIS EDUCACIONAL,3122306,6,8,Outras posições,False,658.3623333333333,40.0,2.0,94.0,0.7484
25115260,SECULO COLEGIO E CURSO,2507507,12,49,Outras posições,False,628.0586956521739,46.0,5.0,193.0,0.7483
22144196,COLEGIO EQUACAO CERTA LESTE,2211001,16,44,Outras posições,False,660.7524489795918,98.0,0.0,244.0,0.7482
35131945,GUILHERME DE ALMEIDA COLEGIO UNIDADE I,3518800,6,55,Outras posições,False,626.4696774193549,31.0,5.0,95.0,0.7479
35107542,ESCOLA BILINGUE PUERI DOMUS UNIDADE I VERBO DIVINO,3550308,38,417,Outras posições,False,636.5661904761904,56.0,5.0,253.0,0.7463
51036193,MASTER GENESIS ALVORADA,5103403,6,23,Outras posições,False,635.9515625,64.0,4.0,225.0,0.745
42103894,COLEGIO VILA OLIMPIA,4205407,8,25,Outras posições,False,640.3953846153846,13.0,4.0,70.0,0.7443
35811385,PENHENSE ESCOLA ESP,3550308,39,417,Outras posições,False,640.3133333333334,48.0,4.0,117.0,0.7437
35103445,EQUIPE COLEGIO,3550308,40,417,Outras posições,False,640.2621568627451,34.0,4.0,139.0,0.743
35107803,COLEGIO MAGISTER,3550308,41,417,Outras posições,False,631.2054761904762,28.0,5.0,126.0,0.7424
33041130,COLEGIO BOM JESUS SAO JOSE,3303906,6,16,Outras posições,False,626.2013793103448,29.0,5.0,135.0,0.7408
35125726,PERSPECTIVA ESCOLA,3550308,42,417,Outras posições,False,657.288,20.0,2.0,88.0,0.7408
35141264,DOMINUS VIVENDI COLEGIO EIFM,3550308,43,417,Outras posições,False,648.4230769230769,13.0,3.0,68.0,0.7408
26162016,COLEGIO PONTUAL CENTRO EDUCACIONAL LTDA,2611606,19,67,Outras posições,False,643.2084210526315,19.0,3.0,61.0,0.7404
31006386,COLEGUIUM - UNIDADE JARAGUA,3106200,32,80,Outras posições,False,641.5607407407407,27.0,3.0,75.0,0.7395
31368342,COLEGUIUM - UNIDADE INTERNACIONAL BURITIS,3106200,33,80,Outras posições,False,633.3839639639639,37.0,4.0,94.0,0.7383
53005457,CENTRO DE ENSINO SANTA RITA DE CASSIA,5300108,24,98,Outras posições,False,634.6458536585366,41.0,4.0,155.0,0.7379
35367734,DOM BOSCO COLEGIO UNID III,3550308,44,417,Outras posições,False,638.8584,100.0,4.0,299.0,0.737
35105961,BEATISSIMA VIRGEM MARIA INSTITUTO DE EDUCACAO,3550308,45,417,Outras posições,False,625.3954545454545,44.0,5.0,146.0,0.7361
23263741,CWD MAXIMUS COLEGIO,2304400,27,102,Outras posições,False,632.801875,32.0,4.0,118.0,0.7359
22131027,COLEGIO PRO CAMPUS JUNIOR,2211001,17,44,Outras posições,False,636.9864285714285,28.0,4.0,29.0,0.735
24057193,COLEGIO OBJETIVO DE NATAL,2408102,13,44,Outras posições,False,625.0688888888889,18.0,5.0,51.0,0.735
35132214,OBJETIVO CENTRO INTERESCOLAR UNIDADE PAZ,3550308,46,417,Outras posições,False,647.1026490066225,151.0,3.0,495.0,0.7346
42113083,COC COLEGIO OSVALDO CARVALHO EIRELI EPP,4205407,9,25,Outras posições,False,661.845582010582,252.0,1.0,738.0,0.7346
23077549,COLEGIO 7 DE SETEMBRO,2304400,28,102,Outras posições,False,629.0909473684211,95.0,5.0,266.0,0.734
35456731,OBJETIVO CENTRO INTERESCOLAR UNIDADE IPIRANGA,3550308,47,417,Outras posições,False,646.605501618123,103.0,3.0,383.0,0.7335
33135169,GRUPO FARIA BRITO - OFICINA DA CRIANCA,3304557,73,308,Outras posições,False,624.51,16.0,5.0,59.0,0.7328
26153050,COLEGIO LOGOS,2611606,20,67,Outras posições,False,641.895294117647,17.0,2.0,55.0,0.7322
35140806,CANADA COLEGIO,3518800,7,55,Outras posições,False,645.7504166666666,48.0,3.0,145.0,0.7313
35158823,FUTURO ESCOLA DO,3550308,48,417,Outras posições,False,631.3201075268817,31.0,4.0,132.0,0.7301
42112796,ESCOLA AUTONOMIA,4205407,10,25,Outras posições,False,645.4151351351352,37.0,3.0,153.0,0.73
35107773,SUICO BRASILEIRA SAO PAULO ESCOLA,3550308,49,417,Outras posições,False,628.2377777777779,36.0,5.0,166.0,0.7299
31005088,COLEGUIUM - UNIDADE INTERNACIONAL BELVEDERE,3106200,34,80,Outras posições,False,622.1304761904763,14.0,5.0,52.0,0.7295
35175420,CRESCER DE JUNDIAI COLEGIO,3525904,6,24,Outras posições,False,628.105625,32.0,5.0,168.0,0.7295
23235900,COLEGIO LOURENCO FILHO - PARANGABA,2304400,29,102,Outras posições,False,632.8504166666667,48.0,5.0,141.0,0.729
43105025,COLEGIO NOSSA SRA DA GLORIA,4314902,19,44,Outras posições,False,618.2495555555556,30.0,5.0,138.0,0.729
24285323,OVER COLEGIO E CURSO,2408102,14,44,Outras posições,False,653.249375,32.0,2.0,80.0,0.7287
53038002,C DE ENS MEDIO DELTA,5300108,25,98,Outras posições,False,636.4544000000001,50.0,4.0,193.0,0.7275
33176671,COLEGIO INSTITUTO MARCOS FREITAS,3304557,74,308,Outras posições,False,638.9804651162791,43.0,3.0,222.0,0.726
31358541,COLEGUIUM - UNIDADE CARLOS PRATES,3106200,35,80,Outras posições,False,629.9794285714286,35.0,4.0,106.0,0.7252
33189820,COLEGIO GERACAO Z LTDA,3304557,75,308,Outras posições,False,635.6531111111111,30.0,4.0,83.0,0.7243
33228604,COLEGIO E CURSO AZ - UNIDADE BOTAFOGO,3304557,76,308,Outras posições,False,649.7243262411348,94.0,1.0,190.0,0.7231
31003875,COL MAXIMUS STA INES,3106200,36,80,Outras posições,False,637.9558730158731,21.0,3.0,86.0,0.7227
53020057,ESC SEB AZ BRASILIA,5300108,26,98,Outras posições,False,626.4049382716049,81.0,5.0,225.0,0.7226
52033295,COLEGIO DINAMICO,5208707,16,59,Outras posições,False,629.1059523809524,84.0,4.0,265.0,0.7217
24059340,INSTITUTO REIS MAGOS,2408102,15,44,Outras posições,False,630.4972413793103,29.0,4.0,111.0,0.7216
35104449,NOSSA SENHORA DAS GRACAS ESCOLA,3550308,50,417,Outras posições,False,626.1667543859649,76.0,5.0,239.0,0.7215
29494109,ESCOLA REMBRANDT,2927408,16,74,Outras posições,False,624.7133333333334,12.0,4.0,53.0,0.7212
33160180,ENSINO MEDIO MONTEIRO LOBATO LTDA,3304557,77,308,Outras posições,False,630.7422222222223,36.0,5.0,104.0,0.7206
41129326,COLEGIO POSITIVO BOA VISTA - EDUCACAO INFANTIL ENSINO FUNDAMENTAL E MEDIO,4106902,8,44,Outras posições,False,642.8447422680413,97.0,3.0,323.0,0.7191
25132059,ALGORITMO COLEGIO E CURSO,2507507,13,49,Outras posições,False,620.8191666666667,40.0,5.0,119.0,0.7181
52033090,COLEGIO SHALLON - UNIDADE I,5208707,17,59,Outras posições,False,634.2165,40.0,4.0,162.0,0.7172
43104940,COLEGIO BATISTA BRASIL,4314902,20,44,Outras posições,False,629.3833333333333,12.0,4.0,53.0,0.717
41158750,COLEGIO POSITIVO HAUER - ENSINO MEDIO,4106902,9,44,Outras posições,False,629.2648917748918,154.0,4.0,418.0,0.7167
42000645,COLEGIO SANTA CATARINA,4205407,11,25,Outras posições,False,625.164,25.0,5.0,99.0,0.7162
31007587,SISTEMA PIAGET DE ENSINO,3106200,37,80,Outras posições,False,627.9014285714286,14.0,4.0,49.0,0.7157
33149410,COLEGIO PARANAPUA,3304557,78,308,Outras posições,False,655.2416666666667,60.0,2.0,212.0,0.7155
33201927,PB COLEGIO E CURSO,3303302,17,38,Outras posições,False,647.628,35.0,1.0,81.0,0.7151
35300895,JP ENSINO MEDIO CURSOS TECNICOS E CURSINHOS,3541406,6,9,Outras posições,False,655.2269565217391,23.0,2.0,93.0,0.7151
53018273,COL IDEAL UNIDADE JARDIM BOTANICO,5300108,27,98,Outras posições,False,633.528,15.0,4.0,83.0,0.7143
41377168,COLEGIO DOM BOSCO BATEL,4106902,10,44,Outras posições,False,629.0626160337554,79.0,5.0,301.0,0.714
33063516,COLEGIO NOSSA SENHORA DE LOURDES,3304557,79,308,Outras posições,False,614.802380952381,14.0,5.0,45.0,0.7139
26117991,COLEGIO BOA VIAGEM LTDA,2611606,21,67,Outras posições,False,624.5098290598291,78.0,5.0,266.0,0.7135
50030469,COLEGIO DE ENSINO MEDIO NOVA GERACAO,5002704,7,26,Outras posições,False,633.3979220779221,77.0,4.0,251.0,0.7135
33187924,QI QUALIDADE INTEGRAL DE ENSINO LTDA,3304557,80,308,Outras posições,False,647.5410526315789,19.0,2.0,94.0,0.7133
53032012,COL BARAO DO RIO BRANCO,5300108,28,98,Outras posições,False,619.9488888888889,15.0,5.0,61.0,0.713
41390024,COLEGIO E CURSO ELITE CURITIBA,4106902,11,44,Outras posições,False,637.5533333333333,54.0,4.0,116.0,0.7128
29473128,ESCOLA CONCEPT,2927408,17,74,Outras posições,False,622.658,10.0,4.0,45.0,0.7125
35104607,PALMARES COLEGIO EFM,3550308,51,417,Outras posições,False,654.148115942029,23.0,2.0,128.0,0.7118
31004162,COLEGIO NOEME CAMPOS,3106200,38,80,Outras posições,False,631.4526666666667,30.0,4.0,68.0,0.7114
35344837,GREEN BOOK SCHOOL ENSINO FUNDAMENTAL E MEDIO,3550308,52,417,Outras posições,False,641.0076923076923,13.0,3.0,53.0,0.7113
41133463,COLEGIO SENHORA DE FATIMA ED INF ENSINO FUND MEDIO SC LTDA,4106902,12,44,Outras posições,False,628.4453846153846,104.0,5.0,335.0,0.7111
43104991,COL MARIA IMACULADA,4314902,21,44,Outras posições,False,628.0755555555555,42.0,4.0,113.0,0.7108
35287600,COLEGIO ANGLO LEONARDO DA VINCI,3550308,53,417,Outras posições,False,653.5878571428572,28.0,2.0,76.0,0.7104
50007874,CENTRO DE ENS NOSSA SENHORA AUXILIADORA,5002704,8,26,Outras posições,False,632.5905263157896,19.0,4.0,84.0,0.7104
25133985,CENTRO DE ENSINO HBS LTDA,2507507,14,49,Outras posições,False,654.9786885245901,61.0,0.0,191.0,0.7103
33166820,COLEGIO E CURSO PENSI,3304557,81,308,Outras posições,False,653.2675,232.0,1.0,544.0,0.7102
24074667,CENTRO EDUCACIONAL DE APRENDIZAGEM MODERNA,2408003,6,13,Outras posições,False,636.4284,50.0,3.0,170.0,0.7098
15172147,COLEGIO ASLAN,1501402,9,54,Outras posições,False,614.1678260869564,23.0,5.0,65.0,0.7097
33345201,COLEGIO PLUZ,3303302,18,38,Outras posições,False,636.3709090909091,11.0,3.0,77.0,0.7095
43104967,COLEGIO CONCORDIA - PORTO ALEGRE,4314902,22,44,Outras posições,False,627.8525,24.0,4.0,104.0,0.7094
26173280,COLEGIO GRANDE PASSO,2611606,22,67,Outras posições,False,625.8596923076923,65.0,4.0,214.0,0.7075
33076820,CENTRO EDUC LUIZ DE CAMOES - CASA JD PINOCHIO LTDA,3304557,82,308,Outras posições,False,634.6066666666667,18.0,3.0,73.0,0.7071
13105493,CONNEXUS ENSINO FUNDAMENTAL E MEDIO LTDA,1302603,9,38,Outras posições,False,627.2907692307692,13.0,4.0,82.0,0.707
29422299,CURSO E COLEGIO ANALISE - EIRELI - EPP,2927408,18,74,Outras posições,False,634.46,36.0,3.0,146.0,0.7067
35151282,JARDIM DAS NACOES COLEGIO,3554102,6,14,Outras posições,False,636.2642424242424,66.0,4.0,227.0,0.7066
35140351,OBJETIVO CENTRO INTERESCOLAR UNIDADE POMPEIA,3550308,54,417,Outras posições,False,631.4309273182957,133.0,4.0,381.0,0.7061
25092901,INTERACTIVO CRISTO COLEGIO E CURSOS EIRELI ME,2507507,15,49,Outras posições,False,612.2080555555555,72.0,5.0,262.0,0.7056
51064910,COLEGIO E CURSO MASTER,5103403,7,23,Outras posições,False,634.0754455445544,202.0,3.0,511.0,0.7049
31363294,COL CHROMOS CENTRO,3106200,39,80,Outras posições,False,647.3851219512195,41.0,0.0,128.0,0.7047
33071926,COLEGIO SANTA MONICA - CACHAMBI,3304557,83,308,Outras posições,False,638.4466666666666,33.0,3.0,131.0,0.7046
52033112,COLEGIO MAIS ANIMA,5208707,18,59,Outras posições,False,631.1466666666666,20.0,4.0,71.0,0.7046
24087114,OVER COLEGIO E CURSO,2408102,16,44,Outras posições,False,639.025925925926,27.0,3.0,72.0,0.7016
31371742,COLEGIO M2 - VESPASIANO,3171204,1,1,Sem comparação local (poucas escolas na cidade),False,661.5290909090909,11.0,5.0,27.0,0.8993
31329762,COL GENOMA II,3127701,1,2,Sem comparação local (poucas escolas na cidade),False,671.7748148148147,54.0,4.0,203.0,0.8437
15152120,ESCOLA DE EDUCACAO BASICA CENTRO EDUCACIONAL ANCHIETA,1503606,1,2,Sem comparação local (poucas escolas na cidade),False,683.4446153846154,26.0,3.0,124.0,0.8432
43139558,INSTITUTO RIO BRANCO,4318705,1,2,Sem comparação local (poucas escolas na cidade),False,649.2402777777778,24.0,5.0,118.0,0.8371
43023363,COLEGIO SAGRADO CORACAO DE JESUS,4302105,1,2,Sem comparação local (poucas escolas na cidade),False,645.6047272727274,55.0,5.0,209.0,0.8238
43119964,COLEGIO DOM ALBERTO,4316808,1,2,Sem comparação local (poucas escolas na cidade),False,639.8389743589744,13.0,5.0,56.0,0.8227
23025646,COLEGIO FARIAS BRITO SOBRALENSE,2312908,1,2,Sem comparação local (poucas escolas na cidade),False,638.9935922330096,103.0,5.0,264.0,0.8005
43008895,ESCOLA DE ENSINO MEDIO IMPULSO AO SABER,4302105,2,2,Sem comparação local (poucas escolas na cidade),False,644.7321568627451,17.0,4.0,36.0,0.784
31377899,COLEGIO OMEGA,3143906,1,2,Sem comparação local (poucas escolas na cidade),False,667.832258064516,31.0,2.0,94.0,0.7723
42155541,COLEGIO AVANTIS,4202909,1,2,Sem comparação local (poucas escolas na cidade),False,642.0643137254903,17.0,5.0,100.0,0.7715
43057152,ESCOLA DE EDUCACAO BASICA DA URI - ERECHIM,4307005,1,2,Sem comparação local (poucas escolas na cidade),False,633.11768707483,49.0,5.0,232.0,0.7688
32074182,CENTRO DE ENSINO COLATINENSE DARWIN,3201506,1,2,Sem comparação local (poucas escolas na cidade),False,644.342,30.0,4.0,117.0,0.7428
15096831,COLEGIO ATITUDE,1502103,1,1,Sem comparação local (poucas escolas na cidade),False,626.2570491803278,61.0,5.0,188.0,0.741
43215360,COLEGIO FLEMING PASSO FUNDO,4314100,1,2,Sem comparação local (poucas escolas na cidade),False,651.9291156462585,49.0,2.0,131.0,0.7233
52039722,COLEGIO APHONSIANO,5221403,1,2,Sem comparação local (poucas escolas na cidade),False,620.7465116279069,43.0,5.0,160.0,0.7233
28037863,REDE DE ENSINO LIBERTAR LTDA,2803500,1,1,Sem comparação local (poucas escolas na cidade),False,630.867,40.0,5.0,128.0,0.7211
31342122,INSTITUTO EDUCACIONAL SABER,3145208,1,2,Sem comparação local (poucas escolas na cidade),False,630.0184615384616,26.0,4.0,121.0,0.7006
