codigo_escola,NO_ENTIDADE,codigo_municipio,rank_municipio,n_escolas_confiaveis_municipio,segmento_comercial,rede_propria_poliedro,enem_media_geral,qtd_participantes_enem,indice_infra,QT_MAT_MED,score_destaque,produto_alvo,enem_media_geral_2024,qtd_participantes_enem_2024,enem_media_2anos,delta_enem_2025_2024
22025740,INSTITUTO DOM BARRETO CENTRO,2211001,1.0,52,Líder local,False,750.2618245614035,190.0,5.0,729.0,0.9662,Poliedro,740.1926177024483,177.0,745.4055585831063,10.069206858955226
53020570,COL PODION ENS FUND E MEDIO,5300108,1.0,117,Líder local,False,743.7908333333334,184.0,5.0,517.0,0.9654,Poliedro,,,743.7908333333334,
31004651,COLEGIO SANTO AGOSTINHO,3106200,1.0,110,Líder local,False,721.6742675159236,314.0,5.0,1070.0,0.9613,Poliedro,711.3602721088436,294.0,716.6869078947369,10.313995407080029
22022481,ANBEAS - COLEGIO SAGRADO CORACAO DE JESUS,2211001,2.0,52,Desafiante (2º-5º local),False,715.8326907630523,83.0,5.0,374.0,0.9592,Poliedro,712.3023529411764,102.0,713.8862342342343,3.5303378218758326
33063729,COLEGIO SANTO INACIO,3304557,1.0,344,Líder local,False,702.6909822866344,207.0,5.0,664.0,0.9522,Poliedro,694.2442261904762,224.0,698.3010208816705,8.446756096158197
31006394,COLEGIO MARISTA DOM SILVERIO,3106200,2.0,110,Desafiante (2º-5º local),False,702.5437037037036,99.0,5.0,458.0,0.9519,Poliedro,701.7916374269006,114.0,702.1411893583725,0.7520662768030206
25097539,COLEGIO E CURSO EVOLUCAO,2507507,1.0,55,Líder local,False,701.570786516854,89.0,5.0,249.0,0.9512,Poliedro,709.8766153846154,65.0,705.0764935064936,-8.30582886776142
23246871,ARI DE SA CAVALCANTE - MARIO MAMEDE,2304400,1.0,117,Líder local,False,801.290625,32.0,5.0,106.0,0.9486,Poliedro,755.0852941176471,34.0,777.4878787878788,46.20533088235288
33057109,COLEGIO LA SALLE ABEL,3303302,1.0,42,Líder local,False,697.3395061728395,162.0,5.0,463.0,0.9485,Poliedro,690.7047281323877,141.0,694.2520352035203,6.634778040451806
24057134,COLEGIO MARISTA DE NATAL,2408102,1.0,48,Líder local,False,697.0012865497076,171.0,5.0,564.0,0.9481,Poliedro,688.2867175572519,131.0,693.2211258278146,8.714568992455725
31004812,COLEGIO SANTO ANTONIO,3106200,3.0,110,Desafiante (2º-5º local),False,751.41197740113,177.0,5.0,655.0,0.947,Poliedro,749.4875000000001,184.0,750.4310803324099,1.9244774011299342
27220885,COLEGIO CONTATO MACEIO,2704302,1.0,63,Líder local,False,695.4914649681529,157.0,5.0,496.0,0.9466,Poliedro,673.8842051282052,195.0,683.5215340909091,21.607259839947687
23245573,MASTER COLEGIO,2304400,2.0,117,Desafiante (2º-5º local),False,748.7124324324325,37.0,5.0,132.0,0.9465,Poliedro,738.9097297297297,37.0,743.8110810810812,9.802702702702732
26189569,COLEGIO COGNITIVO,2611606,1.0,76,Líder local,False,736.5988571428571,70.0,5.0,305.0,0.9452,Poliedro,724.8477272727273,88.0,730.053924050633,11.75112987012983
26534711,COLEGIO COGNITIVO,2611606,2.0,76,Desafiante (2º-5º local),False,736.4080303030303,132.0,5.0,433.0,0.9451,Poliedro,728.9612612612613,111.0,733.0064197530864,7.446769041769016
31004031,COLEGIO SANTA MARCELINA,3106200,4.0,110,Desafiante (2º-5º local),False,729.8276470588235,68.0,5.0,266.0,0.9438,Poliedro,728.1967567567567,74.0,728.9777464788732,1.6308903020667458
33062633,COL DE SAO BENTO,3304557,2.0,344,Desafiante (2º-5º local),False,728.5694117647059,68.0,5.0,207.0,0.9435,Poliedro,732.6521212121212,66.0,730.5802985074628,-4.0827094474152545
26118165,COLEGIO EQUIPE,2611606,3.0,76,Desafiante (2º-5º local),False,727.4376271186441,59.0,5.0,234.0,0.943,Poliedro,711.516923076923,65.0,719.0920967741936,15.920704041721024
33063656,ASSOCIACAO DO COLEGIO NOSSA SENHORA DE SION,3304557,3.0,344,Desafiante (2º-5º local),False,692.3626666666667,15.0,5.0,51.0,0.943,Poliedro,687.6759999999999,15.0,690.0193333333334,4.686666666666724
23272430,ARI DE SA CAVALCANTE - ALDEOTA,2304400,3.0,117,Desafiante (2º-5º local),False,727.3330325814536,133.0,5.0,658.0,0.9427,Poliedro,722.8284219001611,207.0,724.5905196078431,4.504610681292547
33104220,RECANTO INF IMACULADA CONCEICAO,3304557,4.0,344,Desafiante (2º-5º local),False,689.8397777777778,90.0,5.0,311.0,0.9409,Poliedro,706.4522222222222,78.0,697.5526984126984,-16.61244444444435
33100713,COL SAINT JOHN,3304557,5.0,344,Desafiante (2º-5º local),False,689.3208333333333,24.0,5.0,82.0,0.9404,Poliedro,684.6236842105263,38.0,686.441935483871,4.697149122806991
33065403,COLEGIO SANTO AGOSTINHO,3304557,6.0,344,Outras posições,False,715.884,125.0,5.0,436.0,0.9398,Poliedro,717.058954248366,153.0,716.5306474820145,-1.1749542483660207
35805555,EMBRAER JUAREZ WANDERLEY COLEGIO,3549904,1.0,27,Líder local,False,715.7219607843138,153.0,5.0,475.0,0.9393,Poliedro,708.2820309050772,151.0,712.0264692982457,7.439929879236502
32041152,ESCOLA SAO DOMINGOS,3205309,1.0,18,Líder local,False,712.7585585585585,74.0,5.0,256.0,0.9377,Poliedro,706.4353846153847,65.0,709.8016786570744,6.323173943173856
15168344,COLEGIO EQUIPE CRISTAL,1501402,1.0,65,Líder local,False,686.5726315789474,57.0,5.0,203.0,0.9367,Poliedro,669.1164285714285,56.0,677.9217699115045,17.456203007518866
31333921,COLEGIO SANTO AGOSTINHO UNIDADE NOVA LIMA,3144805,1.0,8,Líder local,False,710.295303030303,88.0,5.0,351.0,0.9365,Poliedro,704.9586956521739,92.0,707.5677037037037,5.336607378129088
33135371,COLEGIO CRUZEIRO - JACAREPAGUA,3304557,7.0,344,Outras posições,False,706.7892473118279,93.0,5.0,309.0,0.9349,Poliedro,705.0477235772357,82.0,705.973219047619,1.7415237345921923
24057169,FACEX,2408102,2.0,48,Desafiante (2º-5º local),False,684.2877777777777,48.0,5.0,170.0,0.9339,Poliedro,670.1132258064515,62.0,676.2984848484848,14.174551971326196
33062609,COLEGIO CRUZEIRO-CENTRO,3304557,8.0,344,Outras posições,False,703.9823717948718,104.0,5.0,333.0,0.9338,Poliedro,710.2174418604651,86.0,706.8045614035087,-6.235070065593277
43139108,UNIDADE DE ENSINO COLEGIO SINODAL - SAO LEOPOLDO,4318705,1.0,5,Líder local,False,715.5817142857143,70.0,5.0,271.0,0.9338,Poliedro,688.5962499999999,80.0,701.1894666666667,26.98546428571433
31006238,COLEGIO LOYOLA,3106200,5.0,110,Desafiante (2º-5º local),False,703.6927619047619,140.0,5.0,619.0,0.9334,Poliedro,690.6842512077295,138.0,697.2352997601919,13.00851069703242
33078866,ASSOCIACAO EDUCACIONAL GARRIGA DE MENEZES,3304557,9.0,344,Outras posições,False,703.2114285714285,21.0,5.0,58.0,0.9331,Poliedro,684.0559999999999,35.0,691.2392857142856,19.155428571428615
33057206,INSTITUTO GAYLUSSAC - ENS FUNDAMENTAL E MEDIO,3303302,2.0,42,Desafiante (2º-5º local),False,713.3588000000001,100.0,5.0,300.0,0.9328,Poliedro,717.0218421052632,76.0,714.9405681818182,-3.6630421052631164
31193097,COLEGIO SAO FRANCISCO XAVIER - CARIRU,3131307,1.0,8,Líder local,False,702.7575438596491,114.0,5.0,355.0,0.9328,Poliedro,687.4296103896104,77.0,696.5782198952879,15.327933470038715
31205265,INST PRESBITERIANO GAMMON,3138203,1.0,8,Líder local,False,698.7708196721311,61.0,5.0,197.0,0.9304,Poliedro,690.8181481481482,72.0,694.4656140350877,7.952671523982872
15103080,GRUPO FUTURO EDUCACIONAL MARABA,1504208,1.0,9,Líder local,False,708.6123076923076,13.0,5.0,92.0,0.9303,Poliedro,637.865,24.0,662.7221621621622,70.74730769230757
31014061,COLEGIO SANTO AGOSTINHO-UNIDADE CONTAGEM,3118601,1.0,17,Líder local,False,697.7963636363636,77.0,5.0,252.0,0.9298,Poliedro,690.3854545454545,66.0,694.3759440559442,7.410909090909058
26122081,COLEGIO DAS DAMAS DA INSTRUCAO CRISTA,2611606,4.0,76,Desafiante (2º-5º local),False,680.7715525114155,146.0,5.0,501.0,0.9296,Poliedro,682.5244444444445,162.0,681.6935281385282,-1.752891933028991
32040032,CE LEONARDO DA VINCI,3205309,2.0,18,Desafiante (2º-5º local),False,695.9213333333333,50.0,5.0,219.0,0.9274,Poliedro,717.4524137931035,58.0,707.4843209876543,-21.531080459770124
32040040,COLEGIO PRIMEIRO MUNDO,3205309,3.0,18,Desafiante (2º-5º local),False,702.2151724137931,29.0,5.0,95.0,0.9268,Poliedro,685.156388888889,24.0,694.4904402515723,17.05878352490413
31193216,ESCOLA EDUCACAO CRIATIVA,3131307,2.0,8,Desafiante (2º-5º local),False,695.433933933934,111.0,5.0,339.0,0.9267,Poliedro,701.3985454545455,110.0,698.4027450980392,-5.96461152061147
15167275,COLEGIO EQUIPE LTDA,1501402,2.0,65,Desafiante (2º-5º local),False,753.5191452991453,39.0,4.0,41.0,0.9262,Poliedro,746.2757575757577,33.0,750.1992592592592,7.243387723387627
23071036,ARI DE SA CAVALCANTE - WASHINGTON SOARES,2304400,4.0,117,Desafiante (2º-5º local),False,694.94688172043,93.0,5.0,310.0,0.9261,Poliedro,683.0996078431373,119.0,688.2967610062893,11.847273877292764
31387860,COLEGIO MAGNUM AGOSTINIANO,3106200,6.0,110,Outras posições,False,694.66,11.0,5.0,63.0,0.9258,Poliedro,,,694.66,
15181081,COLEGIO INTEGRADO IN,1501402,3.0,65,Desafiante (2º-5º local),False,747.4823076923077,26.0,4.0,26.0,0.9254,Poliedro,,,747.4823076923077,
29480620,CENTRO EDUCACIONAL VILLA LOBOS,2905701,1.0,9,Líder local,False,694.376923076923,13.0,5.0,83.0,0.9253,Poliedro,688.3075,16.0,691.028275862069,6.069423076923044
31006157,COLEGIO LOGOSOFICO GONZALEZ PECOTCHE,3106200,7.0,110,Outras posições,False,693.8408888888889,45.0,5.0,150.0,0.925,Poliedro,687.4409523809524,42.0,690.7512643678161,6.399936507936559
33160830,COLEGIO MARISTA SAO JOSE BARRA,3304557,10.0,344,Outras posições,False,677.7646153846154,39.0,5.0,161.0,0.9249,Poliedro,688.4057777777778,30.0,682.3912077294685,-10.641162393162404
43173330,COL JOAO PAULO I - UNIDADE SUL,4314902,1.0,61,Líder local,False,697.0964705882352,34.0,5.0,163.0,0.9234,Poliedro,718.3538596491228,38.0,708.3156481481482,-21.25738906088759
23067071,COLEGIO CHRISTUS BARAO DE STUDART,2304400,5.0,117,Desafiante (2º-5º local),False,692.3433663366336,101.0,5.0,283.0,0.9232,Poliedro,679.2574358974359,78.0,686.6411173184357,13.085930439197682
35115712,RAUL BAUAB DOUTOR FUNDACAO EDUCACIONAL COLEGIO,3525300,1.0,10,Líder local,False,696.8872222222221,36.0,5.0,115.0,0.9228,Poliedro,653.1302702702702,37.0,674.7090410958904,43.75695195195192
35399197,OBJETIVO COLEGIO INTEGRADO,3550308,1.0,516,Líder local,False,763.9009523809524,42.0,5.0,160.0,0.9228,Poliedro,746.1483720930232,43.0,754.9202352941177,17.752580287929163
33063419,COL FRANCO BRASILEIRO,3304557,11.0,344,Outras posições,False,689.4951351351352,111.0,5.0,357.0,0.9212,Poliedro,681.3169523809523,105.0,685.5196296296295,8.178182754182899
52103137,COLEGIO ARENA,5208707,1.0,68,Líder local,False,695.3573529411765,340.0,5.0,1403.0,0.921,Poliedro,703.5377570093458,321.0,699.329984871407,-8.18040406816931
31004871,COLEGIO ARNALDO - UNIDADE FUNCIONARIOS,3106200,8.0,110,Outras posições,False,688.990625,32.0,5.0,80.0,0.9205,Poliedro,678.5992,25.0,684.4329824561404,10.391425000000027
35142967,COLEGIO ENGENHEIRO SALVADOR ARENA,3548708,1.0,33,Líder local,False,688.7268421052632,190.0,5.0,620.0,0.9204,Poliedro,686.4663959390863,197.0,687.5761757105944,2.260446166176962
25306936,ESCOLA INTERNACIONAL CIDADE VIVA,2507507,2.0,55,Desafiante (2º-5º local),False,694.507741935484,31.0,5.0,139.0,0.9201,Poliedro,693.3764705882353,17.0,694.1070833333333,1.1312713472486848
35286187,ETAPA COLEGIO,3556206,1.0,6,Líder local,False,734.5669230769231,130.0,5.0,416.0,0.9198,Poliedro,723.4551815181518,101.0,729.7085425685426,11.111741558771314
31354562,COLEGIO GABARITO,3170107,1.0,13,Líder local,False,733.8154838709677,31.0,5.0,283.0,0.9197,Poliedro,,,733.8154838709677,
24057126,COLEGIO SALESIANO SAO JOSE,2408102,3.0,48,Desafiante (2º-5º local),False,674.26,59.0,5.0,212.0,0.9194,Poliedro,659.7144736842106,76.0,666.0714074074074,14.545526315789402
33064369,ESCOLA ORT,3304557,12.0,344,Outras posições,False,688.1082608695652,46.0,5.0,189.0,0.9194,Poliedro,680.3108,50.0,684.0470833333334,7.7974608695652705
23498994,COLEGIO CHRISTUS UNIDADE PARQUELANDIA,2304400,6.0,117,Outras posições,False,687.9032432432432,37.0,5.0,139.0,0.9191,Poliedro,677.6742307692307,52.0,681.9267415730336,10.229012474012507
33077029,COL BAHIENSE LTDA,3304557,13.0,344,Outras posições,False,693.0666666666666,39.0,5.0,94.0,0.9187,Poliedro,689.9206060606061,33.0,691.6247222222222,3.146060606060473
33176825,COLEGIO SANTO AGOSTINHO - UNIDADE INSTITUTO CULTURAL SANTO AGOSTINHO,3304557,14.0,344,Outras posições,False,713.0410055865922,179.0,5.0,599.0,0.9186,Poliedro,706.8174857142857,175.0,709.964406779661,6.223519872306497
25093061,COLEGIO NOSSA SENHORA DE LOURDES,2507507,3.0,55,Desafiante (2º-5º local),False,673.9504,25.0,5.0,116.0,0.9186,Poliedro,639.8818604651162,43.0,652.4070588235293,34.06853953488371
33055866,COLEGIO MARILIA MATTOSO,3303302,3.0,42,Desafiante (2º-5º local),False,728.492,10.0,5.0,80.0,0.9184,Poliedro,704.9269565217392,23.0,712.0678787878787,23.565043478260804
43104975,CENTRO DE ENSINO MEDIO FARROUPILHA - UNIDADE DE ENSINO COLEGIO FARROUPILHA,4314902,2.0,61,Desafiante (2º-5º local),False,692.887231638418,177.0,5.0,625.0,0.9183,Poliedro,663.8921247563353,171.0,678.6396360153257,28.995106882082723
22146636,BRIGHT SCHOOL,2211001,3.0,52,Desafiante (2º-5º local),False,711.664,10.0,5.0,87.0,0.918,Poliedro,,,711.664,
33042578,COLEGIO SAO PAULO,3305802,1.0,10,Líder local,False,673.3249275362318,69.0,5.0,250.0,0.9179,Poliedro,671.5490909090909,44.0,672.6334513274335,1.7758366271409614
33075425,COL PENTAGONO,3304557,15.0,344,Outras posições,False,691.6850000000001,68.0,5.0,232.0,0.9171,Poliedro,692.1343295019158,87.0,691.9372043010753,-0.4493295019157131
31309711,ESCOLA SEB UNIMASTER,3106200,9.0,110,Outras posições,False,685.5546153846154,26.0,5.0,69.0,0.9154,Poliedro,668.8436363636364,22.0,677.8954166666667,16.71097902097904
31074373,COLEGIO SANTA CATARINA,3136702,1.0,21,Líder local,False,685.2659595959595,132.0,5.0,436.0,0.9151,Poliedro,689.3022222222222,135.0,687.3067665418228,-4.036262626262669
31041181,ESCOLA TECNICA DE DIVINOPOLIS-INTEGRAL,3122306,1.0,9,Líder local,False,684.0209677419356,62.0,5.0,214.0,0.9142,Poliedro,690.1392156862745,51.0,686.7823008849557,-6.118247944338918
31005037,COLEGIO BATISTA MINEIRO,3106200,10.0,110,Outras posições,False,683.6955414012739,157.0,5.0,567.0,0.9138,Poliedro,685.2441991341991,154.0,684.462400857449,-1.5486577329252214
31004359,COLEGIO ESPANHOL SANTA MARIA MINAS - UNIDADE CIDADE NOVA,3106200,11.0,110,Outras posições,False,683.5095495495495,74.0,5.0,265.0,0.9137,Poliedro,692.7891428571428,70.0,688.0204629629629,-9.279593307593245
24281301,COLEGIO SALESIANO DOM BOSCO,2403251,1.0,13,Líder local,False,670.1100262467191,127.0,5.0,452.0,0.9133,Poliedro,648.564255319149,141.0,658.7743781094528,21.545770927570175
31369772,COLEGIO OLIMPO BH,3106200,12.0,110,Outras posições,False,683.428,10.0,5.0,38.0,0.9132,Poliedro,,,683.428,
31007196,COLEGIO SANTA DOROTEIA,3106200,13.0,110,Outras posições,False,669.9092888888889,150.0,5.0,532.0,0.9128,Poliedro,683.3598571428572,140.0,676.4026666666667,-13.4505682539683
35103524,DANTE ALIGHIERI COLEGIO,3550308,2.0,516,Desafiante (2º-5º local),False,686.9325276461295,211.0,5.0,863.0,0.9123,Poliedro,683.3197129186603,209.0,685.1347222222223,3.6128147274691855
52020517,COLEGIO GALILEU,5201108,1.0,11,Líder local,False,710.7981609195402,58.0,5.0,211.0,0.9122,Poliedro,697.4066666666666,30.0,706.2328787878788,13.3914942528736
35143406,AUGUSTO LARANJA COLEGIO UNIDADE I,3550308,3.0,516,Desafiante (2º-5º local),False,686.9142857142857,21.0,5.0,109.0,0.9121,Poliedro,700.3965217391304,23.0,693.9618181818182,-13.482236024844724
31339989,INSTITUTO EDUCACIONAL MARGARIDA REZENDE,3118304,1.0,4,Líder local,False,700.5133333333334,15.0,5.0,54.0,0.9119,Poliedro,688.6234482758621,29.0,692.6768181818182,11.88988505747136
50032895,COLEGIO UNIGRAN - UNIDADE II,5003702,1.0,6,Líder local,False,708.71,16.0,5.0,16.0,0.9109,Poliedro,731.12,18.0,720.5741176470589,-22.409999999999968
43119930,COLEGIO MAUA,4316808,1.0,5,Líder local,False,686.2,94.0,5.0,386.0,0.9108,Poliedro,680.7693452380953,112.0,683.2474110032363,5.430654761904748
23077557,COLEGIO 7 DE SETEMBRO,2304400,7.0,117,Outras posições,False,705.613156342183,113.0,5.0,406.0,0.9096,Poliedro,,,705.613156342183,
33066698,COLEGIO MARISTA SAO JOSE,3304557,16.0,344,Outras posições,False,668.4067741935484,62.0,5.0,176.0,0.9096,Poliedro,660.0014285714285,70.0,663.949393939394,8.405345622119853
24069191,CENTRO DE EDUCACAO INTEGRADA S A - ROMUALDO,2408102,4.0,48,Desafiante (2º-5º local),False,698.3012949640288,139.0,4.0,436.0,0.9091,Poliedro,685.8810298102982,123.0,692.470407124682,12.420265153730611
29422272,CENTRO EDUCACIONAL VILLA LOBOS,2927408,1.0,90,Líder local,False,696.9911538461539,52.0,5.0,195.0,0.9089,Poliedro,687.1012244897959,49.0,692.1930693069307,9.889929356358039
24084263,COLEGIO MARIE JOST,2408102,5.0,48,Desafiante (2º-5º local),False,698.0346666666667,15.0,4.0,57.0,0.9089,Poliedro,683.0122222222221,18.0,689.840606060606,15.022444444444545
35136025,COLEGIO VISCONDE DE PORTO SEGURO CAMPUS VALINHOS,3556206,2.0,6,Desafiante (2º-5º local),False,679.5299382716049,108.0,5.0,473.0,0.9086,Poliedro,665.7623333333333,100.0,672.9108974358975,13.767604938271575
31005975,INSTITUTO CORACAO DE JESUS,3106200,14.0,110,Outras posições,False,678.9444444444445,27.0,5.0,84.0,0.9081,Poliedro,667.0699999999999,16.0,674.5260465116279,11.87444444444452
41148142,COLEGIO DO BOSQUE MANANCIAIS,4106902,1.0,69,Líder local,False,703.096,20.0,5.0,80.0,0.908,Poliedro,693.5263157894736,19.0,698.4338461538462,9.569684210526361
23246847,FARIAS BRITO COLEGIO DE APLICACAO,2304400,8.0,117,Outras posições,False,793.3013333333333,30.0,4.0,116.0,0.9079,Poliedro,789.9253333333332,30.0,791.6133333333333,3.37600000000009
23246880,CHRISTUS COLEGIO PRE UNIVERSITARIO,2304400,9.0,117,Outras posições,False,779.3317647058823,34.0,4.0,127.0,0.9077,Poliedro,762.2160869565217,46.0,769.4902500000001,17.115677749360543
23235543,ARI DE SA CAVALCANTE - MAJOR FACUNDO,2304400,10.0,117,Outras posições,False,765.7316129032258,31.0,4.0,106.0,0.9074,Poliedro,760.0921212121212,33.0,762.82375,5.639491691104581
35449003,FAAP RIBEIRAO PRETO COLEGIO,3543402,1.0,38,Líder local,False,701.7197027600849,157.0,5.0,484.0,0.9069,Poliedro,688.7832863849766,142.0,695.5759866220736,12.936416375108365
26156202,MD EDUCACIONAL- COLEGIO MADRE DE DEUS UNIDADE II,2611606,5.0,76,Desafiante (2º-5º local),False,681.981037037037,135.0,5.0,450.0,0.9065,Poliedro,664.8627414330218,107.0,674.4122038567494,17.118295604015202
23272333,FARIAS BRITO COLEGIO PRE-VESTIBULAR CENTRAL,2304400,11.0,117,Outras posições,False,750.8066666666666,33.0,4.0,210.0,0.9063,Poliedro,759.6722580645161,31.0,755.1009375,-8.865591397849471
21010331,COLEGIO DOM BOSCO LTDA,2111300,1.0,47,Líder local,False,666.5224836601308,51.0,5.0,216.0,0.905,Poliedro,671.2671698113206,53.0,668.9404487179488,-4.744686151189853
28032322,CENTRO DE EXCELENCIA MASTER,2800308,1.0,43,Líder local,False,697.7100694444445,192.0,5.0,691.0,0.9047,Poliedro,702.7736492890995,211.0,700.361224152192,-5.06357984465501
31329282,COLEGIO BATISTA MINEIRO - UNIDADE BURITIS II,3106200,15.0,110,Outras posições,False,677.0185714285714,42.0,5.0,211.0,0.9041,Poliedro,660.8828070175438,38.0,669.3540833333333,16.135764411027594
23069864,ARI DE SA CAVALCANTE - DUQUE DE CAXIAS,2304400,12.0,117,Outras posições,False,676.8806629834254,181.0,5.0,416.0,0.904,Poliedro,675.4954074074075,135.0,676.2888607594937,1.3852555760179257
29485541,COLEGIO BERNOULLI,2927408,2.0,90,Desafiante (2º-5º local),False,731.7037475345168,169.0,4.0,564.0,0.9036,Poliedro,726.237957957958,111.0,729.5369523809525,5.465789576558791
26137631,COLEGIO NUCLEO,2611606,6.0,76,Outras posições,False,728.8309803921569,153.0,4.0,496.0,0.9031,Poliedro,716.8095364238411,151.0,722.859802631579,12.021443968315793
29365023,COLEGIO OFICINA,2927408,3.0,90,Desafiante (2º-5º local),False,696.4232258064516,62.0,5.0,186.0,0.9029,Poliedro,672.4361538461538,52.0,685.4817543859649,23.987071960297726
53056000,COL OLIMPO,5300108,2.0,117,Desafiante (2º-5º local),False,727.3460805860806,91.0,4.0,342.0,0.9023,Poliedro,728.78875,64.0,727.9417634408602,-1.4426694139194751
35165347,MOBILE COLEGIO,3550308,4.0,516,Desafiante (2º-5º local),False,723.9795192307691,208.0,4.0,714.0,0.9017,Poliedro,711.5446554934823,179.0,718.2279931093884,12.434863737286832
25073214,COLEGIO NOSSA SENHORA DE LOURDES,2504009,1.0,20,Líder local,False,675.8135333333333,100.0,5.0,324.0,0.9017,Poliedro,684.1567346938775,98.0,679.9429966329966,-8.343201360544185
23076208,PROVECTO COLEGIO,2304400,13.0,117,Outras posições,False,722.0957142857143,14.0,4.0,48.0,0.9015,Poliedro,715.2058823529412,17.0,718.3174193548388,6.889831932773063
35162243,COLEGIO VISCONDE DE PORTO SEGURO CAMPUS PANAMBY,3550308,5.0,516,Desafiante (2º-5º local),False,675.2493939393939,88.0,5.0,367.0,0.9012,Poliedro,673.1223958333334,64.0,674.3538157894736,2.1269981060605687
24089214,CENTRO DE EDUCACAO INTEGRADA S A - ROBERTO FREIRE,2408102,6.0,48,Outras posições,False,690.6954285714286,70.0,4.0,168.0,0.9011,Poliedro,678.7435443037974,79.0,684.3585234899328,11.951884267631158
43216471,UNIDADE DE ENSINO COLEGIO SINODAL PRADO GRAVATAI,4309209,1.0,7,Líder local,False,677.8218181818182,11.0,5.0,64.0,0.9003,Poliedro,696.9963636363636,11.0,687.4090909090909,-19.17454545454541
26197405,COLEGIO EXIMIUS,2611606,7.0,76,Outras posições,False,688.2833333333334,42.0,5.0,141.0,0.9001,Poliedro,671.6392592592592,27.0,681.7704347826087,16.644074074074183
43175317,SOCIEDADE EDUCACIONAL MARIO QUINTANA LTDA,4314407,1.0,10,Líder local,False,677.7008108108108,74.0,5.0,213.0,0.8998,Poliedro,675.3783561643836,73.0,676.5474829931974,2.322454646427218
22022406,COLEGIO LEROTE LTDA,2211001,4.0,52,Desafiante (2º-5º local),False,717.0234146341463,41.0,4.0,235.0,0.8998,Poliedro,723.0889795918367,49.0,720.3257777777778,-6.0655649576904125
31205231,COL N SRA DE LOURDES,3138203,2.0,8,Desafiante (2º-5º local),False,693.4513043478261,69.0,5.0,252.0,0.8997,Poliedro,686.2898412698413,63.0,690.0333333333333,7.161463077984763
33066671,COLEGIO MARIA RAYTHE - ASSOCIACAO FRANCISCANA NOSSA SENHORA DO AMPARO,3304557,17.0,344,Outras posições,False,673.8057142857143,42.0,5.0,146.0,0.8989,Poliedro,659.2748387096774,31.0,667.6350684931507,14.53087557603692
35103548,SAO LUIS COLEGIO EIFM,3550308,6.0,516,Outras posições,False,673.6206472491909,103.0,5.0,366.0,0.8985,Poliedro,671.9275,92.0,672.821829059829,1.693147249190929
52096785,COLEGIO OLIMPO GOIANIA,5208707,2.0,68,Desafiante (2º-5º local),False,712.3107103825137,61.0,4.0,215.0,0.897,Poliedro,700.5526495726496,39.0,707.7250666666666,11.758060809864105
35173186,LICEU JARDIM,3547809,1.0,36,Líder local,False,717.7644827586207,174.0,5.0,596.0,0.8964,Poliedro,702.0760493827161,162.0,710.2004166666668,15.688433375904651
32074964,COLEGIO SALESIANO JARDIM CAMBURI,3205309,4.0,18,Desafiante (2º-5º local),False,689.4235087719298,57.0,5.0,225.0,0.8961,Poliedro,,,689.4235087719298,
31184331,COLEGIO SAGRADO CORACAO DE MARIA,3169901,1.0,4,Líder local,False,689.2266666666666,24.0,5.0,89.0,0.8958,Poliedro,698.0269230769231,26.0,693.8027999999999,-8.800256410256566
31004138,COLEGIO ARNALDO - UNIDADE ANCHIETA,3106200,16.0,110,Outras posições,False,671.7014285714286,14.0,5.0,44.0,0.8957,Poliedro,649.4914285714285,21.0,658.3754285714285,22.210000000000036
23462442,COLEGIO CHRISTUS UNIDADE SUL,2304400,14.0,117,Outras posições,False,670.7715555555556,45.0,5.0,241.0,0.8946,Poliedro,668.548,60.0,669.5009523809524,2.2235555555555493
33188092,COLEGIO ALFA CEM BILINGUE,3304557,18.0,344,Outras posições,False,715.3464,25.0,5.0,136.0,0.8946,Poliedro,724.4761904761905,21.0,719.514347826087,-9.129790476190465
31004731,COLEGIO MAGNUM AGOSTINIANO,3106200,17.0,110,Outras posições,False,707.41625,160.0,4.0,470.0,0.8945,Poliedro,707.0870491803279,122.0,707.273829787234,0.3292008196721099
31013935,COLEGIO BATISTA MINEIRO - UNIDADE BETIM,3106705,1.0,6,Líder local,False,670.5811111111111,18.0,5.0,83.0,0.8944,Poliedro,660.9536842105263,19.0,665.6372972972972,9.627426900584851
28017943,COLEGIO AMADEUS LTDA,2800308,2.0,43,Desafiante (2º-5º local),False,674.2116104868915,89.0,5.0,253.0,0.8943,Poliedro,669.5946551724138,116.0,671.5990894308944,4.61695531447765
35105314,COLEGIO FRANCISCANO PIOXII,3550308,7.0,516,Outras posições,False,670.4731666666667,80.0,5.0,308.0,0.8942,Poliedro,671.5785882352941,85.0,671.0426262626262,-1.1054215686274347
31007111,COLEGIO SAGRADO CORACAO DE JESUS,3106200,18.0,110,Outras posições,False,670.2414814814815,54.0,5.0,206.0,0.8939,Poliedro,662.219298245614,38.0,666.9279710144928,8.022183235867487
35112562,NOTRE DAME DE CAMPINAS COLEGIO,3509502,1.0,47,Líder local,False,687.3875,120.0,5.0,472.0,0.8935,Poliedro,682.4862172284644,89.0,685.300350877193,4.901282771535648
43107419,COLEGIO MAE DE DEUS,4314902,3.0,61,Desafiante (2º-5º local),False,673.7624444444444,30.0,5.0,133.0,0.8933,Poliedro,656.0325925925927,27.0,665.3640935672515,17.729851851851777
31371742,COLEGIO M2 - VESPASIANO,3171204,1.0,2,Sem comparação local (poucas escolas na cidade),False,661.5290909090909,11.0,5.0,27.0,0.8932,Poliedro,,,661.5290909090909,
33064040,ESCOLA ISRAELITA BRASILEIRA ELIEZER STEINBARG MAX NORDAU,3304557,19.0,344,Outras posições,False,687.1416666666668,24.0,5.0,58.0,0.8932,Poliedro,682.143,20.0,684.8695454545455,4.998666666666736
22144919,COLEGIO GREAT,2211001,5.0,52,Desafiante (2º-5º local),False,703.8186666666666,15.0,4.0,63.0,0.8931,Poliedro,,,703.8186666666666,
35114832,PEQUENO PRINCIPE COLEGIO,3543402,2.0,38,Desafiante (2º-5º local),False,669.7211594202898,69.0,5.0,311.0,0.8928,Poliedro,669.8261702127659,94.0,669.781717791411,-0.10501079247603684
33063648,COLEGIO SAO VICENTE DE PAULO,3304557,20.0,344,Outras posições,False,681.3947540983606,61.0,5.0,225.0,0.8918,Poliedro,672.636811594203,69.0,676.7463076923077,8.757942504157654
31294110,COLEGIO BURITIS AGOSTINIANO,3106200,19.0,110,Outras posições,False,669.0050666666667,25.0,5.0,90.0,0.8917,Poliedro,642.2886666666666,20.0,657.1311111111111,26.716400000000135
43108164,COL MARISTA NOSSA SENHORA DO ROSARIO,4314902,4.0,61,Desafiante (2º-5º local),False,672.3916875871688,239.0,5.0,843.0,0.8916,Poliedro,665.8501904761905,210.0,669.3321900519674,6.541497110978298
32041411,CENTRO DE ENSINO CHARLES DARWIN,3205309,5.0,18,Desafiante (2º-5º local),False,685.6892340425532,235.0,5.0,655.0,0.891,Poliedro,681.3609845288327,237.0,683.5159392655366,4.328249513720493
33142726,COL ISRAELITA BRAS A LIESSIN SCHOLEM ALEICHEM,3304557,21.0,344,Outras posições,False,668.5491999999999,50.0,5.0,162.0,0.8907,Poliedro,664.2611764705882,51.0,666.3839603960396,4.288023529411703
35112513,PROGRESSO CAMPINEIRO COLEGIO,3509502,2.0,47,Desafiante (2º-5º local),False,685.6673333333333,30.0,5.0,126.0,0.8907,Poliedro,685.7615094339623,53.0,685.7274698795181,-0.09417610062894255
23275936,COLEGIO SHALOM,2304400,15.0,117,Outras posições,False,660.6063157894737,19.0,5.0,80.0,0.8907,Poliedro,639.5631578947368,19.0,650.0847368421053,21.04315789473685
31004880,COLEGIO MARISTA PADRE EUSTAQUIO,3106200,20.0,110,Outras posições,False,668.3004210526316,95.0,5.0,354.0,0.8899,Poliedro,,,668.3004210526316,
29200091,SARTRE ESCOLA SEB - ITAIGARA,2927408,4.0,90,Desafiante (2º-5º local),False,684.7899079754601,326.0,5.0,1096.0,0.8899,Poliedro,682.1973584905661,318.0,683.5097360248448,2.5925494848939934
29530210,SARTRE ESCOLA SEB - MONET,2919207,1.0,8,Líder local,False,684.7009248554913,173.0,5.0,680.0,0.8895,Poliedro,679.6240963855422,166.0,682.2149262536873,5.076828469949078
32040075,COLEGIO SAGRADO CORACAO DE MARIA,3205309,6.0,18,Outras posições,False,703.2246153846154,26.0,5.0,141.0,0.8889,Poliedro,677.3456,25.0,690.5388235294117,25.8790153846154
31041262,COLEGIO ROBERTO CARNEIRO,3122306,2.0,9,Desafiante (2º-5º local),False,667.7692682926829,82.0,5.0,293.0,0.8888,Poliedro,661.8347791164658,83.0,664.7840404040404,5.934489176217085
33104247,INSTITUTO NOSSA SENHORA DA PIEDADE II,3304557,22.0,344,Outras posições,False,667.6236363636364,44.0,5.0,265.0,0.8885,Poliedro,686.3458064516129,31.0,675.3621333333334,-18.722170087976565
22014543,COLEGIO NOSSA SENHORA DAS GRACAS,2207702,1.0,11,Líder local,False,667.5824,50.0,5.0,201.0,0.8883,Poliedro,674.0963636363637,55.0,670.9944761904763,-6.5139636363636555
52033848,COLEGIO SANTO AGOSTINHO,5208707,3.0,68,Desafiante (2º-5º local),False,682.8528947368421,76.0,5.0,276.0,0.8876,Poliedro,690.4275,72.0,686.5378378378379,-7.574605263157878
22023658,EDUCANDARIO SANTA MARIA GORETTI,2211001,6.0,52,Outras posições,False,659.1961904761905,21.0,5.0,109.0,0.8875,Poliedro,702.1493333333333,15.0,677.0933333333334,-42.95314285714278
43215050,COLEGIO BERTONI MED,4314902,5.0,61,Desafiante (2º-5º local),False,682.5307692307692,13.0,5.0,14.0,0.8875,Poliedro,676.924705882353,17.0,679.354,5.606063348416228
43107494,CENTRO DE ENSINO MEDIO PASTOR DOHMS-UNIDADE DE ENSINO HIGIENOPOLIS,4314902,6.0,61,Outras posições,False,669.5675757575757,66.0,5.0,252.0,0.8873,Poliedro,641.0943529411765,85.0,653.5396026490066,28.473222816399243
33116903,CENTRO EDUCACIONAL DA LAGOA,3304557,23.0,344,Outras posições,False,666.6654545454545,33.0,5.0,170.0,0.8858,Poliedro,685.64,47.0,677.8129999999999,-18.974545454545478
29447518,COLEGIO MARISTA DE PATAMARES,2927408,5.0,90,Desafiante (2º-5º local),False,658.5875268817205,93.0,5.0,392.0,0.8856,Poliedro,661.9952252252252,74.0,660.0975249500999,-3.4076983435047623
22142363,COLEGIO PROPOSITO,2211001,7.0,52,Outras posições,False,721.8133333333334,15.0,3.0,293.0,0.8852,Poliedro,627.0224528301887,106.0,638.7733884297521,94.79088050314465
53020006,C EDUCACIONAL SIGMA - ASA NORTE,5300108,3.0,117,Desafiante (2º-5º local),False,680.6918181818181,88.0,5.0,330.0,0.8849,Poliedro,673.4823723723724,111.0,676.6704690117253,7.209445809445697
31291986,CENTRO EDUCACIONAL DIVINOPOLIS-ANGLO,3122306,3.0,9,Desafiante (2º-5º local),False,666.2406666666667,50.0,5.0,51.0,0.8848,Poliedro,669.3433333333334,24.0,667.2469369369369,-3.1026666666666642
35113852,LUIZ DE QUEIROZ COLEGIO,3538709,1.0,25,Líder local,False,680.6035842293907,93.0,5.0,376.0,0.8848,Poliedro,672.1683928571429,112.0,675.9950894308944,8.4351913722478
52034054,COLEGIO PROGRESSIVO,5208707,4.0,68,Desafiante (2º-5º local),False,677.0464978902953,79.0,5.0,263.0,0.8848,Poliedro,669.0632900432901,77.0,673.1060683760684,7.9832078470052465
31005789,COLEGIO SAO PAULO DA CRUZ,3106200,21.0,110,Outras posições,False,665.9266666666667,18.0,5.0,88.0,0.8837,Poliedro,609.4058823529411,17.0,638.4737142857143,56.520784313725585
35135288,COLEGIO ANGLO LEONARDO DA VINCI,3534401,1.0,31,Líder local,False,679.0827586206897,29.0,5.0,140.0,0.8835,Poliedro,681.2227397260274,73.0,680.6143137254902,-2.1399811053377107
31004952,COLEGIO SANTA MARIA MINAS - UNIDADE PAMPULHA,3106200,22.0,110,Outras posições,False,665.6899999999999,90.0,5.0,297.0,0.8834,Poliedro,663.8438759689923,86.0,664.7879166666667,1.8461240310076619
22027173,COLEGIO PROCAMPUS,2211001,8.0,52,Outras posições,False,728.4292307692308,13.0,4.0,103.0,0.8832,Poliedro,733.2866666666667,12.0,730.7608,-4.857435897435948
28017781,COLEGIO ARQUIDIOCESANO S CORACAO DE JESUS,2800308,3.0,43,Desafiante (2º-5º local),False,678.9244102564103,65.0,5.0,239.0,0.883,Poliedro,655.721,40.0,670.0850158730159,23.20341025641028
32036671,ESCOLA MULTIPLA,3205002,1.0,8,Líder local,False,678.7405263157895,38.0,5.0,168.0,0.8827,Poliedro,689.978,30.0,683.6982352941176,-11.2374736842105
33087539,ESCOLA SUICO-BRASILEIRA RIO DE JANEIRO BY SWISS INTERNATIONAL SCHOOLS,3304557,24.0,344,Outras posições,False,665.25,20.0,5.0,88.0,0.8824,Poliedro,666.5600000000001,12.0,665.74125,-1.3100000000000591
33064768,COLEGIO SAGRADO CORACAO DE MARIA,3304557,24.0,344,Outras posições,False,657.7271428571429,28.0,5.0,75.0,0.8824,Poliedro,655.4680000000001,15.0,656.9390697674419,2.2591428571428196
33184739,COLEGIO ALFA CEM BILINGUE,3304557,26.0,344,Outras posições,False,759.3114285714286,14.0,4.0,180.0,0.882,Poliedro,759.6247058823529,17.0,759.4832258064517,-0.31327731092437716
32038178,CENTRO DE ENSINO CHARLES DARWIN,3205200,1.0,23,Líder local,False,695.2004964539007,94.0,5.0,330.0,0.8819,Poliedro,696.3131764705882,85.0,695.7288640595904,-1.112680016687591
33165920,COLEGIO E CURSO PENSI,3303302,4.0,42,Desafiante (2º-5º local),False,758.8586206896553,29.0,4.0,277.0,0.8818,Poliedro,736.118,30.0,747.295593220339,22.740620689655202
33021740,ABMSA COL NS DAS MERCES,3303401,1.0,15,Líder local,False,678.1966666666667,24.0,5.0,103.0,0.8816,Poliedro,655.1931034482758,29.0,665.6098113207547,23.003563218390923
35107190,NOSSA SENHORA DO ROSARIO COLEGIO,3550308,8.0,516,Outras posições,False,678.1587878787878,66.0,5.0,295.0,0.8814,Poliedro,678.0286021505377,93.0,678.0826415094341,0.13018572825012598
31320536,SISTEMA APOIO DE ENSINO,3170107,2.0,13,Desafiante (2º-5º local),False,690.3314285714285,42.0,4.0,149.0,0.8814,Poliedro,690.294623655914,31.0,690.3157990867579,0.036804915514494496
33065837,ESCOLA PARQUE,3304557,27.0,344,Outras posições,False,690.2979746835443,79.0,4.0,307.0,0.8813,Poliedro,656.6008219178083,73.0,674.1144736842105,33.697152765736064
22142622,GRUPO EDUCACIONAL CEV - UNIDADE KENNEDY,2211001,9.0,52,Outras posições,False,664.868064516129,62.0,5.0,283.0,0.8813,Poliedro,647.5949019607842,102.0,654.125,17.27316255534481
33025673,PENSI CASULO RIO DAS OSTRAS,3304524,1.0,14,Líder local,False,657.0870042194093,79.0,5.0,222.0,0.8806,Poliedro,636.7462745098039,68.0,647.6776870748299,20.340729709605398
50030590,COLEGIO LUMIERE ENSINO FUNDAMENTAL,5003702,2.0,6,Desafiante (2º-5º local),False,717.234,20.0,4.0,54.0,0.8805,Poliedro,,,717.234,
29182344,COLEGIO INTEGRAL,2927408,6.0,90,Outras posições,False,675.2497959183673,98.0,4.0,344.0,0.8804,Poliedro,682.8291954022989,87.0,678.8141621621621,-7.579399483931525
31053953,COLEGIO ESCOLAPIO IBITURUNA,3127701,1.0,7,Líder local,False,664.4781220657278,142.0,5.0,385.0,0.8802,Poliedro,670.9985123966943,121.0,667.4779974651458,-6.5203903309665066
53001320,COL MADRE CARMEN SALLES,5300108,4.0,117,Desafiante (2º-5º local),False,677.5903703703704,54.0,5.0,160.0,0.8801,Poliedro,641.466511627907,43.0,661.5767010309279,36.12385874246331
23236051,MASTER COLEGIO,2304400,16.0,117,Outras posições,False,664.3947899159664,119.0,5.0,362.0,0.8801,Poliedro,646.715751633987,102.0,656.2352337858221,17.679038281979388
53015347,C EDUCACIONAL SIGMA AGUAS CLARAS,5300108,5.0,117,Desafiante (2º-5º local),False,677.5172151898735,79.0,5.0,238.0,0.88,Poliedro,665.7965909090909,88.0,671.3410778443114,11.720624280782545
26194236,COLEGIO SABER VIVER - UNIDADE III,2611606,8.0,76,Outras posições,False,694.746923076923,26.0,4.0,147.0,0.88,Poliedro,,,694.746923076923,
35109708,CARMO COLEGIO,3548500,1.0,32,Líder local,False,666.3104402515722,53.0,5.0,166.0,0.8796,Poliedro,642.3554545454546,44.0,655.4442611683849,23.954985706117668
35103718,RIO BRANCO UNIDADE HIGIENOPOLIS COLEGIO,3550308,9.0,516,Outras posições,False,664.1056038647343,69.0,5.0,265.0,0.8791,Poliedro,669.0954320987655,54.0,666.2962601626017,-4.989828234031165
35120285,MIGUEL DE CERVANTES COLEGIO,3550308,10.0,516,Outras posições,False,676.775707762557,73.0,5.0,395.0,0.8784,Poliedro,655.2895238095238,63.0,666.8225490196078,21.48618395303322
31193038,COLEGIO CATOLICA PADRE DE MAN,3119401,1.0,3,Líder local,False,676.6861458333333,64.0,5.0,193.0,0.8782,Poliedro,685.0196923076923,65.0,680.8852196382429,-8.333546474358968
31105899,COLEGIO COMERCIAL ITABIRANO,3131703,1.0,6,Líder local,False,676.6232558139535,43.0,5.0,165.0,0.8781,Poliedro,680.664,40.0,678.5706024096386,-4.0407441860464814
21009902,CENTRO EDUCACIONAL MONTESSORIANO REINO INFANTIL,2111300,2.0,47,Desafiante (2º-5º local),False,687.4187692307693,65.0,4.0,226.0,0.8781,Poliedro,690.0045502645503,63.0,688.6914583333333,-2.585781033781018
23274859,ANTARES ATS COLEGIO,2304400,17.0,117,Outras posições,False,663.0553846153846,13.0,5.0,67.0,0.8773,Poliedro,667.5325,16.0,665.5255172413792,-4.477115384615445
13099981,CENTRO EDUCACIONAL LATO SENSU III,1302603,1.0,49,Líder local,False,686.99,38.0,4.0,172.0,0.8773,Poliedro,669.86,19.0,681.28,17.129999999999995
35290804,ESCOLA SEB UNIDADE ALVARES CABRAL,3543402,3.0,38,Desafiante (2º-5º local),False,725.4759420289855,69.0,4.0,212.0,0.877,Poliedro,707.1502515723271,53.0,717.5147814207651,18.325690456658435
33110034,CENTRO EDUCACIONAL ESPACO INTEGRADO,3304557,28.0,344,Outras posições,False,655.3824761904762,35.0,5.0,127.0,0.8767,Poliedro,652.2271111111111,30.0,653.9261538461539,3.155365079365083
53001222,C EDUCACIONAL SIGMA,5300108,6.0,117,Outras posições,False,675.3353333333333,90.0,5.0,368.0,0.8766,Poliedro,679.4595379537953,101.0,677.5161954624781,-4.124204620462024
12028835,COLEGIO LATO SENSU,1200401,1.0,10,Líder local,False,672.3068421052632,38.0,4.0,144.0,0.8758,Poliedro,661.418947368421,38.0,666.8628947368421,10.887894736842213
43172440,COLEGIO LEONARDO DA VINCI- BETA,4314902,7.0,61,Outras posições,False,664.4967857142857,56.0,5.0,170.0,0.875,Poliedro,664.6028125,64.0,664.5533333333333,-0.10602678571433444
33085846,ESC BRETANHA JD INFANCIA TIO CARECA,3304557,29.0,344,Outras posições,False,716.1613793103448,29.0,4.0,133.0,0.8746,Poliedro,694.2647619047618,42.0,703.2084507042252,21.896617405583015
53015789,COLEGIO OLIMPO AGUAS CLARAS,5300108,7.0,117,Outras posições,False,716.0402666666666,75.0,4.0,329.0,0.8745,Poliedro,718.57375,64.0,717.206762589928,-2.533483333333379
28018109,CURSO COLEGIO MODULO LTDA,2800308,4.0,43,Desafiante (2º-5º local),False,664.3465909090909,88.0,5.0,315.0,0.8745,Poliedro,657.963676012461,107.0,660.8441709401709,6.382914896629927
28017757,COESI COLEGIO DE ORIENTACAO E ESTUDOS INTEGRADOS E ESCOLINHA DO RE MI EIRELI - EPP,2800308,5.0,43,Desafiante (2º-5º local),False,664.1664516129032,62.0,5.0,229.0,0.8739,Poliedro,655.6118614718615,77.0,659.4275779376499,8.554590141041672
42012023,ESCOLA NORMAL E GINASIO MADRE TERESA MICHEL,4204608,1.0,11,Líder local,False,664.0661333333333,50.0,5.0,198.0,0.8735,Poliedro,677.5775609756098,41.0,670.1536996336996,-13.511427642276544
29487250,COLEGIO SAO PAULO,2927408,7.0,90,Outras posições,False,673.1548917748918,77.0,5.0,361.0,0.8731,Poliedro,681.8295582329317,83.0,677.654875,-8.674666458039951
29422248,COLEGIO ANGLO BRASILEIRO,2927408,8.0,90,Outras posições,False,673.0512820512821,39.0,5.0,115.0,0.8728,Poliedro,668.3539130434783,23.0,671.3087096774194,4.697369007803786
31007153,ESCOLA SEB UNIDADE SERRA,3106200,23.0,110,Outras posições,False,661.0757575757576,11.0,5.0,38.0,0.8727,Poliedro,,,661.0757575757576,
31018864,CENTRO DE EDUCACAO ANGHER,3105608,1.0,5,Líder local,False,661.0516666666666,12.0,5.0,58.0,0.8726,Poliedro,656.5460869565217,23.0,658.0908571428571,4.505579710144957
35134806,ETAPA COLEGIO DE EFM,3550308,11.0,516,Outras posições,False,712.9624032921811,405.0,4.0,1275.0,0.8724,Poliedro,706.852471416007,379.0,710.00875,6.109931876174073
52033210,COLEGIO AGOSTINIANO NS DE FATIMA,5208707,5.0,68,Desafiante (2º-5º local),False,687.0796610169491,118.0,4.0,516.0,0.8721,Poliedro,676.7445698924731,124.0,681.783994490358,10.33509112447598
52086615,COLEGIO JAO LTDA,5208707,6.0,68,Outras posições,False,660.721090909091,55.0,5.0,218.0,0.8716,Poliedro,672.6463829787234,47.0,666.2160784313726,-11.925292069632405
31166103,COLEGIO SAO DOMINGOS,3104007,1.0,4,Líder local,False,671.9457142857143,28.0,5.0,159.0,0.8714,Poliedro,643.1587999999999,50.0,653.4925641025641,28.786914285714374
29714630,CENTRO EDUCACIONAL MUNDAI,2925303,1.0,6,Líder local,False,680.9058333333334,24.0,4.0,90.0,0.8699,Poliedro,657.6808695652173,23.0,669.5404255319149,23.224963768116027
52034046,COLEGIO PREVEST,5208707,7.0,68,Outras posições,False,670.8133064516129,124.0,5.0,490.0,0.8698,Poliedro,670.5957142857143,84.0,670.7254326923078,0.21759216589862262
53013670,C EDUCACIONAL LEONARDO DA VINCI - UNIDADE TAGUATINGA,5300108,8.0,117,Outras posições,False,683.7619366852887,179.0,5.0,547.0,0.8696,Poliedro,676.9237477477477,185.0,680.2864835164835,6.838188937540963
25093088,COLEGIO MARISTA PIO X,2507507,4.0,55,Desafiante (2º-5º local),False,653.4760526315789,76.0,5.0,346.0,0.8695,Poliedro,661.0308163265306,98.0,657.7310344827586,-7.554763694951703
35133115,COLEGIO PARTHENON BOM CLIMA,3518800,1.0,57,Líder local,False,683.0055384615384,65.0,5.0,197.0,0.8685,Poliedro,662.6252830188679,53.0,673.8516949152543,20.380255442670546
31004111,COLEGIO SAO JOSE DE ENSINO FUNDAMENTAL E MEDIO,3106200,24.0,110,Outras posições,False,659.145,20.0,5.0,70.0,0.8676,Poliedro,660.6675,16.0,659.8216666666667,-1.5225000000000364
51036215,COLEGIO NOTRE DAME DE LOURDES,5103403,1.0,27,Líder local,False,669.5498305084747,59.0,5.0,343.0,0.8675,Poliedro,667.6398058252427,103.0,668.3354320987654,1.9100246832319954
43104983,COLEGIO ISRAELITA BRASILEIRO,4314902,8.0,61,Outras posições,False,661.2070731707317,41.0,5.0,175.0,0.8675,Poliedro,639.1795918367346,49.0,649.2143333333332,22.027481333997116
41352866,BOM JESUS DIVINA PROVIDENCIA COL EDUC INF ENS FUND E MEDIO,4106902,2.0,69,Desafiante (2º-5º local),False,669.1423188405797,69.0,5.0,246.0,0.8674,Poliedro,689.3459259259259,54.0,678.0121951219512,-20.20360708534622
35114820,MARISTA COLEGIO DE RIBEIRAO PRETO,3543402,4.0,38,Desafiante (2º-5º local),False,681.7958823529412,68.0,5.0,209.0,0.8672,Poliedro,640.7020408163265,49.0,664.585641025641,41.09384153661472
23243350,FARIAS BRITO JOVEM SEIS BOCAS COLEGIO,2304400,18.0,117,Outras posições,False,659.0377011494253,87.0,5.0,325.0,0.8671,Poliedro,659.000625,96.0,659.0182513661202,0.03707614942527471
35100432,JARDIM SAO PAULO COLEGIO,3550308,12.0,516,Outras posições,False,668.9298245614035,133.0,5.0,510.0,0.8666,Poliedro,658.6448648648649,148.0,663.5128351126929,10.284959696538635
35583224,COLEGIO COC,3548708,2.0,33,Desafiante (2º-5º local),False,701.9771428571429,14.0,4.0,14.0,0.8665,Poliedro,716.103076923077,13.0,708.7785185185186,-14.125934065934075
31293687,COLEGIO MARISTA - VARGINHA,3170701,1.0,7,Líder local,False,678.2270531400966,69.0,4.0,210.0,0.8661,Poliedro,693.2289285714286,56.0,684.9478933333334,-15.001875431331996
51036169,COLEGIO IBERO AMERICANO,5103403,2.0,27,Desafiante (2º-5º local),False,701.0,17.0,4.0,79.0,0.866,Poliedro,685.415,16.0,693.4436363636363,15.585000000000036
24350303,CENTRO DE EDUCACAO INTEGRADA MAIS LTDA,2408102,7.0,48,Outras posições,False,667.0768582375479,87.0,4.0,268.0,0.8658,Poliedro,658.938125,64.0,663.6273289183222,8.138733237547854
53012860,COL GALOIS,5300108,9.0,117,Outras posições,False,700.4555115511552,101.0,4.0,358.0,0.8657,Poliedro,695.0600000000001,111.0,697.6305031446542,5.395511551155096
17056446,COLEGIO OLIMPO PALMAS INTEGRAL,1721000,1.0,14,Líder local,False,699.0537634408603,62.0,4.0,309.0,0.8651,Poliedro,698.1883544303797,79.0,698.5688888888889,0.8654090104805618
25133861,COLEGIO GGE,2507507,5.0,55,Desafiante (2º-5º local),False,681.137536231884,46.0,4.0,151.0,0.865,Poliedro,671.0655172413793,29.0,677.2430222222223,10.072018990504716
52068986,COLEGIO WR,5208707,8.0,68,Outras posições,False,717.7649751243781,201.0,3.0,823.0,0.8646,Poliedro,723.8153303964757,227.0,720.9739252336448,-6.05035527209759
33021660,COLEGIO ANCHIETA,3303401,2.0,15,Desafiante (2º-5º local),False,667.95125,72.0,5.0,241.0,0.8644,Poliedro,675.0174666666667,100.0,672.0595155038759,-7.066216666666719
52033708,COLEGIO MARISTA GOIANIA EI EF EM,5208707,9.0,68,Outras posições,False,658.1341935483871,31.0,5.0,165.0,0.8644,Poliedro,673.485,28.0,665.4193220338984,-15.350806451612925
33063311,COL ANDREWS,3304557,30.0,344,Outras posições,False,677.4103703703704,45.0,4.0,214.0,0.8641,Poliedro,697.9587301587302,63.0,689.396913580247,-20.54835978835979
35121307,COLEGIO ANGLO CIDADE DE SAO CARLOS - UNIDADE I,3548906,1.0,15,Líder local,False,667.7554838709677,31.0,5.0,138.0,0.8637,Poliedro,650.8270967741935,31.0,659.2912903225806,16.92838709677426
33173931,ESCOLA CAROLINA PATRICIO - UNIDADE GOLFE OLIMPICO,3304557,31.0,344,Outras posições,False,657.9297872340426,47.0,5.0,121.0,0.8636,Poliedro,657.9623076923077,26.0,657.9413698630137,-0.032520458265139496
43238203,COLEGIO JOAO PAULO,4314902,9.0,61,Outras posições,False,680.4651282051282,39.0,4.0,131.0,0.8634,Poliedro,706.9758823529412,34.0,692.812602739726,-26.51075414781303
32038224,COLEGIO MARISTA NOSSA SENHORA DA PENHA,3205200,2.0,23,Desafiante (2º-5º local),False,657.7277333333333,50.0,5.0,226.0,0.863,Poliedro,676.5941176470589,68.0,668.5998870056497,-18.866384313725575
41127242,COLEGIO MARISTA ANJO DA GUARDA EI EF EM,4106902,3.0,69,Desafiante (2º-5º local),False,676.7877124183007,51.0,4.0,236.0,0.8629,Poliedro,677.2728125,64.0,677.0576811594203,-0.48510008169932917
53009428,COL COC LAGO NORTE,5300108,10.0,117,Outras posições,False,667.4441666666667,12.0,5.0,47.0,0.8629,Poliedro,652.5600000000001,29.0,656.9163414634146,14.884166666666601
26117584,COLEGIO APOIO,2611606,9.0,76,Outras posições,False,679.5319999999999,40.0,4.0,107.0,0.8628,Poliedro,,,679.5319999999999,
35114960,COLEGIO SANTA URSULA DE RIBEIRAO PRETO,3543402,5.0,38,Desafiante (2º-5º local),False,667.2603389830508,59.0,5.0,257.0,0.8626,Poliedro,665.2028124999999,64.0,666.1897560975609,2.0575264830508786
31354910,CENTRO EDUCACIONAL CAVE,3136702,2.0,21,Desafiante (2º-5º local),False,690.7852100840337,119.0,4.0,326.0,0.8623,Poliedro,694.690625,128.0,692.8090688259109,-3.9054149159662757
31334049,COLEGIO CAETANO,3167202,1.0,13,Líder local,False,676.3439999999999,15.0,4.0,65.0,0.8621,Poliedro,677.9157142857142,14.0,677.1027586206897,-1.571714285714279
43105017,COL NOSSA SENHORA DO BOM CONSELHO,4314902,10.0,61,Outras posições,False,658.6786666666667,45.0,5.0,163.0,0.8611,Poliedro,638.7182608695653,46.0,648.5887912087912,19.96040579710143
32083882,ESCOLA MADAN,3205309,7.0,18,Outras posições,False,711.2780769230769,52.0,3.0,184.0,0.861,Poliedro,703.5182222222222,60.0,707.1210119047619,7.759854700854703
24097004,COLEGIO CIENCIAS APLICADAS,2408102,8.0,48,Outras posições,False,724.4170909090909,55.0,3.0,141.0,0.8607,Poliedro,743.967619047619,42.0,732.8822680412371,-19.55052813852808
31128058,INSTITUTO EDUCACIONAL SAO JOAO DA ESCOCIA,3151800,1.0,7,Líder local,False,657.0000865800866,77.0,5.0,298.0,0.8606,Poliedro,650.7547967479675,82.0,653.7792452830188,6.24528983211917
26187353,COLEGIO NUCLEO - BOA VIAGEM,2611606,10.0,76,Outras posições,False,710.4405555555555,72.0,3.0,266.0,0.8605,Poliedro,703.1658181818183,55.0,707.2900787401575,7.274737373737253
35143613,CENTRO EDUCACIONAL INTERATIVO CATANDUVA,3511102,1.0,9,Líder local,False,656.6426666666666,15.0,5.0,115.0,0.86,Poliedro,617.4464516129033,31.0,630.2278260869565,39.19621505376335
13025872,CENTRO EDUCACIONAL LATO SENSU,1302603,2.0,49,Desafiante (2º-5º local),False,674.6186363636364,88.0,4.0,315.0,0.8599,Poliedro,683.8287619047619,105.0,679.6293264248706,-9.210125541125535
35104985,BANDEIRANTES COLEGIO EFM,3550308,13.0,516,Outras posições,False,709.110641025641,364.0,3.0,1330.0,0.8599,Poliedro,693.7966069906223,391.0,701.1797969094923,15.314034035018722
35103421,LICEU DE ARTES E OFICIOS DE SAO PAULO,3550308,14.0,516,Outras posições,False,693.8913939393939,110.0,4.0,348.0,0.8597,Poliedro,701.3345833333333,112.0,697.6465165165165,-7.443189393939406
35131660,BRASILIA DE SAO PAULO COLEGIO,3550308,14.0,516,Outras posições,False,658.375625,96.0,5.0,289.0,0.8597,Poliedro,649.9789873417722,79.0,654.5851428571428,8.39663765822786
35141240,VERTICE COLEGIO UNIDADE II,3550308,16.0,516,Outras posições,False,732.3576344086022,62.0,4.0,267.0,0.8595,Poliedro,727.5901492537314,67.0,729.8814987080103,4.767485154870769
35480617,EMBRAER COLEGIO CASIMIRO MONTENEGRO FILHO,3507506,1.0,11,Líder local,False,674.4296202531646,79.0,4.0,241.0,0.8594,Poliedro,653.9721621621622,74.0,664.5351633986928,20.45745809100231
52091384,COLEGIO DEGRAUS,5208707,10.0,68,Outras posições,False,674.0981818181818,22.0,4.0,122.0,0.859,Poliedro,679.8742857142857,28.0,677.3328,-5.776103896103905
41133153,COLEGIO MARISTA SANTA MARIA EI EF EM,4106902,4.0,69,Desafiante (2º-5º local),False,656.2701806239738,203.0,5.0,711.0,0.8589,Poliedro,655.9795555555555,180.0,656.1335944299391,0.2906250684183078
23065591,FARIAS BRITO COLEGIO CENTRAL,2304400,19.0,117,Outras posições,False,656.1814545454546,220.0,5.0,499.0,0.8587,Poliedro,664.1782361733932,223.0,660.206922498119,-7.996781627938617
25133519,COLEGIO MOTIVA LTDA - MOTIVA CENTRO,2504009,2.0,20,Desafiante (2º-5º local),False,693.1370562770562,154.0,4.0,526.0,0.8587,Poliedro,693.8895424836602,153.0,693.5120738327904,-0.7524862066039759
35124199,ALBERT SABIN COLEGIO,3550308,17.0,516,Outras posições,False,692.7382456140351,171.0,4.0,610.0,0.8581,Poliedro,699.9289570552147,163.0,696.2474850299401,-7.190711441179587
41151844,SANTO ANGELO E - EI EF,4119905,1.0,14,Líder local,False,663.2397530864197,27.0,5.0,128.0,0.8581,Poliedro,,,663.2397530864197,
29342880,COLEGIO HELYOS,2910800,1.0,21,Líder local,False,715.7744444444445,36.0,3.0,113.0,0.8578,Poliedro,701.5205128205127,39.0,708.3623999999999,14.253931623931749
33183830,ESCOLA ELEVA,3304557,32.0,344,Outras posições,False,673.098125,32.0,4.0,187.0,0.8574,Poliedro,683.0058666666667,50.0,679.1394308943089,-9.907741666666766
26122162,COLEGIO MARISTA SAO LUIS,2611606,11.0,76,Outras posições,False,663.7133954451346,161.0,4.0,535.0,0.8573,Poliedro,663.5929213483147,178.0,663.6501376597837,0.1204740968198621
25153820,CARL ROGERS - CENTRO DE EDUCACAO,2507507,6.0,55,Outras posições,False,672.90875,16.0,4.0,45.0,0.857,Poliedro,658.86625,16.0,665.8875,14.042500000000018
12031682,ESC COLEGIO SIGMA,1200401,2.0,10,Desafiante (2º-5º local),False,676.6075999999999,50.0,4.0,120.0,0.8569,Poliedro,678.5958333333333,24.0,677.2524324324323,-1.988233333333369
42016142,COLEGIO BOM JESUS SANTO ANTONIO,4202404,1.0,9,Líder local,False,665.0074380165289,121.0,5.0,456.0,0.8569,Poliedro,647.4789417989418,126.0,656.0657759784075,17.528496217587076
15567672,COLEGIO CEI,1501402,4.0,65,Desafiante (2º-5º local),False,657.4752941176471,34.0,5.0,103.0,0.8568,Poliedro,697.6017543859649,38.0,678.6531481481481,-40.12646026831783
35144502,ANGLO CEZANNE COLEGIO,3501608,1.0,10,Líder local,False,650.4125925925925,27.0,5.0,106.0,0.8563,Poliedro,607.5521428571428,28.0,628.5927272727273,42.86044973544972
41071859,COLEGIO MARISTA DE CASCAVEL EI EF EM,4104808,1.0,15,Líder local,False,657.2027027027027,37.0,5.0,211.0,0.8562,Poliedro,661.4370512820514,52.0,659.6767041198502,-4.234348579348648
35480745,BEACON SCHOOL,3550308,18.0,516,Outras posições,False,657.092,10.0,5.0,136.0,0.8559,Poliedro,656.4307692307692,13.0,656.7182608695653,0.6612307692307695
31328294,COLEGIO UNIVERSITARIO PROFESSOR CANISIO IGNACIO LUNKES,3138203,3.0,8,Desafiante (2º-5º local),False,664.5039215686274,51.0,5.0,146.0,0.8556,Poliedro,662.2014634146341,41.0,663.4778260869564,2.3024581539933706
22022503,COLEGIO SAO FRANCISCO DE SALES,2211001,10.0,52,Outras posições,False,662.5,67.0,4.0,220.0,0.8552,Poliedro,656.9341025641025,78.0,659.5059310344827,5.565897435897455
35172959,DIVINO SALVADOR COLEGIO ITU,3523909,1.0,9,Líder local,False,655.1454838709678,62.0,5.0,220.0,0.8552,Poliedro,630.6268217054264,43.0,645.1045079365081,24.5186621655414
33115460,COL BAHIENSE - CAMPO GRANDE,3304557,33.0,344,Outras posições,False,664.3372549019607,51.0,5.0,140.0,0.8548,Poliedro,676.0733333333333,45.0,669.8385416666666,-11.736078431372562
31166332,COLEGIO MARISTA DIOCESANO,3170107,3.0,13,Desafiante (2º-5º local),False,655.0084552845528,41.0,5.0,131.0,0.8547,Poliedro,634.8702702702703,37.0,645.4557264957265,20.1381850142825
15038491,COL STA CATARINA DE SENA,1501402,5.0,65,Desafiante (2º-5º local),False,662.3746067415731,89.0,4.0,374.0,0.8546,Poliedro,663.4968992248062,86.0,662.9261333333334,-1.1222924832330818
41130987,MARTINUS CENTRO - COL EDUC INF ENS FUND ENS MEDIO E PROF,4106902,5.0,69,Desafiante (2º-5º local),False,664.2088,25.0,5.0,75.0,0.8545,Poliedro,647.9608333333333,32.0,655.087134502924,16.247966666666684
26175240,EVOLUCAO CENTRO EDUCACIONAL LTDA,2607901,1.0,22,Líder local,False,656.5963157894737,38.0,5.0,154.0,0.8544,Poliedro,663.7045283018867,53.0,660.7362637362637,-7.108212512413047
33092346,COLEGIO SANTA MARIA,3305109,1.0,10,Líder local,False,649.3356756756757,37.0,5.0,143.0,0.8543,Poliedro,655.3338271604938,54.0,652.8950183150183,-5.998151484818095
53001087,C EDUCACIONAL LEONARDO DA VINCI,5300108,11.0,117,Outras posições,False,688.4783647798743,159.0,4.0,472.0,0.8542,Poliedro,674.7817054263566,129.0,682.3434027777779,13.696659353517703
53001095,C EDUCACIONAL LEONARDO DA VINCI - UNID NORTE,5300108,12.0,117,Outras posições,False,688.0769306930694,202.0,4.0,690.0,0.8538,Poliedro,675.5992478632479,195.0,681.9480940386229,12.477682829821447
35006599,COLEGIO CHAMINADE,3506003,1.0,20,Líder local,False,663.8420000000001,30.0,5.0,122.0,0.8538,Poliedro,641.039534883721,43.0,650.4104109589042,22.80246511627911
31006513,COLEGIO NOSSA SENHORA DA PIEDADE,3106200,25.0,110,Outras posições,False,661.2614285714286,28.0,5.0,84.0,0.8536,Poliedro,665.5727272727273,11.0,662.4774358974358,-4.3112987012987105
33148376,ESCOLA PARQUE - BARRA,3304557,34.0,344,Outras posições,False,670.4391208791209,91.0,4.0,317.0,0.8535,Poliedro,686.361851851852,72.0,677.4724744376279,-15.922730972731074
25071106,COLEGIO IMACULADA CONCEICAO,2504009,3.0,20,Desafiante (2º-5º local),False,654.6871559633026,109.0,5.0,339.0,0.8534,Poliedro,650.6738613861386,101.0,652.7569523809524,4.013294577164061
23267151,NOVA DIMENSAO COLEGIO,2304400,20.0,117,Outras posições,False,649.0346666666667,45.0,5.0,150.0,0.8534,Poliedro,630.0975362318841,46.0,639.4620512820513,18.937130434782603
22025715,COLEGIO PROPOSITO,2211001,11.0,52,Outras posições,False,697.483076923077,26.0,3.0,28.0,0.8532,Poliedro,696.2330952380953,84.0,696.5285454545455,1.2499816849816625
31005622,COLEGIO NOSSA SENHORA DAS DORES - UNIDADE POMPEIA,3106200,26.0,110,Outras posições,False,654.6316129032259,31.0,5.0,92.0,0.8531,Poliedro,671.6296551724138,29.0,662.8473333333333,-16.998042269187863
31317101,COLEGIO APOGEU DE ENSINO FUNDAMENTAL E ENSINO MEDIO,3136702,3.0,21,Desafiante (2º-5º local),False,710.0752631578947,38.0,2.0,154.0,0.8531,Poliedro,719.5819047619048,42.0,715.0662500000001,-9.506641604010042
31074101,COLEGIO ACADEMIA,3136702,3.0,21,Desafiante (2º-5º local),False,648.8964646464647,66.0,5.0,351.0,0.8531,Poliedro,650.0037037037038,81.0,649.5065759637189,-1.1072390572390987
35105648,COLEGIO VISCONDE DE PORTO SEGURO CAMPUS MORUMBI,3550308,19.0,516,Outras posições,False,654.5272988505748,116.0,5.0,627.0,0.8526,Poliedro,656.0294933333333,125.0,655.3064453665284,-1.5021944827585685
24088846,COLEGIO PORTO,2408102,9.0,48,Outras posições,False,704.8577551020408,98.0,3.0,332.0,0.8524,Poliedro,705.4633962264151,53.0,705.0703311258278,-0.6056411243743014
23491035,COLEGIO CHRISTUS DIONISIO TORRES,2304400,21.0,117,Outras posições,False,654.4182882882883,74.0,5.0,299.0,0.8523,Poliedro,658.6116923076924,65.0,656.3792326139089,-4.193404019404056
31128031,COLEGIO SETE DE SETEMBRO,3151800,2.0,7,Desafiante (2º-5º local),False,672.2513178294574,86.0,5.0,284.0,0.8522,Poliedro,648.6409756097561,41.0,664.6290813648294,23.61034221970135
35154295,JEAN PIAGET UNIDADE II EEPG,3548500,2.0,32,Desafiante (2º-5º local),False,686.8668229166667,128.0,4.0,373.0,0.8519,Poliedro,690.049756097561,82.0,688.1096825396827,-3.182933180894338
23077042,ANTARES ATS COLEGIO,2304400,22.0,117,Outras posições,False,653.9826086956522,46.0,5.0,144.0,0.8517,Poliedro,651.1143478260869,46.0,652.5484782608695,2.8682608695652334
33163863,GARRA VESTIBULARES ASS EDUCACIONAL LTDA - UNID 2,3306305,1.0,12,Líder local,False,686.4022857142858,35.0,4.0,126.0,0.8514,Poliedro,667.0163636363636,55.0,674.5553333333334,19.385922077922146
26163039,COLEGIO GGE,2611606,12.0,76,Outras posições,False,702.6117482517482,143.0,3.0,500.0,0.8508,Poliedro,691.2591566265061,166.0,696.5129449838188,11.352591625242098
28017803,COLEGIO DE CIENCIAS PURA E APLICADA,2800308,6.0,43,Outras posições,False,662.4105,120.0,5.0,355.0,0.8508,Poliedro,661.4093486590039,87.0,661.989726247987,1.0011513409961026
43104924,COLEGIO ANCHIETA,4314902,11.0,61,Outras posições,False,648.2012972085387,203.0,5.0,703.0,0.85,Poliedro,657.0191,200.0,652.5773779983458,-8.817802791461304
35107177,ARQUIDIOCESANO DE SAO PAULO COLEGIO MARISTA,3550308,20.0,516,Outras posições,False,662.0011221122112,202.0,5.0,687.0,0.8499,Poliedro,661.2207106598985,197.0,661.615806182122,0.7804114523127055
41033310,COLEGIO UNIVERSITARIO,4113700,1.0,24,Líder local,False,648.1809282700422,158.0,5.0,444.0,0.8497,Poliedro,655.3476252723311,153.0,651.7066666666666,-7.16669700228897
33064393,INSTITUTO NOSSA SENHORA DA PIEDADE,3304557,35.0,344,Outras posições,False,668.4634782608696,23.0,4.0,80.0,0.8497,Poliedro,651.5116129032258,31.0,658.731851851852,16.951865357643783
21273456,MAPLE BEAR SAO LUIS,2111300,3.0,47,Desafiante (2º-5º local),False,705.2384615384616,13.0,4.0,76.0,0.8495,Poliedro,661.0559999999999,10.0,686.028695652174,44.182461538461666
35111466,SANTA MARCELINA COLEGIO,3507506,2.0,11,Desafiante (2º-5º local),False,653.3533333333334,24.0,5.0,86.0,0.8495,Poliedro,660.7264,25.0,657.1151020408163,-7.373066666666659
29489504,COLEGIO UNIVERSITARIO,2931350,1.0,4,Líder local,False,660.08875,16.0,4.0,45.0,0.8489,Poliedro,,,660.08875,
31074098,COLEGIO DOS JESUITAS,3136702,5.0,21,Desafiante (2º-5º local),False,668.0677625570776,146.0,4.0,429.0,0.8489,Poliedro,671.1405263157894,152.0,669.6350782997762,-3.072763758711858
33155259,ISJB - COLEGIO SALESIANO REGIAO OCEANICA,3303302,5.0,42,Desafiante (2º-5º local),False,654.8534693877551,49.0,5.0,151.0,0.8487,Poliedro,622.545,36.0,641.1698823529412,32.30846938775517
52089550,COLEGIO VISAO,5208707,11.0,68,Outras posições,False,669.8071515151515,55.0,5.0,119.0,0.8486,Poliedro,664.8482282282282,111.0,666.4912449799197,4.958923286923323
35139497,PENTAGONO COLEGIO UNIDADE CAIUBI,3550308,21.0,516,Outras posições,False,679.046431372549,85.0,4.0,222.0,0.8483,Poliedro,680.5751412429379,59.0,679.6727777777778,-1.528709870388866
52101363,COPE - COLEGIO PREPARAENEM,5208707,12.0,68,Outras posições,False,693.3356882255389,201.0,3.0,682.0,0.8482,Poliedro,691.4806896551725,174.0,692.474968888889,1.8549985703664333
29486963,COLEGIO ANCHIETA,2927408,9.0,90,Outras posições,False,660.9685714285714,147.0,5.0,466.0,0.8475,Poliedro,660.1579569892473,124.0,660.5976629766297,0.8106144393241266
31180611,COLEGIO DOS SANTOS ANJOS,3170701,2.0,7,Desafiante (2º-5º local),False,653.035294117647,34.0,5.0,181.0,0.8475,Poliedro,632.2623391812865,57.0,640.0236630036629,20.77295493636052
43105670,COLEGIO SINODAL DO SALVADOR,4314902,12.0,61,Outras posições,False,654.5282608695652,46.0,5.0,185.0,0.8474,Poliedro,658.4746666666667,60.0,656.7620754716982,-3.9464057971015336
26124220,COLEGIO SANTA MARIA,2611606,13.0,76,Outras posições,False,647.6229268292683,82.0,5.0,328.0,0.8472,Poliedro,676.6001294498383,103.0,663.7561801801802,-28.977202620569983
35101734,SAO MIGUEL ARCANJO COLEGIO FRANCISCANO,3550308,22.0,516,Outras posições,False,667.3951612903226,62.0,4.0,192.0,0.8472,Poliedro,659.9998692810457,51.0,664.0574631268437,7.395292009276886
33065314,COL NOTRE DAME - IPANEMA,3304557,37.0,344,Outras posições,False,647.5716279069768,43.0,5.0,187.0,0.8469,Poliedro,649.8715,40.0,648.6800000000001,-2.2998720930231684
22144714,SAO JOSE LESTE,2211001,12.0,52,Outras posições,False,773.8318181818181,22.0,3.0,675.0,0.8469,Poliedro,749.7415384615384,13.0,764.884,24.090279720279682
33179999,LME 542 EMPREENDIMENTOS EDUCACIONAIS SS LTDA,3303302,6.0,42,Outras posições,False,692.2862222222222,45.0,3.0,169.0,0.8468,Poliedro,674.010576923077,52.0,682.488969072165,18.275645299145253
31239666,COLEGIO NACIONAL DO ENSINO MEDIO DE ARAGUARI,3103504,1.0,6,Líder local,False,660.6258064516129,31.0,5.0,107.0,0.8463,Poliedro,658.5779487179487,26.0,659.6916959064328,2.0478577336641592
31170607,INSTITUTO TERESA VALSE,3170206,1.0,21,Líder local,False,653.9503921568627,34.0,5.0,155.0,0.8461,Poliedro,645.3139393939394,33.0,649.6966169154229,8.636452762923227
23066814,COLEGIO SANTA CECILIA,2304400,23.0,117,Outras posições,False,647.4436714975845,138.0,5.0,584.0,0.8461,Poliedro,659.6044755244756,143.0,653.6322657176751,-12.160804026891014
29182409,COLEGIO MODULO,2927408,10.0,90,Outras posições,False,666.8008823529411,68.0,4.0,259.0,0.8457,Poliedro,681.8613793103448,58.0,673.733492063492,-15.060496957403643
33105154,CENTRO EDUCACIONAL DA LAGOA,3304557,38.0,344,Outras posições,False,677.77375,16.0,4.0,57.0,0.8456,Poliedro,673.6226086956522,23.0,675.325641025641,4.151141304347789
41150392,COLEGIO PASSO CERTO GROWING BILINGUE - EDUCACAO INFANTIL ENSINO FUNDAMENTAL E MEDIO,4104808,2.0,15,Desafiante (2º-5º local),False,681.0891666666666,16.0,4.0,84.0,0.8453,Poliedro,683.4747368421052,19.0,682.3841904761905,-2.385570175438602
24001260,COLEGIO DIOCESANO SANTA LUZIA,2408003,1.0,14,Líder local,False,653.5821052631579,133.0,5.0,383.0,0.8449,Poliedro,638.4524358974359,104.0,646.9429254571027,15.129669365722066
35102805,SANTA MARCELINA COLEGIO,3550308,23.0,516,Outras posições,False,680.8188571428572,35.0,4.0,107.0,0.8447,Poliedro,667.9682352941177,34.0,674.4866666666667,12.850621848739479
33066574,COL DOS SANTOS ANJOS,3304557,39.0,344,Outras posições,False,646.573076923077,26.0,5.0,80.0,0.843,Poliedro,652.068,10.0,648.0994444444445,-5.494923076922987
41131789,BOM JESUS SEMINARIO,4106902,6.0,69,Outras posições,False,653.1320689655172,58.0,5.0,253.0,0.843,Poliedro,649.6403278688524,61.0,651.3421848739496,3.491741096664782
23165952,PARAISO SS LTDA COLEGIO,2307304,1.0,7,Líder local,False,659.1854700854701,117.0,5.0,488.0,0.8428,Poliedro,675.1813333333333,130.0,667.6043454790822,-15.995863247863213
22164219,ESCOLA POPULAR MADRE MARIA VILLAC,2211001,13.0,52,Outras posições,False,737.2169696969697,33.0,2.0,100.0,0.8426,Poliedro,730.8371428571429,21.0,734.735925925926,6.379826839826819
35104620,SANTA CRUZ COLEGIO,3550308,24.0,516,Outras posições,False,687.816037735849,212.0,3.0,720.0,0.8425,Poliedro,685.3523263888889,192.0,686.6451650165017,2.4637113469601672
29149908,COLEGIO STAR,2900702,1.0,7,Líder local,False,667.5018666666666,25.0,4.0,95.0,0.8422,Poliedro,632.8823529411765,17.0,653.4892063492064,34.61951372549015
35116373,COLEGIO AGOSTINIANO SAO JOSE,3549805,1.0,28,Líder local,False,659.0026900584795,57.0,5.0,260.0,0.842,Poliedro,660.7472888888889,75.0,659.9939393939395,-1.744598830409359
33189838,ESCOLA SAP EDUCACAO POR PROJETOS,3304557,40.0,344,Outras posições,False,678.457,30.0,4.0,97.0,0.842,Poliedro,686.3123076923076,26.0,682.1041071428572,-7.855307692307633
35117195,BRAGA MELLO COLEGIO,3541406,1.0,13,Líder local,False,678.3592,25.0,4.0,107.0,0.8418,Poliedro,672.0878947368421,38.0,674.5765079365079,6.271305263157842
35468400,CARBONELL COLEGIO,3518800,2.0,57,Desafiante (2º-5º local),False,695.3958024691359,27.0,4.0,95.0,0.8417,Poliedro,694.8172,25.0,695.1176282051282,0.5786024691359444
31294900,COL DEL REY,3147907,1.0,5,Líder local,False,658.864705882353,17.0,5.0,48.0,0.8417,Poliedro,678.563,20.0,669.5124324324324,-19.698294117647038
15011070,COLEGIO DOM AMANDO,1506807,1.0,6,Líder local,False,652.9745882352942,85.0,5.0,312.0,0.8415,Poliedro,625.7278,100.0,638.2465945945946,27.24678823529416
22129529,CEV COLEGIO UNIDADE JOCKEY,2211001,14.0,52,Outras posições,False,731.7705882352941,34.0,2.0,105.0,0.8415,Poliedro,718.5557575757575,33.0,725.261791044776,13.214830659536574
31361496,COLEGIO AUGE,3131703,2.0,6,Desafiante (2º-5º local),False,658.668,20.0,5.0,89.0,0.8414,Poliedro,635.8085714285714,28.0,645.3333333333334,22.859428571428566
31193160,INST EDUC MAYRINK VIEIRA,3131307,3.0,8,Desafiante (2º-5º local),False,678.0533333333333,21.0,4.0,86.0,0.8407,Poliedro,657.7733333333333,21.0,667.9133333333333,20.279999999999973
35123675,PRUDENTE DE MORAES COLEGIO,3545209,1.0,5,Líder local,False,658.5576190476191,42.0,5.0,150.0,0.8406,Poliedro,655.5153623188405,46.0,656.9673484848486,3.042256728778625
43121756,ESCOLA DE EDUCACAO BASICA EDUCAR-SE,4316808,2.0,5,Desafiante (2º-5º local),False,652.5809756097561,41.0,5.0,155.0,0.8406,Poliedro,648.3217142857144,35.0,650.6194736842106,4.259261324041745
23334266,FARIAS BRITO PRE VESTIBULAR ALDEOTA,2304400,24.0,117,Outras posições,False,686.3619896640827,258.0,3.0,492.0,0.8404,Poliedro,681.8414932126697,221.0,684.2763326374392,4.52049645141301
23025255,CENTRO DE EDUCACAO BASICA E PROFISSIONAL PROFESSOR LUCIANO FEIJAO,2312908,1.0,6,Líder local,False,645.6702739726028,146.0,5.0,487.0,0.8403,Poliedro,648.7487769784173,139.0,647.1717192982456,-3.0785030058144685
33145237,COLEGIO SAO JOAO BATISTA NOVA FRIBURGO,3303401,3.0,15,Desafiante (2º-5º local),False,721.1525,32.0,3.0,92.0,0.8402,Poliedro,708.7711999999999,25.0,715.7221052631579,12.381300000000124
33040516,COLEGIO IPIRANGA,3303906,1.0,19,Líder local,False,720.4641379310344,29.0,3.0,97.0,0.84,Poliedro,736.2590909090909,22.0,727.2776470588236,-15.794952978056472
17046807,COLEGIO MARISTA PALMAS,1721000,2.0,14,Desafiante (2º-5º local),False,658.0377777777778,18.0,5.0,152.0,0.8393,Poliedro,610.1543209876544,27.0,629.3077037037037,47.88345679012343
31385433,COLEGIO DETERMINANTE,3106200,27.0,110,Outras posições,False,677.4993333333333,30.0,4.0,99.0,0.8393,Poliedro,666.3226666666667,30.0,671.9110000000001,11.17666666666662
29542618,COLEGIO OFICINA DE VITORIA DA CONQUISTA,2933307,1.0,14,Líder local,False,666.3801980198019,101.0,4.0,347.0,0.8392,Poliedro,648.2404361370717,107.0,657.0486858974358,18.139761882730227
42203600,COLEGIO TRILINGUE INOVACAO,4204202,1.0,9,Líder local,False,644.9559999999999,10.0,5.0,39.0,0.8389,Poliedro,621.3149999999999,12.0,632.060909090909,23.640999999999963
32040210,ESCOLA CRESCER,3205309,8.0,18,Outras posições,False,665.603076923077,13.0,5.0,50.0,0.8389,Poliedro,699.1266666666667,15.0,683.5621428571428,-33.523589743589696
32040083,COLEGIO SALESIANO N S DA VITORIA,3205309,9.0,18,Outras posições,False,657.89,30.0,5.0,155.0,0.8385,Poliedro,640.2423931623931,39.0,647.9152657004831,17.647606837606872
43172423,COLEGIO LEONARDO DA VINCI-ALFA,4314902,13.0,61,Outras posições,False,688.7002051282052,65.0,3.0,218.0,0.8385,Poliedro,679.8199999999999,55.0,684.6301111111112,8.880205128205262
31249483,INST ITALO BRASILEIRO BICULTURAL,3144805,2.0,8,Desafiante (2º-5º local),False,650.6814285714285,14.0,5.0,180.0,0.8383,Poliedro,698.1866666666667,9.0,669.2704347826086,-47.50523809523827
50031163,COLEGIO CLASSE A,5002704,1.0,31,Líder local,False,717.9826666666667,15.0,2.0,16.0,0.8383,Poliedro,761.805,16.0,740.6006451612903,-43.82233333333329
27035000,COLEGIO SANTA MADALENA SOFIA,2704302,2.0,63,Desafiante (2º-5º local),False,650.6786805555556,192.0,5.0,551.0,0.8381,Poliedro,647.3750599520383,139.0,649.2913595166164,3.303620603517288
35153163,PENTAGONO COLEGIO UNIDADE ALPHAVILLE,3547304,1.0,6,Líder local,False,665.1560975609757,41.0,5.0,152.0,0.8379,Poliedro,673.128717948718,39.0,669.0427500000001,-7.972620387742268
42053480,COLEGIO MARISTA SAO FRANCISCO EI EF EM,4204202,2.0,9,Desafiante (2º-5º local),False,644.6799099099098,74.0,5.0,308.0,0.8378,Poliedro,653.913896713615,71.0,649.2013793103447,-9.233986803705193
31004197,COLEGIO SANTA MARIA MINAS - UNIDADE FLORESTA,3106200,28.0,110,Outras posições,False,650.5860952380951,105.0,5.0,329.0,0.8377,Poliedro,655.1542307692307,104.0,652.8592344497607,-4.568135531135567
29437261,COLEGIO ACESSO,2910800,2.0,21,Desafiante (2º-5º local),False,715.0920481927711,83.0,3.0,315.0,0.8376,Poliedro,692.7815384615385,65.0,705.2935135135135,22.310509731232628
35007022,COLEGIO OBJETIVO DE PIRACICABA,3538709,2.0,25,Desafiante (2º-5º local),False,657.6300483091787,69.0,5.0,266.0,0.8374,Poliedro,628.4014285714286,42.0,646.5705705705707,29.228619737750137
22025391,ESCOLA DOM BOSCO,2211001,15.0,52,Outras posições,False,651.9211111111111,18.0,5.0,54.0,0.8374,Poliedro,664.2919999999999,15.0,657.5442424242424,-12.370888888888771
31260908,COL IMPULSO,3167202,2.0,13,Desafiante (2º-5º local),False,714.0652631578947,19.0,3.0,59.0,0.8373,Poliedro,677.9444444444445,18.0,696.4929729729729,36.12081871345026
31074454,COLEGIO STELLA MATUTINA,3136702,6.0,21,Outras posições,False,650.5036363636364,11.0,5.0,58.0,0.8372,Poliedro,592.3733333333333,15.0,616.9669230769231,58.130303030303025
15152120,ESCOLA DE EDUCACAO BASICA CENTRO EDUCACIONAL ANCHIETA,1503606,1.0,2,Sem comparação local (poucas escolas na cidade),False,683.4446153846154,26.0,3.0,124.0,0.8371,Poliedro,664.07125,32.0,672.7558620689655,19.373365384615454
33184720,COLEGIO ALFA CEM BILINGUE,3304557,41.0,344,Outras posições,False,713.7925,16.0,3.0,81.0,0.8371,Poliedro,695.2399999999999,22.0,703.0515789473684,18.552500000000123
15066886,E PART E I F M INST NSRA DOS ANJOS,1500107,1.0,4,Líder local,False,651.8005714285714,35.0,5.0,117.0,0.8369,Poliedro,629.8142857142857,28.0,642.0288888888889,21.986285714285714
31365874,ESCOLA EDUCAR - ENSINO MEDIO,3106200,29.0,110,Outras posições,False,650.4177777777778,18.0,5.0,71.0,0.8369,Poliedro,628.6224,25.0,637.7460465116279,21.795377777777844
43173390,COLEGIO SANTA MONICA ALTOS DO LARANJAL,4314407,2.0,10,Desafiante (2º-5º local),False,657.2893333333334,15.0,5.0,57.0,0.8369,Poliedro,641.0075,16.0,648.8858064516129,16.28183333333334
50027956,COLEGIO HARMONIA - UNIDADE I,5002704,2.0,31,Desafiante (2º-5º local),False,676.1925974025975,77.0,4.0,286.0,0.8367,Poliedro,667.5262962962962,54.0,672.6202290076336,8.666301106301262
33196249,ESCOLA ELEVA - URCA,3304557,42.0,344,Outras posições,False,671.893607305936,73.0,4.0,344.0,0.8362,Poliedro,687.006,65.0,679.011763285024,-15.112392694063942
13031767,FUNDACAO MATIAS MACHLINE,1302603,3.0,49,Desafiante (2º-5º local),False,655.153127753304,227.0,5.0,688.0,0.8361,Poliedro,657.1458984375,256.0,656.20933747412,-1.992770684195989
31329762,COL GENOMA II,3127701,2.0,7,Desafiante (2º-5º local),False,671.7748148148147,54.0,4.0,203.0,0.8358,Poliedro,665.6750191570882,87.0,668.0111111111111,6.099795657726531
35188712,VEM SER COLEGIO,3549805,2.0,28,Desafiante (2º-5º local),False,656.7729411764706,17.0,5.0,82.0,0.8352,Poliedro,657.6153846153846,13.0,657.138,-0.8424434389140742
33447250,COLEGIO INTERATIVO ENSINO MEDIO,3306305,2.0,12,Desafiante (2º-5º local),False,664.2507291666667,64.0,5.0,192.0,0.8352,Poliedro,673.9324279835391,81.0,669.6591264367817,-9.681698816872427
31260541,COLLEGIUM PRISMA,3143302,1.0,13,Líder local,False,649.4775418994413,179.0,5.0,509.0,0.8351,Poliedro,654.2969117647059,136.0,651.5582857142857,-4.819369865264548
24057002,COLGIO CONTEMPORANEO,2408102,10.0,48,Outras posições,False,651.2336,50.0,5.0,132.0,0.835,Poliedro,630.5153623188405,69.0,639.2205042016806,20.718237681159508
35813000,COLEGIO RENOVACAO ANGLO INDAIATUBA,3520509,1.0,12,Líder local,False,656.4562025316455,79.0,5.0,299.0,0.8346,Poliedro,635.7609259259259,72.0,646.5882560706401,20.69527660571964
31062201,COLEGIO SAO JOSE,3152501,1.0,10,Líder local,False,656.3421818181818,55.0,5.0,203.0,0.8344,Poliedro,645.48,42.0,651.6389690721649,10.862181818181739
27037380,COLEGIO DINAMICO,2704302,3.0,63,Desafiante (2º-5º local),False,673.9772727272727,22.0,4.0,137.0,0.8339,Poliedro,658.2591666666666,24.0,665.7765217391304,15.718106060606146
31384909,COLEGIO OLIMPO TRIANGULO MINEIRO,3170206,2.0,21,Desafiante (2º-5º local),False,704.1606818181818,88.0,1.0,105.0,0.8338,Poliedro,683.3187368421053,95.0,693.3410928961749,20.841944976076547
35141434,ESCOLA SEB THATHI,3502804,1.0,13,Líder local,False,656.1348484848485,66.0,5.0,255.0,0.8334,Poliedro,663.7868571428571,70.0,660.0733823529413,-7.65200865800864
35105600,SANTO AMERICO COLEGIO,3550308,25.0,516,Outras posições,False,656.0696078431372,34.0,5.0,261.0,0.8331,Poliedro,672.93625,32.0,664.2473737373737,-16.86664215686278
24091260,COLEGIO SIMPLES,2408003,2.0,14,Desafiante (2º-5º local),False,684.7764285714285,28.0,3.0,127.0,0.833,Poliedro,,,684.7764285714285,
31314749,COLEGIO ALUMNUS,3106200,30.0,110,Outras posições,False,680.132,10.0,3.0,48.0,0.8329,Poliedro,,,680.132,
33039976,AESVP COLEGIO VICENTINO SANTA ISABEL,3303906,2.0,19,Desafiante (2º-5º local),False,655.9252380952381,42.0,5.0,123.0,0.8328,Poliedro,635.3490909090909,33.0,646.8717333333334,20.576147186147182
33185590,COLEGIO CURSO TAMANDARE,3304557,43.0,344,Outras posições,False,707.888,15.0,2.0,15.0,0.8326,Poliedro,,,707.888,
27235009,COLEGIO DE EDUCACAO BASICA SANTA AFRA,2700300,1.0,15,Líder local,False,648.6587499999999,48.0,5.0,181.0,0.8322,Poliedro,660.6885106382979,47.0,654.6103157894736,-12.029760638297944
23075961,ANTARES ATS COLEGIO,2304400,25.0,117,Outras posições,False,643.7070588235295,34.0,5.0,135.0,0.8322,Poliedro,649.5615384615384,26.0,646.244,-5.854479638008911
21199809,COLEGIO LITERATO,2111300,4.0,47,Desafiante (2º-5º local),False,685.3805839416059,137.0,2.0,473.0,0.8321,Poliedro,680.5194047619049,112.0,683.194029451138,4.8611791797010255
42091403,COLEGIO BOM JESUS DIVINA PROVIDENCIA,4208906,1.0,7,Líder local,False,672.49,48.0,4.0,256.0,0.8316,Poliedro,658.1110714285714,56.0,664.7475000000001,14.37892857142856
25133454,CENTRO DE EDUCACAO MDW,2507507,7.0,55,Outras posições,False,705.197619047619,126.0,2.0,335.0,0.8315,Poliedro,,,705.197619047619,
35134132,COLEGIO POLIEDRO DE EDUCACAO,3550308,26.0,516,Outras posições,True,686.2425555555557,60.0,4.0,268.0,0.8315,Poliedro,665.7871698113207,53.0,676.6484365781712,20.455385744234945
31074411,COLEGIO DOS SANTOS ANJOS,3136702,8.0,21,Outras posições,False,650.3420689655172,29.0,5.0,68.0,0.8312,Poliedro,644.1422222222222,18.0,647.967659574468,6.199846743294984
35108145,MATER AMABILIS COLEGIO,3518800,3.0,57,Desafiante (2º-5º local),False,672.1314606741573,89.0,4.0,328.0,0.831,Poliedro,675.4051651651652,111.0,673.9483666666667,-3.273704491007834
13168207,CENTRO EDUCACIONAL ADALBERTO VALLE - UNIDADE I,1302603,4.0,49,Desafiante (2º-5º local),False,643.37708994709,126.0,5.0,402.0,0.8309,Poliedro,648.2425925925926,90.0,645.4043827160494,-4.865502645502602
31327026,CENTRO EDUCACIONAL RENOVACAO,3152501,2.0,10,Desafiante (2º-5º local),False,685.6841025641025,39.0,4.0,122.0,0.8308,Poliedro,696.6384615384616,39.0,691.1612820512821,-10.954358974359025
35114078,KOELLE COLEGIO,3543907,1.0,8,Líder local,False,662.6550537634408,62.0,4.0,224.0,0.8306,Poliedro,656.117,60.0,659.4396174863388,6.538053763440871
21199090,COLEGIO EDUCALLIS,2111300,5.0,47,Desafiante (2º-5º local),False,667.20125,120.0,3.0,327.0,0.8305,Poliedro,669.684424778761,113.0,668.4055364806867,-2.483174778761054
53013875,COL SERIOS,5300108,13.0,117,Outras posições,False,655.1514285714286,14.0,5.0,50.0,0.8304,Poliedro,686.6314285714286,14.0,670.8914285714285,-31.480000000000018
15528715,SOC DE EDUC INTEG HUMANA DO BRASIL,1506807,2.0,6,Desafiante (2º-5º local),False,662.45,30.0,4.0,70.0,0.8301,Poliedro,610.6657142857142,14.0,645.9731818181818,51.78428571428583
26053837,COLEGIO DIOCESANO DE CARUARU,2604106,1.0,13,Líder local,False,649.573076923077,104.0,5.0,376.0,0.83,Poliedro,654.9922539682539,105.0,652.2956299840511,-5.419177045176866
27218244,COLEGIO SANTA URSULA LTDA,2704302,4.0,63,Desafiante (2º-5º local),False,655.0511695906432,114.0,5.0,479.0,0.8299,Poliedro,640.8524786324787,117.0,647.8596248196249,14.198690958164548
41131673,COLEGIO BOM JESUS NOSSA SENHORA DE LOURDES ED INF ENS FUND E MEDIO,4106902,7.0,69,Outras posições,False,649.5202522522522,185.0,5.0,695.0,0.8299,Poliedro,646.146711409396,149.0,648.0152894211577,3.3735408428563005
15038424,COLEGIO MARISTA NOSSA SENHORA DE NAZARE,1501402,6.0,65,Outras posições,False,660.2074643874644,117.0,4.0,604.0,0.8296,Poliedro,656.4260097323601,137.0,658.1678608923884,3.7814546551043122
43139558,INSTITUTO RIO BRANCO,4318705,2.0,5,Desafiante (2º-5º local),False,649.2402777777778,24.0,5.0,118.0,0.8291,Poliedro,640.1216,25.0,644.5878911564625,9.118677777777862
31352195,COLEGIO GABARITO,3170206,4.0,21,Desafiante (2º-5º local),False,659.5858947368422,285.0,4.0,870.0,0.8285,Poliedro,666.0060856269113,218.0,662.3684029158383,-6.42019089006908
31374555,COLEGUIUM - INTERNACIONAL CIDADE NOVA,3106200,31.0,110,Outras posições,False,659.3384,25.0,4.0,100.0,0.8282,Poliedro,645.4592592592593,18.0,653.5285271317829,13.879140740740695
33156913,COOPERATIVA DE TRABALHO EDUCACIONAL CESAR ALMEIDA,3300100,1.0,11,Líder local,False,697.4046153846155,13.0,3.0,42.0,0.8281,Poliedro,697.0522222222222,18.0,697.2,0.35239316239324125
35154775,ESCOLA VILLARE,3548807,1.0,10,Líder local,False,697.3816949152543,59.0,3.0,200.0,0.8279,Poliedro,708.2148837209302,43.0,701.9486274509804,-10.833188805675832
35150022,MONTEIRO LOBATO COLEGIO,3530706,1.0,9,Líder local,False,682.88,18.0,4.0,75.0,0.8278,Poliedro,692.73,16.0,687.515294117647,-9.850000000000023
13031457,CENTRO DE ENSINO ALPHA DELTA,1302603,5.0,49,Desafiante (2º-5º local),False,698.5344444444445,18.0,2.0,97.0,0.8275,Poliedro,677.5574193548387,31.0,685.2632653061224,20.97702508960583
35504324,ESCOLA SEB UNIDADE DE RIO PRETO,3549805,3.0,28,Desafiante (2º-5º local),False,653.9303225806451,62.0,5.0,184.0,0.8264,Poliedro,655.9132275132275,63.0,654.9297066666667,-1.9829049325824144
33154007,COLEGIO CAROLINNA RUSSO LTDA,3304557,44.0,344,Outras posições,False,660.4088,25.0,5.0,87.0,0.8264,Poliedro,670.7362162162162,37.0,666.571935483871,-10.327416216216193
33178879,COLEGIO ALFA CEM BILINGUE,3304557,45.0,344,Outras posições,False,696.2688888888888,27.0,3.0,89.0,0.8263,Poliedro,683.732,20.0,690.9340425531915,12.536888888888825
31351725,COLEGUIUM - UNIDADE OURO PRETO INTEGRAL,3106200,32.0,110,Outras posições,False,746.2813333333332,30.0,1.0,85.0,0.8263,Poliedro,759.2913043478261,23.0,751.9271698113207,-13.009971014492862
31145734,COLEGIO FRANCISCANO REGINA PACIS,3167202,3.0,13,Desafiante (2º-5º local),False,653.7644,50.0,5.0,170.0,0.8261,Poliedro,650.3642857142856,42.0,652.2121739130434,3.4001142857143805
35136931,AGOSTINIANO MENDEL COLEGIO,3550308,27.0,516,Outras posições,False,695.7206106870228,262.0,3.0,987.0,0.826,Poliedro,698.7048795944233,263.0,697.2155873015873,-2.9842689074005193
29094046,ESCOLA CASTRO ALVES SC LTDA,2910800,3.0,21,Desafiante (2º-5º local),False,668.7646153846155,13.0,4.0,67.0,0.8256,Poliedro,642.6852631578947,19.0,653.28,26.079352226720744
31170402,COL MARISTA CHAMPAGNAT,3170206,5.0,21,Desafiante (2º-5º local),False,648.3222222222222,18.0,5.0,112.0,0.8254,Poliedro,597.4663636363637,22.0,620.3515,50.85585858585853
43108423,COLEGIO PROVINCIA DE SAO PEDRO,4314902,14.0,61,Outras posições,False,641.7426086956522,46.0,5.0,177.0,0.825,Poliedro,648.235,52.0,645.1875510204083,-6.492391304347848
35132007,ANTARES COLEGIO,3501608,2.0,10,Desafiante (2º-5º local),False,674.7797037037037,45.0,3.0,159.0,0.8243,Poliedro,690.0931818181817,44.0,682.3504119850187,-15.313478114478016
31349720,FIBONACCI COLEGIO,3131307,4.0,8,Desafiante (2º-5º local),False,746.5208333333334,48.0,2.0,206.0,0.824,Poliedro,743.3652830188679,53.0,744.8649504950495,3.155550314465472
35113256,DIVINA PROVIDENCIA ESCOLA,3525904,1.0,31,Líder local,False,659.2099166666667,80.0,5.0,249.0,0.8237,Poliedro,674.0738562091504,51.0,664.996641221374,-14.863939542483763
35103433,OBJETIVO CENTRO INTERESCOLAR UNIDADE PAULISTA,3550308,28.0,516,Outras posições,False,653.2471987480437,213.0,5.0,604.0,0.8237,Poliedro,655.9809016393442,244.0,654.7067687819109,-2.7337028913004815
33176760,CENTRO EDUCACIONAL DA LAGOA,3304557,46.0,344,Outras posições,False,652.2024390243902,41.0,4.0,85.0,0.8234,Poliedro,652.4127777777778,36.0,652.3007792207792,-0.21033875338764574
33064032,ESCOLA ALEMA CORCOVADO - EXPERIMENTAL,3304557,47.0,344,Outras posições,False,641.4553968253969,42.0,5.0,228.0,0.8233,Poliedro,667.4320930232559,43.0,654.5965490196079,-25.97669619785904
52053121,COLEGIO DINAMICO,5211909,1.0,4,Líder local,False,646.450925925926,36.0,5.0,163.0,0.8232,Poliedro,656.6018181818182,55.0,652.5860805860806,-10.150892255892245
33116784,COLEGIO IGLESIAS,3304557,48.0,344,Outras posições,False,693.2199999999999,12.0,3.0,32.0,0.8231,Poliedro,,,693.2199999999999,
35137170,COLEGIO ANGLO ALANTE SAO JOSE DOS CAMPOS,3549904,2.0,27,Desafiante (2º-5º local),False,653.0790810810811,185.0,5.0,654.0,0.8229,Poliedro,649.384375,176.0,651.277783933518,3.694706081081108
31350664,COLEGIO BERNOULLI,3106200,33.0,110,Outras posições,False,734.6394871794871,312.0,2.0,317.0,0.8227,Poliedro,736.0356475583864,314.0,735.3397976570819,-1.3961603788992534
33124418,COLEGIO QI - TIJUCA,3304557,49.0,344,Outras posições,False,651.9442105263158,57.0,4.0,184.0,0.8221,Poliedro,656.0523636363636,55.0,653.9616071428571,-4.108153110047738
33139881,COLEGIO ATLANTICO MACAE,3302403,1.0,11,Líder local,False,676.8360975609755,41.0,3.0,178.0,0.822,Poliedro,688.4082352941176,51.0,683.2510869565216,-11.572137733142085
52104532,COLEGIO FAMILIA DE NAZARE,5208707,13.0,68,Outras posições,False,652.9418181818181,11.0,5.0,45.0,0.8218,Poliedro,648.3642857142858,14.0,650.3783999999999,4.5775324675323645
52020320,COLEGIO COUTO MAGALHAES,5201108,2.0,11,Desafiante (2º-5º local),False,647.4735294117646,34.0,5.0,219.0,0.8214,Poliedro,616.7863157894737,38.0,631.2774999999999,30.68721362229087
35007592,COLEGIO ETAPA VILA MASCOTE,3550308,29.0,516,Outras posições,False,691.7713513513514,74.0,3.0,288.0,0.8214,Poliedro,689.0217857142858,56.0,690.5869230769232,2.7495656370656434
35140338,MAGNO COLEGIO,3550308,30.0,516,Outras posições,False,677.8885232067511,79.0,4.0,313.0,0.8209,Poliedro,693.8436764705883,68.0,685.2691383219955,-15.955153263837246
21095752,ESCOLA SANTA TERESINHA,2105302,1.0,11,Líder local,False,663.3888461538462,52.0,3.0,240.0,0.8209,Poliedro,653.8516363636364,55.0,658.4865420560748,9.537209790209772
23269316,MASTER SUL COLEGIO,2304400,26.0,117,Outras posições,False,647.2314414414415,111.0,5.0,443.0,0.8203,Poliedro,661.142536231884,138.0,654.941204819277,-13.911094790442576
21290229,RF ENSINO MEDIO LTDA,2111300,6.0,47,Outras posições,False,685.6965018315018,182.0,3.0,469.0,0.8203,Poliedro,687.4314545454546,110.0,686.3500799086758,-1.7349527139527936
35113335,NOSSA SENHORA AUXILIADORA INSTITUTO,3503307,1.0,6,Líder local,False,666.6016000000001,25.0,4.0,103.0,0.8201,Poliedro,619.508717948718,39.0,637.9043750000001,47.09288205128212
42020530,ASSOCIACAO EDUCACIONAL LUTERANA BOM JESUS IELUSC,4209102,1.0,14,Líder local,False,652.3418348623853,218.0,5.0,810.0,0.82,Poliedro,676.5529745889387,223.0,664.584656084656,-24.21113972655337
31096261,COL MARISTA SAO JOSE,3143302,2.0,13,Desafiante (2º-5º local),False,651.5623443223443,91.0,4.0,248.0,0.82,Poliedro,673.1425,72.0,661.0946830265849,-21.58015567765574
26033909,PLENUS COLEGIO E CURSO,2611101,1.0,10,Líder local,False,676.3259895833334,128.0,2.0,431.0,0.8193,Poliedro,666.7723415977962,121.0,671.683453815261,9.553647985537168
24085634,CENTRO EDUCACIONAL MASTER,2408102,11.0,48,Outras posições,False,674.9399999999999,13.0,3.0,68.0,0.8193,Poliedro,672.2608333333334,24.0,673.2021621621623,2.6791666666665606
31367672,COLEGIO ELITE MASTER,3167202,4.0,13,Desafiante (2º-5º local),False,688.6693103448276,58.0,3.0,211.0,0.8188,Poliedro,671.154716981132,106.0,677.3489024390244,17.514593363695667
31005614,COLEGIO SANTA MARIA MINAS - UNIDADE CORACAO EUCARISTICO,3106200,34.0,110,Outras posições,False,652.0127642276423,82.0,5.0,262.0,0.8185,Poliedro,650.9227659574468,94.0,651.430606060606,1.0899982701954514
42164702,COC ITAJAI,4208203,1.0,10,Líder local,False,662.138947368421,19.0,3.0,114.0,0.8184,Poliedro,,,662.138947368421,
27224821,ALTERNATIVA ESCOLA DE EDUCACAO BASICA,2700300,2.0,15,Desafiante (2º-5º local),False,665.9827692307692,65.0,4.0,199.0,0.8184,Poliedro,,,665.9827692307692,
43105068,COLEGIO SANTA INES,4314902,15.0,61,Outras posições,False,646.5765027322404,61.0,5.0,201.0,0.8182,Poliedro,622.3773015873016,63.0,634.281747311828,24.199201144938797
31062235,INST DE EDUC E ENS POUSO ALEGRE,3152501,3.0,10,Desafiante (2º-5º local),False,656.1365714285714,35.0,4.0,112.0,0.818,Poliedro,632.205,32.0,644.7065671641791,23.931571428571374
24057061,COLEGIO EXECUTIVO LTDA,2408102,12.0,48,Outras posições,False,646.538,20.0,5.0,83.0,0.8179,Poliedro,653.1171428571428,28.0,650.3758333333334,-6.579142857142756
33135827,COLEGIO E CURSO PENSI,3304557,50.0,344,Outras posições,False,740.6806451612903,31.0,2.0,316.0,0.8178,Poliedro,734.820487804878,41.0,737.3436111111109,5.860157356412287
53016726,UNICO EDUCACIONAL,5300108,14.0,117,Outras posições,False,687.862625,320.0,3.0,885.0,0.8177,Poliedro,683.704644549763,211.0,686.2103954802259,4.157980450237005
31223883,COLEGIO ATENAS PASSOS,3147907,2.0,5,Desafiante (2º-5º local),False,665.362,20.0,4.0,105.0,0.8176,Poliedro,651.8145454545455,22.0,658.2657142857144,13.547454545454457
41032039,MAXI C - EI EF,4113700,2.0,24,Desafiante (2º-5º local),False,651.8241666666667,80.0,5.0,289.0,0.8175,Poliedro,643.5095505617977,89.0,647.4454635108481,8.314616104868946
35802578,COLEGIO ARBOS - UNIDADE SAO BERNARDO DO CAMPO,3548708,3.0,33,Desafiante (2º-5º local),False,687.3654545454546,33.0,3.0,171.0,0.8171,Poliedro,686.2124324324325,37.0,686.756,1.1530221130220752
15038483,COLEGIO SAO PAULO,1501402,7.0,65,Outras posições,False,640.2922916666666,64.0,5.0,192.0,0.8166,Poliedro,641.0126086956521,46.0,640.5935151515151,-0.7203170289855052
53011074,COL MARISTA JOAO PAULO II,5300108,15.0,117,Outras posições,False,665.0466666666666,65.0,4.0,262.0,0.8166,Poliedro,638.5370909090909,55.0,652.8964444444445,26.509575757575703
35104917,SANTA CLARA COLEGIO,3550308,31.0,516,Outras posições,False,651.6766101694915,59.0,5.0,244.0,0.8165,Poliedro,638.7958823529412,34.0,646.9675268817203,12.880727816550234
31229865,C EDUC SAO TOMAS DE AQUINO,3144805,3.0,8,Desafiante (2º-5º local),False,655.3774999999999,24.0,4.0,85.0,0.8164,Poliedro,647.425806451613,31.0,650.8956363636363,7.95169354838697
33183139,INOVAR VEIGA DE ALMEIDA,3304557,51.0,344,Outras posições,False,640.264,10.0,5.0,56.0,0.8159,Poliedro,599.7423529411765,17.0,614.7503703703704,40.52164705882353
35809159,OBJETIVO DE SAO JOSE DO RIO PRETO COLEGIO,3549805,4.0,28,Desafiante (2º-5º local),False,669.0973333333333,30.0,3.0,110.0,0.8157,Poliedro,609.6976923076923,26.0,641.5189285714285,59.39964102564102
28017820,COLEGIO DO SALVADOR,2800308,7.0,43,Outras posições,False,664.8213333333333,25.0,4.0,123.0,0.8157,Poliedro,639.9271428571428,14.0,655.8849572649573,24.894190476190488
29353556,ESCOLA MONTEIRO LOBATO SC LTDA,2903201,1.0,6,Líder local,False,651.4105263157895,19.0,5.0,67.0,0.8156,Poliedro,613.5008695652174,23.0,630.6504761904762,37.90965675057214
28037723,NUCLEO AVANCADO DE ENSINO G8 LTDA,2800308,8.0,43,Outras posições,False,686.3105555555555,36.0,3.0,143.0,0.8153,Poliedro,683.7678571428571,28.0,685.198125,2.542698412698428
43023363,COLEGIO SAGRADO CORACAO DE JESUS,4302105,1.0,4,Líder local,False,645.6047272727274,55.0,5.0,209.0,0.8152,Poliedro,649.9758490566038,53.0,647.749814814815,-4.371121783876447
31041190,INST N SRA DO SAGRADO CORACAO,3122306,4.0,9,Desafiante (2º-5º local),False,664.5338461538462,13.0,4.0,78.0,0.8152,Poliedro,658.6859999999999,20.0,660.9896969696969,5.8478461538462625
53009940,COL PRESBITERIANO MACKENZIE - BRASILIA,5300108,16.0,117,Outras posições,False,651.1682539682539,63.0,5.0,275.0,0.8151,Poliedro,650.529375,96.0,650.7825157232703,0.6388789682539482
35100420,IMPERATRIZ LEOPOLDINA COLEGIO,3550308,32.0,516,Outras posições,False,650.9724,50.0,5.0,224.0,0.8149,Poliedro,642.6685714285715,63.0,646.3428318584072,8.30382857142854
23165901,COLEGIO MODULO,2307304,2.0,7,Desafiante (2º-5º local),False,644.0148666666666,100.0,5.0,280.0,0.8149,Poliedro,640.6533333333333,99.0,642.3425460636515,3.361533333333341
42028990,COLEGIO BOM JESUS DIOCESANO,4209300,1.0,5,Líder local,False,650.9183333333333,40.0,5.0,165.0,0.8146,Poliedro,633.9062365591398,31.0,643.4905164319248,17.012096774193537
33165998,COLEGIO PH,3303302,7.0,42,Outras posições,False,686.4499999999999,28.0,2.0,93.0,0.8143,Poliedro,698.5838461538461,52.0,694.337,-12.133846153846207
41131703,COLEGIO PASSIONISTA NOSSA SENHORA MENINA,4106902,8.0,69,Outras posições,False,650.8166666666667,28.0,5.0,93.0,0.8142,Poliedro,645.836,20.0,648.741388888889,4.980666666666707
35004369,COLEGIO PLANCK,3549904,3.0,27,Desafiante (2º-5º local),False,705.8138636363636,88.0,3.0,307.0,0.814,Poliedro,681.4313888888888,72.0,694.8417499999999,24.382474747474816
43119964,COLEGIO DOM ALBERTO,4316808,3.0,5,Desafiante (2º-5º local),False,639.8389743589744,13.0,5.0,56.0,0.814,Poliedro,635.2853333333334,15.0,637.3995238095239,4.553641025641014
33055947,COLEGIO SALESIANO SANTA ROSA,3303302,8.0,42,Outras posições,False,643.9246987951807,83.0,5.0,316.0,0.8139,Poliedro,637.7101010101011,99.0,640.5442307692309,6.214597785079604
52097587,COLEGIO ATRIO,5208707,14.0,68,Outras posições,False,650.807037037037,72.0,5.0,374.0,0.8138,Poliedro,660.7760919540231,58.0,655.2547692307692,-9.96905491698601
33159637,GRUPO EDUCACIONAL MOPI LTDA - UNIDADE ITANHANGA,3304557,52.0,344,Outras posições,False,654.9810526315789,19.0,4.0,87.0,0.8138,Poliedro,607.8447619047619,21.0,630.2344999999999,47.13629072681704
35441995,FOUR C BILINGUAL ACADEMY,3506003,2.0,20,Desafiante (2º-5º local),False,650.7317647058824,17.0,5.0,86.0,0.8137,Poliedro,649.7076923076924,13.0,650.288,1.0240723981900146
31123536,COLEGIO NOSSA SENHORA DAS GRACAS,3148004,1.0,5,Líder local,False,650.7261728395061,27.0,5.0,118.0,0.8135,Poliedro,669.3035294117647,34.0,661.0807650273224,-18.57735657225851
26122090,COLEGIO PRESBITERIANO AGNES ERSKINE,2611606,14.0,76,Outras posições,False,639.6625490196079,68.0,5.0,236.0,0.8132,Poliedro,622.7737931034483,58.0,631.8883597883598,16.888755916159653
35186429,EINSTEIN COLEGIO,3543402,6.0,38,Outras posições,False,663.7739233038349,113.0,4.0,459.0,0.8131,Poliedro,659.0742322097378,89.0,661.7032673267327,4.699691094097034
26193957,COLEGIO GGE,2611101,2.0,10,Desafiante (2º-5º local),False,656.2808163265306,49.0,4.0,220.0,0.8131,Poliedro,,,656.2808163265306,
35299789,ADV COLEGIO UNIDADE II,3525300,2.0,10,Desafiante (2º-5º local),False,655.5729411764705,34.0,4.0,158.0,0.8115,Poliedro,675.6038461538462,26.0,664.2529999999999,-20.030904977375712
50005405,COLEGIO MARISTA ALEXANDER FLEMING,5002704,3.0,31,Desafiante (2º-5º local),False,662.752972972973,74.0,4.0,277.0,0.8114,Poliedro,655.5445679012346,54.0,659.7119270833334,7.208405071738412
12010936,ESC CENTRO EDUCACIONAL E CULTURAL - META,1200401,3.0,10,Desafiante (2º-5º local),False,655.4070085470086,117.0,4.0,331.0,0.8113,Poliedro,641.9101030927835,97.0,649.2892523364486,13.496905454225043
31305235,COL POTENCIA,3118304,2.0,4,Desafiante (2º-5º local),False,649.8050000000001,44.0,5.0,130.0,0.811,Poliedro,618.213488372093,43.0,634.1908045977012,31.59151162790704
21500002,COLEGIO DOM BOSCO BALSAS,2101400,1.0,5,Líder local,False,660.349268292683,41.0,4.0,196.0,0.8105,Poliedro,651.089,40.0,655.7762962962963,9.260268292682895
22310762,CEV COLEGIO,2211001,16.0,52,Outras posições,False,669.9781526104418,83.0,2.0,278.0,0.8104,Poliedro,634.7185542168675,83.0,652.3483534136546,35.25959839357438
26108585,COLEGIO DIVINO MESTRE,2607901,2.0,22,Desafiante (2º-5º local),False,644.2056,25.0,5.0,103.0,0.8104,Poliedro,637.755,28.0,640.7977358490566,6.4506000000000085
35139178,COLEGIO ARBOS,3547809,2.0,36,Desafiante (2º-5º local),False,699.2955555555556,54.0,3.0,309.0,0.8101,Poliedro,685.2753333333333,70.0,691.3809139784946,14.020222222222287
24057096,COLEGIO NOSSA SENHORA DAS NEVES,2408102,13.0,48,Outras posições,False,644.0230379746836,79.0,5.0,271.0,0.8098,Poliedro,630.3827450980392,119.0,635.8250841750842,13.640292876644367
53019733,COL FLEMING ASA SUL,5300108,17.0,117,Outras posições,False,682.2047619047619,21.0,2.0,51.0,0.8095,Poliedro,667.2181333333334,50.0,671.6507981220657,14.986628571428469
52059383,COLEGIO ZENITE,5211503,1.0,5,Líder local,False,662.1175000000001,16.0,4.0,82.0,0.8095,Poliedro,686.8722222222221,18.0,675.2229411764706,-24.754722222222085
31170461,COLEGIO RESSURREICAO NOSSA SENHORA,3170206,6.0,21,Outras posições,False,661.9100000000001,10.0,4.0,29.0,0.8091,Poliedro,635.9988235294118,17.0,645.5955555555556,25.911176470588316
51028646,INST PRESBITERIANO EDUCACAO SIMONTON,5107958,1.0,4,Líder local,False,661.8644444444444,27.0,4.0,120.0,0.809,Poliedro,646.3539999999999,30.0,653.7010526315789,15.510444444444488
43043720,COLEGIO SAO JOSE,4305108,1.0,12,Líder local,False,643.934375,64.0,5.0,275.0,0.8087,Poliedro,653.796704980843,87.0,649.6166445916116,-9.862329980842901
42011620,COLEGIO SAO BENTO,4204608,2.0,11,Desafiante (2º-5º local),False,661.6150617283951,81.0,4.0,304.0,0.8084,Poliedro,661.9852736318409,67.0,661.7826576576578,-0.37021190344580646
25120298,CENTRO PESSOENSE DE EDUCACAO - COLEGIO MOTIVA,2507507,8.0,55,Outras posições,False,696.4284099616858,348.0,1.0,1186.0,0.8083,Poliedro,701.7106249999999,224.0,698.4969696969697,-5.282215038314121
35125441,EDUCATIVA INSTITUTO DE EDUCACAO E CULTURA,3548906,2.0,15,Desafiante (2º-5º local),False,669.8936,25.0,4.0,103.0,0.8082,Poliedro,678.6616216216216,37.0,675.1261290322581,-8.768021621621642
35142612,SINGULAR COLEGIO,3548708,4.0,33,Desafiante (2º-5º local),False,653.1620454545455,88.0,4.0,261.0,0.808,Poliedro,629.1690909090909,66.0,642.8793506493506,23.99295454545461
53015010,ESCOLA CANADENSE DE BRASILIA,5300108,18.0,117,Outras posições,False,654.8383333333333,12.0,4.0,94.0,0.808,Poliedro,608.9745454545455,11.0,632.9034782608695,45.863787878787775
35112902,RIO BRANCO COLEGIO,3509502,3.0,47,Desafiante (2º-5º local),False,648.4338235294117,68.0,5.0,278.0,0.8067,Poliedro,675.7802116402116,63.0,661.5851399491095,-27.34638811079992
35104711,ESCOLA ALEF PERETZ,3550308,33.0,516,Outras posições,False,660.7702666666668,50.0,4.0,183.0,0.8066,Poliedro,629.5758974358974,39.0,647.1008239700375,31.194369230769325
29277744,COLEGIO NOSSA SENHORA DE FATIMA - SACRAMENTINAS,2933307,2.0,14,Desafiante (2º-5º local),False,643.5203652968036,146.0,5.0,514.0,0.8066,Poliedro,647.7870866141733,127.0,645.5052503052502,-4.266721317369729
31378496,COLEGIO GENOMA II,3168606,1.0,4,Líder local,False,679.6507575757576,44.0,2.0,111.0,0.8063,Poliedro,680.5333333333333,33.0,680.0290043290042,-0.8825757575757507
29477271,CURSO E COLEGIO LEFFLER,2927408,11.0,90,Outras posições,False,678.2965217391304,46.0,3.0,128.0,0.8058,Poliedro,681.8895652173912,69.0,680.4523478260869,-3.5930434782608245
35004304,ESCOLA CONCEPT,3543402,7.0,38,Outras posições,False,665.0138461538462,13.0,3.0,59.0,0.8057,Poliedro,,,665.0138461538462,
24083550,CENTRO DE EDUCACAO INTEGRADA ZONA SUL LTDA,2403251,2.0,13,Desafiante (2º-5º local),False,641.7656716417911,67.0,5.0,276.0,0.8056,Poliedro,623.0138505747127,58.0,633.0648266666667,18.751821067078367
33063710,COLEGIO SANTO ANTONIO MARIA ZACCARIA,3304557,53.0,344,Outras posições,False,643.1833333333333,18.0,5.0,52.0,0.8053,Poliedro,661.2312499999999,16.0,651.6764705882352,-18.04791666666665
35170331,SAO CARLOS INSTITUTO EDUCACAO DE ENSINO FUNDAMENTAL E MEDIO,3548906,3.0,15,Desafiante (2º-5º local),False,660.3584,25.0,4.0,243.0,0.8052,Poliedro,683.3069230769231,26.0,672.0576470588236,-22.948523076923152
22144412,CENTRO EDUCACIONAL CONTEXTO,2207702,2.0,11,Desafiante (2º-5º local),False,664.9772549019608,51.0,3.0,173.0,0.8052,Poliedro,652.5654545454546,44.0,659.2286315789473,12.411800356506205
28031563,COLEGIO MAGNUS,2802908,1.0,6,Líder local,False,660.2406779661017,59.0,4.0,284.0,0.8048,Poliedro,665.7418279569893,62.0,663.0594490358127,-5.501149990887598
35430146,MAPLE BEAR CANADIAN SCHOOL MOGI DAS CRUZES,3530607,1.0,24,Líder local,False,677.904,10.0,3.0,67.0,0.8048,Poliedro,652.84,11.0,664.7752380952381,25.063999999999965
33100977,LICEU MOLIERE,3304557,54.0,344,Outras posições,False,648.0636363636363,11.0,5.0,125.0,0.8047,Poliedro,577.3272727272728,11.0,612.6954545454545,70.73636363636354
29093643,COLEGIO SANTO ANTONIO,2910800,4.0,21,Desafiante (2º-5º local),False,648.0166666666667,48.0,5.0,223.0,0.8046,Poliedro,641.8096296296296,36.0,645.356507936508,6.207037037037026
52097676,COLEGIO SIMBIOS,5208707,15.0,68,Outras posições,False,674.4309186351707,127.0,3.0,428.0,0.8044,Poliedro,685.4803111111111,150.0,680.4143441636581,-11.049392475940408
53019393,COL EVEREST BRASILIA II,5300108,19.0,117,Outras posições,False,652.0921637426901,57.0,4.0,185.0,0.8033,Poliedro,631.1507070707071,33.0,644.4136296296297,20.94145667198302
53007050,COL LA SALLE AGUAS CLARAS,5300108,19.0,117,Outras posições,False,647.6837908496733,102.0,5.0,347.0,0.8033,Poliedro,638.9617901234568,108.0,643.1981904761905,8.722000726216493
35141392,DRUMMOND COLEGIO,3534708,1.0,7,Líder local,False,700.1191666666667,24.0,2.0,65.0,0.8032,Poliedro,695.4833333333333,18.0,698.132380952381,4.63583333333338
35144034,GIBRAN KHALIL GIBRAN COLEGIO,3552809,1.0,12,Líder local,False,667.4784999999999,40.0,4.0,161.0,0.8031,Poliedro,667.0891891891891,37.0,667.2914285714286,0.3893108108107981
43216870,COLEGIO TOTEM SANTA MARIA,4316907,1.0,12,Líder local,False,666.1971428571428,21.0,3.0,83.0,0.803,Poliedro,657.7284848484849,33.0,661.0218518518518,8.46865800865794
35152729,PETROPOLIS COLEGIO,3548708,5.0,33,Desafiante (2º-5º local),False,659.2620792079208,101.0,4.0,309.0,0.8028,Poliedro,659.3820454545455,88.0,659.3179365079365,-0.11996624662469912
52109585,COLEGIO COPE NEXUS FILIAL,5201108,3.0,11,Desafiante (2º-5º local),False,692.0964285714286,28.0,3.0,104.0,0.8022,Poliedro,669.0519191919192,33.0,679.6297267759562,23.044509379509464
35112896,DOM BARRETO COLEGIO,3509502,4.0,47,Desafiante (2º-5º local),False,642.1259903381643,69.0,5.0,200.0,0.8022,Poliedro,642.6641379310345,58.0,642.3717585301837,-0.538147592870132
29480310,CENTRO EDUCACIONAL PLATAFORMA LTDA,2928703,1.0,6,Líder local,False,659.1446296296295,36.0,4.0,112.0,0.802,Poliedro,624.1041666666666,24.0,645.1284444444444,35.04046296296292
35004801,COLEGIO ANGLO SAO PAULO,3550308,34.0,516,Outras posições,False,677.174606741573,89.0,2.0,328.0,0.8017,Poliedro,,,677.174606741573,
15577740,E E F M ALVORADA,1504208,2.0,9,Desafiante (2º-5º local),False,646.245625,32.0,4.0,112.0,0.8017,Poliedro,640.05,26.0,643.468275862069,6.195625000000064
15172287,PHYSICS COLEGIO E CURSO,1501402,8.0,65,Outras posições,False,741.6864705882354,34.0,1.0,134.0,0.8011,Poliedro,621.7261111111111,36.0,679.9925714285715,119.96035947712426
26190451,COLEGIO GGE,2611606,15.0,76,Outras posições,False,676.2941158059468,213.0,3.0,586.0,0.8011,Poliedro,650.1923664122137,131.0,666.3542054263567,26.101749393733144
35140065,INSTITUTO EDUCACIONAL IGUATEMY ESCOLA DE EI EF E EM,3549904,4.0,27,Desafiante (2º-5º local),False,697.0335483870969,31.0,2.0,104.0,0.801,Poliedro,684.565625,32.0,690.7006349206349,12.467923387096903
35120637,PADRE ANCHIETA COLEGIO,3534401,2.0,31,Desafiante (2º-5º local),False,652.4505882352942,17.0,5.0,93.0,0.8009,Poliedro,623.3014814814815,27.0,634.5636363636363,29.149106753812703
13032020,LAVINIENSE ENSINO INTEGRADO E CE PINGO DE GENTE,1302603,6.0,49,Outras posições,False,651.6761666666666,40.0,4.0,203.0,0.8008,Poliedro,684.0430303030303,33.0,666.3077625570776,-32.36686363636363
35175572,POLIEDRO COLEGIO,3549904,5.0,27,Desafiante (2º-5º local),True,689.8837242128122,307.0,3.0,1009.0,0.8008,Poliedro,688.836564102564,260.0,689.403544973545,1.0471601102482282
31382655,COLEGIO GABARITO - UNIDADE II,3170107,4.0,13,Desafiante (2º-5º local),False,640.9443137254902,68.0,5.0,75.0,0.8007,Poliedro,667.9603225806452,124.0,658.3921527777778,-27.01600885515495
29472440,COLEGIO E CURSO GAUSS,2903201,2.0,6,Desafiante (2º-5º local),False,658.5865306122449,98.0,4.0,299.0,0.8004,Poliedro,666.2555172413793,58.0,661.4378205128205,-7.668986629134338
35499067,INSPIRE COLEGIO,3549904,6.0,27,Outras posições,False,666.4417021276596,47.0,4.0,222.0,0.8004,Poliedro,652.7173333333334,50.0,659.3672852233677,13.72436879432621
35140995,OBJETIVO JUNIOR COLEGIO,3554102,1.0,15,Líder local,False,696.3199999999999,31.0,2.0,102.0,0.8,Poliedro,688.59,14.0,693.9151111111112,7.7299999999999045
24057207,COMPLEXO EDUC HENRIQUE CASTRICIANO,2408102,14.0,48,Outras posições,False,636.503,60.0,5.0,154.0,0.8,Poliedro,661.9534615384616,52.0,648.3192857142858,-25.45046153846158
29342872,COLEGIO GENESIS,2910800,5.0,21,Desafiante (2º-5º local),False,658.4970666666667,75.0,4.0,256.0,0.7999,Poliedro,656.6793103448275,87.0,657.5208641975308,1.8177563218391697
35439599,PARQUE ECOLOGICO INSTITUTO EDUCACIONAL,3520509,2.0,12,Desafiante (2º-5º local),False,675.1053333333333,60.0,3.0,217.0,0.7999,Poliedro,667.2421052631579,57.0,671.2745299145299,7.86322807017541
31105902,COL N SRA DAS DORES,3131703,3.0,6,Desafiante (2º-5º local),False,641.7296296296297,27.0,5.0,143.0,0.7999,Poliedro,633.5273015873016,21.0,638.1411111111112,8.202328042328077
27226115,COLEGIO MARIA MONTESSORI,2704302,5.0,63,Desafiante (2º-5º local),False,652.4950684931507,73.0,4.0,254.0,0.7999,Poliedro,643.9679411764706,68.0,648.382695035461,8.527127316680094
31290157,COL CHROMOS PAMPULHA,3106200,36.0,110,Outras posições,False,656.5686666666667,90.0,4.0,549.0,0.7997,Poliedro,635.2194498381876,103.0,645.1750431778929,21.34921682847903
33147450,COLEGIO ANGLO AMERICANO,3306305,3.0,12,Desafiante (2º-5º local),False,647.0076923076923,13.0,5.0,96.0,0.7996,Poliedro,,,647.0076923076923,
53012941,COLEGIO CIMAN,5300108,21.0,117,Outras posições,False,640.6300483091787,69.0,5.0,271.0,0.7994,Poliedro,623.4297267759563,61.0,632.5591282051282,17.20032153322245
35126974,OBJETIVO INTEGRADO DE MOGI DAS CRUZES COLEGIO,3530607,2.0,24,Desafiante (2º-5º local),False,730.297142857143,35.0,1.0,103.0,0.7993,Poliedro,735.8112195121951,41.0,733.2718421052632,-5.514076655052122
35388786,LICEU PORTINARI DE ENSINO MEDIO,3526902,1.0,15,Líder local,False,646.8820202020202,33.0,5.0,128.0,0.7992,Poliedro,639.1632380952381,35.0,642.9091176470588,7.7187821067821005
41127722,COLEGIO BOM JESUS ED INFANTIL ENSINO FUNDAMENTAL E MEDIO SEDE,4106902,9.0,69,Outras posições,False,646.758753894081,214.0,5.0,767.0,0.799,Poliedro,652.995824915825,198.0,649.7561812297733,-6.237071021743986
51094061,COLEGIO MAXI,5103403,3.0,27,Desafiante (2º-5º local),False,652.2927477477477,148.0,4.0,490.0,0.7989,Poliedro,655.7954913294798,173.0,654.1805192107995,-3.502743581732034
33066566,COLEGIO DA COMPANHIA DE SANTA TERESA DE JESUS RJ,3304557,55.0,344,Outras posições,False,636.3517948717949,39.0,5.0,136.0,0.7987,Poliedro,650.77,24.0,641.8444444444444,-14.418205128205045
29609607,COLEGIO PERFIL,2919207,2.0,8,Desafiante (2º-5º local),False,641.4872340425533,94.0,5.0,287.0,0.7986,Poliedro,646.5994117647059,68.0,643.6330864197531,-5.112177722152637
33111642,COLEGIO SANTA MONICA - TAQUARA,3304557,56.0,344,Outras posições,False,658.0307142857143,28.0,4.0,127.0,0.7986,Poliedro,647.58,32.0,652.457,10.450714285714298
31354600,COLEGIO BATISTA MINEIRO - UNIDADE ALPHAVILLE NOVA LIMA,3144805,4.0,8,Desafiante (2º-5º local),False,657.9550877192983,19.0,4.0,108.0,0.7983,Poliedro,658.2583333333333,12.0,658.0724731182795,-0.3032456140350632
22141251,INSTITUTO EDUCACIONAL SAO JOSE UNIDADE MOCAMBINHO,2211001,17.0,52,Outras posições,False,652.0964516129033,62.0,4.0,62.0,0.7983,Poliedro,,,652.0964516129033,
35102660,COLEGIO SANTO IVO,3550308,35.0,516,Outras posições,False,665.359696969697,22.0,4.0,109.0,0.798,Poliedro,652.316,25.0,658.421560283688,13.043696969696953
31004511,COLEGIO SANTA RITA DE CASSIA,3106200,37.0,110,Outras posições,False,657.7455813953488,43.0,4.0,130.0,0.7977,Poliedro,632.819349593496,41.0,645.5792063492064,24.92623180185285
31377759,COLEGUIUM - UNIDADE NOVA SUICA,3106200,37.0,110,Outras posições,False,661.694761904762,14.0,3.0,51.0,0.7977,Poliedro,666.23,10.0,663.5844444444446,-4.5352380952380145
29181801,COLEGIO ANTONIO VIEIRA,2927408,12.0,90,Outras posições,False,646.0367957746479,284.0,5.0,990.0,0.7971,Poliedro,650.6861092530658,299.0,648.4212635791881,-4.6493134784178665
15174476,COLEGIO INTEGRADO BELEM LTDA,1501402,9.0,65,Outras posições,False,644.6460215053764,62.0,4.0,236.0,0.7967,Poliedro,662.0590058479532,114.0,655.9248863636363,-17.412984342576806
35112768,FRANCISCANO AVE MARIA COLEGIO,3509502,5.0,47,Desafiante (2º-5º local),False,645.745,36.0,5.0,124.0,0.7965,Poliedro,610.7847619047619,14.0,635.9561333333334,34.96023809523808
33031410,COL STA ANGELA,3304201,1.0,8,Líder local,False,641.1260759493671,79.0,5.0,320.0,0.7964,Poliedro,635.6591967871486,83.0,638.3251440329218,5.466879162218447
35286527,PROGRESSAO COLEGIO,3538006,1.0,7,Líder local,False,672.6621052631579,19.0,3.0,84.0,0.7962,Poliedro,674.324126984127,21.0,673.5346666666667,-1.6620217209691646
43105084,COL LA SALLE SANTO ANTONIO,4314902,16.0,61,Outras posições,False,651.700594059406,101.0,4.0,376.0,0.7959,Poliedro,657.4232323232324,99.0,654.5333,-5.722638263826411
31343781,COLEGIO VALE DO SAPUCAI,3152501,4.0,10,Desafiante (2º-5º local),False,651.6799074074074,72.0,4.0,261.0,0.7957,Poliedro,655.445925925926,54.0,653.2939153439154,-3.7660185185185355
52054241,COLEGIO COOPEN,5218805,1.0,7,Líder local,False,640.9538888888889,24.0,5.0,188.0,0.7955,Poliedro,632.7475000000001,16.0,637.6713333333333,8.206388888888796
43210643,COLEGIO GABARITO CANOAS,4304606,1.0,10,Líder local,False,644.3430894308943,41.0,4.0,124.0,0.7955,Poliedro,630.0858156028369,47.0,636.7284090909092,14.257273828057464
33029490,COLEGIO VERBO DIVINO,3300407,1.0,4,Líder local,False,645.2125252525252,66.0,5.0,221.0,0.795,Poliedro,665.9825641025641,78.0,656.4629629629629,-20.770038850038873
35563006,ETAPA III COLEGIO,3550308,36.0,516,Outras posições,False,762.2793333333334,30.0,0.0,61.0,0.795,Poliedro,743.8776190476191,42.0,751.5450000000001,18.40171428571432
33166927,COLEGIO APROVADO,3302403,2.0,11,Desafiante (2º-5º local),False,671.885172413793,58.0,3.0,173.0,0.7948,Poliedro,658.2167708333334,64.0,664.7148633879781,13.668401580459658
27227189,COLEGIO DE EDUCACAO BASICA SANTA ESMERALDA,2700300,3.0,15,Desafiante (2º-5º local),False,645.1627272727272,66.0,5.0,189.0,0.7945,Poliedro,631.8635616438356,73.0,638.178273381295,13.299165628891615
33149780,SISTEMA ELITE DE ENSINO,3304557,57.0,344,Outras posições,False,690.0099999999999,12.0,2.0,329.0,0.7939,Poliedro,731.0100000000001,12.0,710.5099999999999,-41.00000000000023
35185619,ATOMO COLEGIO,3541406,2.0,13,Desafiante (2º-5º local),False,671.0804347826087,46.0,3.0,169.0,0.7938,Poliedro,656.7169696969697,33.0,665.080506329114,14.36346508563895
22143459,CEV- COLEGIO UNIDADE 04,2211001,18.0,52,Outras posições,False,649.1135294117647,34.0,4.0,123.0,0.7934,Poliedro,660.2938775510204,49.0,655.7139759036144,-11.18034813925567
43121900,COLEGIO MARISTA SANTA MARIA,4316907,2.0,12,Desafiante (2º-5º local),False,640.5069565217391,23.0,5.0,74.0,0.7932,Poliedro,650.7345454545454,33.0,646.5339285714284,-10.22758893280627
31358428,COLEGUIUM - UNIDADE ALIPIO DE MELO,3106200,40.0,110,Outras posições,False,659.8189655172414,58.0,3.0,208.0,0.7931,Poliedro,661.2597948717948,65.0,660.5803794037939,-1.4408293545534434
35144952,ARGUMENTO COLEGIO,3550308,37.0,516,Outras posições,False,659.4363585434173,119.0,3.0,434.0,0.7926,Poliedro,649.5409855072463,115.0,654.573247863248,9.895373036171009
31220094,COL NACIONAL,3170206,7.0,21,Outras posições,False,656.0348370927318,133.0,4.0,333.0,0.7924,Poliedro,659.8693785310735,118.0,657.8375298804781,-3.8345414383417165
33175195,REDE AZ COLEGIO E CURSO UNIDADE LICENCIADA ILHA,3304557,58.0,344,Outras posições,False,682.1869565217391,23.0,1.0,67.0,0.7924,Poliedro,674.1693333333334,15.0,679.022105263158,8.017623188405764
42160383,COLEGIO AZ FLORIPA,4205407,1.0,30,Líder local,False,710.5575,56.0,1.0,123.0,0.7923,Poliedro,690.8092857142857,56.0,700.683392857143,19.74821428571431
33177627,COLEGIO PH,3304557,59.0,344,Outras posições,False,659.3002531645569,79.0,3.0,240.0,0.7923,Poliedro,664.9207843137254,51.0,661.5052307692307,-5.620531149168528
35579403,COLEGIO ELITECOL,3509502,6.0,47,Outras posições,False,688.4893333333333,75.0,2.0,251.0,0.7922,Poliedro,694.1046153846154,65.0,691.0964285714285,-5.615282051282065
29359287,COLEGIO PIRAMIDE,2919207,3.0,8,Desafiante (2º-5º local),False,644.3792592592594,27.0,5.0,121.0,0.7917,Poliedro,618.4929411764706,34.0,629.9508196721312,25.886318082788762
31244457,COLEGIO SANTA MARIA MINAS - UNIDADE NOVA SUICA,3106200,41.0,110,Outras posições,False,648.5789285714285,56.0,4.0,222.0,0.7915,Poliedro,647.8019047619048,84.0,648.1127142857143,0.7770238095237119
33027722,COLEGIO FRANCISCANO SAGRADO CORACAO DE JESUS,3300704,1.0,12,Líder local,False,643.6770588235295,34.0,4.0,108.0,0.7915,Poliedro,643.5151351351352,37.0,643.5926760563381,0.16192368839426763
50032100,COLEGIO BIONATUS II,5002704,4.0,31,Desafiante (2º-5º local),False,708.8142857142857,28.0,1.0,28.0,0.7914,Poliedro,728.7792857142857,28.0,718.7967857142856,-19.965000000000032
43173217,ESCOLA DE ENSINO FUNDAMENTAL E MEDIO SANTA MONICA,4314407,3.0,10,Desafiante (2º-5º local),False,640.275,28.0,5.0,76.0,0.7913,Poliedro,645.4882758620689,29.0,642.9273684210526,-5.21327586206894
23025646,COLEGIO FARIAS BRITO SOBRALENSE,2312908,2.0,6,Desafiante (2º-5º local),False,638.9935922330096,103.0,5.0,264.0,0.7911,Poliedro,648.8578431372549,102.0,643.9016585365854,-9.864250904245296
29488591,COLEGIO ANCHIETA,2927408,13.0,90,Outras posições,False,708.3850000000001,12.0,1.0,55.0,0.7909,Poliedro,,,708.3850000000001,
43109330,SISTEMA EDUCACIONAL BOA VISTA,4314902,17.0,61,Outras posições,False,634.74,46.0,5.0,146.0,0.7909,Poliedro,628.3158823529412,34.0,632.0097499999999,6.424117647058779
31324663,SIC - ESCOLA PROFISSIONALIZANTE SANTO AGOSTINHO,3106200,42.0,110,Outras posições,False,648.4162241887905,113.0,4.0,531.0,0.7907,Poliedro,651.7717894736842,95.0,649.9488141025641,-3.3555652848937143
21272921,INST EDUCACIONAL SUL MARANHENSE COC,2105302,2.0,11,Desafiante (2º-5º local),False,643.4172,25.0,4.0,90.0,0.7907,Poliedro,654.2877777777778,18.0,647.9676744186047,-10.87057777777784
35113426,SAO JOSE COLEGIO,3526902,2.0,15,Desafiante (2º-5º local),False,649.373076923077,26.0,5.0,130.0,0.7906,Poliedro,663.622641509434,53.0,658.932911392405,-14.249564586356996
35118503,ALBERT SABIN ESCOLA DE ENSINO MEDIO,3543402,8.0,38,Outras posições,False,655.1941002949852,113.0,4.0,368.0,0.7902,Poliedro,647.4866666666667,152.0,650.7732327044025,7.70743362831854
31004278,ESCOLA SANTO TOMAS DE AQUINO,3106200,43.0,110,Outras posições,False,642.9140350877193,38.0,5.0,136.0,0.7898,Poliedro,657.6872222222223,36.0,650.1009909909911,-14.773187134503019
22138544,INSTITUTO SANTO AGOSTINHO,2211001,19.0,52,Outras posições,False,638.7951724137931,29.0,5.0,114.0,0.7898,Poliedro,613.5061111111112,36.0,624.7889230769231,25.289061302681944
33195340,PB COLEGIO E CURSO,3304557,60.0,344,Outras posições,False,710.3366666666666,12.0,0.0,47.0,0.7895,Poliedro,698.422,20.0,702.89,11.914666666666562
33064024,EDEM,3304557,61.0,344,Outras posições,False,643.946,20.0,5.0,76.0,0.7893,Poliedro,658.3901587301586,21.0,651.3442276422763,-14.44415873015862
31005916,COLEGIO DO INSTITUTO PADRE MACHADO,3106200,44.0,110,Outras posições,False,638.678,20.0,5.0,55.0,0.7892,Poliedro,632.9483333333334,12.0,636.5293750000001,5.729666666666617
33064628,COLEGIO TTH BAR-ILAN,3304557,62.0,344,Outras posições,False,668.5020000000001,10.0,3.0,38.0,0.7892,Poliedro,,,668.5020000000001,
21010064,UPAON EDUCACIONAL LTDA,2111300,7.0,47,Outras posições,False,634.2894444444444,72.0,5.0,283.0,0.7892,Poliedro,630.6559501557632,107.0,632.1174674115456,3.633494288681163
35123419,COOPERATIVA DE ENSINO DE BIRIGUI,3506508,1.0,6,Líder local,False,672.5045454545455,22.0,2.0,91.0,0.7891,Poliedro,668.6172413793104,29.0,670.2941176470588,3.887304075235079
13102192,LATO SENSU IV,1302603,7.0,49,Outras posições,False,668.9038461538462,26.0,2.0,96.0,0.7886,Poliedro,681.1686956521738,23.0,674.6608163265306,-12.264849498327635
31074250,COLEGIO NOSSA SENHORA DO CARMO,3136702,9.0,21,Outras posições,False,638.4457142857142,35.0,5.0,130.0,0.7886,Poliedro,627.8208510638299,47.0,632.3558536585366,10.624863221884311
35105041,MARIA IMACULADA COLEGIO EEIFM,3550308,38.0,516,Outras posições,False,654.7724999999999,24.0,4.0,76.0,0.7881,Poliedro,668.2384615384616,13.0,659.5037837837838,-13.46596153846167
35139646,COLEGIO RIO BRANCO - UNIDADE GRANJA VIANNA,3513009,1.0,17,Líder local,False,639.6533333333333,70.0,5.0,238.0,0.788,Poliedro,659.5174193548387,62.0,648.9834343434343,-19.864086021505386
33195463,COLEGIO SANT ANNA SEGMENTOS FINAIS LTDA,3300209,1.0,10,Líder local,False,643.8442424242425,33.0,5.0,106.0,0.788,Poliedro,642.2569565217391,46.0,642.92,1.5872859025033677
35561320,ALPHA LUMEN INSTITUTO,3549904,7.0,27,Outras posições,False,717.3279069767442,43.0,0.0,157.0,0.788,Poliedro,694.8169230769231,39.0,706.6214634146343,22.5109838998211
31377953,COLEGIO INTEGRADO UBERABA,3170107,5.0,13,Desafiante (2º-5º local),False,638.1526923076924,52.0,5.0,271.0,0.7878,Poliedro,641.9485106382979,47.0,639.9547474747475,-3.7958183306054707
33021724,COL NS DAS DORES,3303401,4.0,15,Desafiante (2º-5º local),False,647.6758823529411,34.0,4.0,138.0,0.7876,Poliedro,656.4337037037037,54.0,653.05,-8.757821350762583
35158483,STOCKLER COLEGIO,3550308,39.0,516,Outras posições,False,684.8342105263158,38.0,2.0,111.0,0.7873,Poliedro,686.3304545454546,44.0,685.6370731707318,-1.4962440191387714
29093619,COLEGIO NOBRE DE FEIRA DE SANTANA,2910800,6.0,21,Outras posições,False,639.3804615384615,130.0,5.0,432.0,0.7872,Poliedro,657.7079591836734,98.0,647.2580701754385,-18.327497645211906
31170534,COLEGIO PIRLIMPIMPIM SAO PASCHOALL,3170206,8.0,21,Outras posições,False,654.4735714285715,28.0,4.0,152.0,0.787,Poliedro,645.8858064516129,31.0,649.9613559322034,8.587764976958624
41131690,COLEGIO NOSSA SENHORA MEDIANEIRA,4106902,10.0,69,Outras posições,False,639.2889230769231,130.0,5.0,440.0,0.7867,Poliedro,658.3876363636364,165.0,649.9712542372882,-19.09871328671329
52033830,COLEGIO SANTA CLARA,5208707,16.0,68,Outras posições,False,643.3780952380953,21.0,5.0,46.0,0.7866,Poliedro,,,643.3780952380953,
43100031,COLEGIO SAO JOSE,4314407,4.0,10,Desafiante (2º-5º local),False,643.3354054054054,74.0,5.0,243.0,0.7863,Poliedro,639.5518,100.0,641.1609195402299,3.7836054054054102
33196214,PB COLEGIO E CURSO,3303302,9.0,42,Outras posições,False,714.3877419354839,93.0,0.0,227.0,0.7861,Poliedro,703.8265671641791,67.0,709.96525,10.561174771304763
35119982,JARDIM SAO PAULO UNIDADE TREMEMBE COLEGIO,3550308,40.0,516,Outras posições,False,667.1579874213837,53.0,3.0,199.0,0.7858,Poliedro,660.0738562091502,51.0,663.6840384615384,7.084131212233501
35151506,MIRANDA COLEGIO DE EIFM,3550308,41.0,516,Outras posições,False,653.846875,32.0,4.0,110.0,0.7857,Poliedro,640.8554285714285,35.0,647.0602985074626,12.991446428571408
42133114,COLEGIO DA LAGOA,4205407,2.0,30,Desafiante (2º-5º local),False,643.13,16.0,5.0,61.0,0.7853,Poliedro,666.96375,16.0,655.046875,-23.83375000000001
33042462,CENTRO EDUC SERRA DOS ORGAOS,3305802,2.0,10,Desafiante (2º-5º local),False,638.8955555555556,18.0,5.0,91.0,0.7853,Poliedro,636.9583333333334,24.0,637.7885714285715,1.9372222222222035
42159547,CURSO E COLEGIO INTEGRAL,4208203,2.0,10,Desafiante (2º-5º local),False,653.6106280193236,69.0,4.0,228.0,0.7851,Poliedro,679.7492592592592,54.0,665.0861246612466,-26.13863123993565
33180539,COLEGIO PH,3304557,63.0,344,Outras posições,False,657.1327659574467,94.0,3.0,230.0,0.7851,Poliedro,668.5036714975846,69.0,661.9462167689162,-11.37090554013787
25133012,COLEGIO VILA LTDA,2507507,9.0,55,Outras posições,False,643.084347826087,69.0,5.0,250.0,0.785,Poliedro,629.1554285714285,35.0,638.3967307692308,13.928919254658467
33032882,COL NS DO ROSARIO,3306305,4.0,12,Desafiante (2º-5º local),False,633.3539047619047,35.0,5.0,161.0,0.7849,Poliedro,643.5578260869565,46.0,639.1487242798353,-10.203921325051851
33439796,ANGLO AMERICANO ESCOLAS INTEGRADAS LTDA,3304201,2.0,8,Desafiante (2º-5º local),False,637.5083333333333,12.0,5.0,53.0,0.7847,Poliedro,640.8100000000001,10.0,639.0090909090909,-3.3016666666667334
31353990,SISTEMA EDUCACIONAL BATISTA CASTRO,3136702,10.0,21,Outras posições,False,642.9823529411765,17.0,5.0,49.0,0.7847,Poliedro,639.0228571428571,14.0,641.1941935483871,3.959495798319381
31004979,COLEGIO ESCOLAPIO SAO MIGUEL,3106200,45.0,110,Outras posições,False,647.1920754716981,53.0,4.0,145.0,0.7847,Poliedro,652.048,35.0,649.1234090909091,-4.855924528301898
41358899,ST JAMES C - EI EF M,4113700,3.0,24,Desafiante (2º-5º local),False,637.5017283950617,27.0,5.0,197.0,0.7846,Poliedro,622.106,30.0,629.3987134502925,15.395728395061724
33155860,COLEGIO ESPACO LIVRE,3303401,5.0,15,Desafiante (2º-5º local),False,657.0432000000001,25.0,3.0,111.0,0.7846,Poliedro,639.566274509804,17.0,649.9692063492064,17.476925490196095
42163021,DUAL INTERNATIONAL SCHOOL,4205407,3.0,30,Desafiante (2º-5º local),False,657.0109090909091,11.0,3.0,53.0,0.7845,Poliedro,657.4581818181819,11.0,657.2345454545455,-0.44727272727277523
35111363,COTET COLEGIO TECNICO DE TAUBATE,3554102,2.0,15,Desafiante (2º-5º local),False,647.7792,25.0,5.0,98.0,0.7843,Poliedro,648.5269230769231,26.0,648.1603921568627,-0.7477230769231937
26122359,COLEGIO AUXILIADORA,2611606,16.0,76,Outras posições,False,638.5608695652173,23.0,5.0,65.0,0.7837,Poliedro,622.068,20.0,630.8897674418604,16.492869565217347
31014087,COLEGIO SANTA MARIA MINAS UNIDADE CONTAGEM,3118601,2.0,17,Desafiante (2º-5º local),False,646.9952272727273,88.0,4.0,349.0,0.7837,Poliedro,655.4004210526316,95.0,651.3585792349727,-8.405193779904266
43043674,COLEGIO LA SALLE - CARMO,4305108,2.0,12,Desafiante (2º-5º local),False,638.4648648648649,37.0,5.0,323.0,0.7835,Poliedro,653.8336507936507,63.0,648.1472,-15.368785928785769
29433380,EPG - ESTABELECIMENTO PARTICULAR DE ENSINO LTDA,2933307,3.0,14,Desafiante (2º-5º local),False,647.905,20.0,4.0,99.0,0.7834,Poliedro,613.5329032258064,31.0,627.0121568627451,34.37209677419355
42011612,COLEGIO MARISTA CRICIUMA EI EF EM,4204608,3.0,11,Desafiante (2º-5º local),False,642.5587719298246,76.0,5.0,288.0,0.7834,Poliedro,654.4818279569893,62.0,647.9155072463769,-11.923056027164648
35141586,UIRAPURU COLEGIO,3552205,1.0,27,Líder local,False,666.151875,96.0,3.0,407.0,0.7833,Poliedro,664.2725,96.0,665.2121875,1.8793749999999818
51088835,FARINA SISTEMA DE ENSINO,5103403,4.0,27,Desafiante (2º-5º local),False,668.8835294117647,51.0,2.0,142.0,0.7831,Poliedro,668.7826923076923,52.0,668.8326213592233,0.10083710407241142
35004269,COLEGIO POLIEDRO,3509502,7.0,47,Outras posições,True,676.85985428051,183.0,3.0,635.0,0.7831,Poliedro,678.8515268817204,155.0,677.7731952662721,-1.9916726012103254
33027404,ESCOLA CANTO DOS PASSAROS,3300704,2.0,12,Desafiante (2º-5º local),False,647.8538666666667,50.0,4.0,158.0,0.783,Poliedro,681.1794736842105,38.0,662.2444696969698,-33.3256070175438
43213995,FLEMING SERVICOS EDUCACIONAIS LTDA,4314902,18.0,61,Outras posições,False,680.9870588235294,85.0,2.0,201.0,0.7829,Poliedro,668.2895238095238,63.0,675.582027027027,12.697535014005666
35010473,MAPLE BEAR JUNDIAI,3525904,2.0,31,Desafiante (2º-5º local),False,665.99,10.0,3.0,46.0,0.7828,Poliedro,,,665.99,
35142736,ESCOLA DA VILA VILA DAS JUVENTUDES,3550308,42.0,516,Outras posições,False,653.1287777777778,60.0,4.0,203.0,0.7827,Poliedro,640.9363768115942,46.0,647.8377358490567,12.19240096618364
31384828,COLEGIO OPCAO - UNIDADE II,3170107,6.0,13,Outras posições,False,665.7046153846154,13.0,3.0,82.0,0.7823,Poliedro,,,665.7046153846154,
13313231,ESCOLAS IDAAM,1302603,8.0,49,Outras posições,False,695.452,25.0,1.0,123.0,0.7823,Poliedro,561.3536,25.0,628.4028,134.09839999999997
35112318,SAO JOSE EXTERNATO,3504107,1.0,11,Líder local,False,642.082,30.0,5.0,136.0,0.7823,Poliedro,645.6744444444445,24.0,643.6786419753087,-3.5924444444444816
35132780,CIDADE DE ARACATUBA COLEGIO,3502804,2.0,13,Desafiante (2º-5º local),False,653.0677419354838,31.0,4.0,96.0,0.7822,Poliedro,671.9875,40.0,663.7267605633803,-18.919758064516145
31358266,COLEGIO FENIX DE ENSINO FUNDAMENTAL E ENSINO MEDIO,3152501,5.0,10,Desafiante (2º-5º local),False,680.4727272727273,22.0,2.0,74.0,0.7818,Poliedro,660.3857142857144,21.0,670.6627906976745,20.08701298701294
35106148,NOSSA SENHORA APARECIDA COLEGIO FRANCISCANO,3550308,43.0,516,Outras posições,False,653.0043333333333,80.0,4.0,333.0,0.7817,Poliedro,660.4478571428572,84.0,656.8168699186992,-7.443523809523867
31180602,COLEGIO BATISTA DE VARGINHA,3170701,3.0,7,Desafiante (2º-5º local),False,652.9966037735849,53.0,4.0,227.0,0.7816,Poliedro,647.5111111111111,54.0,650.2282242990655,5.485492662473803
43105076,COLEGIO SANTA TERESA DE JESUS PORTO ALEGRE,4314902,19.0,61,Outras posições,False,637.9257894736842,38.0,5.0,133.0,0.7816,Poliedro,606.3371241830065,51.0,619.8244194756554,31.58866529067768
35112586,NOSSA SRA AUXILIADORA COLEGIO SALESIANO,3509502,8.0,47,Outras posições,False,641.9722962962963,45.0,5.0,165.0,0.7816,Poliedro,630.6811695906433,57.0,635.6625490196078,11.291126705653028
35137881,ATIBAIA COLEGIO INTEGRADO DE,3504107,2.0,11,Desafiante (2º-5º local),False,665.2660869565217,23.0,3.0,85.0,0.7814,Poliedro,685.7906451612904,31.0,677.0487037037038,-20.52455820476871
26152630,GGE VESTIBULARES,2611606,17.0,76,Outras posições,False,675.9902040816326,49.0,3.0,259.0,0.7814,Poliedro,669.6128253968254,105.0,671.6419913419913,6.377378684807127
35802839,ARBOS COLEGIO UNIDADE MARECHAL DEODORO,3548807,2.0,10,Desafiante (2º-5º local),False,675.949918699187,41.0,3.0,174.0,0.7812,Poliedro,674.9529629629629,18.0,675.6457627118644,0.9969557362240948
33192260,LATTOS COLEGIO E VESTIBULARES,3304557,64.0,344,Outras posições,False,652.9326126126126,37.0,4.0,173.0,0.7811,Poliedro,659.3272727272727,66.0,657.0301618122977,-6.3946601146600415
31127965,COL JESUS MARIA JOSE,3151800,3.0,7,Desafiante (2º-5º local),False,652.9084848484848,44.0,4.0,125.0,0.7808,Poliedro,663.688947368421,38.0,657.9043089430894,-10.780462519936236
35100419,ZETA SISTEMA DE ENSINO DE BIRIGUI,3506508,2.0,6,Desafiante (2º-5º local),False,647.4641379310344,29.0,4.0,104.0,0.7807,Poliedro,634.0640000000001,30.0,640.6505084745763,13.400137931034351
50035088,COLEGIO MAESTRIA - ENEM E VESTIBULARES,5002704,5.0,31,Desafiante (2º-5º local),False,674.5422641509433,53.0,1.0,211.0,0.7806,Poliedro,676.6544,50.0,675.5675728155339,-2.112135849056699
33183031,ESCOLA SA PEREIRA,3304557,65.0,344,Outras posições,False,641.0128571428571,14.0,4.0,98.0,0.7803,Poliedro,632.5,17.0,636.3445161290323,8.512857142857115
33150931,COLEGIO E CURSO PENSI,3303302,10.0,42,Outras posições,False,655.3420987654321,162.0,3.0,236.0,0.7803,Poliedro,653.6934761904762,140.0,654.5778366445916,1.6486225749558798
25093096,COLEGIO PIO XI,2507507,10.0,55,Outras posições,False,641.7004347826087,69.0,5.0,216.0,0.78,Poliedro,662.0492307692307,39.0,649.0486111111111,-20.348795986622008
42000670,ASAV - COLEGIO CATARINENSE,4205407,4.0,30,Desafiante (2º-5º local),False,637.6192342342342,148.0,5.0,514.0,0.78,Poliedro,660.5356639566396,123.0,648.020418204182,-22.916429722405383
33168202,CENTRO EDUCACIONAL PRE UNIVERSITARIO,3300209,2.0,10,Desafiante (2º-5º local),False,652.3455319148936,47.0,4.0,105.0,0.7797,Poliedro,666.5273076923077,52.0,659.7945454545455,-14.181775777414032
29182654,COLEGIO SS SACRAMENTO,2927408,14.0,90,Outras posições,False,641.6614999999999,40.0,5.0,149.0,0.7797,Poliedro,645.3430000000001,60.0,643.8704,-3.681500000000142
35125436,SAPIENS CURSO E COLEGIO,3548906,4.0,15,Desafiante (2º-5º local),False,664.6179487179487,39.0,3.0,127.0,0.7796,Poliedro,682.9852830188679,53.0,675.1991304347827,-18.367334300919197
21292990,AUDAZ COLEGIO LTDA,2111300,8.0,47,Outras posições,False,657.96,16.0,4.0,34.0,0.779,Poliedro,,,657.96,
33042560,COL NS DO CARMO,3305802,3.0,10,Desafiante (2º-5º local),False,641.4559999999999,10.0,5.0,55.0,0.7789,Poliedro,572.7233333333334,10.0,607.0896666666666,68.73266666666655
35431436,LICEU CONTEMPORANEO ENSINO MEDIO,3543402,9.0,38,Outras posições,False,637.4346153846153,52.0,5.0,174.0,0.7789,Poliedro,634.1286956521739,46.0,635.8828571428571,3.3059197324414527
31007498,COLEGIO FRANCISCANO CORACAO DE MARIA,3106200,46.0,110,Outras posições,False,636.2830769230769,26.0,5.0,89.0,0.7789,Poliedro,608.1864,25.0,622.5101960784315,28.09667692307687
15172201,CENTRO EDUCACIONAL ESCREVA COM LTDA,1504208,3.0,9,Desafiante (2º-5º local),False,656.9227272727273,66.0,3.0,153.0,0.7788,Poliedro,680.5021739130434,46.0,666.6071428571429,-23.579446640316064
33180385,COLEGIO PH,3303302,11.0,42,Outras posições,False,694.6105797101449,138.0,0.0,145.0,0.7785,Poliedro,694.7735,160.0,694.6980536912753,-0.16292028985515117
51016443,COLEGIO AVANCADO DE DESENVOLVIMENTO EDUCACIONAL,5107909,1.0,7,Líder local,False,657.8776190476191,42.0,4.0,121.0,0.7784,Poliedro,653.0722222222222,36.0,655.6597435897436,4.805396825396883
31004171,COLEGIO NOSSA SENHORA DAS DORES,3106200,47.0,110,Outras posições,False,636.1278947368421,38.0,5.0,108.0,0.7784,Poliedro,646.962015503876,43.0,641.879341563786,-10.834120767033937
53020600,COL FLEMING AGUAS CLARAS,5300108,22.0,117,Outras posições,False,664.633,40.0,2.0,94.0,0.7782,Poliedro,,,664.633,
41063309,COL PONTAGROSSENSE-EDUC INF ENS FUND ENS MED,4119905,2.0,14,Desafiante (2º-5º local),False,652.0256756756756,74.0,4.0,262.0,0.7781,Poliedro,657.1611711711712,74.0,654.5934234234234,-5.135495495495547
41030095,PREMIER C - EI EF M,4113700,4.0,24,Desafiante (2º-5º local),False,641.3193220338984,59.0,5.0,189.0,0.7781,Poliedro,620.3958333333333,40.0,632.8653872053872,20.923488700565144
33182108,COLEGIO E CURSO PRW,3303906,3.0,19,Desafiante (2º-5º local),False,691.8580952380953,42.0,1.0,148.0,0.7781,Poliedro,678.8383870967742,62.0,684.0963461538462,13.019708141321075
43123988,COLEGIO RIACHUELO,4316907,3.0,12,Desafiante (2º-5º local),False,693.5887096774194,62.0,2.0,262.0,0.7777,Poliedro,693.2560784313725,68.0,693.4147179487179,0.33263124604684435
35130217,ESCOLA CARANDA VIVA VIDA,3550308,44.0,516,Outras posições,False,657.6666666666666,27.0,4.0,100.0,0.7776,Poliedro,665.4384615384616,13.0,660.1925,-7.771794871795009
35463279,VITAL BRAZIL COLEGIO,3550308,45.0,516,Outras posições,False,721.622794117647,136.0,1.0,401.0,0.7775,Poliedro,719.4730841121495,107.0,720.6762139917696,2.149710005497468
42121191,COLEGIO POSITIVO JOINVILLE,4209102,2.0,14,Desafiante (2º-5º local),False,651.8408602150537,155.0,4.0,497.0,0.7771,Poliedro,663.1724747474747,132.0,657.052613240418,-11.331614532420986
31006424,COLEGIO FRANCISCANO SAGRADA FAMILIA,3106200,48.0,110,Outras posições,False,635.8399999999999,55.0,5.0,191.0,0.7771,Poliedro,,,635.8399999999999,
24089150,OVER COLEGIO E CURSO,2408003,3.0,14,Desafiante (2º-5º local),False,644.5565517241379,29.0,4.0,106.0,0.7769,Poliedro,639.447619047619,21.0,642.4108,5.108932676518862
33120986,COOPERATIVA EDUCACIONAL ESCOLA FRIBOURG,3303401,6.0,15,Outras posições,False,646.3161904761904,21.0,4.0,79.0,0.7769,Poliedro,616.3264,25.0,630.0173913043478,29.989790476190365
35112773,IMACULADA INSTITUTO EDUCACIONAL,3509502,9.0,47,Outras posições,False,641.1178666666667,50.0,5.0,184.0,0.7767,Poliedro,656.7020833333333,48.0,648.7509523809524,-15.584216666666634
35004215,COESO EDUC,3549805,5.0,28,Desafiante (2º-5º local),False,663.5529411764705,17.0,3.0,72.0,0.7767,Poliedro,642.1115789473685,19.0,652.2366666666667,21.441362229102083
42091560,COLEGIO MARISTA SAO LUIS EI EF EM,4208906,2.0,7,Desafiante (2º-5º local),False,654.5699999999999,62.0,3.0,228.0,0.7767,Poliedro,639.948717948718,52.0,647.9006432748539,14.621282051281923
35008727,ESCOLA NOVA LOURENCO CASTANHO,3550308,46.0,516,Outras posições,False,663.5083333333333,28.0,3.0,147.0,0.7766,Poliedro,650.5,23.0,657.6418300653595,13.008333333333326
35117614,SAGRADO REDE DE EDUCACAO PBSCJ PROVINCIA BRASILEIRA SAGRADO CORACAO DE JESUS,3529005,1.0,13,Líder local,False,651.7304347826087,23.0,4.0,99.0,0.7766,Poliedro,619.2617391304348,23.0,635.4960869565217,32.46869565217389
29171652,COLEGIO SANTO ANTONIO DE JESUS,2928703,2.0,6,Desafiante (2º-5º local),False,635.7114754098361,61.0,5.0,267.0,0.7766,Poliedro,642.7618699186992,82.0,639.754358974359,-7.050394508863064
33055882,COLEGIO NOSSA SENHORA DA ASSUNCAO,3303302,12.0,42,Outras posições,False,631.2120930232558,43.0,5.0,141.0,0.7764,Poliedro,632.4835555555557,45.0,631.8622727272727,-1.2714625322998927
43105149,COLEGIO BOM JESUS SEVIGNE,4314902,20.0,61,Outras posições,False,636.7216666666667,16.0,5.0,95.0,0.7763,Poliedro,653.5309090909091,22.0,646.4533333333334,-16.80924242424237
31166359,ASSEIJ - COLEGIO NOSSA SENHORA DAS DORES,3170107,7.0,13,Outras posições,False,636.6985542168675,83.0,5.0,301.0,0.7762,Poliedro,655.058125,64.0,644.691836734694,-18.35957078313254
33188823,COLEGIO ESPACO VERDE,3306305,5.0,12,Desafiante (2º-5º local),False,636.6242105263158,19.0,5.0,73.0,0.776,Poliedro,643.614,30.0,640.9036734693879,-6.9897894736842545
31341550,COLEGUIUM - UNIDADE JARDIM CANADA,3144805,5.0,8,Desafiante (2º-5º local),False,660.7322222222223,18.0,3.0,45.0,0.776,Poliedro,614.766,10.0,644.3157142857143,45.966222222222314
43216684,COLEGIO JOAO PAULO,4314902,21.0,61,Outras posições,False,662.9746666666666,15.0,3.0,55.0,0.7758,Poliedro,679.2973333333333,15.0,671.136,-16.32266666666669
33110328,COLEGIO PH,3304557,66.0,344,Outras posições,False,660.6926174496645,149.0,3.0,409.0,0.7757,Poliedro,682.7358227848101,158.0,672.0373289902279,-22.04320533514567
33105405,COLEGIO PH,3304557,66.0,344,Outras posições,False,654.0248226950355,141.0,3.0,394.0,0.7757,Poliedro,690.4235416666667,96.0,668.7686075949367,-36.39871897163118
33140502,COLEGIO ATUACAO BILINGUE,3303302,13.0,42,Outras posições,False,662.6845454545454,22.0,3.0,94.0,0.7755,Poliedro,687.9608333333334,24.0,675.8721739130435,-25.276287878788025
17057574,COLEGIO COC INTEGRAL,1721000,3.0,14,Desafiante (2º-5º local),False,670.8816666666667,12.0,1.0,14.0,0.7752,Poliedro,,,670.8816666666667,
50034197,COLEGIO MASTER LTDA,5002704,6.0,31,Outras posições,False,662.5661818181818,55.0,3.0,217.0,0.7752,Poliedro,654.542,40.0,659.1875789473684,8.024181818181773
42000238,COLEGIO BOM JESUS CORACAO DE JESUS,4205407,5.0,30,Desafiante (2º-5º local),False,640.6637837837839,37.0,5.0,135.0,0.7749,Poliedro,602.6870833333334,48.0,619.2181176470589,37.976700450450494
35126718,ESCOLA NOVA LOURENCO UNIDADE IV,3550308,47.0,516,Outras posições,False,671.5768484848485,55.0,3.0,320.0,0.7748,Poliedro,658.6604371584699,61.0,664.7845977011494,12.91641132637858
35450339,SANTA ROSALIA COLEGIO,3552205,2.0,27,Desafiante (2º-5º local),False,662.4371428571428,70.0,3.0,240.0,0.7747,Poliedro,671.3885714285714,70.0,666.9128571428571,-8.95142857142855
33032858,COLEGIO ARCOVERDE - UNIDADE MACEDO SOARES,3306305,6.0,12,Outras posições,False,635.27125,32.0,5.0,121.0,0.7747,Poliedro,659.0180952380953,21.0,644.6803773584905,-23.74684523809526
26184834,COLEGIO MOTIVO CARUARU,2604106,2.0,13,Desafiante (2º-5º local),False,645.5318918918919,37.0,4.0,131.0,0.7745,Poliedro,623.5875862068966,29.0,635.889696969697,21.944305684995243
31322873,COLEGUIUM - UNIDADE SANTA AMELIA,3106200,49.0,110,Outras posições,False,653.6358974358974,39.0,3.0,159.0,0.7744,Poliedro,674.01,60.0,665.9838383838384,-20.3741025641026
35144216,PARTHENON COLEGIO,3518800,4.0,57,Desafiante (2º-5º local),False,640.626052631579,38.0,5.0,163.0,0.7743,Poliedro,649.1647826086956,46.0,645.3020238095238,-8.538729977116645
42160650,CURSO E COLEGIO CRIATIVO,4205407,6.0,30,Outras posições,False,662.3547540983607,61.0,3.0,246.0,0.7742,Poliedro,636.4420105820105,63.0,649.1894086021505,25.912743516350133
26181231,COLEGIO FAZER CRESCER - ENSINO MEDIO,2611606,18.0,76,Outras posições,False,683.078947368421,38.0,1.0,111.0,0.7739,Poliedro,709.1364102564103,39.0,696.2768831168831,-26.05746288798923
33089825,COLEGIO SANTA MONICA - SAO GONCALO,3304904,1.0,29,Líder local,False,653.5526530612245,49.0,3.0,180.0,0.7738,Poliedro,663.6176923076923,52.0,658.7346534653467,-10.06503924646779
42020565,COLEGIO DOS SANTOS ANJOS,4209102,3.0,14,Desafiante (2º-5º local),False,644.6720187793427,71.0,5.0,284.0,0.7737,Poliedro,642.1783870967741,62.0,643.509573934837,2.493631682568548
51014459,CENTRO EDUCACIONAL VINICIUS DE MORAES,5107925,1.0,5,Líder local,False,655.0742105263158,38.0,3.0,158.0,0.7734,Poliedro,646.3758620689656,29.0,651.3092537313433,8.698348457350221
53005899,INSTITUTO EDUCACIONAL SANTO ELIAS,5300108,23.0,117,Outras posições,False,650.8136296296296,45.0,4.0,139.0,0.7734,Poliedro,644.9683908045978,58.0,647.5221359223301,5.845238825031856
35125982,COLEGIO PORTO ALVORADA ENSINO FUNDAMENTAL E MEDIO,3525300,3.0,10,Desafiante (2º-5º local),False,640.4224390243902,41.0,5.0,102.0,0.7732,Poliedro,626.9492307692308,26.0,635.1940298507462,13.47320825515942
42160081,GAIA CURSO E COLEGIO,4205407,7.0,30,Outras posições,False,661.7257738095238,112.0,3.0,484.0,0.7729,Poliedro,663.971568627451,68.0,662.5741851851852,-2.2457948179271625
31217123,COLEGUIUM - UNIDADE OURO PRETO,3106200,50.0,110,Outras posições,False,653.3066666666667,72.0,3.0,266.0,0.7728,Poliedro,654.1107462686567,67.0,653.6942446043165,-0.8040796019899972
43008895,ESCOLA DE ENSINO MEDIO IMPULSO AO SABER,4302105,2.0,4,Desafiante (2º-5º local),False,644.7321568627451,17.0,4.0,36.0,0.7726,Poliedro,626.8333333333334,18.0,635.5270476190476,17.898823529411743
29093627,COLEGIO PADRE OVIDIO,2910800,7.0,21,Outras posições,False,640.3118518518519,45.0,5.0,166.0,0.7722,Poliedro,619.4374545454546,55.0,628.8309333333334,20.874397306397327
53001346,COLEGIO MARISTA DE BRASILIA ENSINO FUNDAMENTAL E ENSINO MEDIO,5300108,24.0,117,Outras posições,False,650.5344278606965,201.0,4.0,669.0,0.7719,Poliedro,654.4096078431372,204.0,652.4863703703703,-3.875179982440727
33111901,COL BAHIENSE VAZ LOBO,3304557,68.0,344,Outras posições,False,655.3442857142857,14.0,4.0,55.0,0.7719,Poliedro,652.3249122807017,19.0,653.6058585858585,3.019373433583951
33008221,CENTRO EDUCACIONAL NOSSA SENHORA AUXILIADORA,3301009,1.0,16,Líder local,False,630.000248447205,161.0,5.0,634.0,0.7718,Poliedro,619.3186486486487,148.0,624.884142394822,10.681599798556249
25164805,FERA COLEGIO E CURSO,2510808,1.0,6,Líder local,False,635.781090909091,55.0,5.0,233.0,0.7716,Poliedro,632.0886666666667,60.0,633.8546086956521,3.692424242424295
35153631,INSTITUTO DE ENSINO NOVO DINAMICO,3550308,48.0,516,Outras posições,False,650.48,25.0,4.0,102.0,0.7715,Poliedro,618.2462857142857,35.0,631.6769999999999,32.23371428571431
32018134,ESCOLA ALTERNATIVA LAGO DOS CISNES,3204906,1.0,4,Líder local,False,635.7764705882353,51.0,5.0,175.0,0.7714,Poliedro,637.6902222222222,45.0,636.6735416666667,-1.9137516339869762
51067471,PPE - PRINA PITT ESCOLA,5107909,2.0,7,Desafiante (2º-5º local),False,680.8612698412699,63.0,1.0,189.0,0.7712,Poliedro,674.6221538461539,65.0,677.6929687500001,6.239115995115981
35136050,LEONARDO DA VINCI COLEGIO DE ENSINO FUNDAMENTAL E MEDIO,3525904,3.0,31,Desafiante (2º-5º local),False,707.6338138138138,111.0,1.0,314.0,0.7711,Poliedro,694.6760240963855,83.0,702.0900171821305,12.95778971742834
43119948,COLEGIO MARISTA SAO LUIS,4316808,4.0,5,Desafiante (2º-5º local),False,635.6939130434783,23.0,5.0,143.0,0.7711,Poliedro,631.9966666666667,36.0,633.437966101695,3.697246376811677
42108764,COLEGIO DOM JAIME CAMARA,4216602,1.0,11,Líder local,False,649.9607547169811,53.0,4.0,175.0,0.7706,Poliedro,631.5426470588236,68.0,639.6100826446282,18.41810765815751
31379719,COLEGIO RUTHERFORD,3167202,5.0,13,Desafiante (2º-5º local),False,673.2072727272727,44.0,2.0,111.0,0.7705,Poliedro,684.4,25.0,677.2626086956521,-11.192727272727325
31006491,ESCOLA BALAO VERMELHO,3106200,51.0,110,Outras posições,False,652.9204166666667,48.0,3.0,134.0,0.7701,Poliedro,668.1278787878788,33.0,659.116049382716,-15.207462121212075
42160073,COLEGIO FORMULA,4211900,1.0,9,Líder local,False,660.5664285714286,28.0,3.0,90.0,0.7697,Poliedro,650.8947826086957,46.0,654.5543243243244,9.671645962732896
33159645,GRUPO EDUCACIONAL MOPI LTDA - UNIDADE INTEGRADO II - TIJUCA,3304557,69.0,344,Outras posições,False,660.8180952380952,21.0,2.0,62.0,0.7695,Poliedro,649.04,18.0,655.3820512820513,11.778095238095261
33071721,COLEGIO QI METROPOLITANO,3304557,69.0,344,Outras posições,False,638.8952688172043,62.0,4.0,190.0,0.7695,Poliedro,641.8908641975308,54.0,640.2897701149426,-2.995595380326563
42080258,COLEGIO SAO LUIZ,4202909,1.0,5,Líder local,False,639.8086666666666,30.0,5.0,196.0,0.7694,Poliedro,621.0933333333334,30.0,630.4509999999999,18.715333333333206
31118320,COL IMACULADA CONCEICAO,3147907,3.0,5,Desafiante (2º-5º local),False,639.761935483871,31.0,5.0,105.0,0.7692,Poliedro,667.2717073170732,41.0,655.4272222222221,-27.509771833202194
35133450,OBJETIVO COLEGIO I UNIDADE PINHEIROS,3550308,49.0,516,Outras posições,False,639.7571428571429,77.0,5.0,196.0,0.7691,Poliedro,635.9837974683544,79.0,637.846282051282,3.7733453887884707
35161123,RODIN COLEGIO,3520509,3.0,12,Desafiante (2º-5º local),False,668.1995555555555,45.0,3.0,203.0,0.7691,Poliedro,663.7996610169491,59.0,665.7034615384616,4.399894538606418
33196222,ESCOLA NOVA BY SWISS INTERNATIONAL SCHOOL,3304557,71.0,344,Outras posições,False,642.8151111111112,45.0,4.0,156.0,0.7683,Poliedro,652.8960317460317,42.0,647.6817624521073,-10.080920634920517
43112790,COLEGIO BOM JESUS JOANA D ARC,4315602,1.0,7,Líder local,False,639.5634782608695,23.0,5.0,99.0,0.7681,Poliedro,638.9605555555556,36.0,639.195593220339,0.6029227053138584
31123544,COLEGIO LEONARDO DA VINCI,3148004,2.0,5,Desafiante (2º-5º local),False,667.245751633987,51.0,1.0,205.0,0.7677,Poliedro,658.2222727272728,44.0,663.066456140351,9.023478906714217
51068931,ESCOLA AVANCE,5107958,2.0,4,Desafiante (2º-5º local),False,648.8316666666666,24.0,4.0,77.0,0.7676,Poliedro,593.6484210526315,19.0,624.4483720930232,55.18324561403506
35113086,NEXT COLEGIO,3523404,1.0,7,Líder local,False,671.4263636363637,22.0,2.0,91.0,0.7676,Poliedro,647.0683333333334,20.0,659.8273015873017,24.35803030303032
24003581,CPP - COLEGIO PRINCIPE,2408003,4.0,14,Desafiante (2º-5º local),False,634.9790476190476,42.0,5.0,118.0,0.7674,Poliedro,632.3628571428571,49.0,633.5703296703296,2.616190476190468
35138769,ASTHER COLEGIO,3509502,10.0,47,Outras posições,False,639.3008333333333,24.0,5.0,72.0,0.7673,Poliedro,643.703492063492,21.0,641.3554074074074,-4.4026587301586915
33101876,COC - ILHA DO GOVERNADOR - UNIDADE CAMBAUBA,3304557,72.0,344,Outras posições,False,648.7835714285713,28.0,4.0,89.0,0.7671,Poliedro,672.3000000000001,17.0,657.6675555555556,-23.51642857142872
23163240,PEQUENO PRINCIPE COLEGIO,2304202,1.0,4,Líder local,False,639.201746031746,84.0,5.0,290.0,0.767,Poliedro,651.3928767123288,73.0,644.8702335456476,-12.191130680582773
35009757,COLEGIO POLIEDRO UNIDADE CENTRO,3509502,11.0,47,Outras posições,True,700.13875,16.0,1.0,17.0,0.767,Poliedro,724.31875,16.0,712.22875,-24.180000000000064
31377899,COLEGIO OMEGA,3143906,1.0,3,Líder local,False,667.832258064516,31.0,2.0,94.0,0.7668,Poliedro,651.127536231884,23.0,660.7172839506172,16.704721832632003
42141036,COLEGIO ENERGIA,4204202,3.0,9,Desafiante (2º-5º local),False,683.457094017094,78.0,2.0,235.0,0.7664,Poliedro,692.1277777777779,54.0,687.004191919192,-8.6706837606838
21279446,ESCOLA CRESCIMENTO,2111300,9.0,47,Outras posições,False,642.0091358024691,27.0,4.0,118.0,0.7662,Poliedro,658.0656,25.0,649.7285897435897,-16.056464197530886
21267324,COLEGIO GLAUCIA COSTA,2112209,1.0,4,Líder local,False,643.48375,16.0,4.0,52.0,0.7659,Poliedro,624.1138461538461,13.0,634.8006896551725,19.369903846153875
28032799,COLEGIO IDEAL LTDA-EPP,2800308,9.0,43,Outras posições,False,669.9727450980392,34.0,2.0,192.0,0.7657,Poliedro,663.2040625,64.0,665.552380952381,6.768682598039277
35137133,PENTAGONO COLEGIO UNIDADE MORUMBI,3550308,50.0,516,Outras posições,False,666.6890909090909,44.0,3.0,165.0,0.7653,Poliedro,671.0115032679739,51.0,669.009543859649,-4.322412358883071
31369969,COLEGIO NACIONAL - UNIDADE IV,3170206,9.0,21,Outras posições,False,648.2307707129095,173.0,4.0,631.0,0.7652,Poliedro,658.605243902439,164.0,653.2794757665678,-10.374473189529567
33182094,COLEGIO E CURSO PENSI,3305802,4.0,10,Desafiante (2º-5º local),False,645.8411428571428,35.0,3.0,117.0,0.7651,Poliedro,631.4896551724138,29.0,639.338125,14.351487684729022
21274231,D PEDRO II EMPREENDIMENTOS EDUCACIONAIS LTDA,2111300,10.0,47,Outras posições,False,628.4592307692308,26.0,5.0,85.0,0.7651,Poliedro,573.4980952380953,21.0,603.9021276595745,54.96113553113548
28020049,LICEU DE ESTUDOS INTEGRADOS,2800308,10.0,43,Outras posições,False,643.2965517241379,29.0,4.0,132.0,0.7651,Poliedro,598.8583333333333,24.0,623.1735849056603,44.438218390804536
31281921,CECRI C EDUC CRIATIVO,3122306,5.0,9,Desafiante (2º-5º local),False,637.6707692307692,13.0,4.0,64.0,0.7649,Poliedro,657.266923076923,26.0,650.7348717948717,-19.59615384615381
35113219,SAO VICENTE DE PAULO COLEGIO,3525904,4.0,31,Desafiante (2º-5º local),False,653.4043137254903,51.0,4.0,162.0,0.7647,Poliedro,645.8721985815603,47.0,649.7919727891157,7.532115143930014
35125222,CIDADE DE BRAGANCA PTA COLEGIO,3507605,1.0,12,Líder local,False,681.8616000000001,25.0,2.0,122.0,0.7646,Poliedro,668.642,40.0,673.7264615384615,13.219600000000014
33249202,COLEGIO PH,3304557,73.0,344,Outras posições,False,651.5102127659575,94.0,3.0,255.0,0.7646,Poliedro,655.4098630136986,73.0,653.2148502994012,-3.8996502477410786
29442818,COLEGIO SALESIANO DOM BOSCO,2927408,15.0,90,Outras posições,False,638.7028717948718,130.0,5.0,417.0,0.7646,Poliedro,631.9379831932773,119.0,635.4698527443106,6.764888601594521
35112689,COMUNITARIA DE CAMPINAS ESCOLA,3509502,12.0,47,Outras posições,False,658.5717777777777,60.0,3.0,170.0,0.7645,Poliedro,670.045090909091,55.0,664.0590144927536,-11.473313131313262
32041373,SOCIEDADE CULTURAL MONTEIRO LOBATO CEMS,3205309,10.0,18,Outras posições,False,634.2954545454545,22.0,5.0,65.0,0.7644,Poliedro,,,634.2954545454545,
32077610,UP CENTRO EDUCACIONAL,3205309,11.0,18,Outras posições,False,642.6699421965318,173.0,5.0,450.0,0.7643,Poliedro,652.1738797814209,183.0,647.5553932584271,-9.503937584889059
33198640,CANADIAN SCHOOL OF NITEROI,3303302,14.0,42,Outras posições,False,658.4541333333333,25.0,3.0,70.0,0.764,Poliedro,685.8173333333333,15.0,668.7153333333333,-27.363200000000006
35195005,COLEGIO ANGLO LEONARDO DA VINCI,3505708,1.0,5,Líder local,False,681.1665060240964,83.0,2.0,255.0,0.764,Poliedro,684.2817543859649,57.0,682.4348571428571,-3.1152483618684528
35150435,COLEGIO APICE,3525904,5.0,31,Desafiante (2º-5º local),False,647.876875,32.0,4.0,125.0,0.7637,Poliedro,662.679090909091,44.0,656.4465789473685,-14.802215909090933
41068785,LA SALLE C ED INF ENS FUND MEDIO,4127700,1.0,5,Líder local,False,634.2033333333334,18.0,5.0,139.0,0.7636,Poliedro,629.7418181818182,33.0,631.3164705882352,4.4615151515151865
35304414,PLUS COLEGIO,3505500,1.0,7,Líder local,False,666.0182857142858,35.0,3.0,135.0,0.7635,Poliedro,654.3196969696969,22.0,661.5030409356726,11.698588744588847
35373886,D INCAO INSTITUTO DE ENSINO,3506003,3.0,20,Desafiante (2º-5º local),False,668.5603174603175,42.0,2.0,130.0,0.7632,Poliedro,668.3968181818182,44.0,668.4766666666667,0.1634992784993301
42155541,COLEGIO AVANTIS,4202909,2.0,5,Desafiante (2º-5º local),False,642.0643137254903,17.0,5.0,100.0,0.7627,Poliedro,611.6672222222222,12.0,629.4862068965517,30.39709150326803
33102830,EDUCANDARIO MIOSOTIS,3303401,7.0,15,Outras posições,False,642.5907692307693,13.0,4.0,67.0,0.7626,Poliedro,623.7729411764706,17.0,631.9273333333333,18.81782805429873
35117547,CRIATIVO COLEGIO,3529005,2.0,13,Desafiante (2º-5º local),False,678.3079601990049,67.0,1.0,233.0,0.7625,Poliedro,683.2014035087719,57.0,680.5573655913979,-4.893443309767008
35107517,SANTA MARIA COLEGIO,3550308,51.0,516,Outras posições,False,627.8488075880759,123.0,5.0,368.0,0.7621,Poliedro,651.7645427728613,113.0,639.2999858757062,-23.915735184785376
41031105,INTERATIVA C - EI EF M,4113700,5.0,24,Desafiante (2º-5º local),False,647.5902564102564,13.0,4.0,50.0,0.762,Poliedro,658.5171428571429,28.0,655.0525203252033,-10.926886446886442
42006694,COLEGIO DEHON,4218707,1.0,6,Líder local,False,637.9005970149253,134.0,5.0,524.0,0.7617,Poliedro,643.4819658119658,156.0,640.9029885057471,-5.581368797040454
31379832,COLEGIO DONA CLARA - UNIDADE 2,3106200,53.0,110,Outras posições,False,641.1690322580646,62.0,4.0,194.0,0.7616,Poliedro,627.3947169811321,53.0,634.8208695652173,13.774315276932498
11043857,COLEGIO CLASSE A,1100205,1.0,13,Líder local,False,637.865,48.0,5.0,122.0,0.7616,Poliedro,644.4554285714286,35.0,640.6440963855422,-6.590428571428561
53009592,COL NOSSA SENHORA DO PERPETUO SOCORRO,5300108,25.0,117,Outras posições,False,637.785,16.0,5.0,96.0,0.7612,Poliedro,601.0026666666666,20.0,617.3503703703705,36.78233333333333
52083888,COLEGIO PROTAGORAS,5208707,17.0,68,Outras posições,False,637.6391666666667,168.0,5.0,512.0,0.7606,Poliedro,653.0789438943893,202.0,646.0684504504504,-15.43977722772263
42016150,COLEGIO SAGRADA FAMILIA,4202404,2.0,9,Desafiante (2º-5º local),False,637.6164912280701,57.0,5.0,276.0,0.7603,Poliedro,632.7044848484849,55.0,635.2043452380951,4.91200637958525
25132598,COLEGIO BATISTA BRASIL - PRAIA - JOAO PESSOA,2507507,11.0,55,Outras posições,False,632.052,15.0,5.0,62.0,0.7602,Poliedro,,,632.052,
35809044,PARQUE ECOLOGICO INSTITUTO DE EDUCACAO,3520509,4.0,12,Desafiante (2º-5º local),False,647.2167741935484,62.0,4.0,231.0,0.7601,Poliedro,642.7146774193548,62.0,644.9657258064516,4.50209677419366
33189137,AVANCO FREGUESIA COLEGIO E CURSO LTDA,3304557,74.0,344,Outras posições,False,673.9722222222222,54.0,1.0,117.0,0.76,Poliedro,640.2153488372093,43.0,659.0078350515463,33.75687338501291
33112959,CENTRO EDUCACIONAL JARDIM AMALIA,3306305,7.0,12,Outras posições,False,633.3276923076924,26.0,5.0,124.0,0.7598,Poliedro,632.9721904761905,35.0,633.1237158469944,0.35550183150189696
23163348,SANTA TERESA DE JESUS COLEGIO,2304202,2.0,4,Desafiante (2º-5º local),False,627.3629629629629,27.0,5.0,111.0,0.7598,Poliedro,640.335,24.0,633.4674509803922,-12.972037037037126
35140193,OBJETIVO COLEGIO,3554102,3.0,15,Desafiante (2º-5º local),False,692.9010000000001,20.0,1.0,80.0,0.7598,Poliedro,698.1446153846155,26.0,695.8647826086957,-5.243615384615396
26118262,COLEGIO VISAO,2611606,19.0,76,Outras posições,False,631.8330092592593,144.0,5.0,470.0,0.7597,Poliedro,,,631.8330092592593,
35301279,COLEGIO ANGLO LEONARDO DA VINCI,3510609,1.0,7,Líder local,False,678.263,40.0,2.0,116.0,0.7597,Poliedro,665.3222222222222,18.0,674.2468965517241,12.94077777777784
29467950,DOM JEQUIE,2918001,1.0,4,Líder local,False,637.4416666666667,12.0,5.0,82.0,0.7595,Poliedro,620.0184615384616,13.0,628.3816,17.423205128205154
31275531,COLEGIO BATISTA MINEIRO,3170206,10.0,21,Outras posições,False,636.4974603174603,21.0,4.0,102.0,0.7593,Poliedro,654.1776923076923,26.0,646.2780141843972,-17.68023199023196
35466153,ADV BOTUCATU UNIDADE IV COLEGIO,3507506,3.0,11,Desafiante (2º-5º local),False,667.0959375,64.0,2.0,205.0,0.7592,Poliedro,626.1467816091955,58.0,647.628306010929,40.94915589080449
53017293,UNICO EDUCACIONAL TAGUATINGA,5300108,26.0,117,Outras posições,False,656.8920512820513,52.0,3.0,169.0,0.7591,Poliedro,662.8341242937853,59.0,660.0504504504505,-5.94207301173401
51039877,COLEGIO SALESIANO SAO GONCALO - ESCOLA DE EDUCACAO BASICA,5103403,5.0,27,Desafiante (2º-5º local),False,637.3743169398907,183.0,5.0,558.0,0.7589,Poliedro,623.985243902439,164.0,631.0463400576369,13.38907303745168
50007718,COLEGIO ALMIRANTE TAMANDARE,5002704,7.0,31,Outras posições,False,666.9085714285713,14.0,2.0,45.0,0.7589,Poliedro,682.9586666666667,15.0,675.2103448275861,-16.05009523809531
43215688,COLEGIO FLEMING CAXIAS DO SUL,4305108,3.0,12,Desafiante (2º-5º local),False,681.4221739130435,46.0,0.0,156.0,0.7588,Poliedro,682.5745945945946,37.0,681.9359036144579,-1.1524206815511207
43057152,ESCOLA DE EDUCACAO BASICA DA URI - ERECHIM,4307005,1.0,3,Líder local,False,633.11768707483,49.0,5.0,232.0,0.7586,Poliedro,661.600588235294,34.0,644.7853815261044,-28.482901160464053
50016628,COLEGIO UNIGRAN,5003702,3.0,6,Desafiante (2º-5º local),False,637.2757575757577,77.0,5.0,309.0,0.7585,Poliedro,619.369188034188,78.0,628.2647096774193,17.906569541569638
27218180,SEB ESCOLAS DE ALTA PERFORMANCE LTDA,2704302,6.0,63,Outras posições,False,626.685968992248,86.0,5.0,377.0,0.7581,Poliedro,647.1975516224189,113.0,638.3332495812396,-20.511582630170892
41158709,LOBO MED C - EM,4109401,1.0,9,Líder local,False,641.1830107526881,31.0,5.0,95.0,0.7579,Poliedro,627.154,40.0,633.2793427230047,14.029010752688123
35107165,PIONEIRO CENTRO EDUCACIONAL,3550308,52.0,516,Outras posições,False,663.7253846153847,26.0,3.0,64.0,0.7578,Poliedro,637.9159999999999,20.0,652.5039130434783,25.809384615384715
41129148,COLEGIO ERASTO GAERTNER,4106902,11.0,69,Outras posições,False,632.6029743589743,65.0,5.0,275.0,0.7572,Poliedro,632.213717948718,52.0,632.4299715099716,0.3892564102562801
33058164,CENTRO EDUCACIONAL LOGOS,3303500,1.0,33,Líder local,False,656.1336666666667,20.0,3.0,78.0,0.757,Poliedro,,,656.1336666666667,
35165396,SANTA BARBARA COLEGIO,3507605,2.0,12,Desafiante (2º-5º local),False,646.1273684210527,19.0,4.0,93.0,0.7567,Poliedro,652.4882352941177,17.0,649.1311111111112,-6.360866873064992
35108923,ABACO COLEGIO,3548708,6.0,33,Outras posições,False,679.5597126436782,174.0,0.0,648.0,0.7563,Poliedro,672.4737074829933,196.0,675.8060450450452,7.086005160684863
41132130,COLEGIO MARISTA PARANAENSE EI EF EM,4106902,12.0,69,Outras posições,False,640.286019047619,175.0,4.0,760.0,0.7563,Poliedro,645.0063969171484,173.0,642.6326436781609,-4.720377869529443
33055890,COLEGIO NOSSA SENHORA DAS MERCES,3303302,15.0,42,Outras posições,False,640.9266666666666,15.0,5.0,75.0,0.7558,Poliedro,650.708695652174,23.0,646.8473684210527,-9.782028985507395
41152484,COLEGIO POSITIVO INTERNATIONAL SCHOOL - EDUCACAO INFANTIL ENSINO FUNDAMENTAL E MEDIO,4106902,13.0,69,Outras posições,False,645.7249275362318,23.0,4.0,124.0,0.7556,Poliedro,653.395,12.0,648.3546666666666,-7.670072463768179
15173437,COLEGUIUM - UNIDADE INTERNACIONAL CARAJAS,1505536,1.0,4,Líder local,False,632.1625925925925,54.0,5.0,172.0,0.7555,Poliedro,638.0182291666666,64.0,635.3385310734462,-5.855636574074083
31370100,SISTEMA DE ENSINO FOCO,3143302,3.0,13,Desafiante (2º-5º local),False,665.2735802469135,54.0,2.0,236.0,0.7551,Poliedro,665.3136723163842,59.0,665.2945132743363,-0.04009206947068833
25129899,ISO COLEGIO E CURSOS,2507507,12.0,55,Outras posições,False,655.2095906432747,114.0,3.0,429.0,0.7546,Poliedro,640.4842786069652,134.0,647.2531720430109,14.72531203630956
52108813,COLEGIO TRINUS,5208707,18.0,68,Outras posições,False,650.5764705882352,17.0,2.0,95.0,0.7543,Poliedro,657.7225,16.0,654.0412121212121,-7.146029411764744
33087628,ANGLO AMERICANO ESCOLAS INTEGRADAS LTD,3304557,75.0,344,Outras posições,False,639.9231746031746,21.0,4.0,57.0,0.7541,Poliedro,,,639.9231746031746,
33173990,COLEGIO E CURSO AZ - UNIDADE TIJUCA,3304557,76.0,344,Outras posições,False,674.8539463601533,87.0,0.0,230.0,0.7537,Poliedro,682.5901204819278,83.0,678.6310196078432,-7.736174121774525
35132925,ESCOLA SEB UNIDADE LAFAIETE,3543402,10.0,38,Outras posições,False,644.9163018867924,265.0,4.0,292.0,0.7537,Poliedro,653.654238410596,302.0,649.5703703703704,-8.737936523803569
33447225,COLEGIO E CURSO AZ - UNIDADE BARRA,3304557,77.0,344,Outras posições,False,653.3298681732581,177.0,3.0,522.0,0.7536,Poliedro,660.098303030303,165.0,656.5953411306043,-6.768434857044895
33041105,COLEGIO BOM JESUS CANARINHOS,3303906,5.0,19,Desafiante (2º-5º local),False,640.6337037037038,54.0,4.0,164.0,0.7536,Poliedro,653.6107692307693,65.0,647.7220168067228,-12.97706552706552
31353906,COLEGIO SANTA MARIA MINAS - UNIDADE BETIM,3106705,2.0,6,Desafiante (2º-5º local),False,630.28,89.0,5.0,267.0,0.7535,Poliedro,625.3548837209302,43.0,628.675606060606,4.925116279069812
33151369,ESCOLA BOM JESUS MENINO JESUS,3303906,6.0,19,Outras posições,False,644.8837209302326,43.0,4.0,135.0,0.7535,Poliedro,622.1383333333333,24.0,636.7361194029851,22.745387596899263
35102787,NOTRE DAME COLEGIO,3550308,53.0,516,Outras posições,False,636.0223529411765,34.0,5.0,99.0,0.7533,Poliedro,639.8368421052631,19.0,637.3898113207547,-3.8144891640866945
33155852,COLEGIO PH,3304557,78.0,344,Outras posições,False,643.8449691358024,108.0,4.0,344.0,0.7531,Poliedro,661.4444897959183,98.0,652.2175566343042,-17.5995206601159
35140685,INTEGRAL APLICADO COLEGIO,3530706,2.0,9,Desafiante (2º-5º local),False,650.6031578947369,19.0,4.0,58.0,0.753,Poliedro,617.4857142857143,14.0,636.5533333333334,33.117443609022644
33069565,INSTITUTO PIO XI,3304557,79.0,344,Outras posições,False,630.1864,50.0,5.0,117.0,0.753,Poliedro,651.9890476190476,42.0,640.1397826086957,-21.802647619047548
41379110,PGD C - EI EF M,4113700,6.0,24,Outras posições,False,635.9166666666667,34.0,5.0,191.0,0.7528,Poliedro,657.9826984126985,42.0,648.111052631579,-22.06603174603174
33066752,COLEGIO PALAS,3304557,80.0,344,Outras posições,False,669.096,55.0,1.0,138.0,0.7527,Poliedro,667.9750877192982,57.0,668.5255357142858,1.1209122807017593
35137674,COLEGIO SER UNIDADE CAMPOLIM,3552205,3.0,27,Desafiante (2º-5º local),False,661.3134057971015,92.0,3.0,439.0,0.7525,Poliedro,671.1087850467289,107.0,666.5802680067002,-9.795379249627445
35117572,CRISTO REI COLEGIO,3529005,3.0,13,Desafiante (2º-5º local),False,654.8026315789474,76.0,3.0,309.0,0.7525,Poliedro,658.1921621621622,74.0,656.4748,-3.389530583214764
51069431,COLEGIO LEIBNIZ,5107602,1.0,7,Líder local,False,631.4117117117117,37.0,5.0,125.0,0.7523,Poliedro,656.1425,40.0,644.2588744588745,-24.730788288288295
11000058,CENTRO DE ENSINO CLASSE A,1100205,2.0,13,Desafiante (2º-5º local),False,644.6287222222222,120.0,4.0,357.0,0.7521,Poliedro,634.094065934066,91.0,640.0853396524487,10.53465628815627
26122154,COLEGIO DE SANTA CATARINA,2611606,20.0,76,Outras posições,False,625.6218181818182,22.0,5.0,73.0,0.752,Poliedro,610.2326315789473,19.0,618.490243902439,15.389186602870836
26194619,ACADEMIA CRISTA DE BOA VIAGEM ENSINO MEDIO,2611606,21.0,76,Outras posições,False,655.0034146341463,41.0,2.0,152.0,0.7518,Poliedro,,,655.0034146341463,
35117560,BEZERRA DE MENEZES COLEGIO EIFM E TECNICO,3529005,4.0,13,Desafiante (2º-5º local),False,635.6813333333333,45.0,5.0,185.0,0.7514,Poliedro,633.8769135802469,54.0,634.6971043771044,1.8044197530864494
31367710,COLEGIO SOLIDO - UNIDADE SAO JOSE,3143302,4.0,13,Desafiante (2º-5º local),False,644.3845679012346,54.0,4.0,118.0,0.7513,Poliedro,629.61,78.0,635.6541414141415,14.774567901234605
35809445,CRIARTE COLEGIO,3525904,6.0,31,Outras posições,False,650.109152542373,59.0,4.0,207.0,0.7513,Poliedro,653.3023255813954,43.0,651.4552941176471,-3.19317303902244
33055416,COLEGIO E CURSO ZEROHUM ICARAI,3303302,16.0,42,Outras posições,False,661.4680000000001,10.0,2.0,38.0,0.7513,Poliedro,,,661.4680000000001,
24087157,FACEX UNIDADE CIC,2408102,15.0,48,Outras posições,False,634.48,18.0,5.0,59.0,0.751,Poliedro,658.1011111111111,18.0,646.2905555555556,-23.621111111111077
26186896,PAIVA EDUCACIONAL SA,2602902,1.0,5,Líder local,False,631.0419354838709,31.0,5.0,74.0,0.7507,Poliedro,666.526875,32.0,649.0660317460319,-35.48493951612909
41166043,COLEGIO PRIME EF EM,4113700,7.0,24,Outras posições,False,653.9848717948718,52.0,3.0,202.0,0.7506,Poliedro,659.3918518518519,27.0,655.8328270042194,-5.40698005698016
23073209,COLEGIO LOURENCO FILHO CENTRAL,2304400,27.0,117,Outras posições,False,644.2304255319149,94.0,4.0,340.0,0.7505,Poliedro,642.7189644012944,103.0,643.4401692047377,1.5114611306204324
15229408,COLEGIO EQUIPE GENTIL,1501402,10.0,65,Outras posições,False,654.6565289256199,121.0,2.0,384.0,0.7505,Poliedro,651.1651851851852,144.0,652.7593459119497,3.4913437404346723
35107049,EMILIE DE VILLENEUVE COLEGIO,3550308,54.0,516,Outras posições,False,635.4729411764706,51.0,5.0,201.0,0.7504,Poliedro,620.8066666666667,42.0,628.8494623655914,14.666274509803884
33077258,COLEGIO SERVITA NOSSA SENHORA RAINHA DOS CORACOES,3304557,81.0,344,Outras posições,False,625.2171428571429,14.0,5.0,73.0,0.7504,Poliedro,603.2531034482759,29.0,610.4041860465117,21.964039408867052
25125958,INTERABESSA COLEGIO E CURSO LTDA ME,2507507,13.0,55,Outras posições,False,630.844,35.0,5.0,100.0,0.7499,Poliedro,622.9416,25.0,627.5513333333333,7.902400000000057
31376442,COLEGIO LIVRE APRENDER,3170107,8.0,13,Outras posições,False,660.1171428571428,28.0,3.0,108.0,0.7493,Poliedro,647.3744444444444,18.0,655.1308695652173,12.74269841269836
41135946,COLEGIO SUICOBRASILEIRO DE CURITIBA,4119152,1.0,4,Líder local,False,643.972,25.0,4.0,117.0,0.7491,Poliedro,655.3992857142857,28.0,650.0090566037735,-11.427285714285745
43203876,COLEGIO GABARITO ZONA NORTE,4314902,22.0,61,Outras posições,False,635.0711111111111,36.0,5.0,125.0,0.7488,Poliedro,664.1355555555555,45.0,651.218024691358,-29.064444444444348
22141472,ESCOLA CRESCER,2207702,3.0,11,Desafiante (2º-5º local),False,647.0307526881721,31.0,3.0,91.0,0.7485,Poliedro,639.262564102564,39.0,642.7027619047618,7.768188585608073
35125659,AMERICANA INSTITUTO EDUCACIONAL DE,3501608,3.0,10,Desafiante (2º-5º local),False,643.9156345177665,197.0,4.0,648.0,0.7483,Poliedro,634.1865315315316,148.0,639.7419903381643,9.72910298623492
41032004,MARISTA DE LONDRINA C - EI EF M,4113700,8.0,24,Outras posições,False,624.6338308457712,67.0,5.0,245.0,0.7482,Poliedro,636.9450909090908,55.0,630.1839890710381,-12.31126006331965
13026631,COLEGIO PALAS ATENA,1302603,9.0,49,Outras posições,False,641.66875,16.0,3.0,53.0,0.7481,Poliedro,618.9433333333334,10.0,632.9282051282051,22.72541666666666
43105106,COL LA SALLE SAO JOAO,4314902,23.0,61,Outras posições,False,630.2153086419753,54.0,5.0,200.0,0.7478,Poliedro,639.8288271604938,54.0,635.0220679012345,-9.613518518518504
50032950,ANGLO TRES LAGOAS,5008305,1.0,6,Líder local,False,659.2714285714286,21.0,3.0,72.0,0.7477,Poliedro,636.8786666666667,15.0,649.9411111111111,22.39276190476187
52107990,COLEGIO OBJETIVO VALPARAISO,5221858,1.0,8,Líder local,False,634.9733333333332,12.0,5.0,75.0,0.7475,Poliedro,572.0733333333334,15.0,600.0288888888889,62.899999999999864
29482445,EDUCANDARIO NS DAJUDA LTDA - LAND,2927408,16.0,90,Outras posições,False,651.9920000000001,15.0,3.0,76.0,0.7475,Poliedro,,,651.9920000000001,
41123832,COLEGIO BOM JESUS SAO VICENTE,4101804,1.0,5,Líder local,False,634.8401709401709,39.0,5.0,124.0,0.7472,Poliedro,633.5447154471544,41.0,634.1762499999999,1.2954554930164477
52099946,COLEGIO PROTAGORAS BUENO,5208707,19.0,68,Outras posições,False,659.7090053763442,124.0,2.0,350.0,0.747,Poliedro,647.0736734693878,98.0,654.1312462462463,12.635331906956367
42109230,COLEGIO ENERGIA,4205407,8.0,30,Outras posições,False,647.7578378378378,111.0,3.0,283.0,0.7469,Poliedro,668.9104641350211,79.0,656.5528771929825,-21.15262629718336
29304407,COLEGIO GALILEU,2914802,1.0,7,Líder local,False,634.7972649572649,117.0,5.0,361.0,0.7469,Poliedro,635.032196969697,88.0,634.8981138211383,-0.2349320124320684
29181658,COLEGIO SAO LAZARO,2927408,17.0,90,Outras posições,False,643.67,12.0,4.0,37.0,0.7468,Poliedro,602.3255555555556,18.0,618.8633333333333,41.34444444444432
31324515,COLEGIO EQUIPE DE JUIZ DE FORA,3136702,11.0,21,Outras posições,False,634.77,54.0,5.0,174.0,0.7467,Poliedro,635.7133333333334,36.0,635.1473333333333,-0.9433333333333849
15181456,COLEGIO IDEAL BATISTA CAMPOS,1501402,11.0,65,Outras posições,False,624.4833333333333,195.0,5.0,505.0,0.7466,Poliedro,,,624.4833333333333,
33055920,COLEGIO MV I ICARAI,3303302,17.0,42,Outras posições,False,633.487037037037,54.0,5.0,178.0,0.7465,Poliedro,653.4167948717949,52.0,643.2638993710691,-19.92975783475788
33065195,CENTRO EDUCACIONAL DA LAGOA,3304557,82.0,344,Outras posições,False,637.9084210526316,19.0,4.0,73.0,0.7463,Poliedro,642.9911111111111,18.0,640.3810810810811,-5.082690058479443
33088519,COLEGIO SANTA MONICA - BONSUCESSO,3304557,83.0,344,Outras posições,False,651.7251162790698,43.0,3.0,132.0,0.7462,Poliedro,659.5773333333333,30.0,654.9520547945206,-7.8522170542635195
33195552,COLEGIO APROVADO RIO DAS OSTRAS,3304524,2.0,14,Desafiante (2º-5º local),False,653.0204347826086,46.0,3.0,130.0,0.7461,Poliedro,643.8266666666667,55.0,648.0139273927392,9.193768115941907
26160307,COLEGIO MOTIVO,2611606,22.0,76,Outras posições,False,629.688,80.0,5.0,294.0,0.7457,Poliedro,629.1656704980843,87.0,629.4158882235529,0.5223295019156922
35135094,BRASILIS COLEGIO,3530607,3.0,24,Desafiante (2º-5º local),False,648.1936,75.0,4.0,223.0,0.7454,Poliedro,646.5220238095238,56.0,647.4790330788803,1.6715761904761166
33100705,ESCOLA DINAMIS LTDA,3304557,84.0,344,Outras posições,False,666.0676923076923,13.0,1.0,64.0,0.7452,Poliedro,680.124761904762,21.0,674.75,-14.057069597069699
33190160,COLEGIO SILVA SERPA,3305208,1.0,5,Líder local,False,643.143448275862,29.0,4.0,103.0,0.7451,Poliedro,612.8447619047619,21.0,630.418,30.29868637110019
31369977,COL CHROMOS BARREIRO,3106200,55.0,110,Outras posições,False,637.5576119402986,67.0,4.0,412.0,0.7445,Poliedro,663.3783673469388,49.0,648.4646551724137,-25.820755406640274
35499778,ILIMIT EDUCACIONAL,3501608,4.0,10,Desafiante (2º-5º local),False,652.4615384615385,39.0,3.0,194.0,0.7444,Poliedro,679.0673684210527,38.0,665.5916883116884,-26.605829959514267
22144196,COLEGIO EQUACAO CERTA LESTE,2211001,20.0,52,Outras posições,False,660.7524489795918,98.0,0.0,244.0,0.7443,Poliedro,669.0204545454545,88.0,664.6641935483871,-8.268005565862723
29470153,COLEGIO SENECA,2933307,4.0,14,Desafiante (2º-5º local),False,647.281,70.0,3.0,225.0,0.7443,Poliedro,620.3711564625851,49.0,636.2004761904761,26.909843537414872
33031371,COL DOM BOSCO,3304201,3.0,8,Desafiante (2º-5º local),False,658.37,42.0,3.0,173.0,0.7442,Poliedro,664.9390000000001,40.0,661.5743902439025,-6.569000000000074
29178223,COLEGIO APOIO LTDA,2919207,4.0,8,Desafiante (2º-5º local),False,642.8469387755102,49.0,4.0,234.0,0.7436,Poliedro,644.1847826086956,46.0,643.4947368421052,-1.3378438331853886
31096270,COLEGIO PADRAO,3143302,5.0,13,Desafiante (2º-5º local),False,645.2081818181819,44.0,3.0,132.0,0.7435,Poliedro,668.9253846153847,26.0,654.0174285714286,-23.717202797202845
33147809,COLEGIO PALAS,3304557,85.0,344,Outras posições,False,652.2743333333333,20.0,3.0,74.0,0.7434,Poliedro,655.592,40.0,654.4861111111111,-3.317666666666696
52054160,CENTRO EDUCACIONAL QUASAR,5218805,2.0,7,Desafiante (2º-5º local),False,652.2527272727273,22.0,3.0,156.0,0.7433,Poliedro,611.8327272727273,22.0,632.0427272727273,40.41999999999996
35150642,IDEAL COLEGIO,3545803,1.0,5,Líder local,False,638.045625,32.0,5.0,105.0,0.7431,Poliedro,616.8066666666667,18.0,630.3996,21.238958333333244
33043086,ESC GEORGE MARCH LTDA,3305802,5.0,10,Desafiante (2º-5º local),False,637.3611111111111,30.0,4.0,127.0,0.7431,Poliedro,639.780202020202,33.0,638.628253968254,-2.419090909090869
52098966,COLEGIO FILOSOFO LTDA,5218805,3.0,7,Desafiante (2º-5º local),False,652.0929032258065,31.0,3.0,127.0,0.7428,Poliedro,615.6400000000001,26.0,635.4652631578948,36.45290322580638
35135550,COLEGIO SANTA VIRGINIA,3550308,55.0,516,Outras posições,False,637.1716666666666,12.0,4.0,56.0,0.7425,Poliedro,620.9254545454546,11.0,629.4017391304347,16.24621212121201
31371726,SOPHIS EDUCACIONAL,3122306,6.0,9,Outras posições,False,658.3623333333333,40.0,2.0,94.0,0.7425,Poliedro,,,658.3623333333333,
28033450,ALTERNATIVO CURSO E COLEGIO,2802908,2.0,6,Desafiante (2º-5º local),False,668.117037037037,54.0,2.0,191.0,0.7425,Poliedro,664.4881578947368,76.0,665.9955384615384,3.6288791423002067
35197440,COLEGIO AZ INTERNACIONAL,3507605,3.0,12,Desafiante (2º-5º local),False,659.1357142857142,14.0,1.0,61.0,0.7422,Poliedro,661.7483333333333,12.0,660.3415384615383,-2.6126190476190914
35104991,BENJAMIN CONSTANT COLEGIO,3550308,56.0,516,Outras posições,False,657.7157377049181,61.0,3.0,245.0,0.742,Poliedro,659.1967164179105,67.0,658.4909375,-1.4809787129923961
31346314,COLEGIO IMP LTDA,3138203,4.0,8,Desafiante (2º-5º local),False,666.78,21.0,1.0,95.0,0.7415,Poliedro,625.0736842105263,19.0,646.9694999999999,41.706315789473706
41407423,COLEGIO BERTONI - ENSINO FUNDAMENTAL E MEDIO,4108304,1.0,12,Líder local,False,642.0170114942529,87.0,4.0,291.0,0.7414,Poliedro,658.5684210526315,76.0,649.7342331288343,-16.551409558378623
33109923,COL BAHIENSE LTDA,3304557,86.0,344,Outras posições,False,657.3063157894736,19.0,3.0,65.0,0.7414,Poliedro,652.6152941176471,17.0,655.0911111111111,4.691021671826547
33194688,LEGACY SCHOOL REGIAO OCEANICA,3303302,18.0,42,Outras posições,False,646.4211111111111,18.0,3.0,42.0,0.7413,Poliedro,,,646.4211111111111,
35192399,COLEGIO ACADEMIA,3525300,4.0,10,Desafiante (2º-5º local),False,641.956,15.0,4.0,64.0,0.7409,Poliedro,,,641.956,
35108112,AUGUSTO RUSCHI COLEGIO,3518800,5.0,57,Desafiante (2º-5º local),False,641.8628571428571,21.0,4.0,99.0,0.7406,Poliedro,590.9936666666666,20.0,617.0486178861788,50.86919047619051
31170216,COLEGIO BERLAAR SAGRADO CORACAO JESUS,3103504,2.0,6,Desafiante (2º-5º local),False,641.86,14.0,4.0,86.0,0.7405,Poliedro,651.1,21.0,647.404,-9.240000000000009
35116828,ESCOLA CHAMPAGNAT UNIDADE BIRIGUI,3506508,3.0,6,Desafiante (2º-5º local),False,647.1374193548387,31.0,4.0,90.0,0.7401,Poliedro,,,647.1374193548387,
53005910,INST SAO JOSE,5300108,27.0,117,Outras posições,False,633.3026923076923,52.0,5.0,207.0,0.74,Poliedro,623.0473224043716,61.0,627.7666076696165,10.255369903320684
52101517,COLEGIO VERSUS LTDA,5211503,2.0,5,Desafiante (2º-5º local),False,633.273,20.0,5.0,83.0,0.7399,Poliedro,637.1323232323232,33.0,635.6759748427673,-3.859323232323163
33161429,COLEGIO E CURSO PENSI,3303302,19.0,42,Outras posições,False,645.7265765765766,74.0,3.0,231.0,0.7396,Poliedro,635.645238095238,70.0,640.825925925926,10.081338481338548
35467066,NOVO ANGLO BAURU,3506003,4.0,20,Desafiante (2º-5º local),False,658.9160563380282,71.0,2.0,179.0,0.7391,Poliedro,653.7347967479675,41.0,657.0193452380953,5.181259590060677
33202109,MART EDUCACAO LTDA,3304557,87.0,344,Outras posições,False,641.6033333333332,10.0,4.0,55.0,0.739,Poliedro,,,641.6033333333332,
31321079,COL CIDADE DE PATOS DE MINAS DE ENSINO FUNDAMENTAL E MEDIO,3148004,3.0,5,Desafiante (2º-5º local),False,651.1883018867925,53.0,3.0,232.0,0.739,Poliedro,646.8735483870968,31.0,649.5959523809524,4.314753499695712
29459230,COLEGIO MARIZIA MAIOR,2927408,18.0,90,Outras posições,False,641.5861538461539,26.0,4.0,93.0,0.7389,Poliedro,633.9296296296296,27.0,637.6856603773584,7.6565242165243035
53001192,C EDUCACIONAL SAGRADA FAMILIA,5300108,28.0,117,Outras posições,False,632.9286956521739,23.0,5.0,97.0,0.7388,Poliedro,619.25,22.0,626.2413333333334,13.678695652173928
25115260,SECULO COLEGIO E CURSO,2507507,14.0,55,Outras posições,False,628.0586956521739,46.0,5.0,193.0,0.7384,Poliedro,628.1198333333334,60.0,628.0933018867925,-0.061137681159493695
29456096,COLEGIO IEPROL,2914802,2.0,7,Desafiante (2º-5º local),False,650.817037037037,27.0,3.0,83.0,0.738,Poliedro,648.8742857142857,21.0,649.9670833333333,1.9427513227512918
35007668,DELTA EDUCACIONAL,3502804,3.0,13,Desafiante (2º-5º local),False,668.5461538461539,39.0,0.0,189.0,0.738,Poliedro,643.2437837837838,74.0,651.9764601769912,25.302370062370073
21280746,CENTRO EDUCACIONAL SAGRES,2111300,11.0,47,Outras posições,False,631.4866666666667,21.0,4.0,85.0,0.7375,Poliedro,649.95,26.0,641.7004255319149,-18.463333333333367
35131945,GUILHERME DE ALMEIDA COLEGIO UNIDADE I,3518800,6.0,57,Outras posições,False,626.4696774193549,31.0,5.0,95.0,0.7373,Poliedro,665.7037209302325,43.0,649.2678378378379,-39.234043510877655
43037690,COLEGIO MARIA AUXILIADORA,4304606,2.0,10,Desafiante (2º-5º local),False,622.0091472868218,43.0,5.0,171.0,0.737,Poliedro,598.2373076923077,52.0,608.9971929824562,23.771839594514063
31118346,COL STATUS,3147907,4.0,5,Desafiante (2º-5º local),False,641.186875,32.0,4.0,88.0,0.737,Poliedro,620.4842857142858,28.0,631.5256666666667,20.702589285714225
43215572,COLEGIO FLEMING PELOTAS,4314407,5.0,10,Desafiante (2º-5º local),False,658.2059090909091,44.0,2.0,148.0,0.7369,Poliedro,625.3458536585366,41.0,642.3557647058824,32.86005543237252
35107542,ESCOLA BILINGUE PUERI DOMUS UNIDADE I VERBO DIVINO,3550308,57.0,516,Outras posições,False,636.5661904761904,56.0,5.0,253.0,0.7365,Poliedro,660.7249572649573,39.0,646.4839999999999,-24.15876678876691
16003128,ESCOLA CONEXAO AQUARELA,1600303,1.0,16,Líder local,False,631.3671834625324,129.0,4.0,374.0,0.7363,Poliedro,660.4060194174758,103.0,644.2594252873564,-29.038835954943465
35258143,NOVO COLEGIO SISTEMA DE ENSINO DE FRANCA LTDA,3516200,1.0,14,Líder local,False,678.900895522388,67.0,0.0,241.0,0.7357,Poliedro,675.6040196078432,68.0,677.2402469135802,3.2968759145448985
53001389,COL SAGRADO CORACAO DE MARIA,5300108,29.0,117,Outras posições,False,632.1278571428572,28.0,5.0,126.0,0.7356,Poliedro,612.6590909090909,22.0,623.5616,19.46876623376636
35153126,LITTERATUS COLEGIO,3523404,2.0,7,Desafiante (2º-5º local),False,650.124,35.0,3.0,123.0,0.7352,Poliedro,648.095,20.0,649.386181818182,2.0289999999999964
41071913,NOSSA SRA AUXILIADORA COL EI-EF-EM,4104808,3.0,15,Desafiante (2º-5º local),False,631.8784615384616,13.0,5.0,72.0,0.7351,Poliedro,611.8926315789474,19.0,620.011875,19.98582995951415
35445848,CONEXAO COLEGIO,3503208,1.0,13,Líder local,False,665.0020512820513,91.0,2.0,288.0,0.7345,Poliedro,673.8358649789029,79.0,669.1071764705882,-8.833813696851621
23070722,NOSSA SENHORA DAS GRACAS COLEGIO,2304400,28.0,117,Outras posições,False,631.7655367231638,59.0,5.0,197.0,0.7343,Poliedro,626.5605128205128,78.0,628.8020924574208,5.205023902650964
35113759,COLEGIO PIRACICABANO DA IGREJA METODISTA,3538709,3.0,25,Desafiante (2º-5º local),False,631.76375,16.0,5.0,48.0,0.7341,Poliedro,593.0006060606061,11.0,615.9713580246913,38.7631439393939
35125726,PERSPECTIVA ESCOLA,3550308,58.0,516,Outras posições,False,657.288,20.0,2.0,88.0,0.734,Poliedro,646.3064285714285,28.0,650.8820833333333,10.981571428571556
29427924,ESCOLA MONTEIRO LOBATO -UNIDADE 2,2919553,1.0,5,Líder local,False,626.7527272727273,22.0,5.0,75.0,0.7333,Poliedro,619.2,21.0,623.0641860465116,7.552727272727225
43176852,CENTRO TECNOLOGICO UNIVERSIDADE CAXIAS DO SUL - UNIDADE DE ENSINO DE CAXIAS DO SUL,4305108,4.0,12,Desafiante (2º-5º local),False,625.6244444444444,183.0,5.0,648.0,0.7328,Poliedro,637.4531261770245,177.0,631.440212962963,-11.828681732580094
43069002,COLEGIO DOM FELICIANO,4309209,2.0,7,Desafiante (2º-5º local),False,626.6608771929824,114.0,5.0,363.0,0.7327,Poliedro,641.9385,80.0,632.9609278350515,-15.277622807017565
31371777,COLEGIO GABARITO,3104007,2.0,4,Desafiante (2º-5º local),False,648.966875,32.0,3.0,109.0,0.7324,Poliedro,638.73,40.0,643.2797222222222,10.23687499999994
42103894,COLEGIO VILA OLIMPIA,4205407,9.0,30,Outras posições,False,640.3953846153846,13.0,4.0,70.0,0.7323,Poliedro,672.1888888888889,18.0,658.8561290322581,-31.793504273504254
41063015,COLEGIO POSITIVO MASTER - EDUCACAO INFANTIL ENSINO FUNDAMENTAL E MEDIO,4119905,3.0,14,Desafiante (2º-5º local),False,640.3889743589743,78.0,4.0,296.0,0.7322,Poliedro,633.9739837398374,82.0,637.1012916666666,6.4149906191369155
51036193,MASTER GENESIS ALVORADA,5103403,6.0,27,Outras posições,False,635.9515625,64.0,4.0,225.0,0.7321,Poliedro,618.813023255814,43.0,629.0641121495327,17.138539244186063
35135148,SINGULAR COLEGIO,3547809,3.0,36,Desafiante (2º-5º local),False,648.8620606060606,220.0,3.0,814.0,0.732,Poliedro,651.9298850574712,290.0,650.6065098039214,-3.0678244514106154
12030058,ESC DE ENSINO MEDIO E TECNICO PLACIDO DE CASTRO,1200401,4.0,10,Desafiante (2º-5º local),False,635.9234782608695,46.0,4.0,161.0,0.732,Poliedro,644.7352542372881,59.0,640.874857142857,-8.81177597641863
35811385,PENHENSE ESCOLA ESP,3550308,59.0,516,Outras posições,False,640.3133333333334,48.0,4.0,117.0,0.7319,Poliedro,625.9641860465116,43.0,633.532967032967,14.34914728682179
35107803,COLEGIO MAGISTER,3550308,60.0,516,Outras posições,False,631.2054761904762,28.0,5.0,126.0,0.7318,Poliedro,637.8407692307693,26.0,634.4002469135803,-6.63529304029305
32074182,CENTRO DE ENSINO COLATINENSE DARWIN,3201506,1.0,4,Líder local,False,644.342,30.0,4.0,117.0,0.7314,Poliedro,668.2994202898551,23.0,654.7386163522012,-23.957420289855122
43037682,COLEGIO LA SALLE,4304606,3.0,10,Desafiante (2º-5º local),False,626.3922222222222,120.0,5.0,407.0,0.7314,Poliedro,624.5176785714285,112.0,625.4872701149425,1.8745436507937256
35108339,SANTA MONICA COLEGIO,3530607,4.0,24,Desafiante (2º-5º local),False,648.7136363636364,33.0,3.0,101.0,0.7312,Poliedro,664.1308333333333,24.0,655.2050877192983,-15.417196969696874
26033950,COLEGIO NOSSA SENHORA AUXILIADORA,2611101,3.0,10,Desafiante (2º-5º local),False,626.2894358974359,130.0,5.0,420.0,0.7311,Poliedro,633.0419999999999,100.0,629.2253333333333,-6.752564102564065
35113207,DIVINO SALVADOR COLEGIO,3525904,7.0,31,Outras posições,False,640.2714492753623,46.0,4.0,140.0,0.7311,Poliedro,656.1327272727274,55.0,648.9087788778878,-15.86127799736505
35143352,CIDADE DE ITU COLEGIO,3523909,2.0,9,Desafiante (2º-5º local),False,671.1563636363636,44.0,1.0,189.0,0.7311,Poliedro,669.7828571428572,56.0,670.3872,1.3735064935063974
15096831,COLEGIO ATITUDE,1502103,1.0,2,Sem comparação local (poucas escolas na cidade),False,626.2570491803278,61.0,5.0,188.0,0.7309,Poliedro,626.2648979591837,49.0,626.2605454545455,-0.007848778855873206
33041130,COLEGIO BOM JESUS SAO JOSE,3303906,7.0,19,Outras posições,False,626.2013793103448,29.0,5.0,135.0,0.7308,Poliedro,653.4272,25.0,638.8059259259259,-27.225820689655166
35103445,EQUIPE COLEGIO,3550308,61.0,516,Outras posições,False,640.2621568627451,34.0,4.0,139.0,0.7307,Poliedro,615.0082142857143,56.0,624.5485925925926,25.253942577030784
25130676,CENTRO DE ENSINO E EDUCACAO DA BORBOREMA LDTA,2504009,4.0,20,Desafiante (2º-5º local),False,662.2959999999999,65.0,1.0,168.0,0.7306,Poliedro,638.9698305084746,59.0,651.1972580645161,23.32616949152532
35165943,ATLANTICO DE ENSINO INSTITUTO,3538709,4.0,25,Desafiante (2º-5º local),False,648.4619047619047,21.0,3.0,88.0,0.7305,Poliedro,662.365,24.0,655.8768888888889,-13.903095238095261
35141264,DOMINUS VIVENDI COLEGIO EIFM,3550308,62.0,516,Outras posições,False,648.4230769230769,13.0,3.0,68.0,0.7302,Poliedro,634.5956521739131,23.0,639.588888888889,13.82742474916381
35165773,MULTIPLUS SCHOOL,3541406,3.0,13,Desafiante (2º-5º local),False,640.1169642857143,56.0,4.0,199.0,0.7301,Poliedro,636.3960784313725,34.0,638.7112962962964,3.720885854341759
35439368,COLEGIO PROGRESSO BILINGUE,3520509,5.0,12,Desafiante (2º-5º local),False,648.3925490196078,51.0,3.0,139.0,0.7299,Poliedro,656.8812643678161,58.0,652.9094801223241,-8.488715348208302
41063252,COLEGIO MARISTA PIO XII EI EF E EM,4119905,4.0,14,Desafiante (2º-5º local),False,624.9712676056338,71.0,5.0,288.0,0.7299,Poliedro,614.7460512820512,65.0,620.0842156862745,10.225216323582572
35100473,SANTA TERESINHA COLEGIO SALESIANO,3550308,63.0,516,Outras posições,False,625.9698529411764,136.0,5.0,543.0,0.7298,Poliedro,624.7175799086758,146.0,625.321513002364,1.252273032500625
41386329,ALDEIA DO SOL CEI EF M,4109401,2.0,9,Desafiante (2º-5º local),False,639.9945454545455,11.0,4.0,13.0,0.7298,Poliedro,,,639.9945454545455,
42113083,COC COLEGIO OSVALDO CARVALHO EIRELI EPP,4205407,10.0,30,Outras posições,False,661.845582010582,252.0,1.0,738.0,0.7297,Poliedro,676.0883152173913,368.0,670.2993333333334,-14.242733206809248
26162016,COLEGIO PONTUAL CENTRO EDUCACIONAL LTDA,2611606,23.0,76,Outras posições,False,643.2084210526315,19.0,3.0,61.0,0.7292,Poliedro,,,643.2084210526315,
53001290,COL COR JESU,5300108,30.0,117,Outras posições,False,630.4535135135135,37.0,5.0,184.0,0.7292,Poliedro,632.1135714285714,28.0,631.1686153846154,-1.6600579150579051
31184349,COLEGIO LOSANGO DE UBA,3169901,2.0,4,Desafiante (2º-5º local),False,653.4424875621891,67.0,3.0,231.0,0.7291,Poliedro,682.205925925926,54.0,666.2790633608815,-28.763438363736896
52090388,CENTRO EDUCACIONAL IMPACTO LTDA- COLEGIO EXITO,5211909,2.0,4,Desafiante (2º-5º local),False,634.2524999999999,24.0,4.0,89.0,0.7289,Poliedro,642.6913333333334,30.0,638.9407407407408,-8.438833333333491
32076363,COLEGIO LUSIADAS,3201308,1.0,7,Líder local,False,630.4070833333334,48.0,5.0,209.0,0.7289,Poliedro,623.3861224489797,49.0,626.8604123711341,7.020960884353713
41099605,ALIANCA CEI EF M,4109401,3.0,9,Desafiante (2º-5º local),False,625.8157142857143,56.0,5.0,230.0,0.7288,Poliedro,651.2687272727272,55.0,638.4275675675675,-25.453012987012926
51072823,LAVOISIER CENTRO DE ENSINO,5107602,2.0,7,Desafiante (2º-5º local),False,655.3106666666666,20.0,2.0,77.0,0.7288,Poliedro,,,655.3106666666666,
31006386,COLEGUIUM - UNIDADE JARAGUA,3106200,57.0,110,Outras posições,False,641.5607407407407,27.0,3.0,75.0,0.7279,Poliedro,661.62,17.0,649.3109090909091,-20.059259259259306
53003659,COL MARISTA CHAMPAGNAT,5300108,31.0,117,Outras posições,False,630.1565020576131,81.0,5.0,323.0,0.7278,Poliedro,627.1942288557215,67.0,628.815472972973,2.962273201891662
35113724,CIDADE DE PIRACICABA COLEGIO,3538709,5.0,25,Desafiante (2º-5º local),False,647.8616666666667,72.0,3.0,210.0,0.7278,Poliedro,652.9807575757576,44.0,649.8033908045977,-5.1190909090909145
41138430,BOM JESUS SAO JOSE DOS PINHAIS COL EDUC INFANTIL ENSINO FUNDAMENTAL E MEDIO,4125506,1.0,8,Líder local,False,639.4002150537634,62.0,4.0,235.0,0.7272,Poliedro,648.0944117647059,68.0,643.9479487179487,-8.694196710942492
32010311,COLEGIO MARISTA,3201506,3.0,4,Desafiante (2º-5º local),False,633.7864864864864,37.0,4.0,159.0,0.727,Poliedro,613.0733333333334,30.0,624.5119402985075,20.71315315315303
31210595,COL QUELUZ DE MINAS,3118304,3.0,4,Desafiante (2º-5º local),False,647.672,10.0,3.0,18.0,0.7267,Poliedro,626.2533333333333,15.0,634.8208,21.418666666666695
33098980,CENTRO EDUCACIONAL SANMARTIN PEREZ,3301900,1.0,11,Líder local,False,642.5017204301075,31.0,3.0,82.0,0.7265,Poliedro,637.5018181818182,22.0,640.4262893081761,4.999902248289345
15561313,CENTRO EDUCACIONAL COLEGIO MONTE CASTELO,1504208,4.0,9,Desafiante (2º-5º local),False,629.7657861635221,53.0,5.0,167.0,0.7263,Poliedro,605.3021794871795,52.0,617.6504761904762,24.46360667634258
51027909,COLEGIO LA SALLE ATEC,5107958,3.0,4,Desafiante (2º-5º local),False,649.14,23.0,2.0,88.0,0.7262,Poliedro,628.1266666666667,21.0,639.110909090909,21.01333333333332
26095882,INSTITUTO SANTO INACIO DE LOIOLA,2616407,1.0,7,Líder local,False,642.1723999999999,50.0,3.0,164.0,0.7262,Poliedro,635.9411764705883,34.0,639.650238095238,6.231223529411636
31354848,COLEGIO LOSANGO DE LAVRAS,3138203,5.0,8,Desafiante (2º-5º local),False,661.4272,25.0,2.0,66.0,0.7262,Poliedro,672.9853846153845,26.0,667.3196078431373,-11.558184615384562
35105961,BEATISSIMA VIRGEM MARIA INSTITUTO DE EDUCACAO,3550308,64.0,516,Outras posições,False,625.3954545454545,44.0,5.0,146.0,0.726,Poliedro,597.7957142857142,28.0,614.6622222222221,27.599740259740315
29486696,CENTRO EDUCACIONAL OPCAO,2933307,5.0,14,Desafiante (2º-5º local),False,639.0511111111111,21.0,4.0,84.0,0.726,Poliedro,610.045,36.0,620.731461988304,29.00611111111118
35155073,COLEGIO BATISTA BRASIL VILA MARIANA,3550308,65.0,516,Outras posições,False,637.64,13.0,4.0,51.0,0.7257,Poliedro,607.058947368421,19.0,619.4824999999998,30.58105263157904
35121381,PRUDENTINA ESCOLA DE EDUCACAO BASICA,3541406,4.0,13,Desafiante (2º-5º local),False,647.4916384180791,59.0,3.0,198.0,0.7257,Poliedro,666.5357692307692,52.0,656.4132132132132,-19.044130812690128
41075927,COLEGIO ANGLO AMERICANO,4108304,2.0,12,Desafiante (2º-5º local),False,629.4648979591836,49.0,5.0,188.0,0.7255,Poliedro,667.1969491525424,59.0,650.0777777777777,-37.73205119335876
35801793,ANGLO ALANTE ARARAS 2,3503307,2.0,6,Desafiante (2º-5º local),False,667.910925925926,36.0,1.0,109.0,0.7251,Poliedro,648.9135294117648,34.0,658.683619047619,18.99739651416121
35140673,INTEGRADO DE MOGI GUACU COLEGIO,3530706,3.0,9,Desafiante (2º-5º local),False,659.9258974358975,26.0,1.0,104.0,0.7249,Poliedro,653.8329032258065,31.0,656.6121637426901,6.092994210090978
31368342,COLEGUIUM - UNIDADE INTERNACIONAL BURITIS,3106200,58.0,110,Outras posições,False,633.3839639639639,37.0,4.0,94.0,0.7249,Poliedro,657.548275862069,29.0,644.0016161616162,-24.164311898105097
53005457,CENTRO DE ENSINO SANTA RITA DE CASSIA,5300108,32.0,117,Outras posições,False,634.6458536585366,41.0,4.0,155.0,0.7248,Poliedro,614.1975163398693,51.0,623.3103623188406,20.448337318667313
35112537,PIO XII COLEGIO DE APLICACAO,3509502,13.0,47,Outras posições,False,629.295,20.0,5.0,57.0,0.7247,Poliedro,638.9215384615384,13.0,633.0872727272726,-9.626538461538416
35367734,DOM BOSCO COLEGIO UNID III,3550308,66.0,516,Outras posições,False,638.8584,100.0,4.0,299.0,0.7247,Poliedro,646.6222727272727,88.0,642.4925531914894,-7.763872727272769
24057193,COLEGIO OBJETIVO DE NATAL,2408102,16.0,48,Outras posições,False,625.0688888888889,18.0,5.0,51.0,0.7247,Poliedro,585.05625,16.0,606.2394117647059,40.01263888888889
43219616,COLEGIO FLEMING CANOAS,4304606,4.0,10,Desafiante (2º-5º local),False,663.0533333333333,36.0,0.0,112.0,0.7246,Poliedro,636.4857894736842,38.0,649.4105405405405,26.56754385964905
35152812,JANDYRA ANTUNES ROSA PROFESSORA COLEGIO,3526902,3.0,15,Desafiante (2º-5º local),False,629.2565217391304,23.0,5.0,85.0,0.7244,Poliedro,641.0166666666667,18.0,634.4195121951219,-11.760144927536203
35102799,SAGRADO CORACAO DE JESUS COLEGIO,3550308,67.0,516,Outras posições,False,629.2380620155039,86.0,5.0,322.0,0.7243,Poliedro,616.6334199134199,77.0,623.2837218813906,12.604642102084085
33009783,INST DOM BOSCO,3301009,2.0,16,Desafiante (2º-5º local),False,624.8458823529411,17.0,5.0,72.0,0.7242,Poliedro,632.5448,25.0,629.4285714285714,-7.69891764705892
33199558,COLEGIO CENTRO DE ESTUDOS,3301009,3.0,16,Desafiante (2º-5º local),False,652.0584810126583,79.0,1.0,229.0,0.724,Poliedro,642.5784269662922,89.0,647.0363095238096,9.480054046366035
35132214,OBJETIVO CENTRO INTERESCOLAR UNIDADE PAZ,3550308,68.0,516,Outras posições,False,647.1026490066225,151.0,3.0,495.0,0.7237,Poliedro,632.9525386313466,151.0,640.0275938189844,14.150110375275972
23077549,COLEGIO 7 DE SETEMBRO,2304400,29.0,117,Outras posições,False,629.0909473684211,95.0,5.0,266.0,0.7235,Poliedro,644.5633333333334,66.0,635.4336645962734,-15.472385964912291
35101278,SAO JOSE COLEGIO AGOSTINIANO,3550308,69.0,516,Outras posições,False,653.7235598705502,206.0,2.0,760.0,0.7232,Poliedro,651.1890748898679,227.0,652.3948575827561,2.5344849806822367
26153050,COLEGIO LOGOS,2611606,24.0,76,Outras posições,False,641.895294117647,17.0,2.0,55.0,0.7231,Poliedro,632.2766666666666,18.0,636.9485714285713,9.618627450980398
29182433,COLEGIO NOSSA SENHORA DA CONCEICAO,2927408,19.0,90,Outras posições,False,628.9367901234568,54.0,5.0,193.0,0.723,Poliedro,647.0143478260869,46.0,637.2524666666667,-18.077557702630088
52094111,COLEGIO DELOS LTDA,5201405,1.0,17,Líder local,False,624.5886486486486,74.0,5.0,281.0,0.7228,Poliedro,639.1043636363636,55.0,630.7775193798449,-14.515714987715
35456731,OBJETIVO CENTRO INTERESCOLAR UNIDADE IPIRANGA,3550308,70.0,516,Outras posições,False,646.605501618123,103.0,3.0,383.0,0.7226,Poliedro,628.6849411764706,85.0,638.503120567376,17.920560441652356
43097782,COLEGIO NOTRE DAME,4314100,1.0,5,Líder local,False,624.5145833333333,64.0,5.0,343.0,0.7225,Poliedro,618.4604519774011,59.0,621.6105691056911,6.054131355932213
23263741,CWD MAXIMUS COLEGIO,2304400,30.0,117,Outras posições,False,632.801875,32.0,4.0,118.0,0.7224,Poliedro,630.2161111111111,36.0,631.4329411764706,2.5857638888888914
22131027,COLEGIO PRO CAMPUS JUNIOR,2211001,21.0,52,Outras posições,False,636.9864285714285,28.0,4.0,29.0,0.7224,Poliedro,641.460761904762,35.0,639.4721693121694,-4.474333333333448
33135169,GRUPO FARIA BRITO - OFICINA DA CRIANCA,3304557,88.0,344,Outras posições,False,624.51,16.0,5.0,59.0,0.7223,Poliedro,637.7013333333333,15.0,630.8929032258064,-13.191333333333318
50015877,ESCOLA PRESBITERIANA ERASMO BRAGA,5003702,4.0,6,Desafiante (2º-5º local),False,628.7627868852459,61.0,5.0,288.0,0.7219,Poliedro,650.668431372549,68.0,640.3099483204135,-21.905644487303107
35006190,COLEGIO PROGRESSO ITU,3523909,3.0,9,Desafiante (2º-5º local),False,658.6659999999999,20.0,1.0,78.0,0.7216,Poliedro,654.0494736842105,19.0,656.4169230769231,4.616526315789429
31054135,COLEGIO FRANCISCANO IMACULADA CONCEICAO,3127701,3.0,7,Desafiante (2º-5º local),False,623.2280272108843,49.0,5.0,165.0,0.7216,Poliedro,634.3532142857142,56.0,629.1614603174604,-11.12518707482991
35159013,COLEGIO OBJETIVO DE RIO CLARO,3543907,2.0,8,Desafiante (2º-5º local),False,628.7387301587302,63.0,5.0,238.0,0.7216,Poliedro,658.86,52.0,642.3587826086957,-30.12126984126985
29408148,COLEGIO MATISSE,2918001,2.0,4,Desafiante (2º-5º local),False,644.5497959183673,49.0,3.0,145.0,0.7215,Poliedro,621.5611428571428,35.0,634.9711904761905,22.988653061224454
24285323,OVER COLEGIO E CURSO,2408102,17.0,48,Outras posições,False,653.249375,32.0,2.0,80.0,0.7211,Poliedro,662.7194285714286,35.0,658.1964179104478,-9.470053571428593
42080746,COLEGIO CONSUL CARLOS RENAUX,4202909,3.0,5,Desafiante (2º-5º local),False,628.6126388888889,48.0,5.0,269.0,0.7211,Poliedro,660.3923655913978,62.0,646.5248484848486,-31.779726702508924
41024397,PRO C-EM,4115200,1.0,21,Líder local,False,646.1441025641026,65.0,3.0,372.0,0.7211,Poliedro,648.0794520547946,73.0,647.1678743961354,-1.9353494906920332
32038240,COLEGIO SAO JOSE,3205200,3.0,23,Desafiante (2º-5º local),False,624.3153846153847,26.0,5.0,101.0,0.7209,Poliedro,627.8636363636364,22.0,625.9416666666667,-3.548251748251687
52020592,COLEGIO SAO FRANCISCO DE ASSIS,5201108,4.0,11,Desafiante (2º-5º local),False,624.198,20.0,5.0,90.0,0.7204,Poliedro,622.5619047619048,21.0,623.36,1.6360952380952085
35140806,CANADA COLEGIO,3518800,7.0,57,Outras posições,False,645.7504166666666,48.0,3.0,145.0,0.7203,Poliedro,664.7980740740741,45.0,654.9670250896057,-19.047657407407428
35161861,PROGRESSAO COLEGIO,3554102,4.0,15,Desafiante (2º-5º local),False,669.098947368421,76.0,0.0,255.0,0.7201,Poliedro,662.3419819819819,74.0,665.7655111111111,6.756965386439106
17055962,COLEGIO PRESBITERIANO MACKENZIE PALMAS,1721000,4.0,14,Desafiante (2º-5º local),False,628.40125,16.0,5.0,113.0,0.7201,Poliedro,617.9035087719298,19.0,622.7024761904762,10.497741228070254
23071400,SANTA ISABEL COLEGIO,2304400,31.0,117,Outras posições,False,618.8852631578948,76.0,5.0,228.0,0.7198,Poliedro,614.5691803278688,61.0,616.9635036496351,4.316082830025948
11049073,COLEGIO SAPIENS - UNIDADE INTENSIVO,1100205,3.0,13,Desafiante (2º-5º local),False,628.2610810810811,37.0,5.0,73.0,0.7196,Poliedro,624.9125925925925,27.0,626.8484375,3.348488488488556
35107773,SUICO BRASILEIRA SAO PAULO ESCOLA,3550308,71.0,516,Outras posições,False,628.2377777777779,36.0,5.0,166.0,0.7195,Poliedro,627.6764705882352,34.0,627.965142857143,0.5613071895426174
43043666,COLEGIO LA SALLE,4305108,5.0,12,Desafiante (2º-5º local),False,623.9843010752688,31.0,5.0,158.0,0.7193,Poliedro,639.5266666666666,36.0,632.335422885572,-15.542365591397811
35175420,CRESCER DE JUNDIAI COLEGIO,3525904,8.0,31,Outras posições,False,628.105625,32.0,5.0,168.0,0.7192,Poliedro,,,628.105625,
35118564,CASSIANO RICARDO COLEGIO,3554102,5.0,15,Desafiante (2º-5º local),False,645.4371929824562,76.0,3.0,238.0,0.7191,Poliedro,653.0469387755102,49.0,648.4202133333333,-7.609745793054003
42112796,ESCOLA AUTONOMIA,4205407,11.0,30,Outras posições,False,645.4151351351352,37.0,3.0,153.0,0.7189,Poliedro,654.6369565217391,46.0,650.5260240963856,-9.221821386603892
32083343,SEB ESCOLAS DE ALTA PERFORMANCE S A,3205200,4.0,23,Desafiante (2º-5º local),False,631.7739215686274,102.0,4.0,372.0,0.7189,Poliedro,619.7784511784512,99.0,625.8657048092869,11.995470390176251
33088780,CENTRO EDUCACIONAL PEREIRA ROCHA,3304904,3.0,29,Desafiante (2º-5º local),False,633.2328571428571,28.0,4.0,31.0,0.7187,Poliedro,,,633.2328571428571,
23235900,COLEGIO LOURENCO FILHO - PARANGABA,2304400,32.0,117,Outras posições,False,632.8504166666667,48.0,5.0,141.0,0.7187,Poliedro,615.1406451612903,31.0,625.9010126582278,17.709771505376352
42153824,COC BALNEARIO CAMBORIU COLEGIO CARVALHO,4202008,1.0,5,Líder local,False,650.8435078534031,191.0,3.0,247.0,0.7187,Poliedro,656.4160454545455,220.0,653.8263746958638,-5.572537601142358
31005088,COLEGUIUM - UNIDADE INTERNACIONAL BELVEDERE,3106200,59.0,110,Outras posições,False,622.1304761904763,14.0,5.0,52.0,0.7178,Poliedro,602.9908333333333,16.0,611.9226666666667,19.13964285714303
43123090,COLEGIO CORACAO DE MARIA,4316907,4.0,12,Desafiante (2º-5º local),False,623.6408,25.0,5.0,112.0,0.7177,Poliedro,637.5729078014184,47.0,632.7353703703704,-13.932107801418397
25134167,CENTRO DE ENSINO E SERVICOS PREPARATORIOS DE VESTIBULARES LTDA,2504009,5.0,20,Desafiante (2º-5º local),False,644.78,74.0,3.0,249.0,0.7176,Poliedro,,,644.78,
35500033,CIDADE RIO PRETO COLEGIO,3549805,6.0,28,Outras posições,False,644.7588461538461,52.0,3.0,211.0,0.7175,Poliedro,663.1241025641025,52.0,653.9414743589743,-18.365256410256393
33196770,COLEGIO E CURSO CARVALHO BRAGA,3305802,6.0,10,Outras posições,False,644.68,22.0,3.0,108.0,0.7171,Poliedro,637.1581818181818,11.0,642.1727272727272,7.521818181818162
35158823,FUTURO ESCOLA DO,3550308,72.0,516,Outras posições,False,631.3201075268817,31.0,4.0,132.0,0.7166,Poliedro,637.5691666666667,24.0,634.0469696969697,-6.249059139785004
43105025,COLEGIO NOSSA SRA DA GLORIA,4314902,24.0,61,Outras posições,False,618.2495555555556,30.0,5.0,138.0,0.7163,Poliedro,618.0315789473684,19.0,618.1650340136055,0.21797660818720033
33228604,COLEGIO E CURSO AZ - UNIDADE BOTAFOGO,3304557,89.0,344,Outras posições,False,649.7243262411348,94.0,1.0,190.0,0.7161,Poliedro,653.9626388888888,72.0,651.5626305220884,-4.2383126477540145
35126044,CURSOS PROVE ESCOLA DE ENSINO FUNDAMENTAL E MEDIO,3529005,5.0,13,Desafiante (2º-5º local),False,644.5392857142857,28.0,3.0,94.0,0.7159,Poliedro,654.4582608695653,23.0,649.0125490196078,-9.918975155279554
42003903,COLEGIO ELISA ANDREOLI,4216602,2.0,11,Desafiante (2º-5º local),False,627.3997037037037,135.0,5.0,443.0,0.7157,Poliedro,627.6136363636364,110.0,627.4957551020409,-0.2139326599326523
33120544,COLEGIO E CURSO PENSI,3301009,4.0,16,Desafiante (2º-5º local),False,632.2663670411985,89.0,4.0,247.0,0.7155,Poliedro,636.0863157894737,76.0,634.0258585858586,-3.8199487482752374
15177017,COLEGIO EQUIPE ANANINDEUA,1500800,1.0,22,Líder local,False,639.1128395061728,81.0,3.0,241.0,0.7153,Poliedro,650.3698360655737,61.0,643.9485915492958,-11.256996559400932
50007858,COLEGIO SALESIANO DOM BOSCO,5002704,8.0,31,Outras posições,False,627.3273913043478,46.0,5.0,195.0,0.7152,Poliedro,643.2887037037037,36.0,634.3347967479674,-15.961312399355961
43215360,COLEGIO FLEMING PASSO FUNDO,4314100,2.0,5,Desafiante (2º-5º local),False,651.9291156462585,49.0,2.0,131.0,0.7152,Poliedro,658.2366666666667,48.0,655.050378006873,-6.307551020408141
29149860,COLEGIO DINAMO,2900702,2.0,7,Desafiante (2º-5º local),False,632.1979629629631,54.0,4.0,190.0,0.7151,Poliedro,652.1633333333334,60.0,642.706052631579,-19.96537037037035
53038002,C DE ENS MEDIO DELTA,5300108,33.0,117,Outras posições,False,636.4544000000001,50.0,4.0,193.0,0.7145,Poliedro,648.7285875706215,59.0,643.0982262996941,-12.274187570621393
33176671,COLEGIO INSTITUTO MARCOS FREITAS,3304557,90.0,344,Outras posições,False,638.9804651162791,43.0,3.0,222.0,0.7145,Poliedro,649.1155555555556,45.0,644.1631818181818,-10.135090439276496
35139208,ATENEU DE SAO CAETANO DO SUL COLEGIO UNIDADE III,3548807,3.0,10,Desafiante (2º-5º local),False,666.8223076923077,26.0,0.0,102.0,0.7144,Poliedro,684.0826666666667,15.0,673.1370731707318,-17.26035897435895
41382161,ALFA DE UMUARAMA CENTRO C E M,4128104,1.0,8,Líder local,False,627.0575308641975,135.0,5.0,448.0,0.7144,Poliedro,632.1925071225071,117.0,629.4416269841269,-5.134976258309621
35155664,CIDADE DE ATIBAIA COLEGIO,3504107,3.0,11,Desafiante (2º-5º local),False,663.6046666666666,30.0,1.0,108.0,0.7141,Poliedro,680.0271794871795,39.0,672.8869565217391,-16.422512820512907
35114066,CLARETIANO COLEGIO,3543907,3.0,8,Desafiante (2º-5º local),False,626.8496774193549,62.0,5.0,197.0,0.7141,Poliedro,612.1702564102563,78.0,618.6711428571429,14.679421009098519
35125490,LICEU TERRAS DO ENGENHO EDUCACAO INFANTIL ENSINO FUNDAMENTAL E MEDIO,3538709,6.0,25,Outras posições,False,649.31375,32.0,3.0,125.0,0.714,Poliedro,641.7266666666667,57.0,644.454606741573,7.587083333333339
43104959,COLEGIO MARISTA CHAMPAGNAT,4314902,25.0,61,Outras posições,False,622.4841830065359,51.0,5.0,241.0,0.7139,Poliedro,626.1710502283105,73.0,624.6546774193548,-3.6868672217746052
22135790,ORGANIZACAO EDUCACIONAL APOIO LTDA,2207702,4.0,11,Desafiante (2º-5º local),False,644.0141935483871,31.0,3.0,104.0,0.7135,Poliedro,573.2115789473685,19.0,617.1092,70.8026146010186
35153795,ELITE REDE DE ENSINO,3525300,5.0,10,Desafiante (2º-5º local),False,651.6701075268818,31.0,2.0,125.0,0.7135,Poliedro,,,651.6701075268818,
41377370,COLGIO BOM JESUS MARINGA - EDUCAO INFANTIL ENSINO FUNDAMENTAL E MEDIO,4115200,2.0,21,Desafiante (2º-5º local),False,622.438,10.0,5.0,64.0,0.7135,Poliedro,595.4261538461539,13.0,607.1704347826087,27.011846153846136
42015588,ESC BARAO DO RIO BRANCO,4202404,3.0,9,Desafiante (2º-5º local),False,626.6836815920398,67.0,5.0,371.0,0.7134,Poliedro,612.8713725490196,51.0,620.7139548022598,13.81230904302015
29433002,COOPERATIVA EDUCACIONAL DE BARREIRAS,2903201,3.0,6,Desafiante (2º-5º local),False,631.6961904761904,14.0,4.0,57.0,0.713,Poliedro,644.2290909090909,11.0,637.2106666666666,-12.532900432900533
24003662,COLEGIO MENINO DEUS LTDA,2408003,5.0,14,Desafiante (2º-5º local),False,622.2292307692308,13.0,5.0,86.0,0.7127,Poliedro,616.7417391304348,23.0,618.7233333333334,5.487491638795973
21182345,COLEGIO EDUCAR DOM BOSCO,2101400,2.0,5,Desafiante (2º-5º local),False,625.6721505376344,62.0,4.0,264.0,0.7121,Poliedro,591.6048648648649,74.0,607.1355392156863,34.06728567276946
53020057,ESC SEB AZ BRASILIA,5300108,34.0,117,Outras posições,False,626.4049382716049,81.0,5.0,225.0,0.712,Poliedro,639.5521066666666,125.0,634.3825889967637,-13.147168395061726
35158616,ANGLO SISTEMA DE ENSINO,3554003,1.0,6,Líder local,False,650.9325714285715,35.0,2.0,143.0,0.712,Poliedro,639.7354545454546,44.0,644.6962025316456,11.197116883116905
31358541,COLEGUIUM - UNIDADE CARLOS PRATES,3106200,61.0,110,Outras posições,False,629.9794285714286,35.0,4.0,106.0,0.7115,Poliedro,645.7994285714285,35.0,637.8894285714285,-15.819999999999936
31361500,COLEGIO PROFESSOR ROBERTO HERBSTER GUSMAO,3167202,7.0,13,Outras posições,False,616.9931782945736,43.0,5.0,198.0,0.7112,Poliedro,599.4924031007752,43.0,608.2427906976744,17.500775193798404
26529807,COLEGIO E CURSO CP,2607901,3.0,22,Desafiante (2º-5º local),False,633.8665517241379,58.0,3.0,195.0,0.711,Poliedro,632.1110638297872,47.0,633.0807619047619,1.755487894350722
35104449,NOSSA SENHORA DAS GRACAS ESCOLA,3550308,73.0,516,Outras posições,False,626.1667543859649,76.0,5.0,239.0,0.711,Poliedro,627.3924358974359,52.0,626.6646874999999,-1.2256815114710662
28037863,REDE DE ENSINO LIBERTAR LTDA,2803500,1.0,1,Sem comparação local (poucas escolas na cidade),False,630.867,40.0,5.0,128.0,0.711,Poliedro,611.715737704918,61.0,619.3003960396039,19.151262295082006
52039722,COLEGIO APHONSIANO,5221403,1.0,2,Sem comparação local (poucas escolas na cidade),False,620.7465116279069,43.0,5.0,160.0,0.7108,Poliedro,608.4965714285714,35.0,615.2497435897435,12.24994019933547
23276649,COLEGIO EVOLUCAO,2307304,3.0,7,Desafiante (2º-5º local),False,643.8975,72.0,2.0,195.0,0.7108,Poliedro,,,643.8975,
31003875,COL MAXIMUS STA INES,3106200,62.0,110,Outras posições,False,637.9558730158731,21.0,3.0,86.0,0.7108,Poliedro,639.2055555555556,36.0,638.7451461988304,-1.249682539682567
33189820,COLEGIO GERACAO Z LTDA,3304557,91.0,344,Outras posições,False,635.6531111111111,30.0,4.0,83.0,0.7107,Poliedro,657.7743750000001,48.0,649.2661965811966,-22.12126388888896
33160180,ENSINO MEDIO MONTEIRO LOBATO LTDA,3304557,92.0,344,Outras posições,False,630.7422222222223,36.0,5.0,104.0,0.7106,Poliedro,657.3594594594595,37.0,644.2331506849316,-26.61723723723719
32053070,ESCOLA GUIMARAES ROSA LTDA,3201209,1.0,6,Líder local,False,648.0871900826446,121.0,1.0,396.0,0.7102,Poliedro,657.9823655913979,93.0,652.387429906542,-9.895175508753255
35165049,PAULO FREIRE COLEGIO,3536505,1.0,6,Líder local,False,625.8215094339623,53.0,5.0,257.0,0.7094,Poliedro,623.844375,64.0,624.74,1.9771344339623056
33149410,COLEGIO PARANAPUA,3304557,93.0,344,Outras posições,False,655.2416666666667,60.0,2.0,212.0,0.7092,Poliedro,660.9571794871796,78.0,658.4721739130435,-5.715512820512913
35300895,JP ENSINO MEDIO CURSOS TECNICOS E CURSINHOS,3541406,5.0,13,Desafiante (2º-5º local),False,655.2269565217391,23.0,2.0,93.0,0.7088,Poliedro,605.2652173913043,23.0,630.2460869565217,49.96173913043481
24059340,INSTITUTO REIS MAGOS,2408102,18.0,48,Outras posições,False,630.4972413793103,29.0,4.0,111.0,0.7085,Poliedro,636.9218181818183,22.0,633.2686274509804,-6.424576802508
42091578,COLEGIO EVANGELICO JARAGUA,4208906,3.0,7,Desafiante (2º-5º local),False,625.6751219512195,41.0,5.0,173.0,0.7083,Poliedro,594.6653968253968,42.0,609.983453815261,31.009725125822683
52033295,COLEGIO DINAMICO,5208707,21.0,68,Outras posições,False,629.1059523809524,84.0,4.0,265.0,0.7082,Poliedro,646.8285555555556,120.0,639.5310130718954,-17.722603174603137
35466761,ESQUEMA UNICO EDUCACIONAL DE PRESIDENTE PRUDENTE,3541406,6.0,13,Outras posições,False,634.0464516129033,31.0,4.0,110.0,0.7082,Poliedro,649.041052631579,38.0,642.304347826087,-14.994601018675667
33201927,PB COLEGIO E CURSO,3303302,20.0,42,Outras posições,False,647.628,35.0,1.0,81.0,0.7081,Poliedro,,,647.628,
29494109,ESCOLA REMBRANDT,2927408,20.0,90,Outras posições,False,624.7133333333334,12.0,4.0,53.0,0.708,Poliedro,,,624.7133333333334,
31371696,COLEGIO UNIVERSITARIO,3148004,4.0,5,Desafiante (2º-5º local),False,621.0204347826086,46.0,5.0,184.0,0.7078,Poliedro,591.4636734693878,49.0,605.7753684210526,29.556761313220818
41129326,COLEGIO POSITIVO BOA VISTA - EDUCACAO INFANTIL ENSINO FUNDAMENTAL E MEDIO,4106902,14.0,69,Outras posições,False,642.8447422680413,97.0,3.0,323.0,0.7077,Poliedro,633.2622463768115,92.0,638.1802469135802,9.582495891229769
43042929,COLEGIO SAO JOAO BATISTA,4305108,6.0,12,Outras posições,False,620.9545833333333,16.0,5.0,87.0,0.7075,Poliedro,581.2488888888888,9.0,606.6605333333333,39.705694444444475
25133985,CENTRO DE ENSINO HBS LTDA,2507507,15.0,55,Outras posições,False,654.9786885245901,61.0,0.0,191.0,0.7071,Poliedro,642.6072222222223,36.0,650.3872164948453,12.371466302367821
41068610,COLEGIO VICENTINO IMACULADO CORACAO DE MARIA,4127700,2.0,5,Desafiante (2º-5º local),False,634.8626666666667,75.0,4.0,247.0,0.7068,Poliedro,648.0955555555555,45.0,639.825,-13.232888888888851
43022324,COLEGIO SCALABRINIANO NOSSA SENHORA MEDIANEIRA,4302105,3.0,4,Desafiante (2º-5º local),False,620.8777777777777,18.0,5.0,105.0,0.7065,Poliedro,642.7666666666667,18.0,631.8222222222222,-21.888888888888914
25213806,COLEGIO E CURSO PETRONIO FIGUEIREDO LTDA,2504009,6.0,20,Outras posições,False,634.7988888888889,54.0,4.0,161.0,0.7065,Poliedro,608.2112121212122,66.0,620.1756666666666,26.587676767676726
35172625,CEI - COLEGIO DE EDUCACAO INTEGRAL,3516200,2.0,14,Desafiante (2º-5º local),False,649.1364705882353,17.0,2.0,64.0,0.7064,Poliedro,650.245,12.0,649.5951724137932,-1.1085294117647209
25132059,ALGORITMO COLEGIO E CURSO,2507507,16.0,55,Outras posições,False,620.8191666666667,40.0,5.0,119.0,0.7059,Poliedro,623.653,20.0,621.7637777777778,-2.8338333333333594
42000645,COLEGIO SANTA CATARINA,4205407,12.0,30,Outras posições,False,625.164,25.0,5.0,99.0,0.7055,Poliedro,630.2325714285714,35.0,628.1206666666666,-5.068571428571431
33055955,COLEGIO SAO VICENTE DE PAULO,3303302,21.0,42,Outras posições,False,620.6747417840376,71.0,5.0,226.0,0.7053,Poliedro,639.7174025974026,77.0,630.582072072072,-19.042660813365046
35151798,UNISUZ COLEGIO,3552502,1.0,11,Líder local,False,647.2434782608696,46.0,3.0,173.0,0.7052,Poliedro,638.8133333333333,45.0,643.0747252747253,8.430144927536276
35104607,PALMARES COLEGIO EFM,3550308,74.0,516,Outras posições,False,654.148115942029,23.0,2.0,128.0,0.705,Poliedro,664.7761403508772,19.0,658.9560317460318,-10.628024408848205
42160642,COC BLUMENAU,4202404,4.0,9,Desafiante (2º-5º local),False,648.8008163265306,49.0,2.0,186.0,0.705,Poliedro,643.0079310344828,58.0,645.6607476635513,5.792885292047799
33187924,QI QUALIDADE INTEGRAL DE ENSINO LTDA,3304557,94.0,344,Outras posições,False,647.5410526315789,19.0,2.0,94.0,0.7049,Poliedro,641.0513333333333,30.0,643.5677551020408,6.489719298245518
29439833,CENTRO DE EDUCACAO MARIA CELINA,2925303,2.0,6,Desafiante (2º-5º local),False,634.3046153846153,13.0,4.0,67.0,0.7044,Poliedro,627.9,10.0,631.52,6.40461538461534
31368520,CENTRO EDUCACIONAL EUROPA,3152501,7.0,10,Outras posições,False,624.7514285714286,14.0,5.0,61.0,0.7043,Poliedro,596.1791919191919,33.0,604.6900709219858,28.57223665223671
33166820,COLEGIO E CURSO PENSI,3304557,95.0,344,Outras posições,False,653.2675,232.0,1.0,544.0,0.7043,Poliedro,657.9352419354839,248.0,655.6791666666667,-4.667741935483832
43104940,COLEGIO BATISTA BRASIL,4314902,26.0,61,Outras posições,False,629.3833333333333,12.0,4.0,53.0,0.7041,Poliedro,639.6523076923077,13.0,634.7232,-10.268974358974333
41377168,COLEGIO DOM BOSCO BATEL,4106902,15.0,69,Outras posições,False,629.0626160337554,79.0,5.0,301.0,0.7039,Poliedro,649.2766666666666,76.0,638.9740215053764,-20.214050632911267
52033090,COLEGIO SHALLON - UNIDADE I,5208707,22.0,68,Outras posições,False,634.2165,40.0,4.0,162.0,0.7036,Poliedro,638.1729032258065,31.0,635.9439436619718,-3.9564032258065254
41158750,COLEGIO POSITIVO HAUER - ENSINO MEDIO,4106902,16.0,69,Outras posições,False,629.2648917748918,154.0,4.0,418.0,0.7036,Poliedro,634.1434757834758,117.0,631.3711439114392,-4.878584008583971
35287600,COLEGIO ANGLO LEONARDO DA VINCI,3550308,75.0,516,Outras posições,False,653.5878571428572,28.0,2.0,76.0,0.7033,Poliedro,695.1314285714286,28.0,674.3596428571428,-41.543571428571454
29354900,INSTITUTO ASSOCIADOS SABER E CULTURA,2910727,1.0,4,Líder local,False,629.2221052631579,38.0,4.0,147.0,0.7031,Poliedro,662.9215789473684,38.0,646.0718421052633,-33.69947368421049
31007587,SISTEMA PIAGET DE ENSINO,3106200,63.0,110,Outras posições,False,627.9014285714286,14.0,4.0,49.0,0.7026,Poliedro,,,627.9014285714286,
26117991,COLEGIO BOA VIAGEM LTDA,2611606,25.0,76,Outras posições,False,624.5098290598291,78.0,5.0,266.0,0.7026,Poliedro,625.876923076923,78.0,625.193376068376,-1.3670940170939048
43205542,ESCOLA DE ENSINO MEDIO CAMINHO,4305108,7.0,12,Outras posições,False,629.102156862745,34.0,4.0,166.0,0.7026,Poliedro,606.0602564102564,26.0,619.1173333333334,23.041900452488562
35123808,EDUCATIVA CENTRO EDUCACIONAL,3534708,2.0,7,Desafiante (2º-5º local),False,648.0984615384616,13.0,2.0,54.0,0.7023,Poliedro,649.6223529411765,17.0,648.962,-1.5238914027148667
33031649,INSTITUTO SAO JOSE,3304201,4.0,8,Desafiante (2º-5º local),False,624.4893333333333,40.0,5.0,128.0,0.7023,Poliedro,635.3712280701754,38.0,629.7907692307692,-10.881894736842128
14000814,CENTRO DE EDUCACAO INTEGRADA COLMEIA LTDA,1400100,1.0,9,Líder local,False,641.4032142857143,28.0,3.0,93.0,0.7022,Poliedro,647.7,30.0,644.6601724137931,-6.296785714285761
15038513,COLEGIO SANTA ROSA,1501402,12.0,65,Outras posições,False,615.0698285714286,175.0,5.0,542.0,0.7018,Poliedro,643.1558333333334,124.0,626.7175362318841,-28.086004761904746
52103994,COLEGIO SELECTUS LTDA,5200258,1.0,5,Líder local,False,641.2615384615384,13.0,3.0,61.0,0.7017,Poliedro,627.1964102564102,26.0,631.8847863247863,14.06512820512819
32034377,COLEGIO CASTRO ALVES,3201308,2.0,7,Desafiante (2º-5º local),False,633.6989189189189,37.0,4.0,116.0,0.7016,Poliedro,625.1777777777778,24.0,630.3463387978142,8.521141141141129
33101809,COLEGIO EME,3303500,2.0,33,Desafiante (2º-5º local),False,652.779012345679,54.0,1.0,262.0,0.7015,Poliedro,665.2571014492753,46.0,658.5189333333333,-12.47808910359629
32038720,ESCOLA SANTA ADAME,3205200,5.0,23,Desafiante (2º-5º local),False,633.6369230769232,13.0,4.0,62.0,0.7013,Poliedro,647.6333333333333,9.0,639.3627272727273,-13.996410256410172
35116361,SANTO ANDRE COLEGIO,3549805,7.0,28,Outras posições,False,627.5518457300275,121.0,4.0,368.0,0.7012,Poliedro,626.6671839080459,116.0,627.118846694796,0.8846618219815809
35113736,DOM BOSCO COLEGIO SALESIANO ASSUNCAO,3538709,7.0,25,Outras posições,False,624.2754098360655,61.0,5.0,195.0,0.7012,Poliedro,633.190303030303,33.0,627.4051063829787,-8.914893194237493
41133463,COLEGIO SENHORA DE FATIMA ED INF ENSINO FUND MEDIO SC LTDA,4106902,17.0,69,Outras posições,False,628.4453846153846,104.0,5.0,335.0,0.701,Poliedro,646.4815176151761,123.0,638.2182672540382,-18.036132999791562
53018273,COL IDEAL UNIDADE JARDIM BOTANICO,5300108,35.0,117,Outras posições,False,633.528,15.0,4.0,83.0,0.7008,Poliedro,615.4053333333334,15.0,624.4666666666667,18.122666666666646
21092761,COMPLEXO EDUCACIONAL DOM BOSCO,2105302,3.0,11,Desafiante (2º-5º local),False,614.8595897435898,65.0,5.0,183.0,0.7007,Poliedro,626.87,64.0,620.8182428940569,-12.010410256410182
50016385,ESCOLA FRANCISCANA IMACULADA CONCEICAO,5003702,5.0,6,Desafiante (2º-5º local),False,619.9902083333334,32.0,5.0,133.0,0.7006,Poliedro,603.607,40.0,610.888425925926,16.383208333333414
42006708,COLEGIO SAO JOSE,4218707,2.0,6,Desafiante (2º-5º local),False,624.1588461538461,52.0,5.0,178.0,0.7004,Poliedro,,,624.1588461538461,
33063516,COLEGIO NOSSA SENHORA DE LOURDES,3304557,96.0,344,Outras posições,False,614.802380952381,14.0,5.0,45.0,0.7002,Poliedro,590.8800000000001,17.0,601.6836559139786,23.922380952380877
50030469,COLEGIO DE ENSINO MEDIO NOVA GERACAO,5002704,9.0,31,Outras posições,False,633.3979220779221,77.0,4.0,251.0,0.7001,Poliedro,628.8918181818182,66.0,631.3181818181819,4.506103896103923
41390024,COLEGIO E CURSO ELITE CURITIBA,4106902,18.0,69,Outras posições,False,637.5533333333333,54.0,4.0,116.0,0.7,Poliedro,679.0696969696969,66.0,660.3873333333333,-41.51636363636362
53032012,COL BARAO DO RIO BRANCO,5300108,36.0,117,Outras posições,False,619.9488888888889,15.0,5.0,61.0,0.7,Poliedro,588.1313043478261,23.0,600.6908771929825,31.81758454106273
43123643,COLEGIO NOSSA SENHORA DE FATIMA,4316907,5.0,12,Desafiante (2º-5º local),False,623.9237837837838,37.0,5.0,135.0,0.6992,Polígono,641.3778125,64.0,634.9837623762377,-17.454028716216158
33174881,INSTITUTO NOSSA SENHORA DA GLORIA RIO DAS OSTRAS - UNIDADE IV,3304524,3.0,14,Desafiante (2º-5º local),False,619.7860317460318,42.0,5.0,176.0,0.699,Polígono,629.0066666666667,48.0,624.7037037037037,-9.220634920634893
26142716,COLEGIO DOM,2609600,1.0,13,Líder local,False,627.0887234042552,94.0,4.0,287.0,0.6989,Polígono,619.9085714285715,70.0,624.0240243902439,7.180151975683771
31363294,COL CHROMOS CENTRO,3106200,64.0,110,Outras posições,False,647.3851219512195,41.0,0.0,128.0,0.6987,Polígono,642.8153333333333,30.0,645.4542253521126,4.569788617886161
43104991,COL MARIA IMACULADA,4314902,27.0,61,Outras posições,False,628.0755555555555,42.0,4.0,113.0,0.698,Polígono,628.0130232558139,43.0,628.0439215686274,0.06253229974163332
24074667,CENTRO EDUCACIONAL DE APRENDIZAGEM MODERNA,2408003,6.0,14,Outras posições,False,636.4284,50.0,3.0,170.0,0.698,Polígono,655.8149019607843,51.0,646.2176237623762,-19.386501960784244
52053261,INSTITUTO PRESBITERIANO SAMUEL GRAHAM,5211909,3.0,4,Desafiante (2º-5º local),False,632.89,26.0,4.0,102.0,0.6979,Polígono,638.5310344827586,29.0,635.8643636363637,-5.641034482758641
21268894,COLEGIO O BOM PASTOR JUNIOR,2111201,1.0,4,Líder local,False,626.5336559139786,62.0,4.0,273.0,0.6973,Polígono,643.6515254237288,59.0,634.8803856749312,-17.11786950975022
35499092,FUNDACAO ROMI NEI,3545803,2.0,5,Desafiante (2º-5º local),False,636.830522875817,51.0,4.0,155.0,0.6971,Polígono,607.9066666666666,33.0,625.4675793650794,28.923856209150358
43104967,COLEGIO CONCORDIA - PORTO ALEGRE,4314902,28.0,61,Outras posições,False,627.8525,24.0,4.0,104.0,0.6967,Polígono,613.5478260869565,23.0,620.8523404255319,14.304673913043416
35107402,SANTA AMALIA COLEGIO,3550308,77.0,516,Outras posições,False,623.131746031746,63.0,5.0,165.0,0.6964,Polígono,632.1175757575758,22.0,625.4574901960785,-8.985829725829717
33026424,COLEGIO ARARUAMA,3300209,3.0,10,Desafiante (2º-5º local),False,614.1598148148148,36.0,5.0,145.0,0.6958,Polígono,608.2533333333333,24.0,611.7972222222222,5.906481481481478
29388341,INSTITUTO NOSSA SENHORA DA PIEDADE,2913606,1.0,7,Líder local,False,635.8576623376623,77.0,3.0,260.0,0.6956,Polígono,632.369696969697,66.0,634.2478321678321,3.48796536796533
43178740,COLEGIO MARISTA IPANEMA,4314902,29.0,61,Outras posições,False,618.9175833333334,80.0,5.0,251.0,0.6952,Polígono,604.4843076923078,65.0,612.4474942528736,14.433275641025602
33115478,SANTA MONICA REDE DE ENSINO MARICA,3302700,1.0,9,Líder local,False,626.1359375,64.0,4.0,262.0,0.6951,Polígono,615.7838461538461,52.0,621.4953448275861,10.352091346153884
35006933,COLEGIO LONDON UNIDADE II,3549805,8.0,28,Outras posições,False,656.2942564102564,65.0,1.0,106.0,0.6951,Polígono,668.4967164179104,67.0,662.4879292929293,-12.202460007654054
42116112,COLEGIO EXPONENCIAL,4204202,4.0,9,Desafiante (2º-5º local),False,618.888717948718,26.0,5.0,131.0,0.6951,Polígono,640.6359420289855,46.0,632.7827777777778,-21.74722408026753
33101612,CENTRO DE FORMACAO NOGUEIRA MINEIRO,3301702,1.0,22,Líder local,False,632.09,70.0,4.0,271.0,0.6949,Polígono,625.0333333333333,60.0,628.833076923077,7.056666666666729
26173280,COLEGIO GRANDE PASSO,2611606,26.0,76,Outras posições,False,625.8596923076923,65.0,4.0,214.0,0.6942,Polígono,650.4708994708994,63.0,637.9730208333333,-24.611207163207155
29422299,CURSO E COLEGIO ANALISE - EIRELI - EPP,2927408,22.0,90,Outras posições,False,634.46,36.0,3.0,146.0,0.694,Polígono,644.1641379310345,29.0,638.7895384615384,-9.704137931034438
35805048,ATHENEU COLEGIO,3523107,1.0,5,Líder local,False,639.9789743589744,39.0,3.0,137.0,0.6939,Polígono,611.7368,25.0,628.946875,28.242174358974353
35151282,JARDIM DAS NACOES COLEGIO,3554102,6.0,15,Outras posições,False,636.2642424242424,66.0,4.0,227.0,0.6938,Polígono,637.0884507042254,71.0,636.6913868613138,-0.8242082799829404
33061670,CENTRO EDUCACIONAL MANUEL PEREIRA,3304144,1.0,5,Líder local,False,643.9544444444444,36.0,3.0,141.0,0.6937,Polígono,635.4757894736842,19.0,641.0254545454545,8.478654970760203
33089248,COL STA TEREZINHA,3304904,4.0,29,Desafiante (2º-5º local),False,622.3944444444445,18.0,5.0,105.0,0.6937,Polígono,615.1077777777778,18.0,618.7511111111112,7.286666666666747
33071926,COLEGIO SANTA MONICA - CACHAMBI,3304557,98.0,344,Outras posições,False,638.4466666666666,33.0,3.0,131.0,0.693,Polígono,626.5970833333333,48.0,631.4246913580246,11.849583333333271
35142682,INTERESCOLAR OBJETIVO UNIDADE GRANJA VIANA CENTRO,3513009,2.0,17,Desafiante (2º-5º local),False,631.4532051282051,52.0,4.0,226.0,0.6928,Polígono,642.7511711711712,37.0,636.1501123595506,-11.297966042966095
35112422,CORACAO DE JESUS INSTITUTO EDUCACIONAL,3507605,5.0,12,Desafiante (2º-5º local),False,622.1042424242424,77.0,5.0,208.0,0.6927,Polígono,632.6044086021506,62.0,626.7877697841726,-10.500166177908113
26179199,COLEGIO E CURSO MENINO JESUS,2610707,1.0,16,Líder local,False,612.3464082687339,129.0,5.0,480.0,0.6927,Polígono,615.6441481481482,135.0,614.0327525252525,-3.2977398794143937
35140351,OBJETIVO CENTRO INTERESCOLAR UNIDADE POMPEIA,3550308,78.0,516,Outras posições,False,631.4309273182957,133.0,4.0,381.0,0.6925,Polígono,650.9674842767296,106.0,640.0956764295677,-19.536556958433835
51064910,COLEGIO E CURSO MASTER,5103403,7.0,27,Outras posições,False,634.0754455445544,202.0,3.0,511.0,0.692,Polígono,626.7435317460317,168.0,630.7463603603603,7.331913798522692
25092901,INTERACTIVO CRISTO COLEGIO E CURSOS EIRELI ME,2507507,17.0,55,Outras posições,False,612.2080555555555,72.0,5.0,262.0,0.6916,Polígono,600.7293989071038,61.0,606.9434085213032,11.478656648451647
33181713,CENTRO EDUCACIONAL MARCOS FREITAS,3301702,2.0,22,Desafiante (2º-5º local),False,613.5205263157894,76.0,5.0,222.0,0.6911,Polígono,620.1124675324676,77.0,616.8380392156863,-6.591941216678151
29343232,COLEGIO PORTINARI,2927408,23.0,90,Outras posições,False,649.7054208754209,99.0,1.0,344.0,0.691,Polígono,648.7006382978724,94.0,649.2160449050087,1.0047825775485535
35007524,CURSO E COLEGIO UNI,3548906,5.0,15,Desafiante (2º-5º local),False,643.1418705035971,139.0,1.0,435.0,0.6907,Polígono,643.8758260869565,115.0,643.4741732283464,-0.7339555833593749
35165116,INTERATIVO CURSO E COLEGIO,3548906,6.0,15,Outras posições,False,644.6664406779661,59.0,2.0,168.0,0.6902,Polígono,654.4982978723405,47.0,649.0258490566039,-9.831857194374379
35116026,RESSURREICAO NOSSA SENHORA DO CALVARIO COLEGIO,3511102,2.0,9,Desafiante (2º-5º local),False,630.9456349206349,42.0,4.0,149.0,0.6901,Polígono,656.2939869281046,51.0,644.8463440860215,-25.348352007469657
35808076,COLEGIO JESUS ADOLESCENTE,3511102,3.0,9,Desafiante (2º-5º local),False,630.8366666666667,20.0,4.0,103.0,0.6896,Polígono,628.9260317460318,21.0,629.8580487804878,1.9106349206349478
35165931,PORTAL DO ENGENHO COLEGIO,3538709,8.0,25,Outras posições,False,644.5272222222222,36.0,2.0,123.0,0.6892,Polígono,658.348947368421,38.0,651.6248648648649,-13.821725146198787
35175614,INTERNACIONAL DE ALPHAVILLE ESCOLA,3505708,2.0,5,Desafiante (2º-5º local),False,643.0514285714286,14.0,3.0,141.0,0.6891,Polígono,639.0713043478261,23.0,640.5772972972973,3.980124223602502
35501918,INTELECTUS RIO PRETO COLEGIO,3549805,9.0,28,Outras posições,False,644.2995983935743,83.0,2.0,223.0,0.6884,Polígono,656.1944,75.0,649.9458649789029,-11.89480160642563
31357120,COL CHROMOS ELDORADO,3118601,5.0,17,Desafiante (2º-5º local),False,633.2198333333333,60.0,3.0,151.0,0.6882,Polígono,642.32,51.0,637.4009909909911,-9.100166666666723
35114510,ALTO PADRAO FRANCANO INSTITUTO ENSINO,3516200,3.0,14,Desafiante (2º-5º local),False,644.038064516129,31.0,2.0,157.0,0.6878,Polígono,619.6415384615385,26.0,632.9098245614035,24.39652605459048
33036659,COLEGIO JEAN PIAGET,3300100,2.0,11,Desafiante (2º-5º local),False,620.9235294117648,34.0,5.0,106.0,0.6876,Polígono,631.0794594594594,37.0,626.2160563380281,-10.155930047694596
35448205,COLEGIO KELVIN,3549805,10.0,28,Outras posições,False,648.5319871794871,104.0,1.0,365.0,0.6873,Polígono,666.3777160493827,108.0,657.6232075471698,-17.845728869895538
50009060,COLEGIO MARIA MONTESSORI,5002704,11.0,31,Outras posições,False,638.3895726495726,39.0,3.0,119.0,0.6872,Polígono,628.6883870967742,31.0,634.0933333333334,9.701185552798393
35115253,LA SALLE SAO CARLOS COLEGIO DIOCESANO,3548906,7.0,15,Outras posições,False,617.2847368421053,38.0,5.0,180.0,0.6871,Polígono,622.3562790697674,43.0,619.977037037037,-5.071542227662121
15175448,SISTEMA DE ENSINO EQUIPE PARAGOMINAS LTDA,1505502,1.0,4,Líder local,False,616.0165517241379,29.0,5.0,108.0,0.6871,Polígono,616.6381818181818,33.0,616.3474193548387,-0.6216300940438941
42154529,COLEGIO BOM JESUS,4211900,2.0,9,Desafiante (2º-5º local),False,642.1497959183673,49.0,3.0,171.0,0.687,Polígono,633.9432653061225,49.0,638.0465306122449,8.20653061224482
31342122,INSTITUTO EDUCACIONAL SABER,3145208,1.0,2,Sem comparação local (poucas escolas na cidade),False,630.0184615384616,26.0,4.0,121.0,0.6869,Polígono,645.3666666666667,21.0,636.8761702127659,-15.348205128205109
35104875,RAINHA DA PAZ COLEGIO EIFM,3550308,82.0,516,Outras posições,False,620.8354929577465,71.0,5.0,239.0,0.6865,Polígono,628.0094545454544,55.0,623.9669841269841,-7.173961587707936
43109152,COLEGIO MURIALDO,4314902,31.0,61,Outras posições,False,616.9207407407407,45.0,5.0,161.0,0.6858,Polígono,592.2345454545455,44.0,604.7163295880149,24.686195286195243
28006992,COLEGIO DOM BOSCO,2802908,3.0,6,Desafiante (2º-5º local),False,625.4221739130435,46.0,4.0,135.0,0.6857,Polígono,632.9650724637681,46.0,629.1936231884058,-7.542898550724658
52091562,COLEGIO APROV,5205109,1.0,8,Líder local,False,643.8906666666667,20.0,2.0,106.0,0.6857,Polígono,603.6066666666667,30.0,619.7202666666667,40.28399999999999
35114467,PESTALOZZI ESCOLA UNIDADE I,3516200,4.0,14,Desafiante (2º-5º local),False,637.7109375,64.0,3.0,238.0,0.6848,Polígono,626.6647777777778,60.0,632.3660215053762,11.046159722222228
35135203,EDUARDO GOMES COLEGIO,3548807,4.0,10,Desafiante (2º-5º local),False,629.4364052287582,102.0,4.0,417.0,0.6847,Polígono,626.5553846153846,104.0,627.9819093851132,2.8810206133736074
35121344,SAO LUCAS COLEGIO,3525300,6.0,10,Outras posições,False,629.3656060606061,44.0,4.0,148.0,0.6844,Polígono,653.8122222222223,36.0,640.3665833333334,-24.446616161616248
43097774,COLEGIO MARISTA NOSSA SENHORA DA CONCEICAO,4314100,3.0,5,Desafiante (2º-5º local),False,616.4608547008546,39.0,5.0,172.0,0.6842,Polígono,638.1454838709677,62.0,629.7722112211221,-21.684629170113112
29389992,ESCOLA MONTESSORI,2924009,1.0,3,Líder local,False,611.9763218390804,58.0,5.0,225.0,0.684,Polígono,629.9573134328358,67.0,621.6141333333333,-17.980991593755448
35141367,OBJETIVO COLEGIO UNIDADE ALPHAVILLE,3547304,2.0,6,Desafiante (2º-5º local),False,620.4066666666666,106.0,5.0,388.0,0.6838,Polígono,634.4156923076922,65.0,625.7317348927875,-14.009025641025573
23071141,COLEGIO SANTO INACIO,2304400,33.0,117,Outras posições,False,611.8533333333334,36.0,5.0,110.0,0.6835,Polígono,588.0741176470589,34.0,600.3034285714286,23.779215686274483
32078510,UP CENTRO EDUCACIONAL,3205309,12.0,18,Outras posições,False,633.9714373088685,109.0,4.0,391.0,0.6831,Polígono,620.6466666666666,102.0,627.5300789889416,13.324770642201884
41131657,ASSEIJ COLEGIO NOSSA SENHORA DO ROSARIO,4106902,19.0,69,Outras posições,False,620.2392248062016,86.0,5.0,287.0,0.6828,Polígono,625.6274774774774,74.0,622.7312916666667,-5.388252671275836
53018613,COL MARISTA AGUAS CLARAS,5300108,37.0,117,Outras posições,False,624.5919047619047,42.0,4.0,217.0,0.6824,Polígono,617.3334615384615,52.0,620.5765957446808,7.258443223443237
35186260,REDE DE ENSINO NOVO TEMPO,3548500,3.0,32,Desafiante (2º-5º local),False,633.6993333333334,30.0,4.0,132.0,0.6823,Polígono,654.7468421052632,38.0,645.4611764705883,-21.04750877192987
17056527,INTERACAO VOZES ATIVAS - CAPIM DOURADO,1721000,5.0,14,Desafiante (2º-5º local),False,645.6846666666667,60.0,1.0,378.0,0.6818,Polígono,672.693947368421,76.0,660.7780882352941,-27.009280701754392
35108698,STOCCO COLEGIO,3547809,5.0,36,Desafiante (2º-5º local),False,637.0138211382114,41.0,3.0,134.0,0.6813,Polígono,627.4882926829268,41.0,632.2510569105691,9.52552845528453
41031733,LONDRINENSE C - EI EF M PROFIS,4113700,9.0,24,Outras posições,False,620.0048677248677,126.0,5.0,432.0,0.6812,Polígono,640.4738317757009,107.0,629.4047782546495,-20.468964050833165
35101722,NOSSA SENHORA MENINA EXTERNATO,3550308,84.0,516,Outras posições,False,628.647962962963,36.0,4.0,130.0,0.6807,Polígono,614.9802666666667,25.0,623.0464480874317,13.667696296296299
15567770,CENTRO DE ESTUDOS JOHN KNOX,1501402,14.0,65,Outras posições,False,633.1165957446808,47.0,2.0,166.0,0.6807,Polígono,644.8716279069768,43.0,638.7328888888889,-11.755032162295947
35114030,PURISSIMO CORACAO DE MARIA COLEGIO,3543907,4.0,8,Desafiante (2º-5º local),False,619.9744615384615,65.0,5.0,250.0,0.6806,Polígono,625.744109589041,73.0,623.0265217391304,-5.769648050579576
33160031,SANTA MONICA REDE DE ENSINO - RECREIO DOS BANDEIRANTES,3304557,101.0,344,Outras posições,False,622.9838888888889,36.0,4.0,127.0,0.6803,Polígono,597.5094736842105,19.0,614.1836363636364,25.474415204678394
35122993,ARUA COLEGIO,3530607,5.0,24,Desafiante (2º-5º local),False,642.2174774774775,37.0,2.0,160.0,0.6803,Polígono,623.42875,32.0,633.5038647342994,18.788727477477437
35165578,SISTEMA EDUCACIONAL SOROCABA,3552205,4.0,27,Desafiante (2º-5º local),False,624.1854828660436,107.0,4.0,352.0,0.6797,Polígono,636.9105847953217,114.0,630.7495625942685,-12.72510192927814
52078485,COLEGIO APICE,5218805,4.0,7,Desafiante (2º-5º local),False,642.1192156862745,34.0,2.0,175.0,0.6797,Polígono,657.4941935483871,31.0,649.4518974358975,-15.374977862112587
52038149,INSTITUTO PRESBITERIANO DE EDUCACAO,5208707,24.0,68,Outras posições,False,623.7584397163121,47.0,5.0,164.0,0.6796,Polígono,617.109925925926,45.0,620.5064492753623,6.648513790386119
52091570,COLEGIO METROPOLITANO,5208707,25.0,68,Outras posições,False,636.8915,40.0,2.0,115.0,0.6794,Polígono,631.9225,24.0,635.0281249999999,4.968999999999937
25135430,CENTRO EDUCACIONAL META LTDA,2504009,7.0,20,Outras posições,False,633.1771428571428,14.0,4.0,102.0,0.6794,Polígono,,,633.1771428571428,
52091295,COLEGIO EXPOVEST,5208707,26.0,68,Outras posições,False,619.767288888889,75.0,5.0,224.0,0.6793,Polígono,626.073710691824,53.0,622.3785416666667,-6.306421802935006
41360044,COLEGIO MARISTA SAGRADO CORACAO DE JESUS EI EF M,4101804,2.0,5,Desafiante (2º-5º local),False,630.5234782608696,23.0,3.0,116.0,0.6783,Polígono,611.6791666666667,24.0,620.9008510638298,18.844311594202964
35010002,ESCOLA ESTACAO FINAL COC UNIDADE PLAZA,3549805,11.0,28,Outras posições,False,646.2023255813954,43.0,1.0,176.0,0.6779,Polígono,618.1565217391304,23.0,636.428787878788,28.045803842264945
52069052,COLEGIO ULBRA DE APLICACAO,5211503,3.0,5,Desafiante (2º-5º local),False,619.4255555555555,18.0,5.0,104.0,0.6779,Polígono,,,619.4255555555555,
35103697,NOSSA SENHORA DE SION COLEGIO,3550308,85.0,516,Outras posições,False,636.2866666666666,12.0,3.0,115.0,0.6778,Polígono,627.4251515151516,22.0,630.5527450980393,8.86151515151505
35164768,AJUDANDO A ESCOLHER O SEU CAMINHO COLEGIO AESC,3556206,3.0,6,Desafiante (2º-5º local),False,641.7149999999999,84.0,2.0,212.0,0.6774,Polígono,625.1391011235954,89.0,633.1875144508668,16.575898876404494
32065353,CE LINUS PAULING,3205002,2.0,8,Desafiante (2º-5º local),False,627.8806779661016,59.0,4.0,225.0,0.6773,Polígono,631.7869767441861,43.0,629.5274509803921,-3.9062987780844196
42000262,EDUCANDARIO IMACULADA CONCEICAO,4205407,13.0,30,Outras posições,False,619.2287804878049,41.0,5.0,169.0,0.6773,Polígono,641.4594736842105,38.0,629.9220253164557,-22.230693196405582
15180956,COLEGIO EQUIPE MARCO,1501402,15.0,65,Outras posições,False,634.9967375886525,47.0,3.0,220.0,0.6772,Polígono,,,634.9967375886525,
35103780,COLEGIO RENASCENCA JEWISH AND BILINGUAL,3550308,86.0,516,Outras posições,False,627.7757894736842,19.0,4.0,100.0,0.6769,Polígono,620.0944444444444,18.0,624.038918918919,7.681345029239765
41076290,COLEGIO EDUCACAO DINAMICA,4108304,3.0,12,Desafiante (2º-5º local),False,619.1652,50.0,5.0,222.0,0.6766,Polígono,633.1456910569107,41.0,625.4641025641026,-13.980491056910637
31346209,COLEGIO SOLIDO MEDIO,3143302,7.0,13,Outras posições,False,635.909534883721,43.0,3.0,187.0,0.6763,Polígono,650.092380952381,70.0,644.6953687315635,-14.182846068659956
43123651,COLEGIO ANTONIO ALVES RAMOS,4316907,6.0,12,Outras posições,False,614.8675675675676,37.0,5.0,120.0,0.6761,Polígono,613.082380952381,28.0,614.0985641025641,1.7851866151866034
29396174,ESCOLA NOSSA SENHORA DA LUZ,2927408,24.0,90,Outras posições,False,622.9288135593221,59.0,5.0,206.0,0.676,Polígono,605.0537037037037,72.0,613.1043256997456,17.875109855618348
35437153,OFICINA DO ESTUDANTE COLEGIO,3509502,14.0,47,Outras posições,False,627.4079824561403,228.0,4.0,666.0,0.6753,Polígono,643.2838697318007,174.0,634.2796351575455,-15.875887275660375
33082103,COLEGIO NOSSA SENHORA DO ROSARIO,3304557,102.0,344,Outras posições,False,637.1890625,64.0,2.0,241.0,0.675,Polígono,654.9954838709677,62.0,645.9509523809525,-17.80642137096777
35134259,CENTRO EDUCACIONAL OBJETIVO UNIDADE AQUARIUS,3549904,8.0,27,Outras posições,False,618.8133333333333,47.0,5.0,151.0,0.6749,Polígono,629.9582978723405,47.0,624.3858156028369,-11.14496453900722
35109198,SAGRADA FAMILIA INSTITUTO DE ENSINO,3548807,5.0,10,Desafiante (2º-5º local),False,640.0475,16.0,3.0,108.0,0.6748,Polígono,587.6072727272727,11.0,618.6829629629631,52.44022727272727
35103861,MACKENZIE COLEGIO PRESBITERIANO,3550308,87.0,516,Outras posições,False,635.549366786141,279.0,3.0,981.0,0.6744,Polígono,618.4715028248587,295.0,626.7724157955865,17.077863961282333
33421226,COLEGIO E CURSO PENSI,3304557,104.0,344,Outras posições,False,639.9460606060605,77.0,3.0,245.0,0.6741,Polígono,631.7958064516129,62.0,636.310695443645,8.15025415444768
52103161,COLEGIO INTEGRADO UNIDADE AREIAO,5208707,27.0,68,Outras posições,False,618.6409523809524,42.0,5.0,173.0,0.6741,Polígono,643.3368,25.0,627.8558208955225,-24.69584761904764
26094681,COLEGIO NOSSA SENHORA DA GRACA,2616407,2.0,7,Desafiante (2º-5º local),False,610.0380327868852,61.0,5.0,208.0,0.6738,Polígono,591.0600000000001,62.0,600.4718699186992,18.978032786885137
21195534,ESCOLA CRESCIMENTO,2111300,12.0,47,Outras posições,False,639.6149090909091,55.0,1.0,244.0,0.6735,Polígono,659.056936936937,74.0,650.7677002583979,-19.442027846027827
35109228,SINGULAR UNIDADE SAO CAETANO COLEGIO,3548807,6.0,10,Outras posições,False,635.2674074074074,63.0,3.0,201.0,0.6733,Polígono,638.7084615384615,52.0,636.8233623188405,-3.441054131054102
43092870,UNIDADE ENSINO FUNDACAO EVANGELICA,4313409,1.0,6,Líder local,False,614.4738738738739,37.0,5.0,179.0,0.6732,Polígono,646.9269230769231,26.0,627.8671957671959,-32.453049203049204
35583674,COLEGIO ANGLO CIDADE DE SALTO,3545209,2.0,5,Desafiante (2º-5º local),False,639.6604444444445,45.0,3.0,149.0,0.6728,Polígono,625.986875,32.0,633.9779220779221,13.67356944444441
41377001,ALFA REDE DE ENSINO,4104808,4.0,15,Desafiante (2º-5º local),False,640.9439365079364,105.0,2.0,379.0,0.6728,Polígono,640.8169871794871,104.0,640.8807655502392,0.12694932844931373
41128699,COL CURITIBANO ADVENTISTA BOM RETIRO - EIEFM,4106902,20.0,69,Outras posições,False,618.2296666666666,60.0,5.0,257.0,0.6717,Polígono,620.4564444444444,60.0,619.3430555555555,-2.2267777777777837
15147002,CENTRO DE APRENDIZAGEM CRESCER,1502400,1.0,11,Líder local,False,614.2117283950618,54.0,5.0,230.0,0.6716,Polígono,619.5125,32.0,616.1841085271318,-5.300771604938291
52094502,COLEGIO VERATZ - INSTITUTO DE EDUCACAO ABV LTDA,5205109,2.0,8,Desafiante (2º-5º local),False,640.5665384615385,26.0,2.0,124.0,0.6714,Polígono,691.4137142857143,35.0,669.7411475409835,-50.84717582417579
33193118,COLEGIO E CURSO PENSI,3304557,106.0,344,Outras posições,False,621.8733333333333,42.0,4.0,117.0,0.6712,Polígono,632.9264285714286,28.0,626.2945714285713,-11.053095238095239
21092680,COLEGIO SANTA LUZIA,2105302,4.0,11,Desafiante (2º-5º local),False,618.1155555555555,63.0,5.0,212.0,0.6707,Polígono,624.81125,64.0,621.4897637795275,-6.695694444444484
35463085,DIALOGO ESCOLA DE ENSINO MEDIO,3503208,3.0,13,Desafiante (2º-5º local),False,644.0164285714285,28.0,1.0,121.0,0.6704,Polígono,676.3285714285714,28.0,660.1725,-32.31214285714293
43112803,COLEGIO MARISTA SAO FRANCISCO - ED INF ENS FUND E MEDIO,4315602,2.0,7,Desafiante (2º-5º local),False,621.6237931034483,58.0,4.0,190.0,0.6701,Polígono,629.58765625,64.0,625.8015573770492,-7.9638631465517165
28017773,COL AMERICANO BATISTA,2800308,12.0,43,Outras posições,False,634.6721739130435,46.0,3.0,162.0,0.6698,Polígono,627.024375,32.0,631.5346153846153,7.647798913043516
29034981,COLEGIO SETE DE SETEMBRO,2924009,2.0,3,Desafiante (2º-5º local),False,614.0368181818181,66.0,5.0,259.0,0.6697,Polígono,594.3313675213675,78.0,603.3630324074074,19.70545066045065
35117389,RUI BARBOSA ENSINO MEDIO COLEGIO,3504008,1.0,6,Líder local,False,634.6657142857142,35.0,3.0,146.0,0.6697,Polígono,615.096875,32.0,625.3194029850746,19.56883928571426
35007828,COC VILA YARA UNIDADE II,3534401,3.0,31,Desafiante (2º-5º local),False,639.1777358490566,53.0,2.0,183.0,0.6696,Polígono,649.0956962025316,79.0,645.1134848484849,-9.917960353474996
22023810,ESCOLA DE EDUCACAO BASICA E PROFISSIONAL EMBAIXADOR ESPEDITO DE FREITAS RESENDE,2211001,22.0,52,Outras posições,False,620.6156962025317,79.0,4.0,256.0,0.6695,Polígono,594.7527272727273,77.0,607.85,25.862968929804424
42084695,COLEGIO LEME LTDA,4204608,4.0,11,Desafiante (2º-5º local),False,630.4856375838926,149.0,4.0,429.0,0.6694,Polígono,634.7677619047619,140.0,632.5600230680508,-4.2821243208692295
28020065,COLEGIO SAO PAULO,2800308,13.0,43,Outras posições,False,625.8866666666667,44.0,4.0,145.0,0.6694,Polígono,632.9831666666666,40.0,629.2659523809523,-7.096499999999992
43167772,COLEGIO MARISTA NOSSA SENHORA DAS GRACAS,4323002,1.0,6,Líder local,False,613.9002424242425,55.0,5.0,192.0,0.6691,Polígono,603.9788148148148,45.0,609.4356,9.921427609427724
33015546,COLEGIO CASTELO-INSTITUTO NOSSA SENHORA DA GLORIA,3302403,4.0,11,Desafiante (2º-5º local),False,617.4352941176471,51.0,5.0,198.0,0.6682,Polígono,612.8507482993198,49.0,615.1888666666667,4.584545818327342
42160715,COLEGIO ADVENTISTA PALHOCA,4211900,3.0,9,Desafiante (2º-5º local),False,620.8916923076923,65.0,5.0,278.0,0.6678,Polígono,628.8911538461539,52.0,624.4470085470085,-7.99946153846156
29478430,COLEGIO NILSON DE SOUZA PEREIRA,2927408,25.0,90,Outras posições,False,620.3216666666667,36.0,4.0,135.0,0.6677,Polígono,641.5076923076923,26.0,629.206129032258,-21.186025641025594
33113114,SANTA MONICA REDE DE ENSINO - CAMPO GRANDE,3304557,108.0,344,Outras posições,False,621.0964912280701,19.0,4.0,166.0,0.6677,Polígono,620.99875,16.0,621.0518095238094,0.09774122807016283
31373990,COL CHROMOS BURITIS,3106200,68.0,110,Outras posições,False,634.1472222222222,36.0,3.0,200.0,0.6676,Polígono,615.557380952381,28.0,626.0141666666666,18.58984126984126
35143200,OBJETIVO CENTRO INTERESCOLAR UNIDADE CANTAREIRA,3550308,88.0,516,Outras posições,False,617.1741904761906,70.0,5.0,310.0,0.6674,Polígono,642.7707788161994,107.0,632.647834274953,-25.596588340008793
21092842,ESCOLA ARTE DE EDUCAR E CEB,2105302,5.0,11,Desafiante (2º-5º local),False,621.0531818181818,44.0,4.0,129.0,0.6674,Polígono,592.6899999999999,34.0,608.6897435897436,28.36318181818183
32076169,UP CENTRO EDUCACIONAL,3205200,7.0,23,Outras posições,False,620.8458609794629,211.0,5.0,681.0,0.6672,Polígono,628.3184971098266,173.0,624.2124392361111,-7.4726361303636395
33009694,COLEGIO EUCARISTICO,3301009,6.0,16,Outras posições,False,617.1583333333334,28.0,5.0,145.0,0.6672,Polígono,629.5052631578948,38.0,624.2671717171717,-12.346929824561357
41024613,REGINA MUNDI COLEGIO EDUCACAO INFANTIL ENSINO FUNDAMENTAL E MEDIO,4115200,3.0,21,Desafiante (2º-5º local),False,612.3165765765766,37.0,5.0,176.0,0.6671,Polígono,622.101935483871,31.0,616.7775490196079,-9.78535890729438
43219438,FLEMING EDUCACAO SANTA MARIA,4316907,7.0,12,Outras posições,False,648.3271875,64.0,1.0,165.0,0.6669,Polígono,644.8493333333333,35.0,647.0976430976432,3.4778541666667024
53007190,COL LA SALLE,5300108,40.0,117,Outras posições,False,616.924347826087,46.0,5.0,174.0,0.6664,Polígono,608.4968253968254,63.0,612.0533944954129,8.427522429261558
51039036,COLEGIO CORACAO DE JESUS,5103403,9.0,27,Outras posições,False,620.8855319148936,47.0,4.0,192.0,0.6661,Polígono,622.1509803921568,51.0,621.5440816326529,-1.2654484772632486
25125672,COLEGIO ALICE COUTINHO LTDA,2504009,8.0,20,Outras posições,False,616.8614814814814,54.0,5.0,182.0,0.6658,Polígono,631.3389743589744,39.0,622.932688172043,-14.477492877492978
35288378,FERREIRA MASTER COLEGIO,3552502,2.0,11,Desafiante (2º-5º local),False,643.1102564102564,39.0,1.0,158.0,0.6655,Polígono,624.670909090909,44.0,633.3351807228914,18.43934731934735
41144490,INTERACAO CEI EF M,4115200,4.0,21,Desafiante (2º-5º local),False,619.9766666666667,36.0,4.0,198.0,0.6652,Polígono,598.3110256410256,26.0,610.8910752688172,21.665641025641094
25097326,COLEGIO OLIMPO JOAO PESSOA,2507507,18.0,55,Outras posições,False,616.6605442176871,49.0,5.0,149.0,0.6651,Polígono,652.3233333333334,30.0,630.2033755274261,-35.66278911564632
35006291,COLEGIO DARWIN CENTRAL SCHOOL,3548708,9.0,33,Outras posições,False,629.131,60.0,4.0,212.0,0.664,Polígono,609.8950980392157,68.0,618.9119270833334,19.235901960784304
35101904,SANTO ANTONIO DE LISBOA COLEGIO,3550308,89.0,516,Outras posições,False,612.7337142857143,35.0,5.0,122.0,0.664,Polígono,609.8404301075269,31.0,611.3747474747476,2.8932841781874004
42068690,COLEGIO SALESIANO ITAJAI,4208203,3.0,10,Desafiante (2º-5º local),False,616.3339743589744,52.0,5.0,241.0,0.6634,Polígono,617.5344262295082,61.0,616.9820058997051,-1.2004518705338114
35101175,SANTA CATARINA COLEGIO,3550308,90.0,516,Outras posições,False,633.1702941176471,68.0,3.0,277.0,0.663,Polígono,630.4178666666667,75.0,631.7267132867132,2.7524274509804627
43038387,COLEGIO ESPIRITO SANTO,4304606,5.0,10,Desafiante (2º-5º local),False,612.4876595744681,47.0,5.0,200.0,0.663,Polígono,620.3209356725147,57.0,616.7808974358975,-7.833276098046554
43105130,COLEGIO MARISTA SAO PEDRO,4314902,33.0,61,Outras posições,False,612.4021276595745,47.0,5.0,169.0,0.6629,Polígono,607.3860416666666,32.0,610.3702953586497,5.016085992907847
32081502,EEFM AZEREDO BOTELHO,3201209,2.0,6,Desafiante (2º-5º local),False,616.1480341880342,39.0,5.0,145.0,0.6626,Polígono,615.6304761904762,35.0,615.9032432432432,0.5175579975580149
25206800,ANA VIRGINIA SARAIVA DO NASCIMENTO,2504009,9.0,20,Outras posições,False,624.548064516129,62.0,4.0,208.0,0.6625,Polígono,649.7540350877193,57.0,636.621512605042,-25.205970571590342
29182581,LICEU SALESIANO DO SALVADOR,2927408,26.0,90,Outras posições,False,616.1215040650407,164.0,5.0,464.0,0.6623,Polígono,627.4833928571428,112.0,620.7321256038647,-11.36188879210215
26193450,COLEGIO SANTA EMILIA,2607901,4.0,22,Desafiante (2º-5º local),False,606.539024390244,41.0,5.0,164.0,0.6623,Polígono,635.0466666666667,30.0,618.5845070422536,-28.507642276422757
31371750,COLEGIO HG6,3143302,8.0,13,Outras posições,False,637.1359829059829,78.0,3.0,260.0,0.6622,Polígono,647.7493470790378,97.0,643.0188190476191,-10.613364173054833
35108972,RIO BRANCO EXTERNATO,3548708,10.0,33,Outras posições,False,638.7847368421053,38.0,2.0,148.0,0.662,Polígono,635.6482170542636,43.0,637.119670781893,3.136519787841735
50024701,COLEGIO HERMESINDO ALONSO GONZALEZ,5008305,2.0,6,Desafiante (2º-5º local),False,624.4966666666667,21.0,4.0,120.0,0.6619,Polígono,644.6862068965518,29.0,636.2066,-20.189540229885097
35441259,SERTAOZINHO SABER INSTITUTO EDUCACIONAL,3551702,1.0,6,Líder local,False,638.6800000000001,31.0,2.0,131.0,0.6617,Polígono,615.6752631578947,38.0,626.0107246376813,23.00473684210533
41141008,COLEGIO BOM JESUS NOSSA SENHORA DO ROSARIO ED INF ENS FUND E MEDIO,4118204,1.0,9,Líder local,False,627.9191666666667,24.0,3.0,126.0,0.6616,Polígono,610.0944,25.0,618.8248979591837,17.824766666666733
29149894,COLEGIO SANTISSIMO SACRAMENTO,2900702,3.0,7,Desafiante (2º-5º local),False,615.7673239436621,71.0,5.0,215.0,0.6612,Polígono,623.9435185185185,36.0,618.5181931464175,-8.176194574856481
41131630,COLEGIO NOSSA SENHORA DE SION - EDUCACAO INFANTIL ENSINO FUNDAMENTAL E MEDIO,4106902,22.0,69,Outras posições,False,612.2382352941177,34.0,5.0,116.0,0.6611,Polígono,634.1017142857144,35.0,623.3284057971015,-21.863478991596708
32039395,ESCOLA DE EDUCACACAO BASICA E PROFISSIONAL DOUTOR RONALDO YOUNG CARNEIRO DA ROCHA,3205200,8.0,23,Outras posições,False,619.1091397849463,62.0,4.0,220.0,0.6607,Polígono,606.5189285714285,56.0,613.1341242937852,12.590211213517705
31365920,COLEGIO BIOMAXIMO - UNIDADE II,3143302,9.0,13,Outras posições,False,636.5778095238095,140.0,3.0,473.0,0.6604,Polígono,633.4594343434344,165.0,634.8908196721312,3.1183751803750965
35153989,ANGLO MORUMBI COLEGIO,3550308,92.0,516,Outras posições,False,628.4259574468085,94.0,4.0,312.0,0.6603,Polígono,598.1702150537634,62.0,616.4012393162393,30.255742393045125
35111089,INSTITUTO SAO JOSE,3549904,9.0,27,Outras posições,False,615.4237333333333,75.0,5.0,291.0,0.6594,Polígono,640.6767901234568,81.0,628.5358974358975,-25.253056790123537
13026585,COL DOM BOSCO,1302603,11.0,49,Outras posições,False,612.028,30.0,5.0,126.0,0.6594,Polígono,628.1438095238095,21.0,618.6639215686274,-16.115809523809503
32021828,COLEGIO CRISTO REI,3203205,2.0,4,Desafiante (2º-5º local),False,619.6028070175439,57.0,5.0,269.0,0.6592,Polígono,632.5530188679245,53.0,625.8424545454545,-12.950211850380583
33029482,COLEGIO NOSSA SENHORA DO AMPARO,3300407,2.0,4,Desafiante (2º-5º local),False,615.305172413793,58.0,5.0,206.0,0.6591,Polígono,631.8367346938776,49.0,622.8757009345794,-16.531562280084586
52094367,COLEGIO 2006 LTDA,5205109,3.0,8,Desafiante (2º-5º local),False,623.9741176470588,51.0,4.0,242.0,0.659,Polígono,636.8915789473684,57.0,630.7916666666666,-12.917461300309583
35290981,CRISTAO DE JUNDIAI COLEGIO,3525904,10.0,31,Outras posições,False,636.2394871794871,39.0,1.0,139.0,0.6588,Polígono,658.2567375886524,47.0,648.2721705426356,-22.017250409165285
35432994,DOMUS SAPIENS COLEGIO UNIDADE II,3525904,11.0,31,Outras posições,False,615.2446666666667,30.0,5.0,106.0,0.6586,Polígono,616.3107692307692,13.0,615.566976744186,-1.0661025641024935
41371755,COL CATOLICA DE CURITIBA ED INF ENS FUND MEDIO,4106902,23.0,69,Outras posições,False,615.2272222222223,36.0,5.0,107.0,0.6583,Polígono,606.9871111111112,15.0,612.803660130719,8.240111111111105
35107487,HUMBOLDT COLEGIO,3550308,94.0,516,Outras posições,False,631.8192857142857,28.0,3.0,177.0,0.6583,Polígono,637.7133333333333,27.0,634.7127272727272,-5.894047619047569
24056278,PH3 CENTRO EDUCACIONAL,2403251,5.0,13,Desafiante (2º-5º local),False,619.3206896551724,29.0,5.0,131.0,0.6583,Polígono,582.5577777777778,33.0,599.7533333333333,36.76291187739457
31005134,COLEGIO SAO PAULO,3106200,73.0,110,Outras posições,False,610.6386666666666,15.0,5.0,100.0,0.6582,Polígono,624.9987096774194,31.0,620.3160869565218,-14.360043010752747
22144188,COLEGIO EQUACAO CERTA,2211001,23.0,52,Outras posições,False,632.1450000000001,28.0,2.0,112.0,0.6579,Polígono,643.034927536232,69.0,639.8914432989691,-10.88992753623188
50007912,COLEGIO PROF LOURIVAL MARTINS FAGUNDES,5002704,12.0,31,Outras posições,False,623.458125,32.0,4.0,161.0,0.6568,Polígono,622.463,40.0,622.9052777777777,0.99512500000003
23274719,COLEGIO CIVICO MILITAR BATALHA DO RIACHUELO,2304400,35.0,117,Outras posições,False,618.3325,16.0,4.0,100.0,0.6567,Polígono,601.2736111111111,24.0,608.0971666666667,17.058888888888873
35112094,DOM BOSCO COLEGIO SALESIANO,3501608,5.0,10,Desafiante (2º-5º local),False,614.8651351351352,74.0,5.0,257.0,0.6564,Polígono,607.2753921568628,68.0,611.2306103286386,7.5897429782723975
25133748,ISO COLEGIO E CURSOS - UNIDADE SUL,2507507,19.0,55,Outras posições,False,641.4125900900901,148.0,2.0,477.0,0.6564,Polígono,647.6734306569342,137.0,644.4221871345028,-6.260840566844081
35118114,BATISTA BRASILEIRO UNIDADE DE BAURU COLEGIO,3506003,5.0,20,Desafiante (2º-5º local),False,623.1546153846155,26.0,4.0,119.0,0.656,Polígono,627.7590476190477,42.0,625.9985294117648,-4.604432234432238
23245980,COLEGIO ANTARES ATS,2304400,36.0,117,Outras posições,False,614.2004878048781,41.0,4.0,214.0,0.6559,Polígono,630.1271186440678,59.0,623.5972,-15.92663083918967
52034585,COLEGIO ADVENTISTA SETOR PEDRO LUDOVICO,5208707,28.0,68,Outras posições,False,625.4624242424242,33.0,3.0,159.0,0.6559,Polígono,598.1754166666667,32.0,612.0288205128205,27.287007575757457
15037622,CENTRO DE SERVICOS EDUCACIONAIS DO PARA,1501402,16.0,65,Outras posições,False,611.1456910569106,41.0,5.0,114.0,0.6554,Polígono,627.4723076923077,13.0,615.0761728395062,-16.32661663539716
33041563,INST PETROPOLITANO ADVENTISTA DE ENSINO,3303906,9.0,19,Outras posições,False,614.6969230769231,39.0,5.0,171.0,0.6553,Polígono,582.3933333333333,38.0,598.7548917748917,32.30358974358978
35112008,COLEGIO SANTA ESCOLASTICA,3552205,6.0,27,Outras posições,False,635.5942857142857,28.0,3.0,105.0,0.6553,Polígono,642.3373333333333,30.0,639.0820689655171,-6.743047619047616
33146675,COLEGIO CENTRAL,3302205,1.0,3,Líder local,False,622.9610810810811,37.0,4.0,177.0,0.6552,Polígono,638.6968253968254,42.0,631.3269198312237,-15.735744315744228
33203431,COLEGIO E CURSO AZ - RECREIO,3304557,113.0,344,Outras posições,False,635.107088607595,79.0,1.0,191.0,0.6544,Polígono,,,635.107088607595,
42127831,CEI E ENSINO FUNDAMENTAL E MEDIO CORACAO FELIZ LTDA EPP,4218707,3.0,6,Desafiante (2º-5º local),False,618.8655172413793,29.0,4.0,117.0,0.6542,Polígono,,,618.8655172413793,
35111958,SAO JOSE COLEGIO SALESIANO,3552205,7.0,27,Outras posições,False,614.5254285714285,70.0,5.0,254.0,0.6538,Polígono,627.0569523809523,70.0,620.7911904761904,-12.531523809523833
33178992,COLEGIO NOS UND PECHINCHA LTDA,3304557,114.0,344,Outras posições,False,635.5750617283951,81.0,2.0,291.0,0.6536,Polígono,623.7071698113208,53.0,630.8810447761194,11.867891917074303
33138532,INST EDUC PROF ALAOR,3303906,10.0,19,Outras posições,False,640.9387037037037,36.0,2.0,120.0,0.6532,Polígono,651.8172413793104,29.0,645.7922051282051,-10.878537675606708
41150996,INTEGRAL CEM,4115200,5.0,21,Desafiante (2º-5º local),False,636.5617708333333,192.0,2.0,673.0,0.6531,Polígono,629.8527503736921,223.0,632.9566827309236,6.709020459641238
15045455,COLEGIO SAO JOSE,1502400,2.0,11,Desafiante (2º-5º local),False,635.0416666666666,36.0,3.0,157.0,0.6529,Polígono,609.845,36.0,622.4433333333333,25.1966666666666
31128023,ESCOLA PROFISSIONAL DOM BOSCO,3151800,5.0,7,Desafiante (2º-5º local),False,614.1751937984496,43.0,5.0,155.0,0.6516,Polígono,619.1828888888889,30.0,616.2331506849316,-5.007695090439256
31310191,CENTRO EDUCACIONAL POCOS,3151800,6.0,7,Outras posições,False,621.8670476190476,35.0,4.0,161.0,0.6515,Polígono,631.9128888888889,45.0,627.5178333333333,-10.045841269841276
52212386,COLEGIO EXPRESSAO,5201405,3.0,17,Desafiante (2º-5º local),False,640.2571186440678,118.0,1.0,457.0,0.6514,Polígono,633.5671186440678,118.0,636.9121186440678,6.689999999999941
35006706,COLEGIO OFICINA DO ESTUDANTE UNIDADE BARAO GERALDO,3509502,15.0,47,Outras posições,False,640.5042307692308,52.0,2.0,158.0,0.6513,Polígono,638.2283720930233,43.0,639.4741052631579,2.2758586762075765
25097784,INSTITUTO EDUCACIONAL PARAIBANO LTDA ME,2507507,20.0,55,Outras posições,False,630.111320754717,53.0,3.0,189.0,0.6513,Polígono,636.80625,48.0,633.2930693069306,-6.694929245282992
27223361,ESCOLA DE EDUCACAO BASICA PADRAO,2704302,8.0,63,Outras posições,False,621.6538461538462,26.0,4.0,102.0,0.6511,Polígono,569.012,25.0,595.8490196078432,52.641846153846245
43105734,COL SANTA DOROTEIA,4314902,34.0,61,Outras posições,False,610.4137083333333,80.0,5.0,271.0,0.6506,Polígono,603.1132352941177,68.0,607.0594369369369,7.300473039215603
23272015,DAULIA BRINGEL COLEGIO,2304400,37.0,117,Outras posições,False,609.2302645502646,63.0,5.0,249.0,0.6502,Polígono,609.7517647058824,68.0,609.5009669211197,-0.5215001556177867
35131829,UNIVERSITAS ENSINO MEDIO COLEGIO,3548500,5.0,32,Desafiante (2º-5º local),False,625.8980952380953,63.0,4.0,276.0,0.6501,Polígono,640.6034666666667,100.0,634.9197955010225,-14.705371428571425
29301513,COLEGIO SAO JORGE DOS ILHEUS,2913606,2.0,7,Desafiante (2º-5º local),False,629.6815458937198,69.0,3.0,259.0,0.6497,Polígono,653.41825,80.0,642.4260850111857,-23.736704106280172
35106636,COLEGIO DR WALTER BELIAN,3550308,96.0,516,Outras posições,False,624.2660240963855,83.0,3.0,275.0,0.6496,Polígono,619.9718518518519,72.0,622.2713118279571,4.294172244533684
29432359,SOCIEDADE CULTURAL E EDUC MIMOSO DO OESTE SC LTDA,2919553,2.0,5,Desafiante (2º-5º local),False,613.8888135593221,59.0,5.0,166.0,0.6494,Polígono,596.5251851851851,36.0,607.3089122807017,17.363628374136965
23078251,UNIVERSO COLEGIO,2304400,38.0,117,Outras posições,False,616.6312195121951,41.0,4.0,138.0,0.6494,Polígono,613.8139130434782,46.0,615.1416091954023,2.817306468716879
43107575,COLEGIO JOAO XXIII,4314902,35.0,61,Outras posições,False,610.0903125,64.0,5.0,181.0,0.649,Polígono,628.8090196078431,51.0,618.391652173913,-18.7187071078431
31323942,ASSOCIACAO EDUCACIONAL JOHANN KEPLER,3170206,12.0,21,Outras posições,False,613.8364102564102,26.0,5.0,156.0,0.6487,Polígono,649.0968,50.0,637.0340350877193,-35.260389743589826
35450868,OBJETIVO SENIOR DE MOGI DAS CRUZES COLEGIO,3530607,7.0,24,Outras posições,False,639.4849122807018,38.0,1.0,139.0,0.6482,Polígono,640.01,46.0,639.7724603174603,-0.5250877192981989
26053861,COLEGIO SAGRADO CORACAO,2604106,3.0,13,Desafiante (2º-5º local),False,609.9235497835498,77.0,5.0,237.0,0.6482,Polígono,630.085,64.0,619.0748463356974,-20.16145021645025
35159141,ITAPETININGA SISTEMA EDUCACIONAL DE ENSINO DE,3522307,1.0,10,Líder local,False,634.1411428571428,35.0,3.0,111.0,0.648,Polígono,643.8689655172413,29.0,638.5490625,-9.727822660098582
42152054,COLEGIO DO CAMPECHE,4205407,14.0,30,Outras posições,False,625.6490322580645,31.0,4.0,152.0,0.648,Polígono,630.1378666666667,25.0,627.6529761904761,-4.488834408602202
26121484,COLEGIO SALESIANO SAGRADO CORACAO,2611606,28.0,76,Outras posições,False,609.8295238095238,63.0,5.0,196.0,0.6479,Polígono,624.3610714285714,56.0,616.667899159664,-14.531547619047615
51057891,MASTER KHALIL,5107602,3.0,7,Desafiante (2º-5º local),False,617.6481818181818,44.0,4.0,157.0,0.6478,Polígono,609.1020125786164,53.0,612.9786254295533,8.546169239565415
15118932,ESCOLA DE EDUCACAO BASICA E PROFISSIONAL FUNDACAO BRADESCO,1505502,2.0,4,Desafiante (2º-5º local),False,612.5086111111111,72.0,4.0,226.0,0.6476,Polígono,620.2140845070422,71.0,616.3344055944057,-7.705473395931108
51069849,COLEGIO MARISTA SANTO ANTONIO,5107909,3.0,7,Desafiante (2º-5º local),False,620.9885714285714,21.0,4.0,117.0,0.6475,Polígono,601.62,26.0,610.2740425531914,19.368571428571386
15581276,COLEGIO GENTIL BITTENCOURT,1501402,17.0,65,Outras posições,False,612.3977272727273,44.0,4.0,194.0,0.6471,Polígono,600.0362264150943,53.0,605.6435051546391,12.361500857632905
15168654,ESCOLA TECNICA VALE DOS CARAJAS,1505536,2.0,4,Desafiante (2º-5º local),False,609.6705263157895,38.0,5.0,154.0,0.6471,Polígono,587.8187387387387,37.0,598.890311111111,21.8517875770508
35160600,COLEGIO ARACA,3502804,4.0,13,Desafiante (2º-5º local),False,620.898064516129,31.0,4.0,121.0,0.6469,Polígono,632.1466666666668,30.0,626.4301639344263,-11.24860215053775
31257397,COL CHROMOS SERRANO,3106200,76.0,110,Outras posições,False,623.601884057971,46.0,3.0,389.0,0.6466,Polígono,644.8566153846153,65.0,636.0483483483483,-21.254731326644333
21279810,COLEGIO O BOM PASTOR,2111300,13.0,47,Outras posições,False,615.7425974025974,77.0,4.0,232.0,0.6454,Polígono,613.9455,80.0,614.8268789808918,1.7970974025973874
31196177,COLEGIO NOSSA SENHORA DE NAZARE,3118304,4.0,4,Desafiante (2º-5º local),False,624.9048275862068,29.0,4.0,117.0,0.6448,Polígono,643.1833333333334,12.0,630.2546341463415,-18.278505747126587
35388117,SAO LUIS COLEGIO UNIDADE II,3550308,98.0,516,Outras posições,False,608.2014197530864,108.0,5.0,366.0,0.6447,Polígono,613.7384722222222,96.0,610.8070915032679,-5.537052469135801
35101886,ESPIRITO SANTO COLEGIO,3550308,98.0,516,Outras posições,False,613.0036111111111,48.0,5.0,178.0,0.6447,Polígono,643.6582608695652,46.0,628.0048226950354,-30.65464975845407
41024303,COLEGIO MARISTA DE MARINGA EI EF EM,4115200,6.0,21,Outras posições,False,608.1933333333334,34.0,5.0,200.0,0.6445,Polígono,631.676129032258,31.0,619.3928205128205,-23.482795698924633
33156026,COLEGIO QI,3304557,118.0,344,Outras posições,False,628.7895035460992,47.0,2.0,137.0,0.6444,Polígono,648.9805847953216,57.0,639.8557692307693,-20.191081249222407
35429089,SINGULAR COLEGIO TECNICO,3547809,6.0,36,Outras posições,False,620.4968253968253,105.0,4.0,293.0,0.6439,Polígono,617.379,80.0,619.1485765765766,3.1178253968253102
52093069,COLEGIO UNO SALES,5208707,30.0,68,Outras posições,False,628.3208695652174,23.0,3.0,101.0,0.6437,Polígono,583.1743209876544,27.0,603.9417333333334,45.14654857756307
43162290,COLEGIO MARISTA SANT ANA,4322400,1.0,2,Sem comparação local (poucas escolas na cidade),False,609.0525423728814,59.0,5.0,192.0,0.6437,Polígono,617.6985714285714,42.0,612.6479207920793,-8.646029055690065
35144125,CARLOS DRUMOND DE ANDRADE COLEGIO,3513801,3.0,14,Desafiante (2º-5º local),False,638.2928735632183,29.0,1.0,100.0,0.6436,Polígono,623.9780952380953,21.0,632.2806666666667,14.31477832512303
35103248,CLARETIANO COLEGIO,3550308,100.0,516,Outras posições,False,620.4493023255814,43.0,4.0,136.0,0.6436,Polígono,643.2416216216217,37.0,630.99075,-22.79231929604032
35581021,COLEGIO KELVIN SISTEMA DE ENSINO CATANDUVA,3511102,4.0,9,Desafiante (2º-5º local),False,644.0232258064517,31.0,0.0,122.0,0.6433,Polígono,676.8061538461538,26.0,658.9768421052631,-32.78292803970214
35150885,VERA CRUZ ESCOLA UNIDADE III,3550308,101.0,516,Outras posições,False,620.2582882882883,74.0,4.0,298.0,0.6424,Polígono,651.7417171717171,66.0,635.1004761904762,-31.483428883428815
26180200,CFI-COLEGIO DE FORMACAO INTEGRAL,2611606,29.0,76,Outras posições,False,623.6999999999999,29.0,3.0,128.0,0.6419,Polígono,666.958947368421,38.0,648.2349253731343,-43.258947368421104
35808246,AQUARIUS UNIVAP COLEGIO,3549904,10.0,27,Outras posições,False,634.2282666666667,75.0,2.0,306.0,0.6416,Polígono,634.0175675675677,74.0,634.123624161074,0.21069909909908802
26105810,NUCLEO EDUCACIONAL MACHADO DE ASSIS,2606804,1.0,2,Sem comparação local (poucas escolas na cidade),False,611.3694736842106,38.0,4.0,131.0,0.6412,Polígono,601.365,32.0,606.796,10.004473684210552
51058219,COLEGIO REGINA PACIS,5107909,4.0,7,Desafiante (2º-5º local),False,620.059696969697,66.0,4.0,239.0,0.641,Polígono,613.3930769230769,78.0,616.4486111111112,6.666620046620096
29328560,INSTITUTO FRANCISCO DE ASSIS,2931350,2.0,4,Desafiante (2º-5º local),False,603.7524324324324,37.0,5.0,153.0,0.6409,Polígono,689.4594444444444,36.0,646.0189041095891,-85.707012012012
35802244,PESSOA COLEGIO,3516200,6.0,14,Outras posições,False,638.0515,40.0,2.0,190.0,0.6405,Polígono,633.7763333333334,60.0,635.4864,4.275166666666678
35164926,SAMARITANO INSTITUTO DE ENSINO,3516200,6.0,14,Outras posições,False,614.8585365853659,41.0,4.0,172.0,0.6405,Polígono,607.4835294117647,51.0,610.7702173913043,7.375007173601148
29436168,COLEGIO ENIGMA,2903201,4.0,6,Desafiante (2º-5º local),False,633.885,28.0,2.0,115.0,0.6402,Polígono,688.7561904761906,21.0,657.4012244897959,-54.87119047619058
28032250,COLEGIO O SABER,2802908,4.0,6,Desafiante (2º-5º local),False,627.4452380952381,42.0,3.0,145.0,0.6397,Polígono,660.9509677419354,31.0,641.673698630137,-33.50572964669732
29181640,COLEGIO SAO JOSE,2927408,28.0,90,Outras posições,False,608.2420000000001,70.0,5.0,192.0,0.6396,Polígono,621.9031428571428,70.0,615.0725714285715,-13.66114285714275
26137968,COLEGIO E CURSO LUPAT LTDA,2609600,2.0,13,Desafiante (2º-5º local),False,611.0364444444444,30.0,4.0,116.0,0.6391,Polígono,595.3131707317074,41.0,601.9568075117371,15.723273712737068
35131970,FUNDAMENTUM COLEGIO,3556206,4.0,6,Desafiante (2º-5º local),False,628.8446808510638,47.0,2.0,180.0,0.6391,Polígono,644.0986206896551,29.0,634.6652631578947,-15.25393983859135
35111235,ESCOLA DE EDUCACAO INFANTIL ENSINO FUNDAMENTAL E ENSINO MEDIO SAO LUIS LTDA EPP,3554102,8.0,15,Outras posições,False,633.605294117647,34.0,2.0,126.0,0.6389,Polígono,623.0408510638298,47.0,627.4753086419753,10.564443053817172
33206007,CENTRO EDUCACIONAL IMPERIAL,3302502,1.0,5,Líder local,False,623.6891304347827,46.0,4.0,142.0,0.6385,Polígono,628.0628070175438,38.0,625.6676984126984,-4.3736765827611634
42110980,ESCOLA DA ILHA,4205407,16.0,30,Outras posições,False,622.8145454545455,44.0,3.0,138.0,0.6384,Polígono,630.7409090909091,44.0,626.7777272727272,-7.92636363636359
35109460,ASSIS CHATEAUBRIAND EMB EEFMEPJA,3534401,5.0,31,Desafiante (2º-5º local),False,607.0161545372866,371.0,5.0,1278.0,0.6384,Polígono,603.9141713747646,354.0,605.5015310344827,3.1019831625220604
35130254,CENTRO INTERESCOLAR OBJETIVO UNIDADE LUIS GOES,3550308,104.0,516,Outras posições,False,633.4427118644069,59.0,2.0,194.0,0.6381,Polígono,643.9417777777778,45.0,637.9855769230769,-10.499065913370941
35802281,BELA ALVORADA COLEGIO,3557006,1.0,5,Líder local,False,619.5533333333333,31.0,4.0,114.0,0.638,Polígono,599.0242424242424,33.0,608.9680208333333,20.529090909090883
15165833,SISTEMA EDUCACIONAL UNIVERSO POSITIVO,1500800,3.0,22,Desafiante (2º-5º local),False,615.2964285714286,28.0,4.0,100.0,0.6379,Polígono,609.1521739130435,23.0,612.5254901960784,6.14425465838508
15037614,COLEGIO ALFA,1501402,19.0,65,Outras posições,False,619.4727659574469,47.0,4.0,122.0,0.6377,Polígono,630.7305555555555,36.0,624.3556626506024,-11.257789598108616
33033811,ESCOLA TECNICA PANDIA CALOGERAS,3306305,9.0,12,Outras posições,False,614.3827027027027,37.0,4.0,139.0,0.6376,Polígono,622.7935,40.0,618.7519480519479,-8.410797297297336
29451876,CENTRO EDUCACIONAL MARIA CARDOSO FERREIRA,2919553,3.0,5,Desafiante (2º-5º local),False,611.1827956989248,31.0,5.0,115.0,0.6363,Polígono,600.6483333333333,20.0,607.0516339869281,10.53446236559148
51064677,COLEGIO ISAAC NEWTON - CIN INTEGRAL ITA MEDICINA,5103403,11.0,27,Outras posições,False,632.2013095238095,56.0,1.0,167.0,0.6361,Polígono,652.6992156862744,51.0,641.9713395638628,-20.497906162464915
35143595,COLEGIO GIUSTO ZONZINI,3550308,106.0,516,Outras posições,False,619.0563636363637,33.0,4.0,111.0,0.6354,Polígono,620.8157575757576,33.0,619.9360606060606,-1.7593939393939309
35167800,COLEGIOS UNIVAP UNIDADE VILLA BRANCA,3524402,1.0,12,Líder local,False,631.0116666666667,36.0,3.0,154.0,0.6352,Polígono,624.2458823529412,34.0,627.7254285714286,6.765784313725476
15586413,ESCOLA DE EDUCACAO BASICA MARECHAL RONDON,1503606,2.0,2,Sem comparação local (poucas escolas na cidade),False,607.3502127659574,47.0,5.0,211.0,0.6347,Polígono,637.0203703703703,54.0,623.2134653465346,-29.670157604412907
21265585,COLEGIO MARISTA DO ARACAGY,2111201,2.0,4,Desafiante (2º-5º local),False,618.789725490196,85.0,4.0,265.0,0.6342,Polígono,628.75,72.0,623.3574946921443,-9.96027450980398
42068703,ACBNL COLEGIO SAO JOSE,4208203,4.0,10,Desafiante (2º-5º local),False,614.5792592592593,27.0,4.0,261.0,0.6333,Polígono,596.5966666666667,40.0,603.8433830845771,17.982592592592596
31370258,COLEGIO ORLEANS E BRAGANCA,3106200,80.0,110,Outras posições,False,606.094,10.0,5.0,104.0,0.6333,Polígono,,,606.094,
31382507,COLEGIO AVENIDA FINOTTI,3170206,13.0,21,Outras posições,False,622.1646078431373,34.0,4.0,178.0,0.633,Polígono,621.4572413793104,29.0,621.8389947089948,0.7073664638269292
43107370,COLEGIO SALESIANO DOM BOSCO,4314902,36.0,61,Outras posições,False,614.5377777777777,66.0,4.0,303.0,0.633,Polígono,604.3967661691543,67.0,609.4291478696741,10.141011608623444
31246468,COL CHROMOS VENDA NOVA,3106200,82.0,110,Outras posições,False,620.4518635170604,127.0,3.0,576.0,0.6329,Polígono,634.3238095238096,126.0,627.3604216073782,-13.871946006749226
35134429,PREVE JAU COLEGIO,3525300,8.0,10,Outras posições,False,616.4321739130435,23.0,3.0,103.0,0.6325,Polígono,612.0504,25.0,614.15,4.381773913043503
29227720,COLEGIO SOCIAL DE JEQUIE,2918001,3.0,4,Desafiante (2º-5º local),False,614.3888888888889,36.0,4.0,145.0,0.6324,Polígono,650.8853846153846,52.0,635.955,-36.49649572649571
35582803,INSTITUTO DE EDUCACAO PARQUE INDUSTRIAL IEPI,3509502,16.0,47,Outras posições,False,621.8335483870968,31.0,4.0,117.0,0.6319,Polígono,626.1647058823529,34.0,624.099076923077,-4.331157495256093
33089167,COLEGIO M3,3304904,6.0,29,Outras posições,False,614.3115384615385,52.0,4.0,208.0,0.6319,Polígono,626.2494285714286,70.0,621.1611475409836,-11.937890109890077
33181594,COLEGIO E CURSO START,3304904,7.0,29,Outras posições,False,641.3543209876543,54.0,0.0,115.0,0.6312,Polígono,660.3166666666667,24.0,647.188888888889,-18.9623456790124
27049140,ELITE INTEGRAL LTDA,2704302,10.0,63,Outras posições,False,630.25,52.0,2.0,149.0,0.6311,Polígono,665.6145833333334,48.0,647.225,-35.36458333333337
35106884,FECAP COLEGIO,3550308,108.0,516,Outras posições,False,614.056061728395,270.0,5.0,841.0,0.631,Polígono,612.5268531468531,143.0,613.5265778853914,1.529208581541866
24085499,OVER COLEGIO E CURSO,2403251,6.0,13,Outras posições,False,635.4970000000001,40.0,1.0,146.0,0.6309,Polígono,620.2378947368421,19.0,630.5830508474578,15.259105263157949
41162420,ALFA REDE DE ENSINO,4109401,4.0,9,Desafiante (2º-5º local),False,625.4371241830065,51.0,3.0,169.0,0.6308,Polígono,600.7076422764227,41.0,614.4163768115941,24.72948190658383
53006585,COL ADVENTISTA DE PLANALTINA,5300108,42.0,117,Outras posições,False,613.475,64.0,4.0,303.0,0.6306,Polígono,605.5408658008658,77.0,609.1421749408983,7.934134199134178
26162210,COLEGIO SANTA EMILIA,2609600,3.0,13,Desafiante (2º-5º local),False,608.3878787878788,110.0,4.0,359.0,0.6305,Polígono,,,608.3878787878788,
15167178,SISTEMA DE ENSINO LOGOS LTDA,1500800,4.0,22,Desafiante (2º-5º local),False,606.321142857143,35.0,5.0,112.0,0.6302,Polígono,629.8591111111111,45.0,619.56125,-23.537968253968188
41355644,COLEGIO POSITIVO VICENTE MACHADO - ENSINO MEDIO,4106902,24.0,69,Outras posições,False,637.025549104983,689.0,0.0,982.0,0.6301,Polígono,653.415822902179,719.0,645.3952982954546,-16.39027379719596
26138611,ESCOLA NOSSA SENHORA DA CONCEICAO,2609600,4.0,13,Desafiante (2º-5º local),False,606.258064516129,31.0,5.0,145.0,0.6297,Polígono,607.2295,40.0,606.805352112676,-0.9714354838710051
35118928,MODULO COLEGIO,3550308,109.0,516,Outras posições,False,604.9521666666667,80.0,5.0,290.0,0.6292,Polígono,605.2553623188406,69.0,605.0925727069351,-0.3031956521739403
33135924,COLEGIO QI,3304557,120.0,344,Outras posições,False,619.8693333333333,35.0,3.0,115.0,0.6288,Polígono,631.6971428571429,28.0,625.1261375661376,-11.827809523809606
31006629,CENTRO EDUCACIONAL MINEIRO,3106200,83.0,110,Outras posições,False,609.851282051282,39.0,5.0,158.0,0.6285,Polígono,607.5541935483872,31.0,608.8340000000001,2.297088502894894
31217263,INSTITUTO EDUCACIONAL MANOEL PINHEIRO,3106200,84.0,110,Outras posições,False,617.6063829787234,47.0,4.0,161.0,0.6281,Polígono,620.031875,32.0,618.5888607594937,-2.4254920212765683
43220541,COLEGIO GABARITO ZONA SUL,4314902,37.0,61,Outras posições,False,630.9878571428571,28.0,2.0,106.0,0.628,Polígono,,,630.9878571428571,
23025530,SANTANA COLEGIO,2312908,3.0,6,Desafiante (2º-5º local),False,604.741095890411,73.0,5.0,287.0,0.6279,Polígono,638.7124637681159,69.0,621.2483098591549,-33.97136787770489
31367036,COLEGIO E CURSO NOTA 10,3136702,13.0,21,Outras posições,False,628.9568,50.0,3.0,124.0,0.6274,Polígono,675.4576923076924,26.0,644.8650000000001,-46.50089230769231
27218198,COLEGIO SANTISSIMO SENHOR,2704302,11.0,63,Outras posições,False,609.5914814814815,36.0,5.0,109.0,0.6274,Polígono,590.343888888889,36.0,599.9676851851852,19.247592592592582
33149550,RH POSITIVO CENTRO EDUCACIONAL,3304524,4.0,14,Desafiante (2º-5º local),False,625.9959595959596,33.0,0.0,125.0,0.6272,Polígono,692.5366666666667,24.0,654.0130994152047,-66.54070707070719
33186260,COLEGIO E CURSO AO CUBO,3304557,121.0,344,Outras posições,False,613.5031578947368,38.0,5.0,117.0,0.6271,Polígono,653.4453968253968,42.0,634.4728333333333,-39.94223893065998
35195133,CANOPUS COLEGIO,3510500,1.0,7,Líder local,False,640.537803030303,44.0,0.0,162.0,0.6267,Polígono,639.1391452991453,39.0,639.8806024096385,1.3986577311577548
31256285,COLEGIO APOGEU-UNIDADE III DE ENSINO FUNDAMENTAL E ENSINO MEDIO,3136702,14.0,21,Outras posições,False,615.786111111111,36.0,4.0,217.0,0.6266,Polígono,608.3536585365854,41.0,611.8285714285714,7.432452574525655
35137686,COLEGIO DOM AGUIRRE,3552205,8.0,27,Outras posições,False,605.5562841530054,122.0,5.0,427.0,0.6262,Polígono,594.6768229166667,128.0,599.986,10.879461236338784
35154258,INTEGRADA EDUCATIVA ESCOLA,3552403,2.0,4,Desafiante (2º-5º local),False,635.0230952380953,56.0,2.0,234.0,0.6261,Polígono,612.1223333333332,60.0,623.1778735632183,22.90076190476202
35008152,COLEGIO OFICINA DO ESTUDANTE UNIDADE PAINEIRAS,3509502,17.0,47,Outras posições,False,628.7524242424242,66.0,3.0,290.0,0.626,Polígono,650.9316374269006,114.0,642.7992592592593,-22.17921318447634
35004887,COLEGIO FOCUS,3518404,2.0,7,Desafiante (2º-5º local),False,638.8096551724137,58.0,1.0,178.0,0.6259,Polígono,639.6072727272727,44.0,639.153725490196,-0.7976175548590163
53001281,COL BATISTA DE BRASILIA,5300108,43.0,117,Outras posições,False,624.3768181818182,44.0,3.0,157.0,0.6255,Polígono,646.3816666666667,36.0,634.279,-22.00484848484848
35140648,SER COLEGIO,3525904,12.0,31,Outras posições,False,634.9766013071895,51.0,2.0,188.0,0.6255,Polígono,665.0812244897959,49.0,649.7278666666666,-30.10462318260636
31276651,COLEGIO NEUZA DUTRA,3106705,4.0,6,Desafiante (2º-5º local),False,613.4905263157895,38.0,4.0,137.0,0.6253,Polígono,632.7556521739131,23.0,620.7544262295082,-19.26512585812361
43037704,COLEGIO LA SALLE NITEROI,4304606,6.0,10,Outras posições,False,604.9827027027027,37.0,5.0,142.0,0.624,Polígono,,,604.9827027027027,
41071921,COLEGIO ELITE EF EM,4104808,5.0,15,Desafiante (2º-5º local),False,618.843870967742,62.0,3.0,224.0,0.6237,Polígono,604.4764444444445,60.0,611.7779234972678,14.367426523297468
35112951,CANDELARIA COLEGIO,3520509,6.0,12,Outras posições,False,604.8179365079365,42.0,5.0,176.0,0.623,Polígono,597.1411428571428,35.0,601.3284848484848,7.676793650793684
13026194,CENTRO EDUCACIONAL LA SALLE,1302603,12.0,49,Outras posições,False,601.016183908046,145.0,5.0,553.0,0.6226,Polígono,601.5956204379562,137.0,601.29768321513,-0.5794365299102537
31267007,INSTITUTO EDUCACIONAL NOVOS TEMPOS,3118601,6.0,17,Outras posições,False,600.9364971751412,59.0,5.0,211.0,0.6225,Polígono,614.8014634146342,41.0,606.6211333333334,-13.864966239493015
42159571,COLEGIO MUNDO DO SABER,4211900,4.0,9,Desafiante (2º-5º local),False,616.1766666666666,24.0,4.0,115.0,0.6224,Polígono,567.2515789473684,19.0,594.5586046511627,48.925087719298176
23282339,COLEGIO TELEYOS,2304400,39.0,117,Outras posições,False,614.93,136.0,4.0,563.0,0.6216,Polígono,621.3421333333333,125.0,618.000945083014,-6.412133333333372
31223123,COL CHROMOS BETIM,3106705,5.0,6,Desafiante (2º-5º local),False,634.0792857142858,28.0,2.0,121.0,0.6213,Polígono,638.61,24.0,636.1703846153846,-4.530714285714225
23275871,COLEGIO GURI SENIOR,2304400,40.0,117,Outras posições,False,608.4722388059702,67.0,5.0,163.0,0.6212,Polígono,598.1454545454545,66.0,603.3476691729322,10.326784260515637
22142517,COLEGIO MADRE SAVINA UNIDADE JOCKEY,2211001,25.0,52,Outras posições,False,623.4390163934426,61.0,3.0,229.0,0.6209,Polígono,599.5566666666667,60.0,611.5965289256197,23.88234972677583
53001109,ESCOLA SALESIANA BRASILIA,5300108,44.0,117,Outras posições,False,608.3921212121212,33.0,5.0,135.0,0.6208,Polígono,595.0086666666667,20.0,603.3417610062893,13.38345454545447
42106311,COLEGIO GERACAO,4205407,17.0,30,Outras posições,False,623.3037333333333,75.0,3.0,234.0,0.6207,Polígono,636.4092537313433,67.0,629.487323943662,-13.105520398009958
41076087,CAESP,4108304,4.0,12,Desafiante (2º-5º local),False,604.5047368421052,38.0,5.0,159.0,0.6203,Polígono,597.4106976744187,43.0,600.7387654320987,7.09403916768656
43097812,COLEGIO SALVATORIANO BOM CONSELHO,4314100,4.0,5,Desafiante (2º-5º local),False,604.496,20.0,5.0,116.0,0.6201,Polígono,588.322380952381,28.0,595.0613888888889,16.173619047619013
35456196,COLEGIO VISCONDE DE PORTO SEGURO CAMPUS VILA ANDRADE,3550308,113.0,516,Outras posições,False,618.1942962962962,90.0,3.0,245.0,0.62,Polígono,634.87670995671,77.0,625.8861876247504,-16.682413660413772
35138009,CHALUPE COLEGIO,3505708,3.0,5,Desafiante (2º-5º local),False,611.889411764706,34.0,5.0,123.0,0.6197,Polígono,640.2252941176471,34.0,626.0573529411766,-28.3358823529411
41156781,INTEGRAL DE TOLEDO CEM,4127700,4.0,5,Desafiante (2º-5º local),False,628.7807207207206,37.0,2.0,133.0,0.6193,Polígono,632.4094017094018,39.0,630.6428070175439,-3.6286809886811398
33028567,COLEGIO OBJETIVO SAO PEDRO,3305208,2.0,5,Desafiante (2º-5º local),False,615.5335,40.0,4.0,139.0,0.6192,Polígono,612.48125,16.0,614.6614285714286,3.052249999999958
41152450,NOBEL NOVO CENTRO C-EM,4115200,7.0,21,Outras posições,False,633.5181420765027,122.0,2.0,480.0,0.619,Polígono,618.7914666666667,75.0,627.9115397631134,14.726675409836048
41072111,SANTA MARIA C EI F M,4104808,6.0,15,Outras posições,False,608.0061788617886,41.0,5.0,190.0,0.6188,Polígono,619.2456910569106,41.0,613.6259349593496,-11.23951219512196
35140703,QUINTAL SISTEMA EDUCACIONAL,3522307,2.0,10,Desafiante (2º-5º local),False,622.7194623655914,62.0,3.0,175.0,0.6183,Polígono,597.2150427350427,39.0,612.8712211221122,25.504419630548682
31377767,COLEGIO CESE - UNIDADE II,3131703,4.0,6,Desafiante (2º-5º local),False,611.425,16.0,5.0,108.0,0.618,Polígono,605.8042857142857,14.0,608.8019999999999,5.620714285714257
35137224,ESPACO EDUCACAO BASICA COLEGIO,3504107,5.0,11,Desafiante (2º-5º local),False,615.2338383838384,66.0,4.0,247.0,0.6179,Polígono,606.6151041666667,64.0,610.9907692307693,8.618734217171664
35118084,OBJETIVO COLEGIO DE CAMPINAS UNIDADE BARAO GERALDO,3509502,18.0,47,Outras posições,False,632.5384967320261,51.0,1.0,169.0,0.6176,Polígono,637.5102564102564,52.0,635.0485113268609,-4.971759678230228
31375071,COLEGIO ANN MACKENZIE,3170206,14.0,21,Outras posições,False,604.0178571428571,28.0,5.0,137.0,0.6176,Polígono,598.3793939393939,33.0,600.9675409836066,5.638463203463175
33138567,SOCIEDADE EDUC COZZOLINO LTDA,3302502,2.0,5,Desafiante (2º-5º local),False,619.1778947368421,19.0,4.0,108.0,0.6171,Polígono,631.3345454545455,22.0,625.700975609756,-12.156650717703428
35498646,ALBERT EINSTEIN ETIEP UNIDADE II,3550308,114.0,516,Outras posições,False,622.8056910569105,82.0,2.0,266.0,0.6171,Polígono,610.8885858585859,66.0,617.4913063063063,11.917105198324634
52188388,FRACTAL CENTRO DE EDUCACAO E ENSINO,5208707,31.0,68,Outras posições,False,632.3061904761905,84.0,1.0,252.0,0.617,Polígono,631.7791269841271,84.0,632.0426587301588,0.527063492063462
35106616,NOSSA SENHORA DA GLORIA COLEGIO MARISTA,3550308,115.0,516,Outras posições,False,632.9044444444445,63.0,2.0,276.0,0.6164,Polígono,636.9423529411765,68.0,635.0004580152672,-4.03790849673203
35109411,NOSSA SENHORA DOS REMEDIOS COLEGIO,3534401,6.0,31,Outras posições,False,607.5145762711865,59.0,5.0,227.0,0.6162,Polígono,612.5171428571429,56.0,609.9506086956522,-5.0025665859564015
33031363,COL DE APLICACAO DE RESENDE,3304201,7.0,8,Outras posições,False,599.9111764705882,34.0,5.0,168.0,0.6162,Polígono,600.9177142857143,35.0,600.4217391304347,-1.0065378151260802
35811142,PORTAL DE LIMEIRA COLEGIO,3526902,5.0,15,Desafiante (2º-5º local),False,621.7616161616161,33.0,3.0,118.0,0.6155,Polígono,631.6409756097561,41.0,627.2353153153152,-9.879359448140008
35173548,APICE INSTITUTO EDUCACIONAL LTDA,3552205,9.0,27,Outras posições,False,614.8057471264367,29.0,4.0,102.0,0.6154,Polígono,609.9121739130435,23.0,612.641282051282,4.893573213393211
52101541,COLEGIO CORTEX,5208707,32.0,68,Outras posições,False,621.5956818181818,44.0,3.0,155.0,0.6147,Polígono,627.4809722222222,48.0,624.6662681159421,-5.885290404040461
42020590,COLEGIO ADVENTISTA DE JOINVILLE SAGUACU,4209102,4.0,14,Desafiante (2º-5º local),False,607.2554166666666,48.0,5.0,259.0,0.6143,Polígono,596.7972222222222,48.0,602.0263194444444,10.458194444444416
33071683,PENSI MARTINS,3304557,125.0,344,Outras posições,False,632.2200888888889,75.0,2.0,303.0,0.6142,Polígono,646.1052208835341,83.0,639.5141772151898,-13.885131994645235
35135227,MACKENZIE TAMBORE COLEGIO PRESBITERIANO,3505708,4.0,5,Desafiante (2º-5º local),False,607.1865964912281,190.0,5.0,841.0,0.614,Polígono,621.9096415770609,186.0,614.469804964539,-14.723045085832837
35295784,IDEAL COLEGIO,3543402,13.0,38,Outras posições,False,627.5168,25.0,2.0,131.0,0.6139,Polígono,613.8056,25.0,620.6612,13.711199999999963
26135490,COLEGIO IMACULADO CORACAO DE MARIA,2609600,5.0,13,Desafiante (2º-5º local),False,603.2870707070707,99.0,5.0,322.0,0.6135,Polígono,606.4939805825243,103.0,604.9222772277227,-3.2069098754535617
35165190,OBJETIVO CENTRO INTERESCOLAR UNIDADE XXVII,3543402,14.0,38,Outras posições,False,621.4924497991968,83.0,2.0,340.0,0.6128,Polígono,628.8409661835749,69.0,624.8282894736842,-7.348516384378058
31362735,COLEGIO SAO FRANCISCO - UNIDADE II,3147907,5.0,5,Desafiante (2º-5º local),False,621.1076422764228,41.0,3.0,146.0,0.6126,Polígono,638.3333333333334,54.0,630.8990877192982,-17.22569105691059
31158101,ESCOLA PARTICULAR PEQUENO PRINCIPE,3168606,3.0,4,Desafiante (2º-5º local),False,618.4019999999999,40.0,4.0,141.0,0.6126,Polígono,654.57,32.0,634.4766666666667,-36.16800000000012
25132369,JANIO DE SA BRAGA FILHO,2507507,24.0,55,Outras posições,False,614.354962962963,45.0,4.0,122.0,0.6125,Polígono,636.2475,16.0,620.0972677595629,-21.89253703703696
33065411,COL TERESIANO,3304557,127.0,344,Outras posições,False,609.7419512195122,41.0,4.0,166.0,0.6124,Polígono,626.3218181818181,33.0,617.1356756756757,-16.579866962305914
31198846,COL STA TERESA,3134202,2.0,4,Desafiante (2º-5º local),False,614.2714285714286,35.0,4.0,129.0,0.6118,Polígono,626.048376068376,39.0,620.4781981981981,-11.7769474969474
22141693,COLEGIO PROPOSITO,2211001,26.0,52,Outras posições,False,625.1702873563218,116.0,1.0,227.0,0.611,Polígono,628.8087804878048,41.0,626.120467091295,-3.6384931314830737
29417546,COLEGIO DIPLOMATA,2910800,10.0,21,Outras posições,False,628.0016666666667,12.0,1.0,103.0,0.6102,Polígono,,,628.0016666666667,
29318335,COLEGIO ANISIO TEIXEIRA,2910727,2.0,4,Desafiante (2º-5º local),False,617.9016666666666,44.0,4.0,155.0,0.6099,Polígono,604.3018518518519,54.0,610.4078911564626,13.59981481481475
41071417,IDEAL C EI F M,4104808,7.0,15,Outras posições,False,606.244126984127,21.0,5.0,129.0,0.6098,Polígono,620.7662365591398,31.0,614.9015384615385,-14.522109575012792
43092454,COLEGIO MARISTA PIO XII,4313409,2.0,6,Desafiante (2º-5º local),False,602.704,40.0,5.0,244.0,0.6098,Polígono,618.3742028985507,69.0,612.6236697247706,-15.67020289855077
53001907,COL ADVENTISTA DA ASA SUL,5300108,47.0,117,Outras posições,False,609.1935757575758,55.0,4.0,267.0,0.6095,Polígono,627.3340740740741,54.0,618.1806116207952,-18.140498316498338
24083453,COLEGIO CONTEMPORANEO,2403251,7.0,13,Outras posições,False,610.1968,50.0,4.0,134.0,0.6092,Polígono,649.67,46.0,629.1110416666667,-39.473199999999906
33169365,COLEGIO BRUNO OSTMANN,3302403,6.0,11,Outras posições,False,625.3152380952381,42.0,2.0,115.0,0.6088,Polígono,618.9521428571428,28.0,622.77,6.363095238095298
35338345,COLEGIO ALMEIDA GARRETT,3543402,15.0,38,Outras posições,False,620.5052631578948,38.0,3.0,152.0,0.6085,Polígono,642.9806666666667,30.0,630.4208823529412,-22.475403508771933
13026500,COLEGIO SANTA DOROTEIA,1302603,15.0,49,Outras posições,False,613.8619047619048,28.0,4.0,120.0,0.6085,Polígono,602.2574074074074,36.0,607.334375,11.604497354497425
31305847,COL CIDADE DE MURIAE,3143906,2.0,3,Desafiante (2º-5º local),False,605.871339869281,102.0,5.0,276.0,0.6078,Polígono,628.2675675675677,74.0,615.2879356060606,-22.39622769828668
17052564,CENTRO EDUCACIONAL SAO FRANCISCO DE ASSIS,1721000,6.0,14,Outras posições,False,613.7075471698113,53.0,4.0,208.0,0.6074,Polígono,626.2758974358974,26.0,617.8439662447256,-12.5683502660861
35110966,ANTONIO TEIXEIRA FERNANDES COLEGIO TECNICO,3549904,11.0,27,Outras posições,False,620.4035555555556,330.0,3.0,1229.0,0.6073,Polígono,618.1283428571429,350.0,619.2324901960785,2.2752126984127017
43109284,CENTRO DE ENSINO MEDIO PASTOR DOHMS- UNIDADE DE ENSINO ZONA SUL,4314902,38.0,61,Outras posições,False,602.3606504065041,41.0,5.0,105.0,0.6072,Polígono,567.699696969697,33.0,586.9037387387386,34.66095343680706
35193914,ALFABETO COLEGIO,3530607,9.0,24,Outras posições,False,620.1646808510637,47.0,3.0,154.0,0.6062,Polígono,620.9616666666667,32.0,620.4875105485231,-0.7969858156029659
33111774,COLEGIO EQUIPE GRAU,3303203,1.0,8,Líder local,False,609.529,40.0,4.0,158.0,0.6061,Polígono,657.3343209876543,27.0,628.7938308457711,-47.80532098765434
35133395,CENTRO INTERESCOLAR OBJETIVO UNIDADE TATUAPE,3550308,117.0,516,Outras posições,False,625.7865217391304,92.0,2.0,336.0,0.606,Polígono,623.0257981220657,142.0,624.1112108262107,2.760723617064741
35118321,CRIARTE COLEGIO,3541406,7.0,13,Outras posições,False,625.7539130434783,23.0,2.0,116.0,0.6057,Polígono,642.6033333333334,36.0,636.0349152542373,-16.84942028985506
33161402,COLEGIO E CURSO PENSI,3304557,130.0,344,Outras posições,False,620.1187628865979,97.0,3.0,375.0,0.6057,Polígono,621.3882644628098,121.0,620.8233944954128,-1.269501576211951
52032973,COLEGIO GOIANIENSE ADVENTISTA,5208707,33.0,68,Outras posições,False,605.14,44.0,5.0,142.0,0.6051,Polígono,610.1448648648649,37.0,607.4261728395062,-5.004864864864885
41130090,JOAO BAGOZZI COL PE - EF-EM E NORMAL,4106902,26.0,69,Outras posições,False,601.8088541666667,128.0,5.0,509.0,0.6036,Polígono,610.0595800524934,127.0,605.9180392156863,-8.250725885826682
35529503,COLEGIO TORRICELLI UNIDADE I,3518800,8.0,57,Outras posições,False,612.5633333333333,38.0,4.0,170.0,0.6034,Polígono,603.0720930232558,43.0,607.5247736625514,9.491240310077501
52290352,COLEGIO EINSTEIN,5208707,34.0,68,Outras posições,False,604.78,25.0,5.0,130.0,0.6033,Polígono,603.4094117647059,34.0,603.9901694915254,1.3705882352941217
43105637,COLEGIO ADVENTISTA MARECHAL RONDON,4314902,39.0,61,Outras posições,False,601.7305882352941,85.0,5.0,330.0,0.6029,Polígono,599.0359183673469,98.0,600.2875409836065,2.6946698679472547
33074089,CENTRO EDUCACIONAL ROSA CHAMMA,3304557,131.0,344,Outras posições,False,628.8553488372092,43.0,1.0,188.0,0.6028,Polígono,665.2017857142857,56.0,649.4149494949495,-36.346436877076485
41027051,PRISMA - COLEGIO ENS FUND E MEDIO,4101507,2.0,5,Desafiante (2º-5º local),False,601.7152941176471,34.0,5.0,137.0,0.6028,Polígono,619.8351219512195,41.0,611.6207999999999,-18.119827833572458
41024672,COLEGIO SANTA CRUZ,4115200,9.0,21,Outras posições,False,607.8339393939394,44.0,4.0,173.0,0.6024,Polígono,622.0715151515152,33.0,613.9357575757576,-14.237575757575769
33439818,UNICO COLEGIO E VESTIBULARES,3302205,2.0,3,Desafiante (2º-5º local),False,633.5921428571428,56.0,1.0,181.0,0.6023,Polígono,680.0924137931034,29.0,649.4569411764705,-46.50027093596066
35108649,SAO JOSE COLEGIO,3547809,7.0,36,Outras posições,False,623.5123287671233,73.0,3.0,272.0,0.6019,Polígono,623.1748148148148,45.0,623.383615819209,0.33751395230854087
53005503,COL LA SALLE - SOBRADINHO,5300108,49.0,117,Outras posições,False,604.5871212121211,44.0,5.0,178.0,0.6017,Polígono,619.3766037735849,53.0,612.667972508591,-14.789482561463728
43041647,COLEGIO MURIALDO,4305108,8.0,12,Outras posições,False,604.585,16.0,5.0,116.0,0.6016,Polígono,578.745641025641,26.0,588.5892063492063,25.839358974359016
35126615,CIDADE JARDIM CUMBICA COLEGIO,3518800,9.0,57,Outras posições,False,604.5098765432099,54.0,5.0,192.0,0.6012,Polígono,583.6164102564103,39.0,595.7481003584229,20.893466286799594
35165517,GBI ESCOLA,3506003,6.0,20,Outras posições,False,619.176091954023,29.0,3.0,121.0,0.6006,Polígono,595.2378947368421,19.0,609.7005555555555,23.938197217180914
52105695,COLEGIO LUMEN,5201108,5.0,11,Desafiante (2º-5º local),False,628.3177575757576,55.0,1.0,216.0,0.6001,Polígono,647.154303030303,55.0,637.7360303030302,-18.836545454545444
26075440,COLEGIO PRESBITERIANO QUINZE DE NOVEMBRO,2606002,1.0,4,Líder local,False,601.2860740740741,90.0,5.0,321.0,0.6001,Polígono,615.5186440677966,118.0,609.3603205128205,-14.23256999372245
35288032,EMILIO RIBAS COLEGIO DE ENSINO MEDIO,3538006,4.0,7,Desafiante (2º-5º local),False,612.0876923076922,65.0,4.0,195.0,0.6001,Polígono,631.6242253521127,71.0,622.2869117647058,-19.53653304442048
41146476,COLEGIO DOM BOSCO MERCES EDUCACAO INFANTIL ENSINO FUNDAMENTAL E MEDIO,4106902,27.0,69,Outras posições,False,612.0846153846154,26.0,4.0,131.0,0.5999,Polígono,622.0370370370371,54.0,618.8025,-9.952421652421663
43056172,COLEGIO FRANCISCANO SAO JOSE,4307005,2.0,3,Desafiante (2º-5º local),False,601.2373913043477,23.0,5.0,128.0,0.5998,Polígono,,,601.2373913043477,
35115277,ADVENTISTA DE SAO CARLOS COLEGIO,3548906,9.0,15,Outras posições,False,622.9440650406503,41.0,3.0,158.0,0.5998,Polígono,600.4935135135136,37.0,612.2944444444445,22.45055152713678
29199603,INSTITUTO SOCIAL PINDORAMA,2927408,30.0,90,Outras posições,False,607.283829787234,47.0,4.0,131.0,0.5989,Polígono,618.9905555555556,36.0,612.3614457831326,-11.706725768321576
33084262,SANTA MONICA REDE DE ENSINO - SANTA CRUZ,3304557,132.0,344,Outras posições,False,614.9634285714286,35.0,2.0,148.0,0.5987,Polígono,601.2696969696971,22.0,609.6781286549708,13.693731601731542
21010250,COLEGIO BATISTA DANIEL DE LA TOUCHE,2111300,17.0,47,Outras posições,False,608.1345,40.0,4.0,118.0,0.5984,Polígono,602.6274074074074,27.0,605.915223880597,5.507092592592585
32078684,SISTEMA EDUCACIONAL BRASILEIRO DE EDUCACAO BASICA - SEB JARDIM DA PENHA,3205309,15.0,18,Outras posições,False,615.190731707317,41.0,4.0,183.0,0.598,Polígono,636.4300000000001,58.0,627.6339393939394,-21.23926829268305
35108820,CORACAO DE JESUS INSTITUTO,3547809,8.0,36,Outras posições,False,603.9510344827587,29.0,5.0,121.0,0.5979,Polígono,584.8682352941177,34.0,593.652380952381,19.082799188641047
35138654,PASSIONISTA SANTA MARIA COLEGIO,3541000,1.0,15,Líder local,False,611.650238095238,28.0,4.0,106.0,0.5978,Polígono,600.6294736842104,19.0,607.1950354609928,11.020764411027585
35144228,EXATUS COLEGIO E VESTIBULARES,3550308,120.0,516,Outras posições,False,632.4437037037037,54.0,1.0,192.0,0.5977,Polígono,654.2363333333334,60.0,643.9135087719299,-21.792629629629687
35101597,JOAO XXIII COLEGIO,3550308,121.0,516,Outras posições,False,615.0819512195122,41.0,4.0,210.0,0.5975,Polígono,609.2678518518519,45.0,612.0396899224806,5.814099367660333
35111867,INSTITUTO EDUCACAO CIENCIAS E LETRAS CENTRO,3552205,11.0,27,Outras posições,False,603.8600333333334,100.0,5.0,397.0,0.5974,Polígono,611.9196699669967,101.0,607.9099004975125,-8.059636633663331
33166900,SEI - SISTEMA DE ENSINO INTERATIVO,3304557,133.0,344,Outras posições,False,627.4694285714286,70.0,1.0,177.0,0.5965,Polígono,599.2071428571428,28.0,619.3944897959184,28.26228571428578
43121896,COLEGIO FRANCISCANO SANT ANNA,4316907,8.0,12,Outras posições,False,600.6156097560976,41.0,5.0,165.0,0.5964,Polígono,625.198,40.0,612.755061728395,-24.58239024390241
35374957,ASSOCIACAO CRESCER SEMPRE,3550308,123.0,516,Outras posições,False,606.5256862745098,68.0,4.0,209.0,0.5961,Polígono,594.4818079096045,59.0,600.9304986876641,12.043878364905254
27215512,COLEGIO CRISTO REI,2704302,12.0,63,Outras posições,False,618.4933333333333,33.0,2.0,105.0,0.5958,Polígono,607.329090909091,33.0,612.9112121212121,11.164242424242389
29422353,COLEGIO LINCE LTDA,2927408,31.0,90,Outras posições,False,602.9036666666667,40.0,4.0,109.0,0.5955,Polígono,608.2033333333334,24.0,604.8910416666668,-5.299666666666667
15167372,CENTRO DE ESTUDO PROFESSOR MANOEL LEITE,1501402,20.0,65,Outras posições,False,600.4466666666666,45.0,5.0,133.0,0.5954,Polígono,618.3548837209302,43.0,609.1972727272728,-17.90821705426356
29304393,COLEGIO DIVINA PROVIDENCIA,2914802,3.0,7,Desafiante (2º-5º local),False,618.1759420289856,46.0,3.0,198.0,0.5949,Polígono,,,618.1759420289856,
35805973,ESCOLA INTERNACIONAL PREPARANDO GERACOES,3504107,6.0,11,Outras posições,False,627.7155555555555,18.0,2.0,119.0,0.5947,Polígono,607.6254545454545,22.0,616.6659999999999,20.090101010100966
35111995,ASSOCIACAO MANCHESTER EDUCACIONAL,3552205,12.0,27,Outras posições,False,610.9865277777777,48.0,4.0,229.0,0.5945,Polígono,608.6428248587571,59.0,609.6942056074766,2.343702919020643
53001060,COL LA SALLE BRASILIA,5300108,50.0,117,Outras posições,False,600.2388888888888,18.0,5.0,111.0,0.5945,Polígono,606.333488372093,43.0,604.5350819672132,-6.094599483204206
42020492,COLEGIO SANTO ANTONIO,4209102,5.0,14,Desafiante (2º-5º local),False,603.3418333333334,120.0,5.0,465.0,0.5944,Polígono,609.9156695156695,117.0,606.5871448663853,-6.573836182336095
35114236,NOMELINI CIRANDINHA COLEGIO,3505500,2.0,7,Desafiante (2º-5º local),False,614.1354838709677,31.0,3.0,112.0,0.5942,Polígono,637.8070967741936,31.0,625.9712903225807,-23.671612903225878
43042910,COLEGIO MADRE IMILDA,4305108,9.0,12,Outras posições,False,607.3180555555556,24.0,4.0,143.0,0.5938,Polígono,626.8713580246913,27.0,617.6698039215686,-19.5533024691357
35100912,SAO PAULO DA CRUZ COLEGIO PASSIONISTA,3550308,126.0,516,Outras posições,False,603.2209848484848,44.0,5.0,155.0,0.5936,Polígono,629.3247457627119,59.0,618.1736245954693,-26.10376091422711
51072335,COLEGIO SAN PETRUS,5107909,5.0,7,Desafiante (2º-5º local),False,600.1652173913044,23.0,5.0,119.0,0.5935,Polígono,,,600.1652173913044,
31014443,COLEGIO SANTA MARIA MINAS UNIDADE NOVA LIMA,3144805,6.0,8,Outras posições,False,606.1396581196581,39.0,4.0,116.0,0.5931,Polígono,633.3553846153847,26.0,617.0259487179486,-27.215726495726585
15995933,SISTEMA DE ENSINO CTEM,1502400,3.0,11,Desafiante (2º-5º local),False,600.1337931034483,29.0,5.0,108.0,0.5929,Polígono,601.9024242424242,33.0,601.0751612903226,-1.768631138975934
35117500,INTERACAO DE MARILIA COLEGIO,3529005,6.0,13,Outras posições,False,626.3301609195403,145.0,1.0,501.0,0.592,Polígono,607.3392076502732,122.0,617.6526466916354,18.990953269267038
53017897,COL OBJETIVO ASA NORTE,5300108,51.0,117,Outras posições,False,599.9670056497175,59.0,5.0,206.0,0.5919,Polígono,612.4404761904761,42.0,605.1539933993399,-12.473470540758626
41024826,COLEGIO OBJETIVO UNIDADE MARINGA,4115200,10.0,21,Outras posições,False,606.3405263157895,38.0,5.0,177.0,0.5915,Polígono,571.5640000000001,20.0,594.3486206896551,34.7765263157894
31374180,ELITE FLORESTA - BH,3106200,86.0,110,Outras posições,False,613.9198148148148,36.0,2.0,179.0,0.5914,Polígono,613.446511627907,43.0,613.662194092827,0.4733031869078559
28018052,COLEGIO SANTANNA DE SERGIPE LTDA,2800308,18.0,43,Outras posições,False,610.5538461538462,65.0,4.0,206.0,0.5913,Polígono,615.9325,40.0,612.6028571428571,-5.3786538461538385
35325880,COGNUS ENSINO MEDIO,3503307,3.0,6,Desafiante (2º-5º local),False,626.6672222222222,24.0,2.0,150.0,0.5911,Polígono,625.76,24.0,626.2136111111112,0.9072222222222308
11037474,CENTRO DE ENSINO MINEIRO,1100205,5.0,13,Desafiante (2º-5º local),False,617.12,31.0,3.0,133.0,0.5908,Polígono,571.885641025641,39.0,591.918,45.234358974359
33180997,COLEGIO CURSO DESAFIO LTDA,3304557,136.0,344,Outras posições,False,626.5204347826086,46.0,2.0,144.0,0.5906,Polígono,,,626.5204347826086,
32039832,EPG SAO CAMILO,3205200,9.0,23,Outras posições,False,606.3705,80.0,4.0,237.0,0.5901,Polígono,619.3011594202899,69.0,612.3585234899328,-12.930659420289885
28017919,COLEGIO SALESIANO NOSSA SENHORA AUXILIADORA,2800308,19.0,43,Outras posições,False,602.6511111111112,57.0,5.0,243.0,0.5899,Polígono,598.4127272727272,66.0,600.3768563685637,4.238383838383925
35111454,LA SALLE COLEGIO,3507506,4.0,11,Desafiante (2º-5º local),False,606.3343089430894,41.0,4.0,178.0,0.5898,Polígono,636.8168627450981,51.0,623.2322463768116,-30.482553802008738
35106896,SANTO AGOSTINHO COLEGIO,3550308,128.0,516,Outras posições,False,602.611875,32.0,5.0,108.0,0.5896,Polígono,601.1142857142858,28.0,601.913,1.497589285714298
35158999,ELITE REDE DE ENSINO,3538709,11.0,25,Outras posições,False,610.185625,32.0,4.0,165.0,0.5895,Polígono,624.1144444444444,42.0,618.091171171171,-13.928819444444457
31356816,COLEGIO APOGEU - UNIDADE II DE ENSINO FUNDAMENTAL ANOS FINAIS E ENSINO MEDIO,3136702,15.0,21,Outras posições,False,625.8063507109006,211.0,1.0,603.0,0.5894,Polígono,637.1064186046511,215.0,631.5094366197184,-11.300067893750565
31316237,LOGOS COLEGIO E CURSO - FORMACAO INTEGRAL DE ENSINO FUNDAMENTAL E ENSINO MEDIO,3170701,5.0,7,Desafiante (2º-5º local),False,616.5477419354838,31.0,3.0,101.0,0.5885,Polígono,629.9811764705883,17.0,621.3054166666667,-13.433434535104425
41158512,SIGMA COLEGIO - EM,4113700,11.0,24,Outras posições,False,621.485380116959,57.0,2.0,149.0,0.5877,Polígono,665.2377777777778,54.0,642.7703303303302,-43.7523976608187
31340367,COLEGIO ALFA,3103504,3.0,6,Desafiante (2º-5º local),False,616.3863636363636,44.0,3.0,186.0,0.5876,Polígono,607.904367816092,58.0,611.5632679738562,8.481995820271663
52052567,COLEGIO NOSSA SENHORA DO BOM CONSELHO,5211909,4.0,4,Desafiante (2º-5º local),False,599.2281632653061,49.0,5.0,183.0,0.5876,Polígono,629.4746666666667,60.0,615.8776146788991,-30.246503401360656
35108364,PLACIDINA DONA INSTITUTO,3530607,10.0,24,Outras posições,False,602.3294666666667,75.0,5.0,367.0,0.5874,Polígono,619.8346405228758,102.0,612.4171939736345,-17.505173856209126
41155815,COLEGIO SANTO ANJO BARIGUI ENS FUNDAMENTAL E ENS MEDIO,4106902,28.0,69,Outras posições,False,599.1708016877637,79.0,5.0,375.0,0.587,Polígono,617.462619047619,84.0,608.5972597137014,-18.29181735985526
28110404,COLEGIO SAO LUCAS,2804805,1.0,4,Líder local,False,609.4872727272727,44.0,4.0,131.0,0.5863,Polígono,611.19,58.0,610.4554901960785,-1.7027272727273157
33178909,COLEGIO E CURSO PENSI,3303906,11.0,19,Outras posições,False,616.4131428571428,35.0,2.0,120.0,0.5862,Polígono,627.3983333333333,48.0,622.7660240963855,-10.985190476190496
35121721,MORUMBI DE ALPHAVILLE ESCOLA DE ENSINO FUNDAMENTAL,3547304,4.0,6,Desafiante (2º-5º local),False,613.2980952380952,21.0,4.0,139.0,0.5859,Polígono,617.1759999999999,25.0,615.4056521739129,-3.877904761904688
35060574,CONDE DOMINGOS COLEGIO,3550308,130.0,516,Outras posições,False,609.3902325581395,43.0,4.0,107.0,0.5857,Polígono,600.9258333333333,24.0,606.3582089552239,8.46439922480613
35109022,UNIVERSITARIO ABC COLEGIO,3548708,12.0,33,Outras posições,False,615.8053900709219,94.0,3.0,365.0,0.5855,Polígono,614.5747619047619,112.0,615.1363106796117,1.2306281661600451
50007890,COLEGIO OSWALDO TOGNINI,5002704,15.0,31,Outras posições,False,598.8192792792793,74.0,5.0,262.0,0.5854,Polígono,610.2869154228856,67.0,604.2684397163121,-11.467636143606342
32052936,CE LAURO PINHEIRO,3201209,4.0,6,Desafiante (2º-5º local),False,598.7342372881355,59.0,5.0,209.0,0.5846,Polígono,636.309756097561,41.0,614.1402,-37.57551880942549
31006092,COLEGIO ADVENTISTA DE BELO HORIZONTE,3106200,87.0,110,Outras posições,False,601.8956989247312,31.0,5.0,141.0,0.5845,Polígono,599.7041666666667,24.0,600.9393939393939,2.1915322580645125
41133285,COLEGIO VICENTINO SAO JOSE,4106902,29.0,69,Outras posições,False,598.505873015873,42.0,5.0,164.0,0.5833,Polígono,616.9672222222222,48.0,608.3519259259259,-18.461349206349155
42142822,EXATHUM CURSO E COLEGIO,4209102,6.0,14,Outras posições,False,608.9063333333332,60.0,4.0,196.0,0.5828,Polígono,635.720484848485,55.0,621.7304927536233,-26.814151515151707
33161011,COLEGIO E CURSO PENSI,3304557,138.0,344,Outras posições,False,620.6464724919094,103.0,2.0,413.0,0.5826,Polígono,617.1905454545455,110.0,618.8617214397498,3.4559270373639492
33194084,COLEGIO E CURSO START,3304904,9.0,29,Outras posições,False,630.4121052631579,38.0,0.0,117.0,0.5819,Polígono,644.9252777777778,24.0,636.0301075268818,-14.513172514619896
15570541,COLEGIO SANTA MADRE,1501402,21.0,65,Outras posições,False,604.698125,32.0,4.0,127.0,0.5817,Polígono,577.6381818181818,22.0,593.6737037037036,27.0599431818182
35142694,ELO EDUCACIONAL,3549904,13.0,27,Outras posições,False,624.6733333333333,91.0,2.0,293.0,0.5817,Polígono,627.1363888888889,72.0,625.761308793456,-2.46305555555557
35151385,PAN TERRA COLEGIO E PRE ESCOLA,3550308,133.0,516,Outras posições,False,615.1679166666667,48.0,3.0,133.0,0.5815,Polígono,622.7659574468086,47.0,618.926947368421,-7.5980407801419005
35483084,PROGRESSO BILINGUE UNIDADE II,3548500,9.0,32,Outras posições,False,624.6198742138365,53.0,2.0,233.0,0.5813,Polígono,629.1848979591837,49.0,626.8128758169935,-4.565023745347162
35438315,GERMINARE ESCOLA,3550308,134.0,516,Outras posições,False,608.6026501035197,161.0,4.0,776.0,0.5812,Polígono,632.678064516129,93.0,617.4176640419947,-24.075414412609234
41024699,SANTO INACIO COLEGIO EDUCACAO INFANTIL ENSINO FUNDAMENTAL E MEDIO,4115200,11.0,21,Outras posições,False,601.4178723404256,47.0,5.0,210.0,0.5812,Polígono,607.3292307692308,26.0,603.523287671233,-5.911358428805215
26125668,COLEGIO MOTIVO - CASA FORTE,2611606,33.0,76,Outras posições,False,606.5458823529412,34.0,3.0,141.0,0.5803,Polígono,628.0483720930233,43.0,618.5537662337663,-21.50248974008207
33172315,CENTRO DE ENSINO E CULTURA,3304557,139.0,344,Outras posições,False,607.3154166666667,48.0,4.0,154.0,0.5796,Polígono,608.9128205128205,39.0,608.0314942528736,-1.5974038461538385
15011097,COLEGIO SANTA CLARA,1506807,3.0,6,Desafiante (2º-5º local),False,597.8170212765958,94.0,5.0,301.0,0.5794,Polígono,619.7018699186992,82.0,608.0133712121213,-21.884848642103407
42163781,COLEGIO FLEMING FLORIANOPOLIS,4205407,18.0,30,Outras posições,False,624.3603125,64.0,2.0,197.0,0.5793,Polígono,587.3507999999999,75.0,604.3911510791366,37.00951250000003
41140834,COLEGIO DIOCESANO LEAO XIII EDUCACAO INFANTIL ENSINO FUNDAMENTAL E ENSINO MEDIO,4118204,2.0,9,Desafiante (2º-5º local),False,604.1533333333333,25.0,5.0,111.0,0.5791,Polígono,620.3830769230769,26.0,612.4273202614379,-16.229743589743634
35132986,LUMIERE COLEGIO,3550308,136.0,516,Outras posições,False,601.0395744680851,47.0,5.0,140.0,0.5788,Polígono,645.0899999999999,21.0,614.6433823529412,-44.05042553191481
35102829,SAO DOMINGOS COLEGIO,3550308,137.0,516,Outras posições,False,620.0537931034484,58.0,2.0,220.0,0.5786,Polígono,617.2985365853658,41.0,618.9127272727272,2.755256518082547
42091462,ALFA REDE DE ENSINO,4208906,4.0,7,Desafiante (2º-5º local),False,608.0816,25.0,4.0,120.0,0.5785,Polígono,634.35375,32.0,622.8308771929825,-26.27215000000001
35113748,SALESIANO DOM BOSCO COLEGIO,3538709,12.0,25,Outras posições,False,608.0080092592593,72.0,4.0,272.0,0.5784,Polígono,605.7122857142857,70.0,606.8763145539907,2.2957235449736118
15174310,SISTEMA DE ENSINO CONTEXTUAL,1502400,4.0,11,Desafiante (2º-5º local),False,614.6264615384615,65.0,3.0,137.0,0.5783,Polígono,595.3579166666667,48.0,606.441592920354,19.268544871794802
42000246,COLEGIO ADVENTISTA DE FLORIANOPOLIS - CENTRO,4205407,19.0,30,Outras posições,False,611.5557575757576,44.0,4.0,130.0,0.5777,Polígono,615.6126315789473,38.0,613.4357723577236,-4.056874003189705
35005941,COLEGIO CAMINHOS E COLINAS,3550308,138.0,516,Outras posições,False,613.7055555555555,54.0,3.0,226.0,0.577,Polígono,606.7010869565217,46.0,610.4834999999999,7.004468599033771
15058794,INSTITUTO SANTA TERESINHA,1501709,1.0,4,Líder local,False,597.4208695652175,46.0,5.0,135.0,0.5768,Polígono,584.7295061728395,54.0,590.5675333333334,12.69136339237798
41076800,COLEGIO VICENTINO SAO JOSE,4108304,5.0,12,Desafiante (2º-5º local),False,600.5961728395062,54.0,5.0,209.0,0.5767,Polígono,610.5588732394366,71.0,606.2549866666667,-9.96270039993044
33157383,COLEGIO ADVENTISTA DE ITABORAI,3301900,2.0,11,Desafiante (2º-5º local),False,602.9526543209877,54.0,4.0,185.0,0.5767,Polígono,608.1066666666667,39.0,605.1140143369175,-5.154012345679007
50031783,NOTA 10 INTERNACIONAL - UNIDADE GENERAL OSORIO,5002704,16.0,31,Outras posições,False,618.518,30.0,2.0,124.0,0.5765,Polígono,626.1,15.0,621.0453333333334,-7.581999999999994
32079931,ESCOLA MARISTA CHAMPAGNAT TERRA VERMELHA,3205200,10.0,23,Outras posições,False,607.5932,50.0,4.0,197.0,0.5763,Polígono,614.4360975609757,41.0,610.6762637362638,-6.8428975609756435
41127781,COLEGIO DOM BOSCO UNIDADE AHU,4106902,30.0,69,Outras posições,False,607.565806451613,93.0,4.0,307.0,0.576,Polígono,626.2244912280702,95.0,616.9943971631205,-18.65868477645722
35009366,COLEGIO NOVO UNIDADE ALTO DA BOA VISTA,3543402,17.0,38,Outras posições,False,607.5330555555555,24.0,4.0,105.0,0.5758,Polígono,602.819090909091,33.0,604.803918128655,4.713964646464547
33442304,COLEGIO CURSO INTELLECTUS - UNIDADE OCEANICA,3303302,25.0,42,Outras posições,False,618.1708843537415,49.0,3.0,171.0,0.5753,Polígono,644.4397297297297,74.0,633.9749051490514,-26.268845375988235
35006958,COLEGIO CRIARTE UNIDADE III,3549805,14.0,28,Outras posições,False,626.8685106382978,47.0,1.0,146.0,0.5751,Polígono,619.962,25.0,624.4704166666666,6.906510638297846
35118977,PRIGULE COLEGIO,3550308,139.0,516,Outras posições,False,607.4070588235294,17.0,4.0,104.0,0.575,Polígono,550.7409090909091,22.0,575.4415384615385,56.66614973262028
35105053,MADRE CABRINI COLEGIO EEIFM,3550308,140.0,516,Outras posições,False,607.3754545454545,44.0,4.0,109.0,0.5747,Polígono,580.890303030303,22.0,598.5470707070707,26.48515151515153
35450856,COLEGIO PROGRESSO UNIDADE TAQUARAL,3509502,20.0,47,Outras posições,False,617.7557894736842,19.0,3.0,125.0,0.5737,Polígono,671.7076767676767,33.0,651.9944871794871,-53.95188729399251
42143390,COLEGIO COC LAGES,4209300,2.0,5,Desafiante (2º-5º local),False,622.8835,40.0,2.0,177.0,0.5731,Polígono,631.9702777777778,36.0,627.1877631578948,-9.086777777777797
27016315,ESCOLA DE EDUCACAO BASICA SANTA CATARINA,2700300,6.0,15,Outras posições,False,613.87625,32.0,3.0,127.0,0.5729,Polígono,650.2035,40.0,634.0580555555556,-36.327249999999935
29365813,COLEGIO RESGATYESHUA,2910800,11.0,21,Outras posições,False,622.729375,32.0,2.0,102.0,0.5726,Polígono,595.1441666666666,24.0,610.907142857143,27.585208333333412
35107475,COLEGIO ANGLO ALANTE CHACARA SANTO ANTONIO,3550308,142.0,516,Outras posições,False,617.4293532338309,67.0,3.0,261.0,0.5723,Polígono,639.7571929824562,57.0,627.6929569892474,-22.327839748625365
42142539,CENTRO EDUCACIONAL UNIVERSO,4205407,20.0,30,Outras posições,False,606.9,28.0,4.0,106.0,0.5723,Polígono,,,606.9,
21013837,AEVSLM COLEGIO SAO VICENTE DE PAULO,2111300,19.0,47,Outras posições,False,595.8378947368421,38.0,5.0,123.0,0.5723,Polígono,568.5978723404255,47.0,580.7757647058824,27.240022396416634
42028493,COLEGIO SANTA ROSA DE LIMA,4209300,3.0,5,Desafiante (2º-5º local),False,606.6023157894737,95.0,4.0,352.0,0.5718,Polígono,610.4341379310345,58.0,608.0549019607843,-3.8318221415607923
32063563,ESCOLA BATISTA BRASIL DE VILA VELHA,3205200,11.0,23,Outras posições,False,595.6992307692308,26.0,5.0,106.0,0.5717,Polígono,586.7202222222222,30.0,590.8890476190476,8.979008547008561
33166838,CENTRO PREPARATORIO MAXIMUS EIRELI,3303401,12.0,15,Outras posições,False,626.1524324324324,37.0,1.0,145.0,0.5717,Polígono,651.6695454545454,44.0,640.0135802469135,-25.517113022112994
31371769,COLEGIO APLICACAO,3105608,3.0,5,Desafiante (2º-5º local),False,602.3069230769231,26.0,4.0,101.0,0.5716,Polígono,577.8857142857142,14.0,593.7595,24.42120879120887
43162690,INSTITUTO LAURA VICUNA,4322400,2.0,2,Sem comparação local (poucas escolas na cidade),False,596.4327272727273,44.0,5.0,169.0,0.5715,Polígono,624.6842857142858,42.0,610.23,-28.251558441558473
29182387,COLEGIO GREGOR MENDEL,2927408,33.0,90,Outras posições,False,610.4445833333333,48.0,4.0,219.0,0.5714,Polígono,659.6541666666667,48.0,635.0493749999999,-49.2095833333334
35143157,SALGUEIRO COLEGIO,3550308,143.0,516,Outras posições,False,613.6741463414634,41.0,3.0,136.0,0.5712,Polígono,595.4488372093023,43.0,604.3445238095238,18.2253091321611
41026039,COLEGIO NOSSA SENHORA DA GLORIA,4101408,1.0,6,Líder local,False,606.3873170731707,41.0,4.0,152.0,0.5707,Polígono,581.1813725490196,51.0,592.4144565217391,25.205944524151164
27054500,COLEGIO NOSSA SENHORA DO SANTISSIMO SACRAMENTO,2704302,14.0,63,Outras posições,False,599.4188,50.0,5.0,194.0,0.5694,Polígono,610.9105263157895,19.0,602.5831884057972,-11.491726315789492
33060312,INSTITUTO DE EDUCACAO SANTO ANTONIO,3303500,3.0,33,Desafiante (2º-5º local),False,592.1139682539682,63.0,5.0,244.0,0.5691,Polígono,593.1037860082305,81.0,592.6707407407407,-0.9898177542622761
26095912,COLEGIO DIOGO DE BRAGA,2616407,3.0,7,Desafiante (2º-5º local),False,599.4061538461539,39.0,5.0,158.0,0.569,Polígono,581.6610256410256,39.0,590.5335897435897,17.745128205128253
35165451,COLEGIO MEMORIAL,3525904,15.0,31,Outras posições,False,611.663448275862,29.0,3.0,101.0,0.5677,Polígono,597.7107142857143,28.0,604.8094736842105,13.952733990147749
52091279,COLEGIO PLANETA EDUCACIONAL,5208707,35.0,68,Outras posições,False,621.2109452736319,67.0,2.0,195.0,0.5675,Polígono,612.8194520547945,73.0,616.835380952381,8.391493218837354
41025954,MATER DEI - COLEGIO ED INF ENS FUND E MEDIO,4101408,2.0,6,Desafiante (2º-5º local),False,605.7537777777777,45.0,4.0,153.0,0.5669,Polígono,608.2622695035461,47.0,607.0352898550725,-2.5084917257684083
31170208,ESCOLA MACHADO DE ASSIS,3103504,5.0,6,Desafiante (2º-5º local),False,605.5703703703704,27.0,4.0,116.0,0.5664,Polígono,621.2785714285714,28.0,613.5672727272727,-15.708201058200984
35109435,NOSSA SENHORA DE MISERICORDIA COLEGIO,3534401,7.0,31,Outras posições,False,609.4171875,64.0,4.0,176.0,0.5664,Polígono,602.0235897435898,39.0,606.6176699029126,7.393597756410145
35071936,CANELLO MARQUES COLEGIO,3550308,146.0,516,Outras posições,False,598.9015053763441,62.0,5.0,162.0,0.5662,Polígono,604.8442105263158,38.0,601.1597333333334,-5.942705149971744
27034895,COLEGIO MARISTA DE MACEIO,2704302,15.0,63,Outras posições,False,602.2071186440678,59.0,4.0,239.0,0.5661,Polígono,613.39417989418,63.0,607.9840437158471,-11.187061250112151
52099024,COLEGIO FRACTAL CIDADE JARDIM,5208707,37.0,68,Outras posições,False,617.52,49.0,2.0,200.0,0.5656,Polígono,629.4874242424243,44.0,623.1820071684588,-11.967424242424272
26033925,COLEGIO DOM BOSCOEXTENSAO,2611101,4.0,10,Desafiante (2º-5º local),False,609.2821111111111,60.0,4.0,231.0,0.5655,Polígono,612.0895652173913,46.0,610.5004402515723,-2.8074541062801472
43098584,INSTITUTO EDUCACIONAL DE PASSO FUNDO,4314100,5.0,5,Desafiante (2º-5º local),False,602.0162666666666,25.0,4.0,169.0,0.5649,Polígono,590.905,16.0,597.680162601626,11.111266666666666
33189692,COLEGIO NOS UND BARRA LTDA,3304557,141.0,344,Outras posições,False,615.3631428571429,70.0,1.0,272.0,0.5645,Polígono,617.8838974358974,65.0,616.5768395061727,-2.520754578754577
43105408,COLEGIO ADVENTISTA DE PORTO ALEGRE,4314902,41.0,61,Outras posições,False,591.5476729559748,53.0,5.0,264.0,0.5644,Polígono,590.4824657534247,73.0,590.9305291005292,1.0652072025501411
35290518,REMBRANDT COC,3506003,7.0,20,Outras posições,False,615.5815238095238,70.0,3.0,224.0,0.5643,Polígono,635.6871264367816,58.0,624.691875,-20.10560262725778
33098867,COLEGIO APROVACAO LTDA,3301900,3.0,11,Desafiante (2º-5º local),False,616.9625,40.0,0.0,117.0,0.5638,Polígono,638.7528395061729,27.0,625.7436815920398,-21.790339506172927
41133293,COLEGIO SESC SAO JOSE,4106902,31.0,69,Outras posições,False,594.4861538461539,234.0,5.0,826.0,0.5634,Polígono,602.4521806853583,214.0,598.2913541666667,-7.966026839204346
35109502,MODULO COLEGIO,3510500,2.0,7,Desafiante (2º-5º local),False,598.4648648648649,37.0,5.0,117.0,0.5631,Polígono,618.0410256410257,39.0,608.5105263157895,-19.576160776160805
15180301,INSTITUTO VICENTINO NSRª AUXILIADORA,1502103,2.0,2,Sem comparação local (poucas escolas na cidade),False,591.1859999999999,30.0,5.0,108.0,0.563,Polígono,590.0230303030303,33.0,590.5768253968254,1.1629696969696397
33166935,COLEGIO E CURSO PENSI,3304557,143.0,344,Outras posições,False,625.852972972973,37.0,0.0,197.0,0.5625,Polígono,635.124,75.0,632.06125,-9.271027027027003
35110140,KENNEDY PRESIDENTE COLEGIO,3548500,11.0,32,Outras posições,False,601.6344927536232,46.0,4.0,151.0,0.5614,Polígono,597.0681355932203,59.0,599.0686349206348,4.5663571604029585
33155585,CENTRO EDUCACIONAL BARROSO LEITE,3300704,3.0,12,Desafiante (2º-5º local),False,601.3610666666667,25.0,5.0,119.0,0.5614,Polígono,601.4882051282051,52.0,601.4469264069264,-0.1271384615383795
27055388,CENTRO EDUCACIONAL RIBEIRO CIA LTDA,2704302,16.0,63,Outras posições,False,597.9965217391305,23.0,5.0,121.0,0.5608,Polígono,636.12,37.0,621.506,-38.12347826086955
15565793,COLEGIO SUPREMO DA AMAZONIA,1500800,5.0,22,Desafiante (2º-5º local),False,607.752,35.0,3.0,117.0,0.5606,Polígono,591.8464864864865,37.0,599.5783333333334,15.905513513513483
35581781,COLEGIO GANDOLFI,3516200,10.0,14,Outras posições,False,619.9247619047619,21.0,1.0,104.0,0.5606,Polígono,645.0262962962963,18.0,631.5100854700855,-25.101534391534415
22130756,ESCOLA MARISTA CHAMPAGNAT TERESINA,2211001,29.0,52,Outras posições,False,600.375035460993,141.0,4.0,476.0,0.5598,Polígono,606.373388429752,121.0,603.1452671755725,-5.998352968759036
35382619,SAO DOMINGOS SAVIO COLEGIO,3522307,3.0,10,Desafiante (2º-5º local),False,616.1347826086957,23.0,2.0,103.0,0.5597,Polígono,605.2666666666667,21.0,610.9477272727273,10.868115942029021
35144548,INOVACAO ESCOLA EDUCACAO INFANTIL FUNDAMENTAL E MEDIO,3519071,1.0,7,Líder local,False,604.4136,25.0,4.0,131.0,0.5597,Polígono,601.8475757575758,22.0,603.2124822695035,2.5660242424241915
35102751,BATISTA BRASILEIRO COLEGIO,3550308,149.0,516,Outras posições,False,594.7748148148148,36.0,5.0,151.0,0.5596,Polígono,636.1626666666666,55.0,619.7894505494505,-41.38785185185179
26181266,COLEGIO SANTA EMILIA,2611606,34.0,76,Outras posições,False,610.1468571428571,105.0,3.0,369.0,0.559,Polígono,628.4187234042553,94.0,618.7777889447236,-18.271866261398145
35120947,ESCOLA DE EDUCACAO BASICA FUNDACAO BRADESCO,3534401,8.0,31,Outras posições,False,600.2129203539823,113.0,4.0,391.0,0.5589,Polígono,585.3467383512544,93.0,593.5014886731391,14.866182002727896
15096190,COLEGIO ADVENTISTA DA MARAMBAIA,1501402,23.0,65,Outras posições,False,594.5296296296297,45.0,5.0,140.0,0.5582,Polígono,561.7223076923077,26.0,582.5156807511737,32.807321937321944
52103560,CENTRO EDUCACIONAL IGOR XAVIER,5221403,2.0,2,Sem comparação local (poucas escolas na cidade),False,615.5481818181818,22.0,2.0,104.0,0.5571,Polígono,623.6111111111111,27.0,619.9910204081632,-8.062929292929311
35130588,LA FONTAINE ESCOLA EDUCACAO INFANTIL E FUNDAMENTAL,3525904,17.0,31,Outras posições,False,623.0066666666667,24.0,1.0,105.0,0.5571,Polígono,608.8687719298246,19.0,616.7596899224806,14.1378947368421
13026402,ESCOLAS IDAAM,1302603,16.0,49,Outras posições,False,607.6584126984128,126.0,4.0,415.0,0.557,Polígono,597.3831831831833,111.0,602.8459634317862,10.275229515229512
26192713,COLEGIO CRISTAO DE PETROLINA,2611101,5.0,10,Desafiante (2º-5º local),False,600.8347747747747,37.0,4.0,192.0,0.5568,Polígono,604.3018181818181,33.0,602.4692380952381,-3.467043407043434
35124060,COEDUCAR INSTITUTO DE EDUCACAO,3503208,6.0,13,Outras posições,False,610.6154545454546,44.0,3.0,176.0,0.5567,Polígono,611.5388888888889,54.0,611.1242857142857,-0.9234343434343373
29190886,COLEGIO MONTESSORIANO,2927408,34.0,90,Outras posições,False,606.9889473684211,38.0,3.0,147.0,0.5566,Polígono,636.8677777777777,30.0,620.1707843137256,-29.878830409356624
23277050,COLEGIO MARIA ESTER 4,2304400,45.0,117,Outras posições,False,603.4745593869732,87.0,4.0,272.0,0.555,Polígono,584.8171144278607,67.0,595.3573593073593,18.657444959112468
33178976,COLEGIO E CURSO PENSI,3300704,4.0,12,Desafiante (2º-5º local),False,617.6595384615385,65.0,1.0,224.0,0.5548,Polígono,639.8630188679244,53.0,627.6322881355932,-22.203480406385893
35114911,BARAO DE MAUA ESCOLA DE ED INFANTIL FUNDAMENTAL E MEDIO,3543402,21.0,38,Outras posições,False,603.4624,50.0,4.0,170.0,0.5548,Polígono,620.5664761904762,35.0,610.5052549019608,-17.104076190476235
33067732,COLEGIO DA COMPANHIA DE MARIA,3304557,145.0,344,Outras posições,False,593.8341463414635,41.0,5.0,127.0,0.5546,Polígono,636.9364705882354,17.0,606.4675862068966,-43.1023242467719
43176364,INSTITUTO PRO-UNIVERSIDADE CANOENSE - IPUC,4304606,7.0,10,Outras posições,False,593.8230769230769,26.0,5.0,135.0,0.5545,Polígono,580.7970588235294,34.0,586.4416666666667,13.026018099547514
35135446,PIAGET COLEGIO,3550308,152.0,516,Outras posições,False,596.7531623931624,39.0,5.0,121.0,0.5544,Polígono,599.9013793103449,58.0,598.6356013745705,-3.1482169171824808
23162902,DIOCESANO DO CRATO COLEGIO,2304202,3.0,4,Desafiante (2º-5º local),False,596.6976,25.0,5.0,102.0,0.5537,Polígono,587.1066666666667,18.0,592.6827906976745,9.590933333333282
14000792,CENTRO EDUCACIONAL MACUNAIMA - COLEGIO FAMETRO,1400100,2.0,9,Desafiante (2º-5º local),False,596.6544680851064,47.0,5.0,207.0,0.5536,Polígono,614.9257142857143,63.0,607.1189090909091,-18.271246200607948
35144496,COLEGIO JOSEENSE,3549904,15.0,27,Outras posições,False,603.2995402298851,29.0,4.0,106.0,0.5535,Polígono,571.9464285714286,28.0,587.8980116959065,31.353111658456555
23251832,TIRADENTES COLEGIO,2304400,46.0,117,Outras posições,False,605.0714285714286,98.0,3.0,297.0,0.5534,Polígono,595.501507936508,84.0,600.6545421245422,9.56992063492055
43295258,EEM VIAMOPOLIS,4323002,2.0,6,Desafiante (2º-5º local),False,596.6097297297298,37.0,5.0,168.0,0.5533,Polígono,585.1141228070176,38.0,590.7852888888889,11.495606922712227
16007484,ESC ADVENTISTA DE MACAPA,1600303,6.0,16,Outras posições,False,605.041875,32.0,3.0,119.0,0.5532,Polígono,607.5524137931035,29.0,606.2354098360656,-2.5105387931034784
35139129,PINHEIRO ESCOLA,3550308,153.0,516,Outras posições,False,593.56,66.0,5.0,325.0,0.5531,Polígono,600.1995918367347,98.0,597.5275609756097,-6.63959183673478
35005131,COLEGIO OBJETIVO PRIME,3548708,14.0,33,Outras posições,False,599.3358181818182,110.0,4.0,383.0,0.553,Polígono,597.9794957983194,119.0,598.6310043668122,1.3563223834988776
33066930,ESCOLA DE EDUCACAO BASICA E PROFISSIONAL FUNDACAO BRADESCO,3304557,147.0,344,Outras posições,False,592.6513015873015,105.0,5.0,451.0,0.5529,Polígono,570.2450757575757,88.0,582.4349913644214,22.406225829725827
35124801,ESCOLA DE EDUCACAO BASICA E PROFISSIONAL FUNDACAO BRADESCO,3529005,7.0,13,Outras posições,False,599.3169082125604,69.0,4.0,259.0,0.5528,Polígono,588.8549462365592,62.0,594.3654452926208,10.461961976001248
35100730,AMORIM SANTA TERESA COLEGIO,3550308,154.0,516,Outras posições,False,600.1589333333333,75.0,4.0,304.0,0.5528,Polígono,581.3653750000001,80.0,590.4590322580646,18.79355833333318
53018532,COL IN-NOVA,5300108,54.0,117,Outras posições,False,609.9555823293173,83.0,3.0,246.0,0.5527,Polígono,612.947619047619,21.0,610.5597435897436,-2.9920367183017333
16007735,NUCLEO DE EDUCACAO INTEGRADA - NEI,1600303,7.0,16,Outras posições,False,593.3691228070174,38.0,5.0,132.0,0.5521,Polígono,562.9337931034482,29.0,580.1956218905472,30.43532970356921
52072568,COLEGIO INTEGRAL DE CATALAO,5205109,4.0,8,Desafiante (2º-5º local),False,596.3991489361701,47.0,5.0,145.0,0.5517,Polígono,622.3777777777777,36.0,607.6669879518072,-25.978628841607588
33008337,COLEGIO BITTENCOURT,3301009,8.0,16,Outras posições,False,602.9234782608695,23.0,4.0,112.0,0.5513,Polígono,610.0994666666667,25.0,606.6609722222222,-7.17598840579717
27053431,CONECTA EIRELI,2700300,7.0,15,Outras posições,False,602.9041860465117,43.0,4.0,174.0,0.5511,Polígono,591.6901666666666,40.0,597.4998393574297,11.214019379845013
33191824,COLEGIO E CURSO PENSI,3304557,148.0,344,Outras posições,False,608.5458333333333,104.0,3.0,385.0,0.5508,Polígono,632.721981981982,111.0,621.027472868217,-24.176148648648677
35101448,SAO JUDAS TADEU COLEGIO,3550308,155.0,516,Outras posições,False,605.7414207650273,61.0,3.0,252.0,0.5506,Polígono,603.8636,50.0,604.8955555555557,1.8778207650273089
26137950,COLEGIO SOUZA LEAO MEDIO,2607901,5.0,22,Desafiante (2º-5º local),False,599.4718032786885,61.0,5.0,189.0,0.5504,Polígono,596.821981981982,37.0,598.4713605442178,2.6498212967064774
29478448,CERM - CENTRO DE ESTUDO RONALDO MENDES,2914802,4.0,7,Desafiante (2º-5º local),False,618.3506201550388,86.0,2.0,265.0,0.5503,Polígono,620.8369387755101,98.0,619.6748550724637,-2.4863186204713656
33241201,COLEGIO E CURSO INTELLECTUS - UNIDADE FREGUESIA,3304557,149.0,344,Outras posições,False,610.6545454545454,44.0,2.0,196.0,0.5502,Polígono,621.1985815602836,47.0,616.1003663003663,-10.5440361057382
35122038,COC SISTEMA DE EDUCACAO,3549904,16.0,27,Outras posições,False,617.8729166666667,48.0,1.0,133.0,0.5501,Polígono,648.1661224489795,49.0,633.1756701030927,-30.29320578231284
32068336,ELITE - REDE DE ENSINO,3205200,12.0,23,Outras posições,False,602.6825,24.0,4.0,145.0,0.5495,Polígono,605.2521739130435,23.0,603.94,-2.5696739130435162
24073784,INSTITUTO EDUCACIONAL SEMENTES,2408003,8.0,14,Outras posições,False,599.6644292237443,146.0,4.0,545.0,0.5493,Polígono,579.7443243243243,148.0,589.6366213151928,19.920104899419925
41382366,COLEGIO LOBO DO PARANA - ENSINO FUNDAMENTAL E MEDIO,4109401,6.0,9,Outras posições,False,595.989,20.0,5.0,117.0,0.549,Polígono,555.0290909090909,22.0,574.5338095238095,40.95990909090915
28019814,INSTITUTO DOM FERNANDO GOMES,2800308,20.0,43,Outras posições,False,599.4654098360655,122.0,4.0,434.0,0.5487,Polígono,596.8723188405797,138.0,598.089076923077,2.5930909954857952
35155159,COLEGIO MASTER ANGLO DE ARARAQUARA,3503208,7.0,13,Outras posições,False,609.1878095238095,35.0,3.0,101.0,0.5487,Polígono,604.2245714285715,35.0,606.7061904761905,4.963238095238012
35292175,UNIMOR COLEGIO NUCLEO 2,3550308,156.0,516,Outras posições,False,602.5655782312925,49.0,4.0,165.0,0.5486,Polígono,594.6411111111112,60.0,598.2034862385322,7.924467120181362
35137194,SAINT EXUPERY PEQUENO PRINCIPE COLEGIO SEPP,3524402,3.0,12,Desafiante (2º-5º local),False,609.1866666666667,31.0,3.0,108.0,0.5485,Polígono,631.8557142857143,28.0,619.9448587570621,-22.669047619047547
50030116,NOTA 10 - UNIDADE GARCAS,5002704,18.0,31,Outras posições,False,612.387469879518,166.0,1.0,503.0,0.5481,Polígono,623.361264957265,195.0,618.3151431209603,-10.973795077747013
35126949,INTEGRAL COLEGIO,3507605,6.0,12,Outras posições,False,612.38,35.0,3.0,104.0,0.5469,Polígono,626.5498039215686,34.0,619.3622222222222,-14.169803921568587
53003640,COLEGIO CATOLICA BRASILIA,5300108,56.0,117,Outras posições,False,595.6917081260365,201.0,5.0,673.0,0.5466,Polígono,616.0514081996434,187.0,605.5042439862543,-20.359700073606973
29181755,COLEGIO ADVENTISTA DE SALVADOR,2927408,35.0,90,Outras posições,False,605.4372093023255,43.0,4.0,169.0,0.5462,Polígono,619.5818181818181,44.0,612.5908045977011,-14.14460887949258
33175560,COLEGIO OBJETIVO CAMBOINHAS,3303302,26.0,42,Outras posições,False,598.7931578947369,38.0,5.0,111.0,0.5462,Polígono,608.5351219512195,41.0,603.8491139240507,-9.74196405648263
29182441,COLEGIO NOSSA SENHORA DA SOLEDADE,2927408,36.0,90,Outras posições,False,598.7584126984127,63.0,5.0,241.0,0.5459,Polígono,601.4733333333334,39.0,599.7964705882353,-2.714920634920645
35100663,MADRE MAZZARELLO INSTITUTO,3550308,157.0,516,Outras posições,False,595.5413333333332,60.0,5.0,167.0,0.5456,Polígono,599.5564102564102,39.0,597.1230303030302,-4.015076923077004
41133005,COLEGIO ADVENTISTA PORTAO - EIEFM,4106902,32.0,69,Outras posições,False,595.4269892473119,62.0,5.0,215.0,0.545,Polígono,598.9116939890711,61.0,597.1551761517616,-3.484704741759174
41160266,COLEGIO POSITIVO SANTA MARIA - EDUCACAO INFANTIL ENSINO FUNDAMENTAL E MEDIO,4113700,12.0,24,Outras posições,False,601.8004166666666,32.0,4.0,175.0,0.5433,Polígono,651.4817647058824,34.0,627.3938383838383,-49.68134803921578
29428289,COLEGIO IMPACTO,2919207,5.0,8,Desafiante (2º-5º local),False,595.1343478260869,46.0,5.0,168.0,0.5432,Polígono,599.7019512195121,41.0,597.2868965517241,-4.567603393425202
35101151,NOSSA SENHORA DE LOURDES COLEGIO,3550308,160.0,516,Outras posições,False,598.369696969697,22.0,5.0,118.0,0.5431,Polígono,603.875061728395,27.0,601.4032653061225,-5.505364758698079
35119261,JOSE DE PAIVA NETTO INSTITUTO DE EDUCACAO,3550308,161.0,516,Outras posições,False,598.53,64.0,4.0,237.0,0.543,Polígono,612.4489523809524,70.0,605.8010945273631,-13.918952380952419
31235555,COLEGIO EDUCARE DE BETIM,3106705,6.0,6,Outras posições,False,597.5574509803922,34.0,4.0,145.0,0.5429,Polígono,600.7177272727273,44.0,599.340170940171,-3.160276292335084
15173429,PHYSICS COLEGIO E CURSO,1501402,25.0,65,Outras posições,False,613.2203278688525,61.0,2.0,162.0,0.5423,Polígono,625.0014893617022,47.0,618.3473148148149,-11.78116149284972
33203300,CET CENTRO EDUCACIONAL TOLEDO CET LTDA,3304524,7.0,14,Outras posições,False,616.4577777777778,27.0,2.0,146.0,0.5423,Polígono,,,616.4577777777778,
35004863,COLEGIO BATISTA RIOPRETENSE,3549805,15.0,28,Outras posições,False,601.6956321839081,29.0,4.0,141.0,0.5422,Polígono,579.2563636363636,22.0,592.0159477124183,22.43926854754443
26118149,COLEGIO DA IMACULADA CONCEICAO,2611606,36.0,76,Outras posições,False,598.4264285714286,28.0,4.0,134.0,0.542,Polígono,579.7553846153846,39.0,587.5582089552238,18.671043956043945
29451990,EVOLUCAO CENTRO EDUCACIONAL,2925303,3.0,6,Desafiante (2º-5º local),False,612.7527272727273,55.0,2.0,144.0,0.5418,Polígono,644.2165079365079,42.0,626.3762199312714,-31.463780663780653
22026037,INST EDUC SAO JOSE,2211001,31.0,52,Outras posições,False,604.0723577235772,205.0,3.0,483.0,0.5415,Polígono,623.7695065458207,331.0,616.2360820895522,-19.69714882224355
43100007,COLEGIO GONZAGA,4314407,8.0,10,Outras posições,False,598.2485714285714,42.0,4.0,209.0,0.5409,Polígono,627.0190222222222,75.0,616.6911680911682,-28.770450793650866
35102076,SAO JOSE DE VILA MATILDE ESCOLA,3550308,162.0,516,Outras posições,False,597.8162790697675,43.0,5.0,150.0,0.5402,Polígono,577.140459770115,29.0,589.4885185185186,20.675819299652517
26187604,COLEGIO CBV JAQUEIRA,2611606,38.0,76,Outras posições,False,594.5319999999999,15.0,5.0,119.0,0.5388,Polígono,632.0736231884058,69.0,625.3697619047618,-37.54162318840588
53014405,ESC ATUAL,5300108,58.0,117,Outras posições,False,607.3342222222223,45.0,3.0,150.0,0.5386,Polígono,607.0786206896552,29.0,607.234054054054,0.2556015325670842
35006976,COLEGIO POLIEDRO ARARAS,3503307,4.0,6,Desafiante (2º-5º local),False,615.7103225806452,31.0,2.0,125.0,0.5386,Polígono,641.044,30.0,628.1695081967213,-25.333677419354785
32039980,COLEGIO ADVENTISTA DE VITORIA,3205309,16.0,18,Outras posições,False,597.743076923077,39.0,4.0,160.0,0.538,Polígono,608.5154285714286,35.0,602.8381081081081,-10.772351648351673
29406080,COOPERATIVA EDUCACIONAL DE SANTO ANTONIO DE JESUS RESP LTDA,2928703,3.0,6,Desafiante (2º-5º local),False,603.3792,50.0,3.0,160.0,0.538,Polígono,613.4713698630136,73.0,609.3688617886179,-10.092169863013623
33106851,COLEGIO ST GEORGES,3304557,151.0,344,Outras posições,False,603.9350000000001,24.0,4.0,114.0,0.5377,Polígono,,,603.9350000000001,
35100304,SANTA LUCIA FILIPPINI COLEGIO,3550308,164.0,516,Outras posições,False,597.2602721088435,49.0,5.0,126.0,0.5373,Polígono,608.8045161290322,31.0,601.7336666666666,-11.544244020188671
53014111,COLEGIO IDEAL - UNIDADE III,5300108,59.0,117,Outras posições,False,610.2535395189003,97.0,3.0,415.0,0.5348,Polígono,618.6356038647343,138.0,615.1757730496454,-8.38206434583401
42020557,COLEGIO UNIVILLE,4209102,7.0,14,Outras posições,False,596.9888888888888,18.0,4.0,121.0,0.5347,Polígono,615.0178947368421,19.0,606.247027027027,-18.02900584795327
41129830,COLEGIO IMACULADA CONCEICAO,4106902,34.0,69,Outras posições,False,590.5108571428572,70.0,5.0,274.0,0.5346,Polígono,604.6325641025641,52.0,596.5299453551913,-14.121706959706898
17005078,ASSOCIACAO SANTA CRUZ DE ARAGUAINA,1702109,2.0,4,Desafiante (2º-5º local),False,593.5769105691057,41.0,5.0,205.0,0.5341,Polígono,619.3363742690058,57.0,608.559455782313,-25.75946369990004
35144204,COLEGIO PORTUGUES DE SAO PAULO,3513009,5.0,17,Desafiante (2º-5º local),False,590.3208,25.0,5.0,109.0,0.5339,Polígono,604.1385964912281,38.0,598.6553439153439,-13.817796491228137
42112141,CENTRO EDUCACIONAL CATOLICA MACHADO DE ASSIS,4209102,8.0,14,Outras posições,False,601.940170940171,78.0,3.0,283.0,0.5339,Polígono,614.8327710843374,83.0,608.5866666666667,-12.892600144166408
17056586,CENTRO EDUCACIONAL JCC LTDA,1721000,8.0,14,Outras posições,False,600.1988235294117,17.0,4.0,101.0,0.5338,Polígono,609.3416091954023,29.0,605.9627536231884,-9.142785665990573
28035470,COLEGIO PRO-MUNDO LTDA EPP MATRIZ,2800308,21.0,43,Outras posições,False,611.1694444444444,36.0,2.0,150.0,0.5334,Polígono,631.7677477477478,37.0,621.6096803652969,-20.598303303303396
32070845,CENTRO EDUCACIONAL CASTELO,3205002,5.0,8,Desafiante (2º-5º local),False,593.4782608695652,23.0,5.0,101.0,0.5332,Polígono,,,593.4782608695652,
16012054,PHYSICS COLEGIO E CURSO,1600303,8.0,16,Outras posições,False,614.2791666666667,48.0,1.0,107.0,0.5329,Polígono,595.3542857142858,35.0,606.2987951807229,18.92488095238093
53019253,COL IDEAL AGUAS CLARAS - UNIDADE VII,5300108,60.0,117,Outras posições,False,606.156,25.0,3.0,173.0,0.5328,Polígono,602.0229411764706,34.0,603.7742372881355,4.133058823529382
35140348,SPINOSA COLEGIO UNIDADE II,3550308,166.0,516,Outras posições,False,619.8121428571428,28.0,0.0,139.0,0.5327,Polígono,608.0268421052632,38.0,613.0266666666666,11.785300751879618
26186225,COLEGIO MOTIVO PETROLINA,2611101,6.0,10,Outras posições,False,611.0584313725491,34.0,2.0,106.0,0.5326,Polígono,642.7233333333332,54.0,630.4891666666666,-31.664901960784164
35101898,MARY WARD COLEGIO,3550308,167.0,516,Outras posições,False,600.1260606060606,33.0,4.0,170.0,0.5326,Polígono,602.0414285714286,28.0,601.0052459016393,-1.9153679653679774
35568582,STAR MAX COLEGIO,3534401,10.0,31,Outras posições,False,609.4471111111111,45.0,1.0,172.0,0.532,Polígono,588.2841807909605,59.0,597.441217948718,21.162930320150622
35560728,SER COLEGIO,3552809,2.0,12,Desafiante (2º-5º local),False,595.8411111111111,36.0,4.0,164.0,0.5319,Polígono,621.5305555555556,36.0,608.6858333333333,-25.68944444444446
41128770,COLEGIO DECISIVO CRISTO REI EDUCACAO INFANTIL ENSINO FUNDAMENTAL E MEDIO,4106902,35.0,69,Outras posições,False,596.5128455284553,41.0,4.0,139.0,0.5316,Polígono,598.4846666666667,30.0,597.3460093896714,-1.9718211382114532
35111016,FRANCISCANO NOSSA SENHORA APARECIDA COLEGIO,3549904,17.0,27,Outras posições,False,605.9806896551723,29.0,3.0,105.0,0.5316,Polígono,599.3176,25.0,602.8959259259259,6.663089655172371
35130369,PREMEDICO COLEGIO,3550308,169.0,516,Outras posições,False,602.8663768115941,46.0,4.0,148.0,0.5314,Polígono,585.1303225806452,31.0,595.7258874458873,17.73605423094898
17054079,UPERIMM INSTITUTO DE ENSINO LTDA,1721000,9.0,14,Outras posições,False,605.7946666666667,25.0,3.0,159.0,0.5313,Polígono,594.1016666666667,36.0,598.8938797814208,11.692999999999984
35107736,WALDORF RUDOLF STEINER ESCOLA,3550308,170.0,516,Outras posições,False,589.8561904761906,28.0,5.0,119.0,0.5307,Polígono,,,589.8561904761906,
33102236,INSTITUTO EDUCACIONAL PROF ALAOR LTDA,3303906,12.0,19,Outras posições,False,614.2794285714285,35.0,2.0,131.0,0.5305,Polígono,653.8928735632184,29.0,632.2292708333333,-39.613444991789834
21014833,ESCOLA DE EDUCACAO BASICA E PROFISSIONAL FUNDACAO BRADESCO,2111300,22.0,47,Outras posições,False,595.6042253521127,71.0,4.0,248.0,0.5303,Polígono,576.149696969697,66.0,586.2319708029197,19.454528382415788
23462450,EDUCAR COLEGIO,2304400,48.0,117,Outras posições,False,592.2050980392156,51.0,4.0,201.0,0.5292,Polígono,596.0949685534591,53.0,594.1874358974359,-3.889870514243512
33131236,CENTRO EDUCACIONAL DE ITAIPUACU,3302700,3.0,9,Desafiante (2º-5º local),False,596.2,31.0,4.0,121.0,0.5292,Polígono,598.5545454545455,22.0,597.1773584905661,-2.354545454545473
52089584,CENTRO EDUCACIONAL DESAFIO I EIRELI,5208707,39.0,68,Outras posições,False,599.4100680272109,49.0,4.0,187.0,0.5287,Polígono,605.4828571428571,35.0,601.9403968253968,-6.072789115646287
50033239,COLEGIO CLASSE A UNIDADE II,5002704,21.0,31,Outras posições,False,595.2531481481482,36.0,4.0,233.0,0.5286,Polígono,640.7271957671958,63.0,624.1911784511784,-45.47404761904761
35009758,ADVENTISTA DE JARDIM FLORESTAL,3525904,18.0,31,Outras posições,False,614.1,21.0,2.0,141.0,0.5284,Polígono,,,614.1,
53014707,C EDUCACIONAL CCI SENIOR,5300108,61.0,117,Outras posições,False,589.4639252336449,107.0,5.0,395.0,0.5282,Polígono,606.7926495726496,117.0,598.5150892857143,-17.32872433900468
53019334,COL COC TAGUATINGA,5300108,62.0,117,Outras posições,False,595.9608695652174,23.0,4.0,101.0,0.5277,Polígono,591.7423655913979,31.0,593.5391358024691,4.2185039738195655
11000198,COLEGIO SAPIENS - UNIDADE JARDIM DAS MANGUEIRAS,1100205,6.0,13,Outras posições,False,589.3038993710692,53.0,5.0,197.0,0.5276,Polígono,559.3409722222223,48.0,575.064092409241,29.962927148846916
26121328,COLEGIO ADVENTISTA DO RECIFE,2611606,40.0,76,Outras posições,False,595.9603921568627,34.0,4.0,159.0,0.5275,Polígono,610.9788571428571,35.0,603.5784541062801,-15.018464985994456
35585488,COLEGIO ANGLO UNIDADE HORTOLANDIA,3519071,2.0,7,Desafiante (2º-5º local),False,616.9005847953217,57.0,1.0,142.0,0.5268,Polígono,620.678857142857,35.0,618.3379710144928,-3.778272347535335
15175529,PHYSICS COLEGIO E CURSO,1502400,5.0,11,Desafiante (2º-5º local),False,614.5471428571428,56.0,0.0,163.0,0.5265,Polígono,610.3897652582159,71.0,612.2229396325458,4.157377598926928
42143969,COLEGIO OBJETIVO LAGES,4209300,4.0,5,Desafiante (2º-5º local),False,610.0369105691057,41.0,2.0,168.0,0.5264,Polígono,628.3427777777778,60.0,620.9116831683168,-18.30586720867211
35131507,OSWALD DE ANDRADE COLEGIO UNIDADE II,3550308,172.0,516,Outras posições,False,604.6613725490197,34.0,3.0,156.0,0.5261,Polígono,644.92,27.0,622.4807650273225,-40.25862745098027
52076601,COLEGIO VISAO,5208004,1.0,4,Líder local,False,598.9333333333333,36.0,4.0,122.0,0.5258,Polígono,602.3783333333333,20.0,600.1636904761905,-3.44500000000005
43037720,COLEGIO ULBRA CRISTO REDENTOR,4304606,8.0,10,Outras posições,False,588.8946913580247,54.0,5.0,175.0,0.5258,Polígono,589.5947747747748,37.0,589.1793406593407,-0.7000834167500898
35100328,WELLINGTON CENTRO DE ENSINO INTEGRADO,3550308,173.0,516,Outras posições,False,613.6830303030304,33.0,2.0,120.0,0.5254,Polígono,637.0783783783784,37.0,626.0491428571429,-23.39534807534801
41063350,COLEGIO SAGRADA FAMILIA,4119905,5.0,14,Desafiante (2º-5º local),False,592.1965432098766,135.0,5.0,406.0,0.5251,Polígono,598.5600888888889,150.0,595.5457777777779,-6.363545679012304
41027000,OLIMPUS COL- ENSINO FUNDAMENTAL E MEDIO,4101507,3.0,5,Desafiante (2º-5º local),False,604.5091428571428,35.0,3.0,129.0,0.5248,Polígono,619.3089655172414,29.0,611.2153125,-14.799822660098584
41158768,ALFA REDE DE ENSINO,4127700,5.0,5,Desafiante (2º-5º local),False,604.5053594771242,51.0,3.0,171.0,0.5246,Polígono,636.2480597014926,67.0,622.528757062147,-31.742700224368377
35143625,FENIX COLEGIO,3518404,4.0,7,Desafiante (2º-5º local),False,613.5333333333333,51.0,2.0,176.0,0.5246,Polígono,617.6584848484849,44.0,615.4439298245613,-4.125151515151629
35808210,COLEGIO VICTORINO EIRELI,3550308,175.0,516,Outras posições,False,604.3579166666667,48.0,3.0,166.0,0.5235,Polígono,594.7373333333334,45.0,599.7027956989248,9.620583333333343
35168373,TABLEAU COLEGIO,3554102,10.0,15,Outras posições,False,609.3058461538461,65.0,2.0,205.0,0.5229,Polígono,625.8823076923077,52.0,616.6731623931623,-16.576461538461558
15542858,ESC DOM ANGELO FROZI SC LTDA,1501303,1.0,5,Líder local,False,588.4297777777778,45.0,5.0,135.0,0.5226,Polígono,565.2261788617886,41.0,577.3675968992248,23.20359891598912
33067813,PENSI MARTINS,3304557,153.0,344,Outras posições,False,601.1521568627451,68.0,3.0,214.0,0.5223,Polígono,620.0143209876543,81.0,611.4060850111856,-18.862164124909214
35110346,LICEU SANTISTA,3548500,13.0,32,Outras posições,False,601.6070042194093,79.0,4.0,316.0,0.5223,Polígono,623.2406349206349,63.0,611.2050234741785,-21.63363070122557
52097595,COLEGIO UNUS,5201405,4.0,17,Desafiante (2º-5º local),False,609.1450724637681,46.0,2.0,195.0,0.5219,Polígono,626.0136585365854,41.0,617.0946360153256,-16.868586072817266
41061870,COLGIO ADVENTISTA PONTA GROSSA EIEFM,4119905,6.0,14,Outras posições,False,591.8298039215687,34.0,5.0,151.0,0.5219,Polígono,,,591.8298039215687,
51051273,CENTRO INTEGRADO DE ENSINO 1 E 2 GRAUS,5107602,5.0,7,Desafiante (2º-5º local),False,591.8234666666666,25.0,5.0,158.0,0.5214,Polígono,611.9398611111111,48.0,605.0506849315068,-20.116394444444495
35114157,PROGRESSO DE ARARAQUARA COLEGIO,3503208,8.0,13,Outras posições,False,615.6826315789473,38.0,1.0,143.0,0.5214,Polígono,624.4513333333333,30.0,619.5511764705882,-8.76870175438603
33203415,COLEGIO NOS UND RECREIO LTDA,3304557,154.0,344,Outras posições,False,608.0021333333333,25.0,2.0,109.0,0.5213,Polígono,,,608.0021333333333,
52288358,COLEGIO ABSOLUTO,5201405,5.0,17,Desafiante (2º-5º local),False,599.912380952381,42.0,3.0,143.0,0.5206,Polígono,594.6286956521739,23.0,598.0427692307692,5.283685300207139
29327822,COLEGIO MIGUEL AFONSO,2931350,4.0,4,Desafiante (2º-5º local),False,600.7184946236559,31.0,3.0,119.0,0.5206,Polígono,647.9093333333333,30.0,623.9271038251366,-47.19083870967734
33025460,ALTERNATIVA COLEGIO,3304524,8.0,14,Outras posições,False,596.4752542372881,59.0,3.0,288.0,0.5205,Polígono,615.3090476190476,84.0,607.5384615384615,-18.833793381759506
35108613,BARAO DE MAUA COLEGIO,3529401,1.0,10,Líder local,False,601.1976470588236,34.0,4.0,155.0,0.5196,Polígono,618.3408333333333,24.0,608.2913793103448,-17.14318627450973
35143029,BATISTA DE ITAPEVI ESCOLA,3522505,1.0,3,Líder local,False,603.8264,50.0,2.0,150.0,0.5194,Polígono,596.584347826087,23.0,601.5446575342467,7.242052173913066
31170348,CENTRO EDUCACIONAL ADVENTISTA DE UBERLANDIA,3170206,15.0,21,Outras posições,False,597.7638383838383,33.0,4.0,126.0,0.5188,Polígono,597.98,25.0,597.8570114942529,-0.21616161616168483
41127480,COLEGIO ELITE CONTEMPORANEO EI EF M,4106902,36.0,69,Outras posições,False,603.4119999999999,35.0,3.0,138.0,0.5186,Polígono,613.6042424242423,33.0,608.3582352941175,-10.192242424242409
35481014,ABACO III COLEGIO,3548708,16.0,33,Outras posições,False,611.6262068965517,58.0,1.0,139.0,0.5185,Polígono,622.9539743589744,52.0,616.9811515151515,-11.327767462422685
35127991,BEIT YAACOV ESCOLA,3550308,179.0,516,Outras posições,False,590.978245614035,19.0,5.0,183.0,0.5172,Polígono,662.6266666666667,6.0,608.1738666666666,-71.64842105263165
35101679,CASTRO ALVES COLEGIO,3550308,180.0,516,Outras posições,False,590.9058974358975,26.0,5.0,150.0,0.5171,Polígono,600.568,25.0,595.6422222222222,-9.662102564102497
41486846,SOCIEDADE EDUCACIONAL NOVO EDEN LTDA,4106902,37.0,69,Outras posições,False,587.2181395348838,43.0,5.0,165.0,0.5169,Polígono,573.7498039215686,51.0,579.9108510638299,13.468335613315162
28072430,COLEGIO JARDINS LTDA,2800308,23.0,43,Outras posições,False,603.1214814814815,27.0,3.0,109.0,0.5168,Polígono,641.3666666666667,18.0,618.4195555555556,-38.245185185185164
35108224,ENIAC COLEGIO DE INFORMATICA,3518800,12.0,57,Outras posições,False,587.1717528735633,116.0,5.0,597.0,0.5166,Polígono,599.3701048218029,159.0,594.2246181818183,-12.198351948239633
53003080,COL ADVENTISTA DO GAMA,5300108,63.0,117,Outras posições,False,600.4669264069264,77.0,4.0,351.0,0.5162,Polígono,607.7794285714285,105.0,604.6856776556776,-7.312502164502121
53017870,COL OBJETIVO DF - UNIDADE V,5300108,64.0,117,Outras posições,False,600.109430894309,41.0,3.0,178.0,0.5161,Polígono,611.4073913043478,46.0,606.0830651340997,-11.297960410038854
35102039,OLIVETANO COLEGIO,3550308,181.0,516,Outras posições,False,602.9243333333333,60.0,3.0,212.0,0.5157,Polígono,618.6637179487179,52.0,610.2319047619047,-15.739384615384665
51091127,COLEGIO METHA,5108402,2.0,6,Desafiante (2º-5º local),False,599.0664705882352,34.0,3.0,109.0,0.5155,Polígono,619.573,20.0,606.6614814814815,-20.506529411764745
53015894,COL LICEU,5300108,65.0,117,Outras posições,False,596.9365517241379,29.0,4.0,142.0,0.5149,Polígono,590.8605,40.0,593.4142028985508,6.076051724137869
41024575,PLATAO CEI EF M,4115200,12.0,21,Outras posições,False,600.2234666666667,25.0,4.0,180.0,0.5148,Polígono,631.1802564102564,26.0,616.0053594771243,-30.956789743589752
35144721,ALICERCE COLEGIO,3550308,182.0,516,Outras posições,False,611.2635714285715,28.0,2.0,122.0,0.5146,Polígono,607.7555555555556,27.0,609.5414545454545,3.508015873015893
35813936,ABSOLUTO COLEGIO,3516408,1.0,2,Sem comparação local (poucas escolas na cidade),False,602.7855000000001,40.0,3.0,145.0,0.5146,Polígono,603.1277777777777,36.0,602.9476315789474,-0.3422777777776673
35004818,COLEGIO EDUCACIONAL VALE DO PARANAPANEMA,3504008,4.0,6,Desafiante (2º-5º local),False,596.8118279569893,31.0,4.0,114.0,0.5145,Polígono,630.411111111111,18.0,609.1544217687075,-33.599283154121736
33195579,COLEGIO ASA,3301009,10.0,16,Outras posições,False,603.9010000000001,40.0,2.0,165.0,0.5144,Polígono,589.996,15.0,600.1087272727274,13.905000000000086
15156028,COLEGIO PEQUENO PRINCIPEAVANTE,1501402,26.0,65,Outras posições,False,602.7781481481481,90.0,3.0,270.0,0.5143,Polígono,623.6161006289309,106.0,614.0476530612244,-20.837952480782747
35152432,ADVENTISTA DE SOROCABA COLEGIO,3552205,14.0,27,Outras posições,False,596.779086757991,73.0,4.0,274.0,0.5143,Polígono,622.5755721393034,67.0,609.1245476190477,-25.796485381312436
22138560,COLEGIO CPI,2211001,33.0,52,Outras posições,False,610.7034747474747,165.0,1.0,491.0,0.5142,Polígono,611.0729087048833,157.0,610.8836024844721,-0.3694339574085461
42154090,ESCOLA DE ENSINO MEDIO ESTIMOARTE LTDA EPP,4205407,21.0,30,Outras posições,False,590.2018390804598,29.0,5.0,110.0,0.5139,Polígono,618.3,14.0,599.3500775193797,-28.09816091954019
42113105,COLEGIO DINAMICO CHAPECO,4204202,7.0,9,Outras posições,False,590.1637777777778,30.0,5.0,140.0,0.5137,Polígono,596.8678571428571,28.0,593.4002298850575,-6.7040793650793375
21092419,COLEGIO ADVENTISTA DE IMPERATRIZ,2105302,8.0,11,Outras posições,False,595.4685000000001,40.0,3.0,167.0,0.5133,Polígono,603.2042105263158,38.0,599.2371794871794,-7.735710526315756
26075474,COLEGIO SANTA SOFIA,2606002,2.0,4,Desafiante (2º-5º local),False,590.1277333333334,75.0,5.0,261.0,0.5133,Polígono,605.5259154929577,71.0,597.6158904109589,-15.398182159624298
33075581,SANTA MONICA REDE DE ENSINO - CASCADURA,3304557,155.0,344,Outras posições,False,589.628275862069,58.0,4.0,225.0,0.5132,Polígono,600.8025,48.0,594.6883018867925,-11.174224137930992
35121150,SEPROSIC INSTITUTO BARONEZA DE REZENDE,3538709,14.0,25,Outras posições,False,602.525945945946,37.0,3.0,113.0,0.5124,Polígono,637.2672463768116,23.0,615.8434444444446,-34.741300430865635
26121514,COLEGIO DE SAO JOSE,2611606,42.0,76,Outras posições,False,586.3809523809524,63.0,5.0,222.0,0.5115,Polígono,583.2242857142858,42.0,585.1182857142857,3.156666666666638
53019296,COL IDEAL UNIDADE ASA NORTE,5300108,66.0,117,Outras posições,False,589.8651612903226,31.0,5.0,134.0,0.5113,Polígono,617.6460465116279,43.0,606.0081081081081,-27.78088522130531
35107116,NOSSA SENHORA DAS GRACAS ESCOLA,3550308,184.0,516,Outras posições,False,599.788787878788,44.0,4.0,164.0,0.511,Polígono,594.0044927536233,46.0,596.8323703703704,5.784295125164704
27034844,COLEGIO DE SAO JOSE,2704302,18.0,63,Outras posições,False,589.7825806451613,31.0,5.0,103.0,0.5107,Polígono,597.7622988505747,29.0,593.6394444444445,-7.9797182054134055
35111648,COLEGIO MERE MARIE THEODORE VOIRON,3523909,8.0,9,Outras posições,False,592.83,20.0,5.0,106.0,0.5102,Polígono,585.3633333333333,28.0,588.4744444444444,7.466666666666697
41029526,ADVENTISTA C-EI EF M,4113700,13.0,24,Outras posições,False,589.7393548387096,31.0,5.0,173.0,0.5102,Polígono,601.3152380952381,35.0,595.8780808080808,-11.575883256528527
22146199,UNIDADE ESCOLAR SAO LUIZ GONZAGA DIOCESANO MEDIO,2207702,6.0,11,Outras posições,False,602.0039285714286,56.0,3.0,183.0,0.5095,Polígono,612.2811111111112,54.0,607.0490909090909,-10.277182539682599
15539962,INSTITUTO DE EDUCACAO BETEL,1502400,6.0,11,Outras posições,False,588.735,32.0,4.0,155.0,0.5088,Polígono,586.224,25.0,587.6336842105263,2.5109999999999673
42099536,CENTRO EDUCACIONAL RODA PIAO,4211900,5.0,9,Desafiante (2º-5º local),False,602.1912280701754,38.0,2.0,123.0,0.5087,Polígono,,,602.1912280701754,
31309966,ESCOLA ATHENAS,3170206,16.0,21,Outras posições,False,592.8103267973856,51.0,4.0,257.0,0.5085,Polígono,599.8753846153846,52.0,596.3771521035599,-7.065057817998991
24059293,INSTITUTO BRASIL,2408102,26.0,48,Outras posições,False,592.7341666666667,24.0,4.0,100.0,0.5082,Polígono,598.7772222222222,36.0,596.3600000000001,-6.0430555555554974
35154404,OBJETIVO DO LITORAL CENTRO EDUCACIONAL UNIDADE VI,3548500,14.0,32,Outras posições,False,604.863870967742,62.0,3.0,231.0,0.508,Polígono,622.8069444444444,48.0,612.6935757575758,-17.943073476702466
23265892,PROVECTO COLEGIO,2304400,49.0,117,Outras posições,False,591.8614942528736,58.0,4.0,217.0,0.5069,Polígono,592.820350877193,57.0,592.3367536231884,-0.9588566243194236
33178518,CENTRO DE INTEGRACAO OBJETIVO - CIOB,3301702,5.0,22,Desafiante (2º-5º local),False,601.7082857142857,70.0,3.0,287.0,0.5066,Polígono,617.5591666666667,64.0,609.278855721393,-15.850880952380976
29471583,COLEGIO OMEGA,2927408,38.0,90,Outras posições,False,592.2932307692307,65.0,5.0,188.0,0.5064,Polígono,620.5262857142858,35.0,602.1748,-28.233054945055073
42068606,COLEGIO ADVENTISTA DE ITAJAI,4208203,5.0,10,Desafiante (2º-5º local),False,588.9641176470587,34.0,5.0,258.0,0.5064,Polígono,593.2729487179487,52.0,591.569457364341,-4.308831070889937
35167411,VINICIUS DE MORAES COLEGIO,3550308,187.0,516,Outras posições,False,613.2379310344828,29.0,1.0,134.0,0.5062,Polígono,608.705806451613,31.0,610.8963333333334,4.532124582869869
33184453,COLEGIO ADVENTISTA DE NOVA IGUACU,3303500,4.0,33,Desafiante (2º-5º local),False,597.4300000000001,42.0,3.0,241.0,0.5061,Polígono,589.9626666666667,45.0,593.5675862068966,7.467333333333386
23065893,BATISTA SANTOS DUMONT COL,2304400,50.0,117,Outras posições,False,581.255145631068,103.0,5.0,292.0,0.5058,Polígono,586.4276793248945,79.0,583.5003663003664,-5.1725336938264945
29093490,COLEGIO ANISIO TEIXEIRA,2910800,12.0,21,Outras posições,False,588.8467647058824,136.0,5.0,516.0,0.5058,Polígono,582.78609375,128.0,585.9082575757576,6.060670955882415
31018767,COLEGIO VICENTINO IMACULADA CONCEICAO,3105608,5.0,5,Desafiante (2º-5º local),False,588.7731851851852,45.0,5.0,149.0,0.5053,Polígono,619.0397916666667,32.0,601.3515151515152,-30.266606481481517
51036185,COLEGIO ISAAC NEWTON - CIN - MATUTINO E VESPERTINO,5103403,12.0,27,Outras posições,False,605.2626506024096,166.0,1.0,541.0,0.5052,Polígono,604.0695698924732,186.0,604.6322159090909,1.1930807099364529
35811683,ANGLO ITATIBA CURSO E COLEGIO,3523404,4.0,7,Desafiante (2º-5º local),False,612.5152542372881,59.0,1.0,185.0,0.5047,Polígono,609.8578461538461,65.0,611.1222580645161,2.6574080834419647
15572005,COLEGIO INTELECTUAL,1500800,6.0,22,Outras posições,False,585.2805882352941,68.0,5.0,167.0,0.5041,Polígono,598.0083333333333,60.0,591.24671875,-12.727745098039236
15585689,COLEGIOSEIMA,1501402,27.0,65,Outras posições,False,596.7722222222222,36.0,3.0,105.0,0.5033,Polígono,612.8118181818182,22.0,602.8562068965518,-16.039595959596
50007904,MABE MODERNA ASSOCIACAO BRASILEIRA DE ENSINO MEDIO LTDA,5002704,22.0,31,Outras posições,False,588.451158392435,141.0,5.0,508.0,0.5032,Polígono,602.7146206896551,145.0,595.682634032634,-14.263462297220144
35109496,SAO PIO X INSTITUTO,3534401,11.0,31,Outras posições,False,601.1951724137931,29.0,3.0,100.0,0.5031,Polígono,622.2664516129033,31.0,612.082,-21.071279199110222
43041639,COLEGIO MURIALDO - CAXIAS DO SUL,4305108,10.0,12,Outras posições,False,585.0679710144927,46.0,5.0,266.0,0.503,Polígono,617.4109941520468,57.0,602.9665372168284,-32.34302313755404
41354869,COLEGIO ELITE SAO JOSE DOS PINHAIS CENTRO - EDUCACAO INFANTIL - ENSINO FUNDAMENTAL E ENSINO MEDIO,4125506,3.0,8,Desafiante (2º-5º local),False,592.0493693693694,74.0,4.0,229.0,0.5028,Polígono,576.4456,50.0,585.7575268817204,15.603769369369388
43107877,INSTITUTO DE EDUCACAO SAO FRANCISCO,4314902,44.0,61,Outras posições,False,585.0329577464789,71.0,5.0,295.0,0.5027,Polígono,572.8966013071895,51.0,579.9595628415301,12.136356439289443
41569938,ELITE TALES DE MILETO EI EF M,4119905,7.0,14,Outras posições,False,601.1388888888889,36.0,3.0,145.0,0.5026,Polígono,616.7702222222222,30.0,608.2440404040404,-15.63133333333326
41023960,ANGLO MARINGA CEF M,4115200,13.0,21,Outras posições,False,595.1320634920635,42.0,4.0,182.0,0.5025,Polígono,602.7358139534883,43.0,598.9786666666666,-7.603750461424852
11000252,COLEGIO SAPIENS - UNIDADE JARDIM AMERICA,1100205,7.0,13,Outras posições,False,594.9362962962963,45.0,4.0,125.0,0.5012,Polígono,600.6541176470589,17.0,596.5040860215054,-5.71782135076262
53017030,COL IDEAL UNIDADE V,5300108,67.0,117,Outras posições,False,598.087311827957,93.0,4.0,383.0,0.5012,Polígono,610.1114480874317,122.0,604.9103100775194,-12.02413625947463
26116499,ESCOLA ANITA GONCALVES,2610707,2.0,16,Desafiante (2º-5º local),False,597.4761666666666,40.0,3.0,131.0,0.5011,Polígono,609.0939393939393,33.0,602.7280365296803,-11.617772727272722
41023897,COLEGIO ADVENTISTA DE MARINGA EDUCACAO INFANTIL ENSINO FUNDAMENTAL E MEDIO,4115200,14.0,21,Outras posições,False,583.8965925925926,45.0,5.0,205.0,0.5011,Polígono,569.5490697674419,43.0,576.8858712121212,14.34752282515069
27053997,SOCIEDADE DE EDUCACAO BASICA DE ALAGOAS LTDA,2704302,19.0,63,Outras posições,False,590.8521951219512,41.0,4.0,200.0,0.5008,Polígono,582.5627118644068,59.0,585.9614,8.289483257544475
42130875,ALFA REDE DE ENSINO,4204202,9.0,9,Outras posições,False,590.6713888888889,24.0,4.0,102.0,0.5005,Polígono,577.7082222222222,30.0,583.4696296296296,12.96316666666678
33119031,COL DIMITRI MARQUES LTDA,3304557,161.0,344,Outras posições,False,601.7914285714286,28.0,2.0,125.0,0.5005,Polígono,,,601.7914285714286,
42116643,COLEGIO ELITE SAO JOSE -EM,4216602,4.0,11,Desafiante (2º-5º local),False,594.8505641025641,65.0,4.0,235.0,0.5003,Polígono,609.5919727891156,49.0,601.186783625731,-14.741408686551495
31368385,COLEGIO APOGEU UNIDADE V,3152501,8.0,10,Outras posições,False,603.8129032258065,31.0,2.0,117.0,0.4998,Polígono,623.7427083333333,32.0,613.9359788359789,-19.929805107526818
33187274,COLEGIO EUCARISTICO SANTO ANTONIO,3301009,11.0,16,Outras posições,False,600.4541666666667,24.0,3.0,118.0,0.4998,Polígono,604.3666666666667,12.0,601.7583333333333,-3.9125000000000227
35126196,COLEGIO ANGLO JACAREI ENSINO MEDIO E PRE VESTIBULAR,3524402,4.0,12,Desafiante (2º-5º local),False,611.7268939393939,88.0,1.0,287.0,0.4997,Polígono,627.5815384615385,78.0,619.1766666666666,-15.854644522144554
31215830,INSTITUTO EDUCACIONAL SANTA AMELIA,3157807,3.0,5,Desafiante (2º-5º local),False,594.7898666666666,50.0,4.0,111.0,0.4996,Polígono,592.3183333333333,24.0,593.9882882882882,2.4715333333333547
22141197,CPI SISTEMA DE ENSINO,2211001,35.0,52,Outras posições,False,604.6514285714286,63.0,2.0,203.0,0.4994,Polígono,608.1348,50.0,606.1927433628318,-3.483371428571445
14006740,CLARETIANO-COLEGIO,1400100,3.0,9,Desafiante (2º-5º local),False,584.5932653061225,49.0,5.0,146.0,0.4992,Polígono,587.3097674418605,43.0,585.8629347826087,-2.716502135737983
35160441,PARAISO COLEGIO,3506003,8.0,20,Outras posições,False,600.3297777777777,45.0,3.0,137.0,0.4988,Polígono,578.393,20.0,593.5799999999999,21.936777777777706
33150761,ESCOLA MENINO JESUS,3300704,5.0,12,Desafiante (2º-5º local),False,597.5358823529413,34.0,4.0,130.0,0.4984,Polígono,600.568947368421,38.0,599.1366666666667,-3.0330650154797922
11000350,COLEGIO ADVENTISTA DE PORTO VELHO,1100205,8.0,13,Outras posições,False,591.2902040816326,49.0,4.0,177.0,0.4982,Polígono,589.5290666666667,50.0,590.4007407407407,1.7611374149659014
23070064,FRANCISCO PEREIRA COLEGIO CONEGO,2304400,53.0,117,Outras posições,False,590.16,37.0,4.0,153.0,0.498,Polígono,622.1054545454546,33.0,605.2199999999999,-31.945454545454595
23082585,COLEGIO SEBASTIAO DE ABREU,2307700,1.0,4,Líder local,False,600.1731531531532,37.0,3.0,133.0,0.4978,Polígono,614.288,30.0,606.4932338308458,-14.11484684684683
35127115,OBJETIVO CENTRO EDUCACIONAL UNIDADE DE SAO CAETANO DO SUL,3548807,8.0,10,Outras posições,False,603.1361111111112,36.0,3.0,194.0,0.4975,Polígono,634.0387878787878,33.0,617.915652173913,-30.902676767676667
35130758,CRUZEIRO DO SUL COLEGIO UNIDADE II,3550308,193.0,516,Outras posições,False,587.2187733333333,125.0,5.0,543.0,0.4975,Polígono,579.6505513784462,133.0,583.3173255813954,7.568221954887122
35135057,EXATO COLEGIO,3550308,194.0,516,Outras posições,False,594.2533333333333,45.0,4.0,137.0,0.4971,Polígono,594.3565853658537,41.0,594.3025581395349,-0.10325203252034498
24080411,COLEGIO FENIX,2403251,8.0,13,Outras posições,False,591.0732258064517,62.0,4.0,221.0,0.4971,Polígono,586.2901176470589,85.0,588.3074829931974,4.783108159392782
41063368,COLEGIO SAGRADO CORACAO DE JESUS,4119905,8.0,14,Outras posições,False,587.1522222222222,36.0,5.0,166.0,0.4968,Polígono,591.6466666666666,27.0,589.0784126984128,-4.494444444444412
31193020,COLEGIO JOAO CALVINO,3119401,3.0,3,Desafiante (2º-5º local),False,594.2047058823529,34.0,4.0,120.0,0.4966,Polígono,613.86,21.0,601.7094545454545,-19.655294117647145
29024595,COLEGIO VALE DO SAO FRANCISCO,2918407,1.0,4,Líder local,False,604.2756097560975,82.0,2.0,330.0,0.4964,Polígono,620.4526984126985,63.0,611.304275862069,-16.177088656600972
35290452,OBJETIVO DO LITORAL CENTRO EDUCACIONAL UNIDADE VIII,3551009,1.0,10,Líder local,False,610.8383908045977,29.0,1.0,103.0,0.4954,Polígono,625.3537931034483,29.0,618.096091954023,-14.515402298850631
29446767,ESCOLA BAHIANA DE CIENCIA E TECNOLOGIA,2927408,39.0,90,Outras posições,False,583.8312121212122,44.0,5.0,156.0,0.4954,Polígono,588.2637209302326,43.0,586.0219923371648,-4.432508809020419
35103342,BONI CONSILII INSTITUTO EDUCACAO,3550308,197.0,516,Outras posições,False,599.7713333333334,30.0,3.0,127.0,0.4943,Polígono,610.3466666666667,24.0,604.4714814814814,-10.575333333333333
35138575,REDE DECISAO UNIDADE RENOVACAO,3550308,198.0,516,Outras posições,False,607.0245,40.0,1.0,178.0,0.494,Polígono,610.6509803921568,51.0,609.056923076923,-3.62648039215685
35109848,SANTA CECILIA COLEGIO,3548500,15.0,32,Outras posições,False,586.5508843537415,49.0,5.0,308.0,0.4937,Polígono,555.0719047619048,56.0,569.7620952380952,31.47897959183672
35117705,SANTO ANTONIO COLEGIO,3534708,4.0,7,Desafiante (2º-5º local),False,599.4200000000001,37.0,3.0,164.0,0.4932,Polígono,628.3980769230769,52.0,616.3510112359551,-28.978076923076856
15172600,ESCOLA PITAGORAS,1501303,2.0,5,Desafiante (2º-5º local),False,583.4841666666667,24.0,5.0,121.0,0.4928,Polígono,594.2413793103449,29.0,589.3701886792453,-10.757212643678145
32034520,ESCOLA ADVENTISTA DE CAMPO GRANDE,3201308,4.0,7,Desafiante (2º-5º local),False,589.9704347826087,46.0,5.0,199.0,0.4927,Polígono,589.7917073170731,41.0,589.8862068965517,0.17872746553553043
43019048,COL FRANCISCANO ESPIRITO SANTO,4301602,2.0,3,Desafiante (2º-5º local),False,583.4450666666667,75.0,5.0,286.0,0.4925,Polígono,595.7382945736434,86.0,590.011635610766,-12.293227906976767
43019196,COLEGIO PRESIDENTE EMILIO GARRASTAZU MEDICI,4301602,2.0,3,Desafiante (2º-5º local),False,585.9055999999999,50.0,4.0,188.0,0.4925,Polígono,614.0927659574468,47.0,599.5632989690721,-28.187165957446837
35151774,LUMBINI COLEGIO INTEGRADO,3552502,5.0,11,Desafiante (2º-5º local),False,610.4895384615385,65.0,1.0,179.0,0.4924,Polígono,609.557380952381,56.0,610.0581267217631,0.9321575091574914
52076229,COLEGIO DELTA - ANAPOLIS,5201108,9.0,11,Outras posições,False,599.3636363636364,77.0,3.0,276.0,0.4924,Polígono,630.329552238806,67.0,613.7713888888889,-30.96591587516957
35120339,OBJETIVO CENTRO INTERESCOLAR UNIDADE VERGUEIRO,3550308,199.0,516,Outras posições,False,603.3569318181818,88.0,2.0,293.0,0.4918,Polígono,625.7893963254593,127.0,616.6077364341085,-22.432464507277473
33187681,COLEGIO E CURSO ZEROHUM NOVA IGUACU,3303500,5.0,33,Desafiante (2º-5º local),False,602.5555555555555,45.0,2.0,214.0,0.4917,Polígono,594.0187387387388,37.0,598.7035772357723,8.536816816816781
24059250,ESCOLA DE EDUCACAO BASICA E PROFISSIONAL FUNDACAO BRADESCO,2408102,27.0,48,Outras posições,False,585.821623931624,78.0,4.0,263.0,0.4917,Polígono,581.5167676767677,66.0,583.8485648148148,4.304856254856304
41128370,COLEGIO SOCIAL MADRE CLELIA,4106902,39.0,69,Outras posições,False,586.3268864468864,91.0,5.0,388.0,0.4916,Polígono,597.3954589371981,69.0,591.1002083333333,-11.06857249031168
35174658,CARLOS CHAGAS FILHO EEIEFM,3549805,18.0,28,Outras posições,False,596.3751773049646,47.0,4.0,194.0,0.4915,Polígono,615.1251515151515,44.0,605.4410989010989,-18.749974210186906
21011052,COLEGIO SANTA TERESA,2111300,24.0,47,Outras posições,False,578.8910256410256,78.0,5.0,240.0,0.4915,Polígono,602.0148,50.0,587.92375,-23.1237743589744
35101989,NOSSA SENHORA SAGRADO CORACAO EXTERNATO,3550308,200.0,516,Outras posições,False,599.1458064516129,31.0,3.0,108.0,0.491,Polígono,588.0122580645161,31.0,593.5790322580646,11.133548387096766
23267194,PAIVA ANDRADE COLEGIO,2304400,54.0,117,Outras posições,False,594.9045098039215,34.0,3.0,143.0,0.49,Polígono,602.105625,32.0,598.3959595959595,-7.20111519607849
35124862,ADVENTISTA DE TABOAO DA SERRA COLEGIO,3552809,4.0,12,Desafiante (2º-5º local),False,586.11609375,128.0,5.0,504.0,0.49,Polígono,587.8055652173913,115.0,586.9156378600823,-1.6894714673912858
41157044,ALFA REDE DE ENSINO,4119905,9.0,14,Outras posições,False,606.1995469255663,103.0,1.0,276.0,0.49,Polígono,604.37175,80.0,605.400510018215,1.8277969255663038
42006724,ETC DE TUBARAO,4218707,5.0,6,Desafiante (2º-5º local),False,589.4876470588234,34.0,5.0,103.0,0.4894,Polígono,600.4765217391304,23.0,593.9217543859648,-10.988874680306935
35809305,CONQUISTA COLEGIO,3550308,202.0,516,Outras posições,False,601.9252173913044,23.0,3.0,106.0,0.4892,Polígono,551.4797777777778,30.0,573.3711949685535,50.44543961352656
35173712,FEREGUETTI CENTRO EDUCACIONAL,3550308,202.0,516,Outras posições,False,585.9798230088496,113.0,5.0,379.0,0.4892,Polígono,596.9372759856631,93.0,590.926634304207,-10.957452976813443
35172467,LYON CAMPINAS COLEGIO,3509502,23.0,47,Outras posições,False,601.9016666666666,26.0,3.0,103.0,0.4889,Polígono,588.8485714285714,14.0,597.3330833333333,13.053095238095239
52033120,COLEGIO ADVENTISTA NOVO MUNDO,5208707,42.0,68,Outras posições,False,598.75,30.0,3.0,124.0,0.4889,Polígono,621.1784615384615,39.0,611.4269565217392,-22.428461538461534
15171639,COLEGIO IDEAL,1501402,28.0,65,Outras posições,False,589.641220657277,71.0,4.0,164.0,0.4884,Polígono,612.5055,80.0,601.7547461368654,-22.864279342722966
32038160,CEIC,3205200,13.0,23,Outras posições,False,591.5574358974359,26.0,3.0,102.0,0.4883,Polígono,605.4383333333334,24.0,598.2202666666667,-13.88089743589751
26095904,SISTEMA EDUCACIONAL RADAR,2616407,4.0,7,Desafiante (2º-5º local),False,582.6622471910113,89.0,5.0,282.0,0.488,Polígono,592.4816666666667,72.0,587.0535403726708,-9.819419475655423
35172510,CRESCER COLEGIO,3509502,24.0,47,Outras posições,False,602.6437500000001,48.0,2.0,288.0,0.487,Polígono,601.583282051282,65.0,602.0337463126843,1.060467948718042
15163830,PHYSICS COLEGIO E CURSO,1501402,29.0,65,Outras posições,False,605.5362441314554,142.0,1.0,364.0,0.4868,Polígono,646.7705747126437,87.0,621.2016885007279,-41.23433058118826
21515662,INSTITUTO EDUCACIONAL MACIEL,2103000,2.0,5,Desafiante (2º-5º local),False,598.6080000000001,30.0,2.0,108.0,0.4868,Polígono,649.2288888888888,18.0,617.5908333333333,-50.62088888888877
29180686,CENTRO EDUCACIONAL MARIA JOSE,2927408,40.0,90,Outras posições,False,588.8633333333333,42.0,5.0,119.0,0.4865,Polígono,,,588.8633333333333,
33198128,ICONE COLEGIO E CURSO COLEGIO VENANCIO SOARES LTDA,3304557,165.0,344,Outras posições,False,601.4338461538462,39.0,3.0,188.0,0.4856,Polígono,597.8908333333334,40.0,599.6399156118144,3.5430128205127858
52031497,COLEGIO ARAGUAIA,5201405,6.0,17,Outras posições,False,592.1258823529412,34.0,4.0,120.0,0.4842,Polígono,,,592.1258823529412,
26180863,COLEGIO ANGLO LIDER,2611606,43.0,76,Outras posições,False,590.5386206896551,29.0,3.0,121.0,0.4834,Polígono,607.0542857142857,21.0,597.4752,-16.515665024630607
43107362,COLEGIO MARISTA ASSUNCAO,4314902,46.0,61,Outras posições,False,581.4431205673759,47.0,5.0,184.0,0.4821,Polígono,588.4916279069768,43.0,584.8107407407407,-7.04850733960086
35138733,INTEGRADO DE BRAGANCA PAULISTA COLEGIO,3507605,9.0,12,Outras posições,False,584.9425287356321,29.0,5.0,146.0,0.4819,Polígono,586.9953333333334,60.0,586.3264419475655,-2.0528045977013107
53018796,COL OBJETIVO DF - UNIDADE VIII,5300108,69.0,117,Outras posições,False,597.8100000000001,28.0,2.0,127.0,0.4817,Polígono,609.0272222222222,36.0,604.1196875,-11.217222222222176
35004821,ESCOLA DE ENSINO FUNDAMENTAL E MEDIO COLEGIO 15 DE NOVEMBRO,3538709,17.0,25,Outras posições,False,597.435918367347,49.0,3.0,158.0,0.4813,Polígono,590.6690476190477,42.0,594.3127472527473,6.766870748299311
53003721,C EDUCACIONAL PROJECAO TAGUATINGA NORTE,5300108,70.0,117,Outras posições,False,584.8438095238095,84.0,5.0,285.0,0.4811,Polígono,570.8971111111111,30.0,581.1736257309942,13.94669841269831
25125966,INTERAGINDO SISTEMA DE ENSINO LTDA,2507507,29.0,55,Outras posições,False,581.2539682539683,42.0,5.0,147.0,0.4807,Polígono,594.4329032258065,31.0,586.850502283105,-13.178934971838203
35144997,LIMEIRENSE COLEGIO,3526902,8.0,15,Outras posições,False,593.1059375,64.0,3.0,209.0,0.4806,Polígono,606.21,58.0,599.335737704918,-13.104062500000055
35430432,FENIX SANTA PAULA ESCOLA UNDADE I E II,3548807,9.0,10,Outras posições,False,597.1332777777777,60.0,3.0,229.0,0.4802,Polígono,576.7142168674699,83.0,585.2816550116551,20.41906091030785
42129303,COLEGIO SANTA TEREZINHA,4205407,23.0,30,Outras posições,False,584.61,30.0,5.0,111.0,0.4798,Polígono,595.6877419354838,31.0,590.2396721311475,-11.0777419354838
35119039,COLEGIO CERMAC,3550308,207.0,516,Outras posições,False,594.6878260869565,46.0,4.0,154.0,0.4794,Polígono,661.3666666666667,24.0,617.5491428571429,-66.67884057971014
35467765,OBJETIVO VILA INDUSTRIAL,3509502,25.0,47,Outras posições,False,604.2594915254236,118.0,1.0,365.0,0.4793,Polígono,607.5258407079646,113.0,605.857316017316,-3.266349182540921
35101047,PAULISTA ESCOLA,3550308,208.0,516,Outras posições,False,587.3852830188679,53.0,5.0,147.0,0.4788,Polígono,604.63,32.0,593.8774117647059,-17.244716981132115
33032777,COLEGIO DE APLICACAO DO CENTRO UNIVERSITARIO GERALDO DI BIASE,3306305,11.0,12,Outras posições,False,576.9713793103448,58.0,5.0,193.0,0.4787,Polígono,585.279748427673,53.0,580.9384384384384,-8.308369117328198
13064207,INSTITUTO DE EDUCACAO PROF DENIZARD RIVAIL,1302603,19.0,49,Outras posições,False,580.6647619047619,42.0,5.0,179.0,0.478,Polígono,562.4829166666667,32.0,572.8023423423424,18.181845238095207
52274373,COLEGIO SELECTUS,5200258,2.0,5,Desafiante (2º-5º local),False,584.2275438596491,38.0,5.0,118.0,0.4779,Polígono,600.0805405405405,37.0,592.0483555555555,-15.852996680891351
35116051,RESSURREICAO COLEGIO,3511102,6.0,9,Outras posições,False,593.5741463414635,41.0,3.0,159.0,0.4772,Polígono,608.0896153846154,52.0,601.6903225806451,-14.515469043151938
24069329,COLEGIO HIPOCRATES ZONA SUL,2408102,29.0,48,Outras posições,False,587.3149253731343,67.0,4.0,241.0,0.4771,Polígono,595.0979710144928,69.0,591.2636764705883,-7.7830456413585125
33190410,COLEGIO CURSO TAMANDARE,3304557,168.0,344,Outras posições,False,603.7632,50.0,1.0,208.0,0.4769,Polígono,,,603.7632,
35105569,FRIBURGO COLEGIO,3550308,210.0,516,Outras posições,False,583.95625,32.0,5.0,139.0,0.4769,Polígono,592.245,20.0,587.1442307692307,-8.28875000000005
35133279,COLEGIO PREVE BAURU,3506003,10.0,20,Outras posições,False,593.9285925925926,45.0,4.0,291.0,0.4761,Polígono,577.0492810457516,51.0,584.9614583333333,16.879311546840995
35106756,SAO FRANCISCO XAVIER COLEGIO,3550308,211.0,516,Outras posições,False,579.4488888888889,27.0,5.0,130.0,0.4759,Polígono,624.157619047619,42.0,606.6628985507247,-44.70873015873019
35111259,ALFREDO JOSE BALBI DOUTOR ESCOLA DE APLICACAO,3554102,11.0,15,Outras posições,False,599.8997260273973,73.0,3.0,317.0,0.4759,Polígono,591.3760784313725,51.0,596.3940322580645,8.523647596024716
29608600,CENTRO EDUCACIONAL ADVENTISTA CONQUISTENSE,2933307,8.0,14,Outras posições,False,596.2222727272728,44.0,3.0,208.0,0.4743,Polígono,596.4337037037037,36.0,596.3174166666668,-0.21143097643096098
35104930,OPCAO COLEGIO TECNICO,3549904,18.0,27,Outras posições,False,590.339670781893,81.0,4.0,230.0,0.474,Polígono,590.1720454545455,88.0,590.2523865877712,0.16762532734753677
35136463,CETEC COLEGIO,3550308,212.0,516,Outras posições,False,603.6052631578947,38.0,2.0,121.0,0.4739,Polígono,579.0069565217391,23.0,594.3304918032786,24.5983066361556
43069290,COLEGIO ADVENTISTA DE GRAVATAI,4309209,4.0,7,Desafiante (2º-5º local),False,586.6908333333333,72.0,4.0,361.0,0.4736,Polígono,574.9194535519126,61.0,581.2919298245614,11.771379781420706
33166943,COLEGIO E CURSO PENSI,3304557,169.0,344,Outras posições,False,592.9050632911392,79.0,3.0,320.0,0.4736,Polígono,630.6286597938144,97.0,613.695909090909,-37.723596502675264
42134846,DOM BOSCO - ESCOLA INTELIGENTE,4216602,6.0,11,Outras posições,False,596.1167032967033,91.0,3.0,301.0,0.4735,Polígono,615.9322916666666,96.0,606.2894117647058,-19.81558836996328
25226800,CENTRO EDUCACIONAL AGAPE,2510808,4.0,6,Desafiante (2º-5º local),False,592.8730303030303,44.0,3.0,130.0,0.4733,Polígono,590.0915789473684,19.0,592.0341798941799,2.781451355661943
23259159,MARIA ESTER 2 COLEGIO,2304400,56.0,117,Outras posições,False,596.0424324324324,74.0,3.0,208.0,0.473,Polígono,594.9044086021505,62.0,595.5236274509804,1.1380238302818952
35112707,SAO JOSE ESCOLA SALESIANA,3509502,26.0,47,Outras posições,False,590.1096666666667,60.0,4.0,285.0,0.4726,Polígono,629.3631818181818,44.0,606.7169230769231,-39.2535151515151
43123678,INSTITUTO SAO JOSE,4316907,9.0,12,Outras posições,False,592.6895098039215,68.0,3.0,313.0,0.4717,Polígono,602.6280620155039,86.0,598.2396103896103,-9.938552211582419
41025466,COLEGIO CANADA DE APUCARANA - COLEGIO EI-EF-EM,4101408,3.0,6,Desafiante (2º-5º local),False,595.8886324786324,78.0,3.0,241.0,0.4716,Polígono,605.6845283018868,53.0,599.8518575063613,-9.795895823254341
33145989,ESCOLA TERRA DOS PAPAGAIOS,3300704,6.0,12,Outras posições,False,593.0830769230769,26.0,4.0,121.0,0.4716,Polígono,611.112,15.0,599.6790243902439,-18.028923076923093
43167284,COLEGIO STELLA MARIS,4323002,3.0,6,Desafiante (2º-5º local),False,579.7113513513514,37.0,5.0,147.0,0.4716,Polígono,577.6349206349206,21.0,578.9595402298851,2.076430716430764
23247088,AGAPE COLEGIO,2304400,57.0,117,Outras posições,False,579.5512820512821,39.0,5.0,147.0,0.4711,Polígono,614.5611904761905,28.0,594.182288557214,-35.00990842490842
35151518,ADELIA COSTA E SILVA COLEGIO,3550308,213.0,516,Outras posições,False,589.8118518518519,27.0,4.0,100.0,0.4705,Polígono,598.1715151515151,33.0,594.4096666666667,-8.359663299663225
51093065,SALESIANO SANTO ANTONIO - ESCOLA DE EDUCACAO BASICA,5103403,14.0,27,Outras posições,False,583.0247058823529,68.0,5.0,233.0,0.4704,Polígono,614.5007407407408,54.0,596.9567213114755,-31.476034858387834
41377508,COLEGIO ENERGIA ATIVA - EDUCACAO INFANTIL ENSINO FUNDAMENTAL E MEDIO,4106902,42.0,69,Outras posições,False,579.4285714285714,42.0,5.0,138.0,0.4702,Polígono,597.3230769230769,39.0,588.0444444444445,-17.894505494505438
15554139,COLEGIO DE E F M SOPHOS,1501402,30.0,65,Outras posições,False,589.7789792663477,209.0,4.0,576.0,0.47,Polígono,587.1625,192.0,588.5262011637573,2.61647926634771
28017986,COLEGIO LAVOISIER,2800308,27.0,43,Outras posições,False,606.1452173913043,46.0,1.0,113.0,0.4698,Polígono,589.2307692307693,39.0,598.3844705882353,16.914448160535017
33184666,COLEGIO E CURSO ZEROHUM,3300704,7.0,12,Outras posições,False,595.5640476190476,28.0,3.0,160.0,0.4695,Polígono,568.78,16.0,585.824393939394,26.78404761904767
14001055,ESC INSTITUTO BATISTA DE RORAIMA,1400100,4.0,9,Desafiante (2º-5º local),False,579.34,23.0,5.0,102.0,0.4694,Polígono,578.7635294117647,34.0,578.9961403508772,0.5764705882353383
35142827,COLEGIO BARRETOS,3505500,4.0,7,Desafiante (2º-5º local),False,589.7201904761904,35.0,4.0,130.0,0.4694,Polígono,574.8846666666667,30.0,582.8730256410256,14.835523809523693
41379152,COLEGIO ELITE LONDRINA - ENSINO FUNDAMENTAL E MEDIO,4113700,16.0,24,Outras posições,False,589.6768707482994,49.0,4.0,188.0,0.4692,Polígono,579.9524590163934,61.0,584.2842424242425,9.724411731906002
41130740,MADALENA SOFIA COL - EDUC INF-EF-EM,4106902,43.0,69,Outras posições,False,575.6837037037037,27.0,5.0,125.0,0.4691,Polígono,581.8778571428571,28.0,578.8370909090909,-6.1941534391534105
35125799,LEONARDO DA VINCI COLEGIO,3529401,2.0,10,Desafiante (2º-5º local),False,598.5927777777778,48.0,3.0,164.0,0.4687,Polígono,606.4864285714285,28.0,601.5009649122807,-7.89365079365075
42012198,COLEGIO SATC,4204608,7.0,11,Outras posições,False,582.6810384215992,321.0,5.0,796.0,0.4686,Polígono,584.2692952380952,175.0,583.2414112903226,-1.5882568164960276
43069355,COLEGIO FUNDACAO BRADESCO,4309209,5.0,7,Desafiante (2º-5º local),False,581.8469811320755,106.0,4.0,424.0,0.4684,Polígono,579.4569724770643,109.0,580.6353023255814,2.390008655011229
35140144,INTEGRADO DE OSASCO COLEGIO ENSINO FUNDAMENTAL E MEDIO,3534401,12.0,31,Outras posições,False,582.6271232876712,73.0,5.0,277.0,0.4683,Polígono,568.9843274853802,57.0,576.6452820512822,13.642795802291062
42001773,COLEGIO SALVATORIANO NOSSA SENHORA DE FATIMA,4205407,25.0,30,Outras posições,False,589.3149659863946,49.0,4.0,197.0,0.4676,Polígono,592.2191304347826,46.0,590.7211929824562,-2.9041644483880873
26190494,COLEGIO PLENO LTDA,2609600,7.0,13,Outras posições,False,595.2323076923077,39.0,3.0,137.0,0.4676,Polígono,613.2570588235294,34.0,603.627397260274,-18.024751131221706
29188229,COLEGIO BOM PASTOR,2927408,43.0,90,Outras posições,False,578.99,34.0,5.0,129.0,0.4672,Polígono,588.1836363636364,33.0,583.5182089552239,-9.193636363636415
35136359,CONCORDIA COLEGIO,3550308,214.0,516,Outras posições,False,592.0524242424243,22.0,3.0,100.0,0.4672,Polígono,591.1925203252033,41.0,591.4928042328044,0.8599039172210041
29422256,TSSA TEENS CENTRO DE EDUCACAO LTDA,2927408,44.0,90,Outras posições,False,602.5959788359788,63.0,2.0,223.0,0.4671,Polígono,620.8064516129032,62.0,611.6283733333333,-18.210472776924348
31346420,COLEGIO SES,3106200,96.0,110,Outras posições,False,595.1227272727273,22.0,3.0,100.0,0.4666,Polígono,557.48875,16.0,579.2768421052632,37.63397727272729
35140600,POLITEC COLEGIO,3501608,7.0,10,Outras posições,False,592.3872,75.0,4.0,456.0,0.4665,Polígono,583.82734082397,89.0,587.7419105691056,8.559859176030045
41133692,COLEGIO STELLA MARIS,4106902,45.0,69,Outras posições,False,588.9966666666667,14.0,4.0,106.0,0.4663,Polígono,619.9276923076923,39.0,611.7572327044024,-30.9310256410256
35304049,AUTENTICO COLEGIO,3518800,14.0,57,Outras posições,False,598.1971428571429,35.0,3.0,102.0,0.466,Polígono,590.8686956521739,23.0,595.2910344827587,7.328447204969052
16004329,ESCOLA DE EDUCACAO BASICA E PROFISSIONAL GOVERNADOR JANARY GENTIL NUNES,1600600,2.0,3,Desafiante (2º-5º local),False,584.9069892473118,62.0,4.0,216.0,0.4659,Polígono,576.9401149425287,58.0,581.0563333333333,7.9668743047831185
50060015,NOVAESCOLA,5002704,23.0,31,Outras posições,False,601.98578125,64.0,1.0,164.0,0.4659,Polígono,630.708176100629,53.0,614.9967806267805,-28.72239485062903
35119040,DELTA COLEGIO,3550308,215.0,516,Outras posições,False,601.9654285714286,35.0,1.0,100.0,0.4658,Polígono,605.4394444444445,48.0,603.9744979919678,-3.474015873015901
35113773,ADVENTISTA DE PIRACICABA COLEGIO,3538709,18.0,25,Outras posições,False,592.0419999999999,30.0,2.0,125.0,0.4654,Polígono,567.3806896551724,29.0,579.9203389830509,24.661310344827484
23062495,ESCOLA DE EDUCACAO BASICA E PROFISSIONAL FUNDACAO BRADESCO,2303709,1.0,6,Líder local,False,584.7327927927928,37.0,4.0,186.0,0.465,Polígono,585.0317333333334,50.0,584.9045977011494,-0.2989405405405705
50030582,COLEGIO BIONATUS,5002704,24.0,31,Outras posições,False,594.8792592592592,45.0,3.0,196.0,0.4649,Polígono,631.084761904762,42.0,612.3577777777779,-36.20550264550275
35150654,AGUA VIVA COLEGIO,3529005,8.0,13,Outras posições,False,602.0304761904762,21.0,2.0,100.0,0.464,Polígono,537.7975,8.0,584.3110344827586,64.23297619047617
41024311,MATER DEI CEF M,4115200,15.0,21,Outras posições,False,588.5552941176471,34.0,4.0,174.0,0.4635,Polígono,622.6771428571428,28.0,603.9651612903225,-34.121848739495704
50029150,ELITE DOURADOS,5003702,6.0,6,Outras posições,False,590.2322480620155,43.0,3.0,183.0,0.4627,Polígono,580.2314814814815,54.0,584.6648109965636,10.000766580533991
42155274,COLEGIO UNIVERSITARIO UNIFEBE,4202909,4.0,5,Desafiante (2º-5º local),False,584.97,24.0,5.0,242.0,0.4626,Polígono,589.7198290598291,39.0,587.9103703703704,-4.74982905982904
35288019,DINAMICO COLEGIO,3506003,12.0,20,Outras posições,False,594.5795151515151,55.0,3.0,228.0,0.4626,Polígono,607.0722666666667,100.0,602.6393548387097,-12.492751515151554
27035018,COLEGIO ANCHIETA,2704302,20.0,63,Outras posições,False,588.3733333333332,39.0,4.0,186.0,0.4624,Polígono,596.1220833333333,48.0,592.6485057471264,-7.748750000000086
33008310,COLEGIO BATISTA FLUMINENSE,3301009,12.0,16,Outras posições,False,578.3350724637681,46.0,5.0,149.0,0.4624,Polígono,602.4214634146341,41.0,589.6861302681992,-24.08639095086596
35153692,ARCADIA COLEGIO,3550308,218.0,516,Outras posições,False,591.8470588235294,17.0,4.0,108.0,0.4622,Polígono,596.4393103448275,29.0,594.7421739130434,-4.592251521298067
31193071,COL EGIO JOHN WESLEY,3131307,7.0,8,Outras posições,False,601.5320930232558,43.0,1.0,159.0,0.4621,Polígono,601.071220657277,71.0,601.2450584795321,0.46087236597884385
22026088,INST MAGISTER DE ENSINO,2211001,37.0,52,Outras posições,False,574.758064516129,31.0,5.0,117.0,0.4621,Polígono,594.2655555555556,36.0,585.2397014925373,-19.507491039426554
42162890,COLEGIO ANGLO BALNEARIO CAMBORIU,4202008,2.0,5,Desafiante (2º-5º local),False,598.622074074074,45.0,2.0,233.0,0.462,Polígono,609.01,34.0,603.0928270042193,-10.38792592592597
35159897,MANOEL MORATTO COLEGIO,3534401,13.0,31,Outras posições,False,601.4766666666667,36.0,1.0,150.0,0.4618,Polígono,578.7152380952381,42.0,589.2205128205128,22.76142857142861
24084140,COLEGIO HIPOCRATES ZONA NORTE,2408102,30.0,48,Outras posições,False,578.2638805970149,67.0,5.0,298.0,0.4617,Polígono,586.1218918918919,74.0,582.3879432624113,-7.858011294876974
33156069,COLEGIO SER E CRESCER DE NOVA IGUACU LTDA,3303500,6.0,33,Outras posições,False,595.4028828828829,37.0,2.0,143.0,0.4616,Polígono,628.5077419354838,31.0,610.4948039215686,-33.10485905260089
51091321,COLEGIO FATO,5103403,16.0,27,Outras posições,False,581.2893506493506,77.0,5.0,277.0,0.4616,Polígono,572.2,60.0,577.3086131386862,9.089350649350536
53010973,C EDUCACIONAL PROJECAO SOBRADINHO,5300108,75.0,117,Outras posições,False,594.2464,25.0,3.0,101.0,0.4612,Polígono,588.7907692307692,26.0,591.4650980392157,5.4556307692307655
35130205,COLEGIO INTERNACIONAL RADIAL,3550308,220.0,516,Outras posições,False,581.1251851851852,81.0,5.0,210.0,0.4607,Polígono,594.019670781893,81.0,587.5724279835391,-12.894485596707796
35808301,AMORIM COLEGIO,3550308,221.0,516,Outras posições,False,584.6397222222222,96.0,5.0,616.0,0.4605,Polígono,566.1446222222222,75.0,576.5278362573099,18.49509999999998
23067845,COLEGIO DEOCLECIO FERRO,2304400,58.0,117,Outras posições,False,586.9136363636363,22.0,4.0,134.0,0.4602,Polígono,609.0876923076924,26.0,598.9245833333333,-22.174055944056022
12026409,COLEGIO ALTERNATIVO DO ACRE,1200401,5.0,10,Desafiante (2º-5º local),False,590.8641379310345,29.0,3.0,102.0,0.4599,Polígono,609.467619047619,21.0,598.6776,-18.603481116584476
35326343,ANGLO ALDEIA DA SERRA,3505708,5.0,5,Desafiante (2º-5º local),False,598.2627272727273,22.0,2.0,100.0,0.4593,Polígono,634.5885714285714,21.0,616.0032558139535,-36.32584415584415
35430353,RIBEIRO MAIA COLEGIO,3548708,17.0,33,Outras posições,False,587.789457364341,43.0,4.0,143.0,0.4592,Polígono,594.8888888888889,39.0,591.1660162601626,-7.099431524547867
24002526,COLEGIO MATER CHRISTI,2408003,10.0,14,Outras posições,False,577.666304347826,46.0,5.0,164.0,0.4592,Polígono,619.6054421768707,49.0,599.2980701754385,-41.93913782904474
41133048,COLEGIO SAGRADO CORACAO DE JESUS,4106902,46.0,69,Outras posições,False,574.2909876543209,54.0,5.0,259.0,0.4589,Polígono,577.9756097560976,41.0,575.8811929824561,-3.684622101776654
35803844,HAYA INSTITUTO EDUCACIONAL,3534401,14.0,31,Outras posições,False,593.7811764705883,34.0,3.0,117.0,0.4582,Polígono,580.3765714285714,35.0,586.9817391304349,13.404605042016897
35106926,ADVENTISTA DA LIBERDADE COLEGIO,3550308,223.0,516,Outras posições,False,601.2402083333334,64.0,2.0,310.0,0.4581,Polígono,597.6813131313131,66.0,599.4333846153846,3.558895202020267
35288214,DE ANGELES UNID I COLEGIO,3502804,8.0,13,Outras posições,False,600.8347008547008,39.0,1.0,141.0,0.458,Polígono,620.528275862069,29.0,609.233431372549,-19.693575007368167
35117134,COLEGIO ADVENTISTA PRESIDENTE PRUDENTE,3541406,8.0,13,Outras posições,False,580.6242592592592,36.0,5.0,118.0,0.4578,Polígono,588.4113725490197,17.0,583.1220125786164,-7.787113289760441
41126289,COLEGIO PASSIONISTA NOSSA SENHORA DO ROSARIO,4105805,2.0,3,Desafiante (2º-5º local),False,580.5945614035088,38.0,5.0,150.0,0.4576,Polígono,592.5537984496124,43.0,586.9432921810699,-11.959237046103567
15539830,CENTRO EDUCACIONAL JOAO PAULO II,1501709,2.0,4,Desafiante (2º-5º local),False,584.2392,50.0,4.0,128.0,0.4572,Polígono,578.75,36.0,581.9413953488372,5.4891999999999825
12026530,ESCOLA DE EDUCACAO BASICA E PROFISSIONAL FUNDACAO BRADESCO,1200401,6.0,10,Outras posições,False,579.7952777777778,72.0,4.0,236.0,0.4571,Polígono,574.403615819209,59.0,577.3669720101781,5.391661958568761
42068673,COLEGIO DE APLICACAO UNIVALI,4208203,7.0,10,Outras posições,False,580.4978877887788,101.0,5.0,607.0,0.457,Polígono,593.837794117647,136.0,588.1528551336146,-13.33990632886821
33171793,COLEGIO-CURSO CELULA 1,3302007,1.0,4,Líder local,False,601.8577142857143,35.0,0.0,147.0,0.4565,Polígono,617.14,21.0,607.5885714285714,-15.28228571428565
35141689,COLEGIO PARALELO,3550308,224.0,516,Outras posições,False,601.0264912280702,38.0,2.0,107.0,0.4561,Polígono,585.6765517241379,29.0,594.382487562189,15.349939503932319
35136888,OBJETIVO CENTRO EDUCACIONAL DE PRAIA GRANDE,3541000,2.0,15,Desafiante (2º-5º local),False,587.1274074074074,45.0,4.0,168.0,0.4561,Polígono,611.5895098039216,68.0,601.84796460177,-24.462102396514183
42144329,SOCIEDADE EDUC BALNEARIO CAMBORIU,4202008,3.0,5,Desafiante (2º-5º local),False,603.4447407407407,45.0,1.0,202.0,0.456,Polígono,589.782962962963,45.0,596.6138518518518,13.66177777777773
43167837,COLEGIO ADVENTISTA DE VIAMAO - EDUC INF ENS FUND E MEDIO,4323002,4.0,6,Desafiante (2º-5º local),False,583.9306666666666,40.0,4.0,202.0,0.4556,Polígono,595.7108974358974,52.0,590.5890579710144,-11.780230769230798
35153285,COMUNIDADE COLEGIO DA,3550308,226.0,516,Outras posições,False,596.3206451612903,31.0,3.0,140.0,0.4551,Polígono,599.660634920635,21.0,597.6694871794872,-3.3399897593446894
33200491,NDV EDUCACAO LTDA,3304557,173.0,344,Outras posições,False,586.829111111111,30.0,4.0,133.0,0.4544,Polígono,589.8857142857142,28.0,588.3047126436782,-3.0566031746031967
35125398,REDE DECISAO UNIDADE SAUDE,3550308,227.0,516,Outras posições,False,601.6008510638297,47.0,0.0,185.0,0.4544,Polígono,608.5640909090909,44.0,604.9676923076922,-6.963239845261114
35112252,COLEGIO ADVENTISTA UNASP UNIDADE HORTOLANDIA,3519071,3.0,7,Desafiante (2º-5º local),False,579.789536423841,151.0,5.0,797.0,0.4529,Polígono,571.8913066666667,125.0,576.2124396135265,7.898229757174363
41072103,SAGRADA FAMILIA COLEGIO ENS EDUC INF E ENS FUND E MEDIO,4104808,11.0,15,Outras posições,False,576.7032183908046,29.0,5.0,109.0,0.4522,Polígono,603.98,16.0,586.4016296296296,-27.276781609195382
41026241,SAO JOSE- COLEGIO,4101408,4.0,6,Desafiante (2º-5º local),False,579.0690034364261,97.0,4.0,341.0,0.452,Polígono,587.8953650793651,105.0,583.6569636963696,-8.826361642938991
41131584,NOSSA SRA DA ASSUNCAO COL ED INF EF EM,4106902,48.0,69,Outras posições,False,586.4637254901961,34.0,4.0,144.0,0.452,Polígono,595.6879069767441,43.0,591.6148917748917,-9.224181486547991
22136800,ESCOLA SAO JOSE DE RIBAMAR,2211001,39.0,52,Outras posições,False,595.7374545454546,55.0,3.0,144.0,0.4512,Polígono,569.3715789473684,38.0,584.9643010752688,26.365875598086177
51162806,ESCOLA NOVA DINAMICA DE EDUCACAO BASICA,5107925,4.0,5,Desafiante (2º-5º local),False,583.273023255814,43.0,4.0,182.0,0.451,Polígono,596.8321052631578,38.0,589.6340740740741,-13.559082007343818
23187867,JIM WILLSON COLEGIO,2304400,61.0,117,Outras posições,False,583.2340136054422,98.0,4.0,363.0,0.4507,Polígono,588.611914893617,94.0,585.8669444444445,-5.377901288174826
42114012,COLEGIO UNIFICADO,4202008,4.0,5,Desafiante (2º-5º local),False,596.553696969697,55.0,2.0,234.0,0.4502,Polígono,567.1088888888889,33.0,585.5118939393939,29.444808080808002
35140612,PILARES COLEGIO,3545803,3.0,5,Desafiante (2º-5º local),False,591.73,26.0,3.0,114.0,0.4501,Polígono,570.91,22.0,582.1875,20.82000000000005
41552059,INTEGRACAO CEI EF M,4119905,10.0,14,Outras posições,False,576.3741085271317,43.0,5.0,167.0,0.4495,Polígono,572.683908045977,29.0,574.8877777777777,3.6902004811547613
52046184,COLEGIO SAO JOSE,5208004,3.0,4,Desafiante (2º-5º local),False,579.2301666666667,40.0,5.0,176.0,0.4492,Polígono,563.384761904762,42.0,571.1142276422764,15.845404761904774
33197350,COLEGIO E CURSO ZEROHUM MADUREIRA,3304557,174.0,344,Outras posições,False,602.4569230769231,13.0,1.0,104.0,0.449,Polígono,,,602.4569230769231,
41150120,COLEGIO E CURSO ACESSO,4106902,49.0,69,Outras posições,False,595.265,52.0,3.0,157.0,0.4486,Polígono,630.1245098039216,34.0,609.0466666666667,-34.85950980392158
51051192,CASINHA FELIZ CENTRO DE ENSINO SC,5107602,6.0,7,Outras posições,False,599.2615151515151,22.0,1.0,105.0,0.4486,Polígono,620.0295652173913,23.0,609.8762962962963,-20.768050065876196
43107435,COLEGIO ROMANO SANTA MARTA,4314902,47.0,61,Outras posições,False,582.8440579710145,46.0,4.0,123.0,0.4484,Polígono,590.4991869918699,41.0,586.4516475095786,-7.655129020855384
52109216,FRACTAL PASSEIO DAS AGUAS,5208707,43.0,68,Outras posições,False,592.0649999999999,28.0,3.0,139.0,0.448,Polígono,633.8990476190477,21.0,609.9938775510204,-41.83404761904774
43107397,ESC DE EDUC BASICA DON LUIS GUANELLA,4314902,48.0,61,Outras posições,False,582.5481081081081,37.0,4.0,157.0,0.4472,Polígono,548.7454761904762,28.0,567.9869743589744,33.80263191763186
35150988,UNICOLEGIO ARACATUBA,3502804,9.0,13,Outras posições,False,589.0766153846155,65.0,4.0,193.0,0.4471,Polígono,579.778954248366,51.0,584.9888505747126,9.29766113624953
41602919,COLEGIO E CURSO ACESSO,4106902,50.0,69,Outras posições,False,585.7824444444445,60.0,4.0,193.0,0.4469,Polígono,,,585.7824444444445,
35567516,SILVIO GONZALEZ COLEGIO,3550308,231.0,516,Outras posições,False,596.0747368421053,57.0,2.0,174.0,0.4467,Polígono,615.7168,50.0,605.2532710280375,-19.642063157894768
42113601,COLEGIO UNESC,4204608,8.0,11,Outras posições,False,575.9576344086022,31.0,5.0,151.0,0.4466,Polígono,566.0539784946236,31.0,571.0058064516129,9.903655913978582
50005618,COLEGIO ADVENTISTA JARDIM DOS ESTADOS,5002704,25.0,31,Outras posições,False,581.3733333333333,42.0,4.0,166.0,0.4465,Polígono,570.58,28.0,577.0559999999999,10.793333333333294
35288822,CAMINHAR INSTITUTO EDUCACIONAL,3524402,5.0,12,Desafiante (2º-5º local),False,595.04125,48.0,3.0,192.0,0.4465,Polígono,603.9668571428572,35.0,598.8050602409638,-8.925607142857189
35135616,ADVENTISTA DE JACAREI ESCOLA DE EFM,3524402,5.0,12,Desafiante (2º-5º local),False,582.1349425287357,29.0,5.0,151.0,0.4465,Polígono,592.4012345679013,27.0,587.0847619047619,-10.266292039165592
25020684,COLEGIO CRISTO REI,2510808,5.0,6,Desafiante (2º-5º local),False,582.358202247191,89.0,4.0,250.0,0.4464,Polígono,599.54,41.0,587.7770769230768,-17.18179775280896
35257312,SAO FRANCISCO COLEGIO INTEGRADO,3530706,6.0,9,Outras posições,False,591.9025396825397,21.0,3.0,130.0,0.4464,Polígono,576.86,22.0,584.2063565891473,15.042539682539655
35569409,POLITECNICO DE SOROCABA COLEGIO FUA,3552205,18.0,27,Outras posições,False,591.8505673758865,94.0,3.0,371.0,0.4461,Polígono,615.4039007092199,94.0,603.6272340425531,-23.5533333333334
35118072,GUTENBERG COLEGIO,3530607,14.0,24,Outras posições,False,585.6819259259258,45.0,4.0,141.0,0.4459,Polígono,580.119375,32.0,583.3702164502164,5.562550925925848
35139221,REDE DECISAO UNIDADE JARDIM PRUDENCIA,3550308,232.0,516,Outras posições,False,603.1155555555556,45.0,0.0,180.0,0.4457,Polígono,616.3892063492063,42.0,609.5235249042146,-13.273650793650745
33049424,COLEGIO ADVENTISTA DE DUQUE DE CAXIAS,3301702,7.0,22,Outras posições,False,581.6532098765432,54.0,5.0,204.0,0.4443,Polígono,574.8043055555555,48.0,578.4301960784314,6.848904320987685
41157990,COLEGIO E CURSO ACESSO,4119152,2.0,4,Desafiante (2º-5º local),False,585.2944827586207,29.0,4.0,132.0,0.4442,Polígono,604.6935000000001,40.0,596.5402898550725,-19.399017241379397
35185243,COLEGIO FAAT ENSINO FUNDAMENTAL E MEDIO,3504107,7.0,11,Outras posições,False,594.7174074074074,72.0,3.0,292.0,0.4438,Polígono,612.362909090909,55.0,602.3591601049869,-17.645501683501607
35107906,A EINSTEIN COLEGIO,3550308,234.0,516,Outras posições,False,592.403,60.0,2.0,228.0,0.4434,Polígono,586.4875862068965,29.0,590.4755056179775,5.915413793103539
51059282,COLEGIO ADVENTISTA VARZEA GRANDE,5108402,3.0,6,Desafiante (2º-5º local),False,578.3952631578948,38.0,5.0,160.0,0.4433,Polígono,580.595,52.0,579.6662222222222,-2.199736842105267
35115022,ADVENTISTA DE RIBEIRO PRETO COLEGIO,3543402,23.0,38,Outras posições,False,591.4468181818182,44.0,3.0,167.0,0.4432,Polígono,605.178125,32.0,597.2284210526316,-13.731306818181793
31213845,CENTRO EDUCACIONAL IMPAR,3143302,12.0,13,Outras posições,False,578.3361728395062,54.0,5.0,194.0,0.443,Polígono,609.2794117647059,34.0,590.2915151515152,-30.943238925199694
35810356,MONTESSO COLEGIO,3552205,19.0,27,Outras posições,False,599.6293617021277,47.0,0.0,181.0,0.4425,Polígono,603.8060869565218,46.0,601.6952688172044,-4.176725254394114
35170112,CONQUISTA COLEGIO,3520509,8.0,12,Outras posições,False,585.0257142857143,70.0,4.0,350.0,0.4424,Polígono,586.4329577464788,71.0,585.7343262411347,-1.4072434607644482
35358472,LICEUTECPROFESSOR ROBERTO PACHECO DE OLIVEIRA,3505500,5.0,7,Desafiante (2º-5º local),False,599.6029032258064,62.0,0.0,270.0,0.4423,Polígono,618.4272340425531,47.0,607.7198165137614,-18.824330816746738
15174433,SISTEMA DE ENSINO ROSANA BASTOS,1501402,32.0,65,Outras posições,False,581.5970877192983,95.0,4.0,280.0,0.4422,Polígono,611.7279674796747,123.0,598.5975382262997,-30.130879760376388
31383546,COLEGIO MAIS POSITIVO - UNIDADE II,3170206,19.0,21,Outras posições,False,591.1547222222222,72.0,3.0,228.0,0.4421,Polígono,608.3524137931034,58.0,598.8275384615384,-17.19769157088126
35127231,LA SALLE SAO PAULO COLEGIO,3550308,236.0,516,Outras posições,False,587.4759722222221,48.0,3.0,201.0,0.4419,Polígono,611.545988700565,59.0,600.7482242990654,-24.070016478342836
35164948,ESCOLA QUARUP EDUCACAO BASICA LTDA,3551702,2.0,6,Desafiante (2º-5º local),False,598.5646153846154,26.0,2.0,110.0,0.4419,Polígono,595.9058823529411,34.0,597.0579999999999,2.6587330316742737
31261564,COLEGIO ADVENTISTA DE IPATINGA,3131307,8.0,8,Outras posições,False,583.938947368421,38.0,4.0,135.0,0.4417,Polígono,581.7647058823529,34.0,582.9122222222222,2.1742414860681265
15547205,COLEGIO JOAO XXIII,1502400,9.0,11,Outras posições,False,589.9854166666667,48.0,3.0,167.0,0.4415,Polígono,564.9845925925927,45.0,577.8882437275986,25.00082407407399
35809512,VIVENDO E APRENDENDO COLEGIO,3534401,15.0,31,Outras posições,False,591.0188235294117,51.0,3.0,119.0,0.4411,Polígono,599.3919999999999,30.0,594.12,-8.373176470588191
35135136,ADVENTISTA DE DIADEMA COLEGIO,3513801,5.0,14,Desafiante (2º-5º local),False,595.1786419753087,108.0,2.0,379.0,0.4408,Polígono,578.497610062893,106.0,586.9160747663552,16.68103191241562
35806122,DESAFIO CENTRO EDUCACIONAL,3513009,6.0,17,Outras posições,False,580.9295238095239,84.0,5.0,313.0,0.4404,Polígono,577.9472727272728,77.0,579.5032298136646,2.982251082251082
50007920,COLEGIO RAUL SANS DE MATOS,5002704,26.0,31,Outras posições,False,590.7515384615384,52.0,3.0,159.0,0.44,Polígono,589.4761904761905,35.0,590.2384674329502,1.2753479853479348
26107503,EDUCANDARIO SAO JUDAS TADEU,2603454,4.0,8,Desafiante (2º-5º local),False,580.9661538461538,39.0,4.0,111.0,0.439,Polígono,604.103888888889,48.0,593.7318007662835,-23.13773504273513
35161937,BRAZILIAN INTERNATIONAL SCHOOL,3550308,239.0,516,Outras posições,False,590.5698245614035,19.0,3.0,107.0,0.439,Polígono,617.0070588235294,17.0,603.0540740740739,-26.437234262125912
35106811,COLEGIO SAO JOSE SION IPIRANGA,3550308,240.0,516,Outras posições,False,594.9073631840796,67.0,2.0,197.0,0.4389,Polígono,587.8837878787879,44.0,592.1232432432432,7.023575305291729
50029266,COLEGIO CBA ABC,5002704,27.0,31,Outras posições,False,584.5682051282051,39.0,4.0,141.0,0.4388,Polígono,590.4348148148148,27.0,586.9681818181818,-5.8666096866096495
35111247,ELITE REDE DE ENSINO,3554102,12.0,15,Outras posições,False,584.5357894736842,76.0,4.0,377.0,0.4385,Polígono,608.254125,80.0,596.6990384615385,-23.718335526315855
35123444,COOPERATIVO COLEGIO DE EDUCACAO BASICA,3541406,9.0,13,Outras posições,False,593.5705982905984,39.0,3.0,124.0,0.4381,Polígono,577.5481333333333,25.0,587.3118229166666,16.022464957265015
33171670,COLEGIO E CURSO FATOR,3305109,2.0,10,Desafiante (2º-5º local),False,600.3817021276595,47.0,1.0,152.0,0.4364,Polígono,616.4786046511629,43.0,608.0724444444445,-16.09690252350333
33040117,COL DE APLICACAO DA UCP,3303906,14.0,19,Outras posições,False,577.258918918919,37.0,5.0,158.0,0.4363,Polígono,580.886511627907,43.0,579.20875,-3.6275927089880042
35151048,ADVENTISTA DE SAO BERNARDO DO CAMPO COLEGIO,3548708,18.0,33,Outras posições,False,590.0286111111111,72.0,3.0,279.0,0.4362,Polígono,582.476857142857,70.0,586.3059154929578,7.551753968254047
33075620,SANTA MONICA REDE DE ENSINO - BENTO RIBEIRO,3304557,178.0,344,Outras posições,False,573.7511111111112,18.0,5.0,152.0,0.4362,Polígono,580.5928571428572,42.0,578.5403333333333,-6.84174603174597
33173923,COLEGIO E CURSO ICONE,3304557,179.0,344,Outras posições,False,596.1901123595505,89.0,1.0,101.0,0.4359,Polígono,,,596.1901123595505,
15570533,CENTRO DE ENSINO PLENO IDEAL,1500800,8.0,22,Outras posições,False,590.0720579710145,115.0,2.0,355.0,0.4351,Polígono,608.8677884615385,104.0,598.9978843226789,-18.795730490523965
33055378,COLEGIO E CURSO PIO XII,3303302,29.0,42,Outras posições,False,583.797,20.0,4.0,113.0,0.4349,Polígono,578.765,24.0,581.0522727272728,5.032000000000039
41158253,ESCOLA BILINGUE COC ARAUCARIA EIRELI ME,4101804,3.0,5,Desafiante (2º-5º local),False,586.5866666666667,70.0,4.0,307.0,0.4338,Polígono,595.2556790123457,108.0,591.8465168539326,-8.669012345678993
29448808,ESCOLA GENESIS DE STELLA MARIS,2927408,46.0,90,Outras posições,False,570.1899999999999,28.0,5.0,103.0,0.4334,Polígono,606.8544,25.0,587.4845283018868,-36.664400000000114
33107297,CENTRO EDUCACIONAL SOUZA AMORIM E JARDIM ESCOLA GENTE SABIDA,3304557,180.0,344,Outras posições,False,583.5695061728395,54.0,4.0,203.0,0.4332,Polígono,588.1889361702127,47.0,585.7191419141914,-4.619429997373231
41128702,COLEGIO ADVENTISTA BOA VISTA EIEFM,4106902,52.0,69,Outras posições,False,583.4765432098766,54.0,4.0,218.0,0.4326,Polígono,598.8831034482758,58.0,591.4549404761905,-15.406560238399265
35370836,SAMARAH INSTITUTO EDUCACIONAL,3513009,7.0,17,Outras posições,False,599.8729078014184,47.0,1.0,157.0,0.4323,Polígono,613.6023076923077,26.0,604.7628310502282,-13.72939989088934
35141948,FAAP COLEGIO EM,3550308,245.0,516,Outras posições,False,576.6123809523809,14.0,5.0,104.0,0.432,Polígono,581.9266666666666,8.0,578.5448484848484,-5.314285714285688
33067856,COL MV1 ANDERSON,3304557,181.0,344,Outras posições,False,576.5374193548387,31.0,5.0,116.0,0.4315,Polígono,599.1011428571429,35.0,588.5030303030303,-22.563723502304242
31332780,COLEGIO INTER ACAO UNIDADE II,3106200,99.0,110,Outras posições,False,582.2052631578947,19.0,4.0,109.0,0.431,Polígono,582.8834782608695,23.0,582.5766666666667,-0.678215102974832
26053993,COLEGIO ADVENTISTA DE CARUARU,2604106,8.0,13,Outras posições,False,589.0845144356956,127.0,3.0,493.0,0.4309,Polígono,581.1230651340996,87.0,585.8478504672897,7.961449301595962
53018656,CENTRO EDUCACIONAL IESB,5300108,77.0,117,Outras posições,False,578.7979487179487,78.0,4.0,230.0,0.4306,Polígono,601.9813114754098,61.0,588.9719424460432,-23.18336275746117
28031970,JFGG E CIA LTDA,2800308,28.0,43,Outras posições,False,583.1053333333333,30.0,4.0,111.0,0.4305,Polígono,571.7284126984127,42.0,576.4687962962963,11.376920634920566
33182086,COLEGIO KOELER,3303906,15.0,19,Outras posições,False,588.986976744186,43.0,3.0,160.0,0.4304,Polígono,609.378,10.0,592.8343396226416,-20.391023255814048
15097811,COLEGIO ADVENTISTA DE MARABA,1504208,6.0,9,Outras posições,False,593.4476470588236,34.0,2.0,146.0,0.4303,Polígono,573.852258064516,31.0,584.1021538461538,19.59538899430754
35152900,COLISEU COLEGIO,3518800,16.0,57,Outras posições,False,593.3813333333333,30.0,2.0,135.0,0.4299,Polígono,569.3812345679012,27.0,582.012865497076,24.000098765432085
41165543,JOURNEY C-EF M,4106902,53.0,69,Outras posições,False,586.0986666666666,30.0,4.0,166.0,0.4297,Polígono,560.0060215053765,31.0,572.8384699453552,26.092645161290193
53017749,COL OBJETIVO DF - UNIDADE II,5300108,78.0,117,Outras posições,False,592.2291304347825,138.0,3.0,495.0,0.4296,Polígono,588.9467272727272,110.0,590.7732258064515,3.2824031620552887
35153825,SAO LUIZ DE GONZAGA III COLEGIO,3550308,246.0,516,Outras posições,False,582.9205,80.0,4.0,224.0,0.4295,Polígono,579.7448780487805,41.0,581.8444628099173,3.175621951219455
26152819,GRUPO EDUC DO RECIFE ANGLO LIDER,2611606,47.0,76,Outras posições,False,582.7177272727273,44.0,4.0,179.0,0.4283,Polígono,570.5780487804878,41.0,576.8621176470588,12.139678492239454
35172613,COPERNICO COLEGIO,3516200,12.0,14,Outras posições,False,588.6448275862069,29.0,3.0,159.0,0.4279,Polígono,604.0448484848484,33.0,596.8416129032258,-15.400020898641515
26139146,COLEGIO AVANCAR,2607901,7.0,22,Outras posições,False,572.5136,25.0,5.0,102.0,0.4278,Polígono,565.9685714285714,14.0,570.1641025641026,6.545028571428588
43029752,COLEGIO ADVENTISTA DE CACHOEIRINHA,4303103,2.0,3,Desafiante (2º-5º local),False,576.0474853801169,57.0,5.0,244.0,0.4277,Polígono,574.6822222222222,42.0,575.4682828282828,1.365263157894674
33148937,SANTA MONICA REDE DE ENSINO - FREGUESIA,3304557,183.0,344,Outras posições,False,572.505641025641,39.0,5.0,127.0,0.4276,Polígono,592.0568115942029,23.0,579.758494623656,-19.55117056856193
23072873,JUVENAL DE CARVALHO COLEGIO,2304400,64.0,117,Outras posições,False,573.2419753086419,27.0,5.0,114.0,0.4272,Polígono,592.9814814814815,27.0,583.1117283950617,-19.739506172839583
15149536,INSTITUTO VICENTINO CATARINA LABOURE,1501402,33.0,65,Outras posições,False,568.9033333333333,44.0,5.0,159.0,0.4271,Polígono,561.339111111111,30.0,565.8367567567567,7.56422222222227
27214737,COLEGIO SANTISSIMA TRINDADE,2704302,21.0,63,Outras posições,False,588.3019607843137,34.0,3.0,109.0,0.426,Polígono,609.3325581395349,43.0,600.0463203463204,-21.030597355221175
42016207,COLEGIO ADVENTISTA DE BLUMENAU,4202404,5.0,9,Desafiante (2º-5º local),False,572.08,26.0,5.0,268.0,0.4257,Polígono,591.3029166666666,32.0,582.6857471264367,-19.222916666666606
35125647,INDEPENDENTE DE AMERICANA CENTRO EDUCACIONAL,3501608,8.0,10,Outras posições,False,582.0785714285714,28.0,4.0,135.0,0.4249,Polígono,592.2078888888889,30.0,587.3178735632184,-10.129317460317452
26121379,COLEGIO 2001,2611606,48.0,76,Outras posições,False,578.5319999999999,35.0,5.0,108.0,0.4246,Polígono,575.8936585365853,41.0,577.1086842105262,2.6383414634145765
26120968,COLEGIO SANTA MARIA MAZZARELLO,2611606,49.0,76,Outras posições,False,572.8176470588235,34.0,5.0,141.0,0.4244,Polígono,604.808275862069,29.0,587.5434920634921,-31.9906288032455
35101941,SANTA MARINA ESCOLA,3550308,248.0,516,Outras posições,False,592.54,59.0,2.0,222.0,0.4244,Polígono,606.7002777777777,36.0,597.906,-14.160277777777765
23073233,LUCE COLEGIO,2304400,65.0,117,Outras posições,False,595.2375757575758,33.0,1.0,119.0,0.4243,Polígono,551.8931111111111,30.0,574.5973544973544,43.344464646464644
13026950,ESCOLA DE EDUCACAO BASICA E PROFISSIONAL FUNDACAO BRADESCO,1302603,22.0,49,Outras posições,False,575.0311538461539,52.0,4.0,194.0,0.424,Polígono,589.1293081761006,53.0,582.147365079365,-14.098154329946738
42003555,ALFA REDE DE ENSINO,4216602,8.0,11,Outras posições,False,592.355,24.0,2.0,124.0,0.4236,Polígono,623.2448648648649,37.0,611.0914754098361,-30.889864864864876
24334308,CENTRO EDUCACIONAL PINHEIROS,2408102,32.0,48,Outras posições,False,572.6634782608696,46.0,5.0,107.0,0.4233,Polígono,575.8127777777777,36.0,574.0460975609756,-3.1492995169080586
15563235,SISTEMA DE ENSINO UNIVERSO,1501402,34.0,65,Outras posições,False,580.0225,32.0,3.0,130.0,0.4227,Polígono,599.1745098039215,51.0,591.7906024096385,-19.152009803921487
53015991,CENTRO EDUCACIONAL PROJECAO GUARA II,5300108,79.0,117,Outras posições,False,581.3974603174603,42.0,4.0,161.0,0.4219,Polígono,598.9511627906977,43.0,590.277568627451,-17.553702473237422
26116987,ESCOLA VIRGEM IMACULADA,2610707,4.0,16,Desafiante (2º-5º local),False,584.4367441860464,43.0,3.0,128.0,0.4219,Polígono,593.7847368421053,38.0,588.8222222222221,-9.347992656058864
35112641,ADVENTISTA DE CAMPINAS COLEGIO,3509502,29.0,47,Outras posições,False,591.0268,50.0,3.0,279.0,0.4218,Polígono,611.6486363636363,44.0,600.6795744680852,-20.621836363636362
35006275,COLEGIO PRESBITERIANO DE ATIBAIA,3504107,8.0,11,Outras posições,False,587.2705882352941,17.0,3.0,100.0,0.4217,Polígono,,,587.2705882352941,
35802220,CERVANTES COLEGIO,3543402,26.0,38,Outras posições,False,572.3184313725491,34.0,5.0,184.0,0.4213,Polígono,571.3501960784314,51.0,571.7374901960784,0.968235294117676
26055686,COLEGIO ALTERNATIVO DE CARUARU,2604106,9.0,13,Outras posições,False,567.9080851063829,47.0,5.0,147.0,0.4212,Polígono,,,567.9080851063829,
35105429,PORTO UNIAO COLEGIO,3550308,250.0,516,Outras posições,False,581.310625,32.0,4.0,152.0,0.4212,Polígono,,,581.310625,
35109289,GRANJA VIANA ESCOLA,3513009,8.0,17,Outras posições,False,597.928,20.0,1.0,103.0,0.4211,Polígono,630.1054545454546,11.0,609.3458064516129,-32.177454545454566
35173460,RENASCER ARTE ESCOLA,3552205,20.0,27,Outras posições,False,590.8795555555555,60.0,3.0,197.0,0.421,Polígono,594.0833333333334,45.0,592.2526031746031,-3.203777777777873
33075921,COLEGIO ADVENTISTA DE JACAREPAGUA,3304557,185.0,344,Outras posições,False,581.2395348837209,43.0,4.0,142.0,0.4204,Polígono,609.5653333333333,45.0,595.7243181818181,-28.32579844961242
35005753,COLEGIO PENSE,3530706,8.0,9,Outras posições,False,590.5722666666667,25.0,3.0,115.0,0.4198,Polígono,599.5909090909091,11.0,593.3279629629629,-9.018642424242444
15577708,COLEGIO DE ENSINO ICOARACIENSE - CEI,1501402,35.0,65,Outras posições,False,572.0305785123967,121.0,5.0,372.0,0.4197,Polígono,577.609243697479,119.0,574.7966666666667,-5.578665185082286
42158133,ACESSO EDUCACAO,4202404,6.0,9,Outras posições,False,590.8964102564103,26.0,2.0,125.0,0.4197,Polígono,,,590.8964102564103,
15171027,COLEGIO ADVENTISTA DE SANTAREM,1506807,5.0,6,Desafiante (2º-5º local),False,583.909375,32.0,3.0,121.0,0.4195,Polígono,593.0506666666666,30.0,588.3325806451612,-9.141291666666689
32079320,ESCOLA TECNICA CEDTEC,3205002,6.0,8,Outras posições,False,574.8635087719299,57.0,5.0,205.0,0.4191,Polígono,580.8803278688524,61.0,577.9738983050847,-6.016819096922518
15166260,COLEGIO PAULISTA DE BELEM LTDA-EPP,1501402,36.0,65,Outras posições,False,579.9380645161291,31.0,4.0,115.0,0.4189,Polígono,601.518,35.0,591.3819696969698,-21.57993548387094
35142759,CARLOS DRUMMOND DE ANDRADE COLEGIO,3550308,253.0,516,Outras posições,False,577.648992248062,43.0,4.0,201.0,0.4183,Polígono,587.0739285714286,56.0,582.9802693602693,-9.424936323366637
33077274,COL PRIMUS,3304557,186.0,344,Outras posições,False,574.0793939393939,33.0,5.0,110.0,0.4182,Polígono,561.3875757575757,22.0,569.0026666666666,12.691818181818121
33139032,SISTEMA ELITE DE ENSINO - SAO GONCALO,3304904,16.0,29,Outras posições,False,585.8450273224045,122.0,3.0,424.0,0.4173,Polígono,603.4781818181818,88.0,593.2341587301588,-17.633154495777376
17056152,EDUCANDARIO DE ARAGUAINA,1702109,3.0,4,Desafiante (2º-5º local),False,577.5542857142857,28.0,4.0,140.0,0.4172,Polígono,,,577.5542857142857,
35581823,COLEGIO CRIATIVO,3506003,13.0,20,Outras posições,False,594.6872463768116,23.0,2.0,113.0,0.417,Polígono,603.0945454545455,11.0,597.4072549019608,-8.40729907773391
27225909,COLEGIO ADVENTISTA DE MACEIO,2704302,23.0,63,Outras posições,False,586.5297959183673,49.0,3.0,220.0,0.417,Polígono,603.9979411764706,68.0,596.6822222222223,-17.468145258103277
29277825,COLEGIO PAULO VI,2933307,9.0,14,Outras posições,False,574.59,28.0,5.0,104.0,0.416,Polígono,629.6825,16.0,594.6236363636364,-55.09249999999997
33176787,COLEGIO E CURSO ZEROHUM NITEROI,3303302,31.0,42,Outras posições,False,586.3472164948454,97.0,2.0,350.0,0.4139,Polígono,600.3280645161291,62.0,591.7988679245283,-13.980848021283691
35117699,SESI 144 CENTRO EDUCACIONAL,3534708,6.0,7,Outras posições,False,581.7994642857143,56.0,3.0,191.0,0.4128,Polígono,619.2937931034483,29.0,594.5916470588236,-37.49432881773396
33029318,CENTRO EDUC BARRA MANSA,3300407,4.0,4,Desafiante (2º-5º local),False,576.791724137931,29.0,4.0,159.0,0.4123,Polígono,589.078596491228,19.0,581.6552777777778,-12.286872353296985
25119826,COLEGIO INA,2507507,31.0,55,Outras posições,False,586.6928571428571,42.0,2.0,184.0,0.4116,Polígono,570.3518181818182,22.0,581.075625,16.341038961038862
29304229,COLEGIO ADVENTISTA DE ITABUNA,2914802,6.0,7,Outras posições,False,582.4725000000001,40.0,3.0,146.0,0.4113,Polígono,604.0533333333333,36.0,592.695,-21.580833333333203
51014467,CENTRO DE EDUCACAO BASICA SAO JOSE,5107925,5.0,5,Desafiante (2º-5º local),False,569.6743434343434,33.0,5.0,175.0,0.4109,Polígono,586.6754954954955,37.0,578.6606666666668,-17.001152061152084
35809559,UNICULTURA COLEGIO,3518800,18.0,57,Outras posições,False,576.5986324786326,78.0,4.0,296.0,0.4108,Polígono,599.0297701149426,58.0,586.1648529411766,-22.43113763631004
15584062,ENGELS,1500107,3.0,4,Desafiante (2º-5º local),False,585.7533333333333,66.0,3.0,261.0,0.4107,Polígono,597.4565333333333,75.0,591.978439716312,-11.703199999999924
41028945,INSTITUTO NOSSA SENHORA AUXILIADORA,4103701,1.0,1,Sem comparação local (poucas escolas na cidade),False,578.281768707483,49.0,3.0,137.0,0.4107,Polígono,608.1525714285714,35.0,590.7279365079365,-29.870802721088353
35150344,ADVENTISTA DE ITAPECERICA DA SERRA COLEGIO,3522208,3.0,6,Desafiante (2º-5º local),False,582.8810784313725,68.0,4.0,283.0,0.4098,Polígono,582.4924528301887,53.0,582.7108539944904,0.38862560118388956
17026237,COLEGIO DOM BOSCO ORIGINAL,1721000,10.0,14,Outras posições,False,585.5357575757575,33.0,3.0,181.0,0.4096,Polígono,605.4066666666666,24.0,593.9024561403509,-19.870909090909095
33166560,COLEGIO FORCA MAXIMA DE NOVA IGUACU LTDA - ME,3303500,8.0,33,Outras posições,False,573.455652173913,23.0,5.0,118.0,0.4092,Polígono,577.4520512820513,26.0,575.5761904761905,-3.9963991081383483
35117201,ESCOLA CHAMPAGNAT UNIDADE DE PRESIDENTE PRUDENTE,3541406,10.0,13,Outras posições,False,589.8768055555555,48.0,2.0,186.0,0.4089,Polígono,597.908,25.0,592.6272146118722,-8.031194444444509
35154817,THOMAZ TREGLIA COLEGIO,3550308,258.0,516,Outras posições,False,593.0529032258064,31.0,2.0,124.0,0.4089,Polígono,592.2895652173913,23.0,592.7277777777778,0.7633380084150758
42055253,COLEGIO SILOE,4209102,12.0,14,Outras posições,False,579.2388888888888,18.0,4.0,104.0,0.4088,Polígono,544.1707692307692,13.0,564.5329032258064,35.0681196581196
35139580,COLEGIO MARQUES DE MONTE ALEGRE,3550308,259.0,516,Outras posições,False,576.0685416666666,48.0,5.0,180.0,0.4084,Polígono,575.699512195122,41.0,575.8985393258428,0.3690294715446498
51038919,ESCOLA ADVENTISTA CENTRO AMERICA,5103403,17.0,27,Outras posições,False,576.2321739130435,23.0,4.0,112.0,0.4081,Polígono,597.3492857142857,28.0,587.8258823529412,-21.117111801242118
53008545,COL ROGACIONISTA,5300108,81.0,117,Outras posições,False,579.1101400560225,119.0,4.0,423.0,0.4077,Polígono,600.2564197530864,108.0,589.1709251101322,-21.14627969706396
35152894,ESCOLA DE ENSINO MEDIO CARLOS CHAGAS FILHO,3543402,27.0,38,Outras posições,False,589.7501587301588,21.0,2.0,111.0,0.4076,Polígono,594.6461261261261,37.0,592.8734482758621,-4.895967395967318
23232390,COLEGIO OLIVEIRA CASTRO,2303709,2.0,6,Desafiante (2º-5º local),False,585.4574193548387,31.0,2.0,116.0,0.4072,Polígono,591.0243478260869,23.0,587.8285185185185,-5.566928471248161
35142839,CARLOS DRUMOND DE ANDRADE COLEGIO,3505500,6.0,7,Outras posições,False,589.6722222222222,24.0,2.0,140.0,0.4068,Polígono,593.7754166666666,32.0,592.0169047619047,-4.103194444444398
33174970,COLEGIO ARAUJO ROCHA LTDA EPP,3304557,188.0,344,Outras posições,False,572.4914728682171,43.0,4.0,174.0,0.4061,Polígono,570.111304347826,23.0,571.6620202020202,2.3801685203910665
53008189,ESC DE EDUC BASICA E PROFISSIONAL FUNDACAO BRADESCO,5300108,82.0,117,Outras posições,False,580.5596437659034,131.0,3.0,493.0,0.406,Polígono,577.8924712643678,116.0,579.3070445344131,2.6671725015355605
42142008,COLEGIO OFICINA LTDA,4209102,13.0,14,Outras posições,False,577.898125,48.0,4.0,234.0,0.406,Polígono,601.8753333333334,30.0,587.1201282051283,-23.97720833333335
35407641,TALENTO COLEGIO ENSINO MEDIO,3513009,10.0,17,Outras posições,False,595.3110344827586,58.0,1.0,177.0,0.4055,Polígono,628.8969090909092,55.0,611.6581415929203,-33.58587460815056
35137042,FIAP SCHOOL,3550308,261.0,516,Outras posições,False,578.56875,32.0,4.0,103.0,0.4039,Polígono,557.9625,24.0,569.7375,20.606250000000045
35499365,INDAIATUBA ESCOLA ADVENTISTA DE,3520509,9.0,12,Outras posições,False,588.883,20.0,2.0,169.0,0.4033,Polígono,,,588.883,
35107682,UNASP SAO PAULO ADVENTISTA COLEGIO,3550308,263.0,516,Outras posições,False,575.5013250517599,322.0,5.0,1130.0,0.4031,Polígono,586.5582677165354,254.0,580.3771296296296,-11.056942664775534
35191541,COLEGIO VIVO,3538709,19.0,25,Outras posições,False,584.5502564102565,26.0,3.0,102.0,0.4029,Polígono,599.57,12.0,589.2933333333334,-15.019743589743598
35195790,YEDA MARIA PROFA COLEGIO,3518701,2.0,9,Desafiante (2º-5º local),False,594.9535294117646,34.0,1.0,122.0,0.4028,Polígono,536.1211764705882,17.0,575.3427450980391,58.832352941176396
35141811,OBJETIVO ABC CEEFM UND 201,3548708,20.0,33,Outras posições,False,592.8379591836735,49.0,0.0,244.0,0.4022,Polígono,594.0026,100.0,593.6195973154363,-1.1646408163264823
53020561,COL NOSSA SENHORA APARECIDA GAMA,5300108,83.0,117,Outras posições,False,584.025,12.0,3.0,126.0,0.4011,Polígono,,,584.025,
53004949,SERVICO SOCIAL DO COMERCIO EDUSESC MEC,5300108,84.0,117,Outras posições,False,566.8605913978495,62.0,5.0,220.0,0.4008,Polígono,,,566.8605913978495,
