codigo_escola;NO_ENTIDADE;codigo_municipio;rank_municipio;n_escolas_confiaveis_municipio;segmento_comercial;rede_propria_poliedro;enem_media_geral;qtd_participantes_enem;indice_infra;QT_MAT_MED;score_destaque;produto_alvo;enem_media_geral_2024;qtd_participantes_enem_2024;enem_media_2anos;delta_enem_2025_2024;cidade;UF;score_priorizacao_cidade;distrito;LATITUDE;LONGITUDE;cep;bairro;granularidade_geo;renda_mediana_responsavel;renda_categoria;sistema_ensino_identificado;confianca;ja_cliente_poliedro_qualquer_marca
22025740;INSTITUTO DOM BARRETO CENTRO;2211001;1,0;52;Líder local;False;750,2618245614035;190,0;5,0;729,0;0,966;Poliedro;740,1926177024483;177,0;745,4055585831063;10,069206858955226;Teresina;PI;0,7817;Teresina;;;64000250;CENTRO;nao_aplicavel;3000,0;Média-Alta (R$ 3.000-4.999);Poliedro;confirmado;True
53020570;COL PODION ENS FUND E MEDIO;5300108;1,0;117;Líder local;False;743,7908333333334;184,0;5,0;517,0;0,965;Poliedro;;;743,7908333333334;;Brasília;DF;0,9278;Brasília;;;70790131;ASA NORTE;nao_aplicavel;3000,0;Média-Alta (R$ 3.000-4.999);SAS (Arco Educação);confirmado;False
31004651;COLEGIO SANTO AGOSTINHO;3106200;1,0;110;Líder local;False;721,6742675159236;314,0;5,0;1070,0;0,961;Poliedro;711,3602721088436;294,0;716,6869078947369;10,313995407080029;Belo Horizonte;MG;0,9738;Belo Horizonte;-19,92601992;-43,94960403;30180007;SANTO AGOSTINHO;nao_aplicavel;10000,0;Alta (≥ R$ 5.000);SAS (Arco Educação);confirmado;False
22022481;ANBEAS - COLEGIO SAGRADO CORACAO DE JESUS;2211001;2,0;52;Desafiante (2º-5º local);False;715,8326907630523;83,0;5,0;374,0;0,959;Poliedro;712,3023529411764;102,0;713,8862342342343;3,530337821875833;Teresina;PI;0,7817;Teresina;-5,089079;-42,80923;64000020;CENTRO;nao_aplicavel;3000,0;Média-Alta (R$ 3.000-4.999);Bernoulli;confirmado;False
33063729;COLEGIO SANTO INACIO;3304557;1,0;344;Líder local;False;702,6909822866344;207,0;5,0;664,0;0,952;Poliedro;694,2442261904762;224,0;698,3010208816705;8,446756096158197;Rio de Janeiro;RJ;0,8408;Rio de Janeiro;-22,94975;-43,19007;22260004;BOTAFOGO;bairro;8000,0;Alta (≥ R$ 5.000);FTD;confirmado;False
31006394;COLEGIO MARISTA DOM SILVERIO;3106200;2,0;110;Desafiante (2º-5º local);False;702,5437037037036;99,0;5,0;458,0;0,952;Poliedro;701,7916374269006;114,0;702,1411893583725;0,7520662768030206;Belo Horizonte;MG;0,9738;Belo Horizonte;-19,9421069;-43,9349607;30330010;SÃO PEDRO;nao_aplicavel;8000,0;Alta (≥ R$ 5.000);Marista (FTD, rede fechada);confirmado;False
25097539;COLEGIO E CURSO EVOLUCAO;2507507;1,0;55;Líder local;False;701,570786516854;89,0;5,0;249,0;0,951;Poliedro;709,8766153846154;65,0;705,0764935064936;-8,30582886776142;João Pessoa;PB;0,8675;João Pessoa;-7,12282;-34,83462;58043210;MIRAMAR;nao_aplicavel;6000,0;Alta (≥ R$ 5.000);Bernoulli;confirmado;False
23246871;ARI DE SA CAVALCANTE - MARIO MAMEDE;2304400;1,0;117;Líder local;False;801,290625;32,0;5,0;106,0;0,949;Poliedro;755,0852941176471;34,0;777,4878787878788;46,20533088235288;Fortaleza;CE;0,8208;Fortaleza;-3,78850469;-38,47881069;60834366;EDSON QUEIROZ;nao_aplicavel;1300,0;Baixa (< R$ 1.800);SAS (Arco Educação);confirmado;False
33057109;COLEGIO LA SALLE ABEL;3303302;1,0;42;Líder local;False;697,3395061728395;162,0;5,0;463,0;0,948;Poliedro;690,7047281323877;141,0;694,2520352035203;6,634778040451806;Niterói;RJ;0,9692;Niterói;-22,90029353;-43,10944729;24230150;ICARAÍ;nao_aplicavel;8200,0;Alta (≥ R$ 5.000);livro didático avulso (múltiplas editoras);confirmado;False
24057134;COLEGIO MARISTA DE NATAL;2408102;1,0;48;Líder local;False;697,0012865497076;171,0;5,0;564,0;0,948;Poliedro;688,2867175572519;131,0;693,2211258278146;8,714568992455725;Natal;RN;0,8531;Natal;-5,79039403;-35,20478848;59020130;TIROL;nao_aplicavel;10000,0;Alta (≥ R$ 5.000);Marista (FTD, rede fechada);confirmado;False
31004812;COLEGIO SANTO ANTONIO;3106200;3,0;110;Desafiante (2º-5º local);False;751,41197740113;177,0;5,0;655,0;0,947;Poliedro;749,4875000000001;184,0;750,4310803324099;1,9244774011299344;Belo Horizonte;MG;0,9738;Belo Horizonte;-19,93487;-43,93506;30130156;SAVASSI;nao_aplicavel;10000,0;Alta (≥ R$ 5.000);não identificado;provavel_proprio;False
27220885;COLEGIO CONTATO MACEIO;2704302;1,0;63;Líder local;False;695,4914649681529;157,0;5,0;496,0;0,947;Poliedro;673,8842051282052;195,0;683,5215340909091;21,607259839947687;Maceió;AL;0,6386;Maceió;-9,645933;-35,70392;57036740;JATIÚCA;nao_aplicavel;5000,0;Alta (≥ R$ 5.000);Poliedro;confirmado;True
23245573;MASTER COLEGIO;2304400;2,0;117;Desafiante (2º-5º local);False;748,7124324324325;37,0;5,0;132,0;0,946;Poliedro;738,9097297297297;37,0;743,8110810810812;9,802702702702732;Fortaleza;CE;0,8208;Fortaleza;-3,7345814;-38,5607871;60325002;PRESIDENTE KENNEDY;nao_aplicavel;1800,0;Média (R$ 1.800-2.999);Eleva;confirmado;False
26189569;COLEGIO COGNITIVO;2611606;1,0;76;Líder local;False;736,5988571428571;70,0;5,0;305,0;0,945;Poliedro;724,8477272727273;88,0;730,053924050633;11,75112987012983;Recife;PE;0,9162;Recife;-8,039320121;-34,91656747;51160330;IMBIRIBEIRA;nao_aplicavel;1600,0;Baixa (< R$ 1.800);não identificado;provavel_proprio;False
26534711;COLEGIO COGNITIVO;2611606;2,0;76;Desafiante (2º-5º local);False;736,4080303030303;132,0;5,0;433,0;0,945;Poliedro;728,9612612612613;111,0;733,0064197530864;7,446769041769016;Recife;PE;0,9162;Recife;-8,112833393;-34,90506163;52060460;SANTANA;nao_aplicavel;8000,0;Alta (≥ R$ 5.000);não identificado;provavel_proprio;False
31004031;COLEGIO SANTA MARCELINA;3106200;4,0;110;Desafiante (2º-5º local);False;729,8276470588235;68,0;5,0;266,0;0,944;Poliedro;728,1967567567567;74,0;728,9777464788732;1,6308903020667458;Belo Horizonte;MG;0,9738;Belo Horizonte;-19,8574963;-43,966769;31275070;SÃO LUIZ;nao_aplicavel;7000,0;Alta (≥ R$ 5.000);FTD;confirmado;False
33062633;COL DE SAO BENTO;3304557;2,0;344;Desafiante (2º-5º local);False;728,5694117647059;68,0;5,0;207,0;0,944;Poliedro;732,6521212121212;66,0;730,5802985074628;-4,082709447415255;Rio de Janeiro;RJ;0,8408;Rio de Janeiro;-22,8978;-43,17965;20090030;CENTRO;bairro;3000,0;Média-Alta (R$ 3.000-4.999);não identificado;provavel_proprio;False
26118165;COLEGIO EQUIPE;2611606;3,0;76;Desafiante (2º-5º local);False;727,4376271186441;59,0;5,0;234,0;0,943;Poliedro;711,516923076923;65,0;719,0920967741936;15,920704041721024;Recife;PE;0,9162;Recife;-8,049735;-34,90529;50610050;MADALENA;nao_aplicavel;6000,0;Alta (≥ R$ 5.000);Equipe (regional Norte-Nordeste);confirmado;False
33063656;ASSOCIACAO DO COLEGIO NOSSA SENHORA DE SION;3304557;3,0;344;Desafiante (2º-5º local);False;692,3626666666667;15,0;5,0;51,0;0,943;Poliedro;687,6759999999999;15,0;690,0193333333334;4,686666666666724;Rio de Janeiro;RJ;0,8408;Rio de Janeiro;-22,93854;-43,196;22241090;COSME VELHO;bairro;4200,0;Média-Alta (R$ 3.000-4.999);Par (Cogna/SOMOS);confirmado;False
23272430;ARI DE SA CAVALCANTE - ALDEOTA;2304400;3,0;117;Desafiante (2º-5º local);False;727,3330325814536;133,0;5,0;658,0;0,943;Poliedro;722,8284219001611;207,0;724,5905196078431;4,504610681292547;Fortaleza;CE;0,8208;Fortaleza;-3,74592511;-38,49271434;60175010;ALDEOTA;nao_aplicavel;8000,0;Alta (≥ R$ 5.000);SAS (Arco Educação);confirmado;False
33104220;RECANTO INF IMACULADA CONCEICAO;3304557;4,0;344;Desafiante (2º-5º local);False;689,8397777777778;90,0;5,0;311,0;0,941;Poliedro;706,4522222222222;78,0;697,5526984126984;-16,61244444444435;Rio de Janeiro;RJ;0,8408;Rio de Janeiro;-23,01703344;-43,45810835;22795077;RECREIO DOS BANDEIRANTES;bairro;6000,0;Alta (≥ R$ 5.000);próprio (menção a eventual FTD no texto — não confirmado, checar de novo depois);provavel_proprio;False
33100713;COL SAINT JOHN;3304557;5,0;344;Desafiante (2º-5º local);False;689,3208333333333;24,0;5,0;82,0;0,94;Poliedro;684,6236842105263;38,0;686,441935483871;4,697149122806991;Rio de Janeiro;RJ;0,8408;Rio de Janeiro;-23,00394967;-43,35183861;22631360;BARRA DA TIJUCA;bairro;10001,0;Alta (≥ R$ 5.000);próprio;confirmado;False
33065403;COLEGIO SANTO AGOSTINHO;3304557;6,0;344;Outras posições;False;715,884;125,0;5,0;436,0;0,94;Poliedro;717,058954248366;153,0;716,5306474820145;-1,1749542483660207;Rio de Janeiro;RJ;0,8408;Rio de Janeiro;-22,98427;-43,22075;22430220;LEBLON;bairro;12000,0;Alta (≥ R$ 5.000);não identificado;provavel_proprio;False
35805555;EMBRAER JUAREZ WANDERLEY COLEGIO;3549904;1,0;27;Líder local;False;715,7219607843138;153,0;5,0;475,0;0,939;Poliedro;708,2820309050772;151,0;712,0264692982457;7,439929879236502;São José dos Campos;SP;0,9207;São José dos Campos;-23,1309549;-45,763159;12247611;EUGENIO DE MELLO;nao_aplicavel;2700,0;Média (R$ 1.800-2.999);Pitágoras (Cogna/SOMOS);confirmado;False
32041152;ESCOLA SAO DOMINGOS;3205309;1,0;18;Líder local;False;712,7585585585585;74,0;5,0;256,0;0,938;Poliedro;706,4353846153847;65,0;709,8016786570744;6,323173943173856;Vitória;ES;0,9347;Vitória;-20,3132046;-40,3092645;29050680;BENTO FERREIRA;nao_aplicavel;7000,0;Alta (≥ R$ 5.000);Eleva;confirmado;False
15168344;COLEGIO EQUIPE CRISTAL;1501402;1,0;65;Líder local;False;686,5726315789474;57,0;5,0;203,0;0,937;Poliedro;669,1164285714285;56,0;677,9217699115045;17,456203007518866;Belém;PA;0,6935;Belém;;;66635894;PARQUE VERDE;nao_aplicavel;2000,0;Média (R$ 1.800-2.999);Equipe (regional Norte-Nordeste);confirmado;False
31333921;COLEGIO SANTO AGOSTINHO UNIDADE NOVA LIMA;3144805;1,0;8;Líder local;False;710,295303030303;88,0;5,0;351,0;0,936;Poliedro;704,9586956521739;92,0;707,5677037037037;5,336607378129088;Nova Lima;MG;0,843;Nova Lima;-19,99206667;-43,92969;34008053;VALE DOS CRISTAIS;nao_aplicavel;2600,0;Média (R$ 1.800-2.999);SAS (Arco Educação);confirmado;False
33135371;COLEGIO CRUZEIRO - JACAREPAGUA;3304557;7,0;344;Outras posições;False;706,7892473118279;93,0;5,0;309,0;0,935;Poliedro;705,0477235772357;82,0;705,973219047619;1,7415237345921923;Rio de Janeiro;RJ;0,8408;Rio de Janeiro;-22,93371236;-43,35472763;22770103;PECHINCHA;bairro;4500,0;Média-Alta (R$ 3.000-4.999);não identificado;provavel_proprio;False
24057169;FACEX;2408102;2,0;48;Desafiante (2º-5º local);False;684,2877777777777;48,0;5,0;170,0;0,934;Poliedro;670,1132258064515;62,0;676,2984848484848;14,174551971326196;Natal;RN;0,8531;Natal;-5,8516495;-35,2066397;59080020;CAPIM MACIO;nao_aplicavel;6000,0;Alta (≥ R$ 5.000);SAS (Arco Educação);confirmado;False
33062609;COLEGIO CRUZEIRO-CENTRO;3304557;8,0;344;Outras posições;False;703,9823717948718;104,0;5,0;333,0;0,934;Poliedro;710,2174418604651;86,0;706,8045614035087;-6,235070065593277;Rio de Janeiro;RJ;0,8408;Rio de Janeiro;-22,91138988;-43,18958779;20230180;CENTRO;bairro;3000,0;Média-Alta (R$ 3.000-4.999);livro didático avulso (múltiplas editoras);confirmado;False
43139108;UNIDADE DE ENSINO COLEGIO SINODAL - SAO LEOPOLDO;4318705;1,0;5;Líder local;False;715,5817142857143;70,0;5,0;271,0;0,934;Poliedro;688,5962499999999;80,0;701,1894666666667;26,98546428571433;São Leopoldo;RS;0,5107;São Leopoldo;-29,77586905;-51,13703789;93030132;MORRO DO ESPELHO;nao_aplicavel;6000,0;Alta (≥ R$ 5.000);Bernoulli;confirmado;False
31006238;COLEGIO LOYOLA;3106200;5,0;110;Desafiante (2º-5º local);False;703,6927619047619;140,0;5,0;619,0;0,933;Poliedro;690,6842512077295;138,0;697,2352997601919;13,00851069703242;Belo Horizonte;MG;0,9738;Belo Horizonte;-19,9348607;-43,9498183;30110051;CIDADE JARDIM;nao_aplicavel;7000,0;Alta (≥ R$ 5.000);SAS (Arco Educação);confirmado;False
33078866;ASSOCIACAO EDUCACIONAL GARRIGA DE MENEZES;3304557;9,0;344;Outras posições;False;703,2114285714285;21,0;5,0;58,0;0,933;Poliedro;684,0559999999999;35,0;691,2392857142856;19,15542857142861;Rio de Janeiro;RJ;0,8408;Rio de Janeiro;-22,93727;-43,3439;22745270;FREGUESIA (JACAREPAGUÁ);bairro;5000,0;Alta (≥ R$ 5.000);Geekie One (Arco Educação);confirmado;False
33057206;INSTITUTO GAYLUSSAC - ENS FUNDAMENTAL E MEDIO;3303302;2,0;42;Desafiante (2º-5º local);False;713,3588000000001;100,0;5,0;300,0;0,933;Poliedro;717,0218421052632;76,0;714,9405681818182;-3,663042105263117;Niterói;RJ;0,9692;Niterói;-22,9167797;-43,08928072;24365050;SÃO FRANCISCO;nao_aplicavel;6000,0;Alta (≥ R$ 5.000);livro didático avulso (múltiplas editoras) — Gaylussac/Cognita;confirmado;False
31193097;COLEGIO SAO FRANCISCO XAVIER - CARIRU;3131307;1,0;8;Líder local;False;702,7575438596491;114,0;5,0;355,0;0,933;Poliedro;687,4296103896104;77,0;696,5782198952879;15,327933470038715;Ipatinga;MG;0,7737;Ipatinga;-19,4953738;-42,5327132;35160114;CARIRU;nao_aplicavel;6000,0;Alta (≥ R$ 5.000);Bernoulli;confirmado;False
31205265;INST PRESBITERIANO GAMMON;3138203;1,0;8;Líder local;False;698,7708196721311;61,0;5,0;197,0;0,93;Poliedro;690,8181481481482;72,0;694,4656140350877;7,952671523982872;Lavras;MG;0,6994;Lavras;-21,2307738;-44,997406;37200232;CENTRO;nao_aplicavel;2000,0;Média (R$ 1.800-2.999);Fibonacci;confirmado;False
15103080;GRUPO FUTURO EDUCACIONAL MARABA;1504208;1,0;9;Líder local;False;708,6123076923076;13,0;5,0;92,0;0,93;Poliedro;637,865;24,0;662,7221621621622;70,74730769230757;Marabá;PA;0,5206;Marabá;-5,34764674;-49,13367098;68500090;VELHA MARABÁ;nao_aplicavel;1300,0;Baixa (< R$ 1.800);SAS (Arco Educação);confirmado;False
31014061;COLEGIO SANTO AGOSTINHO-UNIDADE CONTAGEM;3118601;1,0;17;Líder local;False;697,7963636363636;77,0;5,0;252,0;0,93;Poliedro;690,3854545454545;66,0;694,3759440559442;7,410909090909058;Contagem;MG;0,6616;Contagem;-19,96174167;-44,05777167;32241250;JARDIM RIACHO DAS PEDRAS;nao_aplicavel;1850,0;Média (R$ 1.800-2.999);SAS (Arco Educação);confirmado;False
26122081;COLEGIO DAS DAMAS DA INSTRUCAO CRISTA;2611606;4,0;76;Desafiante (2º-5º local);False;680,7715525114155;146,0;5,0;501,0;0,93;Poliedro;682,5244444444445;162,0;681,6935281385282;-1,752891933028991;Recife;PE;0,9162;Recife;-8,0410292;-34,9027144;52050000;GRACAS;nao_aplicavel;10000,0;Alta (≥ R$ 5.000);Bernoulli;confirmado;False
32040032;CE LEONARDO DA VINCI;3205309;2,0;18;Desafiante (2º-5º local);False;695,9213333333333;50,0;5,0;219,0;0,927;Poliedro;717,4524137931035;58,0;707,4843209876543;-21,531080459770124;Vitória;ES;0,9347;Vitória;-20,30783;-40,3014783;29056910;SANTA LÚCIA;nao_aplicavel;6000,0;Alta (≥ R$ 5.000);próprio;provavel_proprio;False
32040040;COLEGIO PRIMEIRO MUNDO;3205309;3,0;18;Desafiante (2º-5º local);False;702,2151724137931;29,0;5,0;95,0;0,927;Poliedro;685,156388888889;24,0;694,4904402515723;17,05878352490413;Vitória;ES;0,9347;Vitória;-20,3010626;-40,299647;29055420;PRAIA DO CANTO;nao_aplicavel;11000,0;Alta (≥ R$ 5.000);Anglo (Cogna/SOMOS);confirmado;False
31193216;ESCOLA EDUCACAO CRIATIVA;3131307;2,0;8;Desafiante (2º-5º local);False;695,433933933934;111,0;5,0;339,0;0,927;Poliedro;701,3985454545455;110,0;698,4027450980392;-5,96461152061147;Ipatinga;MG;0,7737;Barra Alegre;-19,4676028;-42,5567109;35162391;CIDADE NOBRE;nao_aplicavel;4000,0;Média-Alta (R$ 3.000-4.999);próprio;confirmado;False
15167275;COLEGIO EQUIPE LTDA;1501402;2,0;65;Desafiante (2º-5º local);False;753,5191452991453;39,0;4,0;41,0;0,926;Poliedro;746,2757575757577;33,0;750,1992592592592;7,243387723387627;Belém;PA;0,6935;Belém;-1,451656667;-48,48468667;66040174;NAZARE;nao_aplicavel;7500,0;Alta (≥ R$ 5.000);Equipe (regional Norte-Nordeste);confirmado;False
23071036;ARI DE SA CAVALCANTE - WASHINGTON SOARES;2304400;4,0;117;Desafiante (2º-5º local);False;694,94688172043;93,0;5,0;310,0;0,926;Poliedro;683,0996078431373;119,0;688,2967610062893;11,847273877292764;Fortaleza;CE;0,8208;Fortaleza;-3,78833617;-38,48001447;60811341;EDSON QUEIROZ;nao_aplicavel;1300,0;Baixa (< R$ 1.800);SAS (Arco Educação);confirmado;False
31387860;COLEGIO MAGNUM AGOSTINIANO;3106200;6,0;110;Outras posições;False;694,66;11,0;5,0;63,0;0,926;Poliedro;;;694,66;;Belo Horizonte;MG;0,9738;Belo Horizonte;;;30130188;LOURDES;nao_aplicavel;10000,0;Alta (≥ R$ 5.000);SAS (Arco Educação);confirmado;False
15181081;COLEGIO INTEGRADO IN;1501402;3,0;65;Desafiante (2º-5º local);False;747,4823076923077;26,0;4,0;26,0;0,925;Poliedro;;;747,4823076923077;;Belém;PA;0,6935;Belém;;;66060230;NAZARÉ;nao_aplicavel;7500,0;Alta (≥ R$ 5.000);próprio;confirmado;False
29480620;CENTRO EDUCACIONAL VILLA LOBOS;2905701;1,0;9;Líder local;False;694,376923076923;13,0;5,0;83,0;0,925;Poliedro;688,3075;16,0;691,028275862069;6,069423076923044;Camaçari;BA;0,4553;Camaçari;;;42825001;CATU DE ABRANTES;nao_aplicavel;1212,0;Baixa (< R$ 1.800);SAS (Arco Educação);confirmado;False
31006157;COLEGIO LOGOSOFICO GONZALEZ PECOTCHE;3106200;7,0;110;Outras posições;False;693,8408888888889;45,0;5,0;150,0;0,925;Poliedro;687,4409523809524;42,0;690,7512643678161;6,399936507936559;Belo Horizonte;MG;0,9738;Belo Horizonte;-19,92804704;-43,92646981;30150322;SANTA EFIGENIA;nao_aplicavel;5000,0;Alta (≥ R$ 5.000);livro didático avulso (múltiplas editoras);confirmado;False
33160830;COLEGIO MARISTA SAO JOSE BARRA;3304557;10,0;344;Outras posições;False;677,7646153846154;39,0;5,0;161,0;0,925;Poliedro;688,4057777777778;30,0;682,3912077294685;-10,641162393162404;Rio de Janeiro;RJ;0,8408;Rio de Janeiro;-22,969045;-43,3817279;22775058;JACAREPAGUÁ;bairro;1800,0;Média (R$ 1.800-2.999);Marista (FTD, rede fechada);confirmado;False
43173330;COL JOAO PAULO I - UNIDADE SUL;4314902;1,0;61;Líder local;False;697,0964705882352;34,0;5,0;163,0;0,923;Poliedro;718,3538596491228;38,0;708,3156481481482;-21,25738906088759;Porto Alegre;RS;0,9276;Porto Alegre;-30,12594;-51,23891;91760630;JARDIM ISABEL;nao_aplicavel;10000,0;Alta (≥ R$ 5.000);SAS (Arco Educação);confirmado;False
23067071;COLEGIO CHRISTUS BARAO DE STUDART;2304400;5,0;117;Desafiante (2º-5º local);False;692,3433663366336;101,0;5,0;283,0;0,923;Poliedro;679,2574358974359;78,0;686,6411173184357;13,085930439197682;Fortaleza;CE;0,8208;Fortaleza;-3,7383312;-38,5072725;60140140;ALDEOTA;nao_aplicavel;8000,0;Alta (≥ R$ 5.000);FTD;confirmado;False
35115712;RAUL BAUAB DOUTOR FUNDACAO EDUCACIONAL COLEGIO;3525300;1,0;10;Líder local;False;696,8872222222221;36,0;5,0;115,0;0,923;Poliedro;653,1302702702702;37,0;674,7090410958904;43,75695195195192;Jaú;SP;0,6541;Jaú;-22,28586355;-48,55313576;17207310;CHACARA BRAZ MIRAGLIA;nao_aplicavel;2100,0;Média (R$ 1.800-2.999);Anglo (Cogna/SOMOS);confirmado;False
35399197;OBJETIVO COLEGIO INTEGRADO;3550308;1,0;516;Líder local;False;763,9009523809524;42,0;5,0;160,0;0,923;Poliedro;746,1483720930232;43,0;754,9202352941177;17,752580287929163;São Paulo;SP;0,8116;Bela Vista;-23,565213;-46,6511105;1310100;BELA VISTA;distrito;5001,0;Alta (≥ R$ 5.000);Objetivo;confirmado;False
33063419;COL FRANCO BRASILEIRO;3304557;11,0;344;Outras posições;False;689,4951351351352;111,0;5,0;357,0;0,921;Poliedro;681,3169523809523;105,0;685,5196296296295;8,178182754182899;Rio de Janeiro;RJ;0,8408;Rio de Janeiro;-22,93149;-43,17956;22240000;LARANJEIRAS;bairro;8000,0;Alta (≥ R$ 5.000);não identificado;provavel_proprio;False
52103137;COLEGIO ARENA;5208707;1,0;68;Líder local;False;695,3573529411765;340,0;5,0;1403,0;0,921;Poliedro;703,5377570093458;321,0;699,329984871407;-8,18040406816931;Goiânia;GO;0,9482;Goiânia;;;74210240;SETOR BUENO;nao_aplicavel;2500,0;Média (R$ 1.800-2.999);Poliedro;confirmado;True
31004871;COLEGIO ARNALDO - UNIDADE FUNCIONARIOS;3106200;8,0;110;Outras posições;False;688,990625;32,0;5,0;80,0;0,92;Poliedro;678,5992;25,0;684,4329824561404;10,391425000000028;Belo Horizonte;MG;0,9738;Belo Horizonte;-19,92879;-43,92795;30130066;FUNCIONÁRIOS;nao_aplicavel;10000,0;Alta (≥ R$ 5.000);Poliedro;confirmado;True
35142967;COLEGIO ENGENHEIRO SALVADOR ARENA;3548708;1,0;33;Líder local;False;688,7268421052632;190,0;5,0;620,0;0,92;Poliedro;686,4663959390863;197,0;687,5761757105944;2,260446166176962;São Bernardo do Campo;SP;0,8204;São Bernardo do Campo;-23,7360406;-46,5826858;9850550;ASSUNCAO;nao_aplicavel;3100,0;Média-Alta (R$ 3.000-4.999);não identificado;provavel_proprio;False
25306936;ESCOLA INTERNACIONAL CIDADE VIVA;2507507;2,0;55;Desafiante (2º-5º local);False;694,507741935484;31,0;5,0;139,0;0,92;Poliedro;693,3764705882353;17,0;694,1070833333333;1,1312713472486848;João Pessoa;PB;0,8675;João Pessoa;-7,0897935;-34,838463;58036630;AEROCLUBE;nao_aplicavel;5000,0;Alta (≥ R$ 5.000);próprio;confirmado;False
35286187;ETAPA COLEGIO;3556206;1,0;6;Líder local;False;734,5669230769231;130,0;5,0;416,0;0,92;Poliedro;723,4551815181518;101,0;729,7085425685426;11,111741558771314;Valinhos;SP;0,8018;Valinhos;-23,00153167;-47,00892833;13278160;DOIS CORREGOS;nao_aplicavel;3001,0;Média-Alta (R$ 3.000-4.999);Etapa;confirmado;False
31354562;COLEGIO GABARITO;3170107;1,0;13;Líder local;False;733,8154838709677;31,0;5,0;283,0;0,92;Poliedro;;;733,8154838709677;;Uberaba;MG;0,7922;Uberaba;-19,76583;-47,95201;38050106;SANTA MARIA;nao_aplicavel;2900,0;Média (R$ 1.800-2.999);não identificado;provavel_proprio;False
24057126;COLEGIO SALESIANO SAO JOSE;2408102;3,0;48;Desafiante (2º-5º local);False;674,26;59,0;5,0;212,0;0,919;Poliedro;659,7144736842106;76,0;666,0714074074074;14,545526315789402;Natal;RN;0,8531;Natal;-5,7810182;-35,2055346;59012530;RIBEIRA;nao_aplicavel;5000,0;Alta (≥ R$ 5.000);não identificado;provavel_proprio;False
33064369;ESCOLA ORT;3304557;12,0;344;Outras posições;False;688,1082608695652;46,0;5,0;189,0;0,919;Poliedro;680,3108;50,0;684,0470833333334;7,7974608695652705;Rio de Janeiro;RJ;0,8408;Rio de Janeiro;-22,95606;-43,18745;22280020;BOTAFOGO;bairro;8000,0;Alta (≥ R$ 5.000);não identificado;provavel_proprio;False
23498994;COLEGIO CHRISTUS UNIDADE PARQUELANDIA;2304400;6,0;117;Outras posições;False;687,9032432432432;37,0;5,0;139,0;0,919;Poliedro;677,6742307692307;52,0;681,9267415730336;10,229012474012508;Fortaleza;CE;0,8208;Fortaleza;-3,7476767;-38,5619397;60442611;BELA VISTA;nao_aplicavel;1300,0;Baixa (< R$ 1.800);FTD;confirmado;False
33077029;COL BAHIENSE LTDA;3304557;13,0;344;Outras posições;False;693,0666666666666;39,0;5,0;94,0;0,919;Poliedro;689,9206060606061;33,0;691,6247222222222;3,146060606060473;Rio de Janeiro;RJ;0,8408;Rio de Janeiro;-22,9437938;-43,3322171;22750006;ANIL;bairro;3000,0;Média-Alta (R$ 3.000-4.999);SAS (Arco Educação);confirmado;False
33176825;COLEGIO SANTO AGOSTINHO - UNIDADE INSTITUTO CULTURAL SANTO AGOSTINHO;3304557;14,0;344;Outras posições;False;713,0410055865922;179,0;5,0;599,0;0,919;Poliedro;706,8174857142857;175,0;709,964406779661;6,223519872306497;Rio de Janeiro;RJ;0,8408;Rio de Janeiro;-23,00152423;-43,38428344;22793081;BARRA DA TIJUCA;bairro;10001,0;Alta (≥ R$ 5.000);SAS (Arco Educação);confirmado;False
25093061;COLEGIO NOSSA SENHORA DE LOURDES;2507507;3,0;55;Desafiante (2º-5º local);False;673,9504;25,0;5,0;116,0;0,919;Poliedro;639,8818604651162;43,0;652,4070588235293;34,06853953488371;João Pessoa;PB;0,8675;João Pessoa;-7,120728333;-34,86917333;58040000;TORRE;nao_aplicavel;2400,0;Média (R$ 1.800-2.999);Bernoulli;confirmado;False
33055866;COLEGIO MARILIA MATTOSO;3303302;3,0;42;Desafiante (2º-5º local);False;728,492;10,0;5,0;80,0;0,918;Poliedro;704,9269565217392;23,0;712,0678787878787;23,565043478260804;Niterói;RJ;0,9692;Niterói;-22,89985853;-43,12913115;24210230;SAO DOMINGOS;nao_aplicavel;5001,0;Alta (≥ R$ 5.000);Bernoulli;confirmado;False
43104975;CENTRO DE ENSINO MEDIO FARROUPILHA - UNIDADE DE ENSINO COLEGIO FARROUPILHA;4314902;2,0;61;Desafiante (2º-5º local);False;692,887231638418;177,0;5,0;625,0;0,918;Poliedro;663,8921247563353;171,0;678,6396360153257;28,995106882082723;Porto Alegre;RS;0,9276;Porto Alegre;-30,03584;-51,17065;91330150;TRÊS FIGUEIRAS;nao_aplicavel;12000,0;Alta (≥ R$ 5.000);próprio;confirmado;False
22146636;BRIGHT SCHOOL;2211001;3,0;52;Desafiante (2º-5º local);False;711,664;10,0;5,0;87,0;0,918;Poliedro;;;711,664;;Teresina;PI;0,7817;Teresina;;;64049280;JÓQUEI;nao_aplicavel;12000,0;Alta (≥ R$ 5.000);não identificado;provavel_proprio;False
33042578;COLEGIO SAO PAULO;3305802;1,0;10;Líder local;False;673,3249275362318;69,0;5,0;250,0;0,918;Poliedro;671,5490909090909;44,0;672,6334513274335;1,7758366271409614;Teresópolis;RJ;0,792;Teresópolis;-22,43994;-42,98092;25960090;ALTO;nao_aplicavel;4000,0;Média-Alta (R$ 3.000-4.999);livro didático avulso (múltiplas editoras);confirmado;False
33075425;COL PENTAGONO;3304557;15,0;344;Outras posições;False;691,6850000000001;68,0;5,0;232,0;0,917;Poliedro;692,1343295019158;87,0;691,9372043010753;-0,4493295019157131;Rio de Janeiro;RJ;0,8408;Rio de Janeiro;-22,87888;-43,3577;21330790;OSWALDO CRUZ;bairro;2000,0;Média (R$ 1.800-2.999);SAS (Arco Educação);confirmado;False
31309711;ESCOLA SEB UNIMASTER;3106200;9,0;110;Outras posições;False;685,5546153846154;26,0;5,0;69,0;0,915;Poliedro;668,8436363636364;22,0;677,8954166666667;16,71097902097904;Belo Horizonte;MG;0,9738;Belo Horizonte;-19,96878;-43,96664;30492020;BURITIS;nao_aplicavel;8000,0;Alta (≥ R$ 5.000);não identificado;provavel_proprio;False
31074373;COLEGIO SANTA CATARINA;3136702;1,0;21;Líder local;False;685,2659595959595;132,0;5,0;436,0;0,915;Poliedro;689,3022222222222;135,0;687,3067665418228;-4,036262626262669;Juiz de Fora;MG;0,8573;Juiz de Fora;-21,7485429;-43,3570281;36035120;MORRO DA GLÓRIA;nao_aplicavel;3500,0;Média-Alta (R$ 3.000-4.999);Bernoulli;confirmado;False
31041181;ESCOLA TECNICA DE DIVINOPOLIS-INTEGRAL;3122306;1,0;9;Líder local;False;684,0209677419356;62,0;5,0;214,0;0,914;Poliedro;690,1392156862745;51,0;686,7823008849557;-6,118247944338918;Divinópolis;MG;0,7505;Divinópolis;-20,1414096;-44,8991851;35500006;CENTRO;nao_aplicavel;2000,0;Média (R$ 1.800-2.999);não identificado;nao_identificado;False
31005037;COLEGIO BATISTA MINEIRO;3106200;10,0;110;Outras posições;False;683,6955414012739;157,0;5,0;567,0;0,914;Poliedro;685,2441991341991;154,0;684,462400857449;-1,5486577329252214;Belo Horizonte;MG;0,9738;Belo Horizonte;-19,9082809;-43,9349754;31110150;COLÉGIO BATISTA;nao_aplicavel;5000,0;Alta (≥ R$ 5.000);não identificado;provavel_proprio;False
31004359;COLEGIO ESPANHOL SANTA MARIA MINAS - UNIDADE CIDADE NOVA;3106200;11,0;110;Outras posições;False;683,5095495495495;74,0;5,0;265,0;0,914;Poliedro;692,7891428571428;70,0;688,0204629629629;-9,279593307593244;Belo Horizonte;MG;0,9738;Belo Horizonte;-19,88674319;-43,92222745;31170250;CIDADE NOVA;nao_aplicavel;6000,0;Alta (≥ R$ 5.000);SAS (Arco Educação);confirmado;False
24281301;COLEGIO SALESIANO DOM BOSCO;2403251;1,0;13;Líder local;False;670,1100262467191;127,0;5,0;452,0;0,913;Poliedro;648,564255319149;141,0;658,7743781094528;21,54577092757017;Parnamirim;RN;0,7723;Parnamirim;-5,893045;-35,1989892;59151903;NOVA PARNAMIRIM;nao_aplicavel;3500,0;Média-Alta (R$ 3.000-4.999);não identificado;provavel_proprio;False
31369772;COLEGIO OLIMPO BH;3106200;12,0;110;Outras posições;False;683,428;10,0;5,0;38,0;0,913;Poliedro;;;683,428;;Belo Horizonte;MG;0,9738;Belo Horizonte;-19,94769387;-43,91794719;30210420;MANGABEIRAS;nao_aplicavel;15000,0;Alta (≥ R$ 5.000);próprio (marca/sistema Olimpo);confirmado;False
31007196;COLEGIO SANTA DOROTEIA;3106200;13,0;110;Outras posições;False;669,9092888888889;150,0;5,0;532,0;0,913;Poliedro;683,3598571428572;140,0;676,4026666666667;-13,4505682539683;Belo Horizonte;MG;0,9738;Belo Horizonte;-19,95349122;-43,93598142;30315520;SION;nao_aplicavel;10000,0;Alta (≥ R$ 5.000);SAS (Arco Educação);confirmado;False
35103524;DANTE ALIGHIERI COLEGIO;3550308;2,0;516;Desafiante (2º-5º local);False;686,9325276461295;211,0;5,0;863,0;0,912;Poliedro;683,3197129186603;209,0;685,1347222222223;3,6128147274691855;São Paulo;SP;0,8116;Jardim Paulista;-23,5637254;-46,6587422;1420001;JARDIM PAULISTA;distrito;10000,0;Alta (≥ R$ 5.000);não identificado;provavel_proprio;False
52020517;COLEGIO GALILEU;5201108;1,0;11;Líder local;False;710,7981609195402;58,0;5,0;211,0;0,912;Poliedro;697,4066666666666;30,0;706,2328787878788;13,3914942528736;Anápolis;GO;0,6936;Anápolis;-16,3299256;-48,9414826;75113185;JUNDIAÍ;nao_aplicavel;2000,0;Média (R$ 1.800-2.999);Bernoulli;confirmado;False
35143406;AUGUSTO LARANJA COLEGIO UNIDADE I;3550308;3,0;516;Desafiante (2º-5º local);False;686,9142857142857;21,0;5,0;109,0;0,912;Poliedro;700,3965217391304;23,0;693,9618181818182;-13,482236024844724;São Paulo;SP;0,8116;Moema;-23,61286167;-46,66832833;4087031;INDIANOPOLIS;distrito;10001,0;Alta (≥ R$ 5.000);próprio;confirmado;False
31339989;INSTITUTO EDUCACIONAL MARGARIDA REZENDE;3118304;1,0;4;Líder local;False;700,5133333333334;15,0;5,0;54,0;0,912;Poliedro;688,6234482758621;29,0;692,6768181818182;11,88988505747136;Conselheiro Lafaiete;MG;0,5695;Conselheiro Lafaiete;-20,6479;-43,78933;36400170;SANTA EFIGÊNIA;nao_aplicavel;2000,0;Média (R$ 1.800-2.999);SAS (Arco Educação);confirmado;False
50032895;COLEGIO UNIGRAN - UNIDADE II;5003702;1,0;6;Líder local;False;708,71;16,0;5,0;16,0;0,911;Poliedro;731,12;18,0;720,5741176470589;-22,409999999999968;Dourados;MS;0,6793;Dourados;;;79824190;JARDIM ITAIPÚ;nao_aplicavel;2000,0;Média (R$ 1.800-2.999);Anglo (Cogna/SOMOS);confirmado;False
43119930;COLEGIO MAUA;4316808;1,0;5;Líder local;False;686,2;94,0;5,0;386,0;0,911;Poliedro;680,7693452380953;112,0;683,2474110032363;5,430654761904748;Santa Cruz do Sul;RS;0,4392;Santa Cruz do Sul;-29,70993;-52,41937;96825010;HIGIENÓPOLIS;nao_aplicavel;6000,0;Alta (≥ R$ 5.000);livro didático avulso (múltiplas editoras);confirmado;False
23077557;COLEGIO 7 DE SETEMBRO;2304400;7,0;117;Outras posições;False;705,613156342183;113,0;5,0;406,0;0,91;Poliedro;;;705,613156342183;;Fortaleza;CE;0,8208;Fortaleza;-3,7483264;-38,4911646;60135420;DIONISIO TORRES;nao_aplicavel;7000,0;Alta (≥ R$ 5.000);Mackenzie;confirmado;False
33066698;COLEGIO MARISTA SAO JOSE;3304557;16,0;344;Outras posições;False;668,4067741935484;62,0;5,0;176,0;0,91;Poliedro;660,0014285714285;70,0;663,949393939394;8,405345622119853;Rio de Janeiro;RJ;0,8408;Rio de Janeiro;-22,9417108;-43,2509766;20530001;TIJUCA;bairro;5500,0;Alta (≥ R$ 5.000);Marista (FTD, rede fechada);confirmado;False
24069191;CENTRO DE EDUCACAO INTEGRADA S A - ROMUALDO;2408102;4,0;48;Desafiante (2º-5º local);False;698,3012949640288;139,0;4,0;436,0;0,909;Poliedro;685,8810298102982;123,0;692,470407124682;12,420265153730613;Natal;RN;0,8531;Natal;-5,8163749;-35,2101937;59056205;LAGOA NOVA;nao_aplicavel;5200,0;Alta (≥ R$ 5.000);Eleva;confirmado;False
29422272;CENTRO EDUCACIONAL VILLA LOBOS;2927408;1,0;90;Líder local;False;696,9911538461539;52,0;5,0;195,0;0,909;Poliedro;687,1012244897959;49,0;692,1930693069307;9,88992935635804;Salvador;BA;0,7909;Salvador;;;41745130;TROBOGY;nao_aplicavel;2001,0;Média (R$ 1.800-2.999);COC (Arco Educação);confirmado;False
24084263;COLEGIO MARIE JOST;2408102;5,0;48;Desafiante (2º-5º local);False;698,0346666666667;15,0;4,0;57,0;0,909;Poliedro;683,0122222222221;18,0;689,840606060606;15,022444444444544;Natal;RN;0,8531;Natal;-5,853025;-35,22587167;59066845;CANDELÁRIA;nao_aplicavel;5015,0;Alta (≥ R$ 5.000);próprio;confirmado;False
35136025;COLEGIO VISCONDE DE PORTO SEGURO CAMPUS VALINHOS;3556206;2,0;6;Desafiante (2º-5º local);False;679,5299382716049;108,0;5,0;473,0;0,909;Poliedro;665,7623333333333;100,0;672,9108974358975;13,767604938271576;Valinhos;SP;0,8018;Valinhos;-22,98111059;-47,02522544;13278327;SITIO RECREIO DOS CAFEZAIS;nao_aplicavel;3001,0;Média-Alta (R$ 3.000-4.999);próprio;confirmado;False
31005975;INSTITUTO CORACAO DE JESUS;3106200;14,0;110;Outras posições;False;678,9444444444445;27,0;5,0;84,0;0,908;Poliedro;667,0699999999999;16,0;674,5260465116279;11,87444444444452;Belo Horizonte;MG;0,9738;Belo Horizonte;-19,93096725;-43,97464677;30421185;NOVA SUISSA;nao_aplicavel;5000,0;Alta (≥ R$ 5.000);Edebê (rede salesiana);confirmado;False
41148142;COLEGIO DO BOSQUE MANANCIAIS;4106902;1,0;69;Líder local;False;703,096;20,0;5,0;80,0;0,908;Poliedro;693,5263157894736;19,0;698,4338461538462;9,56968421052636;Curitiba;PR;0,8491;Curitiba;-25,39262037;-49,26741378;82200440;AHÚ;nao_aplicavel;8000,0;Alta (≥ R$ 5.000);Poliedro;confirmado;True
23246847;FARIAS BRITO COLEGIO DE APLICACAO;2304400;8,0;117;Outras posições;False;793,3013333333333;30,0;4,0;116,0;0,908;Poliedro;789,9253333333332;30,0;791,6133333333333;3,37600000000009;Fortaleza;CE;0,8208;Fortaleza;-3,7366025;-38,4861474;60175230;VARJOTA;nao_aplicavel;5000,0;Alta (≥ R$ 5.000);Farias Brito (SFB);confirmado;False
23246880;CHRISTUS COLEGIO PRE UNIVERSITARIO;2304400;9,0;117;Outras posições;False;779,3317647058823;34,0;4,0;127,0;0,908;Poliedro;762,2160869565217;46,0;769,4902500000001;17,115677749360543;Fortaleza;CE;0,8208;Fortaleza;-3,8097623;-38,4742939;60830055;JOSE DE ALENCAR;nao_aplicavel;1500,0;Baixa (< R$ 1.800);FTD;confirmado;False
23235543;ARI DE SA CAVALCANTE - MAJOR FACUNDO;2304400;10,0;117;Outras posições;False;765,7316129032258;31,0;4,0;106,0;0,907;Poliedro;760,0921212121212;33,0;762,82375;5,639491691104581;Fortaleza;CE;0,8208;Fortaleza;-3,731888705;-38,5293021;60035110;CENTRO;nao_aplicavel;2400,0;Média (R$ 1.800-2.999);SAS (Arco Educação);confirmado;False
35449003;FAAP RIBEIRAO PRETO COLEGIO;3543402;1,0;38;Líder local;False;701,7197027600849;157,0;5,0;484,0;0,907;Poliedro;688,7832863849766;142,0;695,5759866220736;12,936416375108363;Ribeirão Preto;SP;0,9014;Ribeirão Preto;-21,2046234;-47,8217503;14026290;RESIDENCIAL FLORIDA;nao_aplicavel;2500,0;Média (R$ 1.800-2.999);não identificado;provavel_proprio;False
26156202;MD EDUCACIONAL- COLEGIO MADRE DE DEUS UNIDADE II;2611606;5,0;76;Desafiante (2º-5º local);False;681,981037037037;135,0;5,0;450,0;0,906;Poliedro;664,8627414330218;107,0;674,4122038567494;17,118295604015202;Recife;PE;0,9162;Recife;-8,141370965;-34,91082293;51130300;BOA VIAGEM;nao_aplicavel;7000,0;Alta (≥ R$ 5.000);Poliedro;confirmado;True
23272333;FARIAS BRITO COLEGIO PRE-VESTIBULAR CENTRAL;2304400;11,0;117;Outras posições;False;750,8066666666666;33,0;4,0;210,0;0,906;Poliedro;759,6722580645161;31,0;755,1009375;-8,865591397849471;Fortaleza;CE;0,8208;Fortaleza;-3,744298;-38,53398;60025062;FÁTIMA;nao_aplicavel;5000,0;Alta (≥ R$ 5.000);não identificado;provavel_proprio;False
21010331;COLEGIO DOM BOSCO LTDA;2111300;1,0;47;Líder local;False;666,5224836601308;51,0;5,0;216,0;0,905;Poliedro;671,2671698113206;53,0;668,9404487179488;-4,744686151189853;São Luís;MA;0,7058;São Luís;-2,49940203;-44,28717818;65075441;RENASCENÇA;nao_aplicavel;1300,0;Baixa (< R$ 1.800);SAS (Arco Educação);confirmado;False
28032322;CENTRO DE EXCELENCIA MASTER;2800308;1,0;43;Líder local;False;697,7100694444445;192,0;5,0;691,0;0,905;Poliedro;702,7736492890995;211,0;700,361224152192;-5,06357984465501;Aracaju;SE;0,864;Aracaju;-10,94108019;-37,05541668;49025750;JARDINS;nao_aplicavel;13000,0;Alta (≥ R$ 5.000);SAS (Arco Educação);confirmado;False
31329282;COLEGIO BATISTA MINEIRO - UNIDADE BURITIS II;3106200;15,0;110;Outras posições;False;677,0185714285714;42,0;5,0;211,0;0,904;Poliedro;660,8828070175438;38,0;669,3540833333333;16,135764411027594;Belo Horizonte;MG;0,9738;Belo Horizonte;-19,9580913;-43,9692784;30494230;ESTORIL;nao_aplicavel;5000,0;Alta (≥ R$ 5.000);não identificado;provavel_proprio;False
23069864;ARI DE SA CAVALCANTE - DUQUE DE CAXIAS;2304400;12,0;117;Outras posições;False;676,8806629834254;181,0;5,0;416,0;0,904;Poliedro;675,4954074074075;135,0;676,2888607594937;1,3852555760179257;Fortaleza;CE;0,8208;Fortaleza;-3,73227708;-38,52888149;60035110;CENTRO;nao_aplicavel;2400,0;Média (R$ 1.800-2.999);SAS (Arco Educação);confirmado;False
29485541;COLEGIO BERNOULLI;2927408;2,0;90;Desafiante (2º-5º local);False;731,7037475345168;169,0;4,0;564,0;0,904;Poliedro;726,237957957958;111,0;729,5369523809525;5,465789576558791;Salvador;BA;0,7909;Salvador;;;41820440;CAMINHO DAS ÁRVORES;nao_aplicavel;10000,0;Alta (≥ R$ 5.000);Bernoulli;confirmado;False
26137631;COLEGIO NUCLEO;2611606;6,0;76;Outras posições;False;728,8309803921569;153,0;4,0;496,0;0,903;Poliedro;716,8095364238411;151,0;722,859802631579;12,021443968315792;Recife;PE;0,9162;Recife;-8,038625;-34,90445;52050000;GRAÇAS;nao_aplicavel;10000,0;Alta (≥ R$ 5.000);não identificado;provavel_proprio;False
29365023;COLEGIO OFICINA;2927408;3,0;90;Desafiante (2º-5º local);False;696,4232258064516;62,0;5,0;186,0;0,903;Poliedro;672,4361538461538;52,0;685,4817543859649;23,98707196029773;Salvador;BA;0,7909;Salvador;-12,99192833;-38,45374333;41810215;PITUBA;nao_aplicavel;7500,0;Alta (≥ R$ 5.000);Poliedro;confirmado;True
53056000;COL OLIMPO;5300108;2,0;117;Desafiante (2º-5º local);False;727,3460805860806;91,0;4,0;342,0;0,902;Poliedro;728,78875;64,0;727,9417634408602;-1,4426694139194751;Brasília;DF;0,9278;Brasília;-15,81600615;-47,92174217;70390130;ASA SUL;nao_aplicavel;3000,0;Média-Alta (R$ 3.000-4.999);próprio (Coleção Zeus, Olimpo Educação);confirmado;False
35165347;MOBILE COLEGIO;3550308;4,0;516;Desafiante (2º-5º local);False;723,9795192307691;208,0;4,0;714,0;0,902;Poliedro;711,5446554934823;179,0;718,2279931093884;12,434863737286832;São Paulo;SP;0,8116;Moema;-23,599034;-46,669078;4512001;VILA NOVA CONCEICAO;distrito;10001,0;Alta (≥ R$ 5.000);próprio;confirmado;False
25073214;COLEGIO NOSSA SENHORA DE LOURDES;2504009;1,0;20;Líder local;False;675,8135333333333;100,0;5,0;324,0;0,902;Poliedro;684,1567346938775;98,0;679,9429966329966;-8,343201360544185;Campina Grande;PB;0,7075;Campina Grande;;;58402045;JARDIM TAVARES;nao_aplicavel;4000,0;Média-Alta (R$ 3.000-4.999);SAS (Arco Educação);confirmado;False
23076208;PROVECTO COLEGIO;2304400;13,0;117;Outras posições;False;722,0957142857143;14,0;4,0;48,0;0,902;Poliedro;715,2058823529412;17,0;718,3174193548388;6,889831932773063;Fortaleza;CE;0,8208;Fortaleza;-3,793947;-38,56931;60710001;PARANGABA;nao_aplicavel;1500,0;Baixa (< R$ 1.800);Bernoulli;confirmado;False
35162243;COLEGIO VISCONDE DE PORTO SEGURO CAMPUS PANAMBY;3550308;5,0;516;Desafiante (2º-5º local);False;675,2493939393939;88,0;5,0;367,0;0,901;Poliedro;673,1223958333334;64,0;674,3538157894736;2,1269981060605687;São Paulo;SP;0,8116;Vila Andrade;-23,6323533;-46,7268674;5707001;JARDIM MORUMBI;distrito;4000,0;Média-Alta (R$ 3.000-4.999);próprio;confirmado;False
24089214;CENTRO DE EDUCACAO INTEGRADA S A - ROBERTO FREIRE;2408102;6,0;48;Outras posições;False;690,6954285714286;70,0;4,0;168,0;0,901;Poliedro;678,7435443037974;79,0;684,3585234899328;11,951884267631158;Natal;RN;0,8531;Natal;;;59082210;CAPIM MACIO;nao_aplicavel;6000,0;Alta (≥ R$ 5.000);não identificado;nao_identificado;False
43216471;UNIDADE DE ENSINO COLEGIO SINODAL PRADO GRAVATAI;4309209;1,0;7;Líder local;False;677,8218181818182;11,0;5,0;64,0;0,9;Poliedro;696,9963636363636;11,0;687,4090909090909;-19,17454545454541;Gravataí;RS;0,3772;Gravataí;;;94265084;PRADO BAIRRO-CIDADE;nao_aplicavel;2000,0;Média (R$ 1.800-2.999);Bernoulli;confirmado;False
26197405;COLEGIO EXIMIUS;2611606;7,0;76;Outras posições;False;688,2833333333334;42,0;5,0;141,0;0,9;Poliedro;671,6392592592592;27,0;681,7704347826087;16,644074074074183;Recife;PE;0,9162;Recife;-8,041047;-34,91553;52060460;SANTANA;nao_aplicavel;8000,0;Alta (≥ R$ 5.000);não identificado;nao_identificado;False
43175317;SOCIEDADE EDUCACIONAL MARIO QUINTANA LTDA;4314407;1,0;10;Líder local;False;677,7008108108108;74,0;5,0;213,0;0,9;Poliedro;675,3783561643836;73,0;676,5474829931974;2,322454646427218;Pelotas;RS;0,7278;Pelotas;;;96055080;TRÊS VENDAS;nao_aplicavel;2000,0;Média (R$ 1.800-2.999);Anglo (Cogna/SOMOS);confirmado;False
22022406;COLEGIO LEROTE LTDA;2211001;4,0;52;Desafiante (2º-5º local);False;717,0234146341463;41,0;4,0;235,0;0,9;Poliedro;723,0889795918367;49,0;720,3257777777778;-6,0655649576904125;Teresina;PI;0,7817;Teresina;-5,072277;-42,77926;64052160;SAO CRISTOVAO;nao_aplicavel;7000,0;Alta (≥ R$ 5.000);Bernoulli;confirmado;False
31205231;COL N SRA DE LOURDES;3138203;2,0;8;Desafiante (2º-5º local);False;693,4513043478261;69,0;5,0;252,0;0,9;Poliedro;686,2898412698413;63,0;690,0333333333333;7,161463077984763;Lavras;MG;0,6994;Lavras;-21,23801695;-44,99808409;37200203;CENTRO;nao_aplicavel;2000,0;Média (R$ 1.800-2.999);SAS (Arco Educação);confirmado;False
33066671;COLEGIO MARIA RAYTHE - ASSOCIACAO FRANCISCANA NOSSA SENHORA DO AMPARO;3304557;17,0;344;Outras posições;False;673,8057142857143;42,0;5,0;146,0;0,899;Poliedro;659,2748387096774;31,0;667,6350684931507;14,53087557603692;Rio de Janeiro;RJ;0,8408;Rio de Janeiro;-22,91943;-43,21404;20260141;TIJUCA;bairro;5500,0;Alta (≥ R$ 5.000);não identificado;provavel_proprio;False
35103548;SAO LUIS COLEGIO EIFM;3550308;6,0;516;Outras posições;False;673,6206472491909;103,0;5,0;366,0;0,898;Poliedro;671,9275;92,0;672,821829059829;1,693147249190929;São Paulo;SP;0,8116;Moema;-23,556194;-46,6605325;4012180;VILA MARIANA;distrito;10001,0;Alta (≥ R$ 5.000);livro didático avulso (múltiplas editoras);confirmado;False
52096785;COLEGIO OLIMPO GOIANIA;5208707;2,0;68;Desafiante (2º-5º local);False;712,3107103825137;61,0;4,0;215,0;0,897;Poliedro;700,5526495726496;39,0;707,7250666666666;11,758060809864103;Goiânia;GO;0,9482;Goiânia;-16,69790429;-49,27109521;74215030;SETOR BUENO;nao_aplicavel;2500,0;Média (R$ 1.800-2.999);próprio;confirmado;False
35173186;LICEU JARDIM;3547809;1,0;36;Líder local;False;717,7644827586207;174,0;5,0;596,0;0,896;Poliedro;702,0760493827161;162,0;710,2004166666668;15,688433375904651;Santo André;SP;0,7874;Santo André;-23,6527017;-46,5451018;9071100;VILA GUIOMAR;nao_aplicavel;3000,0;Média-Alta (R$ 3.000-4.999);livro didático avulso (múltiplas editoras);confirmado;False
32074964;COLEGIO SALESIANO JARDIM CAMBURI;3205309;4,0;18;Desafiante (2º-5º local);False;689,4235087719298;57,0;5,0;225,0;0,896;Poliedro;;;689,4235087719298;;Vitória;ES;0,9347;Vitória;-20,2552107;-40,2631217;29090480;JARDIM CAMBURI;nao_aplicavel;5500,0;Alta (≥ R$ 5.000);Edebê (rede salesiana);confirmado;False
31184331;COLEGIO SAGRADO CORACAO DE MARIA;3169901;1,0;4;Líder local;False;689,2266666666666;24,0;5,0;89,0;0,896;Poliedro;698,0269230769231;26,0;693,8027999999999;-8,800256410256566;Ubá;MG;0,5515;Ubá;-21,1191042;-42,9420536;36500066;CENTRO;nao_aplicavel;1500,0;Baixa (< R$ 1.800);não identificado;nao_identificado;False
31004138;COLEGIO ARNALDO - UNIDADE ANCHIETA;3106200;16,0;110;Outras posições;False;671,7014285714286;14,0;5,0;44,0;0,896;Poliedro;649,4914285714285;21,0;658,3754285714285;22,21000000000004;Belo Horizonte;MG;0,9738;Belo Horizonte;-19,94612;-43,92713;30310360;ANCHIETA;nao_aplicavel;10000,0;Alta (≥ R$ 5.000);não identificado;provavel_proprio;False
23462442;COLEGIO CHRISTUS UNIDADE SUL;2304400;14,0;117;Outras posições;False;670,7715555555556;45,0;5,0;241,0;0,895;Poliedro;668,548;60,0;669,5009523809524;2,2235555555555493;Fortaleza;CE;0,8208;Fortaleza;-3,8084715;-38,4737633;60834385;EDSON QUEIROZ;nao_aplicavel;1300,0;Baixa (< R$ 1.800);FTD;confirmado;False
33188092;COLEGIO ALFA CEM BILINGUE;3304557;18,0;344;Outras posições;False;715,3464;25,0;5,0;136,0;0,895;Poliedro;724,4761904761905;21,0;719,514347826087;-9,129790476190465;Rio de Janeiro;RJ;0,8408;Rio de Janeiro;;;22790170;RECREIO DOS BANDEIRANTES;bairro;6000,0;Alta (≥ R$ 5.000);não identificado;provavel_proprio;False
31004731;COLEGIO MAGNUM AGOSTINIANO;3106200;17,0;110;Outras posições;False;707,41625;160,0;4,0;470,0;0,894;Poliedro;707,0870491803279;122,0;707,273829787234;0,3292008196721099;Belo Horizonte;MG;0,9738;Belo Horizonte;-19,89058405;-43,93176499;31140360;NOVA FLORESTA;nao_aplicavel;4000,0;Média-Alta (R$ 3.000-4.999);SAS (Arco Educação);confirmado;False
31013935;COLEGIO BATISTA MINEIRO - UNIDADE BETIM;3106705;1,0;6;Líder local;False;670,5811111111111;18,0;5,0;83,0;0,894;Poliedro;660,9536842105263;19,0;665,6372972972972;9,627426900584853;Betim;MG;0,421;Betim;-19,97235;-44,18093;32655066;PETRÓPOLIS;nao_aplicavel;2000,0;Média (R$ 1.800-2.999);Fibonacci;confirmado;False
28017943;COLEGIO AMADEUS LTDA;2800308;2,0;43;Desafiante (2º-5º local);False;674,2116104868915;89,0;5,0;253,0;0,894;Poliedro;669,5946551724138;116,0;671,5990894308944;4,61695531447765;Aracaju;SE;0,864;Aracaju;-10,91632753;-37,05687468;49010180;CENTRO;nao_aplicavel;2300,0;Média (R$ 1.800-2.999);Bernoulli;confirmado;False
35105314;COLEGIO FRANCISCANO PIOXII;3550308;7,0;516;Outras posições;False;670,4731666666667;80,0;5,0;308,0;0,894;Poliedro;671,5785882352941;85,0;671,0426262626262;-1,105421568627435;São Paulo;SP;0,8116;Vila Andrade;-23,6201345;-46,7127692;5657140;FAZENDA MORUMBI;distrito;4000,0;Média-Alta (R$ 3.000-4.999);não identificado;provavel_proprio;False
31007111;COLEGIO SAGRADO CORACAO DE JESUS;3106200;18,0;110;Outras posições;False;670,2414814814815;54,0;5,0;206,0;0,894;Poliedro;662,219298245614;38,0;666,9279710144928;8,022183235867487;Belo Horizonte;MG;0,9738;Belo Horizonte;-19,93586;-43,93035;30150370;SAVASSI;nao_aplicavel;10000,0;Alta (≥ R$ 5.000);FTD;confirmado;False
35112562;NOTRE DAME DE CAMPINAS COLEGIO;3509502;1,0;47;Líder local;False;687,3875;120,0;5,0;472,0;0,894;Poliedro;682,4862172284644;89,0;685,300350877193;4,901282771535648;Campinas;SP;0,82;Campinas;-22,8943708;-47,0044715;13092621;PARQUE DA HIPICA;nao_aplicavel;3000,0;Média-Alta (R$ 3.000-4.999);não identificado;nao_identificado;False
43107419;COLEGIO MAE DE DEUS;4314902;3,0;61;Desafiante (2º-5º local);False;673,7624444444444;30,0;5,0;133,0;0,893;Poliedro;656,0325925925927;27,0;665,3640935672515;17,729851851851777;Porto Alegre;RS;0,9276;Porto Alegre;-30,11222;-51,24826;91920130;TRISTEZA;nao_aplicavel;6000,0;Alta (≥ R$ 5.000);Mãe de Deus (Rede ICM, próprio);confirmado;False
31371742;COLEGIO M2 - VESPASIANO;3171204;1,0;2;Sem comparação local (poucas escolas na cidade);False;661,5290909090909;11,0;5,0;27,0;0,893;Poliedro;;;661,5290909090909;;Vespasiano;MG;0,334;Vespasiano;;;33200536;PARQUE JARDIM ITAU;nao_aplicavel;1600,0;Baixa (< R$ 1.800);Bernoulli;confirmado;False
33064040;ESCOLA ISRAELITA BRASILEIRA ELIEZER STEINBARG MAX NORDAU;3304557;19,0;344;Outras posições;False;687,1416666666668;24,0;5,0;58,0;0,893;Poliedro;682,143;20,0;684,8695454545455;4,998666666666736;Rio de Janeiro;RJ;0,8408;Rio de Janeiro;-22,93731767;-43,19009646;22240005;LARANJEIRAS;bairro;8000,0;Alta (≥ R$ 5.000);não identificado;provavel_proprio;False
22144919;COLEGIO GREAT;2211001;5,0;52;Desafiante (2º-5º local);False;703,8186666666666;15,0;4,0;63,0;0,893;Poliedro;;;703,8186666666666;;Teresina;PI;0,7817;Teresina;;;64048185;JÓQUEI;nao_aplicavel;12000,0;Alta (≥ R$ 5.000);próprio;confirmado;False
35114832;PEQUENO PRINCIPE COLEGIO;3543402;2,0;38;Desafiante (2º-5º local);False;669,7211594202898;69,0;5,0;311,0;0,893;Poliedro;669,8261702127659;94,0;669,781717791411;-0,1050107924760368;Ribeirão Preto;SP;0,9014;Bonfim Paulista;-21,18999;-47,81129;14029546;LOTEAMENTO SANTA LUISA;nao_aplicavel;6000,0;Alta (≥ R$ 5.000);próprio;confirmado;False
33063648;COLEGIO SAO VICENTE DE PAULO;3304557;20,0;344;Outras posições;False;681,3947540983606;61,0;5,0;225,0;0,892;Poliedro;672,636811594203;69,0;676,7463076923077;8,757942504157654;Rio de Janeiro;RJ;0,8408;Rio de Janeiro;-22,93979;-43,1959;22241125;COSME VELHO;bairro;4200,0;Média-Alta (R$ 3.000-4.999);não identificado;nao_identificado;False
31294110;COLEGIO BURITIS AGOSTINIANO;3106200;19,0;110;Outras posições;False;669,0050666666667;25,0;5,0;90,0;0,892;Poliedro;642,2886666666666;20,0;657,1311111111111;26,71640000000013;Belo Horizonte;MG;0,9738;Belo Horizonte;-19,9782953;-43,9635358;30493180;BURITIS;nao_aplicavel;8000,0;Alta (≥ R$ 5.000);livro didático avulso (múltiplas editoras);confirmado;False
43108164;COL MARISTA NOSSA SENHORA DO ROSARIO;4314902;4,0;61;Desafiante (2º-5º local);False;672,3916875871688;239,0;5,0;843,0;0,892;Poliedro;665,8501904761905;210,0;669,3321900519674;6,541497110978298;Porto Alegre;RS;0,9276;Porto Alegre;-30,04919615;-51,22891874;90035080;INDEPENDÊNCIA;nao_aplicavel;5001,0;Alta (≥ R$ 5.000);Marista (FTD, rede fechada);confirmado;False
32041411;CENTRO DE ENSINO CHARLES DARWIN;3205309;5,0;18;Desafiante (2º-5º local);False;685,6892340425532;235,0;5,0;655,0;0,891;Poliedro;681,3609845288327;237,0;683,5159392655366;4,328249513720493;Vitória;ES;0,9347;Vitória;-20,2784153;-40,3002527;29065730;MATA DA PRAIA;nao_aplicavel;10000,0;Alta (≥ R$ 5.000);Bernoulli;confirmado;False
33142726;COL ISRAELITA BRAS A LIESSIN SCHOLEM ALEICHEM;3304557;21,0;344;Outras posições;False;668,5491999999999;50,0;5,0;162,0;0,891;Poliedro;664,2611764705882;51,0;666,3839603960396;4,288023529411703;Rio de Janeiro;RJ;0,8408;Rio de Janeiro;-22,95071567;-43,19135941;22271110;BOTAFOGO;bairro;8000,0;Alta (≥ R$ 5.000);não identificado;provavel_proprio;False
35112513;PROGRESSO CAMPINEIRO COLEGIO;3509502;2,0;47;Desafiante (2º-5º local);False;685,6673333333333;30,0;5,0;126,0;0,891;Poliedro;685,7615094339623;53,0;685,7274698795181;-0,0941761006289425;Campinas;SP;0,82;Campinas;-22,89837;-47,05591;13025061;CAMBUI;nao_aplicavel;3000,0;Média-Alta (R$ 3.000-4.999);IB (International Baccalaureate);confirmado;False
23275936;COLEGIO SHALOM;2304400;15,0;117;Outras posições;False;660,6063157894737;19,0;5,0;80,0;0,891;Poliedro;639,5631578947368;19,0;650,0847368421053;21,04315789473685;Fortaleza;CE;0,8208;Fortaleza;;;60130301;TAUAPE;nao_aplicavel;1224,0;Baixa (< R$ 1.800);Positivo (Arco Educação);confirmado;False
31004880;COLEGIO MARISTA PADRE EUSTAQUIO;3106200;20,0;110;Outras posições;False;668,3004210526316;95,0;5,0;354,0;0,89;Poliedro;;;668,3004210526316;;Belo Horizonte;MG;0,9738;Belo Horizonte;-19,9156914;-43,9741416;30720270;PADRE EUSTAQUIO;nao_aplicavel;3500,0;Média-Alta (R$ 3.000-4.999);Marista (FTD, rede fechada);confirmado;False
29200091;SARTRE ESCOLA SEB - ITAIGARA;2927408;4,0;90;Desafiante (2º-5º local);False;684,7899079754601;326,0;5,0;1096,0;0,89;Poliedro;682,1973584905661;318,0;683,5097360248448;2,5925494848939934;Salvador;BA;0,7909;Salvador;-12,99667;-38,52664;41815150;ITAIGARA;nao_aplicavel;10000,0;Alta (≥ R$ 5.000);próprio;confirmado;False
29530210;SARTRE ESCOLA SEB - MONET;2919207;1,0;8;Líder local;False;684,7009248554913;173,0;5,0;680,0;0,89;Poliedro;679,6240963855422;166,0;682,2149262536873;5,076828469949078;Lauro de Freitas;BA;0,7809;Lauro de Freitas;-12,88102;-38,29253;42709500;BURAQUINHO;nao_aplicavel;6500,0;Alta (≥ R$ 5.000);próprio (Grupo SEB/Conexia);provavel_proprio;False
32040075;COLEGIO SAGRADO CORACAO DE MARIA;3205309;6,0;18;Outras posições;False;703,2246153846154;26,0;5,0;141,0;0,889;Poliedro;677,3456;25,0;690,5388235294117;25,8790153846154;Vitória;ES;0,9347;Vitória;-20,29595113;-40,28865592;29055770;PRAIA DO CANTO;nao_aplicavel;11000,0;Alta (≥ R$ 5.000);SAE Digital;confirmado;False
31041262;COLEGIO ROBERTO CARNEIRO;3122306;2,0;9;Desafiante (2º-5º local);False;667,7692682926829;82,0;5,0;293,0;0,889;Poliedro;661,8347791164658;83,0;664,7840404040404;5,934489176217085;Divinópolis;MG;0,7505;Divinópolis;-20,1446951;-44,8913496;35500007;CENTRO;nao_aplicavel;2000,0;Média (R$ 1.800-2.999);Bernoulli;confirmado;False
33104247;INSTITUTO NOSSA SENHORA DA PIEDADE II;3304557;22,0;344;Outras posições;False;667,6236363636364;44,0;5,0;265,0;0,888;Poliedro;686,3458064516129;31,0;675,3621333333334;-18,722170087976565;Rio de Janeiro;RJ;0,8408;Rio de Janeiro;-22,92715929;-43,3329463;22743050;PECHINCHA;bairro;4500,0;Média-Alta (R$ 3.000-4.999);SAS (Arco Educação);confirmado;False
22014543;COLEGIO NOSSA SENHORA DAS GRACAS;2207702;1,0;11;Líder local;False;667,5824;50,0;5,0;201,0;0,888;Poliedro;674,0963636363637;55,0;670,9944761904763;-6,513963636363656;Parnaíba;PI;0,4866;Parnaíba;-2,905356;-41,77586;64200361;CENTRO;nao_aplicavel;2500,0;Média (R$ 1.800-2.999);Bernoulli;confirmado;False
52033848;COLEGIO SANTO AGOSTINHO;5208707;3,0;68;Desafiante (2º-5º local);False;682,8528947368421;76,0;5,0;276,0;0,888;Poliedro;690,4275;72,0;686,5378378378379;-7,574605263157878;Goiânia;GO;0,9482;Goiânia;-16,6675736;-49,2553472;74055150;SETOR CENTRAL;nao_aplicavel;2500,0;Média (R$ 1.800-2.999);não identificado;provavel_proprio;False
22023658;EDUCANDARIO SANTA MARIA GORETTI;2211001;6,0;52;Outras posições;False;659,1961904761905;21,0;5,0;109,0;0,888;Poliedro;702,1493333333333;15,0;677,0933333333334;-42,95314285714278;Teresina;PI;0,7817;Teresina;-5,0961734;-42,8097616;64073650;URUGUAI;nao_aplicavel;3000,0;Média-Alta (R$ 3.000-4.999);pH (Cogna/SOMOS);confirmado;False
43215050;COLEGIO BERTONI MED;4314902;5,0;61;Desafiante (2º-5º local);False;682,5307692307692;13,0;5,0;14,0;0,888;Poliedro;676,924705882353;17,0;679,354;5,606063348416228;Porto Alegre;RS;0,9276;Porto Alegre;;;90540120;AUXILIADORA;nao_aplicavel;7000,0;Alta (≥ R$ 5.000);próprio;confirmado;False
43107494;CENTRO DE ENSINO MEDIO PASTOR DOHMS-UNIDADE DE ENSINO HIGIENOPOLIS;4314902;6,0;61;Outras posições;False;669,5675757575757;66,0;5,0;252,0;0,887;Poliedro;641,0943529411765;85,0;653,5396026490066;28,473222816399243;Porto Alegre;RS;0,9276;Porto Alegre;-30,01213;-51,18677;90550031;HIGIENÓPOLIS;nao_aplicavel;7000,0;Alta (≥ R$ 5.000);Par (Cogna/SOMOS);confirmado;False
33116903;CENTRO EDUCACIONAL DA LAGOA;3304557;23,0;344;Outras posições;False;666,6654545454545;33,0;5,0;170,0;0,886;Poliedro;685,64;47,0;677,8129999999999;-18,97454545454548;Rio de Janeiro;RJ;0,8408;Rio de Janeiro;-22,88704;-43,28433;20771004;CACHAMBI;bairro;3500,0;Média-Alta (R$ 3.000-4.999);SAS (Arco Educação);confirmado;False
29447518;COLEGIO MARISTA DE PATAMARES;2927408;5,0;90;Desafiante (2º-5º local);False;658,5875268817205;93,0;5,0;392,0;0,886;Poliedro;661,9952252252252;74,0;660,0975249500999;-3,4076983435047623;Salvador;BA;0,7909;Salvador;-12,964581;-38,4082779;41741550;PITUAÇU;nao_aplicavel;1800,0;Média (R$ 1.800-2.999);Marista (FTD, rede fechada);confirmado;False
22142363;COLEGIO PROPOSITO;2211001;7,0;52;Outras posições;False;721,8133333333334;15,0;3,0;293,0;0,885;Poliedro;627,0224528301887;106,0;638,7733884297521;94,79088050314463;Teresina;PI;0,7817;Teresina;-5,07987;-42,79151;64048152;JOQUEI;nao_aplicavel;12000,0;Alta (≥ R$ 5.000);Bernoulli;confirmado;False
53020006;C EDUCACIONAL SIGMA - ASA NORTE;5300108;3,0;117;Desafiante (2º-5º local);False;680,6918181818181;88,0;5,0;330,0;0,885;Poliedro;673,4823723723724;111,0;676,6704690117253;7,209445809445697;Brasília;DF;0,9278;Brasília;-15,75947696;-47,89644928;70790100;ASA NORTE;nao_aplicavel;3000,0;Média-Alta (R$ 3.000-4.999);Poliedro;confirmado;True
31291986;CENTRO EDUCACIONAL DIVINOPOLIS-ANGLO;3122306;3,0;9;Desafiante (2º-5º local);False;666,2406666666667;50,0;5,0;51,0;0,885;Poliedro;669,3433333333334;24,0;667,2469369369369;-3,102666666666664;Divinópolis;MG;0,7505;Divinópolis;-20,1393431;-44,8963758;35500030;VILA BELO HORIZONTE;nao_aplicavel;2000,0;Média (R$ 1.800-2.999);Anglo (Cogna/SOMOS);confirmado;False
35113852;LUIZ DE QUEIROZ COLEGIO;3538709;1,0;25;Líder local;False;680,6035842293907;93,0;5,0;376,0;0,885;Poliedro;672,1683928571429;112,0;675,9950894308944;8,4351913722478;Piracicaba;SP;0,8238;Piracicaba;-22,7299165;-47,6122286;13420273;AGUA SECA;nao_aplicavel;2700,0;Média (R$ 1.800-2.999);próprio (IB);provavel_proprio;False
52034054;COLEGIO PROGRESSIVO;5208707;4,0;68;Desafiante (2º-5º local);False;677,0464978902953;79,0;5,0;263,0;0,885;Poliedro;669,0632900432901;77,0;673,1060683760684;7,9832078470052465;Goiânia;GO;0,9482;Goiânia;-16,6870535;-49,3167588;74423080;CIDADE JARDIM;nao_aplicavel;2500,0;Média (R$ 1.800-2.999);SAS (Arco Educação);confirmado;False
31005789;COLEGIO SAO PAULO DA CRUZ;3106200;21,0;110;Outras posições;False;665,9266666666667;18,0;5,0;88,0;0,884;Poliedro;609,4058823529411;17,0;638,4737142857143;56,52078431372559;Belo Horizonte;MG;0,9738;Barreiro;-19,97842;-44,02456;30640000;BARREIRO;nao_aplicavel;3260,0;Média-Alta (R$ 3.000-4.999);Bernoulli;confirmado;False
35135288;COLEGIO ANGLO LEONARDO DA VINCI;3534401;1,0;31;Líder local;False;679,0827586206897;29,0;5,0;140,0;0,884;Poliedro;681,2227397260274;73,0;680,6143137254902;-2,1399811053377107;Osasco;SP;0,6495;Osasco;-23,5346412;-46,779074;6016030;CENTRO;nao_aplicavel;5001,0;Alta (≥ R$ 5.000);Anglo (Cogna/SOMOS);confirmado;False
31004952;COLEGIO SANTA MARIA MINAS - UNIDADE PAMPULHA;3106200;22,0;110;Outras posições;False;665,6899999999999;90,0;5,0;297,0;0,883;Poliedro;663,8438759689923;86,0;664,7879166666667;1,8461240310076616;Belo Horizonte;MG;0,9738;Belo Horizonte;-19,83677064;-43,95005871;31720440;PLANALTO;nao_aplicavel;3000,0;Média-Alta (R$ 3.000-4.999);SAS (Arco Educação);confirmado;False
22027173;COLEGIO PROCAMPUS;2211001;8,0;52;Outras posições;False;728,4292307692308;13,0;4,0;103,0;0,883;Poliedro;733,2866666666667;12,0;730,7608;-4,857435897435948;Teresina;PI;0,7817;Teresina;-5,098434;-42,81272;64001090;CENTRO;nao_aplicavel;3000,0;Média-Alta (R$ 3.000-4.999);SOMOS Educação (marca não especificada);confirmado;False
28017781;COLEGIO ARQUIDIOCESANO S CORACAO DE JESUS;2800308;3,0;43;Desafiante (2º-5º local);False;678,9244102564103;65,0;5,0;239,0;0,883;Poliedro;655,721;40,0;670,0850158730159;23,20341025641028;Aracaju;SE;0,864;Aracaju;-10,92046803;-37,04899228;49032360;FAROLANDIA;nao_aplicavel;3000,0;Média-Alta (R$ 3.000-4.999);não identificado;provavel_proprio;False
32036671;ESCOLA MULTIPLA;3205002;1,0;8;Líder local;False;678,7405263157895;38,0;5,0;168,0;0,883;Poliedro;689,978;30,0;683,6982352941176;-11,2374736842105;Serra;ES;0,5068;Carapina;-20,1712954;-40,2492785;29166061;BARCELONA;nao_aplicavel;2500,0;Média (R$ 1.800-2.999);pH (Cogna/SOMOS);confirmado;False
33087539;ESCOLA SUICO-BRASILEIRA RIO DE JANEIRO BY SWISS INTERNATIONAL SCHOOLS;3304557;24,0;344;Outras posições;False;665,25;20,0;5,0;88,0;0,882;Poliedro;666,5600000000001;12,0;665,74125;-1,3100000000000591;Rio de Janeiro;RJ;0,8408;Rio de Janeiro;;;22611022;JOÁ;bairro;8000,0;Alta (≥ R$ 5.000);próprio (grupo internacional SIS);provavel_proprio;False
33064768;COLEGIO SAGRADO CORACAO DE MARIA;3304557;24,0;344;Outras posições;False;657,7271428571429;28,0;5,0;75,0;0,882;Poliedro;655,4680000000001;15,0;656,9390697674419;2,25914285714282;Rio de Janeiro;RJ;0,8408;Rio de Janeiro;-22,964263;-43,1822822;22030002;COPACABANA;bairro;6000,0;Alta (≥ R$ 5.000);SAS (Arco Educação);confirmado;False
33184739;COLEGIO ALFA CEM BILINGUE;3304557;26,0;344;Outras posições;False;759,3114285714286;14,0;4,0;180,0;0,882;Poliedro;759,6247058823529;17,0;759,4832258064517;-0,3132773109243771;Rio de Janeiro;RJ;0,8408;Rio de Janeiro;;;22793080;BARRA DA TIJUCA;bairro;10001,0;Alta (≥ R$ 5.000);não identificado;provavel_proprio;False
32038178;CENTRO DE ENSINO CHARLES DARWIN;3205200;1,0;23;Líder local;False;695,2004964539007;94,0;5,0;330,0;0,882;Poliedro;696,3131764705882;85,0;695,7288640595904;-1,112680016687591;Vila Velha;ES;0,7846;Vila Velha;-20,34199722;-40,29536323;29100320;CENTRO DE VILA VELHA;nao_aplicavel;3000,0;Média-Alta (R$ 3.000-4.999);Bernoulli;confirmado;False
33165920;COLEGIO E CURSO PENSI;3303302;4,0;42;Desafiante (2º-5º local);False;758,8586206896553;29,0;4,0;277,0;0,882;Poliedro;736,118;30,0;747,295593220339;22,7406206896552;Niterói;RJ;0,9692;Niterói;-22,90956;-43,10985;24230210;ICARAÍ;nao_aplicavel;8200,0;Alta (≥ R$ 5.000);Eleva;confirmado;False
33021740;ABMSA COL NS DAS MERCES;3303401;1,0;15;Líder local;False;678,1966666666667;24,0;5,0;103,0;0,882;Poliedro;655,1931034482758;29,0;665,6098113207547;23,003563218390923;Nova Friburgo;RJ;0,7816;Nova Friburgo;-22,27278;-42,53477;28625630;CENTRO;nao_aplicavel;3600,0;Média-Alta (R$ 3.000-4.999);SAS (Arco Educação);confirmado;False
35107190;NOSSA SENHORA DO ROSARIO COLEGIO;3550308;8,0;516;Outras posições;False;678,1587878787878;66,0;5,0;295,0;0,881;Poliedro;678,0286021505377;93,0;678,0826415094341;0,1301857282501259;São Paulo;SP;0,8116;Vila Mariana;-23,60232652;-46,63737532;4036100;VILA MARIANA;distrito;9600,0;Alta (≥ R$ 5.000);Anglo (Cogna/SOMOS);confirmado;False
31320536;SISTEMA APOIO DE ENSINO;3170107;2,0;13;Desafiante (2º-5º local);False;690,3314285714285;42,0;4,0;149,0;0,881;Poliedro;690,294623655914;31,0;690,3157990867579;0,0368049155144944;Uberaba;MG;0,7922;Uberaba;-19,745229;-47,929726;38015140;ESTADOS UNIDOS;nao_aplicavel;3000,0;Média-Alta (R$ 3.000-4.999);não identificado;provavel_proprio;False
33065837;ESCOLA PARQUE;3304557;27,0;344;Outras posições;False;690,2979746835443;79,0;4,0;307,0;0,881;Poliedro;656,6008219178083;73,0;674,1144736842105;33,697152765736064;Rio de Janeiro;RJ;0,8408;Rio de Janeiro;-22,98209107;-43,23956992;22451041;GAVEA;bairro;9000,0;Alta (≥ R$ 5.000);não identificado;provavel_proprio;False
22142622;GRUPO EDUCACIONAL CEV - UNIDADE KENNEDY;2211001;9,0;52;Outras posições;False;664,868064516129;62,0;5,0;283,0;0,881;Poliedro;647,5949019607842;102,0;654,125;17,27316255534481;Teresina;PI;0,7817;Teresina;;;64055260;MORADA DO SOL;nao_aplicavel;6000,0;Alta (≥ R$ 5.000);próprio (Sistema CEV de Ensino);confirmado;False
33025673;PENSI CASULO RIO DAS OSTRAS;3304524;1,0;14;Líder local;False;657,0870042194093;79,0;5,0;222,0;0,881;Poliedro;636,7462745098039;68,0;647,6776870748299;20,3407297096054;Rio das Ostras;RJ;0,7058;Rio das Ostras;-22,51553047;-41,94674103;28893794;VILLAGE SOL E MAR;nao_aplicavel;2000,0;Média (R$ 1.800-2.999);próprio (Pensi+);provavel_proprio;False
50030590;COLEGIO LUMIERE ENSINO FUNDAMENTAL;5003702;2,0;6;Desafiante (2º-5º local);False;717,234;20,0;4,0;54,0;0,88;Poliedro;;;717,234;;Dourados;MS;0,6793;Dourados;-22,2052048;-54,8152448;79824452;PORTO MADERO;nao_aplicavel;2000,0;Média (R$ 1.800-2.999);próprio;confirmado;False
29182344;COLEGIO INTEGRAL;2927408;6,0;90;Outras posições;False;675,2497959183673;98,0;4,0;344,0;0,88;Poliedro;682,8291954022989;87,0;678,8141621621621;-7,579399483931525;Salvador;BA;0,7909;Salvador;-12,99931;-38,44977833;41810700;PITUBA;nao_aplicavel;7500,0;Alta (≥ R$ 5.000);não identificado;provavel_proprio;False
31053953;COLEGIO ESCOLAPIO IBITURUNA;3127701;1,0;7;Líder local;False;664,4781220657278;142,0;5,0;385,0;0,88;Poliedro;670,9985123966943;121,0;667,4779974651458;-6,5203903309665066;Governador Valadares;MG;0,5588;Governador Valadares;-18,8532355;-41,9409464;35010130;CENTRO;nao_aplicavel;3500,0;Média-Alta (R$ 3.000-4.999);SAS (Arco Educação);confirmado;False
53001320;COL MADRE CARMEN SALLES;5300108;4,0;117;Desafiante (2º-5º local);False;677,5903703703704;54,0;5,0;160,0;0,88;Poliedro;641,466511627907;43,0;661,5767010309279;36,12385874246331;Brasília;DF;0,9278;Brasília;-15,77479;-47,87344;70830154;ASA NORTE;nao_aplicavel;3000,0;Média-Alta (R$ 3.000-4.999);FTD;confirmado;False
23236051;MASTER COLEGIO;2304400;16,0;117;Outras posições;False;664,3947899159664;119,0;5,0;362,0;0,88;Poliedro;646,715751633987;102,0;656,2352337858221;17,679038281979388;Fortaleza;CE;0,8208;Fortaleza;-3,7346625;-38,5608199;60325002;PRESIDENTE KENNEDY;nao_aplicavel;1800,0;Média (R$ 1.800-2.999);não identificado;provavel_proprio;False
53015347;C EDUCACIONAL SIGMA AGUAS CLARAS;5300108;5,0;117;Desafiante (2º-5º local);False;677,5172151898735;79,0;5,0;238,0;0,88;Poliedro;665,7965909090909;88,0;671,3410778443114;11,720624280782545;Brasília;DF;0,9278;Brasília;;;71939720;SUL (AGUAS CLARAS);nao_aplicavel;3000,0;Média-Alta (R$ 3.000-4.999);próprio;confirmado;False
26194236;COLEGIO SABER VIVER - UNIDADE III;2611606;8,0;76;Outras posições;False;694,746923076923;26,0;4,0;147,0;0,88;Poliedro;;;694,746923076923;;Recife;PE;0,9162;Recife;;;52021180;ESPINHEIRO;nao_aplicavel;7500,0;Alta (≥ R$ 5.000);próprio;provavel_proprio;False
35109708;CARMO COLEGIO;3548500;1,0;32;Líder local;False;666,3104402515722;53,0;5,0;166,0;0,88;Poliedro;642,3554545454546;44,0;655,4442611683849;23,954985706117668;Santos;SP;0,8189;Santos;-23,98488971;-46,29890989;11030902;PONTA DA PRAIA;nao_aplicavel;5000,0;Alta (≥ R$ 5.000);Bernoulli;confirmado;False
35103718;RIO BRANCO UNIDADE HIGIENOPOLIS COLEGIO;3550308;9,0;516;Outras posições;False;664,1056038647343;69,0;5,0;265,0;0,879;Poliedro;669,0954320987655;54,0;666,2962601626017;-4,989828234031165;São Paulo;SP;0,8116;Consolação;-23,5408363;-46,6605908;1238000;HIGIENOPOLIS;distrito;7500,0;Alta (≥ R$ 5.000);não identificado;provavel_proprio;False
35120285;MIGUEL DE CERVANTES COLEGIO;3550308;10,0;516;Outras posições;False;676,775707762557;73,0;5,0;395,0;0,878;Poliedro;655,2895238095238;63,0;666,8225490196078;21,48618395303322;São Paulo;SP;0,8116;Morumbi;-23,5938844;-46,7186488;5618001;VILA PROGREDIOR;distrito;8000,0;Alta (≥ R$ 5.000);livro didático avulso (múltiplas editoras);confirmado;False
31193038;COLEGIO CATOLICA PADRE DE MAN;3119401;1,0;3;Líder local;False;676,6861458333333;64,0;5,0;193,0;0,878;Poliedro;685,0196923076923;65,0;680,8852196382429;-8,333546474358968;Coronel Fabriciano;MG;0,2326;Coronel Fabriciano;-19,51519879;-42,60946286;35170056;CALADINHO;nao_aplicavel;1500,0;Baixa (< R$ 1.800);Bernoulli;confirmado;False
31105899;COLEGIO COMERCIAL ITABIRANO;3131703;1,0;6;Líder local;False;676,6232558139535;43,0;5,0;165,0;0,878;Poliedro;680,664;40,0;678,5706024096386;-4,0407441860464814;Itabira;MG;0,5727;Itabira;-19,62120992;-43,22333878;35900025;CENTRO;nao_aplicavel;2000,0;Média (R$ 1.800-2.999);SAE Digital (Cogna/SOMOS);confirmado;False
21009902;CENTRO EDUCACIONAL MONTESSORIANO REINO INFANTIL;2111300;2,0;47;Desafiante (2º-5º local);False;687,4187692307693;65,0;4,0;226,0;0,878;Poliedro;690,0045502645503;63,0;688,6914583333333;-2,585781033781018;São Luís;MA;0,7058;São Luís;-2,505465876;-44,28899186;65075350;RENASCENA II;nao_aplicavel;1300,0;Baixa (< R$ 1.800);não identificado;provavel_proprio;False
23274859;ANTARES ATS COLEGIO;2304400;17,0;117;Outras posições;False;663,0553846153846;13,0;5,0;67,0;0,877;Poliedro;667,5325;16,0;665,5255172413792;-4,477115384615445;Fortaleza;CE;0,8208;Fortaleza;;;60135170;JOAQUIM TÁVORA;nao_aplicavel;3000,0;Média-Alta (R$ 3.000-4.999);Pitágoras (Cogna/SOMOS);confirmado;False
13099981;CENTRO EDUCACIONAL LATO SENSU III;1302603;1,0;49;Líder local;False;686,99;38,0;4,0;172,0;0,877;Poliedro;669,86;19,0;681,28;17,129999999999995;Manaus;AM;0,5729;Manaus;;;69036790;SANTO AGOSTINHO;nao_aplicavel;2000,0;Média (R$ 1.800-2.999);próprio (Grupo Saber);provavel_proprio;False
35290804;ESCOLA SEB UNIDADE ALVARES CABRAL;3543402;3,0;38;Desafiante (2º-5º local);False;725,4759420289855;69,0;4,0;212,0;0,877;Poliedro;707,1502515723271;53,0;717,5147814207651;18,325690456658435;Ribeirão Preto;SP;0,9014;Ribeirão Preto;-21,1773818;-47,8123282;14010080;CENTRO;nao_aplicavel;2500,0;Média (R$ 1.800-2.999);próprio (Grupo SEB/Conexia);confirmado;False
33110034;CENTRO EDUCACIONAL ESPACO INTEGRADO;3304557;28,0;344;Outras posições;False;655,3824761904762;35,0;5,0;127,0;0,877;Poliedro;652,2271111111111;30,0;653,9261538461539;3,155365079365083;Rio de Janeiro;RJ;0,8408;Rio de Janeiro;-23,0092276;-43,2965564;22611230;BARRA DA TIJUCA;bairro;10001,0;Alta (≥ R$ 5.000);Objetivo;confirmado;False
53001222;C EDUCACIONAL SIGMA;5300108;6,0;117;Outras posições;False;675,3353333333333;90,0;5,0;368,0;0,877;Poliedro;679,4595379537953;101,0;677,5161954624781;-4,124204620462024;Brasília;DF;0,9278;Brasília;-15,81430655;-47,91817098;70310500;ASA SUL;nao_aplicavel;3000,0;Média-Alta (R$ 3.000-4.999);SAS (Arco Educação);confirmado;False
12028835;COLEGIO LATO SENSU;1200401;1,0;10;Líder local;False;672,3068421052632;38,0;4,0;144,0;0,876;Poliedro;661,418947368421;38,0;666,8628947368421;10,887894736842211;Rio Branco;AC;0,6009;Rio Branco;-9,9602708;-67,7954411;69901230;JARDIM TROPICAL;nao_aplicavel;1300,0;Baixa (< R$ 1.800);próprio (Grupo Saber);provavel_proprio;False
43172440;COLEGIO LEONARDO DA VINCI- BETA;4314902;7,0;61;Outras posições;False;664,4967857142857;56,0;5,0;170,0;0,875;Poliedro;664,6028125;64,0;664,5533333333333;-0,1060267857143344;Porto Alegre;RS;0,9276;Porto Alegre;-30,09512;-51,24574;90810000;CRISTAL;nao_aplicavel;2706,0;Média (R$ 1.800-2.999);próprio;provavel_proprio;False
33085846;ESC BRETANHA JD INFANCIA TIO CARECA;3304557;29,0;344;Outras posições;False;716,1613793103448;29,0;4,0;133,0;0,875;Poliedro;694,2647619047618;42,0;703,2084507042252;21,89661740558301;Rio de Janeiro;RJ;0,8408;Rio de Janeiro;-22,78966;-43,16722;21911120;FREGUESIA (ILHA DO GOVERNADOR);bairro;2300,0;Média (R$ 1.800-2.999);Bernoulli;confirmado;False
53015789;COLEGIO OLIMPO AGUAS CLARAS;5300108;7,0;117;Outras posições;False;716,0402666666666;75,0;4,0;329,0;0,874;Poliedro;718,57375;64,0;717,206762589928;-2,533483333333379;Brasília;DF;0,9278;Brasília;-15,8364477;-48,01316607;71938000;SUL AGUAS CLARAS;nao_aplicavel;3000,0;Média-Alta (R$ 3.000-4.999);próprio (Olimpo Educação);confirmado;False
28018109;CURSO COLEGIO MODULO LTDA;2800308;4,0;43;Desafiante (2º-5º local);False;664,3465909090909;88,0;5,0;315,0;0,874;Poliedro;657,963676012461;107,0;660,8441709401709;6,382914896629927;Aracaju;SE;0,864;Aracaju;-10,95409833;-37,06936167;49040140;INACIO BARBOSA;nao_aplicavel;2600,0;Média (R$ 1.800-2.999);Somos Educação (marca não especificada);confirmado;False
28017757;COESI COLEGIO DE ORIENTACAO E ESTUDOS INTEGRADOS E ESCOLINHA DO RE MI EIRELI - EPP;2800308;5,0;43;Desafiante (2º-5º local);False;664,1664516129032;62,0;5,0;229,0;0,874;Poliedro;655,6118614718615;77,0;659,4275779376499;8,554590141041672;Aracaju;SE;0,864;Aracaju;-10,94548956;-37,06678648;49027220;GRAGERU;nao_aplicavel;6000,0;Alta (≥ R$ 5.000);Poliedro;confirmado;True
42012023;ESCOLA NORMAL E GINASIO MADRE TERESA MICHEL;4204608;1,0;11;Líder local;False;664,0661333333333;50,0;5,0;198,0;0,874;Poliedro;677,5775609756098;41,0;670,1536996336996;-13,511427642276544;Criciúma;SC;0,6209;Criciúma;-28,68782876;-49,37114097;88803000;MICHEL;nao_aplicavel;5000,0;Alta (≥ R$ 5.000);Bernoulli;confirmado;False
29487250;COLEGIO SAO PAULO;2927408;7,0;90;Outras posições;False;673,1548917748918;77,0;5,0;361,0;0,873;Poliedro;681,8295582329317;83,0;677,654875;-8,674666458039951;Salvador;BA;0,7909;Salvador;;;41815290;ITAIGARA;nao_aplicavel;10000,0;Alta (≥ R$ 5.000);Poliedro;confirmado;True
29422248;COLEGIO ANGLO BRASILEIRO;2927408;8,0;90;Outras posições;False;673,0512820512821;39,0;5,0;115,0;0,873;Poliedro;668,3539130434783;23,0;671,3087096774194;4,697369007803786;Salvador;BA;0,7909;Salvador;-12,95952;-38,40529;41680048;PATAMARES;nao_aplicavel;10001,0;Alta (≥ R$ 5.000);Anglo (Cogna/SOMOS);confirmado;False
31007153;ESCOLA SEB UNIDADE SERRA;3106200;23,0;110;Outras posições;False;661,0757575757576;11,0;5,0;38,0;0,873;Poliedro;;;661,0757575757576;;Belo Horizonte;MG;0,9738;Belo Horizonte;-19,93857011;-43,92274615;30220060;SERRA;nao_aplicavel;8000,0;Alta (≥ R$ 5.000);Positivo (Arco Educação);confirmado;False
31018864;CENTRO DE EDUCACAO ANGHER;3105608;1,0;5;Líder local;False;661,0516666666666;12,0;5,0;58,0;0,873;Poliedro;656,5460869565217;23,0;658,0908571428571;4,505579710144957;Barbacena;MG;0,5722;Barbacena;-21,2177339;-43,773987;36202328;SÃO SEBASTIÃO;nao_aplicavel;1800,0;Média (R$ 1.800-2.999);Maxi (Cogna/SOMOS);confirmado;False
35134806;ETAPA COLEGIO DE EFM;3550308;11,0;516;Outras posições;False;712,9624032921811;405,0;4,0;1275,0;0,872;Poliedro;706,852471416007;379,0;710,00875;6,109931876174073;São Paulo;SP;0,8116;Vila Mariana;-23,5792688;-46,6393705;4101000;VILA MARIANA;distrito;9600,0;Alta (≥ R$ 5.000);Etapa;confirmado;False
52033210;COLEGIO AGOSTINIANO NS DE FATIMA;5208707;5,0;68;Desafiante (2º-5º local);False;687,0796610169491;118,0;4,0;516,0;0,872;Poliedro;676,7445698924731;124,0;681,783994490358;10,33509112447598;Goiânia;GO;0,9482;Goiânia;-16,6720609;-49,2710454;74075220;SETOR AEROPORTO;nao_aplicavel;2500,0;Média (R$ 1.800-2.999);Anglo (Cogna/SOMOS);confirmado;False
52086615;COLEGIO JAO LTDA;5208707;6,0;68;Outras posições;False;660,721090909091;55,0;5,0;218,0;0,872;Poliedro;672,6463829787234;47,0;666,2160784313726;-11,925292069632404;Goiânia;GO;0,9482;Goiânia;-16,6475491;-49,2237193;74673640;SETOR JAÓ;nao_aplicavel;2500,0;Média (R$ 1.800-2.999);Anglo (Cogna/SOMOS);confirmado;False
31166103;COLEGIO SAO DOMINGOS;3104007;1,0;4;Líder local;False;671,9457142857143;28,0;5,0;159,0;0,871;Poliedro;643,1587999999999;50,0;653,4925641025641;28,78691428571437;Araxá;MG;0,5912;Araxá;-19,59183838;-46,9414188;38183226;CENTRO;nao_aplicavel;2600,0;Média (R$ 1.800-2.999);Bernoulli;confirmado;False
29714630;CENTRO EDUCACIONAL MUNDAI;2925303;1,0;6;Líder local;False;680,9058333333334;24,0;4,0;90,0;0,87;Poliedro;657,6808695652173;23,0;669,5404255319149;23,224963768116027;Porto Seguro;BA;0,4311;Porto Seguro;-16,40903;-39,05118;45810000;;nao_aplicavel;1212,0;Baixa (< R$ 1.800);não identificado;nao_identificado;False
52034046;COLEGIO PREVEST;5208707;7,0;68;Outras posições;False;670,8133064516129;124,0;5,0;490,0;0,87;Poliedro;670,5957142857143;84,0;670,7254326923078;0,2175921658986226;Goiânia;GO;0,9482;Goiânia;-16,6719094;-49,2576951;74020030;SETOR CENTRAL;nao_aplicavel;2500,0;Média (R$ 1.800-2.999);não identificado;nao_identificado;False
53013670;C EDUCACIONAL LEONARDO DA VINCI - UNIDADE TAGUATINGA;5300108;8,0;117;Outras posições;False;683,7619366852887;179,0;5,0;547,0;0,87;Poliedro;676,9237477477477;185,0;680,2864835164835;6,838188937540963;Brasília;DF;0,9278;Brasília;-15,84723;-48,04116;71953100;AREAL (AGUAS CLARAS);nao_aplicavel;3000,0;Média-Alta (R$ 3.000-4.999);não identificado;nao_identificado;False
25093088;COLEGIO MARISTA PIO X;2507507;4,0;55;Desafiante (2º-5º local);False;653,4760526315789;76,0;5,0;346,0;0,87;Poliedro;661,0308163265306;98,0;657,7310344827586;-7,554763694951703;João Pessoa;PB;0,8675;João Pessoa;-7,1187457;-34,87272857;58020544;TAMBIA;nao_aplicavel;2000,0;Média (R$ 1.800-2.999);Marista (FTD, rede fechada);confirmado;False
35133115;COLEGIO PARTHENON BOM CLIMA;3518800;1,0;57;Líder local;False;683,0055384615384;65,0;5,0;197,0;0,868;Poliedro;662,6252830188679;53,0;673,8516949152543;20,380255442670546;Guarulhos;SP;0,6077;Guarulhos;-23,4580971;-46,5187761;7197040;MACEDO;nao_aplicavel;4000,0;Média-Alta (R$ 3.000-4.999);Anglo (Cogna/SOMOS);confirmado;False
31004111;COLEGIO SAO JOSE DE ENSINO FUNDAMENTAL E MEDIO;3106200;24,0;110;Outras posições;False;659,145;20,0;5,0;70,0;0,868;Poliedro;660,6675;16,0;659,8216666666667;-1,5225000000000364;Belo Horizonte;MG;0,9738;Belo Horizonte;-19,91527257;-43,92638586;31015178;FLORESTA;nao_aplicavel;5000,0;Alta (≥ R$ 5.000);não identificado;nao_identificado;False
51036215;COLEGIO NOTRE DAME DE LOURDES;5103403;1,0;27;Líder local;False;669,5498305084747;59,0;5,0;343,0;0,868;Poliedro;667,6398058252427;103,0;668,3354320987654;1,9100246832319956;Cuiabá;MT;0,8046;Cuiabá;-15,60967;-56,12522;78030445;CIDADE ALTA;nao_aplicavel;3500,0;Média-Alta (R$ 3.000-4.999);SAS (Arco Educação);confirmado;False
43104983;COLEGIO ISRAELITA BRASILEIRO;4314902;8,0;61;Outras posições;False;661,2070731707317;41,0;5,0;175,0;0,868;Poliedro;639,1795918367346;49,0;649,2143333333332;22,02748133399712;Porto Alegre;RS;0,9276;Porto Alegre;-30,04057;-51,19916;90630165;SANTA CECÍLIA;nao_aplicavel;5000,0;Alta (≥ R$ 5.000);não identificado;provavel_proprio;False
41352866;BOM JESUS DIVINA PROVIDENCIA COL EDUC INF ENS FUND E MEDIO;4106902;2,0;69;Desafiante (2º-5º local);False;669,1423188405797;69,0;5,0;246,0;0,867;Poliedro;689,3459259259259;54,0;678,0121951219512;-20,20360708534622;Curitiba;PR;0,8491;Curitiba;-25,40101;-49,26722;80540350;AHU;nao_aplicavel;8000,0;Alta (≥ R$ 5.000);não identificado;provavel_proprio;False
35114820;MARISTA COLEGIO DE RIBEIRAO PRETO;3543402;4,0;38;Desafiante (2º-5º local);False;681,7958823529412;68,0;5,0;209,0;0,867;Poliedro;640,7020408163265;49,0;664,585641025641;41,09384153661472;Ribeirão Preto;SP;0,9014;Ribeirão Preto;-21,18306455;-47,81185828;14015130;CENTRO;nao_aplicavel;2500,0;Média (R$ 1.800-2.999);Marista (FTD, rede fechada);confirmado;False
23243350;FARIAS BRITO JOVEM SEIS BOCAS COLEGIO;2304400;18,0;117;Outras posições;False;659,0377011494253;87,0;5,0;325,0;0,867;Poliedro;659,000625;96,0;659,0182513661202;0,0370761494252747;Fortaleza;CE;0,8208;Fortaleza;-3,7986372;-38,4738623;60833183;SAPIRANGA-COITÉ;nao_aplicavel;1224,0;Baixa (< R$ 1.800);próprio (Sistema Farias Brito);confirmado;False
35100432;JARDIM SAO PAULO COLEGIO;3550308;12,0;516;Outras posições;False;668,9298245614035;133,0;5,0;510,0;0,867;Poliedro;658,6448648648649;148,0;663,5128351126929;10,284959696538635;São Paulo;SP;0,8116;Santana;-23,4975417;-46,6148808;2042020;JARDIM SAO PAULO;distrito;5001,0;Alta (≥ R$ 5.000);Etapa;confirmado;False
35583224;COLEGIO COC;3548708;2,0;33;Desafiante (2º-5º local);False;701,9771428571429;14,0;4,0;14,0;0,866;Poliedro;716,103076923077;13,0;708,7785185185186;-14,125934065934077;São Bernardo do Campo;SP;0,8204;São Bernardo do Campo;-23,7063388;-46,5504542;9710060;CENTRO;nao_aplicavel;5001,0;Alta (≥ R$ 5.000);COC (Arco Educação);confirmado;False
31293687;COLEGIO MARISTA - VARGINHA;3170701;1,0;7;Líder local;False;678,2270531400966;69,0;4,0;210,0;0,866;Poliedro;693,2289285714286;56,0;684,9478933333334;-15,001875431331996;Varginha;MG;0,6904;Varginha;-21,55896138;-45,44144641;37002150;CENTRO;nao_aplicavel;3200,0;Média-Alta (R$ 3.000-4.999);Marista (FTD, rede fechada);confirmado;False
51036169;COLEGIO IBERO AMERICANO;5103403;2,0;27;Desafiante (2º-5º local);False;701,0;17,0;4,0;79,0;0,866;Poliedro;685,415;16,0;693,4436363636363;15,585000000000036;Cuiabá;MT;0,8046;Cuiabá;-15,61571;-56,11068;78025190;PORTO;nao_aplicavel;3001,0;Média-Alta (R$ 3.000-4.999);Pueri Domus (Grupo SEB);confirmado;False
24350303;CENTRO DE EDUCACAO INTEGRADA MAIS LTDA;2408102;7,0;48;Outras posições;False;667,0768582375479;87,0;4,0;268,0;0,866;Poliedro;658,938125;64,0;663,6273289183222;8,138733237547854;Natal;RN;0,8531;Natal;-5,839217;-35,2081202;59077010;LAGOA NOVA;nao_aplicavel;5200,0;Alta (≥ R$ 5.000);não identificado;nao_identificado;False
53012860;COL GALOIS;5300108;9,0;117;Outras posições;False;700,4555115511552;101,0;4,0;358,0;0,866;Poliedro;695,0600000000001;111,0;697,6305031446542;5,395511551155096;Brasília;DF;0,9278;Brasília;-15,8057019;-47,879234;70200610;ASA SUL;nao_aplicavel;3000,0;Média-Alta (R$ 3.000-4.999);próprio;provavel_proprio;False
17056446;COLEGIO OLIMPO PALMAS INTEGRAL;1721000;1,0;14;Líder local;False;699,0537634408603;62,0;4,0;309,0;0,865;Poliedro;698,1883544303797;79,0;698,5688888888889;0,8654090104805618;Palmas;TO;0,7844;Palmas;-10,1807514;-48,3092002;77006162;PLANO DIRETOR NORTE;nao_aplicavel;2148,5;Média (R$ 1.800-2.999);próprio (Olimpo Educação, Coleção Zeus);confirmado;False
25133861;COLEGIO GGE;2507507;5,0;55;Desafiante (2º-5º local);False;681,137536231884;46,0;4,0;151,0;0,865;Poliedro;671,0655172413793;29,0;677,2430222222223;10,072018990504716;João Pessoa;PB;0,8675;João Pessoa;;;58032083;MIRAMAR;nao_aplicavel;6000,0;Alta (≥ R$ 5.000);não identificado;provavel_proprio;False
52068986;COLEGIO WR;5208707;8,0;68;Outras posições;False;717,7649751243781;201,0;3,0;823,0;0,865;Poliedro;723,8153303964757;227,0;720,9739252336448;-6,05035527209759;Goiânia;GO;0,9482;Goiânia;-16,70137996;-49,26928991;74215040;SETOR BUENO;nao_aplicavel;2500,0;Média (R$ 1.800-2.999);Bernoulli;confirmado;False
33021660;COLEGIO ANCHIETA;3303401;2,0;15;Desafiante (2º-5º local);False;667,95125;72,0;5,0;241,0;0,864;Poliedro;675,0174666666667;100,0;672,0595155038759;-7,066216666666719;Nova Friburgo;RJ;0,7816;Nova Friburgo;-22,27346;-42,53608;28625630;CENTRO;nao_aplicavel;3600,0;Média-Alta (R$ 3.000-4.999);próprio;confirmado;False
52033708;COLEGIO MARISTA GOIANIA EI EF EM;5208707;9,0;68;Outras posições;False;658,1341935483871;31,0;5,0;165,0;0,864;Poliedro;673,485;28,0;665,4193220338984;-15,350806451612923;Goiânia;GO;0,9482;Goiânia;-16,6940806;-49,2639242;74160010;SETOR MARISTA;nao_aplicavel;2500,0;Média (R$ 1.800-2.999);Marista (FTD, rede fechada);confirmado;False
33063311;COL ANDREWS;3304557;30,0;344;Outras posições;False;677,4103703703704;45,0;4,0;214,0;0,864;Poliedro;697,9587301587302;63,0;689,396913580247;-20,54835978835979;Rio de Janeiro;RJ;0,8408;Rio de Janeiro;-22,95871833;-43,19760167;22271043;HUMAITÁ;bairro;10000,0;Alta (≥ R$ 5.000);próprio;provavel_proprio;False
35121307;COLEGIO ANGLO CIDADE DE SAO CARLOS - UNIDADE I;3548906;1,0;15;Líder local;False;667,7554838709677;31,0;5,0;138,0;0,864;Poliedro;650,8270967741935;31,0;659,2912903225806;16,92838709677426;São Carlos;SP;0,8182;Vila Nery;-22,0322801;-47,8768614;13570381;JARDIM SAO PAULO;nao_aplicavel;2400,0;Média (R$ 1.800-2.999);Anglo (Cogna/SOMOS);confirmado;False
33173931;ESCOLA CAROLINA PATRICIO - UNIDADE GOLFE OLIMPICO;3304557;31,0;344;Outras posições;False;657,9297872340426;47,0;5,0;121,0;0,864;Poliedro;657,9623076923077;26,0;657,9413698630137;-0,0325204582651394;Rio de Janeiro;RJ;0,8408;Rio de Janeiro;;;22793324;BARRA DA TIJUCA;bairro;10001,0;Alta (≥ R$ 5.000);próprio (bilíngue);provavel_proprio;False
43238203;COLEGIO JOAO PAULO;4314902;9,0;61;Outras posições;False;680,4651282051282;39,0;4,0;131,0;0,863;Poliedro;706,9758823529412;34,0;692,812602739726;-26,51075414781303;Porto Alegre;RS;0,9276;Porto Alegre;-30,01697;-51,19259;90550060;SAO JOAO;nao_aplicavel;5000,0;Alta (≥ R$ 5.000);SAS (Arco Educação);confirmado;False
32038224;COLEGIO MARISTA NOSSA SENHORA DA PENHA;3205200;2,0;23;Desafiante (2º-5º local);False;657,7277333333333;50,0;5,0;226,0;0,863;Poliedro;676,5941176470589;68,0;668,5998870056497;-18,866384313725572;Vila Velha;ES;0,7846;Vila Velha;-20,3369467;-40,2906715;29100011;CENTRO DE VILA VELHA;nao_aplicavel;3000,0;Média-Alta (R$ 3.000-4.999);Marista (FTD, rede fechada);confirmado;False
41127242;COLEGIO MARISTA ANJO DA GUARDA EI EF EM;4106902;3,0;69;Desafiante (2º-5º local);False;676,7877124183007;51,0;4,0;236,0;0,863;Poliedro;677,2728125;64,0;677,0576811594203;-0,4851000816993291;Curitiba;PR;0,8491;Curitiba;-25,40373727;-49,3089946;82020250;SANTA FELICIDADE;nao_aplicavel;4000,0;Média-Alta (R$ 3.000-4.999);Marista (FTD, rede fechada);confirmado;False
53009428;COL COC LAGO NORTE;5300108;10,0;117;Outras posições;False;667,4441666666667;12,0;5,0;47,0;0,863;Poliedro;652,5600000000001;29,0;656,9163414634146;14,8841666666666;Brasília;DF;0,9278;Brasília;-15,7457308;-47,8412808;71515205;SETOR DE HABITAÇÕES INDIVIDUAIS NORTE;nao_aplicavel;3000,0;Média-Alta (R$ 3.000-4.999);COC (Arco Educação);confirmado;False
26117584;COLEGIO APOIO;2611606;9,0;76;Outras posições;False;679,5319999999999;40,0;4,0;107,0;0,863;Poliedro;;;679,5319999999999;;Recife;PE;0,9162;Recife;;;52051440;CASA AMARELA;nao_aplicavel;4000,0;Média-Alta (R$ 3.000-4.999);próprio (construtivista);provavel_proprio;False
35114960;COLEGIO SANTA URSULA DE RIBEIRAO PRETO;3543402;5,0;38;Desafiante (2º-5º local);False;667,2603389830508;59,0;5,0;257,0;0,863;Poliedro;665,2028124999999;64,0;666,1897560975609;2,0575264830508786;Ribeirão Preto;SP;0,9014;Ribeirão Preto;-21,2099863;-47,808124;14020610;JARDIM IRAJA;nao_aplicavel;2500,0;Média (R$ 1.800-2.999);Poliedro;confirmado;True
31354910;CENTRO EDUCACIONAL CAVE;3136702;2,0;21;Desafiante (2º-5º local);False;690,7852100840337;119,0;4,0;326,0;0,862;Poliedro;694,690625;128,0;692,8090688259109;-3,905414915966276;Juiz de Fora;MG;0,8573;Juiz de Fora;-21,76042646;-43,35360234;36010520;CENTRO;nao_aplicavel;4000,0;Média-Alta (R$ 3.000-4.999);próprio;confirmado;False
31334049;COLEGIO CAETANO;3167202;1,0;13;Líder local;False;676,3439999999999;15,0;4,0;65,0;0,862;Poliedro;677,9157142857142;14,0;677,1027586206897;-1,571714285714279;Sete Lagoas;MG;0,7362;Sete Lagoas;-19,4518365;-44,2524985;35700068;JARDIM CAMBUÍ;nao_aplicavel;1800,0;Média (R$ 1.800-2.999);Bernoulli;confirmado;False
43105017;COL NOSSA SENHORA DO BOM CONSELHO;4314902;10,0;61;Outras posições;False;658,6786666666667;45,0;5,0;163,0;0,861;Poliedro;638,7182608695653;46,0;648,5887912087912;19,96040579710143;Porto Alegre;RS;0,9276;Porto Alegre;-30,02741;-51,20914;90560032;MOINHOS DE VENTO;nao_aplicavel;9500,0;Alta (≥ R$ 5.000);próprio (franciscano);provavel_proprio;False
32083882;ESCOLA MADAN;3205309;7,0;18;Outras posições;False;711,2780769230769;52,0;3,0;184,0;0,861;Poliedro;703,5182222222222;60,0;707,1210119047619;7,759854700854703;Vitória;ES;0,9347;Vitória;;;29055290;PRAIA DO CANTO;nao_aplicavel;11000,0;Alta (≥ R$ 5.000);não identificado;provavel_proprio;False
24097004;COLEGIO CIENCIAS APLICADAS;2408102;8,0;48;Outras posições;False;724,4170909090909;55,0;3,0;141,0;0,861;Poliedro;743,967619047619;42,0;732,8822680412371;-19,55052813852808;Natal;RN;0,8531;Natal;-5,808224;-35,20291;59015260;TIROL;nao_aplicavel;10000,0;Alta (≥ R$ 5.000);próprio;provavel_proprio;False
31128058;INSTITUTO EDUCACIONAL SAO JOAO DA ESCOCIA;3151800;1,0;7;Líder local;False;657,0000865800866;77,0;5,0;298,0;0,861;Poliedro;650,7547967479675;82,0;653,7792452830188;6,24528983211917;Poços de Caldas;MG;0,7896;Poços de Caldas;-21,7822452;-46,5672036;37701004;CENTRO;nao_aplicavel;2200,0;Média (R$ 1.800-2.999);Anglo (Cogna/SOMOS);confirmado;False
26187353;COLEGIO NUCLEO - BOA VIAGEM;2611606;10,0;76;Outras posições;False;710,4405555555555;72,0;3,0;266,0;0,86;Poliedro;703,1658181818183;55,0;707,2900787401575;7,274737373737253;Recife;PE;0,9162;Recife;;;51020030;BOA VIAGEM;nao_aplicavel;7000,0;Alta (≥ R$ 5.000);próprio (Sistema Educacional Único);provavel_proprio;False
35143613;CENTRO EDUCACIONAL INTERATIVO CATANDUVA;3511102;1,0;9;Líder local;False;656,6426666666666;15,0;5,0;115,0;0,86;Poliedro;617,4464516129033;31,0;630,2278260869565;39,19621505376335;Catanduva;SP;0,5996;Catanduva;-21,135451;-48,9673449;15806010;SAO FRANCISCO;nao_aplicavel;2000,0;Média (R$ 1.800-2.999);COC (Arco Educação);confirmado;False
13025872;CENTRO EDUCACIONAL LATO SENSU;1302603;2,0;49;Desafiante (2º-5º local);False;674,6186363636364;88,0;4,0;315,0;0,86;Poliedro;683,8287619047619;105,0;679,6293264248706;-9,210125541125535;Manaus;AM;0,5729;Manaus;-3,093845255;-60,00449996;69057084;ADRIANÓPOLIS;nao_aplicavel;8000,0;Alta (≥ R$ 5.000);Eleva;confirmado;False
35104985;BANDEIRANTES COLEGIO EFM;3550308;13,0;516;Outras posições;False;709,110641025641;364,0;3,0;1330,0;0,86;Poliedro;693,7966069906223;391,0;701,1797969094923;15,314034035018722;São Paulo;SP;0,8116;Vila Mariana;-23,5776716;-46,6435764;4011001;VILA MARIANA;distrito;9600,0;Alta (≥ R$ 5.000);não identificado;nao_identificado;False
35103421;LICEU DE ARTES E OFICIOS DE SAO PAULO;3550308;14,0;516;Outras posições;False;693,8913939393939;110,0;4,0;348,0;0,86;Poliedro;701,3345833333333;112,0;697,6465165165165;-7,443189393939406;São Paulo;SP;0,8116;Bom Retiro;-23,5331636;-46,6267353;1103201;LUZ;distrito;2600,0;Média (R$ 1.800-2.999);próprio (material técnico institucional);provavel_proprio;False
35131660;BRASILIA DE SAO PAULO COLEGIO;3550308;14,0;516;Outras posições;False;658,375625;96,0;5,0;289,0;0,86;Poliedro;649,9789873417722;79,0;654,5851428571428;8,39663765822786;São Paulo;SP;0,8116;Vila Formosa;-23,5702;-46,5465675;3360000;VILA FORMOSA;distrito;3000,0;Média-Alta (R$ 3.000-4.999);Objetivo (Grupo SEB);confirmado;False
35141240;VERTICE COLEGIO UNIDADE II;3550308;16,0;516;Outras posições;False;732,3576344086022;62,0;4,0;267,0;0,86;Poliedro;727,5901492537314;67,0;729,8814987080103;4,767485154870769;São Paulo;SP;0,8116;Campo Belo;-23,6168803;-46,6787038;4617000;CAMPO BELO;distrito;8000,0;Alta (≥ R$ 5.000);próprio;provavel_proprio;False
35480617;EMBRAER COLEGIO CASIMIRO MONTENEGRO FILHO;3507506;1,0;11;Líder local;False;674,4296202531646;79,0;4,0;241,0;0,859;Poliedro;653,9721621621622;74,0;664,5351633986928;20,45745809100231;Botucatu;SP;0,7068;Botucatu;-22,9313918;-48,464288;18606855;JARDIM AEROPORTO;nao_aplicavel;2000,0;Média (R$ 1.800-2.999);próprio (Instituto Embraer);provavel_proprio;False
52091384;COLEGIO DEGRAUS;5208707;10,0;68;Outras posições;False;674,0981818181818;22,0;4,0;122,0;0,859;Poliedro;679,8742857142857;28,0;677,3328;-5,776103896103905;Goiânia;GO;0,9482;Goiânia;-16,70612996;-49,30428919;74303380;SETOR SUDOESTE;nao_aplicavel;2500,0;Média (R$ 1.800-2.999);Anglo (Cogna/SOMOS);confirmado;False
41133153;COLEGIO MARISTA SANTA MARIA EI EF EM;4106902;4,0;69;Desafiante (2º-5º local);False;656,2701806239738;203,0;5,0;711,0;0,859;Poliedro;655,9795555555555;180,0;656,1335944299391;0,2906250684183078;Curitiba;PR;0,8491;Curitiba;-25,3885436;-49,26883296;82200210;SAO LOURENCO;nao_aplicavel;6000,0;Alta (≥ R$ 5.000);Marista (FTD, rede fechada);confirmado;False
23065591;FARIAS BRITO COLEGIO CENTRAL;2304400;19,0;117;Outras posições;False;656,1814545454546;220,0;5,0;499,0;0,859;Poliedro;664,1782361733932;223,0;660,206922498119;-7,996781627938617;Fortaleza;CE;0,8208;Fortaleza;-3,740944;-38,5338;60025002;BENFICA;nao_aplicavel;3500,0;Média-Alta (R$ 3.000-4.999);próprio (Sistema Farias Brito);confirmado;False
25133519;COLEGIO MOTIVA LTDA - MOTIVA CENTRO;2504009;2,0;20;Desafiante (2º-5º local);False;693,1370562770562;154,0;4,0;526,0;0,859;Poliedro;693,8895424836602;153,0;693,5120738327904;-0,7524862066039759;Campina Grande;PB;0,7075;Campina Grande;;;58400270;CENTRO;nao_aplicavel;1212,0;Baixa (< R$ 1.800);Bernoulli;confirmado;False
35124199;ALBERT SABIN COLEGIO;3550308;17,0;516;Outras posições;False;692,7382456140351;171,0;4,0;610,0;0,858;Poliedro;699,9289570552147;163,0;696,2474850299401;-7,190711441179587;São Paulo;SP;0,8116;Rio Pequeno;-23,5754729;-46,773438;5396450;PARQUE DOS PRINCIPES;distrito;3000,0;Média-Alta (R$ 3.000-4.999);livro didático avulso (múltiplas editoras);confirmado;False
41151844;SANTO ANGELO E - EI EF;4119905;1,0;14;Líder local;False;663,2397530864197;27,0;5,0;128,0;0,858;Poliedro;;;663,2397530864197;;Ponta Grossa;PR;0,5848;Ponta Grossa;-25,08787333;-50,16077;84010220;CENTRO;nao_aplicavel;4600,0;Média-Alta (R$ 3.000-4.999);não identificado;nao_identificado;False
29342880;COLEGIO HELYOS;2910800;1,0;21;Líder local;False;715,7744444444445;36,0;3,0;113,0;0,858;Poliedro;701,5205128205127;39,0;708,3623999999999;14,253931623931749;Feira de Santana;BA;0,6655;Feira de Santana;-12,25799958;-38,93266296;44078015;SANTA MÔNICA;nao_aplicavel;2500,0;Média (R$ 1.800-2.999);não identificado;nao_identificado;False
33183830;ESCOLA ELEVA;3304557;32,0;344;Outras posições;False;673,098125;32,0;4,0;187,0;0,857;Poliedro;683,0058666666667;50,0;679,1394308943089;-9,907741666666766;Rio de Janeiro;RJ;0,8408;Rio de Janeiro;-22,98874686;-43,36204686;22775056;BARRA DA TIJUCA;bairro;10001,0;Alta (≥ R$ 5.000);Eleva;confirmado;False
26122162;COLEGIO MARISTA SAO LUIS;2611606;11,0;76;Outras posições;False;663,7133954451346;161,0;4,0;535,0;0,857;Poliedro;663,5929213483147;178,0;663,6501376597837;0,1204740968198621;Recife;PE;0,9162;Recife;-8,043255;-34,9019;52050000;GRACAS;nao_aplicavel;10000,0;Alta (≥ R$ 5.000);Marista (FTD, rede fechada);confirmado;False
25153820;CARL ROGERS - CENTRO DE EDUCACAO;2507507;6,0;55;Outras posições;False;672,90875;16,0;4,0;45,0;0,857;Poliedro;658,86625;16,0;665,8875;14,042500000000018;João Pessoa;PB;0,8675;João Pessoa;-7,151158;-34,83745;58051620;JARDIM CIDADE UNIVERSITÁRIA;nao_aplicavel;3500,0;Média-Alta (R$ 3.000-4.999);Etapa;confirmado;False
12031682;ESC COLEGIO SIGMA;1200401;2,0;10;Desafiante (2º-5º local);False;676,6075999999999;50,0;4,0;120,0;0,857;Poliedro;678,5958333333333;24,0;677,2524324324323;-1,988233333333369;Rio Branco;AC;0,6009;Rio Branco;-9,9617948;-67,8141563;69900634;BOSQUE;nao_aplicavel;1300,0;Baixa (< R$ 1.800);Poliedro;confirmado;True
42016142;COLEGIO BOM JESUS SANTO ANTONIO;4202404;1,0;9;Líder local;False;665,0074380165289;121,0;5,0;456,0;0,857;Poliedro;647,4789417989418;126,0;656,0657759784075;17,528496217587076;Blumenau;SC;0,7541;Blumenau;-26,91927062;-49,06717929;89010110;CENTRO;nao_aplicavel;4000,0;Média-Alta (R$ 3.000-4.999);não identificado;provavel_proprio;False
15567672;COLEGIO CEI;1501402;4,0;65;Desafiante (2º-5º local);False;657,4752941176471;34,0;5,0;103,0;0,857;Poliedro;697,6017543859649;38,0;678,6531481481481;-40,12646026831783;Belém;PA;0,6935;Belém;-1,299671;-48,47432;66813000;CAMPINA DE ICOARACI;nao_aplicavel;1212,0;Baixa (< R$ 1.800);COC (Arco Educação);confirmado;False
35144502;ANGLO CEZANNE COLEGIO;3501608;1,0;10;Líder local;False;650,4125925925925;27,0;5,0;106,0;0,856;Poliedro;607,5521428571428;28,0;628,5927272727273;42,86044973544972;Americana;SP;0,7145;Americana;-22,7477981;-47,3409842;13465773;VILA SANTO ANTONIO;nao_aplicavel;3000,0;Média-Alta (R$ 3.000-4.999);Anglo (Cogna/SOMOS);confirmado;False
41071859;COLEGIO MARISTA DE CASCAVEL EI EF EM;4104808;1,0;15;Líder local;False;657,2027027027027;37,0;5,0;211,0;0,856;Poliedro;661,4370512820514;52,0;659,6767041198502;-4,234348579348648;Cascavel;PR;0,7121;Cascavel;-24,95362176;-53,4551947;85812011;CENTRO;nao_aplicavel;5000,0;Alta (≥ R$ 5.000);Marista (FTD, rede fechada);confirmado;False
35480745;BEACON SCHOOL;3550308;18,0;516;Outras posições;False;657,092;10,0;5,0;136,0;0,856;Poliedro;656,4307692307692;13,0;656,7182608695653;0,6612307692307695;São Paulo;SP;0,8116;Alto de Pinheiros;-23,5325701;-46,742973;5311000;VILA LEOPOLDINA;distrito;10000,0;Alta (≥ R$ 5.000);próprio (currículo internacional/IB);provavel_proprio;False
31328294;COLEGIO UNIVERSITARIO PROFESSOR CANISIO IGNACIO LUNKES;3138203;3,0;8;Desafiante (2º-5º local);False;664,5039215686274;51,0;5,0;146,0;0,856;Poliedro;662,2014634146341;41,0;663,4778260869564;2,3024581539933706;Lavras;MG;0,6994;Lavras;-21,24636659;-44,99446159;37203593;PADRE DEHON;nao_aplicavel;2000,0;Média (R$ 1.800-2.999);Eleva;confirmado;False
22022503;COLEGIO SAO FRANCISCO DE SALES;2211001;10,0;52;Outras posições;False;662,5;67,0;4,0;220,0;0,855;Poliedro;656,9341025641025;78,0;659,5059310344827;5,565897435897455;Teresina;PI;0,7817;Teresina;-5,09451;-42,8123905;64001130;CENTRO;nao_aplicavel;3000,0;Média-Alta (R$ 3.000-4.999);não identificado;provavel_proprio;False
35172959;DIVINO SALVADOR COLEGIO ITU;3523909;1,0;9;Líder local;False;655,1454838709678;62,0;5,0;220,0;0,855;Poliedro;630,6268217054264;43,0;645,1045079365081;24,5186621655414;Itu;SP;0,6792;Itu;-23,2620277;-47,2793164;13302100;JARDIM PARAISO;nao_aplicavel;2200,0;Média (R$ 1.800-2.999);não identificado;nao_identificado;False
33115460;COL BAHIENSE - CAMPO GRANDE;3304557;33,0;344;Outras posições;False;664,3372549019607;51,0;5,0;140,0;0,855;Poliedro;676,0733333333333;45,0;669,8385416666666;-11,736078431372562;Rio de Janeiro;RJ;0,8408;Rio de Janeiro;;;23050270;CAMPO GRANDE;bairro;2000,0;Média (R$ 1.800-2.999);não identificado;nao_identificado;False
31166332;COLEGIO MARISTA DIOCESANO;3170107;3,0;13;Desafiante (2º-5º local);False;655,0084552845528;41,0;5,0;131,0;0,855;Poliedro;634,8702702702703;37,0;645,4557264957265;20,1381850142825;Uberaba;MG;0,7922;Uberaba;-19,7470781;-47,942172;38060350;SAO SEBASTIAO;nao_aplicavel;2000,0;Média (R$ 1.800-2.999);Marista (FTD, rede fechada);confirmado;False
15038491;COL STA CATARINA DE SENA;1501402;5,0;65;Desafiante (2º-5º local);False;662,3746067415731;89,0;4,0;374,0;0,855;Poliedro;663,4968992248062;86,0;662,9261333333334;-1,1222924832330818;Belém;PA;0,6935;Belém;-1,452403077;-48,48369653;66035145;NAZARÉ;nao_aplicavel;7500,0;Alta (≥ R$ 5.000);Bernoulli;confirmado;False
41130987;MARTINUS CENTRO - COL EDUC INF ENS FUND ENS MEDIO E PROF;4106902;5,0;69;Desafiante (2º-5º local);False;664,2088;25,0;5,0;75,0;0,854;Poliedro;647,9608333333333;32,0;655,087134502924;16,247966666666684;Curitiba;PR;0,8491;Curitiba;-25,42476167;-49,27579;80510040;SÃO FRANCISCO;nao_aplicavel;5000,0;Alta (≥ R$ 5.000);SAS (Arco Educação);confirmado;False
26175240;EVOLUCAO CENTRO EDUCACIONAL LTDA;2607901;1,0;22;Líder local;False;656,5963157894737;38,0;5,0;154,0;0,854;Poliedro;663,7045283018867;53,0;660,7362637362637;-7,108212512413047;Jaboatão dos Guararapes;PE;0,4671;Jaboatão dos Guararapes;-8,205766;-34,92423;54440380;CANDEIAS;nao_aplicavel;2800,0;Média (R$ 1.800-2.999);SAS (Arco Educação);confirmado;False
33092346;COLEGIO SANTA MARIA;3305109;1,0;10;Líder local;False;649,3356756756757;37,0;5,0;143,0;0,854;Poliedro;655,3338271604938;54,0;652,8950183150183;-5,998151484818095;São João de Meriti;RJ;0,2881;São João de Meriti;-22,8019537;-43,3679825;25515125;CENTRO;nao_aplicavel;1500,0;Baixa (< R$ 1.800);não identificado;nao_identificado;False
53001087;C EDUCACIONAL LEONARDO DA VINCI;5300108;11,0;117;Outras posições;False;688,4783647798743;159,0;4,0;472,0;0,854;Poliedro;674,7817054263566;129,0;682,3434027777779;13,696659353517704;Brasília;DF;0,9278;Brasília;-15,8005669;-47,897577;70390039;ASA SUL;nao_aplicavel;3000,0;Média-Alta (R$ 3.000-4.999);Anglo (Cogna/SOMOS);confirmado;False
53001095;C EDUCACIONAL LEONARDO DA VINCI - UNID NORTE;5300108;12,0;117;Outras posições;False;688,0769306930694;202,0;4,0;690,0;0,854;Poliedro;675,5992478632479;195,0;681,9480940386229;12,477682829821449;Brasília;DF;0,9278;Brasília;-15,7466109;-47,9007747;70790140;ASA NORTE;nao_aplicavel;3000,0;Média-Alta (R$ 3.000-4.999);não identificado;nao_identificado;False
35006599;COLEGIO CHAMINADE;3506003;1,0;20;Líder local;False;663,8420000000001;30,0;5,0;122,0;0,854;Poliedro;641,039534883721;43,0;650,4104109589042;22,80246511627911;Bauru;SP;0,7441;Bauru;-22,36270167;-49,05672167;17018525;VILA AVIACAO;nao_aplicavel;2400,0;Média (R$ 1.800-2.999);não identificado;provavel_proprio;False
31006513;COLEGIO NOSSA SENHORA DA PIEDADE;3106200;25,0;110;Outras posições;False;661,2614285714286;28,0;5,0;84,0;0,854;Poliedro;665,5727272727273;11,0;662,4774358974358;-4,311298701298711;Belo Horizonte;MG;0,9738;Belo Horizonte;-19,92226692;-43,96772529;30411315;CALAFATE;nao_aplicavel;4000,0;Média-Alta (R$ 3.000-4.999);não identificado;provavel_proprio;False
33148376;ESCOLA PARQUE - BARRA;3304557;34,0;344;Outras posições;False;670,4391208791209;91,0;4,0;317,0;0,854;Poliedro;686,361851851852;72,0;677,4724744376279;-15,922730972731074;Rio de Janeiro;RJ;0,8408;Rio de Janeiro;-23,00453603;-43,4246717;22793390;BARRA DA TIJUCA;bairro;10001,0;Alta (≥ R$ 5.000);próprio (Sistema Educacional Escola Parque);confirmado;False
25071106;COLEGIO IMACULADA CONCEICAO;2504009;3,0;20;Desafiante (2º-5º local);False;654,6871559633026;109,0;5,0;339,0;0,853;Poliedro;650,6738613861386;101,0;652,7569523809524;4,013294577164061;Campina Grande;PB;0,7075;Campina Grande;-7,2196819;-35,8855958;58400085;CENTRO;nao_aplicavel;1212,0;Baixa (< R$ 1.800);Bernoulli;confirmado;False
23267151;NOVA DIMENSAO COLEGIO;2304400;20,0;117;Outras posições;False;649,0346666666667;45,0;5,0;150,0;0,853;Poliedro;630,0975362318841;46,0;639,4620512820513;18,937130434782603;Fortaleza;CE;0,8208;Fortaleza;-3,788548;-38,47138;60834005;EDSON QUEIROZ;nao_aplicavel;1300,0;Baixa (< R$ 1.800);próprio (Multidimensões);confirmado;False
22025715;COLEGIO PROPOSITO;2211001;11,0;52;Outras posições;False;697,483076923077;26,0;3,0;28,0;0,853;Poliedro;696,2330952380953;84,0;696,5285454545455;1,2499816849816625;Teresina;PI;0,7817;Teresina;-5,099264;-42,81267;64001070;CENTRO;nao_aplicavel;3000,0;Média-Alta (R$ 3.000-4.999);Bernoulli;confirmado;False
31005622;COLEGIO NOSSA SENHORA DAS DORES - UNIDADE POMPEIA;3106200;26,0;110;Outras posições;False;654,6316129032259;31,0;5,0;92,0;0,853;Poliedro;671,6296551724138;29,0;662,8473333333333;-16,998042269187863;Belo Horizonte;MG;0,9738;Belo Horizonte;-19,91055744;-43,9045183;30280430;POMPEIA;nao_aplicavel;2500,0;Média (R$ 1.800-2.999);não identificado;nao_identificado;False
31317101;COLEGIO APOGEU DE ENSINO FUNDAMENTAL E ENSINO MEDIO;3136702;3,0;21;Desafiante (2º-5º local);False;710,0752631578947;38,0;2,0;154,0;0,853;Poliedro;719,5819047619048;42,0;715,0662500000001;-9,506641604010042;Juiz de Fora;MG;0,8573;Juiz de Fora;-21,7568437;-43,3528964;36015000;CENTRO;nao_aplicavel;4000,0;Média-Alta (R$ 3.000-4.999);próprio (Grupo Raiz);provavel_proprio;False
31074101;COLEGIO ACADEMIA;3136702;3,0;21;Desafiante (2º-5º local);False;648,8964646464647;66,0;5,0;351,0;0,853;Poliedro;650,0037037037038;81,0;649,5065759637189;-1,1072390572390989;Juiz de Fora;MG;0,8573;Juiz de Fora;-21,76262479;-43,35297748;36016000;CENTRO;nao_aplicavel;4000,0;Média-Alta (R$ 3.000-4.999);SAS (Arco Educação);confirmado;False
35105648;COLEGIO VISCONDE DE PORTO SEGURO CAMPUS MORUMBI;3550308;19,0;516;Outras posições;False;654,5272988505748;116,0;5,0;627,0;0,853;Poliedro;656,0294933333333;125,0;655,3064453665284;-1,5021944827585685;São Paulo;SP;0,8116;Morumbi;-23,6055648;-46,7205378;5658080;JARDIM LEONOR;distrito;8000,0;Alta (≥ R$ 5.000);Anglo (Cogna/SOMOS);confirmado;False
24088846;COLEGIO PORTO;2408102;9,0;48;Outras posições;False;704,8577551020408;98,0;3,0;332,0;0,852;Poliedro;705,4633962264151;53,0;705,0703311258278;-0,6056411243743014;Natal;RN;0,8531;Natal;-5,82011028;-35,20381898;59056150;LAGOA NOVA;nao_aplicavel;5200,0;Alta (≥ R$ 5.000);Bernoulli;confirmado;False
23491035;COLEGIO CHRISTUS DIONISIO TORRES;2304400;21,0;117;Outras posições;False;654,4182882882883;74,0;5,0;299,0;0,852;Poliedro;658,6116923076924;65,0;656,3792326139089;-4,193404019404056;Fortaleza;CE;0,8208;Fortaleza;-3,749775;-38,4957651;60135460;DIONISIO TORRES;nao_aplicavel;7000,0;Alta (≥ R$ 5.000);FTD;confirmado;False
31128031;COLEGIO SETE DE SETEMBRO;3151800;2,0;7;Desafiante (2º-5º local);False;672,2513178294574;86,0;5,0;284,0;0,852;Poliedro;648,6409756097561;41,0;664,6290813648294;23,61034221970135;Poços de Caldas;MG;0,7896;Poços de Caldas;-21,7823812;-46,5661859;37701023;CENTRO;nao_aplicavel;2200,0;Média (R$ 1.800-2.999);COC (Arco Educação);confirmado;False
35154295;JEAN PIAGET UNIDADE II EEPG;3548500;2,0;32;Desafiante (2º-5º local);False;686,8668229166667;128,0;4,0;373,0;0,852;Poliedro;690,049756097561;82,0;688,1096825396827;-3,182933180894338;Santos;SP;0,8189;Santos;-23,97410517;-46,31199396;11040000;APARECIDA;nao_aplicavel;4000,0;Média-Alta (R$ 3.000-4.999);Poliedro;confirmado;True
23077042;ANTARES ATS COLEGIO;2304400;22,0;117;Outras posições;False;653,9826086956522;46,0;5,0;144,0;0,852;Poliedro;651,1143478260869;46,0;652,5484782608695;2,8682608695652334;Fortaleza;CE;0,8208;Fortaleza;-3,7615442;-38,5313435;60410772;VILA UNIÃO;nao_aplicavel;1700,0;Baixa (< R$ 1.800);Pitágoras (Cogna/SOMOS);confirmado;False
33163863;GARRA VESTIBULARES ASS EDUCACIONAL LTDA - UNID 2;3306305;1,0;12;Líder local;False;686,4022857142858;35,0;4,0;126,0;0,851;Poliedro;667,0163636363636;55,0;674,5553333333334;19,385922077922142;Volta Redonda;RJ;0,7431;Volta Redonda;-22,50171414;-44,09165441;27215260;NOSSA SENHORA DAS GRACAS;nao_aplicavel;2000,0;Média (R$ 1.800-2.999);não identificado;provavel_proprio;False
26163039;COLEGIO GGE;2611606;12,0;76;Outras posições;False;702,6117482517482;143,0;3,0;500,0;0,851;Poliedro;691,2591566265061;166,0;696,5129449838188;11,352591625242098;Recife;PE;0,9162;Recife;-8,115460117;-34,90465105;51150430;IMBIRIBEIRA;nao_aplicavel;1600,0;Baixa (< R$ 1.800);próprio (Sistema GGE de Ensino);confirmado;False
28017803;COLEGIO DE CIENCIAS PURA E APLICADA;2800308;6,0;43;Outras posições;False;662,4105;120,0;5,0;355,0;0,851;Poliedro;661,4093486590039;87,0;661,989726247987;1,0011513409961026;Aracaju;SE;0,864;Aracaju;-10,93776044;-37,05804561;49025770;GRAGERU;nao_aplicavel;6000,0;Alta (≥ R$ 5.000);SAE Digital (Cogna/SOMOS);confirmado;False
43104924;COLEGIO ANCHIETA;4314902;11,0;61;Outras posições;False;648,2012972085387;203,0;5,0;703,0;0,85;Poliedro;657,0191;200,0;652,5773779983458;-8,817802791461304;Porto Alegre;RS;0,9276;Porto Alegre;;;91330000;TRES FIGUEIRAS;nao_aplicavel;12000,0;Alta (≥ R$ 5.000);livro didático avulso (Editora Moderna);confirmado;False
35107177;ARQUIDIOCESANO DE SAO PAULO COLEGIO MARISTA;3550308;20,0;516;Outras posições;False;662,0011221122112;202,0;5,0;687,0;0,85;Poliedro;661,2207106598985;197,0;661,615806182122;0,7804114523127055;São Paulo;SP;0,8116;Vila Mariana;-23,5986171;-46,6361495;4035000;VILA MARIANA;distrito;9600,0;Alta (≥ R$ 5.000);Marista (FTD, rede fechada);confirmado;False
41033310;COLEGIO UNIVERSITARIO;4113700;1,0;24;Líder local;False;648,1809282700422;158,0;5,0;444,0;0,85;Poliedro;655,3476252723311;153,0;651,7066666666666;-7,16669700228897;Londrina;PR;0,8372;Londrina;-23,32377046;-51,17337252;86060020;LIMA AZEVEDO;nao_aplicavel;2500,0;Média (R$ 1.800-2.999);Anglo (Cogna/SOMOS);confirmado;False
33064393;INSTITUTO NOSSA SENHORA DA PIEDADE;3304557;35,0;344;Outras posições;False;668,4634782608696;23,0;4,0;80,0;0,85;Poliedro;651,5116129032258;31,0;658,731851851852;16,951865357643783;Rio de Janeiro;RJ;0,8408;Rio de Janeiro;-22,9364;-43,1767;22230040;FLAMENGO;bairro;8000,0;Alta (≥ R$ 5.000);SAS (Arco Educação);confirmado;False
21273456;MAPLE BEAR SAO LUIS;2111300;3,0;47;Desafiante (2º-5º local);False;705,2384615384616;13,0;4,0;76,0;0,85;Poliedro;661,0559999999999;10,0;686,028695652174;44,18246153846167;São Luís;MA;0,7058;São Luís;-2,4974228;-44,2871586;65075770;RENASCENCA II;nao_aplicavel;1300,0;Baixa (< R$ 1.800);próprio (Grupo SEB/Conexia);confirmado;False
35111466;SANTA MARCELINA COLEGIO;3507506;2,0;11;Desafiante (2º-5º local);False;653,3533333333334;24,0;5,0;86,0;0,85;Poliedro;660,7264;25,0;657,1151020408163;-7,373066666666659;Botucatu;SP;0,7068;Botucatu;-22,8839944;-48,445457;18600010;CENTRO;nao_aplicavel;4000,0;Média-Alta (R$ 3.000-4.999);FTD;confirmado;False
29489504;COLEGIO UNIVERSITARIO;2931350;1,0;4;Líder local;False;660,08875;16,0;4,0;45,0;0,849;Poliedro;;;660,08875;;Teixeira de Freitas;BA;0,4325;Teixeira de Freitas;;;45988174;MIRANTE DO RIO;nao_aplicavel;1212,0;Baixa (< R$ 1.800);Bernoulli;confirmado;False
31074098;COLEGIO DOS JESUITAS;3136702;5,0;21;Desafiante (2º-5º local);False;668,0677625570776;146,0;4,0;429,0;0,849;Poliedro;671,1405263157894;152,0;669,6350782997762;-3,072763758711858;Juiz de Fora;MG;0,8573;Juiz de Fora;-21,76812658;-43,35035571;36016320;CENTRO;nao_aplicavel;4000,0;Média-Alta (R$ 3.000-4.999);FTD;confirmado;False
33155259;ISJB - COLEGIO SALESIANO REGIAO OCEANICA;3303302;5,0;42;Desafiante (2º-5º local);False;654,8534693877551;49,0;5,0;151,0;0,849;Poliedro;622,545;36,0;641,1698823529412;32,30846938775517;Niterói;RJ;0,9692;Niterói;-22,93936;-43,06192;24350280;PIRATININGA;nao_aplicavel;3100,0;Média-Alta (R$ 3.000-4.999);não identificado;provavel_proprio;False
52089550;COLEGIO VISAO;5208707;11,0;68;Outras posições;False;669,8071515151515;55,0;5,0;119,0;0,849;Poliedro;664,8482282282282;111,0;666,4912449799197;4,958923286923323;Goiânia;GO;0,9482;Goiânia;-16,7189298;-49,2683775;74230050;SETOR BUENO;nao_aplicavel;2500,0;Média (R$ 1.800-2.999);não identificado;nao_identificado;False
35139497;PENTAGONO COLEGIO UNIDADE CAIUBI;3550308;21,0;516;Outras posições;False;679,046431372549;85,0;4,0;222,0;0,848;Poliedro;680,5751412429379;59,0;679,6727777777778;-1,528709870388866;São Paulo;SP;0,8116;Perdizes;-23,541725;-46,670025;5010000;PERDIZES;distrito;8000,0;Alta (≥ R$ 5.000);próprio (Sistema Pentágono);confirmado;False
52101363;COPE - COLEGIO PREPARAENEM;5208707;12,0;68;Outras posições;False;693,3356882255389;201,0;3,0;682,0;0,848;Poliedro;691,4806896551725;174,0;692,474968888889;1,8549985703664331;Goiânia;GO;0,9482;Goiânia;;;74150240;SETOR MARISTA;nao_aplicavel;2500,0;Média (R$ 1.800-2.999);próprio (Sistema de Ensino COPE);confirmado;False
29486963;COLEGIO ANCHIETA;2927408;9,0;90;Outras posições;False;660,9685714285714;147,0;5,0;466,0;0,848;Poliedro;660,1579569892473;124,0;660,5976629766297;0,8106144393241266;Salvador;BA;0,7909;Salvador;;;41810830;PITUBA;nao_aplicavel;7500,0;Alta (≥ R$ 5.000);próprio (currículo internacional/IB);provavel_proprio;False
31180611;COLEGIO DOS SANTOS ANJOS;3170701;2,0;7;Desafiante (2º-5º local);False;653,035294117647;34,0;5,0;181,0;0,848;Poliedro;632,2623391812865;57,0;640,0236630036629;20,77295493636052;Varginha;MG;0,6904;Varginha;-21,5582213;-45,4373903;37002050;CENTRO;nao_aplicavel;3200,0;Média-Alta (R$ 3.000-4.999);Bernoulli;confirmado;False
43105670;COLEGIO SINODAL DO SALVADOR;4314902;12,0;61;Outras posições;False;654,5282608695652;46,0;5,0;185,0;0,847;Poliedro;658,4746666666667;60,0;656,7620754716982;-3,9464057971015336;Porto Alegre;RS;0,9276;Porto Alegre;-30,01367417;-51,14687545;91370050;VILA IPIRANGA;nao_aplicavel;4000,0;Média-Alta (R$ 3.000-4.999);SAS (Arco Educação);confirmado;False
26124220;COLEGIO SANTA MARIA;2611606;13,0;76;Outras posições;False;647,6229268292683;82,0;5,0;328,0;0,847;Poliedro;676,6001294498383;103,0;663,7561801801802;-28,977202620569983;Recife;PE;0,9162;Recife;-8,112038;-34,89819;51020210;BOA VIAGEM;nao_aplicavel;7000,0;Alta (≥ R$ 5.000);Ecossistema AZ (Grupo SEB);confirmado;False
35101734;SAO MIGUEL ARCANJO COLEGIO FRANCISCANO;3550308;22,0;516;Outras posições;False;667,3951612903226;62,0;4,0;192,0;0,847;Poliedro;659,9998692810457;51,0;664,0574631268437;7,395292009276886;São Paulo;SP;0,8116;Vila Prudente;-23,5899043;-46,573533;3145020;VILA LUCIA;distrito;3500,0;Média-Alta (R$ 3.000-4.999);não identificado;provavel_proprio;False
33065314;COL NOTRE DAME - IPANEMA;3304557;37,0;344;Outras posições;False;647,5716279069768;43,0;5,0;187,0;0,847;Poliedro;649,8715;40,0;648,6800000000001;-2,2998720930231684;Rio de Janeiro;RJ;0,8408;Rio de Janeiro;-22,98317;-43,20427;22411000;IPANEMA;bairro;10000,0;Alta (≥ R$ 5.000);próprio (Rede Notre Dame);provavel_proprio;False
22144714;SAO JOSE LESTE;2211001;12,0;52;Outras posições;False;773,8318181818181;22,0;3,0;675,0;0,847;Poliedro;749,7415384615384;13,0;764,884;24,09027972027968;Teresina;PI;0,7817;Teresina;;;64049250;JÓQUEI;nao_aplicavel;12000,0;Alta (≥ R$ 5.000);Sistema Maxi de Ensino;confirmado;False
33179999;LME 542 EMPREENDIMENTOS EDUCACIONAIS SS LTDA;3303302;6,0;42;Outras posições;False;692,2862222222222;45,0;3,0;169,0;0,847;Poliedro;674,010576923077;52,0;682,488969072165;18,275645299145253;Niterói;RJ;0,9692;Niterói;;;24346160;ITAIPU;nao_aplicavel;5000,0;Alta (≥ R$ 5.000);Positivo;confirmado;False
31239666;COLEGIO NACIONAL DO ENSINO MEDIO DE ARAGUARI;3103504;1,0;6;Líder local;False;660,6258064516129;31,0;5,0;107,0;0,846;Poliedro;658,5779487179487;26,0;659,6916959064328;2,0478577336641592;Araguari;MG;0,505;Araguari;-18,6436506;-48,181343;38444128;MIRANDA;nao_aplicavel;2000,0;Média (R$ 1.800-2.999);não identificado;nao_identificado;False
31170607;INSTITUTO TERESA VALSE;3170206;1,0;21;Líder local;False;653,9503921568627;34,0;5,0;155,0;0,846;Poliedro;645,3139393939394;33,0;649,6966169154229;8,636452762923227;Uberlândia;MG;0,8643;Uberlândia;-18,89759186;-48,26692022;38400724;NOSSA SENHORA APARECIDA;nao_aplicavel;2500,0;Média (R$ 1.800-2.999);Girolhar/EDB (rede salesiana);confirmado;False
23066814;COLEGIO SANTA CECILIA;2304400;23,0;117;Outras posições;False;647,4436714975845;138,0;5,0;584,0;0,846;Poliedro;659,6044755244756;143,0;653,6322657176751;-12,160804026891014;Fortaleza;CE;0,8208;Fortaleza;-3,744138;-38,49576;60170251;DIONISIO TORRES;nao_aplicavel;7000,0;Alta (≥ R$ 5.000);Bernoulli;confirmado;False
29182409;COLEGIO MODULO;2927408;10,0;90;Outras posições;False;666,8008823529411;68,0;4,0;259,0;0,846;Poliedro;681,8613793103448;58,0;673,733492063492;-15,060496957403643;Salvador;BA;0,7909;Salvador;-12,9896819;-38,4504697;41810011;PITUBA;nao_aplicavel;7500,0;Alta (≥ R$ 5.000);Bernoulli;confirmado;False
33105154;CENTRO EDUCACIONAL DA LAGOA;3304557;38,0;344;Outras posições;False;677,77375;16,0;4,0;57,0;0,846;Poliedro;673,6226086956522;23,0;675,325641025641;4,151141304347789;Rio de Janeiro;RJ;0,8408;Rio de Janeiro;-23,0053682;-43,3231658;22631450;BARRA DA TIJUCA;bairro;10001,0;Alta (≥ R$ 5.000);SAS (Arco Educação);confirmado;False
41150392;COLEGIO PASSO CERTO GROWING BILINGUE - EDUCACAO INFANTIL ENSINO FUNDAMENTAL E MEDIO;4104808;2,0;15;Desafiante (2º-5º local);False;681,0891666666666;16,0;4,0;84,0;0,845;Poliedro;683,4747368421052;19,0;682,3841904761905;-2,385570175438602;Cascavel;PR;0,7121;Cascavel;-24,94095188;-53,45554182;85813390;COUNTRY;nao_aplicavel;5000,0;Alta (≥ R$ 5.000);Positivo (Arco Educação);confirmado;False
24001260;COLEGIO DIOCESANO SANTA LUZIA;2408003;1,0;14;Líder local;False;653,5821052631579;133,0;5,0;383,0;0,845;Poliedro;638,4524358974359;104,0;646,9429254571027;15,129669365722066;Mossoró;RN;0,5769;Mossoró;-5,1850433;-37,348452;59611120;SANTO ANTÔNIO;nao_aplicavel;1212,0;Baixa (< R$ 1.800);não identificado;nao_identificado;False
35102805;SANTA MARCELINA COLEGIO;3550308;23,0;516;Outras posições;False;680,8188571428572;35,0;4,0;107,0;0,845;Poliedro;667,9682352941177;34,0;674,4866666666667;12,85062184873948;São Paulo;SP;0,8116;Perdizes;-23,5359239;-46,6666422;5013000;PERDIZES;distrito;8000,0;Alta (≥ R$ 5.000);pH (Cogna/SOMOS);confirmado;False
33066574;COL DOS SANTOS ANJOS;3304557;39,0;344;Outras posições;False;646,573076923077;26,0;5,0;80,0;0,843;Poliedro;652,068;10,0;648,0994444444445;-5,494923076922987;Rio de Janeiro;RJ;0,8408;Rio de Janeiro;-22,93591;-43,24148;20530050;TIJUCA;bairro;5500,0;Alta (≥ R$ 5.000);próprio (Rede Santos Anjos);provavel_proprio;False
41131789;BOM JESUS SEMINARIO;4106902;6,0;69;Outras posições;False;653,1320689655172;58,0;5,0;253,0;0,843;Poliedro;649,6403278688524;61,0;651,3421848739496;3,491741096664782;Curitiba;PR;0,8491;Curitiba;-25,44800085;-49,31216283;80310100;SEMINARIO;nao_aplicavel;6000,0;Alta (≥ R$ 5.000);próprio (Editora Bom Jesus);confirmado;False
23165952;PARAISO SS LTDA COLEGIO;2307304;1,0;7;Líder local;False;659,1854700854701;117,0;5,0;488,0;0,843;Poliedro;675,1813333333333;130,0;667,6043454790822;-15,995863247863213;Juazeiro do Norte;CE;0,5184;Juazeiro do Norte;-7,205903;-39,3109;63010465;SÃO MIGUEL;nao_aplicavel;1212,0;Baixa (< R$ 1.800);SAS (Arco Educação);confirmado;False
22164219;ESCOLA POPULAR MADRE MARIA VILLAC;2211001;13,0;52;Outras posições;False;737,2169696969697;33,0;2,0;100,0;0,843;Poliedro;730,8371428571429;21,0;734,735925925926;6,379826839826819;Teresina;PI;0,7817;Teresina;-5,006836;-42,78167;64059140;SATÉLITE;nao_aplicavel;1212,0;Baixa (< R$ 1.800);próprio (via rede/parceria Instituto Dom Barreto);provavel_proprio;False
35104620;SANTA CRUZ COLEGIO;3550308;24,0;516;Outras posições;False;687,816037735849;212,0;3,0;720,0;0,842;Poliedro;685,3523263888889;192,0;686,6451650165017;2,4637113469601672;São Paulo;SP;0,8116;Alto de Pinheiros;-23,551331;-46,7172478;5466000;ALTO DE PINHEIROS;distrito;10000,0;Alta (≥ R$ 5.000);próprio;provavel_proprio;False
29149908;COLEGIO STAR;2900702;1,0;7;Líder local;False;667,5018666666666;25,0;4,0;95,0;0,842;Poliedro;632,8823529411765;17,0;653,4892063492064;34,61951372549015;Alagoinhas;BA;0,4024;Alagoinhas;-12,14142;-38,42339;48005420;JARDIM PETROLAR;nao_aplicavel;1212,0;Baixa (< R$ 1.800);SAS (Arco Educação);confirmado;False
35116373;COLEGIO AGOSTINIANO SAO JOSE;3549805;1,0;28;Líder local;False;659,0026900584795;57,0;5,0;260,0;0,842;Poliedro;660,7472888888889;75,0;659,9939393939395;-1,744598830409359;São José do Rio Preto;SP;0,8136;São José do Rio Preto;-20,8255682;-49,3703396;15080180;JARDIM SANTA CATARINA;nao_aplicavel;2500,0;Média (R$ 1.800-2.999);Anglo (Cogna/SOMOS);confirmado;False
33189838;ESCOLA SAP EDUCACAO POR PROJETOS;3304557;40,0;344;Outras posições;False;678,457;30,0;4,0;97,0;0,842;Poliedro;686,3123076923076;26,0;682,1041071428572;-7,855307692307633;Rio de Janeiro;RJ;0,8408;Rio de Janeiro;;;22611022;BARRA DA TIJUCA;bairro;10001,0;Alta (≥ R$ 5.000);não identificado;provavel_proprio;False
35117195;BRAGA MELLO COLEGIO;3541406;1,0;13;Líder local;False;678,3592;25,0;4,0;107,0;0,842;Poliedro;672,0878947368421;38,0;674,5765079365079;6,271305263157842;Presidente Prudente;SP;0,7561;Presidente Prudente;-22,1062579;-51,3977559;19023350;PARQUE SAO JUDAS TADEU;nao_aplicavel;2300,0;Média (R$ 1.800-2.999);pH (Cogna/SOMOS);confirmado;False
35468400;CARBONELL COLEGIO;3518800;2,0;57;Desafiante (2º-5º local);False;695,3958024691359;27,0;4,0;95,0;0,842;Poliedro;694,8172;25,0;695,1176282051282;0,5786024691359444;Guarulhos;SP;0,6077;Guarulhos;-23,4793091;-46,548151;7024170;VILA LEONOR;nao_aplicavel;2300,0;Média (R$ 1.800-2.999);Etapa;provavel_proprio;False
31294900;COL DEL REY;3147907;1,0;5;Líder local;False;658,864705882353;17,0;5,0;48,0;0,842;Poliedro;678,563;20,0;669,5124324324324;-19,69829411764704;Passos;MG;0,5509;Passos;-20,7184981;-46,6114309;37900534;COIMBRAS;nao_aplicavel;1600,0;Baixa (< R$ 1.800);SAS (Arco Educação);confirmado;False
15011070;COLEGIO DOM AMANDO;1506807;1,0;6;Líder local;False;652,9745882352942;85,0;5,0;312,0;0,842;Poliedro;625,7278;100,0;638,2465945945946;27,24678823529416;Santarém;PA;0,3328;Santarém;-2,42092842;-54,70938801;68005530;CENTRO;nao_aplicavel;2000,0;Média (R$ 1.800-2.999);Poliedro;confirmado;True
22129529;CEV COLEGIO UNIDADE JOCKEY;2211001;14,0;52;Outras posições;False;731,7705882352941;34,0;2,0;105,0;0,842;Poliedro;718,5557575757575;33,0;725,261791044776;13,214830659536574;Teresina;PI;0,7817;Teresina;-5,077496;-42,79669;64049240;JÓQUEI;nao_aplicavel;12000,0;Alta (≥ R$ 5.000);próprio (Sistema CEV de Ensino);confirmado;False
31361496;COLEGIO AUGE;3131703;2,0;6;Desafiante (2º-5º local);False;658,668;20,0;5,0;89,0;0,841;Poliedro;635,8085714285714;28,0;645,3333333333334;22,85942857142857;Itabira;MG;0,5727;Itabira;;;35900239;QUATORZE DE FEVEREIRO;nao_aplicavel;2000,0;Média (R$ 1.800-2.999);Poliedro;confirmado;True
31193160;INST EDUC MAYRINK VIEIRA;3131307;3,0;8;Desafiante (2º-5º local);False;678,0533333333333;21,0;4,0;86,0;0,841;Poliedro;657,7733333333333;21,0;667,9133333333333;20,279999999999973;Ipatinga;MG;0,7737;Ipatinga;-19,49170667;-42,528355;35160118;CARIRU;nao_aplicavel;6000,0;Alta (≥ R$ 5.000);Bernoulli;confirmado;False
35123675;PRUDENTE DE MORAES COLEGIO;3545209;1,0;5;Líder local;False;658,5576190476191;42,0;5,0;150,0;0,841;Poliedro;655,5153623188405;46,0;656,9673484848486;3,042256728778625;Salto;SP;0,5574;Salto;-23,2119604;-47,280754;13321498;JARDIM SANTA LUCIA;nao_aplicavel;2500,0;Média (R$ 1.800-2.999);não identificado;nao_identificado;False
43121756;ESCOLA DE EDUCACAO BASICA EDUCAR-SE;4316808;2,0;5;Desafiante (2º-5º local);False;652,5809756097561;41,0;5,0;155,0;0,841;Poliedro;648,3217142857144;35,0;650,6194736842106;4,259261324041745;Santa Cruz do Sul;RS;0,4392;Santa Cruz do Sul;;;96815900;UNIVERSITÁRIO;nao_aplicavel;2900,0;Média (R$ 1.800-2.999);FTD;confirmado;False
23334266;FARIAS BRITO PRE VESTIBULAR ALDEOTA;2304400;24,0;117;Outras posições;False;686,3619896640827;258,0;3,0;492,0;0,84;Poliedro;681,8414932126697;221,0;684,2763326374392;4,52049645141301;Fortaleza;CE;0,8208;Fortaleza;-3,7362935;-38,4865821;60160240;VARJOTA;nao_aplicavel;5000,0;Alta (≥ R$ 5.000);não identificado;provavel_proprio;False
23025255;CENTRO DE EDUCACAO BASICA E PROFISSIONAL PROFESSOR LUCIANO FEIJAO;2312908;1,0;6;Líder local;False;645,6702739726028;146,0;5,0;487,0;0,84;Poliedro;648,7487769784173;139,0;647,1717192982456;-3,0785030058144685;Sobral;CE;0,271;Sobral;;;62010290;CENTRO;nao_aplicavel;1240,0;Baixa (< R$ 1.800);SAS (Arco Educação);confirmado;False
33145237;COLEGIO SAO JOAO BATISTA NOVA FRIBURGO;3303401;3,0;15;Desafiante (2º-5º local);False;721,1525;32,0;3,0;92,0;0,84;Poliedro;708,7711999999999;25,0;715,7221052631579;12,381300000000124;Nova Friburgo;RJ;0,7816;Nova Friburgo;-22,29236;-42,53727;28625630;CENTRO;nao_aplicavel;3600,0;Média-Alta (R$ 3.000-4.999);próprio;confirmado;False
33040516;COLEGIO IPIRANGA;3303906;1,0;19;Líder local;False;720,4641379310344;29,0;3,0;97,0;0,84;Poliedro;736,2590909090909;22,0;727,2776470588236;-15,794952978056472;Petrópolis;RJ;0,8097;Petrópolis;-22,50615;-43,17581;25610320;CENTRO;nao_aplicavel;1900,0;Média (R$ 1.800-2.999);Anglo (Cogna/SOMOS);confirmado;False
17046807;COLEGIO MARISTA PALMAS;1721000;2,0;14;Desafiante (2º-5º local);False;658,0377777777778;18,0;5,0;152,0;0,839;Poliedro;610,1543209876544;27,0;629,3077037037037;47,88345679012343;Palmas;TO;0,7844;Palmas;-10,1913528;-48,3131188;77020158;PLANO DIRETOR SUL;nao_aplicavel;2148,5;Média (R$ 1.800-2.999);Marista (FTD, rede fechada);confirmado;False
31385433;COLEGIO DETERMINANTE;3106200;27,0;110;Outras posições;False;677,4993333333333;30,0;4,0;99,0;0,839;Poliedro;666,3226666666667;30,0;671,9110000000001;11,17666666666662;Belo Horizonte;MG;0,9738;Belo Horizonte;;;30140131;FUNCIONARIOS;nao_aplicavel;10000,0;Alta (≥ R$ 5.000);Polígono;confirmado;False
29542618;COLEGIO OFICINA DE VITORIA DA CONQUISTA;2933307;1,0;14;Líder local;False;666,3801980198019;101,0;4,0;347,0;0,839;Poliedro;648,2404361370717;107,0;657,0486858974358;18,139761882730227;Vitória da Conquista;BA;0,5552;Vitória da Conquista;;;45029090;CANDEIAS;nao_aplicavel;4000,0;Média-Alta (R$ 3.000-4.999);SAS (Arco Educação);confirmado;False
42203600;COLEGIO TRILINGUE INOVACAO;4204202;1,0;9;Líder local;False;644,9559999999999;10,0;5,0;39,0;0,839;Poliedro;621,3149999999999;12,0;632,060909090909;23,640999999999963;Chapecó;SC;0,7008;Chapecó;-27,1099453;-52,619488;89802272;JARDIM ITÁLIA;nao_aplicavel;4000,0;Média-Alta (R$ 3.000-4.999);próprio;provavel_proprio;False
32040210;ESCOLA CRESCER;3205309;8,0;18;Outras posições;False;665,603076923077;13,0;5,0;50,0;0,839;Poliedro;699,1266666666667;15,0;683,5621428571428;-33,523589743589696;Vitória;ES;0,9347;Vitória;-20,2935189;-40,2930726;29055642;PRAIA DO CANTO;nao_aplicavel;11000,0;Alta (≥ R$ 5.000);não identificado;nao_identificado;False
32040083;COLEGIO SALESIANO N S DA VITORIA;3205309;9,0;18;Outras posições;False;657,89;30,0;5,0;155,0;0,838;Poliedro;640,2423931623931;39,0;647,9152657004831;17,647606837606872;Vitória;ES;0,9347;Vitória;-20,3165024;-40,3230925;29017950;FORTE SÃO JOÃO;nao_aplicavel;1300,0;Baixa (< R$ 1.800);não identificado;provavel_proprio;False
43172423;COLEGIO LEONARDO DA VINCI-ALFA;4314902;13,0;61;Outras posições;False;688,7002051282052;65,0;3,0;218,0;0,838;Poliedro;679,8199999999999;55,0;684,6301111111112;8,880205128205262;Porto Alegre;RS;0,9276;Porto Alegre;-30,03422;-51,20292;90420060;RIO BRANCO;nao_aplicavel;8000,0;Alta (≥ R$ 5.000);não identificado;nao_identificado;False
31249483;INST ITALO BRASILEIRO BICULTURAL;3144805;2,0;8;Desafiante (2º-5º local);False;650,6814285714285;14,0;5,0;180,0;0,838;Poliedro;698,1866666666667;9,0;669,2704347826086;-47,50523809523827;Nova Lima;MG;0,843;Nova Lima;-19,97324;-43,93232;34006203;PIEMONTE;nao_aplicavel;2600,0;Média (R$ 1.800-2.999);próprio;confirmado;False
50031163;COLEGIO CLASSE A;5002704;1,0;31;Líder local;False;717,9826666666667;15,0;2,0;16,0;0,838;Poliedro;761,805;16,0;740,6006451612903;-43,82233333333329;Campo Grande;MS;0,789;Campo Grande;-20,4475837;-54,6110895;79010060;MONTE CASTELO;nao_aplicavel;3000,0;Média-Alta (R$ 3.000-4.999);Poliedro;confirmado;True
27035000;COLEGIO SANTA MADALENA SOFIA;2704302;2,0;63;Desafiante (2º-5º local);False;650,6786805555556;192,0;5,0;551,0;0,838;Poliedro;647,3750599520383;139,0;649,2913595166164;3,303620603517288;Maceió;AL;0,6386;Maceió;-9,655068;-35,73263;57051000;FAROL;nao_aplicavel;4000,0;Média-Alta (R$ 3.000-4.999);Bernoulli;confirmado;False
35153163;PENTAGONO COLEGIO UNIDADE ALPHAVILLE;3547304;1,0;6;Líder local;False;665,1560975609757;41,0;5,0;152,0;0,838;Poliedro;673,128717948718;39,0;669,0427500000001;-7,972620387742268;Santana de Parnaíba;SP;0,7586;Santana de Parnaíba;-23,4491433;-46,8891428;6540427;ALPHAVILLE;nao_aplicavel;2500,0;Média (R$ 1.800-2.999);próprio (Sistema Pentágono);confirmado;False
42053480;COLEGIO MARISTA SAO FRANCISCO EI EF EM;4204202;2,0;9;Desafiante (2º-5º local);False;644,6799099099098;74,0;5,0;308,0;0,838;Poliedro;653,913896713615;71,0;649,2013793103447;-9,233986803705193;Chapecó;SC;0,7008;Chapecó;-27,103863;-52,6090045;89801500;CENTRO;nao_aplicavel;5000,0;Alta (≥ R$ 5.000);Marista (FTD, rede fechada);confirmado;False
31004197;COLEGIO SANTA MARIA MINAS - UNIDADE FLORESTA;3106200;28,0;110;Outras posições;False;650,5860952380951;105,0;5,0;329,0;0,838;Poliedro;655,1542307692307;104,0;652,8592344497607;-4,568135531135567;Belo Horizonte;MG;0,9738;Belo Horizonte;-19,91120243;-43,93255198;31110050;FLORESTA;nao_aplicavel;5000,0;Alta (≥ R$ 5.000);SAS (Arco Educação);confirmado;False
29437261;COLEGIO ACESSO;2910800;2,0;21;Desafiante (2º-5º local);False;715,0920481927711;83,0;3,0;315,0;0,838;Poliedro;692,7815384615385;65,0;705,2935135135135;22,310509731232628;Feira de Santana;BA;0,6655;Feira de Santana;-12,25531;-38,95922;44075409;PONTO CENTRAL;nao_aplicavel;2000,0;Média (R$ 1.800-2.999);próprio;confirmado;False
35007022;COLEGIO OBJETIVO DE PIRACICABA;3538709;2,0;25;Desafiante (2º-5º local);False;657,6300483091787;69,0;5,0;266,0;0,837;Poliedro;628,4014285714286;42,0;646,5705705705707;29,228619737750137;Piracicaba;SP;0,8238;Piracicaba;-22,72734176;-47,62706139;13417820;VILA MONTEIRO;nao_aplicavel;3500,0;Média-Alta (R$ 3.000-4.999);Objetivo;confirmado;False
22025391;ESCOLA DOM BOSCO;2211001;15,0;52;Outras posições;False;651,9211111111111;18,0;5,0;54,0;0,837;Poliedro;664,2919999999999;15,0;657,5442424242424;-12,370888888888771;Teresina;PI;0,7817;Teresina;-5,078294;-42,78678;64052160;SÃO CRISTÓVÃO;nao_aplicavel;7000,0;Alta (≥ R$ 5.000);Bernoulli;confirmado;False
31260908;COL IMPULSO;3167202;2,0;13;Desafiante (2º-5º local);False;714,0652631578947;19,0;3,0;59,0;0,837;Poliedro;677,9444444444445;18,0;696,4929729729729;36,12081871345026;Sete Lagoas;MG;0,7362;Sete Lagoas;-19,4560824;-44,2380404;35700114;BOA VISTA;nao_aplicavel;1800,0;Média (R$ 1.800-2.999);próprio;confirmado;False
31074454;COLEGIO STELLA MATUTINA;3136702;6,0;21;Outras posições;False;650,5036363636364;11,0;5,0;58,0;0,837;Poliedro;592,3733333333333;15,0;616,9669230769231;58,13030303030303;Juiz de Fora;MG;0,8573;Juiz de Fora;-21,76549;-43,34708167;36010021;CENTRO;nao_aplicavel;4000,0;Média-Alta (R$ 3.000-4.999);FTD;confirmado;False
15152120;ESCOLA DE EDUCACAO BASICA CENTRO EDUCACIONAL ANCHIETA;1503606;1,0;2;Sem comparação local (poucas escolas na cidade);False;683,4446153846154;26,0;3,0;124,0;0,837;Poliedro;664,07125;32,0;672,7558620689655;19,37336538461545;Itaituba;PA;0,3511;Itaituba;-4,2616465;-55,9797233;68180240;BELA VISTA;nao_aplicavel;1212,0;Baixa (< R$ 1.800);Maxi (Cogna/SOMOS);confirmado;False
33184720;COLEGIO ALFA CEM BILINGUE;3304557;41,0;344;Outras posições;False;713,7925;16,0;3,0;81,0;0,837;Poliedro;695,2399999999999;22,0;703,0515789473684;18,552500000000123;Rio de Janeiro;RJ;0,8408;Rio de Janeiro;;;22775039;BARRA DA TIJUCA;bairro;10001,0;Alta (≥ R$ 5.000);não identificado;provavel_proprio;False
15066886;E PART E I F M INST NSRA DOS ANJOS;1500107;1,0;4;Líder local;False;651,8005714285714;35,0;5,0;117,0;0,837;Poliedro;629,8142857142857;28,0;642,0288888888889;21,986285714285717;Abaetetuba;PA;0,202;Abaetetuba;-1,724958248;-48,88891649;68444000;;nao_aplicavel;1200,0;Baixa (< R$ 1.800);Positivo;confirmado;False
31365874;ESCOLA EDUCAR - ENSINO MEDIO;3106200;29,0;110;Outras posições;False;650,4177777777778;18,0;5,0;71,0;0,837;Poliedro;628,6224;25,0;637,7460465116279;21,795377777777844;Belo Horizonte;MG;0,9738;Belo Horizonte;-19,88116903;-44,0117456;30882370;SERRANO;nao_aplicavel;3000,0;Média-Alta (R$ 3.000-4.999);SAS (Arco Educação);confirmado;False
43173390;COLEGIO SANTA MONICA ALTOS DO LARANJAL;4314407;2,0;10;Desafiante (2º-5º local);False;657,2893333333334;15,0;5,0;57,0;0,837;Poliedro;641,0075;16,0;648,8858064516129;16,28183333333334;Pelotas;RS;0,7278;Pelotas;;;96090840;LARANJAL;nao_aplicavel;2000,0;Média (R$ 1.800-2.999);Positivo (Arco Educação);confirmado;False
50027956;COLEGIO HARMONIA - UNIDADE I;5002704;2,0;31;Desafiante (2º-5º local);False;676,1925974025975;77,0;4,0;286,0;0,837;Poliedro;667,5262962962962;54,0;672,6202290076336;8,666301106301262;Campo Grande;MS;0,789;Campo Grande;-20,4555518;-54,596607;79020101;JARDIM DOS ESTADOS;nao_aplicavel;10000,0;Alta (≥ R$ 5.000);Poliedro;confirmado;True
33196249;ESCOLA ELEVA - URCA;3304557;42,0;344;Outras posições;False;671,893607305936;73,0;4,0;344,0;0,836;Poliedro;687,006;65,0;679,011763285024;-15,112392694063942;Rio de Janeiro;RJ;0,8408;Rio de Janeiro;;;22291090;URCA;bairro;10000,0;Alta (≥ R$ 5.000);Eleva;confirmado;False
13031767;FUNDACAO MATIAS MACHLINE;1302603;3,0;49;Desafiante (2º-5º local);False;655,153127753304;227,0;5,0;688,0;0,836;Poliedro;657,1458984375;256,0;656,20933747412;-1,992770684195989;Manaus;AM;0,5729;Manaus;-3,134263444;-59,97945643;69075830;DISTRITO INDUSTRIAL I;nao_aplicavel;1212,0;Baixa (< R$ 1.800);não identificado;provavel_proprio;False
31329762;COL GENOMA II;3127701;2,0;7;Desafiante (2º-5º local);False;671,7748148148147;54,0;4,0;203,0;0,836;Poliedro;665,6750191570882;87,0;668,0111111111111;6,099795657726531;Governador Valadares;MG;0,5588;Governador Valadares;-18,85995801;-41,94874702;35010060;CENTRO;nao_aplicavel;3500,0;Média-Alta (R$ 3.000-4.999);COC (Arco Educação);confirmado;False
35188712;VEM SER COLEGIO;3549805;2,0;28;Desafiante (2º-5º local);False;656,7729411764706;17,0;5,0;82,0;0,835;Poliedro;657,6153846153846;13,0;657,138;-0,8424434389140742;São José do Rio Preto;SP;0,8136;São José do Rio Preto;-20,8162131;-49,3961259;15025190;VILA NOSSA SENHORA DA PAZ;nao_aplicavel;2500,0;Média (R$ 1.800-2.999);Poliedro;confirmado;True
33447250;COLEGIO INTERATIVO ENSINO MEDIO;3306305;2,0;12;Desafiante (2º-5º local);False;664,2507291666667;64,0;5,0;192,0;0,835;Poliedro;673,9324279835391;81,0;669,6591264367817;-9,681698816872428;Volta Redonda;RJ;0,7431;Volta Redonda;-22,51997244;-44,10871695;27262305;BELA VISTA;nao_aplicavel;5000,0;Alta (≥ R$ 5.000);pH (Cogna/SOMOS);confirmado;False
31260541;COLLEGIUM PRISMA;3143302;1,0;13;Líder local;False;649,4775418994413;179,0;5,0;509,0;0,835;Poliedro;654,2969117647059;136,0;651,5582857142857;-4,819369865264548;Montes Claros;MG;0,7005;Montes Claros;-16,7217413;-43,8680207;39400110;CENTRO;nao_aplicavel;1500,0;Baixa (< R$ 1.800);não identificado;provavel_proprio;False
24057002;COLGIO CONTEMPORANEO;2408102;10,0;48;Outras posições;False;651,2336;50,0;5,0;132,0;0,835;Poliedro;630,5153623188405;69,0;639,2205042016806;20,718237681159508;Natal;RN;0,8531;Natal;-5,827913;-35,20606;59076470;LAGOA NOVA;nao_aplicavel;5200,0;Alta (≥ R$ 5.000);Poliedro;confirmado;True
35813000;COLEGIO RENOVACAO ANGLO INDAIATUBA;3520509;1,0;12;Líder local;False;656,4562025316455;79,0;5,0;299,0;0,835;Poliedro;635,7609259259259;72,0;646,5882560706401;20,69527660571964;Indaiatuba;SP;0,794;Indaiatuba;-23,0964213;-47,1960853;13339070;VILA AURORA;nao_aplicavel;3000,0;Média-Alta (R$ 3.000-4.999);Anglo (Cogna/SOMOS);confirmado;False
31062201;COLEGIO SAO JOSE;3152501;1,0;10;Líder local;False;656,3421818181818;55,0;5,0;203,0;0,834;Poliedro;645,48;42,0;651,6389690721649;10,86218181818174;Pouso Alegre;MG;0,726;Pouso Alegre;-22,2335324;-45,9377546;37550187;CENTRO;nao_aplicavel;2000,0;Média (R$ 1.800-2.999);Etapa;confirmado;False
27037380;COLEGIO DINAMICO;2704302;3,0;63;Desafiante (2º-5º local);False;673,9772727272727;22,0;4,0;137,0;0,834;Poliedro;658,2591666666666;24,0;665,7765217391304;15,718106060606146;Maceió;AL;0,6386;Maceió;-9,5778718;-35,77137;57061110;TABULEIRO DO MARTINS;nao_aplicavel;1212,0;Baixa (< R$ 1.800);Poliedro;confirmado;True
31384909;COLEGIO OLIMPO TRIANGULO MINEIRO;3170206;2,0;21;Desafiante (2º-5º local);False;704,1606818181818;88,0;1,0;105,0;0,834;Poliedro;683,3187368421053;95,0;693,3410928961749;20,841944976076547;Uberlândia;MG;0,8643;Uberlândia;;;38400106;CENTRO;nao_aplicavel;4000,0;Média-Alta (R$ 3.000-4.999);próprio (Olimpo Educação);confirmado;False
35141434;ESCOLA SEB THATHI;3502804;1,0;13;Líder local;False;656,1348484848485;66,0;5,0;255,0;0,833;Poliedro;663,7868571428571;70,0;660,0733823529413;-7,65200865800864;Araçatuba;SP;0,7111;Araçatuba;-21,2213785;-50,4313215;16018640;PARQUE BAGUACU;nao_aplicavel;2100,0;Média (R$ 1.800-2.999);Ecossistema AZ (Grupo SEB/Conexia);confirmado;False
35105600;SANTO AMERICO COLEGIO;3550308;25,0;516;Outras posições;False;656,0696078431372;34,0;5,0;261,0;0,833;Poliedro;672,93625;32,0;664,2473737373737;-16,86664215686278;São Paulo;SP;0,8116;Vila Sônia;-23,6043877;-46,7282573;5629020;JARDIM COLOMBO;distrito;4000,0;Média-Alta (R$ 3.000-4.999);não identificado;nao_identificado;False
24091260;COLEGIO SIMPLES;2408003;2,0;14;Desafiante (2º-5º local);False;684,7764285714285;28,0;3,0;127,0;0,833;Poliedro;;;684,7764285714285;;Mossoró;RN;0,5769;Mossoró;;;59603200;DOZE ANOS;nao_aplicavel;2098,5;Média (R$ 1.800-2.999);pH (Cogna/SOMOS);confirmado;False
31314749;COLEGIO ALUMNUS;3106200;30,0;110;Outras posições;False;680,132;10,0;3,0;48,0;0,833;Poliedro;;;680,132;;Belo Horizonte;MG;0,9738;Belo Horizonte;-19,874238;-43,91932995;31910520;FERNÃO DIAS;nao_aplicavel;5600,0;Alta (≥ R$ 5.000);Anglo (Cogna/SOMOS);confirmado;False
33039976;AESVP COLEGIO VICENTINO SANTA ISABEL;3303906;2,0;19;Desafiante (2º-5º local);False;655,9252380952381;42,0;5,0;123,0;0,833;Poliedro;635,3490909090909;33,0;646,8717333333334;20,576147186147185;Petrópolis;RJ;0,8097;Petrópolis;-22,51091;-43,17665;25620003;CENTRO;nao_aplicavel;1900,0;Média (R$ 1.800-2.999);FTD + Moderna/Santillana;confirmado;False
33185590;COLEGIO CURSO TAMANDARE;3304557;43,0;344;Outras posições;False;707,888;15,0;2,0;15,0;0,833;Poliedro;;;707,888;;Rio de Janeiro;RJ;0,8408;Rio de Janeiro;;;22775150;BARRA DA TIJUCA;bairro;10001,0;Alta (≥ R$ 5.000);próprio (Sistema de Ensino Tamandaré);confirmado;False
27235009;COLEGIO DE EDUCACAO BASICA SANTA AFRA;2700300;1,0;15;Líder local;False;648,6587499999999;48,0;5,0;181,0;0,832;Poliedro;660,6885106382979;47,0;654,6103157894736;-12,029760638297944;Arapiraca;AL;0,5023;Arapiraca;-9,760658333;-36,654;57301362;SÃO LUIZ;nao_aplicavel;2500,0;Média (R$ 1.800-2.999);próprio;provavel_proprio;False
23075961;ANTARES ATS COLEGIO;2304400;25,0;117;Outras posições;False;643,7070588235295;34,0;5,0;135,0;0,832;Poliedro;649,5615384615384;26,0;646,244;-5,854479638008911;Fortaleza;CE;0,8208;Fortaleza;-3,7212626;-38,5143838;60060420;PRAIA DE IRACEMA;nao_aplicavel;4000,0;Média-Alta (R$ 3.000-4.999);Pitágoras (Cogna/SOMOS);confirmado;False
21199809;COLEGIO LITERATO;2111300;4,0;47;Desafiante (2º-5º local);False;685,3805839416059;137,0;2,0;473,0;0,832;Poliedro;680,5194047619049;112,0;683,194029451138;4,8611791797010255;São Luís;MA;0,7058;São Luís;-2,5010231;-44,23336644;65068500;TURU;nao_aplicavel;1300,0;Baixa (< R$ 1.800);SAS (Arco Educação);confirmado;False
42091403;COLEGIO BOM JESUS DIVINA PROVIDENCIA;4208906;1,0;7;Líder local;False;672,49;48,0;4,0;256,0;0,832;Poliedro;658,1110714285714;56,0;664,7475000000001;14,37892857142856;Jaraguá do Sul;SC;0,5822;Jaraguá do Sul;-26,48741804;-49,08317322;89251700;CENTRO;nao_aplicavel;4000,0;Média-Alta (R$ 3.000-4.999);não identificado;provavel_proprio;False
25133454;CENTRO DE EDUCACAO MDW;2507507;7,0;55;Outras posições;False;705,197619047619;126,0;2,0;335,0;0,832;Poliedro;;;705,197619047619;;João Pessoa;PB;0,8675;João Pessoa;;;58032100;BRISAMAR;nao_aplicavel;8000,0;Alta (≥ R$ 5.000);Fibonacci;confirmado;False
35134132;COLEGIO POLIEDRO DE EDUCACAO;3550308;26,0;516;Outras posições;True;686,2425555555557;60,0;4,0;268,0;0,832;Poliedro;665,7871698113207;53,0;676,6484365781712;20,455385744234945;São Paulo;SP;0,8116;Barra Funda;-23,5278774;-46,6718491;5001000;AGUA BRANCA;distrito;8500,0;Alta (≥ R$ 5.000);Poliedro;confirmado;True
31074411;COLEGIO DOS SANTOS ANJOS;3136702;8,0;21;Outras posições;False;650,3420689655172;29,0;5,0;68,0;0,831;Poliedro;644,1422222222222;18,0;647,967659574468;6,199846743294984;Juiz de Fora;MG;0,8573;Juiz de Fora;-21,7534804;-43,3443809;36060140;VITORINO BRAGA;nao_aplicavel;2000,0;Média (R$ 1.800-2.999);FTD;confirmado;False
35108145;MATER AMABILIS COLEGIO;3518800;3,0;57;Desafiante (2º-5º local);False;672,1314606741573;89,0;4,0;328,0;0,831;Poliedro;675,4051651651652;111,0;673,9483666666667;-3,273704491007834;Guarulhos;SP;0,6077;Guarulhos;-23,4613427;-46,5301978;7115080;JARDIM MAIA;nao_aplicavel;2300,0;Média (R$ 1.800-2.999);Poliedro;confirmado;True
13168207;CENTRO EDUCACIONAL ADALBERTO VALLE - UNIDADE I;1302603;4,0;49;Desafiante (2º-5º local);False;643,37708994709;126,0;5,0;402,0;0,831;Poliedro;648,2425925925926;90,0;645,4043827160494;-4,865502645502602;Manaus;AM;0,5729;Manaus;-3,091155309;-59,99854026;69060085;ALEIXO;nao_aplicavel;4200,0;Média-Alta (R$ 3.000-4.999);SAS (Arco Educação);confirmado;False
31327026;CENTRO EDUCACIONAL RENOVACAO;3152501;2,0;10;Desafiante (2º-5º local);False;685,6841025641025;39,0;4,0;122,0;0,831;Poliedro;696,6384615384616;39,0;691,1612820512821;-10,954358974359025;Pouso Alegre;MG;0,726;Pouso Alegre;-22,2255748;-45,9322302;37554203;FATIMA I;nao_aplicavel;2000,0;Média (R$ 1.800-2.999);SAS (Arco Educação);confirmado;False
35114078;KOELLE COLEGIO;3543907;1,0;8;Líder local;False;662,6550537634408;62,0;4,0;224,0;0,831;Poliedro;656,117;60,0;659,4396174863388;6,538053763440871;Rio Claro;SP;0,608;Rio Claro;-22,4038753;-47,5642415;13500181;ZONA CENTRAL;nao_aplicavel;2424,0;Média (R$ 1.800-2.999);Bernoulli;confirmado;False
21199090;COLEGIO EDUCALLIS;2111300;5,0;47;Desafiante (2º-5º local);False;667,20125;120,0;3,0;327,0;0,83;Poliedro;669,684424778761;113,0;668,4055364806867;-2,483174778761054;São Luís;MA;0,7058;São Luís;-2,551049383;-44,24675376;65045215;CUTIM ANIL;nao_aplicavel;1300,0;Baixa (< R$ 1.800);SAS (Arco Educação);confirmado;False
53013875;COL SERIOS;5300108;13,0;117;Outras posições;False;655,1514285714286;14,0;5,0;50,0;0,83;Poliedro;686,6314285714286;14,0;670,8914285714285;-31,480000000000015;Brasília;DF;0,9278;Brasília;-15,7973093;-47,8977337;70390020;ASA SUL;nao_aplicavel;3000,0;Média-Alta (R$ 3.000-4.999);próprio (currículo internacional/americano);provavel_proprio;False
15528715;SOC DE EDUC INTEG HUMANA DO BRASIL;1506807;2,0;6;Desafiante (2º-5º local);False;662,45;30,0;4,0;70,0;0,83;Poliedro;610,6657142857142;14,0;645,9731818181818;51,78428571428583;Santarém;PA;0,3328;Santarém;-2,428652924;-54,70442827;68010600;SANTISSIMO;nao_aplicavel;1500,0;Baixa (< R$ 1.800);Anglo (Cogna/SOMOS);confirmado;False
26053837;COLEGIO DIOCESANO DE CARUARU;2604106;1,0;13;Líder local;False;649,573076923077;104,0;5,0;376,0;0,83;Poliedro;654,9922539682539;105,0;652,2956299840511;-5,419177045176866;Caruaru;PE;0,5038;Caruaru;-8,2811836;-35,9699505;55012310;MAURICIO DE NASSAU;nao_aplicavel;3000,0;Média-Alta (R$ 3.000-4.999);SAS (Arco Educação);confirmado;False
27218244;COLEGIO SANTA URSULA LTDA;2704302;4,0;63;Desafiante (2º-5º local);False;655,0511695906432;114,0;5,0;479,0;0,83;Poliedro;640,8524786324787;117,0;647,8596248196249;14,198690958164548;Maceió;AL;0,6386;Maceió;-9,652444;-35,70178;57035560;JATIUCA;nao_aplicavel;5000,0;Alta (≥ R$ 5.000);SAS (Arco Educação) — a confirmar com o comercial (possível overlap, ver nota manual 27218244);provavel_proprio;False
41131673;COLEGIO BOM JESUS NOSSA SENHORA DE LOURDES ED INF ENS FUND E MEDIO;4106902;7,0;69;Outras posições;False;649,5202522522522;185,0;5,0;695,0;0,83;Poliedro;646,146711409396;149,0;648,0152894211577;3,3735408428563005;Curitiba;PR;0,8491;Curitiba;-25,43487765;-49,2472365;80050150;CRISTO REI;nao_aplicavel;6000,0;Alta (≥ R$ 5.000);próprio (Editora Bom Jesus);confirmado;False
15038424;COLEGIO MARISTA NOSSA SENHORA DE NAZARE;1501402;6,0;65;Outras posições;False;660,2074643874644;117,0;4,0;604,0;0,83;Poliedro;656,4260097323601;137,0;658,1678608923884;3,781454655104312;Belém;PA;0,6935;Belém;-1,4529965;-48,4851366;66035145;NAZARÉ;nao_aplicavel;7500,0;Alta (≥ R$ 5.000);Marista (FTD, rede fechada);confirmado;False
43139558;INSTITUTO RIO BRANCO;4318705;2,0;5;Desafiante (2º-5º local);False;649,2402777777778;24,0;5,0;118,0;0,829;Poliedro;640,1216;25,0;644,5878911564625;9,118677777777862;São Leopoldo;RS;0,5107;São Leopoldo;-29,76305;-51,14478;93010040;CENTRO;nao_aplicavel;4000,0;Média-Alta (R$ 3.000-4.999);Bernoulli;confirmado;False
31352195;COLEGIO GABARITO;3170206;4,0;21;Desafiante (2º-5º local);False;659,5858947368422;285,0;4,0;870,0;0,828;Poliedro;666,0060856269113;218,0;662,3684029158383;-6,42019089006908;Uberlândia;MG;0,8643;Uberlândia;-18,9289518;-48,2761151;38400050;LÍDICE;nao_aplicavel;5000,0;Alta (≥ R$ 5.000);não identificado;provavel_proprio;False
31374555;COLEGUIUM - INTERNACIONAL CIDADE NOVA;3106200;31,0;110;Outras posições;False;659,3384;25,0;4,0;100,0;0,828;Poliedro;645,4592592592593;18,0;653,5285271317829;13,879140740740697;Belo Horizonte;MG;0,9738;Belo Horizonte;;;31160284;UNIÃO;nao_aplicavel;3400,0;Média-Alta (R$ 3.000-4.999);próprio (Coleguium Rede de Ensino);confirmado;False
33156913;COOPERATIVA DE TRABALHO EDUCACIONAL CESAR ALMEIDA;3300100;1,0;11;Líder local;False;697,4046153846155;13,0;3,0;42,0;0,828;Poliedro;697,0522222222222;18,0;697,2;0,3523931623932412;Angra dos Reis;RJ;0,4831;Angra dos Reis;;;23906410;PARQUE DAS PALMEIRAS;nao_aplicavel;5000,0;Alta (≥ R$ 5.000);Bernoulli;confirmado;False
35154775;ESCOLA VILLARE;3548807;1,0;10;Líder local;False;697,3816949152543;59,0;3,0;200,0;0,828;Poliedro;708,2148837209302;43,0;701,9486274509804;-10,833188805675832;São Caetano do Sul;SP;0,8753;São Caetano do Sul;-23,6192107;-46,5630538;9531000;SANTO ANTONIO;nao_aplicavel;6000,0;Alta (≥ R$ 5.000);próprio (Cognita Schools);provavel_proprio;False
35150022;MONTEIRO LOBATO COLEGIO;3530706;1,0;9;Líder local;False;682,88;18,0;4,0;75,0;0,828;Poliedro;692,73;16,0;687,515294117647;-9,850000000000025;Mogi Guaçu;SP;0,596;Mogi Guaçu;-22,3677913;-46,9506048;13845206;IMOVEL PEDREGULHAL;nao_aplicavel;2300,0;Média (R$ 1.800-2.999);não identificado;nao_identificado;False
13031457;CENTRO DE ENSINO ALPHA DELTA;1302603;5,0;49;Desafiante (2º-5º local);False;698,5344444444445;18,0;2,0;97,0;0,828;Poliedro;677,5574193548387;31,0;685,2632653061224;20,97702508960583;Manaus;AM;0,5729;Manaus;-3,114725;-60,0120202;69057030;ADRIANOPOLIS;nao_aplicavel;8000,0;Alta (≥ R$ 5.000);Authêntico;confirmado;False
35504324;ESCOLA SEB UNIDADE DE RIO PRETO;3549805;3,0;28;Desafiante (2º-5º local);False;653,9303225806451;62,0;5,0;184,0;0,826;Poliedro;655,9132275132275;63,0;654,9297066666667;-1,9829049325824144;São José do Rio Preto;SP;0,8136;São José do Rio Preto;-20,8079054;-49,3831639;15025055;PARQUE INDUSTRIAL;nao_aplicavel;2500,0;Média (R$ 1.800-2.999);AZ (Grupo SEB/Conexia);confirmado;False
33154007;COLEGIO CAROLINNA RUSSO LTDA;3304557;44,0;344;Outras posições;False;660,4088;25,0;5,0;87,0;0,826;Poliedro;670,7362162162162;37,0;666,571935483871;-10,327416216216193;Rio de Janeiro;RJ;0,8408;Rio de Janeiro;-22,91428;-43,23137;20271100;MARACANÃ;bairro;6000,0;Alta (≥ R$ 5.000);não identificado;nao_identificado;False
33178879;COLEGIO ALFA CEM BILINGUE;3304557;45,0;344;Outras posições;False;696,2688888888888;27,0;3,0;89,0;0,826;Poliedro;683,732;20,0;690,9340425531915;12,536888888888823;Rio de Janeiro;RJ;0,8408;Rio de Janeiro;;;22753034;ANIL;bairro;3000,0;Média-Alta (R$ 3.000-4.999);não identificado;provavel_proprio;False
31351725;COLEGUIUM - UNIDADE OURO PRETO INTEGRAL;3106200;32,0;110;Outras posições;False;746,2813333333332;30,0;1,0;85,0;0,826;Poliedro;759,2913043478261;23,0;751,9271698113207;-13,009971014492862;Belo Horizonte;MG;0,9738;Belo Horizonte;-19,8706717;-43,9835854;31310440;OURO PRETO;nao_aplicavel;4500,0;Média-Alta (R$ 3.000-4.999);próprio (Coleguium Rede de Ensino);confirmado;False
31145734;COLEGIO FRANCISCANO REGINA PACIS;3167202;3,0;13;Desafiante (2º-5º local);False;653,7644;50,0;5,0;170,0;0,826;Poliedro;650,3642857142856;42,0;652,2121739130434;3,4001142857143805;Sete Lagoas;MG;0,7362;Sete Lagoas;-19,4667108;-44,2479667;35700037;CENTRO;nao_aplicavel;1800,0;Média (R$ 1.800-2.999);Bernoulli;confirmado;False
35136931;AGOSTINIANO MENDEL COLEGIO;3550308;27,0;516;Outras posições;False;695,7206106870228;262,0;3,0;987,0;0,826;Poliedro;698,7048795944233;263,0;697,2155873015873;-2,9842689074005198;São Paulo;SP;0,8116;Tatuapé;-23,542499;-46,5685525;3315000;VILA GOMES CARDIM;distrito;6000,0;Alta (≥ R$ 5.000);Poliedro;confirmado;True
29094046;ESCOLA CASTRO ALVES SC LTDA;2910800;3,0;21;Desafiante (2º-5º local);False;668,7646153846155;13,0;4,0;67,0;0,826;Poliedro;642,6852631578947;19,0;653,28;26,079352226720744;Feira de Santana;BA;0,6655;Feira de Santana;-12,25186;-38,96238;44001224;CENTRO;nao_aplicavel;1212,0;Baixa (< R$ 1.800);Farias Brito (SFB);confirmado;False
31170402;COL MARISTA CHAMPAGNAT;3170206;5,0;21;Desafiante (2º-5º local);False;648,3222222222222;18,0;5,0;112,0;0,825;Poliedro;597,4663636363637;22,0;620,3515;50,85585858585853;Uberlândia;MG;0,8643;Uberlândia;-18,90359;-48,24505;38405096;TIBERY;nao_aplicavel;2100,0;Média (R$ 1.800-2.999);Marista (FTD, rede fechada);confirmado;False
43108423;COLEGIO PROVINCIA DE SAO PEDRO;4314902;14,0;61;Outras posições;False;641,7426086956522;46,0;5,0;177,0;0,825;Poliedro;648,235;52,0;645,1875510204083;-6,492391304347848;Porto Alegre;RS;0,9276;Porto Alegre;-30,02494915;-51,17297756;91340400;BOA VISTA;nao_aplicavel;8000,0;Alta (≥ R$ 5.000);próprio (Método Montessori);provavel_proprio;False
35132007;ANTARES COLEGIO;3501608;2,0;10;Desafiante (2º-5º local);False;674,7797037037037;45,0;3,0;159,0;0,824;Poliedro;690,0931818181817;44,0;682,3504119850187;-15,313478114478016;Americana;SP;0,7145;Americana;-22,7509139;-47,3595667;13468580;JARDIM IPIRANGA;nao_aplicavel;3000,0;Média-Alta (R$ 3.000-4.999);Amplia;confirmado;False
31349720;FIBONACCI COLEGIO;3131307;4,0;8;Desafiante (2º-5º local);False;746,5208333333334;48,0;2,0;206,0;0,824;Poliedro;743,3652830188679;53,0;744,8649504950495;3,155550314465472;Ipatinga;MG;0,7737;Ipatinga;-19,49341123;-42,53688233;35160174;DAS ÁGUAS;nao_aplicavel;8000,0;Alta (≥ R$ 5.000);Fibonacci;confirmado;False
35113256;DIVINA PROVIDENCIA ESCOLA;3525904;1,0;31;Líder local;False;659,2099166666667;80,0;5,0;249,0;0,824;Poliedro;674,0738562091504;51,0;664,996641221374;-14,863939542483765;Jundiaí;SP;0,825;Jundiaí;-23,1489406;-46,9327269;13214660;ENGORDADOURO;nao_aplicavel;7000,0;Alta (≥ R$ 5.000);Bernoulli;confirmado;False
35103433;OBJETIVO CENTRO INTERESCOLAR UNIDADE PAULISTA;3550308;28,0;516;Outras posições;False;653,2471987480437;213,0;5,0;604,0;0,824;Poliedro;655,9809016393442;244,0;654,7067687819109;-2,733702891300481;São Paulo;SP;0,8116;Bela Vista;-23,5652475;-46,6512472;1310100;BELA VISTA;distrito;5001,0;Alta (≥ R$ 5.000);Objetivo;confirmado;False
33176760;CENTRO EDUCACIONAL DA LAGOA;3304557;46,0;344;Outras posições;False;652,2024390243902;41,0;4,0;85,0;0,823;Poliedro;652,4127777777778;36,0;652,3007792207792;-0,2103387533876457;Rio de Janeiro;RJ;0,8408;Rio de Janeiro;-22,9601633;-43,20767512;22461000;JARDIM BOTÂNICO;bairro;10000,0;Alta (≥ R$ 5.000);SAS (Arco Educação);confirmado;False
33064032;ESCOLA ALEMA CORCOVADO - EXPERIMENTAL;3304557;47,0;344;Outras posições;False;641,4553968253969;42,0;5,0;228,0;0,823;Poliedro;667,4320930232559;43,0;654,5965490196079;-25,97669619785904;Rio de Janeiro;RJ;0,8408;Rio de Janeiro;-22,95105;-43,19423;22260006;BOTAFOGO;bairro;8000,0;Alta (≥ R$ 5.000);próprio (currículo alemão/binacional);provavel_proprio;False
52053121;COLEGIO DINAMICO;5211909;1,0;4;Líder local;False;646,450925925926;36,0;5,0;163,0;0,823;Poliedro;656,6018181818182;55,0;652,5860805860806;-10,150892255892243;Jataí;GO;0,6306;Jataí;-17,87847;-51,73155;75805105;SETOR PLANALTO;nao_aplicavel;2000,0;Média (R$ 1.800-2.999);Anglo (Cogna/SOMOS);confirmado;False
33116784;COLEGIO IGLESIAS;3304557;48,0;344;Outras posições;False;693,2199999999999;12,0;3,0;32,0;0,823;Poliedro;;;693,2199999999999;;Rio de Janeiro;RJ;0,8408;Rio de Janeiro;-22,81116;-43,1947;21940020;JARDIM GUANABARA;bairro;6000,0;Alta (≥ R$ 5.000);SAS (Arco Educação);confirmado;False
35137170;COLEGIO ANGLO ALANTE SAO JOSE DOS CAMPOS;3549904;2,0;27;Desafiante (2º-5º local);False;653,0790810810811;185,0;5,0;654,0;0,823;Poliedro;649,384375;176,0;651,277783933518;3,694706081081108;São José dos Campos;SP;0,9207;São José dos Campos;-23,19944614;-45,91112;12242431;JARDIM ESPLANADA;nao_aplicavel;2700,0;Média (R$ 1.800-2.999);Anglo (Cogna/SOMOS);confirmado;False
31350664;COLEGIO BERNOULLI;3106200;33,0;110;Outras posições;False;734,6394871794871;312,0;2,0;317,0;0,823;Poliedro;736,0356475583864;314,0;735,3397976570819;-1,3961603788992534;Belo Horizonte;MG;0,9738;Belo Horizonte;-19,92887726;-43,94068085;30140082;LOURDES;nao_aplicavel;10000,0;Alta (≥ R$ 5.000);Bernoulli;confirmado;False
33124418;COLEGIO QI - TIJUCA;3304557;49,0;344;Outras posições;False;651,9442105263158;57,0;4,0;184,0;0,822;Poliedro;656,0523636363636;55,0;653,9616071428571;-4,108153110047738;Rio de Janeiro;RJ;0,8408;Rio de Janeiro;-22,91352;-43,22002;20271021;MARACANÃ;bairro;6000,0;Alta (≥ R$ 5.000);próprio (Raiz Sistema de Ensino);confirmado;False
33139881;COLEGIO ATLANTICO MACAE;3302403;1,0;11;Líder local;False;676,8360975609755;41,0;3,0;178,0;0,822;Poliedro;688,4082352941176;51,0;683,2510869565216;-11,572137733142084;Macaé;RJ;0,7161;Macaé;-22,39496818;-41,81507492;27920325;PRAIA CAMPISTA;nao_aplicavel;3550,0;Média-Alta (R$ 3.000-4.999);Bernoulli;confirmado;False
52104532;COLEGIO FAMILIA DE NAZARE;5208707;13,0;68;Outras posições;False;652,9418181818181;11,0;5,0;45,0;0,822;Poliedro;648,3642857142858;14,0;650,3783999999999;4,5775324675323645;Goiânia;GO;0,9482;Goiânia;;;74415410;VILA NOVA CANAÃ;nao_aplicavel;2500,0;Média (R$ 1.800-2.999);Positivo (Arco Educação);confirmado;False
52020320;COLEGIO COUTO MAGALHAES;5201108;2,0;11;Desafiante (2º-5º local);False;647,4735294117646;34,0;5,0;219,0;0,821;Poliedro;616,7863157894737;38,0;631,2774999999999;30,68721362229087;Anápolis;GO;0,6936;Anápolis;-16,2951748;-48,9470113;75083350;VILA SANTA ISABEL;nao_aplicavel;2000,0;Média (R$ 1.800-2.999);Mackenzie;confirmado;False
35007592;COLEGIO ETAPA VILA MASCOTE;3550308;29,0;516;Outras posições;False;691,7713513513514;74,0;3,0;288,0;0,821;Poliedro;689,0217857142858;56,0;690,5869230769232;2,7495656370656434;São Paulo;SP;0,8116;Saúde;;;4362030;VILA MASCOTE;distrito;6000,0;Alta (≥ R$ 5.000);Etapa;confirmado;False
35140338;MAGNO COLEGIO;3550308;30,0;516;Outras posições;False;677,8885232067511;79,0;4,0;313,0;0,821;Poliedro;693,8436764705883;68,0;685,2691383219955;-15,955153263837246;São Paulo;SP;0,8116;Campo Grande;-23,6603949;-46,6907561;4671300;PARQUE RESIDENCIAL JULIA;distrito;5000,0;Alta (≥ R$ 5.000);próprio;provavel_proprio;False
21095752;ESCOLA SANTA TERESINHA;2105302;1,0;11;Líder local;False;663,3888461538462;52,0;3,0;240,0;0,821;Poliedro;653,8516363636364;55,0;658,4865420560748;9,537209790209772;Imperatriz;MA;0,4802;Imperatriz;-5,5284816;-47,4911546;65900010;CENTRO;nao_aplicavel;1215,0;Baixa (< R$ 1.800);não identificado;nao_identificado;False
23269316;MASTER SUL COLEGIO;2304400;26,0;117;Outras posições;False;647,2314414414415;111,0;5,0;443,0;0,82;Poliedro;661,142536231884;138,0;654,941204819277;-13,911094790442576;Fortaleza;CE;0,8208;Fortaleza;-3,797331;-38,49561;60822490;CIDADE DOS FUNCIONARIOS;nao_aplicavel;3000,0;Média-Alta (R$ 3.000-4.999);próprio (Sistema Educacional Master);provavel_proprio;False
21290229;RF ENSINO MEDIO LTDA;2111300;6,0;47;Outras posições;False;685,6965018315018;182,0;3,0;469,0;0,82;Poliedro;687,4314545454546;110,0;686,3500799086758;-1,7349527139527936;São Luís;MA;0,7058;São Luís;;;65071380;CALHAU;nao_aplicavel;1300,0;Baixa (< R$ 1.800);próprio (RF Educação);provavel_proprio;False
35113335;NOSSA SENHORA AUXILIADORA INSTITUTO;3503307;1,0;6;Líder local;False;666,6016000000001;25,0;4,0;103,0;0,82;Poliedro;619,508717948718;39,0;637,9043750000001;47,09288205128212;Araras;SP;0,5864;Araras;-22,3574984;-47,3903772;13600085;CENTRO;nao_aplicavel;2400,0;Média (R$ 1.800-2.999);próprio (Rede Salesiana Brasil);confirmado;False
42020530;ASSOCIACAO EDUCACIONAL LUTERANA BOM JESUS IELUSC;4209102;1,0;14;Líder local;False;652,3418348623853;218,0;5,0;810,0;0,82;Poliedro;676,5529745889387;223,0;664,584656084656;-24,21113972655337;Joinville;SC;0,7075;Joinville;-26,2996226;-48,846985;89201270;CENTRO;nao_aplicavel;6000,0;Alta (≥ R$ 5.000);não identificado;nao_identificado;False
31096261;COL MARISTA SAO JOSE;3143302;2,0;13;Desafiante (2º-5º local);False;651,5623443223443;91,0;4,0;248,0;0,82;Poliedro;673,1425;72,0;661,0946830265849;-21,58015567765574;Montes Claros;MG;0,7005;Montes Claros;-16,7259915;-43,8577388;39400367;ROXO VERDE;nao_aplicavel;1500,0;Baixa (< R$ 1.800);Marista (FTD, rede fechada);confirmado;False
26033909;PLENUS COLEGIO E CURSO;2611101;1,0;10;Líder local;False;676,3259895833334;128,0;2,0;431,0;0,819;Poliedro;666,7723415977962;121,0;671,683453815261;9,553647985537168;Petrolina;PE;0,5578;Petrolina;-9,401925;-40,49784;56332720;CIDADE UNIVERSITARIA;nao_aplicavel;5500,0;Alta (≥ R$ 5.000);não identificado;provavel_proprio;False
24085634;CENTRO EDUCACIONAL MASTER;2408102;11,0;48;Outras posições;False;674,9399999999999;13,0;3,0;68,0;0,819;Poliedro;672,2608333333334;24,0;673,2021621621623;2,679166666666561;Natal;RN;0,8531;Natal;-5,856489;-35,20564;59080100;CAPIM MACIO;nao_aplicavel;6000,0;Alta (≥ R$ 5.000);próprio (Sistema Educacional Master);provavel_proprio;False
31367672;COLEGIO ELITE MASTER;3167202;4,0;13;Desafiante (2º-5º local);False;688,6693103448276;58,0;3,0;211,0;0,819;Poliedro;671,154716981132;106,0;677,3489024390244;17,514593363695667;Sete Lagoas;MG;0,7362;Sete Lagoas;-19,46591333;-44,24368763;35700032;CENTRO;nao_aplicavel;1800,0;Média (R$ 1.800-2.999);Bernoulli;confirmado;False
31005614;COLEGIO SANTA MARIA MINAS - UNIDADE CORACAO EUCARISTICO;3106200;34,0;110;Outras posições;False;652,0127642276423;82,0;5,0;262,0;0,818;Poliedro;650,9227659574468;94,0;651,430606060606;1,0899982701954514;Belo Horizonte;MG;0,9738;Belo Horizonte;-19,9198189;-43,988966;30535640;MINAS BRASIL;nao_aplicavel;4000,0;Média-Alta (R$ 3.000-4.999);SAS (Arco Educação);confirmado;False
42164702;COC ITAJAI;4208203;1,0;10;Líder local;False;662,138947368421;19,0;3,0;114,0;0,818;Poliedro;;;662,138947368421;;Itajaí;SC;0,7459;Itajaí;;;88301000;CENTRO;nao_aplicavel;5000,0;Alta (≥ R$ 5.000);COC (Arco Educação);confirmado;False
27224821;ALTERNATIVA ESCOLA DE EDUCACAO BASICA;2700300;2,0;15;Desafiante (2º-5º local);False;665,9827692307692;65,0;4,0;199,0;0,818;Poliedro;;;665,9827692307692;;Arapiraca;AL;0,5023;Arapiraca;-9,740089914;-36,66665671;57306185;ELDORADO;nao_aplicavel;2500,0;Média (R$ 1.800-2.999);SAS (Arco Educação);confirmado;False
43105068;COLEGIO SANTA INES;4314902;15,0;61;Outras posições;False;646,5765027322404;61,0;5,0;201,0;0,818;Poliedro;622,3773015873016;63,0;634,281747311828;24,1992011449388;Porto Alegre;RS;0,9276;Porto Alegre;-30,04375;-51,18439;90410002;PETROPOLIS;nao_aplicavel;8000,0;Alta (≥ R$ 5.000);não identificado;nao_identificado;False
31062235;INST DE EDUC E ENS POUSO ALEGRE;3152501;3,0;10;Desafiante (2º-5º local);False;656,1365714285714;35,0;4,0;112,0;0,818;Poliedro;632,205;32,0;644,7065671641791;23,93157142857137;Pouso Alegre;MG;0,726;Pouso Alegre;-22,2287097;-45,9379996;37550038;CENTRO;nao_aplicavel;2000,0;Média (R$ 1.800-2.999);Objetivo;confirmado;False
24057061;COLEGIO EXECUTIVO LTDA;2408102;12,0;48;Outras posições;False;646,538;20,0;5,0;83,0;0,818;Poliedro;653,1171428571428;28,0;650,3758333333334;-6,579142857142756;Natal;RN;0,8531;Natal;-5,874875;-35,1825;59094520;PONTA NEGRA;nao_aplicavel;3500,0;Média-Alta (R$ 3.000-4.999);SAS (Sistema Ari de Sá);confirmado;False
33135827;COLEGIO E CURSO PENSI;3304557;50,0;344;Outras posições;False;740,6806451612903;31,0;2,0;316,0;0,818;Poliedro;734,820487804878;41,0;737,3436111111109;5,860157356412287;Rio de Janeiro;RJ;0,8408;Rio de Janeiro;-22,91865;-43,23042;20271021;MARACANÃ;bairro;6000,0;Alta (≥ R$ 5.000);Sistema Eleva (Eleva Educação);confirmado;False
53016726;UNICO EDUCACIONAL;5300108;14,0;117;Outras posições;False;687,862625;320,0;3,0;885,0;0,818;Poliedro;683,704644549763;211,0;686,2103954802259;4,157980450237005;Brasília;DF;0,9278;Brasília;-15,81998256;-47,89286338;70200660;ASA SUL;nao_aplicavel;3000,0;Média-Alta (R$ 3.000-4.999);não identificado;provavel_proprio;False
31223883;COLEGIO ATENAS PASSOS;3147907;2,0;5;Desafiante (2º-5º local);False;665,362;20,0;4,0;105,0;0,818;Poliedro;651,8145454545455;22,0;658,2657142857144;13,547454545454457;Passos;MG;0,5509;Passos;-20,7209728;-46,6116432;37900049;CENTRO;nao_aplicavel;3300,0;Média-Alta (R$ 3.000-4.999);Objetivo;confirmado;False
41032039;MAXI C - EI EF;4113700;2,0;24;Desafiante (2º-5º local);False;651,8241666666667;80,0;5,0;289,0;0,818;Poliedro;643,5095505617977;89,0;647,4454635108481;8,314616104868946;Londrina;PR;0,8372;Londrina;-23,32906117;-51,1539421;86015000;PETROPOLIS;nao_aplicavel;6000,0;Alta (≥ R$ 5.000);Maxi (Cogna/SOMOS);confirmado;False
35802578;COLEGIO ARBOS - UNIDADE SAO BERNARDO DO CAMPO;3548708;3,0;33;Desafiante (2º-5º local);False;687,3654545454546;33,0;3,0;171,0;0,817;Poliedro;686,2124324324325;37,0;686,756;1,1530221130220752;São Bernardo do Campo;SP;0,8204;São Bernardo do Campo;-23,7092296;-46,5420616;9770080;NOVA PETROPOLIS;nao_aplicavel;4500,0;Média-Alta (R$ 3.000-4.999);próprio (Sistema Educacional Arbos);confirmado;False
15038483;COLEGIO SAO PAULO;1501402;7,0;65;Outras posições;False;640,2922916666666;64,0;5,0;192,0;0,817;Poliedro;641,0126086956521;46,0;640,5935151515151;-0,7203170289855052;Belém;PA;0,6935;Belém;-1,443309;-48,4673694;66085050;PEDREIRA;nao_aplicavel;2000,0;Média (R$ 1.800-2.999);próprio (material didático exclusivo);provavel_proprio;False
53011074;COL MARISTA JOAO PAULO II;5300108;15,0;117;Outras posições;False;665,0466666666666;65,0;4,0;262,0;0,817;Poliedro;638,5370909090909;55,0;652,8964444444445;26,509575757575703;Brasília;DF;0,9278;Brasília;-15,7819399;-47,8881862;70710700;ASA NORTE;nao_aplicavel;3000,0;Média-Alta (R$ 3.000-4.999);Marista (FTD, rede fechada);confirmado;False
35104917;SANTA CLARA COLEGIO;3550308;31,0;516;Outras posições;False;651,6766101694915;59,0;5,0;244,0;0,816;Poliedro;638,7958823529412;34,0;646,9675268817203;12,880727816550234;São Paulo;SP;0,8116;Alto de Pinheiros;-23,5471;-46,70095;5448030;VILA MADALENA;distrito;10000,0;Alta (≥ R$ 5.000);próprio (Colégio Franciscano Santa Clara);provavel_proprio;False
31229865;C EDUC SAO TOMAS DE AQUINO;3144805;3,0;8;Desafiante (2º-5º local);False;655,3774999999999;24,0;4,0;85,0;0,816;Poliedro;647,425806451613;31,0;650,8956363636363;7,95169354838697;Nova Lima;MG;0,843;Nova Lima;-19,9818;-43,85919;34000007;OLARIA;nao_aplicavel;2600,0;Média (R$ 1.800-2.999);Bernoulli;confirmado;False
33183139;INOVAR VEIGA DE ALMEIDA;3304557;51,0;344;Outras posições;False;640,264;10,0;5,0;56,0;0,816;Poliedro;599,7423529411765;17,0;614,7503703703704;40,52164705882353;Rio de Janeiro;RJ;0,8408;Rio de Janeiro;;;22631360;BARRA DA TIJUCA;bairro;10001,0;Alta (≥ R$ 5.000);próprio (Grupo Veiga de Almeida/UVA);provavel_proprio;False
35809159;OBJETIVO DE SAO JOSE DO RIO PRETO COLEGIO;3549805;4,0;28;Desafiante (2º-5º local);False;669,0973333333333;30,0;3,0;110,0;0,816;Poliedro;609,6976923076923;26,0;641,5189285714285;59,39964102564102;São José do Rio Preto;SP;0,8136;São José do Rio Preto;-20,8118652;-49,3685683;15013080;VILA ERCILIA;nao_aplicavel;2500,0;Média (R$ 1.800-2.999);Objetivo;confirmado;False
28017820;COLEGIO DO SALVADOR;2800308;7,0;43;Outras posições;False;664,8213333333333;25,0;4,0;123,0;0,816;Poliedro;639,9271428571428;14,0;655,8849572649573;24,894190476190488;Aracaju;SE;0,864;Aracaju;-10,94779165;-37,06487071;49026010;JARDINS;nao_aplicavel;13000,0;Alta (≥ R$ 5.000);Sistema Eleva (Eleva Educação/Grupo Salta);confirmado;False
29353556;ESCOLA MONTEIRO LOBATO SC LTDA;2903201;1,0;6;Líder local;False;651,4105263157895;19,0;5,0;67,0;0,816;Poliedro;613,5008695652174;23,0;630,6504761904762;37,90965675057214;Barreiras;BA;0,502;Barreiras;-12,1503;-45,00092;47807008;SÃO PAULO;nao_aplicavel;1215,0;Baixa (< R$ 1.800);Sistema Objetivo;confirmado;False
28037723;NUCLEO AVANCADO DE ENSINO G8 LTDA;2800308;8,0;43;Outras posições;False;686,3105555555555;36,0;3,0;143,0;0,815;Poliedro;683,7678571428571;28,0;685,198125;2,542698412698428;Aracaju;SE;0,864;Aracaju;;;49020350;SALGADO FILHO;nao_aplicavel;5500,0;Alta (≥ R$ 5.000);Sistema GGE de Ensino;confirmado;False
43023363;COLEGIO SAGRADO CORACAO DE JESUS;4302105;1,0;4;Líder local;False;645,6047272727274;55,0;5,0;209,0;0,815;Poliedro;649,9758490566038;53,0;647,749814814815;-4,371121783876447;Bento Gonçalves;RS;0,6837;Bento Gonçalves;-29,16979;-51,52354;95700318;CIDADE ALTA;nao_aplicavel;4750,0;Média-Alta (R$ 3.000-4.999);FTD + SM;confirmado;False
31041190;INST N SRA DO SAGRADO CORACAO;3122306;4,0;9;Desafiante (2º-5º local);False;664,5338461538462;13,0;4,0;78,0;0,815;Poliedro;658,6859999999999;20,0;660,9896969696969;5,847846153846263;Divinópolis;MG;0,7505;Divinópolis;-20,14171;-44,89084;35500011;CENTRO;nao_aplicavel;2000,0;Média (R$ 1.800-2.999);Poliedro;confirmado;True
53009940;COL PRESBITERIANO MACKENZIE - BRASILIA;5300108;16,0;117;Outras posições;False;651,1682539682539;63,0;5,0;275,0;0,815;Poliedro;650,529375;96,0;650,7825157232703;0,6388789682539482;Brasília;DF;0,9278;Brasília;-15,8502319;-47,8958826;71600610;SETOR DE HABITAÇÕES INDIVIDUAIS SUL;nao_aplicavel;3000,0;Média-Alta (R$ 3.000-4.999);Mackenzie;confirmado;False
35100420;IMPERATRIZ LEOPOLDINA COLEGIO;3550308;32,0;516;Outras posições;False;650,9724;50,0;5,0;224,0;0,815;Poliedro;642,6685714285715;63,0;646,3428318584072;8,30382857142854;São Paulo;SP;0,8116;Santana;-23,4911676;-46,6282262;2404000;SANTANA;distrito;5001,0;Alta (≥ R$ 5.000);Anglo (Cogna/SOMOS);confirmado;False
23165901;COLEGIO MODULO;2307304;2,0;7;Desafiante (2º-5º local);False;644,0148666666666;100,0;5,0;280,0;0,815;Poliedro;640,6533333333333;99,0;642,3425460636515;3,361533333333341;Juazeiro do Norte;CE;0,5184;Juazeiro do Norte;;;63010492;SÃO MIGUEL;nao_aplicavel;1212,0;Baixa (< R$ 1.800);Objetivo;confirmado;False
42028990;COLEGIO BOM JESUS DIOCESANO;4209300;1,0;5;Líder local;False;650,9183333333333;40,0;5,0;165,0;0,815;Poliedro;633,9062365591398;31,0;643,4905164319248;17,012096774193537;Lages;SC;0,5764;Lages;-27,81868318;-50,32646043;88502001;CENTRO;nao_aplicavel;4500,0;Média-Alta (R$ 3.000-4.999);Anglo;confirmado;False
33165998;COLEGIO PH;3303302;7,0;42;Outras posições;False;686,4499999999999;28,0;2,0;93,0;0,814;Poliedro;698,5838461538461;52,0;694,337;-12,133846153846209;Niterói;RJ;0,9692;Niterói;;;24350230;PIRATININGA;nao_aplicavel;3100,0;Média-Alta (R$ 3.000-4.999);pH (Cogna/SOMOS);confirmado;False
41131703;COLEGIO PASSIONISTA NOSSA SENHORA MENINA;4106902;8,0;69;Outras posições;False;650,8166666666667;28,0;5,0;93,0;0,814;Poliedro;645,836;20,0;648,741388888889;4,980666666666707;Curitiba;PR;0,8491;Curitiba;-25,41506;-49,25119;80035010;JUVEVÊ;nao_aplicavel;8000,0;Alta (≥ R$ 5.000);Poliedro;confirmado;True
35004369;COLEGIO PLANCK;3549904;3,0;27;Desafiante (2º-5º local);False;705,8138636363636;88,0;3,0;307,0;0,814;Poliedro;681,4313888888888;72,0;694,8417499999999;24,382474747474816;São José dos Campos;SP;0,9207;São José dos Campos;-23,22647869;-45,9114647;12240540;JARDIM ALVORADA;nao_aplicavel;2700,0;Média (R$ 1.800-2.999);SAS (Arco Educação);confirmado;False
43119964;COLEGIO DOM ALBERTO;4316808;3,0;5;Desafiante (2º-5º local);False;639,8389743589744;13,0;5,0;56,0;0,814;Poliedro;635,2853333333334;15,0;637,3995238095239;4,553641025641014;Santa Cruz do Sul;RS;0,4392;Santa Cruz do Sul;-29,71948;-52,42637;96810054;CENTRO;nao_aplicavel;4000,0;Média-Alta (R$ 3.000-4.999);Anglo (Cogna/SOMOS);confirmado;False
33055947;COLEGIO SALESIANO SANTA ROSA;3303302;8,0;42;Outras posições;False;643,9246987951807;83,0;5,0;316,0;0,814;Poliedro;637,7101010101011;99,0;640,5442307692309;6,214597785079604;Niterói;RJ;0,9692;Niterói;-22,90166;-43,09951;24240225;SANTA ROSA;nao_aplicavel;5575,0;Alta (≥ R$ 5.000);Girolhar/EDB (rede salesiana);confirmado;False
52097587;COLEGIO ATRIO;5208707;14,0;68;Outras posições;False;650,807037037037;72,0;5,0;374,0;0,814;Poliedro;660,7760919540231;58,0;655,2547692307692;-9,96905491698601;Goiânia;GO;0,9482;Goiânia;-16,7050461;-49,2733711;74210240;SETOR BUENO;nao_aplicavel;2500,0;Média (R$ 1.800-2.999);SAS (Arco Educação);confirmado;False
33159637;GRUPO EDUCACIONAL MOPI LTDA - UNIDADE ITANHANGA;3304557;52,0;344;Outras posições;False;654,9810526315789;19,0;4,0;87,0;0,814;Poliedro;607,8447619047619;21,0;630,2344999999999;47,13629072681704;Rio de Janeiro;RJ;0,8408;Rio de Janeiro;-22,99114;-43,30185;22641040;ITANHANGÁ;bairro;1800,0;Média (R$ 1.800-2.999);próprio (currículo bilíngue institucional);provavel_proprio;False
35441995;FOUR C BILINGUAL ACADEMY;3506003;2,0;20;Desafiante (2º-5º local);False;650,7317647058824;17,0;5,0;86,0;0,814;Poliedro;649,7076923076924;13,0;650,288;1,0240723981900146;Bauru;SP;0,7441;Bauru;-22,3663504;-49,0564148;17018520;VILA AVIACAO;nao_aplicavel;2400,0;Média (R$ 1.800-2.999);próprio (currículo internacional — Harvard Project Zero);confirmado;False
31123536;COLEGIO NOSSA SENHORA DAS GRACAS;3148004;1,0;5;Líder local;False;650,7261728395061;27,0;5,0;118,0;0,814;Poliedro;669,3035294117647;34,0;661,0807650273224;-18,57735657225851;Patos de Minas;MG;0,7276;Patos de Minas;-18,5873843;-46,5166484;38700124;CENTRO;nao_aplicavel;3600,0;Média-Alta (R$ 3.000-4.999);Sistema Positivo de Ensino (SPE);confirmado;False
26122090;COLEGIO PRESBITERIANO AGNES ERSKINE;2611606;14,0;76;Outras posições;False;639,6625490196079;68,0;5,0;236,0;0,813;Poliedro;622,7737931034483;58,0;631,8883597883598;16,888755916159653;Recife;PE;0,9162;Recife;-8,04688796;-34,90074134;52011040;GRAÇAS;nao_aplicavel;10000,0;Alta (≥ R$ 5.000);não identificado;provavel_proprio;False
35186429;EINSTEIN COLEGIO;3543402;6,0;38;Outras posições;False;663,7739233038349;113,0;4,0;459,0;0,813;Poliedro;659,0742322097378;89,0;661,7032673267327;4,699691094097034;Ribeirão Preto;SP;0,9014;Ribeirão Preto;-21,2138905;-47,8210107;14026040;JARDIM CALIFORNIA;nao_aplicavel;2500,0;Média (R$ 1.800-2.999);próprio (currículo institucional);provavel_proprio;False
26193957;COLEGIO GGE;2611101;2,0;10;Desafiante (2º-5º local);False;656,2808163265306;49,0;4,0;220,0;0,813;Poliedro;;;656,2808163265306;;Petrolina;PE;0,5578;Petrolina;;;56328020;VILA EDUARDO;nao_aplicavel;1400,0;Baixa (< R$ 1.800);próprio (Sistema GGE — Coleção Mundus);confirmado;False
35299789;ADV COLEGIO UNIDADE II;3525300;2,0;10;Desafiante (2º-5º local);False;655,5729411764705;34,0;4,0;158,0;0,812;Poliedro;675,6038461538462;26,0;664,2529999999999;-20,030904977375712;Jaú;SP;0,6541;Jaú;-22,2883775;-48,5472655;17210180;VILA ASSIS;nao_aplicavel;2100,0;Média (R$ 1.800-2.999);Poliedro;confirmado;True
50005405;COLEGIO MARISTA ALEXANDER FLEMING;5002704;3,0;31;Desafiante (2º-5º local);False;662,752972972973;74,0;4,0;277,0;0,811;Poliedro;655,5445679012346;54,0;659,7119270833334;7,208405071738412;Campo Grande;MS;0,789;Campo Grande;-20,4481333;-54,591445;79022340;VILA GOMES;nao_aplicavel;2000,0;Média (R$ 1.800-2.999);Marista (FTD, rede fechada);confirmado;False
12010936;ESC CENTRO EDUCACIONAL E CULTURAL - META;1200401;3,0;10;Desafiante (2º-5º local);False;655,4070085470086;117,0;4,0;331,0;0,811;Poliedro;641,9101030927835;97,0;649,2892523364486;13,496905454225043;Rio Branco;AC;0,6009;Rio Branco;-9,9711699;-67,8262699;69918044;ABRAÃO ALAB;nao_aplicavel;1300,0;Baixa (< R$ 1.800);Positivo (Arco Educação);confirmado;False
31305235;COL POTENCIA;3118304;2,0;4;Desafiante (2º-5º local);False;649,8050000000001;44,0;5,0;130,0;0,811;Poliedro;618,213488372093;43,0;634,1908045977012;31,59151162790704;Conselheiro Lafaiete;MG;0,5695;Conselheiro Lafaiete;-20,6567556;-43,7937611;36400093;CAMPO ALEGRE;nao_aplicavel;2000,0;Média (R$ 1.800-2.999);Bernoulli;confirmado;False
21500002;COLEGIO DOM BOSCO BALSAS;2101400;1,0;5;Líder local;False;660,349268292683;41,0;4,0;196,0;0,81;Poliedro;651,089;40,0;655,7762962962963;9,260268292682897;Balsas;MA;0,3612;Balsas;-7,530894661;-46,03384255;65800000;CENTRO;nao_aplicavel;1250,0;Baixa (< R$ 1.800);SAE Digital;confirmado;False
22310762;CEV COLEGIO;2211001;16,0;52;Outras posições;False;669,9781526104418;83,0;2,0;278,0;0,81;Poliedro;634,7185542168675;83,0;652,3483534136546;35,25959839357438;Teresina;PI;0,7817;Teresina;-5,084771;-42,79978;64000020;CENTRO;nao_aplicavel;3000,0;Média-Alta (R$ 3.000-4.999);próprio (Sistema CEV de Ensino);confirmado;False
26108585;COLEGIO DIVINO MESTRE;2607901;2,0;22;Desafiante (2º-5º local);False;644,2056;25,0;5,0;103,0;0,81;Poliedro;637,755;28,0;640,7977358490566;6,4506000000000085;Jaboatão dos Guararapes;PE;0,4671;Jaboatão dos Guararapes;-8,18851641;-34,92064176;54420220;PIEDADE;nao_aplicavel;2000,0;Média (R$ 1.800-2.999);pH (Cogna/SOMOS);confirmado;False
35139178;COLEGIO ARBOS;3547809;2,0;36;Desafiante (2º-5º local);False;699,2955555555556;54,0;3,0;309,0;0,81;Poliedro;685,2753333333333;70,0;691,3809139784946;14,020222222222287;Santo André;SP;0,7874;Santo André;-23,6511151;-46,5330765;9090710;JARDIM;nao_aplicavel;10000,0;Alta (≥ R$ 5.000);SAS (Arco Educação);confirmado;False
24057096;COLEGIO NOSSA SENHORA DAS NEVES;2408102;13,0;48;Outras posições;False;644,0230379746836;79,0;5,0;271,0;0,81;Poliedro;630,3827450980392;119,0;635,8250841750842;13,640292876644368;Natal;RN;0,8531;Natal;-5,793281;-35,21207;59030000;ALECRIM;nao_aplicavel;1500,0;Baixa (< R$ 1.800);próprio (material didático personalizado, Rede PRONEVES);provavel_proprio;False
53019733;COL FLEMING ASA SUL;5300108;17,0;117;Outras posições;False;682,2047619047619;21,0;2,0;51,0;0,81;Poliedro;667,2181333333334;50,0;671,6507981220657;14,986628571428469;Brasília;DF;0,9278;Brasília;;;70200660;ASA SUL;nao_aplicavel;3000,0;Média-Alta (R$ 3.000-4.999);próprio (Fleming Educação);provavel_proprio;False
52059383;COLEGIO ZENITE;5211503;1,0;5;Líder local;False;662,1175000000001;16,0;4,0;82,0;0,81;Poliedro;686,8722222222221;18,0;675,2229411764706;-24,754722222222085;Itumbiara;GO;0,5982;Itumbiara;-18,421983;-49,2164023;75503030;CENTRO;nao_aplicavel;2000,0;Média (R$ 1.800-2.999);Sistema Objetivo;confirmado;False
31170461;COLEGIO RESSURREICAO NOSSA SENHORA;3170206;6,0;21;Outras posições;False;661,9100000000001;10,0;4,0;29,0;0,809;Poliedro;635,9988235294118;17,0;645,5955555555556;25,91117647058832;Uberlândia;MG;0,8643;Uberlândia;-18,92482;-48,28493;38400218;FUNDINHO;nao_aplicavel;5000,0;Alta (≥ R$ 5.000);FTD;confirmado;False
51028646;INST PRESBITERIANO EDUCACAO SIMONTON;5107958;1,0;4;Líder local;False;661,8644444444444;27,0;4,0;120,0;0,809;Poliedro;646,3539999999999;30,0;653,7010526315789;15,510444444444488;Tangará da Serra;MT;0,5566;Tangará da Serra;-14,60997243;-57,49477356;78302050;JARDIM TANAKA;nao_aplicavel;2000,0;Média (R$ 1.800-2.999);não identificado;provavel_proprio;False
43043720;COLEGIO SAO JOSE;4305108;1,0;12;Líder local;False;643,934375;64,0;5,0;275,0;0,809;Poliedro;653,796704980843;87,0;649,6166445916116;-9,8623299808429;Caxias do Sul;RS;0,7797;Caxias do Sul;-29,16998402;-51,1803606;95020472;CENTRO;nao_aplicavel;3500,0;Média-Alta (R$ 3.000-4.999);Anglo;confirmado;False
42011620;COLEGIO SAO BENTO;4204608;2,0;11;Desafiante (2º-5º local);False;661,6150617283951;81,0;4,0;304,0;0,808;Poliedro;661,9852736318409;67,0;661,7826576576578;-0,3702119034458064;Criciúma;SC;0,6209;Criciúma;-28,6760626;-49,3679059;88801440;CENTRO;nao_aplicavel;5000,0;Alta (≥ R$ 5.000);Anglo (Cogna/SOMOS);confirmado;False
25120298;CENTRO PESSOENSE DE EDUCACAO - COLEGIO MOTIVA;2507507;8,0;55;Outras posições;False;696,4284099616858;348,0;1,0;1186,0;0,808;Poliedro;701,7106249999999;224,0;698,4969696969697;-5,282215038314121;João Pessoa;PB;0,8675;João Pessoa;-7,117138;-34,83707;58032090;MIRAMAR;nao_aplicavel;6000,0;Alta (≥ R$ 5.000);próprio (Colégio Motiva, marca institucional);provavel_proprio;False
35125441;EDUCATIVA INSTITUTO DE EDUCACAO E CULTURA;3548906;2,0;15;Desafiante (2º-5º local);False;669,8936;25,0;4,0;103,0;0,808;Poliedro;678,6616216216216;37,0;675,1261290322581;-8,768021621621642;São Carlos;SP;0,8182;São Carlos;-22,026353;-47,8700554;13571150;AZULVILLE I;nao_aplicavel;2925,0;Média (R$ 1.800-2.999);próprio;confirmado;False
35142612;SINGULAR COLEGIO;3548708;4,0;33;Desafiante (2º-5º local);False;653,1620454545455;88,0;4,0;261,0;0,808;Poliedro;629,1690909090909;66,0;642,8793506493506;23,99295454545461;São Bernardo do Campo;SP;0,8204;São Bernardo do Campo;-23,693234;-46,5474004;9751030;BAETA NEVES;nao_aplicavel;2600,0;Média (R$ 1.800-2.999);Anglo (Cogna/SOMOS);confirmado;False
53015010;ESCOLA CANADENSE DE BRASILIA;5300108;18,0;117;Outras posições;False;654,8383333333333;12,0;4,0;94,0;0,808;Poliedro;608,9745454545455;11,0;632,9034782608695;45,863787878787775;Brasília;DF;0,9278;Brasília;-15,796218;-47,9148365;70610480;ZONA INDUSTRIAL;nao_aplicavel;3000,0;Média-Alta (R$ 3.000-4.999);próprio (currículo internacional/IB canadense);provavel_proprio;False
35112902;RIO BRANCO COLEGIO;3509502;3,0;47;Desafiante (2º-5º local);False;648,4338235294117;68,0;5,0;278,0;0,807;Poliedro;675,7802116402116;63,0;661,5851399491095;-27,34638811079992;Campinas;SP;0,82;Barão Geraldo;-22,8270509;-47,0750572;13084140;BARAO GERALDO;nao_aplicavel;4000,0;Média-Alta (R$ 3.000-4.999);COC (Arco Educação);confirmado;False
35104711;ESCOLA ALEF PERETZ;3550308;33,0;516;Outras posições;False;660,7702666666668;50,0;4,0;183,0;0,807;Poliedro;629,5758974358974;39,0;647,1008239700375;31,194369230769325;São Paulo;SP;0,8116;Pinheiros;-23,579289;-46,6909204;1455070;JARDIM EUROPA;distrito;10000,0;Alta (≥ R$ 5.000);próprio (currículo institucional, comunidade judaica);provavel_proprio;False
29277744;COLEGIO NOSSA SENHORA DE FATIMA - SACRAMENTINAS;2933307;2,0;14;Desafiante (2º-5º local);False;643,5203652968036;146,0;5,0;514,0;0,807;Poliedro;647,7870866141733;127,0;645,5052503052502;-4,266721317369729;Vitória da Conquista;BA;0,5552;Vitória da Conquista;-14,85954;-40,83057;45028050;CANDEIAS;nao_aplicavel;4000,0;Média-Alta (R$ 3.000-4.999);não identificado;provavel_proprio;False
31378496;COLEGIO GENOMA II;3168606;1,0;4;Líder local;False;679,6507575757576;44,0;2,0;111,0;0,806;Poliedro;680,5333333333333;33,0;680,0290043290042;-0,8825757575757507;Teófilo Otoni;MG;0,5313;Teófilo Otoni;;;39803087;DOUTOR LAERTE LAENDER;nao_aplicavel;4000,0;Média-Alta (R$ 3.000-4.999);COC;confirmado;False
29477271;CURSO E COLEGIO LEFFLER;2927408;11,0;90;Outras posições;False;678,2965217391304;46,0;3,0;128,0;0,806;Poliedro;681,8895652173912;69,0;680,4523478260869;-3,5930434782608245;Salvador;BA;0,7909;Salvador;-12,98899419;-38,45558079;41820500;CAMINHO DAS ÁRVORES;nao_aplicavel;10000,0;Alta (≥ R$ 5.000);Poliedro;confirmado;True
35004304;ESCOLA CONCEPT;3543402;7,0;38;Outras posições;False;665,0138461538462;13,0;3,0;59,0;0,806;Poliedro;;;665,0138461538462;;Ribeirão Preto;SP;0,9014;Ribeirão Preto;-21,2357744;-47,836821;14027250;VILA DO GOLF;nao_aplicavel;2500,0;Média (R$ 1.800-2.999);próprio (currículo internacional, Grupo SEB);provavel_proprio;False
24083550;CENTRO DE EDUCACAO INTEGRADA ZONA SUL LTDA;2403251;2,0;13;Desafiante (2º-5º local);False;641,7656716417911;67,0;5,0;276,0;0,806;Poliedro;623,0138505747127;58,0;633,0648266666667;18,751821067078367;Parnamirim;RN;0,7723;Parnamirim;-5,8787232;-35,2169731;59152600;NOVA PARNAMIRIM;nao_aplicavel;3500,0;Média-Alta (R$ 3.000-4.999);Eleva;confirmado;False
33063710;COLEGIO SANTO ANTONIO MARIA ZACCARIA;3304557;53,0;344;Outras posições;False;643,1833333333333;18,0;5,0;52,0;0,805;Poliedro;661,2312499999999;16,0;651,6764705882352;-18,04791666666665;Rio de Janeiro;RJ;0,8408;Rio de Janeiro;-22,92457;-43,17645;22220000;CATETE;bairro;4000,0;Média-Alta (R$ 3.000-4.999);próprio (currículo institucional confessional);provavel_proprio;False
35170331;SAO CARLOS INSTITUTO EDUCACAO DE ENSINO FUNDAMENTAL E MEDIO;3548906;3,0;15;Desafiante (2º-5º local);False;660,3584;25,0;4,0;243,0;0,805;Poliedro;683,3069230769231;26,0;672,0576470588236;-22,948523076923152;São Carlos;SP;0,8182;São Carlos;-22,0194217;-47,8853564;13560642;JARDIM SAO CARLOS;nao_aplicavel;2925,0;Média (R$ 1.800-2.999);Objetivo;confirmado;False
22144412;CENTRO EDUCACIONAL CONTEXTO;2207702;2,0;11;Desafiante (2º-5º local);False;664,9772549019608;51,0;3,0;173,0;0,805;Poliedro;652,5654545454546;44,0;659,2286315789473;12,411800356506204;Parnaíba;PI;0,4866;Parnaíba;;;64202020;NOSSA SENHORA DE FÁTIMA;nao_aplicavel;1212,0;Baixa (< R$ 1.800);Farias Brito (SFB);confirmado;False
28031563;COLEGIO MAGNUS;2802908;1,0;6;Líder local;False;660,2406779661017;59,0;4,0;284,0;0,805;Poliedro;665,7418279569893;62,0;663,0594490358127;-5,501149990887598;Itabaiana;SE;0,4399;Itabaiana;-10,68958178;-37,43403142;49506153;ROTARY CLUB DE ITABAIANA;nao_aplicavel;1212,0;Baixa (< R$ 1.800);Anglo (Cogna/SOMOS);confirmado;False
35430146;MAPLE BEAR CANADIAN SCHOOL MOGI DAS CRUZES;3530607;1,0;24;Líder local;False;677,904;10,0;3,0;67,0;0,805;Poliedro;652,84;11,0;664,7752380952381;25,063999999999965;Mogi das Cruzes;SP;0,7296;Mogi das Cruzes;-23,5261349;-46,1709325;8790510;VILA OLIVEIRA;nao_aplicavel;2700,0;Média (R$ 1.800-2.999);Maple Bear (Programa Canadense, franquia);confirmado;False
33100977;LICEU MOLIERE;3304557;54,0;344;Outras posições;False;648,0636363636363;11,0;5,0;125,0;0,805;Poliedro;577,3272727272728;11,0;612,6954545454545;70,73636363636354;Rio de Janeiro;RJ;0,8408;Rio de Janeiro;-22,93043;-43,19081;22221140;LARANJEIRAS;bairro;8000,0;Alta (≥ R$ 5.000);próprio (currículo francês, Lycée International Français Molière);provavel_proprio;False
29093643;COLEGIO SANTO ANTONIO;2910800;4,0;21;Desafiante (2º-5º local);False;648,0166666666667;48,0;5,0;223,0;0,805;Poliedro;641,8096296296296;36,0;645,356507936508;6,207037037037026;Feira de Santana;BA;0,6655;Feira de Santana;-12,26287;-38,94687;44076160;CAPUCHINHOS;nao_aplicavel;2500,0;Média (R$ 1.800-2.999);Anglo (Cogna/SOMOS);confirmado;False
52097676;COLEGIO SIMBIOS;5208707;15,0;68;Outras posições;False;674,4309186351707;127,0;3,0;428,0;0,804;Poliedro;685,4803111111111;150,0;680,4143441636581;-11,049392475940408;Goiânia;GO;0,9482;Goiânia;-16,702436;-49,2749888;74215220;SETOR BUENO;nao_aplicavel;2500,0;Média (R$ 1.800-2.999);próprio (material institucional + Plataforma A+ complementar);provavel_proprio;False
53019393;COL EVEREST BRASILIA II;5300108;19,0;117;Outras posições;False;652,0921637426901;57,0;4,0;185,0;0,803;Poliedro;631,1507070707071;33,0;644,4136296296297;20,94145667198302;Brasília;DF;0,9278;Brasília;;;71645600;SETOR DE HABITAÇÕES INDIVIDUAIS SUL;nao_aplicavel;3000,0;Média-Alta (R$ 3.000-4.999);próprio (Rede Semper Altius / Regnum Christi);provavel_proprio;False
53007050;COL LA SALLE AGUAS CLARAS;5300108;19,0;117;Outras posições;False;647,6837908496733;102,0;5,0;347,0;0,803;Poliedro;638,9617901234568;108,0;643,1981904761905;8,722000726216493;Brasília;DF;0,9278;Brasília;-15,8274151;-48,0139769;71901110;NORTE (AGUAS CLARAS);nao_aplicavel;3000,0;Média-Alta (R$ 3.000-4.999);não identificado;nao_identificado;False
35141392;DRUMMOND COLEGIO;3534708;1,0;7;Líder local;False;700,1191666666667;24,0;2,0;65,0;0,803;Poliedro;695,4833333333333;18,0;698,132380952381;4,63583333333338;Ourinhos;SP;0,5787;Ourinhos;-22,9768645;-49,8965041;19901560;JARDIM MATILDE;nao_aplicavel;2000,0;Média (R$ 1.800-2.999);não identificado;nao_identificado;False
35144034;GIBRAN KHALIL GIBRAN COLEGIO;3552809;1,0;12;Líder local;False;667,4784999999999;40,0;4,0;161,0;0,803;Poliedro;667,0891891891891;37,0;667,2914285714286;0,3893108108107981;Taboão da Serra;SP;0,5065;Taboão da Serra;-23,605374;-46,7576019;6754110;PARQUE ASSUNCAO;nao_aplicavel;2000,0;Média (R$ 1.800-2.999);Sistema Etapa;confirmado;False
43216870;COLEGIO TOTEM SANTA MARIA;4316907;1,0;12;Líder local;False;666,1971428571428;21,0;3,0;83,0;0,803;Poliedro;657,7284848484849;33,0;661,0218518518518;8,46865800865794;Santa Maria;RS;0,809;Santa Maria;;;97070480;URLÂNDIA;nao_aplicavel;1800,0;Média (R$ 1.800-2.999);próprio (material institucional, marca Totem);provavel_proprio;False
35152729;PETROPOLIS COLEGIO;3548708;5,0;33;Desafiante (2º-5º local);False;659,2620792079208;101,0;4,0;309,0;0,803;Poliedro;659,3820454545455;88,0;659,3179365079365;-0,1199662466246991;São Bernardo do Campo;SP;0,8204;São Bernardo do Campo;-23,7021635;-46,5442149;9771001;NOVA PETROPOLIS;nao_aplicavel;4500,0;Média-Alta (R$ 3.000-4.999);Etapa;confirmado;False
52109585;COLEGIO COPE NEXUS FILIAL;5201108;3,0;11;Desafiante (2º-5º local);False;692,0964285714286;28,0;3,0;104,0;0,802;Poliedro;669,0519191919192;33,0;679,6297267759562;23,044509379509464;Anápolis;GO;0,6936;Anápolis;;;75024970;CENTRO;nao_aplicavel;2000,0;Média (R$ 1.800-2.999);próprio (Sistema COPE);confirmado;False
35112896;DOM BARRETO COLEGIO;3509502;4,0;47;Desafiante (2º-5º local);False;642,1259903381643;69,0;5,0;200,0;0,802;Poliedro;642,6641379310345;58,0;642,3717585301837;-0,538147592870132;Campinas;SP;0,82;Campinas;-22,91906962;-47,05331879;13041670;PONTE PRETA;nao_aplicavel;3000,0;Média-Alta (R$ 3.000-4.999);livro didático avulso (Editora Moderna);confirmado;False
29480310;CENTRO EDUCACIONAL PLATAFORMA LTDA;2928703;1,0;6;Líder local;False;659,1446296296295;36,0;4,0;112,0;0,802;Poliedro;624,1041666666666;24,0;645,1284444444444;35,04046296296292;Santo Antônio de Jesus;BA;0,4136;Santo Antônio de Jesus;;;44430198;CENTRO;nao_aplicavel;1212,0;Baixa (< R$ 1.800);não identificado;nao_identificado;False
35004801;COLEGIO ANGLO SAO PAULO;3550308;34,0;516;Outras posições;False;677,174606741573;89,0;2,0;328,0;0,802;Poliedro;;;677,174606741573;;São Paulo;SP;0,8116;Vila Mariana;-23,549561;-46,654626;4037020;VILA CLEMENTINO;distrito;9600,0;Alta (≥ R$ 5.000);Anglo (Cogna/SOMOS);confirmado;False
15577740;E E F M ALVORADA;1504208;2,0;9;Desafiante (2º-5º local);False;646,245625;32,0;4,0;112,0;0,802;Poliedro;640,05;26,0;643,468275862069;6,195625000000064;Marabá;PA;0,5206;Marabá;-5,36385182;-49,11879614;68503590;NOVO HORIZONTE;nao_aplicavel;1300,0;Baixa (< R$ 1.800);Bernoulli;confirmado;False
15172287;PHYSICS COLEGIO E CURSO;1501402;8,0;65;Outras posições;False;741,6864705882354;34,0;1,0;134,0;0,801;Poliedro;621,7261111111111;36,0;679,9925714285715;119,96035947712426;Belém;PA;0,6935;Belém;-1,45755768;-48,48746391;66065205;CREMACAO;nao_aplicavel;2000,0;Média (R$ 1.800-2.999);próprio (Rede Physics, material institucional);provavel_proprio;False
26190451;COLEGIO GGE;2611606;15,0;76;Outras posições;False;676,2941158059468;213,0;3,0;586,0;0,801;Poliedro;650,1923664122137;131,0;666,3542054263567;26,101749393733144;Recife;PE;0,9162;Recife;-8,03247093;-34,9099559;52060145;PARNAMIRIM;nao_aplicavel;10000,0;Alta (≥ R$ 5.000);próprio (Sistema GGE de Ensino);confirmado;False
35140065;INSTITUTO EDUCACIONAL IGUATEMY ESCOLA DE EI EF E EM;3549904;4,0;27;Desafiante (2º-5º local);False;697,0335483870969;31,0;2,0;104,0;0,801;Poliedro;684,565625;32,0;690,7006349206349;12,467923387096905;São José dos Campos;SP;0,9207;São José dos Campos;-23,19625037;-45,8924354;12243630;VILA ADYANA;nao_aplicavel;2700,0;Média (R$ 1.800-2.999);Etapa;confirmado;False
35120637;PADRE ANCHIETA COLEGIO;3534401;2,0;31;Desafiante (2º-5º local);False;652,4505882352942;17,0;5,0;93,0;0,801;Poliedro;623,3014814814815;27,0;634,5636363636363;29,149106753812703;Osasco;SP;0,6495;Osasco;-23,52766961;-46,77986554;6097050;CENTRO;nao_aplicavel;5001,0;Alta (≥ R$ 5.000);Anglo (Cogna/SOMOS);confirmado;False
13032020;LAVINIENSE ENSINO INTEGRADO E CE PINGO DE GENTE;1302603;6,0;49;Outras posições;False;651,6761666666666;40,0;4,0;203,0;0,801;Poliedro;684,0430303030303;33,0;666,3077625570776;-32,36686363636363;Manaus;AM;0,5729;Manaus;;;69057062;ADRIANOPOLIS;nao_aplicavel;8000,0;Alta (≥ R$ 5.000);próprio (Cognita Schools);provavel_proprio;False
35175572;POLIEDRO COLEGIO;3549904;5,0;27;Desafiante (2º-5º local);True;689,8837242128122;307,0;3,0;1009,0;0,801;Poliedro;688,836564102564;260,0;689,403544973545;1,0471601102482282;São José dos Campos;SP;0,9207;São José dos Campos;-23,20395167;-45,90922667;12242500;JARDIM ESPLANADA;nao_aplicavel;2700,0;Média (R$ 1.800-2.999);Poliedro;confirmado;True
31382655;COLEGIO GABARITO - UNIDADE II;3170107;4,0;13;Desafiante (2º-5º local);False;640,9443137254902;68,0;5,0;75,0;0,801;Poliedro;667,9603225806452;124,0;658,3921527777778;-27,01600885515495;Uberaba;MG;0,7922;Uberaba;;;38050106;SANTA MARIA;nao_aplicavel;2900,0;Média (R$ 1.800-2.999);próprio (Sistema Gabarito);confirmado;False
29472440;COLEGIO E CURSO GAUSS;2903201;2,0;6;Desafiante (2º-5º local);False;658,5865306122449;98,0;4,0;299,0;0,8;Poliedro;666,2555172413793;58,0;661,4378205128205;-7,668986629134338;Barreiras;BA;0,502;Barreiras;;;47810053;MORADA NOBRE;nao_aplicavel;1215,0;Baixa (< R$ 1.800);Bernoulli;confirmado;False
35499067;INSPIRE COLEGIO;3549904;6,0;27;Outras posições;False;666,4417021276596;47,0;4,0;222,0;0,8;Poliedro;652,7173333333334;50,0;659,3672852233677;13,72436879432621;São José dos Campos;SP;0,9207;São José dos Campos;-23,19402322;-45,85900711;12220611;VILA TATETUBA;nao_aplicavel;2700,0;Média (R$ 1.800-2.999);próprio (material institucional);provavel_proprio;False
35140995;OBJETIVO JUNIOR COLEGIO;3554102;1,0;15;Líder local;False;696,3199999999999;31,0;2,0;102,0;0,8;Poliedro;688,59;14,0;693,9151111111112;7,729999999999904;Taubaté;SP;0,7911;Taubaté;-23,0274544;-45,5678421;12030200;JARDIM DAS NACOES;nao_aplicavel;2500,0;Média (R$ 1.800-2.999);Objetivo;confirmado;False
24057207;COMPLEXO EDUC HENRIQUE CASTRICIANO;2408102;14,0;48;Outras posições;False;636,503;60,0;5,0;154,0;0,8;Poliedro;661,9534615384616;52,0;648,3192857142858;-25,45046153846158;Natal;RN;0,8531;Natal;;;59014540;TIROL;nao_aplicavel;10000,0;Alta (≥ R$ 5.000);SAS (Arco Educação);confirmado;False
29342872;COLEGIO GENESIS;2910800;5,0;21;Desafiante (2º-5º local);False;658,4970666666667;75,0;4,0;256,0;0,8;Poliedro;656,6793103448275;87,0;657,5208641975308;1,8177563218391697;Feira de Santana;BA;0,6655;Feira de Santana;-12,2552;-38,94691;44075375;PONTO CENTRAL;nao_aplicavel;2000,0;Média (R$ 1.800-2.999);COC (Arco Educação);confirmado;False
35439599;PARQUE ECOLOGICO INSTITUTO EDUCACIONAL;3520509;2,0;12;Desafiante (2º-5º local);False;675,1053333333333;60,0;3,0;217,0;0,8;Poliedro;667,2421052631579;57,0;671,2745299145299;7,86322807017541;Indaiatuba;SP;0,794;Indaiatuba;-23,0801287;-47,2249389;13330680;VILA LOPES;nao_aplicavel;3000,0;Média-Alta (R$ 3.000-4.999);Objetivo;confirmado;False
31105902;COL N SRA DAS DORES;3131703;3,0;6;Desafiante (2º-5º local);False;641,7296296296297;27,0;5,0;143,0;0,8;Poliedro;633,5273015873016;21,0;638,1411111111112;8,202328042328077;Itabira;MG;0,5727;Itabira;-19,6162317;-43,2252371;35900064;PENHA;nao_aplicavel;2000,0;Média (R$ 1.800-2.999);Bernoulli;confirmado;False
27226115;COLEGIO MARIA MONTESSORI;2704302;5,0;63;Desafiante (2º-5º local);False;652,4950684931507;73,0;4,0;254,0;0,8;Poliedro;643,9679411764706;68,0;648,382695035461;8,527127316680094;Maceió;AL;0,6386;Maceió;-9,618964;-35,73278;57052635;GRUTA DE LOURDES;nao_aplicavel;5000,0;Alta (≥ R$ 5.000);FTD;confirmado;False
31290157;COL CHROMOS PAMPULHA;3106200;36,0;110;Outras posições;False;656,5686666666667;90,0;4,0;549,0;0,8;Poliedro;635,2194498381876;103,0;645,1750431778929;21,34921682847903;Belo Horizonte;MG;0,9738;Belo Horizonte;-19,8590615;-43,9612575;31275010;SAO JOSE;nao_aplicavel;8000,0;Alta (≥ R$ 5.000);próprio (material didático personalizado, Rede Chromos);provavel_proprio;False
33147450;COLEGIO ANGLO AMERICANO;3306305;3,0;12;Desafiante (2º-5º local);False;647,0076923076923;13,0;5,0;96,0;0,8;Poliedro;;;647,0076923076923;;Volta Redonda;RJ;0,7431;Volta Redonda;-22,50576938;-44,09362176;27215530;ATERRADO;nao_aplicavel;3600,0;Média-Alta (R$ 3.000-4.999);Anglo (Cogna/SOMOS);confirmado;False
53012941;COLEGIO CIMAN;5300108;21,0;117;Outras posições;False;640,6300483091787;69,0;5,0;271,0;0,799;Poliedro;623,4297267759563;61,0;632,5591282051282;17,20032153322245;Brasília;DF;0,9278;Brasília;-15,808186;-47,9401705;70660645;ÁREA OCTOGONAL;nao_aplicavel;3000,0;Média-Alta (R$ 3.000-4.999);próprio (material institucional, plataforma Ucim);provavel_proprio;False
35126974;OBJETIVO INTEGRADO DE MOGI DAS CRUZES COLEGIO;3530607;2,0;24;Desafiante (2º-5º local);False;730,297142857143;35,0;1,0;103,0;0,799;Poliedro;735,8112195121951;41,0;733,2718421052632;-5,514076655052122;Mogi das Cruzes;SP;0,7296;Mogi das Cruzes;-23,5260778;-46,2006445;8810000;VILA SUISSA;nao_aplicavel;2700,0;Média (R$ 1.800-2.999);Objetivo;confirmado;False
35388786;LICEU PORTINARI DE ENSINO MEDIO;3526902;1,0;15;Líder local;False;646,8820202020202;33,0;5,0;128,0;0,799;Poliedro;639,1632380952381;35,0;642,9091176470588;7,7187821067821;Limeira;SP;0,663;Limeira;-22,5510849;-47,4149963;13484270;JARDIM AQUARIUS;nao_aplicavel;2300,0;Média (R$ 1.800-2.999);próprio (pedagogia Freinetiana + Bilingual Program próprio);provavel_proprio;False
41127722;COLEGIO BOM JESUS ED INFANTIL ENSINO FUNDAMENTAL E MEDIO SEDE;4106902;9,0;69;Outras posições;False;646,758753894081;214,0;5,0;767,0;0,799;Poliedro;652,995824915825;198,0;649,7561812297733;-6,237071021743986;Curitiba;PR;0,8491;Curitiba;-25,43786945;-49,27350823;80230080;CENTRO;nao_aplicavel;4500,0;Média-Alta (R$ 3.000-4.999);próprio (Editora Bom Jesus);confirmado;False
51094061;COLEGIO MAXI;5103403;3,0;27;Desafiante (2º-5º local);False;652,2927477477477;148,0;4,0;490,0;0,799;Poliedro;655,7954913294798;173,0;654,1805192107995;-3,502743581732034;Cuiabá;MT;0,8046;Cuiabá;-15,5895021;-56,1045445;78043405;QUILOMBO;nao_aplicavel;7000,0;Alta (≥ R$ 5.000);Maxi (Cogna/SOMOS);confirmado;False
33066566;COLEGIO DA COMPANHIA DE SANTA TERESA DE JESUS RJ;3304557;55,0;344;Outras posições;False;636,3517948717949;39,0;5,0;136,0;0,799;Poliedro;650,77;24,0;641,8444444444444;-14,418205128205043;Rio de Janeiro;RJ;0,8408;Rio de Janeiro;-22,92205667;-43,22232333;20550010;TIJUCA;bairro;5500,0;Alta (≥ R$ 5.000);não identificado;provavel_proprio;False
29609607;COLEGIO PERFIL;2919207;2,0;8;Desafiante (2º-5º local);False;641,4872340425533;94,0;5,0;287,0;0,799;Poliedro;646,5994117647059;68,0;643,6330864197531;-5,112177722152637;Lauro de Freitas;BA;0,7809;Lauro de Freitas;;;42701650;PITANGUEIRAS;nao_aplicavel;5000,0;Alta (≥ R$ 5.000);Bernoulli;confirmado;False
33111642;COLEGIO SANTA MONICA - TAQUARA;3304557;56,0;344;Outras posições;False;658,0307142857143;28,0;4,0;127,0;0,799;Poliedro;647,58;32,0;652,457;10,450714285714298;Rio de Janeiro;RJ;0,8408;Rio de Janeiro;-22,92847199;-43,37465806;22710266;TAQUARA;bairro;3000,0;Média-Alta (R$ 3.000-4.999);Anglo;confirmado;False
31354600;COLEGIO BATISTA MINEIRO - UNIDADE ALPHAVILLE NOVA LIMA;3144805;4,0;8;Desafiante (2º-5º local);False;657,9550877192983;19,0;4,0;108,0;0,798;Poliedro;658,2583333333333;12,0;658,0724731182795;-0,3032456140350632;Nova Lima;MG;0,843;Nova Lima;-20,16262678;-43,95306455;34018006;ALPHAVILLE - LAGOA DOS INGLESES;nao_aplicavel;2600,0;Média (R$ 1.800-2.999);não identificado;provavel_proprio;False
22141251;INSTITUTO EDUCACIONAL SAO JOSE UNIDADE MOCAMBINHO;2211001;17,0;52;Outras posições;False;652,0964516129033;62,0;4,0;62,0;0,798;Poliedro;;;652,0964516129033;;Teresina;PI;0,7817;Teresina;;;64010150;MOCAMBINHO;nao_aplicavel;1703,0;Baixa (< R$ 1.800);Sistema Maxi de Ensino;confirmado;False
35102660;COLEGIO SANTO IVO;3550308;35,0;516;Outras posições;False;665,359696969697;22,0;4,0;109,0;0,798;Poliedro;652,316;25,0;658,421560283688;13,043696969696953;São Paulo;SP;0,8116;Lapa;-23,5244678;-46,718873;5080000;ALTO DA LAPA;distrito;7000,0;Alta (≥ R$ 5.000);próprio (currículo institucional bilíngue);provavel_proprio;False
31004511;COLEGIO SANTA RITA DE CASSIA;3106200;37,0;110;Outras posições;False;657,7455813953488;43,0;4,0;130,0;0,798;Poliedro;632,819349593496;41,0;645,5792063492064;24,92623180185285;Belo Horizonte;MG;0,9738;Belo Horizonte;-19,97851875;-44,01229489;30642000;BARREIRO;nao_aplicavel;3260,0;Média-Alta (R$ 3.000-4.999);SAS (Arco Educação);confirmado;False
31377759;COLEGUIUM - UNIDADE NOVA SUICA;3106200;37,0;110;Outras posições;False;661,694761904762;14,0;3,0;51,0;0,798;Poliedro;666,23;10,0;663,5844444444446;-4,535238095238015;Belo Horizonte;MG;0,9738;Belo Horizonte;;;30411535;CALAFATE;nao_aplicavel;4000,0;Média-Alta (R$ 3.000-4.999);próprio (Coleguium Rede de Ensino);confirmado;False
29181801;COLEGIO ANTONIO VIEIRA;2927408;12,0;90;Outras posições;False;646,0367957746479;284,0;5,0;990,0;0,797;Poliedro;650,6861092530658;299,0;648,4212635791881;-4,6493134784178665;Salvador;BA;0,7909;Salvador;-12,9926359;-38,5148176;40100000;GARCIA;nao_aplicavel;2000,0;Média (R$ 1.800-2.999);não identificado;provavel_proprio;False
15174476;COLEGIO INTEGRADO BELEM LTDA;1501402;9,0;65;Outras posições;False;644,6460215053764;62,0;4,0;236,0;0,797;Poliedro;662,0590058479532;114,0;655,9248863636363;-17,412984342576806;Belém;PA;0,6935;Belém;-1,45534735;-48,4889689;66060230;NAZARÉ;nao_aplicavel;7500,0;Alta (≥ R$ 5.000);não identificado;nao_identificado;False
35112768;FRANCISCANO AVE MARIA COLEGIO;3509502;5,0;47;Desafiante (2º-5º local);False;645,745;36,0;5,0;124,0;0,796;Poliedro;610,7847619047619;14,0;635,9561333333334;34,96023809523808;Campinas;SP;0,82;Campinas;-22,9121493;-47,0548271;13026099;BOSQUE;nao_aplicavel;3000,0;Média-Alta (R$ 3.000-4.999);não identificado;provavel_proprio;False
33031410;COL STA ANGELA;3304201;1,0;8;Líder local;False;641,1260759493671;79,0;5,0;320,0;0,796;Poliedro;635,6591967871486;83,0;638,3251440329218;5,466879162218447;Resende;RJ;0,701;Resende;-22,46888;-44,44671;27511070;CENTRO;nao_aplicavel;2845,0;Média (R$ 1.800-2.999);próprio (Rede Ursulina, currículo confessional);provavel_proprio;False
35286527;PROGRESSAO COLEGIO;3538006;1,0;7;Líder local;False;672,6621052631579;19,0;3,0;84,0;0,796;Poliedro;674,324126984127;21,0;673,5346666666667;-1,6620217209691646;Pindamonhangaba;SP;0,4853;Pindamonhangaba;-22,9404669;-45,4627028;12420500;ALTO DO CARDOSO;nao_aplicavel;2000,0;Média (R$ 1.800-2.999);Poliedro;confirmado;True
43105084;COL LA SALLE SANTO ANTONIO;4314902;16,0;61;Outras posições;False;651,700594059406;101,0;4,0;376,0;0,796;Poliedro;657,4232323232324;99,0;654,5333;-5,722638263826411;Porto Alegre;RS;0,9276;Porto Alegre;-30,05547236;-51,20160538;90620150;SANTO ANTÔNIO;nao_aplicavel;4000,0;Média-Alta (R$ 3.000-4.999);não identificado;nao_identificado;False
31343781;COLEGIO VALE DO SAPUCAI;3152501;4,0;10;Desafiante (2º-5º local);False;651,6799074074074;72,0;4,0;261,0;0,796;Poliedro;655,445925925926;54,0;653,2939153439154;-3,766018518518536;Pouso Alegre;MG;0,726;Pouso Alegre;-22,2198427;-45,9150259;37554210;FÁTIMA I;nao_aplicavel;2000,0;Média (R$ 1.800-2.999);Anglo (Cogna/SOMOS);confirmado;False
52054241;COLEGIO COOPEN;5218805;1,0;7;Líder local;False;640,9538888888889;24,0;5,0;188,0;0,796;Poliedro;632,7475000000001;16,0;637,6713333333333;8,206388888888796;Rio Verde;GO;0,6832;Rio Verde;-17,81518435;-50,94115038;75907160;PARQUE SOLAR DO AGRESTE B;nao_aplicavel;2000,0;Média (R$ 1.800-2.999);próprio (Cooperativa de Ensino de Rio Verde);provavel_proprio;False
43210643;COLEGIO GABARITO CANOAS;4304606;1,0;10;Líder local;False;644,3430894308943;41,0;4,0;124,0;0,796;Poliedro;630,0858156028369;47,0;636,7284090909092;14,257273828057464;Canoas;RS;0,7184;Canoas;-29,91131;-51,18415;92310300;CENTRO;nao_aplicavel;5000,0;Alta (≥ R$ 5.000);próprio (Gabarito Educação);provavel_proprio;False
33029490;COLEGIO VERBO DIVINO;3300407;1,0;4;Líder local;False;645,2125252525252;66,0;5,0;221,0;0,795;Poliedro;665,9825641025641;78,0;656,4629629629629;-20,770038850038876;Barra Mansa;RJ;0,2796;Barra Mansa;-22,54476619;-44,17656644;27345360;VERBO DIVINO;nao_aplicavel;5000,0;Alta (≥ R$ 5.000);não identificado;nao_identificado;False
35563006;ETAPA III COLEGIO;3550308;36,0;516;Outras posições;False;762,2793333333334;30,0;0,0;61,0;0,795;Poliedro;743,8776190476191;42,0;751,5450000000001;18,40171428571432;São Paulo;SP;0,8116;Vila Mariana;-23,5791223;-46,6389331;4105001;VILA MARIANA;distrito;9600,0;Alta (≥ R$ 5.000);Etapa;confirmado;False
33166927;COLEGIO APROVADO;3302403;2,0;11;Desafiante (2º-5º local);False;671,885172413793;58,0;3,0;173,0;0,795;Poliedro;658,2167708333334;64,0;664,7148633879781;13,668401580459658;Macaé;RJ;0,7161;Macaé;-22,40282328;-41,81313492;27930045;GRANJA DOS CAVALEIROS;nao_aplicavel;3000,0;Média-Alta (R$ 3.000-4.999);Poliedro;confirmado;True
27227189;COLEGIO DE EDUCACAO BASICA SANTA ESMERALDA;2700300;3,0;15;Desafiante (2º-5º local);False;645,1627272727272;66,0;5,0;189,0;0,794;Poliedro;631,8635616438356;73,0;638,178273381295;13,299165628891616;Arapiraca;AL;0,5023;Arapiraca;-9,755405;-36,652085;57313170;BRASILIA;nao_aplicavel;1212,0;Baixa (< R$ 1.800);SAS (Arco Educação);confirmado;False
33149780;SISTEMA ELITE DE ENSINO;3304557;57,0;344;Outras posições;False;690,0099999999999;12,0;2,0;329,0;0,794;Poliedro;731,0100000000001;12,0;710,5099999999999;-41,00000000000023;Rio de Janeiro;RJ;0,8408;Rio de Janeiro;-22,87693595;-43,34160517;21310150;MADUREIRA;bairro;2000,0;Média (R$ 1.800-2.999);próprio (Elite Rede de Ensino, Grupo Salta);provavel_proprio;False
35185619;ATOMO COLEGIO;3541406;2,0;13;Desafiante (2º-5º local);False;671,0804347826087;46,0;3,0;169,0;0,794;Poliedro;656,7169696969697;33,0;665,080506329114;14,36346508563895;Presidente Prudente;SP;0,7561;Presidente Prudente;-22,1233412;-51,4196071;19060740;CENTRAL PARK RESIDENCE;nao_aplicavel;2300,0;Média (R$ 1.800-2.999);COC (Arco Educação);confirmado;False
22143459;CEV- COLEGIO UNIDADE 04;2211001;18,0;52;Outras posições;False;649,1135294117647;34,0;4,0;123,0;0,793;Poliedro;660,2938775510204;49,0;655,7139759036144;-11,18034813925567;Teresina;PI;0,7817;Teresina;;;64001300;CENTRO;nao_aplicavel;3000,0;Média-Alta (R$ 3.000-4.999);próprio (Sistema CEV de Ensino);confirmado;False
43121900;COLEGIO MARISTA SANTA MARIA;4316907;2,0;12;Desafiante (2º-5º local);False;640,5069565217391;23,0;5,0;74,0;0,793;Poliedro;650,7345454545454;33,0;646,5339285714284;-10,22758893280627;Santa Maria;RS;0,809;Santa Maria;-29,68807;-53,80924;97015373;CENTRO;nao_aplicavel;4000,0;Média-Alta (R$ 3.000-4.999);Marista (FTD, rede fechada);confirmado;False
31358428;COLEGUIUM - UNIDADE ALIPIO DE MELO;3106200;40,0;110;Outras posições;False;659,8189655172414;58,0;3,0;208,0;0,793;Poliedro;661,2597948717948;65,0;660,5803794037939;-1,4408293545534434;Belo Horizonte;MG;0,9738;Belo Horizonte;-19,8928812;-44,0013676;30840110;ALÍPIO DE MELO;nao_aplicavel;3400,0;Média-Alta (R$ 3.000-4.999);próprio (Coleguium Rede de Ensino);confirmado;False
35144952;ARGUMENTO COLEGIO;3550308;37,0;516;Outras posições;False;659,4363585434173;119,0;3,0;434,0;0,793;Poliedro;649,5409855072463;115,0;654,573247863248;9,895373036171009;São Paulo;SP;0,8116;Ermelino Matarazzo;-23,4994111;-46,4714531;3807000;VILA ROBERTINA;distrito;2000,0;Média (R$ 1.800-2.999);Objetivo;confirmado;False
31220094;COL NACIONAL;3170206;7,0;21;Outras posições;False;656,0348370927318;133,0;4,0;333,0;0,792;Poliedro;659,8693785310735;118,0;657,8375298804781;-3,834541438341717;Uberlândia;MG;0,8643;Uberlândia;-18,9077869;-48,2766656;38400336;MARTINS;nao_aplicavel;2800,0;Média (R$ 1.800-2.999);próprio (material institucional, programa 'Tem Jeito Sim!');provavel_proprio;False
33175195;REDE AZ COLEGIO E CURSO UNIDADE LICENCIADA ILHA;3304557;58,0;344;Outras posições;False;682,1869565217391;23,0;1,0;67,0;0,792;Poliedro;674,1693333333334;15,0;679,022105263158;8,017623188405764;Rio de Janeiro;RJ;0,8408;Rio de Janeiro;;;21940005;JARDIM GUANABARA;bairro;6000,0;Alta (≥ R$ 5.000);Ecossistema AZ (Grupo SEB/Conexia);confirmado;False
42160383;COLEGIO AZ FLORIPA;4205407;1,0;30;Líder local;False;710,5575;56,0;1,0;123,0;0,792;Poliedro;690,8092857142857;56,0;700,683392857143;19,74821428571431;Florianópolis;SC;0,9306;Florianópolis;;;88010320;CENTRO;nao_aplicavel;7500,0;Alta (≥ R$ 5.000);Ecossistema AZ (Grupo SEB/Conexia);confirmado;False
33177627;COLEGIO PH;3304557;59,0;344;Outras posições;False;659,3002531645569;79,0;3,0;240,0;0,792;Poliedro;664,9207843137254;51,0;661,5052307692307;-5,620531149168528;Rio de Janeiro;RJ;0,8408;Rio de Janeiro;;;22795380;RECREIO DOS BANDEIRANTES;bairro;6000,0;Alta (≥ R$ 5.000);pH (Cogna/SOMOS);confirmado;False
35579403;COLEGIO ELITECOL;3509502;6,0;47;Outras posições;False;688,4893333333333;75,0;2,0;251,0;0,792;Poliedro;694,1046153846154;65,0;691,0964285714285;-5,615282051282065;Campinas;SP;0,82;Campinas;-22,8506642;-47,0433513;13087560;PARQUE RURAL FAZENDA SANTA CANDIDA;nao_aplicavel;3000,0;Média-Alta (R$ 3.000-4.999);Sistema Elite de Ensino;confirmado;False
29359287;COLEGIO PIRAMIDE;2919207;3,0;8;Desafiante (2º-5º local);False;644,3792592592594;27,0;5,0;121,0;0,792;Poliedro;618,4929411764706;34,0;629,9508196721312;25,88631808278876;Lauro de Freitas;BA;0,7809;Lauro de Freitas;-12,89867;-38,32583;42703520;CENTRO;nao_aplicavel;3001,0;Média-Alta (R$ 3.000-4.999);livro didático avulso (múltiplas editoras);confirmado;False
31244457;COLEGIO SANTA MARIA MINAS - UNIDADE NOVA SUICA;3106200;41,0;110;Outras posições;False;648,5789285714285;56,0;4,0;222,0;0,792;Poliedro;647,8019047619048;84,0;648,1127142857143;0,7770238095237119;Belo Horizonte;MG;0,9738;Belo Horizonte;-19,93575;-43,97803;30421265;NOVA SUISSA;nao_aplicavel;5000,0;Alta (≥ R$ 5.000);SAS (Arco Educação);confirmado;False
33027722;COLEGIO FRANCISCANO SAGRADO CORACAO DE JESUS;3300704;1,0;12;Líder local;False;643,6770588235295;34,0;4,0;108,0;0,792;Poliedro;643,5151351351352;37,0;643,5926760563381;0,1619236883942676;Cabo Frio;RJ;0,601;Cabo Frio;;;28907000;CENTRO;nao_aplicavel;1900,0;Média (R$ 1.800-2.999);SM (Editora SM);confirmado;False
50032100;COLEGIO BIONATUS II;5002704;4,0;31;Desafiante (2º-5º local);False;708,8142857142857;28,0;1,0;28,0;0,791;Poliedro;728,7792857142857;28,0;718,7967857142856;-19,965000000000032;Campo Grande;MS;0,789;Campo Grande;-20,45458;-54,60272;79020220;JARDIM DOS ESTADOS;nao_aplicavel;10000,0;Alta (≥ R$ 5.000);próprio (Sistema Bionatus);confirmado;False
43173217;ESCOLA DE ENSINO FUNDAMENTAL E MEDIO SANTA MONICA;4314407;3,0;10;Desafiante (2º-5º local);False;640,275;28,0;5,0;76,0;0,791;Poliedro;645,4882758620689;29,0;642,9273684210526;-5,21327586206894;Pelotas;RS;0,7278;Pelotas;-31,76724;-52,34443;96020220;CENTRO;nao_aplicavel;2000,0;Média (R$ 1.800-2.999);Positivo (Arco Educação);confirmado;False
23025646;COLEGIO FARIAS BRITO SOBRALENSE;2312908;2,0;6;Desafiante (2º-5º local);False;638,9935922330096;103,0;5,0;264,0;0,791;Poliedro;648,8578431372549;102,0;643,9016585365854;-9,864250904245296;Sobral;CE;0,271;Sobral;-3,685776;-40,34404;62011270;CENTRO;nao_aplicavel;1240,0;Baixa (< R$ 1.800);Farias Brito (SFB);confirmado;False
29488591;COLEGIO ANCHIETA;2927408;13,0;90;Outras posições;False;708,3850000000001;12,0;1,0;55,0;0,791;Poliedro;;;708,3850000000001;;Salvador;BA;0,7909;Salvador;;;41740090;PITUACU;nao_aplicavel;1800,0;Média (R$ 1.800-2.999);próprio (currículo internacional/IB);provavel_proprio;False
43109330;SISTEMA EDUCACIONAL BOA VISTA;4314902;17,0;61;Outras posições;False;634,74;46,0;5,0;146,0;0,791;Poliedro;628,3158823529412;34,0;632,0097499999999;6,424117647058779;Porto Alegre;RS;0,9276;Porto Alegre;-30,02490833;-51,173795;91340430;BOA VISTA;nao_aplicavel;8000,0;Alta (≥ R$ 5.000);próprio (material institucional);provavel_proprio;False
31324663;SIC - ESCOLA PROFISSIONALIZANTE SANTO AGOSTINHO;3106200;42,0;110;Outras posições;False;648,4162241887905;113,0;4,0;531,0;0,791;Poliedro;651,7717894736842;95,0;649,9488141025641;-3,3555652848937143;Belo Horizonte;MG;0,9738;Belo Horizonte;-20,0014654;-44,0111417;30626110;BRASIL INDUSTRIAL BARREIRO;nao_aplicavel;3001,0;Média-Alta (R$ 3.000-4.999);não identificado;nao_identificado;False
21272921;INST EDUCACIONAL SUL MARANHENSE COC;2105302;2,0;11;Desafiante (2º-5º local);False;643,4172;25,0;4,0;90,0;0,791;Poliedro;654,2877777777778;18,0;647,9676744186047;-10,87057777777784;Imperatriz;MA;0,4802;Imperatriz;-5,51133335;-47,47485608;65903090;MARANHÃO NOVO;nao_aplicavel;1215,0;Baixa (< R$ 1.800);COC (Arco Educação);confirmado;False
35113426;SAO JOSE COLEGIO;3526902;2,0;15;Desafiante (2º-5º local);False;649,373076923077;26,0;5,0;130,0;0,791;Poliedro;663,622641509434;53,0;658,932911392405;-14,249564586356996;Limeira;SP;0,663;Limeira;-22,5609025;-47,4015669;13480048;CENTRO;nao_aplicavel;2300,0;Média (R$ 1.800-2.999);Poliedro;confirmado;True
35118503;ALBERT SABIN ESCOLA DE ENSINO MEDIO;3543402;8,0;38;Outras posições;False;655,1941002949852;113,0;4,0;368,0;0,79;Poliedro;647,4866666666667;152,0;650,7732327044025;7,70743362831854;Ribeirão Preto;SP;0,9014;Ribeirão Preto;-21,2090671;-47,8230368;14026240;VILA ANA MARIA;nao_aplicavel;2500,0;Média (R$ 1.800-2.999);não identificado;nao_identificado;False
31004278;ESCOLA SANTO TOMAS DE AQUINO;3106200;43,0;110;Outras posições;False;642,9140350877193;38,0;5,0;136,0;0,79;Poliedro;657,6872222222223;36,0;650,1009909909911;-14,77318713450302;Belo Horizonte;MG;0,9738;Belo Horizonte;-19,95436551;-43,95151075;30350340;SAO BENTO;nao_aplicavel;11000,0;Alta (≥ R$ 5.000);próprio (ESTA, material institucional);provavel_proprio;False
22138544;INSTITUTO SANTO AGOSTINHO;2211001;19,0;52;Outras posições;False;638,7951724137931;29,0;5,0;114,0;0,79;Poliedro;613,5061111111112;36,0;624,7889230769231;25,289061302681944;Teresina;PI;0,7817;Teresina;-5,106972;-42,75941;64078271;ITARARE;nao_aplicavel;1212,0;Baixa (< R$ 1.800);não identificado;nao_identificado;False
33195340;PB COLEGIO E CURSO;3304557;60,0;344;Outras posições;False;710,3366666666666;12,0;0,0;47,0;0,79;Poliedro;698,422;20,0;702,89;11,914666666666562;Rio de Janeiro;RJ;0,8408;Rio de Janeiro;;;20540092;TIJUCA;bairro;5500,0;Alta (≥ R$ 5.000);próprio (PB Colégio e Curso, material institucional);provavel_proprio;False
33064024;EDEM;3304557;61,0;344;Outras posições;False;643,946;20,0;5,0;76,0;0,789;Poliedro;658,3901587301586;21,0;651,3442276422763;-14,44415873015862;Rio de Janeiro;RJ;0,8408;Rio de Janeiro;-22,93066267;-43,18015214;22221070;LARANJEIRAS;bairro;8000,0;Alta (≥ R$ 5.000);próprio (currículo institucional progressista);provavel_proprio;False
31005916;COLEGIO DO INSTITUTO PADRE MACHADO;3106200;44,0;110;Outras posições;False;638,678;20,0;5,0;55,0;0,789;Poliedro;632,9483333333334;12,0;636,5293750000001;5,729666666666617;Belo Horizonte;MG;0,9738;Belo Horizonte;-19,94026;-43,93819;30110039;SÃO PEDRO;nao_aplicavel;8000,0;Alta (≥ R$ 5.000);próprio (material institucional confessional);provavel_proprio;False
33064628;COLEGIO TTH BAR-ILAN;3304557;62,0;344;Outras posições;False;668,5020000000001;10,0;3,0;38,0;0,789;Poliedro;;;668,5020000000001;;Rio de Janeiro;RJ;0,8408;Rio de Janeiro;;;22061000;COPACABANA;bairro;6000,0;Alta (≥ R$ 5.000);não identificado;nao_identificado;False
21010064;UPAON EDUCACIONAL LTDA;2111300;7,0;47;Outras posições;False;634,2894444444444;72,0;5,0;283,0;0,789;Poliedro;630,6559501557632;107,0;632,1174674115456;3,633494288681163;São Luís;MA;0,7058;São Luís;-2,50863529;-44,26124203;65070630;QUITANDINHA;nao_aplicavel;1300,0;Baixa (< R$ 1.800);próprio (Método Montessori);provavel_proprio;False
35123419;COOPERATIVA DE ENSINO DE BIRIGUI;3506508;1,0;6;Líder local;False;672,5045454545455;22,0;2,0;91,0;0,789;Poliedro;668,6172413793104;29,0;670,2941176470588;3,887304075235079;Birigui;SP;0,5389;Birigui;-21,273016;-50,3339378;16201092;CHACARAS CAICARA;nao_aplicavel;2000,0;Média (R$ 1.800-2.999);próprio (COEB - Cooperativa de Ensino de Birigui);provavel_proprio;False
13102192;LATO SENSU IV;1302603;7,0;49;Outras posições;False;668,9038461538462;26,0;2,0;96,0;0,789;Poliedro;681,1686956521738;23,0;674,6608163265306;-12,264849498327637;Manaus;AM;0,5729;Manaus;;;69090080;CIDADE NOVA;nao_aplicavel;1500,0;Baixa (< R$ 1.800);próprio (Grupo Salta Educação);provavel_proprio;False
31074250;COLEGIO NOSSA SENHORA DO CARMO;3136702;9,0;21;Outras posições;False;638,4457142857142;35,0;5,0;130,0;0,789;Poliedro;627,8208510638299;47,0;632,3558536585366;10,624863221884311;Juiz de Fora;MG;0,8573;Juiz de Fora;-21,75652072;-43,35445253;36015310;SANTA HELENA;nao_aplicavel;2000,0;Média (R$ 1.800-2.999);não identificado;nao_identificado;False
35105041;MARIA IMACULADA COLEGIO EEIFM;3550308;38,0;516;Outras posições;False;654,7724999999999;24,0;4,0;76,0;0,788;Poliedro;668,2384615384616;13,0;659,5037837837838;-13,46596153846167;São Paulo;SP;0,8116;Vila Mariana;-23,5715153;-46,6430471;4004050;PARAISO;distrito;9600,0;Alta (≥ R$ 5.000);SAS Educação e FTD Sistema de Ensino;confirmado;False
35139646;COLEGIO RIO BRANCO - UNIDADE GRANJA VIANNA;3513009;1,0;17;Líder local;False;639,6533333333333;70,0;5,0;238,0;0,788;Poliedro;659,5174193548387;62,0;648,9834343434343;-19,864086021505383;Cotia;SP;0,7085;Cotia;-23,59555;-46,83858;6709015;GRANJA VIANNA;nao_aplicavel;2500,0;Média (R$ 1.800-2.999);não identificado;provavel_proprio;False
33195463;COLEGIO SANT ANNA SEGMENTOS FINAIS LTDA;3300209;1,0;10;Líder local;False;643,8442424242425;33,0;5,0;106,0;0,788;Poliedro;642,2569565217391;46,0;642,92;1,5872859025033677;Araruama;RJ;0,4822;Araruama;;;28979350;XV DE NOVEMBRO;nao_aplicavel;1500,0;Baixa (< R$ 1.800);Sistema Farias Brito de Ensino;confirmado;False
35561320;ALPHA LUMEN INSTITUTO;3549904;7,0;27;Outras posições;False;717,3279069767442;43,0;0,0;157,0;0,788;Poliedro;694,8169230769231;39,0;706,6214634146343;22,5109838998211;São José dos Campos;SP;0,9207;São José dos Campos;-23,1995;-45,90671;12242800;JARDIM ESPLANADA II;nao_aplicavel;2700,0;Média (R$ 1.800-2.999);próprio (Instituto Alpha Lumen, educação integral própria);provavel_proprio;False
31377953;COLEGIO INTEGRADO UBERABA;3170107;5,0;13;Desafiante (2º-5º local);False;638,1526923076924;52,0;5,0;271,0;0,788;Poliedro;641,9485106382979;47,0;639,9547474747475;-3,795818330605471;Uberaba;MG;0,7922;Uberaba;;;38020433;SANTA MARIA;nao_aplicavel;2900,0;Média (R$ 1.800-2.999);Objetivo;confirmado;False
33021724;COL NS DAS DORES;3303401;4,0;15;Desafiante (2º-5º local);False;647,6758823529411;34,0;4,0;138,0;0,788;Poliedro;656,4337037037037;54,0;653,05;-8,757821350762583;Nova Friburgo;RJ;0,7816;Nova Friburgo;-22,27984;-42,53038;28610190;CENTRO;nao_aplicavel;3600,0;Média-Alta (R$ 3.000-4.999);SAS (Arco Educação);confirmado;False
35158483;STOCKLER COLEGIO;3550308;39,0;516;Outras posições;False;684,8342105263158;38,0;2,0;111,0;0,787;Poliedro;686,3304545454546;44,0;685,6370731707318;-1,4962440191387714;São Paulo;SP;0,8116;Moema;-23,6235203;-46,6814009;4602002;BROOKLIN PAULISTA;distrito;10001,0;Alta (≥ R$ 5.000);próprio (proposta pedagógica autoral, sem sistema apostilado);provavel_proprio;False
29093619;COLEGIO NOBRE DE FEIRA DE SANTANA;2910800;6,0;21;Outras posições;False;639,3804615384615;130,0;5,0;432,0;0,787;Poliedro;657,7079591836734;98,0;647,2580701754385;-18,327497645211903;Feira de Santana;BA;0,6655;Feira de Santana;-12,24988;-38,95472;44051754;SÃO JOÃO;nao_aplicavel;1212,0;Baixa (< R$ 1.800);Sistema de Ensino SAS Adapt;confirmado;False
31170534;COLEGIO PIRLIMPIMPIM SAO PASCHOALL;3170206;8,0;21;Outras posições;False;654,4735714285715;28,0;4,0;152,0;0,787;Poliedro;645,8858064516129;31,0;649,9613559322034;8,587764976958624;Uberlândia;MG;0,8643;Uberlândia;-18,9337742;-48,2844578;38400714;BRASIL;nao_aplicavel;2500,0;Média (R$ 1.800-2.999);não identificado;nao_identificado;False
41131690;COLEGIO NOSSA SENHORA MEDIANEIRA;4106902;10,0;69;Outras posições;False;639,2889230769231;130,0;5,0;440,0;0,787;Poliedro;658,3876363636364;165,0;649,9712542372882;-19,09871328671329;Curitiba;PR;0,8491;Curitiba;-25,4535383;-49,24733195;81690100;PRADO VELHO;nao_aplicavel;2000,0;Média (R$ 1.800-2.999);próprio (Rede Jesuíta de Educação);provavel_proprio;False
52033830;COLEGIO SANTA CLARA;5208707;16,0;68;Outras posições;False;643,3780952380953;21,0;5,0;46,0;0,787;Poliedro;;;643,3780952380953;;Goiânia;GO;0,9482;Goiânia;-16,6663477;-49,2932394;74515030;SETOR CAMPINAS;nao_aplicavel;2500,0;Média (R$ 1.800-2.999);não identificado;nao_identificado;False
43100031;COLEGIO SAO JOSE;4314407;4,0;10;Desafiante (2º-5º local);False;643,3354054054054;74,0;5,0;243,0;0,786;Poliedro;639,5518;100,0;641,1609195402299;3,78360540540541;Pelotas;RS;0,7278;Pelotas;-31,775265;-52,3420884;96010000;CENTRO;nao_aplicavel;2000,0;Média (R$ 1.800-2.999);livro didático avulso (múltiplas editoras);confirmado;False
33196214;PB COLEGIO E CURSO;3303302;9,0;42;Outras posições;False;714,3877419354839;93,0;0,0;227,0;0,786;Poliedro;703,8265671641791;67,0;709,96525;10,561174771304763;Niterói;RJ;0,9692;Niterói;;;24230065;ICARAÍ;nao_aplicavel;8200,0;Alta (≥ R$ 5.000);próprio (metodologia PB, foco em vestibular);provavel_proprio;False
35119982;JARDIM SAO PAULO UNIDADE TREMEMBE COLEGIO;3550308;40,0;516;Outras posições;False;667,1579874213837;53,0;3,0;199,0;0,786;Poliedro;660,0738562091502;51,0;663,6840384615384;7,084131212233501;São Paulo;SP;0,8116;Tremembé;-23,462425;-46,6155828;2340002;TUCURUVI;distrito;2000,0;Média (R$ 1.800-2.999);não identificado;nao_identificado;False
35151506;MIRANDA COLEGIO DE EIFM;3550308;41,0;516;Outras posições;False;653,846875;32,0;4,0;110,0;0,786;Poliedro;640,8554285714285;35,0;647,0602985074626;12,991446428571408;São Paulo;SP;0,8116;Pirituba;-23,4993875;-46,7406674;5159500;VILA MARIA EUGENIA;distrito;2800,0;Média (R$ 1.800-2.999);SAS (Arco Educação);confirmado;False
42133114;COLEGIO DA LAGOA;4205407;2,0;30;Desafiante (2º-5º local);False;643,13;16,0;5,0;61,0;0,785;Poliedro;666,96375;16,0;655,046875;-23,83375000000001;Florianópolis;SC;0,9306;Lagoa da Conceição;-27,6039672;-48,4754264;88062210;LAGOA DA CONCEICAO;nao_aplicavel;4000,0;Média-Alta (R$ 3.000-4.999);Anglo (Cogna/SOMOS);confirmado;False
33042462;CENTRO EDUC SERRA DOS ORGAOS;3305802;2,0;10;Desafiante (2º-5º local);False;638,8955555555556;18,0;5,0;91,0;0,785;Poliedro;636,9583333333334;24,0;637,7885714285715;1,9372222222222035;Teresópolis;RJ;0,792;Teresópolis;-22,4332691;-42,9796516;25964003;ALTO;nao_aplicavel;4000,0;Média-Alta (R$ 3.000-4.999);livro didático avulso (múltiplas editoras);confirmado;False
42159547;CURSO E COLEGIO INTEGRAL;4208203;2,0;10;Desafiante (2º-5º local);False;653,6106280193236;69,0;4,0;228,0;0,785;Poliedro;679,7492592592592;54,0;665,0861246612466;-26,13863123993565;Itajaí;SC;0,7459;Itajaí;;;88301451;FAZENDA;nao_aplicavel;4000,0;Média-Alta (R$ 3.000-4.999);Poliedro;confirmado;True
33180539;COLEGIO PH;3304557;63,0;344;Outras posições;False;657,1327659574467;94,0;3,0;230,0;0,785;Poliedro;668,5036714975846;69,0;661,9462167689162;-11,37090554013787;Rio de Janeiro;RJ;0,8408;Rio de Janeiro;;;22745005;FREGUESIA (JACAREPAGUÁ);bairro;5000,0;Alta (≥ R$ 5.000);pH (Cogna/SOMOS);confirmado;False
25133012;COLEGIO VILA LTDA;2507507;9,0;55;Outras posições;False;643,084347826087;69,0;5,0;250,0;0,785;Poliedro;629,1554285714285;35,0;638,3967307692308;13,928919254658467;João Pessoa;PB;0,8675;João Pessoa;;;58052250;JARDIM CIDADE UNIVERSITÁRIA;nao_aplicavel;3500,0;Média-Alta (R$ 3.000-4.999);não identificado;nao_identificado;False
33032882;COL NS DO ROSARIO;3306305;4,0;12;Desafiante (2º-5º local);False;633,3539047619047;35,0;5,0;161,0;0,785;Poliedro;643,5578260869565;46,0;639,1487242798353;-10,203921325051851;Volta Redonda;RJ;0,7431;Volta Redonda;-22,52713507;-44,10294274;27261140;SESSENTA;nao_aplicavel;3200,0;Média-Alta (R$ 3.000-4.999);Objetivo;confirmado;False
33439796;ANGLO AMERICANO ESCOLAS INTEGRADAS LTDA;3304201;2,0;8;Desafiante (2º-5º local);False;637,5083333333333;12,0;5,0;53,0;0,785;Poliedro;640,8100000000001;10,0;639,0090909090909;-3,3016666666667334;Resende;RJ;0,701;Resende;-22,46595;-44,45292;27510030;JARDIM JALISCO;nao_aplicavel;2000,0;Média (R$ 1.800-2.999);Anglo (Cogna/SOMOS);confirmado;False
31353990;SISTEMA EDUCACIONAL BATISTA CASTRO;3136702;10,0;21;Outras posições;False;642,9823529411765;17,0;5,0;49,0;0,785;Poliedro;639,0228571428571;14,0;641,1941935483871;3,959495798319381;Juiz de Fora;MG;0,8573;Juiz de Fora;-21,7726393;-43,3482463;36025040;PASSOS;nao_aplicavel;2000,0;Média (R$ 1.800-2.999);não identificado;provavel_proprio;False
31004979;COLEGIO ESCOLAPIO SAO MIGUEL;3106200;45,0;110;Outras posições;False;647,1920754716981;53,0;4,0;145,0;0,785;Poliedro;652,048;35,0;649,1234090909091;-4,855924528301898;Belo Horizonte;MG;0,9738;Belo Horizonte;-19,89596;-43,93113;31140270;NOVA FLORESTA;nao_aplicavel;4000,0;Média-Alta (R$ 3.000-4.999);próprio (Sistema Escolápio de Educação);provavel_proprio;False
41358899;ST JAMES C - EI EF M;4113700;3,0;24;Desafiante (2º-5º local);False;637,5017283950617;27,0;5,0;197,0;0,785;Poliedro;622,106;30,0;629,3987134502925;15,395728395061724;Londrina;PR;0,8372;Londrina;-23,34811965;-51,20792978;86058100;ESPERANÇA;nao_aplicavel;12000,0;Alta (≥ R$ 5.000);não identificado;provavel_proprio;False
33155860;COLEGIO ESPACO LIVRE;3303401;5,0;15;Desafiante (2º-5º local);False;657,0432000000001;25,0;3,0;111,0;0,785;Poliedro;639,566274509804;17,0;649,9692063492064;17,476925490196095;Nova Friburgo;RJ;0,7816;Nova Friburgo;-22,28312;-42,5349;28625010;CENTRO;nao_aplicavel;3600,0;Média-Alta (R$ 3.000-4.999);pH (Cogna/SOMOS);confirmado;False
42163021;DUAL INTERNATIONAL SCHOOL;4205407;3,0;30;Desafiante (2º-5º local);False;657,0109090909091;11,0;3,0;53,0;0,784;Poliedro;657,4581818181819;11,0;657,2345454545455;-0,4472727272727752;Florianópolis;SC;0,9306;Florianópolis;;;88034600;ITACORUBI;nao_aplicavel;6000,0;Alta (≥ R$ 5.000);IB (International Baccalaureate);confirmado;False
35111363;COTET COLEGIO TECNICO DE TAUBATE;3554102;2,0;15;Desafiante (2º-5º local);False;647,7792;25,0;5,0;98,0;0,784;Poliedro;648,5269230769231;26,0;648,1603921568627;-0,7477230769231937;Taubaté;SP;0,7911;Taubaté;-23,0115071;-45,5520512;12060400;AREAO;nao_aplicavel;2500,0;Média (R$ 1.800-2.999);Bernoulli;confirmado;False
26122359;COLEGIO AUXILIADORA;2611606;16,0;76;Outras posições;False;638,5608695652173;23,0;5,0;65,0;0,784;Poliedro;622,068;20,0;630,8897674418604;16,492869565217347;Recife;PE;0,9162;Recife;-8,052976667;-34,898785;52010300;DERBY;nao_aplicavel;7000,0;Alta (≥ R$ 5.000);não identificado;provavel_proprio;False
31014087;COLEGIO SANTA MARIA MINAS UNIDADE CONTAGEM;3118601;2,0;17;Desafiante (2º-5º local);False;646,9952272727273;88,0;4,0;349,0;0,784;Poliedro;655,4004210526316;95,0;651,3585792349727;-8,405193779904266;Contagem;MG;0,6616;Parque Industrial;-19,94256492;-44,07594414;32285040;MONTE CASTELO;nao_aplicavel;2001,0;Média (R$ 1.800-2.999);SAS (Arco Educação);confirmado;False
43043674;COLEGIO LA SALLE - CARMO;4305108;2,0;12;Desafiante (2º-5º local);False;638,4648648648649;37,0;5,0;323,0;0,784;Poliedro;653,8336507936507;63,0;648,1472;-15,368785928785767;Caxias do Sul;RS;0,7797;Caxias do Sul;-29,16981;-51,17549;95020472;CENTRO;nao_aplicavel;3500,0;Média-Alta (R$ 3.000-4.999);Positivo (Arco Educação);confirmado;False
29433380;EPG - ESTABELECIMENTO PARTICULAR DE ENSINO LTDA;2933307;3,0;14;Desafiante (2º-5º local);False;647,905;20,0;4,0;99,0;0,783;Poliedro;613,5329032258064;31,0;627,0121568627451;34,37209677419355;Vitória da Conquista;BA;0,5552;Vitória da Conquista;-14,8561;-40,8418;45055900;FELÍCIA;nao_aplicavel;2000,0;Média (R$ 1.800-2.999);Mackenzie;confirmado;False
42011612;COLEGIO MARISTA CRICIUMA EI EF EM;4204608;3,0;11;Desafiante (2º-5º local);False;642,5587719298246;76,0;5,0;288,0;0,783;Poliedro;654,4818279569893;62,0;647,9155072463769;-11,923056027164648;Criciúma;SC;0,6209;Criciúma;-28,6747216;-49,36215;88811503;PIO CORREA;nao_aplicavel;5000,0;Alta (≥ R$ 5.000);Marista (FTD, rede fechada);confirmado;False
35141586;UIRAPURU COLEGIO;3552205;1,0;27;Líder local;False;666,151875;96,0;3,0;407,0;0,783;Poliedro;664,2725;96,0;665,2121875;1,8793749999999816;Sorocaba;SP;0,7667;Sorocaba;-23,5158658;-47,4616452;18031005;JARDIM EMILIA;nao_aplicavel;2500,0;Média (R$ 1.800-2.999);próprio (currículo bilíngue Uirapuru School/USchool);provavel_proprio;False
51088835;FARINA SISTEMA DE ENSINO;5103403;4,0;27;Desafiante (2º-5º local);False;668,8835294117647;51,0;2,0;142,0;0,783;Poliedro;668,7826923076923;52,0;668,8326213592233;0,1008371040724114;Cuiabá;MT;0,8046;Cuiabá;-15,6065901;-56,0799942;78010500;AREÃO;nao_aplicavel;3000,0;Média-Alta (R$ 3.000-4.999);próprio (Farina Sistema de Ensino);confirmado;False
35004269;COLEGIO POLIEDRO;3509502;7,0;47;Outras posições;True;676,85985428051;183,0;3,0;635,0;0,783;Poliedro;678,8515268817204;155,0;677,7731952662721;-1,9916726012103252;Campinas;SP;0,82;Campinas;-22,8874013;-47,058476;13076011;TAQUARAL;nao_aplicavel;3000,0;Média-Alta (R$ 3.000-4.999);Poliedro;confirmado;True
33027404;ESCOLA CANTO DOS PASSAROS;3300704;2,0;12;Desafiante (2º-5º local);False;647,8538666666667;50,0;4,0;158,0;0,783;Poliedro;681,1794736842105;38,0;662,2444696969698;-33,3256070175438;Cabo Frio;RJ;0,601;Cabo Frio;-22,88323675;-42,04224807;28911220;PARQUE BURLE;nao_aplicavel;1900,0;Média (R$ 1.800-2.999);SAS (Arco Educação);confirmado;False
43213995;FLEMING SERVICOS EDUCACIONAIS LTDA;4314902;18,0;61;Outras posições;False;680,9870588235294;85,0;2,0;201,0;0,783;Poliedro;668,2895238095238;63,0;675,582027027027;12,697535014005666;Porto Alegre;RS;0,9276;Porto Alegre;;;90420132;RIO BRANCO;nao_aplicavel;8000,0;Alta (≥ R$ 5.000);próprio (Fleming Educação, preparatório para Medicina);provavel_proprio;False
35010473;MAPLE BEAR JUNDIAI;3525904;2,0;31;Desafiante (2º-5º local);False;665,99;10,0;3,0;46,0;0,783;Poliedro;;;665,99;;Jundiaí;SP;0,825;Jundiaí;;;13211410;JARDIM SANTA TERESA;nao_aplicavel;3000,0;Média-Alta (R$ 3.000-4.999);não identificado;provavel_proprio;False
35142736;ESCOLA DA VILA VILA DAS JUVENTUDES;3550308;42,0;516;Outras posições;False;653,1287777777778;60,0;4,0;203,0;0,783;Poliedro;640,9363768115942;46,0;647,8377358490567;12,19240096618364;São Paulo;SP;0,8116;Vila Sônia;-23,6033102;-46,7453686;5503010;BUTANTA;distrito;4000,0;Média-Alta (R$ 3.000-4.999);próprio (projeto pedagógico construtivista autoral);provavel_proprio;False
31384828;COLEGIO OPCAO - UNIDADE II;3170107;6,0;13;Outras posições;False;665,7046153846154;13,0;3,0;82,0;0,782;Poliedro;;;665,7046153846154;;Uberaba;MG;0,7922;Uberaba;;;38017380;ESTADOS UNIDOS;nao_aplicavel;3000,0;Média-Alta (R$ 3.000-4.999);próprio (Colégio Opção, material exclusivo bilíngue);provavel_proprio;False
13313231;ESCOLAS IDAAM;1302603;8,0;49;Outras posições;False;695,452;25,0;1,0;123,0;0,782;Poliedro;561,3536;25,0;628,4028;134,09839999999997;Manaus;AM;0,5729;Manaus;-3,029748034;-59,97437362;69095200;CIDADE NOVA;nao_aplicavel;1500,0;Baixa (< R$ 1.800);não identificado;provavel_proprio;False
35112318;SAO JOSE EXTERNATO;3504107;1,0;11;Líder local;False;642,082;30,0;5,0;136,0;0,782;Poliedro;645,6744444444445;24,0;643,6786419753087;-3,5924444444444816;Atibaia;SP;0,7617;Atibaia;-23,1115423;-46,558772;12940214;JARDIM BRASIL;nao_aplicavel;2500,0;Média (R$ 1.800-2.999);Poliedro;confirmado;True
35132780;CIDADE DE ARACATUBA COLEGIO;3502804;2,0;13;Desafiante (2º-5º local);False;653,0677419354838;31,0;4,0;96,0;0,782;Poliedro;671,9875;40,0;663,7267605633803;-18,919758064516145;Araçatuba;SP;0,7111;Araçatuba;-21,2138679;-50,4282001;16015280;JARDIM SUMARE;nao_aplicavel;2100,0;Média (R$ 1.800-2.999);Anglo (Cogna/SOMOS);confirmado;False
31358266;COLEGIO FENIX DE ENSINO FUNDAMENTAL E ENSINO MEDIO;3152501;5,0;10;Desafiante (2º-5º local);False;680,4727272727273;22,0;2,0;74,0;0,782;Poliedro;660,3857142857144;21,0;670,6627906976745;20,08701298701294;Pouso Alegre;MG;0,726;Pouso Alegre;-22,231769;-45,933083;37550114;CENTRO;nao_aplicavel;2000,0;Média (R$ 1.800-2.999);Anglo (Cogna/SOMOS);confirmado;False
35106148;NOSSA SENHORA APARECIDA COLEGIO FRANCISCANO;3550308;43,0;516;Outras posições;False;653,0043333333333;80,0;4,0;333,0;0,782;Poliedro;660,4478571428572;84,0;656,8168699186992;-7,443523809523867;São Paulo;SP;0,8116;Moema;-23,6011151;-46,6638377;4523011;MOEMA;distrito;10001,0;Alta (≥ R$ 5.000);não identificado;nao_identificado;False
31180602;COLEGIO BATISTA DE VARGINHA;3170701;3,0;7;Desafiante (2º-5º local);False;652,9966037735849;53,0;4,0;227,0;0,782;Poliedro;647,5111111111111;54,0;650,2282242990655;5,485492662473803;Varginha;MG;0,6904;Varginha;-21,5617229;-45,4395274;37006100;VILA NOGUEIRA;nao_aplicavel;2000,0;Média (R$ 1.800-2.999);não identificado;provavel_proprio;False
43105076;COLEGIO SANTA TERESA DE JESUS PORTO ALEGRE;4314902;19,0;61;Outras posições;False;637,9257894736842;38,0;5,0;133,0;0,782;Poliedro;606,3371241830065;51,0;619,8244194756554;31,58866529067768;Porto Alegre;RS;0,9276;Porto Alegre;-30,09809698;-51,22978492;91740000;CAVALHADA;nao_aplicavel;2500,0;Média (R$ 1.800-2.999);próprio (Rede Teresiana - Companhia Santa Teresa de Jesus);provavel_proprio;False
35112586;NOSSA SRA AUXILIADORA COLEGIO SALESIANO;3509502;8,0;47;Outras posições;False;641,9722962962963;45,0;5,0;165,0;0,782;Poliedro;630,6811695906433;57,0;635,6625490196078;11,291126705653028;Campinas;SP;0,82;Campinas;-22,882813;-47,058137;13075270;JARDIM NOSSA SENHORA AUXILIADORA;nao_aplicavel;3000,0;Média-Alta (R$ 3.000-4.999);não identificado;provavel_proprio;False
35137881;ATIBAIA COLEGIO INTEGRADO DE;3504107;2,0;11;Desafiante (2º-5º local);False;665,2660869565217;23,0;3,0;85,0;0,781;Poliedro;685,7906451612904;31,0;677,0487037037038;-20,52455820476871;Atibaia;SP;0,7617;Atibaia;-23,1247511;-46,5525604;12942140;ITAPETINGA;nao_aplicavel;5000,0;Alta (≥ R$ 5.000);Objetivo;confirmado;False
26152630;GGE VESTIBULARES;2611606;17,0;76;Outras posições;False;675,9902040816326;49,0;3,0;259,0;0,781;Poliedro;669,6128253968254;105,0;671,6419913419913;6,377378684807127;Recife;PE;0,9162;Recife;-8,059118;-34,90194;50720001;MADALENA;nao_aplicavel;6000,0;Alta (≥ R$ 5.000);próprio (Sistema GGE de Ensino);confirmado;False
35802839;ARBOS COLEGIO UNIDADE MARECHAL DEODORO;3548807;2,0;10;Desafiante (2º-5º local);False;675,949918699187;41,0;3,0;174,0;0,781;Poliedro;674,9529629629629;18,0;675,6457627118644;0,9969557362240948;São Caetano do Sul;SP;0,8753;São Caetano do Sul;-23,61749557;-46,56518829;9541300;SANTA PAULA;nao_aplicavel;6000,0;Alta (≥ R$ 5.000);SAS (Arco Educação);confirmado;False
33192260;LATTOS COLEGIO E VESTIBULARES;3304557;64,0;344;Outras posições;False;652,9326126126126;37,0;4,0;173,0;0,781;Poliedro;659,3272727272727;66,0;657,0301618122977;-6,3946601146600415;Rio de Janeiro;RJ;0,8408;Rio de Janeiro;;;20735130;MÉIER;bairro;4500,0;Média-Alta (R$ 3.000-4.999);próprio (proposta pedagógica autoral);provavel_proprio;False
31127965;COL JESUS MARIA JOSE;3151800;3,0;7;Desafiante (2º-5º local);False;652,9084848484848;44,0;4,0;125,0;0,781;Poliedro;663,688947368421;38,0;657,9043089430894;-10,780462519936236;Poços de Caldas;MG;0,7896;Poços de Caldas;-21,7924917;-46,5656017;37701001;CENTRO;nao_aplicavel;2200,0;Média (R$ 1.800-2.999);SAS (Arco Educação);confirmado;False
35100419;ZETA SISTEMA DE ENSINO DE BIRIGUI;3506508;2,0;6;Desafiante (2º-5º local);False;647,4641379310344;29,0;4,0;104,0;0,781;Poliedro;634,0640000000001;30,0;640,6505084745763;13,400137931034353;Birigui;SP;0,5389;Birigui;-21,2922207;-50,343508;16200060;CENTRO;nao_aplicavel;2000,0;Média (R$ 1.800-2.999);Anglo (Cogna/SOMOS);confirmado;False
50035088;COLEGIO MAESTRIA - ENEM E VESTIBULARES;5002704;5,0;31;Desafiante (2º-5º local);False;674,5422641509433;53,0;1,0;211,0;0,781;Poliedro;676,6544;50,0;675,5675728155339;-2,112135849056699;Campo Grande;MS;0,789;Campo Grande;;;79021050;SANTA FÉ;nao_aplicavel;9000,0;Alta (≥ R$ 5.000);Poliedro;confirmado;True
33183031;ESCOLA SA PEREIRA;3304557;65,0;344;Outras posições;False;641,0128571428571;14,0;4,0;98,0;0,78;Poliedro;632,5;17,0;636,3445161290323;8,512857142857115;Rio de Janeiro;RJ;0,8408;Rio de Janeiro;-22,9514;-43,19257;22260100;BOTAFOGO;bairro;8000,0;Alta (≥ R$ 5.000);próprio (escola construtivista);provavel_proprio;False
33150931;COLEGIO E CURSO PENSI;3303302;10,0;42;Outras posições;False;655,3420987654321;162,0;3,0;236,0;0,78;Poliedro;653,6934761904762;140,0;654,5778366445916;1,6486225749558798;Niterói;RJ;0,9692;Niterói;-22,8991;-43,10792;24220031;ICARAI;nao_aplicavel;8200,0;Alta (≥ R$ 5.000);Sistema Eleva (Eleva Educação);confirmado;False
25093096;COLEGIO PIO XI;2507507;10,0;55;Outras posições;False;641,7004347826087;69,0;5,0;216,0;0,78;Poliedro;662,0492307692307;39,0;649,0486111111111;-20,348795986622008;João Pessoa;PB;0,8675;João Pessoa;-7,077188;-34,84069;58036105;AEROCLUBE;nao_aplicavel;5000,0;Alta (≥ R$ 5.000);não identificado;nao_identificado;False
42000670;ASAV - COLEGIO CATARINENSE;4205407;4,0;30;Desafiante (2º-5º local);False;637,6192342342342;148,0;5,0;514,0;0,78;Poliedro;660,5356639566396;123,0;648,020418204182;-22,916429722405383;Florianópolis;SC;0,9306;Florianópolis;-27,58869822;-48,55388043;88015130;CENTRO;nao_aplicavel;7500,0;Alta (≥ R$ 5.000);próprio (pedagogia jesuíta — RJE);confirmado;False
33168202;CENTRO EDUCACIONAL PRE UNIVERSITARIO;3300209;2,0;10;Desafiante (2º-5º local);False;652,3455319148936;47,0;4,0;105,0;0,78;Poliedro;666,5273076923077;52,0;659,7945454545455;-14,181775777414032;Araruama;RJ;0,4822;Araruama;-22,87234;-42,33831;28979144;CENTRO;nao_aplicavel;1500,0;Baixa (< R$ 1.800);SAS-Bahiense (Arco Educação);confirmado;False
29182654;COLEGIO SS SACRAMENTO;2927408;14,0;90;Outras posições;False;641,6614999999999;40,0;5,0;149,0;0,78;Poliedro;645,3430000000001;60,0;643,8704;-3,681500000000142;Salvador;BA;0,7909;Salvador;-12,9904499;-38,5184662;40100000;GARCIA;nao_aplicavel;2000,0;Média (R$ 1.800-2.999);não identificado;provavel_proprio;False
35125436;SAPIENS CURSO E COLEGIO;3548906;4,0;15;Desafiante (2º-5º local);False;664,6179487179487;39,0;3,0;127,0;0,78;Poliedro;682,9852830188679;53,0;675,1991304347827;-18,3673343009192;São Carlos;SP;0,8182;São Carlos;-22,0122053;-47,8982718;13560240;CENTRO;nao_aplicavel;2925,0;Média (R$ 1.800-2.999);Poliedro;confirmado;True
21292990;AUDAZ COLEGIO LTDA;2111300;8,0;47;Outras posições;False;657,96;16,0;4,0;34,0;0,779;Poliedro;;;657,96;;São Luís;MA;0,7058;São Luís;;;65075045;CALHAU;nao_aplicavel;1300,0;Baixa (< R$ 1.800);Sistema Bernoulli de Ensino;confirmado;False
33042560;COL NS DO CARMO;3305802;3,0;10;Desafiante (2º-5º local);False;641,4559999999999;10,0;5,0;55,0;0,779;Poliedro;572,7233333333334;10,0;607,0896666666666;68,73266666666655;Teresópolis;RJ;0,792;Teresópolis;-22,4143715;-42,971572;25963260;JARDIM EUROPA;nao_aplicavel;4000,0;Média-Alta (R$ 3.000-4.999);Bernoulli;confirmado;False
35431436;LICEU CONTEMPORANEO ENSINO MEDIO;3543402;9,0;38;Outras posições;False;637,4346153846153;52,0;5,0;174,0;0,779;Poliedro;634,1286956521739;46,0;635,8828571428571;3,3059197324414527;Ribeirão Preto;SP;0,9014;Ribeirão Preto;-21,1664512;-47,8204213;14050440;VILA TIBERIO;nao_aplicavel;2500,0;Média (R$ 1.800-2.999);não identificado;nao_identificado;False
31007498;COLEGIO FRANCISCANO CORACAO DE MARIA;3106200;46,0;110;Outras posições;False;636,2830769230769;26,0;5,0;89,0;0,779;Poliedro;608,1864;25,0;622,5101960784315;28,09667692307687;Belo Horizonte;MG;0,9738;Belo Horizonte;-19,81400061;-43,9740051;31535510;SAO JOAO BATISTA;nao_aplicavel;2500,0;Média (R$ 1.800-2.999);SM (Editora SM);confirmado;False
15172201;CENTRO EDUCACIONAL ESCREVA COM LTDA;1504208;3,0;9;Desafiante (2º-5º local);False;656,9227272727273;66,0;3,0;153,0;0,779;Poliedro;680,5021739130434;46,0;666,6071428571429;-23,579446640316064;Marabá;PA;0,5206;Marabá;-5,352622429;-49,13703659;68507765;NOVA MARABA;nao_aplicavel;1300,0;Baixa (< R$ 1.800);SAS (Arco Educação);confirmado;False
33180385;COLEGIO PH;3303302;11,0;42;Outras posições;False;694,6105797101449;138,0;0,0;145,0;0,778;Poliedro;694,7735;160,0;694,6980536912753;-0,1629202898551511;Niterói;RJ;0,9692;Niterói;;;24230091;ICARAÍ;nao_aplicavel;8200,0;Alta (≥ R$ 5.000);pH (Cogna/SOMOS);confirmado;False
51016443;COLEGIO AVANCADO DE DESENVOLVIMENTO EDUCACIONAL;5107909;1,0;7;Líder local;False;657,8776190476191;42,0;4,0;121,0;0,778;Poliedro;653,0722222222222;36,0;655,6597435897436;4,805396825396883;Sinop;MT;0,6579;Sinop;-11,85973439;-55,51818254;78556260;JARDIM MARINGÁ;nao_aplicavel;7000,0;Alta (≥ R$ 5.000);próprio (Colégio CAD, filosofia institucional própria);provavel_proprio;False
31004171;COLEGIO NOSSA SENHORA DAS DORES;3106200;47,0;110;Outras posições;False;636,1278947368421;38,0;5,0;108,0;0,778;Poliedro;646,962015503876;43,0;641,879341563786;-10,834120767033935;Belo Horizonte;MG;0,9738;Belo Horizonte;-19,91578724;-43,93121791;30150220;FLORESTA;nao_aplicavel;5000,0;Alta (≥ R$ 5.000);próprio (rede confessional, Congregação São João Batista);provavel_proprio;False
53020600;COL FLEMING AGUAS CLARAS;5300108;22,0;117;Outras posições;False;664,633;40,0;2,0;94,0;0,778;Poliedro;;;664,633;;Brasília;DF;0,9278;Brasília;;;71917180;AGUAS CLARAS;nao_aplicavel;3000,0;Média-Alta (R$ 3.000-4.999);próprio (Fleming Educação, preparatório para Medicina);provavel_proprio;False
41063309;COL PONTAGROSSENSE-EDUC INF ENS FUND ENS MED;4119905;2,0;14;Desafiante (2º-5º local);False;652,0256756756756;74,0;4,0;262,0;0,778;Poliedro;657,1611711711712;74,0;654,5934234234234;-5,135495495495547;Ponta Grossa;PR;0,5848;Ponta Grossa;-25,0895814;-50,15786086;84010370;CENTRO;nao_aplicavel;4600,0;Média-Alta (R$ 3.000-4.999);SAE Digital;confirmado;False
41030095;PREMIER C - EI EF M;4113700;4,0;24;Desafiante (2º-5º local);False;641,3193220338984;59,0;5,0;189,0;0,778;Poliedro;620,3958333333333;40,0;632,8653872053872;20,923488700565144;Londrina;PR;0,8372;Londrina;-23,32991193;-51,17441066;86050490;GLEBA FAZENDA PALHANO;nao_aplicavel;2500,0;Média (R$ 1.800-2.999);Mackenzie;confirmado;False
33182108;COLEGIO E CURSO PRW;3303906;3,0;19;Desafiante (2º-5º local);False;691,8580952380953;42,0;1,0;148,0;0,778;Poliedro;678,8383870967742;62,0;684,0963461538462;13,019708141321075;Petrópolis;RJ;0,8097;Petrópolis;;;25685060;CENTRO;nao_aplicavel;1900,0;Média (R$ 1.800-2.999);próprio;confirmado;False
43123988;COLEGIO RIACHUELO;4316907;3,0;12;Desafiante (2º-5º local);False;693,5887096774194;62,0;2,0;262,0;0,778;Poliedro;693,2560784313725;68,0;693,4147179487179;0,3326312460468443;Santa Maria;RS;0,809;Santa Maria;-29,68548;-53,80645;97010004;CENTRO;nao_aplicavel;4000,0;Média-Alta (R$ 3.000-4.999);Anglo (Cogna/SOMOS);confirmado;False
35130217;ESCOLA CARANDA VIVA VIDA;3550308;44,0;516;Outras posições;False;657,6666666666666;27,0;4,0;100,0;0,778;Poliedro;665,4384615384616;13,0;660,1925;-7,771794871795009;São Paulo;SP;0,8116;Saúde;-23,594983;-46,6497822;4050011;MIRANDOPOLIS;distrito;6000,0;Alta (≥ R$ 5.000);próprio (Carandá Educação, pedagogia progressista);provavel_proprio;False
35463279;VITAL BRAZIL COLEGIO;3550308;45,0;516;Outras posições;False;721,622794117647;136,0;1,0;401,0;0,778;Poliedro;719,4730841121495;107,0;720,6762139917696;2,149710005497468;São Paulo;SP;0,8116;Butantã;-23,57224508;-46,74279709;5359000;VILA BUTANTA;distrito;5000,0;Alta (≥ R$ 5.000);próprio (proposta pedagógica autoral, trilhas de conhecimento);provavel_proprio;False
42121191;COLEGIO POSITIVO JOINVILLE;4209102;2,0;14;Desafiante (2º-5º local);False;651,8408602150537;155,0;4,0;497,0;0,777;Poliedro;663,1724747474747;132,0;657,052613240418;-11,331614532420986;Joinville;SC;0,7075;Joinville;-26,30508;-48,85743;89203078;ATIRADORES;nao_aplicavel;8000,0;Alta (≥ R$ 5.000);Positivo (Arco Educação);confirmado;False
31006424;COLEGIO FRANCISCANO SAGRADA FAMILIA;3106200;48,0;110;Outras posições;False;635,8399999999999;55,0;5,0;191,0;0,777;Poliedro;;;635,8399999999999;;Belo Horizonte;MG;0,9738;Belo Horizonte;-19,9025;-43,96696;31230000;CAICARAS;nao_aplicavel;3500,0;Média-Alta (R$ 3.000-4.999);Bernoulli;confirmado;False
24089150;OVER COLEGIO E CURSO;2408003;3,0;14;Desafiante (2º-5º local);False;644,5565517241379;29,0;4,0;106,0;0,777;Poliedro;639,447619047619;21,0;642,4108;5,108932676518862;Mossoró;RN;0,5769;Mossoró;;;59612012;NOVA BETANIA;nao_aplicavel;4500,0;Média-Alta (R$ 3.000-4.999);SAS (Arco Educação);confirmado;False
33120986;COOPERATIVA EDUCACIONAL ESCOLA FRIBOURG;3303401;6,0;15;Outras posições;False;646,3161904761904;21,0;4,0;79,0;0,777;Poliedro;616,3264;25,0;630,0173913043478;29,989790476190365;Nova Friburgo;RJ;0,7816;Nova Friburgo;-22,30697;-42,53885;28623440;OLARIA;nao_aplicavel;1600,0;Baixa (< R$ 1.800);Poliedro;confirmado;True
35112773;IMACULADA INSTITUTO EDUCACIONAL;3509502;9,0;47;Outras posições;False;641,1178666666667;50,0;5,0;184,0;0,777;Poliedro;656,7020833333333;48,0;648,7509523809524;-15,584216666666634;Campinas;SP;0,82;Campinas;-22,889964;-47,0623148;13020433;BOTAFOGO;nao_aplicavel;3000,0;Média-Alta (R$ 3.000-4.999);Bernoulli;confirmado;False
35004215;COESO EDUC;3549805;5,0;28;Desafiante (2º-5º local);False;663,5529411764705;17,0;3,0;72,0;0,777;Poliedro;642,1115789473685;19,0;652,2366666666667;21,441362229102083;São José do Rio Preto;SP;0,8136;São José do Rio Preto;-20,8332759;-49,3907445;15085400;JARDIM WALKIRIA;nao_aplicavel;2500,0;Média (R$ 1.800-2.999);UNOi;confirmado;False
42091560;COLEGIO MARISTA SAO LUIS EI EF EM;4208906;2,0;7;Desafiante (2º-5º local);False;654,5699999999999;62,0;3,0;228,0;0,777;Poliedro;639,948717948718;52,0;647,9006432748539;14,621282051281923;Jaraguá do Sul;SC;0,5822;Jaraguá do Sul;-26,48585367;-49,08334237;89251700;CENTRO;nao_aplicavel;4000,0;Média-Alta (R$ 3.000-4.999);Marista (FTD, rede fechada);confirmado;False
35008727;ESCOLA NOVA LOURENCO CASTANHO;3550308;46,0;516;Outras posições;False;663,5083333333333;28,0;3,0;147,0;0,777;Poliedro;650,5;23,0;657,6418300653595;13,008333333333326;São Paulo;SP;0,8116;Santo Amaro;;;4736002;SANTO AMARO;distrito;7500,0;Alta (≥ R$ 5.000);próprio (proposta pedagógica autoral desde 1964);provavel_proprio;False
35117614;SAGRADO REDE DE EDUCACAO PBSCJ PROVINCIA BRASILEIRA SAGRADO CORACAO DE JESUS;3529005;1,0;13;Líder local;False;651,7304347826087;23,0;4,0;99,0;0,777;Poliedro;619,2617391304348;23,0;635,4960869565217;32,46869565217389;Marília;SP;0,6435;Marília;-22,2129585;-49,9474802;17509001;PALMITAL;nao_aplicavel;2400,0;Média (R$ 1.800-2.999);Anglo (Cogna/SOMOS);confirmado;False
29171652;COLEGIO SANTO ANTONIO DE JESUS;2928703;2,0;6;Desafiante (2º-5º local);False;635,7114754098361;61,0;5,0;267,0;0,777;Poliedro;642,7618699186992;82,0;639,754358974359;-7,050394508863064;Santo Antônio de Jesus;BA;0,4136;Santo Antônio de Jesus;-12,97007;-39,26291;44430172;CENTRO;nao_aplicavel;1212,0;Baixa (< R$ 1.800);COC (Arco Educação);confirmado;False
33055882;COLEGIO NOSSA SENHORA DA ASSUNCAO;3303302;12,0;42;Outras posições;False;631,2120930232558;43,0;5,0;141,0;0,776;Poliedro;632,4835555555557;45,0;631,8622727272727;-1,2714625322998927;Niterói;RJ;0,9692;Niterói;-22,92109;-43,09251;24360100;SÃO FRANCISCO;nao_aplicavel;6000,0;Alta (≥ R$ 5.000);próprio (rede confessional, Irmãs Felicianas);provavel_proprio;False
43105149;COLEGIO BOM JESUS SEVIGNE;4314902;20,0;61;Outras posições;False;636,7216666666667;16,0;5,0;95,0;0,776;Poliedro;653,5309090909091;22,0;646,4533333333334;-16,80924242424237;Porto Alegre;RS;0,9276;Porto Alegre;-30,03384643;-51,2267541;90010283;CENTRO HISTORICO;nao_aplicavel;4000,0;Média-Alta (R$ 3.000-4.999);não identificado;provavel_proprio;False
31166359;ASSEIJ - COLEGIO NOSSA SENHORA DAS DORES;3170107;7,0;13;Outras posições;False;636,6985542168675;83,0;5,0;301,0;0,776;Poliedro;655,058125;64,0;644,691836734694;-18,35957078313254;Uberaba;MG;0,7922;Uberaba;-19,7526872;-47,9314154;38025050;NOSSA SENHORA DA ABADIA;nao_aplicavel;2000,0;Média (R$ 1.800-2.999);próprio (Sistema Educacional Dominicanas);confirmado;False
33188823;COLEGIO ESPACO VERDE;3306305;5,0;12;Desafiante (2º-5º local);False;636,6242105263158;19,0;5,0;73,0;0,776;Poliedro;643,614;30,0;640,9036734693879;-6,989789473684255;Volta Redonda;RJ;0,7431;Volta Redonda;;;27255430;VILA SANTA CECÍLIA;nao_aplicavel;5000,0;Alta (≥ R$ 5.000);Farias Brito (SFB);confirmado;False
31341550;COLEGUIUM - UNIDADE JARDIM CANADA;3144805;5,0;8;Desafiante (2º-5º local);False;660,7322222222223;18,0;3,0;45,0;0,776;Poliedro;614,766;10,0;644,3157142857143;45,96622222222232;Nova Lima;MG;0,843;Nova Lima;-20,0690836;-43,9867628;34007790;JARDIM CANADÁ;nao_aplicavel;2600,0;Média (R$ 1.800-2.999);não identificado;provavel_proprio;False
43216684;COLEGIO JOAO PAULO;4314902;21,0;61;Outras posições;False;662,9746666666666;15,0;3,0;55,0;0,776;Poliedro;679,2973333333333;15,0;671,136;-16,32266666666669;Porto Alegre;RS;0,9276;Porto Alegre;;;90810240;PRAIA DE BELAS;nao_aplicavel;5000,0;Alta (≥ R$ 5.000);SAS (Arco Educação);confirmado;False
33110328;COLEGIO PH;3304557;66,0;344;Outras posições;False;660,6926174496645;149,0;3,0;409,0;0,776;Poliedro;682,7358227848101;158,0;672,0373289902279;-22,04320533514567;Rio de Janeiro;RJ;0,8408;Rio de Janeiro;-22,94476;-43,18252;22250040;BOTAFOGO;bairro;8000,0;Alta (≥ R$ 5.000);pH (Cogna/SOMOS);confirmado;False
33105405;COLEGIO PH;3304557;66,0;344;Outras posições;False;654,0248226950355;141,0;3,0;394,0;0,776;Poliedro;690,4235416666667;96,0;668,7686075949367;-36,39871897163118;Rio de Janeiro;RJ;0,8408;Rio de Janeiro;-22,91737;-43,22094;20271064;TIJUCA;bairro;5500,0;Alta (≥ R$ 5.000);pH (Cogna/SOMOS);confirmado;False
33140502;COLEGIO ATUACAO BILINGUE;3303302;13,0;42;Outras posições;False;662,6845454545454;22,0;3,0;94,0;0,776;Poliedro;687,9608333333334;24,0;675,8721739130435;-25,276287878788025;Niterói;RJ;0,9692;Niterói;-22,87955553;-43,10099535;24130082;FONSECA;nao_aplicavel;2300,0;Média (R$ 1.800-2.999);não identificado;provavel_proprio;False
17057574;COLEGIO COC INTEGRAL;1721000;3,0;14;Desafiante (2º-5º local);False;670,8816666666667;12,0;1,0;14,0;0,775;Poliedro;;;670,8816666666667;;Palmas;TO;0,7844;Palmas;;;77020452;PLANO DIRETOR SUL;nao_aplicavel;2148,5;Média (R$ 1.800-2.999);COC (Arco Educação);confirmado;False
50034197;COLEGIO MASTER LTDA;5002704;6,0;31;Outras posições;False;662,5661818181818;55,0;3,0;217,0;0,775;Poliedro;654,542;40,0;659,1875789473684;8,024181818181773;Campo Grande;MS;0,789;Campo Grande;-20,46432667;-54,58406667;79040120;CHACARA CACHOEIRA;nao_aplicavel;10000,0;Alta (≥ R$ 5.000);Anglo (Cogna/SOMOS);confirmado;False
42000238;COLEGIO BOM JESUS CORACAO DE JESUS;4205407;5,0;30;Desafiante (2º-5º local);False;640,6637837837839;37,0;5,0;135,0;0,775;Poliedro;602,6870833333334;48,0;619,2181176470589;37,976700450450494;Florianópolis;SC;0,9306;Cachoeira do Bom Jesus;-27,59461725;-48,54670177;88020050;CENTRO;nao_aplicavel;7500,0;Alta (≥ R$ 5.000);Edebê (rede salesiana);confirmado;False
35126718;ESCOLA NOVA LOURENCO UNIDADE IV;3550308;47,0;516;Outras posições;False;671,5768484848485;55,0;3,0;320,0;0,775;Poliedro;658,6604371584699;61,0;664,7845977011494;12,91641132637858;São Paulo;SP;0,8116;Itaim Bibi;-23,5908866;-46,6707137;4507000;VILA NOVA CONCEICAO;distrito;10001,0;Alta (≥ R$ 5.000);próprio (proposta pedagógica autoral desde 1964);provavel_proprio;False
35450339;SANTA ROSALIA COLEGIO;3552205;2,0;27;Desafiante (2º-5º local);False;662,4371428571428;70,0;3,0;240,0;0,775;Poliedro;671,3885714285714;70,0;666,9128571428571;-8,95142857142855;Sorocaba;SP;0,7667;Sorocaba;-23,4847294;-47,4391526;18095550;JARDIM SANTA ROSALIA;nao_aplicavel;2500,0;Média (R$ 1.800-2.999);COC (Arco Educação);confirmado;False
33032858;COLEGIO ARCOVERDE - UNIDADE MACEDO SOARES;3306305;6,0;12;Outras posições;False;635,27125;32,0;5,0;121,0;0,775;Poliedro;659,0180952380953;21,0;644,6803773584905;-23,74684523809526;Volta Redonda;RJ;0,7431;Volta Redonda;-22,52515;-44,10535;27261091;VILA SANTA CECÍLIA;nao_aplicavel;5000,0;Alta (≥ R$ 5.000);Bernoulli;confirmado;False
26184834;COLEGIO MOTIVO CARUARU;2604106;2,0;13;Desafiante (2º-5º local);False;645,5318918918919;37,0;4,0;131,0;0,774;Poliedro;623,5875862068966;29,0;635,889696969697;21,944305684995243;Caruaru;PE;0,5038;Caruaru;-8,26517;-35,970205;55016833;UNIVERSITÁRIO;nao_aplicavel;5000,0;Alta (≥ R$ 5.000);Anglo (Cogna/SOMOS);confirmado;False
31322873;COLEGUIUM - UNIDADE SANTA AMELIA;3106200;49,0;110;Outras posições;False;653,6358974358974;39,0;3,0;159,0;0,774;Poliedro;674,01;60,0;665,9838383838384;-20,3741025641026;Belo Horizonte;MG;0,9738;Belo Horizonte;-19,8456465;-43,9795494;31560050;SANTA BRANCA;nao_aplicavel;3800,0;Média-Alta (R$ 3.000-4.999);próprio (Coleguium Rede de Ensino);confirmado;False
35144216;PARTHENON COLEGIO;3518800;4,0;57;Desafiante (2º-5º local);False;640,626052631579;38,0;5,0;163,0;0,774;Poliedro;649,1647826086956;46,0;645,3020238095238;-8,538729977116645;Guarulhos;SP;0,6077;Guarulhos;-23,4795004;-46,5437887;7023010;VILA AUGUSTA;nao_aplicavel;5000,0;Alta (≥ R$ 5.000);SAS (Arco Educação);confirmado;False
42160650;CURSO E COLEGIO CRIATIVO;4205407;6,0;30;Outras posições;False;662,3547540983607;61,0;3,0;246,0;0,774;Poliedro;636,4420105820105;63,0;649,1894086021505;25,912743516350133;Florianópolis;SC;0,9306;Florianópolis;;;88095010;JARDIM ATLANTICO;nao_aplicavel;3500,0;Média-Alta (R$ 3.000-4.999);próprio (metodologia autoral Colégio Criativo);provavel_proprio;False
26181231;COLEGIO FAZER CRESCER - ENSINO MEDIO;2611606;18,0;76;Outras posições;False;683,078947368421;38,0;1,0;111,0;0,774;Poliedro;709,1364102564103;39,0;696,2768831168831;-26,05746288798923;Recife;PE;0,9162;Recife;-8,0314406;-34,8960361;52041055;ROSARINHO;nao_aplicavel;8000,0;Alta (≥ R$ 5.000);próprio (tradição reformada/sócio-construtivismo);provavel_proprio;False
33089825;COLEGIO SANTA MONICA - SAO GONCALO;3304904;1,0;29;Líder local;False;653,5526530612245;49,0;3,0;180,0;0,774;Poliedro;663,6176923076923;52,0;658,7346534653467;-10,06503924646779;São Gonçalo;RJ;0,5133;São Gonçalo;-22,81112;-43,0384;24461000;MUTUÁ;nao_aplicavel;2000,0;Média (R$ 1.800-2.999);Anglo;confirmado;False
42020565;COLEGIO DOS SANTOS ANJOS;4209102;3,0;14;Desafiante (2º-5º local);False;644,6720187793427;71,0;5,0;284,0;0,774;Poliedro;642,1783870967741;62,0;643,509573934837;2,493631682568548;Joinville;SC;0,7075;Joinville;-26,3055797;-48,8465774;89201100;CENTRO;nao_aplicavel;6000,0;Alta (≥ R$ 5.000);FTD;confirmado;False
51014459;CENTRO EDUCACIONAL VINICIUS DE MORAES;5107925;1,0;5;Líder local;False;655,0742105263158;38,0;3,0;158,0;0,773;Poliedro;646,3758620689656;29,0;651,3092537313433;8,698348457350221;Sorriso;MT;0,5055;Sorriso;-12,5456;-55,73188;78890030;BELA VISTA;nao_aplicavel;3000,0;Média-Alta (R$ 3.000-4.999);próprio (CEVIM, proposta institucional própria);provavel_proprio;False
53005899;INSTITUTO EDUCACIONAL SANTO ELIAS;5300108;23,0;117;Outras posições;False;650,8136296296296;45,0;4,0;139,0;0,773;Poliedro;644,9683908045978;58,0;647,5221359223301;5,845238825031856;Brasília;DF;0,9278;Brasília;-15,64566033;-47,78779023;73040110;SOBRADINHO;nao_aplicavel;3000,0;Média-Alta (R$ 3.000-4.999);FTD;confirmado;False
35125982;COLEGIO PORTO ALVORADA ENSINO FUNDAMENTAL E MEDIO;3525300;3,0;10;Desafiante (2º-5º local);False;640,4224390243902;41,0;5,0;102,0;0,773;Poliedro;626,9492307692308;26,0;635,1940298507462;13,47320825515942;Jaú;SP;0,6541;Jaú;-22,2873606;-48,5383508;17210520;JARDIM ALVORADA II;nao_aplicavel;2100,0;Média (R$ 1.800-2.999);SAS (Arco Educação);confirmado;False
42160081;GAIA CURSO E COLEGIO;4205407;7,0;30;Outras posições;False;661,7257738095238;112,0;3,0;484,0;0,773;Poliedro;663,971568627451;68,0;662,5741851851852;-2,2457948179271625;Florianópolis;SC;0,9306;Florianópolis;-27,59343335;-48,54607706;88020030;CENTRO;nao_aplicavel;7500,0;Alta (≥ R$ 5.000);não identificado;nao_identificado;False
31217123;COLEGUIUM - UNIDADE OURO PRETO;3106200;50,0;110;Outras posições;False;653,3066666666667;72,0;3,0;266,0;0,773;Poliedro;654,1107462686567;67,0;653,6942446043165;-0,8040796019899972;Belo Horizonte;MG;0,9738;Belo Horizonte;-19,8734498;-43,9794073;31310400;OURO PRETO;nao_aplicavel;4500,0;Média-Alta (R$ 3.000-4.999);próprio (Coleguium Rede de Ensino);confirmado;False
43008895;ESCOLA DE ENSINO MEDIO IMPULSO AO SABER;4302105;2,0;4;Desafiante (2º-5º local);False;644,7321568627451;17,0;4,0;36,0;0,773;Poliedro;626,8333333333334;18,0;635,5270476190476;17,898823529411743;Bento Gonçalves;RS;0,6837;Bento Gonçalves;;;95703300;FENAVINHO;nao_aplicavel;3000,0;Média-Alta (R$ 3.000-4.999);Positivo (Arco Educação);confirmado;False
29093627;COLEGIO PADRE OVIDIO;2910800;7,0;21;Outras posições;False;640,3118518518519;45,0;5,0;166,0;0,772;Poliedro;619,4374545454546;55,0;628,8309333333334;20,874397306397327;Feira de Santana;BA;0,6655;Feira de Santana;-12,26019435;-38,9657545;44001795;CENTRO;nao_aplicavel;1212,0;Baixa (< R$ 1.800);FTD;confirmado;False
53001346;COLEGIO MARISTA DE BRASILIA ENSINO FUNDAMENTAL E ENSINO MEDIO;5300108;24,0;117;Outras posições;False;650,5344278606965;201,0;4,0;669,0;0,772;Poliedro;654,4096078431372;204,0;652,4863703703703;-3,875179982440727;Brasília;DF;0,9278;Brasília;-15,8370045;-47,91664499;70200750;ASA SUL;nao_aplicavel;3000,0;Média-Alta (R$ 3.000-4.999);Marista (FTD, rede fechada);confirmado;False
33111901;COL BAHIENSE VAZ LOBO;3304557;68,0;344;Outras posições;False;655,3442857142857;14,0;4,0;55,0;0,772;Poliedro;652,3249122807017;19,0;653,6058585858585;3,019373433583951;Rio de Janeiro;RJ;0,8408;Rio de Janeiro;-22,85884;-43,32939;21361140;MADUREIRA;bairro;2000,0;Média (R$ 1.800-2.999);próprio (Rede Bahiense);provavel_proprio;False
33008221;CENTRO EDUCACIONAL NOSSA SENHORA AUXILIADORA;3301009;1,0;16;Líder local;False;630,000248447205;161,0;5,0;634,0;0,772;Poliedro;619,3186486486487;148,0;624,884142394822;10,681599798556247;Campos dos Goytacazes;RJ;0,6581;Campos dos Goytacazes;-21,75523341;-41,33065492;28035310;CENTRO;nao_aplicavel;3600,0;Média-Alta (R$ 3.000-4.999);Bernoulli;confirmado;False
25164805;FERA COLEGIO E CURSO;2510808;1,0;6;Líder local;False;635,781090909091;55,0;5,0;233,0;0,772;Poliedro;632,0886666666667;60,0;633,8546086956521;3,692424242424295;Patos;PB;0,3748;Patos;-7,017253;-37,28628;58704343;BELO HORIZONTE;nao_aplicavel;1212,0;Baixa (< R$ 1.800);não identificado;nao_identificado;False
35153631;INSTITUTO DE ENSINO NOVO DINAMICO;3550308;48,0;516;Outras posições;False;650,48;25,0;4,0;102,0;0,772;Poliedro;618,2462857142857;35,0;631,6769999999999;32,23371428571431;São Paulo;SP;0,8116;São Lucas;-23,6008493;-46,5465853;3241000;SITIO PINHEIRINHO;distrito;2600,0;Média (R$ 1.800-2.999);não identificado;nao_identificado;False
32018134;ESCOLA ALTERNATIVA LAGO DOS CISNES;3204906;1,0;4;Líder local;False;635,7764705882353;51,0;5,0;175,0;0,771;Poliedro;637,6902222222222;45,0;636,6735416666667;-1,913751633986976;São Mateus;ES;0,3555;São Mateus;-18,7209563;-39,8429502;29936702;LAGO DOS CISNES;nao_aplicavel;1400,0;Baixa (< R$ 1.800);próprio (modelo cooperativista COOPESMA);provavel_proprio;False
51067471;PPE - PRINA PITT ESCOLA;5107909;2,0;7;Desafiante (2º-5º local);False;680,8612698412699;63,0;1,0;189,0;0,771;Poliedro;674,6221538461539;65,0;677,6929687500001;6,239115995115981;Sinop;MT;0,6579;Sinop;-11,85843927;-55,51508611;78555556;RESIDENCIAL IPANEMA;nao_aplicavel;2600,0;Média (R$ 1.800-2.999);SAS (Arco Educação);confirmado;False
35136050;LEONARDO DA VINCI COLEGIO DE ENSINO FUNDAMENTAL E MEDIO;3525904;3,0;31;Desafiante (2º-5º local);False;707,6338138138138;111,0;1,0;314,0;0,771;Poliedro;694,6760240963855;83,0;702,0900171821305;12,95778971742834;Jundiaí;SP;0,825;Jundiaí;-23,178625;-46,8953209;13201100;VILA RAFAEL DE OLIVEIRA;nao_aplicavel;3000,0;Média-Alta (R$ 3.000-4.999);Anglo (Cogna/SOMOS);confirmado;False
43119948;COLEGIO MARISTA SAO LUIS;4316808;4,0;5;Desafiante (2º-5º local);False;635,6939130434783;23,0;5,0;143,0;0,771;Poliedro;631,9966666666667;36,0;633,437966101695;3,697246376811677;Santa Cruz do Sul;RS;0,4392;Santa Cruz do Sul;-29,71778;-52,42804;96810052;CENTRO;nao_aplicavel;4000,0;Média-Alta (R$ 3.000-4.999);Marista (FTD, rede fechada);confirmado;False
42108764;COLEGIO DOM JAIME CAMARA;4216602;1,0;11;Líder local;False;649,9607547169811;53,0;4,0;175,0;0,771;Poliedro;631,5426470588236;68,0;639,6100826446282;18,41810765815751;São José;SC;0,7122;São José;-27,59016118;-48,61408095;88102300;KOBRASOL;nao_aplicavel;4500,0;Média-Alta (R$ 3.000-4.999);Anglo (Cogna/SOMOS);confirmado;False
31379719;COLEGIO RUTHERFORD;3167202;5,0;13;Desafiante (2º-5º local);False;673,2072727272727;44,0;2,0;111,0;0,77;Poliedro;684,4;25,0;677,2626086956521;-11,192727272727325;Sete Lagoas;MG;0,7362;Sete Lagoas;-19,47170333;-44,23893333;35700202;SÃO GERALDO;nao_aplicavel;1800,0;Média (R$ 1.800-2.999);Bernoulli;confirmado;False
31006491;ESCOLA BALAO VERMELHO;3106200;51,0;110;Outras posições;False;652,9204166666667;48,0;3,0;134,0;0,77;Poliedro;668,1278787878788;33,0;659,116049382716;-15,207462121212076;Belo Horizonte;MG;0,9738;Belo Horizonte;-19,95515;-43,9102;30210190;MANGABEIRAS;nao_aplicavel;15000,0;Alta (≥ R$ 5.000);próprio (Grupo Bioma Educação);provavel_proprio;False
42160073;COLEGIO FORMULA;4211900;1,0;9;Líder local;False;660,5664285714286;28,0;3,0;90,0;0,77;Poliedro;650,8947826086957;46,0;654,5543243243244;9,671645962732896;Palhoça;SC;0,5957;Palhoça;-27,63660108;-48,68387199;88132228;PAGANI;nao_aplicavel;2500,0;Média (R$ 1.800-2.999);SAS (Arco Educação);confirmado;False
33159645;GRUPO EDUCACIONAL MOPI LTDA - UNIDADE INTEGRADO II - TIJUCA;3304557;69,0;344;Outras posições;False;660,8180952380952;21,0;2,0;62,0;0,77;Poliedro;649,04;18,0;655,3820512820513;11,77809523809526;Rio de Janeiro;RJ;0,8408;Rio de Janeiro;-22,9186;-43,22489;20550040;TIJUCA;bairro;5500,0;Alta (≥ R$ 5.000);próprio (currículo bilíngue institucional);provavel_proprio;False
33071721;COLEGIO QI METROPOLITANO;3304557;69,0;344;Outras posições;False;638,8952688172043;62,0;4,0;190,0;0,77;Poliedro;641,8908641975308;54,0;640,2897701149426;-2,995595380326563;Rio de Janeiro;RJ;0,8408;Rio de Janeiro;-22,9039825;-43,2828917;20720170;MÉIER;bairro;4500,0;Média-Alta (R$ 3.000-4.999);próprio (Raiz Sistema de Ensino);confirmado;False
42080258;COLEGIO SAO LUIZ;4202909;1,0;5;Líder local;False;639,8086666666666;30,0;5,0;196,0;0,769;Poliedro;621,0933333333334;30,0;630,4509999999999;18,71533333333321;Brusque;SC;0,4669;Brusque;-27,09889501;-48,92025144;88350350;CENTRO I;nao_aplicavel;2600,0;Média (R$ 1.800-2.999);Bernoulli;confirmado;False
31118320;COL IMACULADA CONCEICAO;3147907;3,0;5;Desafiante (2º-5º local);False;639,761935483871;31,0;5,0;105,0;0,769;Poliedro;667,2717073170732;41,0;655,4272222222221;-27,509771833202198;Passos;MG;0,5509;Passos;-20,7205803;-46,6070841;37900150;CENTRO;nao_aplicavel;3300,0;Média-Alta (R$ 3.000-4.999);Anglo (Cogna/SOMOS);confirmado;False
35133450;OBJETIVO COLEGIO I UNIDADE PINHEIROS;3550308;49,0;516;Outras posições;False;639,7571428571429;77,0;5,0;196,0;0,769;Poliedro;635,9837974683544;79,0;637,846282051282;3,773345388788471;São Paulo;SP;0,8116;Pinheiros;-23,5648811;-46,6975644;5428002;PINHEIROS;distrito;10000,0;Alta (≥ R$ 5.000);Objetivo;confirmado;False
35161123;RODIN COLEGIO;3520509;3,0;12;Desafiante (2º-5º local);False;668,1995555555555;45,0;3,0;203,0;0,769;Poliedro;663,7996610169491;59,0;665,7034615384616;4,399894538606418;Indaiatuba;SP;0,794;Indaiatuba;-23,0883511;-47,2225232;13330340;VILA SFEIR;nao_aplicavel;3000,0;Média-Alta (R$ 3.000-4.999);COC (Arco Educação);confirmado;False
33196222;ESCOLA NOVA BY SWISS INTERNATIONAL SCHOOL;3304557;71,0;344;Outras posições;False;642,8151111111112;45,0;4,0;156,0;0,768;Poliedro;652,8960317460317;42,0;647,6817624521073;-10,080920634920515;Rio de Janeiro;RJ;0,8408;Rio de Janeiro;;;22470070;GAVEA;bairro;9000,0;Alta (≥ R$ 5.000);próprio (Swiss International School, currículo internacional IB);confirmado;False
43112790;COLEGIO BOM JESUS JOANA D ARC;4315602;1,0;7;Líder local;False;639,5634782608695;23,0;5,0;99,0;0,768;Poliedro;638,9605555555556;36,0;639,195593220339;0,6029227053138584;Rio Grande;RS;0,4191;Ilha dos Marinheiros;-32,03442505;-52,09607396;96200020;CENTRO;nao_aplicavel;1425,0;Baixa (< R$ 1.800);Positivo (Arco Educação);confirmado;False
31123544;COLEGIO LEONARDO DA VINCI;3148004;2,0;5;Desafiante (2º-5º local);False;667,245751633987;51,0;1,0;205,0;0,768;Poliedro;658,2222727272728;44,0;663,066456140351;9,023478906714216;Patos de Minas;MG;0,7276;Patos de Minas;-18,58381157;-46,51821584;38700096;CENTRO;nao_aplicavel;3600,0;Média-Alta (R$ 3.000-4.999);Anglo (Cogna/SOMOS);confirmado;False
51068931;ESCOLA AVANCE;5107958;2,0;4;Desafiante (2º-5º local);False;648,8316666666666;24,0;4,0;77,0;0,768;Poliedro;593,6484210526315;19,0;624,4483720930232;55,18324561403506;Tangará da Serra;MT;0,5566;Tangará da Serra;;;78306134;JARDIM CIDADE ALTA;nao_aplicavel;3000,0;Média-Alta (R$ 3.000-4.999);COC (Arco Educação);confirmado;False
35113086;NEXT COLEGIO;3523404;1,0;7;Líder local;False;671,4263636363637;22,0;2,0;91,0;0,768;Poliedro;647,0683333333334;20,0;659,8273015873017;24,35803030303032;Itatiba;SP;0,675;Itatiba;-22,98790075;-46,85402754;13257400;JARDIM NOSSA SENHORA DAS GRACAS;nao_aplicavel;2500,0;Média (R$ 1.800-2.999);Poliedro;confirmado;True
24003581;CPP - COLEGIO PRINCIPE;2408003;4,0;14;Desafiante (2º-5º local);False;634,9790476190476;42,0;5,0;118,0;0,767;Poliedro;632,3628571428571;49,0;633,5703296703296;2,616190476190468;Mossoró;RN;0,5769;Mossoró;;;59618080;PAREDÕES;nao_aplicavel;1300,0;Baixa (< R$ 1.800);Pitágoras (Cogna/SOMOS);confirmado;False
35138769;ASTHER COLEGIO;3509502;10,0;47;Outras posições;False;639,3008333333333;24,0;5,0;72,0;0,767;Poliedro;643,703492063492;21,0;641,3554074074074;-4,402658730158692;Campinas;SP;0,82;Campinas;-22,9185593;-47,0440093;13100040;JARDIM PARAISO;nao_aplicavel;3000,0;Média-Alta (R$ 3.000-4.999);Bernoulli;confirmado;False
33101876;COC - ILHA DO GOVERNADOR - UNIDADE CAMBAUBA;3304557;72,0;344;Outras posições;False;648,7835714285713;28,0;4,0;89,0;0,767;Poliedro;672,3000000000001;17,0;657,6675555555556;-23,51642857142872;Rio de Janeiro;RJ;0,8408;Rio de Janeiro;-22,81121;-43,19307;21940005;JARDIM GUANABARA;bairro;6000,0;Alta (≥ R$ 5.000);COC (Arco Educação);confirmado;False
23163240;PEQUENO PRINCIPE COLEGIO;2304202;1,0;4;Líder local;False;639,201746031746;84,0;5,0;290,0;0,767;Poliedro;651,3928767123288;73,0;644,8702335456476;-12,191130680582772;Crato;CE;0,197;Crato;-7,23716758;-39,41664583;63105000;PIMENTA;nao_aplicavel;3000,0;Média-Alta (R$ 3.000-4.999);próprio (educação cristã, +50 anos);provavel_proprio;False
35009757;COLEGIO POLIEDRO UNIDADE CENTRO;3509502;11,0;47;Outras posições;True;700,13875;16,0;1,0;17,0;0,767;Poliedro;724,31875;16,0;712,22875;-24,180000000000064;Campinas;SP;0,82;Campinas;;;13020100;BOTAFOGO;nao_aplicavel;3000,0;Média-Alta (R$ 3.000-4.999);Poliedro;confirmado;True
31377899;COLEGIO OMEGA;3143906;1,0;3;Líder local;False;667,832258064516;31,0;2,0;94,0;0,767;Poliedro;651,127536231884;23,0;660,7172839506172;16,704721832632003;Muriaé;MG;0,4496;Muriaé;;;36884002;BARRA;nao_aplicavel;1500,0;Baixa (< R$ 1.800);próprio (perspectiva sócio-interacionista);provavel_proprio;False
42141036;COLEGIO ENERGIA;4204202;3,0;9;Desafiante (2º-5º local);False;683,457094017094;78,0;2,0;235,0;0,766;Poliedro;692,1277777777779;54,0;687,004191919192;-8,6706837606838;Chapecó;SC;0,7008;Chapecó;-27,10030627;-52,61486334;89801060;CENTRO;nao_aplicavel;5000,0;Alta (≥ R$ 5.000);SAS (Arco Educação);confirmado;False
21279446;ESCOLA CRESCIMENTO;2111300;9,0;47;Outras posições;False;642,0091358024691;27,0;4,0;118,0;0,766;Poliedro;658,0656;25,0;649,7285897435897;-16,056464197530886;São Luís;MA;0,7058;São Luís;-2,4937878;-44,2463082;65071670;CALHAU;nao_aplicavel;1300,0;Baixa (< R$ 1.800);Poliedro;confirmado;True
21267324;COLEGIO GLAUCIA COSTA;2112209;1,0;4;Líder local;False;643,48375;16,0;4,0;52,0;0,766;Poliedro;624,1138461538461;13,0;634,8006896551725;19,369903846153875;Timon;MA;0,1719;Timon;-5,0923884;-42,8291662;65631140;PARQUE PIAUÍ I;nao_aplicavel;1216,0;Baixa (< R$ 1.800);não identificado;nao_identificado;False
28032799;COLEGIO IDEAL LTDA-EPP;2800308;9,0;43;Outras posições;False;669,9727450980392;34,0;2,0;192,0;0,766;Poliedro;663,2040625;64,0;665,552380952381;6,768682598039277;Aracaju;SE;0,864;Aracaju;-10,9157132;-37,0584319;49055230;CIRURGIA;nao_aplicavel;2000,0;Média (R$ 1.800-2.999);não identificado;nao_identificado;False
35137133;PENTAGONO COLEGIO UNIDADE MORUMBI;3550308;50,0;516;Outras posições;False;666,6890909090909;44,0;3,0;165,0;0,765;Poliedro;671,0115032679739;51,0;669,009543859649;-4,322412358883071;São Paulo;SP;0,8116;Vila Andrade;-23,6291211;-46,7414436;5734150;VILA ANDRADE;distrito;4000,0;Média-Alta (R$ 3.000-4.999);próprio (Sistema Pentágono);confirmado;False
31369969;COLEGIO NACIONAL - UNIDADE IV;3170206;9,0;21;Outras posições;False;648,2307707129095;173,0;4,0;631,0;0,765;Poliedro;658,605243902439;164,0;653,2794757665678;-10,374473189529567;Uberlândia;MG;0,8643;Uberlândia;-18,93134761;-48,29008278;38411045;PATRIMÔNIO;nao_aplicavel;5000,0;Alta (≥ R$ 5.000);não identificado;nao_identificado;False
33182094;COLEGIO E CURSO PENSI;3305802;4,0;10;Desafiante (2º-5º local);False;645,8411428571428;35,0;3,0;117,0;0,765;Poliedro;631,4896551724138;29,0;639,338125;14,351487684729022;Teresópolis;RJ;0,792;Teresópolis;;;25961265;ALTO;nao_aplicavel;4000,0;Média-Alta (R$ 3.000-4.999);Eleva;confirmado;False
21274231;D PEDRO II EMPREENDIMENTOS EDUCACIONAIS LTDA;2111300;10,0;47;Outras posições;False;628,4592307692308;26,0;5,0;85,0;0,765;Poliedro;573,4980952380953;21,0;603,9021276595745;54,96113553113548;São Luís;MA;0,7058;São Luís;-2,51136602;-44,24714872;65074080;COHAMA;nao_aplicavel;1300,0;Baixa (< R$ 1.800);não identificado;nao_identificado;False
28020049;LICEU DE ESTUDOS INTEGRADOS;2800308;10,0;43;Outras posições;False;643,2965517241379;29,0;4,0;132,0;0,765;Poliedro;598,8583333333333;24,0;623,1735849056603;44,438218390804536;Aracaju;SE;0,864;Aracaju;-10,94675108;-37,04698515;49035810;COROA DO MEIO;nao_aplicavel;2000,0;Média (R$ 1.800-2.999);não identificado;nao_identificado;False
31281921;CECRI C EDUC CRIATIVO;3122306;5,0;9;Desafiante (2º-5º local);False;637,6707692307692;13,0;4,0;64,0;0,765;Poliedro;657,266923076923;26,0;650,7348717948717;-19,59615384615381;Divinópolis;MG;0,7505;Divinópolis;-20,1637043;-44,9041018;35501239;SAO JOSE;nao_aplicavel;2000,0;Média (R$ 1.800-2.999);SAS (Arco Educação);confirmado;False
35113219;SAO VICENTE DE PAULO COLEGIO;3525904;4,0;31;Desafiante (2º-5º local);False;653,4043137254903;51,0;4,0;162,0;0,765;Poliedro;645,8721985815603;47,0;649,7919727891157;7,532115143930014;Jundiaí;SP;0,825;Jundiaí;-23,194603;-46,8933735;13208090;ANHANGABAU;nao_aplicavel;5001,0;Alta (≥ R$ 5.000);livro didático avulso (múltiplas editoras);confirmado;False
35125222;CIDADE DE BRAGANCA PTA COLEGIO;3507605;1,0;12;Líder local;False;681,8616000000001;25,0;2,0;122,0;0,765;Poliedro;668,642;40,0;673,7264615384615;13,219600000000014;Bragança Paulista;SP;0,6238;Bragança Paulista;-22,9832063;-46,5293696;12916400;JARDIM SAO JOSE;nao_aplicavel;2400,0;Média (R$ 1.800-2.999);não identificado;nao_identificado;False
33249202;COLEGIO PH;3304557;73,0;344;Outras posições;False;651,5102127659575;94,0;3,0;255,0;0,765;Poliedro;655,4098630136986;73,0;653,2148502994012;-3,899650247741079;Rio de Janeiro;RJ;0,8408;Rio de Janeiro;-22,98122;-43,20863;22431004;LEBLON;bairro;12000,0;Alta (≥ R$ 5.000);pH (Cogna/SOMOS);confirmado;False
29442818;COLEGIO SALESIANO DOM BOSCO;2927408;15,0;90;Outras posições;False;638,7028717948718;130,0;5,0;417,0;0,765;Poliedro;631,9379831932773;119,0;635,4698527443106;6,764888601594521;Salvador;BA;0,7909;Salvador;;;41256090;VALE DOS LAGOS;nao_aplicavel;2000,0;Média (R$ 1.800-2.999);Bernoulli;confirmado;False
35112689;COMUNITARIA DE CAMPINAS ESCOLA;3509502;12,0;47;Outras posições;False;658,5717777777777;60,0;3,0;170,0;0,764;Poliedro;670,045090909091;55,0;664,0590144927536;-11,473313131313262;Campinas;SP;0,82;Campinas;-22,8914509;-47,0089471;13092621;PARQUE DA HIPICA;nao_aplicavel;3000,0;Média-Alta (R$ 3.000-4.999);próprio (Projeto Político Pedagógico autoral);provavel_proprio;False
32041373;SOCIEDADE CULTURAL MONTEIRO LOBATO CEMS;3205309;10,0;18;Outras posições;False;634,2954545454545;22,0;5,0;65,0;0,764;Poliedro;;;634,2954545454545;;Vitória;ES;0,9347;Vitória;-20,31729097;-40,29055864;29050260;ENSEADA DO SUÁ;nao_aplicavel;10000,0;Alta (≥ R$ 5.000);próprio (Escola Monteiro, identidade institucional própria);provavel_proprio;False
32077610;UP CENTRO EDUCACIONAL;3205309;11,0;18;Outras posições;False;642,6699421965318;173,0;5,0;450,0;0,764;Poliedro;652,1738797814209;183,0;647,5553932584271;-9,50393758488906;Vitória;ES;0,9347;Vitória;-20,2871666;-40,2997743;29062030;PONTAL DE CAMBURI;nao_aplicavel;3675,0;Média-Alta (R$ 3.000-4.999);próprio (marca institucional UP, foco vestibular);provavel_proprio;False
33198640;CANADIAN SCHOOL OF NITEROI;3303302;14,0;42;Outras posições;False;658,4541333333333;25,0;3,0;70,0;0,764;Poliedro;685,8173333333333;15,0;668,7153333333333;-27,36320000000001;Niterói;RJ;0,9692;Niterói;;;24346082;ITAIPU;nao_aplicavel;5000,0;Alta (≥ R$ 5.000);Poliedro;confirmado;True
35195005;COLEGIO ANGLO LEONARDO DA VINCI;3505708;1,0;5;Líder local;False;681,1665060240964;83,0;2,0;255,0;0,764;Poliedro;684,2817543859649;57,0;682,4348571428571;-3,1152483618684528;Barueri;SP;0,7467;Barueri;-23,492164;-46,8428815;6454070;ALPHAVILLE INDUSTRIAL;nao_aplicavel;3000,0;Média-Alta (R$ 3.000-4.999);Anglo (Cogna/SOMOS);confirmado;False
35150435;COLEGIO APICE;3525904;5,0;31;Desafiante (2º-5º local);False;647,876875;32,0;4,0;125,0;0,764;Poliedro;662,679090909091;44,0;656,4465789473685;-14,802215909090933;Jundiaí;SP;0,825;Jundiaí;-23,1880438;-46,8889027;13201801;VILA BOAVENTURA;nao_aplicavel;3000,0;Média-Alta (R$ 3.000-4.999);Eleva;confirmado;False
41068785;LA SALLE C ED INF ENS FUND MEDIO;4127700;1,0;5;Líder local;False;634,2033333333334;18,0;5,0;139,0;0,764;Poliedro;629,7418181818182;33,0;631,3164705882352;4,4615151515151865;Toledo;PR;0,5682;Toledo;-24,72959;-53,74494333;85902030;JARDIM LA SALLE;nao_aplicavel;5000,0;Alta (≥ R$ 5.000);próprio (Rede La Salle);provavel_proprio;False
35304414;PLUS COLEGIO;3505500;1,0;7;Líder local;False;666,0182857142858;35,0;3,0;135,0;0,764;Poliedro;654,3196969696969;22,0;661,5030409356726;11,698588744588848;Barretos;SP;0,548;Barretos;-20,5669567;-48,5797812;14783192;AMERICA;nao_aplicavel;2400,0;Média (R$ 1.800-2.999);Plataforma AZ;confirmado;False
35373886;D INCAO INSTITUTO DE ENSINO;3506003;3,0;20;Desafiante (2º-5º local);False;668,5603174603175;42,0;2,0;130,0;0,763;Poliedro;668,3968181818182;44,0;668,4766666666667;0,1634992784993301;Bauru;SP;0,7441;Bauru;-22,3503743;-49,0532918;17017332;JARDIM AMERICA;nao_aplicavel;2400,0;Média (R$ 1.800-2.999);livro didático avulso (múltiplas editoras);confirmado;False
42155541;COLEGIO AVANTIS;4202909;2,0;5;Desafiante (2º-5º local);False;642,0643137254903;17,0;5,0;100,0;0,763;Poliedro;611,6672222222222;12,0;629,4862068965517;30,39709150326803;Brusque;SC;0,4669;Brusque;-27,10001146;-48,92960837;88354315;JARDIM MALUCHE;nao_aplicavel;3500,0;Média-Alta (R$ 3.000-4.999);Geekie One (Arco Educação);confirmado;False
33102830;EDUCANDARIO MIOSOTIS;3303401;7,0;15;Outras posições;False;642,5907692307693;13,0;4,0;67,0;0,763;Poliedro;623,7729411764706;17,0;631,9273333333333;18,81782805429873;Nova Friburgo;RJ;0,7816;Nova Friburgo;-22,28928;-42,53947;28625130;CENTRO;nao_aplicavel;3600,0;Média-Alta (R$ 3.000-4.999);Sistema Positivo de Ensino;confirmado;False
35117547;CRIATIVO COLEGIO;3529005;2,0;13;Desafiante (2º-5º local);False;678,3079601990049;67,0;1,0;233,0;0,762;Poliedro;683,2014035087719;57,0;680,5573655913979;-4,893443309767008;Marília;SP;0,6435;Marília;-22,2211367;-49,9349087;17516023;JARDIM TANGARA;nao_aplicavel;2400,0;Média (R$ 1.800-2.999);Etapa;confirmado;False
35107517;SANTA MARIA COLEGIO;3550308;51,0;516;Outras posições;False;627,8488075880759;123,0;5,0;368,0;0,762;Poliedro;651,7645427728613;113,0;639,2999858757062;-23,915735184785376;São Paulo;SP;0,8116;Campo Grande;-23,66295931;-46,68240479;4674225;JARDIM TAQUARAL;distrito;5000,0;Alta (≥ R$ 5.000);Polígono;confirmado;False
41031105;INTERATIVA C - EI EF M;4113700;5,0;24;Desafiante (2º-5º local);False;647,5902564102564;13,0;4,0;50,0;0,762;Poliedro;658,5171428571429;28,0;655,0525203252033;-10,926886446886442;Londrina;PR;0,8372;Londrina;-23,29870585;-51,16647488;86025440;CONCEIÇÃO;nao_aplicavel;2500,0;Média (R$ 1.800-2.999);Bernoulli;confirmado;False
42006694;COLEGIO DEHON;4218707;1,0;6;Líder local;False;637,9005970149253;134,0;5,0;524,0;0,762;Poliedro;643,4819658119658;156,0;640,9029885057471;-5,581368797040454;Tubarão;SC;0,6318;Tubarão;-28,48175667;-49,01971333;88704900;DEHON;nao_aplicavel;3000,0;Média-Alta (R$ 3.000-4.999);COC (Arco Educação);confirmado;False
31379832;COLEGIO DONA CLARA - UNIDADE 2;3106200;53,0;110;Outras posições;False;641,1690322580646;62,0;4,0;194,0;0,762;Poliedro;627,3947169811321;53,0;634,8208695652173;13,774315276932498;Belo Horizonte;MG;0,9738;Belo Horizonte;;;31260000;DONA CLARA;nao_aplicavel;5000,0;Alta (≥ R$ 5.000);não identificado;nao_identificado;False
11043857;COLEGIO CLASSE A;1100205;1,0;13;Líder local;False;637,865;48,0;5,0;122,0;0,762;Poliedro;644,4554285714286;35,0;640,6440963855422;-6,590428571428561;Porto Velho;RO;0,5531;Porto Velho;-8,7871613;-63,8971534;76808668;ELETRONORTE;nao_aplicavel;2000,0;Média (R$ 1.800-2.999);Poliedro;confirmado;True
53009592;COL NOSSA SENHORA DO PERPETUO SOCORRO;5300108;25,0;117;Outras posições;False;637,785;16,0;5,0;96,0;0,761;Poliedro;601,0026666666666;20,0;617,3503703703705;36,78233333333333;Brasília;DF;0,9278;Brasília;-15,84254702;-47,89665184;71620060;SETOR DE HABITAÇÕES INDIVIDUAIS SUL;nao_aplicavel;3000,0;Média-Alta (R$ 3.000-4.999);próprio (educação católica, Irmãs Filhas de N. Sra. do Sagrado Coração);provavel_proprio;False
52083888;COLEGIO PROTAGORAS;5208707;17,0;68;Outras posições;False;637,6391666666667;168,0;5,0;512,0;0,761;Poliedro;653,0789438943893;202,0;646,0684504504504;-15,43977722772263;Goiânia;GO;0,9482;Goiânia;-16,69507;-49,26963;74140020;SETOR OESTE;nao_aplicavel;2500,0;Média (R$ 1.800-2.999);próprio (marca institucional Protágoras);provavel_proprio;False
42016150;COLEGIO SAGRADA FAMILIA;4202404;2,0;9;Desafiante (2º-5º local);False;637,6164912280701;57,0;5,0;276,0;0,76;Poliedro;632,7044848484849;55,0;635,2043452380951;4,91200637958525;Blumenau;SC;0,7541;Blumenau;-26,92284972;-49,06596392;89010203;CENTRO;nao_aplicavel;4000,0;Média-Alta (R$ 3.000-4.999);livro didático avulso (múltiplas editoras);confirmado;False
25132598;COLEGIO BATISTA BRASIL - PRAIA - JOAO PESSOA;2507507;11,0;55;Outras posições;False;632,052;15,0;5,0;62,0;0,76;Poliedro;;;632,052;;João Pessoa;PB;0,8675;João Pessoa;-7,11446952;-34,83360045;58032100;BRISAMAR;nao_aplicavel;8000,0;Alta (≥ R$ 5.000);próprio (Rede Batista de Educação);provavel_proprio;False
35809044;PARQUE ECOLOGICO INSTITUTO DE EDUCACAO;3520509;4,0;12;Desafiante (2º-5º local);False;647,2167741935484;62,0;4,0;231,0;0,76;Poliedro;642,7146774193548;62,0;644,9657258064516;4,50209677419366;Indaiatuba;SP;0,794;Indaiatuba;-23,0802201;-47,2243789;13331005;CHACARA AREAL;nao_aplicavel;3000,0;Média-Alta (R$ 3.000-4.999);Objetivo;confirmado;False
33189137;AVANCO FREGUESIA COLEGIO E CURSO LTDA;3304557;74,0;344;Outras posições;False;673,9722222222222;54,0;1,0;117,0;0,76;Poliedro;640,2153488372093;43,0;659,0078350515463;33,75687338501291;Rio de Janeiro;RJ;0,8408;Rio de Janeiro;;;22745282;FREGUESIA (JACAREPAGUÁ);bairro;5000,0;Alta (≥ R$ 5.000);próprio (proposta pedagógica autoral);provavel_proprio;False
33112959;CENTRO EDUCACIONAL JARDIM AMALIA;3306305;7,0;12;Outras posições;False;633,3276923076924;26,0;5,0;124,0;0,76;Poliedro;632,9721904761905;35,0;633,1237158469944;0,3555018315018969;Volta Redonda;RJ;0,7431;Volta Redonda;-22,51129333;-44,0713;27251193;JARDIM AMÁLIA;nao_aplicavel;5000,0;Alta (≥ R$ 5.000);não identificado;nao_identificado;False
23163348;SANTA TERESA DE JESUS COLEGIO;2304202;2,0;4;Desafiante (2º-5º local);False;627,3629629629629;27,0;5,0;111,0;0,76;Poliedro;640,335;24,0;633,4674509803922;-12,972037037037126;Crato;CE;0,197;Crato;-7,2362681;-39,41400378;63100070;CENTRO;nao_aplicavel;1500,0;Baixa (< R$ 1.800);livro didático avulso (múltiplas editoras);confirmado;False
35140193;OBJETIVO COLEGIO;3554102;3,0;15;Desafiante (2º-5º local);False;692,9010000000001;20,0;1,0;80,0;0,76;Poliedro;698,1446153846155;26,0;695,8647826086957;-5,243615384615396;Taubaté;SP;0,7911;Taubaté;-23,0251337;-45,5631051;12020200;CENTRO;nao_aplicavel;4000,0;Média-Alta (R$ 3.000-4.999);Objetivo;confirmado;False
26118262;COLEGIO VISAO;2611606;19,0;76;Outras posições;False;631,8330092592593;144,0;5,0;470,0;0,76;Poliedro;;;631,8330092592593;;Recife;PE;0,9162;Recife;-8,084082;-34,92739;50771600;JIQUIÁ;nao_aplicavel;1212,0;Baixa (< R$ 1.800);próprio (plataforma própria 'Visão para Aprender');provavel_proprio;False
35301279;COLEGIO ANGLO LEONARDO DA VINCI;3510609;1,0;7;Líder local;False;678,263;40,0;2,0;116,0;0,76;Poliedro;665,3222222222222;18,0;674,2468965517241;12,94077777777784;Carapicuíba;SP;0,3687;Carapicuíba;-23,57745;-46,8459926;6345290;CHACARA SAO JOAO;nao_aplicavel;2000,0;Média (R$ 1.800-2.999);Anglo (Cogna/SOMOS);confirmado;False
29467950;DOM JEQUIE;2918001;1,0;4;Líder local;False;637,4416666666667;12,0;5,0;82,0;0,76;Poliedro;620,0184615384616;13,0;628,3816;17,423205128205154;Jequié;BA;0,3958;Jequié;-13,84820353;-40,07581668;45204068;SAO JUDAS TADEU;nao_aplicavel;1212,0;Baixa (< R$ 1.800);não identificado;nao_identificado;False
31275531;COLEGIO BATISTA MINEIRO;3170206;10,0;21;Outras posições;False;636,4974603174603;21,0;4,0;102,0;0,759;Poliedro;654,1776923076923;26,0;646,2780141843972;-17,68023199023196;Uberlândia;MG;0,8643;Uberlândia;-18,9050388;-48,2770406;38400468;DANIEL FONSECA;nao_aplicavel;2000,0;Média (R$ 1.800-2.999);Bernoulli;confirmado;False
35466153;ADV BOTUCATU UNIDADE IV COLEGIO;3507506;3,0;11;Desafiante (2º-5º local);False;667,0959375;64,0;2,0;205,0;0,759;Poliedro;626,1467816091955;58,0;647,628306010929;40,94915589080449;Botucatu;SP;0,7068;Botucatu;-22,8898142;-48,4451654;18602111;CENTRO;nao_aplicavel;4000,0;Média-Alta (R$ 3.000-4.999);Poliedro;confirmado;True
53017293;UNICO EDUCACIONAL TAGUATINGA;5300108;26,0;117;Outras posições;False;656,8920512820513;52,0;3,0;169,0;0,759;Poliedro;662,8341242937853;59,0;660,0504504504505;-5,94207301173401;Brasília;DF;0,9278;Brasília;-15,8324981;-48,0518747;72011901;TAGUATINGA;nao_aplicavel;3000,0;Média-Alta (R$ 3.000-4.999);próprio (marca institucional Único Educacional);provavel_proprio;False
51039877;COLEGIO SALESIANO SAO GONCALO - ESCOLA DE EDUCACAO BASICA;5103403;5,0;27;Desafiante (2º-5º local);False;637,3743169398907;183,0;5,0;558,0;0,759;Poliedro;623,985243902439;164,0;631,0463400576369;13,38907303745168;Cuiabá;MT;0,8046;Cuiabá;-15,60449958;-56,09852964;78015180;DOM AQUINO;nao_aplicavel;2500,0;Média (R$ 1.800-2.999);não identificado;provavel_proprio;False
50007718;COLEGIO ALMIRANTE TAMANDARE;5002704;7,0;31;Outras posições;False;666,9085714285713;14,0;2,0;45,0;0,759;Poliedro;682,9586666666667;15,0;675,2103448275861;-16,05009523809531;Campo Grande;MS;0,789;Campo Grande;-20,4621217;-54,635054;79100010;VILA ALBA;nao_aplicavel;2000,0;Média (R$ 1.800-2.999);próprio (CCAT, preparatório para Colégio Militar);provavel_proprio;False
43215688;COLEGIO FLEMING CAXIAS DO SUL;4305108;3,0;12;Desafiante (2º-5º local);False;681,4221739130435;46,0;0,0;156,0;0,759;Poliedro;682,5745945945946;37,0;681,9359036144579;-1,1524206815511209;Caxias do Sul;RS;0,7797;Caxias do Sul;-29,16703372;-51,17046269;95084180;EXPOSICAO;nao_aplicavel;4800,0;Média-Alta (R$ 3.000-4.999);próprio;confirmado;False
43057152;ESCOLA DE EDUCACAO BASICA DA URI - ERECHIM;4307005;1,0;3;Líder local;False;633,11768707483;49,0;5,0;232,0;0,759;Poliedro;661,600588235294;34,0;644,7853815261044;-28,482901160464053;Erechim;RS;0,5959;Erechim;;;99709910;FÁTIMA;nao_aplicavel;3500,0;Média-Alta (R$ 3.000-4.999);Positivo (Arco Educação);confirmado;False
50016628;COLEGIO UNIGRAN;5003702;3,0;6;Desafiante (2º-5º local);False;637,2757575757577;77,0;5,0;309,0;0,758;Poliedro;619,369188034188;78,0;628,2647096774193;17,906569541569638;Dourados;MS;0,6793;Dourados;-22,2126219;-54,8265802;79824900;JARDIM TROPICAL;nao_aplicavel;2000,0;Média (R$ 1.800-2.999);Anglo (Cogna/SOMOS);confirmado;False
27218180;SEB ESCOLAS DE ALTA PERFORMANCE LTDA;2704302;6,0;63;Outras posições;False;626,685968992248;86,0;5,0;377,0;0,758;Poliedro;647,1975516224189;113,0;638,3332495812396;-20,51158263017089;Maceió;AL;0,6386;Maceió;-9,658129;-35,70972;57035250;PONTA VERDE;nao_aplicavel;8000,0;Alta (≥ R$ 5.000);não identificado;nao_identificado;False
41158709;LOBO MED C - EM;4109401;1,0;9;Líder local;False;641,1830107526881;31,0;5,0;95,0;0,758;Poliedro;627,154;40,0;633,2793427230047;14,029010752688125;Guarapuava;PR;0,5944;Guarapuava;-25,39328425;-51,47130644;85010290;CENTRO;nao_aplicavel;4000,0;Média-Alta (R$ 3.000-4.999);próprio (Colégio Lobo, material didático pedagógico próprio);provavel_proprio;False
35107165;PIONEIRO CENTRO EDUCACIONAL;3550308;52,0;516;Outras posições;False;663,7253846153847;26,0;3,0;64,0;0,758;Poliedro;637,9159999999999;20,0;652,5039130434783;25,809384615384715;São Paulo;SP;0,8116;Saúde;-23,6024215;-46,6471014;4042004;VILA CLEMENTINO;distrito;6000,0;Alta (≥ R$ 5.000);próprio (proposta pedagógica autoral, sem metodologia única);provavel_proprio;False
41129148;COLEGIO ERASTO GAERTNER;4106902;11,0;69;Outras posições;False;632,6029743589743;65,0;5,0;275,0;0,757;Poliedro;632,213717948718;52,0;632,4299715099716;0,3892564102562801;Curitiba;PR;0,8491;Curitiba;-25,50808352;-49,25216129;81670340;BOQUEIRÃO;nao_aplicavel;3000,0;Média-Alta (R$ 3.000-4.999);Bernoulli;confirmado;False
33058164;CENTRO EDUCACIONAL LOGOS;3303500;1,0;33;Líder local;False;656,1336666666667;20,0;3,0;78,0;0,757;Poliedro;;;656,1336666666667;;Nova Iguaçu;RJ;0,4054;Nova Iguaçu;-22,75197;-43,44173;26215560;CENTRO;nao_aplicavel;3000,0;Média-Alta (R$ 3.000-4.999);Mackenzie;confirmado;False
35165396;SANTA BARBARA COLEGIO;3507605;2,0;12;Desafiante (2º-5º local);False;646,1273684210527;19,0;4,0;93,0;0,757;Poliedro;652,4882352941177;17,0;649,1311111111112;-6,360866873064992;Bragança Paulista;SP;0,6238;Bragança Paulista;-22,9597297;-46,5372803;12914080;JARDIM SANTA RITA DE CASSIA;nao_aplicavel;2400,0;Média (R$ 1.800-2.999);COC (Arco Educação);confirmado;False
35108923;ABACO COLEGIO;3548708;6,0;33;Outras posições;False;679,5597126436782;174,0;0,0;648,0;0,756;Poliedro;672,4737074829933;196,0;675,8060450450452;7,086005160684863;São Bernardo do Campo;SP;0,8204;São Bernardo do Campo;-23,7229983;-46,5687684;9810260;ASSUNCAO;nao_aplicavel;3100,0;Média-Alta (R$ 3.000-4.999);Poliedro;confirmado;True
41132130;COLEGIO MARISTA PARANAENSE EI EF EM;4106902;12,0;69;Outras posições;False;640,286019047619;175,0;4,0;760,0;0,756;Poliedro;645,0063969171484;173,0;642,6326436781609;-4,720377869529443;Curitiba;PR;0,8491;Curitiba;-25,44752;-49,29755;80440080;SEMINARIO;nao_aplicavel;6000,0;Alta (≥ R$ 5.000);Marista (FTD, rede fechada);confirmado;False
33055890;COLEGIO NOSSA SENHORA DAS MERCES;3303302;15,0;42;Outras posições;False;640,9266666666666;15,0;5,0;75,0;0,756;Poliedro;650,708695652174;23,0;646,8473684210527;-9,782028985507395;Niterói;RJ;0,9692;Niterói;-22,8804073;-43,10227315;24130005;FONSECA;nao_aplicavel;2300,0;Média (R$ 1.800-2.999);próprio (Rede Vicentina de Educação);confirmado;False
41152484;COLEGIO POSITIVO INTERNATIONAL SCHOOL - EDUCACAO INFANTIL ENSINO FUNDAMENTAL E MEDIO;4106902;13,0;69;Outras posições;False;645,7249275362318;23,0;4,0;124,0;0,756;Poliedro;653,395;12,0;648,3546666666666;-7,670072463768179;Curitiba;PR;0,8491;Curitiba;-25,44506923;-49,36064213;81280330;CAMPO COMPRIDO;nao_aplicavel;4000,0;Média-Alta (R$ 3.000-4.999);Positivo (Arco Educação);confirmado;False
15173437;COLEGUIUM - UNIDADE INTERNACIONAL CARAJAS;1505536;1,0;4;Líder local;False;632,1625925925925;54,0;5,0;172,0;0,756;Poliedro;638,0182291666666;64,0;635,3385310734462;-5,855636574074083;Parauapebas;PA;0,3835;Parauapebas;-6,06959312;-50,06823155;68516000;NUCLEO URBANO DE CARAJAS;nao_aplicavel;1800,0;Média (R$ 1.800-2.999);próprio (Coleguium Rede de Ensino);confirmado;False
31370100;SISTEMA DE ENSINO FOCO;3143302;3,0;13;Desafiante (2º-5º local);False;665,2735802469135;54,0;2,0;236,0;0,755;Poliedro;665,3136723163842;59,0;665,2945132743363;-0,0400920694706883;Montes Claros;MG;0,7005;Montes Claros;-16,7203826;-43,869382;39401063;MELO;nao_aplicavel;1500,0;Baixa (< R$ 1.800);Bernoulli;confirmado;False
25129899;ISO COLEGIO E CURSOS;2507507;12,0;55;Outras posições;False;655,2095906432747;114,0;3,0;429,0;0,755;Poliedro;640,4842786069652;134,0;647,2531720430109;14,72531203630956;João Pessoa;PB;0,8675;João Pessoa;;;58037030;JARDIM OCEANIA;nao_aplicavel;6400,0;Alta (≥ R$ 5.000);próprio (Grupo Salta Educação);provavel_proprio;False
52108813;COLEGIO TRINUS;5208707;18,0;68;Outras posições;False;650,5764705882352;17,0;2,0;95,0;0,754;Poliedro;657,7225;16,0;654,0412121212121;-7,146029411764744;Goiânia;GO;0,9482;Goiânia;;;74672400;SANTA GENOVEVA;nao_aplicavel;2500,0;Média (R$ 1.800-2.999);Amplia;confirmado;False
33087628;ANGLO AMERICANO ESCOLAS INTEGRADAS LTD;3304557;75,0;344;Outras posições;False;639,9231746031746;21,0;4,0;57,0;0,754;Poliedro;;;639,9231746031746;;Rio de Janeiro;RJ;0,8408;Rio de Janeiro;;;22631400;BARRA DA TIJUCA;bairro;10001,0;Alta (≥ R$ 5.000);Anglo (Cogna/SOMOS);confirmado;False
33173990;COLEGIO E CURSO AZ - UNIDADE TIJUCA;3304557;76,0;344;Outras posições;False;674,8539463601533;87,0;0,0;230,0;0,754;Poliedro;682,5901204819278;83,0;678,6310196078432;-7,736174121774525;Rio de Janeiro;RJ;0,8408;Rio de Janeiro;-22,91504;-43,21902;20270214;TIJUCA;bairro;5500,0;Alta (≥ R$ 5.000);Plataforma AZ (Conexia Educação / Grupo SEB);confirmado;False
35132925;ESCOLA SEB UNIDADE LAFAIETE;3543402;10,0;38;Outras posições;False;644,9163018867924;265,0;4,0;292,0;0,754;Poliedro;653,654238410596;302,0;649,5703703703704;-8,737936523803569;Ribeirão Preto;SP;0,9014;Ribeirão Preto;-21,1770861;-47,8129077;14015080;CENTRO;nao_aplicavel;2500,0;Média (R$ 1.800-2.999);não identificado;nao_identificado;False
33447225;COLEGIO E CURSO AZ - UNIDADE BARRA;3304557;77,0;344;Outras posições;False;653,3298681732581;177,0;3,0;522,0;0,754;Poliedro;660,098303030303;165,0;656,5953411306043;-6,768434857044895;Rio de Janeiro;RJ;0,8408;Rio de Janeiro;-23,00083;-43,35072;22631004;BARRA DA TIJUCA;bairro;10001,0;Alta (≥ R$ 5.000);Plataforma AZ (Conexia Educação / Grupo SEB);confirmado;False
33041105;COLEGIO BOM JESUS CANARINHOS;3303906;5,0;19;Desafiante (2º-5º local);False;640,6337037037038;54,0;4,0;164,0;0,754;Poliedro;653,6107692307693;65,0;647,7220168067228;-12,97706552706552;Petrópolis;RJ;0,8097;Cascatinha;-22,51060337;-43,16621891;25625090;CENTRO;nao_aplicavel;1600,0;Baixa (< R$ 1.800);próprio;confirmado;False
31353906;COLEGIO SANTA MARIA MINAS - UNIDADE BETIM;3106705;2,0;6;Desafiante (2º-5º local);False;630,28;89,0;5,0;267,0;0,754;Poliedro;625,3548837209302;43,0;628,675606060606;4,925116279069812;Betim;MG;0,421;Betim;-19,95552;-44,19965;32604115;ANGOLA;nao_aplicavel;2200,0;Média (R$ 1.800-2.999);SAS (Arco Educação);confirmado;False
33151369;ESCOLA BOM JESUS MENINO JESUS;3303906;6,0;19;Outras posições;False;644,8837209302326;43,0;4,0;135,0;0,754;Poliedro;622,1383333333333;24,0;636,7361194029851;22,745387596899263;Petrópolis;RJ;0,8097;Cascatinha;-22,38999694;-43,13128186;25730745;ITAIPAVA;nao_aplicavel;1600,0;Baixa (< R$ 1.800);próprio;confirmado;False
35102787;NOTRE DAME COLEGIO;3550308;53,0;516;Outras posições;False;636,0223529411765;34,0;5,0;99,0;0,753;Poliedro;639,8368421052631;19,0;637,3898113207547;-3,8144891640866954;São Paulo;SP;0,8116;Perdizes;-23,5482809;-46,6799674;1254010;SUMARE;distrito;8000,0;Alta (≥ R$ 5.000);próprio (Rede de Educação Notre Dame);confirmado;False
33155852;COLEGIO PH;3304557;78,0;344;Outras posições;False;643,8449691358024;108,0;4,0;344,0;0,753;Poliedro;661,4444897959183;98,0;652,2175566343042;-17,5995206601159;Rio de Janeiro;RJ;0,8408;Rio de Janeiro;-23,00858;-43,29872;22631051;BARRA DA TIJUCA;bairro;10001,0;Alta (≥ R$ 5.000);pH (Cogna/SOMOS);confirmado;False
35140685;INTEGRAL APLICADO COLEGIO;3530706;2,0;9;Desafiante (2º-5º local);False;650,6031578947369;19,0;4,0;58,0;0,753;Poliedro;617,4857142857143;14,0;636,5533333333334;33,117443609022644;Mogi Guaçu;SP;0,596;Mogi Guaçu;-22,3959749;-46,9456733;13843340;JARDIM MUNHOS;nao_aplicavel;2300,0;Média (R$ 1.800-2.999);Anglo (Cogna/SOMOS);confirmado;False
33069565;INSTITUTO PIO XI;3304557;79,0;344;Outras posições;False;630,1864;50,0;5,0;117,0;0,753;Poliedro;651,9890476190476;42,0;640,1397826086957;-21,802647619047548;Rio de Janeiro;RJ;0,8408;Rio de Janeiro;-22,85691359;-43,25967626;21060230;RAMOS;bairro;2170,0;Média (R$ 1.800-2.999);próprio (Rede Beneditina);confirmado;False
41379110;PGD C - EI EF M;4113700;6,0;24;Outras posições;False;635,9166666666667;34,0;5,0;191,0;0,753;Poliedro;657,9826984126985;42,0;648,111052631579;-22,06603174603174;Londrina;PR;0,8372;Londrina;-23,33579917;-51,18731221;86055670;GLEBA FAZENDA PALHANO;nao_aplicavel;2500,0;Média (R$ 1.800-2.999);FTD;confirmado;False
33066752;COLEGIO PALAS;3304557;80,0;344;Outras posições;False;669,096;55,0;1,0;138,0;0,753;Poliedro;667,9750877192982;57,0;668,5255357142858;1,1209122807017593;Rio de Janeiro;RJ;0,8408;Rio de Janeiro;;;20530002;TIJUCA;bairro;5500,0;Alta (≥ R$ 5.000);SAS (Arco Educação);confirmado;False
35137674;COLEGIO SER UNIDADE CAMPOLIM;3552205;3,0;27;Desafiante (2º-5º local);False;661,3134057971015;92,0;3,0;439,0;0,752;Poliedro;671,1087850467289;107,0;666,5802680067002;-9,795379249627445;Sorocaba;SP;0,7667;Sorocaba;-23,5291004;-47,4705625;18047603;PARQUE CAMPOLIM;nao_aplicavel;2500,0;Média (R$ 1.800-2.999);Poliedro;confirmado;True
35117572;CRISTO REI COLEGIO;3529005;3,0;13;Desafiante (2º-5º local);False;654,8026315789474;76,0;3,0;309,0;0,752;Poliedro;658,1921621621622;74,0;656,4748;-3,389530583214764;Marília;SP;0,6435;Marília;-22,2077871;-49,9403298;17515200;BANZATO;nao_aplicavel;2400,0;Média (R$ 1.800-2.999);Anglo (Cogna/SOMOS);confirmado;False
51069431;COLEGIO LEIBNIZ;5107602;1,0;7;Líder local;False;631,4117117117117;37,0;5,0;125,0;0,752;Poliedro;656,1425;40,0;644,2588744588745;-24,73078828828829;Rondonópolis;MT;0,6032;Rondonópolis;-16,47080269;-54,60654028;78735223;PARQUE SAGRADA FAMILIA;nao_aplicavel;2224,0;Média (R$ 1.800-2.999);Sistema Farias Brito de Ensino;confirmado;False
11000058;CENTRO DE ENSINO CLASSE A;1100205;2,0;13;Desafiante (2º-5º local);False;644,6287222222222;120,0;4,0;357,0;0,752;Poliedro;634,094065934066;91,0;640,0853396524487;10,53465628815627;Porto Velho;RO;0,5531;Porto Velho;-8,7607343;-63,9019859;76801123;CENTRO;nao_aplicavel;2600,0;Média (R$ 1.800-2.999);Poliedro;confirmado;True
26122154;COLEGIO DE SANTA CATARINA;2611606;20,0;76;Outras posições;False;625,6218181818182;22,0;5,0;73,0;0,752;Poliedro;610,2326315789473;19,0;618,490243902439;15,389186602870836;Recife;PE;0,9162;Recife;-8,029974;-34,90705;52051380;TAMARINEIRA;nao_aplicavel;7000,0;Alta (≥ R$ 5.000);próprio (Congregação de Santa Catarina);provavel_proprio;False
26194619;ACADEMIA CRISTA DE BOA VIAGEM ENSINO MEDIO;2611606;21,0;76;Outras posições;False;655,0034146341463;41,0;2,0;152,0;0,752;Poliedro;;;655,0034146341463;;Recife;PE;0,9162;Recife;;;51021070;BOA VIAGEM;nao_aplicavel;7000,0;Alta (≥ R$ 5.000);próprio (educação cristã evangélica, ACBV);provavel_proprio;False
35117560;BEZERRA DE MENEZES COLEGIO EIFM E TECNICO;3529005;4,0;13;Desafiante (2º-5º local);False;635,6813333333333;45,0;5,0;185,0;0,751;Poliedro;633,8769135802469;54,0;634,6971043771044;1,8044197530864492;Marília;SP;0,6435;Marília;-22,2095552;-49,9594194;17504072;ALTO CAFEZAL;nao_aplicavel;2400,0;Média (R$ 1.800-2.999);SAS (Arco Educação);confirmado;False
31367710;COLEGIO SOLIDO - UNIDADE SAO JOSE;3143302;4,0;13;Desafiante (2º-5º local);False;644,3845679012346;54,0;4,0;118,0;0,751;Poliedro;629,61;78,0;635,6541414141415;14,774567901234605;Montes Claros;MG;0,7005;Montes Claros;;;39400041;CENTRO;nao_aplicavel;1500,0;Baixa (< R$ 1.800);não identificado;nao_identificado;False
35809445;CRIARTE COLEGIO;3525904;6,0;31;Outras posições;False;650,109152542373;59,0;4,0;207,0;0,751;Poliedro;653,3023255813954;43,0;651,4552941176471;-3,19317303902244;Jundiaí;SP;0,825;Jundiaí;-23,2075548;-46,8934648;13207341;JARDIM BONFIGLIOLI;nao_aplicavel;3000,0;Média-Alta (R$ 3.000-4.999);não identificado;nao_identificado;False
33055416;COLEGIO E CURSO ZEROHUM ICARAI;3303302;16,0;42;Outras posições;False;661,4680000000001;10,0;2,0;38,0;0,751;Poliedro;;;661,4680000000001;;Niterói;RJ;0,9692;Niterói;-22,91137;-43,10719;24230320;ICARAI;nao_aplicavel;8200,0;Alta (≥ R$ 5.000);próprio (Colégio e Curso Zerohum, rede própria);provavel_proprio;False
24087157;FACEX UNIDADE CIC;2408102;15,0;48;Outras posições;False;634,48;18,0;5,0;59,0;0,751;Poliedro;658,1011111111111;18,0;646,2905555555556;-23,62111111111108;Natal;RN;0,8531;Natal;-5,78608105;-35,20397069;59025225;CIDADE ALTA;nao_aplicavel;1700,0;Baixa (< R$ 1.800);não identificado;nao_identificado;False
26186896;PAIVA EDUCACIONAL SA;2602902;1,0;5;Líder local;False;631,0419354838709;31,0;5,0;74,0;0,751;Poliedro;666,526875;32,0;649,0660317460319;-35,48493951612909;Cabo de Santo Agostinho;PE;0,2372;Cabo de Santo Agostinho;;;54522165;PAIVA;nao_aplicavel;12000,0;Alta (≥ R$ 5.000);não identificado;nao_identificado;False
41166043;COLEGIO PRIME EF EM;4113700;7,0;24;Outras posições;False;653,9848717948718;52,0;3,0;202,0;0,751;Poliedro;659,3918518518519;27,0;655,8328270042194;-5,40698005698016;Londrina;PR;0,8372;Londrina;;;86050450;GLEBA FAZENDA PALHANO;nao_aplicavel;2500,0;Média (R$ 1.800-2.999);não identificado;nao_identificado;False
23073209;COLEGIO LOURENCO FILHO CENTRAL;2304400;27,0;117;Outras posições;False;644,2304255319149;94,0;4,0;340,0;0,75;Poliedro;642,7189644012944;103,0;643,4401692047377;1,5114611306204324;Fortaleza;CE;0,8208;Fortaleza;-3,7363037;-38,5313072;60025061;JOSE BONIFACIO;nao_aplicavel;3000,0;Média-Alta (R$ 3.000-4.999);próprio (Sistema CLF, material autoral);provavel_proprio;False
15229408;COLEGIO EQUIPE GENTIL;1501402;10,0;65;Outras posições;False;654,6565289256199;121,0;2,0;384,0;0,75;Poliedro;651,1651851851852;144,0;652,7593459119497;3,4913437404346723;Belém;PA;0,6935;Belém;-1,455958;-48,48596;66035340;BATISTA CAMPOS;nao_aplicavel;6000,0;Alta (≥ R$ 5.000);Equipe (regional Norte-Nordeste);confirmado;False
35107049;EMILIE DE VILLENEUVE COLEGIO;3550308;54,0;516;Outras posições;False;635,4729411764706;51,0;5,0;201,0;0,75;Poliedro;620,8066666666667;42,0;628,8494623655914;14,666274509803884;São Paulo;SP;0,8116;Jabaquara;-23,6498539;-46,6684455;4367090;VILA SANTA CATARINA;distrito;2750,0;Média (R$ 1.800-2.999);próprio (Rede Azul de Educação);confirmado;False
33077258;COLEGIO SERVITA NOSSA SENHORA RAINHA DOS CORACOES;3304557;81,0;344;Outras posições;False;625,2171428571429;14,0;5,0;73,0;0,75;Poliedro;603,2531034482759;29,0;610,4041860465117;21,96403940886705;Rio de Janeiro;RJ;0,8408;Rio de Janeiro;-22,93009944;-43,35311869;22743011;PECHINCHA;bairro;4500,0;Média-Alta (R$ 3.000-4.999);próprio (rede confessional, Congregação Servita);provavel_proprio;False
25125958;INTERABESSA COLEGIO E CURSO LTDA ME;2507507;13,0;55;Outras posições;False;630,844;35,0;5,0;100,0;0,75;Poliedro;622,9416;25,0;627,5513333333333;7,902400000000057;João Pessoa;PB;0,8675;João Pessoa;;;58035180;BESSA;nao_aplicavel;4000,0;Média-Alta (R$ 3.000-4.999);não identificado;nao_identificado;False
31376442;COLEGIO LIVRE APRENDER;3170107;8,0;13;Outras posições;False;660,1171428571428;28,0;3,0;108,0;0,749;Poliedro;647,3744444444444;18,0;655,1308695652173;12,74269841269836;Uberaba;MG;0,7922;Uberaba;-19,74495923;-47,94397057;38055470;OLINDA;nao_aplicavel;2000,0;Média (R$ 1.800-2.999);Anglo (Cogna/SOMOS);confirmado;False
41135946;COLEGIO SUICOBRASILEIRO DE CURITIBA;4119152;1,0;4;Líder local;False;643,972;25,0;4,0;117,0;0,749;Poliedro;655,3992857142857;28,0;650,0090566037735;-11,427285714285745;Pinhais;PR;0,4513;Pinhais;-25,4350877;-49,18996037;83323400;CENTRO;nao_aplicavel;3600,0;Média-Alta (R$ 3.000-4.999);não identificado;provavel_proprio;False
43203876;COLEGIO GABARITO ZONA NORTE;4314902;22,0;61;Outras posições;False;635,0711111111111;36,0;5,0;125,0;0,749;Poliedro;664,1355555555555;45,0;651,218024691358;-29,064444444444348;Porto Alegre;RS;0,9276;Porto Alegre;-30,00911;-51,14422;91110000;SÃO SEBASTIÃO;nao_aplicavel;4300,0;Média-Alta (R$ 3.000-4.999);não identificado;provavel_proprio;False
22141472;ESCOLA CRESCER;2207702;3,0;11;Desafiante (2º-5º local);False;647,0307526881721;31,0;3,0;91,0;0,748;Poliedro;639,262564102564;39,0;642,7027619047618;7,768188585608073;Parnaíba;PI;0,4866;Parnaíba;-2,905358867;-41,76066829;64202365;SÃO BENEDITO;nao_aplicavel;2424,0;Média (R$ 1.800-2.999);Bernoulli;confirmado;False
35125659;AMERICANA INSTITUTO EDUCACIONAL DE;3501608;3,0;10;Desafiante (2º-5º local);False;643,9156345177665;197,0;4,0;648,0;0,748;Poliedro;634,1865315315316;148,0;639,7419903381643;9,72910298623492;Americana;SP;0,7145;Americana;-22,7372539;-47,3127996;13478580;JARDIM NOSSA SENHORA DE FATIMA;nao_aplicavel;3000,0;Média-Alta (R$ 3.000-4.999);Bernoulli;confirmado;False
41032004;MARISTA DE LONDRINA C - EI EF M;4113700;8,0;24;Outras posições;False;624,6338308457712;67,0;5,0;245,0;0,748;Poliedro;636,9450909090908;55,0;630,1839890710381;-12,31126006331965;Londrina;PR;0,8372;Londrina;-23,30207179;-51,17975838;86060000;JARDIM BANCARIOS;nao_aplicavel;2500,0;Média (R$ 1.800-2.999);Marista (FTD, rede fechada);confirmado;False
13026631;COLEGIO PALAS ATENA;1302603;9,0;49;Outras posições;False;641,66875;16,0;3,0;53,0;0,748;Poliedro;618,9433333333334;10,0;632,9282051282051;22,72541666666666;Manaus;AM;0,5729;Manaus;;;69055240;PARQUE 10 DE NOVEMBRO;nao_aplicavel;4000,0;Média-Alta (R$ 3.000-4.999);Anglo (Cogna/SOMOS);confirmado;False
43105106;COL LA SALLE SAO JOAO;4314902;23,0;61;Outras posições;False;630,2153086419753;54,0;5,0;200,0;0,748;Poliedro;639,8288271604938;54,0;635,0220679012345;-9,613518518518504;Porto Alegre;RS;0,9276;Porto Alegre;-30,008227;-51,18647895;90550150;SÃO JOÃO;nao_aplicavel;5000,0;Alta (≥ R$ 5.000);próprio (Rede La Salle);confirmado;False
50032950;ANGLO TRES LAGOAS;5008305;1,0;6;Líder local;False;659,2714285714286;21,0;3,0;72,0;0,748;Poliedro;636,8786666666667;15,0;649,9411111111111;22,39276190476187;Três Lagoas;MS;0,4729;Três Lagoas;-20,7824865;-51,701406;79610090;JARDIM ALVORADA;nao_aplicavel;2600,0;Média (R$ 1.800-2.999);Anglo (Cogna/SOMOS);confirmado;False
52107990;COLEGIO OBJETIVO VALPARAISO;5221858;1,0;8;Líder local;False;634,9733333333332;12,0;5,0;75,0;0,748;Poliedro;572,0733333333334;15,0;600,0288888888889;62,89999999999986;Valparaíso de Goiás;GO;0,2954;Valparaíso de Goiás;;;72879280;YPIRANGA;nao_aplicavel;2000,0;Média (R$ 1.800-2.999);Objetivo;confirmado;False
29482445;EDUCANDARIO NS DAJUDA LTDA - LAND;2927408;16,0;90;Outras posições;False;651,9920000000001;15,0;3,0;76,0;0,748;Poliedro;;;651,9920000000001;;Salvador;BA;0,7909;Salvador;;;40231250;FEDERAÇÃO;nao_aplicavel;1600,0;Baixa (< R$ 1.800);não identificado;nao_identificado;False
41123832;COLEGIO BOM JESUS SAO VICENTE;4101804;1,0;5;Líder local;False;634,8401709401709;39,0;5,0;124,0;0,747;Poliedro;633,5447154471544;41,0;634,1762499999999;1,2954554930164477;Araucária;PR;0,2685;Araucária;-25,58124176;-49,39407684;83702050;CENTRO;nao_aplicavel;3000,0;Média-Alta (R$ 3.000-4.999);não identificado;provavel_proprio;False
52099946;COLEGIO PROTAGORAS BUENO;5208707;19,0;68;Outras posições;False;659,7090053763442;124,0;2,0;350,0;0,747;Poliedro;647,0736734693878;98,0;654,1312462462463;12,635331906956369;Goiânia;GO;0,9482;Goiânia;-16,71474;-49,26586;74230022;SETOR BUENO;nao_aplicavel;2500,0;Média (R$ 1.800-2.999);próprio (marca institucional Protágoras);provavel_proprio;False
42109230;COLEGIO ENERGIA;4205407;8,0;30;Outras posições;False;647,7578378378378;111,0;3,0;283,0;0,747;Poliedro;668,9104641350211;79,0;656,5528771929825;-21,15262629718336;Florianópolis;SC;0,9306;Florianópolis;-27,59487188;-48,54819034;88010400;CENTRO;nao_aplicavel;7500,0;Alta (≥ R$ 5.000);não identificado;nao_identificado;False
29304407;COLEGIO GALILEU;2914802;1,0;7;Líder local;False;634,7972649572649;117,0;5,0;361,0;0,747;Poliedro;635,032196969697;88,0;634,8981138211383;-0,2349320124320684;Itabuna;BA;0,533;Itabuna;-14,79342;-39,27707;45600222;CENTRO;nao_aplicavel;3100,0;Média-Alta (R$ 3.000-4.999);próprio (Sistema Galileu, rede própria);provavel_proprio;False
29181658;COLEGIO SAO LAZARO;2927408;17,0;90;Outras posições;False;643,67;12,0;4,0;37,0;0,747;Poliedro;602,3255555555556;18,0;618,8633333333333;41,34444444444432;Salvador;BA;0,7909;Salvador;-12,96214;-38,47151;41150000;CABULA;nao_aplicavel;3000,0;Média-Alta (R$ 3.000-4.999);próprio (Rede Colégio Resgate);provavel_proprio;False
31324515;COLEGIO EQUIPE DE JUIZ DE FORA;3136702;11,0;21;Outras posições;False;634,77;54,0;5,0;174,0;0,747;Poliedro;635,7133333333334;36,0;635,1473333333333;-0,9433333333333848;Juiz de Fora;MG;0,8573;Juiz de Fora;-21,7720164;-43,3511008;36025000;SÃO MATEUS;nao_aplicavel;4000,0;Média-Alta (R$ 3.000-4.999);Equipe (regional Norte-Nordeste);confirmado;False
15181456;COLEGIO IDEAL BATISTA CAMPOS;1501402;11,0;65;Outras posições;False;624,4833333333333;195,0;5,0;505,0;0,747;Poliedro;;;624,4833333333333;;Belém;PA;0,6935;Belém;;;66033107;BATISTA CAMPOS;nao_aplicavel;6000,0;Alta (≥ R$ 5.000);não identificado;provavel_proprio;False
33055920;COLEGIO MV I ICARAI;3303302;17,0;42;Outras posições;False;633,487037037037;54,0;5,0;178,0;0,746;Poliedro;653,4167948717949;52,0;643,2638993710691;-19,92975783475788;Niterói;RJ;0,9692;Niterói;;;24230103;ICARAÍ;nao_aplicavel;8200,0;Alta (≥ R$ 5.000);próprio (Rede MV1 de Ensino);provavel_proprio;False
33065195;CENTRO EDUCACIONAL DA LAGOA;3304557;82,0;344;Outras posições;False;637,9084210526316;19,0;4,0;73,0;0,746;Poliedro;642,9911111111111;18,0;640,3810810810811;-5,082690058479443;Rio de Janeiro;RJ;0,8408;Rio de Janeiro;-22,96016077;-43,20766897;22461152;JARDIM BOTÂNICO;bairro;10000,0;Alta (≥ R$ 5.000);SAS (Arco Educação);confirmado;False
33088519;COLEGIO SANTA MONICA - BONSUCESSO;3304557;83,0;344;Outras posições;False;651,7251162790698;43,0;3,0;132,0;0,746;Poliedro;659,5773333333333;30,0;654,9520547945206;-7,852217054263519;Rio de Janeiro;RJ;0,8408;Rio de Janeiro;-22,8730935;-43,2585281;21050000;MANGUINHOS;bairro;1212,0;Baixa (< R$ 1.800);Sistema Anglo de Ensino;confirmado;False
33195552;COLEGIO APROVADO RIO DAS OSTRAS;3304524;2,0;14;Desafiante (2º-5º local);False;653,0204347826086;46,0;3,0;130,0;0,746;Poliedro;643,8266666666667;55,0;648,0139273927392;9,193768115941907;Rio das Ostras;RJ;0,7058;Rio das Ostras;;;28895238;COSTAZUL;nao_aplicavel;2000,0;Média (R$ 1.800-2.999);não identificado;nao_identificado;False
26160307;COLEGIO MOTIVO;2611606;22,0;76;Outras posições;False;629,688;80,0;5,0;294,0;0,746;Poliedro;629,1656704980843;87,0;629,4158882235529;0,5223295019156922;Recife;PE;0,9162;Recife;-8,116343357;-34,90583402;51160180;IMBIRIBEIRA;nao_aplicavel;1600,0;Baixa (< R$ 1.800);pH (Cogna/SOMOS);confirmado;False
35135094;BRASILIS COLEGIO;3530607;3,0;24;Desafiante (2º-5º local);False;648,1936;75,0;4,0;223,0;0,745;Poliedro;646,5220238095238;56,0;647,4790330788803;1,6715761904761166;Mogi das Cruzes;SP;0,7296;Mogi das Cruzes;-23,53158659;-46,20650548;8730020;VILA VITORIA;nao_aplicavel;2700,0;Média (R$ 1.800-2.999);Sistema Etapa (Editora Etapa);confirmado;False
33100705;ESCOLA DINAMIS LTDA;3304557;84,0;344;Outras posições;False;666,0676923076923;13,0;1,0;64,0;0,745;Poliedro;680,124761904762;21,0;674,75;-14,0570695970697;Rio de Janeiro;RJ;0,8408;Rio de Janeiro;-22,94706;-43,18595;22251050;BOTAFOGO;bairro;8000,0;Alta (≥ R$ 5.000);próprio (proposta pedagógica autoral, Grupo Dínamis);provavel_proprio;False
33190160;COLEGIO SILVA SERPA;3305208;1,0;5;Líder local;False;643,143448275862;29,0;4,0;103,0;0,745;Poliedro;612,8447619047619;21,0;630,418;30,29868637110019;São Pedro da Aldeia;RJ;0,4352;São Pedro da Aldeia;;;28941144;CENTRO;nao_aplicavel;3000,0;Média-Alta (R$ 3.000-4.999);não identificado;nao_identificado;False
31369977;COL CHROMOS BARREIRO;3106200;55,0;110;Outras posições;False;637,5576119402986;67,0;4,0;412,0;0,744;Poliedro;663,3783673469388;49,0;648,4646551724137;-25,820755406640277;Belo Horizonte;MG;0,9738;Belo Horizonte;-19,9777871;-44,0212898;30640490;BARREIRO;nao_aplicavel;3260,0;Média-Alta (R$ 3.000-4.999);próprio (Rede Chromos);provavel_proprio;False
35499778;ILIMIT EDUCACIONAL;3501608;4,0;10;Desafiante (2º-5º local);False;652,4615384615385;39,0;3,0;194,0;0,744;Poliedro;679,0673684210527;38,0;665,5916883116884;-26,605829959514267;Americana;SP;0,7145;Americana;-22,7439827;-47,3287595;13465070;CENTRO;nao_aplicavel;3000,0;Média-Alta (R$ 3.000-4.999);próprio (currículo bilíngue institucional);provavel_proprio;False
22144196;COLEGIO EQUACAO CERTA LESTE;2211001;20,0;52;Outras posições;False;660,7524489795918;98,0;0,0;244,0;0,744;Poliedro;669,0204545454545;88,0;664,6641935483871;-8,268005565862723;Teresina;PI;0,7817;Teresina;;;64048110;JÓQUEI;nao_aplicavel;12000,0;Alta (≥ R$ 5.000);próprio (marca institucional Equação Certa);provavel_proprio;False
29470153;COLEGIO SENECA;2933307;4,0;14;Desafiante (2º-5º local);False;647,281;70,0;3,0;225,0;0,744;Poliedro;620,3711564625851;49,0;636,2004761904761;26,909843537414872;Vitória da Conquista;BA;0,5552;Vitória da Conquista;-14,8730112;-40,8300687;45027530;BOA VISTA;nao_aplicavel;2400,0;Média (R$ 1.800-2.999);Poliedro;confirmado;True
33031371;COL DOM BOSCO;3304201;3,0;8;Desafiante (2º-5º local);False;658,37;42,0;3,0;173,0;0,744;Poliedro;664,9390000000001;40,0;661,5743902439025;-6,569000000000074;Resende;RJ;0,701;Resende;-22,47175;-44,45726;27520172;MANEJO;nao_aplicavel;2400,0;Média (R$ 1.800-2.999);Maxi (Cogna/SOMOS);confirmado;False
29178223;COLEGIO APOIO LTDA;2919207;4,0;8;Desafiante (2º-5º local);False;642,8469387755102;49,0;4,0;234,0;0,744;Poliedro;644,1847826086956;46,0;643,4947368421052;-1,3378438331853886;Lauro de Freitas;BA;0,7809;Lauro de Freitas;;;42707650;VILAS DO ATLANTICO;nao_aplicavel;7000,0;Alta (≥ R$ 5.000);não identificado;nao_identificado;False
31096270;COLEGIO PADRAO;3143302;5,0;13;Desafiante (2º-5º local);False;645,2081818181819;44,0;3,0;132,0;0,744;Poliedro;668,9253846153847;26,0;654,0174285714286;-23,717202797202845;Montes Claros;MG;0,7005;Montes Claros;-16,72903754;-43,88236064;39401856;JARDIM SAO LUIZ;nao_aplicavel;1500,0;Baixa (< R$ 1.800);não identificado;provavel_proprio;False
33147809;COLEGIO PALAS;3304557;85,0;344;Outras posições;False;652,2743333333333;20,0;3,0;74,0;0,743;Poliedro;655,592;40,0;654,4861111111111;-3,317666666666696;Rio de Janeiro;RJ;0,8408;Rio de Janeiro;-23,01015;-43,46195;22790658;RECREIO DOS BANDEIRANTES;bairro;6000,0;Alta (≥ R$ 5.000);não identificado;nao_identificado;False
52054160;CENTRO EDUCACIONAL QUASAR;5218805;2,0;7;Desafiante (2º-5º local);False;652,2527272727273;22,0;3,0;156,0;0,743;Poliedro;611,8327272727273;22,0;632,0427272727273;40,41999999999996;Rio Verde;GO;0,6832;Rio Verde;-17,7987069;-50,9368181;75901530;JARDIM MARCONAL;nao_aplicavel;2000,0;Média (R$ 1.800-2.999);não identificado;nao_identificado;False
35150642;IDEAL COLEGIO;3545803;1,0;5;Líder local;False;638,045625;32,0;5,0;105,0;0,743;Poliedro;616,8066666666667;18,0;630,3996;21,238958333333244;Santa Bárbara d'Oeste;SP;0,3938;Santa Bárbara d'Oeste;-22,7505129;-47,4130371;13450047;CENTRO;nao_aplicavel;2500,0;Média (R$ 1.800-2.999);Poliedro;confirmado;True
33043086;ESC GEORGE MARCH LTDA;3305802;5,0;10;Desafiante (2º-5º local);False;637,3611111111111;30,0;4,0;127,0;0,743;Poliedro;639,780202020202;33,0;638,628253968254;-2,419090909090869;Teresópolis;RJ;0,792;Teresópolis;-22,4172339;-42,96012626;25953201;VARZEA;nao_aplicavel;4000,0;Média-Alta (R$ 3.000-4.999);não identificado;nao_identificado;False
52098966;COLEGIO FILOSOFO LTDA;5218805;3,0;7;Desafiante (2º-5º local);False;652,0929032258065;31,0;3,0;127,0;0,743;Poliedro;615,6400000000001;26,0;635,4652631578948;36,45290322580638;Rio Verde;GO;0,6832;Rio Verde;-17,79887;-50,93375;75901285;SETOR CENTRAL;nao_aplicavel;2000,0;Média (R$ 1.800-2.999);não identificado;nao_identificado;False
35135550;COLEGIO SANTA VIRGINIA;3550308;55,0;516;Outras posições;False;637,1716666666666;12,0;4,0;56,0;0,742;Poliedro;620,9254545454546;11,0;629,4017391304347;16,24621212121201;São Paulo;SP;0,8116;Itaquera;-23,57644;-46,43518;8260160;ITAQUERA;distrito;2000,0;Média (R$ 1.800-2.999);próprio (Rede Monte Calvário);confirmado;False
31371726;SOPHIS EDUCACIONAL;3122306;6,0;9;Outras posições;False;658,3623333333333;40,0;2,0;94,0;0,742;Poliedro;;;658,3623333333333;;Divinópolis;MG;0,7505;Divinópolis;;;35500011;CENTRO;nao_aplicavel;2000,0;Média (R$ 1.800-2.999);próprio (marca institucional Sophis);provavel_proprio;False
28033450;ALTERNATIVO CURSO E COLEGIO;2802908;2,0;6;Desafiante (2º-5º local);False;668,117037037037;54,0;2,0;191,0;0,742;Poliedro;664,4881578947368;76,0;665,9955384615384;3,628879142300207;Itabaiana;SE;0,4399;Itabaiana;-10,69342809;-37,43097883;49503060;SERRANO;nao_aplicavel;1400,0;Baixa (< R$ 1.800);Pitágoras (Cogna/SOMOS);confirmado;False
35197440;COLEGIO AZ INTERNACIONAL;3507605;3,0;12;Desafiante (2º-5º local);False;659,1357142857142;14,0;1,0;61,0;0,742;Poliedro;661,7483333333333;12,0;660,3415384615383;-2,612619047619092;Bragança Paulista;SP;0,6238;Bragança Paulista;-22,9547726;-46,584618;12918241;CAMPO NOVO;nao_aplicavel;2000,0;Média (R$ 1.800-2.999);próprio (proposta sociointeracionista, currículo bilíngue internacional);provavel_proprio;False
35104991;BENJAMIN CONSTANT COLEGIO;3550308;56,0;516;Outras posições;False;657,7157377049181;61,0;3,0;245,0;0,742;Poliedro;659,1967164179105;67,0;658,4909375;-1,480978712992396;São Paulo;SP;0,8116;Vila Mariana;-23,5785734;-46,6416649;4011030;VILA MARIANA;distrito;9600,0;Alta (≥ R$ 5.000);próprio (currículo bilíngue de tradição alemã);provavel_proprio;False
31346314;COLEGIO IMP LTDA;3138203;4,0;8;Desafiante (2º-5º local);False;666,78;21,0;1,0;95,0;0,742;Poliedro;625,0736842105263;19,0;646,9694999999999;41,706315789473706;Lavras;MG;0,6994;Lavras;-21,2548872;-44,9989504;37200001;CENTRO;nao_aplicavel;2000,0;Média (R$ 1.800-2.999);próprio (Escola Trilíngue, material autoral);provavel_proprio;False
41407423;COLEGIO BERTONI - ENSINO FUNDAMENTAL E MEDIO;4108304;1,0;12;Líder local;False;642,0170114942529;87,0;4,0;291,0;0,741;Poliedro;658,5684210526315;76,0;649,7342331288343;-16,551409558378623;Foz do Iguaçu;PR;0,633;Foz do Iguaçu;-25,5532907;-54,56965649;85851445;CENTRO;nao_aplicavel;4000,0;Média-Alta (R$ 3.000-4.999);próprio (Rede Bertoni, método próprio de alta performance);provavel_proprio;False
33109923;COL BAHIENSE LTDA;3304557;86,0;344;Outras posições;False;657,3063157894736;19,0;3,0;65,0;0,741;Poliedro;652,6152941176471;17,0;655,0911111111111;4,691021671826547;Rio de Janeiro;RJ;0,8408;Rio de Janeiro;-22,999677;-43,3894235;22793081;BARRA DA TIJUCA;bairro;10001,0;Alta (≥ R$ 5.000);SAS (Arco Educação);confirmado;False
33194688;LEGACY SCHOOL REGIAO OCEANICA;3303302;18,0;42;Outras posições;False;646,4211111111111;18,0;3,0;42,0;0,741;Poliedro;;;646,4211111111111;;Niterói;RJ;0,9692;Niterói;;;24340000;ITAIPU;nao_aplicavel;5000,0;Alta (≥ R$ 5.000);Mackenzie;confirmado;False
35192399;COLEGIO ACADEMIA;3525300;4,0;10;Desafiante (2º-5º local);False;641,956;15,0;4,0;64,0;0,741;Poliedro;;;641,956;;Jaú;SP;0,6541;Jaú;-22,2925181;-48,5549124;17201470;CENTRO;nao_aplicavel;2100,0;Média (R$ 1.800-2.999);próprio (currículo bilíngue institucional);provavel_proprio;False
35108112;AUGUSTO RUSCHI COLEGIO;3518800;5,0;57;Desafiante (2º-5º local);False;641,8628571428571;21,0;4,0;99,0;0,741;Poliedro;590,9936666666666;20,0;617,0486178861788;50,86919047619051;Guarulhos;SP;0,6077;Guarulhos;-23,4542055;-46,5460185;7060000;JARDIM AIDA;nao_aplicavel;2300,0;Média (R$ 1.800-2.999);próprio (proposta pedagógica investigativa autoral);provavel_proprio;False
31170216;COLEGIO BERLAAR SAGRADO CORACAO JESUS;3103504;2,0;6;Desafiante (2º-5º local);False;641,86;14,0;4,0;86,0;0,74;Poliedro;651,1;21,0;647,404;-9,240000000000007;Araguari;MG;0,505;Araguari;-18,64431;-48,19052;38440016;CENTRO;nao_aplicavel;2000,0;Média (R$ 1.800-2.999);não identificado;provavel_proprio;False
35116828;ESCOLA CHAMPAGNAT UNIDADE BIRIGUI;3506508;3,0;6;Desafiante (2º-5º local);False;647,1374193548387;31,0;4,0;90,0;0,74;Poliedro;;;647,1374193548387;;Birigui;SP;0,5389;Birigui;-21,2969357;-50,340509;16200095;CENTRO;nao_aplicavel;2000,0;Média (R$ 1.800-2.999);próprio (Rede Marista / Colégios Maristas);confirmado;False
53005910;INST SAO JOSE;5300108;27,0;117;Outras posições;False;633,3026923076923;52,0;5,0;207,0;0,74;Poliedro;623,0473224043716;61,0;627,7666076696165;10,255369903320684;Brasília;DF;0,9278;Brasília;-15,6544486;-47,7973195;73025040;SOBRADINHO;nao_aplicavel;3000,0;Média-Alta (R$ 3.000-4.999);próprio (Rede Piedade de Educação);confirmado;False
52101517;COLEGIO VERSUS LTDA;5211503;2,0;5;Desafiante (2º-5º local);False;633,273;20,0;5,0;83,0;0,74;Poliedro;637,1323232323232;33,0;635,6759748427673;-3,859323232323163;Itumbiara;GO;0,5982;Itumbiara;-18,4374463;-49,2026241;75523572;RESIDENCIAL BEIRA RIO I;nao_aplicavel;2000,0;Média (R$ 1.800-2.999);não identificado;nao_identificado;False
33161429;COLEGIO E CURSO PENSI;3303302;19,0;42;Outras posições;False;645,7265765765766;74,0;3,0;231,0;0,74;Poliedro;635,645238095238;70,0;640,825925925926;10,081338481338548;Niterói;RJ;0,9692;Niterói;-22,94195;-43,03753;24342320;ITAIPU;nao_aplicavel;5000,0;Alta (≥ R$ 5.000);próprio (Grupo Salta Educação, marca Pensi);provavel_proprio;False
35467066;NOVO ANGLO BAURU;3506003;4,0;20;Desafiante (2º-5º local);False;658,9160563380282;71,0;2,0;179,0;0,739;Poliedro;653,7347967479675;41,0;657,0193452380953;5,181259590060677;Bauru;SP;0,7441;Bauru;-22,3307455;-49,0574713;17013023;ALTO HIGIENOPOLIS;nao_aplicavel;2400,0;Média (R$ 1.800-2.999);Anglo (Cogna/SOMOS);confirmado;False
33202109;MART EDUCACAO LTDA;3304557;87,0;344;Outras posições;False;641,6033333333332;10,0;4,0;55,0;0,739;Poliedro;;;641,6033333333332;;Rio de Janeiro;RJ;0,8408;Rio de Janeiro;;;22790170;RECREIO DOS BANDEIRANTES;bairro;6000,0;Alta (≥ R$ 5.000);não identificado;nao_identificado;False
31321079;COL CIDADE DE PATOS DE MINAS DE ENSINO FUNDAMENTAL E MEDIO;3148004;3,0;5;Desafiante (2º-5º local);False;651,1883018867925;53,0;3,0;232,0;0,739;Poliedro;646,8735483870968;31,0;649,5959523809524;4,314753499695712;Patos de Minas;MG;0,7276;Patos de Minas;-18,5887807;-46,5209989;38701120;SOBRADINHO;nao_aplicavel;5000,0;Alta (≥ R$ 5.000);não identificado;nao_identificado;False
29459230;COLEGIO MARIZIA MAIOR;2927408;18,0;90;Outras posições;False;641,5861538461539;26,0;4,0;93,0;0,739;Poliedro;633,9296296296296;27,0;637,6856603773584;7,656524216524303;Salvador;BA;0,7909;Salvador;-12,9383598;-38,3402022;41600270;STELLA MARIS;nao_aplicavel;5001,0;Alta (≥ R$ 5.000);próprio (currículo bilíngue institucional);provavel_proprio;False
53001192;C EDUCACIONAL SAGRADA FAMILIA;5300108;28,0;117;Outras posições;False;632,9286956521739;23,0;5,0;97,0;0,739;Poliedro;619,25;22,0;626,2413333333334;13,678695652173928;Brasília;DF;0,9278;Brasília;-15,77160667;-47,89317167;70790060;ASA NORTE;nao_aplicavel;3000,0;Média-Alta (R$ 3.000-4.999);Positivo (Arco Educação);confirmado;False
25115260;SECULO COLEGIO E CURSO;2507507;14,0;55;Outras posições;False;628,0586956521739;46,0;5,0;193,0;0,738;Poliedro;628,1198333333334;60,0;628,0933018867925;-0,0611376811594936;João Pessoa;PB;0,8675;João Pessoa;;;58052230;JARDIM CIDADE UNIVERSITARIA;nao_aplicavel;3500,0;Média-Alta (R$ 3.000-4.999);não identificado;nao_identificado;False
29456096;COLEGIO IEPROL;2914802;2,0;7;Desafiante (2º-5º local);False;650,817037037037;27,0;3,0;83,0;0,738;Poliedro;648,8742857142857;21,0;649,9670833333333;1,942751322751292;Itabuna;BA;0,533;Itabuna;;;45600690;ZILDOLANDIA;nao_aplicavel;5000,0;Alta (≥ R$ 5.000);Poliedro;confirmado;True
35007668;DELTA EDUCACIONAL;3502804;3,0;13;Desafiante (2º-5º local);False;668,5461538461539;39,0;0,0;189,0;0,738;Poliedro;643,2437837837838;74,0;651,9764601769912;25,302370062370077;Araçatuba;SP;0,7111;Araçatuba;-21,22250167;-50,44193833;16020277;SAUDADE;nao_aplicavel;2100,0;Média (R$ 1.800-2.999);Poliedro;confirmado;True
21280746;CENTRO EDUCACIONAL SAGRES;2111300;11,0;47;Outras posições;False;631,4866666666667;21,0;4,0;85,0;0,738;Poliedro;649,95;26,0;641,7004255319149;-18,463333333333367;São Luís;MA;0,7058;São Luís;;;65066190;TURU;nao_aplicavel;1300,0;Baixa (< R$ 1.800);próprio (marca institucional Sagres);provavel_proprio;False
35131945;GUILHERME DE ALMEIDA COLEGIO UNIDADE I;3518800;6,0;57;Outras posições;False;626,4696774193549;31,0;5,0;95,0;0,737;Poliedro;665,7037209302325;43,0;649,2678378378379;-39,234043510877655;Guarulhos;SP;0,6077;Guarulhos;-23,4676505;-46,5416243;7020010;JARDIM TIJUCO;nao_aplicavel;2300,0;Média (R$ 1.800-2.999);Sistema Anglo de Ensino (Anglo Alante);confirmado;False
43037690;COLEGIO MARIA AUXILIADORA;4304606;2,0;10;Desafiante (2º-5º local);False;622,0091472868218;43,0;5,0;171,0;0,737;Poliedro;598,2373076923077;52,0;608,9971929824562;23,771839594514063;Canoas;RS;0,7184;Canoas;-29,91776365;-51,18364833;92310364;CENTRO;nao_aplicavel;5000,0;Alta (≥ R$ 5.000);próprio (Rede Notre Dame);confirmado;False
31118346;COL STATUS;3147907;4,0;5;Desafiante (2º-5º local);False;641,186875;32,0;4,0;88,0;0,737;Poliedro;620,4842857142858;28,0;631,5256666666667;20,702589285714225;Passos;MG;0,5509;Passos;-20,7297974;-46,6099575;37900001;CANJERANUS;nao_aplicavel;1560,0;Baixa (< R$ 1.800);Sistema de Ensino Poliedro;confirmado;True
43215572;COLEGIO FLEMING PELOTAS;4314407;5,0;10;Desafiante (2º-5º local);False;658,2059090909091;44,0;2,0;148,0;0,737;Poliedro;625,3458536585366;41,0;642,3557647058824;32,86005543237252;Pelotas;RS;0,7278;Pelotas;;;96015150;CENTRO;nao_aplicavel;2000,0;Média (R$ 1.800-2.999);próprio (Fleming Educação);confirmado;False
35107542;ESCOLA BILINGUE PUERI DOMUS UNIDADE I VERBO DIVINO;3550308;57,0;516;Outras posições;False;636,5661904761904;56,0;5,0;253,0;0,736;Poliedro;660,7249572649573;39,0;646,4839999999999;-24,15876678876691;São Paulo;SP;0,8116;Santo Amaro;-23,6336422;-46,7060233;4719001;CHACARA SANTO ANTONIO ZONA SUL;distrito;7500,0;Alta (≥ R$ 5.000);próprio (Grupo SEB, marca Pueri Domus);confirmado;False
16003128;ESCOLA CONEXAO AQUARELA;1600303;1,0;16;Líder local;False;631,3671834625324;129,0;4,0;374,0;0,736;Poliedro;660,4060194174758;103,0;644,2594252873564;-29,038835954943465;Macapá;AP;0,492;Macapá;0,01843917;-51,06903872;68902120;BEIROL;nao_aplicavel;2000,0;Média (R$ 1.800-2.999);próprio (marca institucional Conexão Aquarela);provavel_proprio;False
35258143;NOVO COLEGIO SISTEMA DE ENSINO DE FRANCA LTDA;3516200;1,0;14;Líder local;False;678,900895522388;67,0;0,0;241,0;0,736;Poliedro;675,6040196078432;68,0;677,2402469135802;3,2968759145448985;Franca;SP;0,7064;Franca;-20,5204527;-47,3945615;14401054;VILA NOSSA SENHORA DAS GRACAS;nao_aplicavel;2000,0;Média (R$ 1.800-2.999);Sistema de Ensino Poliedro;confirmado;True
53001389;COL SAGRADO CORACAO DE MARIA;5300108;29,0;117;Outras posições;False;632,1278571428572;28,0;5,0;126,0;0,736;Poliedro;612,6590909090909;22,0;623,5616;19,46876623376636;Brasília;DF;0,9278;Brasília;-15,78184558;-47,89008774;70710750;ASA NORTE;nao_aplicavel;3000,0;Média-Alta (R$ 3.000-4.999);próprio (Rede Sagrado / Instituto das Religiosas do Sagrado Coração de Maria);confirmado;False
35153126;LITTERATUS COLEGIO;3523404;2,0;7;Desafiante (2º-5º local);False;650,124;35,0;3,0;123,0;0,735;Poliedro;648,095;20,0;649,386181818182;2,0289999999999964;Itatiba;SP;0,675;Itatiba;-22,9853477;-46,8407384;13251535;JARDIM ALTO DE SANTA CRUZ;nao_aplicavel;2500,0;Média (R$ 1.800-2.999);COC Pearson (Arco Educação);confirmado;False
41071913;NOSSA SRA AUXILIADORA COL EI-EF-EM;4104808;3,0;15;Desafiante (2º-5º local);False;631,8784615384616;13,0;5,0;72,0;0,735;Poliedro;611,8926315789474;19,0;620,011875;19,98582995951415;Cascavel;PR;0,7121;Cascavel;-24,95740453;-53,45598185;85801010;CENTRO;nao_aplicavel;5000,0;Alta (≥ R$ 5.000);não identificado;provavel_proprio;False
35445848;CONEXAO COLEGIO;3503208;1,0;13;Líder local;False;665,0020512820513;91,0;2,0;288,0;0,734;Poliedro;673,8358649789029;79,0;669,1071764705882;-8,833813696851621;Araraquara;SP;0,7714;Araraquara;-21,7948612;-48,1722422;14801040;CENTRO;nao_aplicavel;2500,0;Média (R$ 1.800-2.999);não identificado;nao_identificado;False
23070722;NOSSA SENHORA DAS GRACAS COLEGIO;2304400;28,0;117;Outras posições;False;631,7655367231638;59,0;5,0;197,0;0,734;Poliedro;626,5605128205128;78,0;628,8020924574208;5,205023902650964;Fortaleza;CE;0,8208;Fortaleza;-3,7472908;-38,5266107;60050150;FATIMA;nao_aplicavel;5000,0;Alta (≥ R$ 5.000);próprio (escola confessional católica);provavel_proprio;False
35113759;COLEGIO PIRACICABANO DA IGREJA METODISTA;3538709;3,0;25;Desafiante (2º-5º local);False;631,76375;16,0;5,0;48,0;0,734;Poliedro;593,0006060606061;11,0;615,9713580246913;38,7631439393939;Piracicaba;SP;0,8238;Piracicaba;-22,7269176;-47,6504881;13400901;CENTRO;nao_aplicavel;4500,0;Média-Alta (R$ 3.000-4.999);próprio (rede confessional, Igreja Metodista);provavel_proprio;False
35125726;PERSPECTIVA ESCOLA;3550308;58,0;516;Outras posições;False;657,288;20,0;2,0;88,0;0,734;Poliedro;646,3064285714285;28,0;650,8820833333333;10,981571428571556;São Paulo;SP;0,8116;Capão Redondo;-23,6695224;-46,7756736;5884150;VILA FAZZEONI;distrito;1800,0;Média (R$ 1.800-2.999);Sistema Etapa (Editora Etapa);confirmado;False
29427924;ESCOLA MONTEIRO LOBATO -UNIDADE 2;2919553;1,0;5;Líder local;False;626,7527272727273;22,0;5,0;75,0;0,733;Poliedro;619,2;21,0;623,0641860465116;7,552727272727225;Luís Eduardo Magalhães;BA;0,3614;Luís Eduardo Magalhães;;;47852016;JARDIM PRIMAVERA;nao_aplicavel;1600,0;Baixa (< R$ 1.800);Sistema Objetivo de Ensino;confirmado;False
43176852;CENTRO TECNOLOGICO UNIVERSIDADE CAXIAS DO SUL - UNIDADE DE ENSINO DE CAXIAS DO SUL;4305108;4,0;12;Desafiante (2º-5º local);False;625,6244444444444;183,0;5,0;648,0;0,733;Poliedro;637,4531261770245;177,0;631,440212962963;-11,828681732580094;Caxias do Sul;RS;0,7797;Caxias do Sul;-29,1643;-51,1492;95070560;PETRÓPOLIS;nao_aplicavel;3450,0;Média-Alta (R$ 3.000-4.999);próprio (CETEC, ligado à Universidade de Caxias do Sul);provavel_proprio;False
43069002;COLEGIO DOM FELICIANO;4309209;2,0;7;Desafiante (2º-5º local);False;626,6608771929824;114,0;5,0;363,0;0,733;Poliedro;641,9385;80,0;632,9609278350515;-15,277622807017565;Gravataí;RS;0,3772;Gravataí;-29,94513648;-50,99363619;94010001;CENTRO;nao_aplicavel;2000,0;Média (R$ 1.800-2.999);próprio (Rede ICM de Educação e Assistência Social);confirmado;False
31371777;COLEGIO GABARITO;3104007;2,0;4;Desafiante (2º-5º local);False;648,966875;32,0;3,0;109,0;0,732;Poliedro;638,73;40,0;643,2797222222222;10,23687499999994;Araxá;MG;0,5912;Araxá;;;38183208;CENTRO;nao_aplicavel;2600,0;Média (R$ 1.800-2.999);Sistema SAE Digital (SAE Educação);confirmado;False
42103894;COLEGIO VILA OLIMPIA;4205407;9,0;30;Outras posições;False;640,3953846153846;13,0;4,0;70,0;0,732;Poliedro;672,1888888888889;18,0;658,8561290322581;-31,79350427350425;Florianópolis;SC;0,9306;Cachoeira do Bom Jesus;-27,4494669;-48,48849529;88053701;JURERE;nao_aplicavel;3000,0;Média-Alta (R$ 3.000-4.999);não identificado;nao_identificado;False
41063015;COLEGIO POSITIVO MASTER - EDUCACAO INFANTIL ENSINO FUNDAMENTAL E MEDIO;4119905;3,0;14;Desafiante (2º-5º local);False;640,3889743589743;78,0;4,0;296,0;0,732;Poliedro;633,9739837398374;82,0;637,1012916666666;6,414990619136916;Ponta Grossa;PR;0,5848;Ponta Grossa;-25,10791997;-50,15859751;84040020;OFICINAS;nao_aplicavel;3000,0;Média-Alta (R$ 3.000-4.999);Positivo (Arco Educação);confirmado;False
51036193;MASTER GENESIS ALVORADA;5103403;6,0;27;Outras posições;False;635,9515625;64,0;4,0;225,0;0,732;Poliedro;618,813023255814;43,0;629,0641121495327;17,138539244186063;Cuiabá;MT;0,8046;Cuiabá;;;78050252;JARDIM ACLIMAÇÃO;nao_aplicavel;10000,0;Alta (≥ R$ 5.000);Eleva;confirmado;False
35135148;SINGULAR COLEGIO;3547809;3,0;36;Desafiante (2º-5º local);False;648,8620606060606;220,0;3,0;814,0;0,732;Poliedro;651,9298850574712;290,0;650,6065098039214;-3,0678244514106154;Santo André;SP;0,7874;Santo André;-23,6590149;-46,5292532;9020140;CENTRO;nao_aplicavel;5000,0;Alta (≥ R$ 5.000);Anglo (Cogna/SOMOS);confirmado;False
12030058;ESC DE ENSINO MEDIO E TECNICO PLACIDO DE CASTRO;1200401;4,0;10;Desafiante (2º-5º local);False;635,9234782608695;46,0;4,0;161,0;0,732;Poliedro;644,7352542372881;59,0;640,874857142857;-8,81177597641863;Rio Branco;AC;0,6009;Rio Branco;;;69915901;JARDIM EUROPA;nao_aplicavel;1300,0;Baixa (< R$ 1.800);Sistema Anglo de Ensino (Anglo Acre);confirmado;False
35811385;PENHENSE ESCOLA ESP;3550308;59,0;516;Outras posições;False;640,3133333333334;48,0;4,0;117,0;0,732;Poliedro;625,9641860465116;43,0;633,532967032967;14,34914728682179;São Paulo;SP;0,8116;Penha;-23,5258001;-46,5500776;3606010;PENHA DE FRANCA;distrito;3000,0;Média-Alta (R$ 3.000-4.999);Sistema Objetivo de Ensino;confirmado;False
35107803;COLEGIO MAGISTER;3550308;60,0;516;Outras posições;False;631,2054761904762;28,0;5,0;126,0;0,732;Poliedro;637,8407692307693;26,0;634,4002469135803;-6,63529304029305;São Paulo;SP;0,8116;Campo Grande;-23,667181;-46,6906418;4675085;JARDIM TAQUARAL;distrito;5000,0;Alta (≥ R$ 5.000);próprio (Magister Bilingual School, currículo institucional);provavel_proprio;False
32074182;CENTRO DE ENSINO COLATINENSE DARWIN;3201506;1,0;4;Líder local;False;644,342;30,0;4,0;117,0;0,731;Poliedro;668,2994202898551;23,0;654,7386163522012;-23,95742028985512;Colatina;ES;0,4105;Colatina;-19,5449622;-40,6354631;29702210;MARIA ESMÊNIA;nao_aplicavel;2000,0;Média (R$ 1.800-2.999);próprio (Rede Darwin);provavel_proprio;False
43037682;COLEGIO LA SALLE;4304606;3,0;10;Desafiante (2º-5º local);False;626,3922222222222;120,0;5,0;407,0;0,731;Poliedro;624,5176785714285;112,0;625,4872701149425;1,8745436507937256;Canoas;RS;0,7184;Canoas;-29,91699;-51,18168;92010000;CENTRO;nao_aplicavel;5000,0;Alta (≥ R$ 5.000);Conquista Solução Educacional;confirmado;False
35108339;SANTA MONICA COLEGIO;3530607;4,0;24;Desafiante (2º-5º local);False;648,7136363636364;33,0;3,0;101,0;0,731;Poliedro;664,1308333333333;24,0;655,2050877192983;-15,417196969696874;Mogi das Cruzes;SP;0,7296;Mogi das Cruzes;-23,5232729;-46,1886119;8780170;CENTRO;nao_aplicavel;2700,0;Média (R$ 1.800-2.999);próprio (Santa Mônica Rede de Ensino, SP);provavel_proprio;False
26033950;COLEGIO NOSSA SENHORA AUXILIADORA;2611101;3,0;10;Desafiante (2º-5º local);False;626,2894358974359;130,0;5,0;420,0;0,731;Poliedro;633,0419999999999;100,0;629,2253333333333;-6,752564102564065;Petrolina;PE;0,5578;Petrolina;-9,398004;-40,5018;56302335;CENTRO;nao_aplicavel;3500,0;Média-Alta (R$ 3.000-4.999);próprio (Rede Salesiana, Sistema Preventivo de Dom Bosco);confirmado;False
35113207;DIVINO SALVADOR COLEGIO;3525904;7,0;31;Outras posições;False;640,2714492753623;46,0;4,0;140,0;0,731;Poliedro;656,1327272727274;55,0;648,9087788778878;-15,86127799736505;Jundiaí;SP;0,825;Jundiaí;-23,19821836;-46,87529485;13202590;VILA ARENS II;nao_aplicavel;3000,0;Média-Alta (R$ 3.000-4.999);próprio (rede confessional, carisma salvatoriano);provavel_proprio;False
35143352;CIDADE DE ITU COLEGIO;3523909;2,0;9;Desafiante (2º-5º local);False;671,1563636363636;44,0;1,0;189,0;0,731;Poliedro;669,7828571428572;56,0;670,3872;1,3735064935063974;Itu;SP;0,6792;Itu;-23,26616;-47,29785;13300063;CENTRO;nao_aplicavel;2200,0;Média (R$ 1.800-2.999);não identificado;nao_identificado;False
15096831;COLEGIO ATITUDE;1502103;1,0;2;Sem comparação local (poucas escolas na cidade);False;626,2570491803278;61,0;5,0;188,0;0,731;Poliedro;626,2648979591837;49,0;626,2605454545455;-0,0078487788558732;Cametá;PA;0,257;Cametá;-2,2466101;-49,5006736;68400000;;nao_aplicavel;1200,0;Baixa (< R$ 1.800);Objetivo;confirmado;False
33041130;COLEGIO BOM JESUS SAO JOSE;3303906;7,0;19;Outras posições;False;626,2013793103448;29,0;5,0;135,0;0,731;Poliedro;653,4272;25,0;638,8059259259259;-27,22582068965517;Petrópolis;RJ;0,8097;Cascatinha;-22,50405009;-43,17595305;25610150;CENTRO;nao_aplicavel;1600,0;Baixa (< R$ 1.800);próprio (rede confessional franciscana, Colégio Bom Jesus);confirmado;False
35103445;EQUIPE COLEGIO;3550308;61,0;516;Outras posições;False;640,2621568627451;34,0;4,0;139,0;0,731;Poliedro;615,0082142857143;56,0;624,5485925925926;25,253942577030784;São Paulo;SP;0,8116;Santa Cecília;-23,5377466;-46,6566244;1229010;SANTA CECILIA;distrito;5000,0;Alta (≥ R$ 5.000);Equipe (regional Norte-Nordeste);confirmado;False
25130676;CENTRO DE ENSINO E EDUCACAO DA BORBOREMA LDTA;2504009;4,0;20;Desafiante (2º-5º local);False;662,2959999999999;65,0;1,0;168,0;0,731;Poliedro;638,9698305084746;59,0;651,1972580645161;23,32616949152532;Campina Grande;PB;0,7075;Campina Grande;;;58402053;JARDIM TAVARES;nao_aplicavel;4000,0;Média-Alta (R$ 3.000-4.999);não identificado;nao_identificado;False
35165943;ATLANTICO DE ENSINO INSTITUTO;3538709;4,0;25;Desafiante (2º-5º local);False;648,4619047619047;21,0;3,0;88,0;0,73;Poliedro;662,365;24,0;655,8768888888889;-13,90309523809526;Piracicaba;SP;0,8238;Piracicaba;-22,7275438;-47,6743731;13403843;TERRAS DE PIRACICABA;nao_aplicavel;2700,0;Média (R$ 1.800-2.999);próprio (marca institucional Instituto Atlântico de Ensino);provavel_proprio;False
35141264;DOMINUS VIVENDI COLEGIO EIFM;3550308;62,0;516;Outras posições;False;648,4230769230769;13,0;3,0;68,0;0,73;Poliedro;634,5956521739131;23,0;639,588888888889;13,82742474916381;São Paulo;SP;0,8116;Jabaquara;-23,6473195;-46,670288;4363001;VILA MASCOTE;distrito;2750,0;Média (R$ 1.800-2.999);próprio (marca institucional Colégio Dominus);provavel_proprio;False
35165773;MULTIPLUS SCHOOL;3541406;3,0;13;Desafiante (2º-5º local);False;640,1169642857143;56,0;4,0;199,0;0,73;Poliedro;636,3960784313725;34,0;638,7112962962964;3,720885854341759;Presidente Prudente;SP;0,7561;Presidente Prudente;-22,1291631;-51,4083819;19061460;VILA GUAIRA;nao_aplicavel;2300,0;Média (R$ 1.800-2.999);não identificado;nao_identificado;False
35439368;COLEGIO PROGRESSO BILINGUE;3520509;5,0;12;Desafiante (2º-5º local);False;648,3925490196078;51,0;3,0;139,0;0,73;Poliedro;656,8812643678161;58,0;652,9094801223241;-8,488715348208302;Indaiatuba;SP;0,794;Indaiatuba;-23,0676423;-47,1978345;13335010;JARDIM SANTA RITA;nao_aplicavel;3000,0;Média-Alta (R$ 3.000-4.999);próprio (currículo IB, International Schools Partnership);provavel_proprio;False
41063252;COLEGIO MARISTA PIO XII EI EF E EM;4119905;4,0;14;Desafiante (2º-5º local);False;624,9712676056338;71,0;5,0;288,0;0,73;Poliedro;614,7460512820512;65,0;620,0842156862745;10,225216323582572;Ponta Grossa;PR;0,5848;Ponta Grossa;-25,08219037;-50,16195502;84015440;JARDIM CARVALHO;nao_aplicavel;2800,0;Média (R$ 1.800-2.999);Marista (FTD, rede fechada);confirmado;False
35100473;SANTA TERESINHA COLEGIO SALESIANO;3550308;63,0;516;Outras posições;False;625,9698529411764;136,0;5,0;543,0;0,73;Poliedro;624,7175799086758;146,0;625,321513002364;1,252273032500625;São Paulo;SP;0,8116;Santana;-23,4913303;-46,6326881;2405050;SANTANA;distrito;5001,0;Alta (≥ R$ 5.000);próprio (Rede Salesiana, pedagogia de Dom Bosco);confirmado;False
41386329;ALDEIA DO SOL CEI EF M;4109401;2,0;9;Desafiante (2º-5º local);False;639,9945454545455;11,0;4,0;13,0;0,73;Poliedro;;;639,9945454545455;;Guarapuava;PR;0,5944;Guarapuava;-25,41305186;-51,49702941;85027510;VILA BELA;nao_aplicavel;2000,0;Média (R$ 1.800-2.999);próprio (Rede Solaris);provavel_proprio;False
42113083;COC COLEGIO OSVALDO CARVALHO EIRELI EPP;4205407;10,0;30;Outras posições;False;661,845582010582;252,0;1,0;738,0;0,73;Poliedro;676,0883152173913;368,0;670,2993333333334;-14,242733206809248;Florianópolis;SC;0,9306;Florianópolis;-27,5959489;-48,5491457;88010530;CENTRO;nao_aplicavel;7500,0;Alta (≥ R$ 5.000);COC (Arco Educação);confirmado;False
26162016;COLEGIO PONTUAL CENTRO EDUCACIONAL LTDA;2611606;23,0;76;Outras posições;False;643,2084210526315;19,0;3,0;61,0;0,729;Poliedro;;;643,2084210526315;;Recife;PE;0,9162;Recife;-8,041487471;-34,94554882;50740450;VÁRZEA;nao_aplicavel;1500,0;Baixa (< R$ 1.800);não identificado;nao_identificado;False
53001290;COL COR JESU;5300108;30,0;117;Outras posições;False;630,4535135135135;37,0;5,0;184,0;0,729;Poliedro;632,1135714285714;28,0;631,1686153846154;-1,6600579150579051;Brasília;DF;0,9278;Brasília;-15,83820614;-47,91859562;70200750;ASA SUL;nao_aplicavel;3000,0;Média-Alta (R$ 3.000-4.999);próprio (Rede Sagrado / Instituto das Religiosas do Sagrado Coração de Maria);confirmado;False
31184349;COLEGIO LOSANGO DE UBA;3169901;2,0;4;Desafiante (2º-5º local);False;653,4424875621891;67,0;3,0;231,0;0,729;Poliedro;682,205925925926;54,0;666,2790633608815;-28,763438363736896;Ubá;MG;0,5515;Ubá;-21,119852;-42,9437942;36500067;CENTRO;nao_aplicavel;1500,0;Baixa (< R$ 1.800);Bernoulli;confirmado;False
52090388;CENTRO EDUCACIONAL IMPACTO LTDA- COLEGIO EXITO;5211909;2,0;4;Desafiante (2º-5º local);False;634,2524999999999;24,0;4,0;89,0;0,729;Poliedro;642,6913333333334;30,0;638,9407407407408;-8,438833333333491;Jataí;GO;0,6306;Jataí;;;75800017;CENTRO;nao_aplicavel;2000,0;Média (R$ 1.800-2.999);Sistema Bernoulli de Ensino;confirmado;False
32076363;COLEGIO LUSIADAS;3201308;1,0;7;Líder local;False;630,4070833333334;48,0;5,0;209,0;0,729;Poliedro;623,3861224489797;49,0;626,8604123711341;7,020960884353713;Cariacica;ES;0,302;Cariacica;-20,3403299;-40,3937743;29146040;CAMPO GRANDE;nao_aplicavel;2600,0;Média (R$ 1.800-2.999);Bernoulli;confirmado;False
41099605;ALIANCA CEI EF M;4109401;3,0;9;Desafiante (2º-5º local);False;625,8157142857143;56,0;5,0;230,0;0,729;Poliedro;651,2687272727272;55,0;638,4275675675675;-25,45301298701293;Guarapuava;PR;0,5944;Guarapuava;-25,39163167;-51,45694667;85065030;ALTO DA XV;nao_aplicavel;3000,0;Média-Alta (R$ 3.000-4.999);próprio (marca institucional Colégio Aliança);provavel_proprio;False
51072823;LAVOISIER CENTRO DE ENSINO;5107602;2,0;7;Desafiante (2º-5º local);False;655,3106666666666;20,0;2,0;77,0;0,729;Poliedro;;;655,3106666666666;;Rondonópolis;MT;0,6032;Rondonópolis;;;78740000;VILA AURORA I;nao_aplicavel;2224,0;Média (R$ 1.800-2.999);não identificado;nao_identificado;False
31006386;COLEGUIUM - UNIDADE JARAGUA;3106200;57,0;110;Outras posições;False;641,5607407407407;27,0;3,0;75,0;0,728;Poliedro;661,62;17,0;649,3109090909091;-20,059259259259303;Belo Horizonte;MG;0,9738;Belo Horizonte;-19,8643468;-43,948227;31255690;SANTA ROSA;nao_aplicavel;4000,0;Média-Alta (R$ 3.000-4.999);próprio (Coleguium Rede de Ensino);confirmado;False
53003659;COL MARISTA CHAMPAGNAT;5300108;31,0;117;Outras posições;False;630,1565020576131;81,0;5,0;323,0;0,728;Poliedro;627,1942288557215;67,0;628,815472972973;2,962273201891662;Brasília;DF;0,9278;Brasília;-15,8416218;-48,0492298;72015597;TAGUATINGA SUL;nao_aplicavel;3000,0;Média-Alta (R$ 3.000-4.999);Marista (FTD, rede fechada);confirmado;False
35113724;CIDADE DE PIRACICABA COLEGIO;3538709;5,0;25;Desafiante (2º-5º local);False;647,8616666666667;72,0;3,0;210,0;0,728;Poliedro;652,9807575757576;44,0;649,8033908045977;-5,1190909090909145;Piracicaba;SP;0,8238;Piracicaba;-22,7369247;-47,6416687;13419140;CIDADE ALTA;nao_aplicavel;3600,0;Média-Alta (R$ 3.000-4.999);não identificado;nao_identificado;False
41138430;BOM JESUS SAO JOSE DOS PINHAIS COL EDUC INFANTIL ENSINO FUNDAMENTAL E MEDIO;4125506;1,0;8;Líder local;False;639,4002150537634;62,0;4,0;235,0;0,727;Poliedro;648,0944117647059;68,0;643,9479487179487;-8,694196710942492;São José dos Pinhais;PR;0,4857;São José dos Pinhais;-25,54125395;-49,20295284;83005340;CENTRO;nao_aplicavel;4000,0;Média-Alta (R$ 3.000-4.999);próprio (rede confessional franciscana, Colégio Bom Jesus);confirmado;False
32010311;COLEGIO MARISTA;3201506;3,0;4;Desafiante (2º-5º local);False;633,7864864864864;37,0;4,0;159,0;0,727;Poliedro;613,0733333333334;30,0;624,5119402985075;20,71315315315303;Colatina;ES;0,4105;Colatina;-19,5404948;-40,6390369;29707075;MARISTA;nao_aplicavel;5000,0;Alta (≥ R$ 5.000);Marista (FTD, rede fechada);confirmado;False
31210595;COL QUELUZ DE MINAS;3118304;3,0;4;Desafiante (2º-5º local);False;647,672;10,0;3,0;18,0;0,727;Poliedro;626,2533333333333;15,0;634,8208;21,41866666666669;Conselheiro Lafaiete;MG;0,5695;Conselheiro Lafaiete;-20,667175;-43,7964986;36406094;CARIJÓS;nao_aplicavel;2000,0;Média (R$ 1.800-2.999);não identificado;nao_identificado;False
33098980;CENTRO EDUCACIONAL SANMARTIN PEREZ;3301900;1,0;11;Líder local;False;642,5017204301075;31,0;3,0;82,0;0,726;Poliedro;637,5018181818182;22,0;640,4262893081761;4,999902248289345;Itaboraí;RJ;0,3528;Itaboraí;-22,746352;-42,8759647;24812198;OUTEIRO DAS PEDRAS;nao_aplicavel;2000,0;Média (R$ 1.800-2.999);pH (Cogna/SOMOS);confirmado;False
15561313;CENTRO EDUCACIONAL COLEGIO MONTE CASTELO;1504208;4,0;9;Desafiante (2º-5º local);False;629,7657861635221;53,0;5,0;167,0;0,726;Poliedro;605,3021794871795;52,0;617,6504761904762;24,46360667634258;Marabá;PA;0,5206;Marabá;;;68503240;BELO HORIZONTE;nao_aplicavel;1300,0;Baixa (< R$ 1.800);próprio (marca institucional Colégio Monte Castelo);provavel_proprio;False
51027909;COLEGIO LA SALLE ATEC;5107958;3,0;4;Desafiante (2º-5º local);False;649,14;23,0;2,0;88,0;0,726;Poliedro;628,1266666666667;21,0;639,110909090909;21,01333333333332;Tangará da Serra;MT;0,5566;Tangará da Serra;-14,61400419;-57,49536315;78302020;PARQUE MANSOES;nao_aplicavel;3500,0;Média-Alta (R$ 3.000-4.999);próprio (Rede La Salle);confirmado;False
26095882;INSTITUTO SANTO INACIO DE LOIOLA;2616407;1,0;7;Líder local;False;642,1723999999999;50,0;3,0;164,0;0,726;Poliedro;635,9411764705883;34,0;639,650238095238;6,231223529411636;Vitória de Santo Antão;PE;0,2616;Vitória de Santo Antão;-8,10912809;-35,28756564;55610090;CAJÁ;nao_aplicavel;1212,0;Baixa (< R$ 1.800);Pitágoras (Cogna/SOMOS);confirmado;False
31354848;COLEGIO LOSANGO DE LAVRAS;3138203;5,0;8;Desafiante (2º-5º local);False;661,4272;25,0;2,0;66,0;0,726;Poliedro;672,9853846153845;26,0;667,3196078431373;-11,558184615384562;Lavras;MG;0,6994;Lavras;-21,2431554;-44,9922457;37202502;VILA BRASILIA;nao_aplicavel;2000,0;Média (R$ 1.800-2.999);próprio (Rede Losango);provavel_proprio;False
35105961;BEATISSIMA VIRGEM MARIA INSTITUTO DE EDUCACAO;3550308;64,0;516;Outras posições;False;625,3954545454545;44,0;5,0;146,0;0,726;Poliedro;597,7957142857142;28,0;614,6622222222221;27,599740259740315;São Paulo;SP;0,8116;Butantã;-23,6227451;-46,6880011;4703002;SANTO AMARO;distrito;5000,0;Alta (≥ R$ 5.000);Mary Ward (material institucional);confirmado;False
29486696;CENTRO EDUCACIONAL OPCAO;2933307;5,0;14;Desafiante (2º-5º local);False;639,0511111111111;21,0;4,0;84,0;0,726;Poliedro;610,045;36,0;620,731461988304;29,00611111111118;Vitória da Conquista;BA;0,5552;Vitória da Conquista;;;45020200;RECREIO DOS BANDEIRANTES;nao_aplicavel;1212,0;Baixa (< R$ 1.800);não identificado;nao_identificado;False
35155073;COLEGIO BATISTA BRASIL VILA MARIANA;3550308;65,0;516;Outras posições;False;637,64;13,0;4,0;51,0;0,726;Poliedro;607,058947368421;19,0;619,4824999999998;30,58105263157904;São Paulo;SP;0,8116;Vila Mariana;-23,58462666;-46,63896712;4015011;VILA MARIANA;distrito;9600,0;Alta (≥ R$ 5.000);não identificado;provavel_proprio;False
35121381;PRUDENTINA ESCOLA DE EDUCACAO BASICA;3541406;4,0;13;Desafiante (2º-5º local);False;647,4916384180791;59,0;3,0;198,0;0,726;Poliedro;666,5357692307692;52,0;656,4132132132132;-19,044130812690128;Presidente Prudente;SP;0,7561;Presidente Prudente;-22,1300065;-51,4092146;19061450;JARDIM ESPLANADA;nao_aplicavel;2300,0;Média (R$ 1.800-2.999);Anglo (Cogna/SOMOS);confirmado;False
41075927;COLEGIO ANGLO AMERICANO;4108304;2,0;12;Desafiante (2º-5º local);False;629,4648979591836;49,0;5,0;188,0;0,726;Poliedro;667,1969491525424;59,0;650,0777777777777;-37,73205119335876;Foz do Iguaçu;PR;0,633;Foz do Iguaçu;-25,49895062;-54,57466957;85868030;KLP;nao_aplicavel;2500,0;Média (R$ 1.800-2.999);Anglo (Cogna/SOMOS);confirmado;False
35801793;ANGLO ALANTE ARARAS 2;3503307;2,0;6;Desafiante (2º-5º local);False;667,910925925926;36,0;1,0;109,0;0,725;Poliedro;648,9135294117648;34,0;658,683619047619;18,99739651416121;Araras;SP;0,5864;Araras;-22,3557206;-47,3891254;13600061;CENTRO;nao_aplicavel;2400,0;Média (R$ 1.800-2.999);Anglo (Cogna/SOMOS);confirmado;False
35140673;INTEGRADO DE MOGI GUACU COLEGIO;3530706;3,0;9;Desafiante (2º-5º local);False;659,9258974358975;26,0;1,0;104,0;0,725;Poliedro;653,8329032258065;31,0;656,6121637426901;6,092994210090978;Mogi Guaçu;SP;0,596;Mogi Guaçu;-22,3711603;-46,934106;13840040;CENTRO;nao_aplicavel;2300,0;Média (R$ 1.800-2.999);não identificado;nao_identificado;False
31368342;COLEGUIUM - UNIDADE INTERNACIONAL BURITIS;3106200;58,0;110;Outras posições;False;633,3839639639639;37,0;4,0;94,0;0,725;Poliedro;657,548275862069;29,0;644,0016161616162;-24,164311898105097;Belo Horizonte;MG;0,9738;Belo Horizonte;-19,9620758;-43,9652463;30494225;ESTORIL;nao_aplicavel;5000,0;Alta (≥ R$ 5.000);próprio (Coleguium Rede de Ensino);confirmado;False
53005457;CENTRO DE ENSINO SANTA RITA DE CASSIA;5300108;32,0;117;Outras posições;False;634,6458536585366;41,0;4,0;155,0;0,725;Poliedro;614,1975163398693;51,0;623,3103623188406;20,448337318667317;Brasília;DF;0,9278;Brasília;-15,6427056;-47,8030718;73035090;SOBRADINHO;nao_aplicavel;3000,0;Média-Alta (R$ 3.000-4.999);próprio (marca institucional CESRC);provavel_proprio;False
35112537;PIO XII COLEGIO DE APLICACAO;3509502;13,0;47;Outras posições;False;629,295;20,0;5,0;57,0;0,725;Poliedro;638,9215384615384;13,0;633,0872727272726;-9,626538461538416;Campinas;SP;0,82;Campinas;-22,9099938;-47,0520598;13015191;CENTRO;nao_aplicavel;3000,0;Média-Alta (R$ 3.000-4.999);próprio (PUC-Campinas);confirmado;False
35367734;DOM BOSCO COLEGIO UNID III;3550308;66,0;516;Outras posições;False;638,8584;100,0;4,0;299,0;0,725;Poliedro;646,6222727272727;88,0;642,4925531914894;-7,763872727272769;São Paulo;SP;0,8116;Mandaqui;-23,4655086;-46,6349659;2415002;PARQUE MANDAQUI;distrito;3001,0;Média-Alta (R$ 3.000-4.999);não identificado;nao_identificado;False
24057193;COLEGIO OBJETIVO DE NATAL;2408102;16,0;48;Outras posições;False;625,0688888888889;18,0;5,0;51,0;0,725;Poliedro;585,05625;16,0;606,2394117647059;40,01263888888889;Natal;RN;0,8531;Natal;-5,817022;-35,20334;59056300;LAGOA NOVA;nao_aplicavel;5200,0;Alta (≥ R$ 5.000);Objetivo;confirmado;False
43219616;COLEGIO FLEMING CANOAS;4304606;4,0;10;Desafiante (2º-5º local);False;663,0533333333333;36,0;0,0;112,0;0,725;Poliedro;636,4857894736842;38,0;649,4105405405405;26,56754385964905;Canoas;RS;0,7184;Canoas;;;92010000;CENTRO;nao_aplicavel;5000,0;Alta (≥ R$ 5.000);próprio (Fleming Educação);confirmado;False
35152812;JANDYRA ANTUNES ROSA PROFESSORA COLEGIO;3526902;3,0;15;Desafiante (2º-5º local);False;629,2565217391304;23,0;5,0;85,0;0,724;Poliedro;641,0166666666667;18,0;634,4195121951219;-11,760144927536205;Limeira;SP;0,663;Limeira;-22,5568032;-47,4058862;13480771;CENTRO;nao_aplicavel;2300,0;Média (R$ 1.800-2.999);Plataforma AZ (Conexia Educação / Grupo SEB);confirmado;False
35102799;SAGRADO CORACAO DE JESUS COLEGIO;3550308;67,0;516;Outras posições;False;629,2380620155039;86,0;5,0;322,0;0,724;Poliedro;616,6334199134199;77,0;623,2837218813906;12,604642102084084;São Paulo;SP;0,8116;Perdizes;-23,5343954;-46,6842208;5020000;PERDIZES;distrito;8000,0;Alta (≥ R$ 5.000);próprio (Sagrado Rede de Educação);confirmado;False
33009783;INST DOM BOSCO;3301009;2,0;16;Desafiante (2º-5º local);False;624,8458823529411;17,0;5,0;72,0;0,724;Poliedro;632,5448;25,0;629,4285714285714;-7,69891764705892;Campos dos Goytacazes;RJ;0,6581;Campos dos Goytacazes;-21,76018322;-41,33902309;28035003;PARQUE TAMANDARÉ;nao_aplicavel;5000,0;Alta (≥ R$ 5.000);próprio (Rede Salesiana / Salesianos de Dom Bosco);confirmado;False
33199558;COLEGIO CENTRO DE ESTUDOS;3301009;3,0;16;Desafiante (2º-5º local);False;652,0584810126583;79,0;1,0;229,0;0,724;Poliedro;642,5784269662922;89,0;647,0363095238096;9,480054046366035;Campos dos Goytacazes;RJ;0,6581;Campos dos Goytacazes;;;28051202;PARQUE LEOPOLDINA;nao_aplicavel;2200,0;Média (R$ 1.800-2.999);próprio (Metodologia PB);provavel_proprio;False
35132214;OBJETIVO CENTRO INTERESCOLAR UNIDADE PAZ;3550308;68,0;516;Outras posições;False;647,1026490066225;151,0;3,0;495,0;0,724;Poliedro;632,9525386313466;151,0;640,0275938189844;14,150110375275972;São Paulo;SP;0,8116;Santo Amaro;-23,6324685;-46,6957475;4709110;SANTO AMARO;distrito;7500,0;Alta (≥ R$ 5.000);Objetivo;confirmado;False
23077549;COLEGIO 7 DE SETEMBRO;2304400;29,0;117;Outras posições;False;629,0909473684211;95,0;5,0;266,0;0,724;Poliedro;644,5633333333334;66,0;635,4336645962734;-15,472385964912291;Fortaleza;CE;0,8208;Fortaleza;-3,7326185;-38,5362295;60015052;FARIAS BRITO;nao_aplicavel;1800,0;Média (R$ 1.800-2.999);próprio (currículo IB, C7S);provavel_proprio;False
35101278;SAO JOSE COLEGIO AGOSTINIANO;3550308;69,0;516;Outras posições;False;653,7235598705502;206,0;2,0;760,0;0,723;Poliedro;651,1890748898679;227,0;652,3948575827561;2,5344849806822367;São Paulo;SP;0,8116;Belém;-23,5391957;-46,5848504;3060020;CHACARA TATUAPE;distrito;3800,0;Média-Alta (R$ 3.000-4.999);Poliedro;confirmado;True
26153050;COLEGIO LOGOS;2611606;24,0;76;Outras posições;False;641,895294117647;17,0;2,0;55,0;0,723;Poliedro;632,2766666666666;18,0;636,9485714285713;9,618627450980398;Recife;PE;0,9162;Recife;-8,093723;-34,91039;51170570;IMBIRIBEIRA;nao_aplicavel;1600,0;Baixa (< R$ 1.800);próprio (marca institucional Logos, material próprio);provavel_proprio;False
29182433;COLEGIO NOSSA SENHORA DA CONCEICAO;2927408;19,0;90;Outras posições;False;628,9367901234568;54,0;5,0;193,0;0,723;Poliedro;647,0143478260869;46,0;637,2524666666667;-18,077557702630088;Salvador;BA;0,7909;Salvador;-12,98533;-38,49509;40285000;BROTAS;nao_aplicavel;2500,0;Média (R$ 1.800-2.999);próprio (marca institucional CNSC);provavel_proprio;False
52094111;COLEGIO DELOS LTDA;5201405;1,0;17;Líder local;False;624,5886486486486;74,0;5,0;281,0;0,723;Poliedro;639,1043636363636;55,0;630,7775193798449;-14,515714987715;Aparecida de Goiânia;GO;0,464;Aparecida de Goiânia;-16,77583;-49,3373;74946540;JARDIM TROPICAL;nao_aplicavel;1600,0;Baixa (< R$ 1.800);próprio (marca institucional Colégio Delos);provavel_proprio;False
35456731;OBJETIVO CENTRO INTERESCOLAR UNIDADE IPIRANGA;3550308;70,0;516;Outras posições;False;646,605501618123;103,0;3,0;383,0;0,723;Poliedro;628,6849411764706;85,0;638,503120567376;17,920560441652356;São Paulo;SP;0,8116;Ipiranga;-23,58864;-46,6118;4266000;IPIRANGA;distrito;3900,0;Média-Alta (R$ 3.000-4.999);Objetivo;confirmado;False
43097782;COLEGIO NOTRE DAME;4314100;1,0;5;Líder local;False;624,5145833333333;64,0;5,0;343,0;0,722;Poliedro;618,4604519774011;59,0;621,6105691056911;6,054131355932213;Passo Fundo;RS;0,6524;Passo Fundo;-28,26397;-52,41301;99025003;CENTRO;nao_aplicavel;2500,0;Média (R$ 1.800-2.999);próprio (Rede de Educação Notre Dame);confirmado;False
23263741;CWD MAXIMUS COLEGIO;2304400;30,0;117;Outras posições;False;632,801875;32,0;4,0;118,0;0,722;Poliedro;630,2161111111111;36,0;631,4329411764706;2,5857638888888914;Fortaleza;CE;0,8208;Fortaleza;-3,736402;-38,55635;60450285;PARQUELÂNDIA;nao_aplicavel;2500,0;Média (R$ 1.800-2.999);próprio (marca institucional Colégio Maximus);provavel_proprio;False
22131027;COLEGIO PRO CAMPUS JUNIOR;2211001;21,0;52;Outras posições;False;636,9864285714285;28,0;4,0;29,0;0,722;Poliedro;641,460761904762;35,0;639,4721693121694;-4,474333333333448;Teresina;PI;0,7817;Teresina;-5,098562;-42,81274;64001090;CENTRO;nao_aplicavel;3000,0;Média-Alta (R$ 3.000-4.999);SAS (Arco Educação);confirmado;False
33135169;GRUPO FARIA BRITO - OFICINA DA CRIANCA;3304557;88,0;344;Outras posições;False;624,51;16,0;5,0;59,0;0,722;Poliedro;637,7013333333333;15,0;630,8929032258064;-13,191333333333318;Rio de Janeiro;RJ;0,8408;Rio de Janeiro;-23,00980199;-43,47821812;22790682;RECREIO DOS BANDEIRANTES;bairro;6000,0;Alta (≥ R$ 5.000);próprio (Colégio Faria Brito, marca própria);provavel_proprio;False
50015877;ESCOLA PRESBITERIANA ERASMO BRAGA;5003702;4,0;6;Desafiante (2º-5º local);False;628,7627868852459;61,0;5,0;288,0;0,722;Poliedro;650,668431372549;68,0;640,3099483204135;-21,905644487303107;Dourados;MS;0,6793;Dourados;-22,2262418;-54,8136467;79804020;JARDIM AMÉRICA;nao_aplicavel;2000,0;Média (R$ 1.800-2.999);próprio (rede confessional, Igreja Presbiteriana do Brasil);confirmado;False
35006190;COLEGIO PROGRESSO ITU;3523909;3,0;9;Desafiante (2º-5º local);False;658,6659999999999;20,0;1,0;78,0;0,722;Poliedro;654,0494736842105;19,0;656,4169230769231;4,616526315789429;Itu;SP;0,6792;Itu;-23,26903667;-47,29409833;13300143;CENTRO;nao_aplicavel;2200,0;Média (R$ 1.800-2.999);próprio (currículo IB, International Schools Partnership);provavel_proprio;False
31054135;COLEGIO FRANCISCANO IMACULADA CONCEICAO;3127701;3,0;7;Desafiante (2º-5º local);False;623,2280272108843;49,0;5,0;165,0;0,722;Poliedro;634,3532142857142;56,0;629,1614603174604;-11,12518707482991;Governador Valadares;MG;0,5588;Governador Valadares;-18,8551792;-41,9399412;35020610;ESPLANADA;nao_aplicavel;6000,0;Alta (≥ R$ 5.000);Bernoulli;confirmado;False
35159013;COLEGIO OBJETIVO DE RIO CLARO;3543907;2,0;8;Desafiante (2º-5º local);False;628,7387301587302;63,0;5,0;238,0;0,722;Poliedro;658,86;52,0;642,3587826086957;-30,12126984126985;Rio Claro;SP;0,608;Rio Claro;-22,4098245;-47,5799535;13503111;JARDIM SAO PAULO;nao_aplicavel;5000,0;Alta (≥ R$ 5.000);Objetivo;confirmado;False
29408148;COLEGIO MATISSE;2918001;2,0;4;Desafiante (2º-5º local);False;644,5497959183673;49,0;3,0;145,0;0,722;Poliedro;621,5611428571428;35,0;634,9711904761905;22,98865306122445;Jequié;BA;0,3958;Jequié;;;45200020;CENTRO;nao_aplicavel;1212,0;Baixa (< R$ 1.800);SAS (Arco Educação);confirmado;False
24285323;OVER COLEGIO E CURSO;2408102;17,0;48;Outras posições;False;653,249375;32,0;2,0;80,0;0,721;Poliedro;662,7194285714286;35,0;658,1964179104478;-9,470053571428592;Natal;RN;0,8531;Natal;-5,821636;-35,21496;59063360;LAGOA NOVA;nao_aplicavel;5200,0;Alta (≥ R$ 5.000);próprio (marca institucional Over);provavel_proprio;False
42080746;COLEGIO CONSUL CARLOS RENAUX;4202909;3,0;5;Desafiante (2º-5º local);False;628,6126388888889;48,0;5,0;269,0;0,721;Poliedro;660,3923655913978;62,0;646,5248484848486;-31,779726702508924;Brusque;SC;0,4669;Brusque;-27,09682086;-48,91692949;88350340;CENTRO I;nao_aplicavel;2600,0;Média (R$ 1.800-2.999);próprio (instituição comunitária sem fins lucrativos);provavel_proprio;False
41024397;PRO C-EM;4115200;1,0;21;Líder local;False;646,1441025641026;65,0;3,0;372,0;0,721;Poliedro;648,0794520547946;73,0;647,1678743961354;-1,9353494906920328;Maringá;PR;0,7882;Maringá;-23,40738688;-51,94752642;87020160;ZONA 07;nao_aplicavel;3000,0;Média-Alta (R$ 3.000-4.999);não identificado;nao_identificado;False
32038240;COLEGIO SAO JOSE;3205200;3,0;23;Desafiante (2º-5º local);False;624,3153846153847;26,0;5,0;101,0;0,721;Poliedro;627,8636363636364;22,0;625,9416666666667;-3,548251748251687;Vila Velha;ES;0,7846;Vila Velha;-20,3338679;-40,2933104;29100201;CENTRO DE VILA VELHA;nao_aplicavel;3000,0;Média-Alta (R$ 3.000-4.999);próprio (rede confessional vicentina, Colégio Vicentino São José);provavel_proprio;False
52020592;COLEGIO SAO FRANCISCO DE ASSIS;5201108;4,0;11;Desafiante (2º-5º local);False;624,198;20,0;5,0;90,0;0,72;Poliedro;622,5619047619048;21,0;623,36;1,6360952380952083;Anápolis;GO;0,6936;Anápolis;-16,3336744;-48,944496;75110810;JUNDIAÍ;nao_aplicavel;2000,0;Média (R$ 1.800-2.999);próprio (Rede Educacional Franciscana);confirmado;False
35140806;CANADA COLEGIO;3518800;7,0;57;Outras posições;False;645,7504166666666;48,0;3,0;145,0;0,72;Poliedro;664,7980740740741;45,0;654,9670250896057;-19,047657407407428;Guarulhos;SP;0,6077;Guarulhos;-23,4682181;-46,5479757;7051060;VILA SIRENA;nao_aplicavel;2300,0;Média (R$ 1.800-2.999);próprio (marca institucional Colégio Canadá);provavel_proprio;False
35161861;PROGRESSAO COLEGIO;3554102;4,0;15;Desafiante (2º-5º local);False;669,098947368421;76,0;0,0;255,0;0,72;Poliedro;662,3419819819819;74,0;665,7655111111111;6,756965386439106;Taubaté;SP;0,7911;Taubaté;-23,0243962;-45,5611055;12020200;CENTRO;nao_aplicavel;4000,0;Média-Alta (R$ 3.000-4.999);Poliedro;confirmado;True
17055962;COLEGIO PRESBITERIANO MACKENZIE PALMAS;1721000;4,0;14;Desafiante (2º-5º local);False;628,40125;16,0;5,0;113,0;0,72;Poliedro;617,9035087719298;19,0;622,7024761904762;10,497741228070254;Palmas;TO;0,7844;Palmas;-10,1874574;-48,3198396;77020500;PLANO DIRETOR SUL;nao_aplicavel;2148,5;Média (R$ 1.800-2.999);Mackenzie;confirmado;False
23071400;SANTA ISABEL COLEGIO;2304400;31,0;117;Outras posições;False;618,8852631578948;76,0;5,0;228,0;0,72;Poliedro;614,5691803278688;61,0;616,9635036496351;4,316082830025948;Fortaleza;CE;0,8208;Fortaleza;-3,735426;-38,5694822;60325002;PRESIDENTE KENNEDY;nao_aplicavel;1800,0;Média (R$ 1.800-2.999);próprio (Rede SMIC de Educação);confirmado;False
11049073;COLEGIO SAPIENS - UNIDADE INTENSIVO;1100205;3,0;13;Desafiante (2º-5º local);False;628,2610810810811;37,0;5,0;73,0;0,72;Poliedro;624,9125925925925;27,0;626,8484375;3,348488488488556;Porto Velho;RO;0,5531;Porto Velho;-8,7523242;-63,8683903;76820514;FLODOALDO PONTES PINTO;nao_aplicavel;3500,0;Média-Alta (R$ 3.000-4.999);próprio (Grupo Sapiens, proposta pedagógica autoral);provavel_proprio;False
35107773;SUICO BRASILEIRA SAO PAULO ESCOLA;3550308;71,0;516;Outras posições;False;628,2377777777779;36,0;5,0;166,0;0,72;Poliedro;627,6764705882352;34,0;627,965142857143;0,5613071895426174;São Paulo;SP;0,8116;Santo Amaro;-23,6468101;-46,6898194;4642000;JARDIM DOS ESTADOS;distrito;7500,0;Alta (≥ R$ 5.000);próprio (currículo IB, Escola Suíço-Brasileira);provavel_proprio;False
43043666;COLEGIO LA SALLE;4305108;5,0;12;Desafiante (2º-5º local);False;623,9843010752688;31,0;5,0;158,0;0,719;Poliedro;639,5266666666666;36,0;632,335422885572;-15,542365591397813;Caxias do Sul;RS;0,7797;Caxias do Sul;-29,17062;-51,19135;95020100;SÃO PELEGRINO;nao_aplicavel;4000,0;Média-Alta (R$ 3.000-4.999);próprio (Rede La Salle);confirmado;False
35175420;CRESCER DE JUNDIAI COLEGIO;3525904;8,0;31;Outras posições;False;628,105625;32,0;5,0;168,0;0,719;Poliedro;;;628,105625;;Jundiaí;SP;0,825;Jundiaí;-23,1882301;-46,8799831;13201065;CENTRO;nao_aplicavel;4500,0;Média-Alta (R$ 3.000-4.999);Sistema Anglo de Ensino (Anglo Crescer);confirmado;False
35118564;CASSIANO RICARDO COLEGIO;3554102;5,0;15;Desafiante (2º-5º local);False;645,4371929824562;76,0;3,0;238,0;0,719;Poliedro;653,0469387755102;49,0;648,4202133333333;-7,609745793054003;Taubaté;SP;0,7911;Taubaté;-23,0250151;-45,561389;12020220;CENTRO;nao_aplicavel;4000,0;Média-Alta (R$ 3.000-4.999);Sistema Anglo de Ensino (Anglo Taubaté);confirmado;False
42112796;ESCOLA AUTONOMIA;4205407;11,0;30;Outras posições;False;645,4151351351352;37,0;3,0;153,0;0,719;Poliedro;654,6369565217391;46,0;650,5260240963856;-9,221821386603892;Florianópolis;SC;0,9306;Florianópolis;-27,5937295;-48,4918872;88034600;ITACORUBI;nao_aplicavel;6000,0;Alta (≥ R$ 5.000);Poliedro;confirmado;True
32083343;SEB ESCOLAS DE ALTA PERFORMANCE S A;3205200;4,0;23;Desafiante (2º-5º local);False;631,7739215686274;102,0;4,0;372,0;0,719;Poliedro;619,7784511784512;99,0;625,8657048092869;11,995470390176251;Vila Velha;ES;0,7846;Vila Velha;-20,36380136;-40,30454937;29102903;COQUEIRAL DE ITAPARICA;nao_aplicavel;3000,0;Média-Alta (R$ 3.000-4.999);Plataforma AZ (Conexia Educação / Grupo SEB);confirmado;False
33088780;CENTRO EDUCACIONAL PEREIRA ROCHA;3304904;3,0;29;Desafiante (2º-5º local);False;633,2328571428571;28,0;4,0;31,0;0,719;Poliedro;;;633,2328571428571;;São Gonçalo;RJ;0,5133;São Gonçalo;-22,79951;-43,03905667;24461840;MUTUAGUAÇU;nao_aplicavel;1300,0;Baixa (< R$ 1.800);próprio (marca institucional Pereira Rocha);provavel_proprio;False
23235900;COLEGIO LOURENCO FILHO - PARANGABA;2304400;32,0;117;Outras posições;False;632,8504166666667;48,0;5,0;141,0;0,719;Poliedro;615,1406451612903;31,0;625,9010126582278;17,709771505376352;Fortaleza;CE;0,8208;Fortaleza;-3,779000826;-38,56822279;60720096;PARANGABA;nao_aplicavel;1500,0;Baixa (< R$ 1.800);próprio (Sistema CLF, material autoral);provavel_proprio;False
42153824;COC BALNEARIO CAMBORIU COLEGIO CARVALHO;4202008;1,0;5;Líder local;False;650,8435078534031;191,0;3,0;247,0;0,719;Poliedro;656,4160454545455;220,0;653,8263746958638;-5,572537601142358;Balneário Camboriú;SC;0,7758;Balneário Camboriú;;;88330112;CENTRO;nao_aplicavel;5000,0;Alta (≥ R$ 5.000);COC (Arco Educação);confirmado;False
31005088;COLEGUIUM - UNIDADE INTERNACIONAL BELVEDERE;3106200;59,0;110;Outras posições;False;622,1304761904763;14,0;5,0;52,0;0,718;Poliedro;602,9908333333333;16,0;611,9226666666667;19,13964285714303;Belo Horizonte;MG;0,9738;Belo Horizonte;-19,9617207;-43,9350612;30320400;BELVEDERE;nao_aplicavel;17000,0;Alta (≥ R$ 5.000);próprio (Coleguium Rede de Ensino);confirmado;False
43123090;COLEGIO CORACAO DE MARIA;4316907;4,0;12;Desafiante (2º-5º local);False;623,6408;25,0;5,0;112,0;0,718;Poliedro;637,5729078014184;47,0;632,7353703703704;-13,932107801418397;Santa Maria;RS;0,809;Santa Maria;-29,68905447;-53,7984468;97050530;NOSSA SENHORA DAS DORES;nao_aplicavel;4000,0;Média-Alta (R$ 3.000-4.999);Poliedro;confirmado;True
25134167;CENTRO DE ENSINO E SERVICOS PREPARATORIOS DE VESTIBULARES LTDA;2504009;5,0;20;Desafiante (2º-5º local);False;644,78;74,0;3,0;249,0;0,718;Poliedro;;;644,78;;Campina Grande;PB;0,7075;Campina Grande;;;58407530;JOSÉ PINHEIRO;nao_aplicavel;1212,0;Baixa (< R$ 1.800);não identificado;nao_identificado;False
35500033;CIDADE RIO PRETO COLEGIO;3549805;6,0;28;Outras posições;False;644,7588461538461;52,0;3,0;211,0;0,718;Poliedro;663,1241025641025;52,0;653,9414743589743;-18,365256410256396;São José do Rio Preto;SP;0,8136;São José do Rio Preto;-20,821206;-49,3911361;15015300;CENTRO;nao_aplicavel;2500,0;Média (R$ 1.800-2.999);próprio (marca institucional Colégio Rio Preto / RM Rio Preto);provavel_proprio;False
33196770;COLEGIO E CURSO CARVALHO BRAGA;3305802;6,0;10;Outras posições;False;644,68;22,0;3,0;108,0;0,717;Poliedro;637,1581818181818;11,0;642,1727272727272;7,521818181818162;Teresópolis;RJ;0,792;Teresópolis;;;25961146;ALTO;nao_aplicavel;4000,0;Média-Alta (R$ 3.000-4.999);Sistema Poliedro de Ensino;confirmado;True
35158823;FUTURO ESCOLA DO;3550308;72,0;516;Outras posições;False;631,3201075268817;31,0;4,0;132,0;0,717;Poliedro;637,5691666666667;24,0;634,0469696969697;-6,249059139785004;São Paulo;SP;0,8116;Rio Pequeno;-23,5555477;-46,7569738;5352090;VILA SAO FRANCISCO;distrito;3000,0;Média-Alta (R$ 3.000-4.999);próprio (bilíngue/internacional, acreditação Cognia);provavel_proprio;False
43105025;COLEGIO NOSSA SRA DA GLORIA;4314902;24,0;61;Outras posições;False;618,2495555555556;30,0;5,0;138,0;0,716;Poliedro;618,0315789473684;19,0;618,1650340136055;0,2179766081872003;Porto Alegre;RS;0,9276;Porto Alegre;-30,0764386;-51,20010775;91710000;GLORIA;nao_aplicavel;2100,0;Média (R$ 1.800-2.999);confessional (Rede ICM de Educação e Assistência Social);confirmado;False
33228604;COLEGIO E CURSO AZ - UNIDADE BOTAFOGO;3304557;89,0;344;Outras posições;False;649,7243262411348;94,0;1,0;190,0;0,716;Poliedro;653,9626388888888;72,0;651,5626305220884;-4,238312647754015;Rio de Janeiro;RJ;0,8408;Rio de Janeiro;-22,95504;-43,1889;22251030;BOTAFOGO;bairro;8000,0;Alta (≥ R$ 5.000);Plataforma AZ (Conexia Educação / Grupo SEB);confirmado;False
35126044;CURSOS PROVE ESCOLA DE ENSINO FUNDAMENTAL E MEDIO;3529005;5,0;13;Desafiante (2º-5º local);False;644,5392857142857;28,0;3,0;94,0;0,716;Poliedro;654,4582608695653;23,0;649,0125490196078;-9,918975155279554;Marília;SP;0,6435;Amadeu Amaral;-22,22113;-49,91892;17516731;PARQUE DAS ESMERALDAS II;nao_aplicavel;1600,0;Baixa (< R$ 1.800);não identificado;nao_identificado;False
42003903;COLEGIO ELISA ANDREOLI;4216602;2,0;11;Desafiante (2º-5º local);False;627,3997037037037;135,0;5,0;443,0;0,716;Poliedro;627,6136363636364;110,0;627,4957551020409;-0,2139326599326523;São José;SC;0,7122;Barreiros;-27,5736709;-48,6080923;88117620;BARREIROS;nao_aplicavel;3500,0;Média-Alta (R$ 3.000-4.999);confessional (Congregação das Irmãs Servas de Maria Reparadoras), material próprio;provavel_proprio;False
33120544;COLEGIO E CURSO PENSI;3301009;4,0;16;Desafiante (2º-5º local);False;632,2663670411985;89,0;4,0;247,0;0,716;Poliedro;636,0863157894737;76,0;634,0258585858586;-3,819948748275237;Campos dos Goytacazes;RJ;0,6581;Campos dos Goytacazes;-21,75238667;-41,334145;28035642;CENTRO;nao_aplicavel;3600,0;Média-Alta (R$ 3.000-4.999);próprio (Pensi / Grupo Salta);confirmado;False
15177017;COLEGIO EQUIPE ANANINDEUA;1500800;1,0;22;Líder local;False;639,1128395061728;81,0;3,0;241,0;0,715;Poliedro;650,3698360655737;61,0;643,9485915492958;-11,256996559400932;Ananindeua;PA;0,4631;Ananindeua;;;67133000;CIDADE NOVA;nao_aplicavel;1300,0;Baixa (< R$ 1.800);Equipe (regional Norte-Nordeste);confirmado;False
50007858;COLEGIO SALESIANO DOM BOSCO;5002704;8,0;31;Outras posições;False;627,3273913043478;46,0;5,0;195,0;0,715;Poliedro;643,2887037037037;36,0;634,3347967479674;-15,96131239935596;Campo Grande;MS;0,789;Campo Grande;-20,4549682;-54,6179549;79002230;CENTRO;nao_aplicavel;6000,0;Alta (≥ R$ 5.000);Dom Bosco (SAE Digital);confirmado;False
43215360;COLEGIO FLEMING PASSO FUNDO;4314100;2,0;5;Desafiante (2º-5º local);False;651,9291156462585;49,0;2,0;131,0;0,715;Poliedro;658,2366666666667;48,0;655,050378006873;-6,307551020408141;Passo Fundo;RS;0,6524;Passo Fundo;;;99010690;CENTRO;nao_aplicavel;2500,0;Média (R$ 1.800-2.999);próprio (Fleming Educação);confirmado;False
29149860;COLEGIO DINAMO;2900702;2,0;7;Desafiante (2º-5º local);False;632,1979629629631;54,0;4,0;190,0;0,715;Poliedro;652,1633333333334;60,0;642,706052631579;-19,96537037037035;Alagoinhas;BA;0,4024;Alagoinhas;-12,14521;-38,42442;48000238;SEVERINO VIEIRA;nao_aplicavel;1212,0;Baixa (< R$ 1.800);Bernoulli;confirmado;False
53038002;C DE ENS MEDIO DELTA;5300108;33,0;117;Outras posições;False;636,4544000000001;50,0;4,0;193,0;0,714;Poliedro;648,7285875706215;59,0;643,0982262996941;-12,274187570621391;Brasília;DF;0,9278;Brasília;-15,6134851;-47,6458497;73350106;VILA BURITIS - SETOR RESIDENCIAL LESTE;nao_aplicavel;3000,0;Média-Alta (R$ 3.000-4.999);Sistema de Ensino Poliedro (Ensino Médio) + Sistema Positivo (Infantil/Fundamental);confirmado;True
33176671;COLEGIO INSTITUTO MARCOS FREITAS;3304557;90,0;344;Outras posições;False;638,9804651162791;43,0;3,0;222,0;0,714;Poliedro;649,1155555555556;45,0;644,1631818181818;-10,135090439276496;Rio de Janeiro;RJ;0,8408;Rio de Janeiro;;;22790530;RECREIO DOS BANDEIRANTES;bairro;6000,0;Alta (≥ R$ 5.000);próprio (Instituto Marcos Freitas);provavel_proprio;False
35139208;ATENEU DE SAO CAETANO DO SUL COLEGIO UNIDADE III;3548807;3,0;10;Desafiante (2º-5º local);False;666,8223076923077;26,0;0,0;102,0;0,714;Poliedro;684,0826666666667;15,0;673,1370731707318;-17,26035897435895;São Caetano do Sul;SP;0,8753;São Caetano do Sul;-23,63428865;-46,56325864;9570500;CERAMICA;nao_aplicavel;4500,0;Média-Alta (R$ 3.000-4.999);próprio (Colégio Ateneu, Projeto Educativo próprio);provavel_proprio;False
41382161;ALFA DE UMUARAMA CENTRO C E M;4128104;1,0;8;Líder local;False;627,0575308641975;135,0;5,0;448,0;0,714;Poliedro;632,1925071225071;117,0;629,4416269841269;-5,134976258309621;Umuarama;PR;0,5556;Umuarama;-23,75702167;-53,30336;87502180;ZONA II;nao_aplicavel;2000,0;Média (R$ 1.800-2.999);Poliedro;confirmado;True
35155664;CIDADE DE ATIBAIA COLEGIO;3504107;3,0;11;Desafiante (2º-5º local);False;663,6046666666666;30,0;1,0;108,0;0,714;Poliedro;680,0271794871795;39,0;672,8869565217391;-16,422512820512907;Atibaia;SP;0,7617;Atibaia;-23,1184569;-46,543305;12941000;VILA SANTISTA;nao_aplicavel;2500,0;Média (R$ 1.800-2.999);Sistema Etapa;confirmado;False
35114066;CLARETIANO COLEGIO;3543907;3,0;8;Desafiante (2º-5º local);False;626,8496774193549;62,0;5,0;197,0;0,714;Poliedro;612,1702564102563;78,0;618,6711428571429;14,67942100909852;Rio Claro;SP;0,608;Rio Claro;-22,4139891;-47,5739757;13503257;JARDIM CLARET;nao_aplicavel;2424,0;Média (R$ 1.800-2.999);confessional (Claretiano - Rede de Educação / Província Claretiana do Brasil);confirmado;False
35125490;LICEU TERRAS DO ENGENHO EDUCACAO INFANTIL ENSINO FUNDAMENTAL E MEDIO;3538709;6,0;25;Outras posições;False;649,31375;32,0;3,0;125,0;0,714;Poliedro;641,7266666666667;57,0;644,454606741573;7,587083333333339;Piracicaba;SP;0,8238;Piracicaba;-22,7171394;-47,6590866;13405259;VILA REZENDE;nao_aplicavel;2680,0;Média (R$ 1.800-2.999);próprio (Liceu Terras do Engenho, Proposta Pedagógica própria);provavel_proprio;False
43104959;COLEGIO MARISTA CHAMPAGNAT;4314902;25,0;61;Outras posições;False;622,4841830065359;51,0;5,0;241,0;0,714;Poliedro;626,1710502283105;73,0;624,6546774193548;-3,686867221774605;Porto Alegre;RS;0,9276;Porto Alegre;-30,06063032;-51,17299444;90650001;PARTENON;nao_aplicavel;2800,0;Média (R$ 1.800-2.999);Marista (FTD, rede fechada);confirmado;False
22135790;ORGANIZACAO EDUCACIONAL APOIO LTDA;2207702;4,0;11;Desafiante (2º-5º local);False;644,0141935483871;31,0;3,0;104,0;0,714;Poliedro;573,2115789473685;19,0;617,1092;70,8026146010186;Parnaíba;PI;0,4866;Parnaíba;-2,90555851;-41,77524762;64200361;CENTRO;nao_aplicavel;2500,0;Média (R$ 1.800-2.999);não identificado;nao_identificado;False
35153795;ELITE REDE DE ENSINO;3525300;5,0;10;Desafiante (2º-5º local);False;651,6701075268818;31,0;2,0;125,0;0,714;Poliedro;;;651,6701075268818;;Jaú;SP;0,6541;Jaú;-22,29278;-48,54775;17210200;VILA ASSIS;nao_aplicavel;2100,0;Média (R$ 1.800-2.999);próprio (Elite Rede de Ensino, Kit Pedagógico próprio);confirmado;False
41377370;COLGIO BOM JESUS MARINGA - EDUCAO INFANTIL ENSINO FUNDAMENTAL E MEDIO;4115200;2,0;21;Desafiante (2º-5º local);False;622,438;10,0;5,0;64,0;0,714;Poliedro;595,4261538461539;13,0;607,1704347826087;27,011846153846136;Maringá;PR;0,7882;Maringá;-23,45260484;-51,95468208;87060000;CONJUNTO HABITACIONAL INOCENTE VILA NOVA JUNIOR;nao_aplicavel;3000,0;Média-Alta (R$ 3.000-4.999);não identificado;provavel_proprio;False
42015588;ESC BARAO DO RIO BRANCO;4202404;3,0;9;Desafiante (2º-5º local);False;626,6836815920398;67,0;5,0;371,0;0,713;Poliedro;612,8713725490196;51,0;620,7139548022598;13,81230904302015;Blumenau;SC;0,7541;Blumenau;-26,9244557;-49,0621223;89010401;JARDIM BLUMENAU;nao_aplicavel;12000,0;Alta (≥ R$ 5.000);confessional (Instituto Luterano Barão do Rio Branco);provavel_proprio;False
29433002;COOPERATIVA EDUCACIONAL DE BARREIRAS;2903201;3,0;6;Desafiante (2º-5º local);False;631,6961904761904;14,0;4,0;57,0;0,713;Poliedro;644,2290909090909;11,0;637,2106666666666;-12,532900432900531;Barreiras;BA;0,502;Barreiras;-12,15313;-45,0058;47808030;RECANTO DOS PÁSSAROS;nao_aplicavel;1215,0;Baixa (< R$ 1.800);SAS Plataforma de Educação;confirmado;False
24003662;COLEGIO MENINO DEUS LTDA;2408003;5,0;14;Desafiante (2º-5º local);False;622,2292307692308;13,0;5,0;86,0;0,713;Poliedro;616,7417391304348;23,0;618,7233333333334;5,487491638795973;Mossoró;RN;0,5769;Mossoró;-5,17400676;-37,34954542;59619200;ABOLICAO;nao_aplicavel;1500,0;Baixa (< R$ 1.800);não identificado;nao_identificado;False
21182345;COLEGIO EDUCAR DOM BOSCO;2101400;2,0;5;Desafiante (2º-5º local);False;625,6721505376344;62,0;4,0;264,0;0,712;Poliedro;591,6048648648649;74,0;607,1355392156863;34,06728567276946;Balsas;MA;0,3612;Balsas;-7,532157353;-46,04151743;65800000;CENTRO;nao_aplicavel;1250,0;Baixa (< R$ 1.800);próprio (Grupo Educacional Dom Bosco Balsas);provavel_proprio;False
53020057;ESC SEB AZ BRASILIA;5300108;34,0;117;Outras posições;False;626,4049382716049;81,0;5,0;225,0;0,712;Poliedro;639,5521066666666;125,0;634,3825889967637;-13,147168395061726;Brasília;DF;0,9278;Brasília;;;70390140;ASA SUL;nao_aplicavel;3000,0;Média-Alta (R$ 3.000-4.999);próprio (SEB - Sistema Educacional Brasileiro);confirmado;False
35158616;ANGLO SISTEMA DE ENSINO;3554003;1,0;6;Líder local;False;650,9325714285715;35,0;2,0;143,0;0,712;Poliedro;639,7354545454546;44,0;644,6962025316456;11,197116883116903;Tatuí;SP;0,3955;Tatuí;-23,3493935;-47,8367043;18270770;CENTRO;nao_aplicavel;2500,0;Média (R$ 1.800-2.999);Anglo (Cogna/SOMOS);confirmado;False
31358541;COLEGUIUM - UNIDADE CARLOS PRATES;3106200;61,0;110;Outras posições;False;629,9794285714286;35,0;4,0;106,0;0,712;Poliedro;645,7994285714285;35,0;637,8894285714285;-15,819999999999936;Belo Horizonte;MG;0,9738;Belo Horizonte;-19,9112328;-43,9602434;30710320;CARLOS PRATES;nao_aplicavel;3000,0;Média-Alta (R$ 3.000-4.999);próprio (Coleguium Rede de Ensino);confirmado;False
31361500;COLEGIO PROFESSOR ROBERTO HERBSTER GUSMAO;3167202;7,0;13;Outras posições;False;616,9931782945736;43,0;5,0;198,0;0,711;Poliedro;599,4924031007752;43,0;608,2427906976744;17,500775193798404;Sete Lagoas;MG;0,7362;Sete Lagoas;-19,433507;-44,2498884;35700458;NOSSA SENHORA DO CARMO II;nao_aplicavel;1800,0;Média (R$ 1.800-2.999);próprio (mantido pela Fundação Antonio e Helena Zerrenner - FAHZ);provavel_proprio;False
26529807;COLEGIO E CURSO CP;2607901;3,0;22;Desafiante (2º-5º local);False;633,8665517241379;58,0;3,0;195,0;0,711;Poliedro;632,1110638297872;47,0;633,0807619047619;1,755487894350722;Jaboatão dos Guararapes;PE;0,4671;Jaboatão dos Guararapes;-8,181501;-34,92167;54410420;PIEDADE;nao_aplicavel;2000,0;Média (R$ 1.800-2.999);não identificado;nao_identificado;False
35104449;NOSSA SENHORA DAS GRACAS ESCOLA;3550308;73,0;516;Outras posições;False;626,1667543859649;76,0;5,0;239,0;0,711;Poliedro;627,3924358974359;52,0;626,6646874999999;-1,2256815114710662;São Paulo;SP;0,8116;Itaim Bibi;-23,58261;-46,67351;4533010;ITAIM BIBI;distrito;10001,0;Alta (≥ R$ 5.000);próprio (ENSG - Escola Nossa Senhora das Graças, 65+ anos);provavel_proprio;False
28037863;REDE DE ENSINO LIBERTAR LTDA;2803500;1,0;1;Sem comparação local (poucas escolas na cidade);False;630,867;40,0;5,0;128,0;0,711;Poliedro;611,715737704918;61,0;619,3003960396039;19,15126229508201;Lagarto;SE;0,3053;Lagarto;;;49400001;CIDADE NOVA;nao_aplicavel;1212,0;Baixa (< R$ 1.800);não identificado;nao_identificado;False
52039722;COLEGIO APHONSIANO;5221403;1,0;2;Sem comparação local (poucas escolas na cidade);False;620,7465116279069;43,0;5,0;160,0;0,711;Poliedro;608,4965714285714;35,0;615,2497435897435;12,24994019933547;Trindade;GO;0,3695;Trindade;-16,659131;-49,4831397;75388565;SANTUÁRIO;nao_aplicavel;1500,0;Baixa (< R$ 1.800);Bernoulli;confirmado;False
23276649;COLEGIO EVOLUCAO;2307304;3,0;7;Desafiante (2º-5º local);False;643,8975;72,0;2,0;195,0;0,711;Poliedro;;;643,8975;;Juazeiro do Norte;CE;0,5184;Juazeiro do Norte;;;63041187;PREFEITO CARLOS ALBERTO DA CRUZ;nao_aplicavel;1212,0;Baixa (< R$ 1.800);Poliedro;confirmado;True
31003875;COL MAXIMUS STA INES;3106200;62,0;110;Outras posições;False;637,9558730158731;21,0;3,0;86,0;0,711;Poliedro;639,2055555555556;36,0;638,7451461988304;-1,249682539682567;Belo Horizonte;MG;0,9738;Belo Horizonte;-19,88631;-43,90673;31080260;SANTA INÊS;nao_aplicavel;4000,0;Média-Alta (R$ 3.000-4.999);próprio (Colégio Maximus, rede própria);provavel_proprio;False
33189820;COLEGIO GERACAO Z LTDA;3304557;91,0;344;Outras posições;False;635,6531111111111;30,0;4,0;83,0;0,711;Poliedro;657,7743750000001;48,0;649,2661965811966;-22,12126388888896;Rio de Janeiro;RJ;0,8408;Rio de Janeiro;;;22775130;BARRA DA TIJUCA;bairro;10001,0;Alta (≥ R$ 5.000);próprio (Colégio Geração);provavel_proprio;False
33160180;ENSINO MEDIO MONTEIRO LOBATO LTDA;3304557;92,0;344;Outras posições;False;630,7422222222223;36,0;5,0;104,0;0,711;Poliedro;657,3594594594595;37,0;644,2331506849316;-26,61723723723719;Rio de Janeiro;RJ;0,8408;Rio de Janeiro;-22,9249003;-43,5602251;23047160;CAMPO GRANDE;bairro;2000,0;Média (R$ 1.800-2.999);próprio (método Montessori);provavel_proprio;False
32053070;ESCOLA GUIMARAES ROSA LTDA;3201209;1,0;6;Líder local;False;648,0871900826446;121,0;1,0;396,0;0,71;Poliedro;657,9823655913979;93,0;652,387429906542;-9,895175508753256;Cachoeiro de Itapemirim;ES;0,4683;Cachoeiro de Itapemirim;-20,85138167;-41,11076667;29300100;CENTRO;nao_aplicavel;3500,0;Média-Alta (R$ 3.000-4.999);próprio (Escola Guimarães Rosa, Proposta Pedagógica própria desde 1975);provavel_proprio;False
35165049;PAULO FREIRE COLEGIO;3536505;1,0;6;Líder local;False;625,8215094339623;53,0;5,0;257,0;0,709;Poliedro;623,844375;64,0;624,74;1,9771344339623056;Paulínia;SP;0,5756;Paulínia;-22,7771428;-47,1439124;13140723;MORUMBI;nao_aplicavel;6000,0;Alta (≥ R$ 5.000);próprio (Sistema Pedagógico próprio);provavel_proprio;False
33149410;COLEGIO PARANAPUA;3304557;93,0;344;Outras posições;False;655,2416666666667;60,0;2,0;212,0;0,709;Poliedro;660,9571794871796;78,0;658,4721739130435;-5,715512820512913;Rio de Janeiro;RJ;0,8408;Rio de Janeiro;-22,79960001;-43,19672778;21920240;JARDIM CARIOCA;bairro;2000,0;Média (R$ 1.800-2.999);não identificado;provavel_proprio;False
35300895;JP ENSINO MEDIO CURSOS TECNICOS E CURSINHOS;3541406;5,0;13;Desafiante (2º-5º local);False;655,2269565217391;23,0;2,0;93,0;0,709;Poliedro;605,2652173913043;23,0;630,2460869565217;49,96173913043481;Presidente Prudente;SP;0,7561;Presidente Prudente;-22,107375;-51,4198974;19026240;JARDIM DAS ROSAS;nao_aplicavel;2300,0;Média (R$ 1.800-2.999);próprio (Colégio JP, marca própria desde 1997);provavel_proprio;False
24059340;INSTITUTO REIS MAGOS;2408102;18,0;48;Outras posições;False;630,4972413793103;29,0;4,0;111,0;0,708;Poliedro;636,9218181818183;22,0;633,2686274509804;-6,424576802508;Natal;RN;0,8531;Natal;-5,795175;-35,21267333;59030060;ALECRIM;nao_aplicavel;1500,0;Baixa (< R$ 1.800);próprio (Instituto Reis Magos, desde 1968);provavel_proprio;False
42091578;COLEGIO EVANGELICO JARAGUA;4208906;3,0;7;Desafiante (2º-5º local);False;625,6751219512195;41,0;5,0;173,0;0,708;Poliedro;594,6653968253968;42,0;609,983453815261;31,009725125822683;Jaraguá do Sul;SC;0,5822;Jaraguá do Sul;-26,47992;-49,08263;89251010;CENTRO;nao_aplicavel;4000,0;Média-Alta (R$ 3.000-4.999);Anglo (Cogna/SOMOS);confirmado;False
52033295;COLEGIO DINAMICO;5208707;21,0;68;Outras posições;False;629,1059523809524;84,0;4,0;265,0;0,708;Poliedro;646,8285555555556;120,0;639,5310130718954;-17,722603174603137;Goiânia;GO;0,9482;Goiânia;-16,70771167;-49,26557;74230022;SETOR BUENO;nao_aplicavel;2500,0;Média (R$ 1.800-2.999);não identificado;nao_identificado;False
35466761;ESQUEMA UNICO EDUCACIONAL DE PRESIDENTE PRUDENTE;3541406;6,0;13;Outras posições;False;634,0464516129033;31,0;4,0;110,0;0,708;Poliedro;649,041052631579;38,0;642,304347826087;-14,994601018675668;Presidente Prudente;SP;0,7561;Presidente Prudente;-22,12742193;-51,40056125;19014000;JARDIM PAULISTANO;nao_aplicavel;2300,0;Média (R$ 1.800-2.999);Sistema de Ensino Poliedro;confirmado;True
33201927;PB COLEGIO E CURSO;3303302;20,0;42;Outras posições;False;647,628;35,0;1,0;81,0;0,708;Poliedro;;;647,628;;Niterói;RJ;0,9692;Niterói;;;24340000;ITAIPU;nao_aplicavel;5000,0;Alta (≥ R$ 5.000);próprio (grupo educacional Rede Inspira);provavel_proprio;False
29494109;ESCOLA REMBRANDT;2927408;20,0;90;Outras posições;False;624,7133333333334;12,0;4,0;53,0;0,708;Poliedro;;;624,7133333333334;;Salvador;BA;0,7909;Salvador;;;41650500;PIATÃ;nao_aplicavel;6000,0;Alta (≥ R$ 5.000);próprio (metodologia exclusiva bilíngue);provavel_proprio;False
31371696;COLEGIO UNIVERSITARIO;3148004;4,0;5;Desafiante (2º-5º local);False;621,0204347826086;46,0;5,0;184,0;0,708;Poliedro;591,4636734693878;49,0;605,7753684210526;29,556761313220814;Patos de Minas;MG;0,7276;Patos de Minas;;;38702054;ALTO DOS CAIÇARAS;nao_aplicavel;5000,0;Alta (≥ R$ 5.000);SAS (Arco Educação);confirmado;False
41129326;COLEGIO POSITIVO BOA VISTA - EDUCACAO INFANTIL ENSINO FUNDAMENTAL E MEDIO;4106902;14,0;69;Outras posições;False;642,8447422680413;97,0;3,0;323,0;0,708;Poliedro;633,2622463768115;92,0;638,1802469135802;9,582495891229769;Curitiba;PR;0,8491;Curitiba;-25,39189246;-49,24269978;82560430;BOA VISTA;nao_aplicavel;4067,5;Média-Alta (R$ 3.000-4.999);Positivo (Arco Educação);confirmado;False
43042929;COLEGIO SAO JOAO BATISTA;4305108;6,0;12;Outras posições;False;620,9545833333333;16,0;5,0;87,0;0,708;Poliedro;581,2488888888888;9,0;606,6605333333333;39,70569444444448;Caxias do Sul;RS;0,7797;Caxias do Sul;-29,15169;-51,18511;95041290;UNIVERSITÁRIO;nao_aplicavel;3500,0;Média-Alta (R$ 3.000-4.999);não identificado;provavel_proprio;False
25133985;CENTRO DE ENSINO HBS LTDA;2507507;15,0;55;Outras posições;False;654,9786885245901;61,0;0,0;191,0;0,707;Poliedro;642,6072222222223;36,0;650,3872164948453;12,37146630236782;João Pessoa;PB;0,8675;João Pessoa;;;58037051;JARDIM OCEANIA;nao_aplicavel;6400,0;Alta (≥ R$ 5.000);próprio (marca Habilis);provavel_proprio;False
41068610;COLEGIO VICENTINO IMACULADO CORACAO DE MARIA;4127700;2,0;5;Desafiante (2º-5º local);False;634,8626666666667;75,0;4,0;247,0;0,707;Poliedro;648,0955555555555;45,0;639,825;-13,232888888888851;Toledo;PR;0,5682;Toledo;-24,7322696;-53,7370276;85900040;CENTRO;nao_aplicavel;3001,0;Média-Alta (R$ 3.000-4.999);confessional (Educação Vicentina);confirmado;False
43022324;COLEGIO SCALABRINIANO NOSSA SENHORA MEDIANEIRA;4302105;3,0;4;Desafiante (2º-5º local);False;620,8777777777777;18,0;5,0;105,0;0,706;Poliedro;642,7666666666667;18,0;631,8222222222222;-21,888888888888918;Bento Gonçalves;RS;0,6837;Bento Gonçalves;-29,16801;-51,5122;95700086;CENTRO;nao_aplicavel;4000,0;Média-Alta (R$ 3.000-4.999);confessional (Congregação das Irmãs Missionárias Scalabrinianas);confirmado;False
25213806;COLEGIO E CURSO PETRONIO FIGUEIREDO LTDA;2504009;6,0;20;Outras posições;False;634,7988888888889;54,0;4,0;161,0;0,706;Poliedro;608,2112121212122;66,0;620,1756666666666;26,58767676767673;Campina Grande;PB;0,7075;Campina Grande;-7,235465515;-35,89359697;58414140;LIBERDADE;nao_aplicavel;1290,0;Baixa (< R$ 1.800);Sistema Anglo de Ensino;confirmado;False
35172625;CEI - COLEGIO DE EDUCACAO INTEGRAL;3516200;2,0;14;Desafiante (2º-5º local);False;649,1364705882353;17,0;2,0;64,0;0,706;Poliedro;650,245;12,0;649,5951724137932;-1,1085294117647209;Franca;SP;0,7064;Franca;-20,5424497;-47,4009005;14400710;CENTRO;nao_aplicavel;2000,0;Média (R$ 1.800-2.999);próprio (Colégio CEI, marca própria);provavel_proprio;False
25132059;ALGORITMO COLEGIO E CURSO;2507507;16,0;55;Outras posições;False;620,8191666666667;40,0;5,0;119,0;0,706;Poliedro;623,653;20,0;621,7637777777778;-2,8338333333333594;João Pessoa;PB;0,8675;João Pessoa;;;58040000;TORRE;nao_aplicavel;2400,0;Média (R$ 1.800-2.999);próprio (Colégio Algoritmo);provavel_proprio;False
42000645;COLEGIO SANTA CATARINA;4205407;12,0;30;Outras posições;False;625,164;25,0;5,0;99,0;0,706;Poliedro;630,2325714285714;35,0;628,1206666666666;-5,068571428571431;Florianópolis;SC;0,9306;Florianópolis;-27,5892074;-48,5440965;88015410;CENTRO;nao_aplicavel;7500,0;Alta (≥ R$ 5.000);Positivo (Arco Educação);confirmado;False
33055955;COLEGIO SAO VICENTE DE PAULO;3303302;21,0;42;Outras posições;False;620,6747417840376;71,0;5,0;226,0;0,705;Poliedro;639,7174025974026;77,0;630,582072072072;-19,04266081336505;Niterói;RJ;0,9692;Niterói;-22,90180304;-43,11500813;24220001;ICARAÍ;nao_aplicavel;8200,0;Alta (≥ R$ 5.000);confessional (Educação Vicentina);confirmado;False
35151798;UNISUZ COLEGIO;3552502;1,0;11;Líder local;False;647,2434782608696;46,0;3,0;173,0;0,705;Poliedro;638,8133333333333;45,0;643,0747252747253;8,430144927536276;Suzano;SP;0,4547;Suzano;-23,54356974;-46,30894641;8675030;VILA COSTA;nao_aplicavel;2200,0;Média (R$ 1.800-2.999);Sistema Etapa;confirmado;False
35104607;PALMARES COLEGIO EFM;3550308;74,0;516;Outras posições;False;654,148115942029;23,0;2,0;128,0;0,705;Poliedro;664,7761403508772;19,0;658,9560317460318;-10,628024408848203;São Paulo;SP;0,8116;Pinheiros;-23,5602336;-46,6953775;5419001;PINHEIROS;distrito;10000,0;Alta (≥ R$ 5.000);próprio (Colégio Palmares, 50 anos);provavel_proprio;False
42160642;COC BLUMENAU;4202404;4,0;9;Desafiante (2º-5º local);False;648,8008163265306;49,0;2,0;186,0;0,705;Poliedro;643,0079310344828;58,0;645,6607476635513;5,792885292047799;Blumenau;SC;0,7541;Blumenau;;;89010015;CENTRO;nao_aplicavel;4000,0;Média-Alta (R$ 3.000-4.999);COC (Arco Educação);confirmado;False
33187924;QI QUALIDADE INTEGRAL DE ENSINO LTDA;3304557;94,0;344;Outras posições;False;647,5410526315789;19,0;2,0;94,0;0,705;Poliedro;641,0513333333333;30,0;643,5677551020408;6,489719298245518;Rio de Janeiro;RJ;0,8408;Rio de Janeiro;;;22775090;BARRA DA TIJUCA;bairro;10001,0;Alta (≥ R$ 5.000);próprio (Colégio QI, grupo Raiz Educação);provavel_proprio;False
29439833;CENTRO DE EDUCACAO MARIA CELINA;2925303;2,0;6;Desafiante (2º-5º local);False;634,3046153846153;13,0;4,0;67,0;0,704;Poliedro;627,9;10,0;631,52;6,40461538461534;Porto Seguro;BA;0,4311;Porto Seguro;-16,42853333;-39,09433167;45810000;;nao_aplicavel;1212,0;Baixa (< R$ 1.800);próprio (CEMAC - Centro de Educação Maria Celina, desde 1995);provavel_proprio;False
31368520;CENTRO EDUCACIONAL EUROPA;3152501;7,0;10;Outras posições;False;624,7514285714286;14,0;5,0;61,0;0,704;Poliedro;596,1791919191919;33,0;604,6900709219858;28,57223665223671;Pouso Alegre;MG;0,726;Pouso Alegre;-22,2325944;-45,9392936;37550092;CENTRO;nao_aplicavel;2000,0;Média (R$ 1.800-2.999);próprio (Colégio Europa, sistema de ensino próprio);provavel_proprio;False
33166820;COLEGIO E CURSO PENSI;3304557;95,0;344;Outras posições;False;653,2675;232,0;1,0;544,0;0,704;Poliedro;657,9352419354839;248,0;655,6791666666667;-4,667741935483832;Rio de Janeiro;RJ;0,8408;Rio de Janeiro;-22,9214;-43,23013;20550120;TIJUCA;bairro;5500,0;Alta (≥ R$ 5.000);próprio (Pensi / Grupo Salta);confirmado;False
43104940;COLEGIO BATISTA BRASIL;4314902;26,0;61;Outras posições;False;629,3833333333333;12,0;4,0;53,0;0,704;Poliedro;639,6523076923077;13,0;634,7232;-10,268974358974331;Porto Alegre;RS;0,9276;Porto Alegre;-30,02107588;-51,20903726;90560001;FLORESTA;nao_aplicavel;3500,0;Média-Alta (R$ 3.000-4.999);confessional (Rede Batista de Educação);confirmado;False
41377168;COLEGIO DOM BOSCO BATEL;4106902;15,0;69;Outras posições;False;629,0626160337554;79,0;5,0;301,0;0,704;Poliedro;649,2766666666666;76,0;638,9740215053764;-20,214050632911267;Curitiba;PR;0,8491;Curitiba;-25,44718788;-49,29377155;80240010;BATEL;nao_aplicavel;10000,0;Alta (≥ R$ 5.000);próprio (SEB - Sistema Educacional Brasileiro);confirmado;False
52033090;COLEGIO SHALLON - UNIDADE I;5208707;22,0;68;Outras posições;False;634,2165;40,0;4,0;162,0;0,704;Poliedro;638,1729032258065;31,0;635,9439436619718;-3,956403225806525;Goiânia;GO;0,9482;Goiânia;-16,6413175;-49,2744084;74565080;SETOR URIAS MAGALHÃES;nao_aplicavel;2500,0;Média (R$ 1.800-2.999);Educação por Princípios (metodologia própria/franquia);confirmado;False
41158750;COLEGIO POSITIVO HAUER - ENSINO MEDIO;4106902;16,0;69;Outras posições;False;629,2648917748918;154,0;4,0;418,0;0,704;Poliedro;634,1434757834758;117,0;631,3711439114392;-4,878584008583971;Curitiba;PR;0,8491;Curitiba;-25,48304269;-49,24503322;81610020;HAUER;nao_aplicavel;3500,0;Média-Alta (R$ 3.000-4.999);Positivo (Arco Educação);confirmado;False
35287600;COLEGIO ANGLO LEONARDO DA VINCI;3550308;75,0;516;Outras posições;False;653,5878571428572;28,0;2,0;76,0;0,703;Poliedro;695,1314285714286;28,0;674,3596428571428;-41,543571428571454;São Paulo;SP;0,8116;Vila Sônia;-23,599296;-46,7418319;5520300;VILA SONIA;distrito;4000,0;Média-Alta (R$ 3.000-4.999);Anglo (Cogna/SOMOS);confirmado;False
29354900;INSTITUTO ASSOCIADOS SABER E CULTURA;2910727;1,0;4;Líder local;False;629,2221052631579;38,0;4,0;147,0;0,703;Poliedro;662,9215789473684;38,0;646,0718421052633;-33,69947368421049;Eunápolis;BA;0,3705;Eunápolis;-16,3761;-39,58965;45820130;CENTRO;nao_aplicavel;1212,0;Baixa (< R$ 1.800);próprio (Colégio IASC);provavel_proprio;False
31007587;SISTEMA PIAGET DE ENSINO;3106200;63,0;110;Outras posições;False;627,9014285714286;14,0;4,0;49,0;0,703;Poliedro;;;627,9014285714286;;Belo Horizonte;MG;0,9738;Venda Nova;-19,83055745;-43,96846014;31565260;SANTA MÔNICA;nao_aplicavel;2500,0;Média (R$ 1.800-2.999);não identificado;provavel_proprio;False
26117991;COLEGIO BOA VIAGEM LTDA;2611606;25,0;76;Outras posições;False;624,5098290598291;78,0;5,0;266,0;0,703;Poliedro;625,876923076923;78,0;625,193376068376;-1,3670940170939048;Recife;PE;0,9162;Recife;-8,111026537;-34,89474501;51020170;BOA VIAGEM;nao_aplicavel;7000,0;Alta (≥ R$ 5.000);próprio (Colégio CBV, Plataforma Adaptativa própria);provavel_proprio;False
43205542;ESCOLA DE ENSINO MEDIO CAMINHO;4305108;7,0;12;Outras posições;False;629,102156862745;34,0;4,0;166,0;0,703;Poliedro;606,0602564102564;26,0;619,1173333333334;23,04190045248856;Caxias do Sul;RS;0,7797;Caxias do Sul;-29,17837;-51,21412;95012340;SANVITTO;nao_aplicavel;4500,0;Média-Alta (R$ 3.000-4.999);próprio (Rede de Ensino Caminho do Saber);provavel_proprio;False
35123808;EDUCATIVA CENTRO EDUCACIONAL;3534708;2,0;7;Desafiante (2º-5º local);False;648,0984615384616;13,0;2,0;54,0;0,702;Poliedro;649,6223529411765;17,0;648,962;-1,523891402714867;Ourinhos;SP;0,5787;Ourinhos;-22,98859839;-49,87342167;19906000;JARDIM OURO VERDE;nao_aplicavel;2000,0;Média (R$ 1.800-2.999);Etapa;confirmado;False
33031649;INSTITUTO SAO JOSE;3304201;4,0;8;Desafiante (2º-5º local);False;624,4893333333333;40,0;5,0;128,0;0,702;Poliedro;635,3712280701754;38,0;629,7907692307692;-10,881894736842128;Resende;RJ;0,701;Resende;-22,46541;-44,45521;27510080;JARDIM JALISCO;nao_aplicavel;2000,0;Média (R$ 1.800-2.999);não identificado;nao_identificado;False
14000814;CENTRO DE EDUCACAO INTEGRADA COLMEIA LTDA;1400100;1,0;9;Líder local;False;641,4032142857143;28,0;3,0;93,0;0,702;Poliedro;647,7;30,0;644,6601724137931;-6,296785714285761;Boa Vista;RR;0,312;Boa Vista;2,81796376;-60,67803277;69301060;CENTRO;nao_aplicavel;3000,0;Média-Alta (R$ 3.000-4.999);Sistema de Ensino Positivo;confirmado;False
15038513;COLEGIO SANTA ROSA;1501402;12,0;65;Outras posições;False;615,0698285714286;175,0;5,0;542,0;0,702;Poliedro;643,1558333333334;124,0;626,7175362318841;-28,086004761904743;Belém;PA;0,6935;Belém;-1,459789323;-48,49133064;66025230;BATISTA CAMPOS;nao_aplicavel;6000,0;Alta (≥ R$ 5.000);Bernoulli;confirmado;False
52103994;COLEGIO SELECTUS LTDA;5200258;1,0;5;Líder local;False;641,2615384615384;13,0;3,0;61,0;0,702;Poliedro;627,1964102564102;26,0;631,8847863247863;14,06512820512819;Águas Lindas de Goiás;GO;0,2624;Águas Lindas de Goiás;-15,73553118;-48,26032736;72910001;PARQUE DA BARRAGEM SETOR 08;nao_aplicavel;1400,0;Baixa (< R$ 1.800);próprio (Colégio Selectus, metodologia própria);provavel_proprio;False
32034377;COLEGIO CASTRO ALVES;3201308;2,0;7;Desafiante (2º-5º local);False;633,6989189189189;37,0;4,0;116,0;0,702;Poliedro;625,1777777777778;24,0;630,3463387978142;8,521141141141129;Cariacica;ES;0,302;Cariacica;-20,30985782;-40,38738443;29154190;SANTANA;nao_aplicavel;1900,0;Média (R$ 1.800-2.999);Sistema de Ensino Positivo;confirmado;False
33101809;COLEGIO EME;3303500;2,0;33;Desafiante (2º-5º local);False;652,779012345679;54,0;1,0;262,0;0,702;Poliedro;665,2571014492753;46,0;658,5189333333333;-12,47808910359629;Nova Iguaçu;RJ;0,4054;Nova Iguaçu;-22,76033;-43,44968;26255230;CENTRO;nao_aplicavel;3000,0;Média-Alta (R$ 3.000-4.999);não identificado;provavel_proprio;False
32038720;ESCOLA SANTA ADAME;3205200;5,0;23;Desafiante (2º-5º local);False;633,6369230769232;13,0;4,0;62,0;0,701;Poliedro;647,6333333333333;9,0;639,3627272727273;-13,996410256410172;Vila Velha;ES;0,7846;Vila Velha;-20,332825;-40,3006574;29100515;OLARIA;nao_aplicavel;3000,0;Média-Alta (R$ 3.000-4.999);Sistema Positivo de Ensino;confirmado;False
35116361;SANTO ANDRE COLEGIO;3549805;7,0;28;Outras posições;False;627,5518457300275;121,0;4,0;368,0;0,701;Poliedro;626,6671839080459;116,0;627,118846694796;0,8846618219815809;São José do Rio Preto;SP;0,8136;São José do Rio Preto;-20,8181615;-49,3790346;15014220;VILA BOM JESUS;nao_aplicavel;2500,0;Média (R$ 1.800-2.999);confessional (Irmãs de Santo André);confirmado;False
35113736;DOM BOSCO COLEGIO SALESIANO ASSUNCAO;3538709;7,0;25;Outras posições;False;624,2754098360655;61,0;5,0;195,0;0,701;Poliedro;633,190303030303;33,0;627,4051063829787;-8,914893194237493;Piracicaba;SP;0,8238;Piracicaba;-22,7326818;-47,6525038;13400140;CENTRO;nao_aplicavel;4500,0;Média-Alta (R$ 3.000-4.999);não identificado;provavel_proprio;False
41133463;COLEGIO SENHORA DE FATIMA ED INF ENSINO FUND MEDIO SC LTDA;4106902;17,0;69;Outras posições;False;628,4453846153846;104,0;5,0;335,0;0,701;Poliedro;646,4815176151761;123,0;638,2182672540382;-18,03613299979156;Curitiba;PR;0,8491;Curitiba;-25,50650267;-49,27394274;81810480;XAXIM;nao_aplicavel;3000,0;Média-Alta (R$ 3.000-4.999);próprio (Colégio Senhora de Fátima, metodologia própria desde 1984);provavel_proprio;False
53018273;COL IDEAL UNIDADE JARDIM BOTANICO;5300108;35,0;117;Outras posições;False;633,528;15,0;4,0;83,0;0,701;Poliedro;615,4053333333334;15,0;624,4666666666667;18,12266666666665;Brasília;DF;0,9278;Brasília;-15,87307347;-47,80159988;71680370;SETOR HABITACIONAL JARDIM BOTÂNICO;nao_aplicavel;3000,0;Média-Alta (R$ 3.000-4.999);próprio (Colégio Ideal / Grupo Ideal);provavel_proprio;False
21092761;COMPLEXO EDUCACIONAL DOM BOSCO;2105302;3,0;11;Desafiante (2º-5º local);False;614,8595897435898;65,0;5,0;183,0;0,701;Poliedro;626,87;64,0;620,8182428940569;-12,010410256410182;Imperatriz;MA;0,4802;Imperatriz;-5,52783254;-47,48062035;65901590;CENTRO;nao_aplicavel;1215,0;Baixa (< R$ 1.800);Poliedro;confirmado;True
50016385;ESCOLA FRANCISCANA IMACULADA CONCEICAO;5003702;5,0;6;Desafiante (2º-5º local);False;619,9902083333334;32,0;5,0;133,0;0,701;Poliedro;603,607;40,0;610,888425925926;16,383208333333414;Dourados;MS;0,6793;Dourados;-22,2188683;-54,815875;79825050;VILA PROGRESSO;nao_aplicavel;2000,0;Média (R$ 1.800-2.999);confessional (Rede Educacional Franciscana / SCALIFRA);confirmado;False
42006708;COLEGIO SAO JOSE;4218707;2,0;6;Desafiante (2º-5º local);False;624,1588461538461;52,0;5,0;178,0;0,7;Poliedro;;;624,1588461538461;;Tubarão;SC;0,6318;Tubarão;-28,4794641;-49,0029748;88701160;CENTRO;nao_aplicavel;4000,0;Média-Alta (R$ 3.000-4.999);Sistema GGE de Ensino (mantido pela Rede Divina Providência);confirmado;False
33063516;COLEGIO NOSSA SENHORA DE LOURDES;3304557;96,0;344;Outras posições;False;614,802380952381;14,0;5,0;45,0;0,7;Poliedro;590,8800000000001;17,0;601,6836559139786;23,92238095238088;Rio de Janeiro;RJ;0,8408;Rio de Janeiro;-22,9518486;-43,195949;22260006;BOTAFOGO;bairro;8000,0;Alta (≥ R$ 5.000);confessional (Rede Lourdina de Educação);provavel_proprio;False
50030469;COLEGIO DE ENSINO MEDIO NOVA GERACAO;5002704;9,0;31;Outras posições;False;633,3979220779221;77,0;4,0;251,0;0,7;Poliedro;628,8918181818182;66,0;631,3181818181819;4,506103896103923;Campo Grande;MS;0,789;Campo Grande;-20,47561;-54,64475;79090160;VILA TAVEIRPOLIS;nao_aplicavel;2000,0;Média (R$ 1.800-2.999);próprio (Colégio Nova Geração);provavel_proprio;False
41390024;COLEGIO E CURSO ELITE CURITIBA;4106902;18,0;69;Outras posições;False;637,5533333333333;54,0;4,0;116,0;0,7;Poliedro;679,0696969696969;66,0;660,3873333333333;-41,51636363636362;Curitiba;PR;0,8491;Curitiba;-25,43608833;-49,27720333;80420080;CENTRO;nao_aplicavel;4500,0;Média-Alta (R$ 3.000-4.999);próprio (grupo educacional Rede Inspira);provavel_proprio;False
53032012;COL BARAO DO RIO BRANCO;5300108;36,0;117;Outras posições;False;619,9488888888889;15,0;5,0;61,0;0,7;Poliedro;588,1313043478261;23,0;600,6908771929825;31,81758454106273;Brasília;DF;0,9278;Brasília;-15,75145992;-47,76044799;73255904;REGIAO DOS LAGOS;nao_aplicavel;3000,0;Média-Alta (R$ 3.000-4.999);próprio (Colégio Barão do Rio Branco, diretrizes UNESCO);provavel_proprio;False
43123643;COLEGIO NOSSA SENHORA DE FATIMA;4316907;5,0;12;Desafiante (2º-5º local);False;623,9237837837838;37,0;5,0;135,0;0,699;Polígono;641,3778125;64,0;634,9837623762377;-17,454028716216158;Santa Maria;RS;0,809;Santa Maria;-29,69555;-53,81469;97015511;NOSSA SENHORA DE FATIMA;nao_aplicavel;4200,0;Média-Alta (R$ 3.000-4.999);Não pesquisado ainda;nao_pesquisado;False
33174881;INSTITUTO NOSSA SENHORA DA GLORIA RIO DAS OSTRAS - UNIDADE IV;3304524;3,0;14;Desafiante (2º-5º local);False;619,7860317460318;42,0;5,0;176,0;0,699;Polígono;629,0066666666667;48,0;624,7037037037037;-9,220634920634891;Rio das Ostras;RJ;0,7058;Rio das Ostras;;;28890248;CIDADE BEIRA MAR;nao_aplicavel;2000,0;Média (R$ 1.800-2.999);Não pesquisado ainda;nao_pesquisado;False
26142716;COLEGIO DOM;2609600;1,0;13;Líder local;False;627,0887234042552;94,0;4,0;287,0;0,699;Polígono;619,9085714285715;70,0;624,0240243902439;7,180151975683771;Olinda;PE;0,5248;Olinda;-7,986565;-34,83831;53130410;CASA CAIADA;nao_aplicavel;5250,0;Alta (≥ R$ 5.000);Não pesquisado ainda;nao_pesquisado;False
31363294;COL CHROMOS CENTRO;3106200;64,0;110;Outras posições;False;647,3851219512195;41,0;0,0;128,0;0,699;Polígono;642,8153333333333;30,0;645,4542253521126;4,569788617886161;Belo Horizonte;MG;0,9738;Belo Horizonte;-19,92549567;-43,93766988;30160011;CENTRO;nao_aplicavel;4000,0;Média-Alta (R$ 3.000-4.999);Não pesquisado ainda;nao_pesquisado;False
43104991;COL MARIA IMACULADA;4314902;27,0;61;Outras posições;False;628,0755555555555;42,0;4,0;113,0;0,698;Polígono;628,0130232558139;43,0;628,0439215686274;0,0625322997416333;Porto Alegre;RS;0,9276;Porto Alegre;-30,06716;-51,23557;90810240;PRAIA DE BELAS;nao_aplicavel;5000,0;Alta (≥ R$ 5.000);Não pesquisado ainda;nao_pesquisado;False
24074667;CENTRO EDUCACIONAL DE APRENDIZAGEM MODERNA;2408003;6,0;14;Outras posições;False;636,4284;50,0;3,0;170,0;0,698;Polígono;655,8149019607843;51,0;646,2176237623762;-19,386501960784244;Mossoró;RN;0,5769;Mossoró;-5,182935;-37,33567;59618150;PAREDÕES;nao_aplicavel;1300,0;Baixa (< R$ 1.800);Não pesquisado ainda;nao_pesquisado;False
52053261;INSTITUTO PRESBITERIANO SAMUEL GRAHAM;5211909;3,0;4;Desafiante (2º-5º local);False;632,89;26,0;4,0;102,0;0,698;Polígono;638,5310344827586;29,0;635,8643636363637;-5,641034482758641;Jataí;GO;0,6306;Jataí;-17,8812287;-51,724875;75800027;CENTRO;nao_aplicavel;2000,0;Média (R$ 1.800-2.999);Não pesquisado ainda;nao_pesquisado;False
21268894;COLEGIO O BOM PASTOR JUNIOR;2111201;1,0;4;Líder local;False;626,5336559139786;62,0;4,0;273,0;0,697;Polígono;643,6515254237288;59,0;634,8803856749312;-17,11786950975022;São José de Ribamar;MA;0,3412;São José de Ribamar;-2,53678171;-44,19218429;65121048;TRIZIDELA DA MAIOBA;nao_aplicavel;1500,0;Baixa (< R$ 1.800);Não pesquisado ainda;nao_pesquisado;False
35499092;FUNDACAO ROMI NEI;3545803;2,0;5;Desafiante (2º-5º local);False;636,830522875817;51,0;4,0;155,0;0,697;Polígono;607,9066666666666;33,0;625,4675793650794;28,92385620915036;Santa Bárbara d'Oeste;SP;0,3938;Santa Bárbara d'Oeste;-22,755941;-47,4272715;13450031;CENTRO;nao_aplicavel;2500,0;Média (R$ 1.800-2.999);Não pesquisado ainda;nao_pesquisado;False
43104967;COLEGIO CONCORDIA - PORTO ALEGRE;4314902;28,0;61;Outras posições;False;627,8525;24,0;4,0;104,0;0,697;Polígono;613,5478260869565;23,0;620,8523404255319;14,304673913043416;Porto Alegre;RS;0,9276;Porto Alegre;-30,00657;-51,20227;90230001;NAVEGANTES;nao_aplicavel;2500,0;Média (R$ 1.800-2.999);Não pesquisado ainda;nao_pesquisado;False
35107402;SANTA AMALIA COLEGIO;3550308;77,0;516;Outras posições;False;623,131746031746;63,0;5,0;165,0;0,696;Polígono;632,1175757575758;22,0;625,4574901960785;-8,985829725829717;São Paulo;SP;0,8116;Saúde;-23,6191;-46,6391;4045003;MIRANDOPOLIS;distrito;6000,0;Alta (≥ R$ 5.000);Não pesquisado ainda;nao_pesquisado;False
33026424;COLEGIO ARARUAMA;3300209;3,0;10;Desafiante (2º-5º local);False;614,1598148148148;36,0;5,0;145,0;0,696;Polígono;608,2533333333333;24,0;611,7972222222222;5,906481481481478;Araruama;RJ;0,4822;Araruama;-22,87162;-42,34057;28979192;CENTRO;nao_aplicavel;1500,0;Baixa (< R$ 1.800);Não pesquisado ainda;nao_pesquisado;False
29388341;INSTITUTO NOSSA SENHORA DA PIEDADE;2913606;1,0;7;Líder local;False;635,8576623376623;77,0;3,0;260,0;0,696;Polígono;632,369696969697;66,0;634,2478321678321;3,48796536796533;Ilhéus;BA;0,417;Ilhéus;-14,79489;-39,0353;45652350;TERESOPOLIS;nao_aplicavel;2000,0;Média (R$ 1.800-2.999);Não pesquisado ainda;nao_pesquisado;False
43178740;COLEGIO MARISTA IPANEMA;4314902;29,0;61;Outras posições;False;618,9175833333334;80,0;5,0;251,0;0,695;Polígono;604,4843076923078;65,0;612,4474942528736;14,433275641025602;Porto Alegre;RS;0,9276;Porto Alegre;-30,1305;-51,23943;91760000;PEDRA REDONDA;nao_aplicavel;15000,0;Alta (≥ R$ 5.000);Não pesquisado ainda;nao_pesquisado;False
33115478;SANTA MONICA REDE DE ENSINO MARICA;3302700;1,0;9;Líder local;False;626,1359375;64,0;4,0;262,0;0,695;Polígono;615,7838461538461;52,0;621,4953448275861;10,352091346153884;Maricá;RJ;0,5165;Maricá;-22,91165786;-42,8206361;24900100;CENTRO;nao_aplicavel;2000,0;Média (R$ 1.800-2.999);Não pesquisado ainda;nao_pesquisado;False
35006933;COLEGIO LONDON UNIDADE II;3549805;8,0;28;Outras posições;False;656,2942564102564;65,0;1,0;106,0;0,695;Polígono;668,4967164179104;67,0;662,4879292929293;-12,202460007654054;São José do Rio Preto;SP;0,8136;São José do Rio Preto;-20,81276195;-49,38566722;15010100;CENTRO;nao_aplicavel;2500,0;Média (R$ 1.800-2.999);Não pesquisado ainda;nao_pesquisado;False
42116112;COLEGIO EXPONENCIAL;4204202;4,0;9;Desafiante (2º-5º local);False;618,888717948718;26,0;5,0;131,0;0,695;Polígono;640,6359420289855;46,0;632,7827777777778;-21,74722408026753;Chapecó;SC;0,7008;Chapecó;-27,1094352;-52,6168192;89802112;CENTRO;nao_aplicavel;5000,0;Alta (≥ R$ 5.000);Não pesquisado ainda;nao_pesquisado;False
33101612;CENTRO DE FORMACAO NOGUEIRA MINEIRO;3301702;1,0;22;Líder local;False;632,09;70,0;4,0;271,0;0,695;Polígono;625,0333333333333;60,0;628,833076923077;7,056666666666729;Duque de Caxias;RJ;0,3882;Duque de Caxias;-22,639098;-43,2806228;25255090;SANTA CRUZ DA SERRA;nao_aplicavel;1400,0;Baixa (< R$ 1.800);Não pesquisado ainda;nao_pesquisado;False
26173280;COLEGIO GRANDE PASSO;2611606;26,0;76;Outras posições;False;625,8596923076923;65,0;4,0;214,0;0,694;Polígono;650,4708994708994;63,0;637,9730208333333;-24,611207163207155;Recife;PE;0,9162;Recife;-8,141515625;-34,91293856;51130280;BOA VIAGEM;nao_aplicavel;7000,0;Alta (≥ R$ 5.000);Não pesquisado ainda;nao_pesquisado;False
29422299;CURSO E COLEGIO ANALISE - EIRELI - EPP;2927408;22,0;90;Outras posições;False;634,46;36,0;3,0;146,0;0,694;Polígono;644,1641379310345;29,0;638,7895384615384;-9,704137931034438;Salvador;BA;0,7909;Salvador;-12,92506;-38,50662;40415560;BONFIM;nao_aplicavel;2400,0;Média (R$ 1.800-2.999);Não pesquisado ainda;nao_pesquisado;False
35805048;ATHENEU COLEGIO;3523107;1,0;5;Líder local;False;639,9789743589744;39,0;3,0;137,0;0,694;Polígono;611,7368;25,0;628,946875;28,242174358974356;Itaquaquecetuba;SP;0,2822;Itaquaquecetuba;-23,4873021;-46,3507019;8573060;VILA VIRGINIA;nao_aplicavel;2000,0;Média (R$ 1.800-2.999);Não pesquisado ainda;nao_pesquisado;False
35151282;JARDIM DAS NACOES COLEGIO;3554102;6,0;15;Outras posições;False;636,2642424242424;66,0;4,0;227,0;0,694;Polígono;637,0884507042254;71,0;636,6913868613138;-0,8242082799829404;Taubaté;SP;0,7911;Taubaté;-23,0268835;-45,5683368;12030170;JARDIM DAS NACOES;nao_aplicavel;2500,0;Média (R$ 1.800-2.999);Não pesquisado ainda;nao_pesquisado;False
33061670;CENTRO EDUCACIONAL MANUEL PEREIRA;3304144;1,0;5;Líder local;False;643,9544444444444;36,0;3,0;141,0;0,694;Polígono;635,4757894736842;19,0;641,0254545454545;8,478654970760203;Queimados;RJ;0,1942;Queimados;-22,71473167;-43,55624;26383090;CENTRO;nao_aplicavel;1212,0;Baixa (< R$ 1.800);Não pesquisado ainda;nao_pesquisado;False
33089248;COL STA TEREZINHA;3304904;4,0;29;Desafiante (2º-5º local);False;622,3944444444445;18,0;5,0;105,0;0,694;Polígono;615,1077777777778;18,0;618,7511111111112;7,286666666666747;São Gonçalo;RJ;0,5133;São Gonçalo;-22,82434;-43,04521;24445370;CENTRO;nao_aplicavel;3001,0;Média-Alta (R$ 3.000-4.999);Não pesquisado ainda;nao_pesquisado;False
33071926;COLEGIO SANTA MONICA - CACHAMBI;3304557;98,0;344;Outras posições;False;638,4466666666666;33,0;3,0;131,0;0,693;Polígono;626,5970833333333;48,0;631,4246913580246;11,849583333333271;Rio de Janeiro;RJ;0,8408;Rio de Janeiro;-22,89341;-43,27235;20780230;CACHAMBI;bairro;3500,0;Média-Alta (R$ 3.000-4.999);Não pesquisado ainda;nao_pesquisado;False
35142682;INTERESCOLAR OBJETIVO UNIDADE GRANJA VIANA CENTRO;3513009;2,0;17;Desafiante (2º-5º local);False;631,4532051282051;52,0;4,0;226,0;0,693;Polígono;642,7511711711712;37,0;636,1501123595506;-11,297966042966095;Cotia;SP;0,7085;Cotia;-23,59338489;-46,83996511;6708645;CHACARA GRANJA VELHA;nao_aplicavel;2500,0;Média (R$ 1.800-2.999);Não pesquisado ainda;nao_pesquisado;False
35112422;CORACAO DE JESUS INSTITUTO EDUCACIONAL;3507605;5,0;12;Desafiante (2º-5º local);False;622,1042424242424;77,0;5,0;208,0;0,693;Polígono;632,6044086021506;62,0;626,7877697841726;-10,500166177908111;Bragança Paulista;SP;0,6238;Bragança Paulista;-22,9650105;-46,5403915;12900231;CENTRO;nao_aplicavel;3550,0;Média-Alta (R$ 3.000-4.999);Não pesquisado ainda;nao_pesquisado;False
26179199;COLEGIO E CURSO MENINO JESUS;2610707;1,0;16;Líder local;False;612,3464082687339;129,0;5,0;480,0;0,693;Polígono;615,6441481481482;135,0;614,0327525252525;-3,2977398794143937;Paulista;PE;0,3961;Paulista;-7,939227;-34,88386;53401240;CENTRO;nao_aplicavel;3000,0;Média-Alta (R$ 3.000-4.999);Não pesquisado ainda;nao_pesquisado;False
35140351;OBJETIVO CENTRO INTERESCOLAR UNIDADE POMPEIA;3550308;78,0;516;Outras posições;False;631,4309273182957;133,0;4,0;381,0;0,692;Polígono;650,9674842767296;106,0;640,0956764295677;-19,536556958433835;São Paulo;SP;0,8116;Barra Funda;-23,5158873;-46,6899292;5036000;AGUA BRANCA;distrito;8500,0;Alta (≥ R$ 5.000);Não pesquisado ainda;nao_pesquisado;False
51064910;COLEGIO E CURSO MASTER;5103403;7,0;27;Outras posições;False;634,0754455445544;202,0;3,0;511,0;0,692;Polígono;626,7435317460317;168,0;630,7463603603603;7,331913798522692;Cuiabá;MT;0,8046;Cuiabá;-15,60143;-56,08588;78010400;AREAO;nao_aplicavel;3000,0;Média-Alta (R$ 3.000-4.999);Não pesquisado ainda;nao_pesquisado;False
25092901;INTERACTIVO CRISTO COLEGIO E CURSOS EIRELI ME;2507507;17,0;55;Outras posições;False;612,2080555555555;72,0;5,0;262,0;0,692;Polígono;600,7293989071038;61,0;606,9434085213032;11,478656648451649;João Pessoa;PB;0,8675;João Pessoa;-7,162919;-34,86962;58071260;CRISTO REDENTOR;nao_aplicavel;1212,0;Baixa (< R$ 1.800);Não pesquisado ainda;nao_pesquisado;False
33181713;CENTRO EDUCACIONAL MARCOS FREITAS;3301702;2,0;22;Desafiante (2º-5º local);False;613,5205263157894;76,0;5,0;222,0;0,691;Polígono;620,1124675324676;77,0;616,8380392156863;-6,591941216678151;Duque de Caxias;RJ;0,3882;Duque de Caxias;;;25020140;CENTRO;nao_aplicavel;1500,0;Baixa (< R$ 1.800);Não pesquisado ainda;nao_pesquisado;False
29343232;COLEGIO PORTINARI;2927408;23,0;90;Outras posições;False;649,7054208754209;99,0;1,0;344,0;0,691;Polígono;648,7006382978724;94,0;649,2160449050087;1,0047825775485535;Salvador;BA;0,7909;Salvador;-12,99615;-38,44896;41760040;COSTA AZUL;nao_aplicavel;5000,0;Alta (≥ R$ 5.000);Não pesquisado ainda;nao_pesquisado;False
35007524;CURSO E COLEGIO UNI;3548906;5,0;15;Desafiante (2º-5º local);False;643,1418705035971;139,0;1,0;435,0;0,691;Polígono;643,8758260869565;115,0;643,4741732283464;-0,7339555833593749;São Carlos;SP;0,8182;São Carlos;-22,01487;-47,89029333;13560010;CENTRO;nao_aplicavel;2925,0;Média (R$ 1.800-2.999);Não pesquisado ainda;nao_pesquisado;False
35165116;INTERATIVO CURSO E COLEGIO;3548906;6,0;15;Outras posições;False;644,6664406779661;59,0;2,0;168,0;0,69;Polígono;654,4982978723405;47,0;649,0258490566039;-9,83185719437438;São Carlos;SP;0,8182;São Carlos;-22,01682;-47,8941793;13560160;CENTRO;nao_aplicavel;2925,0;Média (R$ 1.800-2.999);Não pesquisado ainda;nao_pesquisado;False
35116026;RESSURREICAO NOSSA SENHORA DO CALVARIO COLEGIO;3511102;2,0;9;Desafiante (2º-5º local);False;630,9456349206349;42,0;4,0;149,0;0,69;Polígono;656,2939869281046;51,0;644,8463440860215;-25,348352007469657;Catanduva;SP;0,5996;Catanduva;-21,1243506;-48,9659985;15805065;HIGIENOPOLIS;nao_aplicavel;3000,0;Média-Alta (R$ 3.000-4.999);Não pesquisado ainda;nao_pesquisado;False
35808076;COLEGIO JESUS ADOLESCENTE;3511102;3,0;9;Desafiante (2º-5º local);False;630,8366666666667;20,0;4,0;103,0;0,69;Polígono;628,9260317460318;21,0;629,8580487804878;1,910634920634948;Catanduva;SP;0,5996;Catanduva;-21,1534756;-48,9851144;15800620;PARQUE JOAQUIM LOPES;nao_aplicavel;3200,0;Média-Alta (R$ 3.000-4.999);Não pesquisado ainda;nao_pesquisado;False
35165931;PORTAL DO ENGENHO COLEGIO;3538709;8,0;25;Outras posições;False;644,5272222222222;36,0;2,0;123,0;0,689;Polígono;658,348947368421;38,0;651,6248648648649;-13,821725146198787;Piracicaba;SP;0,8238;Piracicaba;-22,7142915;-47,6550715;13405232;VILA REZENDE;nao_aplicavel;2680,0;Média (R$ 1.800-2.999);Não pesquisado ainda;nao_pesquisado;False
35175614;INTERNACIONAL DE ALPHAVILLE ESCOLA;3505708;2,0;5;Desafiante (2º-5º local);False;643,0514285714286;14,0;3,0;141,0;0,689;Polígono;639,0713043478261;23,0;640,5772972972973;3,980124223602502;Barueri;SP;0,7467;Barueri;-23,485075;-46,852125;6472001;DEZOITO DO FORTE EMPRESARIAL/ALPHAVILLE.;nao_aplicavel;3000,0;Média-Alta (R$ 3.000-4.999);Não pesquisado ainda;nao_pesquisado;False
35501918;INTELECTUS RIO PRETO COLEGIO;3549805;9,0;28;Outras posições;False;644,2995983935743;83,0;2,0;223,0;0,688;Polígono;656,1944;75,0;649,9458649789029;-11,89480160642563;São José do Rio Preto;SP;0,8136;São José do Rio Preto;-20,8132846;-49,3892792;15015700;CENTRO;nao_aplicavel;2500,0;Média (R$ 1.800-2.999);Não pesquisado ainda;nao_pesquisado;False
31357120;COL CHROMOS ELDORADO;3118601;5,0;17;Desafiante (2º-5º local);False;633,2198333333333;60,0;3,0;151,0;0,688;Polígono;642,32;51,0;637,4009909909911;-9,100166666666723;Contagem;MG;0,6616;Parque Industrial;-19,94174;-44,04287;32315180;ELDORADO;nao_aplicavel;2001,0;Média (R$ 1.800-2.999);Não pesquisado ainda;nao_pesquisado;False
35114510;ALTO PADRAO FRANCANO INSTITUTO ENSINO;3516200;3,0;14;Desafiante (2º-5º local);False;644,038064516129;31,0;2,0;157,0;0,688;Polígono;619,6415384615385;26,0;632,9098245614035;24,39652605459048;Franca;SP;0,7064;Franca;-20,5700319;-47,4004589;14404600;PARQUE UNIVERSITARIO;nao_aplicavel;2000,0;Média (R$ 1.800-2.999);Não pesquisado ainda;nao_pesquisado;False
33036659;COLEGIO JEAN PIAGET;3300100;2,0;11;Desafiante (2º-5º local);False;620,9235294117648;34,0;5,0;106,0;0,688;Polígono;631,0794594594594;37,0;626,2160563380281;-10,155930047694596;Angra dos Reis;RJ;0,4831;Angra dos Reis;-22,99654626;-44,30239934;23906410;PARQUE DAS PALMEIRAS;nao_aplicavel;5000,0;Alta (≥ R$ 5.000);Não pesquisado ainda;nao_pesquisado;False
35448205;COLEGIO KELVIN;3549805;10,0;28;Outras posições;False;648,5319871794871;104,0;1,0;365,0;0,687;Polígono;666,3777160493827;108,0;657,6232075471698;-17,845728869895538;São José do Rio Preto;SP;0,8136;São José do Rio Preto;-20,8290164;-49,4048677;15092175;JARDIM MARACANA;nao_aplicavel;2500,0;Média (R$ 1.800-2.999);Não pesquisado ainda;nao_pesquisado;False
50009060;COLEGIO MARIA MONTESSORI;5002704;11,0;31;Outras posições;False;638,3895726495726;39,0;3,0;119,0;0,687;Polígono;628,6883870967742;31,0;634,0933333333334;9,701185552798393;Campo Grande;MS;0,789;Campo Grande;-20,45239672;-54,60319878;79020190;CENTRO;nao_aplicavel;6000,0;Alta (≥ R$ 5.000);Não pesquisado ainda;nao_pesquisado;False
35115253;LA SALLE SAO CARLOS COLEGIO DIOCESANO;3548906;7,0;15;Outras posições;False;617,2847368421053;38,0;5,0;180,0;0,687;Polígono;622,3562790697674;43,0;619,977037037037;-5,071542227662121;São Carlos;SP;0,8182;São Carlos;-22,0211833;-47,9021068;13574380;VILA PRADO;nao_aplicavel;2925,0;Média (R$ 1.800-2.999);Não pesquisado ainda;nao_pesquisado;False
15175448;SISTEMA DE ENSINO EQUIPE PARAGOMINAS LTDA;1505502;1,0;4;Líder local;False;616,0165517241379;29,0;5,0;108,0;0,687;Polígono;616,6381818181818;33,0;616,3474193548387;-0,6216300940438941;Paragominas;PA;0,1766;Paragominas;-2,99095351;-47,35444045;68625140;CELIO MIRANDA;nao_aplicavel;1300,0;Baixa (< R$ 1.800);Não pesquisado ainda;nao_pesquisado;False
42154529;COLEGIO BOM JESUS;4211900;2,0;9;Desafiante (2º-5º local);False;642,1497959183673;49,0;3,0;171,0;0,687;Polígono;633,9432653061225;49,0;638,0465306122449;8,20653061224482;Palhoça;SC;0,5957;Palhoça;-27,62398434;-48,67583153;88137084;CIDADE UNIVERSITARIA PEDRA BRANCA;nao_aplicavel;2500,0;Média (R$ 1.800-2.999);Não pesquisado ainda;nao_pesquisado;False
31342122;INSTITUTO EDUCACIONAL SABER;3145208;1,0;2;Sem comparação local (poucas escolas na cidade);False;630,0184615384616;26,0;4,0;121,0;0,687;Polígono;645,3666666666667;21,0;636,8761702127659;-15,348205128205109;Nova Serrana;MG;0,3015;Nova Serrana;-19,87963307;-44,98759993;35522000;JARDIM DO LAGO;nao_aplicavel;1800,0;Média (R$ 1.800-2.999);Não pesquisado ainda;nao_pesquisado;False
35104875;RAINHA DA PAZ COLEGIO EIFM;3550308;82,0;516;Outras posições;False;620,8354929577465;71,0;5,0;239,0;0,686;Polígono;628,0094545454544;55,0;623,9669841269841;-7,173961587707936;São Paulo;SP;0,8116;Alto de Pinheiros;-23,5430896;-46,7046483;5449000;VILA MADALENA;distrito;10000,0;Alta (≥ R$ 5.000);Não pesquisado ainda;nao_pesquisado;False
43109152;COLEGIO MURIALDO;4314902;31,0;61;Outras posições;False;616,9207407407407;45,0;5,0;161,0;0,686;Polígono;592,2345454545455;44,0;604,7163295880149;24,686195286195243;Porto Alegre;RS;0,9276;Porto Alegre;-30,06529487;-51,16831739;91520480;VILA SÃO JOSÉ;nao_aplicavel;1600,0;Baixa (< R$ 1.800);Não pesquisado ainda;nao_pesquisado;False
28006992;COLEGIO DOM BOSCO;2802908;3,0;6;Desafiante (2º-5º local);False;625,4221739130435;46,0;4,0;135,0;0,686;Polígono;632,9650724637681;46,0;629,1936231884058;-7,542898550724658;Itabaiana;SE;0,4399;Itabaiana;-10,683515;-37,4305883;49500154;CENTRO;nao_aplicavel;1212,0;Baixa (< R$ 1.800);Não pesquisado ainda;nao_pesquisado;False
52091562;COLEGIO APROV;5205109;1,0;8;Líder local;False;643,8906666666667;20,0;2,0;106,0;0,686;Polígono;603,6066666666667;30,0;619,7202666666667;40,28399999999999;Catalão;GO;0,5699;Catalão;-18,1661869;-47,9487064;75702130;MAE DE DEUS;nao_aplicavel;2400,0;Média (R$ 1.800-2.999);Não pesquisado ainda;nao_pesquisado;False
35114467;PESTALOZZI ESCOLA UNIDADE I;3516200;4,0;14;Desafiante (2º-5º local);False;637,7109375;64,0;3,0;238,0;0,685;Polígono;626,6647777777778;60,0;632,3660215053762;11,046159722222228;Franca;SP;0,7064;Franca;-20,5292145;-47,3991375;14401080;CIDADE NOVA;nao_aplicavel;2000,0;Média (R$ 1.800-2.999);Não pesquisado ainda;nao_pesquisado;False
35135203;EDUARDO GOMES COLEGIO;3548807;4,0;10;Desafiante (2º-5º local);False;629,4364052287582;102,0;4,0;417,0;0,685;Polígono;626,5553846153846;104,0;627,9819093851132;2,881020613373608;São Caetano do Sul;SP;0,8753;São Caetano do Sul;-23,6179786;-46,5772037;9530001;SANTO ANTONIO;nao_aplicavel;6000,0;Alta (≥ R$ 5.000);Não pesquisado ainda;nao_pesquisado;False
35121344;SAO LUCAS COLEGIO;3525300;6,0;10;Outras posições;False;629,3656060606061;44,0;4,0;148,0;0,684;Polígono;653,8122222222223;36,0;640,3665833333334;-24,446616161616248;Jaú;SP;0,6541;Jaú;-22,28067;-48,55234;17208088;JARDIM NETINHO PRADO;nao_aplicavel;2100,0;Média (R$ 1.800-2.999);Não pesquisado ainda;nao_pesquisado;False
43097774;COLEGIO MARISTA NOSSA SENHORA DA CONCEICAO;4314100;3,0;5;Desafiante (2º-5º local);False;616,4608547008546;39,0;5,0;172,0;0,684;Polígono;638,1454838709677;62,0;629,7722112211221;-21,684629170113112;Passo Fundo;RS;0,6524;Passo Fundo;-28,25829;-52,40587;99010070;CENTRO;nao_aplicavel;2500,0;Média (R$ 1.800-2.999);Não pesquisado ainda;nao_pesquisado;False
29389992;ESCOLA MONTESSORI;2924009;1,0;3;Líder local;False;611,9763218390804;58,0;5,0;225,0;0,684;Polígono;629,9573134328358;67,0;621,6141333333333;-17,980991593755448;Paulo Afonso;BA;0,1845;Paulo Afonso;-9,39889443;-38,21938007;48601210;CENTRO;nao_aplicavel;1212,0;Baixa (< R$ 1.800);Não pesquisado ainda;nao_pesquisado;False
35141367;OBJETIVO COLEGIO UNIDADE ALPHAVILLE;3547304;2,0;6;Desafiante (2º-5º local);False;620,4066666666666;106,0;5,0;388,0;0,684;Polígono;634,4156923076922;65,0;625,7317348927875;-14,009025641025572;Santana de Parnaíba;SP;0,7586;Santana de Parnaíba;-23,4680608;-46,8702228;6541038;ALPHAVILLE;nao_aplicavel;2500,0;Média (R$ 1.800-2.999);Não pesquisado ainda;nao_pesquisado;False
23071141;COLEGIO SANTO INACIO;2304400;33,0;117;Outras posições;False;611,8533333333334;36,0;5,0;110,0;0,684;Polígono;588,0741176470589;34,0;600,3034285714286;23,779215686274483;Fortaleza;CE;0,8208;Fortaleza;-3,7464722;-38,5013478;60170173;DIONISIO TORRES;nao_aplicavel;7000,0;Alta (≥ R$ 5.000);Não pesquisado ainda;nao_pesquisado;False
32078510;UP CENTRO EDUCACIONAL;3205309;12,0;18;Outras posições;False;633,9714373088685;109,0;4,0;391,0;0,683;Polígono;620,6466666666666;102,0;627,5300789889416;13,324770642201884;Vitória;ES;0,9347;Vitória;-20,2555086;-40,2671963;29090720;JARDIM CAMBURI;nao_aplicavel;5500,0;Alta (≥ R$ 5.000);Não pesquisado ainda;nao_pesquisado;False
41131657;ASSEIJ COLEGIO NOSSA SENHORA DO ROSARIO;4106902;19,0;69;Outras posições;False;620,2392248062016;86,0;5,0;287,0;0,683;Polígono;625,6274774774774;74,0;622,7312916666667;-5,388252671275836;Curitiba;PR;0,8491;Curitiba;-25,39083506;-49,23457776;82510280;BACACHERI;nao_aplicavel;5500,0;Alta (≥ R$ 5.000);Não pesquisado ainda;nao_pesquisado;False
53018613;COL MARISTA AGUAS CLARAS;5300108;37,0;117;Outras posições;False;624,5919047619047;42,0;4,0;217,0;0,682;Polígono;617,3334615384615;52,0;620,5765957446808;7,258443223443237;Brasília;DF;0,9278;Brasília;;;71936000;BRASILIA;nao_aplicavel;3000,0;Média-Alta (R$ 3.000-4.999);Não pesquisado ainda;nao_pesquisado;False
35186260;REDE DE ENSINO NOVO TEMPO;3548500;3,0;32;Desafiante (2º-5º local);False;633,6993333333334;30,0;4,0;132,0;0,682;Polígono;654,7468421052632;38,0;645,4611764705883;-21,04750877192987;Santos;SP;0,8189;Santos;-23,9721017;-46,3177534;11040190;EMBARE;nao_aplicavel;5000,0;Alta (≥ R$ 5.000);Não pesquisado ainda;nao_pesquisado;False
17056527;INTERACAO VOZES ATIVAS - CAPIM DOURADO;1721000;5,0;14;Desafiante (2º-5º local);False;645,6846666666667;60,0;1,0;378,0;0,682;Polígono;672,693947368421;76,0;660,7780882352941;-27,009280701754392;Palmas;TO;0,7844;Palmas;-10,18243086;-48,34809045;77001080;PLANO DIRETOR NORTE;nao_aplicavel;2148,5;Média (R$ 1.800-2.999);Não pesquisado ainda;nao_pesquisado;False
35108698;STOCCO COLEGIO;3547809;5,0;36;Desafiante (2º-5º local);False;637,0138211382114;41,0;3,0;134,0;0,681;Polígono;627,4882926829268;41,0;632,2510569105691;9,52552845528453;Santo André;SP;0,7874;Santo André;-23,6536022;-46,5315785;9090710;JARDIM;nao_aplicavel;10000,0;Alta (≥ R$ 5.000);Não pesquisado ainda;nao_pesquisado;False
41031733;LONDRINENSE C - EI EF M PROFIS;4113700;9,0;24;Outras posições;False;620,0048677248677;126,0;5,0;432,0;0,681;Polígono;640,4738317757009;107,0;629,4047782546495;-20,468964050833165;Londrina;PR;0,8372;Londrina;-23,31687388;-51,17098829;86020000;VILA IPIRANGA;nao_aplicavel;2500,0;Média (R$ 1.800-2.999);Não pesquisado ainda;nao_pesquisado;False
35101722;NOSSA SENHORA MENINA EXTERNATO;3550308;84,0;516;Outras posições;False;628,647962962963;36,0;4,0;130,0;0,681;Polígono;614,9802666666667;25,0;623,0464480874317;13,6676962962963;São Paulo;SP;0,8116;Água Rasa;-23,570105;-46,5809914;3195100;ALTO DA MOOCA;distrito;4000,0;Média-Alta (R$ 3.000-4.999);Não pesquisado ainda;nao_pesquisado;False
15567770;CENTRO DE ESTUDOS JOHN KNOX;1501402;14,0;65;Outras posições;False;633,1165957446808;47,0;2,0;166,0;0,681;Polígono;644,8716279069768;43,0;638,7328888888889;-11,755032162295947;Belém;PA;0,6935;Belém;-1,429963703;-48,45908806;66095105;MARCO;nao_aplicavel;3000,0;Média-Alta (R$ 3.000-4.999);Não pesquisado ainda;nao_pesquisado;False
35114030;PURISSIMO CORACAO DE MARIA COLEGIO;3543907;4,0;8;Desafiante (2º-5º local);False;619,9744615384615;65,0;5,0;250,0;0,681;Polígono;625,744109589041;73,0;623,0265217391304;-5,769648050579576;Rio Claro;SP;0,608;Rio Claro;-22,4126377;-47,5634799;13500143;ZONA CENTRAL;nao_aplicavel;2424,0;Média (R$ 1.800-2.999);Não pesquisado ainda;nao_pesquisado;False
33160031;SANTA MONICA REDE DE ENSINO - RECREIO DOS BANDEIRANTES;3304557;101,0;344;Outras posições;False;622,9838888888889;36,0;4,0;127,0;0,68;Polígono;597,5094736842105;19,0;614,1836363636364;25,474415204678397;Rio de Janeiro;RJ;0,8408;Rio de Janeiro;-23,01814;-43,47303;22790430;RECREIO DOS BANDEIRANTES;bairro;6000,0;Alta (≥ R$ 5.000);Não pesquisado ainda;nao_pesquisado;False
35122993;ARUA COLEGIO;3530607;5,0;24;Desafiante (2º-5º local);False;642,2174774774775;37,0;2,0;160,0;0,68;Polígono;623,42875;32,0;633,5038647342994;18,78872747747744;Mogi das Cruzes;SP;0,7296;Mogi das Cruzes;-23,4660625;-46,2564695;8771001;PARQUE RESIDENCIAL ITAPETI;nao_aplicavel;2700,0;Média (R$ 1.800-2.999);Não pesquisado ainda;nao_pesquisado;False
35165578;SISTEMA EDUCACIONAL SOROCABA;3552205;4,0;27;Desafiante (2º-5º local);False;624,1854828660436;107,0;4,0;352,0;0,68;Polígono;636,9105847953217;114,0;630,7495625942685;-12,72510192927814;Sorocaba;SP;0,7667;Sorocaba;-23,5225969;-47,4643684;18047620;PARQUE CAMPOLIM;nao_aplicavel;2500,0;Média (R$ 1.800-2.999);Não pesquisado ainda;nao_pesquisado;False
52078485;COLEGIO APICE;5218805;4,0;7;Desafiante (2º-5º local);False;642,1192156862745;34,0;2,0;175,0;0,68;Polígono;657,4941935483871;31,0;649,4518974358975;-15,374977862112589;Rio Verde;GO;0,6832;Rio Verde;-17,81075583;-50,93397872;75907370;PARQUE DOS BURITIS II;nao_aplicavel;2000,0;Média (R$ 1.800-2.999);Não pesquisado ainda;nao_pesquisado;False
52038149;INSTITUTO PRESBITERIANO DE EDUCACAO;5208707;24,0;68;Outras posições;False;623,7584397163121;47,0;5,0;164,0;0,68;Polígono;617,109925925926;45,0;620,5064492753623;6,648513790386119;Goiânia;GO;0,9482;Goiânia;-16,69532474;-49,27651718;74210045;SETOR BUENO;nao_aplicavel;2500,0;Média (R$ 1.800-2.999);Não pesquisado ainda;nao_pesquisado;False
52091570;COLEGIO METROPOLITANO;5208707;25,0;68;Outras posições;False;636,8915;40,0;2,0;115,0;0,679;Polígono;631,9225;24,0;635,0281249999999;4,968999999999937;Goiânia;GO;0,9482;Goiânia;-16,69353007;-49,21052023;74730450;JARDIM BRASIL;nao_aplicavel;2500,0;Média (R$ 1.800-2.999);Não pesquisado ainda;nao_pesquisado;False
25135430;CENTRO EDUCACIONAL META LTDA;2504009;7,0;20;Outras posições;False;633,1771428571428;14,0;4,0;102,0;0,679;Polígono;;;633,1771428571428;;Campina Grande;PB;0,7075;Campina Grande;;;58410340;CATOLÉ;nao_aplicavel;3000,0;Média-Alta (R$ 3.000-4.999);Não pesquisado ainda;nao_pesquisado;False
52091295;COLEGIO EXPOVEST;5208707;26,0;68;Outras posições;False;619,767288888889;75,0;5,0;224,0;0,679;Polígono;626,073710691824;53,0;622,3785416666667;-6,306421802935006;Goiânia;GO;0,9482;Goiânia;-16,7116219;-49,2992477;74333150;JARDIM PLANALTO;nao_aplicavel;2500,0;Média (R$ 1.800-2.999);Não pesquisado ainda;nao_pesquisado;False
41360044;COLEGIO MARISTA SAGRADO CORACAO DE JESUS EI EF M;4101804;2,0;5;Desafiante (2º-5º local);False;630,5234782608696;23,0;3,0;116,0;0,678;Polígono;611,6791666666667;24,0;620,9008510638298;18,844311594202964;Araucária;PR;0,2685;Araucária;-25,5939501;-49,40567899;83702040;CENTRO;nao_aplicavel;3000,0;Média-Alta (R$ 3.000-4.999);Não pesquisado ainda;nao_pesquisado;False
35010002;ESCOLA ESTACAO FINAL COC UNIDADE PLAZA;3549805;11,0;28;Outras posições;False;646,2023255813954;43,0;1,0;176,0;0,678;Polígono;618,1565217391304;23,0;636,428787878788;28,045803842264945;São José do Rio Preto;SP;0,8136;São José do Rio Preto;;;15085350;JARDIM REDENTOR;nao_aplicavel;2500,0;Média (R$ 1.800-2.999);Não pesquisado ainda;nao_pesquisado;False
52069052;COLEGIO ULBRA DE APLICACAO;5211503;3,0;5;Desafiante (2º-5º local);False;619,4255555555555;18,0;5,0;104,0;0,678;Polígono;;;619,4255555555555;;Itumbiara;GO;0,5982;Itumbiara;-18,41417833;-49,19886333;75523200;ALTO DA BOA VISTA;nao_aplicavel;2000,0;Média (R$ 1.800-2.999);Não pesquisado ainda;nao_pesquisado;False
35103697;NOSSA SENHORA DE SION COLEGIO;3550308;85,0;516;Outras posições;False;636,2866666666666;12,0;3,0;115,0;0,678;Polígono;627,4251515151516;22,0;630,5527450980393;8,86151515151505;São Paulo;SP;0,8116;Consolação;-23,5412734;-46,6603226;1238001;HIGIENOPOLIS;distrito;7500,0;Alta (≥ R$ 5.000);Não pesquisado ainda;nao_pesquisado;False
35164768;AJUDANDO A ESCOLHER O SEU CAMINHO COLEGIO AESC;3556206;3,0;6;Desafiante (2º-5º local);False;641,7149999999999;84,0;2,0;212,0;0,677;Polígono;625,1391011235954;89,0;633,1875144508668;16,575898876404494;Valinhos;SP;0,8018;Valinhos;-23,0074944;-47,01968838;13278181;DOIS CORREGOS;nao_aplicavel;3001,0;Média-Alta (R$ 3.000-4.999);Não pesquisado ainda;nao_pesquisado;False
32065353;CE LINUS PAULING;3205002;2,0;8;Desafiante (2º-5º local);False;627,8806779661016;59,0;4,0;225,0;0,677;Polígono;631,7869767441861;43,0;629,5274509803921;-3,90629877808442;Serra;ES;0,5068;Carapina;-20,2000008;-40,2540878;29165130;PARQUE RESIDENCIAL LARANJEIRAS;nao_aplicavel;3000,0;Média-Alta (R$ 3.000-4.999);Não pesquisado ainda;nao_pesquisado;False
42000262;EDUCANDARIO IMACULADA CONCEICAO;4205407;13,0;30;Outras posições;False;619,2287804878049;41,0;5,0;169,0;0,677;Polígono;641,4594736842105;38,0;629,9220253164557;-22,230693196405586;Florianópolis;SC;0,9306;Florianópolis;-27,59327031;-48,55397652;88015140;CENTRO;nao_aplicavel;7500,0;Alta (≥ R$ 5.000);Não pesquisado ainda;nao_pesquisado;False
15180956;COLEGIO EQUIPE MARCO;1501402;15,0;65;Outras posições;False;634,9967375886525;47,0;3,0;220,0;0,677;Polígono;;;634,9967375886525;;Belém;PA;0,6935;Belém;;;66093020;MARCO;nao_aplicavel;3000,0;Média-Alta (R$ 3.000-4.999);Não pesquisado ainda;nao_pesquisado;False
35103780;COLEGIO RENASCENCA JEWISH AND BILINGUAL;3550308;86,0;516;Outras posições;False;627,7757894736842;19,0;4,0;100,0;0,677;Polígono;620,0944444444444;18,0;624,038918918919;7,681345029239765;São Paulo;SP;0,8116;Barra Funda;-23,5186126;-46,6621932;1139020;VARZEA DA BARRA FUNDA;distrito;8500,0;Alta (≥ R$ 5.000);Não pesquisado ainda;nao_pesquisado;False
41076290;COLEGIO EDUCACAO DINAMICA;4108304;3,0;12;Desafiante (2º-5º local);False;619,1652;50,0;5,0;222,0;0,677;Polígono;633,1456910569107;41,0;625,4641025641026;-13,980491056910637;Foz do Iguaçu;PR;0,633;Foz do Iguaçu;-25,5413468;-54,57949172;85852010;CENTRO;nao_aplicavel;4000,0;Média-Alta (R$ 3.000-4.999);Não pesquisado ainda;nao_pesquisado;False
31346209;COLEGIO SOLIDO MEDIO;3143302;7,0;13;Outras posições;False;635,909534883721;43,0;3,0;187,0;0,676;Polígono;650,092380952381;70,0;644,6953687315635;-14,182846068659956;Montes Claros;MG;0,7005;Montes Claros;-16,71954;-43,86878;39400115;TODOS OS SANTOS;nao_aplicavel;1500,0;Baixa (< R$ 1.800);Não pesquisado ainda;nao_pesquisado;False
43123651;COLEGIO ANTONIO ALVES RAMOS;4316907;6,0;12;Outras posições;False;614,8675675675676;37,0;5,0;120,0;0,676;Polígono;613,082380952381;28,0;614,0985641025641;1,7851866151866034;Santa Maria;RS;0,809;Santa Maria;-29,7027;-53,82794;97020590;PATRONATO;nao_aplicavel;2800,0;Média (R$ 1.800-2.999);Não pesquisado ainda;nao_pesquisado;False
29396174;ESCOLA NOSSA SENHORA DA LUZ;2927408;24,0;90;Outras posições;False;622,9288135593221;59,0;5,0;206,0;0,676;Polígono;605,0537037037037;72,0;613,1043256997456;17,875109855618348;Salvador;BA;0,7909;Salvador;-13,0031248;-38,4596132;41830451;PITUBA;nao_aplicavel;7500,0;Alta (≥ R$ 5.000);Não pesquisado ainda;nao_pesquisado;False
35437153;OFICINA DO ESTUDANTE COLEGIO;3509502;14,0;47;Outras posições;False;627,4079824561403;228,0;4,0;666,0;0,675;Polígono;643,2838697318007;174,0;634,2796351575455;-15,875887275660377;Campinas;SP;0,82;Campinas;-22,85477943;-47,05141037;13073270;JARDIM GUANABARA;nao_aplicavel;3000,0;Média-Alta (R$ 3.000-4.999);Não pesquisado ainda;nao_pesquisado;False
33082103;COLEGIO NOSSA SENHORA DO ROSARIO;3304557;102,0;344;Outras posições;False;637,1890625;64,0;2,0;241,0;0,675;Polígono;654,9954838709677;62,0;645,9509523809525;-17,80642137096777;Rio de Janeiro;RJ;0,8408;Rio de Janeiro;-22,90738;-43,56687;23050102;CAMPO GRANDE;bairro;2000,0;Média (R$ 1.800-2.999);Não pesquisado ainda;nao_pesquisado;False
35134259;CENTRO EDUCACIONAL OBJETIVO UNIDADE AQUARIUS;3549904;8,0;27;Outras posições;False;618,8133333333333;47,0;5,0;151,0;0,675;Polígono;629,9582978723405;47,0;624,3858156028369;-11,14496453900722;São José dos Campos;SP;0,9207;São José dos Campos;-23,21198545;-45,90113649;12242014;JARDIM SERIMBURA;nao_aplicavel;2700,0;Média (R$ 1.800-2.999);Não pesquisado ainda;nao_pesquisado;False
35109198;SAGRADA FAMILIA INSTITUTO DE ENSINO;3548807;5,0;10;Desafiante (2º-5º local);False;640,0475;16,0;3,0;108,0;0,675;Polígono;587,6072727272727;11,0;618,6829629629631;52,44022727272727;São Caetano do Sul;SP;0,8753;São Caetano do Sul;-23,6149774;-46,5714343;9510200;CENTRO;nao_aplicavel;3600,0;Média-Alta (R$ 3.000-4.999);Não pesquisado ainda;nao_pesquisado;False
35103861;MACKENZIE COLEGIO PRESBITERIANO;3550308;87,0;516;Outras posições;False;635,549366786141;279,0;3,0;981,0;0,674;Polígono;618,4715028248587;295,0;626,7724157955865;17,077863961282333;São Paulo;SP;0,8116;Consolação;-23,5465553;-46,6528109;1239001;HIGIENOPOLIS;distrito;7500,0;Alta (≥ R$ 5.000);Não pesquisado ainda;nao_pesquisado;False
33421226;COLEGIO E CURSO PENSI;3304557;104,0;344;Outras posições;False;639,9460606060605;77,0;3,0;245,0;0,674;Polígono;631,7958064516129;62,0;636,310695443645;8,15025415444768;Rio de Janeiro;RJ;0,8408;Rio de Janeiro;-22,98387;-43,21383;22041020;COPACABANA;bairro;6000,0;Alta (≥ R$ 5.000);Não pesquisado ainda;nao_pesquisado;False
52103161;COLEGIO INTEGRADO UNIDADE AREIAO;5208707;27,0;68;Outras posições;False;618,6409523809524;42,0;5,0;173,0;0,674;Polígono;643,3368;25,0;627,8558208955225;-24,69584761904764;Goiânia;GO;0,9482;Goiânia;-16,702915;-49,25659;74180180;SETOR MARISTA;nao_aplicavel;2500,0;Média (R$ 1.800-2.999);Não pesquisado ainda;nao_pesquisado;False
26094681;COLEGIO NOSSA SENHORA DA GRACA;2616407;2,0;7;Desafiante (2º-5º local);False;610,0380327868852;61,0;5,0;208,0;0,674;Polígono;591,0600000000001;62,0;600,4718699186992;18,978032786885137;Vitória de Santo Antão;PE;0,2616;Vitória de Santo Antão;-8,1157055;-35,2941203;55602020;MATRIZ;nao_aplicavel;1400,0;Baixa (< R$ 1.800);Não pesquisado ainda;nao_pesquisado;False
21195534;ESCOLA CRESCIMENTO;2111300;12,0;47;Outras posições;False;639,6149090909091;55,0;1,0;244,0;0,674;Polígono;659,056936936937;74,0;650,7677002583979;-19,442027846027827;São Luís;MA;0,7058;São Luís;-2,4975384;-44,2863628;65075675;RENASCENCA;nao_aplicavel;1300,0;Baixa (< R$ 1.800);Não pesquisado ainda;nao_pesquisado;False
35109228;SINGULAR UNIDADE SAO CAETANO COLEGIO;3548807;6,0;10;Outras posições;False;635,2674074074074;63,0;3,0;201,0;0,673;Polígono;638,7084615384615;52,0;636,8233623188405;-3,441054131054102;São Caetano do Sul;SP;0,8753;São Caetano do Sul;-23,6158146;-46,5684556;9521360;SANTA PAULA;nao_aplicavel;6000,0;Alta (≥ R$ 5.000);Não pesquisado ainda;nao_pesquisado;False
43092870;UNIDADE ENSINO FUNDACAO EVANGELICA;4313409;1,0;6;Líder local;False;614,4738738738739;37,0;5,0;179,0;0,673;Polígono;646,9269230769231;26,0;627,8671957671959;-32,453049203049204;Novo Hamburgo;RS;0,4745;Novo Hamburgo;-29,66905;-51,11238;93525360;VILA NOVA;nao_aplicavel;3000,0;Média-Alta (R$ 3.000-4.999);Não pesquisado ainda;nao_pesquisado;False
35583674;COLEGIO ANGLO CIDADE DE SALTO;3545209;2,0;5;Desafiante (2º-5º local);False;639,6604444444445;45,0;3,0;149,0;0,673;Polígono;625,986875;32,0;633,9779220779221;13,67356944444441;Salto;SP;0,5574;Salto;-23,181541;-47,3184424;13327100;JARDIM D ICARAI;nao_aplicavel;2500,0;Média (R$ 1.800-2.999);Não pesquisado ainda;nao_pesquisado;False
41377001;ALFA REDE DE ENSINO;4104808;4,0;15;Desafiante (2º-5º local);False;640,9439365079364;105,0;2,0;379,0;0,673;Polígono;640,8169871794871;104,0;640,8807655502392;0,1269493284493137;Cascavel;PR;0,7121;Cascavel;-24,95627645;-53,46172885;85812500;REGIÃO DO LAGO;nao_aplicavel;3500,0;Média-Alta (R$ 3.000-4.999);Não pesquisado ainda;nao_pesquisado;False
41128699;COL CURITIBANO ADVENTISTA BOM RETIRO - EIEFM;4106902;20,0;69;Outras posições;False;618,2296666666666;60,0;5,0;257,0;0,672;Polígono;620,4564444444444;60,0;619,3430555555555;-2,226777777777784;Curitiba;PR;0,8491;Curitiba;-25,41559209;-49,27465327;80520000;SÃO FRANCISCO;nao_aplicavel;5000,0;Alta (≥ R$ 5.000);Não pesquisado ainda;nao_pesquisado;False
15147002;CENTRO DE APRENDIZAGEM CRESCER;1502400;1,0;11;Líder local;False;614,2117283950618;54,0;5,0;230,0;0,672;Polígono;619,5125;32,0;616,1841085271318;-5,300771604938291;Castanhal;PA;0,4048;Castanhal;-1,28935053;-47,93233176;68742425;NOVA OLINDA;nao_aplicavel;1212,0;Baixa (< R$ 1.800);Não pesquisado ainda;nao_pesquisado;False
52094502;COLEGIO VERATZ - INSTITUTO DE EDUCACAO ABV LTDA;5205109;2,0;8;Desafiante (2º-5º local);False;640,5665384615385;26,0;2,0;124,0;0,671;Polígono;691,4137142857143;35,0;669,7411475409835;-50,84717582417579;Catalão;GO;0,5699;Catalão;-18,16413559;-47,95068875;75702280;MÃE DE DEUS;nao_aplicavel;2400,0;Média (R$ 1.800-2.999);Não pesquisado ainda;nao_pesquisado;False
33193118;COLEGIO E CURSO PENSI;3304557;106,0;344;Outras posições;False;621,8733333333333;42,0;4,0;117,0;0,671;Polígono;632,9264285714286;28,0;626,2945714285713;-11,05309523809524;Rio de Janeiro;RJ;0,8408;Rio de Janeiro;;;22230060;FLAMENGO;bairro;8000,0;Alta (≥ R$ 5.000);Não pesquisado ainda;nao_pesquisado;False
21092680;COLEGIO SANTA LUZIA;2105302;4,0;11;Desafiante (2º-5º local);False;618,1155555555555;63,0;5,0;212,0;0,671;Polígono;624,81125;64,0;621,4897637795275;-6,695694444444484;Imperatriz;MA;0,4802;Imperatriz;-5,503854509;-47,49019193;65919180;SANTA RITA;nao_aplicavel;1215,0;Baixa (< R$ 1.800);Não pesquisado ainda;nao_pesquisado;False
35463085;DIALOGO ESCOLA DE ENSINO MEDIO;3503208;3,0;13;Desafiante (2º-5º local);False;644,0164285714285;28,0;1,0;121,0;0,67;Polígono;676,3285714285714;28,0;660,1725;-32,31214285714293;Araraquara;SP;0,7714;Araraquara;-21,7901828;-48,1745947;14801290;CENTRO;nao_aplicavel;2500,0;Média (R$ 1.800-2.999);Não pesquisado ainda;nao_pesquisado;False
43112803;COLEGIO MARISTA SAO FRANCISCO - ED INF ENS FUND E MEDIO;4315602;2,0;7;Desafiante (2º-5º local);False;621,6237931034483;58,0;4,0;190,0;0,67;Polígono;629,58765625;64,0;625,8015573770492;-7,963863146551716;Rio Grande;RS;0,4191;Rio Grande;-32,03586;-52,10157;96200300;CENTRO;nao_aplicavel;2000,0;Média (R$ 1.800-2.999);Não pesquisado ainda;nao_pesquisado;False
28017773;COL AMERICANO BATISTA;2800308;12,0;43;Outras posições;False;634,6721739130435;46,0;3,0;162,0;0,67;Polígono;627,024375;32,0;631,5346153846153;7,647798913043516;Aracaju;SE;0,864;Aracaju;-10,92949415;-37,06547128;49045030;LUZIA;nao_aplicavel;5000,0;Alta (≥ R$ 5.000);Não pesquisado ainda;nao_pesquisado;False
29034981;COLEGIO SETE DE SETEMBRO;2924009;2,0;3;Desafiante (2º-5º local);False;614,0368181818181;66,0;5,0;259,0;0,67;Polígono;594,3313675213675;78,0;603,3630324074074;19,70545066045065;Paulo Afonso;BA;0,1845;Paulo Afonso;-9,40857;-38,2228;48603004;PERPÉTUO SOCORRO;nao_aplicavel;1212,0;Baixa (< R$ 1.800);Não pesquisado ainda;nao_pesquisado;False
35117389;RUI BARBOSA ENSINO MEDIO COLEGIO;3504008;1,0;6;Líder local;False;634,6657142857142;35,0;3,0;146,0;0,67;Polígono;615,096875;32,0;625,3194029850746;19,56883928571426;Assis;SP;0,5705;Assis;-22,65762;-50,38438;19816000;JARDIM PAULISTA;nao_aplicavel;2224,0;Média (R$ 1.800-2.999);Não pesquisado ainda;nao_pesquisado;False
35007828;COC VILA YARA UNIDADE II;3534401;3,0;31;Desafiante (2º-5º local);False;639,1777358490566;53,0;2,0;183,0;0,67;Polígono;649,0956962025316;79,0;645,1134848484849;-9,917960353474996;Osasco;SP;0,6495;Osasco;;;6028100;VILA YARA;nao_aplicavel;4000,0;Média-Alta (R$ 3.000-4.999);Não pesquisado ainda;nao_pesquisado;False
22023810;ESCOLA DE EDUCACAO BASICA E PROFISSIONAL EMBAIXADOR ESPEDITO DE FREITAS RESENDE;2211001;22,0;52;Outras posições;False;620,6156962025317;79,0;4,0;256,0;0,67;Polígono;594,7527272727273;77,0;607,85;25,862968929804424;Teresina;PI;0,7817;Teresina;-5,1051905;-42,7658449;64077015;ITARARÉ;nao_aplicavel;1212,0;Baixa (< R$ 1.800);Não pesquisado ainda;nao_pesquisado;False
42084695;COLEGIO LEME LTDA;4204608;4,0;11;Desafiante (2º-5º local);False;630,4856375838926;149,0;4,0;429,0;0,669;Polígono;634,7677619047619;140,0;632,5600230680508;-4,2821243208692295;Criciúma;SC;0,6209;Criciúma;-28,67826333;-49,37453333;88801010;CENTRO;nao_aplicavel;5000,0;Alta (≥ R$ 5.000);Não pesquisado ainda;nao_pesquisado;False
28020065;COLEGIO SAO PAULO;2800308;13,0;43;Outras posições;False;625,8866666666667;44,0;4,0;145,0;0,669;Polígono;632,9831666666666;40,0;629,2659523809523;-7,096499999999992;Aracaju;SE;0,864;Aracaju;;;49025000;GRAGERU;nao_aplicavel;6000,0;Alta (≥ R$ 5.000);Não pesquisado ainda;nao_pesquisado;False
43167772;COLEGIO MARISTA NOSSA SENHORA DAS GRACAS;4323002;1,0;6;Líder local;False;613,9002424242425;55,0;5,0;192,0;0,669;Polígono;603,9788148148148;45,0;609,4356;9,921427609427724;Viamão;RS;0,2701;Viamão;-30,07841833;-51,05063833;94440000;QUERÊNCIA;nao_aplicavel;1965,0;Média (R$ 1.800-2.999);Não pesquisado ainda;nao_pesquisado;False
33015546;COLEGIO CASTELO-INSTITUTO NOSSA SENHORA DA GLORIA;3302403;4,0;11;Desafiante (2º-5º local);False;617,4352941176471;51,0;5,0;198,0;0,668;Polígono;612,8507482993198;49,0;615,1888666666667;4,584545818327342;Macaé;RJ;0,7161;Macaé;-22,37988;-41,7866;27943200;MIRAMAR;nao_aplicavel;2001,0;Média (R$ 1.800-2.999);Não pesquisado ainda;nao_pesquisado;False
42160715;COLEGIO ADVENTISTA PALHOCA;4211900;3,0;9;Desafiante (2º-5º local);False;620,8916923076923;65,0;5,0;278,0;0,668;Polígono;628,8911538461539;52,0;624,4470085470085;-7,99946153846156;Palhoça;SC;0,5957;Palhoça;-27,63911557;-48,67510848;88132199;PASSA VINTE;nao_aplicavel;2500,0;Média (R$ 1.800-2.999);Não pesquisado ainda;nao_pesquisado;False
29478430;COLEGIO NILSON DE SOUZA PEREIRA;2927408;25,0;90;Outras posições;False;620,3216666666667;36,0;4,0;135,0;0,668;Polígono;641,5076923076923;26,0;629,206129032258;-21,186025641025594;Salvador;BA;0,7909;Salvador;-12,91612306;-38,44395553;41235000;PAU DA LIMA;nao_aplicavel;1212,0;Baixa (< R$ 1.800);Não pesquisado ainda;nao_pesquisado;False
33113114;SANTA MONICA REDE DE ENSINO - CAMPO GRANDE;3304557;108,0;344;Outras posições;False;621,0964912280701;19,0;4,0;166,0;0,668;Polígono;620,99875;16,0;621,0518095238094;0,0977412280701628;Rio de Janeiro;RJ;0,8408;Rio de Janeiro;-22,91918;-43,55161;23040150;CAMPO GRANDE;bairro;2000,0;Média (R$ 1.800-2.999);Não pesquisado ainda;nao_pesquisado;False
31373990;COL CHROMOS BURITIS;3106200;68,0;110;Outras posições;False;634,1472222222222;36,0;3,0;200,0;0,668;Polígono;615,557380952381;28,0;626,0141666666666;18,58984126984126;Belo Horizonte;MG;0,9738;Belo Horizonte;;;30575831;BURITIS;nao_aplicavel;8000,0;Alta (≥ R$ 5.000);Não pesquisado ainda;nao_pesquisado;False
35143200;OBJETIVO CENTRO INTERESCOLAR UNIDADE CANTAREIRA;3550308;88,0;516;Outras posições;False;617,1741904761906;70,0;5,0;310,0;0,667;Polígono;642,7707788161994;107,0;632,647834274953;-25,596588340008797;São Paulo;SP;0,8116;Tucuruvi;-23,47342;-46,61866;2333000;AGUA FRIA;distrito;4000,0;Média-Alta (R$ 3.000-4.999);Não pesquisado ainda;nao_pesquisado;False
21092842;ESCOLA ARTE DE EDUCAR E CEB;2105302;5,0;11;Desafiante (2º-5º local);False;621,0531818181818;44,0;4,0;129,0;0,667;Polígono;592,6899999999999;34,0;608,6897435897436;28,36318181818183;Imperatriz;MA;0,4802;Imperatriz;-5,525465612;-47,46795919;65913410;JARDIM MORADA DO SOL;nao_aplicavel;1215,0;Baixa (< R$ 1.800);Não pesquisado ainda;nao_pesquisado;False
32076169;UP CENTRO EDUCACIONAL;3205200;7,0;23;Outras posições;False;620,8458609794629;211,0;5,0;681,0;0,667;Polígono;628,3184971098266;173,0;624,2124392361111;-7,472636130363639;Vila Velha;ES;0,7846;Vila Velha;-20,34782545;-40,29419336;29107230;DIVINO ESPIRITO SANTO;nao_aplicavel;2000,0;Média (R$ 1.800-2.999);Não pesquisado ainda;nao_pesquisado;False
33009694;COLEGIO EUCARISTICO;3301009;6,0;16;Outras posições;False;617,1583333333334;28,0;5,0;145,0;0,667;Polígono;629,5052631578948;38,0;624,2671717171717;-12,346929824561355;Campos dos Goytacazes;RJ;0,6581;Campos dos Goytacazes;-21,75852;-41,32754;28035042;CENTRO;nao_aplicavel;3600,0;Média-Alta (R$ 3.000-4.999);Não pesquisado ainda;nao_pesquisado;False
41024613;REGINA MUNDI COLEGIO EDUCACAO INFANTIL ENSINO FUNDAMENTAL E MEDIO;4115200;3,0;21;Desafiante (2º-5º local);False;612,3165765765766;37,0;5,0;176,0;0,667;Polígono;622,101935483871;31,0;616,7775490196079;-9,78535890729438;Maringá;PR;0,7882;Maringá;-23,4307032;-51,93212103;87010360;ZONA 02;nao_aplicavel;3000,0;Média-Alta (R$ 3.000-4.999);Não pesquisado ainda;nao_pesquisado;False
43219438;FLEMING EDUCACAO SANTA MARIA;4316907;7,0;12;Outras posições;False;648,3271875;64,0;1,0;165,0;0,667;Polígono;644,8493333333333;35,0;647,0976430976432;3,4778541666667024;Santa Maria;RS;0,809;Santa Maria;;;97060210;NONOAI;nao_aplicavel;3000,0;Média-Alta (R$ 3.000-4.999);Não pesquisado ainda;nao_pesquisado;False
53007190;COL LA SALLE;5300108;40,0;117;Outras posições;False;616,924347826087;46,0;5,0;174,0;0,666;Polígono;608,4968253968254;63,0;612,0533944954129;8,427522429261558;Brasília;DF;0,9278;Brasília;-15,8688657;-47,9672642;71710575;NÚCLEO BANDEIRANTE;nao_aplicavel;3000,0;Média-Alta (R$ 3.000-4.999);Não pesquisado ainda;nao_pesquisado;False
51039036;COLEGIO CORACAO DE JESUS;5103403;9,0;27;Outras posições;False;620,8855319148936;47,0;4,0;192,0;0,666;Polígono;622,1509803921568;51,0;621,5440816326529;-1,2654484772632486;Cuiabá;MT;0,8046;Cuiabá;-15,6006407;-56,103227;78020400;CENTRO-SUL;nao_aplicavel;4000,0;Média-Alta (R$ 3.000-4.999);Não pesquisado ainda;nao_pesquisado;False
25125672;COLEGIO ALICE COUTINHO LTDA;2504009;8,0;20;Outras posições;False;616,8614814814814;54,0;5,0;182,0;0,666;Polígono;631,3389743589744;39,0;622,932688172043;-14,477492877492978;Campina Grande;PB;0,7075;Campina Grande;-7,24906133;-35,92192107;58423210;TRES IRMAS;nao_aplicavel;1212,0;Baixa (< R$ 1.800);Não pesquisado ainda;nao_pesquisado;False
35288378;FERREIRA MASTER COLEGIO;3552502;2,0;11;Desafiante (2º-5º local);False;643,1102564102564;39,0;1,0;158,0;0,666;Polígono;624,670909090909;44,0;633,3351807228914;18,43934731934735;Suzano;SP;0,4547;Suzano;-23,542199;-46,320747;8671015;JARDIM DOS IPES;nao_aplicavel;2200,0;Média (R$ 1.800-2.999);Não pesquisado ainda;nao_pesquisado;False
41144490;INTERACAO CEI EF M;4115200;4,0;21;Desafiante (2º-5º local);False;619,9766666666667;36,0;4,0;198,0;0,665;Polígono;598,3110256410256;26,0;610,8910752688172;21,665641025641094;Maringá;PR;0,7882;Maringá;-23,41736477;-51,92349326;87030370;VILA MORANGUEIRA;nao_aplicavel;3000,0;Média-Alta (R$ 3.000-4.999);Não pesquisado ainda;nao_pesquisado;False
25097326;COLEGIO OLIMPO JOAO PESSOA;2507507;18,0;55;Outras posições;False;616,6605442176871;49,0;5,0;149,0;0,665;Polígono;652,3233333333334;30,0;630,2033755274261;-35,66278911564632;João Pessoa;PB;0,8675;João Pessoa;-7,111204;-34,82774;58039180;MANAÍRA;nao_aplicavel;6000,0;Alta (≥ R$ 5.000);Não pesquisado ainda;nao_pesquisado;False
35006291;COLEGIO DARWIN CENTRAL SCHOOL;3548708;9,0;33;Outras posições;False;629,131;60,0;4,0;212,0;0,664;Polígono;609,8950980392157;68,0;618,9119270833334;19,235901960784304;São Bernardo do Campo;SP;0,8204;São Bernardo do Campo;-23,69003348;-46,55256482;9750000;CENTRO;nao_aplicavel;5001,0;Alta (≥ R$ 5.000);Não pesquisado ainda;nao_pesquisado;False
35101904;SANTO ANTONIO DE LISBOA COLEGIO;3550308;89,0;516;Outras posições;False;612,7337142857143;35,0;5,0;122,0;0,664;Polígono;609,8404301075269;31,0;611,3747474747476;2,8932841781874004;São Paulo;SP;0,8116;Tatuapé;-23,5489632;-46,5570427;3313001;TATUAPE;distrito;6000,0;Alta (≥ R$ 5.000);Não pesquisado ainda;nao_pesquisado;False
42068690;COLEGIO SALESIANO ITAJAI;4208203;3,0;10;Desafiante (2º-5º local);False;616,3339743589744;52,0;5,0;241,0;0,663;Polígono;617,5344262295082;61,0;616,9820058997051;-1,2004518705338114;Itajaí;SC;0,7459;Itajaí;-26,90749;-48,65782;88301040;CENTRO;nao_aplicavel;5000,0;Alta (≥ R$ 5.000);Não pesquisado ainda;nao_pesquisado;False
35101175;SANTA CATARINA COLEGIO;3550308;90,0;516;Outras posições;False;633,1702941176471;68,0;3,0;277,0;0,663;Polígono;630,4178666666667;75,0;631,7267132867132;2,7524274509804627;São Paulo;SP;0,8116;Mooca;-23,5589595;-46,5892666;3165002;MOOCA;distrito;5000,0;Alta (≥ R$ 5.000);Não pesquisado ainda;nao_pesquisado;False
43038387;COLEGIO ESPIRITO SANTO;4304606;5,0;10;Desafiante (2º-5º local);False;612,4876595744681;47,0;5,0;200,0;0,663;Polígono;620,3209356725147;57,0;616,7808974358975;-7,833276098046554;Canoas;RS;0,7184;Canoas;;;92120002;NITEROI;nao_aplicavel;2000,0;Média (R$ 1.800-2.999);Não pesquisado ainda;nao_pesquisado;False
43105130;COLEGIO MARISTA SAO PEDRO;4314902;33,0;61;Outras posições;False;612,4021276595745;47,0;5,0;169,0;0,663;Polígono;607,3860416666666;32,0;610,3702953586497;5,016085992907847;Porto Alegre;RS;0,9276;Porto Alegre;-30,01687;-51,20626;90220040;FLORESTA;nao_aplicavel;3500,0;Média-Alta (R$ 3.000-4.999);Não pesquisado ainda;nao_pesquisado;False
32081502;EEFM AZEREDO BOTELHO;3201209;2,0;6;Desafiante (2º-5º local);False;616,1480341880342;39,0;5,0;145,0;0,663;Polígono;615,6304761904762;35,0;615,9032432432432;0,5175579975580149;Cachoeiro de Itapemirim;ES;0,4683;Cachoeiro de Itapemirim;-20,85542837;-41,1262912;29302874;BASILÉIA;nao_aplicavel;2000,0;Média (R$ 1.800-2.999);Não pesquisado ainda;nao_pesquisado;False
25206800;ANA VIRGINIA SARAIVA DO NASCIMENTO;2504009;9,0;20;Outras posições;False;624,548064516129;62,0;4,0;208,0;0,662;Polígono;649,7540350877193;57,0;636,621512605042;-25,205970571590345;Campina Grande;PB;0,7075;Campina Grande;-7,24472976;-35,90710306;58417140;SANTA CRUZ;nao_aplicavel;1212,0;Baixa (< R$ 1.800);Não pesquisado ainda;nao_pesquisado;False
29182581;LICEU SALESIANO DO SALVADOR;2927408;26,0;90;Outras posições;False;616,1215040650407;164,0;5,0;464,0;0,662;Polígono;627,4833928571428;112,0;620,7321256038647;-11,36188879210215;Salvador;BA;0,7909;Salvador;-12,9731119;-38,5018375;40050405;NAZARÉ;nao_aplicavel;2500,0;Média (R$ 1.800-2.999);Não pesquisado ainda;nao_pesquisado;False
26193450;COLEGIO SANTA EMILIA;2607901;4,0;22;Desafiante (2º-5º local);False;606,539024390244;41,0;5,0;164,0;0,662;Polígono;635,0466666666667;30,0;618,5845070422536;-28,50764227642276;Jaboatão dos Guararapes;PE;0,4671;Jaboatão dos Guararapes;;;54410240;PIEDADE;nao_aplicavel;2000,0;Média (R$ 1.800-2.999);Não pesquisado ainda;nao_pesquisado;False
31371750;COLEGIO HG6;3143302;8,0;13;Outras posições;False;637,1359829059829;78,0;3,0;260,0;0,662;Polígono;647,7493470790378;97,0;643,0188190476191;-10,613364173054832;Montes Claros;MG;0,7005;Montes Claros;-16,71843543;-43,87496004;39400128;TODOS OS SANTOS;nao_aplicavel;1500,0;Baixa (< R$ 1.800);Não pesquisado ainda;nao_pesquisado;False
35108972;RIO BRANCO EXTERNATO;3548708;10,0;33;Outras posições;False;638,7847368421053;38,0;2,0;148,0;0,662;Polígono;635,6482170542636;43,0;637,119670781893;3,136519787841735;São Bernardo do Campo;SP;0,8204;São Bernardo do Campo;-23,65815785;-46,57229931;9624020;RUDGE RAMOS;nao_aplicavel;4000,0;Média-Alta (R$ 3.000-4.999);Não pesquisado ainda;nao_pesquisado;False
50024701;COLEGIO HERMESINDO ALONSO GONZALEZ;5008305;2,0;6;Desafiante (2º-5º local);False;624,4966666666667;21,0;4,0;120,0;0,662;Polígono;644,6862068965518;29,0;636,2066;-20,189540229885097;Três Lagoas;MS;0,4729;Três Lagoas;-20,79106611;-51,71783254;79630110;JARDIM DAS OLIVEIRAS;nao_aplicavel;2000,0;Média (R$ 1.800-2.999);Não pesquisado ainda;nao_pesquisado;False
35441259;SERTAOZINHO SABER INSTITUTO EDUCACIONAL;3551702;1,0;6;Líder local;False;638,6800000000001;31,0;2,0;131,0;0,662;Polígono;615,6752631578947;38,0;626,0107246376813;23,00473684210533;Sertãozinho;SP;0,3984;Sertãozinho;-21,1466749;-47,9918995;14170690;JARDIM SAO JOSE;nao_aplicavel;2500,0;Média (R$ 1.800-2.999);Não pesquisado ainda;nao_pesquisado;False
41141008;COLEGIO BOM JESUS NOSSA SENHORA DO ROSARIO ED INF ENS FUND E MEDIO;4118204;1,0;9;Líder local;False;627,9191666666667;24,0;3,0;126,0;0,662;Polígono;610,0944;25,0;618,8248979591837;17,824766666666733;Paranaguá;PR;0,3858;Alexandra;-25,52080067;-48,50948852;83203115;CENTRO;nao_aplicavel;1700,0;Baixa (< R$ 1.800);Não pesquisado ainda;nao_pesquisado;False
29149894;COLEGIO SANTISSIMO SACRAMENTO;2900702;3,0;7;Desafiante (2º-5º local);False;615,7673239436621;71,0;5,0;215,0;0,661;Polígono;623,9435185185185;36,0;618,5181931464175;-8,176194574856481;Alagoinhas;BA;0,4024;Alagoinhas;-12,13878;-38,42052;48005020;CENTRO;nao_aplicavel;1212,0;Baixa (< R$ 1.800);Não pesquisado ainda;nao_pesquisado;False
41131630;COLEGIO NOSSA SENHORA DE SION - EDUCACAO INFANTIL ENSINO FUNDAMENTAL E MEDIO;4106902;22,0;69;Outras posições;False;612,2382352941177;34,0;5,0;116,0;0,661;Polígono;634,1017142857144;35,0;623,3284057971015;-21,863478991596708;Curitiba;PR;0,8491;Curitiba;-25,436895;-49,28409167;80420180;BATEL;nao_aplicavel;10000,0;Alta (≥ R$ 5.000);Não pesquisado ainda;nao_pesquisado;False
32039395;ESCOLA DE EDUCACACAO BASICA E PROFISSIONAL DOUTOR RONALDO YOUNG CARNEIRO DA ROCHA;3205200;8,0;23;Outras posições;False;619,1091397849463;62,0;4,0;220,0;0,661;Polígono;606,5189285714285;56,0;613,1341242937852;12,590211213517703;Vila Velha;ES;0,7846;Vila Velha;-20,39070406;-40,32241649;29103091;ARAÇÁS;nao_aplicavel;2625,0;Média (R$ 1.800-2.999);Não pesquisado ainda;nao_pesquisado;False
31365920;COLEGIO BIOMAXIMO - UNIDADE II;3143302;9,0;13;Outras posições;False;636,5778095238095;140,0;3,0;473,0;0,66;Polígono;633,4594343434344;165,0;634,8908196721312;3,1183751803750965;Montes Claros;MG;0,7005;Montes Claros;;;39400076;CENTRO;nao_aplicavel;1500,0;Baixa (< R$ 1.800);Não pesquisado ainda;nao_pesquisado;False
35153989;ANGLO MORUMBI COLEGIO;3550308;92,0;516;Outras posições;False;628,4259574468085;94,0;4,0;312,0;0,66;Polígono;598,1702150537634;62,0;616,4012393162393;30,255742393045125;São Paulo;SP;0,8116;Vila Sônia;-23,61426;-46,74836;5750130;SUPER QUADRA MORUMBI;distrito;4000,0;Média-Alta (R$ 3.000-4.999);Não pesquisado ainda;nao_pesquisado;False
35111089;INSTITUTO SAO JOSE;3549904;9,0;27;Outras posições;False;615,4237333333333;75,0;5,0;291,0;0,659;Polígono;640,6767901234568;81,0;628,5358974358975;-25,253056790123537;São José dos Campos;SP;0,9207;São José dos Campos;-23,20018077;-45,90291755;12242780;JARDIM ESPLANADA II;nao_aplicavel;2700,0;Média (R$ 1.800-2.999);Não pesquisado ainda;nao_pesquisado;False
13026585;COL DOM BOSCO;1302603;11,0;49;Outras posições;False;612,028;30,0;5,0;126,0;0,659;Polígono;628,1438095238095;21,0;618,6639215686274;-16,115809523809503;Manaus;AM;0,5729;Manaus;-3,1320578;-60,0271763;69010090;CENTRO;nao_aplicavel;1900,0;Média (R$ 1.800-2.999);Não pesquisado ainda;nao_pesquisado;False
32021828;COLEGIO CRISTO REI;3203205;2,0;4;Desafiante (2º-5º local);False;619,6028070175439;57,0;5,0;269,0;0,659;Polígono;632,5530188679245;53,0;625,8424545454545;-12,950211850380583;Linhares;ES;0,3354;Linhares;-19,3975185;-40,0612829;29901396;ARAÇÁ;nao_aplicavel;2000,0;Média (R$ 1.800-2.999);Não pesquisado ainda;nao_pesquisado;False
33029482;COLEGIO NOSSA SENHORA DO AMPARO;3300407;2,0;4;Desafiante (2º-5º local);False;615,305172413793;58,0;5,0;206,0;0,659;Polígono;631,8367346938776;49,0;622,8757009345794;-16,531562280084586;Barra Mansa;RJ;0,2796;Barra Mansa;-22,54201;-44,1774;27345310;CENTRO;nao_aplicavel;3000,0;Média-Alta (R$ 3.000-4.999);Não pesquisado ainda;nao_pesquisado;False
52094367;COLEGIO 2006 LTDA;5205109;3,0;8;Desafiante (2º-5º local);False;623,9741176470588;51,0;4,0;242,0;0,659;Polígono;636,8915789473684;57,0;630,7916666666666;-12,917461300309585;Catalão;GO;0,5699;Catalão;-18,16661743;-47,94174746;75701480;SETOR CENTRAL;nao_aplicavel;2400,0;Média (R$ 1.800-2.999);Não pesquisado ainda;nao_pesquisado;False
35290981;CRISTAO DE JUNDIAI COLEGIO;3525904;10,0;31;Outras posições;False;636,2394871794871;39,0;1,0;139,0;0,659;Polígono;658,2567375886524;47,0;648,2721705426356;-22,017250409165285;Jundiaí;SP;0,825;Jundiaí;-23,1852514;-46,8899049;13201804;VILA BOAVENTURA;nao_aplicavel;3000,0;Média-Alta (R$ 3.000-4.999);Não pesquisado ainda;nao_pesquisado;False
35432994;DOMUS SAPIENS COLEGIO UNIDADE II;3525904;11,0;31;Outras posições;False;615,2446666666667;30,0;5,0;106,0;0,659;Polígono;616,3107692307692;13,0;615,566976744186;-1,0661025641024937;Jundiaí;SP;0,825;Jundiaí;-23,1887793;-46,9016545;13208761;JARDIM ANA MARIA;nao_aplicavel;3000,0;Média-Alta (R$ 3.000-4.999);Não pesquisado ainda;nao_pesquisado;False
41371755;COL CATOLICA DE CURITIBA ED INF ENS FUND MEDIO;4106902;23,0;69;Outras posições;False;615,2272222222223;36,0;5,0;107,0;0,658;Polígono;606,9871111111112;15,0;612,803660130719;8,240111111111105;Curitiba;PR;0,8491;Curitiba;-25,40627921;-49,27629204;80520000;SÃO FRANCISCO;nao_aplicavel;5000,0;Alta (≥ R$ 5.000);Não pesquisado ainda;nao_pesquisado;False
35107487;HUMBOLDT COLEGIO;3550308;94,0;516;Outras posições;False;631,8192857142857;28,0;3,0;177,0;0,658;Polígono;637,7133333333333;27,0;634,7127272727272;-5,894047619047569;São Paulo;SP;0,8116;Socorro;-23,68748539;-46,70989559;4784010;JARDIM IPANEMA (ZONA SUL);distrito;3000,0;Média-Alta (R$ 3.000-4.999);Não pesquisado ainda;nao_pesquisado;False
24056278;PH3 CENTRO EDUCACIONAL;2403251;5,0;13;Desafiante (2º-5º local);False;619,3206896551724;29,0;5,0;131,0;0,658;Polígono;582,5577777777778;33,0;599,7533333333333;36,76291187739457;Parnamirim;RN;0,7723;Parnamirim;-5,918612368;-35,27032326;59141175;SANTOS REIS;nao_aplicavel;1212,0;Baixa (< R$ 1.800);Não pesquisado ainda;nao_pesquisado;False
31005134;COLEGIO SAO PAULO;3106200;73,0;110;Outras posições;False;610,6386666666666;15,0;5,0;100,0;0,658;Polígono;624,9987096774194;31,0;620,3160869565218;-14,360043010752747;Belo Horizonte;MG;0,9738;Belo Horizonte;-19,93919;-43,95141;30380060;CIDADE JARDIM;nao_aplicavel;7000,0;Alta (≥ R$ 5.000);Não pesquisado ainda;nao_pesquisado;False
22144188;COLEGIO EQUACAO CERTA;2211001;23,0;52;Outras posições;False;632,1450000000001;28,0;2,0;112,0;0,658;Polígono;643,034927536232;69,0;639,8914432989691;-10,88992753623188;Teresina;PI;0,7817;Teresina;;;64001120;CENTRO;nao_aplicavel;3000,0;Média-Alta (R$ 3.000-4.999);Não pesquisado ainda;nao_pesquisado;False
50007912;COLEGIO PROF LOURIVAL MARTINS FAGUNDES;5002704;12,0;31;Outras posições;False;623,458125;32,0;4,0;161,0;0,657;Polígono;622,463;40,0;622,9052777777777;0,99512500000003;Campo Grande;MS;0,789;Campo Grande;-20,41489;-54,56637;79034260;PARQUE DOS NOVOS ESTADOS;nao_aplicavel;2000,0;Média (R$ 1.800-2.999);Não pesquisado ainda;nao_pesquisado;False
23274719;COLEGIO CIVICO MILITAR BATALHA DO RIACHUELO;2304400;35,0;117;Outras posições;False;618,3325;16,0;4,0;100,0;0,657;Polígono;601,2736111111111;24,0;608,0971666666667;17,058888888888873;Fortaleza;CE;0,8208;Fortaleza;;;60191330;MANUEL DIAS BRANCO;nao_aplicavel;1366,0;Baixa (< R$ 1.800);Não pesquisado ainda;nao_pesquisado;False
35112094;DOM BOSCO COLEGIO SALESIANO;3501608;5,0;10;Desafiante (2º-5º local);False;614,8651351351352;74,0;5,0;257,0;0,656;Polígono;607,2753921568628;68,0;611,2306103286386;7,589742978272397;Americana;SP;0,7145;Americana;-22,751598;-47,3335305;13466327;VILA SANTA CATARINA;nao_aplicavel;3000,0;Média-Alta (R$ 3.000-4.999);Não pesquisado ainda;nao_pesquisado;False
25133748;ISO COLEGIO E CURSOS - UNIDADE SUL;2507507;19,0;55;Outras posições;False;641,4125900900901;148,0;2,0;477,0;0,656;Polígono;647,6734306569342;137,0;644,4221871345028;-6,260840566844081;João Pessoa;PB;0,8675;João Pessoa;;;58051590;JARDIM CIDADE UNIVERSITARIA;nao_aplicavel;3500,0;Média-Alta (R$ 3.000-4.999);Não pesquisado ainda;nao_pesquisado;False
35118114;BATISTA BRASILEIRO UNIDADE DE BAURU COLEGIO;3506003;5,0;20;Desafiante (2º-5º local);False;623,1546153846155;26,0;4,0;119,0;0,656;Polígono;627,7590476190477;42,0;625,9985294117648;-4,604432234432238;Bauru;SP;0,7441;Bauru;-22,3374057;-49,0714382;17014510;VILA SAMARITANA;nao_aplicavel;2400,0;Média (R$ 1.800-2.999);Não pesquisado ainda;nao_pesquisado;False
23245980;COLEGIO ANTARES ATS;2304400;36,0;117;Outras posições;False;614,2004878048781;41,0;4,0;214,0;0,656;Polígono;630,1271186440678;59,0;623,5972;-15,92663083918967;Fortaleza;CE;0,8208;Fortaleza;-3,7348179;-38,4708917;60181235;VICENTE PINZON;nao_aplicavel;1212,0;Baixa (< R$ 1.800);Não pesquisado ainda;nao_pesquisado;False
52034585;COLEGIO ADVENTISTA SETOR PEDRO LUDOVICO;5208707;28,0;68;Outras posições;False;625,4624242424242;33,0;3,0;159,0;0,656;Polígono;598,1754166666667;32,0;612,0288205128205;27,287007575757457;Goiânia;GO;0,9482;Goiânia;-16,7099181;-49,25036;74820060;SETOR PEDRO LUDOVICO;nao_aplicavel;2500,0;Média (R$ 1.800-2.999);Não pesquisado ainda;nao_pesquisado;False
15037622;CENTRO DE SERVICOS EDUCACIONAIS DO PARA;1501402;16,0;65;Outras posições;False;611,1456910569106;41,0;5,0;114,0;0,655;Polígono;627,4723076923077;13,0;615,0761728395062;-16,32661663539716;Belém;PA;0,6935;Belém;-1,4377396;-48,4780921;66085005;PEDREIRA;nao_aplicavel;2000,0;Média (R$ 1.800-2.999);Não pesquisado ainda;nao_pesquisado;False
33041563;INST PETROPOLITANO ADVENTISTA DE ENSINO;3303906;9,0;19;Outras posições;False;614,6969230769231;39,0;5,0;171,0;0,655;Polígono;582,3933333333333;38,0;598,7548917748917;32,30358974358978;Petrópolis;RJ;0,8097;Petrópolis;;;25725580;ARARAS;nao_aplicavel;1900,0;Média (R$ 1.800-2.999);Não pesquisado ainda;nao_pesquisado;False
35112008;COLEGIO SANTA ESCOLASTICA;3552205;6,0;27;Outras posições;False;635,5942857142857;28,0;3,0;105,0;0,655;Polígono;642,3373333333333;30,0;639,0820689655171;-6,743047619047616;Sorocaba;SP;0,7667;Sorocaba;-23,498008;-47,4531791;18010310;CENTRO;nao_aplicavel;2500,0;Média (R$ 1.800-2.999);Não pesquisado ainda;nao_pesquisado;False
33146675;COLEGIO CENTRAL;3302205;1,0;3;Líder local;False;622,9610810810811;37,0;4,0;177,0;0,655;Polígono;638,6968253968254;42,0;631,3269198312237;-15,735744315744228;Itaperuna;RJ;0,4987;Itaperuna;-21,1984175;-41,90858788;28300000;;nao_aplicavel;1600,0;Baixa (< R$ 1.800);Não pesquisado ainda;nao_pesquisado;False
33203431;COLEGIO E CURSO AZ - RECREIO;3304557;113,0;344;Outras posições;False;635,107088607595;79,0;1,0;191,0;0,654;Polígono;;;635,107088607595;;Rio de Janeiro;RJ;0,8408;Rio de Janeiro;;;22790000;RECREIO DOS BANDEIRANTES;bairro;6000,0;Alta (≥ R$ 5.000);Não pesquisado ainda;nao_pesquisado;False
42127831;CEI E ENSINO FUNDAMENTAL E MEDIO CORACAO FELIZ LTDA EPP;4218707;3,0;6;Desafiante (2º-5º local);False;618,8655172413793;29,0;4,0;117,0;0,654;Polígono;;;618,8655172413793;;Tubarão;SC;0,6318;Tubarão;-28,47738133;-49,01459871;88704330;DEHON;nao_aplicavel;3000,0;Média-Alta (R$ 3.000-4.999);Não pesquisado ainda;nao_pesquisado;False
35111958;SAO JOSE COLEGIO SALESIANO;3552205;7,0;27;Outras posições;False;614,5254285714285;70,0;5,0;254,0;0,654;Polígono;627,0569523809523;70,0;620,7911904761904;-12,531523809523833;Sorocaba;SP;0,7667;Sorocaba;-23,5092278;-47,4693761;18040323;VILA INDEPENDENCIA;nao_aplicavel;2500,0;Média (R$ 1.800-2.999);Não pesquisado ainda;nao_pesquisado;False
33178992;COLEGIO NOS UND PECHINCHA LTDA;3304557;114,0;344;Outras posições;False;635,5750617283951;81,0;2,0;291,0;0,654;Polígono;623,7071698113208;53,0;630,8810447761194;11,867891917074305;Rio de Janeiro;RJ;0,8408;Rio de Janeiro;;;22740366;PECHINCHA;bairro;4500,0;Média-Alta (R$ 3.000-4.999);Não pesquisado ainda;nao_pesquisado;False
33138532;INST EDUC PROF ALAOR;3303906;10,0;19;Outras posições;False;640,9387037037037;36,0;2,0;120,0;0,653;Polígono;651,8172413793104;29,0;645,7922051282051;-10,878537675606708;Petrópolis;RJ;0,8097;Petrópolis;-22,50735;-43,18049;25685060;CENTRO;nao_aplicavel;1900,0;Média (R$ 1.800-2.999);Não pesquisado ainda;nao_pesquisado;False
41150996;INTEGRAL CEM;4115200;5,0;21;Desafiante (2º-5º local);False;636,5617708333333;192,0;2,0;673,0;0,653;Polígono;629,8527503736921;223,0;632,9566827309236;6,709020459641238;Maringá;PR;0,7882;Maringá;-23,42048017;-51,92953309;87013160;CENTRO;nao_aplicavel;3000,0;Média-Alta (R$ 3.000-4.999);Não pesquisado ainda;nao_pesquisado;False
15045455;COLEGIO SAO JOSE;1502400;2,0;11;Desafiante (2º-5º local);False;635,0416666666666;36,0;3,0;157,0;0,653;Polígono;609,845;36,0;622,4433333333333;25,1966666666666;Castanhal;PA;0,4048;Castanhal;-1,2961077;-47,92585657;68743010;CENTRO;nao_aplicavel;1212,0;Baixa (< R$ 1.800);Não pesquisado ainda;nao_pesquisado;False
31128023;ESCOLA PROFISSIONAL DOM BOSCO;3151800;5,0;7;Desafiante (2º-5º local);False;614,1751937984496;43,0;5,0;155,0;0,652;Polígono;619,1828888888889;30,0;616,2331506849316;-5,007695090439256;Poços de Caldas;MG;0,7896;Poços de Caldas;-21,7851635;-46,5466156;37701102;JARDIM DOS ESTADOS;nao_aplicavel;2200,0;Média (R$ 1.800-2.999);Não pesquisado ainda;nao_pesquisado;False
31310191;CENTRO EDUCACIONAL POCOS;3151800;6,0;7;Outras posições;False;621,8670476190476;35,0;4,0;161,0;0,652;Polígono;631,9128888888889;45,0;627,5178333333333;-10,045841269841276;Poços de Caldas;MG;0,7896;Poços de Caldas;-21,7979671;-46,56076536;37701219;CENTRO;nao_aplicavel;2200,0;Média (R$ 1.800-2.999);Não pesquisado ainda;nao_pesquisado;False
52212386;COLEGIO EXPRESSAO;5201405;3,0;17;Desafiante (2º-5º local);False;640,2571186440678;118,0;1,0;457,0;0,651;Polígono;633,5671186440678;118,0;636,9121186440678;6,689999999999941;Aparecida de Goiânia;GO;0,464;Aparecida de Goiânia;-16,74239;-49,2729165;74915120;JARDIM LUZ;nao_aplicavel;1600,0;Baixa (< R$ 1.800);Não pesquisado ainda;nao_pesquisado;False
35006706;COLEGIO OFICINA DO ESTUDANTE UNIDADE BARAO GERALDO;3509502;15,0;47;Outras posições;False;640,5042307692308;52,0;2,0;158,0;0,651;Polígono;638,2283720930233;43,0;639,4741052631579;2,2758586762075765;Campinas;SP;0,82;Barão Geraldo;;;13084008;BARAO GERALDO;nao_aplicavel;4000,0;Média-Alta (R$ 3.000-4.999);Não pesquisado ainda;nao_pesquisado;False
25097784;INSTITUTO EDUCACIONAL PARAIBANO LTDA ME;2507507;20,0;55;Outras posições;False;630,111320754717;53,0;3,0;189,0;0,651;Polígono;636,80625;48,0;633,2930693069306;-6,694929245282992;João Pessoa;PB;0,8675;João Pessoa;;;58013470;CENTRO;nao_aplicavel;2400,0;Média (R$ 1.800-2.999);Não pesquisado ainda;nao_pesquisado;False
27223361;ESCOLA DE EDUCACAO BASICA PADRAO;2704302;8,0;63;Outras posições;False;621,6538461538462;26,0;4,0;102,0;0,651;Polígono;569,012;25,0;595,8490196078432;52,641846153846245;Maceió;AL;0,6386;Maceió;-9,625622;-35,72795;57052497;GRUTA DE LOURDES;nao_aplicavel;5000,0;Alta (≥ R$ 5.000);Não pesquisado ainda;nao_pesquisado;False
43105734;COL SANTA DOROTEIA;4314902;34,0;61;Outras posições;False;610,4137083333333;80,0;5,0;271,0;0,651;Polígono;603,1132352941177;68,0;607,0594369369369;7,300473039215603;Porto Alegre;RS;0,9276;Porto Alegre;-30,01472;-51,14904;91370230;VILA IPIRANGA;nao_aplicavel;4000,0;Média-Alta (R$ 3.000-4.999);Não pesquisado ainda;nao_pesquisado;False
23272015;DAULIA BRINGEL COLEGIO;2304400;37,0;117;Outras posições;False;609,2302645502646;63,0;5,0;249,0;0,65;Polígono;609,7517647058824;68,0;609,5009669211197;-0,5215001556177867;Fortaleza;CE;0,8208;Fortaleza;-3,7921755;-38,4921539;60822060;CIDADE DOS FUNCIONÁRIOS;nao_aplicavel;3000,0;Média-Alta (R$ 3.000-4.999);Não pesquisado ainda;nao_pesquisado;False
35131829;UNIVERSITAS ENSINO MEDIO COLEGIO;3548500;5,0;32;Desafiante (2º-5º local);False;625,8980952380953;63,0;4,0;276,0;0,65;Polígono;640,6034666666667;100,0;634,9197955010225;-14,705371428571423;Santos;SP;0,8189;Santos;-23,98238607;-46,29777498;11030903;PONTA DA PRAIA;nao_aplicavel;5000,0;Alta (≥ R$ 5.000);Não pesquisado ainda;nao_pesquisado;False
29301513;COLEGIO SAO JORGE DOS ILHEUS;2913606;2,0;7;Desafiante (2º-5º local);False;629,6815458937198;69,0;3,0;259,0;0,65;Polígono;653,41825;80,0;642,4260850111857;-23,73670410628017;Ilhéus;BA;0,417;Ilhéus;;;45652120;CIDADE NOVA;nao_aplicavel;6000,0;Alta (≥ R$ 5.000);Não pesquisado ainda;nao_pesquisado;False
35106636;COLEGIO DR WALTER BELIAN;3550308;96,0;516;Outras posições;False;624,2660240963855;83,0;3,0;275,0;0,65;Polígono;619,9718518518519;72,0;622,2713118279571;4,294172244533684;São Paulo;SP;0,8116;Cambuci;-23,5613634;-46,6150935;1522020;CAMBUCI;distrito;4000,0;Média-Alta (R$ 3.000-4.999);Não pesquisado ainda;nao_pesquisado;False
29432359;SOCIEDADE CULTURAL E EDUC MIMOSO DO OESTE SC LTDA;2919553;2,0;5;Desafiante (2º-5º local);False;613,8888135593221;59,0;5,0;166,0;0,649;Polígono;596,5251851851851;36,0;607,3089122807017;17,363628374136965;Luís Eduardo Magalhães;BA;0,3614;Luís Eduardo Magalhães;-12,09198;-45,78593;47855678;JARDIM PARAÍSO;nao_aplicavel;1600,0;Baixa (< R$ 1.800);Não pesquisado ainda;nao_pesquisado;False
23078251;UNIVERSO COLEGIO;2304400;38,0;117;Outras posições;False;616,6312195121951;41,0;4,0;138,0;0,649;Polígono;613,8139130434782;46,0;615,1416091954023;2,817306468716879;Fortaleza;CE;0,8208;Fortaleza;-3,734179;-38,5769;60356342;PADRE ANDRADE;nao_aplicavel;1212,0;Baixa (< R$ 1.800);Não pesquisado ainda;nao_pesquisado;False
43107575;COLEGIO JOAO XXIII;4314902;35,0;61;Outras posições;False;610,0903125;64,0;5,0;181,0;0,649;Polígono;628,8090196078431;51,0;618,391652173913;-18,7187071078431;Porto Alegre;RS;0,9276;Porto Alegre;-30,07623;-51,21484;90840327;SANTA TEREZA;nao_aplicavel;1640,0;Baixa (< R$ 1.800);Não pesquisado ainda;nao_pesquisado;False
31323942;ASSOCIACAO EDUCACIONAL JOHANN KEPLER;3170206;12,0;21;Outras posições;False;613,8364102564102;26,0;5,0;156,0;0,649;Polígono;649,0968;50,0;637,0340350877193;-35,260389743589826;Uberlândia;MG;0,8643;Uberlândia;-18,9385514;-48,2800837;38411128;MORADA DA COLINA;nao_aplicavel;10000,0;Alta (≥ R$ 5.000);Não pesquisado ainda;nao_pesquisado;False
35450868;OBJETIVO SENIOR DE MOGI DAS CRUZES COLEGIO;3530607;7,0;24;Outras posições;False;639,4849122807018;38,0;1,0;139,0;0,648;Polígono;640,01;46,0;639,7724603174603;-0,5250877192981989;Mogi das Cruzes;SP;0,7296;Mogi das Cruzes;-23,525943;-46,2003577;8810000;VILA SUISSA;nao_aplicavel;2700,0;Média (R$ 1.800-2.999);Não pesquisado ainda;nao_pesquisado;False
26053861;COLEGIO SAGRADO CORACAO;2604106;3,0;13;Desafiante (2º-5º local);False;609,9235497835498;77,0;5,0;237,0;0,648;Polígono;630,085;64,0;619,0748463356974;-20,16145021645025;Caruaru;PE;0,5038;Caruaru;-8,287323;-35,9727835;55006010;NOSSA SENHORA DAS DORES;nao_aplicavel;1212,0;Baixa (< R$ 1.800);Não pesquisado ainda;nao_pesquisado;False
35159141;ITAPETININGA SISTEMA EDUCACIONAL DE ENSINO DE;3522307;1,0;10;Líder local;False;634,1411428571428;35,0;3,0;111,0;0,648;Polígono;643,8689655172413;29,0;638,5490625;-9,727822660098582;Itapetininga;SP;0,5148;Itapetininga;-23,5830883;-48,0355997;18201490;VILA APARECIDA;nao_aplicavel;2000,0;Média (R$ 1.800-2.999);Não pesquisado ainda;nao_pesquisado;False
42152054;COLEGIO DO CAMPECHE;4205407;14,0;30;Outras posições;False;625,6490322580645;31,0;4,0;152,0;0,648;Polígono;630,1378666666667;25,0;627,6529761904761;-4,488834408602202;Florianópolis;SC;0,9306;Florianópolis;;;88065000;CAMPECHE;nao_aplicavel;4200,0;Média-Alta (R$ 3.000-4.999);Não pesquisado ainda;nao_pesquisado;False
26121484;COLEGIO SALESIANO SAGRADO CORACAO;2611606;28,0;76;Outras posições;False;609,8295238095238;63,0;5,0;196,0;0,648;Polígono;624,3610714285714;56,0;616,667899159664;-14,531547619047616;Recife;PE;0,9162;Recife;-8,06103336;-34,89316514;50070070;BOA VISTA;nao_aplicavel;3600,0;Média-Alta (R$ 3.000-4.999);Não pesquisado ainda;nao_pesquisado;False
51057891;MASTER KHALIL;5107602;3,0;7;Desafiante (2º-5º local);False;617,6481818181818;44,0;4,0;157,0;0,648;Polígono;609,1020125786164;53,0;612,9786254295533;8,546169239565415;Rondonópolis;MT;0,6032;Rondonópolis;-16,4615;-54,64774;78705094;CIDADE SALMEN;nao_aplicavel;2224,0;Média (R$ 1.800-2.999);Não pesquisado ainda;nao_pesquisado;False
15118932;ESCOLA DE EDUCACAO BASICA E PROFISSIONAL FUNDACAO BRADESCO;1505502;2,0;4;Desafiante (2º-5º local);False;612,5086111111111;72,0;4,0;226,0;0,648;Polígono;620,2140845070422;71,0;616,3344055944057;-7,705473395931108;Paragominas;PA;0,1766;Paragominas;-2,992282481;-47,36327628;68625130;CÉLIO MIRANDA;nao_aplicavel;1300,0;Baixa (< R$ 1.800);Não pesquisado ainda;nao_pesquisado;False
51069849;COLEGIO MARISTA SANTO ANTONIO;5107909;3,0;7;Desafiante (2º-5º local);False;620,9885714285714;21,0;4,0;117,0;0,648;Polígono;601,62;26,0;610,2740425531914;19,368571428571386;Sinop;MT;0,6579;Sinop;-11,86053522;-55,53525048;78556381;LOTEAMENTO JARDIM DE MONET;nao_aplicavel;2600,0;Média (R$ 1.800-2.999);Não pesquisado ainda;nao_pesquisado;False
15581276;COLEGIO GENTIL BITTENCOURT;1501402;17,0;65;Outras posições;False;612,3977272727273;44,0;4,0;194,0;0,647;Polígono;600,0362264150943;53,0;605,6435051546391;12,361500857632905;Belém;PA;0,6935;Belém;-1,451050015;-48,47946522;66040170;NAZARÉ;nao_aplicavel;7500,0;Alta (≥ R$ 5.000);Não pesquisado ainda;nao_pesquisado;False
15168654;ESCOLA TECNICA VALE DOS CARAJAS;1505536;2,0;4;Desafiante (2º-5º local);False;609,6705263157895;38,0;5,0;154,0;0,647;Polígono;587,8187387387387;37,0;598,890311111111;21,8517875770508;Parauapebas;PA;0,3835;Parauapebas;-6,090623061;-49,87682445;68515000;;nao_aplicavel;1800,0;Média (R$ 1.800-2.999);Não pesquisado ainda;nao_pesquisado;False
35160600;COLEGIO ARACA;3502804;4,0;13;Desafiante (2º-5º local);False;620,898064516129;31,0;4,0;121,0;0,647;Polígono;632,1466666666668;30,0;626,4301639344263;-11,24860215053775;Araçatuba;SP;0,7111;Araçatuba;-21,210216;-50,4486753;16025030;SAO JOAO;nao_aplicavel;2100,0;Média (R$ 1.800-2.999);Não pesquisado ainda;nao_pesquisado;False
31257397;COL CHROMOS SERRANO;3106200;76,0;110;Outras posições;False;623,601884057971;46,0;3,0;389,0;0,647;Polígono;644,8566153846153;65,0;636,0483483483483;-21,254731326644333;Belo Horizonte;MG;0,9738;Belo Horizonte;-19,89125;-44,012;30881410;SÃO SALVADOR;nao_aplicavel;1500,0;Baixa (< R$ 1.800);Não pesquisado ainda;nao_pesquisado;False
21279810;COLEGIO O BOM PASTOR;2111300;13,0;47;Outras posições;False;615,7425974025974;77,0;4,0;232,0;0,645;Polígono;613,9455;80,0;614,8268789808918;1,7970974025973874;São Luís;MA;0,7058;São Luís;-2,536977;-44,205442;65054320;COHATRAC II;nao_aplicavel;1300,0;Baixa (< R$ 1.800);Não pesquisado ainda;nao_pesquisado;False
31196177;COLEGIO NOSSA SENHORA DE NAZARE;3118304;4,0;4;Desafiante (2º-5º local);False;624,9048275862068;29,0;4,0;117,0;0,645;Polígono;643,1833333333334;12,0;630,2546341463415;-18,278505747126587;Conselheiro Lafaiete;MG;0,5695;Conselheiro Lafaiete;-20,6590906;-43,7841922;36401124;SANTO ANTÔNIO;nao_aplicavel;2000,0;Média (R$ 1.800-2.999);Não pesquisado ainda;nao_pesquisado;False
35388117;SAO LUIS COLEGIO UNIDADE II;3550308;98,0;516;Outras posições;False;608,2014197530864;108,0;5,0;366,0;0,645;Polígono;613,7384722222222;96,0;610,8070915032679;-5,537052469135801;São Paulo;SP;0,8116;Jardim Paulista;-23,5561435;-46,6603699;4012180;VILA MARIANA;distrito;10000,0;Alta (≥ R$ 5.000);Não pesquisado ainda;nao_pesquisado;False
35101886;ESPIRITO SANTO COLEGIO;3550308;98,0;516;Outras posições;False;613,0036111111111;48,0;5,0;178,0;0,645;Polígono;643,6582608695652;46,0;628,0048226950354;-30,65464975845407;São Paulo;SP;0,8116;Tatuapé;-23,5381284;-46,575758;3081012;TATUAPE;distrito;6000,0;Alta (≥ R$ 5.000);Não pesquisado ainda;nao_pesquisado;False
41024303;COLEGIO MARISTA DE MARINGA EI EF EM;4115200;6,0;21;Outras posições;False;608,1933333333334;34,0;5,0;200,0;0,644;Polígono;631,676129032258;31,0;619,3928205128205;-23,482795698924637;Maringá;PR;0,7882;Maringá;-23,42702809;-51,94250007;87010430;CENTRO;nao_aplicavel;3000,0;Média-Alta (R$ 3.000-4.999);Não pesquisado ainda;nao_pesquisado;False
33156026;COLEGIO QI;3304557;118,0;344;Outras posições;False;628,7895035460992;47,0;2,0;137,0;0,644;Polígono;648,9805847953216;57,0;639,8557692307693;-20,191081249222407;Rio de Janeiro;RJ;0,8408;Rio de Janeiro;-23,0117167;-43,4496917;22790230;RECREIO DOS BANDEIRANTES;bairro;6000,0;Alta (≥ R$ 5.000);Não pesquisado ainda;nao_pesquisado;False
35429089;SINGULAR COLEGIO TECNICO;3547809;6,0;36;Outras posições;False;620,4968253968253;105,0;4,0;293,0;0,644;Polígono;617,379;80,0;619,1485765765766;3,1178253968253102;Santo André;SP;0,7874;Santo André;-23,6591002;-46,5291267;9020140;CENTRO;nao_aplicavel;5000,0;Alta (≥ R$ 5.000);Não pesquisado ainda;nao_pesquisado;False
52093069;COLEGIO UNO SALES;5208707;30,0;68;Outras posições;False;628,3208695652174;23,0;3,0;101,0;0,644;Polígono;583,1743209876544;27,0;603,9417333333334;45,14654857756307;Goiânia;GO;0,9482;Goiânia;-16,6662199;-49,2445828;74640040;SETOR LESTE VILA NOVA;nao_aplicavel;2500,0;Média (R$ 1.800-2.999);Não pesquisado ainda;nao_pesquisado;False
43162290;COLEGIO MARISTA SANT ANA;4322400;1,0;2;Sem comparação local (poucas escolas na cidade);False;609,0525423728814;59,0;5,0;192,0;0,644;Polígono;617,6985714285714;42,0;612,6479207920793;-8,646029055690065;Uruguaiana;RS;0,3118;Uruguaiana;-29,75518;-57,09325;97501838;BELA VISTA;nao_aplicavel;2500,0;Média (R$ 1.800-2.999);Não pesquisado ainda;nao_pesquisado;False
35144125;CARLOS DRUMOND DE ANDRADE COLEGIO;3513801;3,0;14;Desafiante (2º-5º local);False;638,2928735632183;29,0;1,0;100,0;0,644;Polígono;623,9780952380953;21,0;632,2806666666667;14,31477832512303;Diadema;SP;0,495;Diadema;-23,6821057;-46,6203319;9920650;PARQUE JABUTICABEIRAS;nao_aplicavel;2000,0;Média (R$ 1.800-2.999);Não pesquisado ainda;nao_pesquisado;False
35103248;CLARETIANO COLEGIO;3550308;100,0;516;Outras posições;False;620,4493023255814;43,0;4,0;136,0;0,644;Polígono;643,2416216216217;37,0;630,99075;-22,79231929604032;São Paulo;SP;0,8116;Consolação;-23,5419166;-46,6547154;1224001;SANTA CECILIA;distrito;7500,0;Alta (≥ R$ 5.000);Não pesquisado ainda;nao_pesquisado;False
35581021;COLEGIO KELVIN SISTEMA DE ENSINO CATANDUVA;3511102;4,0;9;Desafiante (2º-5º local);False;644,0232258064517;31,0;0,0;122,0;0,643;Polígono;676,8061538461538;26,0;658,9768421052631;-32,78292803970214;Catanduva;SP;0,5996;Catanduva;-21,1582592;-48,9845831;15800610;PARQUE JOAQUIM LOPES;nao_aplicavel;3200,0;Média-Alta (R$ 3.000-4.999);Não pesquisado ainda;nao_pesquisado;False
35150885;VERA CRUZ ESCOLA UNIDADE III;3550308;101,0;516;Outras posições;False;620,2582882882883;74,0;4,0;298,0;0,642;Polígono;651,7417171717171;66,0;635,1004761904762;-31,48342888342881;São Paulo;SP;0,8116;Vila Leopoldina;-23,5285517;-46,7369217;5318000;VILA LEOPOLDINA;distrito;8000,0;Alta (≥ R$ 5.000);Não pesquisado ainda;nao_pesquisado;False
26180200;CFI-COLEGIO DE FORMACAO INTEGRAL;2611606;29,0;76;Outras posições;False;623,6999999999999;29,0;3,0;128,0;0,642;Polígono;666,958947368421;38,0;648,2349253731343;-43,258947368421104;Recife;PE;0,9162;Recife;-8,054748;-34,91299;50610230;MADALENA;nao_aplicavel;6000,0;Alta (≥ R$ 5.000);Não pesquisado ainda;nao_pesquisado;False
35808246;AQUARIUS UNIVAP COLEGIO;3549904;10,0;27;Outras posições;False;634,2282666666667;75,0;2,0;306,0;0,642;Polígono;634,0175675675677;74,0;634,123624161074;0,210699099099088;São José dos Campos;SP;0,9207;São José dos Campos;-23,2177267;-45,9052539;12246080;PARQUE RESIDENCIAL AQUARIUS;nao_aplicavel;2700,0;Média (R$ 1.800-2.999);Não pesquisado ainda;nao_pesquisado;False
26105810;NUCLEO EDUCACIONAL MACHADO DE ASSIS;2606804;1,0;2;Sem comparação local (poucas escolas na cidade);False;611,3694736842106;38,0;4,0;131,0;0,641;Polígono;601,365;32,0;606,796;10,004473684210552;Igarassu;PE;0,077;Igarassu;-7,8679106;-34,9025685;53625214;CRUZ DO REBOUCAS;nao_aplicavel;1250,0;Baixa (< R$ 1.800);Não pesquisado ainda;nao_pesquisado;False
51058219;COLEGIO REGINA PACIS;5107909;4,0;7;Desafiante (2º-5º local);False;620,059696969697;66,0;4,0;239,0;0,641;Polígono;613,3930769230769;78,0;616,4486111111112;6,666620046620096;Sinop;MT;0,6579;Sinop;-11,84825;-55,49655;78550380;JARDIM PRIMAVERA;nao_aplicavel;2300,0;Média (R$ 1.800-2.999);Não pesquisado ainda;nao_pesquisado;False
29328560;INSTITUTO FRANCISCO DE ASSIS;2931350;2,0;4;Desafiante (2º-5º local);False;603,7524324324324;37,0;5,0;153,0;0,641;Polígono;689,4594444444444;36,0;646,0189041095891;-85,707012012012;Teixeira de Freitas;BA;0,4325;Teixeira de Freitas;;;45990283;BELA VISTA;nao_aplicavel;1212,0;Baixa (< R$ 1.800);Não pesquisado ainda;nao_pesquisado;False
35802244;PESSOA COLEGIO;3516200;6,0;14;Outras posições;False;638,0515;40,0;2,0;190,0;0,64;Polígono;633,7763333333334;60,0;635,4864;4,275166666666678;Franca;SP;0,7064;Franca;-20,5199167;-47,3951912;14401000;PROLONGAMENTO VILA DUQUE DE CAXIAS;nao_aplicavel;2000,0;Média (R$ 1.800-2.999);Não pesquisado ainda;nao_pesquisado;False
35164926;SAMARITANO INSTITUTO DE ENSINO;3516200;6,0;14;Outras posições;False;614,8585365853659;41,0;4,0;172,0;0,64;Polígono;607,4835294117647;51,0;610,7702173913043;7,375007173601148;Franca;SP;0,7064;Franca;-20,508291;-47,4020719;14405700;RESIDENCIAL NOSSO LAR;nao_aplicavel;2000,0;Média (R$ 1.800-2.999);Não pesquisado ainda;nao_pesquisado;False
29436168;COLEGIO ENIGMA;2903201;4,0;6;Desafiante (2º-5º local);False;633,885;28,0;2,0;115,0;0,64;Polígono;688,7561904761906;21,0;657,4012244897959;-54,87119047619058;Barreiras;BA;0,502;Barreiras;-12,14123704;-44,97998301;47800476;SAO MIGUEL;nao_aplicavel;1215,0;Baixa (< R$ 1.800);Não pesquisado ainda;nao_pesquisado;False
28032250;COLEGIO O SABER;2802908;4,0;6;Desafiante (2º-5º local);False;627,4452380952381;42,0;3,0;145,0;0,64;Polígono;660,9509677419354;31,0;641,673698630137;-33,50572964669732;Itabaiana;SE;0,4399;Itabaiana;-10,69193705;-37,43356032;49503087;SERRANO;nao_aplicavel;1400,0;Baixa (< R$ 1.800);Não pesquisado ainda;nao_pesquisado;False
29181640;COLEGIO SAO JOSE;2927408;28,0;90;Outras posições;False;608,2420000000001;70,0;5,0;192,0;0,64;Polígono;621,9031428571428;70,0;615,0725714285715;-13,66114285714275;Salvador;BA;0,7909;Salvador;-12,9264075;-38,5090348;40415180;BONFIM;nao_aplicavel;2400,0;Média (R$ 1.800-2.999);Não pesquisado ainda;nao_pesquisado;False
26137968;COLEGIO E CURSO LUPAT LTDA;2609600;2,0;13;Desafiante (2º-5º local);False;611,0364444444444;30,0;4,0;116,0;0,639;Polígono;595,3131707317074;41,0;601,9568075117371;15,723273712737068;Olinda;PE;0,5248;Olinda;;;53150005;RIO DOCE;nao_aplicavel;1400,0;Baixa (< R$ 1.800);Não pesquisado ainda;nao_pesquisado;False
35131970;FUNDAMENTUM COLEGIO;3556206;4,0;6;Desafiante (2º-5º local);False;628,8446808510638;47,0;2,0;180,0;0,639;Polígono;644,0986206896551;29,0;634,6652631578947;-15,25393983859135;Valinhos;SP;0,8018;Valinhos;-22,97141491;-47,00105139;13270260;JARDIM VILA ROSA;nao_aplicavel;3001,0;Média-Alta (R$ 3.000-4.999);Não pesquisado ainda;nao_pesquisado;False
35111235;ESCOLA DE EDUCACAO INFANTIL ENSINO FUNDAMENTAL E ENSINO MEDIO SAO LUIS LTDA EPP;3554102;8,0;15;Outras posições;False;633,605294117647;34,0;2,0;126,0;0,639;Polígono;623,0408510638298;47,0;627,4753086419753;10,564443053817172;Taubaté;SP;0,7911;Taubaté;-23,014399;-45,5455954;12070450;VILA SAO JOSE;nao_aplicavel;2500,0;Média (R$ 1.800-2.999);Não pesquisado ainda;nao_pesquisado;False
33206007;CENTRO EDUCACIONAL IMPERIAL;3302502;1,0;5;Líder local;False;623,6891304347827;46,0;4,0;142,0;0,638;Polígono;628,0628070175438;38,0;625,6676984126984;-4,3736765827611634;Magé;RJ;0,3406;Magé;;;25900001;CENTRO;nao_aplicavel;1220,0;Baixa (< R$ 1.800);Não pesquisado ainda;nao_pesquisado;False
42110980;ESCOLA DA ILHA;4205407;16,0;30;Outras posições;False;622,8145454545455;44,0;3,0;138,0;0,638;Polígono;630,7409090909091;44,0;626,7777272727272;-7,92636363636359;Florianópolis;SC;0,9306;Florianópolis;-27,59980068;-48,49870345;88034700;ITACORUBI;nao_aplicavel;6000,0;Alta (≥ R$ 5.000);Não pesquisado ainda;nao_pesquisado;False
35109460;ASSIS CHATEAUBRIAND EMB EEFMEPJA;3534401;5,0;31;Desafiante (2º-5º local);False;607,0161545372866;371,0;5,0;1278,0;0,638;Polígono;603,9141713747646;354,0;605,5015310344827;3,1019831625220604;Osasco;SP;0,6495;Osasco;-23,5465265;-46,7657055;6028250;VILA CAMPESINA;nao_aplicavel;5600,0;Alta (≥ R$ 5.000);Não pesquisado ainda;nao_pesquisado;False
35130254;CENTRO INTERESCOLAR OBJETIVO UNIDADE LUIS GOES;3550308;104,0;516;Outras posições;False;633,4427118644069;59,0;2,0;194,0;0,638;Polígono;643,9417777777778;45,0;637,9855769230769;-10,49906591337094;São Paulo;SP;0,8116;Saúde;-23,603953;-46,6488213;4043400;MIRANDOPOLIS;distrito;6000,0;Alta (≥ R$ 5.000);Não pesquisado ainda;nao_pesquisado;False
35802281;BELA ALVORADA COLEGIO;3557006;1,0;5;Líder local;False;619,5533333333333;31,0;4,0;114,0;0,638;Polígono;599,0242424242424;33,0;608,9680208333333;20,529090909090883;Votorantim;SP;0,3692;Votorantim;-23,5429771;-47,4567009;18110215;JARDIM ICATU;nao_aplicavel;2300,0;Média (R$ 1.800-2.999);Não pesquisado ainda;nao_pesquisado;False
15165833;SISTEMA EDUCACIONAL UNIVERSO POSITIVO;1500800;3,0;22;Desafiante (2º-5º local);False;615,2964285714286;28,0;4,0;100,0;0,638;Polígono;609,1521739130435;23,0;612,5254901960784;6,14425465838508;Ananindeua;PA;0,4631;Ananindeua;-1,3607886;-48,3729319;67030170;CENTRO;nao_aplicavel;1300,0;Baixa (< R$ 1.800);Não pesquisado ainda;nao_pesquisado;False
15037614;COLEGIO ALFA;1501402;19,0;65;Outras posições;False;619,4727659574469;47,0;4,0;122,0;0,638;Polígono;630,7305555555555;36,0;624,3556626506024;-11,257789598108616;Belém;PA;0,6935;Belém;-1,445674072;-48,46010847;66095491;MARCO;nao_aplicavel;3000,0;Média-Alta (R$ 3.000-4.999);Não pesquisado ainda;nao_pesquisado;False
33033811;ESCOLA TECNICA PANDIA CALOGERAS;3306305;9,0;12;Outras posições;False;614,3827027027027;37,0;4,0;139,0;0,638;Polígono;622,7935;40,0;618,7519480519479;-8,410797297297336;Volta Redonda;RJ;0,7431;Volta Redonda;-22,52625;-44,1007;27260020;SESSENTA;nao_aplicavel;3200,0;Média-Alta (R$ 3.000-4.999);Não pesquisado ainda;nao_pesquisado;False
29451876;CENTRO EDUCACIONAL MARIA CARDOSO FERREIRA;2919553;3,0;5;Desafiante (2º-5º local);False;611,1827956989248;31,0;5,0;115,0;0,636;Polígono;600,6483333333333;20,0;607,0516339869281;10,53446236559148;Luís Eduardo Magalhães;BA;0,3614;Luís Eduardo Magalhães;;;47850051;CENTRO;nao_aplicavel;1600,0;Baixa (< R$ 1.800);Não pesquisado ainda;nao_pesquisado;False
51064677;COLEGIO ISAAC NEWTON - CIN INTEGRAL ITA MEDICINA;5103403;11,0;27;Outras posições;False;632,2013095238095;56,0;1,0;167,0;0,636;Polígono;652,6992156862744;51,0;641,9713395638628;-20,497906162464915;Cuiabá;MT;0,8046;Cuiabá;-15,59175;-56,08909;78008160;BAU;nao_aplicavel;4000,0;Média-Alta (R$ 3.000-4.999);Não pesquisado ainda;nao_pesquisado;False
35143595;COLEGIO GIUSTO ZONZINI;3550308;106,0;516;Outras posições;False;619,0563636363637;33,0;4,0;111,0;0,635;Polígono;620,8157575757576;33,0;619,9360606060606;-1,7593939393939309;São Paulo;SP;0,8116;Raposo Tavares;-23,5923505;-46,7931796;5566000;JARDIM ARPOADOR;distrito;2000,0;Média (R$ 1.800-2.999);Não pesquisado ainda;nao_pesquisado;False
35167800;COLEGIOS UNIVAP UNIDADE VILLA BRANCA;3524402;1,0;12;Líder local;False;631,0116666666667;36,0;3,0;154,0;0,635;Polígono;624,2458823529412;34,0;627,7254285714286;6,765784313725476;Jacareí;SP;0,5667;Jacareí;-23,2706128;-45,9442598;12305810;JARDIM CALIFORNIA;nao_aplicavel;2400,0;Média (R$ 1.800-2.999);Não pesquisado ainda;nao_pesquisado;False
15586413;ESCOLA DE EDUCACAO BASICA MARECHAL RONDON;1503606;2,0;2;Sem comparação local (poucas escolas na cidade);False;607,3502127659574;47,0;5,0;211,0;0,635;Polígono;637,0203703703703;54,0;623,2134653465346;-29,670157604412907;Itaituba;PA;0,3511;Itaituba;-4,24027;-56,01172667;68180470;BELA VISTA;nao_aplicavel;1212,0;Baixa (< R$ 1.800);Não pesquisado ainda;nao_pesquisado;False
21265585;COLEGIO MARISTA DO ARACAGY;2111201;2,0;4;Desafiante (2º-5º local);False;618,789725490196;85,0;4,0;265,0;0,634;Polígono;628,75;72,0;623,3574946921443;-9,96027450980398;São José de Ribamar;MA;0,3412;São José de Ribamar;-2,4761687;-44,2011888;65125532;ARACAGY;nao_aplicavel;3800,0;Média-Alta (R$ 3.000-4.999);Não pesquisado ainda;nao_pesquisado;False
42068703;ACBNL COLEGIO SAO JOSE;4208203;4,0;10;Desafiante (2º-5º local);False;614,5792592592593;27,0;4,0;261,0;0,633;Polígono;596,5966666666667;40,0;603,8433830845771;17,982592592592596;Itajaí;SC;0,7459;Itajaí;-26,90356268;-48,66196991;88301310;CENTRO;nao_aplicavel;5000,0;Alta (≥ R$ 5.000);Não pesquisado ainda;nao_pesquisado;False
31370258;COLEGIO ORLEANS E BRAGANCA;3106200;80,0;110;Outras posições;False;606,094;10,0;5,0;104,0;0,633;Polígono;;;606,094;;Belo Horizonte;MG;0,9738;Belo Horizonte;-19,9558041;-43,9338354;30315382;COMITECO;nao_aplicavel;10000,0;Alta (≥ R$ 5.000);Não pesquisado ainda;nao_pesquisado;False
31382507;COLEGIO AVENIDA FINOTTI;3170206;13,0;21;Outras posições;False;622,1646078431373;34,0;4,0;178,0;0,633;Polígono;621,4572413793104;29,0;621,8389947089948;0,7073664638269292;Uberlândia;MG;0,8643;Uberlândia;;;38408138;SANTA MONICA;nao_aplicavel;3636,0;Média-Alta (R$ 3.000-4.999);Não pesquisado ainda;nao_pesquisado;False
43107370;COLEGIO SALESIANO DOM BOSCO;4314902;36,0;61;Outras posições;False;614,5377777777777;66,0;4,0;303,0;0,633;Polígono;604,3967661691543;67,0;609,4291478696741;10,141011608623444;Porto Alegre;RS;0,9276;Porto Alegre;-30,0119125;-51,1801432;90520100;HIGIENOPOLIS;nao_aplicavel;7000,0;Alta (≥ R$ 5.000);Não pesquisado ainda;nao_pesquisado;False
31246468;COL CHROMOS VENDA NOVA;3106200;82,0;110;Outras posições;False;620,4518635170604;127,0;3,0;576,0;0,633;Polígono;634,3238095238096;126,0;627,3604216073782;-13,871946006749226;Belo Horizonte;MG;0,9738;Venda Nova;-19,81618;-43,965525;31510340;CANDELÁRIA;nao_aplicavel;2500,0;Média (R$ 1.800-2.999);Não pesquisado ainda;nao_pesquisado;False
35134429;PREVE JAU COLEGIO;3525300;8,0;10;Outras posições;False;616,4321739130435;23,0;3,0;103,0;0,632;Polígono;612,0504;25,0;614,15;4,381773913043503;Jaú;SP;0,6541;Jaú;-22,29538;-48,5501;17210100;CHACARA PECCIOLI;nao_aplicavel;2100,0;Média (R$ 1.800-2.999);Não pesquisado ainda;nao_pesquisado;False
29227720;COLEGIO SOCIAL DE JEQUIE;2918001;3,0;4;Desafiante (2º-5º local);False;614,3888888888889;36,0;4,0;145,0;0,632;Polígono;650,8853846153846;52,0;635,955;-36,49649572649571;Jequié;BA;0,3958;Jequié;-13,86245;-40,07503;45208053;JEQUIEZINHO;nao_aplicavel;1212,0;Baixa (< R$ 1.800);Não pesquisado ainda;nao_pesquisado;False
35582803;INSTITUTO DE EDUCACAO PARQUE INDUSTRIAL IEPI;3509502;16,0;47;Outras posições;False;621,8335483870968;31,0;4,0;117,0;0,632;Polígono;626,1647058823529;34,0;624,099076923077;-4,331157495256093;Campinas;SP;0,82;Campinas;-22,9181774;-47,0871203;13031800;VILA ANHANGUERA;nao_aplicavel;3000,0;Média-Alta (R$ 3.000-4.999);Não pesquisado ainda;nao_pesquisado;False
33089167;COLEGIO M3;3304904;6,0;29;Outras posições;False;614,3115384615385;52,0;4,0;208,0;0,632;Polígono;626,2494285714286;70,0;621,1611475409836;-11,937890109890075;São Gonçalo;RJ;0,5133;São Gonçalo;-22,8227572;-43,00141704;24710430;ALCÂNTARA;nao_aplicavel;1500,0;Baixa (< R$ 1.800);Não pesquisado ainda;nao_pesquisado;False
33181594;COLEGIO E CURSO START;3304904;7,0;29;Outras posições;False;641,3543209876543;54,0;0,0;115,0;0,631;Polígono;660,3166666666667;24,0;647,188888888889;-18,9623456790124;São Gonçalo;RJ;0,5133;São Gonçalo;-22,81830058;-43,00926856;24452005;ALCÂNTARA;nao_aplicavel;1500,0;Baixa (< R$ 1.800);Não pesquisado ainda;nao_pesquisado;False
27049140;ELITE INTEGRAL LTDA;2704302;10,0;63;Outras posições;False;630,25;52,0;2,0;149,0;0,631;Polígono;665,6145833333334;48,0;647,225;-35,36458333333337;Maceió;AL;0,6386;Maceió;;;57048360;ANTARES;nao_aplicavel;2800,0;Média (R$ 1.800-2.999);Não pesquisado ainda;nao_pesquisado;False
35106884;FECAP COLEGIO;3550308;108,0;516;Outras posições;False;614,056061728395;270,0;5,0;841,0;0,631;Polígono;612,5268531468531;143,0;613,5265778853914;1,529208581541866;São Paulo;SP;0,8116;Liberdade;-23,5573292;-46,6371146;1502001;LIBERDADE;distrito;5000,0;Alta (≥ R$ 5.000);Não pesquisado ainda;nao_pesquisado;False
24085499;OVER COLEGIO E CURSO;2403251;6,0;13;Outras posições;False;635,4970000000001;40,0;1,0;146,0;0,631;Polígono;620,2378947368421;19,0;630,5830508474578;15,259105263157949;Parnamirim;RN;0,7723;Parnamirim;;;59151250;NOVA PARNAMIRIM;nao_aplicavel;3500,0;Média-Alta (R$ 3.000-4.999);Não pesquisado ainda;nao_pesquisado;False
41162420;ALFA REDE DE ENSINO;4109401;4,0;9;Desafiante (2º-5º local);False;625,4371241830065;51,0;3,0;169,0;0,631;Polígono;600,7076422764227;41,0;614,4163768115941;24,72948190658383;Guarapuava;PR;0,5944;Guarapuava;-25,39048014;-51,46748415;85010030;CENTRO;nao_aplicavel;4000,0;Média-Alta (R$ 3.000-4.999);Não pesquisado ainda;nao_pesquisado;False
53006585;COL ADVENTISTA DE PLANALTINA;5300108;42,0;117;Outras posições;False;613,475;64,0;4,0;303,0;0,631;Polígono;605,5408658008658;77,0;609,1421749408983;7,934134199134178;Brasília;DF;0,9278;Brasília;-15,62003;-47,65053;73310180;SETOR DE EDUCACAO (PLANALTINA);nao_aplicavel;3000,0;Média-Alta (R$ 3.000-4.999);Não pesquisado ainda;nao_pesquisado;False
26162210;COLEGIO SANTA EMILIA;2609600;3,0;13;Desafiante (2º-5º local);False;608,3878787878788;110,0;4,0;359,0;0,63;Polígono;;;608,3878787878788;;Olinda;PE;0,5248;Olinda;-7,975184;-34,84712;53060280;JARDIM ATLANTICO;nao_aplicavel;2000,0;Média (R$ 1.800-2.999);Não pesquisado ainda;nao_pesquisado;False
15167178;SISTEMA DE ENSINO LOGOS LTDA;1500800;4,0;22;Desafiante (2º-5º local);False;606,321142857143;35,0;5,0;112,0;0,63;Polígono;629,8591111111111;45,0;619,56125;-23,537968253968188;Ananindeua;PA;0,4631;Ananindeua;-1,3831942;-48,4132208;67113200;COQUEIRO;nao_aplicavel;1300,0;Baixa (< R$ 1.800);Não pesquisado ainda;nao_pesquisado;False
41355644;COLEGIO POSITIVO VICENTE MACHADO - ENSINO MEDIO;4106902;24,0;69;Outras posições;False;637,025549104983;689,0;0,0;982,0;0,63;Polígono;653,415822902179;719,0;645,3952982954546;-16,39027379719596;Curitiba;PR;0,8491;Curitiba;-25,43449617;-49,2796431;80420010;CENTRO;nao_aplicavel;4500,0;Média-Alta (R$ 3.000-4.999);Não pesquisado ainda;nao_pesquisado;False
26138611;ESCOLA NOSSA SENHORA DA CONCEICAO;2609600;4,0;13;Desafiante (2º-5º local);False;606,258064516129;31,0;5,0;145,0;0,63;Polígono;607,2295;40,0;606,805352112676;-0,9714354838710052;Olinda;PE;0,5248;Olinda;-7,996395;-34,85901;53370550;OURO PRETO;nao_aplicavel;1400,0;Baixa (< R$ 1.800);Não pesquisado ainda;nao_pesquisado;False
35118928;MODULO COLEGIO;3550308;109,0;516;Outras posições;False;604,9521666666667;80,0;5,0;290,0;0,629;Polígono;605,2553623188406;69,0;605,0925727069351;-0,3031956521739403;São Paulo;SP;0,8116;Lapa;-23,5285619;-46,7032269;5051001;VILA ROMANA;distrito;7000,0;Alta (≥ R$ 5.000);Não pesquisado ainda;nao_pesquisado;False
33135924;COLEGIO QI;3304557;120,0;344;Outras posições;False;619,8693333333333;35,0;3,0;115,0;0,629;Polígono;631,6971428571429;28,0;625,1261375661376;-11,827809523809606;Rio de Janeiro;RJ;0,8408;Rio de Janeiro;-22,9339318;-43,3355153;22743660;JACAREPAGUÁ;bairro;1800,0;Média (R$ 1.800-2.999);Não pesquisado ainda;nao_pesquisado;False
31006629;CENTRO EDUCACIONAL MINEIRO;3106200;83,0;110;Outras posições;False;609,851282051282;39,0;5,0;158,0;0,628;Polígono;607,5541935483872;31,0;608,8340000000001;2,297088502894894;Belo Horizonte;MG;0,9738;Belo Horizonte;-19,89221;-44,01004;30881310;SAO SALVADOR;nao_aplicavel;1500,0;Baixa (< R$ 1.800);Não pesquisado ainda;nao_pesquisado;False
31217263;INSTITUTO EDUCACIONAL MANOEL PINHEIRO;3106200;84,0;110;Outras posições;False;617,6063829787234;47,0;4,0;161,0;0,628;Polígono;620,031875;32,0;618,5888607594937;-2,4254920212765683;Belo Horizonte;MG;0,9738;Belo Horizonte;-19,84346953;-43,92720843;31840120;GUARANI;nao_aplicavel;2000,0;Média (R$ 1.800-2.999);Não pesquisado ainda;nao_pesquisado;False
43220541;COLEGIO GABARITO ZONA SUL;4314902;37,0;61;Outras posições;False;630,9878571428571;28,0;2,0;106,0;0,628;Polígono;;;630,9878571428571;;Porto Alegre;RS;0,9276;Porto Alegre;;;91900225;TRISTEZA;nao_aplicavel;6000,0;Alta (≥ R$ 5.000);Não pesquisado ainda;nao_pesquisado;False
23025530;SANTANA COLEGIO;2312908;3,0;6;Desafiante (2º-5º local);False;604,741095890411;73,0;5,0;287,0;0,628;Polígono;638,7124637681159;69,0;621,2483098591549;-33,97136787770489;Sobral;CE;0,271;Sobral;-3,689204;-40,34927;62010290;CENTRO;nao_aplicavel;1240,0;Baixa (< R$ 1.800);Não pesquisado ainda;nao_pesquisado;False
31367036;COLEGIO E CURSO NOTA 10;3136702;13,0;21;Outras posições;False;628,9568;50,0;3,0;124,0;0,627;Polígono;675,4576923076924;26,0;644,8650000000001;-46,50089230769231;Juiz de Fora;MG;0,8573;Juiz de Fora;-21,766461;-43,3491206;36010021;CENTRO;nao_aplicavel;4000,0;Média-Alta (R$ 3.000-4.999);Não pesquisado ainda;nao_pesquisado;False
27218198;COLEGIO SANTISSIMO SENHOR;2704302;11,0;63;Outras posições;False;609,5914814814815;36,0;5,0;109,0;0,627;Polígono;590,343888888889;36,0;599,9676851851852;19,247592592592586;Maceió;AL;0,6386;Maceió;-9,601374;-35,71952;57046350;SERRARIA;nao_aplicavel;3000,0;Média-Alta (R$ 3.000-4.999);Não pesquisado ainda;nao_pesquisado;False
33149550;RH POSITIVO CENTRO EDUCACIONAL;3304524;4,0;14;Desafiante (2º-5º local);False;625,9959595959596;33,0;0,0;125,0;0,627;Polígono;692,5366666666667;24,0;654,0130994152047;-66,54070707070719;Rio das Ostras;RJ;0,7058;Rio das Ostras;-22,52451614;-41,9430057;28893062;CENTRO;nao_aplicavel;2000,0;Média (R$ 1.800-2.999);Não pesquisado ainda;nao_pesquisado;False
33186260;COLEGIO E CURSO AO CUBO;3304557;121,0;344;Outras posições;False;613,5031578947368;38,0;5,0;117,0;0,627;Polígono;653,4453968253968;42,0;634,4728333333333;-39,94223893065998;Rio de Janeiro;RJ;0,8408;Rio de Janeiro;;;22251050;BOTAFOGO;bairro;8000,0;Alta (≥ R$ 5.000);Não pesquisado ainda;nao_pesquisado;False
35195133;CANOPUS COLEGIO;3510500;1,0;7;Líder local;False;640,537803030303;44,0;0,0;162,0;0,627;Polígono;639,1391452991453;39,0;639,8806024096385;1,3986577311577548;Caraguatatuba;SP;0,4763;Caraguatatuba;-23,6321594;-45,4288546;11665251;INDAIA;nao_aplicavel;2200,0;Média (R$ 1.800-2.999);Não pesquisado ainda;nao_pesquisado;False
31256285;COLEGIO APOGEU-UNIDADE III DE ENSINO FUNDAMENTAL E ENSINO MEDIO;3136702;14,0;21;Outras posições;False;615,786111111111;36,0;4,0;217,0;0,627;Polígono;608,3536585365854;41,0;611,8285714285714;7,432452574525655;Juiz de Fora;MG;0,8573;Juiz de Fora;-21,6868685;-43,43571403;36087450;NOVA ERA;nao_aplicavel;2000,0;Média (R$ 1.800-2.999);Não pesquisado ainda;nao_pesquisado;False
35137686;COLEGIO DOM AGUIRRE;3552205;8,0;27;Outras posições;False;605,5562841530054;122,0;5,0;427,0;0,626;Polígono;594,6768229166667;128,0;599,986;10,879461236338784;Sorocaba;SP;0,7667;Sorocaba;-23,4943842;-47,4656467;18060501;VILA TRUJILLO;nao_aplicavel;2500,0;Média (R$ 1.800-2.999);Não pesquisado ainda;nao_pesquisado;False
35154258;INTEGRADA EDUCATIVA ESCOLA;3552403;2,0;4;Desafiante (2º-5º local);False;635,0230952380953;56,0;2,0;234,0;0,626;Polígono;612,1223333333332;60,0;623,1778735632183;22,90076190476202;Sumaré;SP;0,486;Sumaré;-22,8260498;-47,2640226;13170002;CENTRO;nao_aplicavel;2500,0;Média (R$ 1.800-2.999);Não pesquisado ainda;nao_pesquisado;False
35008152;COLEGIO OFICINA DO ESTUDANTE UNIDADE PAINEIRAS;3509502;17,0;47;Outras posições;False;628,7524242424242;66,0;3,0;290,0;0,626;Polígono;650,9316374269006;114,0;642,7992592592593;-22,17921318447634;Campinas;SP;0,82;Campinas;-22,90106833;-47,02966667;13092553;VILA BRANDINA;nao_aplicavel;3000,0;Média-Alta (R$ 3.000-4.999);Não pesquisado ainda;nao_pesquisado;False
35004887;COLEGIO FOCUS;3518404;2,0;7;Desafiante (2º-5º local);False;638,8096551724137;58,0;1,0;178,0;0,626;Polígono;639,6072727272727;44,0;639,153725490196;-0,7976175548590163;Guaratinguetá;SP;0,6348;Guaratinguetá;-22,8198448;-45,2031453;12505512;CHACARA SELLES;nao_aplicavel;2000,0;Média (R$ 1.800-2.999);Não pesquisado ainda;nao_pesquisado;False
53001281;COL BATISTA DE BRASILIA;5300108;43,0;117;Outras posições;False;624,3768181818182;44,0;3,0;157,0;0,626;Polígono;646,3816666666667;36,0;634,279;-22,00484848484848;Brasília;DF;0,9278;Brasília;-15,80305;-47,90388;70390050;ASA SUL;nao_aplicavel;3000,0;Média-Alta (R$ 3.000-4.999);Não pesquisado ainda;nao_pesquisado;False
35140648;SER COLEGIO;3525904;12,0;31;Outras posições;False;634,9766013071895;51,0;2,0;188,0;0,626;Polígono;665,0812244897959;49,0;649,7278666666666;-30,10462318260636;Jundiaí;SP;0,825;Jundiaí;-23,1399057;-46,9118728;13214010;VILA BANDEIRANTES;nao_aplicavel;3000,0;Média-Alta (R$ 3.000-4.999);Não pesquisado ainda;nao_pesquisado;False
31276651;COLEGIO NEUZA DUTRA;3106705;4,0;6;Desafiante (2º-5º local);False;613,4905263157895;38,0;4,0;137,0;0,625;Polígono;632,7556521739131;23,0;620,7544262295082;-19,26512585812361;Betim;MG;0,421;Betim;-19,93826;-44,13964;32675402;VILA CRISTINA;nao_aplicavel;1700,0;Baixa (< R$ 1.800);Não pesquisado ainda;nao_pesquisado;False
43037704;COLEGIO LA SALLE NITEROI;4304606;6,0;10;Outras posições;False;604,9827027027027;37,0;5,0;142,0;0,624;Polígono;;;604,9827027027027;;Canoas;RS;0,7184;Canoas;-29,95398;-51,16894;92120000;NITERÓI;nao_aplicavel;2000,0;Média (R$ 1.800-2.999);Não pesquisado ainda;nao_pesquisado;False
41071921;COLEGIO ELITE EF EM;4104808;5,0;15;Desafiante (2º-5º local);False;618,843870967742;62,0;3,0;224,0;0,624;Polígono;604,4764444444445;60,0;611,7779234972678;14,367426523297468;Cascavel;PR;0,7121;Cascavel;-24,95206719;-53,44963913;85812001;CENTRO;nao_aplicavel;5000,0;Alta (≥ R$ 5.000);Não pesquisado ainda;nao_pesquisado;False
35112951;CANDELARIA COLEGIO;3520509;6,0;12;Outras posições;False;604,8179365079365;42,0;5,0;176,0;0,623;Polígono;597,1411428571428;35,0;601,3284848484848;7,676793650793684;Indaiatuba;SP;0,794;Indaiatuba;-23,09052;-47,2182389;13330360;VILA SFEIR;nao_aplicavel;3000,0;Média-Alta (R$ 3.000-4.999);Não pesquisado ainda;nao_pesquisado;False
13026194;CENTRO EDUCACIONAL LA SALLE;1302603;12,0;49;Outras posições;False;601,016183908046;145,0;5,0;553,0;0,623;Polígono;601,5956204379562;137,0;601,29768321513;-0,5794365299102537;Manaus;AM;0,5729;Manaus;-3,0879917;-60,0399667;69040040;DOM PEDRO I;nao_aplicavel;3000,0;Média-Alta (R$ 3.000-4.999);Não pesquisado ainda;nao_pesquisado;False
31267007;INSTITUTO EDUCACIONAL NOVOS TEMPOS;3118601;6,0;17;Outras posições;False;600,9364971751412;59,0;5,0;211,0;0,622;Polígono;614,8014634146342;41,0;606,6211333333334;-13,864966239493016;Contagem;MG;0,6616;Contagem;-19,91469;-44,0805227;32013650;CENTRO;nao_aplicavel;1850,0;Média (R$ 1.800-2.999);Não pesquisado ainda;nao_pesquisado;False
42159571;COLEGIO MUNDO DO SABER;4211900;4,0;9;Desafiante (2º-5º local);False;616,1766666666666;24,0;4,0;115,0;0,622;Polígono;567,2515789473684;19,0;594,5586046511627;48,925087719298176;Palhoça;SC;0,5957;Palhoça;-27,63778507;-48,68128551;88132015;PAGANI;nao_aplicavel;2500,0;Média (R$ 1.800-2.999);Não pesquisado ainda;nao_pesquisado;False
23282339;COLEGIO TELEYOS;2304400;39,0;117;Outras posições;False;614,93;136,0;4,0;563,0;0,622;Polígono;621,3421333333333;125,0;618,000945083014;-6,412133333333372;Fortaleza;CE;0,8208;Fortaleza;;;60763425;CONJUNTO ESPERANÇA;nao_aplicavel;1212,0;Baixa (< R$ 1.800);Não pesquisado ainda;nao_pesquisado;False
31223123;COL CHROMOS BETIM;3106705;5,0;6;Desafiante (2º-5º local);False;634,0792857142858;28,0;2,0;121,0;0,621;Polígono;638,61;24,0;636,1703846153846;-4,530714285714225;Betim;MG;0,421;Betim;-19,95603552;-44,19601707;32604272;JARDIM DA CIDADE;nao_aplicavel;6000,0;Alta (≥ R$ 5.000);Não pesquisado ainda;nao_pesquisado;False
23275871;COLEGIO GURI SENIOR;2304400;40,0;117;Outras posições;False;608,4722388059702;67,0;5,0;163,0;0,621;Polígono;598,1454545454545;66,0;603,3476691729322;10,326784260515636;Fortaleza;CE;0,8208;Fortaleza;;;60730062;VILA PERI;nao_aplicavel;1212,0;Baixa (< R$ 1.800);Não pesquisado ainda;nao_pesquisado;False
22142517;COLEGIO MADRE SAVINA UNIDADE JOCKEY;2211001;25,0;52;Outras posições;False;623,4390163934426;61,0;3,0;229,0;0,621;Polígono;599,5566666666667;60,0;611,5965289256197;23,88234972677583;Teresina;PI;0,7817;Teresina;;;64049240;JÓQUEI;nao_aplicavel;12000,0;Alta (≥ R$ 5.000);Não pesquisado ainda;nao_pesquisado;False
53001109;ESCOLA SALESIANA BRASILIA;5300108;44,0;117;Outras posições;False;608,3921212121212;33,0;5,0;135,0;0,621;Polígono;595,0086666666667;20,0;603,3417610062893;13,38345454545447;Brasília;DF;0,9278;Brasília;-15,7996488;-47,8960322;70330730;ASA SUL;nao_aplicavel;3000,0;Média-Alta (R$ 3.000-4.999);Não pesquisado ainda;nao_pesquisado;False
42106311;COLEGIO GERACAO;4205407;17,0;30;Outras posições;False;623,3037333333333;75,0;3,0;234,0;0,621;Polígono;636,4092537313433;67,0;629,487323943662;-13,105520398009958;Florianópolis;SC;0,9306;Florianópolis;-27,57476042;-48,52913746;88025230;AGRONÔMICA;nao_aplicavel;4000,0;Média-Alta (R$ 3.000-4.999);Não pesquisado ainda;nao_pesquisado;False
41076087;CAESP;4108304;4,0;12;Desafiante (2º-5º local);False;604,5047368421052;38,0;5,0;159,0;0,62;Polígono;597,4106976744187;43,0;600,7387654320987;7,09403916768656;Foz do Iguaçu;PR;0,633;Foz do Iguaçu;-25,54587021;-54,58435703;85851010;CENTRO;nao_aplicavel;4000,0;Média-Alta (R$ 3.000-4.999);Não pesquisado ainda;nao_pesquisado;False
43097812;COLEGIO SALVATORIANO BOM CONSELHO;4314100;4,0;5;Desafiante (2º-5º local);False;604,496;20,0;5,0;116,0;0,62;Polígono;588,322380952381;28,0;595,0613888888889;16,173619047619013;Passo Fundo;RS;0,6524;Passo Fundo;-28,25527;-52,39811;99010220;CENTRO;nao_aplicavel;2500,0;Média (R$ 1.800-2.999);Não pesquisado ainda;nao_pesquisado;False
35456196;COLEGIO VISCONDE DE PORTO SEGURO CAMPUS VILA ANDRADE;3550308;113,0;516;Outras posições;False;618,1942962962962;90,0;3,0;245,0;0,62;Polígono;634,87670995671;77,0;625,8861876247504;-16,682413660413772;São Paulo;SP;0,8116;Vila Andrade;-23,632648;-46,7398835;5728030;VILA ANDRADE;distrito;4000,0;Média-Alta (R$ 3.000-4.999);Não pesquisado ainda;nao_pesquisado;False
35138009;CHALUPE COLEGIO;3505708;3,0;5;Desafiante (2º-5º local);False;611,889411764706;34,0;5,0;123,0;0,62;Polígono;640,2252941176471;34,0;626,0573529411766;-28,3358823529411;Barueri;SP;0,7467;Barueri;-23,5070975;-46,874037;6401010;CENTRO;nao_aplicavel;4000,0;Média-Alta (R$ 3.000-4.999);Não pesquisado ainda;nao_pesquisado;False
41156781;INTEGRAL DE TOLEDO CEM;4127700;4,0;5;Desafiante (2º-5º local);False;628,7807207207206;37,0;2,0;133,0;0,619;Polígono;632,4094017094018;39,0;630,6428070175439;-3,62868098868114;Toledo;PR;0,5682;Toledo;-24,71909756;-53,74440536;85904180;VILA INDUSTRIAL;nao_aplicavel;3000,0;Média-Alta (R$ 3.000-4.999);Não pesquisado ainda;nao_pesquisado;False
33028567;COLEGIO OBJETIVO SAO PEDRO;3305208;2,0;5;Desafiante (2º-5º local);False;615,5335;40,0;4,0;139,0;0,619;Polígono;612,48125;16,0;614,6614285714286;3,052249999999958;São Pedro da Aldeia;RJ;0,4352;São Pedro da Aldeia;-22,83575897;-42,09978171;28941140;CENTRO;nao_aplicavel;3000,0;Média-Alta (R$ 3.000-4.999);Não pesquisado ainda;nao_pesquisado;False
41152450;NOBEL NOVO CENTRO C-EM;4115200;7,0;21;Outras posições;False;633,5181420765027;122,0;2,0;480,0;0,619;Polígono;618,7914666666667;75,0;627,9115397631134;14,726675409836048;Maringá;PR;0,7882;Maringá;-23,41776249;-51,93494015;87013100;ZONA 01;nao_aplicavel;3000,0;Média-Alta (R$ 3.000-4.999);Não pesquisado ainda;nao_pesquisado;False
41072111;SANTA MARIA C EI F M;4104808;6,0;15;Outras posições;False;608,0061788617886;41,0;5,0;190,0;0,619;Polígono;619,2456910569106;41,0;613,6259349593496;-11,23951219512196;Cascavel;PR;0,7121;Cascavel;-24,95713;-53,47327333;85801021;CENTRO;nao_aplicavel;5000,0;Alta (≥ R$ 5.000);Não pesquisado ainda;nao_pesquisado;False
35140703;QUINTAL SISTEMA EDUCACIONAL;3522307;2,0;10;Desafiante (2º-5º local);False;622,7194623655914;62,0;3,0;175,0;0,618;Polígono;597,2150427350427;39,0;612,8712211221122;25,50441963054868;Itapetininga;SP;0,5148;Itapetininga;-23,6165425;-48,0598012;18206320;VILA NASTRI;nao_aplicavel;2000,0;Média (R$ 1.800-2.999);Não pesquisado ainda;nao_pesquisado;False
31377767;COLEGIO CESE - UNIDADE II;3131703;4,0;6;Desafiante (2º-5º local);False;611,425;16,0;5,0;108,0;0,618;Polígono;605,8042857142857;14,0;608,8019999999999;5,620714285714257;Itabira;MG;0,5727;Itabira;;;35900410;GABIROBA (1ª SECAO);nao_aplicavel;2000,0;Média (R$ 1.800-2.999);Não pesquisado ainda;nao_pesquisado;False
35137224;ESPACO EDUCACAO BASICA COLEGIO;3504107;5,0;11;Desafiante (2º-5º local);False;615,2338383838384;66,0;4,0;247,0;0,618;Polígono;606,6151041666667;64,0;610,9907692307693;8,618734217171664;Atibaia;SP;0,7617;Atibaia;-23,1477059;-46,5550891;12947000;JARDIM PAULISTA;nao_aplicavel;2500,0;Média (R$ 1.800-2.999);Não pesquisado ainda;nao_pesquisado;False
35118084;OBJETIVO COLEGIO DE CAMPINAS UNIDADE BARAO GERALDO;3509502;18,0;47;Outras posições;False;632,5384967320261;51,0;1,0;169,0;0,618;Polígono;637,5102564102564;52,0;635,0485113268609;-4,971759678230228;Campinas;SP;0,82;Campinas;-22,8201715;-47,08527;13084583;ARRUAMENTO FAIN JOSE FERES;nao_aplicavel;3000,0;Média-Alta (R$ 3.000-4.999);Não pesquisado ainda;nao_pesquisado;False
31375071;COLEGIO ANN MACKENZIE;3170206;14,0;21;Outras posições;False;604,0178571428571;28,0;5,0;137,0;0,618;Polígono;598,3793939393939;33,0;600,9675409836066;5,638463203463175;Uberlândia;MG;0,8643;Uberlândia;;;38406633;GRANJA MARILEUSA;nao_aplicavel;10000,0;Alta (≥ R$ 5.000);Não pesquisado ainda;nao_pesquisado;False
33138567;SOCIEDADE EDUC COZZOLINO LTDA;3302502;2,0;5;Desafiante (2º-5º local);False;619,1778947368421;19,0;4,0;108,0;0,617;Polígono;631,3345454545455;22,0;625,700975609756;-12,156650717703428;Magé;RJ;0,3406;Magé;;;25931822;PIABETA (INHOMIRIM);nao_aplicavel;1220,0;Baixa (< R$ 1.800);Não pesquisado ainda;nao_pesquisado;False
35498646;ALBERT EINSTEIN ETIEP UNIDADE II;3550308;114,0;516;Outras posições;False;622,8056910569105;82,0;2,0;266,0;0,617;Polígono;610,8885858585859;66,0;617,4913063063063;11,917105198324634;São Paulo;SP;0,8116;Consolação;-23,5584786;-46,6597746;1311000;BELA VISTA;distrito;7500,0;Alta (≥ R$ 5.000);Não pesquisado ainda;nao_pesquisado;False
52188388;FRACTAL CENTRO DE EDUCACAO E ENSINO;5208707;31,0;68;Outras posições;False;632,3061904761905;84,0;1,0;252,0;0,617;Polígono;631,7791269841271;84,0;632,0426587301588;0,527063492063462;Goiânia;GO;0,9482;Goiânia;-16,7114345;-49,30302;74333010;JARDIM PLANALTO;nao_aplicavel;2500,0;Média (R$ 1.800-2.999);Não pesquisado ainda;nao_pesquisado;False
35106616;NOSSA SENHORA DA GLORIA COLEGIO MARISTA;3550308;115,0;516;Outras posições;False;632,9044444444445;63,0;2,0;276,0;0,616;Polígono;636,9423529411765;68,0;635,0004580152672;-4,03790849673203;São Paulo;SP;0,8116;Cambuci;-23,5612233;-46,6232738;1518000;CAMBUCI;distrito;4000,0;Média-Alta (R$ 3.000-4.999);Não pesquisado ainda;nao_pesquisado;False
35109411;NOSSA SENHORA DOS REMEDIOS COLEGIO;3534401;6,0;31;Outras posições;False;607,5145762711865;59,0;5,0;227,0;0,616;Polígono;612,5171428571429;56,0;609,9506086956522;-5,0025665859564015;Osasco;SP;0,6495;Osasco;-23,5198726;-46,7540948;6296190;REMEDIOS;nao_aplicavel;2001,0;Média (R$ 1.800-2.999);Não pesquisado ainda;nao_pesquisado;False
33031363;COL DE APLICACAO DE RESENDE;3304201;7,0;8;Outras posições;False;599,9111764705882;34,0;5,0;168,0;0,616;Polígono;600,9177142857143;35,0;600,4217391304347;-1,0065378151260802;Resende;RJ;0,701;Resende;;;27523000;MORADA DA COLINA;nao_aplicavel;5500,0;Alta (≥ R$ 5.000);Não pesquisado ainda;nao_pesquisado;False
35811142;PORTAL DE LIMEIRA COLEGIO;3526902;5,0;15;Desafiante (2º-5º local);False;621,7616161616161;33,0;3,0;118,0;0,616;Polígono;631,6409756097561;41,0;627,2353153153152;-9,879359448140008;Limeira;SP;0,663;Limeira;-22,5688271;-47,4097697;13480070;CENTRO;nao_aplicavel;2300,0;Média (R$ 1.800-2.999);Não pesquisado ainda;nao_pesquisado;False
35173548;APICE INSTITUTO EDUCACIONAL LTDA;3552205;9,0;27;Outras posições;False;614,8057471264367;29,0;4,0;102,0;0,615;Polígono;609,9121739130435;23,0;612,641282051282;4,893573213393211;Sorocaba;SP;0,7667;Sorocaba;-23,4929981;-47,4665024;18060501;VILA TRUJILLO;nao_aplicavel;2500,0;Média (R$ 1.800-2.999);Não pesquisado ainda;nao_pesquisado;False
52101541;COLEGIO CORTEX;5208707;32,0;68;Outras posições;False;621,5956818181818;44,0;3,0;155,0;0,615;Polígono;627,4809722222222;48,0;624,6662681159421;-5,885290404040461;Goiânia;GO;0,9482;Goiânia;-16,70351146;-49,27140589;74215150;SETOR BUENO;nao_aplicavel;2500,0;Média (R$ 1.800-2.999);Não pesquisado ainda;nao_pesquisado;False
42020590;COLEGIO ADVENTISTA DE JOINVILLE SAGUACU;4209102;4,0;14;Desafiante (2º-5º local);False;607,2554166666666;48,0;5,0;259,0;0,614;Polígono;596,7972222222222;48,0;602,0263194444444;10,458194444444416;Joinville;SC;0,7075;Joinville;-26,2842316;-48,8419525;89221356;SAGUACU;nao_aplicavel;4600,0;Média-Alta (R$ 3.000-4.999);Não pesquisado ainda;nao_pesquisado;False
33071683;PENSI MARTINS;3304557;125,0;344;Outras posições;False;632,2200888888889;75,0;2,0;303,0;0,614;Polígono;646,1052208835341;83,0;639,5141772151898;-13,885131994645237;Rio de Janeiro;RJ;0,8408;Rio de Janeiro;-22,9042;-43,27801;20710020;MÉIER;bairro;4500,0;Média-Alta (R$ 3.000-4.999);Não pesquisado ainda;nao_pesquisado;False
35135227;MACKENZIE TAMBORE COLEGIO PRESBITERIANO;3505708;4,0;5;Desafiante (2º-5º local);False;607,1865964912281;190,0;5,0;841,0;0,614;Polígono;621,9096415770609;186,0;614,469804964539;-14,723045085832837;Barueri;SP;0,7467;Barueri;-23,4879072;-46,8322826;6460130;CENTRO EMPRESARIAL TAMBORE;nao_aplicavel;3000,0;Média-Alta (R$ 3.000-4.999);Não pesquisado ainda;nao_pesquisado;False
35295784;IDEAL COLEGIO;3543402;13,0;38;Outras posições;False;627,5168;25,0;2,0;131,0;0,614;Polígono;613,8056;25,0;620,6612;13,711199999999964;Ribeirão Preto;SP;0,9014;Ribeirão Preto;-21,19852;-47,78835;14096540;RIBEIRANIA;nao_aplicavel;2500,0;Média (R$ 1.800-2.999);Não pesquisado ainda;nao_pesquisado;False
26135490;COLEGIO IMACULADO CORACAO DE MARIA;2609600;5,0;13;Desafiante (2º-5º local);False;603,2870707070707;99,0;5,0;322,0;0,614;Polígono;606,4939805825243;103,0;604,9222772277227;-3,2069098754535617;Olinda;PE;0,5248;Olinda;-7,997581667;-34,84325;53030230;BAIRRO NOVO;nao_aplicavel;5000,0;Alta (≥ R$ 5.000);Não pesquisado ainda;nao_pesquisado;False
35165190;OBJETIVO CENTRO INTERESCOLAR UNIDADE XXVII;3543402;14,0;38;Outras posições;False;621,4924497991968;83,0;2,0;340,0;0,613;Polígono;628,8409661835749;69,0;624,8282894736842;-7,348516384378058;Ribeirão Preto;SP;0,9014;Ribeirão Preto;-21,2183247;-47,8192901;14026596;NOVA ALIANCA;nao_aplicavel;2500,0;Média (R$ 1.800-2.999);Não pesquisado ainda;nao_pesquisado;False
31362735;COLEGIO SAO FRANCISCO - UNIDADE II;3147907;5,0;5;Desafiante (2º-5º local);False;621,1076422764228;41,0;3,0;146,0;0,613;Polígono;638,3333333333334;54,0;630,8990877192982;-17,22569105691059;Passos;MG;0,5509;Passos;-20,7162525;-46,6101619;37900093;CENTRO;nao_aplicavel;3300,0;Média-Alta (R$ 3.000-4.999);Não pesquisado ainda;nao_pesquisado;False
31158101;ESCOLA PARTICULAR PEQUENO PRINCIPE;3168606;3,0;4;Desafiante (2º-5º local);False;618,4019999999999;40,0;4,0;141,0;0,613;Polígono;654,57;32,0;634,4766666666667;-36,16800000000012;Teófilo Otoni;MG;0,5313;Teófilo Otoni;-17,8651247;-41,5003637;39801022;IPIRANGA;nao_aplicavel;3636,0;Média-Alta (R$ 3.000-4.999);Não pesquisado ainda;nao_pesquisado;False
25132369;JANIO DE SA BRAGA FILHO;2507507;24,0;55;Outras posições;False;614,354962962963;45,0;4,0;122,0;0,612;Polígono;636,2475;16,0;620,0972677595629;-21,89253703703696;João Pessoa;PB;0,8675;João Pessoa;;;58037545;JARDIM OCEANIA;nao_aplicavel;6400,0;Alta (≥ R$ 5.000);Não pesquisado ainda;nao_pesquisado;False
33065411;COL TERESIANO;3304557;127,0;344;Outras posições;False;609,7419512195122;41,0;4,0;166,0;0,612;Polígono;626,3218181818181;33,0;617,1356756756757;-16,579866962305914;Rio de Janeiro;RJ;0,8408;Rio de Janeiro;-22,98088;-43,2353;22451041;GAVEA;bairro;9000,0;Alta (≥ R$ 5.000);Não pesquisado ainda;nao_pesquisado;False
31198846;COL STA TERESA;3134202;2,0;4;Desafiante (2º-5º local);False;614,2714285714286;35,0;4,0;129,0;0,612;Polígono;626,048376068376;39,0;620,4781981981981;-11,7769474969474;Ituiutaba;MG;0,4637;Ituiutaba;-18,969108;-49,4650831;38300074;CENTRO;nao_aplicavel;2400,0;Média (R$ 1.800-2.999);Não pesquisado ainda;nao_pesquisado;False
22141693;COLEGIO PROPOSITO;2211001;26,0;52;Outras posições;False;625,1702873563218;116,0;1,0;227,0;0,611;Polígono;628,8087804878048;41,0;626,120467091295;-3,6384931314830737;Teresina;PI;0,7817;Teresina;-5,084492;-42,79793;64001090;CENTRO;nao_aplicavel;3000,0;Média-Alta (R$ 3.000-4.999);Não pesquisado ainda;nao_pesquisado;False
29417546;COLEGIO DIPLOMATA;2910800;10,0;21;Outras posições;False;628,0016666666667;12,0;1,0;103,0;0,61;Polígono;;;628,0016666666667;;Feira de Santana;BA;0,6655;Feira de Santana;;;44075239;PONTO CENTRAL;nao_aplicavel;2000,0;Média (R$ 1.800-2.999);Não pesquisado ainda;nao_pesquisado;False
29318335;COLEGIO ANISIO TEIXEIRA;2910727;2,0;4;Desafiante (2º-5º local);False;617,9016666666666;44,0;4,0;155,0;0,61;Polígono;604,3018518518519;54,0;610,4078911564626;13,59981481481475;Eunápolis;BA;0,3705;Eunápolis;-16,38420667;-39,58769333;45820068;CENTRO;nao_aplicavel;1212,0;Baixa (< R$ 1.800);Não pesquisado ainda;nao_pesquisado;False
41071417;IDEAL C EI F M;4104808;7,0;15;Outras posições;False;606,244126984127;21,0;5,0;129,0;0,61;Polígono;620,7662365591398;31,0;614,9015384615385;-14,522109575012792;Cascavel;PR;0,7121;Cascavel;-24,96033667;-53,46373;85801040;CENTRO;nao_aplicavel;5000,0;Alta (≥ R$ 5.000);Não pesquisado ainda;nao_pesquisado;False
43092454;COLEGIO MARISTA PIO XII;4313409;2,0;6;Desafiante (2º-5º local);False;602,704;40,0;5,0;244,0;0,61;Polígono;618,3742028985507;69,0;612,6236697247706;-15,67020289855077;Novo Hamburgo;RS;0,4745;Novo Hamburgo;-29,6826049;-51,13413674;93315042;VILA ROSA;nao_aplicavel;4150,0;Média-Alta (R$ 3.000-4.999);Não pesquisado ainda;nao_pesquisado;False
53001907;COL ADVENTISTA DA ASA SUL;5300108;47,0;117;Outras posições;False;609,1935757575758;55,0;4,0;267,0;0,61;Polígono;627,3340740740741;54,0;618,1806116207952;-18,140498316498338;Brasília;DF;0,9278;Brasília;;;70200710;ASA SUL;nao_aplicavel;3000,0;Média-Alta (R$ 3.000-4.999);Não pesquisado ainda;nao_pesquisado;False
24083453;COLEGIO CONTEMPORANEO;2403251;7,0;13;Outras posições;False;610,1968;50,0;4,0;134,0;0,609;Polígono;649,67;46,0;629,1110416666667;-39,47319999999991;Parnamirim;RN;0,7723;Parnamirim;-5,892532;-35,19732;59151590;NOVA PARNAMIRIM;nao_aplicavel;3500,0;Média-Alta (R$ 3.000-4.999);Não pesquisado ainda;nao_pesquisado;False
33169365;COLEGIO BRUNO OSTMANN;3302403;6,0;11;Outras posições;False;625,3152380952381;42,0;2,0;115,0;0,609;Polígono;618,9521428571428;28,0;622,77;6,363095238095298;Macaé;RJ;0,7161;Macaé;-22,3726547;-41,7805185;27913300;IMBETIBA;nao_aplicavel;4000,0;Média-Alta (R$ 3.000-4.999);Não pesquisado ainda;nao_pesquisado;False
35338345;COLEGIO ALMEIDA GARRETT;3543402;15,0;38;Outras posições;False;620,5052631578948;38,0;3,0;152,0;0,608;Polígono;642,9806666666667;30,0;630,4208823529412;-22,475403508771933;Ribeirão Preto;SP;0,9014;Ribeirão Preto;-21,1661203;-47,8030751;14080100;CAMPOS ELISEOS;nao_aplicavel;2500,0;Média (R$ 1.800-2.999);Não pesquisado ainda;nao_pesquisado;False
13026500;COLEGIO SANTA DOROTEIA;1302603;15,0;49;Outras posições;False;613,8619047619048;28,0;4,0;120,0;0,608;Polígono;602,2574074074074;36,0;607,334375;11,604497354497424;Manaus;AM;0,5729;Manaus;-3,132438;-60,0197311;69020030;CENTRO;nao_aplicavel;1900,0;Média (R$ 1.800-2.999);Não pesquisado ainda;nao_pesquisado;False
31305847;COL CIDADE DE MURIAE;3143906;2,0;3;Desafiante (2º-5º local);False;605,871339869281;102,0;5,0;276,0;0,608;Polígono;628,2675675675677;74,0;615,2879356060606;-22,39622769828668;Muriaé;MG;0,4496;Muriaé;-21,13185981;-42,36881505;36880043;CENTRO;nao_aplicavel;1500,0;Baixa (< R$ 1.800);Não pesquisado ainda;nao_pesquisado;False
17052564;CENTRO EDUCACIONAL SAO FRANCISCO DE ASSIS;1721000;6,0;14;Outras posições;False;613,7075471698113;53,0;4,0;208,0;0,607;Polígono;626,2758974358974;26,0;617,8439662447256;-12,5683502660861;Palmas;TO;0,7844;Palmas;-10,18388353;-48,31818479;77006096;PLANO DIRETOR NORTE;nao_aplicavel;2148,5;Média (R$ 1.800-2.999);Não pesquisado ainda;nao_pesquisado;False
35110966;ANTONIO TEIXEIRA FERNANDES COLEGIO TECNICO;3549904;11,0;27;Outras posições;False;620,4035555555556;330,0;3,0;1229,0;0,607;Polígono;618,1283428571429;350,0;619,2324901960785;2,2752126984127017;São José dos Campos;SP;0,9207;São José dos Campos;-23,1927863;-45,88663881;12245780;CENTRO;nao_aplicavel;2700,0;Média (R$ 1.800-2.999);Não pesquisado ainda;nao_pesquisado;False
43109284;CENTRO DE ENSINO MEDIO PASTOR DOHMS- UNIDADE DE ENSINO ZONA SUL;4314902;38,0;61;Outras posições;False;602,3606504065041;41,0;5,0;105,0;0,607;Polígono;567,699696969697;33,0;586,9037387387386;34,66095343680706;Porto Alegre;RS;0,9276;Porto Alegre;-30,08148;-51,2058;91720130;TERESÓPOLIS;nao_aplicavel;4000,0;Média-Alta (R$ 3.000-4.999);Não pesquisado ainda;nao_pesquisado;False
35193914;ALFABETO COLEGIO;3530607;9,0;24;Outras posições;False;620,1646808510637;47,0;3,0;154,0;0,606;Polígono;620,9616666666667;32,0;620,4875105485231;-0,7969858156029659;Mogi das Cruzes;SP;0,7296;Mogi das Cruzes;-23,5373652;-46,1976812;8730660;CHACARA JAFET;nao_aplicavel;2700,0;Média (R$ 1.800-2.999);Não pesquisado ainda;nao_pesquisado;False
33111774;COLEGIO EQUIPE GRAU;3303203;1,0;8;Líder local;False;609,529;40,0;4,0;158,0;0,606;Polígono;657,3343209876543;27,0;628,7938308457711;-47,80532098765434;Nilópolis;RJ;0,3444;Nilópolis;-22,8125;-43,41258;26510001;CENTRO;nao_aplicavel;2500,0;Média (R$ 1.800-2.999);Não pesquisado ainda;nao_pesquisado;False
35133395;CENTRO INTERESCOLAR OBJETIVO UNIDADE TATUAPE;3550308;117,0;516;Outras posições;False;625,7865217391304;92,0;2,0;336,0;0,606;Polígono;623,0257981220657;142,0;624,1112108262107;2,760723617064741;São Paulo;SP;0,8116;Tatuapé;-23,5475257;-46,5731162;3322001;VILA GOMES CARDIM;distrito;6000,0;Alta (≥ R$ 5.000);Não pesquisado ainda;nao_pesquisado;False
35118321;CRIARTE COLEGIO;3541406;7,0;13;Outras posições;False;625,7539130434783;23,0;2,0;116,0;0,606;Polígono;642,6033333333334;36,0;636,0349152542373;-16,84942028985506;Presidente Prudente;SP;0,7561;Presidente Prudente;-22,1408175;-51,3890498;19013370;VILA INDUSTRIAL;nao_aplicavel;2300,0;Média (R$ 1.800-2.999);Não pesquisado ainda;nao_pesquisado;False
33161402;COLEGIO E CURSO PENSI;3304557;130,0;344;Outras posições;False;620,1187628865979;97,0;3,0;375,0;0,606;Polígono;621,3882644628098;121,0;620,8233944954128;-1,269501576211951;Rio de Janeiro;RJ;0,8408;Rio de Janeiro;-23,01416;-43,46421;22790701;RECREIO DOS BANDEIRANTES;bairro;6000,0;Alta (≥ R$ 5.000);Não pesquisado ainda;nao_pesquisado;False
52032973;COLEGIO GOIANIENSE ADVENTISTA;5208707;33,0;68;Outras posições;False;605,14;44,0;5,0;142,0;0,605;Polígono;610,1448648648649;37,0;607,4261728395062;-5,004864864864885;Goiânia;GO;0,9482;Goiânia;-16,6296183;-49,2354637;74670020;SANTA GENOVEVA;nao_aplicavel;2500,0;Média (R$ 1.800-2.999);Não pesquisado ainda;nao_pesquisado;False
41130090;JOAO BAGOZZI COL PE - EF-EM E NORMAL;4106902;26,0;69;Outras posições;False;601,8088541666667;128,0;5,0;509,0;0,604;Polígono;610,0595800524934;127,0;605,9180392156863;-8,250725885826682;Curitiba;PR;0,8491;Curitiba;-25,47411018;-49,29442241;81070000;PORTAO;nao_aplicavel;5000,0;Alta (≥ R$ 5.000);Não pesquisado ainda;nao_pesquisado;False
35529503;COLEGIO TORRICELLI UNIDADE I;3518800;8,0;57;Outras posições;False;612,5633333333333;38,0;4,0;170,0;0,603;Polígono;603,0720930232558;43,0;607,5247736625514;9,4912403100775;Guarulhos;SP;0,6077;Guarulhos;-23,4675516;-46,5200554;7111080;VILA CAMARGOS;nao_aplicavel;2300,0;Média (R$ 1.800-2.999);Não pesquisado ainda;nao_pesquisado;False
52290352;COLEGIO EINSTEIN;5208707;34,0;68;Outras posições;False;604,78;25,0;5,0;130,0;0,603;Polígono;603,4094117647059;34,0;603,9901694915254;1,3705882352941217;Goiânia;GO;0,9482;Goiânia;;;74230200;SETOR BUENO;nao_aplicavel;2500,0;Média (R$ 1.800-2.999);Não pesquisado ainda;nao_pesquisado;False
43105637;COLEGIO ADVENTISTA MARECHAL RONDON;4314902;39,0;61;Outras posições;False;601,7305882352941;85,0;5,0;330,0;0,603;Polígono;599,0359183673469;98,0;600,2875409836065;2,6946698679472547;Porto Alegre;RS;0,9276;Porto Alegre;-30,01315;-51,14875;91370230;VILA IPIRANGA;nao_aplicavel;4000,0;Média-Alta (R$ 3.000-4.999);Não pesquisado ainda;nao_pesquisado;False
33074089;CENTRO EDUCACIONAL ROSA CHAMMA;3304557;131,0;344;Outras posições;False;628,8553488372092;43,0;1,0;188,0;0,603;Polígono;665,2017857142857;56,0;649,4149494949495;-36,346436877076485;Rio de Janeiro;RJ;0,8408;Rio de Janeiro;-22,84001;-43,30913;21210675;VILA DA PENHA;bairro;3500,0;Média-Alta (R$ 3.000-4.999);Não pesquisado ainda;nao_pesquisado;False
41027051;PRISMA - COLEGIO ENS FUND E MEDIO;4101507;2,0;5;Desafiante (2º-5º local);False;601,7152941176471;34,0;5,0;137,0;0,603;Polígono;619,8351219512195;41,0;611,6207999999999;-18,119827833572455;Arapongas;PR;0,3946;Arapongas;-23,41872993;-51,43090532;86700420;VILA ARATIMBO;nao_aplicavel;2000,0;Média (R$ 1.800-2.999);Não pesquisado ainda;nao_pesquisado;False
41024672;COLEGIO SANTA CRUZ;4115200;9,0;21;Outras posições;False;607,8339393939394;44,0;4,0;173,0;0,602;Polígono;622,0715151515152;33,0;613,9357575757576;-14,237575757575769;Maringá;PR;0,7882;Maringá;-23,42234136;-51,95442935;87015290;ZONA 05;nao_aplicavel;3000,0;Média-Alta (R$ 3.000-4.999);Não pesquisado ainda;nao_pesquisado;False
33439818;UNICO COLEGIO E VESTIBULARES;3302205;2,0;3;Desafiante (2º-5º local);False;633,5921428571428;56,0;1,0;181,0;0,602;Polígono;680,0924137931034;29,0;649,4569411764705;-46,50027093596066;Itaperuna;RJ;0,4987;Itaperuna;;;28300000;;nao_aplicavel;1600,0;Baixa (< R$ 1.800);Não pesquisado ainda;nao_pesquisado;False
35108649;SAO JOSE COLEGIO;3547809;7,0;36;Outras posições;False;623,5123287671233;73,0;3,0;272,0;0,602;Polígono;623,1748148148148;45,0;623,383615819209;0,3375139523085408;Santo André;SP;0,7874;Santo André;-23,6679771;-46,5134352;9110070;SILVEIRA;nao_aplicavel;5000,0;Alta (≥ R$ 5.000);Não pesquisado ainda;nao_pesquisado;False
53005503;COL LA SALLE - SOBRADINHO;5300108;49,0;117;Outras posições;False;604,5871212121211;44,0;5,0;178,0;0,602;Polígono;619,3766037735849;53,0;612,667972508591;-14,789482561463728;Brasília;DF;0,9278;Brasília;-15,6512681;-47,7817141;73050140;SOBRADINHO;nao_aplicavel;3000,0;Média-Alta (R$ 3.000-4.999);Não pesquisado ainda;nao_pesquisado;False
43041647;COLEGIO MURIALDO;4305108;8,0;12;Outras posições;False;604,585;16,0;5,0;116,0;0,602;Polígono;578,745641025641;26,0;588,5892063492063;25,839358974359016;Caxias do Sul;RS;0,7797;Caxias do Sul;;;95060000;ANA RECH;nao_aplicavel;2700,0;Média (R$ 1.800-2.999);Não pesquisado ainda;nao_pesquisado;False
35126615;CIDADE JARDIM CUMBICA COLEGIO;3518800;9,0;57;Outras posições;False;604,5098765432099;54,0;5,0;192,0;0,601;Polígono;583,6164102564103;39,0;595,7481003584229;20,893466286799597;Guarulhos;SP;0,6077;Guarulhos;-23,4453036;-46,4686089;7181140;JARDIM CUMBICA;nao_aplicavel;2300,0;Média (R$ 1.800-2.999);Não pesquisado ainda;nao_pesquisado;False
35165517;GBI ESCOLA;3506003;6,0;20;Outras posições;False;619,176091954023;29,0;3,0;121,0;0,601;Polígono;595,2378947368421;19,0;609,7005555555555;23,938197217180917;Bauru;SP;0,7441;Bauru;-22,3327978;-49,0436016;17047145;JARDIM AURI VERDE;nao_aplicavel;2400,0;Média (R$ 1.800-2.999);Não pesquisado ainda;nao_pesquisado;False
52105695;COLEGIO LUMEN;5201108;5,0;11;Desafiante (2º-5º local);False;628,3177575757576;55,0;1,0;216,0;0,6;Polígono;647,154303030303;55,0;637,7360303030302;-18,836545454545444;Anápolis;GO;0,6936;Anápolis;;;75110815;JUNDIAÍ;nao_aplicavel;2000,0;Média (R$ 1.800-2.999);Não pesquisado ainda;nao_pesquisado;False
26075440;COLEGIO PRESBITERIANO QUINZE DE NOVEMBRO;2606002;1,0;4;Líder local;False;601,2860740740741;90,0;5,0;321,0;0,6;Polígono;615,5186440677966;118,0;609,3603205128205;-14,23256999372245;Garanhuns;PE;0,236;Garanhuns;-8,88710837;-36,48720881;55293680;SANTO ANTÔNIO;nao_aplicavel;1900,0;Média (R$ 1.800-2.999);Não pesquisado ainda;nao_pesquisado;False
35288032;EMILIO RIBAS COLEGIO DE ENSINO MEDIO;3538006;4,0;7;Desafiante (2º-5º local);False;612,0876923076922;65,0;4,0;195,0;0,6;Polígono;631,6242253521127;71,0;622,2869117647058;-19,53653304442048;Pindamonhangaba;SP;0,4853;Pindamonhangaba;-22,9482159;-45,4546801;12412010;JARDIM CRISTINA;nao_aplicavel;2000,0;Média (R$ 1.800-2.999);Não pesquisado ainda;nao_pesquisado;False
41146476;COLEGIO DOM BOSCO MERCES EDUCACAO INFANTIL ENSINO FUNDAMENTAL E MEDIO;4106902;27,0;69;Outras posições;False;612,0846153846154;26,0;4,0;131,0;0,6;Polígono;622,0370370370371;54,0;618,8025;-9,952421652421664;Curitiba;PR;0,8491;Curitiba;-25,41773;-49,29504;80710010;MERCÊS;nao_aplicavel;5200,0;Alta (≥ R$ 5.000);Não pesquisado ainda;nao_pesquisado;False
43056172;COLEGIO FRANCISCANO SAO JOSE;4307005;2,0;3;Desafiante (2º-5º local);False;601,2373913043477;23,0;5,0;128,0;0,6;Polígono;;;601,2373913043477;;Erechim;RS;0,5959;Erechim;-27,63635;-52,26999;99700306;CENTRO;nao_aplicavel;3500,0;Média-Alta (R$ 3.000-4.999);Não pesquisado ainda;nao_pesquisado;False
35115277;ADVENTISTA DE SAO CARLOS COLEGIO;3548906;9,0;15;Outras posições;False;622,9440650406503;41,0;3,0;158,0;0,6;Polígono;600,4935135135136;37,0;612,2944444444445;22,45055152713678;São Carlos;SP;0,8182;Vila Nery;-22,0061708;-47,8884626;13560462;JARDIM MACARENGO;nao_aplicavel;2400,0;Média (R$ 1.800-2.999);Não pesquisado ainda;nao_pesquisado;False
29199603;INSTITUTO SOCIAL PINDORAMA;2927408;30,0;90;Outras posições;False;607,283829787234;47,0;4,0;131,0;0,599;Polígono;618,9905555555556;36,0;612,3614457831326;-11,706725768321576;Salvador;BA;0,7909;Salvador;-12,867;-38,47284;40728110;PERIPERI;nao_aplicavel;1212,0;Baixa (< R$ 1.800);Não pesquisado ainda;nao_pesquisado;False
33084262;SANTA MONICA REDE DE ENSINO - SANTA CRUZ;3304557;132,0;344;Outras posições;False;614,9634285714286;35,0;2,0;148,0;0,599;Polígono;601,2696969696971;22,0;609,6781286549708;13,693731601731542;Rio de Janeiro;RJ;0,8408;Rio de Janeiro;-22,92503;-43,68287;23515180;SANTA CRUZ;bairro;1230,0;Baixa (< R$ 1.800);Não pesquisado ainda;nao_pesquisado;False
21010250;COLEGIO BATISTA DANIEL DE LA TOUCHE;2111300;17,0;47;Outras posições;False;608,1345;40,0;4,0;118,0;0,598;Polígono;602,6274074074074;27,0;605,915223880597;5,507092592592585;São Luís;MA;0,7058;São Luís;-2,54613357;-44,26972748;65040000;JOÃO PAULO;nao_aplicavel;1300,0;Baixa (< R$ 1.800);Não pesquisado ainda;nao_pesquisado;False
32078684;SISTEMA EDUCACIONAL BRASILEIRO DE EDUCACAO BASICA - SEB JARDIM DA PENHA;3205309;15,0;18;Outras posições;False;615,190731707317;41,0;4,0;183,0;0,598;Polígono;636,4300000000001;58,0;627,6339393939394;-21,23926829268305;Vitória;ES;0,9347;Vitória;-20,28700006;-40,30085156;29062033;PONTAL DE CAMBURI;nao_aplicavel;3675,0;Média-Alta (R$ 3.000-4.999);Não pesquisado ainda;nao_pesquisado;False
35108820;CORACAO DE JESUS INSTITUTO;3547809;8,0;36;Outras posições;False;603,9510344827587;29,0;5,0;121,0;0,598;Polígono;584,8682352941177;34,0;593,652380952381;19,082799188641047;Santo André;SP;0,7874;Santo André;-23,6602023;-46,5245954;9020240;CENTRO;nao_aplicavel;5000,0;Alta (≥ R$ 5.000);Não pesquisado ainda;nao_pesquisado;False
35138654;PASSIONISTA SANTA MARIA COLEGIO;3541000;1,0;15;Líder local;False;611,650238095238;28,0;4,0;106,0;0,598;Polígono;600,6294736842104;19,0;607,1950354609928;11,020764411027583;Praia Grande;SP;0,4916;Praia Grande;-23,99608145;-46,42350524;11725310;SITIO DO CAMPO;nao_aplicavel;2414,0;Média (R$ 1.800-2.999);Não pesquisado ainda;nao_pesquisado;False
35144228;EXATUS COLEGIO E VESTIBULARES;3550308;120,0;516;Outras posições;False;632,4437037037037;54,0;1,0;192,0;0,598;Polígono;654,2363333333334;60,0;643,9135087719299;-21,792629629629687;São Paulo;SP;0,8116;Tatuapé;-23,5359542;-46,5652678;3069070;VILA ZILDA;distrito;6000,0;Alta (≥ R$ 5.000);Não pesquisado ainda;nao_pesquisado;False
35101597;JOAO XXIII COLEGIO;3550308;121,0;516;Outras posições;False;615,0819512195122;41,0;4,0;210,0;0,598;Polígono;609,2678518518519;45,0;612,0396899224806;5,814099367660333;São Paulo;SP;0,8116;Vila Prudente;-23,58028;-46,5855069;3128140;VILA PRUDENTE;distrito;3500,0;Média-Alta (R$ 3.000-4.999);Não pesquisado ainda;nao_pesquisado;False
35111867;INSTITUTO EDUCACAO CIENCIAS E LETRAS CENTRO;3552205;11,0;27;Outras posições;False;603,8600333333334;100,0;5,0;397,0;0,597;Polígono;611,9196699669967;101,0;607,9099004975125;-8,059636633663331;Sorocaba;SP;0,7667;Sorocaba;-23,503416;-47,4640517;18035490;CENTRO;nao_aplicavel;2500,0;Média (R$ 1.800-2.999);Não pesquisado ainda;nao_pesquisado;False
33166900;SEI - SISTEMA DE ENSINO INTERATIVO;3304557;133,0;344;Outras posições;False;627,4694285714286;70,0;1,0;177,0;0,596;Polígono;599,2071428571428;28,0;619,3944897959184;28,26228571428578;Rio de Janeiro;RJ;0,8408;Rio de Janeiro;-22,9221;-43,232;20550120;TIJUCA;bairro;5500,0;Alta (≥ R$ 5.000);Não pesquisado ainda;nao_pesquisado;False
43121896;COLEGIO FRANCISCANO SANT ANNA;4316907;8,0;12;Outras posições;False;600,6156097560976;41,0;5,0;165,0;0,596;Polígono;625,198;40,0;612,755061728395;-24,58239024390241;Santa Maria;RS;0,809;Santa Maria;-29,68428;-53,81012;97010032;CENTRO;nao_aplicavel;4000,0;Média-Alta (R$ 3.000-4.999);Não pesquisado ainda;nao_pesquisado;False
35374957;ASSOCIACAO CRESCER SEMPRE;3550308;123,0;516;Outras posições;False;606,5256862745098;68,0;4,0;209,0;0,596;Polígono;594,4818079096045;59,0;600,9304986876641;12,043878364905254;São Paulo;SP;0,8116;Vila Andrade;-23,6198717;-46,728715;5660000;PARAISOPOLIS;distrito;4000,0;Média-Alta (R$ 3.000-4.999);Não pesquisado ainda;nao_pesquisado;False
27215512;COLEGIO CRISTO REI;2704302;12,0;63;Outras posições;False;618,4933333333333;33,0;2,0;105,0;0,596;Polígono;607,329090909091;33,0;612,9112121212121;11,164242424242389;Maceió;AL;0,6386;Maceió;-9,646791;-35,73757;57055180;FAROL;nao_aplicavel;4000,0;Média-Alta (R$ 3.000-4.999);Não pesquisado ainda;nao_pesquisado;False
29422353;COLEGIO LINCE LTDA;2927408;31,0;90;Outras posições;False;602,9036666666667;40,0;4,0;109,0;0,596;Polígono;608,2033333333334;24,0;604,8910416666668;-5,299666666666667;Salvador;BA;0,7909;Salvador;-12,8991876;-38,3539913;41502310;JARDIM DAS MARGARIDAS;nao_aplicavel;1800,0;Média (R$ 1.800-2.999);Não pesquisado ainda;nao_pesquisado;False
15167372;CENTRO DE ESTUDO PROFESSOR MANOEL LEITE;1501402;20,0;65;Outras posições;False;600,4466666666666;45,0;5,0;133,0;0,595;Polígono;618,3548837209302;43,0;609,1972727272728;-17,90821705426356;Belém;PA;0,6935;Mosqueiro;-1,1629689;-48,4674026;66910040;VILA (MOSQUEIRO);nao_aplicavel;1200,0;Baixa (< R$ 1.800);Não pesquisado ainda;nao_pesquisado;False
29304393;COLEGIO DIVINA PROVIDENCIA;2914802;3,0;7;Desafiante (2º-5º local);False;618,1759420289856;46,0;3,0;198,0;0,595;Polígono;;;618,1759420289856;;Itabuna;BA;0,533;Itabuna;-14,7956;-39,27756;45600315;CENTRO;nao_aplicavel;3100,0;Média-Alta (R$ 3.000-4.999);Não pesquisado ainda;nao_pesquisado;False
35805973;ESCOLA INTERNACIONAL PREPARANDO GERACOES;3504107;6,0;11;Outras posições;False;627,7155555555555;18,0;2,0;119,0;0,595;Polígono;607,6254545454545;22,0;616,6659999999999;20,09010101010097;Atibaia;SP;0,7617;Atibaia;-23,1361543;-46,5542383;12946270;VILA ESPERIA OU GIGLIO;nao_aplicavel;2500,0;Média (R$ 1.800-2.999);Não pesquisado ainda;nao_pesquisado;False
35111995;ASSOCIACAO MANCHESTER EDUCACIONAL;3552205;12,0;27;Outras posições;False;610,9865277777777;48,0;4,0;229,0;0,594;Polígono;608,6428248587571;59,0;609,6942056074766;2,343702919020643;Sorocaba;SP;0,7667;Sorocaba;-23,4997637;-47,4602824;18010002;CENTRO;nao_aplicavel;2500,0;Média (R$ 1.800-2.999);Não pesquisado ainda;nao_pesquisado;False
53001060;COL LA SALLE BRASILIA;5300108;50,0;117;Outras posições;False;600,2388888888888;18,0;5,0;111,0;0,594;Polígono;606,333488372093;43,0;604,5350819672132;-6,094599483204206;Brasília;DF;0,9278;Brasília;-15,8072318;-47,9056406;70390060;ASA SUL;nao_aplicavel;3000,0;Média-Alta (R$ 3.000-4.999);Não pesquisado ainda;nao_pesquisado;False
42020492;COLEGIO SANTO ANTONIO;4209102;5,0;14;Desafiante (2º-5º local);False;603,3418333333334;120,0;5,0;465,0;0,594;Polígono;609,9156695156695;117,0;606,5871448663853;-6,573836182336095;Joinville;SC;0,7075;Joinville;-26,27671;-48,82307;89227301;IRIRIU;nao_aplicavel;3000,0;Média-Alta (R$ 3.000-4.999);Não pesquisado ainda;nao_pesquisado;False
35114236;NOMELINI CIRANDINHA COLEGIO;3505500;2,0;7;Desafiante (2º-5º local);False;614,1354838709677;31,0;3,0;112,0;0,594;Polígono;637,8070967741936;31,0;625,9712903225807;-23,67161290322588;Barretos;SP;0,548;Barretos;-20,5576793;-48,5748319;14780110;CENTRO;nao_aplicavel;2400,0;Média (R$ 1.800-2.999);Não pesquisado ainda;nao_pesquisado;False
43042910;COLEGIO MADRE IMILDA;4305108;9,0;12;Outras posições;False;607,3180555555556;24,0;4,0;143,0;0,594;Polígono;626,8713580246913;27,0;617,6698039215686;-19,5533024691357;Caxias do Sul;RS;0,7797;Caxias do Sul;-29,16853545;-51,1621911;95020000;NOSSA SENHORA DE LOURDES;nao_aplicavel;3500,0;Média-Alta (R$ 3.000-4.999);Não pesquisado ainda;nao_pesquisado;False
35100912;SAO PAULO DA CRUZ COLEGIO PASSIONISTA;3550308;126,0;516;Outras posições;False;603,2209848484848;44,0;5,0;155,0;0,594;Polígono;629,3247457627119;59,0;618,1736245954693;-26,10376091422711;São Paulo;SP;0,8116;Tucuruvi;-23,4804198;-46,6071347;2304001;TUCURUVI;distrito;4000,0;Média-Alta (R$ 3.000-4.999);Não pesquisado ainda;nao_pesquisado;False
51072335;COLEGIO SAN PETRUS;5107909;5,0;7;Desafiante (2º-5º local);False;600,1652173913044;23,0;5,0;119,0;0,594;Polígono;;;600,1652173913044;;Sinop;MT;0,6579;Sinop;;;78555388;RESIDENCIAL FLORENÇA;nao_aplicavel;2600,0;Média (R$ 1.800-2.999);Não pesquisado ainda;nao_pesquisado;False
31014443;COLEGIO SANTA MARIA MINAS UNIDADE NOVA LIMA;3144805;6,0;8;Outras posições;False;606,1396581196581;39,0;4,0;116,0;0,593;Polígono;633,3553846153847;26,0;617,0259487179486;-27,215726495726585;Nova Lima;MG;0,843;Nova Lima;-19,98476635;-43,8530329;34000132;CENTRO;nao_aplicavel;2600,0;Média (R$ 1.800-2.999);Não pesquisado ainda;nao_pesquisado;False
15995933;SISTEMA DE ENSINO CTEM;1502400;3,0;11;Desafiante (2º-5º local);False;600,1337931034483;29,0;5,0;108,0;0,593;Polígono;601,9024242424242;33,0;601,0751612903226;-1,768631138975934;Castanhal;PA;0,4048;Castanhal;-1,288613573;-47,92397857;68743422;CAIÇARA;nao_aplicavel;1212,0;Baixa (< R$ 1.800);Não pesquisado ainda;nao_pesquisado;False
35117500;INTERACAO DE MARILIA COLEGIO;3529005;6,0;13;Outras posições;False;626,3301609195403;145,0;1,0;501,0;0,592;Polígono;607,3392076502732;122,0;617,6526466916354;18,99095326926704;Marília;SP;0,6435;Marília;-22,2216381;-49,9432063;17501350;FRAGATA;nao_aplicavel;2400,0;Média (R$ 1.800-2.999);Não pesquisado ainda;nao_pesquisado;False
53017897;COL OBJETIVO ASA NORTE;5300108;51,0;117;Outras posições;False;599,9670056497175;59,0;5,0;206,0;0,592;Polígono;612,4404761904761;42,0;605,1539933993399;-12,473470540758626;Brasília;DF;0,9278;Brasília;;;70740701;ASA NORTE;nao_aplicavel;3000,0;Média-Alta (R$ 3.000-4.999);Não pesquisado ainda;nao_pesquisado;False
41024826;COLEGIO OBJETIVO UNIDADE MARINGA;4115200;10,0;21;Outras posições;False;606,3405263157895;38,0;5,0;177,0;0,592;Polígono;571,5640000000001;20,0;594,3486206896551;34,7765263157894;Maringá;PR;0,7882;Maringá;-23,44436;-51,91605;87050710;JARDIM ACLIMAÇÃO;nao_aplicavel;2500,0;Média (R$ 1.800-2.999);Não pesquisado ainda;nao_pesquisado;False
31374180;ELITE FLORESTA - BH;3106200;86,0;110;Outras posições;False;613,9198148148148;36,0;2,0;179,0;0,591;Polígono;613,446511627907;43,0;613,662194092827;0,4733031869078559;Belo Horizonte;MG;0,9738;Belo Horizonte;;;31110110;COLÉGIO BATISTA;nao_aplicavel;5000,0;Alta (≥ R$ 5.000);Não pesquisado ainda;nao_pesquisado;False
28018052;COLEGIO SANTANNA DE SERGIPE LTDA;2800308;18,0;43;Outras posições;False;610,5538461538462;65,0;4,0;206,0;0,591;Polígono;615,9325;40,0;612,6028571428571;-5,378653846153839;Aracaju;SE;0,864;Aracaju;-10,93343386;-37,08055425;49097000;PONTO NOVO;nao_aplicavel;2436,0;Média (R$ 1.800-2.999);Não pesquisado ainda;nao_pesquisado;False
35325880;COGNUS ENSINO MEDIO;3503307;3,0;6;Desafiante (2º-5º local);False;626,6672222222222;24,0;2,0;150,0;0,591;Polígono;625,76;24,0;626,2136111111112;0,9072222222222308;Araras;SP;0,5864;Araras;-22,3499613;-47,3845499;13600001;CENTRO;nao_aplicavel;2400,0;Média (R$ 1.800-2.999);Não pesquisado ainda;nao_pesquisado;False
11037474;CENTRO DE ENSINO MINEIRO;1100205;5,0;13;Desafiante (2º-5º local);False;617,12;31,0;3,0;133,0;0,591;Polígono;571,885641025641;39,0;591,918;45,234358974359;Porto Velho;RO;0,5531;Porto Velho;-8,7451584;-63,8687132;76820594;FLODOALDO PONTES PINTO;nao_aplicavel;3500,0;Média-Alta (R$ 3.000-4.999);Não pesquisado ainda;nao_pesquisado;False
33180997;COLEGIO CURSO DESAFIO LTDA;3304557;136,0;344;Outras posições;False;626,5204347826086;46,0;2,0;144,0;0,591;Polígono;;;626,5204347826086;;Rio de Janeiro;RJ;0,8408;Rio de Janeiro;;;21321230;VILA VALQUEIRE;bairro;3001,0;Média-Alta (R$ 3.000-4.999);Não pesquisado ainda;nao_pesquisado;False
32039832;EPG SAO CAMILO;3205200;9,0;23;Outras posições;False;606,3705;80,0;4,0;237,0;0,59;Polígono;619,3011594202899;69,0;612,3585234899328;-12,930659420289883;Vila Velha;ES;0,7846;Vila Velha;-20,3461705;-40,3485867;29117120;ALVORADA;nao_aplicavel;1500,0;Baixa (< R$ 1.800);Não pesquisado ainda;nao_pesquisado;False
28017919;COLEGIO SALESIANO NOSSA SENHORA AUXILIADORA;2800308;19,0;43;Outras posições;False;602,6511111111112;57,0;5,0;243,0;0,59;Polígono;598,4127272727272;66,0;600,3768563685637;4,238383838383925;Aracaju;SE;0,864;Aracaju;-10,92022174;-37,05928803;49052260;SUISSA;nao_aplicavel;1670,0;Baixa (< R$ 1.800);Não pesquisado ainda;nao_pesquisado;False
35111454;LA SALLE COLEGIO;3507506;4,0;11;Desafiante (2º-5º local);False;606,3343089430894;41,0;4,0;178,0;0,59;Polígono;636,8168627450981;51,0;623,2322463768116;-30,482553802008734;Botucatu;SP;0,7068;Botucatu;-22,886055;-48,4461426;18600311;CENTRO;nao_aplicavel;4000,0;Média-Alta (R$ 3.000-4.999);Não pesquisado ainda;nao_pesquisado;False
35106896;SANTO AGOSTINHO COLEGIO;3550308;128,0;516;Outras posições;False;602,611875;32,0;5,0;108,0;0,59;Polígono;601,1142857142858;28,0;601,913;1,497589285714298;São Paulo;SP;0,8116;Liberdade;-23,5686406;-46,6390971;1533070;ACLIMACAO;distrito;5000,0;Alta (≥ R$ 5.000);Não pesquisado ainda;nao_pesquisado;False
35158999;ELITE REDE DE ENSINO;3538709;11,0;25;Outras posições;False;610,185625;32,0;4,0;165,0;0,59;Polígono;624,1144444444444;42,0;618,091171171171;-13,928819444444455;Piracicaba;SP;0,8238;Piracicaba;-22,7490518;-47,6364578;13425020;JARDIM CAXAMBU;nao_aplicavel;2950,0;Média (R$ 1.800-2.999);Não pesquisado ainda;nao_pesquisado;False
31356816;COLEGIO APOGEU - UNIDADE II DE ENSINO FUNDAMENTAL ANOS FINAIS E ENSINO MEDIO;3136702;15,0;21;Outras posições;False;625,8063507109006;211,0;1,0;603,0;0,589;Polígono;637,1064186046511;215,0;631,5094366197184;-11,300067893750564;Juiz de Fora;MG;0,8573;Juiz de Fora;-21,7511043;-43,3522559;36015000;CENTRO;nao_aplicavel;4000,0;Média-Alta (R$ 3.000-4.999);Não pesquisado ainda;nao_pesquisado;False
31316237;LOGOS COLEGIO E CURSO - FORMACAO INTEGRAL DE ENSINO FUNDAMENTAL E ENSINO MEDIO;3170701;5,0;7;Desafiante (2º-5º local);False;616,5477419354838;31,0;3,0;101,0;0,588;Polígono;629,9811764705883;17,0;621,3054166666667;-13,433434535104425;Varginha;MG;0,6904;Varginha;-21,5663417;-45,44652;37012000;VILA VERDE;nao_aplicavel;2000,0;Média (R$ 1.800-2.999);Não pesquisado ainda;nao_pesquisado;False
41158512;SIGMA COLEGIO - EM;4113700;11,0;24;Outras posições;False;621,485380116959;57,0;2,0;149,0;0,588;Polígono;665,2377777777778;54,0;642,7703303303302;-43,7523976608187;Londrina;PR;0,8372;Londrina;-23,30768448;-51,16345014;86020300;CENTRO;nao_aplicavel;2500,0;Média (R$ 1.800-2.999);Não pesquisado ainda;nao_pesquisado;False
31340367;COLEGIO ALFA;3103504;3,0;6;Desafiante (2º-5º local);False;616,3863636363636;44,0;3,0;186,0;0,588;Polígono;607,904367816092;58,0;611,5632679738562;8,481995820271663;Araguari;MG;0,505;Araguari;-18,6463324;-48,1862915;38440062;CENTRO;nao_aplicavel;2000,0;Média (R$ 1.800-2.999);Não pesquisado ainda;nao_pesquisado;False
52052567;COLEGIO NOSSA SENHORA DO BOM CONSELHO;5211909;4,0;4;Desafiante (2º-5º local);False;599,2281632653061;49,0;5,0;183,0;0,588;Polígono;629,4746666666667;60,0;615,8776146788991;-30,246503401360656;Jataí;GO;0,6306;Jataí;-17,8914908;-51,7171534;75800012;CENTRO;nao_aplicavel;2000,0;Média (R$ 1.800-2.999);Não pesquisado ainda;nao_pesquisado;False
35108364;PLACIDINA DONA INSTITUTO;3530607;10,0;24;Outras posições;False;602,3294666666667;75,0;5,0;367,0;0,587;Polígono;619,8346405228758;102,0;612,4171939736345;-17,505173856209126;Mogi das Cruzes;SP;0,7296;Mogi das Cruzes;-23,5241903;-46,192382;8710690;CENTRO;nao_aplicavel;2700,0;Média (R$ 1.800-2.999);Não pesquisado ainda;nao_pesquisado;False
41155815;COLEGIO SANTO ANJO BARIGUI ENS FUNDAMENTAL E ENS MEDIO;4106902;28,0;69;Outras posições;False;599,1708016877637;79,0;5,0;375,0;0,587;Polígono;617,462619047619;84,0;608,5972597137014;-18,29181735985526;Curitiba;PR;0,8491;Curitiba;-25,4325027;-49,32461151;82305100;MOSSUNGUÊ;nao_aplicavel;10000,0;Alta (≥ R$ 5.000);Não pesquisado ainda;nao_pesquisado;False
28110404;COLEGIO SAO LUCAS;2804805;1,0;4;Líder local;False;609,4872727272727;44,0;4,0;131,0;0,586;Polígono;611,19;58,0;610,4554901960785;-1,7027272727273155;Nossa Senhora do Socorro;SE;0,2125;Nossa Senhora do Socorro;-10,85458;-37,06145167;49156210;MARCOS FREIRE II;nao_aplicavel;1212,0;Baixa (< R$ 1.800);Não pesquisado ainda;nao_pesquisado;False
33178909;COLEGIO E CURSO PENSI;3303906;11,0;19;Outras posições;False;616,4131428571428;35,0;2,0;120,0;0,586;Polígono;627,3983333333333;48,0;622,7660240963855;-10,985190476190496;Petrópolis;RJ;0,8097;Petrópolis;;;25685060;CENTRO;nao_aplicavel;1900,0;Média (R$ 1.800-2.999);Não pesquisado ainda;nao_pesquisado;False
35121721;MORUMBI DE ALPHAVILLE ESCOLA DE ENSINO FUNDAMENTAL;3547304;4,0;6;Desafiante (2º-5º local);False;613,2980952380952;21,0;4,0;139,0;0,586;Polígono;617,1759999999999;25,0;615,4056521739129;-3,877904761904688;Santana de Parnaíba;SP;0,7586;Santana de Parnaíba;-23,4723763;-46,8298021;6543315;TAMBORE POLO RESIDENCIAL;nao_aplicavel;2500,0;Média (R$ 1.800-2.999);Não pesquisado ainda;nao_pesquisado;False
35060574;CONDE DOMINGOS COLEGIO;3550308;130,0;516;Outras posições;False;609,3902325581395;43,0;4,0;107,0;0,586;Polígono;600,9258333333333;24,0;606,3582089552239;8,46439922480613;São Paulo;SP;0,8116;Tatuapé;-23,5378617;-46,570983;3067040;TATUAPE;distrito;6000,0;Alta (≥ R$ 5.000);Não pesquisado ainda;nao_pesquisado;False
35109022;UNIVERSITARIO ABC COLEGIO;3548708;12,0;33;Outras posições;False;615,8053900709219;94,0;3,0;365,0;0,586;Polígono;614,5747619047619;112,0;615,1363106796117;1,2306281661600451;São Bernardo do Campo;SP;0,8204;São Bernardo do Campo;-23,7062013;-46,5498428;9770000;CENTRO;nao_aplicavel;5001,0;Alta (≥ R$ 5.000);Não pesquisado ainda;nao_pesquisado;False
50007890;COLEGIO OSWALDO TOGNINI;5002704;15,0;31;Outras posições;False;598,8192792792793;74,0;5,0;262,0;0,585;Polígono;610,2869154228856;67,0;604,2684397163121;-11,467636143606342;Campo Grande;MS;0,789;Campo Grande;-20,46113194;-54,57944638;79040452;CHACARA CACHOEIRA;nao_aplicavel;10000,0;Alta (≥ R$ 5.000);Não pesquisado ainda;nao_pesquisado;False
32052936;CE LAURO PINHEIRO;3201209;4,0;6;Desafiante (2º-5º local);False;598,7342372881355;59,0;5,0;209,0;0,585;Polígono;636,309756097561;41,0;614,1402;-37,57551880942549;Cachoeiro de Itapemirim;ES;0,4683;Cachoeiro de Itapemirim;-20,8527591;-41,1061557;29306310;INDEPENDÊNCIA;nao_aplicavel;3000,0;Média-Alta (R$ 3.000-4.999);Não pesquisado ainda;nao_pesquisado;False
31006092;COLEGIO ADVENTISTA DE BELO HORIZONTE;3106200;87,0;110;Outras posições;False;601,8956989247312;31,0;5,0;141,0;0,584;Polígono;599,7041666666667;24,0;600,9393939393939;2,1915322580645125;Belo Horizonte;MG;0,9738;Belo Horizonte;-19,8788183;-43,9611033;31255060;SÃO FRANCISCO;nao_aplicavel;2400,0;Média (R$ 1.800-2.999);Não pesquisado ainda;nao_pesquisado;False
41133285;COLEGIO VICENTINO SAO JOSE;4106902;29,0;69;Outras posições;False;598,505873015873;42,0;5,0;164,0;0,583;Polígono;616,9672222222222;48,0;608,3519259259259;-18,461349206349155;Curitiba;PR;0,8491;Curitiba;-25,3825295;-49,27282914;82130210;ABRANCHES;nao_aplicavel;3000,0;Média-Alta (R$ 3.000-4.999);Não pesquisado ainda;nao_pesquisado;False
42142822;EXATHUM CURSO E COLEGIO;4209102;6,0;14;Outras posições;False;608,9063333333332;60,0;4,0;196,0;0,583;Polígono;635,720484848485;55,0;621,7304927536233;-26,814151515151707;Joinville;SC;0,7075;Joinville;-26,2990879;-48,8495584;89218000;SANTO ANTÔNIO;nao_aplicavel;4500,0;Média-Alta (R$ 3.000-4.999);Não pesquisado ainda;nao_pesquisado;False
33161011;COLEGIO E CURSO PENSI;3304557;138,0;344;Outras posições;False;620,6464724919094;103,0;2,0;413,0;0,583;Polígono;617,1905454545455;110,0;618,8617214397498;3,455927037363949;Rio de Janeiro;RJ;0,8408;Rio de Janeiro;-22,93783;-43,34117;22760070;FREGUESIA (JACAREPAGUÁ);bairro;5000,0;Alta (≥ R$ 5.000);Não pesquisado ainda;nao_pesquisado;False
33194084;COLEGIO E CURSO START;3304904;9,0;29;Outras posições;False;630,4121052631579;38,0;0,0;117,0;0,582;Polígono;644,9252777777778;24,0;636,0301075268818;-14,513172514619896;São Gonçalo;RJ;0,5133;São Gonçalo;;;24445370;CENTRO;nao_aplicavel;3001,0;Média-Alta (R$ 3.000-4.999);Não pesquisado ainda;nao_pesquisado;False
15570541;COLEGIO SANTA MADRE;1501402;21,0;65;Outras posições;False;604,698125;32,0;4,0;127,0;0,582;Polígono;577,6381818181818;22,0;593,6737037037036;27,0599431818182;Belém;PA;0,6935;Belém;-1,40156747;-48,43434275;66645001;CASTANHEIRA;nao_aplicavel;1500,0;Baixa (< R$ 1.800);Não pesquisado ainda;nao_pesquisado;False
35142694;ELO EDUCACIONAL;3549904;13,0;27;Outras posições;False;624,6733333333333;91,0;2,0;293,0;0,582;Polígono;627,1363888888889;72,0;625,761308793456;-2,46305555555557;São José dos Campos;SP;0,9207;São José dos Campos;-23,209626;-45,8931881;12245486;VILA BETANIA;nao_aplicavel;2700,0;Média (R$ 1.800-2.999);Não pesquisado ainda;nao_pesquisado;False
35151385;PAN TERRA COLEGIO E PRE ESCOLA;3550308;133,0;516;Outras posições;False;615,1679166666667;48,0;3,0;133,0;0,582;Polígono;622,7659574468086;47,0;618,926947368421;-7,5980407801419005;São Paulo;SP;0,8116;Artur Alvim;-23,5422745;-46,4851802;3568040;PARQUE ARTUR ALVIM;distrito;2200,0;Média (R$ 1.800-2.999);Não pesquisado ainda;nao_pesquisado;False
35483084;PROGRESSO BILINGUE UNIDADE II;3548500;9,0;32;Outras posições;False;624,6198742138365;53,0;2,0;233,0;0,581;Polígono;629,1848979591837;49,0;626,8128758169935;-4,565023745347162;Santos;SP;0,8189;Santos;-23,96104242;-46,32299909;11050060;BOQUEIRAO;nao_aplicavel;5001,0;Alta (≥ R$ 5.000);Não pesquisado ainda;nao_pesquisado;False
35438315;GERMINARE ESCOLA;3550308;134,0;516;Outras posições;False;608,6026501035197;161,0;4,0;776,0;0,581;Polígono;632,678064516129;93,0;617,4176640419947;-24,075414412609238;São Paulo;SP;0,8116;Jaraguá;-23,512668;-46,7319185;5120060;PARQUE ANHANGUERA;distrito;2000,0;Média (R$ 1.800-2.999);Não pesquisado ainda;nao_pesquisado;False
41024699;SANTO INACIO COLEGIO EDUCACAO INFANTIL ENSINO FUNDAMENTAL E MEDIO;4115200;11,0;21;Outras posições;False;601,4178723404256;47,0;5,0;210,0;0,581;Polígono;607,3292307692308;26,0;603,523287671233;-5,911358428805215;Maringá;PR;0,7882;Maringá;-23,42247027;-51,92017809;87050020;ZONA 03;nao_aplicavel;3000,0;Média-Alta (R$ 3.000-4.999);Não pesquisado ainda;nao_pesquisado;False
26125668;COLEGIO MOTIVO - CASA FORTE;2611606;33,0;76;Outras posições;False;606,5458823529412;34,0;3,0;141,0;0,58;Polígono;628,0483720930233;43,0;618,5537662337663;-21,50248974008207;Recife;PE;0,9162;Recife;-8,032751;-34,9231;52061540;CASA FORTE;nao_aplicavel;11000,0;Alta (≥ R$ 5.000);Não pesquisado ainda;nao_pesquisado;False
33172315;CENTRO DE ENSINO E CULTURA;3304557;139,0;344;Outras posições;False;607,3154166666667;48,0;4,0;154,0;0,58;Polígono;608,9128205128205;39,0;608,0314942528736;-1,5974038461538385;Rio de Janeiro;RJ;0,8408;Rio de Janeiro;;;21540501;COLÉGIO;bairro;1500,0;Baixa (< R$ 1.800);Não pesquisado ainda;nao_pesquisado;False
15011097;COLEGIO SANTA CLARA;1506807;3,0;6;Desafiante (2º-5º local);False;597,8170212765958;94,0;5,0;301,0;0,579;Polígono;619,7018699186992;82,0;608,0133712121213;-21,884848642103407;Santarém;PA;0,3328;Santarém;-2,4221429;-54,71494066;68005090;SANTA CLARA;nao_aplicavel;2400,0;Média (R$ 1.800-2.999);Não pesquisado ainda;nao_pesquisado;False
42163781;COLEGIO FLEMING FLORIANOPOLIS;4205407;18,0;30;Outras posições;False;624,3603125;64,0;2,0;197,0;0,579;Polígono;587,3507999999999;75,0;604,3911510791366;37,00951250000003;Florianópolis;SC;0,9306;Florianópolis;;;88010030;CENTRO;nao_aplicavel;7500,0;Alta (≥ R$ 5.000);Não pesquisado ainda;nao_pesquisado;False
41140834;COLEGIO DIOCESANO LEAO XIII EDUCACAO INFANTIL ENSINO FUNDAMENTAL E ENSINO MEDIO;4118204;2,0;9;Desafiante (2º-5º local);False;604,1533333333333;25,0;5,0;111,0;0,579;Polígono;620,3830769230769;26,0;612,4273202614379;-16,229743589743634;Paranaguá;PR;0,3858;Paranaguá;-25,52532667;-48,523905;83206320;ALVORADA;nao_aplicavel;4000,0;Média-Alta (R$ 3.000-4.999);Não pesquisado ainda;nao_pesquisado;False
35132986;LUMIERE COLEGIO;3550308;136,0;516;Outras posições;False;601,0395744680851;47,0;5,0;140,0;0,579;Polígono;645,0899999999999;21,0;614,6433823529412;-44,05042553191481;São Paulo;SP;0,8116;Tatuapé;-23,5466364;-46,5675454;3320000;VILA GOMES CARDIM;distrito;6000,0;Alta (≥ R$ 5.000);Não pesquisado ainda;nao_pesquisado;False
35102829;SAO DOMINGOS COLEGIO;3550308;137,0;516;Outras posições;False;620,0537931034484;58,0;2,0;220,0;0,579;Polígono;617,2985365853658;41,0;618,9127272727272;2,755256518082547;São Paulo;SP;0,8116;Perdizes;-23,5393652;-46,6712016;5014001;PERDIZES;distrito;8000,0;Alta (≥ R$ 5.000);Não pesquisado ainda;nao_pesquisado;False
42091462;ALFA REDE DE ENSINO;4208906;4,0;7;Desafiante (2º-5º local);False;608,0816;25,0;4,0;120,0;0,578;Polígono;634,35375;32,0;622,8308771929825;-26,27215000000001;Jaraguá do Sul;SC;0,5822;Jaraguá do Sul;-26,47593;-49,08635;89251100;CENTRO;nao_aplicavel;4000,0;Média-Alta (R$ 3.000-4.999);Não pesquisado ainda;nao_pesquisado;False
35113748;SALESIANO DOM BOSCO COLEGIO;3538709;12,0;25;Outras posições;False;608,0080092592593;72,0;4,0;272,0;0,578;Polígono;605,7122857142857;70,0;606,8763145539907;2,295723544973612;Piracicaba;SP;0,8238;Piracicaba;-22,7309835;-47,6426678;13419080;CIDADE ALTA;nao_aplicavel;3600,0;Média-Alta (R$ 3.000-4.999);Não pesquisado ainda;nao_pesquisado;False
15174310;SISTEMA DE ENSINO CONTEXTUAL;1502400;4,0;11;Desafiante (2º-5º local);False;614,6264615384615;65,0;3,0;137,0;0,578;Polígono;595,3579166666667;48,0;606,441592920354;19,2685448717948;Castanhal;PA;0,4048;Castanhal;;;68743060;CENTRO;nao_aplicavel;1212,0;Baixa (< R$ 1.800);Não pesquisado ainda;nao_pesquisado;False
42000246;COLEGIO ADVENTISTA DE FLORIANOPOLIS - CENTRO;4205407;19,0;30;Outras posições;False;611,5557575757576;44,0;4,0;130,0;0,578;Polígono;615,6126315789473;38,0;613,4357723577236;-4,056874003189705;Florianópolis;SC;0,9306;Florianópolis;-27,59382958;-48,54788032;88020040;CENTRO;nao_aplicavel;7500,0;Alta (≥ R$ 5.000);Não pesquisado ainda;nao_pesquisado;False
35005941;COLEGIO CAMINHOS E COLINAS;3550308;138,0;516;Outras posições;False;613,7055555555555;54,0;3,0;226,0;0,577;Polígono;606,7010869565217;46,0;610,4834999999999;7,004468599033771;São Paulo;SP;0,8116;Pedreira;-23,69214686;-46,65688215;4466025;JARDIM ITAPURA;distrito;1600,0;Baixa (< R$ 1.800);Não pesquisado ainda;nao_pesquisado;False
15058794;INSTITUTO SANTA TERESINHA;1501709;1,0;4;Líder local;False;597,4208695652175;46,0;5,0;135,0;0,577;Polígono;584,7295061728395;54,0;590,5675333333334;12,69136339237798;Bragança;PA;0,1194;Bragança;-1,05464054;-46,76693236;68600000;CENTRO;nao_aplicavel;2800,0;Média (R$ 1.800-2.999);Não pesquisado ainda;nao_pesquisado;False
41076800;COLEGIO VICENTINO SAO JOSE;4108304;5,0;12;Desafiante (2º-5º local);False;600,5961728395062;54,0;5,0;209,0;0,577;Polígono;610,5588732394366;71,0;606,2549866666667;-9,96270039993044;Foz do Iguaçu;PR;0,633;Foz do Iguaçu;-25,54882867;-54,58704109;85851000;CENTRO;nao_aplicavel;4000,0;Média-Alta (R$ 3.000-4.999);Não pesquisado ainda;nao_pesquisado;False
33157383;COLEGIO ADVENTISTA DE ITABORAI;3301900;2,0;11;Desafiante (2º-5º local);False;602,9526543209877;54,0;4,0;185,0;0,577;Polígono;608,1066666666667;39,0;605,1140143369175;-5,154012345679007;Itaboraí;RJ;0,3528;Itaboraí;-22,74245648;-42,85767747;24800205;CENTRO;nao_aplicavel;1300,0;Baixa (< R$ 1.800);Não pesquisado ainda;nao_pesquisado;False
50031783;NOTA 10 INTERNACIONAL - UNIDADE GENERAL OSORIO;5002704;16,0;31;Outras posições;False;618,518;30,0;2,0;124,0;0,576;Polígono;626,1;15,0;621,0453333333334;-7,581999999999994;Campo Grande;MS;0,789;Campo Grande;-20,44777;-54,60389;79010050;MONTE CASTELO;nao_aplicavel;3000,0;Média-Alta (R$ 3.000-4.999);Não pesquisado ainda;nao_pesquisado;False
32079931;ESCOLA MARISTA CHAMPAGNAT TERRA VERMELHA;3205200;10,0;23;Outras posições;False;607,5932;50,0;4,0;197,0;0,576;Polígono;614,4360975609757;41,0;610,6762637362638;-6,842897560975644;Vila Velha;ES;0,7846;Vila Velha;-20,4464464;-40,3485336;29127205;TERRA VERMELHA;nao_aplicavel;1480,0;Baixa (< R$ 1.800);Não pesquisado ainda;nao_pesquisado;False
41127781;COLEGIO DOM BOSCO UNIDADE AHU;4106902;30,0;69;Outras posições;False;607,565806451613;93,0;4,0;307,0;0,576;Polígono;626,2244912280702;95,0;616,9943971631205;-18,65868477645722;Curitiba;PR;0,8491;Curitiba;-25,4069032;-49,26116184;80540040;AHÚ;nao_aplicavel;8000,0;Alta (≥ R$ 5.000);Não pesquisado ainda;nao_pesquisado;False
35009366;COLEGIO NOVO UNIDADE ALTO DA BOA VISTA;3543402;17,0;38;Outras posições;False;607,5330555555555;24,0;4,0;105,0;0,576;Polígono;602,819090909091;33,0;604,803918128655;4,713964646464547;Ribeirão Preto;SP;0,9014;Ribeirão Preto;;;14026010;JARDIM CALIFORNIA;nao_aplicavel;2500,0;Média (R$ 1.800-2.999);Não pesquisado ainda;nao_pesquisado;False
33442304;COLEGIO CURSO INTELLECTUS - UNIDADE OCEANICA;3303302;25,0;42;Outras posições;False;618,1708843537415;49,0;3,0;171,0;0,575;Polígono;644,4397297297297;74,0;633,9749051490514;-26,268845375988235;Niterói;RJ;0,9692;Niterói;-22,93566055;-43,06219098;24350310;PIRATININGA;nao_aplicavel;3100,0;Média-Alta (R$ 3.000-4.999);Não pesquisado ainda;nao_pesquisado;False
35006958;COLEGIO CRIARTE UNIDADE III;3549805;14,0;28;Outras posições;False;626,8685106382978;47,0;1,0;146,0;0,575;Polígono;619,962;25,0;624,4704166666666;6,906510638297846;São José do Rio Preto;SP;0,8136;São José do Rio Preto;;;15061080;JARDIM SEIXAS;nao_aplicavel;2500,0;Média (R$ 1.800-2.999);Não pesquisado ainda;nao_pesquisado;False
35118977;PRIGULE COLEGIO;3550308;139,0;516;Outras posições;False;607,4070588235294;17,0;4,0;104,0;0,575;Polígono;550,7409090909091;22,0;575,4415384615385;56,66614973262028;São Paulo;SP;0,8116;Jaraguá;-23,4369289;-46,7159798;2883090;VILA NOVA PARADA;distrito;2000,0;Média (R$ 1.800-2.999);Não pesquisado ainda;nao_pesquisado;False
35105053;MADRE CABRINI COLEGIO EEIFM;3550308;140,0;516;Outras posições;False;607,3754545454545;44,0;4,0;109,0;0,575;Polígono;580,890303030303;22,0;598,5470707070707;26,48515151515153;São Paulo;SP;0,8116;Vila Mariana;-23,5899095;-46,6359944;4020000;VILA MARIANA;distrito;9600,0;Alta (≥ R$ 5.000);Não pesquisado ainda;nao_pesquisado;False
35450856;COLEGIO PROGRESSO UNIDADE TAQUARAL;3509502;20,0;47;Outras posições;False;617,7557894736842;19,0;3,0;125,0;0,574;Polígono;671,7076767676767;33,0;651,9944871794871;-53,95188729399251;Campinas;SP;0,82;Campinas;-22,8667754;-47,0491004;13087261;PARQUE TAQUARAL;nao_aplicavel;3000,0;Média-Alta (R$ 3.000-4.999);Não pesquisado ainda;nao_pesquisado;False
42143390;COLEGIO COC LAGES;4209300;2,0;5;Desafiante (2º-5º local);False;622,8835;40,0;2,0;177,0;0,573;Polígono;631,9702777777778;36,0;627,1877631578948;-9,086777777777796;Lages;SC;0,5764;Lages;-27,82395452;-50,33393707;88502101;CENTRO;nao_aplicavel;4500,0;Média-Alta (R$ 3.000-4.999);Não pesquisado ainda;nao_pesquisado;False
27016315;ESCOLA DE EDUCACAO BASICA SANTA CATARINA;2700300;6,0;15;Outras posições;False;613,87625;32,0;3,0;127,0;0,573;Polígono;650,2035;40,0;634,0580555555556;-36,327249999999935;Arapiraca;AL;0,5023;Arapiraca;-9,750231;-36,65538;57312280;ALTO DO CRUZEIRO;nao_aplicavel;1212,0;Baixa (< R$ 1.800);Não pesquisado ainda;nao_pesquisado;False
29365813;COLEGIO RESGATYESHUA;2910800;11,0;21;Outras posições;False;622,729375;32,0;2,0;102,0;0,573;Polígono;595,1441666666666;24,0;610,907142857143;27,58520833333341;Feira de Santana;BA;0,6655;Feira de Santana;;;44003030;SERRARIA BRASIL;nao_aplicavel;1500,0;Baixa (< R$ 1.800);Não pesquisado ainda;nao_pesquisado;False
35107475;COLEGIO ANGLO ALANTE CHACARA SANTO ANTONIO;3550308;142,0;516;Outras posições;False;617,4293532338309;67,0;3,0;261,0;0,572;Polígono;639,7571929824562;57,0;627,6929569892474;-22,327839748625365;São Paulo;SP;0,8116;Santo Amaro;-23,6496068;-46,700733;4736000;SANTO AMARO;distrito;7500,0;Alta (≥ R$ 5.000);Não pesquisado ainda;nao_pesquisado;False
42142539;CENTRO EDUCACIONAL UNIVERSO;4205407;20,0;30;Outras posições;False;606,9;28,0;4,0;106,0;0,572;Polígono;;;606,9;;Florianópolis;SC;0,9306;Florianópolis;-27,43835;-48,40202;88058160;INGLESES DO RIO VERMELHO;nao_aplicavel;4200,0;Média-Alta (R$ 3.000-4.999);Não pesquisado ainda;nao_pesquisado;False
21013837;AEVSLM COLEGIO SAO VICENTE DE PAULO;2111300;19,0;47;Outras posições;False;595,8378947368421;38,0;5,0;123,0;0,572;Polígono;568,5978723404255;47,0;580,7757647058824;27,240022396416634;São Luís;MA;0,7058;São Luís;-2,54550261;-44,27135437;65040000;JOAO PAULO;nao_aplicavel;1300,0;Baixa (< R$ 1.800);Não pesquisado ainda;nao_pesquisado;False
42028493;COLEGIO SANTA ROSA DE LIMA;4209300;3,0;5;Desafiante (2º-5º local);False;606,6023157894737;95,0;4,0;352,0;0,572;Polígono;610,4341379310345;58,0;608,0549019607843;-3,831822141560792;Lages;SC;0,5764;Lages;-27,8178;-50,3254349;88501130;CENTRO;nao_aplicavel;4500,0;Média-Alta (R$ 3.000-4.999);Não pesquisado ainda;nao_pesquisado;False
32063563;ESCOLA BATISTA BRASIL DE VILA VELHA;3205200;11,0;23;Outras posições;False;595,6992307692308;26,0;5,0;106,0;0,572;Polígono;586,7202222222222;30,0;590,8890476190476;8,979008547008561;Vila Velha;ES;0,7846;Vila Velha;-20,3293944;-40,2750281;29101030;PRAIA DA COSTA;nao_aplicavel;8000,0;Alta (≥ R$ 5.000);Não pesquisado ainda;nao_pesquisado;False
33166838;CENTRO PREPARATORIO MAXIMUS EIRELI;3303401;12,0;15;Outras posições;False;626,1524324324324;37,0;1,0;145,0;0,572;Polígono;651,6695454545454;44,0;640,0135802469135;-25,517113022112994;Nova Friburgo;RJ;0,7816;Nova Friburgo;-22,28574;-42,53433;28623000;CENTRO;nao_aplicavel;3600,0;Média-Alta (R$ 3.000-4.999);Não pesquisado ainda;nao_pesquisado;False
31371769;COLEGIO APLICACAO;3105608;3,0;5;Desafiante (2º-5º local);False;602,3069230769231;26,0;4,0;101,0;0,572;Polígono;577,8857142857142;14,0;593,7595;24,42120879120887;Barbacena;MG;0,5722;Barbacena;;;36200177;BOA MORTE;nao_aplicavel;3000,0;Média-Alta (R$ 3.000-4.999);Não pesquisado ainda;nao_pesquisado;False
43162690;INSTITUTO LAURA VICUNA;4322400;2,0;2;Sem comparação local (poucas escolas na cidade);False;596,4327272727273;44,0;5,0;169,0;0,572;Polígono;624,6842857142858;42,0;610,23;-28,251558441558476;Uruguaiana;RS;0,3118;Uruguaiana;-29,7704;-57,08504;97502800;SAO MIGUEL;nao_aplicavel;2500,0;Média (R$ 1.800-2.999);Não pesquisado ainda;nao_pesquisado;False
29182387;COLEGIO GREGOR MENDEL;2927408;33,0;90;Outras posições;False;610,4445833333333;48,0;4,0;219,0;0,571;Polígono;659,6541666666667;48,0;635,0493749999999;-49,2095833333334;Salvador;BA;0,7909;Salvador;-12,9892848;-38,4527478;41810200;PITUBA;nao_aplicavel;7500,0;Alta (≥ R$ 5.000);Não pesquisado ainda;nao_pesquisado;False
35143157;SALGUEIRO COLEGIO;3550308;143,0;516;Outras posições;False;613,6741463414634;41,0;3,0;136,0;0,571;Polígono;595,4488372093023;43,0;604,3445238095238;18,2253091321611;São Paulo;SP;0,8116;Cidade Dutra;-23,7044272;-46,701734;4792090;INTERLAGOS;distrito;2000,0;Média (R$ 1.800-2.999);Não pesquisado ainda;nao_pesquisado;False
41026039;COLEGIO NOSSA SENHORA DA GLORIA;4101408;1,0;6;Líder local;False;606,3873170731707;41,0;4,0;152,0;0,571;Polígono;581,1813725490196;51,0;592,4144565217391;25,205944524151164;Apucarana;PR;0,4026;Apucarana;-23,55585873;-51,46828737;86800200;CENTRO;nao_aplicavel;2000,0;Média (R$ 1.800-2.999);Não pesquisado ainda;nao_pesquisado;False
27054500;COLEGIO NOSSA SENHORA DO SANTISSIMO SACRAMENTO;2704302;14,0;63;Outras posições;False;599,4188;50,0;5,0;194,0;0,569;Polígono;610,9105263157895;19,0;602,5831884057972;-11,491726315789492;Maceió;AL;0,6386;Maceió;;;57051530;FAROL;nao_aplicavel;4000,0;Média-Alta (R$ 3.000-4.999);Não pesquisado ainda;nao_pesquisado;False
33060312;INSTITUTO DE EDUCACAO SANTO ANTONIO;3303500;3,0;33;Desafiante (2º-5º local);False;592,1139682539682;63,0;5,0;244,0;0,569;Polígono;593,1037860082305;81,0;592,6707407407407;-0,989817754262276;Nova Iguaçu;RJ;0,4054;Nova Iguaçu;-22,74912;-43,44649;26215071;CENTRO;nao_aplicavel;3000,0;Média-Alta (R$ 3.000-4.999);Não pesquisado ainda;nao_pesquisado;False
26095912;COLEGIO DIOGO DE BRAGA;2616407;3,0;7;Desafiante (2º-5º local);False;599,4061538461539;39,0;5,0;158,0;0,569;Polígono;581,6610256410256;39,0;590,5335897435897;17,745128205128253;Vitória de Santo Antão;PE;0,2616;Vitória de Santo Antão;-8,1200004;-35,2994131;55602635;LIVRAMENTO;nao_aplicavel;1212,0;Baixa (< R$ 1.800);Não pesquisado ainda;nao_pesquisado;False
35165451;COLEGIO MEMORIAL;3525904;15,0;31;Outras posições;False;611,663448275862;29,0;3,0;101,0;0,568;Polígono;597,7107142857143;28,0;604,8094736842105;13,952733990147747;Jundiaí;SP;0,825;Jundiaí;-23,1835431;-46,876068;13218005;PONTE DE SAO JOAO;nao_aplicavel;3800,0;Média-Alta (R$ 3.000-4.999);Não pesquisado ainda;nao_pesquisado;False
52091279;COLEGIO PLANETA EDUCACIONAL;5208707;35,0;68;Outras posições;False;621,2109452736319;67,0;2,0;195,0;0,568;Polígono;612,8194520547945;73,0;616,835380952381;8,391493218837354;Goiânia;GO;0,9482;Goiânia;-16,6781854;-49,25823003;74013030;SETOR CENTRAL;nao_aplicavel;2500,0;Média (R$ 1.800-2.999);Não pesquisado ainda;nao_pesquisado;False
41025954;MATER DEI - COLEGIO ED INF ENS FUND E MEDIO;4101408;2,0;6;Desafiante (2º-5º local);False;605,7537777777777;45,0;4,0;153,0;0,567;Polígono;608,2622695035461;47,0;607,0352898550725;-2,5084917257684083;Apucarana;PR;0,4026;Apucarana;-23,56593266;-51,4581297;86802390;JARDIM SÃO PEDRO;nao_aplicavel;2000,0;Média (R$ 1.800-2.999);Não pesquisado ainda;nao_pesquisado;False
31170208;ESCOLA MACHADO DE ASSIS;3103504;5,0;6;Desafiante (2º-5º local);False;605,5703703703704;27,0;4,0;116,0;0,566;Polígono;621,2785714285714;28,0;613,5672727272727;-15,708201058200984;Araguari;MG;0,505;Araguari;-18,6536431;-48,188092;38440042;CENTRO;nao_aplicavel;2000,0;Média (R$ 1.800-2.999);Não pesquisado ainda;nao_pesquisado;False
35109435;NOSSA SENHORA DE MISERICORDIA COLEGIO;3534401;7,0;31;Outras posições;False;609,4171875;64,0;4,0;176,0;0,566;Polígono;602,0235897435898;39,0;606,6176699029126;7,393597756410145;Osasco;SP;0,6495;Osasco;-23,5363239;-46,7823314;6086090;CENTRO;nao_aplicavel;5001,0;Alta (≥ R$ 5.000);Não pesquisado ainda;nao_pesquisado;False
35071936;CANELLO MARQUES COLEGIO;3550308;146,0;516;Outras posições;False;598,9015053763441;62,0;5,0;162,0;0,566;Polígono;604,8442105263158;38,0;601,1597333333334;-5,942705149971744;São Paulo;SP;0,8116;Pirituba;-23,48346078;-46,7284754;2945000;JARDIM CIDADE PIRITUBA;distrito;2800,0;Média (R$ 1.800-2.999);Não pesquisado ainda;nao_pesquisado;False
27034895;COLEGIO MARISTA DE MACEIO;2704302;15,0;63;Outras posições;False;602,2071186440678;59,0;4,0;239,0;0,566;Polígono;613,39417989418;63,0;607,9840437158471;-11,187061250112151;Maceió;AL;0,6386;Maceió;-9,65825;-35,73131;57051190;FAROL;nao_aplicavel;4000,0;Média-Alta (R$ 3.000-4.999);Não pesquisado ainda;nao_pesquisado;False
52099024;COLEGIO FRACTAL CIDADE JARDIM;5208707;37,0;68;Outras posições;False;617,52;49,0;2,0;200,0;0,566;Polígono;629,4874242424243;44,0;623,1820071684588;-11,967424242424272;Goiânia;GO;0,9482;Goiânia;-16,6802137;-49,3171411;74420350;CIDADE JARDIM;nao_aplicavel;2500,0;Média (R$ 1.800-2.999);Não pesquisado ainda;nao_pesquisado;False
26033925;COLEGIO DOM BOSCOEXTENSAO;2611101;4,0;10;Desafiante (2º-5º local);False;609,2821111111111;60,0;4,0;231,0;0,566;Polígono;612,0895652173913;46,0;610,5004402515723;-2,8074541062801472;Petrolina;PE;0,5578;Petrolina;-9,39474;-40,50473;56304310;CENTRO;nao_aplicavel;3500,0;Média-Alta (R$ 3.000-4.999);Não pesquisado ainda;nao_pesquisado;False
43098584;INSTITUTO EDUCACIONAL DE PASSO FUNDO;4314100;5,0;5;Desafiante (2º-5º local);False;602,0162666666666;25,0;4,0;169,0;0,565;Polígono;590,905;16,0;597,680162601626;11,111266666666666;Passo Fundo;RS;0,6524;Passo Fundo;-28,2659;-52,41972;99025003;CENTRO;nao_aplicavel;2500,0;Média (R$ 1.800-2.999);Não pesquisado ainda;nao_pesquisado;False
33189692;COLEGIO NOS UND BARRA LTDA;3304557;141,0;344;Outras posições;False;615,3631428571429;70,0;1,0;272,0;0,564;Polígono;617,8838974358974;65,0;616,5768395061727;-2,520754578754577;Rio de Janeiro;RJ;0,8408;Rio de Janeiro;;;22775090;BARRA DA TIJUCA;bairro;10001,0;Alta (≥ R$ 5.000);Não pesquisado ainda;nao_pesquisado;False
43105408;COLEGIO ADVENTISTA DE PORTO ALEGRE;4314902;41,0;61;Outras posições;False;591,5476729559748;53,0;5,0;264,0;0,564;Polígono;590,4824657534247;73,0;590,9305291005292;1,0652072025501411;Porto Alegre;RS;0,9276;Porto Alegre;-30,10402;-51,23909;91910630;CAMAQUA;nao_aplicavel;3000,0;Média-Alta (R$ 3.000-4.999);Não pesquisado ainda;nao_pesquisado;False
35290518;REMBRANDT COC;3506003;7,0;20;Outras posições;False;615,5815238095238;70,0;3,0;224,0;0,564;Polígono;635,6871264367816;58,0;624,691875;-20,10560262725778;Bauru;SP;0,7441;Bauru;-22,341066;-49,0638217;17017250;JARDIM AMALIA;nao_aplicavel;2400,0;Média (R$ 1.800-2.999);Não pesquisado ainda;nao_pesquisado;False
33098867;COLEGIO APROVACAO LTDA;3301900;3,0;11;Desafiante (2º-5º local);False;616,9625;40,0;0,0;117,0;0,564;Polígono;638,7528395061729;27,0;625,7436815920398;-21,790339506172927;Itaboraí;RJ;0,3528;Itaboraí;-22,748781;-42,8579732;24800069;CENTRO;nao_aplicavel;1300,0;Baixa (< R$ 1.800);Não pesquisado ainda;nao_pesquisado;False
41133293;COLEGIO SESC SAO JOSE;4106902;31,0;69;Outras posições;False;594,4861538461539;234,0;5,0;826,0;0,563;Polígono;602,4521806853583;214,0;598,2913541666667;-7,966026839204346;Curitiba;PR;0,8491;Curitiba;;;80010030;CENTRO;nao_aplicavel;4500,0;Média-Alta (R$ 3.000-4.999);Não pesquisado ainda;nao_pesquisado;False
35109502;MODULO COLEGIO;3510500;2,0;7;Desafiante (2º-5º local);False;598,4648648648649;37,0;5,0;117,0;0,563;Polígono;618,0410256410257;39,0;608,5105263157895;-19,576160776160805;Caraguatatuba;SP;0,4763;Caraguatatuba;-23,619393;-45,4117323;11660903;CENTRO;nao_aplicavel;2200,0;Média (R$ 1.800-2.999);Não pesquisado ainda;nao_pesquisado;False
15180301;INSTITUTO VICENTINO NSRª AUXILIADORA;1502103;2,0;2;Sem comparação local (poucas escolas na cidade);False;591,1859999999999;30,0;5,0;108,0;0,563;Polígono;590,0230303030303;33,0;590,5768253968254;1,1629696969696397;Cametá;PA;0,257;Cametá;;;68400000;CENTRO;nao_aplicavel;1200,0;Baixa (< R$ 1.800);Não pesquisado ainda;nao_pesquisado;False
33166935;COLEGIO E CURSO PENSI;3304557;143,0;344;Outras posições;False;625,852972972973;37,0;0,0;197,0;0,562;Polígono;635,124;75,0;632,06125;-9,271027027027005;Rio de Janeiro;RJ;0,8408;Rio de Janeiro;-22,80518;-43,20139;21931524;JARDIM CARIOCA;bairro;2000,0;Média (R$ 1.800-2.999);Não pesquisado ainda;nao_pesquisado;False
35110140;KENNEDY PRESIDENTE COLEGIO;3548500;11,0;32;Outras posições;False;601,6344927536232;46,0;4,0;151,0;0,561;Polígono;597,0681355932203;59,0;599,0686349206348;4,566357160402959;Santos;SP;0,8189;Santos;-23,9634046;-46,3426656;11065405;JOSE MENINO;nao_aplicavel;5000,0;Alta (≥ R$ 5.000);Não pesquisado ainda;nao_pesquisado;False
33155585;CENTRO EDUCACIONAL BARROSO LEITE;3300704;3,0;12;Desafiante (2º-5º local);False;601,3610666666667;25,0;5,0;119,0;0,561;Polígono;601,4882051282051;52,0;601,4469264069264;-0,1271384615383795;Cabo Frio;RJ;0,601;Cabo Frio;-22,89287117;-42,03811664;28909390;SÃO CRISTÓVÃO;nao_aplicavel;1900,0;Média (R$ 1.800-2.999);Não pesquisado ainda;nao_pesquisado;False
27055388;CENTRO EDUCACIONAL RIBEIRO CIA LTDA;2704302;16,0;63;Outras posições;False;597,9965217391305;23,0;5,0;121,0;0,561;Polígono;636,12;37,0;621,506;-38,12347826086955;Maceió;AL;0,6386;Maceió;;;57052590;GRUTA DE LOURDES;nao_aplicavel;5000,0;Alta (≥ R$ 5.000);Não pesquisado ainda;nao_pesquisado;False
15565793;COLEGIO SUPREMO DA AMAZONIA;1500800;5,0;22;Desafiante (2º-5º local);False;607,752;35,0;3,0;117,0;0,561;Polígono;591,8464864864865;37,0;599,5783333333334;15,905513513513483;Ananindeua;PA;0,4631;Ananindeua;-1,36288968;-48,41082574;67133195;CIDADE NOVA;nao_aplicavel;1300,0;Baixa (< R$ 1.800);Não pesquisado ainda;nao_pesquisado;False
35581781;COLEGIO GANDOLFI;3516200;10,0;14;Outras posições;False;619,9247619047619;21,0;1,0;104,0;0,561;Polígono;645,0262962962963;18,0;631,5100854700855;-25,10153439153441;Franca;SP;0,7064;Franca;-20,536403;-47,3968857;14403350;PROLONGAMENTO VILA INDUSTRIAL;nao_aplicavel;2000,0;Média (R$ 1.800-2.999);Não pesquisado ainda;nao_pesquisado;False
22130756;ESCOLA MARISTA CHAMPAGNAT TERESINA;2211001;29,0;52;Outras posições;False;600,375035460993;141,0;4,0;476,0;0,56;Polígono;606,373388429752;121,0;603,1452671755725;-5,998352968759036;Teresina;PI;0,7817;Teresina;-4,98806;-42,84183;64012780;SANTA MARIA;nao_aplicavel;1212,0;Baixa (< R$ 1.800);Não pesquisado ainda;nao_pesquisado;False
35382619;SAO DOMINGOS SAVIO COLEGIO;3522307;3,0;10;Desafiante (2º-5º local);False;616,1347826086957;23,0;2,0;103,0;0,56;Polígono;605,2666666666667;21,0;610,9477272727273;10,86811594202902;Itapetininga;SP;0,5148;Itapetininga;-23,5867006;-48,0448216;18214385;JARDIM PAULISTA;nao_aplicavel;2000,0;Média (R$ 1.800-2.999);Não pesquisado ainda;nao_pesquisado;False
35144548;INOVACAO ESCOLA EDUCACAO INFANTIL FUNDAMENTAL E MEDIO;3519071;1,0;7;Líder local;False;604,4136;25,0;4,0;131,0;0,56;Polígono;601,8475757575758;22,0;603,2124822695035;2,5660242424241915;Hortolândia;SP;0,4414;Hortolândia;-22,8648;-47,21661;13184280;REMANSO CAMPINEIRO;nao_aplicavel;2200,0;Média (R$ 1.800-2.999);Não pesquisado ainda;nao_pesquisado;False
35102751;BATISTA BRASILEIRO COLEGIO;3550308;149,0;516;Outras posições;False;594,7748148148148;36,0;5,0;151,0;0,56;Polígono;636,1626666666666;55,0;619,7894505494505;-41,38785185185179;São Paulo;SP;0,8116;Perdizes;-23,5363931;-46,6701049;5007001;PERDIZES;distrito;8000,0;Alta (≥ R$ 5.000);Não pesquisado ainda;nao_pesquisado;False
26181266;COLEGIO SANTA EMILIA;2611606;34,0;76;Outras posições;False;610,1468571428571;105,0;3,0;369,0;0,559;Polígono;628,4187234042553;94,0;618,7777889447236;-18,271866261398145;Recife;PE;0,9162;Recife;-8,052648;-34,92714;50630660;CORDEIRO;nao_aplicavel;2300,0;Média (R$ 1.800-2.999);Não pesquisado ainda;nao_pesquisado;False
35120947;ESCOLA DE EDUCACAO BASICA FUNDACAO BRADESCO;3534401;8,0;31;Outras posições;False;600,2129203539823;113,0;4,0;391,0;0,559;Polígono;585,3467383512544;93,0;593,5014886731391;14,866182002727896;Osasco;SP;0,6495;Osasco;-23,5758317;-46,8059029;6145055;CONCEICAO;nao_aplicavel;2300,0;Média (R$ 1.800-2.999);Não pesquisado ainda;nao_pesquisado;False
15096190;COLEGIO ADVENTISTA DA MARAMBAIA;1501402;23,0;65;Outras posições;False;594,5296296296297;45,0;5,0;140,0;0,558;Polígono;561,7223076923077;26,0;582,5156807511737;32,807321937321944;Belém;PA;0,6935;Belém;-1,400756442;-48,45214558;66620620;MARAMBAIA;nao_aplicavel;1800,0;Média (R$ 1.800-2.999);Não pesquisado ainda;nao_pesquisado;False
52103560;CENTRO EDUCACIONAL IGOR XAVIER;5221403;2,0;2;Sem comparação local (poucas escolas na cidade);False;615,5481818181818;22,0;2,0;104,0;0,557;Polígono;623,6111111111111;27,0;619,9910204081632;-8,062929292929311;Trindade;GO;0,3695;Trindade;-16,6562433;-49,486135;75388340;VILA PADRE ETERNO;nao_aplicavel;1500,0;Baixa (< R$ 1.800);Não pesquisado ainda;nao_pesquisado;False
35130588;LA FONTAINE ESCOLA EDUCACAO INFANTIL E FUNDAMENTAL;3525904;17,0;31;Outras posições;False;623,0066666666667;24,0;1,0;105,0;0,557;Polígono;608,8687719298246;19,0;616,7596899224806;14,1378947368421;Jundiaí;SP;0,825;Jundiaí;-23,17878;-46,8926287;13201230;VILA INHAMUPE;nao_aplicavel;3000,0;Média-Alta (R$ 3.000-4.999);Não pesquisado ainda;nao_pesquisado;False
13026402;ESCOLAS IDAAM;1302603;16,0;49;Outras posições;False;607,6584126984128;126,0;4,0;415,0;0,557;Polígono;597,3831831831833;111,0;602,8459634317862;10,275229515229512;Manaus;AM;0,5729;Manaus;-3,099579723;-60,0242415;69050010;CHAPADA;nao_aplicavel;3500,0;Média-Alta (R$ 3.000-4.999);Não pesquisado ainda;nao_pesquisado;False
26192713;COLEGIO CRISTAO DE PETROLINA;2611101;5,0;10;Desafiante (2º-5º local);False;600,8347747747747;37,0;4,0;192,0;0,557;Polígono;604,3018181818181;33,0;602,4692380952381;-3,467043407043434;Petrolina;PE;0,5578;Petrolina;;;56328010;VILA EDUARDO;nao_aplicavel;1400,0;Baixa (< R$ 1.800);Não pesquisado ainda;nao_pesquisado;False
35124060;COEDUCAR INSTITUTO DE EDUCACAO;3503208;6,0;13;Outras posições;False;610,6154545454546;44,0;3,0;176,0;0,557;Polígono;611,5388888888889;54,0;611,1242857142857;-0,9234343434343372;Araraquara;SP;0,7714;Araraquara;-21,7869922;-48,2003956;14801530;PARQUE LARANJEIRAS;nao_aplicavel;2500,0;Média (R$ 1.800-2.999);Não pesquisado ainda;nao_pesquisado;False
29190886;COLEGIO MONTESSORIANO;2927408;34,0;90;Outras posições;False;606,9889473684211;38,0;3,0;147,0;0,557;Polígono;636,8677777777777;30,0;620,1707843137256;-29,878830409356624;Salvador;BA;0,7909;Salvador;;;41706710;BOCA DO RIO;nao_aplicavel;1212,0;Baixa (< R$ 1.800);Não pesquisado ainda;nao_pesquisado;False
23277050;COLEGIO MARIA ESTER 4;2304400;45,0;117;Outras posições;False;603,4745593869732;87,0;4,0;272,0;0,555;Polígono;584,8171144278607;67,0;595,3573593073593;18,657444959112468;Fortaleza;CE;0,8208;Fortaleza;;;60743290;PARQUE DOIS IRMAOS;nao_aplicavel;1212,0;Baixa (< R$ 1.800);Não pesquisado ainda;nao_pesquisado;False
33178976;COLEGIO E CURSO PENSI;3300704;4,0;12;Desafiante (2º-5º local);False;617,6595384615385;65,0;1,0;224,0;0,555;Polígono;639,8630188679244;53,0;627,6322881355932;-22,203480406385893;Cabo Frio;RJ;0,601;Cabo Frio;;;28907090;CENTRO;nao_aplicavel;1900,0;Média (R$ 1.800-2.999);Não pesquisado ainda;nao_pesquisado;False
35114911;BARAO DE MAUA ESCOLA DE ED INFANTIL FUNDAMENTAL E MEDIO;3543402;21,0;38;Outras posições;False;603,4624;50,0;4,0;170,0;0,555;Polígono;620,5664761904762;35,0;610,5052549019608;-17,104076190476235;Ribeirão Preto;SP;0,9014;Ribeirão Preto;-21,18287;-47,79737;14090180;JARDIM PAULISTA;nao_aplicavel;2500,0;Média (R$ 1.800-2.999);Não pesquisado ainda;nao_pesquisado;False
33067732;COLEGIO DA COMPANHIA DE MARIA;3304557;145,0;344;Outras posições;False;593,8341463414635;41,0;5,0;127,0;0,555;Polígono;636,9364705882354;17,0;606,4675862068966;-43,1023242467719;Rio de Janeiro;RJ;0,8408;Rio de Janeiro;-22,9219579;-43,2627966;20561092;GRAJAÚ;bairro;4600,0;Média-Alta (R$ 3.000-4.999);Não pesquisado ainda;nao_pesquisado;False
43176364;INSTITUTO PRO-UNIVERSIDADE CANOENSE - IPUC;4304606;7,0;10;Outras posições;False;593,8230769230769;26,0;5,0;135,0;0,554;Polígono;580,7970588235294;34,0;586,4416666666667;13,026018099547514;Canoas;RS;0,7184;Canoas;-29,92523798;-51,18095007;92310022;CENTRO;nao_aplicavel;5000,0;Alta (≥ R$ 5.000);Não pesquisado ainda;nao_pesquisado;False
35135446;PIAGET COLEGIO;3550308;152,0;516;Outras posições;False;596,7531623931624;39,0;5,0;121,0;0,554;Polígono;599,9013793103449;58,0;598,6356013745705;-3,1482169171824808;São Paulo;SP;0,8116;Santana;-23,4838938;-46,6552266;2542000;SITIO DO MANDAQUI;distrito;5001,0;Alta (≥ R$ 5.000);Não pesquisado ainda;nao_pesquisado;False
23162902;DIOCESANO DO CRATO COLEGIO;2304202;3,0;4;Desafiante (2º-5º local);False;596,6976;25,0;5,0;102,0;0,554;Polígono;587,1066666666667;18,0;592,6827906976745;9,590933333333282;Crato;CE;0,197;Crato;-7,23519624;-39,41073447;63100110;CENTRO;nao_aplicavel;1500,0;Baixa (< R$ 1.800);Não pesquisado ainda;nao_pesquisado;False
14000792;CENTRO EDUCACIONAL MACUNAIMA - COLEGIO FAMETRO;1400100;2,0;9;Desafiante (2º-5º local);False;596,6544680851064;47,0;5,0;207,0;0,554;Polígono;614,9257142857143;63,0;607,1189090909091;-18,271246200607948;Boa Vista;RR;0,312;Boa Vista;2,8311909;-60,6789255;69305120;SÃO FRANCISCO;nao_aplicavel;3850,0;Média-Alta (R$ 3.000-4.999);Não pesquisado ainda;nao_pesquisado;False
35144496;COLEGIO JOSEENSE;3549904;15,0;27;Outras posições;False;603,2995402298851;29,0;4,0;106,0;0,554;Polígono;571,9464285714286;28,0;587,8980116959065;31,353111658456555;São José dos Campos;SP;0,9207;São José dos Campos;-23,24378785;-45,89242262;12236072;RESIDENCIAL SOL NASCENTE;nao_aplicavel;2700,0;Média (R$ 1.800-2.999);Não pesquisado ainda;nao_pesquisado;False
23251832;TIRADENTES COLEGIO;2304400;46,0;117;Outras posições;False;605,0714285714286;98,0;3,0;297,0;0,553;Polígono;595,501507936508;84,0;600,6545421245422;9,56992063492055;Fortaleza;CE;0,8208;Fortaleza;-3,729325;-38,5342856;60015001;CENTRO;nao_aplicavel;2400,0;Média (R$ 1.800-2.999);Não pesquisado ainda;nao_pesquisado;False
43295258;EEM VIAMOPOLIS;4323002;2,0;6;Desafiante (2º-5º local);False;596,6097297297298;37,0;5,0;168,0;0,553;Polígono;585,1141228070176;38,0;590,7852888888889;11,495606922712229;Viamão;RS;0,2701;Viamão;-30,09704;-51,07946;94455000;MARTINICA;nao_aplicavel;2000,0;Média (R$ 1.800-2.999);Não pesquisado ainda;nao_pesquisado;False
16007484;ESC ADVENTISTA DE MACAPA;1600303;6,0;16;Outras posições;False;605,041875;32,0;3,0;119,0;0,553;Polígono;607,5524137931035;29,0;606,2354098360656;-2,5105387931034784;Macapá;AP;0,492;Macapá;0,0445383333;-51,059235;68908121;JESUS DE NAZARÉ;nao_aplicavel;2400,0;Média (R$ 1.800-2.999);Não pesquisado ainda;nao_pesquisado;False
35139129;PINHEIRO ESCOLA;3550308;153,0;516;Outras posições;False;593,56;66,0;5,0;325,0;0,553;Polígono;600,1995918367347;98,0;597,5275609756097;-6,63959183673478;São Paulo;SP;0,8116;Cidade Dutra;-23,71257704;-46,68918519;4812180;INTERLAGOS;distrito;2000,0;Média (R$ 1.800-2.999);Não pesquisado ainda;nao_pesquisado;False
35005131;COLEGIO OBJETIVO PRIME;3548708;14,0;33;Outras posições;False;599,3358181818182;110,0;4,0;383,0;0,553;Polígono;597,9794957983194;119,0;598,6310043668122;1,3563223834988776;São Bernardo do Campo;SP;0,8204;São Bernardo do Campo;-23,6937273;-46,5463059;9751030;BAETA NEVES;nao_aplicavel;2600,0;Média (R$ 1.800-2.999);Não pesquisado ainda;nao_pesquisado;False
33066930;ESCOLA DE EDUCACAO BASICA E PROFISSIONAL FUNDACAO BRADESCO;3304557;147,0;344;Outras posições;False;592,6513015873015;105,0;5,0;451,0;0,553;Polígono;570,2450757575757;88,0;582,4349913644214;22,406225829725827;Rio de Janeiro;RJ;0,8408;Rio de Janeiro;-22,91983;-43,2146;20260141;TIJUCA;bairro;5500,0;Alta (≥ R$ 5.000);Não pesquisado ainda;nao_pesquisado;False
35124801;ESCOLA DE EDUCACAO BASICA E PROFISSIONAL FUNDACAO BRADESCO;3529005;7,0;13;Outras posições;False;599,3169082125604;69,0;4,0;259,0;0,553;Polígono;588,8549462365592;62,0;594,3654452926208;10,461961976001248;Marília;SP;0,6435;Marília;-22,17781;-49,96796;17512043;DISTRITO INDUSTRIAL;nao_aplicavel;2400,0;Média (R$ 1.800-2.999);Não pesquisado ainda;nao_pesquisado;False
35100730;AMORIM SANTA TERESA COLEGIO;3550308;154,0;516;Outras posições;False;600,1589333333333;75,0;4,0;304,0;0,553;Polígono;581,3653750000001;80,0;590,4590322580646;18,79355833333318;São Paulo;SP;0,8116;Vila Guilherme;-23,5043146;-46,6049785;2051050;VILA GUILHERME;distrito;3500,0;Média-Alta (R$ 3.000-4.999);Não pesquisado ainda;nao_pesquisado;False
53018532;COL IN-NOVA;5300108;54,0;117;Outras posições;False;609,9555823293173;83,0;3,0;246,0;0,553;Polígono;612,947619047619;21,0;610,5597435897436;-2,9920367183017333;Brasília;DF;0,9278;Brasília;-15,80008727;-47,92072833;70670150;SETOR SUDOESTE;nao_aplicavel;3000,0;Média-Alta (R$ 3.000-4.999);Não pesquisado ainda;nao_pesquisado;False
16007735;NUCLEO DE EDUCACAO INTEGRADA - NEI;1600303;7,0;16;Outras posições;False;593,3691228070174;38,0;5,0;132,0;0,552;Polígono;562,9337931034482;29,0;580,1956218905472;30,43532970356921;Macapá;AP;0,492;Macapá;0,0070381;-51,06725;68903012;JARDIM EQUATORIAL;nao_aplicavel;2200,0;Média (R$ 1.800-2.999);Não pesquisado ainda;nao_pesquisado;False
52072568;COLEGIO INTEGRAL DE CATALAO;5205109;4,0;8;Desafiante (2º-5º local);False;596,3991489361701;47,0;5,0;145,0;0,552;Polígono;622,3777777777777;36,0;607,6669879518072;-25,978628841607588;Catalão;GO;0,5699;Catalão;-18,1657015;-47,94976324;75702220;MÃE DE DEUS;nao_aplicavel;2400,0;Média (R$ 1.800-2.999);Não pesquisado ainda;nao_pesquisado;False
33008337;COLEGIO BITTENCOURT;3301009;8,0;16;Outras posições;False;602,9234782608695;23,0;4,0;112,0;0,551;Polígono;610,0994666666667;25,0;606,6609722222222;-7,17598840579717;Campos dos Goytacazes;RJ;0,6581;Campos dos Goytacazes;-21,75313833;-41,33402833;28035641;CENTRO;nao_aplicavel;3600,0;Média-Alta (R$ 3.000-4.999);Não pesquisado ainda;nao_pesquisado;False
27053431;CONECTA EIRELI;2700300;7,0;15;Outras posições;False;602,9041860465117;43,0;4,0;174,0;0,551;Polígono;591,6901666666666;40,0;597,4998393574297;11,214019379845013;Arapiraca;AL;0,5023;Arapiraca;-9,741463;-36,6623287;57311550;SENADOR TEOTONIO VILELA;nao_aplicavel;1212,0;Baixa (< R$ 1.800);Não pesquisado ainda;nao_pesquisado;False
33191824;COLEGIO E CURSO PENSI;3304557;148,0;344;Outras posições;False;608,5458333333333;104,0;3,0;385,0;0,551;Polígono;632,721981981982;111,0;621,027472868217;-24,17614864864868;Rio de Janeiro;RJ;0,8408;Rio de Janeiro;;;21220560;VILA DA PENHA;bairro;3500,0;Média-Alta (R$ 3.000-4.999);Não pesquisado ainda;nao_pesquisado;False
35101448;SAO JUDAS TADEU COLEGIO;3550308;155,0;516;Outras posições;False;605,7414207650273;61,0;3,0;252,0;0,551;Polígono;603,8636;50,0;604,8955555555557;1,8778207650273089;São Paulo;SP;0,8116;Mooca;-23,5551207;-46,5974316;3167070;MOOCA;distrito;5000,0;Alta (≥ R$ 5.000);Não pesquisado ainda;nao_pesquisado;False
26137950;COLEGIO SOUZA LEAO MEDIO;2607901;5,0;22;Desafiante (2º-5º local);False;599,4718032786885;61,0;5,0;189,0;0,55;Polígono;596,821981981982;37,0;598,4713605442178;2,6498212967064774;Jaboatão dos Guararapes;PE;0,4671;Jaboatão dos Guararapes;-8,2029076;-34,9194161;54440072;CANDEIAS;nao_aplicavel;2800,0;Média (R$ 1.800-2.999);Não pesquisado ainda;nao_pesquisado;False
29478448;CERM - CENTRO DE ESTUDO RONALDO MENDES;2914802;4,0;7;Desafiante (2º-5º local);False;618,3506201550388;86,0;2,0;265,0;0,55;Polígono;620,8369387755101;98,0;619,6748550724637;-2,4863186204713656;Itabuna;BA;0,533;Itabuna;;;45600162;CENTRO;nao_aplicavel;3100,0;Média-Alta (R$ 3.000-4.999);Não pesquisado ainda;nao_pesquisado;False
33241201;COLEGIO E CURSO INTELLECTUS - UNIDADE FREGUESIA;3304557;149,0;344;Outras posições;False;610,6545454545454;44,0;2,0;196,0;0,55;Polígono;621,1985815602836;47,0;616,1003663003663;-10,5440361057382;Rio de Janeiro;RJ;0,8408;Rio de Janeiro;-22,94682211;-43,3396092;22755158;FREGUESIA (JACAREPAGUÁ);bairro;5000,0;Alta (≥ R$ 5.000);Não pesquisado ainda;nao_pesquisado;False
35122038;COC SISTEMA DE EDUCACAO;3549904;16,0;27;Outras posições;False;617,8729166666667;48,0;1,0;133,0;0,55;Polígono;648,1661224489795;49,0;633,1756701030927;-30,29320578231284;São José dos Campos;SP;0,9207;São José dos Campos;-23,19675827;-45,88667945;12245031;JARDIM SAO DIMAS;nao_aplicavel;2700,0;Média (R$ 1.800-2.999);Não pesquisado ainda;nao_pesquisado;False
32068336;ELITE - REDE DE ENSINO;3205200;12,0;23;Outras posições;False;602,6825;24,0;4,0;145,0;0,55;Polígono;605,2521739130435;23,0;603,94;-2,569673913043516;Vila Velha;ES;0,7846;Vila Velha;-20,3372986;-40,2936879;29100300;CENTRO DE VILA VELHA;nao_aplicavel;3000,0;Média-Alta (R$ 3.000-4.999);Não pesquisado ainda;nao_pesquisado;False
24073784;INSTITUTO EDUCACIONAL SEMENTES;2408003;8,0;14;Outras posições;False;599,6644292237443;146,0;4,0;545,0;0,549;Polígono;579,7443243243243;148,0;589,6366213151928;19,920104899419925;Mossoró;RN;0,5769;Mossoró;-5,21423719;-37,33663523;59631340;PLANALTO TREZE DE MAIO;nao_aplicavel;1800,0;Média (R$ 1.800-2.999);Não pesquisado ainda;nao_pesquisado;False
41382366;COLEGIO LOBO DO PARANA - ENSINO FUNDAMENTAL E MEDIO;4109401;6,0;9;Outras posições;False;595,989;20,0;5,0;117,0;0,549;Polígono;555,0290909090909;22,0;574,5338095238095;40,95990909090915;Guarapuava;PR;0,5944;Guarapuava;-25,39387014;-51,470644;85010300;CENTRO;nao_aplicavel;4000,0;Média-Alta (R$ 3.000-4.999);Não pesquisado ainda;nao_pesquisado;False
28019814;INSTITUTO DOM FERNANDO GOMES;2800308;20,0;43;Outras posições;False;599,4654098360655;122,0;4,0;434,0;0,549;Polígono;596,8723188405797;138,0;598,089076923077;2,5930909954857952;Aracaju;SE;0,864;Aracaju;-10,90878876;-37,07241555;49075200;SIQUEIRA CAMPOS;nao_aplicavel;1965,0;Média (R$ 1.800-2.999);Não pesquisado ainda;nao_pesquisado;False
35155159;COLEGIO MASTER ANGLO DE ARARAQUARA;3503208;7,0;13;Outras posições;False;609,1878095238095;35,0;3,0;101,0;0,549;Polígono;604,2245714285715;35,0;606,7061904761905;4,963238095238012;Araraquara;SP;0,7714;Araraquara;-21,7712942;-48,1779773;14802315;VILA JOSE BONIFACIO;nao_aplicavel;2500,0;Média (R$ 1.800-2.999);Não pesquisado ainda;nao_pesquisado;False
35292175;UNIMOR COLEGIO NUCLEO 2;3550308;156,0;516;Outras posições;False;602,5655782312925;49,0;4,0;165,0;0,549;Polígono;594,6411111111112;60,0;598,2034862385322;7,924467120181362;São Paulo;SP;0,8116;Casa Verde;-23,4991864;-46,645139;2536000;VILA ESTER ZONA NORTE;distrito;2800,0;Média (R$ 1.800-2.999);Não pesquisado ainda;nao_pesquisado;False
35137194;SAINT EXUPERY PEQUENO PRINCIPE COLEGIO SEPP;3524402;3,0;12;Desafiante (2º-5º local);False;609,1866666666667;31,0;3,0;108,0;0,548;Polígono;631,8557142857143;28,0;619,9448587570621;-22,669047619047547;Jacareí;SP;0,5667;Jacareí;-23,2999537;-45,9562175;12308001;CENTRO;nao_aplicavel;2400,0;Média (R$ 1.800-2.999);Não pesquisado ainda;nao_pesquisado;False
50030116;NOTA 10 - UNIDADE GARCAS;5002704;18,0;31;Outras posições;False;612,387469879518;166,0;1,0;503,0;0,548;Polígono;623,361264957265;195,0;618,3151431209603;-10,973795077747011;Campo Grande;MS;0,789;Campo Grande;-20,45211312;-54,61144221;79010180;MONTE CASTELO;nao_aplicavel;3000,0;Média-Alta (R$ 3.000-4.999);Não pesquisado ainda;nao_pesquisado;False
35126949;INTEGRAL COLEGIO;3507605;6,0;12;Outras posições;False;612,38;35,0;3,0;104,0;0,547;Polígono;626,5498039215686;34,0;619,3622222222222;-14,169803921568588;Bragança Paulista;SP;0,6238;Bragança Paulista;-22,9554661;-46,5410346;12910690;JARDIM DOUTOR JULIO DE MESQUITA FILHO;nao_aplicavel;2400,0;Média (R$ 1.800-2.999);Não pesquisado ainda;nao_pesquisado;False
53003640;COLEGIO CATOLICA BRASILIA;5300108;56,0;117;Outras posições;False;595,6917081260365;201,0;5,0;673,0;0,547;Polígono;616,0514081996434;187,0;605,5042439862543;-20,359700073606973;Brasília;DF;0,9278;Brasília;-15,8622398;-48,0328009;71966900;AREAL (AGUAS CLARAS);nao_aplicavel;3000,0;Média-Alta (R$ 3.000-4.999);Não pesquisado ainda;nao_pesquisado;False
29181755;COLEGIO ADVENTISTA DE SALVADOR;2927408;35,0;90;Outras posições;False;605,4372093023255;43,0;4,0;169,0;0,546;Polígono;619,5818181818181;44,0;612,5908045977011;-14,14460887949258;Salvador;BA;0,7909;Salvador;-12,97028117;-38,50240012;40050420;NAZARÉ;nao_aplicavel;2500,0;Média (R$ 1.800-2.999);Não pesquisado ainda;nao_pesquisado;False
33175560;COLEGIO OBJETIVO CAMBOINHAS;3303302;26,0;42;Outras posições;False;598,7931578947369;38,0;5,0;111,0;0,546;Polígono;608,5351219512195;41,0;603,8491139240507;-9,74196405648263;Niterói;RJ;0,9692;Niterói;;;24358640;CAMBOINHAS;nao_aplicavel;10000,0;Alta (≥ R$ 5.000);Não pesquisado ainda;nao_pesquisado;False
29182441;COLEGIO NOSSA SENHORA DA SOLEDADE;2927408;36,0;90;Outras posições;False;598,7584126984127;63,0;5,0;241,0;0,546;Polígono;601,4733333333334;39,0;599,7964705882353;-2,714920634920645;Salvador;BA;0,7909;Salvador;-12,95808309;-38,49931818;40328120;LAPINHA;nao_aplicavel;1600,0;Baixa (< R$ 1.800);Não pesquisado ainda;nao_pesquisado;False
35100663;MADRE MAZZARELLO INSTITUTO;3550308;157,0;516;Outras posições;False;595,5413333333332;60,0;5,0;167,0;0,546;Polígono;599,5564102564102;39,0;597,1230303030302;-4,015076923077004;São Paulo;SP;0,8116;Santana;-23,4919833;-46,6329467;2405060;SANTANA;distrito;5001,0;Alta (≥ R$ 5.000);Não pesquisado ainda;nao_pesquisado;False
41133005;COLEGIO ADVENTISTA PORTAO - EIEFM;4106902;32,0;69;Outras posições;False;595,4269892473119;62,0;5,0;215,0;0,545;Polígono;598,9116939890711;61,0;597,1551761517616;-3,484704741759174;Curitiba;PR;0,8491;Curitiba;-25,48218252;-49,29827912;81070090;PORTÃO;nao_aplicavel;5000,0;Alta (≥ R$ 5.000);Não pesquisado ainda;nao_pesquisado;False
41160266;COLEGIO POSITIVO SANTA MARIA - EDUCACAO INFANTIL ENSINO FUNDAMENTAL E MEDIO;4113700;12,0;24;Outras posições;False;601,8004166666666;32,0;4,0;175,0;0,543;Polígono;651,4817647058824;34,0;627,3938383838383;-49,68134803921578;Londrina;PR;0,8372;Londrina;-23,31059255;-51,17733794;86060000;VITORIA;nao_aplicavel;2500,0;Média (R$ 1.800-2.999);Não pesquisado ainda;nao_pesquisado;False
29428289;COLEGIO IMPACTO;2919207;5,0;8;Desafiante (2º-5º local);False;595,1343478260869;46,0;5,0;168,0;0,543;Polígono;599,7019512195121;41,0;597,2868965517241;-4,567603393425202;Lauro de Freitas;BA;0,7809;Lauro de Freitas;;;42701450;PITANGUEIRAS;nao_aplicavel;5000,0;Alta (≥ R$ 5.000);Não pesquisado ainda;nao_pesquisado;False
35101151;NOSSA SENHORA DE LOURDES COLEGIO;3550308;160,0;516;Outras posições;False;598,369696969697;22,0;5,0;118,0;0,543;Polígono;603,875061728395;27,0;601,4032653061225;-5,505364758698079;São Paulo;SP;0,8116;Água Rasa;-23,5569853;-46,5747054;3342010;VILA REGENTE FEIJO;distrito;4000,0;Média-Alta (R$ 3.000-4.999);Não pesquisado ainda;nao_pesquisado;False
35119261;JOSE DE PAIVA NETTO INSTITUTO DE EDUCACAO;3550308;161,0;516;Outras posições;False;598,53;64,0;4,0;237,0;0,543;Polígono;612,4489523809524;70,0;605,8010945273631;-13,91895238095242;São Paulo;SP;0,8116;Bom Retiro;-23,5217324;-46,6507986;1134000;BOM RETIRO;distrito;2600,0;Média (R$ 1.800-2.999);Não pesquisado ainda;nao_pesquisado;False
31235555;COLEGIO EDUCARE DE BETIM;3106705;6,0;6;Outras posições;False;597,5574509803922;34,0;4,0;145,0;0,543;Polígono;600,7177272727273;44,0;599,340170940171;-3,160276292335084;Betim;MG;0,421;Betim;-19,9836154;-44,1845578;32656820;ARQUIPÉLAGO VERDE;nao_aplicavel;2000,0;Média (R$ 1.800-2.999);Não pesquisado ainda;nao_pesquisado;False
15173429;PHYSICS COLEGIO E CURSO;1501402;25,0;65;Outras posições;False;613,2203278688525;61,0;2,0;162,0;0,542;Polígono;625,0014893617022;47,0;618,3473148148149;-11,78116149284972;Belém;PA;0,6935;Belém;;;66093031;MARCO;nao_aplicavel;3000,0;Média-Alta (R$ 3.000-4.999);Não pesquisado ainda;nao_pesquisado;False
33203300;CET CENTRO EDUCACIONAL TOLEDO CET LTDA;3304524;7,0;14;Outras posições;False;616,4577777777778;27,0;2,0;146,0;0,542;Polígono;;;616,4577777777778;;Rio das Ostras;RJ;0,7058;Rio das Ostras;;;28893050;CENTRO;nao_aplicavel;2000,0;Média (R$ 1.800-2.999);Não pesquisado ainda;nao_pesquisado;False
35004863;COLEGIO BATISTA RIOPRETENSE;3549805;15,0;28;Outras posições;False;601,6956321839081;29,0;4,0;141,0;0,542;Polígono;579,2563636363636;22,0;592,0159477124183;22,43926854754443;São José do Rio Preto;SP;0,8136;São José do Rio Preto;-20,80276825;-49,39151232;15025065;PARQUE INDUSTRIAL;nao_aplicavel;2500,0;Média (R$ 1.800-2.999);Não pesquisado ainda;nao_pesquisado;False
26118149;COLEGIO DA IMACULADA CONCEICAO;2611606;36,0;76;Outras posições;False;598,4264285714286;28,0;4,0;134,0;0,542;Polígono;579,7553846153846;39,0;587,5582089552238;18,671043956043945;Recife;PE;0,9162;Recife;-8,092599;-34,94241;50900660;BARRO;nao_aplicavel;1212,0;Baixa (< R$ 1.800);Não pesquisado ainda;nao_pesquisado;False
29451990;EVOLUCAO CENTRO EDUCACIONAL;2925303;3,0;6;Desafiante (2º-5º local);False;612,7527272727273;55,0;2,0;144,0;0,542;Polígono;644,2165079365079;42,0;626,3762199312714;-31,463780663780653;Porto Seguro;BA;0,4311;Porto Seguro;;;45810000;;nao_aplicavel;1212,0;Baixa (< R$ 1.800);Não pesquisado ainda;nao_pesquisado;False
22026037;INST EDUC SAO JOSE;2211001;31,0;52;Outras posições;False;604,0723577235772;205,0;3,0;483,0;0,542;Polígono;623,7695065458207;331,0;616,2360820895522;-19,69714882224355;Teresina;PI;0,7817;Teresina;-5,028033338;-42,81245977;64010790;MOCAMBINHO;nao_aplicavel;1703,0;Baixa (< R$ 1.800);Não pesquisado ainda;nao_pesquisado;False
43100007;COLEGIO GONZAGA;4314407;8,0;10;Outras posições;False;598,2485714285714;42,0;4,0;209,0;0,541;Polígono;627,0190222222222;75,0;616,6911680911682;-28,770450793650863;Pelotas;RS;0,7278;Pelotas;-31,76325;-52,33885;96015170;CENTRO;nao_aplicavel;2000,0;Média (R$ 1.800-2.999);Não pesquisado ainda;nao_pesquisado;False
35102076;SAO JOSE DE VILA MATILDE ESCOLA;3550308;162,0;516;Outras posições;False;597,8162790697675;43,0;5,0;150,0;0,54;Polígono;577,140459770115;29,0;589,4885185185186;20,67581929965252;São Paulo;SP;0,8116;Vila Matilde;-23,5336601;-46,5250669;3513000;VILA MATILDE;distrito;3000,0;Média-Alta (R$ 3.000-4.999);Não pesquisado ainda;nao_pesquisado;False
26187604;COLEGIO CBV JAQUEIRA;2611606;38,0;76;Outras posições;False;594,5319999999999;15,0;5,0;119,0;0,539;Polígono;632,0736231884058;69,0;625,3697619047618;-37,54162318840588;Recife;PE;0,9162;Recife;;;52041800;TAMARINEIRA;nao_aplicavel;7000,0;Alta (≥ R$ 5.000);Não pesquisado ainda;nao_pesquisado;False
53014405;ESC ATUAL;5300108;58,0;117;Outras posições;False;607,3342222222223;45,0;3,0;150,0;0,539;Polígono;607,0786206896552;29,0;607,234054054054;0,2556015325670842;Brasília;DF;0,9278;Brasília;-15,8408746;-48,0178263;71939540;AGUAS CLARAS;nao_aplicavel;3000,0;Média-Alta (R$ 3.000-4.999);Não pesquisado ainda;nao_pesquisado;False
35006976;COLEGIO POLIEDRO ARARAS;3503307;4,0;6;Desafiante (2º-5º local);False;615,7103225806452;31,0;2,0;125,0;0,539;Polígono;641,044;30,0;628,1695081967213;-25,333677419354785;Araras;SP;0,5864;Araras;;;13600030;CENTRO;nao_aplicavel;2400,0;Média (R$ 1.800-2.999);Não pesquisado ainda;nao_pesquisado;False
32039980;COLEGIO ADVENTISTA DE VITORIA;3205309;16,0;18;Outras posições;False;597,743076923077;39,0;4,0;160,0;0,538;Polígono;608,5154285714286;35,0;602,8381081081081;-10,772351648351671;Vitória;ES;0,9347;Vitória;-20,3142643;-40,3128247;29053200;MONTE BELO;nao_aplicavel;2500,0;Média (R$ 1.800-2.999);Não pesquisado ainda;nao_pesquisado;False
29406080;COOPERATIVA EDUCACIONAL DE SANTO ANTONIO DE JESUS RESP LTDA;2928703;3,0;6;Desafiante (2º-5º local);False;603,3792;50,0;3,0;160,0;0,538;Polígono;613,4713698630136;73,0;609,3688617886179;-10,092169863013623;Santo Antônio de Jesus;BA;0,4136;Santo Antônio de Jesus;-12,96888;-39,25734;44430540;CAJUEIRO;nao_aplicavel;1212,0;Baixa (< R$ 1.800);Não pesquisado ainda;nao_pesquisado;False
33106851;COLEGIO ST GEORGES;3304557;151,0;344;Outras posições;False;603,9350000000001;24,0;4,0;114,0;0,538;Polígono;;;603,9350000000001;;Rio de Janeiro;RJ;0,8408;Rio de Janeiro;;;22795077;RECREIO DOS BANDEIRANTES;bairro;6000,0;Alta (≥ R$ 5.000);Não pesquisado ainda;nao_pesquisado;False
35100304;SANTA LUCIA FILIPPINI COLEGIO;3550308;164,0;516;Outras posições;False;597,2602721088435;49,0;5,0;126,0;0,537;Polígono;608,8045161290322;31,0;601,7336666666666;-11,544244020188671;São Paulo;SP;0,8116;Freguesia do Ó;-23,4887235;-46,6905484;2737100;ITABERABA;distrito;2500,0;Média (R$ 1.800-2.999);Não pesquisado ainda;nao_pesquisado;False
53014111;COLEGIO IDEAL - UNIDADE III;5300108;59,0;117;Outras posições;False;610,2535395189003;97,0;3,0;415,0;0,535;Polígono;618,6356038647343;138,0;615,1757730496454;-8,38206434583401;Brasília;DF;0,9278;Brasília;-15,79783089;-48,05921696;72130008;TAGUATINGA NORTE;nao_aplicavel;3000,0;Média-Alta (R$ 3.000-4.999);Não pesquisado ainda;nao_pesquisado;False
42020557;COLEGIO UNIVILLE;4209102;7,0;14;Outras posições;False;596,9888888888888;18,0;4,0;121,0;0,535;Polígono;615,0178947368421;19,0;606,247027027027;-18,02900584795327;Joinville;SC;0,7075;Joinville;-26,2503367;-48,8561117;89219710;ZONA INDUSTRIAL NORTE;nao_aplicavel;2500,0;Média (R$ 1.800-2.999);Não pesquisado ainda;nao_pesquisado;False
41129830;COLEGIO IMACULADA CONCEICAO;4106902;34,0;69;Outras posições;False;590,5108571428572;70,0;5,0;274,0;0,535;Polígono;604,6325641025641;52,0;596,5299453551913;-14,121706959706898;Curitiba;PR;0,8491;Curitiba;-25,4018225;-49,3309064;82400000;SANTA FELICIDADE;nao_aplicavel;4000,0;Média-Alta (R$ 3.000-4.999);Não pesquisado ainda;nao_pesquisado;False
17005078;ASSOCIACAO SANTA CRUZ DE ARAGUAINA;1702109;2,0;4;Desafiante (2º-5º local);False;593,5769105691057;41,0;5,0;205,0;0,534;Polígono;619,3363742690058;57,0;608,559455782313;-25,75946369990004;Araguaína;TO;0,3026;Araguaína;-7,190996753;-48,20582483;77804090;SETOR CENTRAL;nao_aplicavel;1500,0;Baixa (< R$ 1.800);Não pesquisado ainda;nao_pesquisado;False
35144204;COLEGIO PORTUGUES DE SAO PAULO;3513009;5,0;17;Desafiante (2º-5º local);False;590,3208;25,0;5,0;109,0;0,534;Polígono;604,1385964912281;38,0;598,6553439153439;-13,817796491228137;Cotia;SP;0,7085;Cotia;-23,600119;-46,8211118;6710500;CHÁCARA PAVOEIRO;nao_aplicavel;2500,0;Média (R$ 1.800-2.999);Não pesquisado ainda;nao_pesquisado;False
42112141;CENTRO EDUCACIONAL CATOLICA MACHADO DE ASSIS;4209102;8,0;14;Outras posições;False;601,940170940171;78,0;3,0;283,0;0,534;Polígono;614,8327710843374;83,0;608,5866666666667;-12,892600144166408;Joinville;SC;0,7075;Joinville;-26,28314;-48,83503;89221200;SAGUAÇU;nao_aplicavel;4600,0;Média-Alta (R$ 3.000-4.999);Não pesquisado ainda;nao_pesquisado;False
17056586;CENTRO EDUCACIONAL JCC LTDA;1721000;8,0;14;Outras posições;False;600,1988235294117;17,0;4,0;101,0;0,534;Polígono;609,3416091954023;29,0;605,9627536231884;-9,142785665990573;Palmas;TO;0,7844;Palmas;;;77021634;PLANO DIRETOR SUL;nao_aplicavel;2148,5;Média (R$ 1.800-2.999);Não pesquisado ainda;nao_pesquisado;False
28035470;COLEGIO PRO-MUNDO LTDA EPP MATRIZ;2800308;21,0;43;Outras posições;False;611,1694444444444;36,0;2,0;150,0;0,533;Polígono;631,7677477477478;37,0;621,6096803652969;-20,5983033033034;Aracaju;SE;0,864;Aracaju;-10,93358175;-37,06004254;49027330;GRAGERU;nao_aplicavel;6000,0;Alta (≥ R$ 5.000);Não pesquisado ainda;nao_pesquisado;False
32070845;CENTRO EDUCACIONAL CASTELO;3205002;5,0;8;Desafiante (2º-5º local);False;593,4782608695652;23,0;5,0;101,0;0,533;Polígono;;;593,4782608695652;;Serra;ES;0,5068;Carapina;-20,2050403;-40,2480537;29164380;CHÁCARA PARREIRAL;nao_aplicavel;2800,0;Média (R$ 1.800-2.999);Não pesquisado ainda;nao_pesquisado;False
16012054;PHYSICS COLEGIO E CURSO;1600303;8,0;16;Outras posições;False;614,2791666666667;48,0;1,0;107,0;0,533;Polígono;595,3542857142858;35,0;606,2987951807229;18,92488095238093;Macapá;AP;0,492;Macapá;0,0322821457;-51,06737145;68901280;SANTA RITA;nao_aplicavel;2500,0;Média (R$ 1.800-2.999);Não pesquisado ainda;nao_pesquisado;False
53019253;COL IDEAL AGUAS CLARAS - UNIDADE VII;5300108;60,0;117;Outras posições;False;606,156;25,0;3,0;173,0;0,533;Polígono;602,0229411764706;34,0;603,7742372881355;4,133058823529382;Brasília;DF;0,9278;Brasília;;;71907270;NORTE AGUAS CLARAS;nao_aplicavel;3000,0;Média-Alta (R$ 3.000-4.999);Não pesquisado ainda;nao_pesquisado;False
35140348;SPINOSA COLEGIO UNIDADE II;3550308;166,0;516;Outras posições;False;619,8121428571428;28,0;0,0;139,0;0,533;Polígono;608,0268421052632;38,0;613,0266666666666;11,785300751879618;São Paulo;SP;0,8116;Cidade Ademar;-23,6584306;-46,6707899;4651000;VILA SAO PAULO;distrito;2000,0;Média (R$ 1.800-2.999);Não pesquisado ainda;nao_pesquisado;False
26186225;COLEGIO MOTIVO PETROLINA;2611101;6,0;10;Outras posições;False;611,0584313725491;34,0;2,0;106,0;0,533;Polígono;642,7233333333332;54,0;630,4891666666666;-31,664901960784164;Petrolina;PE;0,5578;Petrolina;;;56328020;VILA EDUARDO;nao_aplicavel;1400,0;Baixa (< R$ 1.800);Não pesquisado ainda;nao_pesquisado;False
35101898;MARY WARD COLEGIO;3550308;167,0;516;Outras posições;False;600,1260606060606;33,0;4,0;170,0;0,533;Polígono;602,0414285714286;28,0;601,0052459016393;-1,9153679653679772;São Paulo;SP;0,8116;Carrão;-23,5441221;-46,5495547;3407000;CHACARA CALIFORNIA;distrito;3500,0;Média-Alta (R$ 3.000-4.999);Não pesquisado ainda;nao_pesquisado;False
35568582;STAR MAX COLEGIO;3534401;10,0;31;Outras posições;False;609,4471111111111;45,0;1,0;172,0;0,532;Polígono;588,2841807909605;59,0;597,441217948718;21,162930320150625;Osasco;SP;0,6495;Osasco;-23,54515731;-46,7834954;6083205;VILA OSASCO;nao_aplicavel;5000,0;Alta (≥ R$ 5.000);Não pesquisado ainda;nao_pesquisado;False
35560728;SER COLEGIO;3552809;2,0;12;Desafiante (2º-5º local);False;595,8411111111111;36,0;4,0;164,0;0,532;Polígono;621,5305555555556;36,0;608,6858333333333;-25,68944444444446;Taboão da Serra;SP;0,5065;Taboão da Serra;-23,60987;-46,76837;6764045;JARDIM MARIA ROSA;nao_aplicavel;2000,0;Média (R$ 1.800-2.999);Não pesquisado ainda;nao_pesquisado;False
41128770;COLEGIO DECISIVO CRISTO REI EDUCACAO INFANTIL ENSINO FUNDAMENTAL E MEDIO;4106902;35,0;69;Outras posições;False;596,5128455284553;41,0;4,0;139,0;0,532;Polígono;598,4846666666667;30,0;597,3460093896714;-1,9718211382114528;Curitiba;PR;0,8491;Curitiba;-25,43263878;-49,2488847;80050205;CRISTO REI;nao_aplicavel;6000,0;Alta (≥ R$ 5.000);Não pesquisado ainda;nao_pesquisado;False
35111016;FRANCISCANO NOSSA SENHORA APARECIDA COLEGIO;3549904;17,0;27;Outras posições;False;605,9806896551723;29,0;3,0;105,0;0,532;Polígono;599,3176;25,0;602,8959259259259;6,663089655172371;São José dos Campos;SP;0,9207;São José dos Campos;-23,18172659;-45,88134371;12210140;CENTRO;nao_aplicavel;2700,0;Média (R$ 1.800-2.999);Não pesquisado ainda;nao_pesquisado;False
35130369;PREMEDICO COLEGIO;3550308;169,0;516;Outras posições;False;602,8663768115941;46,0;4,0;148,0;0,531;Polígono;585,1303225806452;31,0;595,7258874458873;17,73605423094898;São Paulo;SP;0,8116;Lapa;-23,5205923;-46,7098548;5075060;LAPA;distrito;7000,0;Alta (≥ R$ 5.000);Não pesquisado ainda;nao_pesquisado;False
17054079;UPERIMM INSTITUTO DE ENSINO LTDA;1721000;9,0;14;Outras posições;False;605,7946666666667;25,0;3,0;159,0;0,531;Polígono;594,1016666666667;36,0;598,8938797814208;11,692999999999984;Palmas;TO;0,7844;Palmas;-10,24653339;-48,33137551;77023488;PLANO DIRETOR SUL;nao_aplicavel;2148,5;Média (R$ 1.800-2.999);Não pesquisado ainda;nao_pesquisado;False
35107736;WALDORF RUDOLF STEINER ESCOLA;3550308;170,0;516;Outras posições;False;589,8561904761906;28,0;5,0;119,0;0,531;Polígono;;;589,8561904761906;;São Paulo;SP;0,8116;Santo Amaro;-23,6387897;-46,6842961;4639001;JARDIM PETROPOLIS;distrito;7500,0;Alta (≥ R$ 5.000);Não pesquisado ainda;nao_pesquisado;False
33102236;INSTITUTO EDUCACIONAL PROF ALAOR LTDA;3303906;12,0;19;Outras posições;False;614,2794285714285;35,0;2,0;131,0;0,53;Polígono;653,8928735632184;29,0;632,2292708333333;-39,61344499178984;Petrópolis;RJ;0,8097;Itaipava;-22,39106;-43,13105;25730745;ITAIPAVA;nao_aplicavel;1800,0;Média (R$ 1.800-2.999);Não pesquisado ainda;nao_pesquisado;False
21014833;ESCOLA DE EDUCACAO BASICA E PROFISSIONAL FUNDACAO BRADESCO;2111300;22,0;47;Outras posições;False;595,6042253521127;71,0;4,0;248,0;0,53;Polígono;576,149696969697;66,0;586,2319708029197;19,454528382415788;São Luís;MA;0,7058;São Luís;-2,55824546;-44,26611683;65044295;COROADINHO;nao_aplicavel;1300,0;Baixa (< R$ 1.800);Não pesquisado ainda;nao_pesquisado;False
23462450;EDUCAR COLEGIO;2304400;48,0;117;Outras posições;False;592,2050980392156;51,0;4,0;201,0;0,529;Polígono;596,0949685534591;53,0;594,1874358974359;-3,889870514243512;Fortaleza;CE;0,8208;Fortaleza;;;60750130;PREFEITO JOSÉ WALTER;nao_aplicavel;1212,0;Baixa (< R$ 1.800);Não pesquisado ainda;nao_pesquisado;False
33131236;CENTRO EDUCACIONAL DE ITAIPUACU;3302700;3,0;9;Desafiante (2º-5º local);False;596,2;31,0;4,0;121,0;0,529;Polígono;598,5545454545455;22,0;597,1773584905661;-2,354545454545473;Maricá;RJ;0,5165;Maricá;;;24936130;BARROCO ITAIPUAU;nao_aplicavel;2000,0;Média (R$ 1.800-2.999);Não pesquisado ainda;nao_pesquisado;False
52089584;CENTRO EDUCACIONAL DESAFIO I EIRELI;5208707;39,0;68;Outras posições;False;599,4100680272109;49,0;4,0;187,0;0,529;Polígono;605,4828571428571;35,0;601,9403968253968;-6,072789115646287;Goiânia;GO;0,9482;Goiânia;-16,6238592;-49,3247666;74475115;SETOR MORADA DO SOL;nao_aplicavel;2500,0;Média (R$ 1.800-2.999);Não pesquisado ainda;nao_pesquisado;False
50033239;COLEGIO CLASSE A UNIDADE II;5002704;21,0;31;Outras posições;False;595,2531481481482;36,0;4,0;233,0;0,529;Polígono;640,7271957671958;63,0;624,1911784511784;-45,47404761904761;Campo Grande;MS;0,789;Campo Grande;-20,4477261;-54,6111069;79010190;MONTE CASTELO;nao_aplicavel;3000,0;Média-Alta (R$ 3.000-4.999);Não pesquisado ainda;nao_pesquisado;False
35009758;ADVENTISTA DE JARDIM FLORESTAL;3525904;18,0;31;Outras posições;False;614,1;21,0;2,0;141,0;0,528;Polígono;;;614,1;;Jundiaí;SP;0,825;Jundiaí;;;13215690;JARDIM FLORESTAL;nao_aplicavel;3000,0;Média-Alta (R$ 3.000-4.999);Não pesquisado ainda;nao_pesquisado;False
53014707;C EDUCACIONAL CCI SENIOR;5300108;61,0;117;Outras posições;False;589,4639252336449;107,0;5,0;395,0;0,528;Polígono;606,7926495726496;117,0;598,5150892857143;-17,32872433900468;Brasília;DF;0,9278;Brasília;-15,86682;-48,09632;72319502;SAMAMBAIA NORTE (SAMAMBAIA);nao_aplicavel;3000,0;Média-Alta (R$ 3.000-4.999);Não pesquisado ainda;nao_pesquisado;False
53019334;COL COC TAGUATINGA;5300108;62,0;117;Outras posições;False;595,9608695652174;23,0;4,0;101,0;0,528;Polígono;591,7423655913979;31,0;593,5391358024691;4,2185039738195655;Brasília;DF;0,9278;Brasília;;;72135030;TAGUATINGA NORTE;nao_aplicavel;3000,0;Média-Alta (R$ 3.000-4.999);Não pesquisado ainda;nao_pesquisado;False
11000198;COLEGIO SAPIENS - UNIDADE JARDIM DAS MANGUEIRAS;1100205;6,0;13;Outras posições;False;589,3038993710692;53,0;5,0;197,0;0,528;Polígono;559,3409722222223;48,0;575,064092409241;29,96292714884692;Porto Velho;RO;0,5531;Porto Velho;-8,7524037;-63,868376;76820514;FLODOALDO PONTES PINTO;nao_aplicavel;3500,0;Média-Alta (R$ 3.000-4.999);Não pesquisado ainda;nao_pesquisado;False
26121328;COLEGIO ADVENTISTA DO RECIFE;2611606;40,0;76;Outras posições;False;595,9603921568627;34,0;4,0;159,0;0,528;Polígono;610,9788571428571;35,0;603,5784541062801;-15,018464985994456;Recife;PE;0,9162;Recife;-8,056705;-34,88439;50050070;BOA VISTA;nao_aplicavel;3600,0;Média-Alta (R$ 3.000-4.999);Não pesquisado ainda;nao_pesquisado;False
35585488;COLEGIO ANGLO UNIDADE HORTOLANDIA;3519071;2,0;7;Desafiante (2º-5º local);False;616,9005847953217;57,0;1,0;142,0;0,527;Polígono;620,678857142857;35,0;618,3379710144928;-3,778272347535335;Hortolândia;SP;0,4414;Hortolândia;-22,9004639;-47,1742845;13184235;VILA SAO FRANCISCO;nao_aplicavel;2200,0;Média (R$ 1.800-2.999);Não pesquisado ainda;nao_pesquisado;False
15175529;PHYSICS COLEGIO E CURSO;1502400;5,0;11;Desafiante (2º-5º local);False;614,5471428571428;56,0;0,0;163,0;0,526;Polígono;610,3897652582159;71,0;612,2229396325458;4,157377598926928;Castanhal;PA;0,4048;Castanhal;;;68742390;CRISTO REDENTOR;nao_aplicavel;1212,0;Baixa (< R$ 1.800);Não pesquisado ainda;nao_pesquisado;False
42143969;COLEGIO OBJETIVO LAGES;4209300;4,0;5;Desafiante (2º-5º local);False;610,0369105691057;41,0;2,0;168,0;0,526;Polígono;628,3427777777778;60,0;620,9116831683168;-18,30586720867211;Lages;SC;0,5764;Lages;-27,80410856;-50,31744526;88508000;FREI ROGÉRIO;nao_aplicavel;4000,0;Média-Alta (R$ 3.000-4.999);Não pesquisado ainda;nao_pesquisado;False
35131507;OSWALD DE ANDRADE COLEGIO UNIDADE II;3550308;172,0;516;Outras posições;False;604,6613725490197;34,0;3,0;156,0;0,526;Polígono;644,92;27,0;622,4807650273225;-40,25862745098027;São Paulo;SP;0,8116;Lapa;-23,53585;-46,7178;5061450;VILA ROMANA;distrito;7000,0;Alta (≥ R$ 5.000);Não pesquisado ainda;nao_pesquisado;False
52076601;COLEGIO VISAO;5208004;1,0;4;Líder local;False;598,9333333333333;36,0;4,0;122,0;0,526;Polígono;602,3783333333333;20,0;600,1636904761905;-3,44500000000005;Formosa;GO;0,2847;Formosa;-15,5558728;-47,3339372;73813210;FORMOSINHA;nao_aplicavel;1600,0;Baixa (< R$ 1.800);Não pesquisado ainda;nao_pesquisado;False
43037720;COLEGIO ULBRA CRISTO REDENTOR;4304606;8,0;10;Outras posições;False;588,8946913580247;54,0;5,0;175,0;0,526;Polígono;589,5947747747748;37,0;589,1793406593407;-0,7000834167500898;Canoas;RS;0,7184;Canoas;-29,9214734;-51,16912843;92020303;MARECHAL RONDON;nao_aplicavel;6000,0;Alta (≥ R$ 5.000);Não pesquisado ainda;nao_pesquisado;False
35100328;WELLINGTON CENTRO DE ENSINO INTEGRADO;3550308;173,0;516;Outras posições;False;613,6830303030304;33,0;2,0;120,0;0,525;Polígono;637,0783783783784;37,0;626,0491428571429;-23,39534807534801;São Paulo;SP;0,8116;Freguesia do Ó;-23,4974269;-46,7054247;2959000;MOINHO VELHO;distrito;2500,0;Média (R$ 1.800-2.999);Não pesquisado ainda;nao_pesquisado;False
41063350;COLEGIO SAGRADA FAMILIA;4119905;5,0;14;Desafiante (2º-5º local);False;592,1965432098766;135,0;5,0;406,0;0,525;Polígono;598,5600888888889;150,0;595,5457777777779;-6,363545679012304;Ponta Grossa;PR;0,5848;Ponta Grossa;-25,09428;-50,16448;84010760;CENTRO;nao_aplicavel;4600,0;Média-Alta (R$ 3.000-4.999);Não pesquisado ainda;nao_pesquisado;False
41027000;OLIMPUS COL- ENSINO FUNDAMENTAL E MEDIO;4101507;3,0;5;Desafiante (2º-5º local);False;604,5091428571428;35,0;3,0;129,0;0,525;Polígono;619,3089655172414;29,0;611,2153125;-14,799822660098584;Arapongas;PR;0,3946;Arapongas;-23,41373712;-51,44918332;86708020;JARDIM PANORAMA;nao_aplicavel;2000,0;Média (R$ 1.800-2.999);Não pesquisado ainda;nao_pesquisado;False
41158768;ALFA REDE DE ENSINO;4127700;5,0;5;Desafiante (2º-5º local);False;604,5053594771242;51,0;3,0;171,0;0,525;Polígono;636,2480597014926;67,0;622,528757062147;-31,742700224368377;Toledo;PR;0,5682;Toledo;-24,73349923;-53,75281576;85902060;JARDIM LA SALLE;nao_aplicavel;5000,0;Alta (≥ R$ 5.000);Não pesquisado ainda;nao_pesquisado;False
35143625;FENIX COLEGIO;3518404;4,0;7;Desafiante (2º-5º local);False;613,5333333333333;51,0;2,0;176,0;0,525;Polígono;617,6584848484849;44,0;615,4439298245613;-4,125151515151629;Guaratinguetá;SP;0,6348;Guaratinguetá;-22,8028402;-45,1869445;12516010;PORTAL DAS COLINAS;nao_aplicavel;8000,0;Alta (≥ R$ 5.000);Não pesquisado ainda;nao_pesquisado;False
35808210;COLEGIO VICTORINO EIRELI;3550308;175,0;516;Outras posições;False;604,3579166666667;48,0;3,0;166,0;0,524;Polígono;594,7373333333334;45,0;599,7027956989248;9,620583333333345;São Paulo;SP;0,8116;Itaim Paulista;-23,50796771;-46,39573842;8140000;ITAIM PAULISTA;distrito;1500,0;Baixa (< R$ 1.800);Não pesquisado ainda;nao_pesquisado;False
35168373;TABLEAU COLEGIO;3554102;10,0;15;Outras posições;False;609,3058461538461;65,0;2,0;205,0;0,523;Polígono;625,8823076923077;52,0;616,6731623931623;-16,576461538461558;Taubaté;SP;0,7911;Taubaté;-23,030071;-45,5619107;12030000;JARDIM DAS NACOES;nao_aplicavel;2500,0;Média (R$ 1.800-2.999);Não pesquisado ainda;nao_pesquisado;False
15542858;ESC DOM ANGELO FROZI SC LTDA;1501303;1,0;5;Líder local;False;588,4297777777778;45,0;5,0;135,0;0,523;Polígono;565,2261788617886;41,0;577,3675968992248;23,20359891598912;Barcarena;PA;0,2361;Murucupi;-1,51324;-48,68698;68447000;;nao_aplicavel;1500,0;Baixa (< R$ 1.800);Não pesquisado ainda;nao_pesquisado;False
33067813;PENSI MARTINS;3304557;153,0;344;Outras posições;False;601,1521568627451;68,0;3,0;214,0;0,522;Polígono;620,0143209876543;81,0;611,4060850111856;-18,862164124909214;Rio de Janeiro;RJ;0,8408;Rio de Janeiro;-22,91722;-43,24574;20551120;VILA ISABEL;bairro;4000,0;Média-Alta (R$ 3.000-4.999);Não pesquisado ainda;nao_pesquisado;False
35110346;LICEU SANTISTA;3548500;13,0;32;Outras posições;False;601,6070042194093;79,0;4,0;316,0;0,522;Polígono;623,2406349206349;63,0;611,2050234741785;-21,63363070122557;Santos;SP;0,8189;Santos;-23,964221;-46,3473606;11065400;GONZAGA;nao_aplicavel;6000,0;Alta (≥ R$ 5.000);Não pesquisado ainda;nao_pesquisado;False
52097595;COLEGIO UNUS;5201405;4,0;17;Desafiante (2º-5º local);False;609,1450724637681;46,0;2,0;195,0;0,522;Polígono;626,0136585365854;41,0;617,0946360153256;-16,868586072817266;Aparecida de Goiânia;GO;0,464;Aparecida de Goiânia;-16,74311631;-49,27472392;74915130;JARDIM LUZ;nao_aplicavel;1600,0;Baixa (< R$ 1.800);Não pesquisado ainda;nao_pesquisado;False
41061870;COLGIO ADVENTISTA PONTA GROSSA EIEFM;4119905;6,0;14;Outras posições;False;591,8298039215687;34,0;5,0;151,0;0,522;Polígono;;;591,8298039215687;;Ponta Grossa;PR;0,5848;Ponta Grossa;-25,08999;-50,15861333;84035000;OLARIAS;nao_aplicavel;2320,0;Média (R$ 1.800-2.999);Não pesquisado ainda;nao_pesquisado;False
51051273;CENTRO INTEGRADO DE ENSINO 1 E 2 GRAUS;5107602;5,0;7;Desafiante (2º-5º local);False;591,8234666666666;25,0;5,0;158,0;0,521;Polígono;611,9398611111111;48,0;605,0506849315068;-20,11639444444449;Rondonópolis;MT;0,6032;Rondonópolis;-16,47312;-54,61232;78740044;VILA AURORA I;nao_aplicavel;2224,0;Média (R$ 1.800-2.999);Não pesquisado ainda;nao_pesquisado;False
35114157;PROGRESSO DE ARARAQUARA COLEGIO;3503208;8,0;13;Outras posições;False;615,6826315789473;38,0;1,0;143,0;0,521;Polígono;624,4513333333333;30,0;619,5511764705882;-8,76870175438603;Araraquara;SP;0,7714;Araraquara;-21,793587;-48,177375;14801310;CENTRO;nao_aplicavel;2500,0;Média (R$ 1.800-2.999);Não pesquisado ainda;nao_pesquisado;False
33203415;COLEGIO NOS UND RECREIO LTDA;3304557;154,0;344;Outras posições;False;608,0021333333333;25,0;2,0;109,0;0,521;Polígono;;;608,0021333333333;;Rio de Janeiro;RJ;0,8408;Rio de Janeiro;;;22790570;RECREIO DOS BANDEIRANTES;bairro;6000,0;Alta (≥ R$ 5.000);Não pesquisado ainda;nao_pesquisado;False
52288358;COLEGIO ABSOLUTO;5201405;5,0;17;Desafiante (2º-5º local);False;599,912380952381;42,0;3,0;143,0;0,521;Polígono;594,6286956521739;23,0;598,0427692307692;5,283685300207139;Aparecida de Goiânia;GO;0,464;Aparecida de Goiânia;-16,77138624;-49,33834591;74930530;SETOR GARAVELO;nao_aplicavel;1600,0;Baixa (< R$ 1.800);Não pesquisado ainda;nao_pesquisado;False
29327822;COLEGIO MIGUEL AFONSO;2931350;4,0;4;Desafiante (2º-5º local);False;600,7184946236559;31,0;3,0;119,0;0,521;Polígono;647,9093333333333;30,0;623,9271038251366;-47,19083870967734;Teixeira de Freitas;BA;0,4325;Teixeira de Freitas;;;45985054;BOM JESUS;nao_aplicavel;1212,0;Baixa (< R$ 1.800);Não pesquisado ainda;nao_pesquisado;False
33025460;ALTERNATIVA COLEGIO;3304524;8,0;14;Outras posições;False;596,4752542372881;59,0;3,0;288,0;0,52;Polígono;615,3090476190476;84,0;607,5384615384615;-18,833793381759502;Rio das Ostras;RJ;0,7058;Rio das Ostras;;;28893066;CENTRO;nao_aplicavel;2000,0;Média (R$ 1.800-2.999);Não pesquisado ainda;nao_pesquisado;False
35108613;BARAO DE MAUA COLEGIO;3529401;1,0;10;Líder local;False;601,1976470588236;34,0;4,0;155,0;0,52;Polígono;618,3408333333333;24,0;608,2913793103448;-17,14318627450973;Mauá;SP;0,4022;Mauá;-23,6749526;-46,4572883;9360000;VILA NOSSA SENHORA DAS VITÓRIAS;nao_aplicavel;2000,0;Média (R$ 1.800-2.999);Não pesquisado ainda;nao_pesquisado;False
35143029;BATISTA DE ITAPEVI ESCOLA;3522505;1,0;3;Líder local;False;603,8264;50,0;2,0;150,0;0,519;Polígono;596,584347826087;23,0;601,5446575342467;7,242052173913066;Itapevi;SP;0,1674;Itapevi;-23,5478021;-46,9345115;6653080;CENTRO;nao_aplicavel;1800,0;Média (R$ 1.800-2.999);Não pesquisado ainda;nao_pesquisado;False
31170348;CENTRO EDUCACIONAL ADVENTISTA DE UBERLANDIA;3170206;15,0;21;Outras posições;False;597,7638383838383;33,0;4,0;126,0;0,519;Polígono;597,98;25,0;597,8570114942529;-0,2161616161616848;Uberlândia;MG;0,8643;Uberlândia;-18,9190887;-48,24409;38408230;SANTA MÔNICA;nao_aplicavel;3636,0;Média-Alta (R$ 3.000-4.999);Não pesquisado ainda;nao_pesquisado;False
41127480;COLEGIO ELITE CONTEMPORANEO EI EF M;4106902;36,0;69;Outras posições;False;603,4119999999999;35,0;3,0;138,0;0,519;Polígono;613,6042424242423;33,0;608,3582352941175;-10,192242424242409;Curitiba;PR;0,8491;Curitiba;-25,49078;-49,31182;81050370;NOVO MUNDO;nao_aplicavel;3200,0;Média-Alta (R$ 3.000-4.999);Não pesquisado ainda;nao_pesquisado;False
35481014;ABACO III COLEGIO;3548708;16,0;33;Outras posições;False;611,6262068965517;58,0;1,0;139,0;0,518;Polígono;622,9539743589744;52,0;616,9811515151515;-11,327767462422685;São Bernardo do Campo;SP;0,8204;São Bernardo do Campo;-23,7228359;-46,5683667;9810260;ASSUNCAO;nao_aplicavel;3100,0;Média-Alta (R$ 3.000-4.999);Não pesquisado ainda;nao_pesquisado;False
35127991;BEIT YAACOV ESCOLA;3550308;179,0;516;Outras posições;False;590,978245614035;19,0;5,0;183,0;0,517;Polígono;662,6266666666667;6,0;608,1738666666666;-71,64842105263165;São Paulo;SP;0,8116;Barra Funda;-23,5172543;-46,677578;1139002;VARZEA DA BARRA FUNDA;distrito;8500,0;Alta (≥ R$ 5.000);Não pesquisado ainda;nao_pesquisado;False
35101679;CASTRO ALVES COLEGIO;3550308;180,0;516;Outras posições;False;590,9058974358975;26,0;5,0;150,0;0,517;Polígono;600,568;25,0;595,6422222222222;-9,662102564102495;São Paulo;SP;0,8116;São Lucas;-23,6073787;-46,5315703;3253000;VILA INDUSTRIAL;distrito;2600,0;Média (R$ 1.800-2.999);Não pesquisado ainda;nao_pesquisado;False
41486846;SOCIEDADE EDUCACIONAL NOVO EDEN LTDA;4106902;37,0;69;Outras posições;False;587,2181395348838;43,0;5,0;165,0;0,517;Polígono;573,7498039215686;51,0;579,9108510638299;13,468335613315162;Curitiba;PR;0,8491;Curitiba;-25,54487943;-49,27228743;81925540;SÍTIO CERCADO;nao_aplicavel;2100,0;Média (R$ 1.800-2.999);Não pesquisado ainda;nao_pesquisado;False
28072430;COLEGIO JARDINS LTDA;2800308;23,0;43;Outras posições;False;603,1214814814815;27,0;3,0;109,0;0,517;Polígono;641,3666666666667;18,0;618,4195555555556;-38,24518518518517;Aracaju;SE;0,864;Aracaju;-10,94483875;-37,06246845;49026010;JARDINS;nao_aplicavel;13000,0;Alta (≥ R$ 5.000);Não pesquisado ainda;nao_pesquisado;False
35108224;ENIAC COLEGIO DE INFORMATICA;3518800;12,0;57;Outras posições;False;587,1717528735633;116,0;5,0;597,0;0,517;Polígono;599,3701048218029;159,0;594,2246181818183;-12,198351948239631;Guarulhos;SP;0,6077;Guarulhos;-23,4726661;-46,5306853;7012030;CENTRO;nao_aplicavel;5700,0;Alta (≥ R$ 5.000);Não pesquisado ainda;nao_pesquisado;False
53003080;COL ADVENTISTA DO GAMA;5300108;63,0;117;Outras posições;False;600,4669264069264;77,0;4,0;351,0;0,516;Polígono;607,7794285714285;105,0;604,6856776556776;-7,312502164502121;Brasília;DF;0,9278;Brasília;-16,0147994;-48,0687744;72405125;GAMA;nao_aplicavel;3000,0;Média-Alta (R$ 3.000-4.999);Não pesquisado ainda;nao_pesquisado;False
53017870;COL OBJETIVO DF - UNIDADE V;5300108;64,0;117;Outras posições;False;600,109430894309;41,0;3,0;178,0;0,516;Polígono;611,4073913043478;46,0;606,0830651340997;-11,297960410038854;Brasília;DF;0,9278;Brasília;-15,84646;-47,97075;71070637;GUARA II;nao_aplicavel;3000,0;Média-Alta (R$ 3.000-4.999);Não pesquisado ainda;nao_pesquisado;False
35102039;OLIVETANO COLEGIO;3550308;181,0;516;Outras posições;False;602,9243333333333;60,0;3,0;212,0;0,516;Polígono;618,6637179487179;52,0;610,2319047619047;-15,739384615384663;São Paulo;SP;0,8116;Penha;-23,5292364;-46,5268285;3648000;VILA ESPERANCA;distrito;3000,0;Média-Alta (R$ 3.000-4.999);Não pesquisado ainda;nao_pesquisado;False
51091127;COLEGIO METHA;5108402;2,0;6;Desafiante (2º-5º local);False;599,0664705882352;34,0;3,0;109,0;0,516;Polígono;619,573;20,0;606,6614814814815;-20,506529411764745;Várzea Grande;MT;0,3395;Várzea Grande;-15,65271;-56,13729;78125702;CENTRO-SUL;nao_aplicavel;2500,0;Média (R$ 1.800-2.999);Não pesquisado ainda;nao_pesquisado;False
53015894;COL LICEU;5300108;65,0;117;Outras posições;False;596,9365517241379;29,0;4,0;142,0;0,515;Polígono;590,8605;40,0;593,4142028985508;6,076051724137869;Brasília;DF;0,9278;Brasília;-15,8087028;-48,0397975;72006505;SETOR HABITACIONAL VICENTE PIRES;nao_aplicavel;3000,0;Média-Alta (R$ 3.000-4.999);Não pesquisado ainda;nao_pesquisado;False
41024575;PLATAO CEI EF M;4115200;12,0;21;Outras posições;False;600,2234666666667;25,0;4,0;180,0;0,515;Polígono;631,1802564102564;26,0;616,0053594771243;-30,956789743589752;Maringá;PR;0,7882;Maringá;-23,41989766;-51,95042538;87014010;ZONA ARMAZEM;nao_aplicavel;3000,0;Média-Alta (R$ 3.000-4.999);Não pesquisado ainda;nao_pesquisado;False
35144721;ALICERCE COLEGIO;3550308;182,0;516;Outras posições;False;611,2635714285715;28,0;2,0;122,0;0,515;Polígono;607,7555555555556;27,0;609,5414545454545;3,508015873015893;São Paulo;SP;0,8116;Campo Grande;-23,6729155;-46,6821546;4679330;VILA ROMANO;distrito;5000,0;Alta (≥ R$ 5.000);Não pesquisado ainda;nao_pesquisado;False
35813936;ABSOLUTO COLEGIO;3516408;1,0;2;Sem comparação local (poucas escolas na cidade);False;602,7855000000001;40,0;3,0;145,0;0,515;Polígono;603,1277777777777;36,0;602,9476315789474;-0,3422777777776673;Franco da Rocha;SP;0,2803;Franco da Rocha;-23,3201268;-46,7239208;7847200;VILA BELA;nao_aplicavel;2000,0;Média (R$ 1.800-2.999);Não pesquisado ainda;nao_pesquisado;False
35004818;COLEGIO EDUCACIONAL VALE DO PARANAPANEMA;3504008;4,0;6;Desafiante (2º-5º local);False;596,8118279569893;31,0;4,0;114,0;0,514;Polígono;630,411111111111;18,0;609,1544217687075;-33,599283154121736;Assis;SP;0,5705;Assis;-22,6619719;-50,4062066;19800290;CENTRO;nao_aplicavel;2224,0;Média (R$ 1.800-2.999);Não pesquisado ainda;nao_pesquisado;False
33195579;COLEGIO ASA;3301009;10,0;16;Outras posições;False;603,9010000000001;40,0;2,0;165,0;0,514;Polígono;589,996;15,0;600,1087272727274;13,905000000000086;Campos dos Goytacazes;RJ;0,6581;Campos dos Goytacazes;;;28035582;CENTRO;nao_aplicavel;3600,0;Média-Alta (R$ 3.000-4.999);Não pesquisado ainda;nao_pesquisado;False
15156028;COLEGIO PEQUENO PRINCIPEAVANTE;1501402;26,0;65;Outras posições;False;602,7781481481481;90,0;3,0;270,0;0,514;Polígono;623,6161006289309;106,0;614,0476530612244;-20,837952480782747;Belém;PA;0,6935;Belém;-1,3591479;-48,4522136;66635110;PARQUE VERDE;nao_aplicavel;2000,0;Média (R$ 1.800-2.999);Não pesquisado ainda;nao_pesquisado;False
35152432;ADVENTISTA DE SOROCABA COLEGIO;3552205;14,0;27;Outras posições;False;596,779086757991;73,0;4,0;274,0;0,514;Polígono;622,5755721393034;67,0;609,1245476190477;-25,79648538131244;Sorocaba;SP;0,7667;Sorocaba;-23,5227014;-47,4902267;18045610;JARDIM GUADALAJARA;nao_aplicavel;2500,0;Média (R$ 1.800-2.999);Não pesquisado ainda;nao_pesquisado;False
22138560;COLEGIO CPI;2211001;33,0;52;Outras posições;False;610,7034747474747;165,0;1,0;491,0;0,514;Polígono;611,0729087048833;157,0;610,8836024844721;-0,3694339574085461;Teresina;PI;0,7817;Teresina;-5,086716483;-42,80657429;64000390;CENTRO;nao_aplicavel;3000,0;Média-Alta (R$ 3.000-4.999);Não pesquisado ainda;nao_pesquisado;False
42154090;ESCOLA DE ENSINO MEDIO ESTIMOARTE LTDA EPP;4205407;21,0;30;Outras posições;False;590,2018390804598;29,0;5,0;110,0;0,514;Polígono;618,3;14,0;599,3500775193797;-28,09816091954019;Florianópolis;SC;0,9306;Florianópolis;-27,63439169;-48,52343862;88047001;COSTEIRA DO PIRAJUBAE;nao_aplicavel;2200,0;Média (R$ 1.800-2.999);Não pesquisado ainda;nao_pesquisado;False
42113105;COLEGIO DINAMICO CHAPECO;4204202;7,0;9;Outras posições;False;590,1637777777778;30,0;5,0;140,0;0,514;Polígono;596,8678571428571;28,0;593,4002298850575;-6,7040793650793375;Chapecó;SC;0,7008;Chapecó;-27,1146469;-52,6091396;89812111;UNIVERSITÁRIO;nao_aplicavel;3000,0;Média-Alta (R$ 3.000-4.999);Não pesquisado ainda;nao_pesquisado;False
21092419;COLEGIO ADVENTISTA DE IMPERATRIZ;2105302;8,0;11;Outras posições;False;595,4685000000001;40,0;3,0;167,0;0,513;Polígono;603,2042105263158;38,0;599,2371794871794;-7,735710526315756;Imperatriz;MA;0,4802;Imperatriz;-5,516492551;-47,4886782;65907330;NOVA IMPERATRIZ;nao_aplicavel;1215,0;Baixa (< R$ 1.800);Não pesquisado ainda;nao_pesquisado;False
26075474;COLEGIO SANTA SOFIA;2606002;2,0;4;Desafiante (2º-5º local);False;590,1277333333334;75,0;5,0;261,0;0,513;Polígono;605,5259154929577;71,0;597,6158904109589;-15,398182159624298;Garanhuns;PE;0,236;Garanhuns;-8,89020022;-36,49179362;55295060;SANTO ANTÔNIO;nao_aplicavel;1900,0;Média (R$ 1.800-2.999);Não pesquisado ainda;nao_pesquisado;False
33075581;SANTA MONICA REDE DE ENSINO - CASCADURA;3304557;155,0;344;Outras posições;False;589,628275862069;58,0;4,0;225,0;0,513;Polígono;600,8025;48,0;594,6883018867925;-11,174224137930992;Rio de Janeiro;RJ;0,8408;Rio de Janeiro;-22,88062;-43,32321;21380320;CASCADURA;bairro;2000,0;Média (R$ 1.800-2.999);Não pesquisado ainda;nao_pesquisado;False
35121150;SEPROSIC INSTITUTO BARONEZA DE REZENDE;3538709;14,0;25;Outras posições;False;602,525945945946;37,0;3,0;113,0;0,512;Polígono;637,2672463768116;23,0;615,8434444444446;-34,741300430865635;Piracicaba;SP;0,8238;Piracicaba;-22,7128748;-47,6557299;13405121;NOVA PIRACICABA;nao_aplicavel;5000,0;Alta (≥ R$ 5.000);Não pesquisado ainda;nao_pesquisado;False
26121514;COLEGIO DE SAO JOSE;2611606;42,0;76;Outras posições;False;586,3809523809524;63,0;5,0;222,0;0,511;Polígono;583,2242857142858;42,0;585,1182857142857;3,156666666666638;Recife;PE;0,9162;Recife;-8,057348;-34,88912;50060002;BOA VISTA;nao_aplicavel;3600,0;Média-Alta (R$ 3.000-4.999);Não pesquisado ainda;nao_pesquisado;False
53019296;COL IDEAL UNIDADE ASA NORTE;5300108;66,0;117;Outras posições;False;589,8651612903226;31,0;5,0;134,0;0,511;Polígono;617,6460465116279;43,0;606,0081081081081;-27,78088522130531;Brasília;DF;0,9278;Brasília;;;70790162;ASA NORTE;nao_aplicavel;3000,0;Média-Alta (R$ 3.000-4.999);Não pesquisado ainda;nao_pesquisado;False
35107116;NOSSA SENHORA DAS GRACAS ESCOLA;3550308;184,0;516;Outras posições;False;599,788787878788;44,0;4,0;164,0;0,511;Polígono;594,0044927536233;46,0;596,8323703703704;5,784295125164704;São Paulo;SP;0,8116;Jabaquara;-23,64821638;-46,63358552;4319090;CIDADE VARGAS;distrito;2750,0;Média (R$ 1.800-2.999);Não pesquisado ainda;nao_pesquisado;False
27034844;COLEGIO DE SAO JOSE;2704302;18,0;63;Outras posições;False;589,7825806451613;31,0;5,0;103,0;0,511;Polígono;597,7622988505747;29,0;593,6394444444445;-7,979718205413405;Maceió;AL;0,6386;Maceió;-9,662863;-35,74236;57020020;CENTRO;nao_aplicavel;2424,0;Média (R$ 1.800-2.999);Não pesquisado ainda;nao_pesquisado;False
35111648;COLEGIO MERE MARIE THEODORE VOIRON;3523909;8,0;9;Outras posições;False;592,83;20,0;5,0;106,0;0,51;Polígono;585,3633333333333;28,0;588,4744444444444;7,466666666666697;Itu;SP;0,6792;Itu;-23,26813466;-47,29960355;13300200;CENTRO;nao_aplicavel;2200,0;Média (R$ 1.800-2.999);Não pesquisado ainda;nao_pesquisado;False
41029526;ADVENTISTA C-EI EF M;4113700;13,0;24;Outras posições;False;589,7393548387096;31,0;5,0;173,0;0,51;Polígono;601,3152380952381;35,0;595,8780808080808;-11,575883256528527;Londrina;PR;0,8372;Londrina;-23,29798593;-51,18982455;86070710;JARDIM SHANGRI-LA A;nao_aplicavel;2500,0;Média (R$ 1.800-2.999);Não pesquisado ainda;nao_pesquisado;False
22146199;UNIDADE ESCOLAR SAO LUIZ GONZAGA DIOCESANO MEDIO;2207702;6,0;11;Outras posições;False;602,0039285714286;56,0;3,0;183,0;0,509;Polígono;612,2811111111112;54,0;607,0490909090909;-10,2771825396826;Parnaíba;PI;0,4866;Parnaíba;;;64200500;CENTRO;nao_aplicavel;2500,0;Média (R$ 1.800-2.999);Não pesquisado ainda;nao_pesquisado;False
15539962;INSTITUTO DE EDUCACAO BETEL;1502400;6,0;11;Outras posições;False;588,735;32,0;4,0;155,0;0,509;Polígono;586,224;25,0;587,6336842105263;2,5109999999999677;Castanhal;PA;0,4048;Castanhal;-1,290581;-47,93644;68742310;CRISTO REDENTOR;nao_aplicavel;1212,0;Baixa (< R$ 1.800);Não pesquisado ainda;nao_pesquisado;False
42099536;CENTRO EDUCACIONAL RODA PIAO;4211900;5,0;9;Desafiante (2º-5º local);False;602,1912280701754;38,0;2,0;123,0;0,509;Polígono;;;602,1912280701754;;Palhoça;SC;0,5957;Palhoça;-27,6495347;-48,6705216;88130290;CENTRO;nao_aplicavel;2500,0;Média (R$ 1.800-2.999);Não pesquisado ainda;nao_pesquisado;False
31309966;ESCOLA ATHENAS;3170206;16,0;21;Outras posições;False;592,8103267973856;51,0;4,0;257,0;0,508;Polígono;599,8753846153846;52,0;596,3771521035599;-7,065057817998991;Uberlândia;MG;0,8643;Uberlândia;-18,9379;-48,30714;38413165;PLANALTO;nao_aplicavel;2000,0;Média (R$ 1.800-2.999);Não pesquisado ainda;nao_pesquisado;False
24059293;INSTITUTO BRASIL;2408102;26,0;48;Outras posições;False;592,7341666666667;24,0;4,0;100,0;0,508;Polígono;598,7772222222222;36,0;596,3600000000001;-6,0430555555554974;Natal;RN;0,8531;Natal;-5,870506;-35,23068;59067370;PITIMBU;nao_aplicavel;3600,0;Média-Alta (R$ 3.000-4.999);Não pesquisado ainda;nao_pesquisado;False
35154404;OBJETIVO DO LITORAL CENTRO EDUCACIONAL UNIDADE VI;3548500;14,0;32;Outras posições;False;604,863870967742;62,0;3,0;231,0;0,508;Polígono;622,8069444444444;48,0;612,6935757575758;-17,943073476702466;Santos;SP;0,8189;Santos;-23,98615759;-46,29886187;11030220;PONTA DA PRAIA;nao_aplicavel;5000,0;Alta (≥ R$ 5.000);Não pesquisado ainda;nao_pesquisado;False
23265892;PROVECTO COLEGIO;2304400;49,0;117;Outras posições;False;591,8614942528736;58,0;4,0;217,0;0,507;Polígono;592,820350877193;57,0;592,3367536231884;-0,9588566243194236;Fortaleza;CE;0,8208;Fortaleza;-3,793092;-38,56967;60711035;MARAPONGA;nao_aplicavel;2424,0;Média (R$ 1.800-2.999);Não pesquisado ainda;nao_pesquisado;False
33178518;CENTRO DE INTEGRACAO OBJETIVO - CIOB;3301702;5,0;22;Desafiante (2º-5º local);False;601,7082857142857;70,0;3,0;287,0;0,507;Polígono;617,5591666666667;64,0;609,278855721393;-15,850880952380976;Duque de Caxias;RJ;0,3882;Duque de Caxias;;;25260000;CHACARAS ARCAMPO;nao_aplicavel;1300,0;Baixa (< R$ 1.800);Não pesquisado ainda;nao_pesquisado;False
29471583;COLEGIO OMEGA;2927408;38,0;90;Outras posições;False;592,2932307692307;65,0;5,0;188,0;0,506;Polígono;620,5262857142858;35,0;602,1748;-28,233054945055077;Salvador;BA;0,7909;Salvador;;;41600590;STELLA MARIS;nao_aplicavel;5001,0;Alta (≥ R$ 5.000);Não pesquisado ainda;nao_pesquisado;False
42068606;COLEGIO ADVENTISTA DE ITAJAI;4208203;5,0;10;Desafiante (2º-5º local);False;588,9641176470587;34,0;5,0;258,0;0,506;Polígono;593,2729487179487;52,0;591,569457364341;-4,308831070889937;Itajaí;SC;0,7459;Itajaí;-26,90976833;-48,66447333;88303000;CENTRO;nao_aplicavel;5000,0;Alta (≥ R$ 5.000);Não pesquisado ainda;nao_pesquisado;False
35167411;VINICIUS DE MORAES COLEGIO;3550308;187,0;516;Outras posições;False;613,2379310344828;29,0;1,0;134,0;0,506;Polígono;608,705806451613;31,0;610,8963333333334;4,532124582869869;São Paulo;SP;0,8116;Freguesia do Ó;-23,47964;-46,67472;2763000;JARDIM CACHOEIRA;distrito;2500,0;Média (R$ 1.800-2.999);Não pesquisado ainda;nao_pesquisado;False
33184453;COLEGIO ADVENTISTA DE NOVA IGUACU;3303500;4,0;33;Desafiante (2º-5º local);False;597,4300000000001;42,0;3,0;241,0;0,506;Polígono;589,9626666666667;45,0;593,5675862068966;7,467333333333386;Nova Iguaçu;RJ;0,4054;Nova Iguaçu;;;26255510;DA LUZ;nao_aplicavel;2424,0;Média (R$ 1.800-2.999);Não pesquisado ainda;nao_pesquisado;False
23065893;BATISTA SANTOS DUMONT COL;2304400;50,0;117;Outras posições;False;581,255145631068;103,0;5,0;292,0;0,506;Polígono;586,4276793248945;79,0;583,5003663003664;-5,172533693826495;Fortaleza;CE;0,8208;Fortaleza;-3,7387004;-38,4954534;60150150;ALDEOTA;nao_aplicavel;8000,0;Alta (≥ R$ 5.000);Não pesquisado ainda;nao_pesquisado;False
29093490;COLEGIO ANISIO TEIXEIRA;2910800;12,0;21;Outras posições;False;588,8467647058824;136,0;5,0;516,0;0,506;Polígono;582,78609375;128,0;585,9082575757576;6,060670955882415;Feira de Santana;BA;0,6655;Feira de Santana;-12,25803;-38,95248;44075495;PONTO CENTRAL;nao_aplicavel;2000,0;Média (R$ 1.800-2.999);Não pesquisado ainda;nao_pesquisado;False
31018767;COLEGIO VICENTINO IMACULADA CONCEICAO;3105608;5,0;5;Desafiante (2º-5º local);False;588,7731851851852;45,0;5,0;149,0;0,505;Polígono;619,0397916666667;32,0;601,3515151515152;-30,26660648148152;Barbacena;MG;0,5722;Barbacena;-21,21471534;-43,77357589;36202342;SÃO SEBASTIÃO;nao_aplicavel;1800,0;Média (R$ 1.800-2.999);Não pesquisado ainda;nao_pesquisado;False
51036185;COLEGIO ISAAC NEWTON - CIN - MATUTINO E VESPERTINO;5103403;12,0;27;Outras posições;False;605,2626506024096;166,0;1,0;541,0;0,505;Polígono;604,0695698924732;186,0;604,6322159090909;1,1930807099364529;Cuiabá;MT;0,8046;Cuiabá;-15,59299;-56,08884;78008160;BAU;nao_aplicavel;4000,0;Média-Alta (R$ 3.000-4.999);Não pesquisado ainda;nao_pesquisado;False
35811683;ANGLO ITATIBA CURSO E COLEGIO;3523404;4,0;7;Desafiante (2º-5º local);False;612,5152542372881;59,0;1,0;185,0;0,505;Polígono;609,8578461538461;65,0;611,1222580645161;2,6574080834419647;Itatiba;SP;0,675;Itatiba;-23,0273249;-46,8440201;13255669;NUCLEO RESIDENCIAL PORTO SEGURO;nao_aplicavel;2500,0;Média (R$ 1.800-2.999);Não pesquisado ainda;nao_pesquisado;False
15572005;COLEGIO INTELECTUAL;1500800;6,0;22;Outras posições;False;585,2805882352941;68,0;5,0;167,0;0,504;Polígono;598,0083333333333;60,0;591,24671875;-12,727745098039236;Ananindeua;PA;0,4631;Ananindeua;-1,363529345;-48,40568528;67133090;CIDADE NOVA;nao_aplicavel;1300,0;Baixa (< R$ 1.800);Não pesquisado ainda;nao_pesquisado;False
15585689;COLEGIOSEIMA;1501402;27,0;65;Outras posições;False;596,7722222222222;36,0;3,0;105,0;0,503;Polígono;612,8118181818182;22,0;602,8562068965518;-16,039595959596;Belém;PA;0,6935;Belém;-1,3524066;-48,4670089;66825240;TAPANA;nao_aplicavel;1212,0;Baixa (< R$ 1.800);Não pesquisado ainda;nao_pesquisado;False
50007904;MABE MODERNA ASSOCIACAO BRASILEIRA DE ENSINO MEDIO LTDA;5002704;22,0;31;Outras posições;False;588,451158392435;141,0;5,0;508,0;0,503;Polígono;602,7146206896551;145,0;595,682634032634;-14,263462297220144;Campo Grande;MS;0,789;Campo Grande;-20,4672701;-54,6140304;79002081;CENTRO;nao_aplicavel;6000,0;Alta (≥ R$ 5.000);Não pesquisado ainda;nao_pesquisado;False
35109496;SAO PIO X INSTITUTO;3534401;11,0;31;Outras posições;False;601,1951724137931;29,0;3,0;100,0;0,503;Polígono;622,2664516129033;31,0;612,082;-21,071279199110226;Osasco;SP;0,6495;Osasco;-23,5305348;-46,8163427;6186230;VILA QUITAUNA;nao_aplicavel;2300,0;Média (R$ 1.800-2.999);Não pesquisado ainda;nao_pesquisado;False
43041639;COLEGIO MURIALDO - CAXIAS DO SUL;4305108;10,0;12;Outras posições;False;585,0679710144927;46,0;5,0;266,0;0,503;Polígono;617,4109941520468;57,0;602,9665372168284;-32,34302313755404;Caxias do Sul;RS;0,7797;Caxias do Sul;-29,1631;-51,17891;95020260;CENTRO;nao_aplicavel;3500,0;Média-Alta (R$ 3.000-4.999);Não pesquisado ainda;nao_pesquisado;False
41354869;COLEGIO ELITE SAO JOSE DOS PINHAIS CENTRO - EDUCACAO INFANTIL - ENSINO FUNDAMENTAL E ENSINO MEDIO;4125506;3,0;8;Desafiante (2º-5º local);False;592,0493693693694;74,0;4,0;229,0;0,503;Polígono;576,4456;50,0;585,7575268817204;15,603769369369388;São José dos Pinhais;PR;0,4857;São José dos Pinhais;-25,52683913;-49,20147889;83040210;CIDADE JARDIM;nao_aplicavel;3000,0;Média-Alta (R$ 3.000-4.999);Não pesquisado ainda;nao_pesquisado;False
43107877;INSTITUTO DE EDUCACAO SAO FRANCISCO;4314902;44,0;61;Outras posições;False;585,0329577464789;71,0;5,0;295,0;0,503;Polígono;572,8966013071895;51,0;579,9595628415301;12,136356439289443;Porto Alegre;RS;0,9276;Porto Alegre;-30,01256;-51,0974;91180001;RUBEM BERTA;nao_aplicavel;1800,0;Média (R$ 1.800-2.999);Não pesquisado ainda;nao_pesquisado;False
41569938;ELITE TALES DE MILETO EI EF M;4119905;7,0;14;Outras posições;False;601,1388888888889;36,0;3,0;145,0;0,503;Polígono;616,7702222222222;30,0;608,2440404040404;-15,63133333333326;Ponta Grossa;PR;0,5848;Ponta Grossa;-25,09470833;-50,11418167;84031050;UVARANAS;nao_aplicavel;2300,0;Média (R$ 1.800-2.999);Não pesquisado ainda;nao_pesquisado;False
41023960;ANGLO MARINGA CEF M;4115200;13,0;21;Outras posições;False;595,1320634920635;42,0;4,0;182,0;0,502;Polígono;602,7358139534883;43,0;598,9786666666666;-7,603750461424852;Maringá;PR;0,7882;Maringá;-23,42256106;-51,94174183;87013190;ZONA 01;nao_aplicavel;3000,0;Média-Alta (R$ 3.000-4.999);Não pesquisado ainda;nao_pesquisado;False
11000252;COLEGIO SAPIENS - UNIDADE JARDIM AMERICA;1100205;7,0;13;Outras posições;False;594,9362962962963;45,0;4,0;125,0;0,501;Polígono;600,6541176470589;17,0;596,5040860215054;-5,71782135076262;Porto Velho;RO;0,5531;Porto Velho;-8,7508011;-63,9009256;76803728;SÃO JOÃO BOSCO;nao_aplicavel;5000,0;Alta (≥ R$ 5.000);Não pesquisado ainda;nao_pesquisado;False
53017030;COL IDEAL UNIDADE V;5300108;67,0;117;Outras posições;False;598,087311827957;93,0;4,0;383,0;0,501;Polígono;610,1114480874317;122,0;604,9103100775194;-12,02413625947463;Brasília;DF;0,9278;Brasília;-15,841185;-48,03732667;71929540;SUL (AGUAS CLARAS);nao_aplicavel;3000,0;Média-Alta (R$ 3.000-4.999);Não pesquisado ainda;nao_pesquisado;False
26116499;ESCOLA ANITA GONCALVES;2610707;2,0;16;Desafiante (2º-5º local);False;597,4761666666666;40,0;3,0;131,0;0,501;Polígono;609,0939393939393;33,0;602,7280365296803;-11,617772727272722;Paulista;PE;0,3961;Paulista;;;53443130;VILA TORRES GALVAO;nao_aplicavel;1245,0;Baixa (< R$ 1.800);Não pesquisado ainda;nao_pesquisado;False
41023897;COLEGIO ADVENTISTA DE MARINGA EDUCACAO INFANTIL ENSINO FUNDAMENTAL E MEDIO;4115200;14,0;21;Outras posições;False;583,8965925925926;45,0;5,0;205,0;0,501;Polígono;569,5490697674419;43,0;576,8858712121212;14,34752282515069;Maringá;PR;0,7882;Maringá;-23,42706286;-51,94762935;87014110;ZONA 04;nao_aplicavel;3000,0;Média-Alta (R$ 3.000-4.999);Não pesquisado ainda;nao_pesquisado;False
27053997;SOCIEDADE DE EDUCACAO BASICA DE ALAGOAS LTDA;2704302;19,0;63;Outras posições;False;590,8521951219512;41,0;4,0;200,0;0,501;Polígono;582,5627118644068;59,0;585,9614;8,289483257544475;Maceió;AL;0,6386;Maceió;;;57052675;GRUTA DE LOURDES;nao_aplicavel;5000,0;Alta (≥ R$ 5.000);Não pesquisado ainda;nao_pesquisado;False
42130875;ALFA REDE DE ENSINO;4204202;9,0;9;Outras posições;False;590,6713888888889;24,0;4,0;102,0;0,5;Polígono;577,7082222222222;30,0;583,4696296296296;12,96316666666678;Chapecó;SC;0,7008;Chapecó;-27,1034667;-52,6215736;89802272;JARDIM ITÁLIA;nao_aplicavel;4000,0;Média-Alta (R$ 3.000-4.999);Não pesquisado ainda;nao_pesquisado;False
33119031;COL DIMITRI MARQUES LTDA;3304557;161,0;344;Outras posições;False;601,7914285714286;28,0;2,0;125,0;0,5;Polígono;;;601,7914285714286;;Rio de Janeiro;RJ;0,8408;Rio de Janeiro;;;23080430;CAMPO GRANDE;bairro;2000,0;Média (R$ 1.800-2.999);Não pesquisado ainda;nao_pesquisado;False
42116643;COLEGIO ELITE SAO JOSE -EM;4216602;4,0;11;Desafiante (2º-5º local);False;594,8505641025641;65,0;4,0;235,0;0,5;Polígono;609,5919727891156;49,0;601,186783625731;-14,741408686551496;São José;SC;0,7122;São José;-27,55391499;-48,6210332;88113280;AREIAS;nao_aplicavel;3000,0;Média-Alta (R$ 3.000-4.999);Não pesquisado ainda;nao_pesquisado;False
31368385;COLEGIO APOGEU UNIDADE V;3152501;8,0;10;Outras posições;False;603,8129032258065;31,0;2,0;117,0;0,5;Polígono;623,7427083333333;32,0;613,9359788359789;-19,929805107526818;Pouso Alegre;MG;0,726;Pouso Alegre;-22,2336574;-45,9307653;37554201;FÁTIMA I;nao_aplicavel;2000,0;Média (R$ 1.800-2.999);Não pesquisado ainda;nao_pesquisado;False
33187274;COLEGIO EUCARISTICO SANTO ANTONIO;3301009;11,0;16;Outras posições;False;600,4541666666667;24,0;3,0;118,0;0,5;Polígono;604,3666666666667;12,0;601,7583333333333;-3,912500000000023;Campos dos Goytacazes;RJ;0,6581;Campos dos Goytacazes;;;28080525;PARQUE SANTO ANTÔNIO;nao_aplicavel;1400,0;Baixa (< R$ 1.800);Não pesquisado ainda;nao_pesquisado;False
35126196;COLEGIO ANGLO JACAREI ENSINO MEDIO E PRE VESTIBULAR;3524402;4,0;12;Desafiante (2º-5º local);False;611,7268939393939;88,0;1,0;287,0;0,5;Polígono;627,5815384615385;78,0;619,1766666666666;-15,854644522144554;Jacareí;SP;0,5667;Jacareí;-23,3049116;-45,9675959;12327300;CENTRO;nao_aplicavel;2400,0;Média (R$ 1.800-2.999);Não pesquisado ainda;nao_pesquisado;False
31215830;INSTITUTO EDUCACIONAL SANTA AMELIA;3157807;3,0;5;Desafiante (2º-5º local);False;594,7898666666666;50,0;4,0;111,0;0,5;Polígono;592,3183333333333;24,0;593,9882882882882;2,4715333333333547;Santa Luzia;MG;0,2657;São Benedito;-19,7816524;-43,9249629;33110560;CONJUNTO CRISTINA B;nao_aplicavel;1500,0;Baixa (< R$ 1.800);Não pesquisado ainda;nao_pesquisado;False
22141197;CPI SISTEMA DE ENSINO;2211001;35,0;52;Outras posições;False;604,6514285714286;63,0;2,0;203,0;0,499;Polígono;608,1348;50,0;606,1927433628318;-3,483371428571445;Teresina;PI;0,7817;Teresina;-5,08618236;-42,79739624;64001560;FREI SERAFIM;nao_aplicavel;9000,0;Alta (≥ R$ 5.000);Não pesquisado ainda;nao_pesquisado;False
14006740;CLARETIANO-COLEGIO;1400100;3,0;9;Desafiante (2º-5º local);False;584,5932653061225;49,0;5,0;146,0;0,499;Polígono;587,3097674418605;43,0;585,8629347826087;-2,716502135737983;Boa Vista;RR;0,312;Boa Vista;2,829437321;-60,67170675;69305270;SÃO FRANCISCO;nao_aplicavel;3850,0;Média-Alta (R$ 3.000-4.999);Não pesquisado ainda;nao_pesquisado;False
35160441;PARAISO COLEGIO;3506003;8,0;20;Outras posições;False;600,3297777777777;45,0;3,0;137,0;0,499;Polígono;578,393;20,0;593,5799999999999;21,936777777777703;Bauru;SP;0,7441;Bauru;-22,328411;-49,0967325;17051090;VILA SOUTO;nao_aplicavel;2400,0;Média (R$ 1.800-2.999);Não pesquisado ainda;nao_pesquisado;False
33150761;ESCOLA MENINO JESUS;3300704;5,0;12;Desafiante (2º-5º local);False;597,5358823529413;34,0;4,0;130,0;0,498;Polígono;600,568947368421;38,0;599,1366666666667;-3,033065015479792;Cabo Frio;RJ;0,601;Cabo Frio;-22,8791;-42,03275;28915000;JARDIM EXCELSIOR;nao_aplicavel;1900,0;Média (R$ 1.800-2.999);Não pesquisado ainda;nao_pesquisado;False
11000350;COLEGIO ADVENTISTA DE PORTO VELHO;1100205;8,0;13;Outras posições;False;591,2902040816326;49,0;4,0;177,0;0,498;Polígono;589,5290666666667;50,0;590,4007407407407;1,7611374149659014;Porto Velho;RO;0,5531;Porto Velho;-8,7576788;-63,8747718;76820161;NOVA PORTO VELHO;nao_aplicavel;2400,0;Média (R$ 1.800-2.999);Não pesquisado ainda;nao_pesquisado;False
23070064;FRANCISCO PEREIRA COLEGIO CONEGO;2304400;53,0;117;Outras posições;False;590,16;37,0;4,0;153,0;0,498;Polígono;622,1054545454546;33,0;605,2199999999999;-31,945454545454595;Fortaleza;CE;0,8208;Fortaleza;-3,832999;-38,484726;60840460;MESSEJANA;nao_aplicavel;1600,0;Baixa (< R$ 1.800);Não pesquisado ainda;nao_pesquisado;False
23082585;COLEGIO SEBASTIAO DE ABREU;2307700;1,0;4;Líder local;False;600,1731531531532;37,0;3,0;133,0;0,498;Polígono;614,288;30,0;606,4932338308458;-14,11484684684683;Maranguape;CE;0,123;Maranguape;-3,896967;-38,68617;61940080;CENTRO;nao_aplicavel;1212,0;Baixa (< R$ 1.800);Não pesquisado ainda;nao_pesquisado;False
35127115;OBJETIVO CENTRO EDUCACIONAL UNIDADE DE SAO CAETANO DO SUL;3548807;8,0;10;Outras posições;False;603,1361111111112;36,0;3,0;194,0;0,498;Polígono;634,0387878787878;33,0;617,915652173913;-30,902676767676667;São Caetano do Sul;SP;0,8753;São Caetano do Sul;-23,62507336;-46,57272206;9530460;CERAMICA;nao_aplicavel;4500,0;Média-Alta (R$ 3.000-4.999);Não pesquisado ainda;nao_pesquisado;False
35130758;CRUZEIRO DO SUL COLEGIO UNIDADE II;3550308;193,0;516;Outras posições;False;587,2187733333333;125,0;5,0;543,0;0,498;Polígono;579,6505513784462;133,0;583,3173255813954;7,568221954887122;São Paulo;SP;0,8116;Vila Jacuí;-23,4992286;-46,452632;8060070;VILA JACUI;distrito;1800,0;Média (R$ 1.800-2.999);Não pesquisado ainda;nao_pesquisado;False
35135057;EXATO COLEGIO;3550308;194,0;516;Outras posições;False;594,2533333333333;45,0;4,0;137,0;0,497;Polígono;594,3565853658537;41,0;594,3025581395349;-0,1032520325203449;São Paulo;SP;0,8116;Cidade Dutra;-23,70304333;-46,70167667;4777000;INTERLAGOS;distrito;2000,0;Média (R$ 1.800-2.999);Não pesquisado ainda;nao_pesquisado;False
24080411;COLEGIO FENIX;2403251;8,0;13;Outras posições;False;591,0732258064517;62,0;4,0;221,0;0,497;Polígono;586,2901176470589;85,0;588,3074829931974;4,783108159392782;Parnamirim;RN;0,7723;Parnamirim;-5,927990125;-35,27002109;59143275;VALE DO SOL;nao_aplicavel;1950,0;Média (R$ 1.800-2.999);Não pesquisado ainda;nao_pesquisado;False
41063368;COLEGIO SAGRADO CORACAO DE JESUS;4119905;8,0;14;Outras posições;False;587,1522222222222;36,0;5,0;166,0;0,497;Polígono;591,6466666666666;27,0;589,0784126984128;-4,494444444444412;Ponta Grossa;PR;0,5848;Ponta Grossa;-25,08326674;-50,18851835;84053010;NOVA RÚSSIA;nao_aplicavel;2300,0;Média (R$ 1.800-2.999);Não pesquisado ainda;nao_pesquisado;False
31193020;COLEGIO JOAO CALVINO;3119401;3,0;3;Desafiante (2º-5º local);False;594,2047058823529;34,0;4,0;120,0;0,497;Polígono;613,86;21,0;601,7094545454545;-19,655294117647145;Coronel Fabriciano;MG;0,2326;Coronel Fabriciano;-19,52304437;-42,63026527;35170058;CENTRO;nao_aplicavel;2378,0;Média (R$ 1.800-2.999);Não pesquisado ainda;nao_pesquisado;False
29024595;COLEGIO VALE DO SAO FRANCISCO;2918407;1,0;4;Líder local;False;604,2756097560975;82,0;2,0;330,0;0,496;Polígono;620,4526984126985;63,0;611,304275862069;-16,177088656600972;Juazeiro;BA;0,2335;Juazeiro;;;48902300;COUNTRY CLUB;nao_aplicavel;5000,0;Alta (≥ R$ 5.000);Não pesquisado ainda;nao_pesquisado;False
35290452;OBJETIVO DO LITORAL CENTRO EDUCACIONAL UNIDADE VIII;3551009;1,0;10;Líder local;False;610,8383908045977;29,0;1,0;103,0;0,495;Polígono;625,3537931034483;29,0;618,096091954023;-14,515402298850631;São Vicente;SP;0,3903;São Vicente;-23,9698168;-46,3730621;11320000;CENTRO;nao_aplicavel;3000,0;Média-Alta (R$ 3.000-4.999);Não pesquisado ainda;nao_pesquisado;False
29446767;ESCOLA BAHIANA DE CIENCIA E TECNOLOGIA;2927408;39,0;90;Outras posições;False;583,8312121212122;44,0;5,0;156,0;0,495;Polígono;588,2637209302326;43,0;586,0219923371648;-4,432508809020419;Salvador;BA;0,7909;Salvador;-12,9682556;-38,4379441;41720000;IMBUÍ;nao_aplicavel;5000,0;Alta (≥ R$ 5.000);Não pesquisado ainda;nao_pesquisado;False
35103342;BONI CONSILII INSTITUTO EDUCACAO;3550308;197,0;516;Outras posições;False;599,7713333333334;30,0;3,0;127,0;0,494;Polígono;610,3466666666667;24,0;604,4714814814814;-10,575333333333331;São Paulo;SP;0,8116;Santa Cecília;-23,5307986;-46,6509726;1202002;CAMPOS ELÍSEOS;distrito;5000,0;Alta (≥ R$ 5.000);Não pesquisado ainda;nao_pesquisado;False
35138575;REDE DECISAO UNIDADE RENOVACAO;3550308;198,0;516;Outras posições;False;607,0245;40,0;1,0;178,0;0,494;Polígono;610,6509803921568;51,0;609,056923076923;-3,62648039215685;São Paulo;SP;0,8116;Cursino;-23,6273379;-46,6199546;4154030;VILA SANTO ESTEFANO;distrito;3500,0;Média-Alta (R$ 3.000-4.999);Não pesquisado ainda;nao_pesquisado;False
35109848;SANTA CECILIA COLEGIO;3548500;15,0;32;Outras posições;False;586,5508843537415;49,0;5,0;308,0;0,494;Polígono;555,0719047619048;56,0;569,7620952380952;31,47897959183672;Santos;SP;0,8189;Santos;-23,9632881;-46,3220148;11045907;BOQUEIRAO;nao_aplicavel;5001,0;Alta (≥ R$ 5.000);Não pesquisado ainda;nao_pesquisado;False
35117705;SANTO ANTONIO COLEGIO;3534708;4,0;7;Desafiante (2º-5º local);False;599,4200000000001;37,0;3,0;164,0;0,493;Polígono;628,3980769230769;52,0;616,3510112359551;-28,978076923076856;Ourinhos;SP;0,5787;Ourinhos;-22,9835761;-49,8698244;19900011;CENTRO;nao_aplicavel;2000,0;Média (R$ 1.800-2.999);Não pesquisado ainda;nao_pesquisado;False
15172600;ESCOLA PITAGORAS;1501303;2,0;5;Desafiante (2º-5º local);False;583,4841666666667;24,0;5,0;121,0;0,493;Polígono;594,2413793103449;29,0;589,3701886792453;-10,757212643678145;Barcarena;PA;0,2361;Barcarena;-1,51970878;-48,68671075;68447000;VILA DOS CABANOS;nao_aplicavel;1212,0;Baixa (< R$ 1.800);Não pesquisado ainda;nao_pesquisado;False
32034520;ESCOLA ADVENTISTA DE CAMPO GRANDE;3201308;4,0;7;Desafiante (2º-5º local);False;589,9704347826087;46,0;5,0;199,0;0,493;Polígono;589,7917073170731;41,0;589,8862068965517;0,1787274655355304;Cariacica;ES;0,302;Cariacica;-20,340445;-40,3776382;29146785;VERA CRUZ;nao_aplicavel;2300,0;Média (R$ 1.800-2.999);Não pesquisado ainda;nao_pesquisado;False
43019048;COL FRANCISCANO ESPIRITO SANTO;4301602;2,0;3;Desafiante (2º-5º local);False;583,4450666666667;75,0;5,0;286,0;0,492;Polígono;595,7382945736434;86,0;590,011635610766;-12,293227906976767;Bagé;RS;0,4408;Bagé;-31,32705;-54,10766;96400100;CENTRO;nao_aplicavel;1600,0;Baixa (< R$ 1.800);Não pesquisado ainda;nao_pesquisado;False
43019196;COLEGIO PRESIDENTE EMILIO GARRASTAZU MEDICI;4301602;2,0;3;Desafiante (2º-5º local);False;585,9055999999999;50,0;4,0;188,0;0,492;Polígono;614,0927659574468;47,0;599,5632989690721;-28,18716595744684;Bagé;RS;0,4408;Bagé;-31,3302;-54,11457;96402010;MENINO DEUS;nao_aplicavel;1600,0;Baixa (< R$ 1.800);Não pesquisado ainda;nao_pesquisado;False
35151774;LUMBINI COLEGIO INTEGRADO;3552502;5,0;11;Desafiante (2º-5º local);False;610,4895384615385;65,0;1,0;179,0;0,492;Polígono;609,557380952381;56,0;610,0581267217631;0,9321575091574914;Suzano;SP;0,4547;Suzano;-23,543679;-46,302168;8610200;VILA MAZZA;nao_aplicavel;2200,0;Média (R$ 1.800-2.999);Não pesquisado ainda;nao_pesquisado;False
52076229;COLEGIO DELTA - ANAPOLIS;5201108;9,0;11;Outras posições;False;599,3636363636364;77,0;3,0;276,0;0,492;Polígono;630,329552238806;67,0;613,7713888888889;-30,96591587516957;Anápolis;GO;0,6936;Anápolis;-16,3355987;-48,9434563;75110070;JUNDIAÍ;nao_aplicavel;2000,0;Média (R$ 1.800-2.999);Não pesquisado ainda;nao_pesquisado;False
35120339;OBJETIVO CENTRO INTERESCOLAR UNIDADE VERGUEIRO;3550308;199,0;516;Outras posições;False;603,3569318181818;88,0;2,0;293,0;0,492;Polígono;625,7893963254593;127,0;616,6077364341085;-22,432464507277476;São Paulo;SP;0,8116;Liberdade;-23,5700011;-46,6379534;1529000;ACLIMACAO;distrito;5000,0;Alta (≥ R$ 5.000);Não pesquisado ainda;nao_pesquisado;False
33187681;COLEGIO E CURSO ZEROHUM NOVA IGUACU;3303500;5,0;33;Desafiante (2º-5º local);False;602,5555555555555;45,0;2,0;214,0;0,492;Polígono;594,0187387387388;37,0;598,7035772357723;8,536816816816781;Nova Iguaçu;RJ;0,4054;Nova Iguaçu;;;26220031;CENTRO;nao_aplicavel;3000,0;Média-Alta (R$ 3.000-4.999);Não pesquisado ainda;nao_pesquisado;False
24059250;ESCOLA DE EDUCACAO BASICA E PROFISSIONAL FUNDACAO BRADESCO;2408102;27,0;48;Outras posições;False;585,821623931624;78,0;4,0;263,0;0,492;Polígono;581,5167676767677;66,0;583,8485648148148;4,304856254856304;Natal;RN;0,8531;Natal;-5,82544;-35,25618;59074100;FELIPE CAMARÃO;nao_aplicavel;1212,0;Baixa (< R$ 1.800);Não pesquisado ainda;nao_pesquisado;False
41128370;COLEGIO SOCIAL MADRE CLELIA;4106902;39,0;69;Outras posições;False;586,3268864468864;91,0;5,0;388,0;0,492;Polígono;597,3954589371981;69,0;591,1002083333333;-11,06857249031168;Curitiba;PR;0,8491;Curitiba;-25,50516974;-49,2969327;81130110;CAPÃO RASO;nao_aplicavel;3000,0;Média-Alta (R$ 3.000-4.999);Não pesquisado ainda;nao_pesquisado;False
35174658;CARLOS CHAGAS FILHO EEIEFM;3549805;18,0;28;Outras posições;False;596,3751773049646;47,0;4,0;194,0;0,492;Polígono;615,1251515151515;44,0;605,4410989010989;-18,749974210186902;São José do Rio Preto;SP;0,8136;São José do Rio Preto;-20,8319952;-49,4067019;15091450;JARDIM TARRAF;nao_aplicavel;2500,0;Média (R$ 1.800-2.999);Não pesquisado ainda;nao_pesquisado;False
21011052;COLEGIO SANTA TERESA;2111300;24,0;47;Outras posições;False;578,8910256410256;78,0;5,0;240,0;0,492;Polígono;602,0148;50,0;587,92375;-23,1237743589744;São Luís;MA;0,7058;São Luís;-2,52621391;-44,30272303;65010190;CENTRO;nao_aplicavel;1300,0;Baixa (< R$ 1.800);Não pesquisado ainda;nao_pesquisado;False
35101989;NOSSA SENHORA SAGRADO CORACAO EXTERNATO;3550308;200,0;516;Outras posições;False;599,1458064516129;31,0;3,0;108,0;0,491;Polígono;588,0122580645161;31,0;593,5790322580646;11,133548387096766;São Paulo;SP;0,8116;Vila Formosa;-23,5705441;-46,5313851;3361000;VILA FORMOSA;distrito;3000,0;Média-Alta (R$ 3.000-4.999);Não pesquisado ainda;nao_pesquisado;False
23267194;PAIVA ANDRADE COLEGIO;2304400;54,0;117;Outras posições;False;594,9045098039215;34,0;3,0;143,0;0,49;Polígono;602,105625;32,0;598,3959595959595;-7,20111519607849;Fortaleza;CE;0,8208;Fortaleza;-3,83581;-38,4916;60871585;MESSEJANA;nao_aplicavel;1600,0;Baixa (< R$ 1.800);Não pesquisado ainda;nao_pesquisado;False
35124862;ADVENTISTA DE TABOAO DA SERRA COLEGIO;3552809;4,0;12;Desafiante (2º-5º local);False;586,11609375;128,0;5,0;504,0;0,49;Polígono;587,8055652173913;115,0;586,9156378600823;-1,6894714673912858;Taboão da Serra;SP;0,5065;Taboão da Serra;-23,6010231;-46,7681885;6755260;JARDIM MONTE ALEGRE;nao_aplicavel;2000,0;Média (R$ 1.800-2.999);Não pesquisado ainda;nao_pesquisado;False
41157044;ALFA REDE DE ENSINO;4119905;9,0;14;Outras posições;False;606,1995469255663;103,0;1,0;276,0;0,49;Polígono;604,37175;80,0;605,400510018215;1,827796925566304;Ponta Grossa;PR;0,5848;Ponta Grossa;-25,09593167;-50,162605;84010010;CENTRO;nao_aplicavel;4600,0;Média-Alta (R$ 3.000-4.999);Não pesquisado ainda;nao_pesquisado;False
42006724;ETC DE TUBARAO;4218707;5,0;6;Desafiante (2º-5º local);False;589,4876470588234;34,0;5,0;103,0;0,489;Polígono;600,4765217391304;23,0;593,9217543859648;-10,988874680306935;Tubarão;SC;0,6318;Tubarão;-28,48052458;-49,00483687;88701140;CENTRO;nao_aplicavel;4000,0;Média-Alta (R$ 3.000-4.999);Não pesquisado ainda;nao_pesquisado;False
35809305;CONQUISTA COLEGIO;3550308;202,0;516;Outras posições;False;601,9252173913044;23,0;3,0;106,0;0,489;Polígono;551,4797777777778;30,0;573,3711949685535;50,44543961352656;São Paulo;SP;0,8116;Aricanduva;-23,5843613;-46,5197441;3911000;VILA RICA;distrito;2500,0;Média (R$ 1.800-2.999);Não pesquisado ainda;nao_pesquisado;False
35173712;FEREGUETTI CENTRO EDUCACIONAL;3550308;202,0;516;Outras posições;False;585,9798230088496;113,0;5,0;379,0;0,489;Polígono;596,9372759856631;93,0;590,926634304207;-10,957452976813444;São Paulo;SP;0,8116;Penha;-23,5201909;-46,5324899;3613010;VILA SANTANA;distrito;3000,0;Média-Alta (R$ 3.000-4.999);Não pesquisado ainda;nao_pesquisado;False
35172467;LYON CAMPINAS COLEGIO;3509502;23,0;47;Outras posições;False;601,9016666666666;26,0;3,0;103,0;0,489;Polígono;588,8485714285714;14,0;597,3330833333333;13,05309523809524;Campinas;SP;0,82;Campinas;-22,9103211;-47,0464787;13026121;BOSQUE;nao_aplicavel;3000,0;Média-Alta (R$ 3.000-4.999);Não pesquisado ainda;nao_pesquisado;False
52033120;COLEGIO ADVENTISTA NOVO MUNDO;5208707;42,0;68;Outras posições;False;598,75;30,0;3,0;124,0;0,489;Polígono;621,1784615384615;39,0;611,4269565217392;-22,428461538461534;Goiânia;GO;0,9482;Goiânia;-16,6696722;-49,217346;74705300;JARDIM NOVO MUNDO;nao_aplicavel;2500,0;Média (R$ 1.800-2.999);Não pesquisado ainda;nao_pesquisado;False
15171639;COLEGIO IDEAL;1501402;28,0;65;Outras posições;False;589,641220657277;71,0;4,0;164,0;0,488;Polígono;612,5055;80,0;601,7547461368654;-22,864279342722966;Belém;PA;0,6935;Belém;-1,35727838;-48,45326085;66635110;PARQUE VERDE;nao_aplicavel;2000,0;Média (R$ 1.800-2.999);Não pesquisado ainda;nao_pesquisado;False
32038160;CEIC;3205200;13,0;23;Outras posições;False;591,5574358974359;26,0;3,0;102,0;0,488;Polígono;605,4383333333334;24,0;598,2202666666667;-13,88089743589751;Vila Velha;ES;0,7846;Vila Velha;-20,3495195;-40,2927532;29101620;ITAPUÃ;nao_aplicavel;5000,0;Alta (≥ R$ 5.000);Não pesquisado ainda;nao_pesquisado;False
26095904;SISTEMA EDUCACIONAL RADAR;2616407;4,0;7;Desafiante (2º-5º local);False;582,6622471910113;89,0;5,0;282,0;0,488;Polígono;592,4816666666667;72,0;587,0535403726708;-9,819419475655424;Vitória de Santo Antão;PE;0,2616;Vitória de Santo Antão;-8,117771;-35,2912061;55612285;UNIVERSITÁRIO;nao_aplicavel;1212,0;Baixa (< R$ 1.800);Não pesquisado ainda;nao_pesquisado;False
35172510;CRESCER COLEGIO;3509502;24,0;47;Outras posições;False;602,6437500000001;48,0;2,0;288,0;0,487;Polígono;601,583282051282;65,0;602,0337463126843;1,060467948718042;Campinas;SP;0,82;Campinas;-22,94189307;-47,10219284;13050545;JARDIM NOVO CAMPOS ELISEOS;nao_aplicavel;3000,0;Média-Alta (R$ 3.000-4.999);Não pesquisado ainda;nao_pesquisado;False
15163830;PHYSICS COLEGIO E CURSO;1501402;29,0;65;Outras posições;False;605,5362441314554;142,0;1,0;364,0;0,487;Polígono;646,7705747126437;87,0;621,2016885007279;-41,23433058118826;Belém;PA;0,6935;Belém;-1,457463512;-48,48738964;66035350;BATISTA CAMPOS;nao_aplicavel;6000,0;Alta (≥ R$ 5.000);Não pesquisado ainda;nao_pesquisado;False
21515662;INSTITUTO EDUCACIONAL MACIEL;2103000;2,0;5;Desafiante (2º-5º local);False;598,6080000000001;30,0;2,0;108,0;0,487;Polígono;649,2288888888888;18,0;617,5908333333333;-50,62088888888877;Caxias;MA;0,1062;Caxias;-4,854775;-43,35849;65602310;CENTRO;nao_aplicavel;1500,0;Baixa (< R$ 1.800);Não pesquisado ainda;nao_pesquisado;False
29180686;CENTRO EDUCACIONAL MARIA JOSE;2927408;40,0;90;Outras posições;False;588,8633333333333;42,0;5,0;119,0;0,486;Polígono;;;588,8633333333333;;Salvador;BA;0,7909;Salvador;-12,9655117;-38,4636463;41110010;PERNAMBUÉS;nao_aplicavel;1212,0;Baixa (< R$ 1.800);Não pesquisado ainda;nao_pesquisado;False
33198128;ICONE COLEGIO E CURSO COLEGIO VENANCIO SOARES LTDA;3304557;165,0;344;Outras posições;False;601,4338461538462;39,0;3,0;188,0;0,486;Polígono;597,8908333333334;40,0;599,6399156118144;3,5430128205127858;Rio de Janeiro;RJ;0,8408;Rio de Janeiro;;;22790190;RECREIO DOS BANDEIRANTES;bairro;6000,0;Alta (≥ R$ 5.000);Não pesquisado ainda;nao_pesquisado;False
52031497;COLEGIO ARAGUAIA;5201405;6,0;17;Outras posições;False;592,1258823529412;34,0;4,0;120,0;0,484;Polígono;;;592,1258823529412;;Aparecida de Goiânia;GO;0,464;Aparecida de Goiânia;-16,8162608;-49,2427868;74981040;SETOR ARAGUAIA;nao_aplicavel;1600,0;Baixa (< R$ 1.800);Não pesquisado ainda;nao_pesquisado;False
26180863;COLEGIO ANGLO LIDER;2611606;43,0;76;Outras posições;False;590,5386206896551;29,0;3,0;121,0;0,483;Polígono;607,0542857142857;21,0;597,4752;-16,515665024630607;Recife;PE;0,9162;Recife;-8,029213;-34,89793;52110010;TAMARINEIRA;nao_aplicavel;7000,0;Alta (≥ R$ 5.000);Não pesquisado ainda;nao_pesquisado;False
43107362;COLEGIO MARISTA ASSUNCAO;4314902;46,0;61;Outras posições;False;581,4431205673759;47,0;5,0;184,0;0,482;Polígono;588,4916279069768;43,0;584,8107407407407;-7,04850733960086;Porto Alegre;RS;0,9276;Porto Alegre;-30,07521;-51,20276;91720115;GLÓRIA;nao_aplicavel;2100,0;Média (R$ 1.800-2.999);Não pesquisado ainda;nao_pesquisado;False
35138733;INTEGRADO DE BRAGANCA PAULISTA COLEGIO;3507605;9,0;12;Outras posições;False;584,9425287356321;29,0;5,0;146,0;0,482;Polígono;586,9953333333334;60,0;586,3264419475655;-2,0528045977013107;Bragança Paulista;SP;0,6238;Bragança Paulista;-22,9721683;-46,5510683;12919330;SANTA LUZIA;nao_aplicavel;4000,0;Média-Alta (R$ 3.000-4.999);Não pesquisado ainda;nao_pesquisado;False
53018796;COL OBJETIVO DF - UNIDADE VIII;5300108;69,0;117;Outras posições;False;597,8100000000001;28,0;2,0;127,0;0,482;Polígono;609,0272222222222;36,0;604,1196875;-11,217222222222176;Brasília;DF;0,9278;Brasília;;;71681315;SETOR HABITACIONAL JARDIM BOTÂNICO;nao_aplicavel;3000,0;Média-Alta (R$ 3.000-4.999);Não pesquisado ainda;nao_pesquisado;False
35004821;ESCOLA DE ENSINO FUNDAMENTAL E MEDIO COLEGIO 15 DE NOVEMBRO;3538709;17,0;25;Outras posições;False;597,435918367347;49,0;3,0;158,0;0,481;Polígono;590,6690476190477;42,0;594,3127472527473;6,766870748299311;Piracicaba;SP;0,8238;Piracicaba;-22,7008122;-47,6556408;13414048;AREAO;nao_aplicavel;2700,0;Média (R$ 1.800-2.999);Não pesquisado ainda;nao_pesquisado;False
53003721;C EDUCACIONAL PROJECAO TAGUATINGA NORTE;5300108;70,0;117;Outras posições;False;584,8438095238095;84,0;5,0;285,0;0,481;Polígono;570,8971111111111;30,0;581,1736257309942;13,94669841269831;Brasília;DF;0,9278;Brasília;-15,8207;-48,06571833;72115700;TAGUATINGA;nao_aplicavel;3000,0;Média-Alta (R$ 3.000-4.999);Não pesquisado ainda;nao_pesquisado;False
25125966;INTERAGINDO SISTEMA DE ENSINO LTDA;2507507;29,0;55;Outras posições;False;581,2539682539683;42,0;5,0;147,0;0,481;Polígono;594,4329032258065;31,0;586,850502283105;-13,178934971838205;João Pessoa;PB;0,8675;João Pessoa;;;58020540;TAMBIA;nao_aplicavel;2000,0;Média (R$ 1.800-2.999);Não pesquisado ainda;nao_pesquisado;False
35144997;LIMEIRENSE COLEGIO;3526902;8,0;15;Outras posições;False;593,1059375;64,0;3,0;209,0;0,481;Polígono;606,21;58,0;599,335737704918;-13,104062500000056;Limeira;SP;0,663;Limeira;-22,5759884;-47,3976533;13480370;VILA SAO LUIZ;nao_aplicavel;2300,0;Média (R$ 1.800-2.999);Não pesquisado ainda;nao_pesquisado;False
35430432;FENIX SANTA PAULA ESCOLA UNDADE I E II;3548807;9,0;10;Outras posições;False;597,1332777777777;60,0;3,0;229,0;0,48;Polígono;576,7142168674699;83,0;585,2816550116551;20,41906091030785;São Caetano do Sul;SP;0,8753;São Caetano do Sul;-23,6206494;-46,5616225;9541330;SANTA PAULA;nao_aplicavel;6000,0;Alta (≥ R$ 5.000);Não pesquisado ainda;nao_pesquisado;False
42129303;COLEGIO SANTA TEREZINHA;4205407;23,0;30;Outras posições;False;584,61;30,0;5,0;111,0;0,48;Polígono;595,6877419354838;31,0;590,2396721311475;-11,0777419354838;Florianópolis;SC;0,9306;Florianópolis;-27,43616291;-48,39802762;88058095;INGLESES DO RIO VERMELHO;nao_aplicavel;4200,0;Média-Alta (R$ 3.000-4.999);Não pesquisado ainda;nao_pesquisado;False
35119039;COLEGIO CERMAC;3550308;207,0;516;Outras posições;False;594,6878260869565;46,0;4,0;154,0;0,479;Polígono;661,3666666666667;24,0;617,5491428571429;-66,67884057971014;São Paulo;SP;0,8116;Mandaqui;-23,4801518;-46,6381665;2435001;LAUZANE PAULISTA;distrito;3001,0;Média-Alta (R$ 3.000-4.999);Não pesquisado ainda;nao_pesquisado;False
35467765;OBJETIVO VILA INDUSTRIAL;3509502;25,0;47;Outras posições;False;604,2594915254236;118,0;1,0;365,0;0,479;Polígono;607,5258407079646;113,0;605,857316017316;-3,266349182540921;Campinas;SP;0,82;Campinas;-22,9090401;-47,0755418;13035270;VILA INDUSTRIAL;nao_aplicavel;3000,0;Média-Alta (R$ 3.000-4.999);Não pesquisado ainda;nao_pesquisado;False
35101047;PAULISTA ESCOLA;3550308;208,0;516;Outras posições;False;587,3852830188679;53,0;5,0;147,0;0,479;Polígono;604,63;32,0;593,8774117647059;-17,244716981132115;São Paulo;SP;0,8116;Tucuruvi;-23,48254508;-46,60212954;2242002;PARADA INGLESA;distrito;4000,0;Média-Alta (R$ 3.000-4.999);Não pesquisado ainda;nao_pesquisado;False
33032777;COLEGIO DE APLICACAO DO CENTRO UNIVERSITARIO GERALDO DI BIASE;3306305;11,0;12;Outras posições;False;576,9713793103448;58,0;5,0;193,0;0,479;Polígono;585,279748427673;53,0;580,9384384384384;-8,308369117328198;Volta Redonda;RJ;0,7431;Volta Redonda;-22,50822;-44,08973;27213080;ATERRADO;nao_aplicavel;3600,0;Média-Alta (R$ 3.000-4.999);Não pesquisado ainda;nao_pesquisado;False
13064207;INSTITUTO DE EDUCACAO PROF DENIZARD RIVAIL;1302603;19,0;49;Outras posições;False;580,6647619047619;42,0;5,0;179,0;0,478;Polígono;562,4829166666667;32,0;572,8023423423424;18,181845238095207;Manaus;AM;0,5729;Manaus;;;69058830;FLORES;nao_aplicavel;2600,0;Média (R$ 1.800-2.999);Não pesquisado ainda;nao_pesquisado;False
52274373;COLEGIO SELECTUS;5200258;2,0;5;Desafiante (2º-5º local);False;584,2275438596491;38,0;5,0;118,0;0,478;Polígono;600,0805405405405;37,0;592,0483555555555;-15,852996680891351;Águas Lindas de Goiás;GO;0,2624;Águas Lindas de Goiás;-15,76569333;-48,26796833;72914206;CHÁCARAS QUEDAS DO DESCOBERTO;nao_aplicavel;1400,0;Baixa (< R$ 1.800);Não pesquisado ainda;nao_pesquisado;False
35116051;RESSURREICAO COLEGIO;3511102;6,0;9;Outras posições;False;593,5741463414635;41,0;3,0;159,0;0,477;Polígono;608,0896153846154;52,0;601,6903225806451;-14,515469043151938;Catanduva;SP;0,5996;Catanduva;-21,1257771;-48,9653415;15805060;HIGIENOPOLIS;nao_aplicavel;3000,0;Média-Alta (R$ 3.000-4.999);Não pesquisado ainda;nao_pesquisado;False
24069329;COLEGIO HIPOCRATES ZONA SUL;2408102;29,0;48;Outras posições;False;587,3149253731343;67,0;4,0;241,0;0,477;Polígono;595,0979710144928;69,0;591,2636764705883;-7,783045641358512;Natal;RN;0,8531;Natal;-5,84623;-35,213;59064740;CANDELÁRIA;nao_aplicavel;5015,0;Alta (≥ R$ 5.000);Não pesquisado ainda;nao_pesquisado;False
33190410;COLEGIO CURSO TAMANDARE;3304557;168,0;344;Outras posições;False;603,7632;50,0;1,0;208,0;0,477;Polígono;;;603,7632;;Rio de Janeiro;RJ;0,8408;Rio de Janeiro;;;22783117;RECREIO DOS BANDEIRANTES;bairro;6000,0;Alta (≥ R$ 5.000);Não pesquisado ainda;nao_pesquisado;False
35105569;FRIBURGO COLEGIO;3550308;210,0;516;Outras posições;False;583,95625;32,0;5,0;139,0;0,477;Polígono;592,245;20,0;587,1442307692307;-8,28875000000005;São Paulo;SP;0,8116;Santo Amaro;-23,6446414;-46,7033991;4724000;SANTO AMARO;distrito;7500,0;Alta (≥ R$ 5.000);Não pesquisado ainda;nao_pesquisado;False
35133279;COLEGIO PREVE BAURU;3506003;10,0;20;Outras posições;False;593,9285925925926;45,0;4,0;291,0;0,476;Polígono;577,0492810457516;51,0;584,9614583333333;16,879311546840995;Bauru;SP;0,7441;Bauru;-22,3264785;-49,0778047;17015022;CENTRO;nao_aplicavel;3000,0;Média-Alta (R$ 3.000-4.999);Não pesquisado ainda;nao_pesquisado;False
35106756;SAO FRANCISCO XAVIER COLEGIO;3550308;211,0;516;Outras posições;False;579,4488888888889;27,0;5,0;130,0;0,476;Polígono;624,157619047619;42,0;606,6628985507247;-44,70873015873019;São Paulo;SP;0,8116;Ipiranga;-23,5888444;-46,6092065;4266010;IPIRANGA;distrito;3900,0;Média-Alta (R$ 3.000-4.999);Não pesquisado ainda;nao_pesquisado;False
35111259;ALFREDO JOSE BALBI DOUTOR ESCOLA DE APLICACAO;3554102;11,0;15;Outras posições;False;599,8997260273973;73,0;3,0;317,0;0,476;Polígono;591,3760784313725;51,0;596,3940322580645;8,523647596024716;Taubaté;SP;0,7911;Taubaté;-23,0281322;-45,5633232;12020340;CENTRO;nao_aplicavel;4000,0;Média-Alta (R$ 3.000-4.999);Não pesquisado ainda;nao_pesquisado;False
29608600;CENTRO EDUCACIONAL ADVENTISTA CONQUISTENSE;2933307;8,0;14;Outras posições;False;596,2222727272728;44,0;3,0;208,0;0,474;Polígono;596,4337037037037;36,0;596,3174166666668;-0,2114309764309609;Vitória da Conquista;BA;0,5552;Vitória da Conquista;-14,85728266;-40,83397527;45020295;RECREIO DOS BANDEIRANTES;nao_aplicavel;1212,0;Baixa (< R$ 1.800);Não pesquisado ainda;nao_pesquisado;False
35104930;OPCAO COLEGIO TECNICO;3549904;18,0;27;Outras posições;False;590,339670781893;81,0;4,0;230,0;0,474;Polígono;590,1720454545455;88,0;590,2523865877712;0,1676253273475367;São José dos Campos;SP;0,9207;São José dos Campos;-23,192284;-45,8932136;12242280;JARDIM NOVA AMERICA;nao_aplicavel;2700,0;Média (R$ 1.800-2.999);Não pesquisado ainda;nao_pesquisado;False
35136463;CETEC COLEGIO;3550308;212,0;516;Outras posições;False;603,6052631578947;38,0;2,0;121,0;0,474;Polígono;579,0069565217391;23,0;594,3304918032786;24,5983066361556;São Paulo;SP;0,8116;Jabaquara;-23,6452643;-46,6398354;4318000;CIDADE VARGAS;distrito;2750,0;Média (R$ 1.800-2.999);Não pesquisado ainda;nao_pesquisado;False
43069290;COLEGIO ADVENTISTA DE GRAVATAI;4309209;4,0;7;Desafiante (2º-5º local);False;586,6908333333333;72,0;4,0;361,0;0,474;Polígono;574,9194535519126;61,0;581,2919298245614;11,771379781420706;Gravataí;RS;0,3772;Gravataí;-29,93477;-51,03828;94055040;NOSSA CHÁCARA;nao_aplicavel;2000,0;Média (R$ 1.800-2.999);Não pesquisado ainda;nao_pesquisado;False
33166943;COLEGIO E CURSO PENSI;3304557;169,0;344;Outras posições;False;592,9050632911392;79,0;3,0;320,0;0,474;Polígono;630,6286597938144;97,0;613,695909090909;-37,723596502675264;Rio de Janeiro;RJ;0,8408;Rio de Janeiro;-22,87788;-43,33712;21310260;MADUREIRA;bairro;2000,0;Média (R$ 1.800-2.999);Não pesquisado ainda;nao_pesquisado;False
42134846;DOM BOSCO - ESCOLA INTELIGENTE;4216602;6,0;11;Outras posições;False;596,1167032967033;91,0;3,0;301,0;0,474;Polígono;615,9322916666666;96,0;606,2894117647058;-19,81558836996328;São José;SC;0,7122;Barreiros;-27,57079043;-48,60652153;88117001;BARREIROS;nao_aplicavel;3500,0;Média-Alta (R$ 3.000-4.999);Não pesquisado ainda;nao_pesquisado;False
25226800;CENTRO EDUCACIONAL AGAPE;2510808;4,0;6;Desafiante (2º-5º local);False;592,8730303030303;44,0;3,0;130,0;0,473;Polígono;590,0915789473684;19,0;592,0341798941799;2,781451355661943;Patos;PB;0,3748;Patos;;;58706110;SÃO SEBASTIÃO;nao_aplicavel;1212,0;Baixa (< R$ 1.800);Não pesquisado ainda;nao_pesquisado;False
23259159;MARIA ESTER 2 COLEGIO;2304400;56,0;117;Outras posições;False;596,0424324324324;74,0;3,0;208,0;0,473;Polígono;594,9044086021505;62,0;595,5236274509804;1,1380238302818952;Fortaleza;CE;0,8208;Fortaleza;;;60742815;SERRINHA;nao_aplicavel;1212,0;Baixa (< R$ 1.800);Não pesquisado ainda;nao_pesquisado;False
35112707;SAO JOSE ESCOLA SALESIANA;3509502;26,0;47;Outras posições;False;590,1096666666667;60,0;4,0;285,0;0,473;Polígono;629,3631818181818;44,0;606,7169230769231;-39,2535151515151;Campinas;SP;0,82;Campinas;-22,8736523;-47,0654942;13075490;JARDIM NOSSA SENHORA AUXILIADORA;nao_aplicavel;3000,0;Média-Alta (R$ 3.000-4.999);Não pesquisado ainda;nao_pesquisado;False
43123678;INSTITUTO SAO JOSE;4316907;9,0;12;Outras posições;False;592,6895098039215;68,0;3,0;313,0;0,472;Polígono;602,6280620155039;86,0;598,2396103896103;-9,93855221158242;Santa Maria;RS;0,809;Santa Maria;-29,71524;-53,80027;97065030;DOM ANTÔNIO REIS;nao_aplicavel;3000,0;Média-Alta (R$ 3.000-4.999);Não pesquisado ainda;nao_pesquisado;False
41025466;COLEGIO CANADA DE APUCARANA - COLEGIO EI-EF-EM;4101408;3,0;6;Desafiante (2º-5º local);False;595,8886324786324;78,0;3,0;241,0;0,472;Polígono;605,6845283018868;53,0;599,8518575063613;-9,79589582325434;Apucarana;PR;0,4026;Apucarana;-23,55704972;-51,44384483;86808160;CENTRO;nao_aplicavel;2000,0;Média (R$ 1.800-2.999);Não pesquisado ainda;nao_pesquisado;False
33145989;ESCOLA TERRA DOS PAPAGAIOS;3300704;6,0;12;Outras posições;False;593,0830769230769;26,0;4,0;121,0;0,472;Polígono;611,112;15,0;599,6790243902439;-18,028923076923093;Cabo Frio;RJ;0,601;Tamoios;;;28928538;UNAMAR (TAMOIOS);nao_aplicavel;1500,0;Baixa (< R$ 1.800);Não pesquisado ainda;nao_pesquisado;False
43167284;COLEGIO STELLA MARIS;4323002;3,0;6;Desafiante (2º-5º local);False;579,7113513513514;37,0;5,0;147,0;0,472;Polígono;577,6349206349206;21,0;578,9595402298851;2,076430716430764;Viamão;RS;0,2701;Viamão;-30,08585;-51,02333;94410030;CENTRO;nao_aplicavel;2500,0;Média (R$ 1.800-2.999);Não pesquisado ainda;nao_pesquisado;False
23247088;AGAPE COLEGIO;2304400;57,0;117;Outras posições;False;579,5512820512821;39,0;5,0;147,0;0,471;Polígono;614,5611904761905;28,0;594,182288557214;-35,00990842490842;Fortaleza;CE;0,8208;Fortaleza;-3,7933526;-38,4868463;60821825;PARQUE MANIBURA;nao_aplicavel;3000,0;Média-Alta (R$ 3.000-4.999);Não pesquisado ainda;nao_pesquisado;False
35151518;ADELIA COSTA E SILVA COLEGIO;3550308;213,0;516;Outras posições;False;589,8118518518519;27,0;4,0;100,0;0,47;Polígono;598,1715151515151;33,0;594,4096666666667;-8,359663299663225;São Paulo;SP;0,8116;Jaraguá;-23,45336282;-46,73654359;2993100;JARDIM VIVAN;distrito;2000,0;Média (R$ 1.800-2.999);Não pesquisado ainda;nao_pesquisado;False
51093065;SALESIANO SANTO ANTONIO - ESCOLA DE EDUCACAO BASICA;5103403;14,0;27;Outras posições;False;583,0247058823529;68,0;5,0;233,0;0,47;Polígono;614,5007407407408;54,0;596,9567213114755;-31,476034858387838;Cuiabá;MT;0,8046;Coxipó da Ponte;-15,6217156;-56,0568677;78080030;CHÁCARA DOS PINHEIROS;nao_aplicavel;2300,0;Média (R$ 1.800-2.999);Não pesquisado ainda;nao_pesquisado;False
41377508;COLEGIO ENERGIA ATIVA - EDUCACAO INFANTIL ENSINO FUNDAMENTAL E MEDIO;4106902;42,0;69;Outras posições;False;579,4285714285714;42,0;5,0;138,0;0,47;Polígono;597,3230769230769;39,0;588,0444444444445;-17,894505494505438;Curitiba;PR;0,8491;Curitiba;-25,53583;-49,28355;81900000;SÍTIO CERCADO;nao_aplicavel;2100,0;Média (R$ 1.800-2.999);Não pesquisado ainda;nao_pesquisado;False
15554139;COLEGIO DE E F M SOPHOS;1501402;30,0;65;Outras posições;False;589,7789792663477;209,0;4,0;576,0;0,47;Polígono;587,1625;192,0;588,5262011637573;2,61647926634771;Belém;PA;0,6935;Belém;-1,449801;-48,48185;66615005;MARAMBAIA;nao_aplicavel;1800,0;Média (R$ 1.800-2.999);Não pesquisado ainda;nao_pesquisado;False
28017986;COLEGIO LAVOISIER;2800308;27,0;43;Outras posições;False;606,1452173913043;46,0;1,0;113,0;0,47;Polígono;589,2307692307693;39,0;598,3844705882353;16,914448160535017;Aracaju;SE;0,864;Aracaju;-10,97529716;-37,06878312;49030690;FAROLÂNDIA;nao_aplicavel;3000,0;Média-Alta (R$ 3.000-4.999);Não pesquisado ainda;nao_pesquisado;False
33184666;COLEGIO E CURSO ZEROHUM;3300704;7,0;12;Outras posições;False;595,5640476190476;28,0;3,0;160,0;0,47;Polígono;568,78;16,0;585,824393939394;26,78404761904767;Cabo Frio;RJ;0,601;Cabo Frio;;;28905340;PARQUE RIVIERA;nao_aplicavel;1900,0;Média (R$ 1.800-2.999);Não pesquisado ainda;nao_pesquisado;False
14001055;ESC INSTITUTO BATISTA DE RORAIMA;1400100;4,0;9;Desafiante (2º-5º local);False;579,34;23,0;5,0;102,0;0,469;Polígono;578,7635294117647;34,0;578,9961403508772;0,5764705882353383;Boa Vista;RR;0,312;Boa Vista;2,8258879;-60,675364;69301440;CENTRO;nao_aplicavel;3000,0;Média-Alta (R$ 3.000-4.999);Não pesquisado ainda;nao_pesquisado;False
35142827;COLEGIO BARRETOS;3505500;4,0;7;Desafiante (2º-5º local);False;589,7201904761904;35,0;4,0;130,0;0,469;Polígono;574,8846666666667;30,0;582,8730256410256;14,835523809523693;Barretos;SP;0,548;Barretos;-20,5530304;-48,5632405;14780320;CENTRO;nao_aplicavel;2400,0;Média (R$ 1.800-2.999);Não pesquisado ainda;nao_pesquisado;False
41379152;COLEGIO ELITE LONDRINA - ENSINO FUNDAMENTAL E MEDIO;4113700;16,0;24;Outras posições;False;589,6768707482994;49,0;4,0;188,0;0,469;Polígono;579,9524590163934;61,0;584,2842424242425;9,724411731906002;Londrina;PR;0,8372;Londrina;-23,30305401;-51,17003885;86020240;JARDIM AGARI;nao_aplicavel;2500,0;Média (R$ 1.800-2.999);Não pesquisado ainda;nao_pesquisado;False
41130740;MADALENA SOFIA COL - EDUC INF-EF-EM;4106902;43,0;69;Outras posições;False;575,6837037037037;27,0;5,0;125,0;0,469;Polígono;581,8778571428571;28,0;578,8370909090909;-6,1941534391534105;Curitiba;PR;0,8491;Curitiba;-25,41204208;-49,21429799;82820490;BAIRRO ALTO;nao_aplicavel;3000,0;Média-Alta (R$ 3.000-4.999);Não pesquisado ainda;nao_pesquisado;False
35125799;LEONARDO DA VINCI COLEGIO;3529401;2,0;10;Desafiante (2º-5º local);False;598,5927777777778;48,0;3,0;164,0;0,469;Polígono;606,4864285714285;28,0;601,5009649122807;-7,89365079365075;Mauá;SP;0,4022;Mauá;-23,6697127;-46,4534702;9310360;VILA BOCAINA;nao_aplicavel;2000,0;Média (R$ 1.800-2.999);Não pesquisado ainda;nao_pesquisado;False
42012198;COLEGIO SATC;4204608;7,0;11;Outras posições;False;582,6810384215992;321,0;5,0;796,0;0,469;Polígono;584,2692952380952;175,0;583,2414112903226;-1,5882568164960276;Criciúma;SC;0,6209;Criciúma;-28,70257788;-49,40542789;88805380;UNIVERSITARIO;nao_aplicavel;2400,0;Média (R$ 1.800-2.999);Não pesquisado ainda;nao_pesquisado;False
43069355;COLEGIO FUNDACAO BRADESCO;4309209;5,0;7;Desafiante (2º-5º local);False;581,8469811320755;106,0;4,0;424,0;0,468;Polígono;579,4569724770643;109,0;580,6353023255814;2,390008655011229;Gravataí;RS;0,3772;Gravataí;-29,94844;-50,96963;94185280;PASSOS DOS FERREIROS;nao_aplicavel;2000,0;Média (R$ 1.800-2.999);Não pesquisado ainda;nao_pesquisado;False
35140144;INTEGRADO DE OSASCO COLEGIO ENSINO FUNDAMENTAL E MEDIO;3534401;12,0;31;Outras posições;False;582,6271232876712;73,0;5,0;277,0;0,468;Polígono;568,9843274853802;57,0;576,6452820512822;13,642795802291062;Osasco;SP;0,6495;Osasco;-23,5330577;-46,7913839;6110230;JARDIM DAS FLORES;nao_aplicavel;3000,0;Média-Alta (R$ 3.000-4.999);Não pesquisado ainda;nao_pesquisado;False
42001773;COLEGIO SALVATORIANO NOSSA SENHORA DE FATIMA;4205407;25,0;30;Outras posições;False;589,3149659863946;49,0;4,0;197,0;0,468;Polígono;592,2191304347826;46,0;590,7211929824562;-2,9041644483880877;Florianópolis;SC;0,9306;Florianópolis;-27,59184856;-48,58846994;88070650;ESTREITO;nao_aplicavel;5000,0;Alta (≥ R$ 5.000);Não pesquisado ainda;nao_pesquisado;False
26190494;COLEGIO PLENO LTDA;2609600;7,0;13;Outras posições;False;595,2323076923077;39,0;3,0;137,0;0,468;Polígono;613,2570588235294;34,0;603,627397260274;-18,024751131221706;Olinda;PE;0,5248;Olinda;;;53130410;CASA CAIADA;nao_aplicavel;5250,0;Alta (≥ R$ 5.000);Não pesquisado ainda;nao_pesquisado;False
29188229;COLEGIO BOM PASTOR;2927408;43,0;90;Outras posições;False;578,99;34,0;5,0;129,0;0,467;Polígono;588,1836363636364;33,0;583,5182089552239;-9,193636363636417;Salvador;BA;0,7909;Salvador;-12,99487289;-38,48651836;40296710;CANDEAL;nao_aplicavel;5000,0;Alta (≥ R$ 5.000);Não pesquisado ainda;nao_pesquisado;False
35136359;CONCORDIA COLEGIO;3550308;214,0;516;Outras posições;False;592,0524242424243;22,0;3,0;100,0;0,467;Polígono;591,1925203252033;41,0;591,4928042328044;0,8599039172210041;São Paulo;SP;0,8116;Campo Limpo;-23,6406546;-46,7677259;5794300;JARDIM PARIS;distrito;2000,0;Média (R$ 1.800-2.999);Não pesquisado ainda;nao_pesquisado;False
29422256;TSSA TEENS CENTRO DE EDUCACAO LTDA;2927408;44,0;90;Outras posições;False;602,5959788359788;63,0;2,0;223,0;0,467;Polígono;620,8064516129032;62,0;611,6283733333333;-18,210472776924348;Salvador;BA;0,7909;Salvador;-12,95384;-38,46053;41150500;CABULA;nao_aplicavel;3000,0;Média-Alta (R$ 3.000-4.999);Não pesquisado ainda;nao_pesquisado;False
31346420;COLEGIO SES;3106200;96,0;110;Outras posições;False;595,1227272727273;22,0;3,0;100,0;0,467;Polígono;557,48875;16,0;579,2768421052632;37,63397727272729;Belo Horizonte;MG;0,9738;Belo Horizonte;-19,97079077;-43,97728066;30575520;PALMEIRAS;nao_aplicavel;2000,0;Média (R$ 1.800-2.999);Não pesquisado ainda;nao_pesquisado;False
35140600;POLITEC COLEGIO;3501608;7,0;10;Outras posições;False;592,3872;75,0;4,0;456,0;0,466;Polígono;583,82734082397;89,0;587,7419105691056;8,559859176030045;Americana;SP;0,7145;Americana;-22,7524357;-47,3488496;13465770;VILA SANTO ANTONIO;nao_aplicavel;3000,0;Média-Alta (R$ 3.000-4.999);Não pesquisado ainda;nao_pesquisado;False
41133692;COLEGIO STELLA MARIS;4106902;45,0;69;Outras posições;False;588,9966666666667;14,0;4,0;106,0;0,466;Polígono;619,9276923076923;39,0;611,7572327044024;-30,9310256410256;Curitiba;PR;0,8491;Curitiba;-25,41264895;-49,26122555;80530290;JUVEVÊ;nao_aplicavel;8000,0;Alta (≥ R$ 5.000);Não pesquisado ainda;nao_pesquisado;False
35304049;AUTENTICO COLEGIO;3518800;14,0;57;Outras posições;False;598,1971428571429;35,0;3,0;102,0;0,466;Polígono;590,8686956521739;23,0;595,2910344827587;7,328447204969052;Guarulhos;SP;0,6077;Guarulhos;-23,4354151;-46,5362702;7124000;PORTAL DOS GRAMADOS;nao_aplicavel;2300,0;Média (R$ 1.800-2.999);Não pesquisado ainda;nao_pesquisado;False
16004329;ESCOLA DE EDUCACAO BASICA E PROFISSIONAL GOVERNADOR JANARY GENTIL NUNES;1600600;2,0;3;Desafiante (2º-5º local);False;584,9069892473118;62,0;4,0;216,0;0,466;Polígono;576,9401149425287;58,0;581,0563333333333;7,9668743047831185;Santana;AP;0,114;Santana;-0,053840531;-51,15677595;68926102;VILA AMAZONAS;nao_aplicavel;4500,0;Média-Alta (R$ 3.000-4.999);Não pesquisado ainda;nao_pesquisado;False
50060015;NOVAESCOLA;5002704;23,0;31;Outras posições;False;601,98578125;64,0;1,0;164,0;0,466;Polígono;630,708176100629;53,0;614,9967806267805;-28,72239485062903;Campo Grande;MS;0,789;Campo Grande;-20,4595557;-54,6013376;79020010;JARDIM DOS ESTADOS;nao_aplicavel;10000,0;Alta (≥ R$ 5.000);Não pesquisado ainda;nao_pesquisado;False
35119040;DELTA COLEGIO;3550308;215,0;516;Outras posições;False;601,9654285714286;35,0;1,0;100,0;0,466;Polígono;605,4394444444445;48,0;603,9744979919678;-3,474015873015901;São Paulo;SP;0,8116;Santana;-23,501899;-46,6334944;2013040;SANTANA;distrito;5001,0;Alta (≥ R$ 5.000);Não pesquisado ainda;nao_pesquisado;False
35113773;ADVENTISTA DE PIRACICABA COLEGIO;3538709;18,0;25;Outras posições;False;592,0419999999999;30,0;2,0;125,0;0,465;Polígono;567,3806896551724;29,0;579,9203389830509;24,661310344827484;Piracicaba;SP;0,8238;Piracicaba;-22,7483444;-47,6418559;13424390;VERDE;nao_aplicavel;2700,0;Média (R$ 1.800-2.999);Não pesquisado ainda;nao_pesquisado;False
23062495;ESCOLA DE EDUCACAO BASICA E PROFISSIONAL FUNDACAO BRADESCO;2303709;1,0;6;Líder local;False;584,7327927927928;37,0;4,0;186,0;0,465;Polígono;585,0317333333334;50,0;584,9045977011494;-0,2989405405405705;Caucaia;CE;0,1288;Jurema;-3,748483;-38,61453;61645000;PARQUE ALBANO;nao_aplicavel;1212,0;Baixa (< R$ 1.800);Não pesquisado ainda;nao_pesquisado;False
50030582;COLEGIO BIONATUS;5002704;24,0;31;Outras posições;False;594,8792592592592;45,0;3,0;196,0;0,465;Polígono;631,084761904762;42,0;612,3577777777779;-36,20550264550275;Campo Grande;MS;0,789;Campo Grande;-20,45529;-54,60044;79020010;JARDIM DOS ESTADOS;nao_aplicavel;10000,0;Alta (≥ R$ 5.000);Não pesquisado ainda;nao_pesquisado;False
35150654;AGUA VIVA COLEGIO;3529005;8,0;13;Outras posições;False;602,0304761904762;21,0;2,0;100,0;0,464;Polígono;537,7975;8,0;584,3110344827586;64,23297619047617;Marília;SP;0,6435;Marília;-22,2329721;-49,9363051;17519540;JARDIM ITAIPU;nao_aplicavel;2400,0;Média (R$ 1.800-2.999);Não pesquisado ainda;nao_pesquisado;False
41024311;MATER DEI CEF M;4115200;15,0;21;Outras posições;False;588,5552941176471;34,0;4,0;174,0;0,464;Polígono;622,6771428571428;28,0;603,9651612903225;-34,121848739495704;Maringá;PR;0,7882;Maringá;-23,38238258;-51,9384277;87023570;PARQUE PALMEIRAS;nao_aplicavel;3000,0;Média-Alta (R$ 3.000-4.999);Não pesquisado ainda;nao_pesquisado;False
50029150;ELITE DOURADOS;5003702;6,0;6;Outras posições;False;590,2322480620155;43,0;3,0;183,0;0,463;Polígono;580,2314814814815;54,0;584,6648109965636;10,000766580533991;Dourados;MS;0,6793;Dourados;-22,2163949;-54,8143474;79825070;VILA PROGRESSO;nao_aplicavel;2000,0;Média (R$ 1.800-2.999);Não pesquisado ainda;nao_pesquisado;False
42155274;COLEGIO UNIVERSITARIO UNIFEBE;4202909;4,0;5;Desafiante (2º-5º local);False;584,97;24,0;5,0;242,0;0,463;Polígono;589,7198290598291;39,0;587,9103703703704;-4,74982905982904;Brusque;SC;0,4669;Brusque;-27,06802699;-48,88489011;88352360;SANTA TEREZINHA;nao_aplicavel;2800,0;Média (R$ 1.800-2.999);Não pesquisado ainda;nao_pesquisado;False
35288019;DINAMICO COLEGIO;3506003;12,0;20;Outras posições;False;594,5795151515151;55,0;3,0;228,0;0,463;Polígono;607,0722666666667;100,0;602,6393548387097;-12,492751515151554;Bauru;SP;0,7441;Bauru;-22,33946;-49,0701411;17016160;JARDIM ESTORIL IV;nao_aplicavel;2400,0;Média (R$ 1.800-2.999);Não pesquisado ainda;nao_pesquisado;False
27035018;COLEGIO ANCHIETA;2704302;20,0;63;Outras posições;False;588,3733333333332;39,0;4,0;186,0;0,462;Polígono;596,1220833333333;48,0;592,6485057471264;-7,748750000000086;Maceió;AL;0,6386;Maceió;-9,647601;-35,7049;57036550;JATIUCA;nao_aplicavel;5000,0;Alta (≥ R$ 5.000);Não pesquisado ainda;nao_pesquisado;False
33008310;COLEGIO BATISTA FLUMINENSE;3301009;12,0;16;Outras posições;False;578,3350724637681;46,0;5,0;149,0;0,462;Polígono;602,4214634146341;41,0;589,6861302681992;-24,08639095086596;Campos dos Goytacazes;RJ;0,6581;Campos dos Goytacazes;;;28035582;CENTRO;nao_aplicavel;3600,0;Média-Alta (R$ 3.000-4.999);Não pesquisado ainda;nao_pesquisado;False
35153692;ARCADIA COLEGIO;3550308;218,0;516;Outras posições;False;591,8470588235294;17,0;4,0;108,0;0,462;Polígono;596,4393103448275;29,0;594,7421739130434;-4,592251521298067;São Paulo;SP;0,8116;Saúde;-23,6137896;-46,6282694;4145011;VILA DA SAUDE;distrito;6000,0;Alta (≥ R$ 5.000);Não pesquisado ainda;nao_pesquisado;False
31193071;COL EGIO JOHN WESLEY;3131307;7,0;8;Outras posições;False;601,5320930232558;43,0;1,0;159,0;0,462;Polígono;601,071220657277;71,0;601,2450584795321;0,4608723659788438;Ipatinga;MG;0,7737;Ipatinga;-19,4767382;-42,5294879;35160018;CENTRO;nao_aplicavel;1500,0;Baixa (< R$ 1.800);Não pesquisado ainda;nao_pesquisado;False
22026088;INST MAGISTER DE ENSINO;2211001;37,0;52;Outras posições;False;574,758064516129;31,0;5,0;117,0;0,462;Polígono;594,2655555555556;36,0;585,2397014925373;-19,507491039426554;Teresina;PI;0,7817;Teresina;-5,068661;-42,81319;64002510;MARQUÊS;nao_aplicavel;1212,0;Baixa (< R$ 1.800);Não pesquisado ainda;nao_pesquisado;False
42162890;COLEGIO ANGLO BALNEARIO CAMBORIU;4202008;2,0;5;Desafiante (2º-5º local);False;598,622074074074;45,0;2,0;233,0;0,462;Polígono;609,01;34,0;603,0928270042193;-10,38792592592597;Balneário Camboriú;SC;0,7758;Balneário Camboriú;;;88330617;CENTRO;nao_aplicavel;5000,0;Alta (≥ R$ 5.000);Não pesquisado ainda;nao_pesquisado;False
35159897;MANOEL MORATTO COLEGIO;3534401;13,0;31;Outras posições;False;601,4766666666667;36,0;1,0;150,0;0,462;Polígono;578,7152380952381;42,0;589,2205128205128;22,76142857142861;Osasco;SP;0,6495;Osasco;-23,5168098;-46,7720251;6283120;AYROSA;nao_aplicavel;2200,0;Média (R$ 1.800-2.999);Não pesquisado ainda;nao_pesquisado;False
24084140;COLEGIO HIPOCRATES ZONA NORTE;2408102;30,0;48;Outras posições;False;578,2638805970149;67,0;5,0;298,0;0,462;Polígono;586,1218918918919;74,0;582,3879432624113;-7,858011294876974;Natal;RN;0,8531;Natal;-5,765162;-35,25573;59108120;POTENGI;nao_aplicavel;1500,0;Baixa (< R$ 1.800);Não pesquisado ainda;nao_pesquisado;False
33156069;COLEGIO SER E CRESCER DE NOVA IGUACU LTDA;3303500;6,0;33;Outras posições;False;595,4028828828829;37,0;2,0;143,0;0,462;Polígono;628,5077419354838;31,0;610,4948039215686;-33,10485905260089;Nova Iguaçu;RJ;0,4054;Nova Iguaçu;-22,76129;-43,45964;26255155;CENTRO;nao_aplicavel;3000,0;Média-Alta (R$ 3.000-4.999);Não pesquisado ainda;nao_pesquisado;False
51091321;COLEGIO FATO;5103403;16,0;27;Outras posições;False;581,2893506493506;77,0;5,0;277,0;0,462;Polígono;572,2;60,0;577,3086131386862;9,089350649350536;Cuiabá;MT;0,8046;Coxipó da Ponte;-15,62896249;-56,05609002;78085008;COXIPÓ;nao_aplicavel;3800,0;Média-Alta (R$ 3.000-4.999);Não pesquisado ainda;nao_pesquisado;False
53010973;C EDUCACIONAL PROJECAO SOBRADINHO;5300108;75,0;117;Outras posições;False;594,2464;25,0;3,0;101,0;0,461;Polígono;588,7907692307692;26,0;591,4650980392157;5,4556307692307655;Brasília;DF;0,9278;Brasília;-15,65042912;-47,7829495;73050140;SOBRADINHO;nao_aplicavel;3000,0;Média-Alta (R$ 3.000-4.999);Não pesquisado ainda;nao_pesquisado;False
35130205;COLEGIO INTERNACIONAL RADIAL;3550308;220,0;516;Outras posições;False;581,1251851851852;81,0;5,0;210,0;0,461;Polígono;594,019670781893;81,0;587,5724279835391;-12,894485596707796;São Paulo;SP;0,8116;Saúde;-23,6207065;-46,639939;4046300;MIRANDÓPOLIS;distrito;6000,0;Alta (≥ R$ 5.000);Não pesquisado ainda;nao_pesquisado;False
35808301;AMORIM COLEGIO;3550308;221,0;516;Outras posições;False;584,6397222222222;96,0;5,0;616,0;0,46;Polígono;566,1446222222222;75,0;576,5278362573099;18,49509999999998;São Paulo;SP;0,8116;Tatuapé;-23,5464088;-46,5706474;3319000;VILA GOMES CARDIM;distrito;6000,0;Alta (≥ R$ 5.000);Não pesquisado ainda;nao_pesquisado;False
23067845;COLEGIO DEOCLECIO FERRO;2304400;58,0;117;Outras posições;False;586,9136363636363;22,0;4,0;134,0;0,46;Polígono;609,0876923076924;26,0;598,9245833333333;-22,174055944056025;Fortaleza;CE;0,8208;Fortaleza;-3,7400034;-38,5473523;60430620;RODOLFO TEÓFILO;nao_aplicavel;1620,0;Baixa (< R$ 1.800);Não pesquisado ainda;nao_pesquisado;False
12026409;COLEGIO ALTERNATIVO DO ACRE;1200401;5,0;10;Desafiante (2º-5º local);False;590,8641379310345;29,0;3,0;102,0;0,46;Polígono;609,467619047619;21,0;598,6776;-18,60348111658448;Rio Branco;AC;0,6009;Rio Branco;;;69915178;CONJUNTO ESPERANÇA;nao_aplicavel;1300,0;Baixa (< R$ 1.800);Não pesquisado ainda;nao_pesquisado;False
35326343;ANGLO ALDEIA DA SERRA;3505708;5,0;5;Desafiante (2º-5º local);False;598,2627272727273;22,0;2,0;100,0;0,459;Polígono;634,5885714285714;21,0;616,0032558139535;-36,32584415584415;Barueri;SP;0,7467;Barueri;-23,4881431;-46,9555461;6423150;ALDEIA DA SERRA;nao_aplicavel;15000,0;Alta (≥ R$ 5.000);Não pesquisado ainda;nao_pesquisado;False
35430353;RIBEIRO MAIA COLEGIO;3548708;17,0;33;Outras posições;False;587,789457364341;43,0;4,0;143,0;0,459;Polígono;594,8888888888889;39,0;591,1660162601626;-7,099431524547867;São Bernardo do Campo;SP;0,8204;São Bernardo do Campo;-23,7264735;-46,563341;9812010;DOS CASA;nao_aplicavel;2000,0;Média (R$ 1.800-2.999);Não pesquisado ainda;nao_pesquisado;False
24002526;COLEGIO MATER CHRISTI;2408003;10,0;14;Outras posições;False;577,666304347826;46,0;5,0;164,0;0,459;Polígono;619,6054421768707;49,0;599,2980701754385;-41,93913782904474;Mossoró;RN;0,5769;Mossoró;-5,182852;-37,34935;59611030;SANTO ANTÔNIO;nao_aplicavel;1212,0;Baixa (< R$ 1.800);Não pesquisado ainda;nao_pesquisado;False
41133048;COLEGIO SAGRADO CORACAO DE JESUS;4106902;46,0;69;Outras posições;False;574,2909876543209;54,0;5,0;259,0;0,459;Polígono;577,9756097560976;41,0;575,8811929824561;-3,684622101776654;Curitiba;PR;0,8491;Curitiba;-25,44445379;-49,27691739;80250190;REBOUÇAS;nao_aplicavel;4500,0;Média-Alta (R$ 3.000-4.999);Não pesquisado ainda;nao_pesquisado;False
35803844;HAYA INSTITUTO EDUCACIONAL;3534401;14,0;31;Outras posições;False;593,7811764705883;34,0;3,0;117,0;0,458;Polígono;580,3765714285714;35,0;586,9817391304349;13,404605042016897;Osasco;SP;0,6495;Osasco;-23,5281095;-46,7794767;6097020;CENTRO;nao_aplicavel;5001,0;Alta (≥ R$ 5.000);Não pesquisado ainda;nao_pesquisado;False
35106926;ADVENTISTA DA LIBERDADE COLEGIO;3550308;223,0;516;Outras posições;False;601,2402083333334;64,0;2,0;310,0;0,458;Polígono;597,6813131313131;66,0;599,4333846153846;3,558895202020267;São Paulo;SP;0,8116;Liberdade;-23,5599632;-46,6366639;1508010;LIBERDADE;distrito;5000,0;Alta (≥ R$ 5.000);Não pesquisado ainda;nao_pesquisado;False
35288214;DE ANGELES UNID I COLEGIO;3502804;8,0;13;Outras posições;False;600,8347008547008;39,0;1,0;141,0;0,458;Polígono;620,528275862069;29,0;609,233431372549;-19,693575007368167;Araçatuba;SP;0,7111;Araçatuba;-21,2192144;-50,4449125;16020070;VILA ESTADIO;nao_aplicavel;2100,0;Média (R$ 1.800-2.999);Não pesquisado ainda;nao_pesquisado;False
35117134;COLEGIO ADVENTISTA PRESIDENTE PRUDENTE;3541406;8,0;13;Outras posições;False;580,6242592592592;36,0;5,0;118,0;0,458;Polígono;588,4113725490197;17,0;583,1220125786164;-7,787113289760441;Presidente Prudente;SP;0,7561;Presidente Prudente;-22,1204966;-51,4050404;19060080;VILA SANTA HELENA;nao_aplicavel;2300,0;Média (R$ 1.800-2.999);Não pesquisado ainda;nao_pesquisado;False
41126289;COLEGIO PASSIONISTA NOSSA SENHORA DO ROSARIO;4105805;2,0;3;Desafiante (2º-5º local);False;580,5945614035088;38,0;5,0;150,0;0,458;Polígono;592,5537984496124;43,0;586,9432921810699;-11,959237046103569;Colombo;PR;0,2723;Colombo;-25,29107949;-49,22212044;83414240;CENTRO;nao_aplicavel;3000,0;Média-Alta (R$ 3.000-4.999);Não pesquisado ainda;nao_pesquisado;False
15539830;CENTRO EDUCACIONAL JOAO PAULO II;1501709;2,0;4;Desafiante (2º-5º local);False;584,2392;50,0;4,0;128,0;0,457;Polígono;578,75;36,0;581,9413953488372;5,489199999999983;Bragança;PA;0,1194;Bragança;-1,0563518;-46,7644286;68600000;;nao_aplicavel;1212,0;Baixa (< R$ 1.800);Não pesquisado ainda;nao_pesquisado;False
12026530;ESCOLA DE EDUCACAO BASICA E PROFISSIONAL FUNDACAO BRADESCO;1200401;6,0;10;Outras posições;False;579,7952777777778;72,0;4,0;236,0;0,457;Polígono;574,403615819209;59,0;577,3669720101781;5,391661958568761;Rio Branco;AC;0,6009;Rio Branco;-9,9781122;-67,8425764;69915266;NOVA ESPERANCA;nao_aplicavel;1300,0;Baixa (< R$ 1.800);Não pesquisado ainda;nao_pesquisado;False
42068673;COLEGIO DE APLICACAO UNIVALI;4208203;7,0;10;Outras posições;False;580,4978877887788;101,0;5,0;607,0;0,457;Polígono;593,837794117647;136,0;588,1528551336146;-13,33990632886821;Itajaí;SC;0,7459;Itajaí;-26,91409;-48,66115;88302901;CENTRO;nao_aplicavel;5000,0;Alta (≥ R$ 5.000);Não pesquisado ainda;nao_pesquisado;False
33171793;COLEGIO-CURSO CELULA 1;3302007;1,0;4;Líder local;False;601,8577142857143;35,0;0,0;147,0;0,456;Polígono;617,14;21,0;607,5885714285714;-15,28228571428565;Itaguaí;RJ;0,2395;Itaguaí;-22,87105222;-43,77589667;23810510;CENTRO;nao_aplicavel;1500,0;Baixa (< R$ 1.800);Não pesquisado ainda;nao_pesquisado;False
35141689;COLEGIO PARALELO;3550308;224,0;516;Outras posições;False;601,0264912280702;38,0;2,0;107,0;0,456;Polígono;585,6765517241379;29,0;594,382487562189;15,34993950393232;São Paulo;SP;0,8116;Santo Amaro;-23,6475288;-46,7046831;4750030;SANTO AMARO;distrito;7500,0;Alta (≥ R$ 5.000);Não pesquisado ainda;nao_pesquisado;False
35136888;OBJETIVO CENTRO EDUCACIONAL DE PRAIA GRANDE;3541000;2,0;15;Desafiante (2º-5º local);False;587,1274074074074;45,0;4,0;168,0;0,456;Polígono;611,5895098039216;68,0;601,84796460177;-24,462102396514183;Praia Grande;SP;0,4916;Praia Grande;-24,019589;-46,4603358;11703260;TUPI;nao_aplicavel;3000,0;Média-Alta (R$ 3.000-4.999);Não pesquisado ainda;nao_pesquisado;False
42144329;SOCIEDADE EDUC BALNEARIO CAMBORIU;4202008;3,0;5;Desafiante (2º-5º local);False;603,4447407407407;45,0;1,0;202,0;0,456;Polígono;589,782962962963;45,0;596,6138518518518;13,66177777777773;Balneário Camboriú;SC;0,7758;Balneário Camboriú;-26,9923471;-48,6371635;88330537;CENTRO;nao_aplicavel;5000,0;Alta (≥ R$ 5.000);Não pesquisado ainda;nao_pesquisado;False
43167837;COLEGIO ADVENTISTA DE VIAMAO - EDUC INF ENS FUND E MEDIO;4323002;4,0;6;Desafiante (2º-5º local);False;583,9306666666666;40,0;4,0;202,0;0,456;Polígono;595,7108974358974;52,0;590,5890579710144;-11,780230769230798;Viamão;RS;0,2701;Viamão;-30,082;-51,02381;94410130;CENTRO;nao_aplicavel;2500,0;Média (R$ 1.800-2.999);Não pesquisado ainda;nao_pesquisado;False
35153285;COMUNIDADE COLEGIO DA;3550308;226,0;516;Outras posições;False;596,3206451612903;31,0;3,0;140,0;0,455;Polígono;599,660634920635;21,0;597,6694871794872;-3,339989759344689;São Paulo;SP;0,8116;Carrão;-23,5520093;-46,5381545;3426000;VILA CARRAO;distrito;3500,0;Média-Alta (R$ 3.000-4.999);Não pesquisado ainda;nao_pesquisado;False
33200491;NDV EDUCACAO LTDA;3304557;173,0;344;Outras posições;False;586,829111111111;30,0;4,0;133,0;0,454;Polígono;589,8857142857142;28,0;588,3047126436782;-3,0566031746031967;Rio de Janeiro;RJ;0,8408;Rio de Janeiro;;;20720350;MÉIER;bairro;4500,0;Média-Alta (R$ 3.000-4.999);Não pesquisado ainda;nao_pesquisado;False
35125398;REDE DECISAO UNIDADE SAUDE;3550308;227,0;516;Outras posições;False;601,6008510638297;47,0;0,0;185,0;0,454;Polígono;608,5640909090909;44,0;604,9676923076922;-6,963239845261114;São Paulo;SP;0,8116;Saúde;-23,6140867;-46,6405146;4053040;SAUDE;distrito;6000,0;Alta (≥ R$ 5.000);Não pesquisado ainda;nao_pesquisado;False
35112252;COLEGIO ADVENTISTA UNASP UNIDADE HORTOLANDIA;3519071;3,0;7;Desafiante (2º-5º local);False;579,789536423841;151,0;5,0;797,0;0,453;Polígono;571,8913066666667;125,0;576,2124396135265;7,898229757174363;Hortolândia;SP;0,4414;Hortolândia;-22,876463;-47,2278262;13184010;PARQUE ORTOLANDIA;nao_aplicavel;2200,0;Média (R$ 1.800-2.999);Não pesquisado ainda;nao_pesquisado;False
41072103;SAGRADA FAMILIA COLEGIO ENS EDUC INF E ENS FUND E MEDIO;4104808;11,0;15;Outras posições;False;576,7032183908046;29,0;5,0;109,0;0,452;Polígono;603,98;16,0;586,4016296296296;-27,276781609195385;Cascavel;PR;0,7121;Cascavel;-24,9412205;-53,43578171;85813020;SÃO CRISTÓVÃO;nao_aplicavel;2336,0;Média (R$ 1.800-2.999);Não pesquisado ainda;nao_pesquisado;False
41026241;SAO JOSE- COLEGIO;4101408;4,0;6;Desafiante (2º-5º local);False;579,0690034364261;97,0;4,0;341,0;0,452;Polígono;587,8953650793651;105,0;583,6569636963696;-8,826361642938991;Apucarana;PR;0,4026;Apucarana;-23,55472464;-51,4488685;86808070;VILA FELIZ;nao_aplicavel;2000,0;Média (R$ 1.800-2.999);Não pesquisado ainda;nao_pesquisado;False
41131584;NOSSA SRA DA ASSUNCAO COL ED INF EF EM;4106902;48,0;69;Outras posições;False;586,4637254901961;34,0;4,0;144,0;0,452;Polígono;595,6879069767441;43,0;591,6148917748917;-9,224181486547993;Curitiba;PR;0,8491;Curitiba;-25,4607131;-49,24077001;81520260;GUABIROTUBA;nao_aplicavel;4500,0;Média-Alta (R$ 3.000-4.999);Não pesquisado ainda;nao_pesquisado;False
22136800;ESCOLA SAO JOSE DE RIBAMAR;2211001;39,0;52;Outras posições;False;595,7374545454546;55,0;3,0;144,0;0,451;Polígono;569,3715789473684;38,0;584,9643010752688;26,365875598086177;Teresina;PI;0,7817;Teresina;-5,142387;-42,78525;64025010;PARQUE PIAUÍ;nao_aplicavel;1212,0;Baixa (< R$ 1.800);Não pesquisado ainda;nao_pesquisado;False
51162806;ESCOLA NOVA DINAMICA DE EDUCACAO BASICA;5107925;4,0;5;Desafiante (2º-5º local);False;583,273023255814;43,0;4,0;182,0;0,451;Polígono;596,8321052631578;38,0;589,6340740740741;-13,559082007343818;Sorriso;MT;0,5055;Sorriso;-12,55068223;-55,71688816;78896067;CENTRO-SUL;nao_aplicavel;2800,0;Média (R$ 1.800-2.999);Não pesquisado ainda;nao_pesquisado;False
23187867;JIM WILLSON COLEGIO;2304400;61,0;117;Outras posições;False;583,2340136054422;98,0;4,0;363,0;0,451;Polígono;588,611914893617;94,0;585,8669444444445;-5,377901288174826;Fortaleza;CE;0,8208;Fortaleza;-3,7827419;-38,5809887;60730125;VILA PERI;nao_aplicavel;1212,0;Baixa (< R$ 1.800);Não pesquisado ainda;nao_pesquisado;False
42114012;COLEGIO UNIFICADO;4202008;4,0;5;Desafiante (2º-5º local);False;596,553696969697;55,0;2,0;234,0;0,45;Polígono;567,1088888888889;33,0;585,5118939393939;29,444808080808;Balneário Camboriú;SC;0,7758;Balneário Camboriú;-26,99289;-48,63406;88330484;CENTRO;nao_aplicavel;5000,0;Alta (≥ R$ 5.000);Não pesquisado ainda;nao_pesquisado;False
35140612;PILARES COLEGIO;3545803;3,0;5;Desafiante (2º-5º local);False;591,73;26,0;3,0;114,0;0,45;Polígono;570,91;22,0;582,1875;20,82000000000005;Santa Bárbara d'Oeste;SP;0,3938;Santa Bárbara d'Oeste;-22,7543658;-47,4084379;13450088;COLINA DE SANTA BARBARA;nao_aplicavel;2500,0;Média (R$ 1.800-2.999);Não pesquisado ainda;nao_pesquisado;False
41552059;INTEGRACAO CEI EF M;4119905;10,0;14;Outras posições;False;576,3741085271317;43,0;5,0;167,0;0,45;Polígono;572,683908045977;29,0;574,8877777777777;3,690200481154761;Ponta Grossa;PR;0,5848;Ponta Grossa;-25,11961333;-50,14226333;84036111;OFICINAS;nao_aplicavel;3000,0;Média-Alta (R$ 3.000-4.999);Não pesquisado ainda;nao_pesquisado;False
52046184;COLEGIO SAO JOSE;5208004;3,0;4;Desafiante (2º-5º local);False;579,2301666666667;40,0;5,0;176,0;0,449;Polígono;563,384761904762;42,0;571,1142276422764;15,845404761904774;Formosa;GO;0,2847;Formosa;-15,54555943;-47,33644335;73801300;CENTRO;nao_aplicavel;1600,0;Baixa (< R$ 1.800);Não pesquisado ainda;nao_pesquisado;False
33197350;COLEGIO E CURSO ZEROHUM MADUREIRA;3304557;174,0;344;Outras posições;False;602,4569230769231;13,0;1,0;104,0;0,449;Polígono;;;602,4569230769231;;Rio de Janeiro;RJ;0,8408;Rio de Janeiro;;;21310260;MADUREIRA;bairro;2000,0;Média (R$ 1.800-2.999);Não pesquisado ainda;nao_pesquisado;False
41150120;COLEGIO E CURSO ACESSO;4106902;49,0;69;Outras posições;False;595,265;52,0;3,0;157,0;0,449;Polígono;630,1245098039216;34,0;609,0466666666667;-34,85950980392158;Curitiba;PR;0,8491;Curitiba;-25,41021977;-49,34611262;82320010;SANTA FELICIDADE;nao_aplicavel;4000,0;Média-Alta (R$ 3.000-4.999);Não pesquisado ainda;nao_pesquisado;False
51051192;CASINHA FELIZ CENTRO DE ENSINO SC;5107602;6,0;7;Outras posições;False;599,2615151515151;22,0;1,0;105,0;0,449;Polígono;620,0295652173913;23,0;609,8762962962963;-20,7680500658762;Rondonópolis;MT;0,6032;Rondonópolis;-16,46652;-54,63293;78700170;CENTRO;nao_aplicavel;2224,0;Média (R$ 1.800-2.999);Não pesquisado ainda;nao_pesquisado;False
43107435;COLEGIO ROMANO SANTA MARTA;4314902;47,0;61;Outras posições;False;582,8440579710145;46,0;4,0;123,0;0,448;Polígono;590,4991869918699;41,0;586,4516475095786;-7,655129020855384;Porto Alegre;RS;0,9276;Porto Alegre;-30,05019;-51,21737;90130001;MENINO DEUS;nao_aplicavel;5800,0;Alta (≥ R$ 5.000);Não pesquisado ainda;nao_pesquisado;False
52109216;FRACTAL PASSEIO DAS AGUAS;5208707;43,0;68;Outras posições;False;592,0649999999999;28,0;3,0;139,0;0,448;Polígono;633,8990476190477;21,0;609,9938775510204;-41,83404761904774;Goiânia;GO;0,9482;Goiânia;;;74593841;FAZENDA CRIMEIA CAVEIRAS;nao_aplicavel;2500,0;Média (R$ 1.800-2.999);Não pesquisado ainda;nao_pesquisado;False
43107397;ESC DE EDUC BASICA DON LUIS GUANELLA;4314902;48,0;61;Outras posições;False;582,5481081081081;37,0;4,0;157,0;0,447;Polígono;548,7454761904762;28,0;567,9869743589744;33,80263191763186;Porto Alegre;RS;0,9276;Porto Alegre;-30,02388985;-51,14640312;91370020;VILA IPIRANGA;nao_aplicavel;4000,0;Média-Alta (R$ 3.000-4.999);Não pesquisado ainda;nao_pesquisado;False
35150988;UNICOLEGIO ARACATUBA;3502804;9,0;13;Outras posições;False;589,0766153846155;65,0;4,0;193,0;0,447;Polígono;579,778954248366;51,0;584,9888505747126;9,29766113624953;Araçatuba;SP;0,7111;Araçatuba;-21,2001869;-50,4550629;16072165;VILA INDUSTRIAL;nao_aplicavel;2100,0;Média (R$ 1.800-2.999);Não pesquisado ainda;nao_pesquisado;False
41602919;COLEGIO E CURSO ACESSO;4106902;50,0;69;Outras posições;False;585,7824444444445;60,0;4,0;193,0;0,447;Polígono;;;585,7824444444445;;Curitiba;PR;0,8491;Curitiba;-25,49520072;-49,24133755;81650000;BOQUEIRAO;nao_aplicavel;3000,0;Média-Alta (R$ 3.000-4.999);Não pesquisado ainda;nao_pesquisado;False
35567516;SILVIO GONZALEZ COLEGIO;3550308;231,0;516;Outras posições;False;596,0747368421053;57,0;2,0;174,0;0,447;Polígono;615,7168;50,0;605,2532710280375;-19,642063157894768;São Paulo;SP;0,8116;Limão;-23,4996283;-46,6748132;2720000;LIMAO;distrito;3000,0;Média-Alta (R$ 3.000-4.999);Não pesquisado ainda;nao_pesquisado;False
42113601;COLEGIO UNESC;4204608;8,0;11;Outras posições;False;575,9576344086022;31,0;5,0;151,0;0,447;Polígono;566,0539784946236;31,0;571,0058064516129;9,903655913978582;Criciúma;SC;0,6209;Criciúma;-28,704055;-49,40893333;88806000;UNIVERSITÁRIO;nao_aplicavel;2400,0;Média (R$ 1.800-2.999);Não pesquisado ainda;nao_pesquisado;False
50005618;COLEGIO ADVENTISTA JARDIM DOS ESTADOS;5002704;25,0;31;Outras posições;False;581,3733333333333;42,0;4,0;166,0;0,446;Polígono;570,58;28,0;577,0559999999999;10,793333333333294;Campo Grande;MS;0,789;Campo Grande;-20,4581754;-54,6011712;79020010;JARDIM DOS ESTADOS;nao_aplicavel;10000,0;Alta (≥ R$ 5.000);Não pesquisado ainda;nao_pesquisado;False
35288822;CAMINHAR INSTITUTO EDUCACIONAL;3524402;5,0;12;Desafiante (2º-5º local);False;595,04125;48,0;3,0;192,0;0,446;Polígono;603,9668571428572;35,0;598,8050602409638;-8,925607142857189;Jacareí;SP;0,5667;Jacareí;-23,3136373;-45,9749485;12320410;CIDADE JARDIM;nao_aplicavel;2400,0;Média (R$ 1.800-2.999);Não pesquisado ainda;nao_pesquisado;False
35135616;ADVENTISTA DE JACAREI ESCOLA DE EFM;3524402;5,0;12;Desafiante (2º-5º local);False;582,1349425287357;29,0;5,0;151,0;0,446;Polígono;592,4012345679013;27,0;587,0847619047619;-10,266292039165592;Jacareí;SP;0,5667;Jacareí;-23,3152725;-45,9836482;12322050;JARDIM AMERICA;nao_aplicavel;2400,0;Média (R$ 1.800-2.999);Não pesquisado ainda;nao_pesquisado;False
25020684;COLEGIO CRISTO REI;2510808;5,0;6;Desafiante (2º-5º local);False;582,358202247191;89,0;4,0;250,0;0,446;Polígono;599,54;41,0;587,7770769230768;-17,18179775280896;Patos;PB;0,3748;Patos;-7,02702718;-37,27385287;58700450;CENTRO;nao_aplicavel;1300,0;Baixa (< R$ 1.800);Não pesquisado ainda;nao_pesquisado;False
35257312;SAO FRANCISCO COLEGIO INTEGRADO;3530706;6,0;9;Outras posições;False;591,9025396825397;21,0;3,0;130,0;0,446;Polígono;576,86;22,0;584,2063565891473;15,042539682539656;Mogi Guaçu;SP;0,596;Mogi Guaçu;-22,3719682;-46,9498889;13845005;LOTEAMENTO PARQUE REAL GUACU;nao_aplicavel;2300,0;Média (R$ 1.800-2.999);Não pesquisado ainda;nao_pesquisado;False
35569409;POLITECNICO DE SOROCABA COLEGIO FUA;3552205;18,0;27;Outras posições;False;591,8505673758865;94,0;3,0;371,0;0,446;Polígono;615,4039007092199;94,0;603,6272340425531;-23,5533333333334;Sorocaba;SP;0,7667;Sorocaba;-23,5058739;-47,4722667;18040420;VILA LEAO;nao_aplicavel;2500,0;Média (R$ 1.800-2.999);Não pesquisado ainda;nao_pesquisado;False
35118072;GUTENBERG COLEGIO;3530607;14,0;24;Outras posições;False;585,6819259259258;45,0;4,0;141,0;0,446;Polígono;580,119375;32,0;583,3702164502164;5,562550925925848;Mogi das Cruzes;SP;0,7296;Mogi das Cruzes;-23,527536;-46,2018085;8730120;CENTRO;nao_aplicavel;2700,0;Média (R$ 1.800-2.999);Não pesquisado ainda;nao_pesquisado;False
35139221;REDE DECISAO UNIDADE JARDIM PRUDENCIA;3550308;232,0;516;Outras posições;False;603,1155555555556;45,0;0,0;180,0;0,446;Polígono;616,3892063492063;42,0;609,5235249042146;-13,273650793650743;São Paulo;SP;0,8116;Cidade Ademar;-23,6608646;-46,6694839;4655001;JARDIM ALZIRA;distrito;2000,0;Média (R$ 1.800-2.999);Não pesquisado ainda;nao_pesquisado;False
33049424;COLEGIO ADVENTISTA DE DUQUE DE CAXIAS;3301702;7,0;22;Outras posições;False;581,6532098765432;54,0;5,0;204,0;0,444;Polígono;574,8043055555555;48,0;578,4301960784314;6,848904320987685;Duque de Caxias;RJ;0,3882;Duque de Caxias;-22,79321;-43,29778;25075142;JARDIM VINTE E CINCO DE AGOSTO;nao_aplicavel;1500,0;Baixa (< R$ 1.800);Não pesquisado ainda;nao_pesquisado;False
41157990;COLEGIO E CURSO ACESSO;4119152;2,0;4;Desafiante (2º-5º local);False;585,2944827586207;29,0;4,0;132,0;0,444;Polígono;604,6935000000001;40,0;596,5402898550725;-19,3990172413794;Pinhais;PR;0,4513;Pinhais;-25,41789848;-49,18215806;83324480;EMILIANO PERNETA;nao_aplicavel;2523,0;Média (R$ 1.800-2.999);Não pesquisado ainda;nao_pesquisado;False
35185243;COLEGIO FAAT ENSINO FUNDAMENTAL E MEDIO;3504107;7,0;11;Outras posições;False;594,7174074074074;72,0;3,0;292,0;0,444;Polígono;612,362909090909;55,0;602,3591601049869;-17,645501683501607;Atibaia;SP;0,7617;Atibaia;-23,1169112;-46,5478489;12940580;CENTRO;nao_aplicavel;3500,0;Média-Alta (R$ 3.000-4.999);Não pesquisado ainda;nao_pesquisado;False
35107906;A EINSTEIN COLEGIO;3550308;234,0;516;Outras posições;False;592,403;60,0;2,0;228,0;0,443;Polígono;586,4875862068965;29,0;590,4755056179775;5,915413793103539;São Paulo;SP;0,8116;Cidade Dutra;-23,70738683;-46,70033134;4810110;CIDADE DUTRA;distrito;2000,0;Média (R$ 1.800-2.999);Não pesquisado ainda;nao_pesquisado;False
51059282;COLEGIO ADVENTISTA VARZEA GRANDE;5108402;3,0;6;Desafiante (2º-5º local);False;578,3952631578948;38,0;5,0;160,0;0,443;Polígono;580,595;52,0;579,6662222222222;-2,199736842105267;Várzea Grande;MT;0,3395;Várzea Grande;-15,6453125;-56,1304663;78110540;CENTRO-NORTE;nao_aplicavel;3000,0;Média-Alta (R$ 3.000-4.999);Não pesquisado ainda;nao_pesquisado;False
35115022;ADVENTISTA DE RIBEIRO PRETO COLEGIO;3543402;23,0;38;Outras posições;False;591,4468181818182;44,0;3,0;167,0;0,443;Polígono;605,178125;32,0;597,2284210526316;-13,731306818181793;Ribeirão Preto;SP;0,9014;Ribeirão Preto;-21,15143;-47,79518;14080640;CAMPOS ELISEOS;nao_aplicavel;2500,0;Média (R$ 1.800-2.999);Não pesquisado ainda;nao_pesquisado;False
31213845;CENTRO EDUCACIONAL IMPAR;3143302;12,0;13;Outras posições;False;578,3361728395062;54,0;5,0;194,0;0,443;Polígono;609,2794117647059;34,0;590,2915151515152;-30,943238925199694;Montes Claros;MG;0,7005;Montes Claros;-16,72687;-43,86856;39400094;CENTRO;nao_aplicavel;1500,0;Baixa (< R$ 1.800);Não pesquisado ainda;nao_pesquisado;False
35810356;MONTESSO COLEGIO;3552205;19,0;27;Outras posições;False;599,6293617021277;47,0;0,0;181,0;0,442;Polígono;603,8060869565218;46,0;601,6952688172044;-4,176725254394114;Sorocaba;SP;0,7667;Sorocaba;-23,50954;-47,47645;18044160;VILA JARDINI;nao_aplicavel;2500,0;Média (R$ 1.800-2.999);Não pesquisado ainda;nao_pesquisado;False
35170112;CONQUISTA COLEGIO;3520509;8,0;12;Outras posições;False;585,0257142857143;70,0;4,0;350,0;0,442;Polígono;586,4329577464788;71,0;585,7343262411347;-1,4072434607644482;Indaiatuba;SP;0,794;Indaiatuba;-23,075958;-47,2065348;13333300;JARDIM DOM BOSCO;nao_aplicavel;3000,0;Média-Alta (R$ 3.000-4.999);Não pesquisado ainda;nao_pesquisado;False
35358472;LICEUTECPROFESSOR ROBERTO PACHECO DE OLIVEIRA;3505500;5,0;7;Desafiante (2º-5º local);False;599,6029032258064;62,0;0,0;270,0;0,442;Polígono;618,4272340425531;47,0;607,7198165137614;-18,824330816746738;Barretos;SP;0,548;Barretos;-20,5403322;-48,5550289;14781335;GONCALVES;nao_aplicavel;2400,0;Média (R$ 1.800-2.999);Não pesquisado ainda;nao_pesquisado;False
15174433;SISTEMA DE ENSINO ROSANA BASTOS;1501402;32,0;65;Outras posições;False;581,5970877192983;95,0;4,0;280,0;0,442;Polígono;611,7279674796747;123,0;598,5975382262997;-30,130879760376388;Belém;PA;0,6935;Belém;-1,45143742;-48,47523456;66060281;SÃO BRÁS;nao_aplicavel;5000,0;Alta (≥ R$ 5.000);Não pesquisado ainda;nao_pesquisado;False
31383546;COLEGIO MAIS POSITIVO - UNIDADE II;3170206;19,0;21;Outras posições;False;591,1547222222222;72,0;3,0;228,0;0,442;Polígono;608,3524137931034;58,0;598,8275384615384;-17,19769157088126;Uberlândia;MG;0,8643;Uberlândia;;;38400456;MARTINS;nao_aplicavel;2800,0;Média (R$ 1.800-2.999);Não pesquisado ainda;nao_pesquisado;False
35127231;LA SALLE SAO PAULO COLEGIO;3550308;236,0;516;Outras posições;False;587,4759722222221;48,0;3,0;201,0;0,442;Polígono;611,545988700565;59,0;600,7482242990654;-24,07001647834284;São Paulo;SP;0,8116;Vila Matilde;-23,5308155;-46,5157372;3542100;VILA GUILHERMINA;distrito;3000,0;Média-Alta (R$ 3.000-4.999);Não pesquisado ainda;nao_pesquisado;False
35164948;ESCOLA QUARUP EDUCACAO BASICA LTDA;3551702;2,0;6;Desafiante (2º-5º local);False;598,5646153846154;26,0;2,0;110,0;0,442;Polígono;595,9058823529411;34,0;597,0579999999999;2,6587330316742737;Sertãozinho;SP;0,3984;Sertãozinho;-21,1445608;-47,9844264;14170690;JARDIM SAO JOSE;nao_aplicavel;2500,0;Média (R$ 1.800-2.999);Não pesquisado ainda;nao_pesquisado;False
31261564;COLEGIO ADVENTISTA DE IPATINGA;3131307;8,0;8;Outras posições;False;583,938947368421;38,0;4,0;135,0;0,442;Polígono;581,7647058823529;34,0;582,9122222222222;2,1742414860681265;Ipatinga;MG;0,7737;Ipatinga;-19,4750764;-42,5295368;35160020;CENTRO;nao_aplicavel;1500,0;Baixa (< R$ 1.800);Não pesquisado ainda;nao_pesquisado;False
15547205;COLEGIO JOAO XXIII;1502400;9,0;11;Outras posições;False;589,9854166666667;48,0;3,0;167,0;0,442;Polígono;564,9845925925927;45,0;577,8882437275986;25,00082407407399;Castanhal;PA;0,4048;Castanhal;-1,294885;-47,92086;68745010;IANETAMA;nao_aplicavel;1212,0;Baixa (< R$ 1.800);Não pesquisado ainda;nao_pesquisado;False
35809512;VIVENDO E APRENDENDO COLEGIO;3534401;15,0;31;Outras posições;False;591,0188235294117;51,0;3,0;119,0;0,441;Polígono;599,3919999999999;30,0;594,12;-8,373176470588191;Osasco;SP;0,6495;Osasco;-23,5147026;-46,7687722;6283150;AYROSA;nao_aplicavel;2200,0;Média (R$ 1.800-2.999);Não pesquisado ainda;nao_pesquisado;False
35135136;ADVENTISTA DE DIADEMA COLEGIO;3513801;5,0;14;Desafiante (2º-5º local);False;595,1786419753087;108,0;2,0;379,0;0,441;Polígono;578,497610062893;106,0;586,9160747663552;16,68103191241562;Diadema;SP;0,495;Diadema;-23,6886205;-46,6238276;9910720;CENTRO;nao_aplicavel;3000,0;Média-Alta (R$ 3.000-4.999);Não pesquisado ainda;nao_pesquisado;False
35806122;DESAFIO CENTRO EDUCACIONAL;3513009;6,0;17;Outras posições;False;580,9295238095239;84,0;5,0;313,0;0,44;Polígono;577,9472727272728;77,0;579,5032298136646;2,982251082251082;Cotia;SP;0,7085;Cotia;-23,60383;-46,91481;6717065;JARDIM NOMURA;nao_aplicavel;2500,0;Média (R$ 1.800-2.999);Não pesquisado ainda;nao_pesquisado;False
50007920;COLEGIO RAUL SANS DE MATOS;5002704;26,0;31;Outras posições;False;590,7515384615384;52,0;3,0;159,0;0,44;Polígono;589,4761904761905;35,0;590,2384674329502;1,2753479853479348;Campo Grande;MS;0,789;Campo Grande;-20,47839382;-54,61322925;79004423;CENTRO;nao_aplicavel;6000,0;Alta (≥ R$ 5.000);Não pesquisado ainda;nao_pesquisado;False
26107503;EDUCANDARIO SAO JUDAS TADEU;2603454;4,0;8;Desafiante (2º-5º local);False;580,9661538461538;39,0;4,0;111,0;0,439;Polígono;604,103888888889;48,0;593,7318007662835;-23,13773504273513;Camaragibe;PE;0,3241;Camaragibe;-8,022227;-34,98545;54762590;BAIRRO NOVO DO CARMELO;nao_aplicavel;1212,0;Baixa (< R$ 1.800);Não pesquisado ainda;nao_pesquisado;False
35161937;BRAZILIAN INTERNATIONAL SCHOOL;3550308;239,0;516;Outras posições;False;590,5698245614035;19,0;3,0;107,0;0,439;Polígono;617,0070588235294;17,0;603,0540740740739;-26,437234262125912;São Paulo;SP;0,8116;Moema;-23,608944;-46,6621463;4082003;INDIANOPOLIS;distrito;10001,0;Alta (≥ R$ 5.000);Não pesquisado ainda;nao_pesquisado;False
35106811;COLEGIO SAO JOSE SION IPIRANGA;3550308;240,0;516;Outras posições;False;594,9073631840796;67,0;2,0;197,0;0,439;Polígono;587,8837878787879;44,0;592,1232432432432;7,023575305291729;São Paulo;SP;0,8116;Ipiranga;-23,5874248;-46,6038088;4206001;IPIRANGA;distrito;3900,0;Média-Alta (R$ 3.000-4.999);Não pesquisado ainda;nao_pesquisado;False
50029266;COLEGIO CBA ABC;5002704;27,0;31;Outras posições;False;584,5682051282051;39,0;4,0;141,0;0,439;Polígono;590,4348148148148;27,0;586,9681818181818;-5,8666096866096495;Campo Grande;MS;0,789;Campo Grande;-20,48652;-54,60794;79050210;JARDIM PAULISTA;nao_aplicavel;2500,0;Média (R$ 1.800-2.999);Não pesquisado ainda;nao_pesquisado;False
35111247;ELITE REDE DE ENSINO;3554102;12,0;15;Outras posições;False;584,5357894736842;76,0;4,0;377,0;0,438;Polígono;608,254125;80,0;596,6990384615385;-23,71833552631585;Taubaté;SP;0,7911;Taubaté;-23,0210376;-45,5545377;12020130;CENTRO;nao_aplicavel;4000,0;Média-Alta (R$ 3.000-4.999);Não pesquisado ainda;nao_pesquisado;False
35123444;COOPERATIVO COLEGIO DE EDUCACAO BASICA;3541406;9,0;13;Outras posições;False;593,5705982905984;39,0;3,0;124,0;0,438;Polígono;577,5481333333333;25,0;587,3118229166666;16,022464957265015;Presidente Prudente;SP;0,7561;Presidente Prudente;-22,0943461;-51,4277288;19026610;PARQUE RESIDENCIAL CARANDA;nao_aplicavel;2300,0;Média (R$ 1.800-2.999);Não pesquisado ainda;nao_pesquisado;False
33171670;COLEGIO E CURSO FATOR;3305109;2,0;10;Desafiante (2º-5º local);False;600,3817021276595;47,0;1,0;152,0;0,436;Polígono;616,4786046511629;43,0;608,0724444444445;-16,09690252350333;São João de Meriti;RJ;0,2881;São João de Meriti;-22,80257;-43,36809;25515270;CENTRO;nao_aplicavel;1500,0;Baixa (< R$ 1.800);Não pesquisado ainda;nao_pesquisado;False
33040117;COL DE APLICACAO DA UCP;3303906;14,0;19;Outras posições;False;577,258918918919;37,0;5,0;158,0;0,436;Polígono;580,886511627907;43,0;579,20875;-3,627592708988004;Petrópolis;RJ;0,8097;Petrópolis;-22,50726;-43,16744;25610130;CENTRO;nao_aplicavel;1900,0;Média (R$ 1.800-2.999);Não pesquisado ainda;nao_pesquisado;False
35151048;ADVENTISTA DE SAO BERNARDO DO CAMPO COLEGIO;3548708;18,0;33;Outras posições;False;590,0286111111111;72,0;3,0;279,0;0,436;Polígono;582,476857142857;70,0;586,3059154929578;7,551753968254047;São Bernardo do Campo;SP;0,8204;São Bernardo do Campo;-23,7150425;-46,5415878;9780120;SANTA TEREZINHA;nao_aplicavel;3500,0;Média-Alta (R$ 3.000-4.999);Não pesquisado ainda;nao_pesquisado;False
33075620;SANTA MONICA REDE DE ENSINO - BENTO RIBEIRO;3304557;178,0;344;Outras posições;False;573,7511111111112;18,0;5,0;152,0;0,436;Polígono;580,5928571428572;42,0;578,5403333333333;-6,84174603174597;Rio de Janeiro;RJ;0,8408;Rio de Janeiro;-22,86765;-43,36518;21331250;BENTO RIBEIRO;bairro;2001,0;Média (R$ 1.800-2.999);Não pesquisado ainda;nao_pesquisado;False
33173923;COLEGIO E CURSO ICONE;3304557;179,0;344;Outras posições;False;596,1901123595505;89,0;1,0;101,0;0,436;Polígono;;;596,1901123595505;;Rio de Janeiro;RJ;0,8408;Rio de Janeiro;-23,01253416;-43,45127218;22720410;TAQUARA;bairro;3000,0;Média-Alta (R$ 3.000-4.999);Não pesquisado ainda;nao_pesquisado;False
15570533;CENTRO DE ENSINO PLENO IDEAL;1500800;8,0;22;Outras posições;False;590,0720579710145;115,0;2,0;355,0;0,435;Polígono;608,8677884615385;104,0;598,9978843226789;-18,795730490523965;Ananindeua;PA;0,4631;Ananindeua;-1,366178258;-48,40616715;67133810;CIDADE NOVA;nao_aplicavel;1300,0;Baixa (< R$ 1.800);Não pesquisado ainda;nao_pesquisado;False
33055378;COLEGIO E CURSO PIO XII;3303302;29,0;42;Outras posições;False;583,797;20,0;4,0;113,0;0,435;Polígono;578,765;24,0;581,0522727272728;5,032000000000039;Niterói;RJ;0,9692;Niterói;-22,8887955;-43,11672516;24030150;CENTRO;nao_aplicavel;3500,0;Média-Alta (R$ 3.000-4.999);Não pesquisado ainda;nao_pesquisado;False
41158253;ESCOLA BILINGUE COC ARAUCARIA EIRELI ME;4101804;3,0;5;Desafiante (2º-5º local);False;586,5866666666667;70,0;4,0;307,0;0,434;Polígono;595,2556790123457;108,0;591,8465168539326;-8,669012345678993;Araucária;PR;0,2685;Araucária;-25,58890037;-49,40419309;83702600;CENTRO;nao_aplicavel;3000,0;Média-Alta (R$ 3.000-4.999);Não pesquisado ainda;nao_pesquisado;False
29448808;ESCOLA GENESIS DE STELLA MARIS;2927408;46,0;90;Outras posições;False;570,1899999999999;28,0;5,0;103,0;0,433;Polígono;606,8544;25,0;587,4845283018868;-36,664400000000114;Salvador;BA;0,7909;Salvador;-12,93754;-38,33302;41600610;STELLA MARIS;nao_aplicavel;5001,0;Alta (≥ R$ 5.000);Não pesquisado ainda;nao_pesquisado;False
33107297;CENTRO EDUCACIONAL SOUZA AMORIM E JARDIM ESCOLA GENTE SABIDA;3304557;180,0;344;Outras posições;False;583,5695061728395;54,0;4,0;203,0;0,433;Polígono;588,1889361702127;47,0;585,7191419141914;-4,619429997373231;Rio de Janeiro;RJ;0,8408;Rio de Janeiro;-22,84302;-43,30303;21221250;VILA DA PENHA;bairro;3500,0;Média-Alta (R$ 3.000-4.999);Não pesquisado ainda;nao_pesquisado;False
41128702;COLEGIO ADVENTISTA BOA VISTA EIEFM;4106902;52,0;69;Outras posições;False;583,4765432098766;54,0;4,0;218,0;0,433;Polígono;598,8831034482758;58,0;591,4549404761905;-15,406560238399264;Curitiba;PR;0,8491;Curitiba;;;82640350;SANTA CÂNDIDA;nao_aplicavel;2800,0;Média (R$ 1.800-2.999);Não pesquisado ainda;nao_pesquisado;False
35370836;SAMARAH INSTITUTO EDUCACIONAL;3513009;7,0;17;Outras posições;False;599,8729078014184;47,0;1,0;157,0;0,432;Polígono;613,6023076923077;26,0;604,7628310502282;-13,72939989088934;Cotia;SP;0,7085;Cotia;-23,5855;-46,88898;6705370;JARDIM PIONEIRA;nao_aplicavel;2500,0;Média (R$ 1.800-2.999);Não pesquisado ainda;nao_pesquisado;False
35141948;FAAP COLEGIO EM;3550308;245,0;516;Outras posições;False;576,6123809523809;14,0;5,0;104,0;0,432;Polígono;581,9266666666666;8,0;578,5448484848484;-5,314285714285688;São Paulo;SP;0,8116;Consolação;-23,5452492;-46,6633516;1242001;HIGIENOPOLIS;distrito;7500,0;Alta (≥ R$ 5.000);Não pesquisado ainda;nao_pesquisado;False
33067856;COL MV1 ANDERSON;3304557;181,0;344;Outras posições;False;576,5374193548387;31,0;5,0;116,0;0,432;Polígono;599,1011428571429;35,0;588,5030303030303;-22,56372350230424;Rio de Janeiro;RJ;0,8408;Rio de Janeiro;-22,92409;-43,2396;20540003;TIJUCA;bairro;5500,0;Alta (≥ R$ 5.000);Não pesquisado ainda;nao_pesquisado;False
31332780;COLEGIO INTER ACAO UNIDADE II;3106200;99,0;110;Outras posições;False;582,2052631578947;19,0;4,0;109,0;0,431;Polígono;582,8834782608695;23,0;582,5766666666667;-0,678215102974832;Belo Horizonte;MG;0,9738;Belo Horizonte;-19,87269;-44,00448;31360000;SANTA TEREZINHA;nao_aplicavel;2000,0;Média (R$ 1.800-2.999);Não pesquisado ainda;nao_pesquisado;False
26053993;COLEGIO ADVENTISTA DE CARUARU;2604106;8,0;13;Outras posições;False;589,0845144356956;127,0;3,0;493,0;0,431;Polígono;581,1230651340996;87,0;585,8478504672897;7,961449301595962;Caruaru;PE;0,5038;Caruaru;-8,273137;-35,97823;55014040;MAURICIO DE NASSAU;nao_aplicavel;3000,0;Média-Alta (R$ 3.000-4.999);Não pesquisado ainda;nao_pesquisado;False
53018656;CENTRO EDUCACIONAL IESB;5300108;77,0;117;Outras posições;False;578,7979487179487;78,0;4,0;230,0;0,431;Polígono;601,9813114754098;61,0;588,9719424460432;-23,18336275746117;Brasília;DF;0,9278;Brasília;-15,80984862;-48,12562023;72225310;CEILANDIA NORTE;nao_aplicavel;3000,0;Média-Alta (R$ 3.000-4.999);Não pesquisado ainda;nao_pesquisado;False
28031970;JFGG E CIA LTDA;2800308;28,0;43;Outras posições;False;583,1053333333333;30,0;4,0;111,0;0,43;Polígono;571,7284126984127;42,0;576,4687962962963;11,376920634920566;Aracaju;SE;0,864;Aracaju;-10,92992022;-37,05896238;49020490;SALGADO FILHO;nao_aplicavel;5500,0;Alta (≥ R$ 5.000);Não pesquisado ainda;nao_pesquisado;False
33182086;COLEGIO KOELER;3303906;15,0;19;Outras posições;False;588,986976744186;43,0;3,0;160,0;0,43;Polígono;609,378;10,0;592,8343396226416;-20,391023255814048;Petrópolis;RJ;0,8097;Petrópolis;;;25685060;CENTRO;nao_aplicavel;1900,0;Média (R$ 1.800-2.999);Não pesquisado ainda;nao_pesquisado;False
15097811;COLEGIO ADVENTISTA DE MARABA;1504208;6,0;9;Outras posições;False;593,4476470588236;34,0;2,0;146,0;0,43;Polígono;573,852258064516;31,0;584,1021538461538;19,59538899430754;Marabá;PA;0,5206;Marabá;;;68501430;BELO HORIZONTE;nao_aplicavel;1300,0;Baixa (< R$ 1.800);Não pesquisado ainda;nao_pesquisado;False
35152900;COLISEU COLEGIO;3518800;16,0;57;Outras posições;False;593,3813333333333;30,0;2,0;135,0;0,43;Polígono;569,3812345679012;27,0;582,012865497076;24,000098765432085;Guarulhos;SP;0,6077;Guarulhos;-23,4632652;-46,4155522;7260000;PARQUE SAO MIGUEL;nao_aplicavel;2300,0;Média (R$ 1.800-2.999);Não pesquisado ainda;nao_pesquisado;False
41165543;JOURNEY C-EF M;4106902;53,0;69;Outras posições;False;586,0986666666666;30,0;4,0;166,0;0,43;Polígono;560,0060215053765;31,0;572,8384699453552;26,092645161290196;Curitiba;PR;0,8491;Curitiba;;;81690200;XAXIM;nao_aplicavel;3000,0;Média-Alta (R$ 3.000-4.999);Não pesquisado ainda;nao_pesquisado;False
53017749;COL OBJETIVO DF - UNIDADE II;5300108;78,0;117;Outras posições;False;592,2291304347825;138,0;3,0;495,0;0,43;Polígono;588,9467272727272;110,0;590,7732258064515;3,2824031620552887;Brasília;DF;0,9278;Brasília;-15,83853228;-48,02984568;71916500;NORTE;nao_aplicavel;3000,0;Média-Alta (R$ 3.000-4.999);Não pesquisado ainda;nao_pesquisado;False
35153825;SAO LUIZ DE GONZAGA III COLEGIO;3550308;246,0;516;Outras posições;False;582,9205;80,0;4,0;224,0;0,43;Polígono;579,7448780487805;41,0;581,8444628099173;3,175621951219455;São Paulo;SP;0,8116;Jardim São Luís;-23,649521;-46,7477071;5846410;JARDIM CASABLANCA;distrito;2000,0;Média (R$ 1.800-2.999);Não pesquisado ainda;nao_pesquisado;False
26152819;GRUPO EDUC DO RECIFE ANGLO LIDER;2611606;47,0;76;Outras posições;False;582,7177272727273;44,0;4,0;179,0;0,428;Polígono;570,5780487804878;41,0;576,8621176470588;12,139678492239454;Recife;PE;0,9162;Recife;-8,052944;-34,92863;50721220;CORDEIRO;nao_aplicavel;2300,0;Média (R$ 1.800-2.999);Não pesquisado ainda;nao_pesquisado;False
35172613;COPERNICO COLEGIO;3516200;12,0;14;Outras posições;False;588,6448275862069;29,0;3,0;159,0;0,428;Polígono;604,0448484848484;33,0;596,8416129032258;-15,400020898641516;Franca;SP;0,7064;Franca;-20,5221813;-47,3996159;14403000;JARDIM VENEZA;nao_aplicavel;2000,0;Média (R$ 1.800-2.999);Não pesquisado ainda;nao_pesquisado;False
26139146;COLEGIO AVANCAR;2607901;7,0;22;Outras posições;False;572,5136;25,0;5,0;102,0;0,428;Polígono;565,9685714285714;14,0;570,1641025641026;6,545028571428588;Jaboatão dos Guararapes;PE;0,4671;Jaboatão dos Guararapes;-8,194108014;-34,92001545;54450020;CANDEIAS;nao_aplicavel;2800,0;Média (R$ 1.800-2.999);Não pesquisado ainda;nao_pesquisado;False
43029752;COLEGIO ADVENTISTA DE CACHOEIRINHA;4303103;2,0;3;Desafiante (2º-5º local);False;576,0474853801169;57,0;5,0;244,0;0,428;Polígono;574,6822222222222;42,0;575,4682828282828;1,365263157894674;Cachoeirinha;RS;0,3792;Cachoeirinha;-29,95165;-51,10538;94930070;VILA REGINA;nao_aplicavel;2000,0;Média (R$ 1.800-2.999);Não pesquisado ainda;nao_pesquisado;False
33148937;SANTA MONICA REDE DE ENSINO - FREGUESIA;3304557;183,0;344;Outras posições;False;572,505641025641;39,0;5,0;127,0;0,428;Polígono;592,0568115942029;23,0;579,758494623656;-19,55117056856193;Rio de Janeiro;RJ;0,8408;Rio de Janeiro;-22,93636;-43,33592;22743670;FREGUESIA (JACAREPAGUÁ);bairro;5000,0;Alta (≥ R$ 5.000);Não pesquisado ainda;nao_pesquisado;False
23072873;JUVENAL DE CARVALHO COLEGIO;2304400;64,0;117;Outras posições;False;573,2419753086419;27,0;5,0;114,0;0,427;Polígono;592,9814814814815;27,0;583,1117283950617;-19,739506172839583;Fortaleza;CE;0,8208;Fortaleza;-3,7511678;-38,547763;60425813;DAMAS;nao_aplicavel;2800,0;Média (R$ 1.800-2.999);Não pesquisado ainda;nao_pesquisado;False
15149536;INSTITUTO VICENTINO CATARINA LABOURE;1501402;33,0;65;Outras posições;False;568,9033333333333;44,0;5,0;159,0;0,427;Polígono;561,339111111111;30,0;565,8367567567567;7,56422222222227;Belém;PA;0,6935;Belém;-1,4148221;-48,4740086;66120000;SACRAMENTA;nao_aplicavel;1212,0;Baixa (< R$ 1.800);Não pesquisado ainda;nao_pesquisado;False
27214737;COLEGIO SANTISSIMA TRINDADE;2704302;21,0;63;Outras posições;False;588,3019607843137;34,0;3,0;109,0;0,426;Polígono;609,3325581395349;43,0;600,0463203463204;-21,030597355221172;Maceió;AL;0,6386;Maceió;-9,6176402;-35,7126705;57045365;BARRO DURO;nao_aplicavel;1800,0;Média (R$ 1.800-2.999);Não pesquisado ainda;nao_pesquisado;False
42016207;COLEGIO ADVENTISTA DE BLUMENAU;4202404;5,0;9;Desafiante (2º-5º local);False;572,08;26,0;5,0;268,0;0,426;Polígono;591,3029166666666;32,0;582,6857471264367;-19,22291666666661;Blumenau;SC;0,7541;Blumenau;-26,89776817;-49,07882475;89030001;ITOUPAVA SECA;nao_aplicavel;4000,0;Média-Alta (R$ 3.000-4.999);Não pesquisado ainda;nao_pesquisado;False
35125647;INDEPENDENTE DE AMERICANA CENTRO EDUCACIONAL;3501608;8,0;10;Outras posições;False;582,0785714285714;28,0;4,0;135,0;0,425;Polígono;592,2078888888889;30,0;587,3178735632184;-10,129317460317452;Americana;SP;0,7145;Americana;-22,73712428;-47,30978852;13478580;JARDIM NOSSA SENHORA DE FATIMA;nao_aplicavel;3000,0;Média-Alta (R$ 3.000-4.999);Não pesquisado ainda;nao_pesquisado;False
26121379;COLEGIO 2001;2611606;48,0;76;Outras posições;False;578,5319999999999;35,0;5,0;108,0;0,425;Polígono;575,8936585365853;41,0;577,1086842105262;2,6383414634145765;Recife;PE;0,9162;Recife;;;50050400;BOA VISTA;nao_aplicavel;3600,0;Média-Alta (R$ 3.000-4.999);Não pesquisado ainda;nao_pesquisado;False
26120968;COLEGIO SANTA MARIA MAZZARELLO;2611606;49,0;76;Outras posições;False;572,8176470588235;34,0;5,0;141,0;0,424;Polígono;604,808275862069;29,0;587,5434920634921;-31,9906288032455;Recife;PE;0,9162;Recife;-8,039462;-34,95746;50810000;VARZEA;nao_aplicavel;1500,0;Baixa (< R$ 1.800);Não pesquisado ainda;nao_pesquisado;False
35101941;SANTA MARINA ESCOLA;3550308;248,0;516;Outras posições;False;592,54;59,0;2,0;222,0;0,424;Polígono;606,7002777777777;36,0;597,906;-14,160277777777765;São Paulo;SP;0,8116;Carrão;-23,550397;-46,5433925;3422000;VILA CARRAO;distrito;3500,0;Média-Alta (R$ 3.000-4.999);Não pesquisado ainda;nao_pesquisado;False
23073233;LUCE COLEGIO;2304400;65,0;117;Outras posições;False;595,2375757575758;33,0;1,0;119,0;0,424;Polígono;551,8931111111111;30,0;574,5973544973544;43,34446464646464;Fortaleza;CE;0,8208;Fortaleza;-3,7713041;-38,574994;60510055;JÓQUEI CLUBE;nao_aplicavel;2000,0;Média (R$ 1.800-2.999);Não pesquisado ainda;nao_pesquisado;False
13026950;ESCOLA DE EDUCACAO BASICA E PROFISSIONAL FUNDACAO BRADESCO;1302603;22,0;49;Outras posições;False;575,0311538461539;52,0;4,0;194,0;0,424;Polígono;589,1293081761006;53,0;582,147365079365;-14,098154329946738;Manaus;AM;0,5729;Manaus;-3,079634827;-60,04738282;69040035;DOM PEDRO I;nao_aplicavel;3000,0;Média-Alta (R$ 3.000-4.999);Não pesquisado ainda;nao_pesquisado;False
42003555;ALFA REDE DE ENSINO;4216602;8,0;11;Outras posições;False;592,355;24,0;2,0;124,0;0,424;Polígono;623,2448648648649;37,0;611,0914754098361;-30,88986486486488;São José;SC;0,7122;São José;-27,59144;-48,61595;88102320;KOBRASOL;nao_aplicavel;4500,0;Média-Alta (R$ 3.000-4.999);Não pesquisado ainda;nao_pesquisado;False
24334308;CENTRO EDUCACIONAL PINHEIROS;2408102;32,0;48;Outras posições;False;572,6634782608696;46,0;5,0;107,0;0,423;Polígono;575,8127777777777;36,0;574,0460975609756;-3,149299516908058;Natal;RN;0,8531;Natal;-5,801885;-35,22226;59031800;ALECRIM;nao_aplicavel;1500,0;Baixa (< R$ 1.800);Não pesquisado ainda;nao_pesquisado;False
15563235;SISTEMA DE ENSINO UNIVERSO;1501402;34,0;65;Outras posições;False;580,0225;32,0;3,0;130,0;0,423;Polígono;599,1745098039215;51,0;591,7906024096385;-19,152009803921487;Belém;PA;0,6935;Belém;-1,45797099;-48,47000987;66063223;SAO BRAS;nao_aplicavel;5000,0;Alta (≥ R$ 5.000);Não pesquisado ainda;nao_pesquisado;False
53015991;CENTRO EDUCACIONAL PROJECAO GUARA II;5300108;79,0;117;Outras posições;False;581,3974603174603;42,0;4,0;161,0;0,422;Polígono;598,9511627906977;43,0;590,277568627451;-17,553702473237422;Brasília;DF;0,9278;Brasília;-15,8395636;-47,9658557;71070703;GUARÁ II;nao_aplicavel;3000,0;Média-Alta (R$ 3.000-4.999);Não pesquisado ainda;nao_pesquisado;False
26116987;ESCOLA VIRGEM IMACULADA;2610707;4,0;16;Desafiante (2º-5º local);False;584,4367441860464;43,0;3,0;128,0;0,422;Polígono;593,7847368421053;38,0;588,8222222222221;-9,347992656058864;Paulista;PE;0,3961;Paulista;-7,938159;-34,82846;53437090;JANGA;nao_aplicavel;2000,0;Média (R$ 1.800-2.999);Não pesquisado ainda;nao_pesquisado;False
35112641;ADVENTISTA DE CAMPINAS COLEGIO;3509502;29,0;47;Outras posições;False;591,0268;50,0;3,0;279,0;0,422;Polígono;611,6486363636363;44,0;600,6795744680852;-20,62183636363636;Campinas;SP;0,82;Campinas;-22,91455056;-47,05404955;13041620;PONTE PRETA;nao_aplicavel;3000,0;Média-Alta (R$ 3.000-4.999);Não pesquisado ainda;nao_pesquisado;False
35006275;COLEGIO PRESBITERIANO DE ATIBAIA;3504107;8,0;11;Outras posições;False;587,2705882352941;17,0;3,0;100,0;0,422;Polígono;;;587,2705882352941;;Atibaia;SP;0,7617;Atibaia;-23,22077527;-46,59385374;12948110;PORTAO;nao_aplicavel;2000,0;Média (R$ 1.800-2.999);Não pesquisado ainda;nao_pesquisado;False
35802220;CERVANTES COLEGIO;3543402;26,0;38;Outras posições;False;572,3184313725491;34,0;5,0;184,0;0,421;Polígono;571,3501960784314;51,0;571,7374901960784;0,968235294117676;Ribeirão Preto;SP;0,9014;Ribeirão Preto;-21,1626756;-47,8257065;14055240;SUMAREZINHO;nao_aplicavel;2500,0;Média (R$ 1.800-2.999);Não pesquisado ainda;nao_pesquisado;False
26055686;COLEGIO ALTERNATIVO DE CARUARU;2604106;9,0;13;Outras posições;False;567,9080851063829;47,0;5,0;147,0;0,421;Polígono;;;567,9080851063829;;Caruaru;PE;0,5038;Caruaru;-8,2795603;-35,9745256;55012080;MAURÍCIO DE NASSAU;nao_aplicavel;3000,0;Média-Alta (R$ 3.000-4.999);Não pesquisado ainda;nao_pesquisado;False
35105429;PORTO UNIAO COLEGIO;3550308;250,0;516;Outras posições;False;581,310625;32,0;4,0;152,0;0,421;Polígono;;;581,310625;;São Paulo;SP;0,8116;Butantã;-23,57545;-46,73117;5360050;VILA BUTANTA;distrito;5000,0;Alta (≥ R$ 5.000);Não pesquisado ainda;nao_pesquisado;False
35109289;GRANJA VIANA ESCOLA;3513009;8,0;17;Outras posições;False;597,928;20,0;1,0;103,0;0,421;Polígono;630,1054545454546;11,0;609,3458064516129;-32,177454545454566;Cotia;SP;0,7085;Cotia;-23,58271667;-46,83937667;6708415;VILA SANTO ANTONIO;nao_aplicavel;2500,0;Média (R$ 1.800-2.999);Não pesquisado ainda;nao_pesquisado;False
35173460;RENASCER ARTE ESCOLA;3552205;20,0;27;Outras posições;False;590,8795555555555;60,0;3,0;197,0;0,421;Polígono;594,0833333333334;45,0;592,2526031746031;-3,203777777777873;Sorocaba;SP;0,7667;Sorocaba;-23,5162862;-47,4997077;18050600;JARDIM GUARUJA;nao_aplicavel;2500,0;Média (R$ 1.800-2.999);Não pesquisado ainda;nao_pesquisado;False
33075921;COLEGIO ADVENTISTA DE JACAREPAGUA;3304557;185,0;344;Outras posições;False;581,2395348837209;43,0;4,0;142,0;0,42;Polígono;609,5653333333333;45,0;595,7243181818181;-28,32579844961242;Rio de Janeiro;RJ;0,8408;Rio de Janeiro;-22,8932772;-43,3553618;21321230;VILA VALQUEIRE;bairro;3001,0;Média-Alta (R$ 3.000-4.999);Não pesquisado ainda;nao_pesquisado;False
35005753;COLEGIO PENSE;3530706;8,0;9;Outras posições;False;590,5722666666667;25,0;3,0;115,0;0,42;Polígono;599,5909090909091;11,0;593,3279629629629;-9,018642424242444;Mogi Guaçu;SP;0,596;Mogi Guaçu;-22,37943705;-46,95195054;13845190;IMOVEL PEDREGULHAL;nao_aplicavel;2300,0;Média (R$ 1.800-2.999);Não pesquisado ainda;nao_pesquisado;False
15577708;COLEGIO DE ENSINO ICOARACIENSE - CEI;1501402;35,0;65;Outras posições;False;572,0305785123967;121,0;5,0;372,0;0,42;Polígono;577,609243697479;119,0;574,7966666666667;-5,578665185082286;Belém;PA;0,6935;Belém;;;66813000;CAMPINA DE ICOARACI;nao_aplicavel;1212,0;Baixa (< R$ 1.800);Não pesquisado ainda;nao_pesquisado;False
42158133;ACESSO EDUCACAO;4202404;6,0;9;Outras posições;False;590,8964102564103;26,0;2,0;125,0;0,42;Polígono;;;590,8964102564103;;Blumenau;SC;0,7541;Blumenau;-26,9169821;-49,06941269;89050020;PONTA AGUDA;nao_aplicavel;2600,0;Média (R$ 1.800-2.999);Não pesquisado ainda;nao_pesquisado;False
15171027;COLEGIO ADVENTISTA DE SANTAREM;1506807;5,0;6;Desafiante (2º-5º local);False;583,909375;32,0;3,0;121,0;0,42;Polígono;593,0506666666666;30,0;588,3325806451612;-9,141291666666689;Santarém;PA;0,3328;Santarém;-2,4462511;-54,7129205;68020000;AEROPORTO VELHO;nao_aplicavel;2000,0;Média (R$ 1.800-2.999);Não pesquisado ainda;nao_pesquisado;False
32079320;ESCOLA TECNICA CEDTEC;3205002;6,0;8;Outras posições;False;574,8635087719299;57,0;5,0;205,0;0,419;Polígono;580,8803278688524;61,0;577,9738983050847;-6,016819096922518;Serra;ES;0,5068;Serra;-20,19511;-40,25322;29165680;PARQUE RESIDENCIAL LARANJEIRAS;nao_aplicavel;3000,0;Média-Alta (R$ 3.000-4.999);Não pesquisado ainda;nao_pesquisado;False
15166260;COLEGIO PAULISTA DE BELEM LTDA-EPP;1501402;36,0;65;Outras posições;False;579,9380645161291;31,0;4,0;115,0;0,419;Polígono;601,518;35,0;591,3819696969698;-21,57993548387094;Belém;PA;0,6935;Belém;-1,365665;-48,44807;66635110;PARQUE VERDE;nao_aplicavel;2000,0;Média (R$ 1.800-2.999);Não pesquisado ainda;nao_pesquisado;False
35142759;CARLOS DRUMMOND DE ANDRADE COLEGIO;3550308;253,0;516;Outras posições;False;577,648992248062;43,0;4,0;201,0;0,418;Polígono;587,0739285714286;56,0;582,9802693602693;-9,424936323366635;São Paulo;SP;0,8116;Tatuapé;-23,5500001;-46,558346;3312052;TATUAPE;distrito;6000,0;Alta (≥ R$ 5.000);Não pesquisado ainda;nao_pesquisado;False
33077274;COL PRIMUS;3304557;186,0;344;Outras posições;False;574,0793939393939;33,0;5,0;110,0;0,418;Polígono;561,3875757575757;22,0;569,0026666666666;12,69181818181812;Rio de Janeiro;RJ;0,8408;Rio de Janeiro;-22,93568;-43,33921;22745270;FREGUESIA (JACAREPAGUÁ);bairro;5000,0;Alta (≥ R$ 5.000);Não pesquisado ainda;nao_pesquisado;False
33139032;SISTEMA ELITE DE ENSINO - SAO GONCALO;3304904;16,0;29;Outras posições;False;585,8450273224045;122,0;3,0;424,0;0,417;Polígono;603,4781818181818;88,0;593,2341587301588;-17,633154495777376;São Gonçalo;RJ;0,5133;São Gonçalo;-22,8251391;-43,05013754;24440440;CENTRO;nao_aplicavel;3001,0;Média-Alta (R$ 3.000-4.999);Não pesquisado ainda;nao_pesquisado;False
17056152;EDUCANDARIO DE ARAGUAINA;1702109;3,0;4;Desafiante (2º-5º local);False;577,5542857142857;28,0;4,0;140,0;0,417;Polígono;;;577,5542857142857;;Araguaína;TO;0,3026;Araguaína;-7,196009005;-48,207739;77803080;SETOR CENTRAL;nao_aplicavel;1500,0;Baixa (< R$ 1.800);Não pesquisado ainda;nao_pesquisado;False
35581823;COLEGIO CRIATIVO;3506003;13,0;20;Outras posições;False;594,6872463768116;23,0;2,0;113,0;0,417;Polígono;603,0945454545455;11,0;597,4072549019608;-8,40729907773391;Bauru;SP;0,7441;Bauru;-22,3079957;-49,0633273;17020490;MADUREIRA;nao_aplicavel;2400,0;Média (R$ 1.800-2.999);Não pesquisado ainda;nao_pesquisado;False
27225909;COLEGIO ADVENTISTA DE MACEIO;2704302;23,0;63;Outras posições;False;586,5297959183673;49,0;3,0;220,0;0,417;Polígono;603,9979411764706;68,0;596,6822222222223;-17,468145258103277;Maceió;AL;0,6386;Maceió;;;57045365;BARRO DURO;nao_aplicavel;1800,0;Média (R$ 1.800-2.999);Não pesquisado ainda;nao_pesquisado;False
29277825;COLEGIO PAULO VI;2933307;9,0;14;Outras posições;False;574,59;28,0;5,0;104,0;0,416;Polígono;629,6825;16,0;594,6236363636364;-55,09249999999997;Vitória da Conquista;BA;0,5552;Vitória da Conquista;;;45075000;IBIRAPUERA;nao_aplicavel;1212,0;Baixa (< R$ 1.800);Não pesquisado ainda;nao_pesquisado;False
33176787;COLEGIO E CURSO ZEROHUM NITEROI;3303302;31,0;42;Outras posições;False;586,3472164948454;97,0;2,0;350,0;0,414;Polígono;600,3280645161291;62,0;591,7988679245283;-13,980848021283691;Niterói;RJ;0,9692;Niterói;;;24020005;CENTRO;nao_aplicavel;3500,0;Média-Alta (R$ 3.000-4.999);Não pesquisado ainda;nao_pesquisado;False
35117699;SESI 144 CENTRO EDUCACIONAL;3534708;6,0;7;Outras posições;False;581,7994642857143;56,0;3,0;191,0;0,413;Polígono;619,2937931034483;29,0;594,5916470588236;-37,49432881773396;Ourinhos;SP;0,5787;Ourinhos;-22,96529833;-49,88875667;19910075;JARDIM SANTA FE;nao_aplicavel;2000,0;Média (R$ 1.800-2.999);Não pesquisado ainda;nao_pesquisado;False
33029318;CENTRO EDUC BARRA MANSA;3300407;4,0;4;Desafiante (2º-5º local);False;576,791724137931;29,0;4,0;159,0;0,412;Polígono;589,078596491228;19,0;581,6552777777778;-12,286872353296983;Barra Mansa;RJ;0,2796;Barra Mansa;-22,54955;-44,17054;27330550;CENTRO;nao_aplicavel;3000,0;Média-Alta (R$ 3.000-4.999);Não pesquisado ainda;nao_pesquisado;False
25119826;COLEGIO INA;2507507;31,0;55;Outras posições;False;586,6928571428571;42,0;2,0;184,0;0,412;Polígono;570,3518181818182;22,0;581,075625;16,341038961038862;João Pessoa;PB;0,8675;João Pessoa;;;58066114;MUÇUMAGRO;nao_aplicavel;1212,0;Baixa (< R$ 1.800);Não pesquisado ainda;nao_pesquisado;False
29304229;COLEGIO ADVENTISTA DE ITABUNA;2914802;6,0;7;Outras posições;False;582,4725000000001;40,0;3,0;146,0;0,411;Polígono;604,0533333333333;36,0;592,695;-21,580833333333203;Itabuna;BA;0,533;Itabuna;-14,79383;-39,2784;45600290;CENTRO;nao_aplicavel;3100,0;Média-Alta (R$ 3.000-4.999);Não pesquisado ainda;nao_pesquisado;False
51014467;CENTRO DE EDUCACAO BASICA SAO JOSE;5107925;5,0;5;Desafiante (2º-5º local);False;569,6743434343434;33,0;5,0;175,0;0,411;Polígono;586,6754954954955;37,0;578,6606666666668;-17,001152061152084;Sorriso;MT;0,5055;Sorriso;-12,54052;-55,72799;78890181;CENTRO-NORTE;nao_aplicavel;2800,0;Média (R$ 1.800-2.999);Não pesquisado ainda;nao_pesquisado;False
35809559;UNICULTURA COLEGIO;3518800;18,0;57;Outras posições;False;576,5986324786326;78,0;4,0;296,0;0,411;Polígono;599,0297701149426;58,0;586,1648529411766;-22,43113763631004;Guarulhos;SP;0,6077;Guarulhos;-23,42275882;-46,43923145;7171160;JARDIM PRESIDENTE DUTRA;nao_aplicavel;2300,0;Média (R$ 1.800-2.999);Não pesquisado ainda;nao_pesquisado;False
15584062;ENGELS;1500107;3,0;4;Desafiante (2º-5º local);False;585,7533333333333;66,0;3,0;261,0;0,411;Polígono;597,4565333333333;75,0;591,978439716312;-11,703199999999924;Abaetetuba;PA;0,202;Abaetetuba;-1,725279;-48,88542;68440000;CENTRO;nao_aplicavel;1500,0;Baixa (< R$ 1.800);Não pesquisado ainda;nao_pesquisado;False
41028945;INSTITUTO NOSSA SENHORA AUXILIADORA;4103701;1,0;1;Sem comparação local (poucas escolas na cidade);False;578,281768707483;49,0;3,0;137,0;0,411;Polígono;608,1525714285714;35,0;590,7279365079365;-29,870802721088356;Cambé;PR;0,266;Cambé;-23,28403027;-51,28340964;86181240;CENTRO;nao_aplicavel;2000,0;Média (R$ 1.800-2.999);Não pesquisado ainda;nao_pesquisado;False
35150344;ADVENTISTA DE ITAPECERICA DA SERRA COLEGIO;3522208;3,0;6;Desafiante (2º-5º local);False;582,8810784313725;68,0;4,0;283,0;0,41;Polígono;582,4924528301887;53,0;582,7108539944904;0,3886256011838895;Itapecerica da Serra;SP;0,2705;Itapecerica da Serra;-23,7152779;-46,8535351;6850040;CENTRO;nao_aplicavel;1800,0;Média (R$ 1.800-2.999);Não pesquisado ainda;nao_pesquisado;False
17026237;COLEGIO DOM BOSCO ORIGINAL;1721000;10,0;14;Outras posições;False;585,5357575757575;33,0;3,0;181,0;0,41;Polígono;605,4066666666666;24,0;593,9024561403509;-19,87090909090909;Palmas;TO;0,7844;Palmas;-10,2187963;-48,3324636;77022002;PLANO DIRETOR SUL;nao_aplicavel;2148,5;Média (R$ 1.800-2.999);Não pesquisado ainda;nao_pesquisado;False
33166560;COLEGIO FORCA MAXIMA DE NOVA IGUACU LTDA - ME;3303500;8,0;33;Outras posições;False;573,455652173913;23,0;5,0;118,0;0,409;Polígono;577,4520512820513;26,0;575,5761904761905;-3,996399108138348;Nova Iguaçu;RJ;0,4054;Nova Iguaçu;;;26221010;CENTRO;nao_aplicavel;3000,0;Média-Alta (R$ 3.000-4.999);Não pesquisado ainda;nao_pesquisado;False
35117201;ESCOLA CHAMPAGNAT UNIDADE DE PRESIDENTE PRUDENTE;3541406;10,0;13;Outras posições;False;589,8768055555555;48,0;2,0;186,0;0,409;Polígono;597,908;25,0;592,6272146118722;-8,031194444444509;Presidente Prudente;SP;0,7561;Presidente Prudente;-22,1176447;-51,3903642;19015060;VILA DUBUS;nao_aplicavel;2300,0;Média (R$ 1.800-2.999);Não pesquisado ainda;nao_pesquisado;False
35154817;THOMAZ TREGLIA COLEGIO;3550308;258,0;516;Outras posições;False;593,0529032258064;31,0;2,0;124,0;0,409;Polígono;592,2895652173913;23,0;592,7277777777778;0,7633380084150758;São Paulo;SP;0,8116;Cachoeirinha;-23,48074193;-46,65175821;2471040;VILA BASILEIA;distrito;2000,0;Média (R$ 1.800-2.999);Não pesquisado ainda;nao_pesquisado;False
42055253;COLEGIO SILOE;4209102;12,0;14;Outras posições;False;579,2388888888888;18,0;4,0;104,0;0,409;Polígono;544,1707692307692;13,0;564,5329032258064;35,0681196581196;Joinville;SC;0,7075;Joinville;-26,31892;-48,85681;89203380;ANITA GARIBALDI;nao_aplicavel;5000,0;Alta (≥ R$ 5.000);Não pesquisado ainda;nao_pesquisado;False
35139580;COLEGIO MARQUES DE MONTE ALEGRE;3550308;259,0;516;Outras posições;False;576,0685416666666;48,0;5,0;180,0;0,408;Polígono;575,699512195122;41,0;575,8985393258428;0,3690294715446498;São Paulo;SP;0,8116;Jabaquara;-23,6528168;-46,6554624;4375050;VILA SANTA CATARINA;distrito;2750,0;Média (R$ 1.800-2.999);Não pesquisado ainda;nao_pesquisado;False
51038919;ESCOLA ADVENTISTA CENTRO AMERICA;5103403;17,0;27;Outras posições;False;576,2321739130435;23,0;4,0;112,0;0,408;Polígono;597,3492857142857;28,0;587,8258823529412;-21,11711180124212;Cuiabá;MT;0,8046;Cuiabá;-15,5915967;-56,0923534;78005720;ARAES;nao_aplicavel;5000,0;Alta (≥ R$ 5.000);Não pesquisado ainda;nao_pesquisado;False
53008545;COL ROGACIONISTA;5300108;81,0;117;Outras posições;False;579,1101400560225;119,0;4,0;423,0;0,408;Polígono;600,2564197530864;108,0;589,1709251101322;-21,14627969706396;Brasília;DF;0,9278;Brasília;-15,84638;-47,97129;71070627;GUARA II;nao_aplicavel;3000,0;Média-Alta (R$ 3.000-4.999);Não pesquisado ainda;nao_pesquisado;False
35152894;ESCOLA DE ENSINO MEDIO CARLOS CHAGAS FILHO;3543402;27,0;38;Outras posições;False;589,7501587301588;21,0;2,0;111,0;0,408;Polígono;594,6461261261261;37,0;592,8734482758621;-4,895967395967318;Ribeirão Preto;SP;0,9014;Ribeirão Preto;-21,19398924;-47,81115819;14025240;ALTO DA BOA VISTA;nao_aplicavel;2500,0;Média (R$ 1.800-2.999);Não pesquisado ainda;nao_pesquisado;False
23232390;COLEGIO OLIVEIRA CASTRO;2303709;2,0;6;Desafiante (2º-5º local);False;585,4574193548387;31,0;2,0;116,0;0,407;Polígono;591,0243478260869;23,0;587,8285185185185;-5,566928471248161;Caucaia;CE;0,1288;Caucaia;;;61605600;PLANALTO CAUCAIA;nao_aplicavel;1212,0;Baixa (< R$ 1.800);Não pesquisado ainda;nao_pesquisado;False
35142839;CARLOS DRUMOND DE ANDRADE COLEGIO;3505500;6,0;7;Outras posições;False;589,6722222222222;24,0;2,0;140,0;0,407;Polígono;593,7754166666666;32,0;592,0169047619047;-4,103194444444398;Barretos;SP;0,548;Barretos;-20,5365235;-48,5747097;14787210;DERBY CLUBE;nao_aplicavel;2400,0;Média (R$ 1.800-2.999);Não pesquisado ainda;nao_pesquisado;False
33174970;COLEGIO ARAUJO ROCHA LTDA EPP;3304557;188,0;344;Outras posições;False;572,4914728682171;43,0;4,0;174,0;0,406;Polígono;570,111304347826;23,0;571,6620202020202;2,3801685203910665;Rio de Janeiro;RJ;0,8408;Rio de Janeiro;-22,90921;-43,27106;20710280;ENGENHO NOVO;bairro;2200,0;Média (R$ 1.800-2.999);Não pesquisado ainda;nao_pesquisado;False
53008189;ESC DE EDUC BASICA E PROFISSIONAL FUNDACAO BRADESCO;5300108;82,0;117;Outras posições;False;580,5596437659034;131,0;3,0;493,0;0,406;Polígono;577,8924712643678;116,0;579,3070445344131;2,6671725015355605;Brasília;DF;0,9278;Brasília;-15,82571354;-48,11869647;72220280;CEILANDIA SUL;nao_aplicavel;3000,0;Média-Alta (R$ 3.000-4.999);Não pesquisado ainda;nao_pesquisado;False
42142008;COLEGIO OFICINA LTDA;4209102;13,0;14;Outras posições;False;577,898125;48,0;4,0;234,0;0,406;Polígono;601,8753333333334;30,0;587,1201282051283;-23,97720833333335;Joinville;SC;0,7075;Joinville;-26,28234;-48,86868;89217310;COSTA E SILVA;nao_aplicavel;3001,0;Média-Alta (R$ 3.000-4.999);Não pesquisado ainda;nao_pesquisado;False
35407641;TALENTO COLEGIO ENSINO MEDIO;3513009;10,0;17;Outras posições;False;595,3110344827586;58,0;1,0;177,0;0,406;Polígono;628,8969090909092;55,0;611,6581415929203;-33,58587460815056;Cotia;SP;0,7085;Cotia;-23,5989632;-46,9177831;6703160;JARDIM DINORAH;nao_aplicavel;2500,0;Média (R$ 1.800-2.999);Não pesquisado ainda;nao_pesquisado;False
35137042;FIAP SCHOOL;3550308;261,0;516;Outras posições;False;578,56875;32,0;4,0;103,0;0,404;Polígono;557,9625;24,0;569,7375;20,606250000000045;São Paulo;SP;0,8116;Cambuci;-23,5745194;-46,623486;1538001;CAMBUCI;distrito;4000,0;Média-Alta (R$ 3.000-4.999);Não pesquisado ainda;nao_pesquisado;False
35499365;INDAIATUBA ESCOLA ADVENTISTA DE;3520509;9,0;12;Outras posições;False;588,883;20,0;2,0;169,0;0,403;Polígono;;;588,883;;Indaiatuba;SP;0,794;Indaiatuba;-23,0980354;-47,1981325;13339545;JARDIM SANTIAGO;nao_aplicavel;3000,0;Média-Alta (R$ 3.000-4.999);Não pesquisado ainda;nao_pesquisado;False
35107682;UNASP SAO PAULO ADVENTISTA COLEGIO;3550308;263,0;516;Outras posições;False;575,5013250517599;322,0;5,0;1130,0;0,403;Polígono;586,5582677165354;254,0;580,3771296296296;-11,056942664775534;São Paulo;SP;0,8116;Capão Redondo;-23,6664184;-46,7811518;5858001;CAPAO REDONDO;distrito;1800,0;Média (R$ 1.800-2.999);Não pesquisado ainda;nao_pesquisado;False
35191541;COLEGIO VIVO;3538709;19,0;25;Outras posições;False;584,5502564102565;26,0;3,0;102,0;0,403;Polígono;599,57;12,0;589,2933333333334;-15,019743589743598;Piracicaba;SP;0,8238;Piracicaba;-22,737015;-47,6589901;13420335;MORUMBI;nao_aplicavel;3000,0;Média-Alta (R$ 3.000-4.999);Não pesquisado ainda;nao_pesquisado;False
35195790;YEDA MARIA PROFA COLEGIO;3518701;2,0;9;Desafiante (2º-5º local);False;594,9535294117646;34,0;1,0;122,0;0,403;Polígono;536,1211764705882;17,0;575,3427450980391;58,8323529411764;Guarujá;SP;0,3718;Guarujá;-23,9843354;-46,2457207;11440060;VILA JULIA;nao_aplicavel;2000,0;Média (R$ 1.800-2.999);Não pesquisado ainda;nao_pesquisado;False
35141811;OBJETIVO ABC CEEFM UND 201;3548708;20,0;33;Outras posições;False;592,8379591836735;49,0;0,0;244,0;0,402;Polígono;594,0026;100,0;593,6195973154363;-1,1646408163264823;São Bernardo do Campo;SP;0,8204;São Bernardo do Campo;-23,7170022;-46,5501883;9721180;CENTRO;nao_aplicavel;5001,0;Alta (≥ R$ 5.000);Não pesquisado ainda;nao_pesquisado;False
53020561;COL NOSSA SENHORA APARECIDA GAMA;5300108;83,0;117;Outras posições;False;584,025;12,0;3,0;126,0;0,401;Polígono;;;584,025;;Brasília;DF;0,9278;Brasília;;;72405610;LESTE;nao_aplicavel;3000,0;Média-Alta (R$ 3.000-4.999);Não pesquisado ainda;nao_pesquisado;False
53004949;SERVICO SOCIAL DO COMERCIO EDUSESC MEC;5300108;84,0;117;Outras posições;False;566,8605913978495;62,0;5,0;220,0;0,401;Polígono;;;566,8605913978495;;Brasília;DF;0,9278;Brasília;-15,8198266;-48,0634477;72115115;TAG NORTE;nao_aplicavel;3000,0;Média-Alta (R$ 3.000-4.999);Não pesquisado ainda;nao_pesquisado;False
