codigo_municipio;nome_municipio_ibge;uf;nivel_regiao;regiao;qtd_escolas_confiaveis;qtd_participantes_enem;enem_ponderado;qtd_escolas_elegiveis;amostra_significativa;qtd_golden_leads;confianca_match;renda_media_responsavel;renda_mediana_responsavel
1500107;Abaetetuba;PA;bairro;CENTRO;1;66;585,8;1;False;0;exato;2624,89;1500,0
1500107;Abaetetuba;PA;bairro;SAO LOURENCO;1;18;575,6;1;False;0;exato;2075,14;1212,0
2900702;Alagoinhas;BA;distrito;Alagoinhas;6;197;606,1;9;True;2;exato;2106,01;1212,0
1500602;Altamira;PA;bairro;ESPLANADA DO XINGU;1;18;608,3;1;False;0;exato;4376,73;2424,0
1500602;Altamira;PA;bairro;JARDIM UIRAPURU;1;11;425,6;1;False;0;exato;3428,45;2000,0
1500602;Altamira;PA;bairro;SUDAM I;1;12;593,1;1;False;0;exato;3074,17;1828,0
1500602;Altamira;PA;bairro;JARDIM INDEPENDENTE II;1;19;580,2;1;False;0;exato;3228,26;1600,0
4300604;Alvorada;RS;distrito;Alvorada;2;40;563,8;2;False;0;exato;2364,23;1800,0
3501608;Americana;SP;distrito;Americana;8;503;616,9;9;True;3;exato;4145,76;3000,0
1500800;Ananindeua;PA;distrito;Ananindeua;22;906;580,7;25;True;1;exato;2433,07;1300,0
3300100;Angra dos Reis;RJ;bairro;SÃO BENTO;1;13;612,3;1;False;0;exato;6941,53;5450,0
3300100;Angra dos Reis;RJ;bairro;PARQUE DAS PALMEIRAS;3;61;630,0;4;True;2;exato;6899,34;5000,0
3300100;Angra dos Reis;RJ;bairro;PRAIA DA RIBEIRA;1;22;554,6;1;False;0;exato;5691,24;4000,0
3300100;Angra dos Reis;RJ;bairro;PRAIA DO JARDIM;1;13;570,4;1;False;0;exato;5162,12;4000,0
3300100;Angra dos Reis;RJ;bairro;CENTRO;2;21;589,2;2;False;0;exato;4114,92;3000,0
3300100;Angra dos Reis;RJ;bairro;JACUACANGA;1;20;570,9;2;False;0;exato;4336,35;3000,0
3300100;Angra dos Reis;RJ;bairro;JACUECANGA;1;11;541,0;1;False;0;fuzzy;4336,35;3000,0
3300100;Angra dos Reis;RJ;bairro;NOVA ANGRA;1;11;530,5;1;False;0;exato;2284,9;1700,0
5201108;Anápolis;GO;distrito;Anápolis;9;369;624,5;14;True;3;exato;3164,11;2000,0
5201405;Aparecida de Goiânia;GO;distrito;Aparecida de Goiânia;16;540;593,2;18;True;2;exato;2189,99;1600,0
4101408;Apucarana;PR;distrito;Apucarana;4;157;581,9;7;True;0;exato;2989,47;2000,0
2800308;Aracaju;SE;bairro;JARDINS;4;264;679,7;4;True;2;exato;16152,54;13000,0
2800308;Aracaju;SE;bairro;GRAGERU;4;262;649,7;4;True;2;exato;8411,14;6000,0
2800308;Aracaju;SE;bairro;SALGADO FILHO;2;66;639,4;2;False;1;exato;7624,82;5500,0
2800308;Aracaju;SE;bairro;LUZIA;3;107;620,7;3;True;0;exato;6388,51;5000,0
2800308;Aracaju;SE;bairro;ATALAIA;3;54;623,9;3;True;0;exato;7020,19;4400,0
2800308;Aracaju;SE;bairro;SUÍÇA;1;19;552,7;1;False;0;exato;5614,53;4000,0
2800308;Aracaju;SE;bairro;JABOTIANA;1;45;551,7;1;False;0;exato;4662,54;3500,0
2800308;Aracaju;SE;bairro;FAROLANDIA;5;159;618,7;6;True;1;exato;4907,81;3000,0
2800308;Aracaju;SE;bairro;INACIO BARBOSA;2;175;629,0;2;False;1;exato;3900,69;2600,0
2800308;Aracaju;SE;bairro;PONTO NOVO;2;88;599,1;4;False;0;exato;4017,27;2436,0
2800308;Aracaju;SE;bairro;CENTRO;3;155;628,0;5;True;1;exato;3954,77;2300,0
2800308;Aracaju;SE;bairro;CIRURGIA;1;34;670,0;1;False;1;exato;3525,82;2000,0
2800308;Aracaju;SE;bairro;COROA DO MEIO;1;29;643,3;1;False;1;exato;4098,19;2000,0
2800308;Aracaju;SE;bairro;SIQUEIRA CAMPOS;1;122;599,5;1;False;0;exato;3267,24;1965,0
2800308;Aracaju;SE;bairro;SÃO CONRADO;2;37;623,8;2;False;0;exato;2376,56;1437,0
2800308;Aracaju;SE;bairro;SANTO ANTONIO;1;23;550,0;3;False;0;exato;2364,36;1215,0
2800308;Aracaju;SE;bairro;BUGIO;1;12;534,7;1;False;0;exato;1978,32;1212,0
2800308;Aracaju;SE;bairro;CAPUCHO;1;202;550,9;1;False;0;exato;1284,39;1212,0
2800308;Aracaju;SE;bairro;DEZOITO DO FORTE;1;35;591,0;1;False;0;exato;2067,76;1212,0
2800308;Aracaju;SE;bairro;DOM LUCIANO;1;24;529,5;1;False;0;exato;1678,52;1212,0
2800308;Aracaju;SE;bairro;SANTOS DUMONT;1;11;556,6;3;False;0;exato;1644,15;1212,0
2800308;Aracaju;SE;bairro;ARUANA;1;11;527,8;2;False;0;sem_match;;
2800308;Aracaju;SE;bairro;SUISSA;1;57;602,7;1;False;0;sem_match;;
3103504;Araguari;MG;distrito;Araguari;6;179;612,3;6;True;2;exato;2868,72;2000,0
1702109;Araguaína;TO;distrito;Araguaína;3;91;568,6;6;True;0;exato;2746,01;1500,0
2700300;Arapiraca;AL;bairro;ELDORADO;2;75;651,1;2;False;1;exato;3321,61;2500,0
2700300;Arapiraca;AL;bairro;SÃO LUIZ;1;48;648,7;2;False;1;exato;4105,65;2500,0
2700300;Arapiraca;AL;bairro;SANTA ESMERALDA;1;12;520,5;1;False;0;exato;3771,79;2420,0
2700300;Arapiraca;AL;bairro;NOVO HORIZONTE;1;47;576,2;1;False;0;exato;4806,27;2400,0
2700300;Arapiraca;AL;bairro;BAIXA GRANDE;1;18;554,3;1;False;0;exato;3212,01;1500,0
2700300;Arapiraca;AL;bairro;CENTRO;1;65;583,3;2;False;0;exato;2256,05;1250,0
2700300;Arapiraca;AL;bairro;ALTO DO CRUZEIRO;1;32;613,9;1;False;0;exato;2635,35;1212,0
2700300;Arapiraca;AL;bairro;BAIXÃO;1;28;613,3;2;False;0;exato;2299,11;1212,0
2700300;Arapiraca;AL;bairro;BRASILIA;2;77;632,7;2;False;1;exato;2038,88;1212,0
2700300;Arapiraca;AL;bairro;CAITITUS;1;24;597,1;1;False;0;exato;1438,48;1212,0
2700300;Arapiraca;AL;bairro;CAVACO;1;10;547,8;2;False;0;exato;2245,8;1212,0
2700300;Arapiraca;AL;bairro;OURO PRETO;1;29;582,1;1;False;0;exato;2193,88;1212,0
2700300;Arapiraca;AL;bairro;SENADOR TEOTONIO VILELA;1;43;602,9;1;False;0;exato;1355,28;1212,0
4101507;Arapongas;PR;distrito;Arapongas;5;147;579,5;7;True;0;exato;3084,98;2000,0
3503208;Araraquara;SP;distrito;Araraquara;11;382;624,0;16;True;1;exato;3985,52;2500,0
3503208;Araraquara;SP;distrito;Vila Xavier;1;67;572,5;1;False;0;exato;2806,98;2000,0
3503307;Araras;SP;distrito;Araras;5;155;613,8;7;True;1;exato;3407,48;2400,0
3300209;Araruama;RJ;distrito;Araruama;10;247;604,6;11;True;3;exato;2687,54;1500,0
4101804;Araucária;PR;bairro;CENTRO;4;181;578,2;4;True;1;exato;4413,68;3000,0
3104007;Araxá;MG;bairro;CENTRO;4;115;636,9;4;True;2;exato;4192,33;2600,0
3502804;Araçatuba;SP;distrito;Araçatuba;12;414;613,1;13;True;3;exato;3516,39;2100,0
3504008;Assis;SP;distrito;Assis;6;168;608,2;8;True;0;exato;3415,13;2224,0
3504107;Atibaia;SP;bairro;ITAPETINGA;1;23;665,3;1;False;1;exato;7129,23;5000,0
3504107;Atibaia;SP;bairro;CENTRO;1;72;594,7;1;False;0;exato;5197,89;3500,0
3504107;Atibaia;SP;bairro;ALVINOPOLIS;1;12;551,5;2;False;0;exato;3268,34;2500,0
3504107;Atibaia;SP;bairro;PORTAO;1;17;587,3;1;False;0;exato;2546,41;2000,0
3504107;Atibaia;SP;bairro;ATIBAIA JARDIM;1;21;638,3;1;False;0;sem_match;;
3504107;Atibaia;SP;bairro;JARDIM BRASIL;1;30;642,1;1;False;1;sem_match;;
3504107;Atibaia;SP;bairro;JARDIM PAULISTA;2;76;608,3;2;False;0;sem_match;;
3504107;Atibaia;SP;bairro;SAMAMBAIA PARQUE RESIDENCIAL;1;23;577,9;1;False;0;sem_match;;
3504107;Atibaia;SP;bairro;VILA ESPERIA OU GIGLIO;1;18;627,7;1;False;0;sem_match;;
3504107;Atibaia;SP;bairro;VILA SANTISTA;1;30;663,6;1;False;0;sem_match;;
2100055;Açailândia;MA;distrito;Açailândia;3;61;585,1;6;True;1;exato;1947,5;1212,0
2101202;Bacabal;MA;distrito;Bacabal;3;113;548,5;3;True;0;exato;1638,82;1212,0
4301602;Bagé;RS;distrito;Bagé;1;25;613,6;1;False;0;exato;2823,94;1600,0
4202008;Balneário Camboriú;SC;bairro;CENTRO;4;336;628,6;6;True;1;exato;7924,58;5000,0
4202008;Balneário Camboriú;SC;bairro;ESTADOS;1;12;568,1;2;False;0;sem_match;;
2101400;Balsas;MA;distrito;Balsas;5;151;607,3;8;True;2;exato;2637,12;1250,0
3105608;Barbacena;MG;bairro;BOA MORTE;2;45;609,1;2;False;0;exato;4496,12;3000,0
3105608;Barbacena;MG;bairro;SÃO SEBASTIÃO;1;12;661,1;1;False;1;exato;3219,22;1800,0
3105608;Barbacena;MG;bairro;CARMO;1;67;653,1;1;False;0;sem_match;;
1501303;Barcarena;PA;distrito;Murucupi;2;64;584,8;2;False;0;exato;2656,03;1500,0
1501303;Barcarena;PA;distrito;Barcarena;3;92;566,1;6;True;0;exato;1666,44;1212,0
3300407;Barra Mansa;RJ;bairro;CENTRO;2;204;586,7;2;False;0;exato;4527,62;3000,0
2903201;Barreiras;BA;distrito;Barreiras;6;235;630,6;6;True;3;exato;2594,29;1215,0
3505500;Barretos;SP;distrito;Barretos;7;222;607,9;8;True;1;exato;3353,1;2400,0
3505708;Barueri;SP;bairro;ALDEIA DA SERRA;1;22;598,3;1;False;0;exato;20111,31;15000,0
3505708;Barueri;SP;bairro;CENTRO;1;34;611,9;2;False;0;exato;6564,74;4000,0
3505708;Barueri;SP;bairro;ALPHAVILLE INDUSTRIAL;1;83;681,2;1;False;1;sem_match;;
3505708;Barueri;SP;bairro;DEZOITO DO FORTE EMPRESARIAL/ALPHAVILLE.;1;14;643,1;1;False;0;sem_match;;
3506003;Bauru;SP;bairro;CENTRO;2;68;565,4;3;False;0;exato;4765,56;3000,0
3506003;Bauru;SP;bairro;ALTO HIGIENOPOLIS;2;83;642,9;2;False;1;sem_match;;
3506003;Bauru;SP;bairro;JARDIM AMALIA;1;70;615,6;1;False;0;sem_match;;
3506003;Bauru;SP;bairro;JARDIM AMERICA;1;42;668,6;1;False;1;sem_match;;
3506003;Bauru;SP;bairro;JARDIM AURI VERDE;1;29;619,2;1;False;0;sem_match;;
3506003;Bauru;SP;bairro;JARDIM ESTORIL;1;73;566,6;1;False;0;sem_match;;
3506003;Bauru;SP;bairro;JARDIM ESTORIL IV;2;123;587,0;2;False;0;sem_match;;
3506003;Bauru;SP;bairro;MADUREIRA;1;23;594,7;1;False;0;sem_match;;
3506003;Bauru;SP;bairro;VILA AVIACAO;2;47;659,1;2;False;2;sem_match;;
3506003;Bauru;SP;bairro;VILA FLORES;1;12;568,2;1;False;0;sem_match;;
3506003;Bauru;SP;bairro;VILA MARIANA;1;25;565,5;1;False;0;sem_match;;
3506003;Bauru;SP;bairro;VILA SAMARITANA;1;26;623,2;1;False;0;sem_match;;
3506003;Bauru;SP;bairro;VILA SOUTO;2;71;600,5;2;False;0;sem_match;;
3300456;Belford Roxo;RJ;bairro;CENTRO;1;40;559,2;2;False;0;exato;2803,59;2000,0
3300456;Belford Roxo;RJ;bairro;SANTA TEREZA;1;18;565,8;2;False;0;exato;1415,82;1230,0
3300456;Belford Roxo;RJ;bairro;ANDRADE ARAUJO;1;12;503,6;1;False;0;exato;1593,74;1212,0
3300456;Belford Roxo;RJ;bairro;LOTE XV;1;10;569,0;1;False;0;exato;1727,34;1212,0
3106200;Belo Horizonte;MG;bairro;BELVEDERE;2;26;610,4;2;False;1;exato;21501,27;17000,0
3106200;Belo Horizonte;MG;bairro;MANGABEIRAS;2;58;658,2;2;False;2;exato;18439,99;15000,0
3106200;Belo Horizonte;MG;bairro;SAO BENTO;1;38;642,9;1;False;1;exato;14607,55;11000,0
3106200;Belo Horizonte;MG;bairro;ANCHIETA;1;14;671,7;1;False;1;exato;12490,93;10000,0
3106200;Belo Horizonte;MG;bairro;COMITECO;1;10;606,1;1;False;0;exato;14745,15;10000,0
3106200;Belo Horizonte;MG;bairro;FUNCIONARIOS;1;30;677,5;1;False;1;exato;14186,35;10000,0
3106200;Belo Horizonte;MG;bairro;LOURDES;3;343;725,2;3;True;2;exato;13874,97;10000,0
3106200;Belo Horizonte;MG;bairro;SANTO AGOSTINHO;2;335;713,7;2;False;1;exato;14491,48;10000,0
3106200;Belo Horizonte;MG;bairro;SAVASSI;1;54;670,2;1;False;1;exato;13828,61;10000,0
3106200;Belo Horizonte;MG;bairro;GUTIERREZ;1;35;635,0;2;False;0;exato;11626,42;9000,0
3106200;Belo Horizonte;MG;bairro;BURITIS;4;116;645,1;5;True;2;exato;10824,51;8000,0
3106200;Belo Horizonte;MG;bairro;SAO JOSE;1;90;656,6;1;False;1;exato;11095,24;8000,0
3106200;Belo Horizonte;MG;bairro;SERRA;2;30;619,8;3;False;1;exato;11799,0;8000,0
3106200;Belo Horizonte;MG;bairro;CIDADE JARDIM;2;26;558,6;2;False;0;exato;10084,36;7000,0
3106200;Belo Horizonte;MG;bairro;FERNÃO DIAS;1;10;680,1;1;False;1;exato;7641,67;5600,0
3106200;Belo Horizonte;MG;bairro;PALMARES;2;29;608,3;2;False;0;exato;8143,02;5500,0
3106200;Belo Horizonte;MG;bairro;PRADO;1;11;624,8;1;False;0;exato;8129,61;5002,0
3106200;Belo Horizonte;MG;bairro;ALTO BARROCA;1;165;578,7;1;False;0;exato;7196,49;5000,0
3106200;Belo Horizonte;MG;bairro;COLÉGIO BATISTA;1;36;613,9;1;False;0;exato;6863,74;5000,0
3106200;Belo Horizonte;MG;bairro;DONA CLARA;2;87;640,9;2;False;1;exato;7057,84;5000,0
3106200;Belo Horizonte;MG;bairro;ESTORIL;1;37;633,4;1;False;1;exato;7448,61;5000,0
3106200;Belo Horizonte;MG;bairro;FLORESTA;3;194;597,2;3;True;2;exato;6725,23;5000,0
3106200;Belo Horizonte;MG;bairro;NOVA GRANADA;1;116;630,7;1;False;0;exato;6751,42;5000,0
3106200;Belo Horizonte;MG;bairro;NOVA SUISSA;1;27;678,9;1;False;1;exato;6638,35;5000,0
3106200;Belo Horizonte;MG;bairro;PAQUETA;1;12;612,0;1;False;0;exato;7081,25;5000,0
3106200;Belo Horizonte;MG;bairro;SANTA EFIGENIA;2;56;678,3;2;False;1;exato;7440,3;5000,0
3106200;Belo Horizonte;MG;bairro;BARRO PRETO;1;17;612,1;1;False;0;exato;6714,73;4800,0
3106200;Belo Horizonte;MG;bairro;OURO PRETO;3;116;673,1;3;True;2;exato;6482,28;4500,0
3106200;Belo Horizonte;MG;bairro;CALAFATE;3;119;635,9;3;True;2;exato;6013,21;4000,0
3106200;Belo Horizonte;MG;bairro;CENTRO;1;41;647,4;1;False;0;exato;5621,75;4000,0
3106200;Belo Horizonte;MG;bairro;NOVA FLORESTA;1;160;707,4;1;False;1;exato;6065,23;4000,0
3106200;Belo Horizonte;MG;bairro;SANTA INÊS;1;21;638,0;1;False;1;exato;5743,87;4000,0
3106200;Belo Horizonte;MG;bairro;SANTA ROSA;1;27;641,6;1;False;1;exato;5980,04;4000,0
3106200;Belo Horizonte;MG;bairro;JARDIM ATLÂNTICO;1;44;565,5;1;False;0;exato;6072,99;3900,0
3106200;Belo Horizonte;MG;bairro;SANTA BRANCA;2;65;637,8;2;False;1;exato;4980,97;3800,0
3106200;Belo Horizonte;MG;bairro;CAICARAS;1;55;635,8;1;False;1;exato;5442,12;3500,0
3106200;Belo Horizonte;MG;bairro;PADRE EUSTÁQUIO;1;30;561,8;1;False;0;exato;5259,12;3500,0
3106200;Belo Horizonte;MG;bairro;ALÍPIO DE MELO;1;58;659,8;1;False;1;exato;4624,99;3400,0
3106200;Belo Horizonte;MG;bairro;UNIÃO;1;25;659,3;1;False;1;exato;5628,6;3400,0
3106200;Belo Horizonte;MG;bairro;BARREIRO;1;67;637,6;2;False;1;exato;5348,33;3260,0
3106200;Belo Horizonte;MG;bairro;HELIÓPOLIS;1;12;557,9;1;False;0;exato;4577,0;3001,0
3106200;Belo Horizonte;MG;bairro;CARLOS PRATES;2;54;619,1;2;False;1;exato;4553,92;3000,0
3106200;Belo Horizonte;MG;bairro;PLANALTO;1;11;607,8;2;False;0;exato;4475,33;3000,0
3106200;Belo Horizonte;MG;bairro;SERRANO;1;18;650,4;1;False;1;exato;4398,89;3000,0
3106200;Belo Horizonte;MG;bairro;CANDELÁRIA;1;127;620,5;1;False;0;exato;3417,94;2500,0
3106200;Belo Horizonte;MG;bairro;LAGOINHA;1;20;585,8;1;False;0;exato;3702,81;2500,0
3106200;Belo Horizonte;MG;bairro;SANTA MÔNICA;1;14;627,9;2;False;1;exato;3699,32;2500,0
3106200;Belo Horizonte;MG;bairro;SAO JOAO BATISTA;2;82;586,6;2;False;1;exato;3429,56;2500,0
3106200;Belo Horizonte;MG;bairro;DIAMANTE;1;50;640,2;2;False;0;exato;3584,92;2424,0
3106200;Belo Horizonte;MG;bairro;RIO BRANCO;1;20;616,7;1;False;0;exato;3179,61;2400,0
3106200;Belo Horizonte;MG;bairro;MADRE GERTRUDES;1;43;635,2;1;False;0;exato;2915,79;2100,0
3106200;Belo Horizonte;MG;bairro;BOA VISTA;1;18;606,3;2;False;0;exato;2989,43;2000,0
3106200;Belo Horizonte;MG;bairro;GUARANI;1;47;617,6;1;False;0;exato;2913,97;2000,0
3106200;Belo Horizonte;MG;bairro;HORTO FLORESTAL;1;93;641,8;1;False;0;exato;2875,45;2000,0
3106200;Belo Horizonte;MG;bairro;MIRAMAR;1;19;562,4;1;False;0;exato;2914,31;2000,0
3106200;Belo Horizonte;MG;bairro;PALMEIRAS;1;22;595,1;1;False;0;exato;3332,43;2000,0
3106200;Belo Horizonte;MG;bairro;SANTA TEREZINHA;1;19;582,2;1;False;0;exato;3041,87;2000,0
3106200;Belo Horizonte;MG;bairro;SAUDADE;1;20;544,6;1;False;0;exato;3098,59;2000,0
3106200;Belo Horizonte;MG;bairro;NOVO GLÓRIA;1;11;527,0;1;False;0;exato;2597,06;1900,0
3106200;Belo Horizonte;MG;bairro;SÃO PAULO;2;80;632,6;2;False;0;exato;2666,73;1800,0
3106200;Belo Horizonte;MG;bairro;TUPI A;1;30;631,5;1;False;1;exato;2439,34;1800,0
3106200;Belo Horizonte;MG;bairro;VALE DO JATOBA;1;59;620,5;1;False;0;exato;2216,86;1700,0
3106200;Belo Horizonte;MG;bairro;SAO SALVADOR;2;85;617,3;2;False;0;exato;2360,36;1500,0
3106200;Belo Horizonte;MG;bairro;SAO JOAO BATISTA (VENDA NOVA);1;19;635,0;1;False;0;sem_match;;
1501402;Belém;PA;bairro;NAZARÉ;5;197;657,3;6;True;3;exato;10892,99;7500,0
1501402;Belém;PA;bairro;BATISTA CAMPOS;3;458;626,6;3;True;2;exato;9423,35;6000,0
1501402;Belém;PA;bairro;UMARIZAL;2;74;569,1;3;False;0;exato;9752,31;6000,0
1501402;Belém;PA;bairro;SAO BRAS;2;127;581,2;2;False;0;exato;7600,1;5000,0
1501402;Belém;PA;bairro;VAL-DE-CAES;1;19;578,6;1;False;0;exato;7144,7;5000,0
1501402;Belém;PA;bairro;CAMPINA;1;36;528,9;1;False;0;exato;5934,17;3500,0
1501402;Belém;PA;bairro;MARCO;8;299;597,1;9;True;0;exato;5752,58;3000,0
1501402;Belém;PA;bairro;CREMACAO;1;34;741,7;1;False;1;exato;4343,32;2000,0
1501402;Belém;PA;bairro;PARQUE VERDE;9;385;600,0;10;True;2;exato;4466,03;2000,0
1501402;Belém;PA;bairro;PEDREIRA;4;137;580,0;5;True;0;exato;4131,53;2000,0
1501402;Belém;PA;bairro;MANGUEIRÃO;1;82;516,9;1;False;0;exato;3500,59;1800,0
1501402;Belém;PA;bairro;MARAMBAIA;3;229;586,8;5;True;0;exato;3487,72;1800,0
1501402;Belém;PA;bairro;CASTANHEIRA;1;53;575,7;1;False;0;exato;2835,35;1500,0
1501402;Belém;PA;bairro;CAMPINA DE ICOARACI;2;155;590,8;2;False;1;exato;1952,43;1212,0
1501402;Belém;PA;bairro;GUAMÁ;1;22;533,4;1;False;0;exato;2342,83;1212,0
1501402;Belém;PA;bairro;SACRAMENTA;2;75;548,4;2;False;0;exato;2157,7;1212,0
1501402;Belém;PA;bairro;TAPANA;1;36;596,8;2;False;0;exato;2303,72;1212,0
1501402;Belém;PA;bairro;UNA;1;31;547,3;1;False;0;exato;2020,11;1212,0
1501402;Belém;PA;bairro;ÁGUA BOA (OUTEIRO);1;12;497,1;1;False;0;sem_match;;
1501402;Belém;PA;bairro;AGULHA (ICOARACI);1;31;571,5;1;False;0;sem_match;;
1501402;Belém;PA;bairro;AGULHA - ICOARACI;1;27;511,8;1;False;0;sem_match;;
1501402;Belém;PA;bairro;CRUZEIRO (ICOARACI);1;53;550,7;2;False;0;sem_match;;
1501402;Belém;PA;bairro;SAO BRAZ;1;112;569,4;1;False;0;sem_match;;
1501402;Belém;PA;bairro;TERRA FIRME;1;12;591,2;1;False;0;sem_match;;
1501402;Belém;PA;bairro;VILA (MOSQUEIRO);1;45;600,4;1;False;0;sem_match;;
4302105;Bento Gonçalves;RS;bairro;CIDADE ALTA;1;55;645,6;1;False;1;exato;6990,12;4750,0
4302105;Bento Gonçalves;RS;bairro;FENAVINHO;1;17;644,7;1;False;1;exato;3829,17;3000,0
3106705;Betim;MG;bairro;JARDIM DA CIDADE;1;28;634,1;1;False;0;exato;7583,36;6000,0
3106705;Betim;MG;bairro;ARQUIPELAGO VERDE;2;99;617,9;2;False;0;exato;3255,59;2000,0
3106705;Betim;MG;bairro;VILA CRISTINA;1;38;613,5;1;False;0;sem_match;;
3506508;Birigui;SP;distrito;Birigui;4;127;629,0;5;True;2;exato;2884,23;2000,0
4202404;Blumenau;SC;bairro;JARDIM BLUMENAU;1;67;626,7;2;False;1;exato;17850,94;12000,0
4202404;Blumenau;SC;bairro;VICTOR KONDER;1;72;560,6;2;False;0;exato;8160,24;5001,0
4202404;Blumenau;SC;bairro;CENTRO;3;220;642,0;3;True;1;exato;5869,33;4000,0
4202404;Blumenau;SC;bairro;PONTA AGUDA;2;37;579,4;2;False;0;exato;5552,62;2600,0
1400100;Boa Vista;RR;bairro;CACARI;1;11;562,9;1;False;0;exato;9405,07;7000,0
1400100;Boa Vista;RR;bairro;SÃO FRANCISCO;1;47;596,7;1;False;0;exato;5426,7;3850,0
1400100;Boa Vista;RR;bairro;MECEJANA;1;51;563,4;1;False;0;exato;5481,66;3600,0
1400100;Boa Vista;RR;bairro;CENTRO;2;51;613,4;2;False;1;exato;4868,75;3000,0
1400100;Boa Vista;RR;bairro;AEROPORTO;1;37;510,9;1;False;0;exato;3969,07;2500,0
3507506;Botucatu;SP;bairro;CENTRO;4;168;617,4;4;True;2;exato;5872,84;4000,0
3507506;Botucatu;SP;bairro;VILA NOGUEIRA;1;26;581,4;1;False;0;exato;6045,4;4000,0
3507506;Botucatu;SP;bairro;VILA NOVA BOTUCATU;1;17;581,4;1;False;0;exato;3510,75;2800,0
3507506;Botucatu;SP;bairro;VILA GUIMARAES;1;15;612,7;1;False;0;exato;3483,67;2400,0
3507506;Botucatu;SP;bairro;JARDIM AEROPORTO;1;79;674,4;1;False;1;exato;2424,39;2000,0
3507506;Botucatu;SP;bairro;PARK RESIDENCIAL CONVIVIO;1;46;572,0;1;False;0;sem_match;;
1501709;Bragança;PA;bairro;CENTRO;1;46;597,4;1;False;0;exato;4255,6;2800,0
3507605;Bragança Paulista;SP;bairro;SANTA LUZIA;1;29;584,9;1;False;0;exato;6266,66;4000,0
3507605;Bragança Paulista;SP;bairro;CAMPO NOVO;1;14;659,1;1;False;1;exato;2966,44;2000,0
3507605;Bragança Paulista;SP;bairro;CONDOMINIO JARDIM DAS PALMEIRAS;1;15;585,0;1;False;0;sem_match;;
3507605;Bragança Paulista;SP;bairro;JARDIM DOUTOR JULIO DE MESQUITA FILHO;1;35;612,4;1;False;0;sem_match;;
3507605;Bragança Paulista;SP;bairro;JARDIM EUROPA;1;21;631,6;1;False;1;sem_match;;
3507605;Bragança Paulista;SP;bairro;JARDIM MORUMBI;1;52;592,2;1;False;0;sem_match;;
3507605;Bragança Paulista;SP;bairro;JARDIM SANTA RITA DE CASSIA;1;19;646,1;1;False;1;sem_match;;
3507605;Bragança Paulista;SP;bairro;JARDIM SAO JOSE;1;25;681,9;1;False;1;sem_match;;
3507605;Bragança Paulista;SP;bairro;VILA MUNICIPAL;1;26;565,2;1;False;0;sem_match;;
3507605;Bragança Paulista;SP;bairro;VILA SANTA CRISTINA;1;23;601,3;1;False;0;sem_match;;
5300108;Brasília;DF;distrito;Brasília;101;5076;626,0;134;True;28;exato;5784,31;3000,0
4202909;Brusque;SC;bairro;JARDIM MALUCHE;1;17;642,1;1;False;1;exato;5284,38;3500,0
4202909;Brusque;SC;bairro;SANTA TEREZINHA;1;24;585,0;1;False;0;exato;3613,47;2800,0
4202909;Brusque;SC;bairro;PRIMEIRO DE MAIO;1;13;586,1;2;False;0;sem_match;;
3300704;Cabo Frio;RJ;distrito;Cabo Frio;9;289;601,9;17;True;1;exato;3293,47;1900,0
3300704;Cabo Frio;RJ;distrito;Tamoios;2;37;577,2;3;False;0;exato;2311,89;1500,0
2602902;Cabo de Santo Agostinho;PE;bairro;PAIVA;1;31;631,0;1;False;1;exato;16309,62;12000,0
2602902;Cabo de Santo Agostinho;PE;bairro;CENTRO;4;167;557,3;4;True;0;exato;1734,27;1212,0
4303103;Cachoeirinha;RS;distrito;Cachoeirinha;1;13;582,9;4;False;0;exato;3034,93;2000,0
3201209;Cachoeiro de Itapemirim;ES;bairro;CENTRO;1;121;648,1;1;False;0;exato;5412,92;3500,0
3201209;Cachoeiro de Itapemirim;ES;bairro;INDEPENDÊNCIA;1;59;598,7;2;False;0;exato;4714,12;3000,0
3201209;Cachoeiro de Itapemirim;ES;bairro;BASILÉIA;1;39;616,1;1;False;0;exato;2443,85;2000,0
3201209;Cachoeiro de Itapemirim;ES;bairro;ALTO MONTE CRISTO;1;64;600,2;2;False;0;exato;2461,4;1800,0
2603454;Camaragibe;PE;bairro;ALDEIA DOS CAMARÁS;1;10;619,2;1;False;0;exato;7155,95;4000,0
2603454;Camaragibe;PE;bairro;BAIRRO NOVO DO CARMELO;3;79;559,9;4;True;0;exato;2051,28;1212,0
2603454;Camaragibe;PE;bairro;TIMBI;2;23;557,1;2;False;0;exato;1911,88;1212,0
2603454;Camaragibe;PE;bairro;VERA CRUZ;1;13;608,7;1;False;0;exato;1590,34;1212,0
2603454;Camaragibe;PE;bairro;VILA DA FÁBRICA;1;61;592,0;1;False;0;exato;1703,98;1212,0
2905701;Camaçari;BA;distrito;Camaçari;7;201;592,7;11;True;1;exato;1923,87;1212,0
2905701;Camaçari;BA;distrito;Monte Gordo;2;53;583,4;6;False;0;exato;2399,38;1212,0
4203204;Camboriú;SC;bairro;CENTRO;2;25;587,2;4;False;0;exato;3932,39;3000,0
4103701;Cambé;PR;distrito;Cambé;1;49;578,3;1;False;0;exato;2843,61;2000,0
2504009;Campina Grande;PB;bairro;JARDIM TAVARES;1;65;662,3;1;False;1;exato;6907,74;4000,0
2504009;Campina Grande;PB;bairro;CATOLÉ;1;14;633,2;2;False;0;exato;4944,0;3000,0
2504009;Campina Grande;PB;bairro;PRATA;1;79;585,6;1;False;0;exato;4369,13;2500,0
2504009;Campina Grande;PB;bairro;CRUZEIRO;2;30;567,2;2;False;0;exato;2546,94;1500,0
2504009;Campina Grande;PB;bairro;SANTO ANTÔNIO;1;18;615,2;2;False;0;exato;3180,66;1500,0
2504009;Campina Grande;PB;bairro;QUARENTA;1;27;589,7;1;False;0;exato;2488,99;1400,0
2504009;Campina Grande;PB;bairro;LIBERDADE;2;73;627,0;2;False;1;exato;2667,77;1290,0
2504009;Campina Grande;PB;bairro;BODOCONGO;1;14;578,8;1;False;0;exato;2111,98;1212,0
2504009;Campina Grande;PB;bairro;CONCEIÇÃO;1;13;621,4;1;False;0;exato;2665,42;1212,0
2504009;Campina Grande;PB;bairro;JOSÉ PINHEIRO;1;74;644,8;2;False;1;exato;1789,37;1212,0
2504009;Campina Grande;PB;bairro;MALVINAS;2;37;568,9;3;False;0;exato;1771,33;1212,0
2504009;Campina Grande;PB;bairro;SANTA CRUZ;1;62;624,5;1;False;0;exato;2185,04;1212,0
2504009;Campina Grande;PB;bairro;TRES IRMAS;1;54;616,9;1;False;0;exato;1951,39;1212,0
2504009;Campina Grande;PB;bairro;CENTRO;2;186;668,4;3;False;1;sem_match;;
3509502;Campinas;SP;distrito;Barão Geraldo;2;120;645,0;2;False;1;exato;6891,19;4000,0
3509502;Campinas;SP;distrito;Campinas;35;1791;605,8;47;True;6;exato;5247,76;3000,0
5002704;Campo Grande;MS;bairro;CHACARA CACHOEIRA;2;129;626,0;2;False;1;exato;12280,66;10000,0
5002704;Campo Grande;MS;bairro;JARDIM DOS ESTADOS;5;256;631,4;5;True;2;exato;14026,8;10000,0
5002704;Campo Grande;MS;bairro;SANTA FÉ;1;53;674,5;1;False;1;exato;12389,92;9000,0
5002704;Campo Grande;MS;bairro;CENTRO;5;311;592,8;6;True;1;exato;9473,16;6000,0
5002704;Campo Grande;MS;bairro;SOBRINHO;1;17;586,5;1;False;0;exato;4957,68;3500,0
5002704;Campo Grande;MS;bairro;AMAMBAÍ;1;37;590,6;1;False;0;exato;5245,55;3001,0
5002704;Campo Grande;MS;bairro;MONTE CASTELO;6;355;618,8;8;True;1;exato;4130,72;3000,0
5002704;Campo Grande;MS;bairro;JARDIM PAULISTA;2;69;606,6;2;False;0;exato;3824,45;2500,0
5002704;Campo Grande;MS;bairro;COOPHAVILA II;1;12;602,0;1;False;0;exato;2481,06;1850,0
5002704;Campo Grande;MS;bairro;JARDIM IMA;1;18;553,6;2;False;0;sem_match;;
5002704;Campo Grande;MS;bairro;JARDIM LEBLON;1;53;562,1;1;False;0;sem_match;;
5002704;Campo Grande;MS;bairro;VILA ALBA;1;14;666,9;1;False;1;sem_match;;
5002704;Campo Grande;MS;bairro;VILA TAVEIRPOLIS;1;77;633,4;1;False;1;sem_match;;
4104204;Campo Largo;PR;distrito;Campo Largo;2;52;580,2;4;False;0;exato;3218,8;2500,0
3301009;Campos dos Goytacazes;RJ;bairro;PARQUE TAMANDARÉ;1;17;624,8;1;False;1;exato;7707,8;5000,0
3301009;Campos dos Goytacazes;RJ;bairro;CENTRO;7;403;617,3;7;True;2;exato;5368,88;3600,0
3301009;Campos dos Goytacazes;RJ;bairro;PARQUE ROSÁRIO;1;20;603,3;2;False;0;exato;4289,36;2500,0
3301009;Campos dos Goytacazes;RJ;bairro;PARQUE TURF CLUB;2;34;607,3;2;False;1;exato;3767,69;2500,0
3301009;Campos dos Goytacazes;RJ;bairro;PARQUE LEOPOLDINA;1;79;652,1;2;False;1;exato;3436,39;2200,0
3301009;Campos dos Goytacazes;RJ;bairro;PARQUE FAZENDINHA;1;19;568,9;1;False;0;exato;3243,49;2100,0
3301009;Campos dos Goytacazes;RJ;bairro;PARQUE SANTO ANTÔNIO;1;24;600,5;1;False;0;exato;2114,56;1400,0
4304606;Canoas;RS;bairro;MARECHAL RONDON;2;78;570,2;5;False;0;exato;8841,31;6000,0
4304606;Canoas;RS;bairro;CENTRO;4;223;631,8;5;True;3;exato;6838,55;5000,0
4304606;Canoas;RS;bairro;NITEROI;1;47;612,5;1;False;0;exato;2725,6;2000,0
3510500;Caraguatatuba;SP;distrito;Caraguatatuba;6;137;598,9;9;True;0;exato;3592,99;2200,0
3510609;Carapicuíba;SP;distrito;Carapicuíba;7;205;580,4;10;True;1;exato;2562,68;2000,0
3201308;Cariacica;ES;bairro;CAMPO GRANDE;1;48;630,4;1;False;1;exato;3660,45;2600,0
3201308;Cariacica;ES;bairro;VILA CAPIXABA;1;95;585,1;1;False;0;exato;3184,4;2200,0
3201308;Cariacica;ES;bairro;SAO GERALDO;1;21;563,5;1;False;0;exato;2815,81;2001,0
3201308;Cariacica;ES;bairro;ITACIBA;1;16;536,3;1;False;0;exato;2467,16;1900,0
3201308;Cariacica;ES;bairro;SANTANA;1;37;633,7;1;False;1;exato;2425,85;1900,0
3201308;Cariacica;ES;bairro;BOA SORTE;1;22;574,8;1;False;0;exato;2259,11;1800,0
2604106;Caruaru;PE;bairro;UNIVERSITÁRIO;1;37;645,5;2;False;1;exato;7232,28;5000,0
2604106;Caruaru;PE;bairro;MAURICIO DE NASSAU;4;299;606,0;5;True;1;exato;5299,25;3000,0
2604106;Caruaru;PE;bairro;INDIANOPOLIS;1;51;596,3;3;False;0;exato;3949,08;2500,0
2604106;Caruaru;PE;bairro;BOA VISTA;1;13;593,1;1;False;0;exato;2425,19;1500,0
2604106;Caruaru;PE;bairro;MARIA AUXILIADORA;1;49;611,2;1;False;0;exato;2347,3;1500,0
2604106;Caruaru;PE;bairro;NOSSA SENHORA DAS DORES;1;77;609,9;1;False;0;exato;2003,13;1212,0
2604106;Caruaru;PE;bairro;PETRÓPOLIS;1;18;566,0;1;False;0;exato;2119,15;1212,0
2604106;Caruaru;PE;bairro;PINHEIRÓPOLIS;1;23;533,9;1;False;0;exato;1725,04;1212,0
2604106;Caruaru;PE;bairro;SALGADO;1;13;549,7;1;False;0;exato;1537,85;1212,0
2604106;Caruaru;PE;bairro;SAO FRANCISCO;1;28;600,0;2;False;0;exato;1906,06;1212,0
4104808;Cascavel;PR;bairro;CENTRO;5;156;610,0;6;True;0;exato;7433,36;5000,0
4104808;Cascavel;PR;bairro;COUNTRY;1;16;681,1;2;False;1;exato;7703,84;5000,0
4104808;Cascavel;PR;bairro;MARIA LUIZA;2;39;563,1;3;False;0;exato;6603,53;4000,0
4104808;Cascavel;PR;bairro;REGIÃO DO LAGO;1;105;640,9;1;False;0;exato;5791,27;3500,0
4104808;Cascavel;PR;bairro;FAG;1;26;566,4;1;False;0;exato;5706,05;2500,0
1502400;Castanhal;PA;distrito;Castanhal;11;446;601,5;12;True;0;exato;2076,84;1212,0
5205109;Catalão;GO;distrito;Catalão;7;246;598,5;10;True;0;exato;3751,41;2400,0
3511102;Catanduva;SP;bairro;CENTRO;2;48;596,1;2;False;0;exato;6551,75;3985,0
3511102;Catanduva;SP;bairro;PARQUE JOAQUIM LOPES;2;51;638,9;2;False;0;exato;4348,72;3200,0
3511102;Catanduva;SP;bairro;HIGIENOPOLIS;2;83;612,5;2;False;0;exato;4605,44;3000,0
3511102;Catanduva;SP;bairro;SAO FRANCISCO;1;15;656,6;1;False;1;exato;3086,45;2000,0
3511102;Catanduva;SP;bairro;PARQUE RESIDENCIAL FLAMINGO;1;18;543,5;1;False;0;sem_match;;
2303709;Caucaia;CE;bairro;CENTRO;1;42;546,0;1;False;0;exato;2640,83;1500,0
2303709;Caucaia;CE;bairro;PARQUE GUADALAJARA;1;11;512,4;1;False;0;exato;1930,9;1212,0
2303709;Caucaia;CE;bairro;PLANALTO CAUCAIA;1;31;585,5;1;False;0;exato;2453,93;1212,0
2303709;Caucaia;CE;bairro;CONJUNTO ARATURI;1;12;546,6;1;False;0;sem_match;;
2303709;Caucaia;CE;bairro;METROPOLE;1;13;550,8;1;False;0;sem_match;;
2103000;Caxias;MA;bairro;DINIR SILVA;2;85;542,0;2;False;0;exato;3910,26;1800,0
2103000;Caxias;MA;bairro;CENTRO;2;43;572,4;2;False;0;exato;2676,88;1500,0
4305108;Caxias do Sul;RS;bairro;EXPOSICAO;1;46;681,4;1;False;1;exato;8632,01;4800,0
4305108;Caxias do Sul;RS;bairro;SANVITTO;1;34;629,1;1;False;1;exato;6434,83;4500,0
4305108;Caxias do Sul;RS;bairro;SÃO PELEGRINO;1;31;624,0;1;False;1;fuzzy;5677,4;4000,0
4305108;Caxias do Sul;RS;bairro;CENTRO;2;83;608,9;3;False;1;exato;5257,38;3500,0
4305108;Caxias do Sul;RS;bairro;CINQÜENTENÁRIO;1;15;568,0;1;False;0;exato;5462,55;3500,0
4305108;Caxias do Sul;RS;bairro;PETRÓPOLIS;1;183;625,6;1;False;1;exato;4784,9;3450,0
4305108;Caxias do Sul;RS;bairro;ANA RECH;1;16;604,6;1;False;0;exato;3611,62;2700,0
4305108;Caxias do Sul;RS;bairro;NOSSA SENHORA DAS GRAÇAS;1;19;558,9;1;False;0;exato;2463,6;2000,0
4204202;Chapecó;SC;bairro;CENTRO;2;104;667,3;2;False;2;exato;10031,83;5000,0
4204202;Chapecó;SC;bairro;JARDIM ITÁLIA;2;34;606,6;2;False;1;exato;5745,77;4000,0
4204202;Chapecó;SC;bairro;UNIVERSITÁRIO;1;30;590,2;1;False;0;exato;4283,65;3000,0
4204202;Chapecó;SC;bairro;PARQUE DAS PALMEIRAS;1;61;596,3;1;False;0;exato;3091,91;2300,0
4204202;Chapecó;SC;bairro;EFAPI;1;18;602,5;1;False;0;exato;2996,43;2200,0
2103307;Codó;MA;distrito;Codó;2;43;569,6;2;False;0;exato;1423,45;1212,0
3201506;Colatina;ES;bairro;MARIA ESMÊNIA;1;30;644,3;1;False;1;fuzzy;2998,11;2000,0
3201506;Colatina;ES;bairro;COLUMBIA;1;25;545,7;1;False;0;exato;2369,2;1800,0
3201506;Colatina;ES;bairro;MORADA DO SOL;1;28;625,8;2;False;0;exato;2235,32;1500,0
4105805;Colombo;PR;bairro;ROCA GRANDE;2;48;587,9;2;False;0;exato;2883,82;2000,0
3118304;Conselheiro Lafaiete;MG;distrito;Conselheiro Lafaiete;4;98;650,0;5;True;3;exato;2948,52;2000,0
3118601;Contagem;MG;distrito;Parque Industrial;2;79;623,4;2;False;0;exato;3172,27;2001,0
3118601;Contagem;MG;distrito;Contagem;13;529;618,4;14;True;1;exato;2753,03;1850,0
3119401;Coronel Fabriciano;MG;bairro;CENTRO;1;16;587,8;1;False;0;exato;3654,43;2378,0
3513009;Cotia;SP;distrito;Cotia;14;579;597,7;19;True;2;exato;4491,12;2500,0
2304202;Crato;CE;bairro;VILA ALTA;1;14;582,4;1;False;0;exato;2123,9;1220,0
4204608;Criciúma;SC;bairro;CENTRO;3;187;622,6;4;True;0;exato;6645,98;5000,0
4204608;Criciúma;SC;bairro;COMERCIARIO;1;17;552,3;1;False;0;exato;7433,14;5000,0
3513504;Cubatão;SP;bairro;JARDIM CASQUEIRO;1;14;515,6;1;False;0;exato;3806,38;3000,0
3513504;Cubatão;SP;bairro;VILA NOVA;1;20;555,9;2;False;0;exato;3567,36;2500,0
3513504;Cubatão;SP;bairro;PARQUE SAO LUIS;1;54;573,2;1;False;0;exato;2598,52;2000,0
5103403;Cuiabá;MT;bairro;JARDIM ACLIMAÇÃO;1;64;636,0;1;False;1;exato;12330,12;10000,0
5103403;Cuiabá;MT;bairro;DUQUE DE CAXIAS;1;11;588,3;1;False;0;exato;12545,09;9000,0
5103403;Cuiabá;MT;bairro;QUILOMBO;1;148;652,3;1;False;1;exato;11608,05;7000,0
5103403;Cuiabá;MT;bairro;ARAES;1;23;576,2;2;False;0;exato;7391,2;5000,0
5103403;Cuiabá;MT;bairro;JARDIM TROPICAL;1;34;517,6;1;False;0;exato;6338,99;5000,0
5103403;Cuiabá;MT;bairro;BAU;3;278;602,3;3;True;0;exato;5320,11;4000,0
5103403;Cuiabá;MT;bairro;CENTRO-SUL;1;22;567,5;3;False;0;fuzzy;6401,76;4000,0
5103403;Cuiabá;MT;bairro;COXIPÓ;1;77;581,3;1;False;0;exato;5252,74;3800,0
5103403;Cuiabá;MT;bairro;CIDADE ALTA;1;59;669,5;1;False;1;exato;5706,01;3500,0
5103403;Cuiabá;MT;bairro;PORTO;1;17;701,0;1;False;1;exato;4929,26;3001,0
5103403;Cuiabá;MT;bairro;AREÃO;3;264;635,3;3;True;1;exato;4545,29;3000,0
5103403;Cuiabá;MT;bairro;DOM AQUINO;4;254;626,0;4;True;1;exato;4043,56;2500,0
5103403;Cuiabá;MT;bairro;CHÁCARA DOS PINHEIROS;1;68;583,0;1;False;0;exato;3553,01;2300,0
5103403;Cuiabá;MT;bairro;JARDIM UBIRAJARA;1;22;627,8;1;False;0;exato;3820,68;2200,0
5103403;Cuiabá;MT;bairro;MORADA DA SERRA;2;80;538,7;2;False;0;exato;3185,99;2001,0
5103403;Cuiabá;MT;bairro;BELA VISTA;1;56;553,1;1;False;0;exato;2725,19;1800,0
5103403;Cuiabá;MT;bairro;MORADA DO OURO - SETOR OESTE;1;10;514,6;1;False;0;sem_match;;
4106902;Curitiba;PR;bairro;BATEL;1;79;629,1;1;False;1;exato;14756,7;10000,0
4106902;Curitiba;PR;bairro;MOSSUNGUÊ;1;79;599,2;1;False;0;exato;14627,59;10000,0
4106902;Curitiba;PR;bairro;AHÚ;3;182;641,4;3;True;2;exato;11154,95;8000,0
4106902;Curitiba;PR;bairro;JUVEVÊ;2;27;602,8;2;False;0;exato;11231,01;8000,0
4106902;Curitiba;PR;bairro;CRISTO REI;2;226;639,9;2;False;1;exato;8958,5;6000,0
4106902;Curitiba;PR;bairro;SEMINARIO;1;58;653,1;1;False;1;exato;8574,54;6000,0
4106902;Curitiba;PR;bairro;BACACHERI;1;86;620,2;1;False;1;exato;7348,77;5500,0
4106902;Curitiba;PR;bairro;MERCÊS;1;26;612,1;1;False;0;exato;8479,54;5200,0
4106902;Curitiba;PR;bairro;PORTÃO;2;89;592,2;3;False;0;exato;6867,29;5000,0
4106902;Curitiba;PR;bairro;SÃO FRANCISCO;3;202;576,5;4;True;0;exato;7030,76;5000,0
4106902;Curitiba;PR;bairro;CENTRO;5;1207;629,9;5;True;2;exato;6595,93;4500,0
4106902;Curitiba;PR;bairro;REBOUÇAS;2;60;562,8;2;False;0;exato;6517,98;4500,0
4106902;Curitiba;PR;bairro;BOA VISTA;2;112;630,4;3;False;1;exato;6224,61;4067,5
4106902;Curitiba;PR;bairro;CAMPO COMPRIDO;2;35;620,0;2;False;1;exato;8185,82;4000,0
4106902;Curitiba;PR;bairro;JARDIM BOTANICO;1;65;607,5;2;False;0;exato;5926,76;4000,0
4106902;Curitiba;PR;bairro;SANTA FELICIDADE;1;52;595,3;2;False;0;exato;6948,93;4000,0
4106902;Curitiba;PR;bairro;HAUER;2;211;612,3;2;False;1;exato;4836,97;3500,0
4106902;Curitiba;PR;bairro;NOVO MUNDO;1;35;603,4;1;False;0;exato;4672,9;3200,0
4106902;Curitiba;PR;bairro;BAIRRO ALTO;2;61;569,4;2;False;0;exato;4363,54;3000,0
4106902;Curitiba;PR;bairro;BOQUEIRAO;3;287;574,4;5;True;1;exato;4446,47;3000,0
4106902;Curitiba;PR;bairro;XAXIM;3;155;613,0;3;True;1;exato;4308,03;3000,0
4106902;Curitiba;PR;bairro;CAJURU;2;37;571,1;2;False;0;exato;3178,25;2200,0
4106902;Curitiba;PR;bairro;SÍTIO CERCADO;2;85;583,4;2;False;0;exato;2796,52;2100,0
4106902;Curitiba;PR;bairro;CIC;1;249;566,6;1;False;0;sem_match;;
4106902;Curitiba;PR;bairro;CIDADE INDUSTRIAL;3;79;571,0;5;True;0;sem_match;;
3513801;Diadema;SP;bairro;CENTRO;8;254;588,9;12;True;0;exato;4255,57;3000,0
3513801;Diadema;SP;bairro;PIRAPORINHA;1;14;576,3;2;False;0;exato;2551,32;2000,0
3513801;Diadema;SP;bairro;TABOAO;1;14;552,1;1;False;0;exato;2431,01;1900,0
3513801;Diadema;SP;bairro;VILA NOGUEIRA;1;20;574,8;1;False;0;exato;2177,17;1800,0
3513801;Diadema;SP;bairro;CAMPANARIO;1;50;558,4;1;False;0;exato;2060,2;1500,0
3513801;Diadema;SP;bairro;PARQUE GALICIA;1;26;566,1;1;False;0;sem_match;;
3513801;Diadema;SP;bairro;PARQUE JABUTICABEIRAS;1;29;638,3;1;False;0;sem_match;;
3122306;Divinópolis;MG;distrito;Divinópolis;9;312;660,0;10;True;6;exato;3085,7;2000,0
5003702;Dourados;MS;distrito;Dourados;5;217;638,2;7;True;4;exato;3546,88;2000,0
3301702;Duque de Caxias;RJ;bairro;CENTRO;7;354;576,3;11;True;1;exato;2424,23;1500,0
3301702;Duque de Caxias;RJ;bairro;VILA SÃO LUÍS;1;52;524,6;2;False;0;exato;2381,08;1500,0
3301702;Duque de Caxias;RJ;bairro;SANTA CRUZ DA SERRA;1;70;632,1;1;False;1;exato;2000,28;1400,0
3301702;Duque de Caxias;RJ;bairro;CHACARAS ARCAMPO;1;70;601,7;1;False;0;exato;2006,03;1300,0
3301702;Duque de Caxias;RJ;bairro;CHÁCARAS RIO-PETRÓPOLIS;1;24;498,0;1;False;0;exato;1642,0;1212,0
3301702;Duque de Caxias;RJ;bairro;JARDIM LEAL;1;11;506,4;1;False;0;sem_match;;
3301702;Duque de Caxias;RJ;bairro;JARDIM VINTE E CINCO DE AGOSTO;2;82;575,4;4;False;0;sem_match;;
3301702;Duque de Caxias;RJ;bairro;PARQUE ESPERANÇA;1;20;533,2;1;False;0;sem_match;;
3301702;Duque de Caxias;RJ;bairro;PARQUE LAFAIETE;2;35;554,4;3;False;0;sem_match;;
3301702;Duque de Caxias;RJ;bairro;PARQUE MARILANDIA;1;64;535,2;1;False;0;sem_match;;
3301702;Duque de Caxias;RJ;bairro;PARQUE PAULICÉIA;1;14;543,6;1;False;0;sem_match;;
3301702;Duque de Caxias;RJ;bairro;PARQUE XERÉM;1;18;556,8;1;False;0;sem_match;;
3301702;Duque de Caxias;RJ;bairro;VILA SANTA CRUZ;1;10;604,2;1;False;0;sem_match;;
3515004;Embu das Artes;SP;bairro;TINGIDOR;1;19;575,4;2;False;0;exato;2818,3;2000,0
3515004;Embu das Artes;SP;bairro;ESTANCIA DE EMBUARAMA;1;11;557,2;1;False;0;exato;2231,29;1900,0
3515004;Embu das Artes;SP;bairro;JARDIM SANTA EMILIA;1;23;526,5;1;False;0;exato;1864,09;1500,0
4307005;Erechim;RS;bairro;CENTRO;1;23;601,2;1;False;0;exato;5281,94;3500,0
4307005;Erechim;RS;bairro;FÁTIMA;1;49;633,1;1;False;1;exato;5179,32;3500,0
2910727;Eunápolis;BA;distrito;Eunápolis;3;107;619,2;3;True;1;exato;2117,32;1212,0
4107652;Fazenda Rio Grande;PR;bairro;ESTADOS;1;22;557,7;1;False;0;exato;2379,17;2000,0
2910800;Feira de Santana;BA;bairro;CAPUCHINHOS;1;48;648,0;2;False;1;exato;4286,96;2500,0
2910800;Feira de Santana;BA;bairro;SANTA MÔNICA;1;36;715,8;1;False;1;exato;5637,19;2500,0
2910800;Feira de Santana;BA;bairro;CIDADE NOVA;2;25;582,2;2;False;0;exato;3139,97;2000,0
2910800;Feira de Santana;BA;bairro;PONTO CENTRAL;4;306;641,7;4;True;2;exato;3452,43;2000,0
2910800;Feira de Santana;BA;bairro;PARQUE GETÚLIO VARGAS;1;25;578,2;1;False;0;exato;3252,88;1500,0
2910800;Feira de Santana;BA;bairro;SERRARIA BRASIL;2;43;602,6;2;False;0;exato;2745,34;1500,0
2910800;Feira de Santana;BA;bairro;CENTRO;3;92;586,9;4;True;1;exato;2689,47;1212,0
2910800;Feira de Santana;BA;bairro;JARDIM CRUZEIRO;1;24;587,1;1;False;0;exato;2053,64;1212,0
2910800;Feira de Santana;BA;bairro;MANGABEIRA;1;20;585,1;1;False;0;exato;2226,32;1212,0
2910800;Feira de Santana;BA;bairro;TOMBA;1;19;614,0;1;False;0;exato;1780,36;1212,0
2910800;Feira de Santana;BA;bairro;ALTO DO CRUZEIRO;1;114;635,1;1;False;0;sem_match;;
2910800;Feira de Santana;BA;bairro;SÃO JOÃO;1;130;639,4;1;False;1;sem_match;;
3515707;Ferraz de Vasconcelos;SP;distrito;Ferraz de Vasconcelos;4;110;558,7;4;True;0;exato;2311,84;1800,0
4205407;Florianópolis;SC;bairro;CENTRO;8;698;655,1;8;True;6;exato;10816,47;7500,0
4205407;Florianópolis;SC;bairro;CORREGO GRANDE;1;19;590,3;1;False;0;exato;9079,22;6500,0
4205407;Florianópolis;SC;bairro;ITACORUBI;3;92;636,0;3;True;2;exato;8837,01;6000,0
4205407;Florianópolis;SC;bairro;BALNEARIO;1;18;568,7;1;False;0;exato;7656,89;5001,0
4205407;Florianópolis;SC;bairro;COQUEIROS;1;30;551,0;1;False;0;exato;7647,98;5000,0
4205407;Florianópolis;SC;bairro;AGRONÔMICA;1;75;623,3;1;False;0;exato;8740,8;4000,0
4205407;Florianópolis;SC;bairro;JARDIM ATLANTICO;1;61;662,4;1;False;1;exato;5867,13;3500,0
4205407;Florianópolis;SC;bairro;JURERE;1;13;640,4;1;False;1;exato;4052,52;3000,0
4205407;Florianópolis;SC;bairro;SACO GRANDE;1;106;558,5;2;False;0;exato;4065,79;2500,0
4205407;Florianópolis;SC;bairro;VARGEM GRANDE;1;10;620,5;1;False;0;exato;3455,92;2500,0
4205407;Florianópolis;SC;bairro;COSTEIRA DO PIRAJUBAE;1;29;590,2;1;False;0;exato;3086,97;2200,0
4205407;Florianópolis;SC;bairro;CAMPECHE;2;48;616,0;2;False;0;sem_match;;
4205407;Florianópolis;SC;bairro;INGLESES DO RIO VERMELHO;3;72;587,1;4;True;0;sem_match;;
4205407;Florianópolis;SC;bairro;LAGOA DA CONCEICAO;1;16;643,1;2;False;1;sem_match;;
5208004;Formosa;GO;distrito;Formosa;3;61;580,3;4;True;0;exato;2903,36;1600,0
2304400;Fortaleza;CE;bairro;COCO;2;28;614,6;2;False;0;exato;13372,43;10000,0
2304400;Fortaleza;CE;bairro;MEIRELES;1;62;578,5;1;False;0;exato;12148,1;10000,0
2304400;Fortaleza;CE;bairro;ALDEOTA;4;356;668,6;4;True;2;exato;10572,06;8000,0
2304400;Fortaleza;CE;bairro;DIONISIO TORRES;2;187;685,4;3;False;2;exato;10489,85;7000,0
2304400;Fortaleza;CE;bairro;FATIMA;2;53;674,3;2;False;1;exato;7408,88;5000,0
2304400;Fortaleza;CE;bairro;VARJOTA;2;288;697,5;3;False;2;exato;8044,75;5000,0
2304400;Fortaleza;CE;bairro;MUCURIPE;1;19;507,1;1;False;0;exato;8100,2;4500,0
2304400;Fortaleza;CE;bairro;ENGENHEIRO LUCIANO CAVALCANTE;2;57;565,4;3;False;0;exato;7003,12;4000,0
2304400;Fortaleza;CE;bairro;PRAIA DE IRACEMA;1;34;643,7;1;False;1;exato;6541,06;4000,0
2304400;Fortaleza;CE;bairro;SÃO GERARDO;1;15;545,1;1;False;0;exato;5344,28;4000,0
2304400;Fortaleza;CE;bairro;BENFICA;1;220;656,2;1;False;1;exato;5693,63;3500,0
2304400;Fortaleza;CE;bairro;CIDADE DOS FUNCIONARIOS;2;174;633,5;2;False;1;exato;4774,82;3000,0
2304400;Fortaleza;CE;bairro;JOAQUIM TÁVORA;2;38;595,4;2;False;1;exato;4989,02;3000,0
2304400;Fortaleza;CE;bairro;JOSE BONIFACIO;1;94;644,2;1;False;1;exato;4645,42;3000,0
2304400;Fortaleza;CE;bairro;PARQUE MANIBURA;1;39;579,6;2;False;0;exato;5186,83;3000,0
2304400;Fortaleza;CE;bairro;PARQUELÂNDIA;1;32;632,8;1;False;1;exato;4206,72;2500,0
2304400;Fortaleza;CE;bairro;MARAPONGA;1;58;591,9;1;False;0;exato;3550,24;2424,0
2304400;Fortaleza;CE;bairro;CENTRO;4;329;653,9;5;True;2;exato;4192,28;2400,0
2304400;Fortaleza;CE;bairro;JACARECANGA;1;48;561,8;1;False;0;exato;4012,54;2000,0
2304400;Fortaleza;CE;bairro;JÓQUEI CLUBE;1;33;595,2;1;False;0;exato;3059,4;2000,0
2304400;Fortaleza;CE;bairro;MONTESE;1;22;556,6;2;False;0;exato;2770,84;1900,0
2304400;Fortaleza;CE;bairro;FARIAS BRITO;1;95;629,1;2;False;1;exato;2962,88;1800,0
2304400;Fortaleza;CE;bairro;PRESIDENTE KENNEDY;2;156;684,4;2;False;2;exato;3381,93;1800,0
2304400;Fortaleza;CE;bairro;VILA UNIÃO;1;46;654,0;1;False;1;exato;3332,63;1700,0
2304400;Fortaleza;CE;bairro;RODOLFO TEÓFILO;2;42;560,9;2;False;0;exato;2915,06;1620,0
2304400;Fortaleza;CE;bairro;MESSEJANA;7;158;576,5;8;True;0;exato;2854,13;1600,0
2304400;Fortaleza;CE;bairro;CONJUNTO CEARA I;1;20;583,7;1;False;0;exato;2505,8;1500,0
2304400;Fortaleza;CE;bairro;JOSE DE ALENCAR;1;34;779,3;2;False;1;exato;4854,98;1500,0
2304400;Fortaleza;CE;bairro;PARANGABA;3;223;597,9;3;True;2;exato;2620,58;1500,0
2304400;Fortaleza;CE;bairro;MANUEL DIAS BRANCO;1;16;618,3;1;False;0;exato;4113,55;1366,0
2304400;Fortaleza;CE;bairro;ANTÔNIO BEZERRA;2;57;572,4;3;False;0;exato;2165,14;1300,0
2304400;Fortaleza;CE;bairro;BELA VISTA;1;37;687,9;1;False;1;exato;2163,64;1300,0
2304400;Fortaleza;CE;bairro;CONJUNTO CEARA II;1;24;558,5;2;False;0;exato;2194,22;1300,0
2304400;Fortaleza;CE;bairro;EDSON QUEIROZ;5;225;691,1;5;True;4;exato;3868,77;1300,0
2304400;Fortaleza;CE;bairro;ITAOCA;1;26;532,1;1;False;0;exato;2186,75;1300,0
2304400;Fortaleza;CE;bairro;PASSARÉ;2;26;565,0;2;False;0;exato;2807,27;1300,0
2304400;Fortaleza;CE;bairro;ALVARO WEYNE;2;70;547,3;2;False;0;exato;2176,09;1220,0
2304400;Fortaleza;CE;bairro;BARRA DO CEARÁ;1;152;542,8;1;False;0;exato;1606,63;1212,0
2304400;Fortaleza;CE;bairro;CARLITO PAMPLONA;1;12;559,9;2;False;0;exato;1822,87;1212,0
2304400;Fortaleza;CE;bairro;CONJUNTO ESPERANÇA;3;191;591,8;3;True;0;exato;1794,34;1212,0
2304400;Fortaleza;CE;bairro;DEMOCRITO ROCHA;1;13;556,1;1;False;0;exato;2174,53;1212,0
2304400;Fortaleza;CE;bairro;FLORESTA;1;14;521,8;1;False;0;exato;1507,12;1212,0
2304400;Fortaleza;CE;bairro;HENRIQUE JORGE;2;27;558,0;3;False;0;exato;2245,68;1212,0
2304400;Fortaleza;CE;bairro;JANGURUSSU;3;62;532,8;3;True;0;exato;1691,16;1212,0
2304400;Fortaleza;CE;bairro;JARDIM DAS OLIVEIRAS;1;11;556,8;1;False;0;exato;1806,71;1212,0
2304400;Fortaleza;CE;bairro;JOAO XXIII;1;24;572,6;1;False;0;exato;1918,43;1212,0
2304400;Fortaleza;CE;bairro;LAGOA REDONDA;1;11;574,8;3;False;0;exato;2147,56;1212,0
2304400;Fortaleza;CE;bairro;OLAVO OLIVEIRA;1;54;579,8;1;False;0;exato;1580,91;1212,0
2304400;Fortaleza;CE;bairro;PADRE ANDRADE;1;41;616,6;1;False;0;exato;2177,08;1212,0
2304400;Fortaleza;CE;bairro;PARQUE DOIS IRMAOS;1;87;603,5;1;False;0;exato;2229,66;1212,0
2304400;Fortaleza;CE;bairro;PARQUE SANTA ROSA;1;25;532,5;1;False;0;exato;1631,19;1212,0
2304400;Fortaleza;CE;bairro;PREFEITO JOSÉ WALTER;3;81;595,2;4;True;0;exato;2003,26;1212,0
2304400;Fortaleza;CE;bairro;SERRINHA;1;74;596,0;1;False;0;exato;1794,06;1212,0
2304400;Fortaleza;CE;bairro;SIQUEIRA;2;51;544,8;2;False;0;exato;1460,33;1212,0
2304400;Fortaleza;CE;bairro;VICENTE PINZON;1;41;614,2;2;False;0;exato;2241,61;1212,0
2304400;Fortaleza;CE;bairro;VILA PERI;4;218;582,1;4;True;0;exato;1882,42;1212,0
2304400;Fortaleza;CE;bairro;VILA VELHA;2;44;576,2;4;False;0;exato;1960,13;1212,0
2304400;Fortaleza;CE;bairro;BOA VISTA-CASTELÃO;1;28;529,8;1;False;0;sem_match;;
2304400;Fortaleza;CE;bairro;RACHEL DE QUEIROZ;1;11;562,7;1;False;0;sem_match;;
2304400;Fortaleza;CE;bairro;SAPIRANGA-COITÉ;1;87;659,0;2;False;1;sem_match;;
2304400;Fortaleza;CE;bairro;TAUAPE;3;66;590,2;3;True;1;sem_match;;
4108304;Foz do Iguaçu;PR;bairro;MONJOLO;1;17;532,8;1;False;0;exato;7989,77;5500,0
4108304;Foz do Iguaçu;PR;bairro;CENTRO;4;186;622,7;4;True;1;exato;6628,65;4000,0
4108304;Foz do Iguaçu;PR;bairro;KLP;2;65;618,2;2;False;1;exato;3963,93;2500,0
4108304;Foz do Iguaçu;PR;bairro;PANORAMA;1;18;540,7;2;False;0;exato;3334,45;2200,0
4108304;Foz do Iguaçu;PR;bairro;JARDIM SAO PAULO;1;24;582,0;1;False;0;sem_match;;
4108304;Foz do Iguaçu;PR;bairro;JD IMPERATRIZ;1;19;596,5;1;False;0;sem_match;;
4108304;Foz do Iguaçu;PR;bairro;VILA A;1;21;557,2;1;False;0;sem_match;;
3516200;Franca;SP;distrito;Franca;12;417;625,1;17;True;1;exato;3090,12;2000,0
3516309;Francisco Morato;SP;distrito;Francisco Morato;1;12;559,4;2;False;0;exato;1955,65;1500,0
3516408;Franco da Rocha;SP;distrito;Franco da Rocha;2;63;596,7;5;False;0;exato;2470,08;2000,0
2606002;Garanhuns;PE;bairro;SANTO ANTÔNIO;1;90;601,3;1;False;0;exato;3013,18;1900,0
2606002;Garanhuns;PE;bairro;HELIÓPOLIS;1;24;568,3;1;False;0;exato;3178,54;1212,0
2606002;Garanhuns;PE;bairro;SÃO JOSÉ;1;42;583,3;1;False;0;exato;2114,72;1212,0
5208707;Goiânia;GO;distrito;Goiânia;63;3395;638,7;85;True;18;exato;4653,31;2500,0
3127701;Governador Valadares;MG;bairro;CENTRO;1;54;671,8;1;False;1;exato;6999,96;3500,0
3127701;Governador Valadares;MG;bairro;VILA RICA;1;14;554,8;1;False;0;exato;3130,35;2000,0
3127701;Governador Valadares;MG;bairro;SÃO PAULO;1;52;629,9;1;False;0;exato;2449,22;1600,0
4309209;Gravataí;RS;distrito;Gravataí;4;124;592,8;6;True;1;exato;2740,69;2000,0
3202405;Guarapari;ES;bairro;PRAIA DO MORRO;1;27;617,3;1;False;0;exato;5332,75;3500,0
4109401;Guarapuava;PR;bairro;CENTRO;5;145;613,8;7;True;1;exato;6061,62;4000,0
4109401;Guarapuava;PR;bairro;ALTO DA XV;1;56;625,8;2;False;1;exato;5177,52;3000,0
4109401;Guarapuava;PR;bairro;BATEL;1;33;551,9;3;False;0;exato;4276,32;3000,0
4109401;Guarapuava;PR;bairro;VILA BELA;1;11;640,0;1;False;1;exato;2575,43;2000,0
3518404;Guaratinguetá;SP;bairro;PORTAL DAS COLINAS;2;63;611,2;2;False;0;exato;10149,93;8000,0
3518404;Guaratinguetá;SP;bairro;CAMPO DO GALVAO;1;10;626,5;1;False;0;exato;3605,45;2400,0
3518404;Guaratinguetá;SP;bairro;FIGUEIRA;1;20;568,5;1;False;0;exato;3164,51;2000,0
3518404;Guaratinguetá;SP;bairro;CENTRO;1;11;552,5;2;False;0;sem_match;;
3518404;Guaratinguetá;SP;bairro;CHACARA SELLES;1;58;638,8;1;False;0;sem_match;;
3518701;Guarujá;SP;bairro;PITANGUEIRAS;1;17;609,6;1;False;0;exato;7294,78;5000,0
3518701;Guarujá;SP;bairro;PARQUE ESTUARIO;2;32;565,1;2;False;0;exato;2625,28;2000,0
3518701;Guarujá;SP;bairro;VILA ALZIRA;1;26;578,2;1;False;0;sem_match;;
3518701;Guarujá;SP;bairro;VILA AUREA VICENTE DE CARVALHO;1;14;577,3;1;False;0;sem_match;;
3518701;Guarujá;SP;bairro;VILA JULIA;1;34;595,0;1;False;0;sem_match;;
3518701;Guarujá;SP;bairro;VILA MAIA;1;25;559,0;1;False;0;sem_match;;
3518701;Guarujá;SP;bairro;VILA SANTA ROSA;1;81;574,2;1;False;0;sem_match;;
3518800;Guarulhos;SP;bairro;CENTRO;3;178;580,1;4;True;0;exato;8561,54;5700,0
3518800;Guarulhos;SP;bairro;VILA AUGUSTA;2;88;609,7;2;False;1;exato;6723,4;5000,0
3518800;Guarulhos;SP;bairro;MACEDO;2;100;637,1;2;False;1;exato;5818,02;4000,0
3518800;Guarulhos;SP;bairro;VILA GALVAO;3;67;543,9;5;True;0;exato;5826,06;4000,0
3518800;Guarulhos;SP;bairro;PICANCO;1;15;581,6;1;False;0;exato;5184,65;3200,0
3518800;Guarulhos;SP;bairro;GOPOUVA;1;12;561,3;2;False;0;exato;4214,62;3000,0
3518800;Guarulhos;SP;bairro;JARDIM VILA GALVAO;1;16;576,3;1;False;0;exato;3028,56;2000,0
3518800;Guarulhos;SP;bairro;VILA BARROS;1;27;567,2;1;False;0;exato;2495,77;2000,0
3518800;Guarulhos;SP;bairro;CIDADE PARQUE ALVORADA;1;18;530,2;1;False;0;sem_match;;
3518800;Guarulhos;SP;bairro;CIDADE SERODIO;1;16;575,8;1;False;0;sem_match;;
3518800;Guarulhos;SP;bairro;JARDIM ADRIANA;2;106;556,0;2;False;0;sem_match;;
3518800;Guarulhos;SP;bairro;JARDIM AIDA;1;21;641,9;1;False;1;sem_match;;
3518800;Guarulhos;SP;bairro;JARDIM ALBERTINA;1;15;575,9;1;False;0;sem_match;;
3518800;Guarulhos;SP;bairro;JARDIM ALMEIDA PRADO;1;57;527,0;1;False;0;sem_match;;
3518800;Guarulhos;SP;bairro;JARDIM ANGELICA;1;12;587,5;1;False;0;sem_match;;
3518800;Guarulhos;SP;bairro;JARDIM BOM CLIMA;1;14;607,2;1;False;0;sem_match;;
3518800;Guarulhos;SP;bairro;JARDIM COCAIA;2;67;537,1;2;False;0;sem_match;;
3518800;Guarulhos;SP;bairro;JARDIM CUMBICA;2;65;589,8;2;False;0;sem_match;;
3518800;Guarulhos;SP;bairro;JARDIM DOS AFONSOS;1;28;535,1;1;False;0;sem_match;;
3518800;Guarulhos;SP;bairro;JARDIM GRACINDA;1;14;578,6;1;False;0;sem_match;;
3518800;Guarulhos;SP;bairro;JARDIM MAIA;1;89;672,1;2;False;1;sem_match;;
3518800;Guarulhos;SP;bairro;JARDIM PRESIDENTE DUTRA;2;121;570,9;4;False;0;sem_match;;
3518800;Guarulhos;SP;bairro;JARDIM SAO DOMINGOS;1;19;561,3;1;False;0;sem_match;;
3518800;Guarulhos;SP;bairro;JARDIM SAO JOSE;1;28;538,3;1;False;0;sem_match;;
3518800;Guarulhos;SP;bairro;JARDIM TIJUCO;1;31;626,5;1;False;1;sem_match;;
3518800;Guarulhos;SP;bairro;PARQUE CONTINENTAL I;2;32;565,5;2;False;0;sem_match;;
3518800;Guarulhos;SP;bairro;PARQUE CONTINENTAL II;1;17;577,1;1;False;0;sem_match;;
3518800;Guarulhos;SP;bairro;PARQUE RENATO MAIA;1;13;547,2;2;False;0;sem_match;;
3518800;Guarulhos;SP;bairro;PARQUE SAO MIGUEL;1;30;593,4;1;False;0;sem_match;;
3518800;Guarulhos;SP;bairro;PORTAL DOS GRAMADOS;2;53;571,7;2;False;0;sem_match;;
3518800;Guarulhos;SP;bairro;VILA CAMARGOS;1;38;612,6;1;False;0;sem_match;;
3518800;Guarulhos;SP;bairro;VILA DAS BANDEIRAS;1;22;595,1;1;False;0;sem_match;;
3518800;Guarulhos;SP;bairro;VILA DAS PALMEIRAS;2;35;579,8;2;False;0;sem_match;;
3518800;Guarulhos;SP;bairro;VILA ENDRES;1;27;564,5;1;False;0;sem_match;;
3518800;Guarulhos;SP;bairro;VILA FLORIDA;1;38;552,6;1;False;0;sem_match;;
3518800;Guarulhos;SP;bairro;VILA HERMINIA;1;15;572,2;1;False;0;sem_match;;
3518800;Guarulhos;SP;bairro;VILA LEONOR;1;27;695,4;1;False;1;sem_match;;
3518800;Guarulhos;SP;bairro;VILA PROGRESSO;1;32;545,6;2;False;0;sem_match;;
3518800;Guarulhos;SP;bairro;VILA ROSALIA;2;47;581,4;2;False;0;sem_match;;
3518800;Guarulhos;SP;bairro;VILA SAO JOAO;1;17;546,0;1;False;0;sem_match;;
3518800;Guarulhos;SP;bairro;VILA SILVEIRA;1;82;554,5;1;False;0;sem_match;;
3518800;Guarulhos;SP;bairro;VILA SIRENA;1;48;645,8;1;False;1;sem_match;;
3519071;Hortolândia;SP;bairro;JARDIM AMANDA I;1;10;577,6;1;False;0;sem_match;;
3519071;Hortolândia;SP;bairro;JARDIM SANTA IZABEL;1;31;576,9;1;False;0;sem_match;;
3519071;Hortolândia;SP;bairro;PARQUE ORTOLANDIA;1;19;582,9;1;False;0;sem_match;;
3519071;Hortolândia;SP;bairro;REMANSO CAMPINEIRO;2;68;585,9;2;False;0;sem_match;;
3519071;Hortolândia;SP;bairro;VILA SAO FRANCISCO;1;57;616,9;1;False;0;sem_match;;
2606804;Igarassu;PE;bairro;CRUZ DE REBOUCAS;1;34;502,0;1;False;0;exato;2125,48;1250,0
2606804;Igarassu;PE;bairro;CRUZ DO REBOUCAS;1;38;611,4;2;False;0;fuzzy;2125,48;1250,0
2913606;Ilhéus;BA;bairro;CIDADE NOVA;2;82;620,2;3;False;0;exato;9006,36;6000,0
2913606;Ilhéus;BA;bairro;BOA VISTA;1;10;497,0;1;False;0;exato;6281,03;4000,0
2913606;Ilhéus;BA;bairro;CENTRO;1;38;545,3;1;False;0;exato;4935,16;3000,0
2913606;Ilhéus;BA;bairro;CONQUISTA;1;22;618,7;1;False;0;exato;2210,19;1212,0
2913606;Ilhéus;BA;bairro;SALOBRINHO;1;56;598,1;1;False;0;exato;2352,39;1212,0
2105302;Imperatriz;MA;distrito;Imperatriz;9;336;596,8;15;True;2;exato;2547,01;1215,0
3520509;Indaiatuba;SP;distrito;Indaiatuba;11;587;619,0;13;True;5;exato;4974,34;3000,0
3131307;Ipatinga;MG;bairro;DAS ÁGUAS;1;48;746,5;1;False;1;exato;9841,73;8000,0
3131307;Ipatinga;MG;bairro;CARIRU;2;135;698,9;2;False;2;exato;8530,03;6000,0
3131307;Ipatinga;MG;bairro;HORTO;1;47;633,7;1;False;0;exato;9649,03;6000,0
3131307;Ipatinga;MG;bairro;CIDADE NOBRE;1;111;695,4;2;False;1;exato;6555,29;4000,0
3131307;Ipatinga;MG;bairro;CANAA;1;20;603,1;1;False;0;exato;2481,39;1800,0
3131307;Ipatinga;MG;bairro;CENTRO;2;81;593,3;4;False;0;exato;2485,56;1500,0
2802908;Itabaiana;SE;bairro;SERRANO;2;96;650,3;2;False;1;exato;2687,16;1400,0
2802908;Itabaiana;SE;bairro;CENTRO;2;41;593,3;3;False;0;exato;2650,81;1212,0
2802908;Itabaiana;SE;bairro;ROTARY CLUB DE ITABAIANA;1;59;660,2;1;False;1;sem_match;;
3131703;Itabira;MG;distrito;Itabira;5;126;638,5;5;True;2;exato;2968,98;2000,0
3301900;Itaboraí;RJ;bairro;OUTEIRO DAS PEDRAS;1;31;642,5;2;False;1;exato;2925,85;2000,0
3301900;Itaboraí;RJ;bairro;VENDA DAS PEDRAS;1;12;540,9;1;False;0;exato;2964,1;2000,0
3301900;Itaboraí;RJ;bairro;AMPLIAÇÃO;1;10;537,3;1;False;0;exato;1883,54;1300,0
3301900;Itaboraí;RJ;bairro;NANCILANDIA;1;20;541,9;1;False;0;exato;2073,27;1300,0
3301900;Itaboraí;RJ;bairro;CENTRO;2;69;600,8;3;False;0;sem_match;;
3301900;Itaboraí;RJ;bairro;CENTRO (MANILHA);1;17;576,3;1;False;0;sem_match;;
3301900;Itaboraí;RJ;bairro;JARDIM PLANALTO;1;17;567,3;1;False;0;sem_match;;
3301900;Itaboraí;RJ;bairro;VILA BRASIL (MANILHA);1;17;535,5;1;False;0;sem_match;;
2914802;Itabuna;BA;bairro;ZILDOLANDIA;1;27;650,8;1;False;1;exato;7600,78;5000,0
2914802;Itabuna;BA;bairro;CENTRO;4;270;623,1;5;True;1;exato;5688,37;3100,0
2914802;Itabuna;BA;bairro;JARDIM GRAPIUNA;1;19;550,4;1;False;0;exato;2347,51;1212,0
1301902;Itacoatiara;AM;bairro;CENTRO;1;33;581,3;1;False;0;exato;3603,35;2000,0
3302007;Itaguaí;RJ;distrito;Itaguaí;4;140;559,3;8;True;0;exato;2208,9;1500,0
1503606;Itaituba;PA;bairro;BELA VISTA;2;73;634,5;3;False;1;exato;2214,78;1212,0
4208203;Itajaí;SC;bairro;CENTRO;3;83;603,3;3;True;1;exato;6892,44;5000,0
4208203;Itajaí;SC;bairro;FAZENDA;1;69;653,6;2;False;1;exato;6325,64;4000,0
4208203;Itajaí;SC;bairro;RESSACADA;1;33;586,3;2;False;0;exato;5312,61;4000,0
3522109;Itanhaém;SP;bairro;CENTRO;1;16;550,8;3;False;0;exato;6889,2;4800,0
3522109;Itanhaém;SP;bairro;PRAIA DO SONHO;1;24;586,1;1;False;0;fuzzy;4762,37;3500,0
3522208;Itapecerica da Serra;SP;distrito;Itapecerica da Serra;5;147;580,9;7;True;0;exato;2519,3;1800,0
3302205;Itaperuna;RJ;distrito;Itaperuna;3;104;621,8;5;True;0;exato;2734,0;1600,0
3522307;Itapetininga;SP;distrito;Itapetininga;10;305;596,8;12;True;0;exato;3138,64;2000,0
3522505;Itapevi;SP;distrito;Itapevi;3;102;579,3;4;True;0;exato;2297,74;1800,0
2306405;Itapipoca;CE;bairro;ALTO ALEGRE;1;15;616,4;1;False;0;exato;1383,34;1212,0
3523107;Itaquaquecetuba;SP;bairro;ESTACAO;1;19;546,1;1;False;0;exato;2730,16;2000,0
3523107;Itaquaquecetuba;SP;bairro;VILA VIRGINIA;1;39;640,0;1;False;0;exato;2732,3;2000,0
3523107;Itaquaquecetuba;SP;bairro;CENTRO;1;28;625,8;1;False;0;exato;3129,05;1800,0
3523107;Itaquaquecetuba;SP;bairro;JARDIM GONCALVES;1;15;531,3;1;False;0;sem_match;;
3523107;Itaquaquecetuba;SP;bairro;VILA ZEFERINA;1;16;557,4;1;False;0;sem_match;;
3523404;Itatiba;SP;distrito;Itatiba;7;196;607,7;11;True;2;exato;3838,92;2500,0
3523909;Itu;SP;distrito;Itu;9;289;627,1;10;True;3;exato;3478,33;2200,0
3134202;Ituiutaba;MG;bairro;CENTRO;2;63;604,7;3;False;0;exato;4115,94;2400,0
3134202;Ituiutaba;MG;bairro;ALVORADA;1;31;636,6;1;False;0;exato;2529,78;1800,0
3134202;Ituiutaba;MG;bairro;SETOR NORTE;1;33;584,2;1;False;0;exato;2579,59;1500,0
5211503;Itumbiara;GO;distrito;Itumbiara;4;71;617,7;8;True;2;exato;3178,95;2000,0
2607901;Jaboatão dos Guararapes;PE;bairro;CANDEIAS;6;285;585,5;6;True;1;exato;4329,42;2800,0
2607901;Jaboatão dos Guararapes;PE;bairro;PIEDADE;6;190;602,1;7;True;2;exato;4285,34;2000,0
2607901;Jaboatão dos Guararapes;PE;bairro;CENTRO;3;57;555,9;3;True;0;exato;1618,15;1212,0
2607901;Jaboatão dos Guararapes;PE;bairro;CURADO;1;16;577,4;2;False;0;exato;1940,82;1212,0
2607901;Jaboatão dos Guararapes;PE;bairro;DOIS CARNEIROS;1;18;554,8;1;False;0;exato;1379,48;1212,0
2607901;Jaboatão dos Guararapes;PE;bairro;JARDIM JORDÃO;2;41;541,7;2;False;0;exato;1406,85;1212,0
2607901;Jaboatão dos Guararapes;PE;bairro;PRAZERES;1;14;528,4;2;False;0;exato;1679,19;1212,0
2607901;Jaboatão dos Guararapes;PE;bairro;ZUMBI DO PACHECO;1;28;515,1;1;False;0;exato;1917,52;1212,0
3524402;Jacareí;SP;distrito;Jacareí;12;426;586,2;15;True;0;exato;3464,55;2400,0
3525003;Jandira;SP;distrito;Jandira;4;103;568,1;7;True;0;exato;3080,55;2000,0
4208906;Jaraguá do Sul;SC;bairro;CENTRO;3;114;641,5;3;True;2;exato;6729,79;4000,0
4208906;Jaraguá do Sul;SC;bairro;BARRA DO RIO MOLHA;1;88;572,1;2;False;0;exato;4383,08;3001,0
4208906;Jaraguá do Sul;SC;bairro;RAU;1;14;582,3;1;False;0;exato;3357,26;2500,0
4208906;Jaraguá do Sul;SC;bairro;VILA LENZI;1;22;567,8;1;False;0;exato;3662,66;2500,0
5211909;Jataí;GO;distrito;Jataí;3;86;638,9;7;True;3;exato;3237,94;2000,0
3525300;Jaú;SP;distrito;Jaú;9;295;637,4;9;True;5;exato;3167,86;2100,0
2918001;Jequié;BA;distrito;Jequié;4;112;628,0;5;True;2;exato;1893,6;1212,0
1100122;Ji-Paraná;RO;bairro;CENTRO;1;18;590,1;1;False;0;exato;3449,67;2500,0
1100122;Ji-Paraná;RO;bairro;AREA RURAL DE JI-PARANA;1;46;533,8;1;False;0;sem_match;;
4209102;Joinville;SC;bairro;ATIRADORES;2;205;631,4;2;False;1;exato;12250,63;8000,0
4209102;Joinville;SC;bairro;CENTRO;1;23;585,3;1;False;0;exato;10054,29;6000,0
4209102;Joinville;SC;bairro;ANITA GARIBALDI;1;18;579,2;3;False;0;exato;7726,29;5000,0
4209102;Joinville;SC;bairro;SAGUAÇU;2;89;601,0;2;False;0;exato;6725,54;4600,0
4209102;Joinville;SC;bairro;SANTO ANTÔNIO;1;60;608,9;1;False;0;exato;6066,83;4500,0
4209102;Joinville;SC;bairro;BUCAREIN;1;236;584,0;3;False;0;exato;5699,79;4000,0
4209102;Joinville;SC;bairro;COSTA E SILVA;1;48;577,9;1;False;0;exato;4758,5;3001,0
4209102;Joinville;SC;bairro;IRIRIU;1;120;603,3;1;False;0;exato;3753,69;3000,0
2507507;João Pessoa;PB;bairro;BRISAMAR;2;141;697,4;2;False;2;exato;10849,3;8000,0
2507507;João Pessoa;PB;bairro;JARDIM OCEANIA;4;231;643,7;4;True;1;exato;8540,17;6400,0
2507507;João Pessoa;PB;bairro;ESTADOS;2;50;584,2;2;False;0;exato;7973,79;6000,0
2507507;João Pessoa;PB;bairro;MANAÍRA;1;49;616,7;2;False;0;exato;8737,3;6000,0
2507507;João Pessoa;PB;bairro;MIRAMAR;4;505;691,6;5;True;3;exato;8585,09;6000,0
2507507;João Pessoa;PB;bairro;AEROCLUBE;4;154;623,6;4;True;2;exato;7281,42;5000,0
2507507;João Pessoa;PB;bairro;BESSA;1;35;630,8;2;False;1;exato;5927,26;4000,0
2507507;João Pessoa;PB;bairro;JARDIM CIDADE UNIVERSITÁRIA;7;368;628,5;8;True;3;exato;4611,66;3500,0
2507507;João Pessoa;PB;bairro;CENTRO;3;117;599,6;3;True;0;exato;3525,03;2400,0
2507507;João Pessoa;PB;bairro;CUIA;1;24;532,3;1;False;0;exato;3069,67;2400,0
2507507;João Pessoa;PB;bairro;TORRE;2;60;590,6;2;False;1;exato;3537,57;2400,0
2507507;João Pessoa;PB;bairro;JAGUARIBE;1;21;614,7;1;False;0;exato;3163,16;2000,0
2507507;João Pessoa;PB;bairro;TAMBIA;3;92;573,8;3;True;0;exato;2990,17;2000,0
2507507;João Pessoa;PB;bairro;MANGABEIRA;4;132;561,3;5;True;0;exato;2097,04;1300,0
2507507;João Pessoa;PB;bairro;COSTA E SILVA;1;50;557,8;1;False;0;exato;1376,47;1212,0
2507507;João Pessoa;PB;bairro;CRISTO REDENTOR;2;121;593,8;2;False;1;exato;2441,59;1212,0
2507507;João Pessoa;PB;bairro;CRUZ DAS ARMAS;2;52;530,4;2;False;0;exato;1631,02;1212,0
2507507;João Pessoa;PB;bairro;INDÚSTRIAS;1;20;552,2;2;False;0;exato;1605,65;1212,0
2507507;João Pessoa;PB;bairro;MUÇUMAGRO;1;42;586,7;1;False;0;exato;1724,65;1212,0
2507507;João Pessoa;PB;bairro;CIDADE UNIVERSITARIA;1;12;618,3;1;False;0;sem_match;;
2507507;João Pessoa;PB;bairro;JOSÉ AMÉRICO DE ALMEIDA;1;15;558,0;1;False;0;sem_match;;
2507507;João Pessoa;PB;bairro;VALENTINA DE FIGUEIREDO;2;26;527,3;3;False;0;sem_match;;
2918407;Juazeiro;BA;bairro;COUNTRY CLUB;1;82;604,3;1;False;0;exato;7075,86;5000,0
2918407;Juazeiro;BA;bairro;CAJUEIRO;1;16;565,7;1;False;0;exato;5164,48;2700,0
2918407;Juazeiro;BA;bairro;ALTO DA MARAVILHA;1;34;575,8;1;False;0;exato;1959,13;1212,0
2918407;Juazeiro;BA;bairro;DISTRITO INDUSTRIAL;1;42;582,8;1;False;0;exato;1073,19;1200,0
2307304;Juazeiro do Norte;CE;bairro;CENTRO;1;16;594,8;2;False;0;exato;2642,86;1500,0
2307304;Juazeiro do Norte;CE;bairro;NOVO JUAZEIRO;1;19;611,7;1;False;0;exato;2605,33;1500,0
2307304;Juazeiro do Norte;CE;bairro;FRANCISCANOS;1;16;576,3;2;False;0;exato;1529,92;1212,0
2307304;Juazeiro do Norte;CE;bairro;SALESIANOS;1;46;549,3;1;False;0;exato;1853,81;1212,0
2307304;Juazeiro do Norte;CE;bairro;SÃO MIGUEL;2;217;652,2;2;False;2;exato;2070,92;1212,0
2307304;Juazeiro do Norte;CE;bairro;PREFEITO CARLOS ALBERTO DA CRUZ;1;72;643,9;1;False;1;sem_match;;
3136702;Juiz de Fora;MG;bairro;SALVATERRA;1;15;613,8;1;False;0;exato;17877,12;8000,0
3136702;Juiz de Fora;MG;bairro;CENTRO;9;620;633,9;9;True;2;exato;6238,23;4000,0
3136702;Juiz de Fora;MG;bairro;SÃO MATEUS;1;54;634,8;1;False;1;exato;6107,4;4000,0
3136702;Juiz de Fora;MG;bairro;SAO PEDRO;1;10;557,4;2;False;0;exato;3442,34;2001,0
3136702;Juiz de Fora;MG;bairro;NOVA ERA;2;71;589,0;2;False;0;exato;2681,76;2000,0
3136702;Juiz de Fora;MG;bairro;PASSOS;1;17;643,0;1;False;1;sem_match;;
3525904;Jundiaí;SP;bairro;MEDEIROS;1;19;600,7;2;False;0;exato;7254,02;5000,0
3525904;Jundiaí;SP;bairro;CENTRO;3;92;582,2;4;True;1;exato;7045,12;4500,0
3525904;Jundiaí;SP;bairro;PONTE DE SAO JOAO;1;29;611,7;1;False;0;fuzzy;4979,21;3800,0
3525904;Jundiaí;SP;bairro;VILA PROGRESSO;1;13;614,4;1;False;0;exato;4559,78;3002,0
3525904;Jundiaí;SP;bairro;CAXAMBU;1;14;655,2;1;False;0;exato;4946,51;3000,0
3525904;Jundiaí;SP;bairro;JARDIM ANA MARIA;1;30;615,2;1;False;0;sem_match;;
3525904;Jundiaí;SP;bairro;JARDIM BONFIGLIOLI;1;59;650,1;1;False;1;sem_match;;
3525904;Jundiaí;SP;bairro;JARDIM BRASIL;1;166;561,5;1;False;0;sem_match;;
3525904;Jundiaí;SP;bairro;JARDIM CAMPOS ELISIOS;1;11;566,1;1;False;0;sem_match;;
3525904;Jundiaí;SP;bairro;JARDIM ERMIDA II;1;18;613,1;1;False;0;sem_match;;
3525904;Jundiaí;SP;bairro;JARDIM FLORESTAL;1;21;614,1;1;False;0;sem_match;;
3525904;Jundiaí;SP;bairro;JARDIM PAULISTA I;1;33;578,8;1;False;0;sem_match;;
3525904;Jundiaí;SP;bairro;JARDIM SANTA TERESA;1;10;666,0;1;False;1;sem_match;;
3525904;Jundiaí;SP;bairro;JARDIM TARUMA;1;55;561,2;1;False;0;sem_match;;
3525904;Jundiaí;SP;bairro;PARQUE CIDADE JARDIM II;1;12;565,3;1;False;0;sem_match;;
3525904;Jundiaí;SP;bairro;PARQUE RESIDENCIAL ELOY CHAVES;1;14;623,9;1;False;0;sem_match;;
3525904;Jundiaí;SP;bairro;VILA ARENS II;1;46;640,3;1;False;1;sem_match;;
3525904;Jundiaí;SP;bairro;VILA BANDEIRANTES;1;51;635,0;1;False;0;sem_match;;
3525904;Jundiaí;SP;bairro;VILA BOAVENTURA;2;71;641,5;2;False;1;sem_match;;
3525904;Jundiaí;SP;bairro;VILA CACILDA;1;18;616,2;1;False;0;sem_match;;
3525904;Jundiaí;SP;bairro;VILA DELLA PIAZZA;1;113;580,5;1;False;0;sem_match;;
3525904;Jundiaí;SP;bairro;VILA GUARANI;1;11;558,5;1;False;0;sem_match;;
3525904;Jundiaí;SP;bairro;VILA INHAMUPE;1;24;623,0;1;False;0;sem_match;;
3525904;Jundiaí;SP;bairro;VILA RAFAEL DE OLIVEIRA;1;111;707,6;1;False;1;sem_match;;
2803500;Lagarto;SE;bairro;CIDADE NOVA;1;40;630,9;1;False;1;exato;1527,93;1212,0
4209300;Lages;SC;bairro;CENTRO;3;175;620,5;4;True;1;exato;6540,63;4500,0
4209300;Lages;SC;bairro;FREI ROGÉRIO;1;41;610,0;1;False;0;exato;5652,49;4000,0
4209300;Lages;SC;bairro;UNIVERSITARIO;1;28;565,3;1;False;0;exato;4121,12;2890,0
2919207;Lauro de Freitas;BA;bairro;VILAS DO ATLANTICO;1;49;642,8;2;False;1;exato;8661,09;7000,0
2919207;Lauro de Freitas;BA;bairro;BURAQUINHO;2;205;667,3;2;False;1;exato;8412,56;6500,0
2919207;Lauro de Freitas;BA;bairro;PITANGUEIRAS;2;140;626,3;2;False;1;exato;6553,53;5000,0
2919207;Lauro de Freitas;BA;bairro;CENTRO;1;27;644,4;3;False;1;exato;6370,37;3001,0
2919207;Lauro de Freitas;BA;bairro;VIDA NOVA;1;12;549,0;1;False;0;exato;1716,14;1212,0
2919207;Lauro de Freitas;BA;bairro;JARDIM AEROPORTO;1;42;565,2;1;False;0;sem_match;;
3138203;Lavras;MG;distrito;Lavras;5;144;642,6;6;True;3;exato;3371,08;2000,0
3526902;Limeira;SP;distrito;Limeira;15;455;599,0;20;True;3;exato;3420,52;2300,0
3203205;Linhares;ES;bairro;CENTRO;2;31;574,5;2;False;1;exato;6045,98;3800,0
3203205;Linhares;ES;bairro;ARAÇÁ;1;57;619,6;1;False;0;exato;2764,33;2000,0
3203205;Linhares;ES;bairro;AVISO;1;70;592,6;2;False;0;exato;1956,51;1500,0
4113700;Londrina;PR;bairro;ESPERANÇA;1;27;637,5;1;False;1;exato;18203,77;12000,0
4113700;Londrina;PR;bairro;PETROPOLIS;1;80;651,8;1;False;1;exato;8849,28;6000,0
4113700;Londrina;PR;bairro;COLISEU;1;16;567,9;1;False;0;exato;3777,12;3000,0
4113700;Londrina;PR;bairro;BOA VISTA;2;119;578,8;2;False;0;sem_match;;
4113700;Londrina;PR;bairro;CENTRO;1;57;621,5;2;False;0;sem_match;;
4113700;Londrina;PR;bairro;CONCEIÇÃO;1;13;647,6;1;False;1;sem_match;;
4113700;Londrina;PR;bairro;CONJUNTO HABITACIONAL VIOLIM;1;13;590,6;1;False;0;sem_match;;
4113700;Londrina;PR;bairro;CONJUNTO SEMIRAMIS BARROS BRAGA;1;16;549,5;1;False;0;sem_match;;
4113700;Londrina;PR;bairro;GLEBA FAZENDA PALHANO;3;145;644,6;3;True;3;sem_match;;
4113700;Londrina;PR;bairro;JARDIM AGARI;1;49;589,7;1;False;0;sem_match;;
4113700;Londrina;PR;bairro;JARDIM DOS BANCARIOS;1;28;584,0;1;False;0;sem_match;;
4113700;Londrina;PR;bairro;JARDIM HIGIENÓPOLIS;1;15;569,4;1;False;0;sem_match;;
4113700;Londrina;PR;bairro;LIMA AZEVEDO;1;158;648,2;1;False;1;sem_match;;
4113700;Londrina;PR;bairro;VILA LARSEN 1;1;15;546,2;1;False;0;sem_match;;
4113700;Londrina;PR;bairro;VILA SIAM;1;19;592,0;1;False;0;sem_match;;
4113700;Londrina;PR;bairro;VITORIA;1;32;601,8;1;False;0;sem_match;;
5212501;Luziânia;GO;distrito;Luziânia;1;12;585,2;10;False;0;exato;2357,3;1400,0
2919553;Luís Eduardo Magalhães;BA;distrito;Luís Eduardo Magalhães;4;194;596,2;5;True;1;exato;3105,36;1600,0
1600303;Macapá;AP;bairro;CABRALZINHO;1;16;621,1;1;False;0;exato;8038,51;6000,0
1600303;Macapá;AP;bairro;CENTRAL;3;64;574,7;3;True;0;exato;5610,07;3500,0
1600303;Macapá;AP;bairro;TREM;1;113;544,2;2;False;0;exato;4583,98;3000,0
1600303;Macapá;AP;bairro;SANTA RITA;1;48;614,3;1;False;0;exato;4267,52;2500,0
1600303;Macapá;AP;bairro;JESUS DE NAZARE;3;48;595,9;3;True;0;exato;3747,4;2400,0
1600303;Macapá;AP;bairro;JARDIM EQUATORIAL;1;38;593,4;1;False;0;exato;4103,92;2200,0
1600303;Macapá;AP;bairro;BEIROL;2;145;628,7;2;False;1;exato;3586,43;2000,0
1600303;Macapá;AP;bairro;NOVO BURITIZAL;1;21;620,1;1;False;0;exato;2281,79;1212,0
1600303;Macapá;AP;bairro;SAO LAZARO;1;12;559,0;1;False;0;exato;2606,8;1212,0
1600303;Macapá;AP;bairro;JULIAO RAMOS;1;49;557,5;1;False;0;sem_match;;
3302403;Macaé;RJ;bairro;CAVALEIROS;1;26;629,5;1;False;1;exato;11350,14;9000,0
3302403;Macaé;RJ;bairro;LAGOA;1;11;589,9;1;False;0;exato;7880,05;5500,0
3302403;Macaé;RJ;bairro;IMBETIBA;1;42;625,3;2;False;0;exato;4989,51;4000,0
3302403;Macaé;RJ;bairro;PRAIA CAMPISTA;1;41;676,8;1;False;1;exato;5937,13;3550,0
3302403;Macaé;RJ;bairro;CENTRO;2;42;561,9;2;False;0;exato;3943,43;3000,0
3302403;Macaé;RJ;bairro;GRANJA DOS CAVALEIROS;2;81;660,7;2;False;1;exato;5024,42;3000,0
3302403;Macaé;RJ;bairro;PARQUE AEROPORTO;1;14;540,8;4;False;0;exato;2751,07;2000,0
3302403;Macaé;RJ;bairro;BOTAFOGO;1;159;586,9;2;False;0;exato;1787,09;1212,0
2704302;Maceió;AL;bairro;PONTA VERDE;1;86;626,7;1;False;1;exato;11035,76;8000,0
2704302;Maceió;AL;bairro;GRUTA DE LOURDES;6;206;613,9;6;True;1;exato;6711,61;5000,0
2704302;Maceió;AL;bairro;JATIUCA;4;371;650,4;4;True;2;exato;7934,04;5000,0
2704302;Maceió;AL;bairro;PAJUÇARA;1;79;544,3;1;False;0;exato;7658,78;4631,5
2704302;Maceió;AL;bairro;FAROL;3;142;605,0;3;True;0;exato;6450,37;4000,0
2704302;Maceió;AL;bairro;SERRARIA;3;72;562,6;4;True;0;exato;4534,91;3000,0
2704302;Maceió;AL;bairro;ANTARES;1;52;630,2;1;False;0;exato;4317,06;2800,0
2704302;Maceió;AL;bairro;JARAGUA;1;18;530,2;1;False;0;exato;4182,47;2800,0
2704302;Maceió;AL;bairro;CENTRO;2;177;573,0;2;False;0;exato;3516,53;2424,0
2704302;Maceió;AL;bairro;SANTA AMELIA;1;19;603,5;1;False;0;exato;3451,22;2200,0
2704302;Maceió;AL;bairro;BARRO DURO;1;34;588,3;1;False;0;exato;3435,8;1800,0
2704302;Maceió;AL;bairro;PONTA DA TERRA;2;26;523,4;2;False;0;exato;2731,78;1550,0
2704302;Maceió;AL;bairro;FEITOSA;1;18;548,9;1;False;0;exato;2553,15;1300,0
2704302;Maceió;AL;bairro;PETROPOLIS;2;44;539,9;2;False;0;exato;2197,58;1220,0
2704302;Maceió;AL;bairro;BENEDITO BENTES;5;272;552,1;8;True;1;exato;1580,92;1212,0
2704302;Maceió;AL;bairro;CANAA;1;40;551,5;1;False;0;exato;1617,36;1212,0
2704302;Maceió;AL;bairro;CIDADE UNIVERSITARIA;4;83;558,6;7;True;0;exato;1906,18;1212,0
2704302;Maceió;AL;bairro;CLIMA BOM;3;39;549,8;4;True;0;exato;1587,48;1212,0
2704302;Maceió;AL;bairro;JACINTINHO;3;78;550,4;5;True;0;exato;1653,7;1212,0
2704302;Maceió;AL;bairro;LEVADA;1;18;527,1;1;False;0;exato;1481,8;1212,0
2704302;Maceió;AL;bairro;PONTA GROSSA;1;12;513,1;1;False;0;exato;2072,3;1212,0
2704302;Maceió;AL;bairro;SANTA LÚCIA;2;21;535,3;2;False;0;exato;1737,95;1212,0
2704302;Maceió;AL;bairro;TABULEIRO DO MARTINS;7;242;560,6;9;True;1;exato;2016,15;1212,0
2704302;Maceió;AL;bairro;VERGEL DO LAGO;3;78;553,5;4;True;0;exato;1497,38;1212,0
3302502;Magé;RJ;distrito;Magé;4;103;609,6;5;True;0;exato;1948,84;1220,0
3302502;Magé;RJ;distrito;Inhomirim;1;21;572,8;4;False;0;exato;1841,56;1212,0
1302504;Manacapuru;AM;bairro;CENTRO;1;10;538,1;1;False;0;exato;2159,66;1212,0
1302603;Manaus;AM;bairro;ADRIANOPOLIS;6;189;647,9;8;True;3;exato;11751,45;8000,0
1302603;Manaus;AM;bairro;ALEIXO;1;40;564,6;2;False;0;exato;9078,32;4200,0
1302603;Manaus;AM;bairro;PARQUE 10 DE NOVEMBRO;2;77;559,4;2;False;1;exato;6514,75;4000,0
1302603;Manaus;AM;bairro;CHAPADA;2;148;597,2;2;False;0;exato;6186,78;3500,0
1302603;Manaus;AM;bairro;FLORES;2;65;563,3;2;False;0;exato;4961,98;2600,0
1302603;Manaus;AM;bairro;SANTO AGOSTINHO;1;38;687,0;1;False;1;exato;3597,94;2000,0
1302603;Manaus;AM;bairro;CENTRO;2;46;590,0;2;False;0;exato;3243,54;1900,0
1302603;Manaus;AM;bairro;RAIZ;1;29;544,8;1;False;0;exato;2630,85;1700,0
1302603;Manaus;AM;bairro;CACHOEIRINHA;2;55;563,1;2;False;0;exato;2577,39;1500,0
1302603;Manaus;AM;bairro;CIDADE NOVA;5;108;626,2;7;True;2;exato;2403,11;1500,0
1302603;Manaus;AM;bairro;NOVA CIDADE;1;11;591,3;1;False;0;exato;2282,01;1500,0
1302603;Manaus;AM;bairro;TARUMA;1;22;574,8;1;False;0;exato;2876,32;1500,0
1302603;Manaus;AM;bairro;ALVORADA;2;95;586,8;2;False;0;exato;2301,52;1300,0
1302603;Manaus;AM;bairro;COROADO;1;13;501,9;1;False;0;exato;2352,63;1300,0
1302603;Manaus;AM;bairro;SÃO FRANCISCO;1;13;627,3;1;False;1;exato;3189,33;1300,0
1302603;Manaus;AM;bairro;NOVO ALEIXO;2;32;551,7;3;False;0;exato;2352,55;1250,0
1302603;Manaus;AM;bairro;COMPENSA;2;43;547,8;2;False;0;exato;2162,32;1215,5
1302603;Manaus;AM;bairro;CIDADE DE DEUS;1;21;518,4;1;False;0;exato;1645,79;1212,0
1302603;Manaus;AM;bairro;DISTRITO INDUSTRIAL I;1;227;655,2;2;False;1;exato;1784,38;1212,0
1302603;Manaus;AM;bairro;JORGE TEIXEIRA;1;18;514,1;2;False;0;exato;1436,62;1212,0
1302603;Manaus;AM;bairro;SANTO ANTÔNIO;1;14;532,5;1;False;0;exato;1944,7;1212,0
1302603;Manaus;AM;bairro;SÃO JOSÉ OPERÁRIO;1;34;526,2;1;False;0;exato;2362,6;1212,0
1302603;Manaus;AM;bairro;ZUMBI DOS PALMARES;1;34;524,5;1;False;0;exato;1437,96;1212,0
1504208;Marabá;PA;distrito;Marabá;9;275;622,7;13;True;4;exato;2450,68;1300,0
2307650;Maracanaú;CE;bairro;PAJUÇARA;1;14;547,2;1;False;0;exato;1840,17;1212,0
2307650;Maracanaú;CE;bairro;CONJUNTO INDUSTRIAL;1;14;531,7;1;False;0;sem_match;;
2307650;Maracanaú;CE;bairro;INDUSTRIAL;1;21;596,1;1;False;0;sem_match;;
2307650;Maracanaú;CE;bairro;JEREISSATI I;1;14;573,7;2;False;0;sem_match;;
2307700;Maranguape;CE;bairro;CENTRO;1;37;600,2;1;False;0;exato;2346,46;1212,0
2307700;Maranguape;CE;bairro;PARQUE IRACEMA;1;26;557,6;1;False;0;exato;2306,81;1212,0
2307700;Maranguape;CE;bairro;NOVO MARANGUAPE I;2;30;553,2;2;False;0;exato;1673,19;1200,0
3302700;Maricá;RJ;distrito;Itaipuaçu;1;40;573,7;1;False;0;exato;3685,84;2500,0
3302700;Maricá;RJ;distrito;Maricá;8;249;585,0;9;True;1;exato;3255,61;2000,0
4115200;Maringá;PR;bairro;JARDIM ACLIMAÇÃO;1;38;606,3;1;False;0;exato;3582,68;2500,0
4115200;Maringá;PR;bairro;JARDIM SAO SILVESTRE;1;23;627,5;1;False;0;exato;2737,72;2200,0
4115200;Maringá;PR;bairro;CENTRO;1;192;636,6;1;False;0;sem_match;;
4115200;Maringá;PR;bairro;CONJUNTO HABITACIONAL INOCENTE VILA NOVA JUNIOR;1;10;622,4;1;False;1;sem_match;;
4115200;Maringá;PR;bairro;PARQUE PALMEIRAS;1;34;588,6;1;False;0;sem_match;;
4115200;Maringá;PR;bairro;VILA MORANGUEIRA;1;36;620,0;1;False;0;sem_match;;
4115200;Maringá;PR;bairro;ZONA 01;2;164;623,7;3;False;0;sem_match;;
4115200;Maringá;PR;bairro;ZONA 03;2;118;578,9;2;False;0;sem_match;;
4115200;Maringá;PR;bairro;ZONA 04;1;45;583,9;1;False;0;sem_match;;
4115200;Maringá;PR;bairro;ZONA 05;1;47;550,4;2;False;0;sem_match;;
4115200;Maringá;PR;bairro;ZONA 07;4;181;598,7;5;True;1;sem_match;;
4115200;Maringá;PR;bairro;ZONA 10;1;35;579,7;1;False;0;sem_match;;
4115200;Maringá;PR;bairro;ZONA ARMAZEM;1;25;600,2;1;False;0;sem_match;;
1504422;Marituba;PA;bairro;CENTRO;1;16;530,5;1;False;0;exato;2491,6;1700,0
3529005;Marília;SP;distrito;Marília;8;416;603,3;10;True;1;exato;3541,17;2400,0
3529005;Marília;SP;distrito;Amadeu Amaral;1;28;644,5;1;False;1;exato;2246,32;1600,0
3529401;Mauá;SP;bairro;CENTRO;1;19;554,1;1;False;0;sem_match;;
3529401;Mauá;SP;bairro;JARDIM ADELINA;1;27;551,8;1;False;0;sem_match;;
3529401;Mauá;SP;bairro;JARDIM MAUA;1;31;564,0;1;False;0;sem_match;;
3529401;Mauá;SP;bairro;JARDIM ZAIRA;1;77;559,9;1;False;0;sem_match;;
3529401;Mauá;SP;bairro;MATRIZ;1;41;579,5;1;False;0;sem_match;;
3529401;Mauá;SP;bairro;VILA BOCAINA;4;200;577,8;7;True;0;sem_match;;
3529401;Mauá;SP;bairro;VILA NOSSA SENHORA DAS VITÓRIAS;1;34;601,2;1;False;0;sem_match;;
3302858;Mesquita;RJ;bairro;VILA EMIL;1;43;546,7;2;False;0;exato;2562,27;1900,0
3302858;Mesquita;RJ;bairro;CENTRO;1;42;573,0;3;False;0;exato;2308,29;1500,0
3530706;Mogi Guaçu;SP;distrito;Mogi Guaçu;9;173;617,3;11;True;4;exato;3069,12;2300,0
3530607;Mogi das Cruzes;SP;distrito;Mogi das Cruzes;21;575;615,4;28;True;4;exato;4571,92;2700,0
3530607;Mogi das Cruzes;SP;distrito;Brás Cubas;2;59;588,8;3;False;0;exato;2492,83;1900,0
3143302;Montes Claros;MG;distrito;Montes Claros;12;724;634,6;15;True;5;exato;2730,94;1500,0
2408003;Mossoró;RN;bairro;NOVA BETANIA;1;29;644,6;2;False;1;exato;7608,56;4500,0
2408003;Mossoró;RN;bairro;DOZE ANOS;3;249;594,5;3;True;1;exato;3742,24;2098,5
2408003;Mossoró;RN;bairro;ALTO DO SUMARÉ;1;25;538,5;1;False;0;exato;2819,48;1800,0
2408003;Mossoró;RN;bairro;PLANALTO TREZE DE MAIO;2;168;587,4;2;False;0;exato;2686,07;1800,0
2408003;Mossoró;RN;bairro;ABOLICAO;1;13;622,2;2;False;1;exato;2957,34;1500,0
2408003;Mossoró;RN;bairro;PAREDÕES;2;92;635,8;2;False;1;exato;2564,75;1300,0
2408003;Mossoró;RN;bairro;BARROCAS;1;15;594,6;1;False;0;exato;1286,03;1212,0
2408003;Mossoró;RN;bairro;SANTO ANTÔNIO;3;200;623,5;3;True;1;exato;2320,88;1212,0
3143906;Muriaé;MG;distrito;Muriaé;2;133;620,3;2;False;1;exato;2841,96;1500,0
2408102;Natal;RN;bairro;TIROL;3;129;670,5;4;True;2;exato;12251,79;10000,0
2408102;Natal;RN;bairro;BARRO VERMELHO;1;28;579,7;1;False;0;exato;8991,88;6000,0
2408102;Natal;RN;bairro;CAPIM MACIO;5;172;675,4;5;True;3;exato;8234,11;6000,0
2408102;Natal;RN;bairro;LAGOA NOVA;8;456;674,6;9;True;6;exato;8365,86;5200,0
2408102;Natal;RN;bairro;CANDELÁRIA;1;67;587,3;1;False;0;exato;7952,55;5015,0
2408102;Natal;RN;bairro;RIBEIRA;1;59;674,3;1;False;1;exato;8290,05;5000,0
2408102;Natal;RN;bairro;PITIMBU;2;39;586,5;4;False;0;exato;5097,86;3600,0
2408102;Natal;RN;bairro;PONTA NEGRA;1;20;646,5;1;False;1;exato;6198,25;3500,0
2408102;Natal;RN;bairro;NEOPOLIS;2;36;566,2;2;False;0;exato;4931,2;3000,0
2408102;Natal;RN;bairro;CIDADE ALTA;2;77;576,0;2;False;1;exato;4016,6;1700,0
2408102;Natal;RN;bairro;CIDADE DA ESPERANÇA;1;19;619,3;1;False;0;exato;3413,29;1700,0
2408102;Natal;RN;bairro;ALECRIM;3;168;562,2;3;True;1;exato;2692,77;1500,0
2408102;Natal;RN;bairro;POTENGI;7;260;570,8;8;True;0;exato;2359,07;1500,0
2408102;Natal;RN;bairro;IGAPO;3;106;558,7;3;True;0;exato;1760,58;1212,0
2408102;Natal;RN;bairro;PAJUCARA;2;46;532,0;2;False;0;exato;1983,04;1212,0
2408102;Natal;RN;bairro;PLANALTO;1;14;548,4;1;False;0;exato;1931,96;1212,0
2408102;Natal;RN;bairro;PAJUCARA II;1;10;548,3;1;False;0;sem_match;;
3303203;Nilópolis;RJ;bairro;CENTRO;7;174;562,6;10;True;0;exato;3372,99;2500,0
3303203;Nilópolis;RJ;bairro;NILOPOLIS;1;56;549,9;1;False;0;sem_match;;
3303302;Niterói;RJ;bairro;CAMBOINHAS;1;38;598,8;1;False;0;exato;12139,62;10000,0
3303302;Niterói;RJ;bairro;ICARAÍ;10;549;668,7;14;True;6;exato;11022,85;8200,0
3303302;Niterói;RJ;bairro;SÃO FRANCISCO;1;100;713,4;3;False;1;exato;9280,1;6000,0
3303302;Niterói;RJ;bairro;SANTA ROSA;2;106;636,4;3;False;1;exato;7902,37;5575,0
3303302;Niterói;RJ;bairro;SAO DOMINGOS;1;10;728,5;1;False;1;exato;7250,57;5001,0
3303302;Niterói;RJ;bairro;ITAIPU;8;240;644,7;10;True;4;exato;7194,18;5000,0
3303302;Niterói;RJ;bairro;CENTRO;2;117;585,9;4;False;0;exato;4874,99;3500,0
3303302;Niterói;RJ;bairro;PIRATININGA;4;142;638,6;4;True;2;exato;5810,58;3100,0
3303302;Niterói;RJ;bairro;BADU;2;24;594,2;2;False;0;exato;5303,89;2700,0
3303302;Niterói;RJ;bairro;FONSECA;2;39;598,7;5;False;1;exato;3610,09;2300,0
3303302;Niterói;RJ;bairro;LARGO DA BATALHA;2;35;561,1;2;False;0;exato;2290,67;1500,0
3303302;Niterói;RJ;bairro;RIO DO OURO;1;11;562,5;1;False;0;exato;2631,88;1500,0
3303302;Niterói;RJ;bairro;ENGENHOCA;1;21;561,4;1;False;0;exato;2192,46;1300,0
3303302;Niterói;RJ;bairro;LARGO DO BARRADAS;1;28;565,9;1;False;0;sem_match;;
2804805;Nossa Senhora do Socorro;SE;bairro;FERNANDO COLLOR;1;19;578,1;2;False;0;exato;1803,96;1212,0
2804805;Nossa Senhora do Socorro;SE;bairro;JOÃO ALVES;1;18;563,3;1;False;0;exato;1610,93;1212,0
2804805;Nossa Senhora do Socorro;SE;bairro;MARCOS FREIRE II;2;60;607,7;2;False;0;exato;1929,67;1212,0
3303401;Nova Friburgo;RJ;bairro;CENTRO;7;233;639,8;11;True;3;exato;5654,97;3600,0
3303401;Nova Friburgo;RJ;bairro;VILAGE;1;11;628,9;1;False;0;fuzzy;3518,58;2400,0
3303401;Nova Friburgo;RJ;bairro;OLARIA;2;32;643,0;2;False;1;exato;2335,93;1600,0
3303401;Nova Friburgo;RJ;bairro;CONSELHEIRO PAULINO;1;12;608,7;2;False;0;exato;1987,72;1500,0
3303401;Nova Friburgo;RJ;bairro;CORDOEIRA;1;11;557,5;1;False;0;exato;2014,13;1480,0
3303500;Nova Iguaçu;RJ;bairro;CENTRO;11;490;580,5;14;True;1;exato;5511,83;3000,0
3303500;Nova Iguaçu;RJ;bairro;RANCHO NOVO;1;13;505,6;2;False;0;exato;4061,07;2600,0
3303500;Nova Iguaçu;RJ;bairro;DA LUZ;2;114;587,2;3;False;0;exato;4069,21;2424,0
3303500;Nova Iguaçu;RJ;bairro;CHACRINHA;1;15;526,6;1;False;0;exato;2775,74;2000,0
3303500;Nova Iguaçu;RJ;bairro;SANTA EUGÊNIA;1;75;508,3;1;False;0;exato;2837,44;2000,0
3303500;Nova Iguaçu;RJ;bairro;COMENDADOR SOARES;2;31;541,5;3;False;0;exato;2071,96;1400,0
3303500;Nova Iguaçu;RJ;bairro;KENNEDY;2;31;543,5;2;False;0;exato;2080,88;1400,0
3303500;Nova Iguaçu;RJ;bairro;MIGUEL COUTO;1;16;534,5;1;False;0;exato;1987,27;1300,0
3303500;Nova Iguaçu;RJ;bairro;AUSTIN;2;31;541,5;3;False;0;exato;1670,69;1212,0
3303500;Nova Iguaçu;RJ;bairro;PARAÍSO;1;14;557,2;2;False;0;exato;1918,65;1212,0
3303500;Nova Iguaçu;RJ;bairro;PARQUE AMBAÍ;1;14;505,0;1;False;0;exato;1562,22;1212,0
3303500;Nova Iguaçu;RJ;bairro;VILA DE CAVA;1;14;559,0;2;False;0;exato;1631,74;1212,0
3303500;Nova Iguaçu;RJ;bairro;CARMARI;1;12;548,7;1;False;0;sem_match;;
3303500;Nova Iguaçu;RJ;bairro;JARDIM NOSSA SENHORA DAS GRAÇAS;1;13;557,1;1;False;0;sem_match;;
3303500;Nova Iguaçu;RJ;bairro;PALHADA;1;20;546,6;1;False;0;sem_match;;
3303500;Nova Iguaçu;RJ;bairro;PRATA;1;12;575,4;1;False;0;sem_match;;
3303500;Nova Iguaçu;RJ;bairro;VILA CATIA;1;11;541,1;1;False;0;sem_match;;
3144805;Nova Lima;MG;distrito;Nova Lima;7;235;645,8;9;True;5;exato;7572,74;2600,0
3145208;Nova Serrana;MG;distrito;Nova Serrana;2;45;617,9;3;False;0;exato;2279,42;1800,0
4313409;Novo Hamburgo;RS;bairro;RIO BRANCO;1;37;608,7;1;False;0;exato;5872,97;4000,0
4313409;Novo Hamburgo;RS;bairro;HAMBURGO VELHO;2;61;561,9;2;False;0;exato;5216,3;3500,0
2609600;Olinda;PE;bairro;CASA CAIADA;2;133;617,7;2;False;1;exato;7956,39;5250,0
2609600;Olinda;PE;bairro;BAIRRO NOVO;1;29;576,8;1;False;0;exato;6515,09;5000,0
2609600;Olinda;PE;bairro;CARMO;1;33;563,4;1;False;0;exato;3156,16;2000,0
2609600;Olinda;PE;bairro;JARDIM ATLANTICO;2;128;599,2;2;False;0;exato;3246,24;2000,0
2609600;Olinda;PE;bairro;OURO PRETO;3;56;580,6;4;True;0;exato;2338,59;1400,0
2609600;Olinda;PE;bairro;RIO DOCE;2;42;588,0;4;False;0;exato;2487,32;1400,0
2609600;Olinda;PE;bairro;AMPARO;1;22;593,8;1;False;0;exato;2542,49;1212,0
3534401;Osasco;SP;bairro;CENTRO;9;443;576,7;11;True;2;exato;7877,1;5001,0
3534401;Osasco;SP;bairro;VILA OSASCO;1;45;609,4;1;False;0;exato;6972,12;5000,0
3534401;Osasco;SP;bairro;UMUARAMA;1;30;572,8;1;False;0;exato;5636,86;4500,0
3534401;Osasco;SP;bairro;VILA YARA;2;97;614,2;2;False;0;exato;5969,78;4000,0
3534401;Osasco;SP;bairro;KM 18;1;12;535,0;2;False;0;exato;5113,71;3600,0
3534401;Osasco;SP;bairro;JARDIM DAS FLORES;2;182;562,3;3;False;0;exato;4542,02;3000,0
3534401;Osasco;SP;bairro;QUITAUNA;1;40;578,4;1;False;0;fuzzy;4274,93;3000,0
3534401;Osasco;SP;bairro;JARDIM D ABRIL;1;25;574,7;1;False;0;fuzzy;3951,48;2525,0
3534401;Osasco;SP;bairro;BELA VISTA;1;12;610,2;1;False;0;exato;3759,12;2500,0
3534401;Osasco;SP;bairro;AYROSA;2;87;595,3;4;False;0;exato;2952,8;2200,0
3534401;Osasco;SP;bairro;VILA YOLANDA;1;51;583,1;1;False;0;exato;3015,75;2001,0
3534401;Osasco;SP;bairro;BUSSOCABA;1;11;562,1;1;False;0;exato;2789,02;2000,0
3534401;Osasco;SP;bairro;PIRATININGA;1;136;568,4;1;False;0;exato;2985,43;2000,0
3534401;Osasco;SP;bairro;ROCHDALE;1;10;542,1;1;False;0;exato;2387,98;1800,0
3534401;Osasco;SP;bairro;VILA QUITAUNA;1;22;640,5;1;False;0;sem_match;;
3534708;Ourinhos;SP;distrito;Ourinhos;7;196;611,8;8;True;1;exato;3198,06;2000,0
4211900;Palhoça;SC;bairro;PONTE DO IMARUIM;2;36;576,1;2;False;0;exato;3100,62;2500,0
4211900;Palhoça;SC;bairro;CENTRO;2;55;594,8;2;False;0;sem_match;;
4211900;Palhoça;SC;bairro;CIDADE UNIVERSITARIA PEDRA BRANCA;1;49;642,1;1;False;0;sem_match;;
4211900;Palhoça;SC;bairro;PAGANI;2;52;640,1;2;False;1;sem_match;;
4211900;Palhoça;SC;bairro;PEDRA BRANCA;1;21;575,2;1;False;0;sem_match;;
1721000;Palmas;TO;distrito;Palmas;12;329;620,9;15;True;3;exato;4209,55;2148,5
1505502;Paragominas;PA;bairro;CELIO MIRANDA;2;39;594,7;4;False;1;exato;2296,87;1300,0
1505502;Paragominas;PA;bairro;PROMISSÃO;1;30;557,2;1;False;0;exato;2311,15;1300,0
4118204;Paranaguá;PR;bairro;ALVORADA;1;25;604,2;1;False;0;exato;5318,14;4000,0
4118204;Paranaguá;PR;bairro;COSTEIRA;1;16;506,8;1;False;0;exato;5087,56;3000,0
4118204;Paranaguá;PR;bairro;PORTO DOS PADRES;1;10;558,1;2;False;0;exato;2824,68;2000,0
4118204;Paranaguá;PR;bairro;VL PARANAGUA;1;12;569,1;1;False;0;fuzzy;2780,11;2000,0
4118204;Paranaguá;PR;bairro;CENTRO;2;52;591,4;2;False;0;sem_match;;
4118204;Paranaguá;PR;bairro;JD ELDORADO;1;11;592,7;1;False;0;sem_match;;
4118204;Paranaguá;PR;bairro;JD YAMAGUCHI;1;12;500,5;1;False;0;sem_match;;
1505536;Parauapebas;PA;distrito;Parauapebas;4;185;597,7;9;True;1;exato;2743,59;1800,0
2403251;Parnamirim;RN;bairro;COHABINAL;1;21;554,6;2;False;0;exato;4949,35;3500,0
2403251;Parnamirim;RN;bairro;NOVA PARNAMIRIM;7;358;638,0;8;True;2;exato;5233,4;3500,0
2403251;Parnamirim;RN;bairro;VALE DO SOL;1;62;591,1;1;False;0;exato;2667,08;1950,0
2403251;Parnamirim;RN;bairro;CENTRO;1;25;563,9;1;False;0;exato;3155,65;1800,0
2403251;Parnamirim;RN;bairro;MONTE CASTELO;1;13;615,6;1;False;0;exato;1858,89;1212,0
2403251;Parnamirim;RN;bairro;SANTA TEREZA;1;14;543,2;1;False;0;exato;1848,47;1212,0
2403251;Parnamirim;RN;bairro;SANTOS REIS;1;29;619,3;1;False;0;exato;2163,88;1212,0
2207702;Parnaíba;PI;bairro;CENTRO;6;209;612,3;7;True;2;exato;4204,55;2500,0
2207702;Parnaíba;PI;bairro;SÃO BENEDITO;1;31;647,0;1;False;1;exato;4219,23;2424,0
2207702;Parnaíba;PI;bairro;PINDORAMA;1;22;558,6;1;False;0;exato;2198,64;1212,0
2207702;Parnaíba;PI;bairro;RODOVIARIA;1;61;553,9;1;False;0;exato;2246,24;1212,0
2207702;Parnaíba;PI;bairro;NOSSA SENHORA DE FÁTIMA;2;63;650,3;2;False;1;sem_match;;
4314100;Passo Fundo;RS;bairro;CENTRO;2;74;635,1;3;False;1;sem_match;;
3147907;Passos;MG;bairro;CENTRO;2;61;635,6;2;False;1;exato;5197,72;3300,0
3147907;Passos;MG;bairro;COIMBRAS;1;17;658,9;1;False;1;exato;2198,87;1600,0
3147907;Passos;MG;bairro;CANJERANUS;1;32;641,2;1;False;1;exato;2691,28;1560,0
2510808;Patos;PB;bairro;SALGADINHO;1;67;596,8;1;False;0;exato;2818,94;1400,0
2510808;Patos;PB;bairro;CENTRO;1;89;582,4;1;False;0;exato;2413,01;1300,0
2510808;Patos;PB;bairro;BELA VISTA;1;13;650,6;1;False;0;exato;2113,66;1212,0
2510808;Patos;PB;bairro;BELO HORIZONTE;1;55;635,8;1;False;1;exato;2523,48;1212,0
2510808;Patos;PB;bairro;SANTO ANTÔNIO;1;11;566,8;1;False;0;exato;2340,11;1212,0
2510808;Patos;PB;bairro;SÃO SEBASTIÃO;1;44;592,9;1;False;0;exato;1318,26;1212,0
3148004;Patos de Minas;MG;bairro;ALTO DOS CAIÇARAS;1;46;621,0;1;False;1;exato;10423,82;5000,0
3148004;Patos de Minas;MG;bairro;SOBRADINHO;1;53;651,2;1;False;1;exato;7020,42;5000,0
3148004;Patos de Minas;MG;bairro;CENTRO;3;96;653,1;5;True;2;exato;6262,81;3600,0
2610707;Paulista;PE;bairro;CENTRO;1;129;612,3;2;False;1;exato;3690,51;3000,0
2610707;Paulista;PE;bairro;JANGA;5;105;554,5;5;True;0;exato;3057,5;2000,0
2610707;Paulista;PE;bairro;ARTUR LUNDGREN I;1;227;561,9;2;False;0;fuzzy;2279,35;1500,0
2610707;Paulista;PE;bairro;NOSSA SENHORA DA CONCEIÇÃO;1;16;557,0;1;False;0;exato;2541,18;1500,0
2610707;Paulista;PE;bairro;PAU AMARELO;2;34;555,2;2;False;0;exato;2281,0;1500,0
2610707;Paulista;PE;bairro;MARANGUAPE I;1;14;567,9;1;False;0;exato;2129,61;1357,0
2610707;Paulista;PE;bairro;JARDIM PAULISTA;2;40;545,1;2;False;0;exato;1953,6;1212,0
2610707;Paulista;PE;bairro;PARATIBE;1;17;577,5;1;False;0;exato;1586,33;1212,0
2610707;Paulista;PE;bairro;VILA TORRES GALVAO;2;68;585,8;2;False;0;sem_match;;
2924009;Paulo Afonso;BA;distrito;Paulo Afonso;2;89;588,7;2;False;1;exato;2015,45;1212,0
3536505;Paulínia;SP;bairro;MORUMBI;2;68;617,3;2;False;1;exato;7726,08;6000,0
3536505;Paulínia;SP;bairro;SANTA TEREZINHA;1;16;571,2;1;False;0;exato;6784,88;5000,0
3536505;Paulínia;SP;bairro;BELA VISTA;1;16;588,3;1;False;0;exato;4085,63;3000,0
3536505;Paulínia;SP;bairro;PARQUE DA FIGUEIRA;1;28;542,3;1;False;0;fuzzy;4326,63;3000,0
2107506;Paço do Lumiar;MA;distrito;Paço do Lumiar;2;62;545,2;3;False;0;exato;1980,22;1212,0
4314407;Pelotas;RS;distrito;Pelotas;9;365;622,8;10;True;4;exato;3317,85;2000,0
2611101;Petrolina;PE;bairro;CIDADE UNIVERSITARIA;1;128;676,3;2;False;1;exato;8565,04;5500,0
2611101;Petrolina;PE;bairro;CENTRO;3;268;605,6;5;True;1;exato;5936,29;3500,0
2611101;Petrolina;PE;bairro;COHAB MASSANGANO;1;33;551,5;1;False;0;fuzzy;2849,49;2000,0
2611101;Petrolina;PE;bairro;VILA EDUARDO;3;120;626,4;3;True;1;exato;2408,9;1400,0
2611101;Petrolina;PE;bairro;COHAB SÃO FRANCISCO;1;14;487,6;1;False;0;fuzzy;2187,24;1250,0
2611101;Petrolina;PE;bairro;COLÔNIA IMPERIAL;1;11;550,4;1;False;0;sem_match;;
3303906;Petrópolis;RJ;distrito;Petrópolis;12;519;626,2;22;True;3;exato;3329,34;1900,0
3303906;Petrópolis;RJ;distrito;Itaipava;2;51;599,2;2;False;0;exato;3937,48;1800,0
3303906;Petrópolis;RJ;distrito;Cascatinha;3;126;638,8;6;True;3;exato;3104,19;1600,0
3538006;Pindamonhangaba;SP;distrito;Moreira César;1;52;574,3;1;False;0;exato;2463,1;2000,0
3538006;Pindamonhangaba;SP;distrito;Pindamonhangaba;6;194;607,7;9;True;1;exato;3340,94;2000,0
4119152;Pinhais;PR;bairro;CENTRO;2;77;591,0;2;False;1;exato;5071,09;3600,0
4119152;Pinhais;PR;bairro;EMILIANO PERNETA;1;29;585,3;1;False;0;exato;3736,77;2523,0
4119152;Pinhais;PR;bairro;JARDIM PINHAIS;1;114;547,6;2;False;0;sem_match;;
3538709;Piracicaba;SP;bairro;CENTRO;1;14;548,8;2;False;0;exato;7281,06;4500,0
3538709;Piracicaba;SP;bairro;SAO DIMAS;1;21;607,6;2;False;0;exato;6809,11;4000,0
3538709;Piracicaba;SP;bairro;CIDADE ALTA;2;120;598,4;3;False;1;exato;5896,4;3600,0
3538709;Piracicaba;SP;bairro;VILA MONTEIRO;1;69;657,6;1;False;1;exato;4968,88;3500,0
3538709;Piracicaba;SP;bairro;JARDIM CAXAMBU;1;32;610,2;1;False;0;exato;3731,25;2950,0
3538709;Piracicaba;SP;bairro;AREAO;1;49;597,4;1;False;0;fuzzy;3621,48;2700,0
3538709;Piracicaba;SP;bairro;VILA REZENDE;6;130;619,2;6;True;1;fuzzy;3664,45;2680,0
3538709;Piracicaba;SP;bairro;VILA INDUSTRIAL;1;47;588,2;1;False;0;exato;2785,82;2000,0
3538709;Piracicaba;SP;bairro;AGUA SECA;1;93;680,6;1;False;1;sem_match;;
3538709;Piracicaba;SP;bairro;LOTEAMENTO IPANEMA;1;47;592,6;1;False;0;sem_match;;
3538709;Piracicaba;SP;bairro;TERRAS DE PIRACICABA;1;21;648,5;1;False;1;sem_match;;
4119509;Piraquara;PR;distrito;Piraquara;1;15;555,3;1;False;0;exato;2570,93;2000,0
5217609;Planaltina;GO;distrito;Planaltina;1;16;582,3;1;False;0;exato;1970,91;1300,0
4119905;Ponta Grossa;PR;bairro;CENTRO;5;344;596,9;6;True;2;exato;6969,56;4600,0
4119905;Ponta Grossa;PR;bairro;OFICINAS;2;121;617,6;2;False;1;exato;4553,42;3000,0
4119905;Ponta Grossa;PR;bairro;NOVA RÚSSIA;1;36;587,2;2;False;0;exato;3346,89;2300,0
4119905;Ponta Grossa;PR;bairro;UVARANAS;1;36;601,1;2;False;0;exato;3263,87;2300,0
4119905;Ponta Grossa;PR;bairro;RONDA;1;63;543,3;1;False;0;exato;3023,56;2200,0
4314902;Porto Alegre;RS;bairro;TRÊS FIGUEIRAS;1;177;692,9;1;False;1;exato;16661,06;12000,0
4314902;Porto Alegre;RS;bairro;JARDIM ISABEL;1;34;697,1;1;False;1;exato;11749,4;10000,0
4314902;Porto Alegre;RS;bairro;MOINHOS DE VENTO;1;45;658,7;1;False;1;exato;13507,09;9500,0
4314902;Porto Alegre;RS;bairro;BOA VISTA;2;92;638,2;2;False;2;exato;11505,74;8000,0
4314902;Porto Alegre;RS;bairro;RIO BRANCO;2;150;684,3;2;False;2;exato;12337,6;8000,0
4314902;Porto Alegre;RS;bairro;AUXILIADORA;2;27;648,2;2;False;2;exato;11053,58;7000,0
4314902;Porto Alegre;RS;bairro;HIGIENOPOLIS;2;132;642,1;2;False;1;exato;10649,56;7000,0
4314902;Porto Alegre;RS;bairro;TRISTEZA;1;28;631,0;1;False;0;exato;9144,6;6000,0
4314902;Porto Alegre;RS;bairro;PRAIA DE BELAS;2;57;637,3;2;False;2;exato;8264,74;5000,0
4314902;Porto Alegre;RS;bairro;SANTA CECÍLIA;1;41;661,2;1;False;1;exato;6615,68;5000,0
4314902;Porto Alegre;RS;bairro;SAO JOAO;2;93;651,3;2;False;2;exato;7191,14;5000,0
4314902;Porto Alegre;RS;bairro;SÃO SEBASTIÃO;1;36;635,1;1;False;1;exato;5861,81;4300,0
4314902;Porto Alegre;RS;bairro;CRISTO REDENTOR;1;19;540,1;1;False;0;exato;6097,23;4200,0
4314902;Porto Alegre;RS;bairro;CENTRO HISTORICO;2;36;595,8;4;False;1;exato;6558,54;4000,0
4314902;Porto Alegre;RS;bairro;JARDIM SÃO PEDRO;1;14;576,5;1;False;0;exato;5125,55;4000,0
4314902;Porto Alegre;RS;bairro;SANTO ANTONIO;2;131;629,7;2;False;1;exato;5621,53;4000,0
4314902;Porto Alegre;RS;bairro;TERESÓPOLIS;2;58;594,3;2;False;0;exato;6496,27;4000,0
4314902;Porto Alegre;RS;bairro;VILA IPIRANGA;3;168;612,0;3;True;1;exato;5499,45;4000,0
4314902;Porto Alegre;RS;bairro;FLORESTA;2;49;599,6;2;False;1;exato;5124,85;3500,0
4314902;Porto Alegre;RS;bairro;CAMAQUA;1;53;591,5;1;False;0;exato;4366,36;3000,0
4314902;Porto Alegre;RS;bairro;JARDIM SABARA;1;54;522,1;1;False;0;exato;5010,59;3000,0
4314902;Porto Alegre;RS;bairro;PARQUE SANTA FÉ;1;15;603,8;1;False;0;exato;4026,44;3000,0
4314902;Porto Alegre;RS;bairro;SAO GERALDO;1;20;586,1;1;False;0;exato;4767,66;3000,0
4314902;Porto Alegre;RS;bairro;HÍPICA;1;46;556,5;1;False;0;exato;4440,22;2900,0
4314902;Porto Alegre;RS;bairro;CRISTAL;1;56;664,5;1;False;1;exato;5004,76;2706,0
4314902;Porto Alegre;RS;bairro;CAVALHADA;1;10;547,3;1;False;0;exato;4260,63;2500,0
4314902;Porto Alegre;RS;bairro;NAVEGANTES;1;24;627,9;1;False;1;exato;4170,17;2500,0
4314902;Porto Alegre;RS;bairro;SARANDI;1;22;542,9;1;False;0;exato;3541,9;2300,0
4314902;Porto Alegre;RS;bairro;GLORIA;1;30;618,2;1;False;1;exato;3606,89;2100,0
4314902;Porto Alegre;RS;bairro;VILA JOÃO PESSOA;1;26;521,5;1;False;0;exato;3163,91;2000,0
4314902;Porto Alegre;RS;bairro;RUBEM BERTA;1;71;585,0;1;False;0;exato;2231,28;1800,0
4314902;Porto Alegre;RS;bairro;VILA SÃO JOSÉ;1;45;616,9;1;False;1;exato;2409,95;1600,0
4314902;Porto Alegre;RS;bairro;RESTINGA;1;12;585,7;1;False;0;exato;1932,54;1500,0
2925303;Porto Seguro;BA;distrito;Porto Seguro;5;142;614,9;6;True;2;exato;2364,71;1212,0
1100205;Porto Velho;RO;bairro;OLARIA;1;14;608,7;1;False;0;exato;7521,53;5000,0
1100205;Porto Velho;RO;bairro;SÃO JOÃO BOSCO;1;45;594,9;1;False;0;exato;7405,5;5000,0
1100205;Porto Velho;RO;bairro;FLODOALDO PONTES PINTO;3;121;608,3;3;True;1;exato;5294,59;3500,0
1100205;Porto Velho;RO;bairro;CENTRO;1;120;644,6;1;False;1;exato;4243,7;2600,0
1100205;Porto Velho;RO;bairro;ELETRONORTE;1;48;637,9;1;False;1;exato;3298,36;2000,0
1100205;Porto Velho;RO;bairro;LAGOA;2;101;574,1;2;False;0;exato;5325,93;2000,0
3152501;Pouso Alegre;MG;distrito;Pouso Alegre;9;297;638,0;10;True;5;exato;3327,15;2000,0
3539806;Poá;SP;distrito;Poá;1;16;565,2;3;False;0;exato;2691,72;2000,0
3151800;Poços de Caldas;MG;bairro;CENTRO;6;278;650,6;9;True;3;sem_match;;
3541000;Praia Grande;SP;bairro;CANTO DO FORTE;1;30;573,8;1;False;0;exato;5717,05;4000,0
3541000;Praia Grande;SP;bairro;GUILHERMINA;4;178;541,8;4;True;0;exato;5668,39;3700,0
3541000;Praia Grande;SP;bairro;AVIACAO;1;13;560,7;1;False;0;exato;4754,42;3000,0
3541000;Praia Grande;SP;bairro;CAICARA;1;11;565,5;1;False;0;exato;4169,22;3000,0
3541000;Praia Grande;SP;bairro;OCIAN;2;56;567,9;2;False;0;exato;3774,2;3000,0
3541000;Praia Grande;SP;bairro;TUPI;3;76;566,1;3;True;0;exato;4420,01;3000,0
3541000;Praia Grande;SP;bairro;MIRIM;1;29;508,2;1;False;0;exato;3504,6;2500,0
3541000;Praia Grande;SP;bairro;SITIO DO CAMPO;1;28;611,7;1;False;0;exato;2896,78;2414,0
3541000;Praia Grande;SP;bairro;ANTARTICA;1;11;538,1;1;False;0;exato;2611,35;2100,0
3541406;Presidente Prudente;SP;distrito;Presidente Prudente;11;463;615,2;15;True;5;exato;3663,61;2300,0
3304144;Queimados;RJ;distrito;Queimados;5;159;572,4;7;True;0;exato;1810,17;1212,0
2611606;Recife;PE;bairro;CASA FORTE;1;34;606,5;3;False;0;exato;14342,2;11000,0
2611606;Recife;PE;bairro;GRAÇAS;3;244;692,3;4;True;2;exato;11807,27;10000,0
2611606;Recife;PE;bairro;PARNAMIRIM;1;213;676,3;1;False;1;exato;13602,97;10000,0
2611606;Recife;PE;bairro;ROSARINHO;1;38;683,1;1;False;1;exato;10351,94;8000,0
2611606;Recife;PE;bairro;SANTANA;2;174;724,8;2;False;2;exato;11769,28;8000,0
2611606;Recife;PE;bairro;ESPINHEIRO;2;70;616,7;3;False;1;exato;9894,91;7500,0
2611606;Recife;PE;bairro;BOA VIAGEM;9;575;644,7;11;True;6;exato;9737,4;7000,0
2611606;Recife;PE;bairro;TAMARINEIRA;2;44;591,9;2;False;0;exato;9952,63;7000,0
2611606;Recife;PE;bairro;MADALENA;4;159;675,8;4;True;2;exato;8870,73;6000,0
2611606;Recife;PE;bairro;CASA AMARELA;2;77;606,3;4;False;1;exato;6390,57;4000,0
2611606;Recife;PE;bairro;BOA VISTA;4;255;580,1;4;True;0;exato;5248,77;3600,0
2611606;Recife;PE;bairro;CORDEIRO;2;149;602,0;4;False;0;exato;3822,63;2300,0
2611606;Recife;PE;bairro;ENGENHO DO MEIO;1;27;528,4;1;False;0;exato;3231,35;2000,0
2611606;Recife;PE;bairro;IPSEP;2;27;557,6;2;False;0;exato;2948,91;2000,0
2611606;Recife;PE;bairro;ZUMBI;2;29;585,4;2;False;0;exato;2985,14;1744,0
2611606;Recife;PE;bairro;IMBIRIBEIRA;6;365;674,4;7;True;4;exato;3859,94;1600,0
2611606;Recife;PE;bairro;SAN MARTIN;1;22;542,2;1;False;0;exato;2743,41;1600,0
2611606;Recife;PE;bairro;AREIAS;1;11;565,9;2;False;0;exato;2511,7;1500,0
2611606;Recife;PE;bairro;ARRUDA;1;20;504,1;1;False;0;exato;2668,61;1500,0
2611606;Recife;PE;bairro;IPUTINGA;2;40;557,6;2;False;0;exato;2879,63;1500,0
2611606;Recife;PE;bairro;JARDIM SAO PAULO;1;44;552,4;1;False;0;exato;2850,01;1500,0
2611606;Recife;PE;bairro;PORTO DA MADEIRA;1;46;551,5;1;False;0;exato;2565,41;1500,0
2611606;Recife;PE;bairro;VÁRZEA;5;134;579,0;6;True;1;exato;2795,26;1500,0
2611606;Recife;PE;bairro;SANTO AMARO;1;23;586,0;2;False;0;exato;3694,2;1300,0
2611606;Recife;PE;bairro;AFOGADOS;1;26;560,0;2;False;0;exato;1966,79;1212,0
2611606;Recife;PE;bairro;ÁGUA FRIA;1;46;572,7;2;False;0;exato;1566,41;1212,0
2611606;Recife;PE;bairro;BARRO;2;39;567,0;2;False;0;exato;2040,64;1212,0
2611606;Recife;PE;bairro;COHAB;1;24;528,3;3;False;0;exato;1989,44;1212,0
2611606;Recife;PE;bairro;COQUEIRAL;2;57;568,8;2;False;0;exato;1509,92;1212,0
2611606;Recife;PE;bairro;IBURA;1;149;577,1;1;False;0;exato;1650,3;1212,0
2611606;Recife;PE;bairro;JIQUIÁ;1;144;631,8;1;False;1;exato;1863,63;1212,0
2611606;Recife;PE;bairro;MUSTARDINHA;1;16;530,4;1;False;0;exato;1709,12;1212,0
2611606;Recife;PE;bairro;NOVA DESCOBERTA;1;10;536,7;1;False;0;exato;1445,49;1212,0
2611606;Recife;PE;bairro;SANCHO;1;23;505,3;1;False;0;exato;1656,54;1212,0
2611606;Recife;PE;bairro;VASCO DA GAMA;1;133;562,3;1;False;0;exato;2918,75;1212,0
3304201;Resende;RJ;bairro;MORADA DA COLINA;1;34;599,9;1;False;0;exato;8590,09;5500,0
3304201;Resende;RJ;bairro;CAMPOS ELÍSEOS;1;11;517,7;1;False;0;exato;18223,09;3500,0
3304201;Resende;RJ;bairro;CENTRO;2;94;642,1;2;False;1;exato;4324,99;2845,0
3304201;Resende;RJ;bairro;MANEJO;1;42;658,4;1;False;1;exato;3100,33;2400,0
3304201;Resende;RJ;bairro;JARDIM JALISCO;3;202;620,5;3;True;2;sem_match;;
3543303;Ribeirão Pires;SP;bairro;CENTRO;3;62;578,5;3;True;0;exato;4887,01;3500,0
3543303;Ribeirão Pires;SP;bairro;CENTRO ALTO;2;44;576,6;2;False;0;exato;4148,9;3000,0
3543303;Ribeirão Pires;SP;bairro;SUISSA;1;22;609,8;1;False;0;exato;3755,33;2800,0
3543303;Ribeirão Pires;SP;bairro;CENTRO NOVO;1;12;568,4;1;False;0;sem_match;;
3543402;Ribeirão Preto;SP;bairro;ALTO DA BOA VISTA;2;42;561,9;3;False;0;sem_match;;
3543402;Ribeirão Preto;SP;bairro;CAMPOS ELISEOS;4;131;581,2;5;True;0;sem_match;;
3543402;Ribeirão Preto;SP;bairro;CENTRO;3;344;658,2;3;True;2;sem_match;;
3543402;Ribeirão Preto;SP;bairro;IPIRANGA;1;53;563,7;1;False;0;sem_match;;
3543402;Ribeirão Preto;SP;bairro;JARDIM CALIFORNIA;2;137;653,9;2;False;1;sem_match;;
3543402;Ribeirão Preto;SP;bairro;JARDIM IRAJA;2;83;633,7;2;False;1;sem_match;;
3543402;Ribeirão Preto;SP;bairro;JARDIM PAULISTA;4;110;605,6;6;True;0;sem_match;;
3543402;Ribeirão Preto;SP;bairro;JARDIM ROBERTO BENEDETTI;1;33;557,8;1;False;0;sem_match;;
3543402;Ribeirão Preto;SP;bairro;JARDIM SUMARE;1;37;625,6;1;False;0;sem_match;;
3543402;Ribeirão Preto;SP;bairro;LOTEAMENTO SANTA LUISA;1;69;669,7;1;False;1;sem_match;;
3543402;Ribeirão Preto;SP;bairro;NOVA ALIANCA;1;83;621,5;1;False;0;sem_match;;
3543402;Ribeirão Preto;SP;bairro;NOVA RIBEIRANIA;1;18;609,1;1;False;0;sem_match;;
3543402;Ribeirão Preto;SP;bairro;PARQUE DOS BANDEIRANTES;1;109;563,9;1;False;0;sem_match;;
3543402;Ribeirão Preto;SP;bairro;PARQUE RESIDENCIAL LAGOINHA;1;20;623,0;1;False;0;sem_match;;
3543402;Ribeirão Preto;SP;bairro;PLANALTO VERDE;1;51;586,4;2;False;0;sem_match;;
3543402;Ribeirão Preto;SP;bairro;RESIDENCIAL FLORIDA;1;157;701,7;1;False;1;sem_match;;
3543402;Ribeirão Preto;SP;bairro;RIBEIRANIA;1;25;627,5;2;False;0;sem_match;;
3543402;Ribeirão Preto;SP;bairro;SUMAREZINHO;1;34;572,3;1;False;0;sem_match;;
3543402;Ribeirão Preto;SP;bairro;VILA AMELIA;1;38;596,4;1;False;0;sem_match;;
3543402;Ribeirão Preto;SP;bairro;VILA ANA MARIA;1;113;655,2;1;False;1;sem_match;;
3543402;Ribeirão Preto;SP;bairro;VILA DO GOLF;1;13;665,0;1;False;1;sem_match;;
3543402;Ribeirão Preto;SP;bairro;VILA TIBERIO;1;52;637,4;1;False;1;sem_match;;
3154606;Ribeirão das Neves;MG;distrito;Ribeirão das Neves;1;14;613,3;1;False;0;exato;1912,88;1300,0
1200401;Rio Branco;AC;distrito;Rio Branco;9;416;618,5;13;True;4;exato;2754,43;1300,0
3543907;Rio Claro;SP;bairro;JARDIM SAO PAULO;1;63;628,7;1;False;1;exato;6571,35;5000,0
3543907;Rio Claro;SP;bairro;CENTRO;1;19;513,5;1;False;0;exato;4836,03;3000,0
3543907;Rio Claro;SP;bairro;VILA APARECIDA;1;33;570,4;1;False;0;sem_match;;
3543907;Rio Claro;SP;bairro;VILA MARTINS;1;49;566,7;1;False;0;sem_match;;
3543907;Rio Claro;SP;bairro;ZONA CENTRAL;3;159;627,2;3;True;1;sem_match;;
4315602;Rio Grande;RS;bairro;CENTRO;3;76;580,2;4;True;1;sem_match;;
4315602;Rio Grande;RS;bairro;CIDADE NOVA;2;53;580,7;2;False;0;sem_match;;
4315602;Rio Grande;RS;bairro;PARQUE RESIDENCIAL SÃO PEDRO;1;28;568,9;1;False;0;sem_match;;
5218805;Rio Verde;GO;distrito;Rio Verde;7;166;624,3;13;True;3;exato;3490,23;2000,0
3304524;Rio das Ostras;RJ;bairro;CENTRO;3;119;609,2;3;True;0;sem_match;;
3304524;Rio das Ostras;RJ;bairro;CIDADE BEIRA MAR;1;42;619,8;2;False;1;sem_match;;
3304524;Rio das Ostras;RJ;bairro;COSTAZUL;1;46;653,0;1;False;1;sem_match;;
3304524;Rio das Ostras;RJ;bairro;EXTENSAO NOVO RIO DAS OSTRAS;1;11;595,1;1;False;0;sem_match;;
3304524;Rio das Ostras;RJ;bairro;JARDIM MARILEA;3;35;586,2;6;True;0;sem_match;;
3304524;Rio das Ostras;RJ;bairro;LIBERDADE;1;35;546,1;1;False;0;sem_match;;
3304524;Rio das Ostras;RJ;bairro;NOVO RIO DAS OSTRAS;1;22;592,1;1;False;0;sem_match;;
3304524;Rio das Ostras;RJ;bairro;PARQUE ZABULAO;1;16;567,7;1;False;0;sem_match;;
3304524;Rio das Ostras;RJ;bairro;RESIDENCIAL PRAIA ÂNCORA;1;20;601,9;1;False;0;sem_match;;
3304524;Rio das Ostras;RJ;bairro;VILLAGE SOL E MAR;1;79;657,1;1;False;1;sem_match;;
3304557;Rio de Janeiro;RJ;bairro;LEBLON;2;219;688,3;2;False;2;exato;16306,3;12000,0
3304557;Rio de Janeiro;RJ;bairro;BARRA DA TIJUCA;19;880;664,1;29;True;13;exato;14491,31;10001,0
3304557;Rio de Janeiro;RJ;bairro;HUMAITÁ;1;45;677,4;1;False;1;exato;11707,71;10000,0
3304557;Rio de Janeiro;RJ;bairro;IPANEMA;2;56;623,4;2;False;1;exato;14520,25;10000,0
3304557;Rio de Janeiro;RJ;bairro;JARDIM BOTANICO;1;13;567,9;1;False;0;exato;13899,41;10000,0
3304557;Rio de Janeiro;RJ;bairro;SÃO CONRADO;1;21;593,4;1;False;0;exato;14621,07;10000,0
3304557;Rio de Janeiro;RJ;bairro;URCA;2;94;658,6;3;False;1;exato;12175,58;10000,0
3304557;Rio de Janeiro;RJ;bairro;GAVEA;3;165;657,3;4;True;2;exato;11979,78;9000,0
3304557;Rio de Janeiro;RJ;bairro;BOTAFOGO;12;468;644,1;16;True;6;exato;10640,19;8000,0
3304557;Rio de Janeiro;RJ;bairro;FLAMENGO;3;81;590,3;4;True;0;exato;10586,16;8000,0
3304557;Rio de Janeiro;RJ;bairro;JOÁ;1;20;665,2;1;False;1;exato;11036,2;8000,0
3304557;Rio de Janeiro;RJ;bairro;LARANJEIRAS;5;238;657,2;7;True;4;exato;10750,24;8000,0
3304557;Rio de Janeiro;RJ;bairro;CAMORIM;1;14;550,5;1;False;0;exato;9029,49;7000,0
3304557;Rio de Janeiro;RJ;bairro;COPACABANA;5;129;621,6;7;True;1;exato;9077,08;6000,0
3304557;Rio de Janeiro;RJ;bairro;JARDIM GUANABARA;7;183;607,9;11;True;3;exato;8388,05;6000,0
3304557;Rio de Janeiro;RJ;bairro;MARACANÃ;8;314;627,1;9;True;3;exato;8867,67;6000,0
3304557;Rio de Janeiro;RJ;bairro;RECREIO DOS BANDEIRANTES;23;761;624,9;29;True;7;exato;8712,51;6000,0
3304557;Rio de Janeiro;RJ;bairro;TIJUCA;13;952;634,3;22;True;6;exato;8056,52;5500,0
3304557;Rio de Janeiro;RJ;bairro;FREGUESIA (JACAREPAGUÁ);4;113;587,3;4;True;1;exato;7088,09;5000,0
3304557;Rio de Janeiro;RJ;bairro;FREGUESIA JACAREPAGU;1;94;657,1;1;False;1;fuzzy;7088,09;5000,0
3304557;Rio de Janeiro;RJ;bairro;MÉIER;10;346;606,8;15;True;2;exato;6060,73;4500,0
3304557;Rio de Janeiro;RJ;bairro;PECHINCHA;5;371;647,4;7;True;2;exato;5889,29;4500,0
3304557;Rio de Janeiro;RJ;bairro;CATETE;1;18;643,2;1;False;1;exato;6042,12;4000,0
3304557;Rio de Janeiro;RJ;bairro;JARDIM SULACAP;1;14;600,4;1;False;0;exato;5053,28;4000,0
3304557;Rio de Janeiro;RJ;bairro;VILA ISABEL;3;95;596,7;6;True;0;exato;5922,12;4000,0
3304557;Rio de Janeiro;RJ;bairro;CACHAMBI;3;186;572,2;3;True;0;exato;4981,22;3500,0
3304557;Rio de Janeiro;RJ;bairro;PRAIA DA BANDEIRA;1;16;607,2;1;False;0;exato;5114,76;3500,0
3304557;Rio de Janeiro;RJ;bairro;VILA DA PENHA;8;296;590,8;9;True;0;exato;4843,16;3500,0
3304557;Rio de Janeiro;RJ;bairro;VILA VALQUEIRE;2;150;581,8;2;False;0;exato;5046,05;3001,0
3304557;Rio de Janeiro;RJ;bairro;ANIL;3;84;663,3;4;True;2;exato;4806,43;3000,0
3304557;Rio de Janeiro;RJ;bairro;CENTRO;3;187;701,9;4;True;2;exato;4195,82;3000,0
3304557;Rio de Janeiro;RJ;bairro;PORTUGUESA;1;45;599,2;1;False;0;exato;4926,83;3000,0
3304557;Rio de Janeiro;RJ;bairro;TAQUARA;13;612;575,7;22;True;1;exato;4247,17;3000,0
3304557;Rio de Janeiro;RJ;bairro;COCOTÁ;2;39;554,0;2;False;0;exato;3931,46;2600,0
3304557;Rio de Janeiro;RJ;bairro;ABOLIÇÃO;1;21;513,9;1;False;0;exato;3618,72;2500,0
3304557;Rio de Janeiro;RJ;bairro;IRAJÁ;4;154;543,4;5;True;0;exato;3756,82;2500,0
3304557;Rio de Janeiro;RJ;bairro;CAMPINHO;1;10;602,3;1;False;0;exato;3509,0;2400,0
3304557;Rio de Janeiro;RJ;bairro;SÃO CRISTÓVÃO;1;19;569,7;3;False;0;exato;3885,67;2400,0
3304557;Rio de Janeiro;RJ;bairro;HIGIENOPOLIS;1;10;547,3;3;False;0;exato;3361,56;2350,0
3304557;Rio de Janeiro;RJ;bairro;FREGUESIA (ILHA DO GOVERNADOR);1;29;716,2;1;False;1;exato;3539,68;2300,0
3304557;Rio de Janeiro;RJ;bairro;BONSUCESSO;4;133;548,3;7;True;0;exato;3286,79;2200,0
3304557;Rio de Janeiro;RJ;bairro;ENGENHO NOVO;1;43;572,5;1;False;0;exato;3339,35;2200,0
3304557;Rio de Janeiro;RJ;bairro;RAMOS;1;50;630,2;3;False;1;exato;3213,34;2170,0
3304557;Rio de Janeiro;RJ;bairro;BENTO RIBEIRO;3;107;519,0;4;True;0;exato;3287,78;2001,0
3304557;Rio de Janeiro;RJ;bairro;CAMPO GRANDE;23;809;571,2;33;True;2;exato;3277,13;2000,0
3304557;Rio de Janeiro;RJ;bairro;CASCADURA;2;74;575,7;2;False;0;exato;2864,04;2000,0
3304557;Rio de Janeiro;RJ;bairro;CURICICA;3;31;543,7;5;True;0;exato;2818,69;2000,0
3304557;Rio de Janeiro;RJ;bairro;JARDIM CARIOCA;3;114;645,3;5;True;0;exato;2954,43;2000,0
3304557;Rio de Janeiro;RJ;bairro;MADUREIRA;9;404;586,8;12;True;2;exato;2949,67;2000,0
3304557;Rio de Janeiro;RJ;bairro;OLARIA;5;137;549,6;5;True;0;exato;3232,61;2000,0
3304557;Rio de Janeiro;RJ;bairro;OSWALDO CRUZ;1;68;691,7;2;False;1;exato;2943,65;2000,0
3304557;Rio de Janeiro;RJ;bairro;PARADA DE LUCAS;1;10;539,8;1;False;0;exato;2595,12;2000,0
3304557;Rio de Janeiro;RJ;bairro;PEDRA DE GUARATIBA;1;12;589,8;1;False;0;exato;3030,91;2000,0
3304557;Rio de Janeiro;RJ;bairro;PENHA CIRCULAR;1;30;580,3;2;False;0;exato;3072,69;2000,0
3304557;Rio de Janeiro;RJ;bairro;PRACA SECA;2;30;527,0;5;False;0;exato;3193,61;2000,0
3304557;Rio de Janeiro;RJ;bairro;SANTA TERESA;1;25;613,8;1;False;0;exato;3692,75;2000,0
3304557;Rio de Janeiro;RJ;bairro;VILA KOSMOS;1;17;602,8;1;False;0;exato;2948,53;2000,0
3304557;Rio de Janeiro;RJ;bairro;MARECHAL HERMES;1;14;530,5;2;False;0;exato;2870,22;1900,0
3304557;Rio de Janeiro;RJ;bairro;DEODORO;1;10;571,2;1;False;0;exato;3334,56;1800,0
3304557;Rio de Janeiro;RJ;bairro;GUADALUPE;1;64;538,7;4;False;0;exato;2441,37;1800,0
3304557;Rio de Janeiro;RJ;bairro;ITANHANGÁ;2;41;634,6;3;False;2;exato;2668,39;1800,0
3304557;Rio de Janeiro;RJ;bairro;JACAREPAGUA;4;118;629,6;7;True;1;exato;4108,22;1800,0
3304557;Rio de Janeiro;RJ;bairro;PILARES;4;54;585,2;6;True;0;exato;2526,76;1800,0
3304557;Rio de Janeiro;RJ;bairro;SANTÍSSIMO;2;151;531,5;3;False;0;exato;2313,06;1800,0
3304557;Rio de Janeiro;RJ;bairro;ENGENHO DA RAINHA;1;13;530,1;1;False;0;exato;2570,15;1786,0
3304557;Rio de Janeiro;RJ;bairro;ROCHA MIRANDA;1;45;556,7;2;False;0;exato;2822,47;1750,0
3304557;Rio de Janeiro;RJ;bairro;BRAS DE PINA;1;14;520,5;2;False;0;exato;2607,53;1700,0
3304557;Rio de Janeiro;RJ;bairro;TAUÁ;1;13;554,2;1;False;0;exato;2748,25;1600,0
3304557;Rio de Janeiro;RJ;bairro;BANGU;6;296;561,5;11;True;0;exato;2384,35;1500,0
3304557;Rio de Janeiro;RJ;bairro;COLÉGIO;1;48;607,3;1;False;0;exato;2355,96;1500,0
3304557;Rio de Janeiro;RJ;bairro;CORDOVIL;1;22;545,0;3;False;0;exato;2546,0;1500,0
3304557;Rio de Janeiro;RJ;bairro;GALEÃO;2;30;524,6;3;False;0;exato;2709,84;1500,0
3304557;Rio de Janeiro;RJ;bairro;GARDÊNIA AZUL;1;23;578,9;1;False;0;exato;2148,37;1500,0
3304557;Rio de Janeiro;RJ;bairro;GUARATIBA;3;88;549,7;6;True;0;exato;2099,37;1500,0
3304557;Rio de Janeiro;RJ;bairro;PADRE MIGUEL;4;79;549,5;4;True;0;exato;2312,64;1500,0
3304557;Rio de Janeiro;RJ;bairro;REALENGO;8;267;542,7;10;True;0;exato;2439,09;1500,0
3304557;Rio de Janeiro;RJ;bairro;INHOAIBA;1;15;519,9;2;False;0;exato;2025,08;1400,0
3304557;Rio de Janeiro;RJ;bairro;RICARDO DE ALBUQUERQUE;1;20;547,1;1;False;0;exato;2047,88;1300,0
3304557;Rio de Janeiro;RJ;bairro;SENADOR CAMARA;1;15;565,9;1;False;0;exato;1960,39;1300,0
3304557;Rio de Janeiro;RJ;bairro;PACIENCIA;1;24;511,5;3;False;0;exato;2039,99;1280,0
3304557;Rio de Janeiro;RJ;bairro;SANTA CRUZ;7;215;552,9;9;True;0;exato;1966,42;1230,0
3304557;Rio de Janeiro;RJ;bairro;BENFICA;1;178;584,9;2;False;0;exato;2020,38;1212,0
3304557;Rio de Janeiro;RJ;bairro;MANGUINHOS;1;43;651,7;1;False;1;exato;1553,13;1212,0
3304557;Rio de Janeiro;RJ;bairro;SEPETIBA;1;14;554,4;2;False;0;exato;2045,32;1212,0
3304557;Rio de Janeiro;RJ;bairro;BARRA OLÍMPICA;7;402;641,5;7;True;3;sem_match;;
3304557;Rio de Janeiro;RJ;bairro;FREGUESIA;5;259;628,1;5;True;1;sem_match;;
3304557;Rio de Janeiro;RJ;bairro;IRAJ;1;26;492,3;1;False;0;sem_match;;
3304557;Rio de Janeiro;RJ;bairro;RECREIO;1;50;603,8;1;False;0;sem_match;;
5107602;Rondonópolis;MT;distrito;Rondonópolis;7;188;611,7;11;True;2;exato;3653,47;2224,0
3156700;Sabará;MG;distrito;Sabará;2;36;572,6;2;False;0;exato;2442,43;1800,0
3545209;Salto;SP;distrito;Salto;4;161;615,5;6;True;1;exato;3813,86;2500,0
2927408;Salvador;BA;bairro;PATAMARES;1;39;673,1;2;False;1;exato;16176,0;10001,0
2927408;Salvador;BA;bairro;CAMINHO DAS ÁRVORES;2;215;720,3;2;False;2;exato;12104,58;10000,0
2927408;Salvador;BA;bairro;ITAIGARA;2;403;682,6;2;False;2;exato;12208,44;10000,0
2927408;Salvador;BA;bairro;PITUBA;7;499;656,8;8;True;4;exato;9892,24;7500,0
2927408;Salvador;BA;bairro;PIATA;3;504;605,2;3;True;2;exato;8884,44;6000,0
2927408;Salvador;BA;bairro;STELLA MARIS;3;119;597,9;3;True;1;exato;7215,4;5001,0
2927408;Salvador;BA;bairro;COSTA AZUL;2;111;638,9;2;False;0;exato;6624,91;5000,0
2927408;Salvador;BA;bairro;IMBUÍ;2;59;596,2;2;False;0;exato;6791,2;5000,0
2927408;Salvador;BA;bairro;ONDINA;1;19;571,7;1;False;0;exato;8380,12;5000,0
2927408;Salvador;BA;bairro;VILA LAURA;3;72;563,2;3;True;0;exato;6186,46;5000,0
2927408;Salvador;BA;bairro;AMARALINA;1;29;549,9;1;False;0;exato;5061,79;4000,0
2927408;Salvador;BA;bairro;CABULA;5;189;575,9;5;True;1;exato;4718,84;3000,0
2927408;Salvador;BA;bairro;CENTRO;1;21;563,3;1;False;0;exato;5358,5;3000,0
2927408;Salvador;BA;bairro;BOA VISTA DE BROTAS;1;22;597,1;1;False;0;exato;3581,16;2500,0
2927408;Salvador;BA;bairro;BROTAS;1;56;560,2;2;False;0;exato;3967,79;2500,0
2927408;Salvador;BA;bairro;NAZARÉ;1;43;605,4;1;False;0;exato;3803,4;2500,0
2927408;Salvador;BA;bairro;ROMA;1;62;550,5;1;False;0;exato;3352,5;2500,0
2927408;Salvador;BA;bairro;BONFIM;2;106;617,1;2;False;0;exato;3400,45;2400,0
2927408;Salvador;BA;bairro;TROBOGY;2;75;667,6;2;False;1;exato;3197,48;2001,0
2927408;Salvador;BA;bairro;BARRIS;1;35;570,5;1;False;0;exato;3501,99;2000,0
2927408;Salvador;BA;bairro;SÃO RAFAEL;1;25;580,1;2;False;0;exato;2680,61;2000,0
2927408;Salvador;BA;bairro;SAÚDE;1;11;532,1;1;False;0;exato;2948,32;2000,0
2927408;Salvador;BA;bairro;JARDIM DAS MARGARIDAS;1;40;602,9;1;False;0;exato;2800,5;1800,0
2927408;Salvador;BA;bairro;PITUACU;2;105;664,3;2;False;2;exato;5413,09;1800,0
2927408;Salvador;BA;bairro;FEDERAÇÃO;1;15;652,0;1;False;1;exato;3700,36;1600,0
2927408;Salvador;BA;bairro;LAPINHA;1;63;598,8;1;False;0;exato;2497,21;1600,0
2927408;Salvador;BA;bairro;CAMINHO DE AREIA;1;144;561,3;1;False;0;exato;2340,84;1500,0
2927408;Salvador;BA;bairro;FAZENDA GRANDE II;1;15;572,6;1;False;0;exato;1897,81;1215,0
2927408;Salvador;BA;bairro;AGUAS CLARAS;1;49;555,2;2;False;0;exato;1455,96;1212,0
2927408;Salvador;BA;bairro;BOCA DO RIO;2;56;587,1;2;False;0;exato;2308,75;1212,0
2927408;Salvador;BA;bairro;CAJAZEIRAS XI;1;19;561,6;1;False;0;exato;1563,72;1212,0
2927408;Salvador;BA;bairro;CASTELO BRANCO;1;48;567,8;1;False;0;exato;1673,26;1212,0
2927408;Salvador;BA;bairro;ENGENHO VELHO DA FEDERAÇÃO;1;18;504,6;1;False;0;exato;1535,55;1212,0
2927408;Salvador;BA;bairro;FAZENDA GRANDE DO RETIRO;2;388;541,5;2;False;0;exato;1433,13;1212,0
2927408;Salvador;BA;bairro;IAPI;1;18;602,4;1;False;0;exato;1877,27;1212,0
2927408;Salvador;BA;bairro;LIBERDADE;2;64;543,3;3;False;0;exato;1680,41;1212,0
2927408;Salvador;BA;bairro;MARECHAL RONDON;1;10;535,0;1;False;0;exato;1635,89;1212,0
2927408;Salvador;BA;bairro;MASSARANDUBA;1;10;543,1;1;False;0;exato;1617,0;1212,0
2927408;Salvador;BA;bairro;MATA ESCURA;1;11;547,2;2;False;0;exato;1717,73;1212,0
2927408;Salvador;BA;bairro;MUSSURUNGA 1;1;11;592,4;1;False;0;fuzzy;2589,55;1212,0
2927408;Salvador;BA;bairro;PAU DA LIMA;1;20;571,0;1;False;0;exato;1551,37;1212,0
2927408;Salvador;BA;bairro;PAU MIÚDO;1;10;540,7;1;False;0;exato;1723,2;1212,0
2927408;Salvador;BA;bairro;PERIPERI;3;91;585,4;3;True;0;exato;1570,99;1212,0
2927408;Salvador;BA;bairro;PERNAMBUÉS;1;42;588,9;1;False;0;exato;2316,25;1212,0
2927408;Salvador;BA;bairro;SÃO CAETANO;3;88;545,7;3;True;0;exato;1658,21;1212,0
2927408;Salvador;BA;bairro;SÃO MARCOS;1;12;586,6;1;False;0;exato;1311,91;1212,0
2927408;Salvador;BA;bairro;SETE DE ABRIL;2;25;542,1;2;False;0;exato;1675,01;1212,0
2927408;Salvador;BA;bairro;TANCREDO NEVES;1;12;546,8;1;False;0;sem_match;;
3545803;Santa Bárbara d'Oeste;SP;distrito;Santa Bárbara d'Oeste;4;125;594,3;5;True;1;exato;3297,12;2500,0
4316808;Santa Cruz do Sul;RS;bairro;CENTRO;1;13;639,8;3;False;1;exato;5733,35;4000,0
4316808;Santa Cruz do Sul;RS;bairro;LINHA SANTA CRUZ;1;35;531,6;1;False;0;exato;3184,12;2400,0
3157807;Santa Luzia;MG;distrito;Santa Luzia;2;75;627,1;2;False;0;exato;2408,85;1500,0
3157807;Santa Luzia;MG;distrito;São Benedito;3;115;562,4;3;True;0;exato;2123,21;1500,0
4316907;Santa Maria;RS;bairro;NOSSA SENHORA DE FATIMA;1;37;623,9;1;False;1;exato;6421,5;4200,0
4316907;Santa Maria;RS;bairro;CENTRO;1;62;693,6;1;False;1;exato;6607,39;4000,0
4316907;Santa Maria;RS;bairro;DOM ANTÔNIO REIS;1;68;592,7;1;False;0;exato;4635,8;3000,0
4316907;Santa Maria;RS;bairro;NONOAI;1;64;648,3;1;False;0;exato;5067,77;3000,0
4316907;Santa Maria;RS;bairro;NOSSA SENHORA DO ROSÁRIO;1;24;595,5;2;False;0;exato;8155,81;3000,0
4316907;Santa Maria;RS;bairro;PATRONATO;1;37;614,9;1;False;0;exato;4601,68;2800,0
4316907;Santa Maria;RS;bairro;RENASCENÇA;1;14;554,7;1;False;0;exato;3542,04;2600,0
4316907;Santa Maria;RS;bairro;URLÂNDIA;1;21;666,2;1;False;1;exato;2428,4;1800,0
2513703;Santa Rita;PB;bairro;CENTRO;2;56;541,9;2;False;0;exato;2360,17;1475,0
2513703;Santa Rita;PB;bairro;JARDINS;1;11;573,2;1;False;0;exato;2000,83;1212,0
2513703;Santa Rita;PB;bairro;POPULAR;2;30;507,1;2;False;0;exato;1505,19;1212,0
2513703;Santa Rita;PB;bairro;TIBIRI;1;36;531,5;2;False;0;exato;1687,64;1212,0
1600600;Santana;AP;bairro;ACQUAVILLE;1;26;611,2;1;False;0;exato;4110,14;3000,0
1600600;Santana;AP;bairro;NOVA BRASILIA;1;32;527,2;1;False;0;exato;2318,69;1212,0
3547304;Santana de Parnaíba;SP;distrito;Santana de Parnaíba;6;231;615,0;10;True;2;exato;6131,16;2500,0
1506807;Santarém;PA;bairro;ALDEIA;1;28;604,9;1;False;0;exato;2961,26;1500,0
1506807;Santarém;PA;bairro;SANTISSIMO;1;30;662,4;1;False;1;exato;3165,74;1500,0
1506807;Santarém;PA;bairro;NOVA REPÚBLICA;1;11;540,5;1;False;0;exato;1927,68;1212,0
3547809;Santo André;SP;bairro;JARDIM;2;95;672,4;2;False;1;exato;12674,15;10000,0
3547809;Santo André;SP;bairro;JARDIM BELA VISTA;1;48;573,6;1;False;0;exato;8625,46;6000,0
3547809;Santo André;SP;bairro;VILA ASSUNCAO;1;35;550,1;2;False;0;exato;8246,89;5500,0
3547809;Santo André;SP;bairro;VILA VALPARAISO;1;18;596,4;1;False;0;exato;7539,17;5500,0
3547809;Santo André;SP;bairro;CAMPESTRE;1;81;586,4;2;False;0;exato;8022,26;5001,0
3547809;Santo André;SP;bairro;CASA BRANCA;3;60;587,4;4;True;0;exato;6148,35;5000,0
3547809;Santo André;SP;bairro;CENTRO;4;507;616,6;5;True;1;exato;6752,49;5000,0
3547809;Santo André;SP;bairro;SILVEIRA;1;73;623,5;1;False;0;exato;5694,19;5000,0
3547809;Santo André;SP;bairro;VILA ALZIRA;2;39;583,1;2;False;0;exato;6081,8;4500,0
3547809;Santo André;SP;bairro;VILA PIRES;1;24;540,1;1;False;0;exato;5642,8;4500,0
3547809;Santo André;SP;bairro;JARDIM JAMAICA;1;11;588,5;1;False;0;exato;5303,39;4000,0
3547809;Santo André;SP;bairro;PARQUE JACATUBA;1;51;574,5;1;False;0;exato;5314,19;4000,0
3547809;Santo André;SP;bairro;SANTA TERESINHA;1;52;580,9;1;False;0;fuzzy;5051,41;3800,0
3547809;Santo André;SP;bairro;PARQUE DAS NACOES;2;119;571,0;3;False;0;exato;4876,08;3500,0
3547809;Santo André;SP;bairro;VILA HOMERO THON;1;10;599,4;1;False;0;exato;4718,48;3500,0
3547809;Santo André;SP;bairro;PARQUE NOVO ORATORIO;1;32;567,0;2;False;0;exato;4049,65;3000,0
3547809;Santo André;SP;bairro;VILA GUIOMAR;1;174;717,8;1;False;1;exato;4349,36;3000,0
3547809;Santo André;SP;bairro;VILA METALURGICA;1;182;536,7;1;False;0;exato;4248,56;3000,0
3547809;Santo André;SP;bairro;JARDIM SANTO ALBERTO;1;43;556,3;1;False;0;exato;3474,48;2800,0
3547809;Santo André;SP;bairro;VILA JUNQUEIRA;1;25;544,9;1;False;0;exato;3932,68;2600,0
3547809;Santo André;SP;bairro;JARDIM TELLES DE MENEZES;1;11;544,0;1;False;0;exato;3057,75;2500,0
3547809;Santo André;SP;bairro;VILA LINDA;1;24;599,2;1;False;0;exato;3255,92;2500,0
3547809;Santo André;SP;bairro;VILA CLARICE;1;27;569,7;1;False;0;sem_match;;
3547809;Santo André;SP;bairro;VILA SANTA TERESA;1;36;559,8;1;False;0;sem_match;;
3547809;Santo André;SP;bairro;VILA SAO PEDRO;1;32;577,8;1;False;0;sem_match;;
2928703;Santo Antônio de Jesus;BA;bairro;CAJUEIRO;1;50;603,4;1;False;0;exato;1750,15;1212,0
2928703;Santo Antônio de Jesus;BA;bairro;CENTRO;4;123;622,0;5;True;2;exato;2311,35;1212,0
2928703;Santo Antônio de Jesus;BA;bairro;SÃO BENEDITO;1;10;528,9;1;False;0;exato;1784,3;1212,0
3548500;Santos;SP;bairro;GONZAGA;2;102;586,9;2;False;0;exato;9005,03;6000,0
3548500;Santos;SP;bairro;POMPEIA;1;19;578,9;2;False;0;exato;8423,49;6000,0
3548500;Santos;SP;bairro;BOQUEIRAO;7;280;604,7;7;True;0;exato;8433,53;5001,0
3548500;Santos;SP;bairro;EMBARE;2;52;610,0;2;False;0;exato;6736,4;5000,0
3548500;Santos;SP;bairro;JOSE MENINO;1;46;601,6;1;False;0;exato;7220,24;5000,0
3548500;Santos;SP;bairro;PONTA DA PRAIA;4;228;613,1;6;True;1;exato;8344,96;5000,0
3548500;Santos;SP;bairro;APARECIDA;2;139;675,5;4;False;1;exato;6193,88;4000,0
3548500;Santos;SP;bairro;MARAPE;2;28;518,0;2;False;0;exato;5876,16;4000,0
3548500;Santos;SP;bairro;ENCRUZILHADA;1;14;598,5;1;False;0;exato;4448,64;3003,0
3548500;Santos;SP;bairro;VILA MATHIAS;1;41;557,2;1;False;0;fuzzy;4082,29;3000,0
3548500;Santos;SP;bairro;VILA MATIAS;1;22;554,2;1;False;0;exato;4082,29;3000,0
3548500;Santos;SP;bairro;MACUCO;2;39;542,0;2;False;0;exato;3573,76;2600,0
3548500;Santos;SP;bairro;SANTA MARIA;2;71;617,5;3;False;0;exato;2927,18;2300,0
4320008;Sapucaia do Sul;RS;distrito;Sapucaia do Sul;1;55;555,0;2;False;0;exato;2660,66;2000,0
5220454;Senador Canedo;GO;distrito;Senador Canedo;2;32;558,0;3;False;0;exato;2505,42;1800,0
3205002;Serra;ES;bairro;COLINA DE LARANJEIRAS;1;16;619,8;1;False;0;exato;4907,74;3626,0
3205002;Serra;ES;bairro;PARQUE RESIDENCIAL LARANJEIRAS;3;149;592,9;4;True;0;exato;4206,9;3000,0
3205002;Serra;ES;bairro;CHÁCARA PARREIRAL;1;23;593,5;1;False;0;exato;3450,44;2800,0
3205002;Serra;ES;bairro;BARCELONA;1;38;678,7;1;False;1;exato;3280,16;2500,0
3205002;Serra;ES;bairro;JARDIM ATLÂNTICO;1;22;624,7;1;False;0;exato;3439,99;2500,0
3205002;Serra;ES;bairro;CIVIT I;1;64;574,0;2;False;0;exato;1623,85;1212,0
3551702;Sertãozinho;SP;distrito;Sertãozinho;6;196;584,2;6;True;0;exato;3397,15;2500,0
3167202;Sete Lagoas;MG;distrito;Sete Lagoas;12;351;647,3;14;True;5;exato;2902,83;1800,0
2930709;Simões Filho;BA;distrito;Simões Filho;2;26;582,3;5;False;0;exato;1683,34;1212,0
5107909;Sinop;MT;bairro;JARDIM MARINGÁ;1;42;657,9;1;False;1;exato;9503,44;7000,0
5107909;Sinop;MT;bairro;SETOR RESIDENCIAL NORTE;1;76;575,5;1;False;0;exato;5669,02;4000,0
5107909;Sinop;MT;bairro;RESIDENCIAL FLORENÇA;1;23;600,2;1;False;0;sem_match;;
5107909;Sinop;MT;bairro;RESIDENCIAL IPANEMA;1;63;680,9;1;False;1;sem_match;;
2312908;Sobral;CE;bairro;CAMPO DOS VELHOS;1;47;558,2;1;False;0;exato;3286,52;2200,0
2312908;Sobral;CE;bairro;CORAÇÃO DE JESUS;1;28;550,4;1;False;0;exato;2670,61;1250,0
2312908;Sobral;CE;bairro;CENTRO;1;103;639,0;1;False;1;exato;2370,14;1240,0
3552205;Sorocaba;SP;distrito;Sorocaba;24;1322;608,1;30;True;3;exato;4062,07;2500,0
5107925;Sorriso;MT;bairro;BELA VISTA;1;38;655,1;1;False;1;exato;4478,22;3000,0
5107925;Sorriso;MT;bairro;CENTRO-NORTE;1;33;569,7;1;False;0;sem_match;;
5107925;Sorriso;MT;bairro;CENTRO-SUL;1;43;583,3;1;False;0;sem_match;;
5107925;Sorriso;MT;bairro;FLOR DO CERRADO;1;10;598,1;1;False;0;sem_match;;
3552403;Sumaré;SP;bairro;CENTRO;2;69;636,2;3;False;0;sem_match;;
3552403;Sumaré;SP;bairro;JARDIM NOVA VENEZA (NOVA VENEZA);1;11;545,7;2;False;0;sem_match;;
3552403;Sumaré;SP;bairro;JD NOVA VENEZA;1;28;579,4;1;False;0;sem_match;;
3552502;Suzano;SP;distrito;Suzano;11;422;597,2;13;True;1;exato;3143,62;2200,0
3548708;São Bernardo do Campo;SP;bairro;CENTRO;9;480;582,7;9;True;1;exato;8326,83;5001,0
3548708;São Bernardo do Campo;SP;bairro;NOVA PETROPOLIS;2;134;666,2;2;False;2;exato;6723,72;4500,0
3548708;São Bernardo do Campo;SP;bairro;RUDGE RAMOS;4;134;604,8;4;True;0;exato;5428,73;4000,0
3548708;São Bernardo do Campo;SP;bairro;TABOAO;2;42;567,9;2;False;0;exato;4763,04;3200,0
3548708;São Bernardo do Campo;SP;bairro;ASSUNCAO;7;753;630,9;8;True;2;exato;4415,81;3100,0
3548708;São Bernardo do Campo;SP;bairro;PAULICEIA;1;12;583,4;2;False;0;exato;4763,45;3000,0
3548708;São Bernardo do Campo;SP;bairro;PLANALTO;1;24;610,0;1;False;0;exato;4460,49;3000,0
3548708;São Bernardo do Campo;SP;bairro;BAETA NEVES;3;233;610,4;3;True;1;exato;3945,01;2600,0
3548708;São Bernardo do Campo;SP;bairro;DOS CASA;1;43;587,8;1;False;0;exato;2913,35;2000,0
3548708;São Bernardo do Campo;SP;bairro;JARDIM DO MAR;1;13;639,7;1;False;0;sem_match;;
3548708;São Bernardo do Campo;SP;bairro;TERRA NOVA II;1;41;548,7;1;False;0;sem_match;;
3548807;São Caetano do Sul;SP;bairro;SANTA PAULA;3;164;631,5;5;True;1;exato;9535,86;6000,0
3548807;São Caetano do Sul;SP;bairro;SANTO ANTONIO;2;161;654,3;3;False;1;exato;9235,25;6000,0
3548807;São Caetano do Sul;SP;bairro;CERAMICA;2;62;629,8;2;False;0;exato;8603,1;4500,0
3548807;São Caetano do Sul;SP;bairro;BOA VISTA;1;51;586,2;1;False;0;exato;6550,63;4000,0
3548807;São Caetano do Sul;SP;bairro;CENTRO;1;16;640,0;2;False;0;exato;5798,7;3600,0
3548807;São Caetano do Sul;SP;bairro;NOVA GERTY;1;26;580,1;1;False;0;fuzzy;3690,63;2500,0
3548906;São Carlos;SP;distrito;São Carlos;11;476;624,5;12;True;3;exato;4303,91;2925,0
3548906;São Carlos;SP;distrito;Vila Nery;2;53;648,3;2;False;2;exato;3307,17;2400,0
3304904;São Gonçalo;RJ;bairro;CENTRO;6;366;614,4;8;True;1;exato;4310,21;3001,0
3304904;São Gonçalo;RJ;bairro;ZÉ GAROTO;1;17;623,3;1;False;0;exato;3170,63;2001,5
3304904;São Gonçalo;RJ;bairro;MUTUÁ;1;49;653,6;1;False;1;exato;2667,98;2000,0
3304904;São Gonçalo;RJ;bairro;COLUBANDE;2;63;568,1;3;False;0;exato;2654,05;1974,0
3304904;São Gonçalo;RJ;bairro;TRINDADE;1;10;596,2;2;False;0;exato;2332,08;1800,0
3304904;São Gonçalo;RJ;bairro;MARIA PAULA;1;11;541,2;1;False;0;exato;3065,07;1700,0
3304904;São Gonçalo;RJ;bairro;PARAÍSO;1;26;525,7;2;False;0;exato;2367,64;1600,0
3304904;São Gonçalo;RJ;bairro;RAUL VEIGA;1;25;579,2;1;False;0;exato;2310,28;1600,0
3304904;São Gonçalo;RJ;bairro;VILA TRES;1;17;596,0;1;False;0;exato;2176,9;1600,0
3304904;São Gonçalo;RJ;bairro;AMENDOEIRA;1;10;524,6;2;False;0;exato;2024,28;1500,0
3304904;São Gonçalo;RJ;bairro;ARSENAL;1;12;543,2;1;False;0;exato;2398,97;1500,0
3304904;São Gonçalo;RJ;bairro;LARANJAL;1;13;518,7;2;False;0;exato;1936,15;1500,0
3304904;São Gonçalo;RJ;bairro;ROCHA;1;16;580,8;2;False;0;exato;2170,16;1500,0
3304904;São Gonçalo;RJ;bairro;RIO DO OURO;1;13;608,4;2;False;0;exato;1893,42;1400,0
3304904;São Gonçalo;RJ;bairro;JARDIM CATARINA;1;21;611,1;2;False;0;exato;1705,91;1300,0
3304904;São Gonçalo;RJ;bairro;MUTUAGUAÇU;1;28;633,2;2;False;1;exato;1985,81;1300,0
3304904;São Gonçalo;RJ;bairro;PATRONATO;1;43;570,0;1;False;0;exato;2226,4;1300,0
3304904;São Gonçalo;RJ;bairro;ALCÂNTARA;5;182;597,7;6;True;0;sem_match;;
4216602;São José;SC;bairro;CAMPINAS;1;35;610,4;2;False;0;exato;8011,96;5500,0
4216602;São José;SC;bairro;KOBRASOL;2;77;632,0;3;False;1;exato;5806,19;4500,0
4216602;São José;SC;bairro;BARREIROS;2;226;614,8;2;False;1;exato;5027,18;3500,0
4216602;São José;SC;bairro;AREIAS;1;65;594,9;1;False;0;exato;3803,58;3000,0
4216602;São José;SC;bairro;IPIRANGA;1;11;563,7;1;False;0;exato;3431,67;2500,0
4216602;São José;SC;bairro;JARDIM SANTIAGO;1;20;596,8;1;False;0;exato;3265,44;2500,0
4216602;São José;SC;bairro;PICADAS DO SUL;1;13;593,9;1;False;0;exato;3196,28;2400,0
4216602;São José;SC;bairro;DISTRITO INDUSTRIAL;1;86;560,5;2;False;0;exato;2028,12;1600,0
2111201;São José de Ribamar;MA;bairro;ARACAGY;1;85;618,8;3;False;0;exato;5543,5;3800,0
2111201;São José de Ribamar;MA;bairro;TRIZIDELA DA MAIOBA;1;62;626,5;1;False;1;exato;2416,93;1500,0
2111201;São José de Ribamar;MA;bairro;PARQUE VITÓRIA;1;34;561,4;1;False;0;exato;2092,01;1385,0
2111201;São José de Ribamar;MA;bairro;VILA SARNEY FILHO I;1;23;579,0;1;False;0;exato;1697,17;1212,0
3549805;São José do Rio Preto;SP;bairro;CENTRO;7;284;629,3;9;True;1;sem_match;;
3549805;São José do Rio Preto;SP;bairro;JARDIM ALTO ALEGRE;2;38;586,5;2;False;0;sem_match;;
3549805;São José do Rio Preto;SP;bairro;JARDIM CONCEICAO;1;67;552,4;1;False;0;sem_match;;
3549805;São José do Rio Preto;SP;bairro;JARDIM DOS SEIXAS;1;72;574,9;1;False;0;sem_match;;
3549805;São José do Rio Preto;SP;bairro;JARDIM MARACANA;1;104;648,5;1;False;0;sem_match;;
3549805;São José do Rio Preto;SP;bairro;JARDIM REDENTOR;1;43;646,2;1;False;0;sem_match;;
3549805;São José do Rio Preto;SP;bairro;JARDIM SEIXAS;1;47;626,9;1;False;0;sem_match;;
3549805;São José do Rio Preto;SP;bairro;JARDIM TARRAF;1;47;596,4;1;False;0;sem_match;;
3549805;São José do Rio Preto;SP;bairro;JARDIM VIVENDAS;1;20;620,9;1;False;0;sem_match;;
3549805;São José do Rio Preto;SP;bairro;JARDIM WALKIRIA;1;17;663,6;1;False;1;sem_match;;
3549805;São José do Rio Preto;SP;bairro;NOVA REDENTORA;1;37;578,2;2;False;0;sem_match;;
3549805;São José do Rio Preto;SP;bairro;PARQUE INDUSTRIAL;2;91;637,3;4;False;1;sem_match;;
3549805;São José do Rio Preto;SP;bairro;PARQUE RESIDENCIAL DOM LAFAYETE LIBANIO;1;35;551,8;1;False;0;sem_match;;
3549805;São José do Rio Preto;SP;bairro;VILA ERCILIA;1;30;669,1;1;False;1;sem_match;;
3549805;São José do Rio Preto;SP;bairro;VILA MOREIRA;1;22;568,9;1;False;0;sem_match;;
3549805;São José do Rio Preto;SP;bairro;VILA NOSSA SENHORA DA PAZ;1;17;656,8;1;False;1;sem_match;;
3549805;São José do Rio Preto;SP;bairro;VILA SANTA CRUZ;1;43;541,3;1;False;0;sem_match;;
3549805;São José do Rio Preto;SP;bairro;VILA SAO JOSE;1;18;566,4;1;False;0;sem_match;;
3549904;São José dos Campos;SP;bairro;BOSQUE DOS EUCALIPTOS;2;52;589,9;2;False;0;sem_match;;
3549904;São José dos Campos;SP;bairro;EUGENIO DE MELLO;1;153;715,7;1;False;1;sem_match;;
3549904;São José dos Campos;SP;bairro;JARDIM ALVORADA;1;88;705,8;1;False;1;sem_match;;
3549904;São José dos Campos;SP;bairro;JARDIM ESPLANADA;3;503;673,3;3;True;2;sem_match;;
3549904;São José dos Campos;SP;bairro;JARDIM ESPLANADA II;1;43;717,3;2;False;1;sem_match;;
3549904;São José dos Campos;SP;bairro;JARDIM NOVA AMERICA;1;81;590,3;1;False;0;sem_match;;
3549904;São José dos Campos;SP;bairro;JARDIM ORIENTE;2;65;559,5;2;False;0;sem_match;;
3549904;São José dos Campos;SP;bairro;JARDIM PORTUGAL;1;55;583,0;1;False;0;sem_match;;
3549904;São José dos Campos;SP;bairro;JARDIM SAO DIMAS;1;48;617,9;1;False;0;sem_match;;
3549904;São José dos Campos;SP;bairro;JARDIM SATELITE;1;14;631,4;1;False;0;sem_match;;
3549904;São José dos Campos;SP;bairro;JARDIM SERIMBURA;1;47;618,8;1;False;0;sem_match;;
3549904;São José dos Campos;SP;bairro;RESIDENCIAL SOL NASCENTE;1;29;603,3;1;False;0;sem_match;;
3549904;São José dos Campos;SP;bairro;SANTANA;1;33;539,6;2;False;0;sem_match;;
3549904;São José dos Campos;SP;bairro;VILA ADYANA;2;92;602,7;2;False;1;sem_match;;
3549904;São José dos Campos;SP;bairro;VILA BETANIA;1;91;624,7;1;False;0;sem_match;;
3549904;São José dos Campos;SP;bairro;VILA INDUSTRIAL;1;49;558,5;1;False;0;sem_match;;
3549904;São José dos Campos;SP;bairro;VILA TATETUBA;1;47;666,4;1;False;1;sem_match;;
4125506;São José dos Pinhais;PR;bairro;CENTRO;3;100;617,3;3;True;1;exato;5874,73;4000,0
4125506;São José dos Pinhais;PR;bairro;AFONSO PENA;2;183;565,2;4;False;0;exato;4301,54;3100,0
4125506;São José dos Pinhais;PR;bairro;CIDADE JARDIM;1;74;592,0;1;False;0;exato;3880,67;3000,0
4125506;São José dos Pinhais;PR;bairro;INÁ;1;22;564,9;1;False;0;exato;3547,17;2700,0
4125506;São José dos Pinhais;PR;bairro;CRUZEIRO;1;18;554,7;1;False;0;exato;3635,25;2500,0
3305109;São João de Meriti;RJ;bairro;CENTRO;6;264;566,7;7;True;1;exato;2089,26;1500,0
3305109;São João de Meriti;RJ;bairro;EDEN;1;22;560,3;1;False;0;exato;1941,7;1450,0
3305109;São João de Meriti;RJ;bairro;VILAR DOS TELES;2;94;547,8;3;False;0;exato;1840,97;1300,0
3305109;São João de Meriti;RJ;bairro;JARDIM JOSÉ BONIFÁCIO;1;46;538,2;1;False;0;sem_match;;
4318705;São Leopoldo;RS;bairro;CENTRO;3;97;607,3;5;True;1;exato;5767,39;4000,0
4318705;São Leopoldo;RS;bairro;RIO BRANCO;1;64;574,4;1;False;0;exato;4408,43;3000,0
2613701;São Lourenço da Mata;PE;bairro;CENTRO;1;21;520,2;2;False;0;exato;2262,51;1212,0
2613701;São Lourenço da Mata;PE;bairro;PIXETE;1;24;539,6;1;False;0;exato;1474,75;1212,0
2111300;São Luís;MA;distrito;São Luís;44;1830;610,3;56;True;11;exato;2912,05;1300,0
3204906;São Mateus;ES;distrito;São Mateus;4;105;608,9;4;True;1;exato;2355,12;1400,0
3550308;São Paulo;SP;distrito;Itaim Bibi;5;180;631,4;10;True;2;exato;16111,48;10001,0
3550308;São Paulo;SP;distrito;Moema;8;351;679,0;10;True;3;exato;16312,52;10001,0
3550308;São Paulo;SP;distrito;Alto de Pinheiros;1;10;657,1;1;False;1;exato;14254,93;10000,0
3550308;São Paulo;SP;distrito;Jardim Paulista;2;237;677,9;6;False;1;exato;14796,54;10000,0
3550308;São Paulo;SP;distrito;Pinheiros;3;120;635,5;7;True;1;exato;14085,28;10000,0
3550308;São Paulo;SP;distrito;Vila Mariana;8;1044;701,8;9;True;6;exato;12782,2;9600,0
3550308;São Paulo;SP;distrito;Barra Funda;3;212;643,3;5;True;2;exato;12448,29;8500,0
3550308;São Paulo;SP;distrito;Campo Belo;5;115;668,6;7;True;1;exato;12282,9;8000,0
3550308;São Paulo;SP;distrito;Morumbi;2;87;667,8;5;False;1;exato;13488,17;8000,0
3550308;São Paulo;SP;distrito;Perdizes;6;234;638,1;9;True;1;exato;11667,22;8000,0
3550308;São Paulo;SP;distrito;Vila Leopoldina;3;204;576,7;4;True;0;exato;11075,3;8000,0
3550308;São Paulo;SP;distrito;Consolação;2;100;617,5;3;False;0;exato;11134,02;7500,0
3550308;São Paulo;SP;distrito;Santo Amaro;16;1200;588,1;23;True;5;exato;11732,3;7500,0
3550308;São Paulo;SP;distrito;Lapa;10;477;574,0;15;True;1;exato;10607,68;7000,0
3550308;São Paulo;SP;distrito;Saúde;6;257;614,0;7;True;2;exato;9191,01;6000,0
3550308;São Paulo;SP;distrito;Tatuapé;9;454;600,4;14;True;0;exato;9161,08;6000,0
3550308;São Paulo;SP;distrito;Bela Vista;2;255;671,5;2;False;2;exato;8494,53;5001,0
3550308;São Paulo;SP;distrito;Santana;9;448;612,7;10;True;2;exato;8368,55;5001,0
3550308;São Paulo;SP;distrito;Butantã;11;426;635,3;11;True;2;exato;7408,04;5000,0
3550308;São Paulo;SP;distrito;Campo Grande;5;208;623,2;6;True;2;exato;7793,98;5000,0
3550308;São Paulo;SP;distrito;Liberdade;4;433;608,4;5;True;0;exato;8138,01;5000,0
3550308;São Paulo;SP;distrito;Mooca;5;134;598,4;9;True;0;exato;7487,28;5000,0
3550308;São Paulo;SP;distrito;Santa Cecília;3;74;596,2;4;True;1;exato;7571,83;5000,0
3550308;São Paulo;SP;distrito;Água Rasa;4;123;593,9;9;True;0;exato;6566,57;4000,0
3550308;São Paulo;SP;distrito;Cambuci;5;191;589,6;7;True;0;exato;6289,47;4000,0
3550308;São Paulo;SP;distrito;Tucuruvi;11;303;578,9;14;True;0;exato;5832,69;4000,0
3550308;São Paulo;SP;distrito;Vila Andrade;3;136;662,9;7;True;2;exato;8818,3;4000,0
3550308;São Paulo;SP;distrito;Vila Sônia;7;250;623,6;8;True;1;exato;6973,23;4000,0
3550308;São Paulo;SP;distrito;Ipiranga;4;217;592,6;10;True;1;exato;7052,2;3900,0
3550308;São Paulo;SP;distrito;Belém;2;79;563,3;2;False;0;exato;5532,23;3800,0
3550308;São Paulo;SP;distrito;Carrão;6;175;584,5;10;True;0;exato;5706,49;3500,0
3550308;São Paulo;SP;distrito;Cursino;3;78;600,4;5;True;0;exato;6263,82;3500,0
3550308;São Paulo;SP;distrito;Vila Guilherme;2;93;594,9;2;False;0;exato;5648,16;3500,0
3550308;São Paulo;SP;distrito;Vila Prudente;3;86;556,1;4;True;0;exato;5294,91;3500,0
3550308;São Paulo;SP;distrito;Pari;3;94;569,5;3;True;0;exato;4791,18;3200,0
3550308;São Paulo;SP;distrito;Mandaqui;5;239;604,9;7;True;1;exato;5392,24;3001,0
3550308;São Paulo;SP;distrito;Jaguaré;1;19;584,9;1;False;0;exato;5376,38;3000,0
3550308;São Paulo;SP;distrito;Limão;5;147;587,4;6;True;0;exato;4098,48;3000,0
3550308;São Paulo;SP;distrito;Penha;12;377;576,5;13;True;1;exato;4047,14;3000,0
3550308;São Paulo;SP;distrito;Rio Pequeno;4;234;670,5;6;True;2;exato;5287,46;3000,0
3550308;São Paulo;SP;distrito;Socorro;3;74;590,0;5;True;0;exato;4983,76;3000,0
3550308;São Paulo;SP;distrito;Vila Formosa;6;217;608,3;10;True;1;exato;5941,89;3000,0
3550308;São Paulo;SP;distrito;Vila Matilde;5;168;575,7;9;True;0;exato;4072,98;3000,0
3550308;São Paulo;SP;distrito;Casa Verde;6;144;577,5;10;True;0;exato;4470,35;2800,0
3550308;São Paulo;SP;distrito;Pirituba;9;240;583,0;10;True;1;exato;4082,46;2800,0
3550308;São Paulo;SP;distrito;Jabaquara;9;338;583,6;12;True;1;exato;5179,76;2750,0
3550308;São Paulo;SP;distrito;Sé;1;91;558,0;2;False;0;exato;3779,23;2605,0
3550308;São Paulo;SP;distrito;Bom Retiro;2;40;557,8;6;False;0;exato;4233,55;2600,0
3550308;São Paulo;SP;distrito;São Lucas;3;77;600,3;6;True;1;exato;3614,11;2600,0
3550308;São Paulo;SP;distrito;Aricanduva;4;89;575,2;7;True;0;exato;3544,27;2500,0
3550308;São Paulo;SP;distrito;Freguesia do Ó;9;236;580,1;12;True;0;exato;4207,39;2500,0
3550308;São Paulo;SP;distrito;Sacomã;10;224;565,9;11;True;0;exato;3844,21;2500,0
3550308;São Paulo;SP;distrito;Artur Alvim;6;249;568,7;7;True;0;exato;2977,83;2200,0
3550308;São Paulo;SP;distrito;Vila Medeiros;6;143;570,9;8;True;0;exato;3042,82;2200,0
3550308;São Paulo;SP;distrito;Ponte Rasa;3;77;556,7;5;True;0;exato;3205,07;2100,0
3550308;São Paulo;SP;distrito;São Mateus;9;227;570,0;11;True;0;exato;2914,2;2001,0
3550308;São Paulo;SP;distrito;Anhanguera;1;27;539,7;2;False;0;exato;2901,23;2000,0
3550308;São Paulo;SP;distrito;Cachoeirinha;6;176;551,5;6;True;0;exato;2819,71;2000,0
3550308;São Paulo;SP;distrito;Campo Limpo;8;298;559,3;8;True;0;exato;3243,53;2000,0
3550308;São Paulo;SP;distrito;Cangaiba;3;77;568,1;3;True;0;exato;3101,69;2000,0
3550308;São Paulo;SP;distrito;Cidade Ademar;4;141;589,2;5;True;0;exato;2814,38;2000,0
3550308;São Paulo;SP;distrito;Cidade Dutra;10;351;587,1;13;True;0;exato;2885,99;2000,0
3550308;São Paulo;SP;distrito;Cidade Lider;3;64;575,6;4;True;0;exato;2919,71;2000,0
3550308;São Paulo;SP;distrito;Ermelino Matarazzo;8;353;600,3;9;True;1;exato;2882,93;2000,0
3550308;São Paulo;SP;distrito;Itaquera;11;273;568,5;12;True;1;exato;3209,9;2000,0
3550308;São Paulo;SP;distrito;Jaçanã;7;224;551,4;9;True;0;exato;3130,16;2000,0
3550308;São Paulo;SP;distrito;Jaraguá;5;285;595,1;6;True;0;exato;2658,52;2000,0
3550308;São Paulo;SP;distrito;Jardim São Luís;2;50;528,8;3;False;0;exato;2720,6;2000,0
3550308;São Paulo;SP;distrito;Parque do Carmo;3;67;539,0;3;True;0;exato;3197,01;2000,0
3550308;São Paulo;SP;distrito;Raposo Tavares;2;46;605,3;2;False;0;exato;3596,37;2000,0
3550308;São Paulo;SP;distrito;São Miguel;12;363;562,7;18;True;0;exato;2514,14;2000,0
3550308;São Paulo;SP;distrito;Tremembé;3;104;617,6;4;True;1;exato;3118,86;2000,0
3550308;São Paulo;SP;distrito;Vila Maria;6;163;556,1;7;True;0;exato;3925,82;2000,0
3550308;São Paulo;SP;distrito;Capão Redondo;6;405;578,0;8;True;1;exato;2352,49;1800,0
3550308;São Paulo;SP;distrito;Guaianases;2;90;552,8;2;False;0;exato;2349,29;1800,0
3550308;São Paulo;SP;distrito;Sapopemba;2;70;575,6;2;False;0;exato;2391,35;1800,0
3550308;São Paulo;SP;distrito;Vila Curuçá;2;23;560,8;3;False;0;exato;2444,6;1800,0
3550308;São Paulo;SP;distrito;Vila Jacuí;2;160;598,3;2;False;0;exato;2530,21;1800,0
3550308;São Paulo;SP;distrito;Brasilândia;1;17;534,2;3;False;0;exato;2228,79;1600,0
3550308;São Paulo;SP;distrito;Pedreira;5;130;575,1;5;True;0;exato;2142,64;1600,0
3550308;São Paulo;SP;distrito;Cidade Tiradentes;2;38;512,3;4;False;0;exato;2061,84;1500,0
3550308;São Paulo;SP;distrito;Grajaú;3;58;545,5;6;True;0;exato;2063,13;1500,0
3550308;São Paulo;SP;distrito;Iguatemi;2;25;544,9;4;False;0;exato;2025,76;1500,0
3550308;São Paulo;SP;distrito;Itaim Paulista;4;97;593,7;6;True;0;exato;2353,52;1500,0
3550308;São Paulo;SP;distrito;Jardim Ângela;1;16;551,8;4;False;0;exato;1991,3;1500,0
3550308;São Paulo;SP;distrito;Lajeado;1;53;560,4;1;False;0;exato;2040,25;1500,0
3550308;São Paulo;SP;distrito;Parelheiros;1;28;561,3;1;False;0;exato;2000,13;1500,0
3550308;São Paulo;SP;distrito;São Rafael;3;77;554,9;4;True;0;exato;2074,95;1500,0
3305208;São Pedro da Aldeia;RJ;bairro;BELA VISTA;1;11;572,6;1;False;0;exato;4158,23;3000,0
3305208;São Pedro da Aldeia;RJ;bairro;CENTRO;3;80;618,5;4;True;1;exato;4155,09;3000,0
3305208;São Pedro da Aldeia;RJ;bairro;SÃO JOÃO;1;28;577,1;1;False;0;exato;1959,44;1300,0
3551009;São Vicente;SP;bairro;ITARARE;2;121;544,6;2;False;0;exato;4499,0;3200,0
3551009;São Vicente;SP;bairro;CENTRO;5;92;569,3;5;True;0;exato;3954,72;3000,0
3551009;São Vicente;SP;bairro;VILA SAO JORGE;1;23;559,9;1;False;0;exato;3583,19;3000,0
3551009;São Vicente;SP;bairro;VILA NOSSA SENHORA DE FATIMA;1;12;551,3;3;False;0;exato;2565,69;2000,0
3551009;São Vicente;SP;bairro;VILA CASCATINHA;1;16;567,3;1;False;0;sem_match;;
3552809;Taboão da Serra;SP;distrito;Taboão da Serra;11;331;582,4;13;True;1;exato;3110,3;2000,0
5107958;Tangará da Serra;MT;bairro;PARQUE MANSOES;1;23;649,1;1;False;1;exato;5685,49;3500,0
5107958;Tangará da Serra;MT;bairro;JARDIM CIDADE ALTA;1;24;648,8;1;False;1;exato;4833,54;3000,0
5107958;Tangará da Serra;MT;bairro;JARDIM FLORIZA;1;28;577,2;1;False;0;exato;4620,81;2800,0
5107958;Tangará da Serra;MT;bairro;JARDIM TANAKA;1;27;661,9;1;False;1;exato;2965,5;2000,0
3554003;Tatuí;SP;bairro;VILA DOUTOR LAURINDO;1;52;549,5;1;False;0;exato;3472,99;2600,0
3554003;Tatuí;SP;bairro;CENTRO;4;90;602,2;7;True;1;exato;3526,84;2500,0
3554003;Tatuí;SP;bairro;JARDIM WANDERLEY;1;28;580,4;1;False;0;exato;2559,13;2077,5
3554102;Taubaté;SP;bairro;CENTRO;6;355;625,0;7;True;2;exato;6121,96;4000,0
3554102;Taubaté;SP;bairro;MONCAO;1;17;618,5;1;False;0;exato;3855,31;3000,0
3554102;Taubaté;SP;bairro;AREAO;1;25;647,8;2;False;1;exato;3438,0;2500,0
3554102;Taubaté;SP;bairro;CHACARA DO VISCONDE;1;34;609,4;1;False;0;sem_match;;
3554102;Taubaté;SP;bairro;JARDIM DAS NACOES;4;187;628,0;4;True;2;sem_match;;
3554102;Taubaté;SP;bairro;VILA SAO JOSE;2;49;620,3;2;False;0;sem_match;;
2931350;Teixeira de Freitas;BA;distrito;Teixeira de Freitas;4;101;611,9;8;True;1;exato;2291,24;1212,0
2211001;Teresina;PI;bairro;JÓQUEI;7;255;679,2;9;True;6;exato;15436,94;12000,0
2211001;Teresina;PI;bairro;FREI SERAFIM;2;84;600,9;2;False;0;exato;10957,79;9000,0
2211001;Teresina;PI;bairro;SÃO CRISTÓVÃO;3;70;671,7;3;True;2;exato;9806,03;7000,0
2211001;Teresina;PI;bairro;MORADA DO SOL;1;62;664,9;1;False;1;exato;8796,44;6000,0
2211001;Teresina;PI;bairro;CENTRO;11;544;633,1;12;True;5;exato;4436,73;3000,0
2211001;Teresina;PI;bairro;URUGUAI;1;21;659,2;1;False;1;exato;5353,75;3000,0
2211001;Teresina;PI;bairro;SAO JOAO;1;21;575,9;1;False;0;exato;4773,96;2500,0
2211001;Teresina;PI;bairro;CABRAL;1;28;605,5;1;False;0;exato;4475,17;2424,0
2211001;Teresina;PI;bairro;PIÇARRA;1;17;606,2;1;False;0;exato;3297,94;2000,0
2211001;Teresina;PI;bairro;LOURIVAL PARENTE;2;21;604,6;2;False;0;exato;3038,95;1800,0
2211001;Teresina;PI;bairro;MOCAMBINHO;2;267;615,2;2;False;1;exato;2687,93;1703,0
2211001;Teresina;PI;bairro;PICARREIRA;1;11;539,2;1;False;0;exato;3600,48;1500,0
2211001;Teresina;PI;bairro;VALE QUEM TEM;1;38;570,7;1;False;0;exato;2505,43;1500,0
2211001;Teresina;PI;bairro;COLORADO;1;33;584,3;1;False;0;exato;1814,76;1212,0
2211001;Teresina;PI;bairro;DISTRITO INDUSTRIAL;1;31;587,0;1;False;0;exato;1394,42;1212,0
2211001;Teresina;PI;bairro;ITARARE;2;43;619,3;3;False;1;exato;2000,83;1212,0
2211001;Teresina;PI;bairro;MEMORARE;1;21;576,9;1;False;0;exato;2540,8;1212,0
2211001;Teresina;PI;bairro;PARQUE ALVORADA;1;23;576,7;1;False;0;exato;1940,08;1212,0
2211001;Teresina;PI;bairro;SAMAPI;1;26;539,7;1;False;0;exato;1567,69;1212,0
2211001;Teresina;PI;bairro;MARQUÊS;2;53;574,3;2;False;0;sem_match;;
2211001;Teresina;PI;bairro;PARQUE PIAUI;2;75;587,1;3;False;0;sem_match;;
3305802;Teresópolis;RJ;bairro;AGRIOES;1;17;630,3;2;False;0;exato;7231,37;5000,0
3305802;Teresópolis;RJ;bairro;ALTO;3;75;643,5;4;True;2;exato;5827,74;4000,0
3305802;Teresópolis;RJ;bairro;JARDIM EUROPA;1;10;641,5;1;False;1;exato;5993,84;4000,0
3305802;Teresópolis;RJ;bairro;VARZEA;2;53;612,5;6;False;1;exato;5738,05;4000,0
3305802;Teresópolis;RJ;bairro;TIJUCA;1;14;594,1;1;False;0;exato;4663,41;2800,0
3168606;Teófilo Otoni;MG;bairro;DOUTOR LAERTE LAENDER;1;44;679,7;1;False;1;exato;6797,4;4000,0
3168606;Teófilo Otoni;MG;bairro;IPIRANGA;1;40;618,4;1;False;0;exato;5838,52;3636,0
3168606;Teófilo Otoni;MG;bairro;SÃO DIOGO;1;20;636,4;2;False;0;exato;2864,26;1500,0
3168606;Teófilo Otoni;MG;bairro;GRAO PARA;1;10;594,2;1;False;0;sem_match;;
2112209;Timon;MA;bairro;CENTRO;1;14;544,3;1;False;0;exato;3302,43;2400,0
2112209;Timon;MA;bairro;PARQUE PIAUÍ I;2;27;579,5;3;False;1;fuzzy;2422,79;1216,0
2112209;Timon;MA;bairro;S. FRANCISCO;1;13;566,9;1;False;0;sem_match;;
4127700;Toledo;PR;bairro;JARDIM LA SALLE;1;51;604,5;2;False;0;exato;8097,29;5000,0
4127700;Toledo;PR;bairro;VILA INDUSTRIAL;1;37;628,8;2;False;0;exato;4449,66;3000,0
5221403;Trindade;GO;distrito;Trindade;2;65;619,0;4;False;1;exato;2320,93;1500,0
5008305;Três Lagoas;MS;bairro;JARDIM ALVORADA;1;21;659,3;1;False;1;exato;3640,92;2600,0
5008305;Três Lagoas;MS;bairro;SANTA LUZIA;1;29;611,1;1;False;0;exato;2483,11;2000,0
5008305;Três Lagoas;MS;bairro;JARDIM CANGALHA;1;24;574,0;1;False;0;sem_match;;
5008305;Três Lagoas;MS;bairro;JARDIM DAS OLIVEIRAS;1;21;624,5;1;False;0;sem_match;;
5008305;Três Lagoas;MS;bairro;JARDIM PROGRESSO;1;24;584,4;1;False;0;sem_match;;
4218707;Tubarão;SC;bairro;CENTRO;2;68;583,7;3;False;0;exato;5798,19;4000,0
4218707;Tubarão;SC;bairro;DEHON;2;163;634,5;2;False;1;exato;4297,42;3000,0
4218707;Tubarão;SC;bairro;REVOREDO;1;21;620,2;1;False;0;exato;3614,7;2500,0
3170107;Uberaba;MG;bairro;ESTADOS UNIDOS;2;55;684,5;3;False;2;exato;5160,67;3000,0
3170107;Uberaba;MG;bairro;FABRICIO;1;18;585,9;1;False;0;exato;4531,05;3000,0
3170107;Uberaba;MG;bairro;SANTA MARIA;3;151;659,0;3;True;3;exato;4941,14;2900,0
3170107;Uberaba;MG;bairro;SÃO BENEDITO;2;52;608,4;3;False;0;exato;3941,56;2500,0
3170107;Uberaba;MG;bairro;CONJUNTO FREI EUGÊNIO;1;45;610,7;1;False;0;sem_match;;
3170107;Uberaba;MG;bairro;NOSSA SENHORA DA ABADIA;1;83;636,7;1;False;1;sem_match;;
3170107;Uberaba;MG;bairro;OLINDA;1;28;660,1;1;False;1;sem_match;;
3170107;Uberaba;MG;bairro;SAO SEBASTIAO;1;41;655,0;1;False;1;sem_match;;
3170206;Uberlândia;MG;bairro;GRANJA MARILEUSA;1;28;604,0;2;False;0;exato;13024,82;10000,0
3170206;Uberlândia;MG;bairro;JARDIM KARAÍBA;2;39;595,4;2;False;0;exato;14691,66;10000,0
3170206;Uberlândia;MG;bairro;MORADA DA COLINA;1;26;613,8;1;False;0;exato;14468,39;10000,0
3170206;Uberlândia;MG;bairro;FUNDINHO;1;10;661,9;1;False;1;exato;7890,14;5000,0
3170206;Uberlândia;MG;bairro;LÍDICE;1;285;659,6;1;False;1;exato;7591,11;5000,0
3170206;Uberlândia;MG;bairro;PATRIMÔNIO;1;173;648,2;1;False;1;exato;6489,75;5000,0
3170206;Uberlândia;MG;bairro;CENTRO;1;88;704,2;2;False;1;exato;6652,52;4000,0
3170206;Uberlândia;MG;bairro;SANTA MONICA;1;34;622,2;1;False;0;exato;5615,92;3636,0
3170206;Uberlândia;MG;bairro;MARTINS;3;231;629,3;3;True;1;exato;4444,52;2800,0
3170206;Uberlândia;MG;bairro;BRASIL;2;39;637,3;2;False;1;exato;3944,53;2500,0
3170206;Uberlândia;MG;bairro;PRESIDENTE ROOSEVELT;1;44;648,8;1;False;0;exato;3417,73;2500,0
3170206;Uberlândia;MG;bairro;CHÁCARAS TUBALINA E QUARTEL;1;17;525,3;1;False;0;exato;2938,74;2300,0
3170206;Uberlândia;MG;bairro;TIBERY;1;18;648,3;1;False;1;exato;3240,07;2100,0
3170206;Uberlândia;MG;bairro;PLANALTO;1;51;592,8;1;False;0;exato;2761,59;2000,0
3169901;Ubá;MG;distrito;Ubá;4;180;649,3;5;True;2;exato;2596,36;1500,0
4128104;Umuarama;PR;distrito;Umuarama;8;264;602,2;9;True;1;exato;3397,56;2000,0
4322400;Uruguaiana;RS;bairro;SAO MIGUEL;1;44;596,4;1;False;0;exato;3894,89;2500,0
3556206;Valinhos;SP;distrito;Valinhos;5;380;648,9;7;True;1;exato;5794,12;3001,0
5221858;Valparaíso de Goiás;GO;distrito;Valparaíso de Goiás;8;169;555,1;9;True;1;exato;2745,6;2000,0
3170701;Varginha;MG;bairro;AEROPORTO;1;19;620,3;1;False;0;exato;8476,93;5000,0
3170701;Varginha;MG;bairro;VILA PINTO;1;11;566,0;1;False;0;exato;8556,93;5000,0
3170701;Varginha;MG;bairro;CENTRO;1;69;678,2;1;False;1;exato;5937,53;3200,0
3170701;Varginha;MG;bairro;NOSSA SENHORA DE FÁTIMA;1;24;595,8;1;False;0;sem_match;;
3170701;Varginha;MG;bairro;VILA NOGUEIRA;1;53;653,0;1;False;1;sem_match;;
3170701;Varginha;MG;bairro;VILA VERDE;1;31;616,5;1;False;0;sem_match;;
3171204;Vespasiano;MG;distrito;Vespasiano;2;55;623,2;2;False;1;exato;2336,66;1600,0
4323002;Viamão;RS;bairro;MARTINICA;1;37;596,6;1;False;0;exato;2124,95;2000,0
4323002;Viamão;RS;bairro;SANTA ISABEL;1;44;554,4;1;False;0;exato;2436,79;1800,0
3205200;Vila Velha;ES;bairro;PRAIA DA COSTA;2;38;605,6;3;False;0;exato;11111,81;8000,0
3205200;Vila Velha;ES;bairro;PRAIA DE ITAPARICA;2;34;566,7;2;False;0;exato;8555,94;6000,0
3205200;Vila Velha;ES;bairro;ITAPUÃ;2;54;578,6;2;False;0;exato;8204,18;5000,0
3205200;Vila Velha;ES;bairro;CENTRO DE VILA VELHA;2;118;676,4;2;False;1;exato;4479,34;3000,0
3205200;Vila Velha;ES;bairro;COQUEIRAL DE ITAPARICA;2;119;623,8;2;False;1;exato;3972,66;3000,0
3205200;Vila Velha;ES;bairro;OLARIA;1;13;633,6;1;False;1;exato;4610,94;3000,0
3205200;Vila Velha;ES;bairro;ARIBIRI;1;13;535,5;1;False;0;exato;3137,28;2424,0
3205200;Vila Velha;ES;bairro;NOVO MEXICO;1;28;583,2;1;False;0;exato;3053,55;2400,0
3205200;Vila Velha;ES;bairro;DIVINO ESPIRITO SANTO;1;211;620,8;1;False;0;exato;2667,95;2000,0
3205200;Vila Velha;ES;bairro;GLÓRIA;1;15;563,3;1;False;0;exato;2929,99;2000,0
3205200;Vila Velha;ES;bairro;COBILÂNDIA;1;59;572,0;1;False;0;exato;2478,16;1895,0
3205200;Vila Velha;ES;bairro;RIO MARINHO;1;17;556,2;1;False;0;exato;2243,58;1655,0
3205200;Vila Velha;ES;bairro;ALVORADA;1;80;606,4;1;False;0;exato;2272,93;1500,0
3205200;Vila Velha;ES;bairro;PÓLO EMPRESARIAL NOVO MÉXICO;1;118;585,8;1;False;0;sem_match;;
3205309;Vitória;ES;bairro;PRAIA DO CANTO;3;94;702,2;3;True;3;exato;15145,79;11000,0
3205309;Vitória;ES;bairro;ENSEADA DO SUÁ;1;22;634,3;1;False;1;exato;13434,98;10000,0
3205309;Vitória;ES;bairro;MATA DA PRAIA;2;250;681,6;2;False;1;exato;12852,31;10000,0
3205309;Vitória;ES;bairro;BENTO FERREIRA;1;74;712,8;3;False;1;exato;9737,83;7000,0
3205309;Vitória;ES;bairro;JARDIM DA PENHA;1;111;598,1;1;False;0;exato;7832,03;6000,0
3205309;Vitória;ES;bairro;SANTA LÚCIA;1;50;695,9;1;False;1;exato;8391,97;6000,0
3205309;Vitória;ES;bairro;JARDIM CAMBURI;3;177;648,8;3;True;1;exato;7597,89;5500,0
3205309;Vitória;ES;bairro;PONTAL DE CAMBURI;2;214;637,4;2;False;1;exato;5864,85;3675,0
3205309;Vitória;ES;bairro;CENTRO;1;27;608,5;1;False;0;exato;4390,34;3001,0
3205309;Vitória;ES;bairro;FORTE SÃO JOÃO;1;30;657,9;1;False;1;exato;1942,61;1300,0
2933307;Vitória da Conquista;BA;bairro;CANDEIAS;2;121;661,9;3;False;1;exato;6392,32;4000,0
2933307;Vitória da Conquista;BA;bairro;RECREIO;2;65;610,1;2;False;1;exato;5855,95;3000,0
2933307;Vitória da Conquista;BA;bairro;BOA VISTA;1;70;647,3;1;False;1;exato;3927,7;2400,0
2933307;Vitória da Conquista;BA;bairro;FELÍCIA;1;20;647,9;1;False;1;exato;3077,19;2000,0
2933307;Vitória da Conquista;BA;bairro;UNIVERSIDADE;1;169;607,7;1;False;0;exato;9702,39;2000,0
2933307;Vitória da Conquista;BA;bairro;ALTO MARON;1;20;548,6;1;False;0;exato;2218,41;1212,0
2933307;Vitória da Conquista;BA;bairro;BRASIL;2;54;525,1;2;False;0;exato;1986,81;1212,0
2933307;Vitória da Conquista;BA;bairro;IBIRAPUERA;2;43;564,8;2;False;0;exato;2003,65;1212,0
2933307;Vitória da Conquista;BA;bairro;PATAGÔNIA;1;13;533,3;1;False;0;exato;1528,13;1212,0
2616407;Vitória de Santo Antão;PE;bairro;CAJA;2;92;604,4;2;False;1;exato;1991,87;1212,0
2616407;Vitória de Santo Antão;PE;bairro;LIVRAMENTO;2;53;580,2;2;False;0;exato;2611,47;1212,0
2616407;Vitória de Santo Antão;PE;bairro;SÃO VICENTE DE PAULO;1;11;555,5;1;False;0;exato;1576,24;1212,0
2616407;Vitória de Santo Antão;PE;bairro;UNIVERSITÁRIO;1;89;582,7;1;False;0;sem_match;;
3306305;Volta Redonda;RJ;bairro;BELA VISTA;1;64;664,3;1;False;1;exato;6393,07;5000,0
3306305;Volta Redonda;RJ;bairro;JARDIM AMÁLIA;1;26;633,3;1;False;1;exato;7471,68;5000,0
3306305;Volta Redonda;RJ;bairro;VILA SANTA CECÍLIA;2;51;635,8;4;False;2;exato;6370,32;5000,0
3306305;Volta Redonda;RJ;bairro;ATERRADO;2;71;589,8;2;False;1;exato;5867,65;3600,0
3306305;Volta Redonda;RJ;bairro;SESSENTA;1;37;614,4;2;False;0;exato;5302,31;3200,0
3306305;Volta Redonda;RJ;bairro;CASA DE PEDRA;1;10;617,9;1;False;0;exato;4037,35;3180,0
3306305;Volta Redonda;RJ;bairro;VOLDAC;1;25;594,8;1;False;0;exato;3601,81;3000,0
3306305;Volta Redonda;RJ;bairro;AERO CLUBE;1;66;608,7;1;False;0;exato;4069,75;2500,0
3306305;Volta Redonda;RJ;bairro;NOSSA SENHORA DAS GRACAS;1;35;686,4;1;False;1;sem_match;;
3557006;Votorantim;SP;distrito;Votorantim;5;122;581,0;5;True;0;exato;3443,12;2300,0
5108402;Várzea Grande;MT;bairro;CENTRO-NORTE;2;64;575,3;2;False;0;fuzzy;4404,82;3000,0
5108402;Várzea Grande;MT;bairro;CENTRO-SUL;3;74;593,8;6;True;0;fuzzy;3817,39;2500,0
5108402;Várzea Grande;MT;bairro;CRISTO REI;1;71;532,9;1;False;0;exato;2630,07;2000,0
5200258;Águas Lindas de Goiás;GO;distrito;Águas Lindas de Goiás;5;100;564,0;13;True;1;exato;1958,17;1400,0
