codigo_escola;NO_ENTIDADE;cidade;snippets
22022481;ANBEAS - COLEGIO SAGRADO CORACAO DE JESUS;Teresina;objetivo.teresina — ... Anbeas - Colégio Sagrado Coracao De Jesus Teresina/PI 718,0 82 +0,8 ... Sistema de Ensino anglo APROVADO EM 6 UNIVERSIDADES! | Nossos alunos marcaram presença no ENEM ON FIRE em ... — ... Teresina! Uma super revisão cheia de energia, foco e aprendizado ... Anbeas - Colégio Sagrado Coracao De Jesus Teresina/PI 718,0 82 ... | Busca de escolas, municípios e estados — ANBEAS - COLEGIO SAGRADO CORACAO DE JESUS. FREI SERAFIM, 1793. CENTRO. 64000020 Teresina - Piauí. Rede privada / Urbana · ANBEAS-ESCOLA SANTA INES.
32040040;COLEGIO PRIMEIRO MUNDO;Vitória;🧦 A diversidade sendo celebrada desde cedo! Inspirados ... — ... Vitória SISTEMA DE ENSINO anglo. colegioarcac3's profile picture ... Colégio PRIMEIRO MUNDO. A escola promove a inclusão eh quando ela ... | Ismart publica lista de classificados para a prova ... — LARISSA VITÓRIA CARDOSO MATOS DA SILVA (EVANDRO CAVALCANTI LINS E SILVA) ... CAUÃ DE ARAUJO FERREIRA (SISTEMA DE ENSINO ELITE) CAUÃ DOS ... | BOLETIM — 17/3646700 COLEGIO PRIMEIRO MUNDO EIRELI ME. 17/0362523 COMERCIAL DE ... 17/0443965 SISTEMA DE ENSINO RODRIGUES EIRELI ME. 17/3635652 SITECH SOLUCOES ...
31193216;ESCOLA EDUCACAO CRIATIVA;Ipatinga;Alunos Premiados de Escolas Privadas - 16ª OBMEP — SISTEMA DE ENSINO FOCO, P, MONTES CLAROS, MG, Sim. FERNANDO DE MORAES ... ESCOLA EDUCACAO CRIATIVA, P, IPATINGA, MG, Sim. ANNA LUISA MATOS MORATO, COLEGUIUM ... | Nome do(a) aluno(a) Escola Modalidade Polo de aplicação — IFMG - CAMPUS AVANCADO DE IPATINGA. B. Ipatinga. Davi Teles Lopes. IFMG ... SISTEMA DE ENSINO FOCO. B. Montes Claros. BERNARDO ALFAYA COZER. SISTEMA DE ... | Seja - Visite o ranking das escolas no ENEM 2017 ... — ... IPATINGA – ESCOLA EDUCACAO CRIATIVA PARÁ Pública: melhor aluno ... SISTEMA DE ENSINO EQUIPE INTEGRADO EIRELI – EPP PARAÍBA Pública ...
15181081;COLEGIO INTEGRADO IN;Belém;"Ranking ENEM Escolas por Cidade | Melhores Colégios ... — Belém 2025 ; 1, Sistema de Ensino Equipe Integrado Eireli Epp, Belém ; 2, COLEGIO INTEGRADO IN, Belém ; 3, Colegio Physics Integral, Belém ; 4 ... | O Doutor Robson Gurjão chega com aquele recado especial ... — ... Belém, formado pelos melhores professores, Mestres e Doutores ... sistema de ensino com maior aprovação. Então, você não pode perder ... | Busca de escolas, municípios e estados — COLEGIO INTEGRADO IN. GOVERNADOR JOSE MALCHER, 1332 - ALTOS. NAZARÉ. 66060230 ... 66070-740 Belém - PA. Rede privada / Urbana · SISTEMA DE ENSINO AUTHENTICO."
31004871;COLEGIO ARNALDO - UNIDADE FUNCIONARIOS;Belo Horizonte;Tem festa que a gente participa. Tem ... — ... Colégio Arnaldo – Unidade Funcionários Rua Timbiras, 560 – Funcionários, Belo Horizonte ... sistema DE ENSINO APRENDIZ ... | Colegio Arnaldo - Unidade Funcionarios | Bolsas de ... — Garanta sua bolsa de estudos em Colegio Arnaldo - Unidade Funcionarios, Belo Horizonte - MG ... Sistema de ensino. Poliedro. O sistema de ensino compreende ... | Alunos Premiados de Escolas Privadas - 16ª OBMEP — SISTEMA DE ENSINO FOCO, P, MONTES CLAROS, MG, Sim. FERNANDO DE MORAES FAQUIM ... COLEGIO ARNALDO - UNIDADE FUNCIONARIOS, P, BELO HORIZONTE, MG, Sim. LUAN RIBEIRO ...
33064369;ESCOLA ORT;Rio de Janeiro;"Na Escola ORT, cada conquista é resultado de dedicação, ... — ... Escola ORT na 25ª posição entre todas as escolas da cidade do Rio de Janeiro, além de garantir a melhor colocação entre as escolas judaicas. | Nossos alunos da rede municipal do Rio estão vivendo dias ... — ESCOLA ORT Explorando os mistérios do Universo com o 6° ano ... Rio de Janeiro, Rio de Janeiro. | Escola ORT on Instagram: ""A Escola ORT teve a honra de ... — ... Rio de Janeiro, além de garantir a melhor colocação entre as escolas judaicas. ... sistema de ensino Poliedro 4º ANO Top 20% Entre os ..."
24057126;COLEGIO SALESIANO SAO JOSE;Natal;"Desigualdade-racial-nas-escolas-privadas-de-alto ... - gemaa — de LA CAMPOS · Citado por 4 — SISTEMA DE ENSINO EQUIPE. COLEGIO DOM AMANDO. COLEGIO GENTIL BITTENCOURT ... COLEGIO SALESIANO SAO JOSE. COLEGIO SALESIANO DOM BOSCO. OVER - LAGOA NOVA. | Classificados NIVEL A — COLEGIO SALESIANO SAO JOSE. 11. NATAL. RN. Ana Laura Trindade. 9° ano ... SISTEMA DE ENSINO INTEGRAL PLUS. 10. PONTA GROSSA. PR. Augusto Soares Gonçalves. | Escolas em Ribeira - Natal - RN — Sistema De Ensino Recriar; Educandário Disneylândia; Centro Educacional Santo ... Colegio Salesiano Sao Jose. 5.0(1). Ribeira - Natal - RN. Saiba mais. Logo ..."
22146636;BRIGHT SCHOOL;Teresina;"Esses são os 5 pilares que sustentam a proposta pedagógica ... — Brightbee Bright SCHOOL . Brightbee Bright SCHOOL ... Teresina que é uma referência educacional esse é um dos pilares chaves que nos ... | Nossos alunos aprendem com um material didático ... — Nossos alunos aprendem com um material didático diferenciado, construído para dialogar com as metodologias ativas que aplicamos no dia a dia ... | Bright School on Instagram: ""O ENEM está cada vez mais ... — Quarto lugar: material didático impecável, aquele material que tem seções ... sistema de ensino Bernoulli. Estamos muito felizes porque ..."
31005037;COLEGIO BATISTA MINEIRO;Belo Horizonte;Rede Batista de Educação — Utilizando o material didático do programa Bene, o Colégio Batista investe na formação socioemocional dos estudantes. Fundamentado em um trabalho com ... | Colégio Batista Mineiro | 📝🌿Os estudantes do 6º ano do ... — COLGIO SISTEMA Bernoulli Sistema de Ensino eduall bilingual ... Belo Horizonte, e a perceber como a cidade se transformou ao longo ... | Colégio Batista Mineiro | 🎖️⭐Vivemos um momento de ... — Até o prefeito de Belo Horizonte, Álvaro Damião, esteve presente nessa grande festa! ... BERNOULLI Sistema de Ensino Quem pretende prestar ENEM ...
23077557;COLEGIO 7 DE SETEMBRO;Fortaleza;Lista de reclamações: Colegio 7 de Setembro — Quer saber os principais motivos de reclamações recebidas pela empresa Colegio 7 de Setembro? Veja a lista completa no Reclame AQUI ... Ensino fraco E apostila ... | Colegio 7 de Setembro Logo Download png — Colegio 7 de Setembro Logo Logo vector,Colegio 7 de Setembro Logo ... fortaleza Logo ,Logo , icon , SVG colegio militar de fortaleza Logo · Sistema de Ensino ... | um resultado do ENEM que reflete foco, preparo e constância. 🧮 ... — ... Colégio 7 de Setembro, cada conquista é celebrada ... SISTEMA DE ENSINO POSITIVO SEJA BEM VINDA, SUA ... apostila, mostrando o que os alunos já desenvolveram.
23246847;FARIAS BRITO COLEGIO DE APLICACAO;Fortaleza;"A Prefeitura de Fortaleza abriu, nesta quinta-feira (23/07) ... — ... material didático, laboratório de redação, passagem de ônibus, lanche e ... Farias Brito Colégio de Aplicação (Fortaleza) – 793,33 pontos | Ranking do Enem: Melhores escolas do Brasil na redação — Sistema de Ensino Equipe Integrado Eireli – EPP | Belém (PA): 906,7; Farias Brito Colégio de Aplicação | Fortaleza (CE): 906,0; Colégio Galileu ... | Multitude Sistema de Ensino on Instagram: ""Multitude e o ... — Photo by Multitude Sistema de Ensino on June 24, 2026. May be an ... Farias Brito Colégio de Aplicação Fortaleza/CE 793,30 3º Christus ..."
26156202;MD EDUCACIONAL- COLEGIO MADRE DE DEUS UNIDADE II;Recife;O Colégio Pontual se orgulha imensamente de ver os ... — ... Sistema de Ensino 73. 3215 0055 www.colegioieprol.com.br ... Recife, Colegio de Aplicacao do CE da UFPE, Colegio GGE, Colegio Saber ... | Alunos Premiados de Escolas Privadas — MD EDUCACIONAL- COLEGIO MADRE DE DEUS UNIDADE II, P, RECIFE, PE, Bronze. LUCAS ... SISTEMA DE ENSINO UNO VERTICE, P, DIVINOPOLIS, MG, Bronze. HEITOR SOARES DE ... | Enem 2025: conheça as 15 escolas com as maiores notas ... — Escola de Referência em Ensino Fundamental e Médio Aplicação do Recife - 713,33 - Recife (Pernambuco) - Público - 97% ... MD Educacional- Colégio ...
23272333;FARIAS BRITO COLEGIO PRE-VESTIBULAR CENTRAL;Fortaleza;Alunos Premiados de Escolas Privadas - 16ª OBMEP — Material Didático. Provas e Soluções · Banco de Questões · Apostilas do PIC ... FARIAS BRITO COLEGIO PRE-VESTIBULAR CENTRAL, P, FORTALEZA, CE, ---, Sim. PEDRO ... | Destaque Enem 2025 - Redação! #VemSerGrande # ... — Fortaleza lidera em número de escolas no top 100 com quatro instituições: EEM Doutor César Cals (51º), Colégio da Polícia Militar General ... | OURO PRATA — AMADEU GOMES DE BARROS LEAL BISNETO FARIAS BRITO COLEGIO PRE-VESTIBULAR CENTRAL FORTALEZA ... SISTEMA DE ENSINO EQUIPE ANANINDEUA EIRELLI. ANANINDEUA. PA. 27 ...
31329282;COLEGIO BATISTA MINEIRO - UNIDADE BURITIS II;Belo Horizonte;Taxa de Distorção Idade/Série - Belo Horizonte — COLEGIO BATISTA MINEIRO - UNIDADE BURITIS II. 1,2%. COLEGIO BERNOULLI CIDADE ... SISTEMA DE ENSINO ERIDA DURAES. 10,8%. SISTEMA EDUCACIONAL ATHENA ... | Minha Escola Legal — BELO HORIZONTE, RUA EMBARÉ, 258, GUARANI, (31) 34336115. CENTRO FORMAÇÃO ... ATUAL SISTEMA DE ENSINO, SABINÓPOLIS, RUA JOVAL DE PINHO, 101, CENTRO, (33) 34232352. | Girlaine Figueiró Oliveira — Parecer sobre renovação do reconhecimento do Ensino Médio ministrado pelo Colégio Batista Mineiro ? Unidade Buritis II, de Belo Horizonte.. 2020. OLIVEIRA ...
26137631;COLEGIO NUCLEO;Recife;Metodologia e Propósito — Somamos a isso uma equipe de professores envolvida com as novas tecnologias e um material didático eficiente e completo, em todas as etapas do ensino. ... Rui ... | Uma história de - evolução e conquistas — novas tecnologias e um material didático completo, permitindo que o aprendizado ... Em 2020, os alunos do. 6º ano transitaram pelo. Recife em um catamarã,. | O estudante pernambucano Ricardo Belém, do Colégio ... — O estudante pernambucano Ricardo Belém, do Colégio Núcleo, no Recife ... Photo by Bernoulli Sistema de Ensino on June 24, 2026. May be an ...
29365023;COLEGIO OFICINA;Salvador;Comunicação - Colégio Oficina, Author at ... — Poliedro: mais que um sistema de ensino, uma grande parceria pedagógica. Ser ... Salvador, março de 2019 Prezadas Famílias, A 13ª Gincana do Colégio ... | O Colégio Oficina alcançou o 4º lugar em Salvador e o 6º ... — COLÉGIO OFICINA – SALVADOR (PITUBA) – NOTA: 696,47 7. CENTRO ... Sistema de Ensino. oficinavcoficial's profile picture · oficinavcoficial. | Volta às aulas + 1º lugar da Bahia no Enem = a combinação ... — ... Sistema de Ensino: metodologia testada na prática, dentro de casa ... O Colégio Oficina alcançou o 4º lugar em Salvador e o 6º lugar na ...
22022406;COLEGIO LEROTE LTDA;Teresina;Nossos alunos marcaram presença no ENEM ON FIRE em ... — ... Teresina! Uma super revisão cheia de energia, foco e aprendizado ... Colégio Lerote Ltda Teresina/PI 717,0 41 -1,0% Excelência que ... | O Colégio Propósito (@colegioproposito ) anunciou nessa ... — Muito bom receber vcs aqui! July 1. OCR. COLÉGIO D. PEDRO II SISTEMA DE ENSINO POSITIVO ... 9º Teresina Colégio Lerote Ltda 717,02 10º Teresina ... | Taxa de Distorção Idade/Série - Teresina — COLEGIO LEROTE LTDA. 5,1%. COLEGIO MADRE SAVINA. 1,4%. COLEGIO PEDROSA ... EINSTEIN SISTEMA DE ENSINO - UNIDADE I. 10,5%. EM ALICE PIRES DO NASCIMENTO. 2 ...
35103548;SAO LUIS COLEGIO EIFM;São Paulo;Alunos Premiados de Escolas Privadas - 16ª OBMEP — ZETA SISTEMA DE ENSINO DE BIRIGUI, P, BIRIGUI, SP, Sim. MARIA EDUARDA BATISTA SÁ ... JUNTA DE EDUCAÇÃO DA CONVENÇÃO BATISTA DO ESTADO DE SÃO PAULO, P, BAURU ... | MEDALHA DE OURO — SAO LUIS COLEGIO EIFM. SÃO PAULO. São Paulo. ARTHUR TSUYOSHI NAKAZA NANAUMI ... CENTRO ESCOLAR VALE DO PARAIBA CENTRO EDUCACAO OBJETIVO SÃO PAULO. São José ... | LISTA DE APROVADOS OBB 2018 — SISTEMA DE ENSINO EQUIPE CRISTAL II EIRELI-EPP. 20. BELÉM. ANA FLAVIA F ... INSTITUTO FEDERAL SÃO PAULO CAMPUS MATÃO. 19. MATÃO. FERNANDO SOTERO DE LARA.
52096785;COLEGIO OLIMPO GOIANIA;Goiânia;Mais uma vez, o Galileu está no topo! O resultado do ... — Colégio Olimpo (Goiânia) – 713,28 4. Colégio Arena (Goiânia) – 698 ... Bernoulli Sistema de Ensino INEP Cuidado Tradição Inovação 9º ... | Busca de escolas, municípios e estados — SISTEMA DE ENSINO MILENIO. AVENIDA 24 DE OUTUBRO, 3110 AEROVIARIO. 74435-090 Goiânia - GO. Rede privada / Urbana · SISTEMA DE ENSINO VITORIA ESCOLA OFICINA DE ... | Enem 2025: conheça as 15 escolas com as maiores notas ... — Colegio Olimpo Goiania - Goiânia - Setor Bueno - Nota: 713.33 ... Farina Sistema de Ensino - Cuiabá - Areão - Nota: 668.92. Inst ...
31184331;COLEGIO SAGRADO CORACAO DE MARIA;Ubá;características escola indicadores prouni — ... COLEGIO SAGRADO CORACAO DE MARIA. ES. Vitória. Privada. Urbana. 30. De 1 a 30 ... SISTEMA DE ENSINO. PI. Teresina. Privada. Urbana. 25. De 1 a 30 alunos. 25. | MEDALHA DE OURO — COLEGIO SAGRADO CORACAO DE MARIA. ESPÍRITO SANTO. Vitória. HELENA RUAS ... ZETA SISTEMA DE ENSINO DE BIRIGUI. SÃO PAULO. Birigui. HUANG PO CHIANG. NIPO ... | As 100 escolas com as maiores notas no Enem 2015 — CPI SISTEMA DE ENSINO, PI, Teresina, Privada, 691,41. RECANTO INF ... COLEGIO SAGRADO CORACAO DE MARIA, MG, Ubá, Privada, 690,7. LEONARDO ANGLO ...
31013935;COLEGIO BATISTA MINEIRO - UNIDADE BETIM;Betim;Colégio Batista Mineiro | ➕🟰Matemática além do quadro: ... — Colégio Batista Mineiro - Unidade Betim (Privada) IFMG - Campus ... ✔️ Material didático atualizado (Sistema Fibonacci) ✔️ ... | Colégio Batista Mineiro | 🖥️Jovens prontos para o futuro. Os ... — Colégio Batista Mineiro - Unidade Betim (Privada) IFMG - Campus ... ✔️ Material didático atualizado (Sistema Fibonacci) ✔️ ... | Tradição, afeto e princípios. Escolhi o @colegiobatista.mineiro ... — Colégio Batista Mineiro - Unidade Betim (Privada) IFMG - Campus ... MATERIAL DIDÁTICO COM SISTEMA pitágoras 34 99145-0117 No ...
31007111;COLEGIO SAGRADO CORACAO DE JESUS;Belo Horizonte;Alunos Premiados de Escolas Privadas - 20ª OBMEP 2025 — SISTEMA DE ENSINO FOCO, P, MONTES CLAROS, MG, Sim. MARIA BEATRIZ S. BERGO ... COLEGIO SAGRADO CORACAO DE JESUS, P, BELO HORIZONTE, MG, Sim. PETRUS SCHNEIDER ... | Colégio Sagrado Coração De Jesus | Bolsas de Estudo em ... — Sistema de ensino. FTD Educação. O sistema de ensino compreende o conjunto de ... Lindeia - Belo Horizonte - MG. Bolsas a partir de: R$ 284,90- 30%. Logo ... | BHTRANS - Belo Horizonte — COLEGIO SAGRADO CORACAO DE JESUS · COLEGIO SAGRADO CORACAO DE MARIA · COLEGIO ... SISTEMA DE ENSINO RENASCER · SISTEMA PIAGET DE ENSINO · UMEI BRAUNAS · UMEI ...
35112562;NOTRE DAME DE CAMPINAS COLEGIO;Campinas;Alunos Premiados de Escolas Privadas - 16ª OBMEP — ANGLO SISTEMA DE ENSINO, P, TATUI, SP, ---, Sim. IAN MAZZUCATTO PUCINELI ... NOTRE DAME DE CAMPINAS COLEGIO, P, CAMPINAS, SP, ---, Sim. JOÃO VICENTE ALMEIDA ... | Ensino — ... SISTEMA DE ENSINO. 35159013 SP. Rio Claro. ANA CLARA ALVES DE OLIVEIRA. 3º ... NOTRE DAME DE CAMPINAS COLEGIO. 35112562 SP. Campinas. ANA DEISE DA SILVA SOUSA. | características escola indicadores prouni — ... SISTEMA DE ENSINO. PI. Teresina. Privada. Urbana. 25. De 1 a 30 alunos. 25. 100.00 ... NOTRE DAME DE CAMPINAS COLEGIO. SP. Campinas. Privada. Urbana. 78. De 61 a.
43107419;COLEGIO MAE DE DEUS;Porto Alegre;Colégio Mãe de Deus - Rede ICM (@colegio_maededeus) — Colégio Mãe de Deus – Zona Sul de Porto Alegre ... | Colégio Mãe de Deus - Rede ICM | Você sabia que a ... — ... Colégio Mãe de Deus é referência em Porto Alegre? Desde os primeiros passos nossos ... Sistema de Ensino Colégio Mãe de Deus REDE ICM DE EDUCAÇÃO ... | Encontro do Sistema de Ensino Poliedro — ... Sistema de Ensino Poliedro. Durante esse evento, foram abordados ... Colégio Mãe de Deus – Porto Alegre – RS · Colégio Nª Senhora da Glória – Porto ...
31371742;COLEGIO M2 - VESPASIANO;Vespasiano;Colégio M2 Vespasiano — Colégio M2 Vespasiano. Material didático. Selecione abaixo a série desejada para acessar a lista de materiais didáticos. Conheça Nosso corpo Profissional ... | Maratona de Matemática da Conquista já é tradição no ... — Colégio M2 - Vespasiano. | Colégio M2 — Photo by Colégio M2 - Vespasiano on June 10, 2026. May be a cartoon ... Bernoulli Sistema de Ensino O Fim do 'Cálculo por Cálculo ...
22144919;COLEGIO GREAT;Teresina;Colégio Propósito | 20 alunos do Colégio Propósito foram ... — ... Teresina 752,1 188 2º Colégio Propósito Dif Teresina 625,3 115 3º ... Colégio Great (10º). Os microdados do Enem, que reúnem ... | O Colégio Propósito é Top 2 no ENEM entre as escolas de ... — ... Teresina/PI | 752,1 | 188 2 Colégio Propósito Dif | Teresina/PI ... Poliedro Sistema de Ensino. 1º lugar em Timon e entre as 15 ... | Aluno do colégio propósito. — A gente percebeu melhorias na estrutura, melhorias os, uh, sistema de ensino ... TERESINA TERESINA - PI CURTA, COMENTE E COMPARTILHE!
35114832;PEQUENO PRINCIPE COLEGIO;Ribeirão Preto;"CIE ESCOLA MUNICÍPIO — CAPELLA KIDS SISTEMA DE ENSINO EIRELI- ME. RIBEIRAO PRETO. 262985. CARLA ... COC RIBEIRÃO PRETO - REDE ÚNICA DE EDUCAÇÃO UNIDADE. 02. RIBEIRAO PRETO. 7840. | Colégio Pequeno Príncipe on Instagram: ""Entrando na trend ... — em Ribeirão Preto a melhor escola que tem... é o Pequeno Príncipe ... CULTURA INGLESA SISTEMA DE ENSINO anglo escola da inteligência PEQUENO ... | Colégio Pequeno Príncipe, situado no bairro Paredões — Colégio Pequeno Príncipe Colégio Pequeno Príncipe E with a diagonal slash ..."
32041411;CENTRO DE ENSINO CHARLES DARWIN;Vitória;Centro de Ensino Charles Darwin — ... Sistema de Ensino. LEIA MAIS. INCENTIVO A PRÁTICA DE ESPORTES! O Darwin ... Centro de Ensino Charles Darwin. Todos os direitos reservados. Darwin Vitória. | As turmas dos 1ºs anos vivenciaram uma proposta literária ... — Darwin Porto Alegre Integral BH Monitoria Darwin Bernoulli Sistema de Ensino ... Vitória e Vila Velha se transformaram em verdadeiros laboratórios ... | Modelo de Ofício — Revisão da proposta de Resolução para normatizar no âmbito do Sistema de Ensino do ... INTERESSADO: Centro de Ensino Charles Darwin – Vitória. ASSUNTO: ...
29200091;SARTRE ESCOLA SEB - ITAIGARA;Salvador;"1º lugar na região. 29ª melhor escola da Bahia. ... — 9 - Sartre Escola Seb – Itaigara – Salvador – Itaigara – Nota: 686,82 ... COLÉGIO CESP 30 ANOS 1º LUGAR ENEM 2025 Sistema de Ensino pH O melhor da ... | ""44 anos levando alunos do primeiro rabisco ao sucesso no ... — 9 - Sartre Escola Seb – Itaigara – Salvador – Itaigara – Nota: 686,82 ... É o reflexo da união entre um sistema de ensino de excelência ... | Colégio e Curso Brasil – 37 anos de dedicação à educação! 📚 ... — CONEXÃO SISTEMA DE ENSINO MATRÍCULAS ABERTAS 2º SEMESTRE ENSINO ... Sartre Escola Seb – Itaigara – Salvador – Itaigara – Nota: 686,82"
32040075;COLEGIO SAGRADO CORACAO DE MARIA;Vitória;"Vitória on Instagram: ""O Colégio Sagrado Coração de Maria ... — ... Colégio Sagrado Coração de Maria de Vitória. Acesse matriculasagrado ... SISTEMA DE ENSINO SAE DIGITAL Cambridge Assessment English pes ... | Parabéns, Isabela! 🌟 No Colégio Sagrado Coração de ... — Essa vitória também reforça a qualidade do Sistema de Ensino ... A equipe do Colégio Sagrado Coração de Maria de Vitória está muito ... | Seja bem-vindo(a) à Rede Sagrado! Em Vitória há 81 anos, o ... — O Colégio Sagrado Coração de Maria de Vitória conquistou, por dois ... material didático, a possibilidade de horário e os horários de ..."
31041262;COLEGIO ROBERTO CARNEIRO;Divinópolis;"Colégio Roberto Carneiro on Instagram: ""No Colégio Roberto ... — ... material didático completo e atualizado, além de uma metodologia focada em resultados. ... O Sistema de Ensino Bernoulli, parceiro do Évore ... | O Grupo Roberto Carneiro de Educação está expandindo ... — Maternus Divinópolis Colégio Roberto Carneiro Literatura Infantil: O ... COLÉGIO ROBERTO CARNEIRO #souRobertoCarneiro Bernoulli Sistema de Ensino ... | Colégio Roberto Carneiro on Instagram: ""Aproveitamos esse ... — COLÉGIO ROBERTO CARNEIRO #souRobertoCarneiro Bernoulli Sistema de Ensino ... Colégio Roberto Carneiro there in Divinópolis. This is Márden de ..."
33104247;INSTITUTO NOSSA SENHORA DA PIEDADE II;Rio de Janeiro;Alunos Premiados de Escolas Privadas — INSTITUTO NOSSA SENHORA DA PIEDADE II, P, RIO DE JANEIRO, RJ, Bronze. LORENZO DE ... SISTEMA DE ENSINO UNO VERTICE, P, DIVINOPOLIS, MG, Bronze. HEITOR SOARES DE ... | Rio de Janeiro 4912 escolas — ... SISTEMA DE ENSINO LTDA. RUA MAURICIO DA COSTA FARIA, 762. RECREIO DOS ... INSTITUTO NOSSA SENHORA DA PIEDADE II. PAU-FERRO, 945. PECHINCHA. 22743050 Rio ... | ENEM 2014 — SISTEMA DE ENSINO UNIVERSUS LTDA, RIO DE JANEIRO, RJ, Privada, De 40% a 60%, Alto, 520.69, 541.89, 493.57, 498.92, 548.38, 497.60. 638, 6016, CE ...
22014543;COLEGIO NOSSA SENHORA DAS GRACAS;Parnaíba;Grupo de Estudos do Pré-Vest. A semana de provas também ... — ... Colegio Nossa Senhora Das Gracas . Acess MÉDIA GERAL ALUNOS VA AN ... A equipe de gestores da Via Sapiens - Polo Parnaíba visitou hoje ... | PREMIAÇÃO QUIMENINAS 2025- SÉRIE 9° ANO — SISTEMA DE ENSINO AUTHENTICO. PA. Belém. OURO. Echilly Gonçalves Marques ... COLEGIO NOSSA SENHORA DAS GRACAS. PI. Parnaíba ouro. LUANA MORAIS BARROS. MASTER ... | Medalhistas de Ouro por Escola | PDF | São Paulo — Vinicius José Aragão de Almeida Barrozo COLEGIO NOSSA SENHORA DAS GRACAS PIAUÍ Parnaíba ... LUCA DE FREITAS GARCIA SEI - SISTEMA DE ENSINO INTERATIVO RIO DE ...
33116903;CENTRO EDUCACIONAL DA LAGOA;Rio de Janeiro;"2024 INFORMATIVO — O Centro Educacional da Lagoa - CEL tem uma equipe de gestores e de ... Estado do Rio de Janeiro. A renovação da matrícula só é efetivada, não havendo ... | Escolas particulares no Rio com mensalidade entre R$ ... — Centro Educacional da Lagoa (CEL - Barra da Tijuca); Centro ... sistema de ensino. Há ainda o detalhamento sobre quais atividades ... | falta de acesso a plataforma digital SAS por exigência ... — Como o material didático ... Seja cessada a prática abusiva de vinculação do acesso ao sistema de ensino à compra exclusiva de livros na escola. ... CEL Centro ..."
22142363;COLEGIO PROPOSITO;Teresina;Colégio Propósito | Escola Particular em Teresina, PI — Estrutura e Material Didático. Ambiente de aprendizado faz a diferença. O Colégio Propósito possui uma estrutura moderna, com salas projetadas para ... | Colégio Propósito | No Colégio Propósito, acreditamos que a ... — COOPERELP SISTEMA DE ENSINO anglo ORGULHO EM SER A ESCOLA COOPERATIVA DE LENÇÓIS PAULISTA ... Material didático de alta qualidade. ‍ Equipe ... | O Colégio Propósito é Top 2 no ENEM entre as escolas de ... — ... Teresina/PI | 752,1 | 188 2 Colégio Propósito Dif | Teresina/PI ... Poliedro Sistema de Ensino. 1º lugar em Timon e entre as 15 ...
52034054;COLEGIO PROGRESSIVO;Goiânia;MAIS DO QUE FAMA TEMOS FOCO: — O Colégio Progressivo ... Utilizamos o material didático da Plataforma SAS – Sistema ... Você vai perceber que somos o melhor custo-benefício da educação privada em ... | Há experiências profissionais que entram no currículo. ... — ... material didático, e a escolha pela ELI Éditions reflete uma visão ... Goiânia, por investir em uma escola pública com padrão de ... | Vamos conhecer a quinta escola? Escola Ipê ✨ o que vocês ... — ... sistema de ensino de Goiânia. som original - Idimar Leal Pontes. 47 ... Colégio Progressivo Goiânia · โรงเรียนไทยนิยม. 860Curtidas. 63 ...
35113852;LUIZ DE QUEIROZ COLEGIO;Piracicaba;Alunos Premiados de Escolas Privadas — ANGLO SISTEMA DE ENSINO, P, TATUI, SP, Sim. BENICIO ROSA CAMEJO, PITANGUEIRAS ... LUIZ DE QUEIROZ COLEGIO, P, PIRACICABA, SP, Sim. ENZO GARCIA MENDES, CLARETIANO ... | Ensino — ... Piracicaba. Adriana Rodrigues de Araújo. 3º ano - Ensino Médio. 21. 18 ESCOLA ... SISTEMA DE ENSINO. 35159013 SP. Rio Claro. ANA CLARA ALVES DE OLIVEIRA. 3º ... | Listado de Colegios en Brasil | PDF — LUIZ DE QUEIROZ COLEGIO. SP. 429. FUNDAMENTUM COLEGIO. SP. 430. CENTRO ... SISTEMA DE ENSINO FUNDAMENATAL MEDIO E SUPERIOR LTDA-CDF-SUL. PB. 7312. SUELI ...
31005789;COLEGIO SAO PAULO DA CRUZ;Belo Horizonte;Alunos Premiados de Escolas Privadas - 20ª OBMEP 2025 — COLEGIO SAO PAULO DA CRUZ, P, BELO HORIZONTE, MG, Sim. PAULO CARVALHO AZEVEDO ... BELO HORIZONTE, MG, Sim. MIGUEL ALMEIDA HONORATO MOURA, COLEGIO FUCAMP, P, MONTE ... | BHTRANS - Belo Horizonte — SISTEMA DE ENSINO RENASCER · SISTEMA PIAGET DE ENSINO · UMEI BRAUNAS · UMEI DELFIM ... EMPRESA DE TRANSPORTES E TRÂNSITO DE BELO HORIZONTE S/A - BHTRANS Av ... | Classificados NIVEL D — SISTEMA DE ENSINO EQUIPE CRISTAL. 8. BELEM. PA. ADLER ALISON LEAL SOSTER. 3 ... COLEGIO SAO PAULO DA CRUZ. 13. BELO HORIZONTE. MG. ANA LUIZA BONFIM FERREIRA. 3 ...
22027173;COLEGIO PROCAMPUS;Teresina;45 ANOS PRO CAMPUS - VOCÊ FAZ PARTE DESSA ... — ... Teresina pelo pioneirismo de reconhecer que “ a paz está na boa educação. ... sistema de ensino da SOMOS. E aí nesse sistema de ensino ela ... | O Colégio Propósito (@colegioproposito ) anunciou nessa ... — Muito bom receber vcs aqui! July 1. OCR. COLÉGIO D. PEDRO II SISTEMA DE ENSINO POSITIVO ... 6º Teresina Colégio Procampus 728,43 7º Teresina ... | Reel by CETI Inês Rocha (@ceti.inesrocha) · June 23, 2026 — ... Teresina Instituto São José 773,83 2º Teresina Instituto Dom Barreto ... Colégio Procampus 728,43 7º Teresina Colégio Proposito 721,81 ...
28017781;COLEGIO ARQUIDIOCESANO S CORACAO DE JESUS;Aracaju;Alunos Premiados de Escolas Privadas — SISTEMA DE ENSINO UNO VERTICE, P, DIVINOPOLIS, MG, Bronze. HEITOR SOARES DE ... COLEGIO ARQUIDIOCESANO S CORACAO DE JESUS, P, ARACAJU, SE, Bronze. FELIX CELIA ... | PREMIAÇÃO QUIMENINAS 2025- SÉRIE 9° ANO — SISTEMA DE ENSINO AUTHENTICO. PA. Belém. OURO. Echilly Gonçalves Marques ... COLEGIO ARQUIDIOCESANO S CORACAO DE JESUS. SE. Aracaju. OURO. PIETRA CAMARGO ... | Medalhistas de Ouro por Escola | PDF | São Paulo — ANDRÉ LUÍS DE ALMEIDA SOUZA COLEGIO ARQUIDIOCESANO S CORACAO DE JESUS SERGIPE Aracaju ... LUCA DE FREITAS GARCIA SEI - SISTEMA DE ENSINO INTERATIVO RIO DE JANEIRO ...
32036671;ESCOLA MULTIPLA;Serra;"2025 chegou com muitas novidades no nosso material ... — ltipn Esse ano, a Escola Múltipla adotou 0 Sistema de Ensino PH, da editora SOMOS. . ... #baseforteparatodavida #serra #escolamúltipla #serra # ... | Meu filho vai para o 1º ano… e agora? 🥹 É normal o ... — ... serra # ... ESCOLA PIRLIMPIMPIM SISTEMA DE ENSINO COC VOLTA ÀS AULAS 2026 VI SEMANA DA CULTURA NORDESTINA ... | Escola Múltipla on Instagram: ""Aqui, cada detalhe é pensado ... — Seja bem-vindo à Escola Múltipla, a melhor de Serra! ... ✓ Sistema de ensino líder em aprovação e excelência nos conteúdos @saseducacao"
33064768;COLEGIO SAGRADO CORACAO DE MARIA;Rio de Janeiro;Desigualdade-racial-nas-escolas-privadas-de-alto ... - gemaa — de LA CAMPOS · Citado por 4 — ... Rio de Janeiro (segundo o ENEM-2019) de acordo com sua composição racial ... COLEGIO SAGRADO CORACAO DE MARIA. COLEGIO EXPOENTE DE CASTELO. CENTRO DE ... | Alunos Premiados de Escolas Privadas — SISTEMA DE ENSINO UNO VERTICE, P, DIVINOPOLIS, MG, Bronze. HEITOR SOARES DE ... COLEGIO SAGRADO CORACAO DE MARIA, P, VITORIA, ES, Bronze. PEDRO DE SOUZA DUTRA ... | Rio de Janeiro 4912 escolas — ... Rio de Janeiro - Rio de Janeiro. Rede privada / Urbana · COLEGIO SAGRADO CORACAO DE MARIA. TONELERO, 56. COPACABANA. 22030002 Rio de Janeiro - Rio de Janeiro.
32038178;CENTRO DE ENSINO CHARLES DARWIN;Vila Velha;"Centro de Ensino Charles Darwin — No mês de novembro, realizaremos o 2º Simulado ENEM organizado pela equipe de professores do Bernoulli Sistema de Ensino. ... Vila Velha; De segunda a sexta ... | No Darwin, o aprendizado em Ciências vai muito além da ... — ... Vila Velha viveu experiências práticas no Laboratório de Ciências ... Darwin Porto Alegre Integral BH Monitoria Darwin Bernoulli Sistema de Ensino ... | Histórias que Inspiram! Guilherme Fracalossi compartilha com ... — Darwin Porto Alegre Integral BH Monitoria Darwin Bernoulli Sistema de Ensino ... Vila Velha se transformaram em verdadeiros laboratórios de ..."
31320536;SISTEMA APOIO DE ENSINO;Uberaba;"Colégio APOIO (@colegio.apoio) · Uberaba, MG — O resultado do ENEM 2024 trouxe destaque especial para o Sistema Apoio de Ensino ... Sistema de Ensino que busca elevar o nível de aprendizagem dos estudantes ... | Objetivo Uberaba on Instagram: ""Seu talento merece ser ... — ... Uberaba e região e faça parte de uma história de excelência ... Material didático consagrado ‍ Professores experientes e sempre ... | Sistema Apoio de Ensino - Uberaba - MG — ... Uberaba - MG; ›; Estados Unidos; ›; Sistema Apoio de Ensino. Sistema Apoio de Ensino ... material didático diversificado e atividades culturais. descrição ..."
50030590;COLEGIO LUMIERE ENSINO FUNDAMENTAL;Dourados;🚀 O IFMT Campus Octayde está na etapa final da 1ª ... — 2° COLEGIO LUMIERE ENSINO FUNDAMENTAL 717,23. 3° COLEGIO BIONATUS ... Sistema de Ensino Poliedro de todo o Brasil Total de estudantes ... | Alunos Premiados de Escolas Privadas - 19ª OBMEP 2024 — ANGLO SISTEMA DE ENSINO, P, TATUI, SP, Bronze. 15, ALEX BERENSTEIN BARTFELD ... COLEGIO LUMIERE - ENSINO FUNDAMENTAL, P, DOURADOS, MS, Bronze. GUSTAVO JUNQUEIRA ... | Enem 2025: conheça as 15 escolas com as maiores notas ... — Farina Sistema de Ensino - Cuiabá - Areão - Nota: 668.92 ... Colegio Lumiere Ensino Fundamental - Dourados - Porto Madero - Nota: 717.33.
29182344;COLEGIO INTEGRAL;Salvador;"Colégio Integral on Instagram: ""Tudo começou com um sonho ... — ... sendo recebido aqui. TOP 3 ENEM SALVADOR +40 Anos Há mais de 40 anos formando quem o mundo precisa. APOSTILA ENEM MÓDULO ENEM COLÉGIO integral ... | Nova parceria: CCAA e Colégio Integral Kids! — O material didático do CCAA será implantado para os alunos do G4 e G5 e ... Colégio Integral e Integral Kids - Salvador. Icone Facebook · Icone Instagram ... | Colégio Integral Bragança Paulista - Infantil | Fundamental ... — No Colégio Integral, utilizamos o Sistema de Ensino SAS, uma plataforma ... Orientações para as Famílias: Na Educação Infantil, cada volume da apostila vem com o ..."
31053953;COLEGIO ESCOLAPIO IBITURUNA;Governador Valadares;Colégio Escolápio Ibituruna (@colegioibituruna) — ✨ O COLÉGIO N° 1 DO ENEM 2024 EM GOVERNADOR VALADARES É O COLÉGIO ESCOLÁPIO IBITURUNA! | Colégio Ibituruna: Homepage — O Colégio Escolápio Ibituruna se destaca pela sua proposta pedagógica ... Governador Valadares, MG, CEP: 35010-130. Telefone: (33) 3212-5050. Facebook ... | No Colégio Escolápio Ibituruna, entendemos que a Educação ... — ... Governador Valadares para uma noite especial de reflexão, diálogo e ... Material Didático SAS (Referência no Brasil) 28 aulas semanais ...
23236051;MASTER COLEGIO;Fortaleza;"A Coleção Pré-UNI do Master Soluções chegou para ... — ... material didático de excelência ... Photo by Colégio Master - Sedes Fortaleza on June 23, 2026. May be an. 420 likes. colegiomaster.fortaleza ... | Colégio Master System on Instagram: ""É fácil ser feliz no ... — CAMINHA JUNTO diáloga com futuro MATERIAL DIDÁTICO COMPLETO matricula, sua familia ganha material didático completo para semestre. | Essa é a chance de garantir descontos incríveis do Ensino ... — ... Fortaleza, reafirmando sua força entre as principais instituições de ... SISTEMA DE ENSINO anglo CONCURSO DE BOLSAS ENSINO MÉDIO 2027 INSCREVA-SE ..."
26194236;COLEGIO SABER VIVER - UNIDADE III;Recife;"Colégio Completude on Instagram: ""No Colégio Completude ... — Photo by Multitude Sistema de Ensino on June 24, 2026. May be an ... # ESCOLA MÉDIA GERAL ALUNOS 1 Colegio Saber Viver - Unidade Iii Recife ... | Por trás de cada conquista, existem profissionais que ... — ... Sistema de Ensino DiVE.b Learning English ... Recife, Colegio de Aplicacao do CE da UFPE, Colegio GGE, Colegio Saber Viver - Unidade III ... | Colégio Cognitivo on Instagram: ""Nas unidades Boa Viagem e ... — SOMOS A MELHOR ESCOLA NO ENEM DA ZONA OESTE DO RECIFE 8º LUGAR NO RECIFE ... Sistema de Ensino contato maceió Poliedro Sistema de Ensino ..."
35120285;MIGUEL DE CERVANTES COLEGIO;São Paulo;Alunos Premiados de Escolas Privadas — RIO CLARO SISTEMA DE ENSINO, P, RIO CLARO, SP, Sim. ANDRE HENRIQUE ALMEIDA ... MIGUEL DE CERVANTES COLEGIO, P, SAO PAULO, SP, Sim. GABRIEL HIDEO TSUTSUI, REGGIO ... | Publicação de Màrcos Talarico — ... Miguel de Cervantes - Colégio Antônio Vieira - Colégio Anchieta - Salvador/Bahia - Colégio São Paulo ... O mercado de material didático pode ... | MEDALHA DE OURO — SISTEMA DE ENSINO EQUIPE LTDA - EPP. PARÁ. Canaã dos Carajás. CAUÊ CASSIANO DOS ... LEONARDO DA VINCI COLEGIO DE ENSINO FUNDAMENTAL E MEDIO SÃO PAULO. Jundiaí.
35290804;ESCOLA SEB UNIDADE ALVARES CABRAL;Ribeirão Preto;"CIE ESCOLA MUNICÍPIO — CAPELLA KIDS SISTEMA DE ENSINO EIRELI- ME. RIBEIRAO PRETO. 262985. CARLA ... COC RIBEIRÃO PRETO - REDE ÚNICA DE EDUCAÇÃO UNIDADE. 02. RIBEIRAO PRETO. 7840. | Ribeirão Preto 499 escolas — ESCOLA REINO DOS SONHOS. SANTA LUZIA, 763. JARDIM SUMARE. 14025090 Ribeirão Preto - São Paulo. Rede privada / Urbana · ESCOLA SEB UNIDADE ALVARES CABRAL. | Enem 2025: conheça as 15 escolas com as maiores notas ... — Escola SEB Unidade Álvares Cabral - 725,50 - Ribeirão Preto (São Paulo) - Particular - 92%; Mobile Colégio - 724,04 - São Paulo (São Paulo) ..."
33110034;CENTRO EDUCACIONAL ESPACO INTEGRADO;Rio de Janeiro;A preparação para os desafios do Ensino Médio começa ... — A preparação para os desafios do Ensino Médio começa muito antes da 3ª série! Os resultados conquistados pelos nossos estudantes da 1ª e da ... | Resultados que enchem a 2ª CRE de orgulho! A Prova Rio ... — Com uma metodologia consolidada, material didático em constante atualização, estrutura moderna e tradição da Rede Objetivo, nossos alunos ... | Renata Sobrino Porto de Oliveira — ... Rio de Janeiro e foi aprovada no exame de qualificação sobre sua pesquisa ... material didático, política linguística, educação brasileira. Foi ...
53001222;C EDUCACIONAL SIGMA;Brasília;Enem 2025: conheça as 15 escolas com as maiores notas ... — Colégio Podion Ens Fund e Médio - 746,36 - Brasília (Distrito Federal) - Particular - Sem informação ... C Educacional Sigma - Asa Norte ... | Enem 2025: conheça as 15 escolas com as maiores notas ... — Farina Sistema de Ensino - Cuiabá - Areão - Nota: 668.92. Inst ... C Educacional Sigma - Brasília - Asa Sul - Nota: 675.38. Col Coc Lago ... | Ensino — ... Brasília. AGATTA JULIAN MELO DA SILVA. 3º ano - Ensino Médio. 13. 11 ETE Mariano ... SISTEMA DE ENSINO. 35159013 SP. Rio Claro. ANA CLARA ALVES DE OLIVEIRA. 3º ...
43172440;COLEGIO LEONARDO DA VINCI- BETA;Porto Alegre;"Dia 08 de julho foi dia de voltar ao Colégio Leonardo da ... — ... COLÉGIO LEONARDO DA VINCI (BETA) Sala Pedro Leite COLÉGIO LEONARDO ... Porto Alegre"". Quando o autor encontra o leitor, a magia do ... | José Antônio Matiolla Contando sobre as qualidades e o que ... — ... Porto Alegre. Então, se você aí do Leonardo da Vinci gosta de ... SISTEMA DE ENSINO anglo 15 ANOS AQUI VOCÊ PODE SONHAR PORQUE NÓS ... | Cristina Pires Corso — ... Colégio Leonardo Da Vinci Beta, ambos em Porto Alegre-RS . Tem experiência ... 1 Congresso Raiz Sistema de Ensino on-line - O mundo pós-pandemia. 2020 ..."
28017757;COESI COLEGIO DE ORIENTACAO E ESTUDOS INTEGRADOS E ESCOLINHA DO RE MI EIRELI - EPP;Aracaju;"Enem 2025: conheça as 15 escolas com as maiores notas ... — COESI Colégio de Orientação e Estudos Integrados e Escolinha do Re Mi Eireli - EPP - 667,25 - Aracaju (Sergipe) - Particular - 83%; Colégio ... | Enem 2025: conheça as 15 escolas com as maiores notas ... — Coesi Colegio de Orientacao e Estudos Integrados e Escolinha do Re Mi Eireli - Epp - Aracaju - Grageru - Nota: 667.25. Colegio de Ciencias ... | Grátis: Resultado da OBQJr 2022 - Material Claro e ... — ... SISTEMA DE ENSINO EQUIPE INTEGRADO EIRELI - EPP PRATA ANA BEATRIZ ... ARACAJU COLEGIO AMADEUS LTDA BRONZE EDUARDA BARBOZA AGUIAR SP SÃO ..."
29487250;COLEGIO SAO PAULO;Salvador;Ensino - Colégio São Paulo — Colégio São Paulo - Salvador · Admissão · Novos Alunos · Rematrícula. O Colégio. Filosofia · História · Estrutura · Nosso Hino · Projeto Político Pedagógico ... | MPBA aciona Colégio São Paulo por venda casada de ... — ... Colégio São Paulo quanto à adoção do sistema de ensino e à venda relativa ao material didático por essa unidade escolar. Atenção, jornalista ... | MP-BA aciona Colégio São Paulo por venda casada de ... — ... Colégio São Paulo por venda casada de material didático em Salvador. Foto: Reprodução ... material didático do sistema de ensino Poliedro.
31007153;ESCOLA SEB UNIDADE SERRA;Belo Horizonte;🌟 ESCOLA SEB – UNIDADE SERRA Onde cada estudante ... — ... Belo Horizonte, 80% dos alunos alcançaram mais de 900 pontos nas ... ✓ Sistema de Ensino Positivo ✓ Sistema Bilíngue Cambridge | Escolas Particulares em Belo Horizonte — Conheça algumas escolas em Belo Horizonte, MG · ​​​​ · >> Escola SEB – Unidade Unimaster · ​ · >> Escola SEB - Unimaster Juniors · ​ · >> Escola SEB – Unidade Serra. | Taxa de Distorção Idade/Série - Belo Horizonte — ESCOLA SEB UNIDADE SERRA. 5,6%. ESCOLA SEB UNIMASTER. 1,5%. ESCOLA SESI BELO HORIZONTE SAO JOAO BATISTA. 0,7%. ESCOLA SESI BH CORACAO EUCARISTICO. 0,7%. ESCOLA ...
31018864;CENTRO DE EDUCACAO ANGHER;Barbacena;Aqui no Angher, nosso objetivo é garantir que a escola seja um ... — Photo by Centro de Educaçao Angher | Barbacena on July 20, 2026. May ... Hoje aconteceu a 1ª Avaliação EDROS do Sistema de Ensino ... | Seu filho merece a educação que o levará ao topo. 🏆 ... — ... MATERIAL DIDÁTICO MAXI INCLUSO Tire suas dúvidas: 18 ... Photo by Centro de Educaçao Angher | Barbacena on July 08, 2026. Mungkin imej. | Colégio Gibran ✨ Parabéns ao nosso ex-aluno Cauã Benzatti ... — Photo by Centro de Educaçao Angher | Barbacena on July 08, 2026. May ... GABARITO UNIDADE LICENCIADA SISTEMA DE ENSINO VEM PRO GABARITO ...
52033210;COLEGIO AGOSTINIANO NS DE FATIMA;Goiânia;Orgulho que se escreve com dedicação! ... — Colégio Agostiniano Ns de Fátima. Photo by Colégio Agostiniano on June 29 ... SISTEMA DE ENSINO anglo ORGULHO QUE INSPIRA. PALAVRAS QUE ... | RESULTADO POR REGIÃO — COLEGIO AGOSTINIANO NS DE FATIMA. GOIÁS. GOIÂNIA. OURO. 10. 1538294 CECÍLIA ... SISTEMA DE ENSINO PHYSICS AMAPÁ LTDA. AMAPÁ. MACAPÁ. AMAZONAS (AM). 1710837 ... | Busca de escolas, municípios e estados — 74715-010 Goiânia - GO. Rede privada / Urbana · COLEGIO AGOSTINIANO NS DE FATIMA. 6 A, 590. SETOR AEROPORTO. 74075220 Goiânia - Goiás. Rede privada / Urbana ...
52086615;COLEGIO JAO LTDA;Goiânia;Artigos e Notícias sobre Colegio Jao LTDA — Artigos e Notícias sobre Colegio Jao LTDA ... Colégio Bernoulli é obrigado a aceitar reutilização de material didático pelos alunos ... Aparecida de Goiânia – ... | Posição no ranking - média objetiva Nome da escola ... — ... SISTEMA DE ENSINO. EQUIPE INTEGRADO. EIRELI - EPP. Belém. PA. 718,8. 895,9. 715,0 ... Goiânia. GO. 692,6. 838,6. 683,0. 677,0. 648,0. 762,0. 29 ETAPA COLEGIO. | Alunos Premiados de Escolas Privadas - OBMEP 2019 — COLEGIO JAO LTDA, P, GOIÂNIA, GO, Bronze. FERNANDA SATIE MATSUMOTO, COLEGIO DIOCESANO SANTA LUZIA, P, MOSSORO, RN, Bronze. GABRIEL MAZILI PEDROZA, ETAPA COLEGIO ...
31166103;COLEGIO SAO DOMINGOS;Araxá;Colégio São Domingos - Araxá — Colégio São Domingos - Araxá · Endereço: Praça São Domingos, 370, Centro, Araxá - MG · Telefone: (37) 3662-3111 · Informações: A entrega do Sistema de Ensino será ... | 3º Ano EM - CSD — ... Colégio São Domingos - Araxá › Ensino Médio › 3º Ano EM - CSD. x. Filtrando por. Limpar todos os filtros. Marcas. BERNOULLI SISTEMA DE ENSINO. 3º Ano EM - CSD. | Na Semana da Criança, o Colégio Salesiano Dom Bosco ... — ... araxá #colegiosalesianodombosco #euamoserdombosco #vemsersalê # ... COLÉGIO DOM CASTELLO OBJETIVO SISTEMA DE ENSINO DIA DA ...
29714630;CENTRO EDUCACIONAL MUNDAI;Porto Seguro;Os resultados individuais do Exame Nacional de Ensino ... — CENTRO EDUCACIONAL MUNDAÍ – PORTO SEGURO – NOTA: 680,95 ... É o reflexo da união entre um sistema de ensino de excelência, uma equipe ... | Alunos Premiados de Escolas Privadas — CENTRO EDUCACIONAL MUNDAI, P, PORTO SEGURO, BA, Bronze. CAIO COSINO SANDER PAIVA, CENTRO EDUCACIONAL INTEGRACAO, P, MARECHAL FLORIANO, ES, Bronze. DAVI RIBEIRO ... | O município alcança uma MARCA HISTÓRICA e ... — ... Sistema de Ensino Educacional e em materiais complementares. O ... Centro Educacional Mundai – Porto Seguro – Nota: 680,95. Curso e ...
35133115;COLEGIO PARTHENON BOM CLIMA;Guarulhos;"NOVO PARCEIRO OAB GUARULHOS ... — NOVO PARCEIRO OAB GUARULHOS (@colegioparthenonbomclima) QUEM SOMOS: O Colégio Parthenon Bom Clima ... SISTEMA DE ENSINO anglo COLÉGIO ... | Infantil (@parthenonbomclimainfantil) — Colégio Parthenon Bom Clima - Infantil. 9,361 followers. 2 following. Educação Infantil Bilíngue em Guarulhos | A partir de 14 meses. Cuidado individualizado ... | Colégio Parthenon Bom Clima on Instagram: ""No Parthenon ... — Oi, eu sou a professora Amanda do Colégio Parthenon Bom Clima. Lembro ... Sistema de Ensino Positivo, além de realizar atividades que ..."
43104983;COLEGIO ISRAELITA BRASILEIRO;Porto Alegre;Maurício Casarin - Educação | Língua Portuguesa | Literatura — ... Material Didático. Colegio Israelita Brasileiro Universidade Federal do Rio Grande do Sul. Porto Alegre, Rio Grande do Sul, Brasil. 421 seguidores 421 conexões. | Matrícula Inicial por etapa e/ou modalidade de ensino - 2014 — 43104983 COLEGIO ISRAELITA BRASILEIRO. Urbana. 101. 80. 413. 145. 0. 0. 0. 739. 1 ... 43250009 FACULDADE TECNOLOGIA TECBRASIL - UNIDADE PORTO ALEGRE. Urbana. 0. 0. | Vagas de Auxiliar Sala De Aula em Porto Alegre, RS — Professor (a) de Atendimento Educacional Especializado. Muitas vezes responde em 1 dia. Colegio Israelita Brasileiro. Porto Alegre, RS. Assistência médica.
51036215;COLEGIO NOTRE DAME DE LOURDES;Cuiabá;Identidade — Material didático: Ao início das aulas o aluno deverá estar com o seu ... Informações de Contato. Av. Jorn. Alves de Oliveira, 463 - Cidade Alta, Cuiabá - MT ... | Livros 1 e 2, 3 e 4, 5 e 6 — ✓ Sistema de Ensino SAS: Livros 1 e 2, 3 e 4, 5 e 6: Integrado ... Independência - Cuiabá/MT. Horário de início das aulas: Período ... | Busca de escolas, municípios e estados — COLEGIO NOTRE DAME DE LOURDES. JORNALISTA ALVES DE OLIVEIRA, 463. CIDADE ALTA ... FARINA SISTEMA DE ENSINO. MIGUEL SUTIL, 1695. AREÃO. 78010500 Cuiabá ...
41352866;BOM JESUS DIVINA PROVIDENCIA COL EDUC INF ENS FUND E MEDIO;Curitiba;Alunos Premiados de Escolas Privadas - 16ª OBMEP — BOM JESUS DIVINA PROVIDENCIA COL EDUC INF ENS FUND E MEDIO, P, CURITIBA, PR, ---, Sim. GUSTAVO LANKOSKI SILVA, CONEXAO COC COLEGIO, P, CAMPO MOURAO, PR, Bronze ... | RESULTADO POR REGIÃO — SISTEMA DE ENSINO PHYSICS AMAPÁ LTDA. AMAPÁ. MACAPÁ. PRATA. 25. 1698188 ... BOM JESUS DIVINA PROVIDENCIA COL EDUC INF ENS FUND E MEDIO. PARANÁ. CURITIBA. | Lista Geral de número de inscrições OBQ 2024 v01 22 10 ... — COLEGIO INTENSIVO SISTEMA DE ENSINO LTDA. ALAGOAS. 3873 Maria Clara ... BOM JESUS DIVINA PROVIDENCIA COL EDUC INF ENS FUND E MEDIO. PARANÁ.
51036169;COLEGIO IBERO AMERICANO;Cuiabá;Colégio Ibero Americano, de Cuiabá, adota o sistema de ... — Colégio Ibero Americano, de Cuiabá, adota o sistema de ensino do Pueri Domus · Alunos do Colégio Ibero Americano São Paulo, 2 de fevereiro de ... | Sistema Bilingue — O colégio Ibero Americano deu mais um passo à frente para a oferta de uma ... No sistema de ensino americano, alunos dessa etapa (9º ano) já são ... | Colégio ICE — ... material didático da ... Aumente o volume Facepass Pessoal Festa Junina do Colégio Ibero Americano 2026 Arraiá CIA Cuiabá - Mato Grosso ...
53012860;COL GALOIS;Brasília;Seja - Visite o ranking das escolas no ENEM 2017 ... — ... BRASÍLIA – COL GALOIS ESPÍRITO SANTO Pública: melhor aluno: 808.14 ... SISTEMA DE ENSINO EQUIPE INTEGRADO EIRELI – EPP PARAÍBA Pública ... | Enem 2025: conheça as 15 escolas com as maiores notas ... — Farina Sistema de Ensino - Cuiabá - Areão - Nota: 668.92. Inst ... Col Galois - Brasília - Asa Sul - Nota: 700.83. C Educacional ... | Alunos Premiados de Escolas Privadas - 16ª OBMEP — Material Didático. Provas e Soluções · Banco de Questões · Apostilas do PIC ... COL GALOIS, P, BRASILIA, DF, Bronze, ---. JOAO PAULO CRUSIUS DOS SANTOS, SIGMA L2 ...
17056446;COLEGIO OLIMPO PALMAS INTEGRAL;Palmas;em uma escola que acredita no poder transformador ... — RANKING ENEM 2025 DO TOCANTINS 1 Colegio Olimpo Palmas Integral - Palmas ... Poliedro Sistema de Ensino. 1º lugar em Anápolis e 2ª melhor ... | Tradição integrada com o futuro é no CIE. Da Educação ... — RANKING ENEM 2025 DO TOCANTINS 1 Colegio Olimpo Palmas Integral - Palmas ... O Sistema de Ensino COC faz parte da formação dos nossos ... | Batista Ipatinga | No Colégio Batista de Ipatinga temos ... — ... Sistema de Ensino COC com ênfase em resultados de excelência ... RANKING ENEM 2025 DO TOCANTINS 1 Colegio Olimpo Palmas Integral - Palmas ...
25133861;COLEGIO GGE;João Pessoa;Colégio GGE chega em João Pessoa oferecendo ensino ... — Colégio GGE chega em João Pessoa oferecendo ensino com material didático ... Colégio GGE chega em João Pessoa oferecendo ensino com material didático pr... | Institucional — #03 | Material didático: Você sabe o que um bom livro deve conter? ... Sistema GGE de Ensino realiza formação continuada com equipe do Colégio GGE de João Pessoa. | Colégio GGE consegue verificar aprendizado dos alunos com ... — Segundo o gestor do Colégio GGE em João Pessoa ... Colégio GGE chega em João Pessoa oferecendo ensino com material didático próprio, que se ...
33063311;COL ANDREWS;Rio de Janeiro;Escolas Particulares — RIO DE JANEIRO (CONTINUAÇÃO) 2263 - COL BARROS NASCIMENTO 2264 - COL BATISTA ... 2500 - SISTEMA DE ENSINO INTEGRADO SEIS LTDA 2501 - SOC EDUC BOTAFOGO ... | Posição no ranking - média objetiva Nome da escola ... — ... SISTEMA DE ENSINO. EQUIPE INTEGRADO. EIRELI - EPP. Belém. PA. 718,8. 895,9. 715,0 ... Rio de Janeiro. RJ. 701,1. 843,4. 693,0. 683,0. 637,0. 792,0. 16. COLEGIO ... | ENEM 2014 — SISTEMA DE ENSINO UNIVERSUS LTDA, RIO DE JANEIRO, RJ, Privada, De 40% a 60%, Alto, 520.69, 541.89, 493.57, 498.92, 548.38, 497.60. 638, 6016, CE ...
43238203;COLEGIO JOAO PAULO;Porto Alegre;JPSul — Desde que abriu suas portas na zona sul de Porto Alegre, em 1993, o Colégio João Paulo I recebe alunos que chegam para aprender, para se desenvolver e para ... | Matriculas abertas!🦁🐾 O Colégio Anglo Porto Alegre é um ... — ... Material didático físico e digital com plataforma Plurall • Cursinho ... sistema de ensino do país e a marca de quem mais aprova nos ... | Colégio Anglo Porto Alegre, onde a aprendizagem é ... — O Colégio João Paulo está entre as 5 melhores escolas privadas de ... IES INSTITUTO EDUCACIONAL SOMA SISTEMA DE ENSINO anglo Aqui se ensina.
31334049;COLEGIO CAETANO;Sete Lagoas;Rozangela de Cássia Sousa — Atualmente é professora da Faculdade Promove de Sete Lagoas, professora de Redação do Colégio Impulso, do colégio Caetano e do SESI, professora de Redação ... | Lista de Material Online — 202102-00168 - PRESBITERIANA - SETE LAGOAS-MG - ASSOCIACAO PRESBITERIANA DE SETE LAGOAS ... Sistema de ensino. ícone de um robô. Robótica. ícone de balões de ... | ENEM 2014 — COLEGIO CAETANO, SETE LAGOAS, MG, Privada, De 60% a 80%, Muito Alto ... COLEGIO ANGLO DE SETE LAGOAS, SETE LAGOAS, MG, Privada, De 40% a 60 ...
43105017;COL NOSSA SENHORA DO BOM CONSELHO;Porto Alegre;Matrícula Inicial por etapa e/ou modalidade de ensino - 2013 — PORTO ALEGRE. 43104991 COL MARIA IMACULADA. Urbana. 18. 57. 582. 233. 0. 0. 0. 890. 1. PORTO ALEGRE. 43105017 COL NOSSA SENHORA DO BOM CONSELHO. Urbana. 46. 65. | Detalhado - NÃO PAGAS - Portal Gov.br — SISTEMA DE ENSINO VESTIBULANDO, 15587983, 560, PDDE-EDUCAC?O ESPECIAL ... COL NOSSA SENHORA DO BOM CONSELHO, 43105017, 1010, PDDE-EDUCAC?O ESPECIAL ... | Alunos Premiados de Escolas Privadas — COL NOSSA SENHORA DO BOM CONSELHO, P, PORTO ALEGRE, RS, Prata. LUAN MONTERO USUI ... RIO CLARO SISTEMA DE ENSINO, P, RIO CLARO, SP, Prata. EDUARDO FABIANO NEVES ...
31128058;INSTITUTO EDUCACIONAL SAO JOAO DA ESCOCIA;Poços de Caldas;"Colégio Pelicano | Poços de Caldas MG — Colégio Pelicano, Poços de Caldas. 4.500 curtidas · 1.205 estiveram aqui. ⏱️ O lugar onde o futuro se faz presente Sistema de Ensino ANGLO • Infantil... | MATRÍCULAS ABERTAS | O lugar onde se dá a formação ... — ... Poços de Caldas Mais informações: (35) 3722-1000 (35) 98856 ... INSTITUTO EDUCACIONAL SÃO JOÃO DA ESCÓCIA DESDE 1915 COLÉGIO PELICANO MATRÍCULAS ... | Instituto Educacional São João da Escócia (Anglo) - Poços ... — Instituto Educacional São João da Escócia (Anglo) (Poços de Caldas). Brazil ... Sistema de Ensino Brasileiro - Unidade Portugal 143 km; Instituto Santa ..."
26187353;COLEGIO NUCLEO - BOA VIAGEM;Recife;"Colégio Souza Leão (Cordeiro) on Instagram: ""Você ... — ... Recife (Cordeiro) e Olinda ✓ MATRÍCULAS ABERTAS PARA 2026! ⏳ As ... Além disso, o material didático de 2026 estará com desconto ... | Colégio Núcleo on Instagram: ""Cecília representará o Brasil ... — Na Eleva Recife, acreditamos que a verdadeira preparação vai muito ... GGE Sistema de Ensino COLÉGIO GGE. colegioetapa's profile picture ... | Aqui comemoramos as aprovações dos nossos alunos! 🥳 ... — ... Colégio Núcleo - Boa Viagem 703,16 7º Colégio GGE - Boa Viagem 691 ... E tudo isso no curso mais acessível de Recife, com uma entrega que ..."
35104985;BANDEIRANTES COLEGIO EFM;São Paulo;Alunos Premiados de Escolas Privadas — RIO CLARO SISTEMA DE ENSINO, P, RIO CLARO, SP, Sim. ANDRE HENRIQUE ALMEIDA GIANETTI DE SOUZA, ARQUIDIOCESANO DE SAO PAULO COLEGIO MARISTA ... BANDEIRANTES COLEGIO ... | Premiados OBF 2022 - 3ª Série — COLÉGIO KELVIN SISTEMA DE ENSINO EIRELI, SP, MENÇÃO HONROSA. BRANCO FERNANDES ... BANDEIRANTES COLEGIO EFM, SP, MEDALHA DE BRONZE. MIGUEL BULHÕES WANDERLEY ... | Classificados da 3ª e 4ª séries para a Prova 2 da Seletiva ... — RIO CLARO SISTEMA DE ENSINO. Fernando Martins De Oliveira. COLEGIO ANGLO ... INSTITUTO FEDERAL DE SAO PAULO CAMPUS SAO JOSE DOS CAMPOS. Gabriel Rodrigues ...
35141240;VERTICE COLEGIO UNIDADE II;São Paulo;"Alunos Premiados de Escolas Privadas - 16ª OBMEP — VERTICE COLEGIO UNIDADE II, P, SÃO PAULO, SP, ---, Sim. FELIPE MARTINS DE LIMA ... ANGLO SISTEMA DE ENSINO, P, TATUI, SP, ---, Sim. IAN MAZZUCATTO PUCINELI ... | Desigualdade-racial-nas-escolas-privadas-de-alto ... - gemaa — de LA CAMPOS · Citado por 4 — O Colégio Catamarã Referência, de São Paulo, registrou 0% de pretos e pardos ... SISTEMA DE ENSINO EQUIPE. COLEGIO DOM AMANDO. COLEGIO GENTIL BITTENCOURT. | CNEC Educação - ENEM — Vertice Colegio Unidade II, Privada, São Paulo, SP, 43 ; Escola Villare, Privada, São Caetano do Sul, SP, 33 ..."
52091384;COLEGIO DEGRAUS;Goiânia;Busca de escolas, municípios e estados — COLEGIO DEGRAUS. C97, 309. SETOR SUDOESTE. 74303380 Goiânia - Goiás. Rede privada / Urbana · COLEGIO DELTA - UNIDADE FLAMBOYANT. RUA 52, 653. JARDIM GOIAS ... | Posição no ranking - média objetiva Nome da escola ... — ... SISTEMA DE ENSINO. EQUIPE INTEGRADO. EIRELI - EPP. Belém. PA. 718,8. 895,9. 715,0 ... Goiânia. GO. 692,6. 838,6. 683,0. 677,0. 648,0. 762,0. 29 ETAPA COLEGIO. | Enem 2025: conheça as 15 escolas com as maiores notas ... — Colegio Degraus - Goiânia - Setor Sudoeste - Nota: 674.12. Colegio ... Farina Sistema de Ensino - Cuiabá - Areão - Nota: 668.92. Inst ...
41151844;SANTO ANGELO E - EI EF;Ponta Grossa;"Enem 2025: conheça as 15 escolas com as maiores notas ... — Santo Ângelo E - EI EF - 659,75 - Ponta Grossa (Paraná) - Particular - 91%; Colégio Marista Santa Maria EI EF EM - 657,60 - Curitiba (Paraná) ... | Menção Honrosa 9º Ano Fundamental | PDF | São Paulo — HADASSA CARVALHO DOS SANTOS SANTO ANGELO E - EI EF PARANÁ PONTA GROSSA ... MAÍRA KEMIL SISTEMA DE ENSINO EQUIPE PARÁ BELÉM LETHÍCIA DAS NEVES PINHEIRO DA ... | MENÇÕES HONROSAS — COLEGIO INTENSIVO SISTEMA DE ENSINO LTDA. ALAGOAS. MACEIÓ. 1665445 LÍVIA ... SANTO ANGELO E - EI EF. PARANÁ. PONTA GROSSA. 1712291 SOFIA SOKOLOWSKI GALVANI."
35124199;ALBERT SABIN COLEGIO;São Paulo;Alunos Premiados de Escolas Privadas - 16ª OBMEP — ALBERT SABIN COLEGIO, P, SÃO PAULO, SP, Bronze, ---. LUIZA DE MORAIS HESSEL, SESI 024 CENTRO EDUCACIONAL, P, TATUI, SP, ---, Sim. LUIZA MAGRI RAMOS, CENTRO ... | Claudio Nelson Caldeira Email & Phone Number — Claudio Nelson Caldeira, based in State of São Paulo, Brazil, is currently a Professor at Sistema de Ensino Poliedro. ... Albert Sabin, Colegio Dante Alighieri ... | RESULTADO DA XV OLIMPÍADA BRASILEIRA DE ... — SISTEMA DE ENSINO EQUIPE INTEGRADO EIRELI - EPP. PRATA. ANA BEATRIZ CASTANHO CASTILHO. SP SÃO PAULO. AGOSTINIANO MENDEL COLEGIO. PRATA. NÍCOLAS ROMEU RAMOS ...
25153820;CARL ROGERS - CENTRO DE EDUCACAO;João Pessoa;Escola Carl Rogers | No Carl Rogers o ensino vai além do ... — . View all 29 comments · July 4. OCR. ENSINO QUE TRANSFORMA. RESULTADOS QUE COMPROVAM. CARL ROGERS Centro de Educação ... João Pessoa um ... | Escola - A turminha Dom Bosco (que faz parte do material ... — ... João Pessoa e 9º lugar no estado. Esse resultado é fruto da ... May be an image of text that says 'CARL ROGERS Centro de Educação INSCRIÇÕES ... | A metodologia Espiral Crescente, do Sistema Etapa ... — CARL ROGERS Centro de Educação DESTAQUE NO ENEM 1º LUGAR NO ESTADO ... Skies Learning by Red Balloon, Mind Makers, Sistema de Ensino Anglo.
12031682;ESC COLEGIO SIGMA;Rio Branco;"Enem 2025: conheça as 15 escolas com as maiores notas ... — Esc Colégio Sigma - 676,64 - Rio Branco (Acre) - Particular - 100%; Esc Centro Educacional e Cultural - Meta - 655,44 - Rio Branco (Acre) ... | Alunos Premiados de Escolas Privadas - 16ª OBMEP — ESC COLEGIO SIGMA, P, RIO BRANCO, AC, Bronze. ISADORA BARROSO SILVA LOBO, MASTER ... SEI - SISTEMA DE ENSINO INTERATIVO, P, RIO DE JANEIRO, RJ, Bronze. 112 ... | Seja - Visite o ranking das escolas no ENEM 2017 ... — ... RIO BRANCO – ESC COLEGIO SIGMA ALAGOAS Pública: melhor aluno: 774.88 ... SISTEMA DE ENSINO EQUIPE INTEGRADO EIRELI – EPP PARAÍBA ..."
42016142;COLEGIO BOM JESUS SANTO ANTONIO;Blumenau;Copa Norte Shopping de Xadrez | Etapa 01 | SUB-13 — 1812, U13, Navegantes, Sinergia Sistema de Ensino. 2, Eduardo ... 0, 0, U13, Blumenau, Colegio Bom Jesus Santo Antonio. 41, Samir Schenguer ... | Alunos Premiados de Escolas Privadas — COLEGIO BOM JESUS SANTO ANTONIO, P, BLUMENAU, SC, Prata. MARIA FERNANDA CAMARA ... RIO CLARO SISTEMA DE ENSINO, P, RIO CLARO, SP, Prata. EDUARDO FABIANO NEVES ... | Ensino — ... Blumenau. ALERRANDRO RAI COSTA MOTA. 1º ano - Ensino Médio. 13. 3 CENTRO DE ... SISTEMA DE ENSINO. 35159013 SP. Rio Claro. ANA CLARA ALVES DE OLIVEIRA. 3º ano ...
35172959;DIVINO SALVADOR COLEGIO ITU;Itu;Setor -Supervisão.xlsx — Sistema e Caracol Colégio e Sistema de Ensino e Colégio (Marli). Itu ... Divino Salvador Colegio - Itu. Itu. Mere Marie Theodore Voiron Colégio (CEUNSP). | Alunos Premiados de Escolas Privadas - 16ª OBMEP — DIVINO SALVADOR COLEGIO ITU, P, ITU, SP, Bronze, ---. AMANDA STIEFELMANN BRODER ... ANGLO SISTEMA DE ENSINO, P, TATUI, SP, ---, Sim. IAN MAZZUCATTO PUCINELI ... | Busca de escolas, municípios e estados — DIVINO SALVADOR COLEGIO ITU. DIVINO SALVADOR, 51 - AVENIDA. JARDIM PARAISO ... SISTEMA DE ENSINO COLEGIO. SILVIO FLEMING CAPITAO, 331 - RUA. VILA NOVA ...
15038491;COL STA CATARINA DE SENA;Belém;Alunos Premiados de Escolas Privadas - 17ª OBMEP — SISTEMA DE ENSINO EQUIPE CRISTAL, P, BELÉM, PA, Sim. 3, FELIPE GANDRA MOREIRA, COL STA CATARINA DE SENA, P, BELÉM ... BELÉM, PA, Sim. 7, BIANCA MONIQUE ABREU ... | Pará — COL STA CATARINA DE SENA. Belém. PA. OURO. 19655 Amigmáticas. COL STA CATARINA DE ... 18661 CACHORRO CARAMELO CENTRO DE ENSINO TECNICO IDEAL Belém. PA. BRONZE. | Col Sta Catarina De Sena — Conheça informações completas sobre o Col Sta Catarina De Sena, localizada na. Avenida Nazare, 1016 - Nazare, Belém - PA ...
26175240;EVOLUCAO CENTRO EDUCACIONAL LTDA;Jaboatão dos Guararapes;Evolucao Centro Educacional Ltda | Bolsas de Estudo em ... — Garanta sua bolsa de estudos em Evolucao Centro Educacional Ltda, Jaboatão dos Guararapes - PE ... Sistema de ensino. SAS. O sistema de ensino compreende o ... | Busca de escolas, municípios e estados — AREA COLEGIO E CURSO SISTEMA DE ENSINO. AV UM, 103. CURADO. 54270090 Jaboatão dos Guararapes - Pernambuco. Rede privada / Urbana · ASSOC EDUC INST CONSTRUINDO O ... | O Colégio Pontual se orgulha imensamente de ver os ... — ... JABOATÃO DOS GUARARAPES! Além disso, estamos entre as treze melhores ... Sistema de Ensino 73. 3215 0055 www.colegioieprol.com.br.
35006599;COLEGIO CHAMINADE;Bauru;Conheça o dia a dia dos alunos do Infantil e Fundamental I ... — Conheça o dia a dia dos alunos do Infantil e Fundamental I no colégio Chaminade · Anglo Bauru lança unidade exclusiva para o ensino médio · Feira ... | Educação Integral no Colégio Chaminade | PDF | Igreja católica — O Colégio Chaminade Bauru é uma escola católica ... Apostila de Educação Religiosa I e II. 44 pages ... APOSTILA - EDUCAÇÃO CRISTÃ Revisada 2. 61 pages. | Alunos do Colégio Chaminade organizam feira com conteúdos ... — O ensino é integral e todo o material didático, recursos tecnológicos, aulas de inglês e espanhol e lanches e almoço estão inclusos. As matrículas para 2025 já ...
31006513;COLEGIO NOSSA SENHORA DA PIEDADE;Belo Horizonte;Colégio Piedade | Rede Piedade de Educação — Colégio Nossa Senhora da Piedade – BH/MG · Instituto Nossa Senhora da ... Calafate, Belo Horizonte – MG CEP 30411-315. (31) 3334-6913 (31) 99482-1509 ... | Colégio Nossa Senhora da Piedade - Belo Horizonte — Colégio Nossa Senhora da Piedade - Belo Horizonte added a new photo ... Mais do que adotar um material didático de ... Mais do que adotar um material didático ... | Nossa formação de colaboradores é pensada com cuidado ... — ... Sistema de Ensino Poliedro, para um momento de troca de conhecimento ... We are here in Belo Horizonte for the last Open Day of the graduation ...
25071106;COLEGIO IMACULADA CONCEICAO;Campina Grande;"Colegio Imaculada Conceicao - Campina Grande — Garanta sua bolsa de estudos em Colegio Imaculada Conceicao, Campina Grande - PB ... Banda larga; Internet. Sistema de ensino. Bernoulli. O sistema de ensino ... | Ministério da Educação — Campina Grande. CENTRO CAMPINENSE DE EDUCACAO LTDA COLEGIO MOTIVAPrivada. 115. 655,16. PB. Campina Grande. COLEGIO IMACULADA CONCEICAO. Privada. 105. 650,62. PB. | Premiação Estadual de Alunos - Escolas Públicas ... — CAMPINA GRANDE, PB, Bronze. 40, ARTHUR PADILHA G DE ALBUQUERQUE, COLEGIO MOTIVA LTDA - EPP, P, CAMPINA GRANDE, PB, Bronze. GABRIEL COSTA VIEIRA DE MELO, COLEGIO ..."
23267151;NOVA DIMENSAO COLEGIO;Fortaleza;"Recredencia as instituições privada — ao Sistema de Ensino do Estado do Ceará, sejam o marco ... Fortaleza. 23330414 VITORIA SANTOS ESCOLA. 896. SEFOR 3. Fortaleza. 23317019 ZURIEL COLÉGIO. | https://www.cearatransparente.ce.gov.br/attachment... — ... Fortaleza"";23064641;""21 DE ABRIL COLEGIO"";""Privada"";2;0;0;0;0;0;0;2 21 ... SISTEMA DE ENSINO"";""Privada"";2;0;0;0;0;0;0;2 22;""SEFOR 2"";2304400;""Fortaleza ... | Enquanto o curso de idioma costuma focar no ensino da ... — ... nova dimensão! Colégio Connect Anglo / Sistema de Ensino Anglo Na infância, o cérebro apresenta uma grande capacidade para aprender novos ..."
22025715;COLEGIO PROPOSITO;Teresina;Colégio Propósito | Escola Particular em Teresina, PI — Estrutura e Material Didático. Ambiente de aprendizado faz a diferença. O Colégio Propósito possui uma estrutura moderna, com salas projetadas para ... | Colégio Propósito | No Colégio Propósito, acreditamos que a ... — COOPERELP SISTEMA DE ENSINO anglo ORGULHO EM SER A ESCOLA COOPERATIVA DE LENÇÓIS PAULISTA ... Material didático de alta qualidade. ‍ Equipe ... | O Colégio Propósito é Top 2 no ENEM entre as escolas de ... — ... Teresina/PI | 752,1 | 188 2 Colégio Propósito Dif | Teresina/PI ... Poliedro Sistema de Ensino. 1º lugar em Timon e entre as 15 ...
24088846;COLEGIO PORTO;Natal;"Explore o Colégio Porto: Uma Escola de Qualidade — som original - Sistema de Ensino Equipe. 213Curtidas. 10Comentários ... Colegio Interno Natal Rn · Colegio Ciudad Montes · Colegio Lima Villa ... | A reserva de vagas para 2027 já começou. Garanta agora ... — Se você quer seu filho na melhor escola de Natal, a decisão começa agora. O Colégio Porto abriu as reservas de vagas para 2027. | Colégio Porto festeja aprovados no SISU e conquista mais ... — Colégio Porto festeja aprovados no SISU e conquista mais de 20 vagas em Medicina em universidades públicas no Enem 2023. 2 anos atrás; 2 minutos."
31128031;COLEGIO SETE DE SETEMBRO;Poços de Caldas;"ensino-fundamental - Colégio Sete de Setembro — O material didático oferece suporte para todo o processo de aprendizagem ... Poços de Caldas-MG. Segunda a sexta-feira das 7h às 18:30h. (35) 3721-2000. | Redação on Instagram: ""Ranking escolas Enem 2024 . Ps: o ... — ... Poços de Caldas tão todas as escolas aqui, independente de ser ... Colégio Sete de Setembro que é o Coc, o Centro Educacional Poços ... | Colégio Sete de Setembro é protagonista em Educação Financeira — A professora explica que a solução educacional ... apostila, jogos e reflexões. Em dois anos (2023 e ... Poços de Caldas, MG – A Fundação Jardim Botânico de Poços ..."
35154295;JEAN PIAGET UNIDADE II EEPG;Santos;Alunos Premiados de Escolas Privadas - 16ª OBMEP — JEAN PIAGET UNIDADE II EEPG, P, SANTOS, SP, Sim. NAOMI ESTHER HOFFMANN HIRAMOTO, COC SAPIENS, P, OSASCO, SP, Sim. SULLYN HONG, AGOSTINIANO MENDEL COLEGIO, P ... | Premiados da OBF/2021 - 2ª Série — JEAN PIAGET UNIDADE II EEPG, SP, MEDALHA DE BRONZE. BRENO NOGUEIRA IDINO, LICEU ... SEI - SISTEMA DE ENSINO INTERATIVO, RJ, MEDALHA DE PRATA. MARIANA SIQUEIRA ... | Quadro de Medalhas do 2ª Série — JEAN PIAGET UNIDADE II EEPG, SP, MENÇÃO HONROSA. JULIA LIE MORISAWA GOMES ... WILDEMAR HENRIQUE WEI AN TOSKI DOS SANTOS, ALIANÇA, PR, MENÇÃO HONROSA. YAGO ...
33163863;GARRA VESTIBULARES ASS EDUCACIONAL LTDA - UNID 2;Volta Redonda;Alunos Premiados de Escolas Privadas - 20ª OBMEP 2025 — GARRA VESTIBULARES ASS EDUCACIONAL LTDA - UNID 2, P, VOLTA REDONDA, RJ, Bronze ... SEI - SISTEMA DE ENSINO INTERATIVO, P, RIO DE JANEIRO, RJ, Bronze. JOÃO LUCAS ... | Alunos Premiados de Escolas Privadas — GARRA VESTIBULARES ASS EDUCACIONAL LTDA - UNID 2, P, VOLTA REDONDA, RJ, Bronze ... SISTEMA DE ENSINO UNO VERTICE, P, DIVINOPOLIS, MG, Bronze. HEITOR SOARES DE ...
41033310;COLEGIO UNIVERSITARIO;Londrina;Colégio Universitário - LondrinaTur, portal de Londrina e ... — Hoje o Colégio Universitário de Londrina é referência em ensino de ... Material didático do Sistema Anglo de Ensino, o melhor do Brasil. | Colégio Universitário é referência em qualidade de ensino — ... material didático ímpar. Já nos anos iniciais, os ... Este conteúdo é de autoria do Colégio Universitário. Londrina colégio universitário ... | Alunos Premiados de Escolas Privadas - 16ª OBMEP — Material Didático. Provas e Soluções · Banco de Questões · Apostilas do PIC ... COLEGIO UNIVERSITARIO EDUCACAO INFANTIL ENSINO FUNDAMENTAL E MEDIO, P, LONDRINA ...
29489504;COLEGIO UNIVERSITARIO;Teixeira de Freitas;Bolsas de Estudo Colégio Universitário — O Colégio Universitário, localizado em Teixeira de Freitas, Bahia, destaca ... Sistema de Ensino Bernoulli, oferece uma experiência educativa completa. | concurso de bolsa - colégio universitário 2026 — Compre ingressos para CONCURSO DE BOLSA - COLÉGIO UNIVERSITÁRIO 2026 em Teixeira de Freitas dia 25 ... material didático e cumprimento de todas as normas ... | Colégio Universitário: uma nova era na educação em ... — Colégio Universitário: uma nova era na educação em Teixeira de Freitas ... Escolher o Colégio Universitário e o Sistema de Ensino Bernoulli é ...
33155259;ISJB - COLEGIO SALESIANO REGIAO OCEANICA;Niterói;Grátis: Baixadas Litorâneas - BL - Material Claro e Objetivo ... — 33155259 INSPETORIA SÃO JOÃO BOSCO ISJB - COLEGIO SALESIANO REGIAO OCEANICA Niterói ... APOSTILA - ANEXO A PORTARIA BAIXADAS LITORÂNEAS ... | Alunos Premiados de Escolas Privadas — RIO DE JANEIRO, RJ, Bronze. 16, CLARA PEREIRA MARCHEZINI, ISJB - COLEGIO SALESIANO REGIAO OCEANICA, P, NITERÓI, RJ, Bronze. 17, ALEXANDRE PIMENTEL MACEDO ... | Registro de Escolas nas Baixadas Litorâneas | PDF — BAIXADAS LITORÂNEAS - SEDE COMPETENTE CURSO PREPARATÓRIO LTDA ME COLÉGIO CURSO PROGRESSÃO NITERÓI Niterói ... APOSTILA - ANEXO A PORTARIA QUE AUTORIZOU A ...
52089550;COLEGIO VISAO;Goiânia;Escolas parceiras do Sistema Mackenzie de Ensino — Digite a sua Cidade ou Estado e encontre o Sistema de Ensino Mackenzie perto de você! ... COLEGIO VISAO KIDS. Rua Afonso Pena, 1117, Pindorama, Parnaíba- PI ... | Alunos Premiados de Escolas Privadas — COLEGIO VISAO, P, GOIÂNIA, GO, Prata. JOÃO PEDRO ALVES FERREIRA, ETAPA ... SISTEMA DE ENSINO FOCO, P, MONTES CLAROS, MG, Prata. HELENA GUACHALLA DE ANDRADE ... | Busca de escolas, municípios e estados — 74223-070 Goiânia - GO. Rede privada / Urbana · COLEGIO VISAO. T 13, 1030 ... SISTEMA DE ENSINO MILENIO. AVENIDA 24 DE OUTUBRO, 3110 AEROVIARIO. 74435-090 ...
35139497;PENTAGONO COLEGIO UNIDADE CAIUBI;São Paulo;Alunos Premiados de Escolas Privadas - 16ª OBMEP — ANGLO SISTEMA DE ENSINO, P, TATUI, SP, ---, Sim. IAN MAZZUCATTO PUCINELI ... SAO PAULO DA CRUZ COLEGIO PASSIONISTA, P, SÃO PAULO, SP, ---, Sim. IRIS TANG KUANG ... | Ensino — ... São Paulo. ADEMAR CARLOS NUNES NETO. 2º ano - Ensino Médio. 15. 18 COLEGIO ... SISTEMA DE ENSINO. 35159013 SP. Rio Claro. ANA CLARA ALVES DE OLIVEIRA. 3º ano ... | Notas Médias do ENEM 2010 dos alunos concluintes do ... — ... SÃO PAULO. JUNDIAI. CRISTAO DE JUNDIAI CCJ COLEGIO. PRIVADA. 16. 16. 614 ... PENTAGONO COLEGIO UNIDADE CAIUBI. PRIVADA. 16. 16. 619,73. 668,94.
52101363;COPE - COLEGIO PREPARAENEM;Goiânia;ENSINO MÉDIO Prezadas famílias, Informamos que ... — #TOP3 BRASIL NO ENEM SISTEMA DE ENSINO anglo LEÃO DE OURO 2020 ... Cope Colégio Preparaenem (Goiânia) – 694,11 6. Colégio Cope Nexus ... | Colégio Mais Ânima | Toda conquista merece ser celebrada ... — VALADARES E TEÓFILO OTONI GENOMA SISTEMA DE ENSINO 1° LUGAR NO ENEM CARATINGA, GOV. ... Cope Colégio Preparaenem (Goiânia) – 694,11 6. Colégio ... | Grandes resultados começam com boas orientações Confira ... — TEMOS O MELHOR DE GOIÂNIA! TORNE SEU SONHO REAL ... Achando que é só devorar a apostila e rezar por um milagre na hora da prova?
29486963;COLEGIO ANCHIETA;Salvador;Conheça o trabalho social desenvolvido pela RJE — ... material didático, uniforme escolar, alimentação, transporte ... Salvador (BA), oferece bolsas para o turno com desconto 100% integral ... | O Colégio Anchieta (@colegioanchietaba), em #Salvador, ... — Colegio Anchieta – Salvador – Nota: 708,43. Centro Educacional Villa ... SISTEMA DE ENSINO anglo. leonardocezar.8's profile picture ... | MATERIAL DIDÁTICO 6º AO 9º ANO DO ENSINO ... — impressos desde que o livro impresso seja adquirido no posto de vendas no Colégio Anchieta. ... USBERCO/SALVADOR,. Ciências. 9º. R$ 175,10. R$ 145,50. PROJETO ...
31239666;COLEGIO NACIONAL DO ENSINO MEDIO DE ARAGUARI;Araguari;ENEM 2014 — ATUAL SISTEMA DE ENSINO, SABINOPOLIS, MG, Privada, 80% ou mais, Alto ... COLEGIO NACIONAL DO ENSINO MEDIO DE ARAGUARI, ARAGUARI, MG, Privada, De ... | Alunos Premiados de Escolas Privadas - 19ª OBMEP 2024 — ANGLO SISTEMA DE ENSINO, P, TATUI, SP, Bronze. 15, ALEX BERENSTEIN BARTFELD ... COLEGIO NACIONAL DO ENSINO MEDIO DE ARAGUARI, P, ARAGUARI, MG, Bronze. EDIVALDO ... | ENEM ESCOLA Page 1 SIGLA NO_MUNICIPIO ... — ... SISTEMA DE ENSINO LTDA. Privada. 487,1512195 514,9707317 553,6134146 539 ... COLEGIO NACIONAL DO ENSINO MEDIO DE ARAGUARI. Privada. 572,7970588 574,2852941 ...
33105154;CENTRO EDUCACIONAL DA LAGOA;Rio de Janeiro;falta de acesso a plataforma digital SAS por exigência ... — Como o material didático ... Seja cessada a prática abusiva de vinculação do acesso ao sistema de ensino à compra exclusiva de livros na escola. ... CEL Centro ... | Lucio Sebastião Coelho da Silva — ... Rio de Janeiro e em turmas de Ensino Médio do CEL (Centro Educacional da Lagoa) ... Apostila de Matemática da 3ª Série do Ensino Médio. 2017 ... | Hellen Borges Ferraz Batista — Hellen Borges Ferraz Batista. --. Sistema de Ensino GPI Estácio. Rio de Janeiro, Rio de Janeiro, Brasil. 2 seguidores 2 conexões. Veja suas conexões em comum ...
35102805;SANTA MARCELINA COLEGIO;São Paulo;OBMEP 2019 - Alunos Premiados de Escolas Privadas — LICEU DE ARTES E OFICIOS DE SAO PAULO ESCOLA TECNICA, P, SÃO PAULO, SP, Sim ... COLEGIO KELVIN SISTEMA DE ENSINO CATANDUVA, P, CATANDUVA, SP, Sim. 317, ANDRE ... | Pode esquecer o Halloween! 🦇❌ No dia ... — ... Santa Marcelina COLEGIO SANTA MARCELINA Colégio Elza Campos 135 ... Felipe, em que em consonância com o material didático do sistema PH ... | MEDALHA DE OURO — SISTEMA DE ENSINO EQUIPE LTDA - EPP. PARÁ. Canaã dos Carajás. CAUÊ CASSIANO DOS ... LEONARDO DA VINCI COLEGIO DE ENSINO FUNDAMENTAL E MEDIO SÃO PAULO. Jundiaí.
22164219;ESCOLA POPULAR MADRE MARIA VILLAC;Teresina;"Instituto Dom Barreto on Instagram: ""Um resultado que enche ... — ... Sistema de Ensino COLÉGIO DO BOSQUE MANANCIAIS Poliedro Sistema de Ensino ... ESCOLA POPULAR MADRE MARIA VILLAC 21º LUGAR DO BRASIL MÉDIA ... | O Colégio Propósito (@colegioproposito ) anunciou nessa ... — Muito bom receber vcs aqui! July 1. OCR. COLÉGIO D. PEDRO II SISTEMA DE ENSINO POSITIVO ... 3º Teresina Escola Popular Madre Maria Villac 737,22 | A 11ª Escola inaugurada em Imperatriz é a Frei Manoel ... — MARCOS VILAÇA 91.9 TERESINA FM Leônidas Júnior - vereador de Teresina JORNAL DA TERESINA ... Escola Popular Madre Maria Villac, CEV Jockey ..."
35104620;SANTA CRUZ COLEGIO;São Paulo;"Colégio Progresso on Instagram: ""Cada apostila entregue ... — ... material didático faz parte de um trabalho coletivo, pensado para ... Santa Cruz, Colégio Concórdia, Colégio Aprendendo a Aprender ... | Memórias da EJA do Colégio Santa Cruz — Embaixo “Supletivo. Santa Cruz”, Colégio tal. ... Eu lembro que fiz um trabalho fenomenal com mapas da cidade de São Paulo, que mostrava toda a evolução urbana de ... | Colégio Equipe, Colégio Espírito Santo, ... — ... Santa Cruz, Colégio São Luis e Colégio Vera Cruz. 🗣️ O evento ... São Paulo Para mim, a relevância da O&S pode ser concretizada em um ..."
29149908;COLEGIO STAR;Alagoinhas;"PARCERIA SAS — Endereço. Rua Luiz Viana, 104, Centro. Alagoinhas-Bahia. CEP-48005-420. Ícone branco do Facebook; Ícone branco do Instagram. © 2025 por Colegio Star. bottom of ... | Colégio Star on Instagram: "" Lista de Aprovados ... — 1º LUGAR EM ALAGOINHAS, 18º LUGAR DA BAHIA, ENEM 2025 Vestibulinho Colégio Star ... ✓ Material didático atualizado e focado nas provas. | Exame de Bolsa - Colégio Star Max Inscreva-se agora e ... — 1º LUGAR EM ALAGOINHAS, 18º LUGAR DA BAHIA, ENEM 2025 Vestibulinho Colégio Star ... SISTEMA DE ENSINO SISTEMA DE ENSINO POSITIVO SISTEMA ..."
35116373;COLEGIO AGOSTINIANO SAO JOSE;São José do Rio Preto;Vivendo a experiência no São José — ... São José do Rio Preto (SP), viralizaram nesta semana. A jovem, que ... material didático TRI ENEM, professores experientes Várzea ... | Escola Em São Jose Do Rio Preto Sp — Descubra a Escola em São José do Rio Preto-SP, onde paixões e aprendizado se encontram ... Sistema de Ensino Anglo, qualidade de vida em São José ...
35117195;BRAGA MELLO COLEGIO;Presidente Prudente;Hoje recebemos a foto do nosso ex aluno Guilherme ... — ... Sistema de Ensino Poliedro se orgulham em fazer parte dessa história ... Em Presidente Prudente, o Colégio Sophus entende que ... | Alunos Premiados de Escolas Privadas — ANGLO SISTEMA DE ENSINO, P, TATUI, SP, Sim. CAMILA YUMI OEY, COLEGIO MILLENIUM ... ESQUEMA UNICO EDUCACIONAL DE PRESIDENTE PRUDENTE, P, PRESIDENTE PRUDENTE, SP ... | Classificados NIVEL B — BRAGA MELLO COLEGIO. 9. PRESIDENTE PRUDENTE. SP. Ana Laura Barreto de ... SISTEMA DE ENSINO EQUIPE CRISTAL. 9. BELEM. PA. Carolina Leina Paes Alcantara. 1 ...
31294900;COL DEL REY;Passos;Alunos Premiados de Escolas Privadas - 16ª OBMEP — SISTEMA DE ENSINO FOCO, P, MONTES CLAROS, MG, Sim. FERNANDO DE MORAES FAQUIM ... COL DEL REY, P, PASSOS, MG, Sim. LAURA ARAUJO BULDRINI, COLEGIO LOYOLA, P, BELO ... | ENEM 2014 — ATUAL SISTEMA DE ENSINO, SABINOPOLIS, MG, Privada, 80% ou mais, Alto ... COL DEL REY, PASSOS, MG, Privada, De 60% a 80%, Alto, 577.49, 573.80 ... | Posição no ranking - média objetiva Nome da escola ... — ... SISTEMA DE ENSINO. EQUIPE INTEGRADO. EIRELI - EPP. Belém. PA. 718,8. 895,9. 715,0 ... Passos. MG. 642,1. 730,0. 638,0. 648,0. 593,0. 690,0. 277. FRANCISCANO PIO ...
35468400;CARBONELL COLEGIO;Guarulhos;Posição no ranking - média objetiva Nome da escola ... — ... SISTEMA DE ENSINO. EQUIPE INTEGRADO. EIRELI - EPP. Belém. PA. 718,8. 895,9. 715,0 ... Guarulhos. SP. 676,4. 773,9. 668,0. 655,0. 631,0. 752,0. 61. CEMP ENSINO ... | OBMEP 2019 - Alunos Premiados de Escolas Privadas — ZETA SISTEMA DE ENSINO DE BIRIGUI, P, BIRIGUI, SP, Sim. VITOR SEGALLA DE OLIVEIRA ... CARBONELL COLEGIO, P, GUARULHOS, SP, Sim. CAIO LEAL DE OLIVEIRA MAIDA ... | dbo_TS_ESCOLA — ... GUARULHOS ESCOLA, SP, 1, 1, 0, 1, 0, 0, 0, 1. 320, 2014, 35134314, ADVENTISTA DE ... SISTEMA DE ENSINO, SP, 1, 1, 0, 1, 0, 0, 0, 1. 1273, 2014, 35394142 ...
22129529;CEV COLEGIO UNIDADE JOCKEY;Teresina;"CEV Colégio on Instagram: ""Agora, o CEV Kennedy passa a ... — ... Teresina/PI 737,2 33 +0,9% 3º CEV Colégio Unidade Jockey Teresina/PI ... Conectivo Sistema de Ensino APROVADA APROVADO CONECTIVO ... | objetivo.teresina — ... CEV Colégio Unidade Jockey Teresina/PI 731,8 34 +1,8% 4º Anbeas ... Sistema de Ensino anglo APROVADO EM 6 UNIVERSIDADES! ODONTOLOGIA ... | Nossos alunos marcaram presença no ENEM ON FIRE em ... — ... Teresina! Uma super revisão cheia de energia, foco e aprendizado ... CEV Colégio Unidade Jockey Teresina/PI 731,8 34 +1,8% 4º Anbeas ..."
15011070;COLEGIO DOM AMANDO;Santarém;"Tour pelo Colégio Dom Amando — Localizado em Santarém, oeste do Pará, na Praça Barão de Santarém, 1 ... Loja de uniformes e loja de material didático;. Auditório com ... | Colégio Dom Amando on Instagram: "" 82 anos educando ... — Orgulho de fazer parte dessa história! Gratidão a todos que fazem parte da história do Colégio Dom Amando! Professores, colaboradores, alunos e ... | Alunos Premiados de Escolas Privadas — COLEGIO DOM AMANDO, P, SANTARÉM, PA, ---, Sim. ARTHUR ROBERTO DA SILVA PIRES ... SISTEMA DE ENSINO EQUIPE INTEGRADO EIRELI - EPP, P, BELÉM, PA, ---, Sim. FELIPE ..."
31361496;COLEGIO AUGE;Itabira;"estão abertas as Matrículas 2026 do Colégio Auge ... — Com o sistema de ensino Poliedro, referência nacional em ... Join Colégio Auge Itabira on Instagram. Sign up for Instagram · Sign up ... | Colégio Auge: novo endereço, nova identidade e ... — Instituição alça novos voos na cidade e inova o sistema de aprendizagem em sala de aula ... Nasce um novo Colégio Auge em Itabira. A instituição ... | Colégio Auge Itabira on Instagram: ""No Colégio Auge, cada ... — #ColégioAuge #MatrículasAuge2026 #EducaçãoDeAltaPerformance #Bilíngue #Itabira #AugeDaEducação ... Apresentamos o nosso novo material didático ..."
43121756;ESCOLA DE EDUCACAO BASICA EDUCAR-SE;Santa Cruz do Sul;Matrícula Inicial por etapa e/ou modalidade de ensino - 2014 — 43121756 ESCOLA DE EDUCACAO BASICA EDUCAR-SE. Urbana. 14. 43. 272. 119. 0. 0. 0. 448 ... 43209564 ESC EDUC INF SESI - SANTA CRUZ DO SUL. Urbana. 0. 75. 0. 0. 0. 0. | Escolas sem UEx - Portal Gov.br — SISTEMA DE ENSINO UNIVERSO BARCARENA, PA, BARCARENA, Privada, 1, Não, Não, Não ... ESCOLA DE EDUCACAO BASICA EDUCAR-SE, RS, SANTA CRUZ DO SUL, Privada, 4, Não ... | Alunos Premiados de Escolas Privadas — ESCOLA DE EDUCACAO BASICA EDUCAR-SE, P, SANTA CRUZ DO SUL, RS, Prata. LUCAS VALADARES BOPP, VERTICE COLEGIO UNIDADE II, P, SAO PAULO, SP, Prata. OTAVIO BIAGIONI ...
23334266;FARIAS BRITO PRE VESTIBULAR ALDEOTA;Fortaleza;OURO PRATA — AMADEU GOMES DE BARROS LEAL BISNETO FARIAS BRITO COLEGIO PRE-VESTIBULAR CENTRAL FORTALEZA ... SISTEMA DE ENSINO EQUIPE ANANINDEUA EIRELLI. ANANINDEUA. PA. 27 ... | Alunos Premiados de Escolas Privadas - 16ª OBMEP — FARIAS BRITO PRE VESTIBULAR ALDEOTA, P, FORTALEZA, CE, Sim. 3, ALBERTO DA ROCHA ... FORTALEZA, CE, Sim. YURE SANTOS DE OLIVEIRA, COLEGIO ANTONIO ARARIPE, P, TAUA ... | Busca de escolas, municípios e estados — 60442642 Fortaleza - Ceará. Rede privada / Urbana · ALTERNATIVO SISTEMA DE ENSINO. RUA DOUTOR RIBAMAR LOBO, 363 PAPICU. 60176-145 Fortaleza - CE. Rede privada ...
23025255;CENTRO DE EDUCACAO BASICA E PROFISSIONAL PROFESSOR LUCIANO FEIJAO;Sobral;PREMIAÇÃO QUIMENINAS 2025- SÉRIE 9° ANO — CENTRO DE EDUCACAO BASICA E PROFISSIONAL PROFESSOR LUCIANO FEIJAO. CE. Sobral certificado NATÁLIA MALISKI MOREIRA. COLEGIO POSITIVO MASTER - EDUCACAO INFANTIL ... | Ensino — ... CENTRO DE EDUCACAO BASICA E PROFISSIONAL PROFESSOR LUCIANO FEIJAO. 23025255 CE. Sobral ... SISTEMA DE ENSINO. 35159013 SP. Rio Claro. ANA CLARA ALVES DE OLIVEIRA. | 05/mai/99 03/mai/99 21/set/98 19/dez/99 16/mar/00 14/nov ... — CENTRO DE EDUCACAO BASICA E PROFISSIONAL PROFESSOR LUCIANO FEIJAO. CE. 24/nov ... SISTEMA DE ENSINO EQUIPE. PA. 978 RAFAEL SILVA LEMOS. 50. E E I F M TENENTE ...
33040516;COLEGIO IPIRANGA;Petrópolis;Rua de Lazer do SANFRA! Traga a família, convide os amigos ... — Sacre Coeur des Enfants Sistema de Ensino Anglo Capão Bonito - SP SCE ... COLÉGIO SANTA CATARINA PETRÓPOLIS ENCANTOS JUNINOS! Cuidar, educar e ... | Busca de escolas, municípios e estados — BONSUCESSO SISTEMA DE ENSINO CESTEC. UNIAO E INDUSTRIA, 7046 - 2 PAVIMENTO ... COLEGIO IPIRANGA. DA IMPERATRIZ, 296. CENTRO. 25610320 Petrópolis - Rio de ... | CNEC Educação - ENEM — Colegio Ipiranga, Privada, Petrópolis, RJ, 27, 633,59, 619,04, 655,66, 814,72, 879,26 ... Sistema de Ensino CNEC. CNEC Digital CNEC On Line Alexandria CNEC ...
50031163;COLEGIO CLASSE A;Campo Grande;Colégio Classe A | Educação de Qualidade — Material didático exclusivo. Saiba mais. Ensino Fundamental I no Colégio ... Segunda a Sexta: 7h às 18h Sábado: 8h às 12h. Colégio Classe A. Campo Grande - MS. | Colégio Classe A e Sistema de Ensino Poliedro, compromisso ... — Colégio Classe A e Sistema de Ensino Poliedro, compromisso com ... sistema de ensino, tecnologia, material didático. A gente está muito ... | Quem sonha grande escolhe um colégio que entrega ... — SISTEMA DE ENSINO anglo Saia do básico ... COLÉGIO Classe A 1º LUGAR EM CAMPO GRANDE ENEM 2025 EXCELÊNCIA QUE TRANSFORMA RESULTADOS!
27035000;COLEGIO SANTA MADALENA SOFIA;Maceió;"Bernoulli Sistema de Ensino - Maceió — Completando 52 anos de existência em Maceió, neste ano de 2018, o Colégio ... Sistema de Ensino. Na teoria e na prática, o sistema mais eficiente. O ... | Colégio Santa Madalena Sofia on Instagram: ""O Santa ... — ... Colégio Santa Madalena Sofia ocupa a 3ª posição em Maceió e em todo o estado de Alagoas. Mais do que números, eles refletem a dedicação dos ... | Colégio Santa Madalena Sofia (@santamadalenasofia) — ... Maceió, celebrando os 60 anos do Colégio Santa Madalena Sofia. A instituição ... Além das aulas e estrutura completas, o estudante recebe material didático, ..."
35153163;PENTAGONO COLEGIO UNIDADE ALPHAVILLE;Santana de Parnaíba;Ensino — ... SISTEMA DE ENSINO. 35159013 SP. Rio Claro. ANA CLARA ALVES DE OLIVEIRA. 3º ano ... PENTAGONO COLEGIO UNIDADE ALPHAVILLE. 35153163 SP. Santana de Parnaíba. | Lista de Alunos por Escola e Série | PDF | São Paulo | Brasil — ... SISTEMA DE ENSINO 3ª série ou superior ... Marília Valentina Dos Santos Cruz Santana de Parnaíba PENTAGONO COLEGIO UNIDADE ALPHAVILLE 3ª série ou superior | RESULTADO DA XV OLIMPÍADA BRASILEIRA DE ... — SISTEMA DE ENSINO EQUIPE INTEGRADO EIRELI - EPP. BÁRBARA PINHEIRO PUGET CRUZ ... SP SANTANA DE PARNAÍBA. OBJETIVO COLEGIO UNIDADE ALPHAVILLE. ALICE VALERI ...
29437261;COLEGIO ACESSO;Feira de Santana;Matrículas Abertas na Coperil! Venha fazer parte da nossa ... — ... Material didático de excelência Ligue e agende sua visita! 71 98795 ... Colegio Acesso – Feira de Santana – Ponto Central – Nota: 715,13 | Alerta São Gonçalo | 🎓 Colégio e Curso Brasil – 37 anos de ... — CONEXÃO SISTEMA DE ENSINO MATRÍCULAS ABERTAS 2º SEMESTRE ENSINO ... Colegio Acesso – Feira de Santana – Ponto Central – Nota: 715,13 | Alunos Premiados de Escolas Privadas — COLEGIO ACESSO, P, FEIRA DE SANTANA, BA, Bronze. JOAO LUCAS LEO DO CARMO PINTO ... SISTEMA DE ENSINO UNO VERTICE, P, DIVINOPOLIS, MG, Bronze. HEITOR SOARES DE ...
31260908;COL IMPULSO;Sete Lagoas;OBMEP 2019 - Alunos Premiados de Escolas Privadas — SISTEMA DE ENSINO ERIDA DURAES, P, BELO HORIZONTE, MG, ---, Sim. BRUNA CABBAVAN ... COL IMPULSO, P, SETE LAGOAS, MG, ---, Sim. JOAO PEDRO SANTANA BASTOS DA SILVA ... | Posição no ranking - média objetiva Nome da escola ... — ... COL IMPULSO. Sete Lagoas. MG. 655,8. 858,6. 665,0. 635,0. 619,0. 704,0. 154 CED SIGMA ... SISTEMA DE ENSINO. EQUIPE. Belém. PA. 630,1. 816,5. 651,0. 613,0. 587,0. | Reel by Márcio Rodrigues (@marciocleitonn) · June 27, 2026 — ... COL. IMPULSO LC CH 235 2 CN MT 628,15 COL. ELITE MASTER 660,79 392 ... SETE LAGOAS 601,11 13 591,58 COL. TRADENTES PMMC 565,44 632,97 ...
31074454;COLEGIO STELLA MATUTINA;Juiz de Fora;"Há 123 anos, o Colégio Stella Matutina forma gerações em ... — Photo by Colégio Stella Matutina | Juiz de Fora MG on July 01, 2026. ... Professores Qualificados e Sistema de Ensino FTD Educação. Mundo ... | o Colégio ""Stella Matutina"". A instituição funcionou ... — ... sistema de ensino brasileiro. A realização do curso e do ... Colégio Stella Matutina, no Centro de Juiz de Fora. As inscrições ... | Colégio Stella Maris on Instagram: ""No Colégio Stella Maris ... — Photo by Colégio Stella Matutina | Juiz de ..."
15152120;ESCOLA DE EDUCACAO BASICA CENTRO EDUCACIONAL ANCHIETA;Itaituba;Escola De Educacao Basica Centro Educacional Anchieta — Garanta sua bolsa de estudos em Escola De Educacao Basica Centro Educacional Anchieta, Itaituba - PA ... Sistema de ensino. MAXI (Somos). O sistema de ... | Alunos Premiados de Escolas Privadas — SISTEMA DE ENSINO EQUIPE CRISTAL, P, BELEM, PA, Sim. 3, JULIANA GONÇALVES MARTINS ... ESCOLA DE EDUCACAO BASICA CENTRO EDUCACIONAL ANCHIETA, P, ITAITUBA, PA, Sim. | ENEM ESCOLA Page 1 SIGLA NO_MUNICIPIO ... — ... SISTEMA DE ENSINO LTDA. Privada. 487,1512195 514,9707317 553,6134146 539 ... ITAITUBA. E E E M PROFA MARIA DO SOCORRO JACOB. Estadual. 423,6322917. 434,73125.
13031767;FUNDACAO MATIAS MACHLINE;Manaus;Fundação Matias Machline implanta sistema de aulas ... — ... material didático, atendimento ... Feira de Tecnologia e Inovação da Fundação Matias Machline ocorre nos dias 27 e 28 de junho em Manaus ... | Fundação Matias Machline (@FMatiasMachline) - Mentions — Fundação Matias Machline, Manaus ... O programa foi desenvolvido pelo ICBEU Manaus, com metodologia, material didático e equipe de profissionais altamente ... | Convênio com a Fundação Matias Machline garante ... — Convênio com a Fundação Matias Machline garante formação técnica a estudantes da rede pública no Amazonas ... Material Didático. On Demand.
35188712;VEM SER COLEGIO;São José do Rio Preto;✅ Excelência em Ensino, Compromisso com o Futuro! O ... — ... São José do Rio Preto, com um modelo de ensino inovador, humano e ... sistema de ensino Poliedro, referência em todo Brasil por ... | Novidades no Colégio Catarinense! Com muita alegria ... — Vem ser colégio Nossa Senhora das Graças! Colégio aberto durante ... * Material didático próprio * Professores fluentes em Inglês | Colégio Vem Ser | Bolsas de Estudo em São José do Rio ... — ... material didático que proporcione dinamismo e efetivação das práticas no processo educativo. ... Sistema de ensino. Poliedro. O sistema de ensino compreende ...
24057002;COLGIO CONTEMPORANEO;Natal;"amais educação on Instagram: ""Satisfação é a palavra que ... — ... Colégio Contemporâneo| Natal/RN RN . . evoluindo e de fato dominando ... POV: quando a parceira explica o material didático da Amplia tão bem que ... | O Colégio Contato mais uma vez é destaque nacional no ... — Photo by Colégio Contemporâneo on July 21, 2026. May be an image ... Sistema de Ensino Poliedro, um importante momento de atualização ... | amais educação on Instagram: ""O aplus vem transformando a ... — ... Colégio Contemporâneo| Natal/RN RN . do que o aluno consegue ... POV: quando a parceira explica o material didático da Amplia tão bem que parece ..."
31062201;COLEGIO SAO JOSE;Pouso Alegre;Colégio São José | Bolsas de Estudo em Pouso Alegre - MG — Garanta sua bolsa de estudos em Colégio São José, Pouso Alegre - MG ... Sistema de ensino. Etapa. O sistema de ensino compreende o conjunto de métodos ... | Colégio São José completa 115 anos — Em 1949, ano de seu cinquentenário, o Colégio São José foi confiado pelo bispo de Pouso Alegre, Dom Octavio Chagas de Miranda, aos cuidados dos ... | Alunos Premiados de Escolas Privadas — SISTEMA DE ENSINO UNO VERTICE, P, DIVINOPOLIS, MG, Bronze. HEITOR SOARES DE ... COLEGIO SAO JOSE SION IPIRANGA, P, SAO PAULO, SP, Bronze. BRUNO EMANUEL PEREIRA ...
27037380;COLEGIO DINAMICO;Maceió;modalidade a – 9ª série do ensino fundamental ouro — NOME DO ALUNO. INSTITUIÇÃO DE ENSINO. CIDADE. ANDREY LEITE VILEL. COLEGIO INTENSIVO SISTEMA DE ENSINO LTDA. MACEIÓ. LARA BEATRIZ SOBRAL DA SILVA TRAJANO. | Taxa de Distorção Idade/Série - Maceió — COLEGIO DINAMICO JUNIOR. 3,3%. COLEGIO DIOGO MARCOS. 4,5%. COLEGIO DO SAGRADO ... COLEGIO INTENSIVO SISTEMA DE ENSINO LTDA. 0,4%. COLEGIO INTERATIVO. 6,3 ... | Mais uma vez, os alunos do Colégio Pódion se destacam ... — O Colégio Dinâmico conquistou o 1º lugar no ranking municipal do ... Poliedro Sistema de Ensino. 1º lugar em Timon e entre as 15 ...
24091260;COLEGIO SIMPLES;Mossoró;"Colégio Núcleo on Instagram: ""MAIS UMA VEZ, SOMOS ... — COLÉGIO Omega SISTEMA DE ENSINO Anglo Hoje celebramos uma ... O Colégio Simples, de Mossoró-RN, aparece entre os dez melhores no ... | O @colegiosimples no topo! 1º lugar em Mossoró ... — O Colégio Simples, de Mossoró-RN, aparece entre os dez melhores no ... material didático, que dão suporte necessário para que o aluno ... | Colégio Diocesano Santa Luzia on Instagram: ""O Colégio ... — ... Mossoró. Esse resultado reflete o compromisso de uma equipe ... O Colégio Simples aparece pela primeira vez entre os destaques da ..."
31314749;COLEGIO ALUMNUS;Belo Horizonte;No dia 12 de setembro, tivemos uma manhã cheia ... — ... Sistema de Ensino. ... Os microdados do ENEM 2025 foram divulgados e consolidaram o Colégio Alumnus no topo da educação de Belo Horizonte! | Colégio São José - Escolápias — Com plataforma e material didático do Bernoulli Sistema de Ensino ... Belo Horizonte, Minas Gerais. Type: Partnership ... Colégio Alumnus. Primary and ... | 15 estudantes do Bernoulli foram aprovados para a fase 2 ... — O Sistema de Ensino ... Os microdados do ENEM 2025 foram divulgados e consolidaram o Colégio Alumnus no topo da educação de Belo Horizonte!
27235009;COLEGIO DE EDUCACAO BASICA SANTA AFRA;Arapiraca;Alunos Premiados de Escolas Privadas — SISTEMA DE ENSINO UNO VERTICE, P, DIVINOPOLIS, MG, Bronze. HEITOR SOARES DE ... COLEGIO DE EDUCACAO BASICA SANTA AFRA, P, ARAPIRACA, AL, Bronze. BRUNO CAMARA ... | 2018 — Colegio de Educacao Basica Santa Afra, Privada, Arapiraca, AL, 35, 525,27, 610,74 ... Sistema de Ensino CNEC. CNEC Digital CNEC On Line Alexandria CNEC Provas ... | Enem 2025: conheça as 15 escolas com as maiores notas ... — Colegio de Educacao Basica Santa Afra - Arapiraca - São Luiz - Nota: 648.71 ... Farina Sistema de Ensino - Cuiabá - Areão - Nota: 668.92.
42091403;COLEGIO BOM JESUS DIVINA PROVIDENCIA;Jaraguá do Sul;Seja - Visite o ranking das escolas no ENEM 2017 ... — ... JARAGUÁ DO SUL – COLEGIO BOM JESUS DIVINA PROVIDENCIA SÃO PAULO ... SISTEMA DE ENSINO EQUIPE INTEGRADO EIRELI – EPP PARAÍBA Pública ... | Ensino — ... SISTEMA DE ENSINO. 35159013 SP. Rio Claro. ANA CLARA ALVES DE OLIVEIRA. 3º ano ... COLEGIO BOM JESUS DIVINA PROVIDENCIA. 42091403 SC. Jaraguá do Sul. ANDRÉ ... | RESULTADO DA XV OLIMPÍADA BRASILEIRA DE ... — SC JARAGUÁ DO SUL. COLEGIO BOM JESUS DIVINA PROVIDENCIA. OURO. RACHEL PINHEIRO ... SISTEMA DE ENSINO EQUIPE INTEGRADO EIRELI - EPP. PRATA. ANA BEATRIZ ...
25133454;CENTRO DE EDUCACAO MDW;João Pessoa;"Chegou a sua chance de viver o New Way em 2026! ✨ No ... — ... João Pessoa, no New Way (Av. Senador Ruy Carneiro, 405). Bolsas de ... Material didático próprio e atualizado, Reforço escolar no ... | Colégio New Way João Pessoa on Instagram: ""Hoje foi dia de ... — Bolsa de estudos 100% para todo o ensino médio, material didático módulo do Fibonacci sistema de ensino... English Transcript. I'm Guilherme ... | Campina Grande, um novo capítulo da sua história está ... — ... Sistema de Ensino anglo APROVADO EM 6 UNIVERSIDADES! ODONTOLOGIA ... Material didático 100% digital Mensalidade ZERO INÍCIO DAS AULAS ..."
31074411;COLEGIO DOS SANTOS ANJOS;Juiz de Fora;Além Paraíba | Colégio Santos Anjos | — O Colégio dos Santos Anjos, através da direção, de sua equipe pedagógica e ... Juiz de Fora. Minas Gerais. left. Rio de Janeiro. Rio de ... | As matrículas e rematrículas já estão abertas! Garanta a vaga ... — iônica trilhas Um sistema de ensino FTD. saojosecolegio's ... Join Colégio dos Santos Anjos Juiz de Fora on Instagram. Sign up for ... | Simulado da FTD, um momento importante para colocar ... — Colégio dos Santos Anjos Unidade Juiz de Fora | MG 80 Santos Anjos ... Trilhas um sistema de ensino FTD SIMULADO 2026 ANOS INICIAIS 3o ...
35108145;MATER AMABILIS COLEGIO;Guarulhos;OBMEP 2019 - Alunos Premiados de Escolas Privadas — MATER AMABILIS COLEGIO, P, GUARULHOS, SP, Sim. PEDRO HENRIQUE A C DACCACHE, LICEU ... COLEGIO KELVIN SISTEMA DE ENSINO CATANDUVA, P, CATANDUVA, SP, Sim. 317 ... | Experiência ruim com o Colégio Mater Amabilis — ... material didático, passeios etc.). Assim, passamos a ter que ... Há Colégios em Guarulhos que dispensam tratamento mais humano e ... | Giovanna Argento - Professora de Matemática e Química — ... Mater Amabilis, Colégio Lazi e Colégio Agostiniano São José onde desenvolvi ... Guarulhos · Formação acadêmica: Universidade Presbiteriana Mackenzie ...
53013875;COL SERIOS;Brasília;Posição no ranking - média objetiva Nome da escola ... — ... SISTEMA DE ENSINO. EQUIPE INTEGRADO. EIRELI - EPP. Belém. PA. 718,8. 895,9. 715,0 ... Brasília. DF. 693,5. 814,8. 676,0. 676,0. 647,0. 775,0. 26. COLEGIO SANTO. | Alunos Premiados de Escolas Privadas - 16ª OBMEP — Material Didático. Provas e Soluções · Banco de Questões · Apostilas do PIC ... COL SERIOS, P, BRASILIA, DF, ---, Sim. MANUELA CALDERARI DA S. E PALOS, COL OLIMPO ... | Lista de Escolas por Estado e Cidade | PDF | Rio de Janeiro — COL SERIOS 46 Brasília DF STOCKLER COLEGIO 69 São Paulo SP ESCOLA DA VILA ... SISTEMA DE ENSINO FUNDAMENATAL MEDIO E SUPERIOR LTDA-CD 57 João Pessoa PB
15528715;SOC DE EDUC INTEG HUMANA DO BRASIL;Santarém;"OBMEP 2019 - Alunos Premiados de Escolas Privadas — SOC DE EDUC INTEG HUMANA DO BRASIL, P, SANTARÉM, PA, Sim. RAFAEL BENTES DE SALES ... SISTEMA DE ENSINO EQUIPE INTEGRADO EIRELI - EPP, P, BELÉM, PA, Sim. 15, IGOR ... | Ranking ENEM Escolas por Estado | Melhores Colégios do ... — 8, Soc de Educ Integ Humana Do Brasil, Santarém, Privada, 611.9 ; 9, Col Sta Catarina de Sena, Belém, Privada, 603.6 ... | Enem 2025: conheça as 15 escolas com as maiores notas ... — Soc de Educ Integ Humana do Brasil - 662,47 - Santarém (Pará) - Particular - 120%; Colégio Sta Catarina de Sena - 662,43 - Belém (Pará) ..."
26053837;COLEGIO DIOCESANO DE CARUARU;Caruaru;"Colégio Diocesano de Caruaru on Instagram: ""Hoje é o Dia ... — ... CARUARU TEM ASSINATURA ESPAÇO MAKER RUMO AO 100 CENTENÁRIO COLÉGIO DIOCESANO DE CARUARU ... O evento de apresentação do sistema de ensino ... | Diocesano: 90 anos de tradição e inovação à frente de seu ... — ... material didático utilizado pelo Diocesano, o Sistema Ari de Sá (SAS). ... É por essas razões que o Colégio Diocesano de Caruaru é conhecido ... | Colégio Diocesano de Caruaru on Instagram: ""Mais uma vez ... — CONEXÃO CARUARU COLÉGIO DIOCESANO Colégio Diocesano de Caruaru está ... Por meio do Sistema de Ensino Fibonacci, nossos alunos contam com material ..."
43139558;INSTITUTO RIO BRANCO;São Leopoldo;"Novidade no Colégio Rio Branco! Chegou a Unidade II ... — O Instituto Rio Branco é feito de gente — e gente é história viva! ... O aprendizado que transforma vai muito além das páginas de uma apostila. | Mais um orgulho para o Colégio Rio Branco! 🎓👏 Nosso ... — O Sistema de Ensino Bernoulli, parceiro do Évore Educacional, é a ... Instituto Rio Branco: onde deixei um pedaço de mim e levei tantos outros. | Colégio Koelle on Instagram: ""O professor Eduardo Sampaio ... — ... sistema de ensino comparado a outras escolas está excelente, falo ... Instituto Rio Branco tem o uniforme, calça azul, camisa branca, a ..."
31352195;COLEGIO GABARITO;Uberlândia;Sistema de Ensino Gabarito anuncia expansão — O projeto de expansão do Gabarito tem como objetivo levar um modelo de escola, que já foi consagrado pelo seu Sistema de Ensino, para todos os ... | Vamos nessa que hoje tem palestra e workshop aqui no ... — ... Colégio Gabarito em Uberlândia!!! ✨️ #FormaçãoDocente ... Sistema de Ensino COLÉGIO G GALILEU PALESTRA PARA AS FAMÍLIAS E ESTUDANTES ... | Gestora Pedagógica | Colégio Gabarito | Uberlândia, MG — Poliana Custódio Diniz | Gestora Pedagógica | Colégio Gabarito | Uberlândia, MG ... Sistema de Ensino que mais cresce no país. A evolução do SAE Digital é ...
35154775;ESCOLA VILLARE;São Caetano do Sul;SchoolAdvisor | Informações sobre Escolas | Uma escola que ... — Essa é a Escola Villare, que viemos visitar em São Caetano do Sul, SP. ... Sistema de Ensino Colégio Sapucaia Bilingual Program Do começo à ... | ENSINO FUNDAMENTAL - ANOS INICIAIS - Bem-vindos à ... — ... Escola Villare. Temos o objetivo de oferecer níveis ainda mais altos de ... Paula – São Caetano do Sul / SP Telefone: (11) 4223-4020. Fundamental Anos ... | “Existem rios em São Caetano do Sul?” Para responder ... — INVESTIGANDO OS RIOS DE SÃO CAETANO DO SUL ESCOLA VILLARE VILLARE Gooden ESCOLA VILLARE GLOBAL EDUCATION ... CONQUISTA SOLUÇÃO EDUCACIONAL.
13031457;CENTRO DE ENSINO ALPHA DELTA;Manaus;"Photo by Centro de Ensino Alpha Delta on April 14, 2026. — Manaus é uma cidade com um ecossistema educacional vibrante, e ... O Sistema de Ensino Authêntico convida você e sua família para uma ... | Escolas Nilton Lins on Instagram: ""Aqui, aprender vai muito ... — O Sistema de Ensino Authêntico convida você ... ESPORTES COM JESUS ESCOLA EM TEMPO INTEGRAL Manaus Prefeitura de Manaus #ESPORTES COM JESUS. | Colégio Equipe | O Equipe é um espaço onde os alunos se ... — No Sistema de Ensino IMPETUS, acreditamos que educação vai muito além de conteúdos. ... #educação #formação #Áureo #CMM #Manaus #futuro # ..."
31145734;COLEGIO FRANCISCANO REGINA PACIS;Sete Lagoas;Ensino Médio — Os jovens do Ensino Médio do Colégio Franciscano Regina Pacis têm, no currículo, aula de Projeto de Vida com material didático do Bernoulli Sistema de Ensino. | Colégio Franciscano Regina Pacis: 94 anos de tradição, fé ... — O Colégio Franciscano Regina Pacis é parte essencial da história educacional de Sete Lagoas. ... sistema de ensino Bernoulli, com jornada integral e ... | No dia 20 de abril, o Colégio Franciscano Regina Pacis ... — ... Sistema de Ensino lideraram debates cruciais sobre o papel ... Sete Lagoas, MG COLÉGIO FRANCISCANO REGINA PACIS REDE CLARISSAS FRANCISCANAS ...
35136931;AGOSTINIANO MENDEL COLEGIO;São Paulo;Alunos Premiados de Escolas Privadas - 16ª OBMEP — AGOSTINIANO MENDEL COLEGIO, P, SÃO PAULO, SP, Sim. SOFIA CLARA IUNES, STOCCO ... ZETA SISTEMA DE ENSINO DE BIRIGUI, P, BIRIGUI, SP, Sim. MARIA EDUARDA BATISTA SÁ ... | MEDALHA DE OURO — SISTEMA DE ENSINO EQUIPE LTDA - EPP. PARÁ. Canaã dos Carajás. CAUÊ CASSIANO DOS ... LEONARDO DA VINCI COLEGIO DE ENSINO FUNDAMENTAL E MEDIO SÃO PAULO. Jundiaí. | Aprovadas - 9º Ano - Fundamental | PDF — Maristela Keika Kimura Hashebe Agostiniano Mendel Colegio São Paulo SP ... Apostila - Teoria Dos Números - 04 PDF. 121 pages. Perfis de Candidatos nas ...
29094046;ESCOLA CASTRO ALVES SC LTDA;Feira de Santana;PREMIAÇÃO QUIMENINAS 2025- SÉRIE 2° ANO — COLEGIO INTENSIVO SISTEMA DE ENSINO LTDA. AL. Maceió ouro. Ana Alexandra ... ESCOLA CASTRO ALVES SC LTDA. BA. Feira de Santana prata. ANA LUIZA MOURA DA ... | ENEM ESCOLA SIGLA NO_MUNICIPIO NO_ENTIDADE ... — ... SISTEMA DE ENSINO LTDA. Privada. 487,1512195 514,9707317 553,6134146 ... FEIRA DE SANTANA. CENTRO DE ASSISTENCIA SOCIAL DA ORDEM DOS ... | Menção Honrosa 9º Ano Fundamental | PDF | São Paulo — CLARA MENEZES DE SOUZA E SOUZA ESCOLA CASTRO ALVES SC LTDA BAHIA FEIRA DE SANTANA ... MAÍRA KEMIL SISTEMA DE ENSINO EQUIPE PARÁ BELÉM LETHÍCIA DAS NEVES ...
43108423;COLEGIO PROVINCIA DE SAO PEDRO;Porto Alegre;Matrícula Inicial por etapa e/ou modalidade de ensino - 2014 — PORTO ALEGRE. 43108377 COL LUTERANO SAO PAULO. Urbana. 0. 31. 292. 44. 0. 0. 0. 367. 1. PORTO ALEGRE. 43108423 COLEGIO PROVINCIA DE SAO PEDRO. Urbana. 0. 245. | Alunos Premiados de Escolas Privadas — COLEGIO PROVINCIA DE SAO PEDRO, P, PORTO ALEGRE, RS, Prata. PIETRO GIUDICI DE A ... SISTEMA DE ENSINO FOCO, P, MONTES CLAROS, MG, Prata. HELENA GUACHALLA DE ... | Plan1 — FARINA SISTEMA DE ENSINO, 8, 8. 851, 2016, 51, Cuiabá, 51093057, SEI - SISTEMA DE ... COLEGIO PROVINCIA DE SAO PEDRO, 5, 5. 2390, 2016, 51, Querência, 51066912 ...
35132007;ANTARES COLEGIO;Americana;Mais um grande resultado do Colégio Antares! Confira o vídeo. — ... ANTARES COLEGIO 549,1 Minha Posição Clique para ver na tabela ... MATERIAL DIDÁTICO AMPLIA ONDE O ALUNO VAI PODER ESCOLHER A SUA ÁREA ... | Colégio Antares :: Oficial :: | Um ciclo cheio de aprendizados e ... — ... MATERIAL DIDÁTICO AMPLIA ONDE O ALUNO VAI PODER ESCOLHER A SUA ÁREA ... There's going to be a holiday course at Colégio Antares. Colégio Antares ... | Confira a lista de aprovados 2026 do Colégio Antares ... — ... Material Didático FTD 50% Descontos ... Fatec Americana Ministro Ralph Biasi Olá sou o professor Fernando Rinaldi 40 anos Fatec Americana ...
31349720;FIBONACCI COLEGIO;Ipatinga;Fibonacci Educação — Material Didático Intensivo 2025 ... Fibonacci Colégio Ltda - CNPJ: 07.543.413/0001-61. Av. Kiyoshi Tsunawaki 218, - Cariru - Ipatinga / MG - CEP: 35160-157. | Sobre a empresa — Utilizamos um material didático próprio, desenvolvido para atender às ... O Sistema de Ensino Fibonacci, em parceria com a SOMOS Educação, é um dos ... | Vagas de Emprego na FIBONACCI COLEGIO LTDA — Com a média de 691,16 pontos, o colégio de Ipatinga foi o 8º melhor de todo o país. FIBONACCI SISTEMA DE ENSINO. A história de sucesso da educação oferecida ...
35113256;DIVINA PROVIDENCIA ESCOLA;Jundiaí;Divina Providencia Escola | Bolsas de Estudo em Jundiaí — Garanta sua bolsa de estudos em Divina Providencia Escola, Jundiaí - SP ... Sistema de ensino. Bernoulli. O sistema de ensino compreende o conjunto de ... | MANUAL DE USO - Uniforme Escolar — Amélia Latorre, 144 · Jardim Guanabara · Jundiaí/SP. Fone: (11) 2449-5529 ... +/Escola Divina Providencia @Escola DivinaJundiai. BAYA. CREATIVE LEARNING. | Alunos Premiados de Escolas Privadas - 16ª OBMEP — ANGLO SISTEMA DE ENSINO, P, TATUI, SP, ---, Sim. IAN MAZZUCATTO PUCINELI ... DIVINA PROVIDENCIA ESCOLA, P, JUNDIAI, SP, ---, Sim. MANUELA DE MESQUITA BRUNO ...
33176760;CENTRO EDUCACIONAL DA LAGOA;Rio de Janeiro;falta de acesso a plataforma digital SAS por exigência ... — Como o material didático ... Seja cessada a prática abusiva de vinculação do acesso ao sistema de ensino à compra exclusiva de livros na escola. ... CEL Centro ... | Lucio Sebastião Coelho da Silva — ... Rio de Janeiro e em turmas de Ensino Médio do CEL (Centro Educacional da Lagoa) ... Apostila de Matemática da 3ª Série do Ensino Médio. 2017 ... | 2024 INFORMATIVO — O Centro Educacional da Lagoa - CEL tem uma equipe de gestores e de ... Estado do Rio de Janeiro. A renovação da matrícula só é efetivada, não havendo ...
52053121;COLEGIO DINAMICO;Jataí;"Há 30 anos, o Colégio Dinâmico escolheu fazer educação ... — ENEM 2025 AZ É 1º LUGAR EM JATAÍ/GO Colégio DINÂMICO JATAÍ AZ ... Sistema de Ensino oficina das Finanças na escola DO DIAMANTINENSE PARA A VIDA ... | Colégio Dinâmico on Instagram: ""O futuro do seu filho começa ... — Photo by Colégio Dinâmico - Jataí on June 23, 2026. May be an image ... SISTEMA DE ENSINO anglo Atendimento 89 99457.7242 Praça da ... | Colégio Dinâmico - Descontos, Preço das Mensalidades e ... — Colégio Dinâmico. 5.0Ver avaliações. Conheça informações completas sobre o Colégio Dinâmico, localizada na. Rua Vista Alegre, 261 - Setor Planalto, Jataí - GO ..."
33116784;COLEGIO IGLESIAS;Rio de Janeiro;Que conquista maravilhosa!  Parabéns, João Vitor ... — VALADARES E TEÓFILO OTONI GENOMA SISTEMA DE ENSINO 1° LUGAR NO ENEM CARATINGA, GOV. ... RIO DE JANEIRO, 8º LUGAR NO ESTADO DO RIO DE JANEIRO. Rank ... | Se você é aluno do 9° ano do Ensino Fundamental ... — Rio de Janeiro, esta é a sua chance de concorrer a uma bolsa ... material didático, reforço escolar online, mentoria e uma rede de ... | 10 anos transformando sonhos em conquistas. Aqui, cada ... — COLÉGIO IGLESIAS ENEM 2025 2º LUGAR MELHOR ESCOLA DA ILHA DO GOVERNADOR 16º NA CIDADE DO RIO DE JANEIRO ... Sistema de Ensino Anglo ...
33139881;COLEGIO ATLANTICO MACAE;Macaé;Colégio Atlântico Macaé — O Bernoulli Sistema de Ensino desenvolve soluções educacionais que facilitam ... Camboriú, 257 - Praia do Pecado, Macaé - RJ, 27920-110 · Av. Atlântica ... | Colegio Atlântico - Praia Do Pecado — Camboriú, 257 - Praia do Pecado, Macaé - RJ. (22) 2141-2029 ... Quem viu, viu estas bolsas também. Logo - Sistema De Ensino Fontes De Carvalho – Unidade I ... | Resultados — Sistema de Ensino Bernoulli. O Bernoulli Sistema de Ensino desenvolve soluções educacionais que facilitam a vida da escola e geram resultados de verdade.
52104532;COLEGIO FAMILIA DE NAZARE;Goiânia;"Um projeto pedagógico fundado sobre um alicerce sólido. O ... — ... Colégio Família de Nazaré um da arquidiocese de Goiânia que foi ... material didático, a quantidade de aulas que ele vai ter, carga horária. | O Colégio Família de Nazaré prepara para as provas e para a ... — ... Sistema de Ensino POSITIVO / PES English ... Join Colégio Arquidiocesano Família de Nazaré - Goiânia GO on Instagram. | Colegio Familia De Nazare - Descontos, Preço das ... — ""O colégio Família de Nazaré é, sem dúvida, um dos melhores colégios de Goiânia. ... sistema de ensino e do colégio). Sou muito grato por fazer parte dessa ..."
52020320;COLEGIO COUTO MAGALHAES;Anápolis;REGIMENTO-ESCOLAR-Couto-Anápolis- ... — 6º - O Colégio Couto Magalhães de Anápolis ministra Educação Infantil, Ensino ... material didático e pela conservação dos bens de laboratórios, biblioteca ... | Lista de Material - 2020 6º ano – Ensino Fundamental II — Colégio Couto Magalhães – Anápolis GO. Av. Universitária Km 3,5 - 33106634 ... Material Didático – Sistema Mackenzie de Ensino – Adquirido no estande específico ... | Matricule seu filho no Colégio Couto Magalhães e garanta ... — O material didático de ponta garante um processo de ensino-aprendizagem com a qualidade que os pais procuram. O uso de tecnologias assegura ...
35140338;MAGNO COLEGIO;São Paulo;Alunos Premiados de Escolas Privadas — RIO CLARO SISTEMA DE ENSINO, P, RIO CLARO, SP, Sim. ANDRE HENRIQUE ALMEIDA GIANETTI DE SOUZA, ARQUIDIOCESANO DE SAO PAULO COLEGIO MARISTA ... MAGNO COLEGIO, P ... | Em um mundo cheio de incertezas, o Colégio Cppem surge ... — Carlos Magno COLÉGIO CPPEM BEAR CAMPUS TEAM. colegiocppem's ... 9º ano EF II COLÉGIO PARADIGMA | COC Sistema de Ensino O poder da ... | Escolas em Campo Grande na cidade de São Paulo — Logo - magno colegio. Magno Colegio. 4.9(1). Vila Campo Grande - São Paulo - SP ... Material Didático Incluso. Infantil em alta! Vagas 2026. Vagas 2026. R ...
21290229;RF ENSINO MEDIO LTDA;São Luís;Regras do Sorteio do Material Didático • Quem pode ... — Regras do Sorteio do Material Didático • Quem pode participar ... Rf Ensino Medio Ltda – São Luís – Calhau – Nota: 686.40. Colegio ... | Reel by CETI Inês Rocha (@ceti.inesrocha) · June 23, 2026 — COLÉGIO Omega SISTEMA DE ENSINO Anglo Hoje celebramos uma conquista ... Rf Ensino Medio Ltda – São Luís – Calhau – Nota: 686.40. Colegio ... | ORGULHO MARISTA! O destaque na redação do ENEM ... — Rf Ensino Medio Ltda – São Luís – Calhau – Nota: 686.40. Colegio ... COLÉGIO Omega SISTEMA DE ENSINO Anglo Hoje celebramos uma conquista ...
35113335;NOSSA SENHORA AUXILIADORA INSTITUTO;Araras;"Araras/SP pela conquista do 1º lugar no ENEM da região e ... — 473º NO RANKING NACIONAL NOSSA SENHORA AUXILIADORA INSTITUTO FONTE ... + Qual é o melhor material didático/ sistema de ensino? . Qual ... | Colégio Integrado on Instagram: ""Você sabia? O sistema de ... — Sas. OCR. + Qual é o melhor material didático/ sistema de ensino? . ... O INSA ARARAS/SP É 1º LUGAR NO ENEM DA REGIÃO! Esse resultado é ... | Alunos Premiados de Escolas Privadas — NOSSA SENHORA AUXILIADORA INSTITUTO, P, CRUZEIRO, SP, Sim. CATARINA NAKAZATO ... ANGLO SISTEMA DE ENSINO, P, TATUI, SP, Sim. BENICIO ROSA CAMEJO, PITANGUEIRAS ..."
26033909;PLENUS COLEGIO E CURSO;Petrolina;MANUAL DO FERA 3º ANO ENSINO MÉDIO.cdr — esse motivo, o PLENUS Colégio e Curso - Petrolina adota os seguintes ... não traga o material didático da disciplina (livro, apostila, etc...) terá um ... | O Colégio Pontual se orgulha imensamente de ver os ... — ... Sistema de Ensino 73. 3215 0055 www.colegioieprol.com.br ... Plenus Colegio e Curso, GGE Vestibulares, Colegio Militar do Recife ... | GUIA-DO-ALUNO-ENSINO-MEDIO- ... — motivo, o PLENUS Colégio e Curso Petrolina adota os seguintes principios ... e/ou não traga o material didático da disciplina (livro, apostila, etc...) ...
31367672;COLEGIO ELITE MASTER;Sete Lagoas;Colégio Elite Master - A melhor educação para seu filho! — Material Didático Bernoulli. O Bernoulli Sistema de Ensino desenvolve soluções educacionais de excelência, que facilitam a vida da escola e geram resultados ... | Colégio EliteMaster (@colegioelitemaster) · Sete Lagoas, MG — www.colegioelitemaster.com.br (link na bio) Entre em contato conosco (31) 9 9932-5784 ☎️ (31) 3776-5421 R. Doutor Pena, 51 - Centro - Sete Lagoas/MG . #colegio ... | Aqui no Elite Master, cada aluno se torna protagonista da sua ... — ... SETE LAGOAS RANKING ESTADUAL 8° Enem RANKING NACIONAL 49° 2012 20개 ... 9790 PARA A TURMA DO 1°ANO COLÉGIO ELITE MASTER 6 EliteMaster ...
43105068;COLEGIO SANTA INES;Porto Alegre;LISTA DE MATERIAL ESCOLAR 2026 — Protásio Alves, 2493 - Petrópolis - Porto Alegre - RS - ( Ao lado do Colégio Santa Inês) ... o material didático de English Language será utilizado de forma ... | Recebemos a equipe gestora do Colégio Santa Terezinha ... — ... material didático e a plataforma bilíngue, nossos visitantes puderam ... Porto Alegre (RS), dos eventos ENARSE e ENEL Regional 2026 ... | Já está no ar o RJE Informa do mês de maio! Nesta edição ... — ... Porto Alegre (RS), nos convida a refletir sobre o papel do ... Colégio Santa Inês, em Porto Alegre, reafirmando o compromisso da Rede ...
33135827;COLEGIO E CURSO PENSI;Rio de Janeiro;Ser o protagonista da sua própria história e bem-sucedido no ... — ... COLÉGIO E CURSO PENSI - TIJUCA 2, RIO DE JANEIRO Pensi colégio-curso Oportunidade. pensi.alpha's profile picture. pensi.alpha. •. Follow · Alpha ... | Nossos pequenos e talentosos alunos! — ... material didático. Os alunos tiveram a ... Rio de Janeiro 2º Lugar no ENEM 2025 na maior ... COLÉGIO E CURSO PENSI - TIJUCA 2, RIO DE JANEIRO Pensi ... | Colégio Panamericano | 📚✨ Educação de excelência começa ... — ... material didático do Sistema de Ensino Positivo, uma das maiores ... COLÉGIO E CURSO PENSI - TIJUCA 2, RIO DE JANEIRO Pensi colégio ...
41032039;MAXI C - EI EF;Londrina;Sistema Maxi de Ensino — O material didático do Maxi é pautado na Pedagogia Afetiva, uma abordagem exclusiva que vem somar ao material pedagógico o trabalho de habilidades ...
15038483;COLEGIO SAO PAULO;Belém;Ranking de escolas no ENEM na cidade de Belém - PA — sistema de ensino equipe integrado eireli - epp. 3.0(1). Belém - PA. Nota ENEM ... Logo - colegio sao paulo. colegio sao paulo. Sem avaliações. fatima ... | SISTEMA DE ENSINO EQUIPE CRISTAL… - CNPJ 26.212. ... — Empresa SISTEMA DE ENSINO EQUIPE CRISTAL II LTDA - CNPJ 26.212.008/0001-05 Ativa | Empresa de Pequeno Porte | Belém / PA ... COLEGIO SAO PAULO ... | Alerta São Gonçalo | 🎓 Colégio e Curso Brasil – 37 anos de ... — CONEXÃO SISTEMA DE ENSINO MATRÍCULAS ABERTAS 2º SEMESTRE ENSINO ... Colegio Sao Paulo – Salvador – Itaigara – Nota: 676,33. Colegio ...
35104917;SANTA CLARA COLEGIO;São Paulo;Reel by Colégio Santa Clara (@colegio.csc) · June 30, 2026 — ESCOLA PARCEIRA Bernoulli Sistema de Ensino Colégio Sagrado Coração de Jesus ... SÃO PAULO/SP. imaculadamaceio's profile picture ... | Alunos Premiados de Escolas Privadas - 16ª OBMEP — SANTA CLARA COLEGIO II, P, ASSIS, SP, ---, Sim. ANA JULIA ASSONI DE TOLEDO ... SAO PAULO DA CRUZ COLEGIO PASSIONISTA, P, SÃO PAULO, SP, ---, Sim. IRIS TANG KUANG ... | LISTA DOS ALUNOS DO NONO ANO COM NOTA MAIOR ... — Zeta Sistema de Ensino de Birigui. GABRIEL MARCENTE FADIL. SÃO PAULO ... Jardim São Paulo - Unid. Cataguases. VÍTOR CAGLIONE MARTINS RAMALHO. SÃO PAULO.
29353556;ESCOLA MONTEIRO LOBATO SC LTDA;Barreiras;Escola Monteiro Lobato Sc Ltda - Barreiras - BA — A Escola Monteiro Lobato Sc Ltda está situada em Barreiras, na Bahia, e é ... material didático inovador. Com uma equipe de profissionais qualificados ... | Alunos Premiados de Escolas Privadas - OBMEP 2019 — ESCOLA MONTEIRO LOBATO SC LTDA, P, BARREIRAS, BA, Bronze. JOHATAN REIS LIMA ... SEI - SISTEMA DE ENSINO INTERATIVO, P, RIO DE JANEIRO, RJ, Bronze. LAIS NUTO ... | ENEM 2013 POR ESCOLA — ... SISTEMA DE ENSINO EQUIPE. 628,66. 596,47. 652,65. 612,81. 652,72. 747,74 ... BARREIRAS. Privada. ESCOLA MONTEIRO LOBATO SC LTDA. 571,49. 541,78.
43023363;COLEGIO SAGRADO CORACAO DE JESUS;Bento Gonçalves;Perguntas Frequentes | Colégio Sagrado Coração de Jesus — Qual é o material didático utilizado? No SAGRADO - Rede de Educação é utilizado o Sistema de Ensino – Editora FTD e Editora SM. Para mais informações ... | PREMIAÇÃO QUIMENINAS 2025- SÉRIE 9° ANO — SISTEMA DE ENSINO AUTHENTICO. PA. Belém. OURO. Echilly Gonçalves Marques ... ANBEAS - COLEGIO SAGRADO CORACAO DE JESUS. PI. Teresina certificado ANA SOFHIA ... | Ensino — ... Colégio Sagrado Coração de Jesus. 52062813 GO. Pires do Rio. ADRIEL SOARES ... SISTEMA DE ENSINO. 35159013 SP. Rio Claro. ANA CLARA ALVES DE OLIVEIRA. 3º ano ...
31041190;INST N SRA DO SAGRADO CORACAO;Divinópolis;"Escolas em Nossa Senhora Das Gracas - Divinópolis - MG — sistema de ensino uno vertice; esc tec de divinopolis; inst n sra do sagrado coracao ... Outros bairros em Divinópolis. Afonso Pena · Alvorada · Bairro do Carmo. | Escolas no Ensino Fundamental II em Divinópolis - MG — Escolas no Ensino Fundamental II em Divinópolis - MG. Encontre as ... sistema de ensino uno vertice · esc tec de divinopolis · inst n sra do sagrado coracao ... | Município: Divinópolis - MG - Resultado Final - ONC 2020 — INST N SRA DO SAGRADO CORACAO. INEP: 31041190 · PEREIRA E AMABILI CENTRO DE ... SISTEMA DE ENSINO UNO VERTICE. INEP: 31340014."
53009940;COL PRESBITERIANO MACKENZIE - BRASILIA;Brasília;Materiais de estudo de Mont Blanc Ced - Brasília - DF — Estudando em Mont Blanc Ced - Brasília - DF? Experimente nossa ampla variedade de anotações de aula, resumos e guias de estudo para incrementar seu jogo de ... | RESULTADO POR REGIÃO — COL PRESBITERIANO MACKENZIE - BRASILIA. DISTRITO FEDERAL. BRASÍLIA. BRONZE ... SISTEMA DE ENSINO PHYSICS AMAPÁ LTDA. AMAPÁ. MACAPÁ. AMAZONAS (AM). 1710837 ... | Alunos Premiados de Escolas Privadas - 16ª OBMEP — Material Didático. Provas e Soluções · Banco de Questões · Apostilas do PIC ... COL PRESBITERIANO MACKENZIE - BRASILIA, P, BRASILIA, DF, ---, Sim. BÁRBARA DE ...
23165901;COLEGIO MODULO;Juazeiro do Norte;"Escola de Ensino Fundamental e Médio Juvêncio Barreto — EMENTA: Recredencia o Colégio Módulo, no município de Juazeiro do Norte, ... no âmbito do Sistema de Ensino do Estado do Ceará, e deu outras providências.A. | Colegio Modulo | Bolsas de Estudo em Juazeiro do Norte — Garanta sua bolsa de estudos em Colegio Modulo, Juazeiro do Norte - CE ... Banda larga; Internet. Sistema de ensino. Objetivo. O sistema de ensino compreende ... | O ano letivo está quase começando. Preparados?! 💙👑🦁 — Photo by Colégio Módulo on June 12, 2026. May be an image of ... SISTEMA DE ENSINO anglo Rua Eunides Volpe 1295 Residencial Modelo 67 ..."
35100420;IMPERATRIZ LEOPOLDINA COLEGIO;São Paulo;Vôlei Dazmeninas - DZM | 9° TORNEIO DE VERÃO ... — ... SÃO PAULO-SP Colégio NOVO TEMPO anglo COLÉGIO IMPERATRIZ LEOPOLDINA dm. ... Sistema de Ensino Anglo COLÉGIO IMPERATRIZ LEOPOLDINA DESDE 1923 dm. | Alunos Premiados de Escolas Privadas - 16ª OBMEP — IURY BURIGO MIRANDA RODRIGUES DE O. COC SAPIENS, P, OSASCO, SP, Sim. JOÃO PEDRO MARTINS PEREZ, IMPERATRIZ LEOPOLDINA COLEGIO, P, SÃO PAULO, SP ... | 2014 — Imperatriz Leopoldina Colegio, Privada, São Paulo, SP, 62, 623,17, 628,75, 590,38 ... Atual Sistema de Ensino, Privada, Sabinópolis, MG, 16, 611,51, 642,66, 590, ...
41131703;COLEGIO PASSIONISTA NOSSA SENHORA MENINA;Curitiba;Colégio Passionista Nossa Senhora Menina — Bom Jesus, 881 - Juvevê, Curitiba - PR, 80035-010, Brasil. Telefone: (41) ... material didático da geração Z. Ferramentas tecnológicas se transformam em ... | 🔍✨ Foi dia de aventura no Colégio Passionista! Os alunos ... — ... Curitiba, vivenciando de perto o funcionamento de um importante espaço democrático da nossa cidade. Durante a visita, conheceram a estrutura ... | Colégio Passionista NSM | Matrículas 2026/2027 abertas — Matrículas 2026/2027 abertas no Colégio Passionista Nossa Senhora Menina, no Cabral, em Curitiba ... Parcerias: International School · Poliedro Sistema de Ensino ...
35004369;COLEGIO PLANCK;São José dos Campos;Quem somos — O Colégio Planck é tudo isso e muito mais. Aqui, quando dizemos que você ... São José dos Campos – SP | 12240-540. Email: contato@colegioplanck.com.br | Os 15 melhores colégios de São José dos Campos em 2026 — O Colégio Cassiano Ricardo em São José dos Campos desde 1978, com à qualidade do sistema de ensino Anglo e ao conhecimento dos professores ... | Melhor escola para seu filho: 9 dicas para escolher — Já no Ensino Médio, é preciso entender se esse material didático ... Colégio Planck. Desenvolvido por GS2. Consentimento Detalhes Sobre × ...
43119964;COLEGIO DOM ALBERTO;Santa Cruz do Sul;Colégio Dom Alberto | Santa Cruz do Sul RS — Colégio Dom Alberto, Santa Cruz do Sul. 6182 likes · 128 talking about this ... Sistema de Ensino. Education. . Follow ... | Colégio Dom Alberto | Tradição e Inovação no Ensino — Conheça o Colégio Dom Alberto em Santa Cruz do Sul. Infraestrutura completa ... Referência nacional em educação, o Anglo oferece material didático ... | Educação Infantil ao Médio (@colegiodomalberto) — Há um ano, a gestão 2elles abraçou o Colégio Dom Alberto e fez os nossos corredores pulsarem com uma alegria renovada.
33159637;GRUPO EDUCACIONAL MOPI LTDA - UNIDADE ITANHANGA;Rio de Janeiro;Alunos Premiados de Escolas Privadas - OBMEP 2017 — SEI - SISTEMA DE ENSINO INTERATIVO, P, RIO DE JANEIRO, RJ, ---, Sim ... ESCOLA BRITANICA THE BRITISH SCHOOL RIO DE JANEIRO BARRA, P, RIO DE JANEIRO, RJ, ---, Sim. | Veja a lista das 20 escolas com maior pontuação no Ideb ... — Colégio Unidade Jockey Coleguium Sistema de Ensino Equipe Integrado ... Niterói Rio de Janeiro Rio de Janeiro Rio de Janeiro Rio de Janeiro ... | Rio de Janeiro 4912 escolas — ... Rio de Janeiro - Rio de Janeiro. Rede privada / Urbana · GRUPO EDUCACIONAL MOPI LTDA - UNIDADE ITANHANGA. DOM ROSALVO COSTA REGO, 542. ITANHANGÁ. 22641040 Rio ...
52097587;COLEGIO ATRIO;Goiânia;Colégio Átrio inova, mais uma vez, o seu método de ensino ... — O Colégio Átrio, referência em Goiânia, foi criado em 2018 com objetivo de oferecer aos alunos um processo de ensino inovador. | ÁtrioMed é — apostila reciclada. e “estuda aí”. Ari de Sá em. Goiânia é no Átrio. É curso pré-vestibular com método. O Método ÁtrioMed. ✓ PS: 300 temas mais recorrentes e ... | COLEGIO ATRIO Assunto: Escola Notificada por ... — municípios com sistema de ensino, não terão validade legal. Face ao ... Goiânia, 21 de Julho de 2020.” (Grifos nosso). Nesse contexto, destaca-se da ...
35441995;FOUR C BILINGUAL ACADEMY;Bauru;Angela Edilaine Lemos de Campos — ... material didático, Livro de Educação Infantil ... (Carga horária: 3h). , Four C Bilingual Academy, FCA, Brasil. ... JORNAL DA CIDADE DE BAURU, BAURU, 09 set. 2014 ... | Grátis: listadeinscritos2016 - Material Claro e Objetivo em ... — ... Bauru Colégio Dinâmico Vestibulares Ivan Prearo 1ª Bauru CTI - Colégio Técnico Industrial Prof. ... Four C Bilingual Academy Julia de Lima ... | Premiação Regional de Alunos - Escolas Públicas ... — FOUR C BILINGUAL ACADEMY, P, BAURU, SP, Ouro. GABRIEL CORDEIRO CORREA SILVA ... ANGLO SISTEMA DE ENSINO, P, TATUI, SP, Bronze. ARTHUR CORREIA BONI, OBJETIVO VILA ...
35186429;EINSTEIN COLEGIO;Ribeirão Preto;No Colégio Albert Einstein, aprender vai além de ouvir e ... — Usamos o material didático mais forte do país para construir a base técnica ... Albert Einstein Colégio e Curso CONVOCADOS PARA O SUCESSO! | Colégio A. Einstein 🏫 | Rotina organizada, cuidado de ... — Nossa metodologia: Um sistema de ensino dinâmico e inovador, que estimula o ... O 데그 if Einstein Colégio Einstein . م Einstein ... | CIE ESCOLA MUNICÍPIO — CAPELLA KIDS SISTEMA DE ENSINO EIRELI- ME. RIBEIRAO PRETO. 262985. CARLA ... COC RIBEIRÃO PRETO - REDE ÚNICA DE EDUCAÇÃO UNIDADE. 02. RIBEIRAO PRETO. 7840.
35299789;ADV COLEGIO UNIDADE II;Jaú;Ensino Médio 10 UNI M — ... SISTEMA DE ENSINO ELITE SÃO JOÃO DE MERITI. 33176752 RJ. São João de Meriti ... ADV COLEGIO UNIDADE II. 35299789 SP. Jaú. Dávila Vitória Ribeiro Moreira. 2º ... | características escola indicadores prouni — ... SISTEMA DE ENSINO EQUIPE. PA. Belém. Privada. Urbana. 306. Maior que. 90 alunos. 303 ... ADV COLEGIO UNIDADE II. SP. Jaú. Privada. Urbana. 79. De 61 a. 90 alunos. | Lista de Escolas por Estado e Cidade | PDF | Rio de Janeiro — ADV COLEGIO UNIDADE II 31 Jaú SP T PARTHENON COLEGIO UNIDADE I 301683 37 ... SISTEMA DE ENSINO FUNDAMENATAL MEDIO E SUPERIOR LTDA-CD 57 João Pessoa PB
12010936;ESC CENTRO EDUCACIONAL E CULTURAL - META;Rio Branco;"Esc Centro Educacional E Cultural - Meta — Garanta sua bolsa de estudos em Esc Centro Educacional E Cultural - Meta, Rio Branco - AC ... Internet. Sistema de ensino. Positivo. O sistema de ensino ... | Escolas na Educação Infantil no Vila Acre - Rio Branco — esc centro educacional e cultural - meta; esc colegio lato sensu. Filtros: Limpar ... Logo - sistema de ensino fundamentel e medio hr. Sistema De Ensino ... | Detalhado - NÃO PAGAS - Portal Gov.br — ESC CENTRO EDUCACIONAL E CULTURAL - META, 12010936, 740, PDDE-EDUCAC?O ... RIO BRANCO DO IVAI E EI EF MOD ED ESP, 41398823, 1610, PDDE-EDUCAC?O ESPECIAL ..."
26108585;COLEGIO DIVINO MESTRE;Jaboatão dos Guararapes;Colégio Divino Mestre | Nossa estudante Maria Luiza Paiva ... — O Colégio Divino Mestre alcançou o 1º lugar em Jaboatão dos Guararapes no Ranking ENEM 2025 Destaque também em nível estadual! conquistando ... | Colégio Divino Mestre | Jaboatão dos Guararapes PE — Colégio Divino Mestre, Jaboatão dos Guararapes. 7776 likes · 31 talking ... Sistema de Ensino pH, com ampla experiência na preparação para o ENEM e os ... | Colégio Divino Mestre | ✨ Já imaginou viver uma experiência ... — ... Sistema de Ensino PH, parceiro do Colégio Divino Mestre. Nós estamos aqui pra fazer um evento muito importante pra história da escola e pra ...
35139178;COLEGIO ARBOS;Santo André;"Colégio ARBOS on Instagram: ""No Colégio ARBOS, educar é ... — ... SANTO ANDRÉ Descubra na prática por que somos a escolha certa. ... Escola CHÁCARA SISTEMA DE ENSINO anglo grupo rabbit. colegiozaccaria's ... | Conquista desbloqueada 🔓💚 Os alunos da Rede ARBOS ... — COLÉGIO O BOSQUE EDUCAÇÃO INFANTIL, ENSINO FUNDAMENTAL E MÉDIO SANTO ANDRÉ ... Sistema de Ensino Bilíngue”, com o prêmio TOP Educação nos anos de ... | Colégio ARBOS on Instagram: ""Quatro décadas depois ... — ... Colégio ARBOS - Raiz e inovação na educação ... SANTO ANDRÉ Descubra na prática por que somos a escolha certa."
24057096;COLEGIO NOSSA SENHORA DAS NEVES;Natal;Rematrículas Neves 2025 🎓✨ Últimas semanas! Até 31 de ... — ... material didático em até 10x. Procure a Central de Atendimento do ... colégio Nossa Senhora das Neves. Essa casa é de vocês. É dentro ... | É impossível não chorar assistindo ao último Dia das Mães do ... — ... COLEGIO NOSSA SENHORA DAS NEVES Para mim, minha mãe significa força, amor, cuidado e dedicação. Palavras não descrevem o tamanho amor que eu ... | Desigualdade-racial-nas-escolas-privadas-de-alto ... - gemaa — de LA CAMPOS · Citado por 4 — SISTEMA DE ENSINO EQUIPE. COLEGIO DOM AMANDO. COLEGIO GENTIL BITTENCOURT ... COLEGIO MARISTA DE NATAL. FACEX. CENTRO EDUCACIONAL INTEGRADO DO SERIDO.
53019733;COL FLEMING ASA SUL;Brasília;O Ensino Médio é uma etapa decisiva na formação ... — ... Brasília (UnB) é reflexo de uma trajetória construída com excelência ... COL FLEMING ASA SUL (ATUAL ESCRITA ÚNICA) *Microdados oficiais ... | Mais uma conquista para celebrar! Parabenizamos nossa ... — ... Brasília, por meio da nota do ENEM. Que esta nova etapa seja ... COL FLEMING ASA SUL (ATUAL ESCRITA ÚNICA) *Microdados oficiais ... | No último domingo realizamos o Exame de Bolsas do Ensino ... — Enem 2k26 1º lugar no estado do Paraná é Poliedro Sistema de Ensino COLÉGIO DO BOSQUE MANANCIAIS Poliedro Sistema de Ensino ... material didático ...
31170461;COLEGIO RESSURREICAO NOSSA SENHORA;Uberlândia;Ensino Médio — ... Sistema de Ensino FTD que está em perfeita consonância com as novas ... Uberlândia. O primeiro grupo de irmãs chegou no dia 3 de fevereiro de 1932 ... | ✨ MATRÍCULAS ABERTAS PARA O 2º SEMESTRE DE ... — COLÉGIO RESSURREIÇÃO NOSSA SENHORA UBERLÂNDIA - MG FTD Sistema de Ensino Infraestrutura moderna. Ambientes amplos, seguros e preparados para ... | Colégio Ressurreição Nossa Senhora | Uberlândia MG — Colégio Ressurreição Nossa Senhora, Uberlândia. 2000 likes · 14 talking ... ✨ ✓ Sistema de Ensino FTD ✓ Excelentes resultados em vestibulares e ...
43043720;COLEGIO SAO JOSE;Caxias do Sul;Escolas sem UEx - Portal Gov.br — SISTEMA DE ENSINO UNIVERSO BARCARENA, PA, BARCARENA, Privada, 1, Não, Não, Não, Não ... SENAC CAXIAS DO SUL, RS, CAXIAS DO SUL, Privada, 4, Não, Não, Não, Não ... | Alunos Premiados de Escolas Privadas — SISTEMA DE ENSINO UNO VERTICE, P, DIVINOPOLIS, MG, Bronze. HEITOR SOARES DE ... COLEGIO SAO JOSE SION IPIRANGA, P, SAO PAULO, SP, Bronze. BRUNO EMANUEL PEREIRA ... | Rede Particular - 2015 - Secretaria da Educação — 43139086 COLEGIO SAO JOSE. Urbana. AVENIDA MAUA. 980. CENTRO. 93020190 51 ... UNIVERSIDADE CAXIAS DO SUL -. UNIDADE FLORES DA CUNHA. Urbana. AVENIDA VINDIMA.
42011620;COLEGIO SAO BENTO;Criciúma;Lista de materiais — COLÉGIO SÃO BENTO. RUA COMANDANTE HELVÉCIO COELHO RODRIGUES, 40 – BAIRRO SANTA BÁRBARA. CRICIÚMA(SC) – FONE: 3433-1437 / 98408-8165 – www ... | Posição no ranking - média objetiva Nome da escola ... — ... SISTEMA DE ENSINO. EQUIPE INTEGRADO. EIRELI - EPP. Belém. PA. 718,8. 895,9. 715,0 ... COLEGIO SAO BENTO Criciúma. SC. 611,9. 716,8. 618,0. 603,0. 605,0. 622,0. | ENSINO MÉDIO 1ª Série / 2021 — Apostila de Artes (aluno novo), será feita diretamente na Livraria Fátima – Distribuidora. Oficial do Sistema Anglo de Ensino em. Criciúma, localizada na ...
35125441;EDUCATIVA INSTITUTO DE EDUCACAO E CULTURA;São Carlos;"O CASDinho é formado por uma equipe incrível ... — sistema de Ensino Etapa no Domus COLÉGIO DOMUS Sapiens 30 Anos ... IFSP São Carlos é a melhor escola pública de São Carlos no ENEM 2025! | Premiação Estadual de Alunos - Escolas Públicas ... — COLEGIO FRAMTID SISTEMA DE ENSINO OBJETIVO, P, SAO PAULO, SP, Ouro. 5, ARISHA YING HAI, EDUCATIVA INSTITUTO DE EDUCACAO E CULTURA, P, SAO CARLOS, SP, Ouro. DAVI ... | Collegium Sapiens on Instagram: ""Você conhece o Sapiens ... — 2º Educativa Instituto de Educação e Cultura 669,89 3º Colégio Anglo ... Material didático de excelência Professores especializados e o ..."
35112902;RIO BRANCO COLEGIO;Campinas;No Colégio Rio Branco Campinas, oferecemos muito mais ... — ... RIO BRANCO Colégio Campinas Fundado em 1863. colegiovianna's profile ... Em parceria com o Sistema COC, oferecemos um material didático que ... | Dia de receber os novos alunos do Colégio Rio Branco na ... — A Rede Objetivo reúne material didático atualizado, professores em ... RIO BRANCO Colégio Campinas Fundado em 1863. amigosdevilaema's ... | Saiba mais sobre escola de Ensino Fundamental com a ... — Em parceria com o Sistema COC, oferecemos um material didático que conecta o conhecimento à vida real. ... RIO BRANCO Colégio Campinas Fundado em ...
29477271;CURSO E COLEGIO LEFFLER;Salvador;Curso E Colégio Leffler | Bolsas de Estudo em Salvador - BA — Garanta sua bolsa de estudos em Curso E Colégio Leffler, Salvador - BA ... Sistema de ensino. Poliedro. O sistema de ensino compreende o conjunto de métodos ... | Alerta São Gonçalo |  Colégio e Curso Brasil – 37 anos de ... — Photo by Sistema de Ensino Conexão on July 07, 2026. May be an ... Curso e Colegio Leffler – Salvador – Caminho das Árvores – Nota: 678,30 | Os resultados individuais do Exame Nacional de Ensino ... — 11 - Curso e Colegio Leffler – Salvador – Caminho das Árvores – Nota: 678,30 12 - Colegio Jose Nogueira – Macaúbas – Nota: 676,99 13 - Colegio ...
28031563;COLEGIO MAGNUS;Itabaiana;"Colégio Magnus on Instagram: "" Intensivão de Natureza e ... — Rayan Química Colégio Magnus ITABAIANA - SE ENSINO MÉDIO ... Por isso, vale observar sistema de ensino, acompanhamento, direção pedagógica ... | Ser Magnus vai muito além de estudar — ... itabaiana #sergipe # ... Colégio Magnus? O que eu acho de mais importante aqui no Magnus é o incentivar, o ... | Colégio Magnus on Instagram: "" Chegou a sua chance de ... — ... SISTEMA DE ENSINO anglo LEÃO DE OURO 2019-2020-2021-2022-2023-2024-2025 ... COLÉGIO MAGNUS ITABAIANA-SE VOLTA ÀS AULAS DO MAGNUS Que a ..."
33100977;LICEU MOLIERE;Rio de Janeiro;Alunos Premiados de Escolas Privadas — LICEU MOLIERE, P, RIO DE JANEIRO, RJ, Bronze. JULIA SALIM CRIMA, SANTO ANTONIO EDUCANDARIO, P, SANTO ANDRE, SP, Bronze. LUIZ HENRIQUE RECH ITO, ESCOLA BERTONI - ... | Desigualdade-racial-nas-escolas-privadas-de-alto ... - gemaa — de LA CAMPOS · Citado por 4 — ... Rio de Janeiro (segundo o ENEM-2019) de acordo com sua composição racial ... SISTEMA DE ENSINO EQUIPE. COLEGIO DOM AMANDO. COLEGIO GENTIL BITTENCOURT. | Posição no ranking - média objetiva Nome da escola ... — ... SISTEMA DE ENSINO. EQUIPE INTEGRADO. EIRELI - EPP. Belém. PA. 718,8. 895,9. 715,0 ... Rio de Janeiro. RJ. 701,1. 843,4. 693,0. 683,0. 637,0. 792,0. 16. COLEGIO ...
53007050;COL LA SALLE AGUAS CLARAS;Brasília;Quadro de Medalhas Ensino Médio 2023 | PDF | São Paulo — KATHARINA MARIA COSTA AMORIM COL LA SALLE AGUAS CLARAS DISTRITO FEDERAL BRASÍLIA ... GIULIA MARDOCK SISTEMA DE ENSINO EQUIPE PARÁ BELÉM HELLEN CRISTINA ... | PREMIAÇÃO QUIMENINAS 2025- SÉRIE 2° ANO — COLEGIO INTENSIVO SISTEMA DE ENSINO LTDA. AL. Maceió ouro. Ana Alexandra ... COL LA SALLE AGUAS CLARAS. DF. Brasília. Certficado Maria Luísa Ferreira Silva. | exercicios de biologia | Exercícios Biologia — ... COL LA SALLE AGUAS CLARAS DISTRITO FEDERAL Brasília. VITOR KENSHIN YABIKU ... SISTEMA DE ENSINO MATO GROSSO Cuiabá RENATA ABDUL LUCCHESI KADRI COLEGIO MARIA ...
53019393;COL EVEREST BRASILIA II;Brasília;Colégio Everest Brasília II I - Secretaria de Educação — QUADRO-RESUMO DA MATRIZ CURRICULAR DO ENSINO FUNDAMENTAL. Instituição Educacional: COLÉGIO EVEREST BRASÍLIA II. Etapa: Ensino Fundamental - 6º ao 9º ano. | Sistema Maxi de Ensino — O material didático do Maxi é pautado na Pedagogia Afetiva, uma abordagem exclusiva que vem somar ao material pedagógico o trabalho de habilidades ... | Sistema Positivo de Ensino | Plataforma Educacional — Soluções educacionais da Educação Infantil ao Pré-Vestibular. Para além dos resultados positivos nas provas e vestibulares, garanta uma aprendizagem para a ...
35141392;DRUMMOND COLEGIO;Ourinhos;No Colégio Drummond Ourinhos, há 36 anos ... — No Colégio Drummond Ourinhos, há 36 anos, transformamos a educação com excelência e inovação. Utilizando o renomado Sistema de Ensino ... | Aula de Aprofundamento em Matemática – 4º e 5º anos. Na ... — ORGULHO DRUMMOND COLÉGIO DRUMMOND ODONTOLOGIA USP - Murilo Tavares ... OURINHOS (14) 3302-5844 SANTA CRUZ DO RIO PARDO (14) 3332-4848 ... | Vem aí o Concurso de Bolsas do Colégio Drummond! Essa é ... — ... Ourinhos. Isso é fruto de muito trabalho, dedicação e compromisso ... SISTEMA DE ENSINO anglo AQUI VOCÊ PODE SONHAR PORQUE NÓS CONHECEMOS O ...
35152729;PETROPOLIS COLEGIO;São Bernardo do Campo;São Bernardo do Campo 560 escolas — BALAO MAGICO SISTEMA DE ENSINO. GAETANO ANGELI, 9. SANTA TEREZINHA ... PETROPOLIS COLEGIO. PERY RONCHETTI, 890 - AVENIDA. NOVA PETROPOLIS. 9771001 ... | Alunos Premiados de Escolas Privadas - 16ª OBMEP — PETROPOLIS COLEGIO, P, SÃO BERNARDO DO CAMPO, SP, ---, Sim. DIOGO BARBOZA ALVES ... ANGLO SISTEMA DE ENSINO, P, TATUI, SP, ---, Sim. IAN MAZZUCATTO PUCINELI ... | Ensino — ... PETROPOLIS COLEGIO. 35152729 SP. São Bernardo do Campo. ANA BEATRIZ LIMA ... SISTEMA DE ENSINO. 35159013 SP. Rio Claro. ANA CLARA ALVES DE OLIVEIRA. 3º ano ...
29480310;CENTRO EDUCACIONAL PLATAFORMA LTDA;Santo Antônio de Jesus;PREMIAÇÃO QUIMENINAS 2025- SÉRIE 1° ANO — COLEGIO SANTO ANTONIO DE JESUS. BA. Santo Antônio de Jesus certificado ISABELA ... CENTRO EDUCACIONAL PLATAFORMA LTDA. BA. Santo Antônio de Jesus. | CAMPUS CRUZEIRO DO SUL Gabriel Correia de Souza ... — ... Santo Antônio de Jesus. Centro Educacional Plataforma Ltda. Anna Julia Povoas ... SISTEMA DE ENSINO UNO VÉRTICE. Ana Luisa Lima de Oliveira. MG. Divinópolis.
15577740;E E F M ALVORADA;Marabá;Alunos Premiados de Escolas Privadas - 17ª OBMEP — SISTEMA DE ENSINO EQUIPE ANANINDEUA, P, ANANINDEUA, PA, Sim. RODRIGO AKIRA ... E E F M ALVORADA, P, MARABÁ, PA, Sim. 9, LUCAS ASSUNÇÃO CANTO, CENTRO DE ENSINO ... | Estamos crescendo! O Einstein Preparatório e a Escola ... — E.E.F.M. ALVORADA AS DUAS MELHORES ESCOLAS PÚBLICAS DE MARABÁ: Escola Estadual Prof. ... A apostila e o fardamento são totalmente gratuitos. | Tenente Rego Barros atinge melhor média do PA no Enem — ... Sistema de Ensino Equipe (Particular). Belém (PA). Média: 62,28. 9 - EEFM Alvorada (Particular). Marabá (PA). Média: 61,96. Publicidade. 10 ...
15172287;PHYSICS COLEGIO E CURSO;Belém;Hoje é um dia histórico. Para o Sistema de Ensino Equipe ... — ... Sistema de Ensino 1º lugar em Porto Velho e a 2ª melhor escola do ... Physics Colégio e Curso também conquistaram posições de destaque ... | O Delta Vestibulares agradece a todos os alunos que ... — ... Belém EducaçãoDeQualidade ... Physics Colégio e Curso também conquistaram posições de destaque no Top 20 do ranking ... | Viralizou um vídeo na web citando as melhores escolas do ... — ... Belém, e da Escola Estadual Professor Deocleciano Alves Moreira, em ... Physics Colégio e Curso também conquistaram posições de ...
35499067;INSPIRE COLEGIO;São José dos Campos;Alunos Premiados de Escolas Privadas - 16ª OBMEP — Escola de Aplicação São José dos Campos Ltda, P, SÃO JOSÉ DOS CAMPOS, SP ... ZETA SISTEMA DE ENSINO DE BIRIGUI, P, BIRIGUI, SP, Sim. MARIA EDUARDA BATISTA SÁ ... | Ensino — ... São José dos Campos. 35137170 SP. São José dos Campos. Adriano de Assis Lessa ... INSPIRE COLEGIO. 35499067 SP. São José dos Campos. ANA BEATRIZ DE SOUSA ... | RESULTADO DA XV OLIMPÍADA BRASILEIRA DE ... — SISTEMA DE ENSINO EQUIPE INTEGRADO EIRELI - EPP. BÁRBARA PINHEIRO PUGET CRUZ ... SP SÃO JOSÉ DOS CAMPOS. CURSO ALBERTO SANTOS DUMONT. ÁGATHA IVO DANTAS DA ...
29472440;COLEGIO E CURSO GAUSS;Barreiras;LINGU A GENS, CÓDIGOS E SU A S TECNOLOGIA S ... — A alternativa C está incorreta, pois as barreiras tarifárias não ... Bernoulli Sistema de Ensino, 2018. v. 1. p. 28). Portanto, a alternativa ... | TABELA-PARA-O-PROFESSOR-LOCALIZAR-A-TURMA- ... — ... Barreiras. COLEGIO E CURSO GAUSS. 29472440. 98022. Turma. 3. BA. Barreiras. EE - CE ... Sistema de Ensino Physics. 15163830. 92511. Turma. 3. PA. Benevides. | MENÇÃO HONROSA - 9° ANO DO ENSINO FUNDAMENTAL — COLEGIO INTENSIVO SISTEMA DE ENSINO LTDA. ALAGOAS. MACEIÓ. ANA SOPHIA GUIDA ... COLEGIO E CURSO GAUSS. BAHIA. BARREIRAS. ANA MELL RUFINO SILVA ALVES. COLEGIO ...
24057207;COMPLEXO EDUC HENRIQUE CASTRICIANO;Natal;"Complexo Educ Henrique Castriciano | Bolsas de Estudo ... — Garanta sua bolsa de estudos em Complexo Educ Henrique Castriciano, Natal - RN ... Sistema de ensino. SAS. O sistema de ensino compreende o conjunto de ... | Escolas em Cidade Alta - Natal - RN — Sistema De Ensino Recriar; Centro Educacional Santo Agostinho; Escola ... Logo - complexo educ henrique castriciano. Complexo Educ Henrique Castriciano. | Desigualdade-racial-nas-escolas-privadas-de-alto ... - gemaa — de LA CAMPOS · Citado por 4 — SISTEMA DE ENSINO EQUIPE. COLEGIO DOM AMANDO. COLEGIO GENTIL BITTENCOURT ... COMPLEXO EDUC HENRIQUE CASTRICIANO. COLEGIO NOSSA SENHORA DAS NEVES. COLEGIO ..."
29342872;COLEGIO GENESIS;Feira de Santana;Guia do Estudante e da Família 2026 — Nascia em Feira de Santana, uma Escola movida pela ... conforme o disposto no seu regimento e nas normas do respectivo sistema de ensino,. | De ex-aluno a professor. De professor a pai. O Gênesis faz ... — Colégio Gênesis Escola parceira COC SISTEMA DE ENSINO 22 ANOS DE HISTÓRIAS DE FAMÍLIAS QUE CONFIARAM NO COLÉGIO GÊNESIS. TRADIÇÃO ... | Existe um *cheat code* para a educação. E nós temos acesso a ... — ... material didático às escolas, hoje está aqui no Colégio Gênesis. Por quê? Nós implantamos o sistema Mackenzie de ensino há quatro anos em nosso colégio. E ...
35439599;PARQUE ECOLOGICO INSTITUTO EDUCACIONAL;Indaiatuba;Alunos Premiados de Escolas Privadas - 16ª OBMEP — PARQUE ECOLOGICO INSTITUTO EDUCACIONAL, P, INDAIATUBA, SP, Sim. JOÃO RAFAEL ... ZETA SISTEMA DE ENSINO DE BIRIGUI, P, BIRIGUI, SP, Sim. MARIA EDUARDA BATISTA SÁ ... | OURO PRATA — PARQUE ECOLOGICO INSTITUTO EDUCACIONAL. INDAIATUBA. SP. 42,02. Ana Luiza de ... SISTEMA DE ENSINO EQUIPE ANANINDEUA EIRELLI. ANANINDEUA. PA. 25,21. Maria Luisa ... | Medalhistas de Ouro por Escola | PDF | São Paulo — YAOHENG WU LIANG PARQUE ECOLOGICO INSTITUTO EDUCACIONAL SÃO PAULO Indaiatuba ... LUCA DE FREITAS GARCIA SEI - SISTEMA DE ENSINO INTERATIVO RIO DE JANEIRO Rio de ...
27226115;COLEGIO MARIA MONTESSORI;Maceió;Hoje é dia de aplicação do Simulado FTD para nossos alunos ... — trilhas Um sistema de ensino FTD SIMULADO 2026 ANOS FINAIS COLÉGIO MARIA MONTESSORI ... Maceió, Alagoas, Brasil · up.escola ... | Os alunos participaram do simulado do Sistema de Ensino ... — trilhas Um sistema de ensino FTD SIMULADO 2026 ANOS FINAIS COLÉGIO MARIA MONTESSORI ... Maceió, Alagoas, Brasil. Photo by Preparatório para ... | Alagoas — COLEGIO MARIA MONTESSORI. Maceió. AL PRATA. 22651 Os Geógrafos 3.1. COLEGIO ... COLEGIO INTENSIVO SISTEMA DE ENSINO LTDA Maceió. AL BRONZE. 17778 LYA. COLEGIO ...
51094061;COLEGIO MAXI;Cuiabá;O Maxi Plus para o Ensino Fundamental está ainda mais ... — Photo by Colégio Maxi Cuiabá on June 15 ... | Colégio Maxi — No Ensino Fundamental 2 e 1ª e 2ª séries do Ensino Médio utilizamos o material didático ... Cuiabá - MT. Efetivo. 1. Não encontrou a vaga que procurava ... | Há quase duas décadas como referência em Cuiabá, o ... — Há quase duas décadas como referência em Cuiabá, o Colégio Maxi transforma potencial em resultados reais. ... Material didático robusto ...
29609607;COLEGIO PERFIL;Lauro de Freitas;da Educação Infantil ao Ensino Médio - Lauro de Freitas — Matrículas Colégio Perfil - da Educação Infantil ao Ensino Médio - Lauro de Freitas ... No Colégio Perfil utilizaremos em 2024 o Sistema de Ensino Bernoulli. | 📣 Famílias, atenção para as datas das nossas Reuniões ... — Photo by Colégio Perfil on July 09, 2026. May be an image of one ... SISTEMA DE ENSINO anglo Acesse o blog do Sistema Anglo e descubra ... | Grupo Perfil de Educação — Grupo Perfil de Educação. Educação. Lauro de Freitas, BA 3.791 seguidores. Colégio Perfil | Escola Villa Criar | Escolinha Tia Dori | Perfil Language Academy.
35102660;COLEGIO SANTO IVO;São Paulo;COLÉGIO SANTO IVO 50 ANOS — CAROLINA MOREIRA LOBO MARIANA SARUBBY GONZALEZ COLÉGIO SANTO IVO 50 ANOS SÃO PAULO - 2017 - 1ª EDIÇÃO ... material didático FARMACÊUTICA que já havia sido ... | Colégio Santo Ivo - Descontos, Preço das Mensalidades e ... — Estudei lá por 10 anos da minha vida, tem um sistema de ensino MUITO bom. ... Vila Renato (Zona Norte) - São Paulo - SP. Bolsas a partir de: R$ 217,25 · Logo ... | A nova logomarca do Colégio Santo Ivo nasce em um ... — Colégio Santa Mônica OBJETIVO SISTEMA DE ENSINO 17 anos 17 anos ... Colégio Santa Catarina de Sena - São Paulo.
31004511;COLEGIO SANTA RITA DE CASSIA;Belo Horizonte;Material 2026 - Colégio Santa Rita | Barreiro | Belo Horizonte — MATERIAL DIDÁTICO – SAS (1º ANO À 3ª SÉRIE):. O Colégio Santa Rita é parceiro ... Todos os Direitos Reservados © Colégio Santa Rita de Cássia | Desenvolvido por ... | Colégio Santa Rita l Rede AM de Educação ... — ... K+ followers · 2.1K+ posts · Colégio Particular em Belo Horizonte Educação Infantil ao Ensino Médio Acesse as opções ... Aqui no Colégio Santa Rita de Cássia ... | Da Educação Infantil ao Ensino Médio — aqui seu filho ... — ... material didático da Editora EDB, que faz parte da rede salesiana ... PROJETO BILÍNGUE CULTURA MAKER SISTEMA DE ENSINO POLIEDRO ...
29181801;COLEGIO ANTONIO VIEIRA;Salvador;Aprovados 2024 - Rede Jesuíta de Educação — Com uma equipe de professores altamente qualificada, o uso de plataformas educacionais de alta tecnologia e material didático ... O Colégio Antônio Vieira integra ... | Formação de Professores e Equipe Técnica — ... material didático · 13.08.24 Professores e gestores do Vieira têm formação ... Colégio Antônio Vieira. Todos os direitos reservados. O Colégio Antônio Vieira ... | a contenção da crise de imagem do colégio antônio vieira ... — de ABG Fonseca · 2021 — Resumo: Este trabalho nasce a partir da experiência vivenciada pelo Colégio Antônio Vieira. (Salvador/BA) em função da pandemia.
15174476;COLEGIO INTEGRADO BELEM LTDA;Belém;"Pará — COLEGIO INTEGRADO BELEM LTDA Belém. PA. OURO. 17677 GATO-MARACAJÁ. CENTRO DE ... SISTEMA DE ENSINO EQUIPE. Belém. PA. OURO. 23411 Objetivo 04. COLEGIO SAPIENS. | Francisley de Jesus Rodrigues da Silva - Processos — Francisley de Jesus Rodrigues da Silva ; Tribunal de Justica do Estado do para x Diretor Geral do Sistema de Ensino Equipe. TJPA · Belém, PA ; Nazare Barata da ... | Alunos Premiados de Escolas Privadas — COLEGIO INTEGRADO BELEM LTDA, P, BELÉM, PA, ---, Sim. BIANCA MONIQUE ABREU ... SISTEMA DE ENSINO EQUIPE INTEGRADO EIRELI - EPP, P, BELÉM, PA, ---, Sim. GABRIELLA ..."
33031410;COL STA ANGELA;Resende;Escolas Particulares — RESENDE 2211 - CENTRO EDUC E INFORMATICA XV DE NOVEMBRO 2212 - COL AGULHAS NEGRAS 2213 - COL DOM BOSCO 2214 - COL STA ANGELA 2215 - INST SÃO JOSÉ RIO BONITO | ENEM 2014 — COL STA ANGELA, RESENDE, RJ, Privada, 80% ou mais, Muito Alto ... SOMEC SISTEMA DE ENSINO, RIO DE JANEIRO, RJ, Privada, De 20% a 40%, Médio ... | Posição no ranking - média objetiva Nome da escola ... — ... SISTEMA DE ENSINO. EQUIPE INTEGRADO. EIRELI - EPP. Belém. PA. 718,8. 895,9. 715,0 ... Resende. RJ. 640,9. 808,3. 643,0. 623,0. 594,0. 703,0. 292. COLEGIO MARISTA ...
43105084;COL LA SALLE SANTO ANTONIO;Porto Alegre;Matrícula Inicial por etapa e/ou modalidade de ensino - 2013 — PORTO ALEGRE. 43105076 COLEGIO SANTA TERESA DE JESUS. Urbana. 14. 57. 670. 178. 0. 0. 0. 919. 1. PORTO ALEGRE. 43105084 COL LA SALLE SANTO ANTONIO. Urbana. 22. | Alunos Premiados de Escolas Privadas — COL LA SALLE SANTO ANTONIO, P, PORTO ALEGRE, RS, Bronze. BARBARA NOBUE SUZUKI ... SISTEMA DE ENSINO UNO VERTICE, P, DIVINOPOLIS, MG, Bronze. HEITOR SOARES DE ... | UNIDADE DA FEDERAÇÃO MUNICÍPIO ESCOLA ... — ... PORTO ALEGRE. COLEGIO MILITAR DE PORTO ALEGRE. PUBLICA. 129. 124. 640,59 ... SISTEMA DE ENSINO EQUIPE. PRIVADA. 174. 173. 587,85. 655,31. 637,97.
43210643;COLEGIO GABARITO CANOAS;Canoas;"Colégio Gabarito | Canoas on Instagram: "" Seu filho merece ... — ... Colégio Gabarito Canoas abre as portas para você conhecer de perto o ... COLÉGIO IPIRANGA SISTEMA DE ENSINO anglo Você conhece os diferenciais que ... | Colégios — Colégio Gabarito Canoas. Ensino Fundamental 1 & 2. Ensino Médio Pré-Vestibular. Av. Mathias Velho, 185. Shopping Canoas; +55 51 3059-3909. Entre em contato ... | ✨ No Colégio Gabarito Canoas, o aprendizado vai muito ... — ✨ No Colégio Gabarito Canoas, o aprendizado vai muito além da sala de aula! ... Material Didático Infinito do COC. Não entregamos apenas ..."
52054241;COLEGIO COOPEN;Rio Verde;Cooperativa de Ensino de Rio Verde (@coopen.rv) — ... COLÉGIO COOPEN Rio Verde- RioVerde-GO GO. academyenglishbr's profile ... SEGUNDO SEMESTRE 2026 MATRÍCULAS ABERTAS ENSINO FUNDAMENTAL I E II Sem ... | Colégio Classe A e Sistema de Ensino Poliedro, compromisso ... — ... sistema de ensino, tecnologia, material didático. A gente está ... Colégio COOPEN Rio Verde - GO Colocação por matéria 100% de acertos ... | Esse é o colégio Estação Final COC, se quiser vir conhecer ... — ESTAÇÃO FINAL SISTEMA DE ENSINO COC Trote 9º ano Coisas do ... Colégio COOPEN Rio Verde - GO Colocação por matéria 100% de acertos ...
33029490;COLEGIO VERBO DIVINO;Barra Mansa;"Colégio Verbo Divino: desde 1933 fazendo história 🙏🚀 Há ... — Colégio Verbo Divino 1º lugar no ENEM em Barra Mansa Uma conquista ... Ensino Médio forte de verdade Colégio Eduvale SISTEMA DE ENSINO anglo ... | Colégio Verbo Divino on Instagram: ""Abril ainda nem terminou e já ... — Colégio Verbo Divino 1º lugar no ENEM em Barra Mansa Uma conquista ... material didático e escolar, além de muito carinho e atenção. | O Padre Emanuel Ramadhani visitou a Unidade Santa Helena do ... — Elas recebem ensino de excelência, material didático e escolar, além de carinho, atenção e acolhimento. Você também faz parte dessa ..."
33166927;COLEGIO APROVADO;Macaé;Poliedro - Macaé — Somos um grupo educacional composto por Colégio, Curso Pré-vestibular e Sistema de Ensino. ... Winston Churchil, 2179, 2º andar, Cavaleiros, Macaé-RJ. | BOLSÃO APROVADO 🎯 📍 Unidade Macaé – do 4º ano do ... — Photo by Colégio ... Ou por conta de uma estrutura e material didático diferenciado. | Aprovado Instituicao De Ensino Ltda Me — Rua Manoel Francisco Nunes, 420 - Nova Macae, Macaé - RJ. Quer descobrir ... Logo de Sistema De Ensino Fontes De Carvalho – Unidade I. Sistema De Ensino ...
35185619;ATOMO COLEGIO;Presidente Prudente;Alunos Premiados de Escolas Privadas — ATOMO COLEGIO, P, PRESIDENTE PRUDENTE, SP, Bronze. JOÃO FERREIRA ALBERO, NOTRE ... SISTEMA DE ENSINO UNO VERTICE, P, DIVINOPOLIS, MG, Bronze. HEITOR SOARES DE ... | Obqjr 2021 classificados maior 12 — ATOMO COLEGIO. SÃO PAULO. Presidente Prudente. Maria Antonia Soares Silva ... Sistema de Ensino Equipe Canaã dos CarajásPARÁ. Canaã dos Carajás. WILLIAM DE ... | MEDALHA DE OURO — ESQUEMA UNICO EDUCACIONAL DE PRESIDENTE PRUDENTE. SÃO PAULO. Presidente ... ZETA SISTEMA DE ENSINO DE BIRIGUI. SÃO PAULO. Birigui. HUANG PO CHIANG. NIPO ...
35144952;ARGUMENTO COLEGIO;São Paulo;Proposta Pedagógica — O material didático do Sistema Objetivo de Ensino é composto por Cadernos de Atividades, ... São Paulo - SP. Telefone: (11) 2943–1002 www.argumento.com.br ... | Quem somos — Cabe ressaltar que a unidade escolar em questão foi a primeira concessão autorizada pelo OBJETIVO na cidade de São Paulo. Em 1992, foram inauguradas as ... | Alunos Premiados de Escolas Privadas — JARDIM SAO PAULO COLEGIO, P, SÃO PAULO, SP, Sim. BEATRIZ PEREIRA CONDE RAFAEL ... RIO CLARO SISTEMA DE ENSINO, P, RIO CLARO, SP, Sim. DANILO KAZUO MORAES ...
42160383;COLEGIO AZ FLORIPA;Florianópolis;"Integral Itajaí on Instagram: ""O Colégio Integral está entre os 5 ... — ... material didático ... ENEM 2025 Colégio Universo entre os destaques de Florianópolis 23º LUGAR entre as 54 escolas em Florianópolis COLÉGIO ... | O primeiro lugar das escolas estaduais no Enem 2024 ... — ... Colégio AZ Floripa – Florianópolis; 2ª, Colégio Energia – Chapecó ... Sistema de Ensino Equipe Integrado - PA Média: 760,2 | N: 38 ... | Colegio Coc Floripa — ... Florianópolis.Veja mais vídeos sobre Colegio Az Floripa ... Florianópolis, cultura escolar no Brasil ... Material didático completo e atualizado ‍ ..."
35579403;COLEGIO ELITECOL;Campinas;Metodologia Ensino Fundamental II — MATERIAL DIDÁTICO ... OS MELHORES PROFESSORES. A base da equipe de professores do Ensino Fundamental do colégio ELITECol vem sendo consolidada desde a fundação da ... | Metodologia - Ensino Médio - 1º ano — A base da equipe de professores do colégio ELITECol é a própria equipe ... MATERIAL DIDÁTICO. Além dos livros didáticos, selecionados dentre os melhores ... | Bruna Garcia - Professora de Português — Colégio EliteCol Campinas. 13 anos. Professora de ... Seleção das obras literárias trabalhadas em aula e complementação do material didático adotado pelo colégio.
31244457;COLEGIO SANTA MARIA MINAS - UNIDADE NOVA SUICA;Belo Horizonte;Taxa de Distorção Idade/Série - Belo Horizonte — COLEGIO SANTA MARIA MINAS - UNIDADE NOVA SUICA. 0,9%. COLEGIO SANTA PAULA. 1,2 ... SISTEMA DE ENSINO ERIDA DURAES. 10,8%. SISTEMA EDUCACIONAL ATHENA ... | Nome do(a) aluno(a) Escola Modalidade Polo de aplicação — COLEGIO SANTA MARIA MINAS - UNIDADE NOVA SUICA. A. Belo Horizonte. Ana Clara ... SISTEMA DE ENSINO FOCO. B. Montes Claros. Página 95. Page 96. Nome do(a) aluno ... | Alunos Premiados de Escolas Privadas — SISTEMA DE ENSINO UNO VERTICE, P, DIVINOPOLIS, MG, Bronze. HEITOR SOARES DE ... COLEGIO SANTA MARIA MINAS - UNIDADE NOVA SUICA, P, BELO HORIZONTE, MG, Bronze.
43173217;ESCOLA DE ENSINO FUNDAMENTAL E MEDIO SANTA MONICA;Pelotas;Matrícula Inicial por etapa e/ou modalidade de ensino - 2014 — PELOTAS. 43102085 ESC LUTERANA DE ENS FUN DA REDENCAO. Urbana. 0. 15. 75. 0. 0. 0. 0. 90. 5. PELOTAS. 43173217 ESCOLA DE ENSINO FUNDAMENTAL E MEDIO SANTA MONICA. | Alunos Premiados de Escolas Privadas — LIMOEIRO ESC NORMAL RURAL DE, P, LIMOEIRO DO NORTE, CE, Bronze. VITOR ARRIADA OLIVEIRA, ESCOLA DE ENSINO FUNDAMENTAL E MEDIO SANTA MONICA, P, PELOTAS, RS ... | ENEM 2014 — ESCOLA DE ENSINO FUNDAMENTAL E MEDIO SANTA MONICA, PELOTAS, RS, Privada, 80% ou mais, Muito Alto, 586.60, 570.96, 595.86, 560.14, 619.46, 678.89.
35113426;SAO JOSE COLEGIO;Limeira;"100 anos de história… e muitas vidas que fazem essa história ... — são josé COLÉGIO SÃO JOSÉ EDUCAR É ENCANTAR-SE COM A VIDA ... ESCOLA PARCEIRA Bernoulli Sistema de Ensino Colégio Sagrado Coração de Jesus ... | O Colégio São José celebra com alegria o sucesso dos ... — Dia 20 de Junho no colégio São José COLÉGIO SÃO JOSÉ Porto União - SC anglo ... · um ano atrás Cruz e Sousa Sistema de Ensino Cruz e Sousa SÃO ... | Colégio São José on Instagram: ""Vivemos momentos muito ... — Escola Parceira Bernoulli Sistema de Ensino Colégio Sagrado Coração de Jesus ... são josé COLÉGIO SÃO JOSÉ O futuro é humano. apaerodeio's profile ..."
35118503;ALBERT SABIN ESCOLA DE ENSINO MEDIO;Ribeirão Preto;CIE ESCOLA MUNICÍPIO — ALBERT SABIN ESCOLA DE ENSINO MEDIO. RIBEIRAO PRETO. 184846. ALVORADA ... COC RIBEIRÃO PRETO - REDE ÚNICA DE EDUCAÇÃO UNIDADE. 02. RIBEIRAO PRETO. 7840. | Ribeirão Preto 499 escolas — ALBERT SABIN ESCOLA DE ENSINO MEDIO. JOSE CURVELO DA SILVEIRA JUNIOR, 110 - RUA. VILA ANA MARIA. 14026240 Ribeirão Preto - São Paulo. Rede privada / Urbana ... | Alunos Premiados de Escolas Privadas - 16ª OBMEP — ALBERT SABIN ESCOLA DE ENSINO MEDIO, P, RIBEIRAO PRETO, SP, ---, Sim. BRUNA ARISA SHOJI NAKAMURA, ETAPA COLEGIO, P, VALINHOS, SP, Ouro, ---. BRUNA BONIFÁCIO ...
33064024;EDEM;Rio de Janeiro;Você sabia que a EDEM é uma escola com floresta ... — Poliedro Sistema de Ensino Viver Aprendendo Gás Carbônico (CO2) ... SOS MATA ATLÂNTICA INSTITUTO FEDERAL Rio de Janeiro Campus Paracambi ... | A experiência do Ensino Médio no Band combina alta ... — No Radar Enem do Bernoulli Sistema de Ensino você consegue fazer esse tipo de análise! Gente, ano passado, o Enem foi aplicado e nós tivemos ... | O SIGNIFICADO DA EXPERIÊNCIA ESCOLAR PARA ... — de I Lélis · 2005 · Citado por 40 — Rio de Janeiro. Nossa intenção era a de verificar como adolescentes se ... ...comparando com a escola Edem, os pais desse colégio não se caracterizam.
31074250;COLEGIO NOSSA SENHORA DO CARMO;Juiz de Fora;Alunos Premiados de Escolas Privadas - 20ª OBMEP 2025 — COLEGIO NOSSA SENHORA DO CARMO, P, JUIZ DE FORA, MG, Sim. LETICIA MATOS BOGADO, INST N SRA DO CARMO, P, CATAGUASES, MG, Sim. MARIA FERNANDA SILVA LAMOUNIER ... | ENEM 2014 — ATUAL SISTEMA DE ENSINO, SABINOPOLIS, MG, Privada, 80% ou mais, Alto ... COLEGIO NOSSA SENHORA DO CARMO, BORDA DA MATA, MG, Privada, De 60% a 80 ... | MEDALHA DE OURO — SISTEMA DE ENSINO EQUIPE LTDA - EPP. PARÁ. Canaã dos Carajás. CAUÊ CASSIANO DOS ... COLEGIO NOSSA SENHORA DO CARMO. MINAS GERAIS. Viçosa. Natáilia Pereira ...
35105041;MARIA IMACULADA COLEGIO EEIFM;São Paulo;Alunos Premiados de Escolas Privadas - 16ª OBMEP — ANGLO SISTEMA DE ENSINO, P, TATUI, SP, ---, Sim. IAN MAZZUCATTO PUCINELI ... SAO PAULO DA CRUZ COLEGIO PASSIONISTA, P, SÃO PAULO, SP, ---, Sim. IRIS TANG KUANG ... | Lista de Escolas por Estado e Cidade | PDF | Rio de Janeiro — MARIA IMACULADA COLEGIO EEIFM 30 São Paulo SP COL UNIFICADO LINDOIA 301700 ... SISTEMA DE ENSINO FUNDAMENATAL MEDIO E SUPERIOR LTDA-CD 57 João Pessoa PB | ENEM 2013 POR ESCOLA — ... SAO PAULO. Privada. VERTICE COLEGIO UNIDADE II. 715,41. 649,81. 787,28 ... SISTEMA DE ENSINO EQUIPE. 628,66. 596,47. 652,65. 612,81. 652,72. 747 ...
33021724;COL NS DAS DORES;Nova Friburgo;Col Ns Das Dores | Bolsas de Estudo em Nova Friburgo - RJ — Garanta sua bolsa de estudos em Col Ns Das Dores, Nova Friburgo - RJ ... Sistema de ensino. SAS. O sistema de ensino compreende o conjunto de métodos ... | Escolas Particulares — NOVA FRIBURGO 2139 - ASSOCIAÇÃO EDUC CEFEL 2140 - CENTRO EDUC UNIÃO 2141 - COL ANCHIETA 2142 - COL MODELO 2143 - COL NS DAS DORES 2144 - COL NS DAS MERCÊS | Parabéns aos nossos alunos que conquistaram a classificação ... — ... apostila, mostrando o que os alunos já desenvolveram. ... Photo by Colégio Nossa Senhora das Dores - Nova Friburgo on June 16, 2026. ... CAIQUE MARCHON CORREA - COL ...
35158483;STOCKLER COLEGIO;São Paulo;Colégio Stockler | Bolsas de Estudo em São Paulo - SP — Início: 19.08.2013 Horário: Das 16h às 19h10 Duração: 12 semanas Carga horária total: 200 aulas Material didático: 2 apostilas contendo teoria e exercícios de ... | Posição no ranking - média objetiva Nome da escola ... — ... São Paulo. SP. 743,2. 803,2. 713,0. 733,0. 675,0. 852,0. 3 COLEGIO BERNOULLI Belo ... SISTEMA DE ENSINO. EQUIPE INTEGRADO. EIRELI - EPP. Belém. PA. 718,8. 895,9. | Alunos Premiados de Escolas Privadas — RIO CLARO SISTEMA DE ENSINO, P, RIO CLARO, SP, Sim. ANDRE HENRIQUE ALMEIDA GIANETTI DE SOUZA, ARQUIDIOCESANO DE SAO PAULO COLEGIO MARISTA ... STOCKLER COLEGIO, P ...
29093619;COLEGIO NOBRE DE FEIRA DE SANTANA;Feira de Santana;Alunos Premiados de Escolas Privadas — COLEGIO NOBRE DE FEIRA DE SANTANA, P, FEIRA DE SANTANA, BA, Bronze. GUILHERME ... SISTEMA DE ENSINO UNO VERTICE, P, DIVINOPOLIS, MG, Bronze. HEITOR SOARES DE ... | ENEM ESCOLA SIGLA NO_MUNICIPIO NO_ENTIDADE ... — ... SISTEMA DE ENSINO LTDA. Privada. 487,1512195 514,9707317 553 ... COLEGIO NOBRE DE FEIRA DE SANTANA. Privada. 578,1897196 584,5859813 ... | Apesar de novo piso, salário de professor continua baixo — COLEGIO NOBRE DE FEIRA DE SANTANA, 605,78, 654,97. 32º, ALAGOINHAS ... SISTEMA DE ENSINO MESON PI, 551,33, 653,47. 30º, PARAUAPEBAS, Privada ...
43100031;COLEGIO SAO JOSE;Pelotas;Formação vai além do conteúdo. Vai para a quadra, para o ... — Photo by Colégio São José - Pelotas/RS on March 02, 2026. 114 likes ... Sistema de Ensino Anglo Escola São José Tramandaí Desde 2008. | Planilha - Portal Gov.br — COLEGIO SAO JOSE, 43043720. 705, COLEGIO LA SALLE MEDIANEIRA - ESCOLA DE ... CENTRO DE REABILITACAO DE PELOTAS - CERENEPE, 43179347. 746, ESC DE EDUCACAO ... | Alunos Premiados de Escolas Privadas — RIO CLARO SISTEMA DE ENSINO, P, RIO CLARO, SP, Prata. LUCA GRECCO NADDEO, VIVA ... COLEGIO SAO JOSE, P, PELOTAS, RS, Prata. CARLOS EDUARDO CORREA SEVERO, COLEGIO ...
35119982;JARDIM SAO PAULO UNIDADE TREMEMBE COLEGIO;São Paulo;OBMEP 2019 - Alunos Premiados de Escolas Privadas — JARDIM SAO PAULO UNIDADE TREMEMBE COLEGIO, P, SÃO PAULO, SP, Sim. FERNANDA LIMA ... COLEGIO KELVIN SISTEMA DE ENSINO CATANDUVA, P, CATANDUVA, SP, Sim. 317, ANDRE ... | Ensino — ... São Paulo. AGNALDO OLIVEIRA ROSA. 2º ano - Ensino Médio. 13. 11 EEB PROF MAURO ... JARDIM SAO PAULO UNIDADE TREMEMBE COLEGIO. 35119982 SP. São Paulo. Amanda ... | Menção Honrosa 9º Ano Fundamental | PDF | São Paulo — MARIA LUIZA PINTO GUEDES JARDIM SAO PAULO UNIDADE TREMEMBE COLEGIO SÃO PAULO SÃO PAULO ... MAÍRA KEMIL SISTEMA DE ENSINO EQUIPE PARÁ BELÉM LETHÍCIA DAS ...
35151506;MIRANDA COLEGIO DE EIFM;São Paulo;Alunos Premiados de Escolas Privadas - 16ª OBMEP — SAO PAULO DA CRUZ COLEGIO PASSIONISTA, P, SÃO PAULO, SP, Sim. JOÃO PEDRO ALVES DA ... ZETA SISTEMA DE ENSINO DE BIRIGUI, P, BIRIGUI, SP, Sim. MARIA EDUARDA ... | Colégio Miranda | Bolsas de Estudo em São Paulo - SP — Sistema de Ensino SAS - Sistema Ari de Sá - Material didático e soluções ... Veja mais na cidade de São Paulo. Busque por escolas semelhantes com base ... | Ensino — ... São Paulo. ADEMAR CARLOS NUNES NETO. 2º ano - Ensino Médio. 15. 18 COLEGIO ... SISTEMA DE ENSINO. 35159013 SP. Rio Claro. ANA CLARA ALVES DE OLIVEIRA. 3º ano ...
42133114;COLEGIO DA LAGOA;Florianópolis;Colégio da Lagoa – O Colegio da Lagoa é uma escola ... — Material Didático Colegio da Lagoa Florianopolis Sistema Anglo de Ensino Sala de Aula Virtual ... Rua Hyppólito do Valle Pereira 121, Lagoa da Conceição – ... | No próximo sábado, dia 08 de novembro, das 9h às 12h, a ... — ... Florianópolis # ... Livro: Moby Dick Colégio Educare SISTEMA DE ENSINO anglo Trabalho do livro Moby Dick assustadora LEO 7A. | Colégio Da Lagoa Florianópolis — Colégio Da Lagoa Florianópolis · Aula de Artes com a turma do 5º ano: Releitura artística recriando imagens por meio · A turma do 3º ano está desenvolvendo o ...
33042462;CENTRO EDUC SERRA DOS ORGAOS;Teresópolis;Medalhistas de Ouro por Escola | PDF | São Paulo — EMANUEL VALINHOS DE OLIVEIRA ROCHA CENTRO EDUC SERRA DOS ORGAOS RIO DE JANEIRO Teresópolis RENATA GIROTTO IFSC - CAMPUS XANXERE SANTA CATARINA Xanxerê | Alunos Premiados de Escolas Privadas — SEI - SISTEMA DE ENSINO INTERATIVO, P, RIO DE JANEIRO, RJ, Sim. 6, ARTHUR ROXO PY ... CENTRO EDUC SERRA DOS ORGAOS, P, TERESÓPOLIS, RJ, Sim. RAFAEL MONTI NOVAES ... | MEDALHA DE OURO — SISTEMA DE ENSINO EQUIPE LTDA - EPP. PARÁ. Canaã dos Carajás. CAUÊ CASSIANO DOS ... CENTRO EDUC SERRA DOS ORGAOS. RIO DE JANEIRO. Teresópolis. THIAGO PAPALEO ...
42159547;CURSO E COLEGIO INTEGRAL;Itajaí;Prova de Bolsas | Integral Itajaí | Santa Catarina — 4.4 O Sistema de Ensino/Material Didático não faz parte da bolsa, sendo ... ITAJAÍ, 05 de novembro de 2.024. ​CURSO E COLÉGIO INTEGRAL DE ITAJAÍ - SC. | Curso e Colégio Integral Marechal — Material Didático. Material - Ensino ... Integral Marechal: resultados comprovados!!! Unidades Parceiras: Curso Integral de Itajaí. | 20 vaga(s) de Curso e colégio integral – Itajaí, SC - Glassdoor — ... Curso e colégio integral em Itajaí ... Para isso, contamos com uma equipe de profissionais especializados e atualizados, material didático ...
33032882;COL NS DO ROSARIO;Volta Redonda;Escolas Particulares — 2372 - COL NS DO ROSÁRIO 2373 - COL OITO DE JULHO 2374 - COL OLAVO BILAC ... 2500 - SISTEMA DE ENSINO INTEGRADO SEIS LTDA 2501 - SOC EDUC BOTAFOGO LTDA ... | ENEM 2014 — COL NS DO ROSARIO, RIO DE JANEIRO, RJ, Privada, 80% ou mais, Muito Alto ... SOMEC SISTEMA DE ENSINO, RIO DE JANEIRO, RJ, Privada, De 20% a 40 ... | Posição no ranking - média objetiva Nome da escola ... — ... SISTEMA DE ENSINO. EQUIPE INTEGRADO. EIRELI - EPP. Belém. PA. 718,8. 895,9. 715,0 ... VOLTA REDONDA. Volta Redonda RJ. 649,3. 683,5. 637,0. 613,0. 601,0. 746,0.
31353990;SISTEMA EDUCACIONAL BATISTA CASTRO;Juiz de Fora;ALESSANDRO MARQUES CALIL — ... Juiz de Fora (UFJF), com dissertação defendida em junho de 2011, linha de ... Sistema Educacional Batista Castro.Tem experiência na área do Magistério ... | INSCRICAO PESSOA RAZAO SOCIAL CNPJ 119.383/00-4 ... — ... JUIZ DE FORA VIGILANCIA & SEGURANCA FEF LTDA. 04.514.387/0001-55. 119.446/00-6 ... SISTEMA DE ENSINO LTDA. 12.343.871/0001-97. 122.867/00-9. JURIDICA MARIA ... | Edital Vestibular SP Alphaville — material didático para os alunos EaD. Organiza o ambiente virtual de ... SISTEMA DE ENSINO MACKENZIE. Disponível em: https://www ...
35111363;COTET COLEGIO TECNICO DE TAUBATE;Taubaté;Colégio Cotet | Bolsas de Estudo em Taubaté - SP — Sistema de ensino. Bernoulli. O sistema de ensino compreende o conjunto de métodos, práticas pedagógicas, currículos e avaliações que guiam o processo ... | ANÚNCIO DOS CLASSIFICADOS OBT — COTET COLEGIO TECNICO DE TAUBATE. Taubaté - SP. Crânios romanos. Colégio Motiva ... Sistema de Ensino Projetar. Linhares - ES. High-tech cp2. Colégio Pedro ... | PREMIAÇÃO QUIMENINAS 2025- SÉRIE 1° ANO — COTET COLEGIO TECNICO DE TAUBATE. SP. Taubaté certificado GABRIELA PIZZATTO ... SISTEMA DE ENSINO AUTHENTICO. PA. Belém certificado CLARYSSA BARROS DE ...
43043674;COLEGIO LA SALLE - CARMO;Caxias do Sul;Material didático da Positivo já pode ser adquirido — O Colégio La Salle Carmo informa que está disponível para aquisição o material didático da Editora Positivo. Fazendo o pedido até 21 de ... | Depois da chegada ao Brasil, os primeiros Irmãos Lassalistas ... — ... Caxias do Sul. As escolas surgiam aos poucos, muitas vezes em ... O Colégio La Salle Carmo sedia hoje o Encontro de Lideranças Jovens ... | A Província La Salle Brasil-Chile celebrou, no dia 12 de ... — O Colégio La Salle Carmo sedia hoje o Encontro de Lideranças Jovens, promovido pela Comissão de Cultura e Educação da Diocese de Caxias do Sul.
29433380;EPG - ESTABELECIMENTO PARTICULAR DE ENSINO LTDA;Vitória da Conquista;ENEM 2019 — Epg - Estabelecimento Particular de Ensino Ltda, Privada, Vitória da Conquista ... Sistema de Ensino CNEC. CNEC Digital CNEC On Line Alexandria CNEC Provas ENEC ... | ENEM 2014 — ZETA SISTEMA DE ENSINO DE PROMISSAO, PROMISSAO, SP, Privada, 80 ... EPG - ESTABELECIMENTO PARTICULAR DE ENSINO LTDA, VITORIA DA CONQUISTA ... | características escola indicadores prouni — ... SISTEMA DE ENSINO EQUIPE. PA. Belém. Privada. Urbana. 306. Maior que. 90 alunos. 303 ... VITORIA DA CONQUISTA. BA. Vitória da. Conquista. Privada. Urbana. 128.
35141586;UIRAPURU COLEGIO;Sorocaba;Colégio Uirapuru | Bolsas de Estudo em Sorocaba - SP — Garanta sua bolsa de estudos em Colégio Uirapuru, Sorocaba - SP. Descontos exclusivos para garantir a melhor educação para seus filhos! | Alunos Premiados de Escolas Privadas — RIO CLARO SISTEMA DE ENSINO, P, RIO CLARO, SP, Sim. ANDRE HENRIQUE ALMEIDA ... COLEGIO POLITECNICO DE SOROCABA, P, SOROCABA, SP, Sim. ANA CLARA CRUZ NEVES, SAO ... | Posição no ranking - média objetiva Nome da escola ... — ... UIRAPURU COLEGIO. Sorocaba. SP. 665,2. 807,7. 655,0. 653,0. 629,0. 724,0. 99 ... SISTEMA DE ENSINO. EQUIPE. Belém. PA. 630,1. 816,5. 651,0. 613,0. 587,0. 669,0.
35010473;MAPLE BEAR JUNDIAI;Jundiaí;"A Lei nº 13.722/2018, conhecida como Lei Lucas, prevê o ... — ... Maple Bear Jundiaí teve um dia enriquecedor de capacitação voltada ... material didático CPB, além de 50% de desconto no material Happy ... | Lista de reclamações: Conexia Educação — Cancelamento de compra de material didático Lex Education não utilizado após estudante sair da Maple Bear Jundiaí devido a bullying. | Maple Bear Sorocaba on Instagram: ""Muitos pais acreditam ... — ... Maple Bear Jundiaí teve um dia enriquecedor de capacitação voltada ... MSC REDE MSC DE EDUCAÇÃO Poliedro Sistema de Ensino. maplebearsaocarlos's ..."
35112318;SAO JOSE EXTERNATO;Atibaia;"70 anos on Instagram: "" O aprendizado vai muito além da sala ... — Poliedro Sistema de Ensino 70 ANOS EXTERNATO SÃO JOSÉ Arraiá ESJ ... Jornal Estância de Atibaia Externato São José Externato São José ... | Escolas no Ensino Fundamental II em Caetetuba - Atibaia - SP — Colégio Arca Atibaia · Colégio Phoenix · Colégio Atibaia Unidade 2 · Estação Criança · escola caminho certo · Colégio Atibaia Unidade 1 · sao jose externato ... | Escolas em Usina - Atibaia - SP — Estancia Parque de Atibaia - Atibaia - SP. Saiba mais. Logo - ercilia ... Material Didático Incluso. Infantil em alta! Vagas 2026. R$ 1.150,79. R$ 863,09 ..."
13313231;ESCOLAS IDAAM;Manaus;REGIMENTO ESCOLAR — § 2º - Em caso de necessidade de inclusão as Escolas Idaam seguirão o disposto na Resolução n. ... Manaus - AM, 18 de dezembro de 2015. | 🚨ÚLTIMAS VAGAS 2026 Nossas turmas já estão com mais ... — É PRIMEIRO LUGAR NO AMAZONAS! Com muito orgulho, compartilhamos que as Escolas IDAAM conquistaram o 1º lugar no Amazonas no Ranking Enem 2025 ... | Escolas Idaam - Parque Dez — Contam com infraestrutura moderna, material didático de ponta e uma equipe ... José Lopes, 29, Parque Dez de Novembro, Manaus-AM, CEP: 69055-290. Esse ...
35132780;CIDADE DE ARACATUBA COLEGIO;Araçatuba;2016 — Cidade de Aracatuba Colegio, Privada, Araçatuba, SP, 97, 614,01, 628,42, 599,47, 669 ... Sistema de Ensino CNEC. CNEC Digital CNEC On Line Alexandria CNEC ... | Lista de Escolas por Estado e Cidade | PDF | Rio de Janeiro — CIDADE DE ARACATUBA COLEGIO 98 Araçatuba SP ANGLO AMERICANO ESCOLAS ... SISTEMA DE ENSINO FUNDAMENATAL MEDIO E SUPERIOR LTDA-CD 57 João Pessoa PB | características escola indicadores prouni — ... SISTEMA DE ENSINO EQUIPE. PA. Belém. Privada. Urbana. 306. Maior que. 90 alunos. 303 ... CIDADE DE ARACATUBA COLEGIO. SP. Araçatuba. Privada. Urbana. 104. Maior ...
31358266;COLEGIO FENIX DE ENSINO FUNDAMENTAL E ENSINO MEDIO;Pouso Alegre;Colégio Fênix - Ensino Médio — O poder da escolha em suas mãos! O ensino médio do colégio Fênix, em parceria com o Sistema Anglo de Ensino, adota a flexibilidade como princípio de ... | Material Didático — O Sistema Positivo de Ensino promove uma formação de cidadãos positivos, éticos e responsáveis. São mais de 40 anos dedicados à inovação e à excelência no ... | geo (sistema de ensino) - Parnamirim - Colégio Fênix — Sabemos que o material didático adotado por uma escola que trabalha com uma educação de · Há dois anos implantamos no Colégio Fênix o Sistema de Ensino Geo, que ...
35106148;NOSSA SENHORA APARECIDA COLEGIO FRANCISCANO;São Paulo;Alunos Premiados de Escolas Privadas — RIO CLARO SISTEMA DE ENSINO, P, RIO CLARO, SP, Sim. ANDRE HENRIQUE ALMEIDA ... NOSSA SENHORA APARECIDA COLEGIO FRANCISCANO, P, SAO PAULO, SP, Sim. NICHOLAS ... | Rafael Di Gianantonio Lopes (@rafadigianantonio) — VAGAS ABERTAS PARA VOLUNTÁRIOS ⚡️ O material didático utilizado por ... BEER BAR · SÃO PAULO, SP, BRAZIL. La Fraternité Beer Shop - Moema. | MEDALHA DE OURO — SISTEMA DE ENSINO EQUIPE LTDA - EPP. PARÁ. Canaã dos Carajás. CAUÊ CASSIANO DOS ... LEONARDO DA VINCI COLEGIO DE ENSINO FUNDAMENTAL E MEDIO SÃO PAULO. Jundiaí.
43105076;COLEGIO SANTA TERESA DE JESUS PORTO ALEGRE;Porto Alegre;A Geekie, empresa que criou o Geekie One, já impactou mais de ... — ... , a tecnologia de | Colégio Santa Teresa de Jesus - Porto Alegre. Log in · Video. . Colégio Santa Teresa de Jesus - Porto Alegre. Feb 4, 2022· . ... | XV de Outubro: Um Legado Teresiano - Os 60 anos do ... — Porque os alunos gostavam muito do esporte. OCR . . PARAGUAI 2 CHILE URUGU a ideia 4 ARGENTINA 3 STI COLÉGIO SANTA TERESA DE JESUS Porto Alegre ... | A Educação Personalizada não é apenas uma teoria. Ela já ... — Because the true champions don't lift trophies, they lift people. OCR. STJ COLÉGIO SANTA TERESA DE JESUS Porto Alegre - Desde 1965 ALBUM ...
35112586;NOSSA SRA AUXILIADORA COLEGIO SALESIANO;Campinas;ENEM 2013 POR ESCOLA — ... CAMPINAS. Estadual CAMPINAS COLEGIO TECNICO DE - UNICAMP. 654,90. 603 ... NOSSA SRA AUXILIADORA COLEGIO SALESIANO. 629,57. 591,29. 693,09. 588 ... | RELAÇÃO DE INSCRIÇÕES RECEBIDAS NO 15º ... — SISTEMA DE ENSINO EQUIPE. PRIVADA. PARAGOMINAS. 5. EMEIEF ASSOCIAÇÃO DA ... CAMPINAS DO SUL. 4. ESC EST ENS FUN NOSSA SENHORA DA PAZ. PÚBLICA ... | Classificados da 3ª e 4ª séries para a Prova 2 da Seletiva ... — CAMPINAS COLEGIO TECNICO DE - UNICAMP. Giovana Maria Vechiato Neves. IA ... NOSSA SRA.AUXILIADORA COLEGIO SALESIANO. Vanessa Dos Santos Marques. SAO LUCAS ...
35137881;ATIBAIA COLEGIO INTEGRADO DE;Atibaia;OBMEP 2019 - Alunos Premiados de Escolas Privadas — CIDADE DE ATIBAIA COLEGIO, P, ATIBAIA, SP, Sim. ISRAEL ALVES DE OLIVEIRA, ETAPA ... COLEGIO KELVIN SISTEMA DE ENSINO CATANDUVA, P, CATANDUVA, SP, Sim. 317, ANDRE ... | Escolas em Itapetininga na cidade de Atibaia — Logo - atibaia colegio integrado de. Atibaia ... Material Didático Incluso. Infantil em alta! R ... Outros bairros em Atibaia. Alvinopolis · Atibaia · Atibaia ... | ENEM 2014 — ATIBAIA COLEGIO INTEGRADO DE, ATIBAIA, SP, Privada, 80% ou mais ... ZETA SISTEMA DE ENSINO DE PROMISSAO, PROMISSAO, SP, Privada, 80% ou mais ...
35802839;ARBOS COLEGIO UNIDADE MARECHAL DEODORO;São Caetano do Sul;"Alunos Premiados de Escolas Privadas — ARBOS COLEGIO UNIDADE MARECHAL DEODORO, P, SAO CAETANO DO SUL, SP, Sim. PIETRO ... ANGLO SISTEMA DE ENSINO, P, TATUI, SP, Sim. FELIPE VERAS DOS SANTOS, VISCONDE ... | 2014 — Arbos Colegio Unidade Marechal Deodoro, Privada, São Caetano do Sul, SP, 21, 573 ... Sistema de Ensino CNEC. CNEC Digital CNEC On Line Alexandria CNEC Provas ... | Coree International School on Instagram: "" Tradições passam ... — SECRETARIA DE EDUCAÇÃO #tebetê BAR HOTEL Oscar Niemeyer PREFEITURA DE SÃO CAETANO DO SUL ... Sistema de Ensino Google for Education ..."
25093096;COLEGIO PIO XI;João Pessoa;"PIO XI Colégio e Cursos — Há mais de quarenta anos, o Colégio Pio XI oferece educação de excelência ... JOÃO PESSOA - PB CEP: 58036-391. secretaria@pioxi.com.br. (83) 3246-1245 ... | Pio XI Bessa on Instagram: ""O Colégio Pio XI comemora ... — ... João Pessoa 2° Lugar de Linguagens na Paraíba 2° Lugar de Ciências ... parceria com o material didático deles. Foi um período de muito ... | O Colégio Propósito é Top 2 no ENEM entre as escolas de ... — ... João Pessoa 2° Lugar de Linguagens na Paraíba 2° Lugar de Ciências ... Poliedro Sistema de Ensino. 1º lugar em Timon e entre as 15 ..."
33168202;CENTRO EDUCACIONAL PRE UNIVERSITARIO;Araruama;"Nossa História — Sistema de Ensino ... material didático da instituição. Não demorou muito para que o nome da escola ficasse conhecido em Araruama e a procura aumentasse. | Colégio Pré-Universitário | Ensino de Excelência — Localização. Centro Educacional Pré-Universitário. Sistema SAS-Bahiense de Ensino. Rua Conselheiro Macedo Soares, 165. Centro - Araruama - RJ. CEP: 28.970-000 ... | Missões, desafios e aprendizado com resultados! 🎮📖 A ... — ... material didático e personalizadas para cada estudante. Estudos ... araruama""."
35125436;SAPIENS CURSO E COLEGIO;São Carlos;"Collegium Sapiens on Instagram: ""Você conhece o Sapiens ... — 430 87 1 35125436 SAPIENS CURSO E COLÉGIO Privada SP São Carlos 38 ... Material didático de excelência Professores especializados e o ... | O CASDinho é formado por uma equipe incrível ... — sistema de Ensino Etapa no Domus COLÉGIO DOMUS Sapiens 30 Anos ... Entre todas as redes de ensino de São Carlos, o Sapiens Curso e Colégio ... | Alunos Premiados de Escolas Privadas - 16ª OBMEP — SAPIENS CURSO E COLEGIO, P, SÃO CARLOS, SP, Sim. PEDRO AKIRA NORONHA OIKAWA ... ZETA SISTEMA DE ENSINO DE BIRIGUI, P, BIRIGUI, SP, Sim. MARIA EDUARDA BATISTA SÁ ..."
21292990;AUDAZ COLEGIO LTDA;São Luís;Regras do Sorteio do Material Didático • Quem pode ... — Regras do Sorteio do Material Didático • Quem pode participar ... Audaz Colegio Ltda – São Luís – Calhau – Nota: 657.97. D Pedro II ... | Mais uma edição do aulão ENEM NOTA 1000, projeto que ... — Audaz Colegio Ltda – São Luís – Calhau – Nota: 657.97. D Pedro II ... E o melhor: com material didático gratuito e conteúdo acessível para todos. | Reel by CETI Inês Rocha (@ceti.inesrocha) · June 23, 2026 — COLÉGIO Omega SISTEMA DE ENSINO Anglo Hoje celebramos uma ... Audaz Colegio Ltda – São Luís – Calhau – Nota: 657.97. D Pedro II ...
33042560;COL NS DO CARMO;Teresópolis;Posição no ranking - média objetiva Nome da escola ... — ... SISTEMA DE ENSINO. EQUIPE INTEGRADO. EIRELI - EPP. Belém. PA. 718,8. 895,9. 715,0 ... Teresópolis. RJ. 642,2. 736,7. 656,0. 611,0. 604,0. 699,0. Page 18. Posição ... | MEDALHA DE OURO — ZETA SISTEMA DE ENSINO DE BIRIGUI. SÃO PAULO. Birigui. Luã do Carmo Ribeiro ... COL NS DO CARMO. RIO DE JANEIRO. Teresópolis. Bruna Santiago Guimaraes. | características escola indicadores prouni — ... SISTEMA DE ENSINO EQUIPE. PA. Belém. Privada. Urbana. 306. Maior que. 90 alunos. 303 ... Teresópolis. Privada. Urbana. 73. De 61 a. 90 alunos. 72. 98.63. 0. 80% ...
35431436;LICEU CONTEMPORANEO ENSINO MEDIO;Ribeirão Preto;CIE ESCOLA MUNICÍPIO — CAPELLA KIDS SISTEMA DE ENSINO EIRELI- ME. RIBEIRAO PRETO. 262985. CARLA ... COC RIBEIRÃO PRETO - REDE ÚNICA DE EDUCAÇÃO UNIDADE. 02. RIBEIRAO PRETO. 7840. | Roberta Duarte Coteiro — ... Ribeirão Preto da Universidade de São Paulo, USP, 2001. Doutora em Ciências ... LICEU CONTEMPORÂNEO, ENSINO MÉDIO. , Rua Paraíso 369, Vila Tibério ... | Ribeirão Preto 499 escolas — CAPELLA KIDS SISTEMA DE ENSINO EIRELI ME. HENRIQUE FRANCO, 145. ALTO DA BOA VISTA. 14025280 Ribeirão Preto - São Paulo. Rede privada / Urbana · CARACOL BABY ...
53020600;COL FLEMING AGUAS CLARAS;Brasília;"O Ensino Médio é uma etapa decisiva na formação ... — ... Brasília (UnB) é reflexo de uma trajetória construída com excelência ... Sistema de Ensino, em uma conversa sobre a importância da ... | Mais uma conquista para celebrar! Parabenizamos nossa ... — ... Brasília, por meio da nota do ENEM. Que esta nova etapa seja ... EM 2º LUGAR COL FLEMING AGUAS CLARAS (ATUAL ESCRITA ÚNICA) NO ... | Colégio Futura on Instagram: ""Uma redação pode ser o ... — TOP 9 DE BRASÍLIA EU ESTUDANTE Enem 1. Colégio Levorsse (antigo ... EM 2º LUGAR COL FLEMING AGUAS CLARAS (ATUAL ESCRITA ÚNICA) NO ..."
41030095;PREMIER C - EI EF M;Londrina;Material Didático | Sistema Mackenzie de Ensino — Nosso material didático busca promover uma aprendizagem significativa, apresentando os objetos do conhecimento de forma contextualizada e próxima à realidade do ... | VERSA Sistema de Ensino — Apresentamos o VERSA Sistema de Ensino, uma solução educacional inovadora e estratégica para os Anos Finais do Ensino Fundamental e Ensino ... | Busca de escolas, municípios e estados — Encontre de forma rápida e fácil, dados educacionais do Censo Escolar, da Prova Brasil e do Ideb para cada escola, município e estado brasileiro.
41063309;COL PONTAGROSSENSE-EDUC INF ENS FUND ENS MED;Ponta Grossa;Alunos Premiados de Escolas Privadas - 16ª OBMEP — COL PONTAGROSSENSE-EDUC INF ENS FUND ENS MED, P, PONTA GROSSA, PR, ---, Sim. EMILLY DOS SANTOS CAVALHEIRO, COLEGIO DO BOSQUE MANANCIAIS, P, CURITIBA, PR, --- ... | UNIDADE DA FEDERAÇÃO MUNICÍPIO ESCOLA ... — ... SISTEMA DE ENSINO EQUIPE. PRIVADA. 174. 173. 587,85. 655,31. 637,97. 597,23 ... PONTA GROSSA. COL PONTAGROSSENSE-EDUC INF ENS FUND ENS MED. | Apesar de novo piso, salário de professor continua baixo — PONTA GROSSA, Privada, COL PONTAGROSSENSE-EDUC INF ENS FUND ENS MED, 621,76, 623,25. 17º, LONDRINA, Privada, MAXI COL - EDUC INF ENS FUND E MED ...
43123988;COLEGIO RIACHUELO;Santa Maria;Quem somos — Instituição genuinamente de Santa Maria, figura entre as principais escolas do sul do país. ... O Colégio Riachuelo utiliza o material didático do Sistema Anglo ... | Colégio Riachuelo — Colégio Riachuelo. 12h· . . Orgulho que transborda ❤️ No JESMA 2025, o Colégio Riachuelo conquistou o 3º lugar geral em Santa Maria! Mais do que medalhas ... | A Educação Infantil do Colégio Riachuelo é o início de ... — 1º EM SANTA MARIA, 31º ... Centro de Educação Infantil Reencantar Sistema de Ensino Anglo O que você procura quando pensa na escola ideal?
31006424;COLEGIO FRANCISCANO SAGRADA FAMILIA;Belo Horizonte;Fundamental I – Anos Iniciais — Aqui no Colégio Franciscano Sagrada Família as crianças do Ensino ... Sistema de Ensino. O Bernoulli é uma plataforma de ensino e aprendizagem completa ... | O Colégio Franciscano Sagrada Família se alegra em ... — ... material didático, os estudantes confeccionaram uma corrente de ... BELO HORIZONTE UM LUGAR ONDE VOCÊ PODE SENTIR UMA ATMOSFERA ... | Colégio Franciscano Sagrada Família cria salas de aulas ... — ... Colégio Franciscano Sagrada Família na cidade de Belo Horizonte, Colégio Franciscano Imaculada Conceição em Governador Valadares, Colégio ...
33120986;COOPERATIVA EDUCACIONAL ESCOLA FRIBOURG;Nova Friburgo;Escola Fribourg | Escola em Nova Friburgo on Instagram ... — ... Sistema de Ensino Poliedro ... Concurso Cultural Amigos da Água NOVA FRIBURGO PREFEITURA Olhar Ambiental EDUCAÇÃO Águas de Nova Friburgo ... | Ao longo dos seus 16 anos de Escola Fribourg, Esther ... — ... sistema de ensino ... Maximiliano Falck, 380 - Ypu, Nova Friburgo. escolafribourg's profile picture · escolafribourg. •. Follow · Nova Friburgo. | Julho é o Mês do Cooperativismo, e para celebrar essa data ... — Foi dessa união que nasceu a Cooperativa Educacional Escola Fribourg. ... Photo by Escola Fribourg | Escola em Nova Friburgo on March 13, 2026.
35112773;IMACULADA INSTITUTO EDUCACIONAL;Campinas;Conheça o Imaculada Campinas - Excelência no ensino do ... — Material didático: Bernoulli Sistema de Ensino (a partir do Infantil I) com Bilíngue – Dive. ... Campinas em novembro de 1947, para iniciar ... | nosso aluno do Imaculada Campinas, Francisco Carluccio ... — ... Sistema de Ensino 5 e 6 de setembro de 2026 IECJ - Bragança Paulista ... Instituto Educacional Imaculada Instituto Educacional Coração ... | Alunos Premiados de Escolas Privadas — RIO CLARO SISTEMA DE ENSINO, P, RIO CLARO, SP, Sim. ANDRE HENRIQUE ALMEIDA ... OBJETIVO COLEGIO DE CAMPINAS UNIDADE BARAO GERALDO, P, CAMPINAS, SP, Sim. LUARA ...
35004215;COESO EDUC;São José do Rio Preto;Programa Nacional Olimpíadas de Química ... — ... Sistema De Ensino Equipe Cristal. 8° ano. PARÁ. Belém. Gabriel Santiago Silva ... São José Do Rio Preto. Victoria Gabrielle Carvalho Franco. Vem Ser Colegio. | Obqjr 2021 classificados maior 12 — São José do Rio Preto. MARIANA GONÇALVES DE GODOY. COLÉGIO VILLA LOBOS ... Sistema de Ensino Equipe Canaã dos CarajásPARÁ. Canaã dos Carajás. WILLIAM DE ...
35117614;SAGRADO REDE DE EDUCACAO PBSCJ PROVINCIA BRASILEIRA SAGRADO CORACAO DE JESUS;Marília;Colégio Sagrado Coração de Jesus - Marília/SP - Home — Há mais de 60 anos, o Sistema Anglo estimula a autonomia e empoderamento dos alunos. Hoje, promove o Ciclo de Melhoria da Aprendizagem para que eles desenvolvam ... | Solução Educacional para Escolas | Conquista — A Conquista é uma Solução Educacional que atende e acolhe as reais necessidades de cada escola. Desde os primeiros passos na Educação Infantil até os ... | Sucesso Sistema de Ensino — Institucional · Catálogo · Contato · Sucesso Digital · Sucesso Digital. ‹ › Veja os destaques. Nosso catálogo. Educação Infantil · Ensino Fundamental I ...
33055882;COLEGIO NOSSA SENHORA DA ASSUNCAO;Niterói;Alunos Premiados de Escolas Privadas — SEI - SISTEMA DE ENSINO INTERATIVO, P, RIO DE JANEIRO, RJ, Sim. MARIA LUIZA BERTIN ... COLEGIO NOSSA SENHORA DA ASSUNCAO, P, NITERÓI, RJ, Sim. JOAO PEDRO MACHADO ... | Grátis: Baixadas Litorâneas - BL - Material Claro e Objetivo ... — 33055882 OBRAS SOCIAIS E CULTURAIS FELICIANAS COLEGIO NOSSA SENHORA DA ASSUNCAO Niterói ... APOSTILA - ANEXO A PORTARIA BAIXADAS LITORÂNEAS ... | Ensino — ... Niterói. Alice Maciel Pinheiro da Cruz. 2º ano - Ensino Médio. 13. 12 LICEU ... SISTEMA DE ENSINO. 35159013 SP. Rio Claro. ANA CLARA ALVES DE OLIVEIRA. 3º ano ...
43105149;COLEGIO BOM JESUS SEVIGNE;Porto Alegre;Colégio Bom Jesus Un. Sévigné - Porto Alegre - RS — - Material Didático Próprio · - Proximidade com a ... - Material Didático Próprio ... O Colégio Bom Jesus Sévigné, localizado na região central de Porto Alegre ... | Blog Colégio Bom Jesus | Isso é Amorografia — Colégio Bom Jesus Sévigné - Porto Alegre. Rio Grande. Colégio Bom Jesus Joana ... - Material Didático Próprio · - Proximidade com a Família · - Preparação ... | Os alunos dos 1º períodos da Educação Infantil viveram ... — ... material didático do Bernoulli Sistema de Ensino ... material didático do Bernoulli Sistema de Ensino ... Colégio Bom Jesus Sévigné, em Porto Alegre (RS) ...
31166359;ASSEIJ - COLEGIO NOSSA SENHORA DAS DORES;Uberaba;RESULTADO DA XV OLIMPÍADA BRASILEIRA DE ... — SISTEMA DE ENSINO EQUIPE INTEGRADO EIRELI - EPP. PRATA. ANA BEATRIZ CASTANHO ... ASSEIJ COLEGIO NOSSA SENHORA DAS DORES. MENÇÃO HONROSA MARIA EDUARDA ... | ENEM 2013 POR ESCOLA — ... SISTEMA DE ENSINO EQUIPE. 628,66. 596,47. 652,65. 612,81. 652,72. 747,74 ... UBERABA. Privada. COLEGIO CENECISTA DR JOSE FERREIRA. 623,79. 588,10. | Apresentação do PowerPoint - Prefeitura de Belo Horizonte — alimentação, material didático e bolsas. (trabalho/permanência). 89.898. 1.199 ... Asseij- Colégio Nossa Senhora Das Dores. •. Assistencia E Promoção Social ...
31341550;COLEGUIUM - UNIDADE JARDIM CANADA;Nova Lima;"Colegium Jardim Canadá: Demora Excessiva e Descaso na ... — Total desrespeito da equipe do COLEGUIUM unidade JARDIM CANADÁ em Nova Lima - MG. ... Retenção de material didático e constrangimento de aluna. 28/04/2026 ... | Alunos Premiados de Escolas Privadas - 16ª OBMEP — SISTEMA DE ENSINO FOCO, P, MONTES CLAROS, MG, Sim. FERNANDO DE MORAES FAQUIM, COLEGIO ... COLEGUIUM - UNIDADE JARDIM CANADA, P, NOVA LIMA, MG, Sim. SARA KATHRYN ... | Últimas avaliações sobre a empresa Coleguium — Nova Lima, MG ... Não há muito espaço para inovação, e atualização de métodos. Professores atuam como aplicadores de material didático; pouco espaço para ..."
43216684;COLEGIO JOAO PAULO;Porto Alegre;"Documentos - JPSul - Colégio João Paulo I — Ensino Médio. (51) 98116-8312. Localização. Tv. Pedra Redonda, 400 – Ipanema, Porto Alegre – RS, 91760-630. Copyright © 2026 JPSul - Colégio João Paulo I. | Matriculas abertas!🦁🐾 O Colégio Anglo Porto Alegre é um ... — ... Material didático físico e digital com plataforma Plurall • Cursinho ... sistema de ensino do país e a marca de quem mais aprova nos ... | Colégio João Paulo I on Instagram: "" Um novo capítulo se ... — ... Colégio João Paulo I? O futuro está aqui, pronto para ser vivido ... A tradicional EEM João Paulo II agora será na Rua Porto Alegre, no ..."
50034197;COLEGIO MASTER LTDA;Campo Grande;Top 3 no Brasil no Enem 🏆 1º lugar em Campo Grande e ... — ... Campo Grande e no Mato Grosso do Sul O colégio que mais aprova no ... SISTEMA DE ENSINO anglo LEÃO DE OURO 2019 • 2020 • 2021 • 2022 ... | Enem 2025: conheça as 15 escolas com as maiores notas ... — Colégio Classe A - 718,05 - Campo Grande (Mato Grosso do Sul) - Particular - Sem informação ... Colégio Master Ltda - 662,64 - Campo Grande ... | PREMIAÇÃO QUIMENINAS 2025- SÉRIE 2° ANO — COLEGIO INTENSIVO SISTEMA DE ENSINO LTDA. AL. Maceió. Certficado LAYLA MICHELE ... COLEGIO MASTER LTDA. MS. Campo Grande. Certficado Daniella Branchini Lopes ...
33032858;COLEGIO ARCOVERDE - UNIDADE MACEDO SOARES;Volta Redonda;"Colégio Arcoverde Unidade Macedo Soares ... — ... Sistema de Ensino Bernoulli ‍♂️ Programa Bilíngue Cambridge Press Volta Redonda – RJ. ... 80 anos de histórias ... | Mariana Coura Ribeiro - COLÉGIO ARCOVERDE — Diretora Escolar | COLÉGIO ARCOVERDE - UNIDADE MACEDO SOARES. Colégio Arcoverde UGB - Centro Universitário Di Biase. Volta Redonda, Rio de Janeiro, Brasil. 484 ... | 20+ ""Mariana Coura"" profiles — Diretora Escolar | COLÉGIO ARCOVERDE - UNIDADE MACEDO SOARES. Volta Redonda, RJ. Colégio Arcoverde, +3 more. UGB - Centro Universitário Di Biase, +2 more ..."
35450339;SANTA ROSALIA COLEGIO;Sorocaba;Alunos Premiados de Escolas Privadas - 16ª OBMEP — SANTA ROSALIA COLEGIO, P, SOROCABA, SP, ---, Sim. DANIEL FERRIANI DE CHICO ... ANGLO SISTEMA DE ENSINO, P, TATUI, SP, ---, Sim. IAN MAZZUCATTO PUCINELI, ABSOLUTO ... | MEDALHA DE OURO — SISTEMA DE ENSINO EQUIPE LTDA - EPP. PARÁ. Canaã dos Carajás. CAUÊ CASSIANO DOS ... POLITECNICO DE SOROCABA COLEGIO FUA. SÃO PAULO. Sorocaba. VINICIUS ... | Ensino — ... Sorocaba. ANA BEATRIZ CANTON MEGA. 2º ano - Ensino Médio. 14. 15 BRASILIA DE SAO ... SISTEMA DE ENSINO. 35159013 SP. Rio Claro. ANA CLARA ALVES DE OLIVEIRA. 3º ...
26184834;COLEGIO MOTIVO CARUARU;Caruaru;05/mai/99 03/mai/99 21/set/98 19/dez/99 16/mar/00 14/nov ... — COLEGIO MOTIVO CARUARU. PE. 518 MARIA EDUARDA SÃ• ABU-ADIYA. 56. COLEGIO NUCLEO ... SISTEMA DE ENSINO EQUIPE. PA. 978 RAFAEL SILVA LEMOS. 50. E E I F M TENENTE ... | Notas de Alunos por Escola e Município | PDF | Brasil — MarÃ-lia Martins dos Santos 19 SISTEMA DE ENSINO EQUIPE BELÉM Samira Alves 19 ... DA SILVA 23 COLEGIO MOTIVO CARUARU CARUARU MANUELA REVOREDO 23 ESCOLA ... | RESULTADO PRELIMINAR DA XII OBB – 2ª FASE A OBB ... — ... SISTEMA DE ENSINO SP 315 EDUARDO DE MEDEIROS CARLOS 60 COC - MACEIO AL ... COLEGIO MOTIVO CARUARU PE 410 DOMINIQUE SILVA LIMA 58 INST DOM BARRETO PI ...
53005899;INSTITUTO EDUCACIONAL SANTO ELIAS;Brasília;O futuro começa AGORA! O IESE tem projetos, tem valores ... — ... Instituto Educacional Santo Elias: Uma proposta de valores para a ... Colégio La Salle Brasília. Follow · escolasesi.joinville's profile ... | Instituto Educacional Santo Elias on ... — Brasília DF. Photo by Instituto Educacional Santo Elias on July 03, 2026. May be ... INSTITUTO EDUCACIONAL SANTO ELIAS FTD Sistema de Ensino ... | Bem-vindos ao Instituto Educacional Santo Elias, o lugar onde ... — Brasília DF. Photo by Instituto Educacional Santo Elias on July 03, 2026. May be ... INSTITUTO EDUCACIONAL SANTO ELIAS FTD Sistema de Ensino ...
43008895;ESCOLA DE ENSINO MEDIO IMPULSO AO SABER;Bento Gonçalves;"O reconhecimento é importante, mas o impacto que ... — ... Bento Gonçalves e o 1º lugar em Redação. Em 2025, avançamos para o ... ESCOLA DE ENSINO MEDIO IMPULSO AO SABER INEP: 43008895 15 ... | preparar nossos alunos para conquistar as melhores ... — Sistema de Ensino Positivo que desenvolve NO UNI TODO CRESCIMENTO É ÚNICO! ... Bento Gonçalves e o 1º lugar em Redação. Em 2025, avançamos ... | Colégio Santa Catarina on Instagram: "" 1º LUGAR EM ... — ... material didático ... Enem 2k26 1º lugar no estado do Paraná é Poliedro Sistema de Ensino COLÉGIO DO BOSQUE MANANCIAIS Poliedro Sistema de Ensino ..."
29093627;COLEGIO PADRE OVIDIO;Feira de Santana;"Manual do Estudante 2026.cdr — O aprendizado é um ato dinâmico e contínuo; e, para contribuir com esse processo, adotamos material didático pedagógico que serve de suporte para a ... | FTD Sistema de Ensino em Feira de Santana — No dia 21 de julho, o FTD Sistema de Ensino marcou presença na II Feira das Profissões do Colégio Padre Ovídio, em Feira de Santana, na Bahia. | Colégio Padre Ovídio (@colegiopadreovidio) — Em mais uma ação do Projeto Didático ""Feira de Santana e seus Encantos"" que ..."
33008221;CENTRO EDUCACIONAL NOSSA SENHORA AUXILIADORA;Campos dos Goytacazes;Unidades — ... MATERIAL DIDÁTICO DE INGLÊS Guia de compra do ... Escola. Logo Salesiano. Centro Educacional Nossa Senhora Auxiliadora (CENSA) Campos dos Goytacazes - RJ. | Os pequenos da Escola Infantil do turno da tarde também ... — Centro Educacional Nossa Senhora AUXILIADORA 301 COM GARRA! VAI ... OLIMPÍADA MIRIM CENSA Liza Bernoulli Sistema de Ensino ... | Estamos com as matrículas abertas para a Escola Infantil do ... — ... Sistema de Ensino com melhor resultado no ... Campos dos Goytacazes. 01:36. No Núcleo de Prática Jurídica (NPJ) do ...
35136050;LEONARDO DA VINCI COLEGIO DE ENSINO FUNDAMENTAL E MEDIO;Jundiaí;Alunos Premiados de Escolas Privadas - 20ª OBMEP 2025 — LEONARDO DA VINCI COLEGIO DE ENSINO FUNDAMENTAL E MEDIO, P, JUNDIAI, SP, Bronze ... SEI - SISTEMA DE ENSINO INTERATIVO, P, RIO DE JANEIRO, RJ, Bronze. JOÃO ... | Ensino — ... SISTEMA DE ENSINO. 35159013 SP. Rio Claro. ANA CLARA ALVES DE OLIVEIRA. 3º ano ... Jundiaí. 35290981 SP. Jundiaí. ANA LUISA GOMES VIEIRA. 2º ano - Ensino Médio. | MEDALHA DE OURO — SISTEMA DE ENSINO EQUIPE LTDA - EPP. PARÁ. Canaã dos Carajás. CAUÊ CASSIANO DOS ... LEONARDO DA VINCI COLEGIO DE ENSINO FUNDAMENTAL E MEDIO SÃO PAULO. Jundiaí.
42108764;COLEGIO DOM JAIME CAMARA;São José;COLÉGIO DOM JAIME CÂMARA — CEP 88102-300 - São José - Santa Catarina e-mail: domjaime ... O Anglo Sistema de Ensino é uma empresa educacional de São Paulo, altamente. | PDF 2025 12 17 15 20 59 — O Colégio Dom Jaime Câmara apresenta a lista de ... Sistema de Ensino para fornecer materiais didáticos de alta qualidade ... CEP 88102-300 - São José - Santa ... | CCE CURSO DE PÓS-GRADUAÇÃO EM TRADU — espanhol como um material didático ... período vespertino do Colégio Dom Jaime Câmara, que chamarei de 'questionário piloto'. ... São José ao utilizar seu ...
31379719;COLEGIO RUTHERFORD;Sete Lagoas;"Colégio Rutherford — Equipe. O Colégio Rutherford conta com uma equipe de professores altamente respeitados. · Acompanhamento Psicológico · Material Didático · Localização Privilegiada ... | Colégio Rutherford on Instagram: ""Com uma equipe de ... — ... material didático do país, resultados extraordinário com esses estudantes. ... COLÉGIO Rutherford escola parceira Bernoulli Sistema de Ensino ... | Colégio Rutherford lidera ranking do Enem em Sete ... — ... Sistema de Ensino Bernoulli, o Colégio Rutherford, de Sete Lagoas, alcançou novamente o 1º lugar no município, no quesito escolas com menos ..."
31006491;ESCOLA BALAO VERMELHO;Belo Horizonte;"Ensino Fundamental I - Balão Vermelho — Mangabeiras, Belo Horizonte – MG, 30210-190. Quer conhecer a Escola Balão Vermelho? Clique aqui! Já faz parte da Escola Balão Vermelho? Tel: (31) 3500-8320. | Há mais de 50 anos, a Escola Balão Vermelho, em Belo ... — Há mais de 50 anos, a Escola Balão Vermelho, em Belo Horizonte ... material didático em escolas particulares IMPACTTO NEWS ... | Escola Balão Vermelho Alicerce on Instagram: "" Encontrar a ... — Somos o 1º lugar em Redação em Belo Horizonte! Porque uma ... Material didático com pagamento facilitado ‍ Equipe dedicada ..."
42080258;COLEGIO SAO LUIZ;Brusque;Histórico — ... Brusque, dando início à Escola Técnica de Comércio São Luiz, dedicada à ... O reconhecimento do Colégio São Luiz pelo Ministério da Educação e Cultura ... | Colégio e Faculdade São Luiz (@colegioefaculdadesaoluiz) — O ... material didático Bernoulli. Em duplas, cada criança imaginou sua ... | Colégio São Luiz lança novo sistema de ensino para 2022 — Colégio São Luiz lança novo sistema de ensino para 2022. Estudantes terão ... O Bernoulli Sistema de Ensino possui material didático organizado para o ...
35161123;RODIN COLEGIO;Indaiatuba;Posição no ranking - média objetiva Nome da escola ... — ... SISTEMA DE ENSINO. EQUIPE INTEGRADO. EIRELI - EPP. Belém. PA. 718,8. 895,9. 715,0 ... Indaiatuba. SP. 628,0. 698,4. 624,0. 616,0. 598,0. 674,0. Page 32. Posição ... | Alunos Premiados de Escolas Privadas — RIO CLARO SISTEMA DE ENSINO, P, RIO CLARO, SP, Sim. ANDRE HENRIQUE ALMEIDA ... COLEGIO RENOVACAO ANGLO INDAIATUBA, P, INDAIATUBA, SP, Sim. RAFAEL NOGUEIRA ... | 2014 — Rodin Colegio, Privada, Indaiatuba, SP, 51, 604,18, 644,78, 600,90, 658,65, 652,16 ... Atual Sistema de Ensino, Privada, Sabinópolis, MG, 16, 611,51, 642,66, 590, ...
43112790;COLEGIO BOM JESUS JOANA D ARC;Rio Grande;O Colégio Bom Jesus Joana d'Arc, em Rio Grande (RS) ... — O Colégio Bom Jesus Joana d'Arc, em Rio Grande (RS), recebeu uma ... Escola da Inteligência, Programa Escola Segura, Sistema de Ensino POSITIVO. | Agende uma visita | Colégio Bom Jesus: Uma lição de vida — Colégio Bom Jesus Joana d'Arc - Rio Grande ... Material Didático Próprio · Proximidade com a ... Material Didático Próprio · Proximidade com a Família ... | Blog Colégio Bom Jesus | Isso é Amorografia — Colégio Bom Jesus Joana d'Arc - Rio Grande. Vacaria. Colégio Bom Jesus São ... - Material Didático Próprio · - Proximidade com a Família · - Preparação que ...
31123544;COLEGIO LEONARDO DA VINCI;Patos de Minas;"O 1º lugar no ENEM 25/26 é fruto de uma engrenagem que ... — COLEGIO LEONARDO DA VINCI Patos de Minas Minas Gerais Privada Urbana Posição Escola Cidade ... | Bolsas de Estudo Colégio Leonardo da Vinci — O material didático, alinhado à Base Nacional Comum Curricular (BNCC) ... Em resumo, o Colégio Leonardo da Vinci de Patos de Minas busca formar ... | Colégio Padrão on Instagram: "" O TOPO É NOSSO! É com ... — ... Patos de Minas, né, a Olimpíada Brasileira de Matemática das escolas ... Poliedro Sistema de Ensino. 1º lugar em Anápolis e 2ª melhor ..."
51068931;ESCOLA AVANCE;Tangará da Serra;"Avance Colégio e Cursos (@avancecolegioecursos) — NOVIDADE de 2026! O Colégio Avance tem um novo Sistema de Ensino, agora, somos COC! Parceria que fortalece sonhos, amplia aprendizados e constrói futuros! COC + ... | Alunos Premiados de Escolas Privadas - 16ª OBMEP — Material Didático. Provas e Soluções · Banco de Questões · Apostilas do PIC ... ESCOLA AVANCE, P, TANGARA DA SERRA, MT, Sim. RAFAELA GNOATTO MULINARI, CENTRO DE ... | Enem 2025: conheça as escolas com as maiores notas de ... — Farina Sistema de Ensino – Cuiabá – Areão – Nota: 668.92; Inst ... Escola Avance – Tangará da Serra – Jardim Cidade Alta – Nota: 648.85 ..."
35113086;NEXT COLEGIO;Itatiba;Colégio Next Itatiba — ... material didático é Poliedro, você tem os ... material didático é Poliedro ... May be a graphic of text that says 'next COLÉGIO ITATIBA Mais X Mas Um. | Escolas no Ensino Fundamental II na cidade de Itatiba - SP — next colegio · populus de itatiba colegio · anglo itatiba curso e colegio · sesi ... Material Didático Incluso. Infantil em alta! R$ 1.196,76. R$ 897,57 /mês ... | Posição no ranking - média objetiva Nome da escola ... — ... SISTEMA DE ENSINO. EQUIPE INTEGRADO. EIRELI - EPP. Belém. PA. 718,8. 895,9. 715,0 ... ITATIBA. CURSO E COLEGIO. Itatiba. SP. 624,7. 650,3. 622,0. 603,0. 603,0.
24003581;CPP - COLEGIO PRINCIPE;Mossoró;Mais uma máxima em Ciências da Natureza! 🎖️ O aluno ... — Photo by Multitude Sistema de Ensino on ... Mossoró 28 4 653,27 132 5 Centro Educacional de Aprendizagem Moderna 644,56 CPP -Colégio Principe ... | PRIMEIRO ANO. PRIMEIRO LUGAR. O Colégio Simples ... — 1º LUGAR EM MOSSORÓ MAIOR MÉDIA DO ENEM 2025 ENTRE AS ESCOLA DE MOSSORÓ Jean Bezerra ... CPP - Colégio Príncipe Média: 634,98 | N: 42 ... | Reel by CEDAE • Pré Enem • Pré Vestibular (@cedaepre ... — ... MOSSORÓ 594,29 10 COLÉGIO MATER CHRISTI 581,59 Romero Curso de ... SISTEMA DE ENSINO anglo RANKING ENEM 2025 1º LUGAR SÃO LOURENÇO 1º ...
23163240;PEQUENO PRINCIPE COLEGIO;Crato;Escolas pertencentes ao Sistema de Ensino do Estado do — 23163240 PEQUENO PRINCIPE COLÉGIO. 366. CREDE 18. Crato. 23163259 PICA PAU ... 23272988 SESC CRATO ESCOLA DE EDUCAÇÃO INFANTIL E ENSINO FUNDAMENTAL. 369 ... | “O futuro pertence a quem entende que aprender é, antes ... — CULTURA INGLESA SISTEMA DE ENSINO anglo escola da inteligência PEQUENO PRÍNCIPE Colégio Aprender inglês aqui é diferente! se tem inglês Tem Cultura ... | Classificados NIVEL D — SISTEMA DE ENSINO EQUIPE CRISTAL. 8. BELEM. PA. ADLER ALISON LEAL SOSTER. 3 ... SAINT EXUPERY-PEQUENO PRINCIPE COLEGIO. SEPP. 8. JACAREI. SP. ARTHUR RICKSON ...
21279446;ESCOLA CRESCIMENTO;São Luís;Conheça um pouco da trajetória da Escola Crescimento neste ... — Em 1985, após mudança para São Luís, o Jardim Escola Crescimento ... Sistema de Ensino Poliedro, voltado ao ensino médio. O foco da escola ... | Escola Crescimento, Ltda in São Luís | Online-store Escola ... — Em 2004 adotou o método do Sistema de Ensino Poliedro, específico para o Ensino ... All information about Escola Crescimento, Ltda in São Luís (Brasil). | 🚀 Resultados maiores começam com escolhas ... — ... Escola Crescimento dá um passo histórico ao trazer, de forma inédita para São Luís, a AMentoria ENEM, um programa reconhecido nacionalmente ...
28032799;COLEGIO IDEAL LTDA-EPP;Aracaju;"Enem 2025: conheça as 15 escolas com as maiores notas ... — Colégio Ideal Ltda-EPP - 677,66 - Aracaju (Sergipe) - Particular - 63%; Colégio Amadeus Ltda - 674,27 - Aracaju (Sergipe) - Particular - 100% ... | Enem 2025: conheça as 15 escolas com as maiores notas ... — Colegio Ideal Ltda-Epp - Aracaju - Cirurgia - Nota: 677.66. Colegio ... Farina Sistema de Ensino - Cuiabá - Areão - Nota: 668.92. Inst ... | Menção Honrosa 9º Ano Fundamental | PDF | São Paulo — SOPHIA ELIZABETH SIMÕES VIEGAS MENDONÇA COLEGIO IDEAL LTDA-EPP SERGIPE ARACAJU ... MAÍRA KEMIL SISTEMA DE ENSINO EQUIPE PARÁ BELÉM LETHÍCIA DAS NEVES ..."
21274231;D PEDRO II EMPREENDIMENTOS EDUCACIONAIS LTDA;São Luís;Regras do Sorteio do Material Didático • Quem pode ... — Regras do Sorteio do Material Didático • Quem pode ... D Pedro II Empreendimentos Educacionais Ltda – São Luís – Cohama – Nota: 653.66 | A Prefeitura de Timon, por meio da Fundação João Emílio ... — ... apostila, bloco de notas e caneta, incentivando a ... D Pedro II Empreendimentos Educacionais Ltda – São Luís – Cohama – Nota: 653.66 | Reel by CETI Inês Rocha (@ceti.inesrocha) · June 23, 2026 — COLÉGIO Omega SISTEMA DE ENSINO Anglo Hoje celebramos ... D Pedro II Empreendimentos Educacionais Ltda – São Luís – Cohama – Nota: 653.66
31281921;CECRI C EDUC CRIATIVO;Divinópolis;Município: Divinópolis - MG - Resultado Final - ONC 2020 — CECRI C EDUC CRIATIVO. INEP: 31281921 · CEFET-MG - UNED DIVINOPOLIS. INEP: 31268631 · CENTRO DE EDUCACAO ... SISTEMA DE ENSINO UNO VERTICE. INEP: 31340014. | Busca de escolas, municípios e estados — CECRI C EDUC CRIATIVO. CAMACHO, 348. SAO JOSE. 35501239 Divinópolis - Minas ... SISTEMA DE ENSINO UNO VERTICE. RUA ESPIRITO SANTO, 737 - CASA. VILA BELO ... | características escola indicadores prouni — ... SISTEMA DE ENSINO EQUIPE. PA. Belém. Privada. Urbana. 306. Maior que. 90 alunos. 303 ... Divinópolis. Privada. Urbana. 71. De 61 a. 90 alunos. 71. 100.00. 0. 80% ...
35125222;CIDADE DE BRAGANCA PTA COLEGIO;Bragança Paulista;Anglo Bragança Paulista — ... Sistema de Ensino que, hoje, como Solução Educacional, fornece material ... Similar pages. Cidade de Braganca Pta Colégio. Primary and Secondary ... | Escolas na Educação Infantil no Jardim Capuava - Piracaia — Cidade De Braganca Pta Colegio. Sem avaliações. Jd S Helena - Bragança Paulista - SP ... Material Didático Incluso. Infantil em alta! Vagas ... Material Didático ... | Bolsas de estudo nas escolas de Pouso Alegre em Piracaia — Cidade De Braganca Pta Colegio. Sem avaliações. Jd S Helena - Bragança Paulista - SP ... Material Didático Incluso. Infantil em alta! Vagas ... Material Didático ...
29442818;COLEGIO SALESIANO DOM BOSCO;Salvador;"Colégio Salesiano Dom Bosco - Do Fundamental ao Ensino ... — Selo escola parceira: Bernoulli Sistema de Ensino. Matific. Arvore. Jovens Gênios. Estante Mágica. Liv. Google For Education. LEGO Education. Clip Escola. Selo ... | Salesianos Bahia on Instagram: ""Conheça o Salesiano Dom ... — Nossos alunos do Colégio Salesiano Dom Bosco Salvador participaram ... material didático, temos professoras exclusivas para a ... | O Colégio Salesiano Salvador (@ ... — Venha conhecer o Colégio Salesiano Dom Bosco e faça parte de uma escola onde valores formam e a educação transforma. Informações e agendamento ..."
32077610;UP CENTRO EDUCACIONAL;Vitória;UP - Educando para Sempre (@upvix) — UP Centro Educacional Ensino Fundamental II | Ensino Médio | Pré-vestibular. Vila Velha | P. do Canto | J. da Penha | J. Camburi Sobre matrículas. | Juiz de Fora agora conta com um novo espaço para formação ... — A proposta é oferecer uma educação com estrutura moderna, equipe qualificada, material didático atualizado e um ambiente pensado para o ... | Tá difícil focar nos estudos? Só na Escola SEB você pode ... — Escola SEB - Sistema de Ensino COC. 00:21. Escola SEB - Sistema ... Hospital Vitória Apart. Emergency Room. No photo description available ...
33198640;CANADIAN SCHOOL OF NITEROI;Niterói;"we are officially an IB World School authorized for the PYP! ... — Canadian School of Niterói is part of Inspira Rede de Educadores ... Sistema de Ensino Poliedro, referência nacional em qualidade e ... | Demonstrações Financeiras Individuais e Consolidadas — relacionados ao processo de reconhecimento de receita de mensalidades e venda de material didático; ... Sistema de Ensino Physics Ltda EPP (*). | No “Tem Ciência no IFG!” recebemos os estudantes de ... — ... Canadian School of Niteroi Parasitologia. embios_'s profile picture ... Niterói Após entrar no prédio, é só virar à direita que você ..."
35150435;COLEGIO APICE;Jundiaí;Colégio Ápice É Consciente De Que Somente Uma ... — ... Jundiaí. 3252-3193/ 98182-2699 Assista ao nosso vídeo institucional ⬇ Jacaraípe - Serra/ES A empresa Colegio Apice Alphaville de CNPJ ... | Escolas parceiras do Sistema Mackenzie de Ensino — Digite a sua Cidade ou Estado e encontre o Sistema de Ensino Mackenzie perto de você! ... COLEGIO APICE. RUA SÃO DOMINGOS, s/n, SETOR BELA VISTA, SAO LUIS ... | Posição no ranking - média objetiva Nome da escola ... — ... SISTEMA DE ENSINO. EQUIPE INTEGRADO. EIRELI - EPP. Belém. PA. 718,8. 895,9. 715,0 ... Jundiaí. SP. 669,4. 735,8. 662,0. 664,0. 627,0. 725,0. 80. CED SIGMA - ASA.
35304414;PLUS COLEGIO;Barretos;Alunos Premiados de Escolas Privadas — PLUS COLEGIO, P, BARRETOS, SP, Bronze, ---. ALVARO THEODOR CASTRO BELOTI DIAS ... COLEGIO LICEU EDUCACIONAL BARRETOS, P, BARRETOS, SP, ---, Sim. JOAO PEDRO ARTONI ... | Posição no ranking - média objetiva Nome da escola ... — ... SISTEMA DE ENSINO. EQUIPE INTEGRADO. EIRELI - EPP. Belém. PA. 718,8. 895,9. 715,0 ... PLUS COLEGIO. Barretos. SP. 626,2. 708,6. 621,0. 608,0. 604,0. 672,0. 529. | características escola indicadores prouni — ... SISTEMA DE ENSINO EQUIPE. PA. Belém. Privada. Urbana. 306. Maior que. 90 alunos. 303 ... Barretos. Privada. Urbana. 34. De 31 a. 60 alunos. 31. 91.18. 0. De 60% a ...
42155541;COLEGIO AVANTIS;Brusque;Colégio Cultura Ensino Fundamental (@culturacolegio) — Ambientes Perfeitos para este segmento importante na vida acadêmica de nossos alunos, com o Sistema de Ensino Positivo. ... COLÉGIO AVANTIS BRUSQUE - ENSINO MÉDIO ... | Educação em Itajaí e Balneário Camboriú — O material didático é próprio, com ênfase na aprendizagem digital para estimular a criatividade. A língua inglesa é usada diariamente na ... | 1. Informes Importantes Referentes à Seleção de 2022 — ... Sistema de Ensino Equipe Ananindeua Eirelli. Ingrid Louise Ferreira ... Brusque. Centro Educacional Cultura. Enzo Archer Pereira. SC.
35107517;SANTA MARIA COLEGIO;São Paulo;"Ressurreição Santa Maria on Instagram: "" No Colégio ... — ... material didático Poliedro – um dos melhores do Brasil , além dos ... Santa Maria. Colégio Ressurreição Santa Maria, seu futuro começa aqui. | Matrículas 2026 abertas no Colégio Santa Maria! Aqui, ... — Santa Maria Colégio Universo Juntos somos o Universo Ele Vive! Nossa ... Com o Sistema de Ensino Polígono e uma proposta pedagógica que ... | UNIVERSIDADE FEDERAL DE SANTA MARIA COLÉGIO ... — UNIVERSIDADE FEDERAL DE SANTA MARIA COLÉGIO TÉCNICO INDUSTRIAL DE SANTA MARIA Curso de Eletrotécnica Apostila de Automação Industrial."
41031105;INTERATIVA C - EI EF M;Londrina;Posição no ranking - média objetiva Nome da escola ... — ... SISTEMA DE ENSINO. EQUIPE INTEGRADO. EIRELI - EPP. Belém. PA. 718,8. 895,9. 715,0 ... Londrina. PR. 649,5. 726,7. 648,0. 631,0. 617,0. 702,0. 204 STOCKLER COLEGIO. | Relatório de Diagnostico Escolar — Zeta Sistema de Ensino de Birigui, Sesi 148 Centro Educacional, Stelio ... Sesc Londrina Norte C Ei M, Ampas Centro de Educacao Infantil, Estrelinha ... | Lista de Colégios Privados no Brasil | PDF | São Paulo — SISTEMA DE ENSINO MESON PI. PA. CASTANHAL. Privada. Urbana. 102. INSTITUTO ... INTERATIVA C EI EF M. PR. FOZ DO IGUACU. Privada. Urbana. 24. ANTONIO RODRIGUES DE ...
42006694;COLEGIO DEHON;Tubarão;Informações do Ano Letivo – Dehon — Informações do Ano Letivo - Colégio Dehon TUBARÃO. CALENDÁRIO E HORÁRIOS ... Sistema de Ensino COC. Estarão inclusos os materiais de Inglês e Projeto ... | 1ª Série – Dehon — 12x de R$158,13 (o material didático do Sistema de Ensino COC, terá 15% de ... Tubarão - SC, 88704-001 Telefone: (48) 3621-3700. Mantido por Fundação ... | INVESTIGAÇÃO DE DUAS PROPOSTAS PEDAGÓGICAS Tubarão — À Direção do Colégio Dehon – Tubarão, pelo espaço e permissão para realização da pesquisa. ... respectivo sistema de ensino ... salas, material didático, etc.) e as ...
11043857;COLEGIO CLASSE A;Porto Velho;Classe A | Institucional — Enquanto mantenedor do Colégio “Classe A”, é com muito orgulho que ... Porto Velho – RO, 76808-645. Recepção: 3224-4473 (Fixo) WhatsApp: 99266-4770. | Os alunos da primeira série tiveram uma aula campo de ... — Conteúdo que faz parte do material didático do Sistema de Ensino Poliedro. ... Sim, o Colégio Classe A é 17X Campeão do Enem em Porto Velho / ... | Colégio Classe A - OFICIAL (@colegioclasseapvh) — Sim, o Colégio Classe A é 17X Campeão do Enem em Porto Velho / Rondônia. ... Colégio Classe A e Sistema de Ensino Poliedro, compromisso com a educação e ...
53009592;COL NOSSA SENHORA DO PERPETUO SOCORRO;Brasília;Alunos Premiados de Escolas Privadas - 16ª OBMEP — Material Didático. Provas e Soluções · Banco de Questões · Apostilas do PIC ... COL NOSSA SENHORA DO PERPETUO SOCORRO, P, BRASILIA, DF, ---, Sim. LÚCIO P. M ... | características escola indicadores prouni — ... Brasília. Privada. Urbana. 77. De 61 a. 90 alunos. 73. 94.81. 0. De 60% a 80%. Muito ... SISTEMA DE ENSINO. PI. Teresina. Privada. Urbana. 25. De 1 a 30 alunos. | Lista de Escolas por Estado e Cidade | PDF | Rio de Janeiro — COL NOSSA SENHORA DO PERPETUO SOCORRO 31 Brasília DF SAO JOAO COLEGIO ANGLO ... SISTEMA DE ENSINO FUNDAMENATAL MEDIO E SUPERIOR LTDA-CD 57 João Pessoa PB
42016150;COLEGIO SAGRADA FAMILIA;Blumenau;Convite especial ✨ O Colégio Sagrada Família convida você ... — O Colégio Sagrada Família convida você para o ... (Blumenau) CDL ACIFES . COLEGIO Sagrada Familia ... apostila Além de exercitar o vocabulário, a ... | Copa Norte Shopping de Xadrez | Etapa 01 | SUB-13 — 1812, U13, Navegantes, Sinergia Sistema de Ensino. 2, Eduardo ... 0, 0, w, F13, Blumenau, Colegio Sagrada Familia. 37, Mario Cezar Molon, 0, 0 ... | Alunos Premiados de Escolas Privadas — SISTEMA DE ENSINO UNO VERTICE, P, DIVINOPOLIS, MG, Bronze. HEITOR SOARES DE ... COLEGIO SAGRADA FAMILIA, P, PONTA GROSSA, PR, Bronze. SAMIRA YOSHITOME KONDO ...
35809044;PARQUE ECOLOGICO INSTITUTO DE EDUCACAO;Indaiatuba;Escolas em Jardim Esplanada - Indaiatuba - SP — Logo - parque ecologico instituto de educacao. Parque Ecologico Instituto De ... Material Didático Incluso. Infantil em alta! Vagas 2026. R$ 1.150,79. R ... | ENEM 2014 — PARQUE ECOLOGICO INSTITUTO DE EDUCACAO, INDAIATUBA, SP, Privada ... ZETA SISTEMA DE ENSINO DE PROMISSAO, PROMISSAO, SP, Privada, 80% ou mais ... | características escola indicadores prouni — ... SISTEMA DE ENSINO EQUIPE. PA. Belém. Privada. Urbana. 306. Maior que. 90 alunos. 303 ... Indaiatuba. Privada. Urbana. 38. De 31 a. 60 alunos. 30. 78.95. 1. De 60% ...
23163348;SANTA TERESA DE JESUS COLEGIO;Crato;🎬✨ Dia de gravação com os meninos do 9º ano da Escola ... — ... CRATO-CE. saojosevm's profile picture · saojosevm. •. Follow ... ESCOLA PARCEIRA Bernoulli Sistema de Ensino. startdevidaa's profile ... | ENEM ESCOLA Page 1 SIGLA NO_MUNICIPIO ... — ... CRATO. AGAPE ESTUDOS COLEGIO. Privada. 602,86. 600,37. 623,1. 645,08. 674. 10. 76,92 ... SANTA TERESA DE JESUS COLEGIO. Privada. 502,8 533,4033333 568,4766667 564 ... | Listado de Colegios en Brasil | PDF — SISTEMA DE ENSINO FUNDAMENATAL MEDIO E SUPERIOR LTDA-CDF-SUL. PB. 7312. SUELI ... PREFEITO RAIMUNDO COELHO BEZERRA DE FARIAS EEM LICEU DO CRATO. CE. 10887 ...
26118262;COLEGIO VISAO;Recife;Nossos alunos da 3ª série do Ensino Médio encararam ... — Os simulados do Colégio Visão, realizados em parceria com o Sistema de Ensino ... | Alunos Premiados de Escolas Privadas - 16ª OBMEP — Material Didático. Provas e Soluções · Banco de Questões · Apostilas ... COLEGIO VISAO, P, RECIFE, PE, Sim. 63, ARTHUR BEZERRA MELO, COLEGIO SANTA MARIA, P ... | Conquistar a excelência em matemática é resultado de ... — COLEGIO VISAO Felipe Augusto Aluno Visão MEU APREÇO POR MATEMÁTICA E TUDO MAIS . ... apostila COC. Na parte teórica, aprendemos a ... Colégio Salesiano Recife.
31275531;COLEGIO BATISTA MINEIRO;Uberlândia;Uberlândia – Granja Marileusa — “Eu recomendo o Colégio Batista Mineiro Uberlândia – Granja Marileusa para ... sistema de ensino muito eficiente”. | more — Aqui no Colégio Batista Mineiro Uberlândia – Martins, entendemos que cada estudante carrega sonhos, desafios e uma história única. Por isso, cuidamos de ... | Os estudantes do 6º ano do Colégio Batista Mineiro BH — Mais do que soletrar palavras, nossos estudantes do Colégio Batista Mineiro Uberlândia ... COLGIO SISTEMA Bernoulli Sistema de Ensino ...
35466153;ADV BOTUCATU UNIDADE IV COLEGIO;Botucatu;Escolas na cidade de Pratânia - SP — Adv Botucatu Unidade Iv Colegio. Sem avaliações. Centro - Botucatu - SP. Saiba ... Material Didático Incluso. Infantil em alta! R$ 1.969,92. R$ 984,96 /mês ... | OBMEP 2019 - Alunos Premiados de Escolas Privadas — ADV BOTUCATU UNIDADE IV COLEGIO, P, BOTUCATU, SP, Sim. OLAVO PASCHOAL LONGO, ETAPA ... COLEGIO KELVIN SISTEMA DE ENSINO CATANDUVA, P, CATANDUVA, SP, Sim. 317 ... | Liceu Anglo Botucatu mostrou por que vem sendo uns dos ... — ... ADV BOTUCATU UNIDADE IV COLEGIO 35466153 3846 6 AITIARA ESCOLA ... SISTEMA DE ENSINO . ➜C OBJETIVO SISTEMA DE ENSINO 1º Lugar no ENEM ...
43215688;COLEGIO FLEMING CAXIAS DO SUL;Caxias do Sul;Fleming Ensino Médio (@flemingensinomedio) - Mentions — ... material didático de ponta. FLEMING, não é só um colégio, ou cursinho Pré Med, é ... Por isso, convidamos o Diretor do Colégio Fleming Caxias do Sul/RS ... | Calendário Escolar 2025 - Colégio Fleming | PDF — aprendizado e crescimento. Fraternalmente,. Prof.º Me. Betover Godinho. Diretor Colégio Fleming Caxias do Sul ... Apostila Catequese 2 Etapa. 42 páginas. | Parabéns, Anelise! Aprovada em Medicina Veterinária na ... — O material didático do Fleming foi construído por quem entende de ... A Joanna e a Ilda, estudantes do Colégio Fleming Caxias do Sul ...
43057152;ESCOLA DE EDUCACAO BASICA DA URI - ERECHIM;Erechim;Escola | Educação Básica | Ensino Fundamental — Na Escola de Educação Básica da URI Erechim, o trabalho pedagógico do ... O material didático utilizado é o do Sistema Positivo de Ensino, por meio de ... | Estão abertas até o dia 29 de janeiro deste ano ... — ... Escola de Educação Básica da URI Erechim, localizada na Rua Carlos Irineu ... sistema de ensino de Erechim. Além de avaliar aspectos ... | Escola | Setores de Atendimento | URI Câmpus de Erechim — Material Didático · Proposta Pedagógica · Setores de Atendimento · Notícias da ... Escola de Educação Básica da URI Erechim apresenta os seguintes setores: ...
50016628;COLEGIO UNIGRAN;Dourados;Colégio Unigran — O colégio Anglo Unigran , foi fundado na cidade de DOURADOS - MS no ano de 1977 ... Colégio Unigran é sistema de Ensino Anglo. O melhor quando o assunto é ... | Colégio Unigran | Dourados MS — Colégio Unigran, Dourados. 7.419 curtidas · 651 estiveram aqui. Colégio Unigran - Sistema de Ensino Anglo. | Materiais de estudo de Colégio Unigran - Dourados — Estudando em Colégio Unigran - Dourados? Experimente nossa ampla variedade de anotações de aula, resumos e guias de estudo para incrementar seu jogo de ...
41158709;LOBO MED C - EM;Guarapuava;Alunos Premiados de Escolas Privadas - OBMEP 2019 — LOBO MED C - EM, P, GUARAPUAVA, PR, Bronze. RAFAEL VARANDA BERNARDO, ETAPA COLEGIO ... SEI - SISTEMA DE ENSINO INTERATIVO, P, RIO DE JANEIRO, RJ, Bronze. LAIS ... | 1. Informes Importantes Referentes à Seleção de 2022 — ... Sistema de Ensino Equipe Ananindeua Eirelli. Ingrid Louise Ferreira ... Guarapuava. Colégio Aliança. Wildemar Henrique Wei An Toski Dos. | Alunos Premiados de Escolas Privadas - OBMEP 2019 — SEI - SISTEMA DE ENSINO INTERATIVO, P, RIO DE JANEIRO, RJ, Prata. ARTHUR DE ... LOBO MED C - EM, P, GUARAPUAVA, PR, Prata. MATHEUS FRANCO SIQUEIRA, VITAL BRAZIL ...
35107165;PIONEIRO CENTRO EDUCACIONAL;São Paulo;🎓 Mais uma conquista para comemorar! Nossa aluna Nina ... — ... São Paulo) ainda enquanto cursava o 2º ano. Um resultado que enche ... MATERIAL DIDÁTICO E UNIFORME, CURSO DE INGLÊS E MENTORIA! | Alunos Premiados de Escolas Privadas - 16ª OBMEP — ANGLO SISTEMA DE ENSINO, P, TATUI, SP, ---, Sim. IAN MAZZUCATTO PUCINELI ... SAO PAULO DA CRUZ COLEGIO PASSIONISTA, P, SÃO PAULO, SP, ---, Sim. IRIS TANG KUANG ... | Jorge Barbour — Centro Educacional Pioneiro, Centro Educacional Pioneiro. , Avenida Doutor Altino Arantes - de 782 a 1100 - lado par, Vila Clementino, 04042004 - São Paulo ...
41129148;COLEGIO ERASTO GAERTNER;Curitiba;Colégio Erasto Gaertner – Saber, Amar e Transformar — O Colégio Erasto é parceiro do Sistema de Ensino Bernoulli, Cambridge University Press, Mind Makers e Microsoft. ... O melhor colégio de Curitiba! | No Colégio Erasto Gaertner, acreditamos que educar vai além ... — Se você procura uma escola cristã em Curitiba que une excelência ... ESPAÇO DE SER TURMAS 1301 E 1303 GERALDO Apostila lanche saída ... | Colégio Erasto Gaertner | Guia de Matrículas — ... material didático da geração Z. Ferramentas tecnológicas se transformam em ... Curitiba · Educação InfantilEnsino FundamentalEnsino MédioPré-vestibular ...
33058164;CENTRO EDUCACIONAL LOGOS;Nova Iguaçu;Aqui no Logos, amamos ler! A leitura é uma ponte para o ... — Aqui no Logos amamos ler! Passe -> O meu preferido é este aqui! Estamos lendo este aqui! E o seu, qual é? Centro Educacional LOGOS Educando ... | Escolas parceiras do Sistema Mackenzie de Ensino — Digite a sua Cidade ou Estado e encontre o Sistema de Ensino Mackenzie perto de você! ... CENTRO EDUCACIONAL LOGOS. Passagem Miranda, 327, Coqueiro ... | Educação Profissional em Nova Iguaçu | PDF — METROPOLITANA I - SEDE NOVA IGUAÇU 33058164 CENTRO EDUCACIONAL LOGOS LTDA ... SISTEMA DE ENSINO INVICTUS Nova Iguaçu CENTRO AVENIDA NILO PECANHA 545 SALA 302 ...
52108813;COLEGIO TRINUS;Goiânia;"no Colégio Trinus, criamos caminhos que transformam ... — ... Goiânia ... sistema de Ensino Etapa no Domus COLÉGIO DOMUS Sapiens 30 Anos Organização de conteúdo e rotina de ... | Venha visitar o Colégio Trinus e conhecer de perto tudo o que ... — ... Goiânia ... MATERIAL DIDÁTICO AMPLIA ONDE O ALUNO VAI PODER ESCOLHER A SUA ÁREA DE MAIOR INTERESSE INOVAÇÃO ... | Colégio Trinus on Instagram: ""O futuro já começou: e ele ... — Mal chegamos em Goiânia 1º COLÉGIO AZ PÉRICLES PIRES - DIRETOR DO COLÉGIO AZ GOIÂNIA ... Sabia que o material didático que seu filho usa ..."
35132925;ESCOLA SEB UNIDADE LAFAIETE;Ribeirão Preto;CIE ESCOLA MUNICÍPIO — CAPELLA KIDS SISTEMA DE ENSINO EIRELI- ME. RIBEIRAO PRETO. 262985. CARLA ... COC RIBEIRÃO PRETO - REDE ÚNICA DE EDUCAÇÃO UNIDADE. 02. RIBEIRAO PRETO. 7840. | Alunos da Escola SEB Lafaiete conquistam números ... — Veja os números da Escola SEB unidade Lafaiete: Mais de 400 ... material didático atualizado que permite ser discutido em sala de ... | Ribeirão Preto 499 escolas — CAPELLA KIDS SISTEMA DE ENSINO EIRELI ME. HENRIQUE FRANCO, 145. ALTO DA BOA VISTA. 14025280 Ribeirão Preto - São Paulo. Rede privada / Urbana · CARACOL BABY ...
41379110;PGD C - EI EF M;Londrina;FTD Sistema de Ensino FTD Sistema de Ensino — APRENDIZAGEM CONSISTENTE PARA FORMAR BASES FORTES! Uma coleção que conecta repertório e prática, impulsionando resultados desde os primeiros anos. | Sistema de Ensino - CESC — Anos Iniciais · 4 volumes bimestrais integrados em 5 componentes curriculares (Língua Portuguesa, Matemática, Ciências, Geografia e História). · 2 volumes ... | Solução Educacional para Escolas | Conquista — +1.800 escolas, +260 mil alunos. A Conquista é a solução educacional que acolhe sua escola da Educação Infantil ao Ensino Médio. Solicite o material.
33066752;COLEGIO PALAS;Rio de Janeiro;Colégio Palas | Quem viveu o dia a dia da escola, sabe ... — ... Rio de Janeiro, com os alunos do 6º ao 2º ano do ensino médio ... SISTEMA DE ENSINO . ➜C OBJETIVO SISTEMA DE ENSINO 1º Lugar no ENEM ... | Colégio Palas | ✨ Conhecer o Colégio Palas é sempre uma ... — Recreio Dos Bandeirantes, Rio De Janeiro, Brazil. 212 likes ... ✓ Sistema de ensino líder em aprovação e excelência nos conteúdos @saseducacao | Um resumo de junho no Projetar. 💜 Ciência, cultura, ... — Photo by Escola Pequeno Sapequinha e Colégio Palas ...
35117572;CRISTO REI COLEGIO;Marília;"Cristo Rei Colegio | Bolsas de Estudo em Marília - SP — Garanta sua bolsa de estudos em Cristo Rei Colegio, Marília - SP. Descontos ... Sistema de ensino. Anglo (Somos). O sistema de ensino compreende o ... | Colégio Cristo Rei | Os alunos do Infantil I da Prô. Bianca ... — ... apostila Anglo e reproduziram a inicial do nome ... CRISTO REI COLEGIO OOSP Pró-Ciência Programa de ... CRISTO REI MARÍLIA SP CURSINHO anglo LÍDER EM ... | A diretora que se segure ❤️elas querem comandar o ... — 101 likes, 25 comments - cristoreicodo on May 12, 2026: ""A diretora que se segure ❤️elas querem comandar o colégio Cristo Rei.. #colegio ..."
51069431;COLEGIO LEIBNIZ;Rondonópolis;Uma Nova Realidade Educacional para Rondonópolis — O Colégio Leibniz (2019), surgiu em Rondonópolis a partir de propostas ... Sistema de Ensino. Assim, nesse contexto, apresentamos um verdadeiro ... | Uma nova realidade educacional para Rondonópolis — O Colégio Leibniz (2019), em Rondonópolis, surgiu a partir de ... Nesta fusão, destaca-se a parceira do melhor material didático do ... | Cada fase da vida é um novo começo. E no Colégio Leibniz ... — ... Rondonópolis e, todos os dias, transformamos histórias por meio da ... Poliedro Sistema de Ensino. 1º lugar em Anápolis e 2ª melhor ...
11000058;CENTRO DE ENSINO CLASSE A;Porto Velho;Classe A | Institucional — O Centro de Ensino Classe A idealiza e organiza-se em torno de quatro ... Nossa escola é parceira do Sistema de Ensino Poliedro (SEP), que nos atende ... | A Legacy School chega a Porto Velho trazendo uma proposta ... — A partir de 2027, o Sistema de Ensino Anglo chega para potencializar o aprendizado de nossos alunos, trazendo inovação, material didático de ... | Os alunos da primeira série tiveram uma aula campo de ... — ... material didático do Sistema de Ensino Poliedro. #classea # ... Porto Velho e já teve a oportunidade de competir na categoria ...
26194619;ACADEMIA CRISTA DE BOA VIAGEM ENSINO MEDIO;Recife;Academia Cristã de Boa Viagem: Home | ACBV — Há 40 anos integrando o aluno com Deus, família e sociedade. · Educação Cristã · Esporte e Arte · Formação Acadêmica · Foco no objetivo · Lógica, Tech e STEM · Apoio ... | Sistema Mackenzie de Ensino completa 20 anos — Na verdade, atualmente esse material atende escolas que buscam oferecer a seus alunos formação com relevância acadêmica”, resume. Márcia Régis, gerente do SME. | Sistema de Ensino Objetivo: o que é e quais os benefícios. — O professor e o material didático são e sempre serão as estrelas de uma escola, mas há soluções educacionais que caminham lado a lado com ...
35809445;CRIARTE COLEGIO;Jundiaí;O que você pensa quando lembra da mamãe? 🥹🥰 Nossos ... — ... jundiaí ... Colégio criarte Colégio * criarte . Colégio criarte Goleglo Criate . | Durante a Semana da Criança no Colégio Objetivo Limeira ... — Chegamos ao fim de mais uma edição da Colônia de Férias do SESI Jundiaí. Ao longo da semana, as crianças participaram de atividades esportivas, ... | Escola Cristã Criarte Cachoeirinha | Em apenas 1 minuto ... — Aqui, fé e aprendizado caminham juntos para desenvolver caráter, sabedoria e um futuro sólido. Venha conhecer nossa estrutura e descubra por ...
41166043;COLEGIO PRIME EF EM;Londrina;Conheça o Systemic Bilingual, currículo bilíngue do Ensino ... — O currículo bilíngue do Colégio Prime não só ensina o inglês como um segundo idioma, mas o integra à vivência cotidiana dos estudantes. A aquisição do idioma ... | Solução Educacional para Escolas | Conquista — Apoio na gestão escolar, eventos de formação presenciais e a distância, além de materiais e recursos na Plataforma ConX, que ajudam na gestão escolar. Para as ... | Recursos Didáticos do Sistema Positivo | PDF | Alfabetização — O documento descreve os recursos didáticos de um sistema de ensino da educação infantil ao ensino médio. Ele inclui livros didáticos integrados para cada ...
35107049;EMILIE DE VILLENEUVE COLEGIO;São Paulo;Premiação Estadual de Alunos - Escolas Públicas ... — COLEGIO MILITAR DE SAO PAULO, F, SAO PAULO, SP, Ouro. SARAH VIEIRA DE OLIVEIRA ... ANGLO SISTEMA DE ENSINO, P, TATUI, SP, Bronze. LUIS ROBERTO MALHEIROS NETO ... | Seu filho merece mais do que um ensino tradicional. Ele ... — Bom, o SAS ele é um material didático completo, atualizado, ele ... 99 ANOS COLÉGIO SANTA CATARINA SÃO PAULO O futuro nasce do nosso ... | Lista de Escolas por Estado e Cidade | PDF | Rio de Janeiro — EMILIE DE VILLENEUVE COLEGIO 37 São Paulo SP COLEGIO CPV 27 São Paulo SP #N ... SISTEMA DE ENSINO FUNDAMENATAL MEDIO E SUPERIOR LTDA-CD 57 João Pessoa PB
31376442;COLEGIO LIVRE APRENDER;Uberaba;"Colégio Livre Aprender (@livreaprender) · Uberaba, MG — Nosso cursinho pré-vestibular utiliza o material didático da Anglo, uma ... Projeto Geoparque - Uberaba ... | Novo Material Didático Hoje foi um dia marcante para o ... — ... likes, 7 comments - livreaprender on December 10, 2024: ""✨ Novo Material Didático ✨ Hoje foi um dia ... enem2025 Uberaba #3º LUGAR GERAL Colégio ... | E assim foi o primeiro dia de aula do Fundamental 1 ... — ... uberaba #crianças # ... MATERIAL DIDÁTICO COM SISTEMA pitágoras 34 99145-0117 No laboratório de ..."
22141472;ESCOLA CRESCER;Parnaíba;Escola Crescer | Bolsas de Estudo em Parnaíba - PI — Garanta sua bolsa de estudos em Escola Crescer, Parnaíba - PI. Descontos ... Sistema de ensino. Bernoulli. O sistema de ensino compreende o conjunto de ... | Matrículas abertas pra 2026! 🎉🤩 Essas são só algumas ... — Tudo preparado para um 2º SEMESTRE INCRÍVEL Matrículas ABERTAS COLÉGIO JP Sistema de Ensino COC. semeddebarradorocha's profile picture. | 1º Lugar entre as escolas de Parnaíba!!!!! — ... Escola Crescer, had the highest score at UFDPar among those from Parnaíba. ... Passar pelas salas e ver todo mundo focado, com a apostila ...
35125659;AMERICANA INSTITUTO EDUCACIONAL DE;Americana;"Instituto Educacional de Americana on Instagram: ""O Instituto ... — INSTITU EDUCACIONAL AMERICANA Bernouli Sistema de Ensino ... Instituto Educacional de Americana . Instituto Educacional de Americana . | O intervalo da última quarta-feira foi diferente por aqui. O ... — Instituto Educacional de Americana . Instituto Educacional de Americana . ... EXCELÊNCIA ACADÊMICA Metodologias ativas, material didático de ... | Colégio Adventista Americana Cantata de Natal Dia ... — Instituto Educacional de Americana . Instituto Educacional de Americana . ... SISTEMA DE ENSINO anglo. colegioadventistadelondrina's profile ..."
13026631;COLEGIO PALAS ATENA;Manaus;Colégio Palas Atena - Descontos, Preço das Mensalidades ... — Os valores correspondentes ao Sistema de Ensino ANGLO e Sistema de Ensino ... Castelo Branco, 256 - parque 10, Manaus - AM. (92) 3236-8455. secretaria ... | SAPIENCIA SERVICOS EDUCACIONAIS… - CNPJ 20.229 ... — ... Manaus/AM. A empresa foi fundada em 11/05/2014 e possui 12 anos e 1 mês de ... EDUCAR SISTEMA DE ENSINO LTDA. 20.265.832/0001-47 Taboão da Serra, SP. | PREMIAÇÃO NACIONAL — COLEGIO MILITAR DE MANAUS. Prêmio: Diploma - escolas premiadas nos anos ... COLEGIO PALAS ATENA. 86. GUSTAVO DE. OLIVEIRA SICSU. GOMES. COLEGIO MILITAR DE.
43105106;COL LA SALLE SAO JOAO;Porto Alegre;Matrícula Inicial por etapa e/ou modalidade de ensino - 2014 — PORTO ALEGRE. 43105092 ESC TEC SANTO INACIO. Urbana. 0. 0. 0. 39. 20. 0. 0. 59. 1. PORTO ALEGRE. 43105106 COL LA SALLE SAO JOAO. Urbana. 47. 105. 714. 223. 0. 0. | Alunos Premiados de Escolas Privadas — FARIAS BRITO COLEGIO CENTRAL, P, FORTALEZA, CE, Bronze. LUCAS TRUCOLO MARASCHIN, COL LA SALLE SAO JOAO, P, PORTO ALEGRE, RS, Bronze. LUIZ HENRIQUE KLEINSCHMIDT ... | 2017 — Col La Salle Sao Joao, Privada, Porto Alegre, RS, 53, 571,56, 603,35, 570,93, 613,87 ... Sistema de Ensino CNEC. CNEC Digital CNEC On Line Alexandria CNEC ...
29482445;EDUCANDARIO NS DAJUDA LTDA - LAND;Salvador;Alunos Premiados de Escolas Privadas - 19ª OBMEP 2024 — EDUCANDARIO NS DAJUDA LTDA - LAND, P, SALVADOR, BA, Bronze. CATARINA ZARDO CUTAIT ... ANGLO SISTEMA DE ENSINO, P, TATUI, SP, Bronze. 15, ALEX BERENSTEIN BARTFELD ... | Alunos Premiados de Escolas Privadas - 20ª OBMEP 2025 — EDUCANDARIO NS DAJUDA LTDA - LAND, P, SALVADOR, BA, Bronze. ARTHUR DE PAULA LIMA, CAT ANTONIO QUIRINO DA COSTA, P, VESPASIANO, MG, Bronze. ARTHUR NEIVA GODOY ... | Alunos Premiados de Escolas Privadas — EDUCANDARIO NS DAJUDA LTDA - LAND, P, SALVADOR, BA, Bronze. RAFAEL ROCHA VILLAR ... SISTEMA DE ENSINO UNO VERTICE, P, DIVINOPOLIS, MG, Bronze. HEITOR SOARES DE ...
41123832;COLEGIO BOM JESUS SAO VICENTE;Araucária;Colégio Bom Jesus São Vicente | Guia de Matrículas — A Unidade do Bom Jesus São Vicente está localizada no centro da cidade de Araucária e oferece desde a Educação Infantil até o Ensino Médio. ... material didático ... | Ensino — ... SISTEMA DE ENSINO. 35159013 SP. Rio Claro. ANA CLARA ALVES DE OLIVEIRA. 3º ano ... COLEGIO BOM JESUS SAO VICENTE. 41123832 PR. Araucária. ANGIONI VIEIRA ... | MEDALHA DE OURO — SISTEMA DE ENSINO EQUIPE LTDA - EPP. PARÁ. Canaã dos Carajás. CAUÊ CASSIANO DOS ... COLEGIO BOM JESUS SAO VICENTE. PARANÁ. Araucária. BEATRIZ SOUZA RODRIGUES.
33055920;COLEGIO MV I ICARAI;Niterói;Alunos Premiados de Escolas Privadas - OBMEP 2018 — COLEGIO MV I ICARAI, P, NITERÓI, RJ, ---, Sim. ALFREDO QUINTELLA PINTO, COLEGIO E ... SEI - SISTEMA DE ENSINO INTERATIVO, P, RIO DE JANEIRO, RJ, ---, Sim. NICOLAS ... | Grátis: Baixadas Litorâneas - BL - Material Claro e Objetivo ... — ... APOSTILA - ANEXO A PORTARIA BAIXADAS LITORÂNEAS ... 12 BAIXADAS LITORÂNEAS - SEDE NITERÓI 33345201 COLÉGIO PLUZ LTDA COLEGIO PLUZ Niterói ... | Posição no ranking - média objetiva Nome da escola ... — ... Niterói. RJ. 683,4. 773,0. 682,0. 658,0. 623,0. 770,0. 48. OBJETIVO. INTEGRADO DE MOGI ... SISTEMA DE ENSINO. EQUIPE. Belém. PA. 630,1. 816,5. 651,0. 613,0. 587,0.
33065195;CENTRO EDUCACIONAL DA LAGOA;Rio de Janeiro;"2024 INFORMATIVO — O Centro Educacional da Lagoa - CEL tem uma equipe de gestores e de ... Estado do Rio de Janeiro. A renovação da matrícula só é efetivada, não havendo ... | Escolas particulares no Rio com mensalidade entre R$ ... — Centro Educacional da Lagoa (CEL - Barra da Tijuca); Centro ... sistema de ensino. Há ainda o detalhamento sobre quais atividades ... | falta de acesso a plataforma digital SAS por exigência ... — Como o material didático ... Seja cessada a prática abusiva de vinculação do acesso ao sistema de ensino à compra exclusiva de livros na escola. ... CEL Centro ..."
33088519;COLEGIO SANTA MONICA - BONSUCESSO;Rio de Janeiro;"Colegio Santa Monica - Bonsucesso - Rio de Janeiro - RJ — ... Rio de Janeiro - RJ; ›; Manguinhos; ›; Colegio Santa Monica - Bonsucesso. Colegio ... material didático inovador. Além disso, conta com uma equipe de ... | Reclamação Práticas Abusivas do Colégio Santa Mônica ... — Prezados(as), Ao ensejo de cumprimentá-los, com a cordialidade de sempre, formalizo a reclamação em face do Colégio Santa Mônica Bonsucesso em ... | ENEM 2014 — COLEGIO SANTA MONICA - BONSUCESSO, RIO DE JANEIRO, RJ, Privada, De 40% a 60%, Alto, 586.44, 578.64, 590.00, 562.89, 614.23, 716.07. 224, 1661 ..."
26160307;COLEGIO MOTIVO;Recife;Projeto de estudo para o Enem/vestibular: qual o melhor? — Estude no melhor cursinho de Recife, o líder em aprovações! O histórico ... Nosso material didático é exclusivo e preparado da melhor forma para apoiar ... | Aluna do 6 ano sem material didático PH: Falta de entrega e ... — Minha filha do 6 ano do ensino fundamental do colegio MOTIVO, está indo para as aulas para ficar olhando para os professores, pq todos os alunos receberam ... | Analista Comercial - Recife/PE - colégio motivo — Analista Comercial - Recife/PE. Vendas. colégio motivo. Recife, Brasil Há 1 meses Até 12/08/2026. Tempo inteiro ...
35135094;BRASILIS COLEGIO;Mogi das Cruzes;Alunos Premiados de Escolas Privadas — OBJETIVO INTEGRADO DE MOGI DAS CRUZES COLEGIO, P, MOGI DAS CRUZES, SP, Sim. RUMI ... ANGLO SISTEMA DE ENSINO, P, TATUI, SP, Sim. BENICIO ROSA CAMEJO, PITANGUEIRAS ... | Posição no ranking - média objetiva Nome da escola ... — ... SISTEMA DE ENSINO. EQUIPE INTEGRADO. EIRELI - EPP. Belém. PA. 718,8. 895,9. 715,0 ... MOGI DAS CRUZES. COLEGIO. Mogi das. Cruzes. SP. 619,5. 690,0. 625,0. 591,0. | 2018 — Brasilis Colegio, Privada, Mogi das Cruzes, SP, 39, 590,11, 649,56, 603,35, 683,77, 675,38, 631,70, 640 ... CNEC - Sistema de Ensino. ©2011-2026 Sistema de Ensino ...
33100705;ESCOLA DINAMIS LTDA;Rio de Janeiro;"✨️Estar entre as melhores escolas da Zona Sul no ENEM ... — ... RIO DE JANEIRO, 8º LUGAR NO ESTADO DO RIO DE JANEIRO. Rank Enem 2025 ... Escola Dinamis Ltda – Botafogo – Nota 666,09. Colégio PH ... | 10 melhores escolas da Zona Sul do Rio de Janeiro — ... Escola Dínamis LTDA (680.12), Colégio São Paulo (675.26) e Escola Alemã ... Sistema de Ensino Mackenzie. Institucional; Sobre o Melhor Escola · Revista ... | Colégio Saint John on Instagram: ""Há quem acredite que uma ... — Hoje (01), o @colegiosantoinaciorj, do Rio de Janeiro (RJ), completa 123 anos! ... Escola Dinamis Ltda – Botafogo – Nota 666,09. Colégio PH ..."
29470153;COLEGIO SENECA;Vitória da Conquista;Colégio Sêneca - Descontos, Preço das Mensalidades e ... — O Colégio Sêneca, localizado no bairro Candeias, em Vitória da Conquista, Bahia ... Colégio Sêneca utiliza o Sistema de Ensino Poliedro. Este sistema é ... | Colégio Sêneca | Vitória da Conquista BA — Colégio Sêneca‎‏, ‏‎Vitória da Conquista‎‏. ‏‏٣٬٨٥١‏ تسجيل إعجاب · يتحدث ‏ ... Material com qualidade reconhecida: Suporte didático do Sistema de Ensino ... | Colégio Sêneca | Bolsas de Estudo em Vitória da Conquista — Garanta sua bolsa de estudos em Colégio Sêneca, Vitória da Conquista - BA ... Colégio Sêneca utiliza o Sistema de Ensino Poliedro. Este sistema é ...
33031371;COL DOM BOSCO;Resende;No CDB, a escola também é lugar de abraço apertado, riso solto e ... — Painel de Desempenho: Col Dom Bosco... #1 em Resende #82 em RJ #681 no ... Sistema de Ensino 87 ANOS COLÉGIO DOM BOSCO RESENDE - RJ 2GO. | Seu filho merece a educação que o levará ao topo. 🏆 ... — ... RESENDE Enem por Escola 2025... Painel de Desempenho: Col Dom Bosco ... MATERIAL DIDÁTICO MAXI INCLUSO Tire suas dúvidas: 18 99638-4161 ... | Escolas Particulares — RESENDE 2211 - CENTRO EDUC E INFORMATICA XV DE NOVEMBRO 2212 - COL AGULHAS NEGRAS 2213 - COL DOM BOSCO 2214 - COL STA ANGELA 2215 - INST SÃO JOSÉ RIO BONITO
52054160;CENTRO EDUCACIONAL QUASAR;Rio Verde;"Colégio Protágoras Rio Verde on Instagram: "" Matrículas ... — ... Rio Verde-0o Verde- . EU GOSTO P Pecoiares Petug Isabela Barroso ... Acabamos de receber a notícia maravilhosa: o Centro Educacional Quasar em ... | Colégio Integrado on Instagram: ""Você sabia? O sistema de ... — Sas. OCR. + Qual é o melhor material didático/ sistema de ensino? . ... Acabamos de receber a notícia maravilhosa: o Centro Educacional Quasar em ... | diA) I — Prorroga autorização de funcionamento e valida os atos pedagógicos praticados do. Centro Educacional Quasar . ... Federação organizarão seu sistema de ensino."
35150642;IDEAL COLEGIO;Santa Bárbara d'Oeste;"Os alunos do Nível 5 A / B tiveram uma aula de Libras com ... — IDEAL COLÉGIO . PLÉGIOIDEAL COLECICIDSAL πα . EGIRIDEAL DEAL . COLEG ... Poliedro Sistema de Ensino COMUNICADO EM VIRTUDE DO JOGO DO ... | Colégio Luiz Fidelis on Instagram: ""Hoje foi o primeiro dia de ... — Rafael Piovezan Prefeito POLIEDRO SISTEMA DE ENSINO Colégio Ideal ... Ideal Colégio Ideal 25 ANOS DE HISTÓRIA. escolasesi.brusque's profile ... | No Colégio Status, esse cuidado acompanha o estudante da ... — ... Sistema de Ensino Bernoulli, referência nacional ... MATERIAL DIDÁTICO. 目 Conteúdo de excelência ... Photo by Objetivo Santa Bárbara d'Oeste on May 01, 2026."
52098966;COLEGIO FILOSOFO LTDA;Rio Verde;2016 — Colegio Filosofo Ltda, Privada, Rio Verde, GO, 43, 598,43, 607,90, 582,35, 639,03 ... Sistema de Ensino CNEC. CNEC Digital CNEC On Line Alexandria CNEC Provas ... | ENEM 2014 — COLEGIO FILOSOFO LTDA, RIO VERDE, GO, Privada, Menos de 20%, Sem ... ZETA SISTEMA DE ENSINO DE PROMISSAO, PROMISSAO, SP, Privada, 80% ou mais ... | características escola indicadores prouni — ... SISTEMA DE ENSINO EQUIPE. PA. Belém. Privada. Urbana. 306. Maior que. 90 alunos. 303 ... Rio Verde. Privada. Urbana. 28. De 1 a 30 alunos. 23. 82.14. 0. De 60% a ...
28033450;ALTERNATIVO CURSO E COLEGIO;Itabaiana;"Alternativo Curso e Colégio on Instagram: ""O Alternativo está ... — ... itabaiana #sergipe #alternativo #colégioalternativo # ... Em 2026 vem novidade: sistema de ensino Pitágoras, com tecnologia, conteúdo atualizado e ... | Alternativo Curso e Colégio (@alternativocc) — ... Material didático incluso ✓ Aberto para alunos ... Nossos pequenos do Projeto Arrudinando Itabaiana tiveram um dia cheio de descobertas na Itabaiana FM. | Alternativo Online – Live Home School — O material didático mais forte e completo para quem ambiciona a aprovação na ... O Alternativo Curso e Colégio é a instituição de ensino que mais ..."
33194688;LEGACY SCHOOL REGIAO OCEANICA;Niterói;"Legacy School on Instagram: ""Conheça mais, sobre o nosso ... — Conheça mais, sobre o nosso material didático da Legacy School. É importante entrar em contato com a escola ou os professores para obter ... | Listas de Materiais 2026 — O material didático (Sistema Mackenzie Educacional e Edify) são vendidos na escola. Nas listas a seguir estão materiais individuais, coletivos e livros ... | Unidade Região Oceânica Niterói — Rua Dr. Cássio Rother do Amaral, 261 – Maravista - esquina com Av. Profa. Romanda Gonçalves; (21) 98631‑0116; legacyschoolregiaooceanica ..."
35108112;AUGUSTO RUSCHI COLEGIO;Guarulhos;Alunos Premiados de Escolas Privadas - 16ª OBMEP — ANGLO SISTEMA DE ENSINO, P, TATUI, SP, ---, Sim. IAN MAZZUCATTO PUCINELI ... AUGUSTO RUSCHI COLEGIO, P, GUARULHOS, SP, ---, Sim. MARIA CLARA GIARRANTE CHAVES ... | dbo_TS_ESCOLA — ... SISTEMA DE ENSINO, SP, 1, 1, 0, 1, 0, 0, 0, 1. 1273, 2014, 35394142, ANGLOSCHOOL, SP, 1, 0, 0 ... AUGUSTO RUSCHI COLEGIO, SP, 1, 1, 0, 1, 0, 0, 1, 0. 2444, 2014 ... | Notas Médias do ENEM 2010 dos alunos concluintes do ... — ... GUARULHOS. MATER AMABILIS COLEGIO. PRIVADA. 94. 94. 634,97. 695,48. 726,98 ... AUGUSTO RUSCHI COLEGIO. PRIVADA. 11. 11. 574,4. 620,17. 654,82. 611 ...
35116828;ESCOLA CHAMPAGNAT UNIDADE BIRIGUI;Birigui;"Busca de escolas, municípios e estados — ESCOLA CHAMPAGNAT UNIDADE BIRIGUI. SANTOS DUMONT, 482 - RUA. CENTRO. 16200095 ... ZETA SISTEMA DE ENSINO DE BIRIGUI. NOVE DE JULHO, 672 - RUA. CENTRO ... | Recrutamento e Gestão de Estagiários em Birigui - SP — CENTRO DE RESSOCIALIZACAO DE BIRIGUI CLASSES PROV; ZETA SISTEMA DE ENSINO DE BIRIGUI; ESCOLA SESI SAMIR NAKAD; ESCOLA CHAMPAGNAT UNIDADE BIRIGUI; NOROESTE ... | Premiação Estadual de Alunos - Escolas Públicas ... — ESCOLA CHAMPAGNAT UNIDADE BIRIGUI, P, BIRIGUI, SP, Prata. PABLO B INOVE MIGLIARI ... ANGLO SISTEMA DE ENSINO, P, TATUI, SP, Bronze. LUIS ROBERTO MALHEIROS NETO ..."
53005910;INST SAO JOSE;Brasília;Escolas Particulares — 2118 - COL INST SÃO JOSÉ 2119 - COL ITAPUCA 2109 - COL ITAPUCA - EX INST ... 2500 - SISTEMA DE ENSINO INTEGRADO SEIS LTDA 2501 - SOC EDUC BOTAFOGO LTDA ... | Posição no ranking - média objetiva Nome da escola ... — ... SISTEMA DE ENSINO. EQUIPE INTEGRADO. EIRELI - EPP. Belém. PA. 718,8. 895,9. 715,0 ... Brasília. DF. 693,5. 814,8. 676,0. 676,0. 647,0. 775,0. 26. COLEGIO SANTO. | LISTA DOS ALUNOS DO NONO ANO COM NOTA MAIOR ... — Zeta Sistema de Ensino de Birigui. GABRIEL MARCENTE FADIL. SÃO PAULO. Birigüi ... Colégio Brasília de São Paulo. ENZO COSTA DE SOUZA. SÃO PAULO. São Paulo.
52101517;COLEGIO VERSUS LTDA;Itumbiara;RESULTADO DA XV OLIMPÍADA BRASILEIRA DE ... — COLEGIO VERSUS LTDA. ANA LÍVIA DE OLIVEIRA GARCIA. GO ACREÚNA. COLEGIO ... SISTEMA DE ENSINO EQUIPE INTEGRADO EIRELI - EPP. BÁRBARA PINHEIRO PUGET CRUZ. | RESULTADO DA XV OLIMPÍADA BRASILEIRA DE ... — SISTEMA DE ENSINO EQUIPE INTEGRADO EIRELI - EPP. PRATA. ANA BEATRIZ CASTANHO ... GO ITUMBIARA. COLEGIO VERSUS LTDA. MENÇÃO HONROSA DÉBORA ALICE DE OLIVEIRA ... | Obqjr 2021 classificados maior 12 — COLEGIO VERSUS LTDA. GOIÁS. Itumbiara. MARIA LUISA BERNAL RUPP. CENTRO ... Sistema de Ensino Equipe Canaã dos CarajásPARÁ. Canaã dos Carajás. WILLIAM DE ...
29459230;COLEGIO MARIZIA MAIOR;Salvador;Colégio Marizia Maior firma acordo com MP para divulgar ... — Colégio Marizia Maior firma acordo com MP para divulgar lista de material didático antes da matrícula dos alunos. O Ministério Público ... | Marizia Maior firma acordo com MP para divulgar lista de ... — O Colégio Marizia Maior, do bairro de Stella Maris, em Salvador ... material didático e de taxas diversas, assegurando que tais informações ... | O queridinho das escolas particulares — Em Salvador, uma das primeiras escolas a implementar o Bernoulli Sistema de Ensino foi o Colégio Marízia Maior, ainda em 2011. Com 40 anos de existência, a ...
29456096;COLEGIO IEPROL;Itabuna;"Arquivo de Destaques - Colégio Ieprol — O Colégio IEPROL alcançou um marco histórico no cenário educacional de Itabuna ... Com a força do Sistema de Ensino Poliedro, desenvolvemos uma metodologia ... | Colégio IEPROL Itabuna on Instagram: ""Se liga nesse aviso ... — Photo by Colégio IEPROL Itabuna on June 25, 2026. May be an ... COLÉGIO IEPROL UMA EDUCAÇÃO QUE SABE CRESCER Poliedro Sistema de Ensino 73. | 1° lugar do ENEM em Itabuna! 🏆✨ Mais do que um número ... — Photo by Colégio IEPROL Itabuna ... Vem conferir APROVADOS III OLIMPÍADA NACIONAL DE ASTRONOMIA D1G1TAL COLÉGIO IEPROL Poliedro Sistema de Ensino ..."
35007668;DELTA EDUCACIONAL;Araçatuba;Delta Educacional — Delta Educacional. Educação infantil, ensino fundamental e ensino médio. Araçatuba, São Paulo 67 seguidores. Sistema de Ensino Poliedro + Dedicação + ... | Delta Educacional (@educacionaldelta) — 1º LUGAR NO ENEM 2025 EM ARAÇATUBA É DO DELTA EDUCACIONAL! Com imenso orgulho ... | O segredo por trás da escola recordista em aprovação na ... — O Delta Educacional está redefinindo o cenário educacional com ... O Sistema de Ensino Poliedro, adotado pelo Delta, garante uma ...
21280746;CENTRO EDUCACIONAL SAGRES;São Luís;"Centro Educacional Sagres — Ensino estruturado e de alto desempenho Fornece um material didático ... Boa Esperança, 911 - Turu, São Luís, 65066-190; contato@sagres.net.br · (98) 3303 ... | No Sagres, o aprendizado vai além do conteúdo, acontece ... — ... material didático e a plataforma educacional, destacando recursos ... CENTRO EDUCACIONAL SAGRES 25 anos UMA HISTÓRIA QUE UNE APRENDIZADO, AMOR E ... | Colégio Integrado on Instagram: ""Você sabia? O sistema de ... — Sas. OCR. + Qual é o melhor material didático/ sistema de ensino? . Qual Qualsistema/materialemelhor? sistema/ na/material é melhor? 团 LiA ..."
35131945;GUILHERME DE ALMEIDA COLEGIO UNIDADE I;Guarulhos;Alunos Premiados de Escolas Privadas - 16ª OBMEP — GUILHERME DE ALMEIDA COLEGIO UNIDADE I, P, GUARULHOS, SP, ---, Sim. CARLOS EDUARDO ... COLEGIO KELVIN SISTEMA DE ENSINO CATANDUVA, P, CATANDUVA, SP, ---, Sim. | MEDALHA DE OURO — SISTEMA DE ENSINO EQUIPE LTDA - EPP. PARÁ. Canaã dos Carajás. CAUÊ CASSIANO DOS ... GUILHERME DE ALMEIDA COLEGIO UNIDADE I. SÃO PAULO. Guarulhos. Maria ... | Lista de Escolas por Estado e Cidade | PDF | Rio de Janeiro — GUILHERME DE ALMEIDA COLEGIO UNIDADE I 85 Guarulhos SP COLEGIO SANTA INES 62 ... SISTEMA DE ENSINO FUNDAMENATAL MEDIO E SUPERIOR LTDA-CD 57 João Pessoa PB
43037690;COLEGIO MARIA AUXILIADORA;Canoas;Paola Ferreira Feijó - Área da Psicopedagogia, como Assistente ... — ... Colegio Maria Auxiliadora · Formação acadêmica: Universidade La Salle · Localidade: Canoas ... Canoas, Rio Grande do Sul, Brasil ... material didático, recepcionava ... | Alunos Premiados de Escolas Privadas - OBMEP 2019 — COLEGIO MARIA AUXILIADORA, P, CANOAS, RS, Bronze. LUIS FERNANDO REZENDE SILVA, JEAN PIAGET COLEGIO, P, FRANCA, SP, Bronze. LUISA LOPES SILVA, COLEGIO BERNOULLI ... | Natália Marchioro Machado — ... Colegio Maria Auxiliadora(2016). Atualmente é da Universidade La Salle - Canoas ... Atualmente é da Universidade La Salle - Canoas. ... material didático para a ...
31118346;COL STATUS;Passos;Posição no ranking - média objetiva Nome da escola ... — ... SISTEMA DE ENSINO. EQUIPE INTEGRADO. EIRELI - EPP. Belém. PA. 718,8. 895,9. 715,0 ... Passos. MG. 642,1. 730,0. 638,0. 648,0. 593,0. 690,0. 277. FRANCISCANO PIO ... | ENEM 2014 — ATUAL SISTEMA DE ENSINO, SABINOPOLIS, MG, Privada, 80% ou mais, Alto ... EE PROFESSOR ZOROASTRO VIANNA PASSOS, SABARA, MG, Estadual, De 60% a 80 ... | Rosânia Aparecida de Sousa Fonseca — Passos (MG), with the objective of listening to administrators, pedagogues ... um sistema de ensino próprio, mas possui uma ampla estrutura educacional organizada ...
16003128;ESCOLA CONEXAO AQUARELA;Macapá;Há 16 anos consecutivos em 1º lugar no ENEM no Amapá. ... — ESCOLA CONEXÃO AQUARELA 16 ANOS NO TOPO! 1º Lugar Geral no ENEM no ... Colégio Estação - Macapá - Unidade: Novo Buritizal - Nota: 630,37 3. | OBQJr — Macapá. ESCOLA CONEXAO AQUARELA. 8° ano EF VICTOR GABRIEL BOSQUE DUARTE PINHEIRO. AMAPÁ. Macapá. Sistema de Ensino Physics Amapá Ltda. 9° ano EF ANA CECILIA ... | Hoje é um dia histórico. Para o Sistema de Ensino Equipe ... — ... Sistema de Ensino 1º lugar em Porto Velho e a 2ª melhor escola do ... ESCOLA CONEXÃO AQUARELA 16 ANOS NO TOPO 1º lugar no ENEM no AMAPÁ.
35153126;LITTERATUS COLEGIO;Itatiba;"Litteratus Colégio | Bolsas de Estudo em Itatiba - SP — Garanta sua bolsa de estudos em Litteratus Colégio, Itatiba - SP. Descontos ... Sistema de ensino. COC Pearson. O sistema de ensino compreende o conjunto ... | Colégio Litteratus on Instagram: ""Hoje é dia de conhecermos ... — ... Itatiba # ... LitTERATUS LITTERaTUS colégio colégi LiTTeRa EU SOU A AMANDA, . AQUI NÓS TEMOS NOSSAS AULAS ... | Litteratus Colegio - Itatiba - SP — O Litteratus Colégio, localizado em Itatiba, SP ... A educação é enriquecida com material didático moderno e jogos educativos, estimulando o aprendizado lúdico."
35445848;CONEXAO COLEGIO;Araraquara;Posição no ranking - média objetiva Nome da escola ... — ... SISTEMA DE ENSINO. EQUIPE INTEGRADO. EIRELI - EPP. Belém. PA. 718,8. 895,9. 715,0 ... Araraquara. SP. 634,0. 706,7. 639,0. 634,0. 584,0. 678,0. 385. SAO PAULO ... | Curso de Férias: Hoje foi dia de Brasil ! — Bernoulli Sistema de Ensino COLÉGIO SEV ANA CLÁUDIA PROFESSORA ... objetivo.junior.araraquara. •. Follow. 65 likes. objetivo.junior.araraquara ... | Colégio Adventista de São José do Rio Preto. Envie seu ... — ... Araraquara Estamos prontos para te atender! Escolha o setor e entre ... MATERIAL DIDÁTICO COMPLETO E ATUALIZADO CURSOS DE EXTENSÃO ...
23070722;NOSSA SENHORA DAS GRACAS COLEGIO;Fortaleza;"Alunos Premiados de Escolas Privadas — SISTEMA DE ENSINO UNO VERTICE, P, DIVINOPOLIS, MG, Bronze. HEITOR SOARES DE ... NOSSA SENHORA DAS GRACAS COLEGIO, P, FORTALEZA, CE, Bronze. ENZO VILLANI TONUS ... | https://www.cearatransparente.ce.gov.br/attachment... — ... Fortaleza"";23064641;""21 DE ABRIL COLEGIO"";""Privada"";2;0;0;0;0;0;0;2 21 ... SISTEMA DE ENSINO"";""Privada"";2;0;0;0;0;0;0;2 22;""SEFOR 2"";2304400;""Fortaleza ... | PREMIAÇÃO QUIMENINAS 2025- SÉRIE 9° ANO — SISTEMA DE ENSINO AUTHENTICO. PA. Belém. OURO. Echilly Gonçalves Marques ... NOSSA SENHORA DAS GRACAS COLEGIO. CE. Fortaleza certificado JENNIFER SILVA DE ..."
35113759;COLEGIO PIRACICABANO DA IGREJA METODISTA;Piracicaba;Formulário de interesse — ANGLO SISTEMA DE ENSINO, ANGLOSCHOOL, ANGUELOS MONTESSORI ESCOLA, ANHANGUERA ... COLEGIO PIRACICABANO DA IGREJA METODISTA, COLEGIO PITECO DE EDUCACAO ...
43176852;CENTRO TECNOLOGICO UNIVERSIDADE CAXIAS DO SUL - UNIDADE DE ENSINO DE CAXIAS DO SUL;Caxias do Sul;ENEM 2014 — CENTRO TECNOLOGICO UNIVERSIDADE CAXIAS DO SUL - UNIDADE DE ENSINO DE CAXIAS DO SUL ... ZETA SISTEMA DE ENSINO DE PROMISSAO, PROMISSAO, SP ... | Alunos Premiados de Escolas Privadas - 16ª OBMEP — SEI - SISTEMA DE ENSINO INTERATIVO, P, RIO DE JANEIRO, RJ, Bronze. 112 ... CENTRO TECNOLOGICO UNIVERSIDADE CAXIAS DO SUL - UNIDADE DE ENSINO DE CAXIAS DO SUL ... | Prática de Química Medicinal I: Coeficiente de Partição e pH — Centro Tecnológico Universidade Caxias Do Sul - Unidade De Ensino De Caxias Do Sul ... Apostila Teórica de Farmacotécnica II - Curso de Farmácia IMEPAC ...
42103894;COLEGIO VILA OLIMPIA;Florianópolis;Positivo compra Colégio Vila Olímpia, em Florianópolis — Com 22 mil metros quadrados de área e uma estrutura atualizada, o Colégio Vila Olímpia é a maior escola de Jurerê, em Florianópolis (SC). O ... | Vila Olímpia Bilingual School — Procurando por um Colégio Bilíngue em Florianópolis? O Colégio Vila Olímpia abriga alunos desde da Educação Infantil até o Ensino Médio! | Any expats here living in 🇧🇷 with young kids? Which part ... — ... Florianópolis*: one of the best public schools in the Greater ... Yamil E Sousa Dutra my friend is a teacher at Colegio Vila Olimpia in Jurerê, ...
51036193;MASTER GENESIS ALVORADA;Cuiabá;"Colegio Master Genesis Alvorada em Cuiabá, MT — Consulte Colegio Master Genesis Alvorada: CNPJ 37.464.211/0004-38, sede em Cuiabá/MT ... material didático contextualizado, incluindo videoaulas ... | Colégio Master terá unidade na região do CPA em 2020 com ... — ... Master Gênesis Alvorada, para atender a região do grande CPA, desde a ... É toda a qualidade e credibilidade que você já conhece e o sistema de ensino Eleva mais ... | Enem 2025: conheça as escolas com as maiores notas de ... — Farina Sistema de Ensino – Cuiabá – Areão – Nota: 668.92; Inst ... Master Genesis Alvorada – Cuiabá – Jardim Aclimação – Nota: 638.66 ..."
12030058;ESC DE ENSINO MEDIO E TECNICO PLACIDO DE CASTRO;Rio Branco;ENEM ESCOLA Page 1 SIGLA NO_MUNICIPIO ... — ... RIO BRANCO. ESC ALCIMAR NUNES LEITAO. Estadual. 426,9076923 441,5230769 486 ... ESC DE ENSINO MEDIO E TECNICO PLACIDO DE CASTRO. Privada. 514,0533333 521 ... | Notas de Alunos por Escola e Município | PDF | Brasil — MELYSSA SILVA SOUZA 22 ESC DE ENSINO MEDIO E TECNICO PLACIDO DE CASTRO RIO BRANCO ... MarÃ-lia Martins dos Santos 19 SISTEMA DE ENSINO EQUIPE BELÉM Samira ... | ENEM ESCOLA SIGLA NO_MUNICIPIO NO_ENTIDADE ... — ... RIO BRANCO. ESC ALCIMAR NUNES LEITAO. Estadual. 426,9076923 441,5230769 ... ESC DE ENSINO MEDIO E TECNICO PLACIDO DE CASTRO. Privada. 514 ...
35135148;SINGULAR COLEGIO;Santo André;"✨ Portas Abertas no Colégio Singular JR. ✨ Venha nos ... — SISTEMA DE ENSINO anglo CONCURSO DE BOLSAS ENSINO MÉDIO 2027 INSCREVA-SE JÁ! SANTO ANDRÉ, SÃO BERNARDO, SÃO CAETANO singular.com.br ... | Colégio Singular Anglo on Instagram: ""CONCURSO DE ... — ... SANTO ANDRÉ Ensino Médio Manhã (1ª, 2ª e 3ª série) Ensino Médio ... SISTEMA DE ENSINO anglo CONCURSO DE BOLSAS ENSINO MÉDIO 2027 INSCREVA-SE JÁ! | Músicas e brincadeiras são foco de encontro pedagógico ... — ... Santo André, o encontro O som do brincar, voltado ... material didático é utilizado da Educação ... Santo André, o encontro O som do brincar, voltado ..."
35811385;PENHENSE ESCOLA ESP;São Paulo;10 melhores escolas particulares na zona leste de São Paulo — Endereço: Rua Coronel Manuel Feliciano De Souza, 916 - Vila Jacuí, São Paulo - SP. 10) Penhense Escola Esp. Nota Enem: 625,96. | Alunos Premiados de Escolas Privadas - 16ª OBMEP — ANGLO SISTEMA DE ENSINO, P, TATUI, SP, ---, Sim. IAN MAZZUCATTO PUCINELI ... SAO PAULO DA CRUZ COLEGIO PASSIONISTA, P, SÃO PAULO, SP, ---, Sim. IRIS TANG KUANG ... | Escolas em Penha De Franca na cidade de São Paulo — Penhense Escola Esp. 5.0(5). Penha de Franca - São Paulo - SP. Saiba mais ... Material Didático Incluso. Vagas 2026. Vagas 2026. R$ 2.847,94. R$ 1.993,56 /mês ...
35107803;COLEGIO MAGISTER;São Paulo;Colégio Magister adapta aulas com fundamentação teórica e ... — ... Colégio Magister ... Mesmo assim, o colégio da Zona Sul de São Paulo ... material didático já era 100% digital, com o Geekie One, uma nova solução educacional ... | Com muita alegria e entusiasmo, recebemos nossos ex ... — This ended up improving my self-confidence, my oratory, and also my persuasive capacity. OCR. COLEGIO MAGISTER ... São Paulo, aquela ... | Colégio Mackenzie — COLEGIO MAGISTER BILINGUE ... Nossos alunos participaram da XIV SPMUN (São Paulo Model United Nations), realizada na ESPM, em São Paulo.
35108339;SANTA MONICA COLEGIO;Mogi das Cruzes;Alunos Premiados de Escolas Privadas - OBMEP 2019 — SANTA MONICA COLEGIO, P, MOGI DAS CRUZES, SP, Bronze. LUCAS VILELA ABOU ... OBJETIVO INTEGRADO DE MOGI DAS CRUZES COLEGIO, P, MOGI DAS CRUZES, SP, Bronze. | Classificados NIVEL A — MOGI DAS CRUZES. SP. Alessandra Maia de Jesus. 9° ano. E.E.ALBERTO ... SISTEMA DE ENSINO INTEGRAL PLUS. 10. PONTA GROSSA. PR. Augusto Soares Gonçalves. | ENEM 2014 — OBJETIVO INTEGRADO DE MOGI DAS CRUZES COLEGIO, MOGI DAS CRUZES, SP ... ZETA SISTEMA DE ENSINO DE PROMISSAO, PROMISSAO, SP, Privada, 80% ou ...
26033950;COLEGIO NOSSA SENHORA AUXILIADORA;Petrolina;"Colégio Auxiliadora Petrolina on Instagram: "" Você sabia que ... — ... Petrolina #Aluno #AuxiliadoraPetrolina #EnsinoMédio #Escola #Colégio ... ✨ Você sabia que as Matrículas 2026 do Colégio Nossa Senhora Auxiliadora ... | sobre nós — Seis Irmãs vindas do sul do Brasil e da Europa chegaram ao sertão pernambucano a convite do 1º bispo de Petrolina Dom Antonio Maria Malan. ... * Material Didático ... | 🎉📚 O Colégio Nossa Senhora Auxiliadora parabeniza, ... — ... Colégio Nossa Senhora Auxiliadora - Petrolina. ... Colégio Santa Mônica OBJETIVO SISTEMA DE ENSINO 17 anos 17 anos ..."
15096831;COLEGIO ATITUDE;Cametá;Entrega do Material Didático do 1º bimestre – Sistema Objetivo ... — Photo by Colégio Atitude Cametá on April 17, 2026. May be an image of. | Brincar é bom! - Colégio Atitude - Cametá - PA — – Colégio Atitude – Cametá – PA. Boas Práticas SFB tem o […] 12 de ... Junte-se ao sistema de ensino que transforma e prepara vencedores ... | Colegio Atitude - Descontos, Preço das Mensalidades e ... — Travessa Eneas Martins, 351 - Central, Cametá - PA. Quer descobrir mais ... Logo de êxito Sistema De Ensino. êxito Sistema De Ensino. A partir de. R$ 385 ...
35165773;MULTIPLUS SCHOOL;Presidente Prudente;"Parabéns, Giovana. Aprovada em Direito na Toledo 👏🏼 # ... — Multiplus School Giovana Lyssa Gargel DIREITO TOLEDO APROVADA! ... uni Tic Tac Toe Poliedro Sistema de Ensino Educação Fundamental Bilíngue ... | Toledo Prudente on Instagram: ""HOJE É O ÚLTIMO DIA ... — Multiplus School Enrico Loma Genaro APROVADO! TOLEDO PRUDENTE CENTRO ... Tudo isso com a força do Sistema de Ensino Objetivo, referäncia nacional ... | Parabéns Renan pela FANTÁSTICA APROVAÇÃO 🥰 ... — Kelvin Sistema de Ensino eighteen eighteen MED 2º EM UNAERP! ... Multiplus School Enzo Carrijo Shimabukuro APROVADO! Unoeste | Medicina MED ..."
26162016;COLEGIO PONTUAL CENTRO EDUCACIONAL LTDA;Recife;"Colégio Completude on Instagram: ""No Colégio Completude ... — SOMOS A MELHOR ESCOLA NO ENEM DA ZONA OESTE DO RECIFE 8º LUGAR NO RECIFE ... Colegio Pontual Centro Educacional Ltda Recife/PE 643,2 19 5 ... | Os microdados oficiais do ENEM foram divulgados pelo ... — ... Sistema de Ensino contato maceió Poliedro Sistema de Ensino ... SOMOS A MELHOR ESCOLA NO ENEM DA ZONA OESTE DO RECIFE 8º LUGAR NO RECIFE ... | TABELA-PARA-O-PROFESSOR-LOCALIZAR-A-TURMA- ... — ... Recife. CBV Jaqueira. 26187604. 86807. Turma. 5. PE. Recife. Centro de Atividades ... COLEGIO PONTUAL CENTRO EDUCACIONAL LTDA. 26162016. 100713. Turma. 5. PE."
53001290;COL COR JESU;Brasília;Posição no ranking - média objetiva Nome da escola ... — ... SISTEMA DE ENSINO. EQUIPE INTEGRADO. EIRELI - EPP. Belém. PA. 718,8. 895,9. 715,0 ... Brasília. DF. 693,5. 814,8. 676,0. 676,0. 647,0. 775,0. 26. COLEGIO SANTO. | LISTA DOS ALUNOS DO NONO ANO COM NOTA MAIOR ... — Zeta Sistema de Ensino de Birigui. GABRIEL MARCENTE FADIL. SÃO PAULO. Birigüi ... Colégio Brasília de São Paulo. ENZO COSTA DE SOUZA. SÃO PAULO. São Paulo. | Lista de Escolas por Estado e Cidade | PDF | Rio de Janeiro — COL COR JESU 35 Brasília DF WALTER BELIAN ESCOLA TECNICA 83 São Paulo SP COL ... SISTEMA DE ENSINO FUNDAMENATAL MEDIO E SUPERIOR LTDA-CD 57 João Pessoa PB
31184349;COLEGIO LOSANGO DE UBA;Ubá;"Colegio Losango De Uba | Bolsas de Estudo em Ubá - MG — Garanta sua bolsa de estudos em Colegio Losango De Uba, Ubá - MG. Descontos ... Banda larga; Internet. Sistema de ensino. Bernoulli. O sistema de ensino ... | Lista de Escolas por Estado e Cidade | PDF | Rio de Janeiro — COLEGIO LOSANGO DE UBA 71 Ubá MG MIGUEL DE CERVANTES COLEGIO 60 São Paulo SP ... SISTEMA DE ENSINO FUNDAMENATAL MEDIO E SUPERIOR LTDA-CD 57 João Pessoa PB | características escola indicadores prouni — ... Ubá. Privada. Urbana. 27. De 1 a 30 alunos. 26. 96.30. 1. 80% ou mais. Alto. Maior que ... SISTEMA DE ENSINO EQUIPE. PA. Belém. Privada. Urbana. 306. Maior que."
32076363;COLEGIO LUSIADAS;Cariacica;Lusiadas Prime — ... Cariacica Equipe com os melhores professores SOLUÇÕES EDUCACIONAIS DE EXCELÊNCIA, COM LIVROS E TECNOLOGIA INTEGRADOS O Bernoulli Sistema de Ensino ... Cariacica ... | Falta de livros ou venda casada - Colégio Lusíadas — Falta de livros ou venda casada. Reclamação não respondida. Não respondida. Colégio Lusíadas · Reclamar dessa empresa. Cariacica - ES ... colégio Lusíadas, que ... | Lusiadas Prime — ... Cariacica Equipe com os melhores professores SOLUÇÕES EDUCACIONAIS DE EXCELÊNCIA, COM LIVROS E TECNOLOGIA INTEGRADOS O Bernoulli Sistema de Ensino ...
51072823;LAVOISIER CENTRO DE ENSINO;Rondonópolis;MATRÍCULAS ABERTAS – 4º ao 9º Ano 📚 O Lavoisier ... — ... Rondonópolis ... O Lavoisier Centro de Ensino agora também é referência no Ensino Fundamental! | Cada fase da vida é um novo começo. E no Colégio Leibniz ... — Poliedro Sistema de Ensino. 1º lugar em Anápolis e 2ª melhor ... Lavoisier CENTRO DE ENSINO 1º LUGAR EM RONDONÓPOLIS NO ENEM 2025 1º ... | Se você busca uma escola que une tradição, inovação ... — Lavoisier CENTRO DE ENSINO 1º LUGAR EM RONDONÓPOLIS NO ENEM 2025 1º ... SISTEMA DE ENSINO anglo AQUI VOCÊ PODE SONHAR PORQUE NÓS CONHECEMOS O ...
41099605;ALIANCA CEI EF M;Guarapuava;Colégio Aliança – Transformando vidas por meio da educação — O Colégio Aliança, que oferece Educação Infantil, Ensino Fundamental e Médio é uma instituição de direito privado com sólida trajetória educacional. Suas ... | SOMOS Educação: Parceira Integral das Escolas de ... — SOMOS Educação: líder em Educação Básica no Brasil, com sistemas de ensino, editoras e soluções educacionais completas. | Material Didático | Sistema Mackenzie de Ensino — Nosso material didático busca promover uma aprendizagem significativa, apresentando os objetos do conhecimento de forma contextualizada e próxima à realidade do ...
31210595;COL QUELUZ DE MINAS;Conselheiro Lafaiete;Você sabia? O Colégio Losango conquistou o 1º lugar no ... — 1° LUGAR NO ENEM em Conselheiro Lafaiete e região iemar Instituto ... Com o apoio do Sistema de Ensino Anglo, seguimos preparando ... | Escolas em Conselheiro Lafaiete - INEP | PDF — 31210595 COL QUELUZ DE MINAS. 31321745 COL STA RITA FASAR. 31339938 ... Análise do Material Didático e Políticas Públicas. 3 páginas. O Processo ... | ENEM ESCOLA Page 1 SIGLA NO_MUNICIPIO ... — ... SISTEMA DE ENSINO LTDA. Privada. 487,1512195 514,9707317 553,6134146 539 ... CONSELHEIRO LAFAIETE. COL N SRA DE NAZARE. Privada. 588,9333333. 580,572549 597 ...
33098980;CENTRO EDUCACIONAL SANMARTIN PEREZ;Itaboraí;Colégio CESP - Centro Educacional Sanmartin Perez — Colégio CESP - Centro Educacional Sanmartin Perez, Itaboraí. 3063 likes · 2 ... Sistema de Ensino que é referência em aprovação Sistema de Ensino pH ... | Conheça a nossa história! — O Centro Educacional Sanmartin Perez (CESP) nasceu em 1997 e, desde então ... Nair Cruz, 24, Outeiro das Pedras - Itaboraí/RJ. FUNCIONAMENTO. | 🥇 O PRIMEIRO LUGAR! Esse resultado não se conquista ... — Os resultados do ENEM 2025 saíram e o Colégio CEST foi o primeiro lugar absoluto em Itaboraí. Primeiro em média geral, primeiro em redação, ...
15561313;CENTRO EDUCACIONAL COLEGIO MONTE CASTELO;Marabá;"Alunos Premiados de Escolas Privadas - 16ª OBMEP — CENTRO EDUCACIONAL COLEGIO MONTE CASTELO, P, MARABÁ, PA, ---, Sim. ALLAN GARCIA ... SISTEMA DE ENSINO EQUIPE CRISTAL, P, BELÉM, PA, ---, Sim. MARIA CLARA FERREIRA ... | Ensino Médio na cidade de Marabá - PA — Ensino Médio na cidade de Marabá - PA ; Centro Educacional Colegio Monte Castelo · Rua Dois Mil, 01 10, Qd 25 Belo Horizonte, Marabá - PA ; Centro de Educação ... | Mayra Barbosa Sindeaux Lima — ... Marabá no biênio 20222023.Exerceu a função de Secretária de Apoio ... (Desenvolvimento de material didático ou instrucional - Colaborador). Histórico ..."
26095882;INSTITUTO SANTO INACIO DE LOIOLA;Vitória de Santo Antão;Instituto Santo Inácio De Loiola | Bolsas de Estudo em ... — Garanta sua bolsa de estudos em Instituto Santo Inácio De Loiola, Vitória de Santo Antão - PE ... Sistema de ensino. Rede Pitágoras (Somos). O sistema de ... | 🎓 Quer garantir que seu filho esteja pronto para conquistar ... — Sistema de ensino COC. Um sistema de ensino consolidado, com ... Vitória de Santo Antão e o 10º lugar no estado de Pernambuco entre as ... | O Ensino Médio da Educação Vicentina prepara o estudante ... — ... Vitória de Santo Antão e o 10º lugar no estado de Pernambuco entre ... CURSO CONQUISTA SISTEMA DE ENSINO PREPARAÇÃO PARA INGRESSO NO 1º ...
35121381;PRUDENTINA ESCOLA DE EDUCACAO BASICA;Presidente Prudente;Prudentina Escola De Educacao Basica | Bolsas de Estudo ... — Garanta sua bolsa de estudos em Prudentina Escola De Educacao Basica, Presidente Prudente - SP ... Lixo reciclável. Sistema de ensino. Anglo (Somos). O ... | Alunos Premiados de Escolas Privadas — PRUDENTINA ESCOLA DE EDUCACAO BASICA, P, PRESIDENTE PRUDENTE, SP, Bronze. BRENO SUSSUMU TSUNO, ARQUIDIOCESANO DE SAO PAULO COLEGIO MARISTA, P, SAO PAULO, SP ... | 2016 — Prudentina Escola de Educacao Basica, Privada, Presidente Prudente, SP, 107, 610 ... Sistema de Ensino CNEC. CNEC Digital CNEC On Line Alexandria CNEC Provas ...
35140673;INTEGRADO DE MOGI GUACU COLEGIO;Mogi Guaçu;Mogi Guaçu - Escolas — INTEGRADO DE MOGI GUACU COLEGIO. PAULA BUENO, 888. CENTRO. 13840040 Mogi Guaçu - São Paulo. Rede privada / Urbana · INTEGRADO EXATO COLEGIO. | Lista de Escolas por Estado e Cidade | PDF | Rio de Janeiro — INTEGRADO DE MOGI GUACU COLEGIO 27 Mogi Guaçu SP INSTITUTO EDUCACIONAL SAO ... SISTEMA DE ENSINO FUNDAMENATAL MEDIO E SUPERIOR LTDA-CD 57 João Pessoa PB | características escola indicadores prouni — ... SISTEMA DE ENSINO EQUIPE. PA. Belém. Privada. Urbana. 306. Maior que. 90 alunos. 303 ... Mogi Guaçu. Privada. Urbana. 21. De 1 a 30 alunos. 18. 85.71. 0. 80% ou ...
35112537;PIO XII COLEGIO DE APLICACAO;Campinas;Alunos Premiados de Escolas Privadas — RIO CLARO SISTEMA DE ENSINO, P, RIO CLARO, SP, Sim. ANDRE HENRIQUE ALMEIDA ... OBJETIVO COLEGIO DE CAMPINAS UNIDADE BARAO GERALDO, P, CAMPINAS, SP, Sim. LUARA ... | Bolsas de estudo nas escolas de Centro em Campinas — Logo - pio xii colegio de aplicacao. Pio Xii Colegio De Aplicacao. 4.6(3) ... Material Didático Incluso. Vagas 2026. Vagas 2026. R$ 1.646,98. R$ 823,49 /mês ... | Escolas em Centro na cidade de Campinas — Logo - pio xii colegio de aplicacao. Pio Xii Colegio De Aplicacao. 4.6(3) ... Material Didático Incluso. Vagas 2026. Vagas 2026. R$ 1.646,98. R$ 823,49 /mês ...
35367734;DOM BOSCO COLEGIO UNID III;São Paulo;"Alunos Premiados de Escolas Privadas - OBMEP 2017 — DOM BOSCO COLEGIO UNID III, P, SÃO PAULO, SP, Bronze. EMILIE CHEN, PIONEIRO CENTRO EDUCACIONAL, P, SÃO PAULO ... ZETA SISTEMA DE ENSINO DE PROMISSAO, P, PROMISSAO ... | Colégio Dom Bosco – Sede Santa Inês | Bolsas de Estudo ... — Garanta sua bolsa de estudos em Colégio Dom Bosco – Sede Santa Inês, São Paulo - SP ... Banda larga; Internet. Sistema de ensino. SAS. O sistema de ensino ... | Helena Xavier da Silveira Nigro SISTEMA DE VOUCHER — de São Paulo foi de R$ 6.212.091.758,84, valor este destinado a 5.619 ... para cursar o sistema de ensino privado é de R$ 8.350,00. 4.4. Comparativo. A ..."
43219616;COLEGIO FLEMING CANOAS;Canoas;Sucesso Sistema de Ensino — Nosso catálogo · Educação Infantil · Ensino Fundamental I · Ensino Fundamental II ... | SAS Educação: Plataforma Educacional Completa — Plataforma educacional com tecnologia, material didático integrado e soluções que impulsionam resultados e aprovações no ENEM. Conheça SAS Educação. | Material didático com foco total no aluno — O material didático Amplia é alinhado à BNCC e oferece conteúdo atualizado para todas as fases escolares, da Educação Infantil ao Ensino Médio.
35152812;JANDYRA ANTUNES ROSA PROFESSORA COLEGIO;Limeira;Alunos Premiados de Escolas Privadas - 16ª OBMEP — JANDYRA ANTUNES ROSA PROFESSORA COLEGIO, P, LIMEIRA, SP, ---, Sim. FELIPE COSTA ... ANGLO SISTEMA DE ENSINO, P, TATUI, SP, ---, Sim. IAN MAZZUCATTO PUCINELI ... | MEDALHA DE OURO — JANDYRA ANTUNES ROSA PROFESSORA COLEGIO. SÃO PAULO. Limeira. MATHEUS ... SISTEMA DE ENSINO EQUIPE LTDA - EPP. PARÁ. Canaã dos Carajás. CAUÊ CASSIANO DOS ... | Medalhistas de Ouro por Escola | PDF | São Paulo — Rafael Marabesi Cabrini JANDYRA ANTUNES ROSA PROFESSORA COLEGIO SÃO PAULO Limeira ... LUCA DE FREITAS GARCIA SEI - SISTEMA DE ENSINO INTERATIVO RIO DE JANEIRO Rio ...
35102799;SAGRADO CORACAO DE JESUS COLEGIO;São Paulo;MEDALHA DE OURO — SISTEMA DE ENSINO EQUIPE LTDA - EPP. PARÁ. Canaã dos Carajás. CAUÊ CASSIANO DOS ... LEONARDO DA VINCI COLEGIO DE ENSINO FUNDAMENTAL E MEDIO SÃO PAULO. Jundiaí. | Alunos Premiados de Escolas Privadas - 16ª OBMEP — SAO PAULO DA CRUZ COLEGIO PASSIONISTA, P, SÃO PAULO, SP, Sim. JOÃO PEDRO ALVES DA ... SAGRADO CORACAO DE JESUS COLEGIO, P, CAMPINAS, SP, Sim. KAIQUE GUIDO BORGES ... | LISTA DAS ESCOLAS CONVIDADAS DA TURMA 11 — São Paulo. Poliedro Colégio SP. 35132287. 48610. Turma. 11. SP. São Paulo. SAGRADO CORACAO DE JESUS COLEGIO. 35102799. 99922. Turma. 11. SP. São Paulo. SALVADOR ...
33009783;INST DOM BOSCO;Campos dos Goytacazes;Colégio Salesiano Campos — O material didático, a Coleção Nautas, promove diversos pilares de aprendizagem, como a linguagem de programação, a metodologia STEAM, a sustentabilidade e a ... | Professores do Colégio Salesiano Jardim Camburi ... — Professores do Colégio Salesiano Jardim Camburi avaliam novo material didático da Edebê ... Instituto Dom Bosco - Campos dos Goytacazes · Colégio ... | Hoje recebemos Nicolau, presidente do Sistema Poliedro, no ... — ... material didático, com tecnologia, ajudando a escola, alunos ... sistema de ensino e metodologias diferentes mas desejamos o mesmo que ...
23077549;COLEGIO 7 DE SETEMBRO;Fortaleza;"Colégio 7 de Setembro (@7desetembro) - Mentions — #tononinho O Erick é de Fortaleza e aluno do nosso parceiro Colégio 7 de Setembro e essa semana foi trocar livros no nosso Ninho na Avenida Senador Virgílio ... | Colégio 7 de Setembro on Instagram: ""Turma IB no Colégio 7 ... — ... sistema de ensino, entre mais de 30 mil estudantes de todo o Brasil. ... Fortaleza, conquistou a medalha de ouro e o primeiro lugar geral na ... | Há 90 anos, o Colégio 7 de Setembro forma incríveis ... — ... SOLUÇÃO EDUCACIONAL Av. Guaianazes, 556 Vila Homero Thon | Santo ... Sistema de Ensino Anglo Av: Rua ..."
26153050;COLEGIO LOGOS;Recife;"Colégio Logos (@colegiologospe) · Recife, PE — A educação não é apenas transferir conteúdo, é reconstruir o emocional e permitir que o cognitivo floresça. No Colégio Logos, oferecemos uma formação sólida, ... | MATRÍCULAS ABERTAS – 2º SEMESTRE 2026   Colégio ... — O nosso material didático tem apenas 1 livro integrado que tem todas as ... SISTEMA DE ENSINO anglo Aqui se ensina. Aqui se aprende ... | Colégio Logos | Vem conhecer o material didático físico & ... — ... likes, 2 comments - colegiologospe on January 26, 2023: ""Vem conhecer o material didático ... Photo by Colégio Logos on May 22, 2026. ... Imbiribeira – Recife # ..."
22131027;COLEGIO PRO CAMPUS JUNIOR;Teresina;"Grupo Educacional Pro Campus (@colegioprocampus) — ... Teresina ... | 🚀 Teste Seletivo 2026 – Prova 23 de novembro! No Pro Campus ... — ... Material didático Ari de Sá; ✓ Turmas voltadas ... Os alunos do Colégio Pro Campus Júnior realizaram a d... ... No photo description available. Sol Turismo ... | Tradição, talento e muita animação marcaram mais uma ... — ... Colégio Pro Campus Júnior! ✨ Os alunos do Ensino Fundamental II e ... PRAIA DE VERÃO Sesc Fecomércio Senac Teresina - PI AMERICAN PARK ..."
31054135;COLEGIO FRANCISCANO IMACULADA CONCEICAO;Governador Valadares;Educação Infantil — Seja bem-vindo(a) à Educação Infantil do Colégio Franciscano Imaculada Conceição! ... b, em parceria com o Bernoulli Sistema de Ensino, nossas crianças do ... | Colégio Franciscano Imaculada Conceição (@cficgv) — 85 anos formando gerações que fazem a diferença! Sistema de Ensino Bernoulli Governador Valadares-MG Infantil ao Ensino Médio Acesse nosso canais. | O professor Rinaldo, ou melhor, o grande Rina, do Colégio ... — O professor Rinaldo, ou melhor, o grande Rina, do Colégio Franciscano Imaculada Conceição em Governador Valadares (MG), mandou um papo reto, sem parábolas, para ...
29408148;COLEGIO MATISSE;Jequié;Colégio Matisse | Bolsas de Estudo em Jequié - BA — Garanta sua bolsa de estudos em Colégio Matisse, Jequié - BA. Descontos ... Sistema de ensino. SAS. O sistema de ensino compreende o conjunto de métodos ... | Secretaria Municipal de Educação de Jequié | Na edição de ... — Além disso, o material didático de 2026 estará com ... Jequié se orgulha de ter no Colégio Matisse um verdadeiro diferencial na educação. | 🌟 Agora o futuro começa aos 2 anos. O Colégio Social de ... — Além disso, o material didático de 2026 estará com ... Jequié se orgulha de ter no Colégio Matisse um verdadeiro diferencial na educação.
41024397;PRO C-EM;Maringá;"Colégio Pro on Instagram: ""O professor Alisson chegou para ... — ... Sistema de Ensino COLÉGIO DO BOSQUE MANANCIAIS Poliedro Sistema de Ensino ... Em Maringá, a melhor colocada foi o Pro C-EM, com média geral de 644 ... | Colégio Regina Mundi on Instagram — Em Maringá, a melhor colocada foi o Pro C-EM, com média geral de 644 ... ✓ Material didático incluso. A aprovação é a próxima fase ... | Colégio Marista Maringá on Instagram: ""Quer saber como foi o ... — Em Maringá, a melhor colocada foi o Pro C-EM, com média geral de 644 ... sistema de ensino poliedro e ver como que a nossa equipe ..."
52020592;COLEGIO SAO FRANCISCO DE ASSIS;Anápolis;"CSV — ... Anápolis,Urbana,""AV DAS NACOES, 01"",JD BANDEIRANTES,62 33247894 540,2013 ... COLEGIO SAO FRANCISCO DE ASSIS,Privada,CRE Anápolis,Anápolis,Urbana,""AV ... | 50+ ""Maria Fernanda Lourenço"" profiles — •Estudante na área de administração •21 anos •Anápolis -GO •Em busca de ... Aluno na Colegio sao francisco de assis. São Paulo, SP. Colegio sao francisco ... | Empresas Parceiras - IESB - EMPREGABILIDADE — Nome Fantasia: Sindicato dos Condutores Autônomo de Veículos Rodoviários de Anápolis ... 3428 - Razão Social: SISTEMA DE ENSINO EQUIPE LTDA Nome Fantasia ..."
35140806;CANADA COLEGIO;Guarulhos;"De aluno para aluno, o Colégio Canadá ganha ainda mais ... — Salgado Filho, 3975 - Guarulhos/SP eduall SISTEMA DE ENSINO anglo ... | O Colégio Canadá agora é oficialmente um Great Place to ... — ... Guarulhos a receber o renomado selo de excelência educacional e de ... Sistema de Ensino Poliedro, referência nacional em qualidade e ... | Colégio Canadá on Instagram: ""Uma jornada fascinante pelo ... — ... Guarulhos ... Sistema de Ensino Poliedro na cidade de São José dos Campos-SP, na qual estudantes assumem o papel de ..."
17055962;COLEGIO PRESBITERIANO MACKENZIE PALMAS;Palmas;LISTA DAS ESCOLAS CONVIDADAS DA TURMA 11 — Sistema de Ensino Physics. 15163830. 92511. Turma. 11. PA. Canaã dos Carajás ... COLEGIO PRESBITERIANO MACKENZIE PALMAS. 17055962. 94087. Turma. 11. TO. Palmas. | PREMIAÇÃO QUIMENINAS 2025- SÉRIE 9° ANO — SISTEMA DE ENSINO AUTHENTICO. PA. Belém. OURO. Echilly Gonçalves Marques ... COLEGIO PRESBITERIANO MACKENZIE PALMAS. TO. Palmas. BRONZE. ISADORA SIMONSEN DE ... | ✨️✨️ Queridos CLIENTES e AMIGOS, o dia está chegando! ... — M Colegio Presbiteriano Mackenzie Palmas 福 anos . M ColégioPresh ... MATERIAL DIDÁTICO COMPLETO DE AULA ✓ SUPORTE DURANTE APÓS CURSO ...
35161861;PROGRESSAO COLEGIO;Taubaté;"Progressao Colegio - Taubaté - SP — ... Taubaté - SP; ›; Centro; ›; Progressao Colegio ... Com a disponibilização de desktops e material didático moderno, o Progressão Colégio ... Material Didático. com ... | Expectativa e oportunidade: Simulado Enem no Progressão — Colégio parceiro do Sistema de Ensino Poliedro com unidades em Caçapava, Pindamonhangaba e Taubaté, no Vale do Paraíba. | Meon GUIA DO ESTUDANTE Setembro PG Simples ... — ... material didático físico e digital ... Sebastião leite, 288, 12070-330 - Taubaté/ SP Anglo Taubaté ... +55 11 97121-0809 [Link]/graduacao. Meon Essencial | 13"
43043666;COLEGIO LA SALLE;Caxias do Sul;Depois da chegada ao Brasil, os primeiros Irmãos Lassalistas ... — ... Caxias do Sul. As escolas surgiam aos poucos muitas vezes em espaços ... Os irmãos chegaram, mas o material didático veio através do ... | caxias — A logomarca dos 90 Anos do Colégio La Salle ... Para iluminar as casas dos Sumamonos (moradores do planeta Destecnia e personagens do material didático da Sala ... | Colégio La Salle Caxias participam de formação com a ... — Professores e coordenação do 5º ano - Colégio La Salle Caxias participam de formação com a assessoria do Sistema de Ensino Bernoulli.
35118564;CASSIANO RICARDO COLEGIO;Taubaté;"Nome Série Cidade Escola — ... SISTEMA DE ENSINO. Ana Luiza Bueno Cardoso. 2ª Série ou. Inferior ... Taubaté. CASSIANO RICARDO COLEGIO. Angelina Sereni Luiz. 2ª Série ou. | Progressao Colegio - Taubaté - SP — Com a disponibilização de desktops e material didático moderno ... Cassiano Ricardo Colegio. Centro, Taubaté - SP · Ensino Médio; Educação de Jovens e Adultos ... | Fase II Resultado Aluno - Nome Escola UF C — Sistema de Ensino Equipe Canaã dos Carajás. PA. Canaã dos Carajás. Anna Sofia ... Cassiano Ricardo Colegio. SP Taubaté. Emilly Maria Alfonzo Melo. Colégio ..."
42112796;ESCOLA AUTONOMIA;Florianópolis;Ensino Médio — ... Escola Autonomia a escola ... Rua Salvatina Feliciana dos Santos, 513 - Itacorubi - Florianópolis - 88034-600 - Santa Catarina - Brasil ... | Em 2026, a Escola da Ilha passa a utilizar, no Ensino ... — ... material didático do Sistema Poliedro. Esta parceria traz mais cores ... Florianópolis a cidadãos nascidos ou criados na cidade que se ... | ESCOLA AUTONOMIA PROPOSTA POLÍTICO PEDAGÓGICA — A Escola Autonomia, localizada na Rua Salvatina Feliciana dos Santos, no bairro. Itacorubi, em Florianópolis, SC, CGC nº. 85.110.211/0001, é um ...
43123090;COLEGIO CORACAO DE MARIA;Santa Maria;"Não perca tempo! ⏰ Venha fazer parte de uma educação ... — No Colégio Coração de Maria, educar é formar ... SANTA MARIA ENSINO FUNDAMENTAL - ENSINO MÉDIO TIMBAÚBA-PE GINÁSIO DE ESPORTES SANTA MARIA ... | Material Didático - Colégio Puríssimo Coração de Maria — Sistema de Ensino Poliedro · Avaliações · Aprovados · Fale com o Coordenador ... Colégio Coração de Maria – Santa Maria – RS · Colégio Stella Maris – Viamão ... | Colégio Santa Maria on Instagram: "" O que o Colégio Santa ... — Com o Sistema de Ensino Polígono e uma proposta pedagógica que ... Colégio Coração de Maria, rede ICM. Matrículas abertas acesse ..."
43105025;COLEGIO NOSSA SRA DA GLORIA;Porto Alegre;Matrícula Inicial por etapa e/ou modalidade de ensino - 2013 — 43105025 COLEGIO NOSSA SRA DA GLORIA. Urbana. 0. 69. 550. 168. 0. 0. 0. 787. 1. PORTO ... 43209521 ESC EDUC PROF SENAI AUTOMOTIVO PORTO ALEGRE. Urbana. 0. 0. 0. 0. | Escolas sem UEx - Portal Gov.br — SISTEMA DE ENSINO UNIVERSO BARCARENA, PA, BARCARENA, Privada, 1, Não, Não, Não, Não ... COLEGIO NOSSA SRA DA GLORIA, RS, PORTO ALEGRE, Privada, 4, Não, Não, Não ... | estado do rio grande do sul ministério público — sistema de ensino e na vida em comunidade. Para tanto, os Estados Partes ... Promotoria Regional da Educação de Porto Alegre.
29149860;COLEGIO DINAMO;Alagoinhas;Colégio Dínamo | No Colégio Dínamo, o amor é parte do ... — Atualmente, é Diretora de Experiência do Cliente no Bernoulli Sistema de Ensino ... COLÉGIO DÍNAMO ALAGOINHAS - BAHIA Colégio Dínamo Educação que ... | Colégio Dínamo (@colegiodinamo_alagoinhas) — 48 Anos Educando Pessoas, Transformando Vidas Do Infantil ao Ensino Médio Programa Bilíngue Edify ♾️ Bernoulli Sistema de Ensino Robótica Bil. Follow. | Colégio Dínamo | No Colégio Dínamo, o cuidado vai além da ... — Atualmente, é Diretora de Experiência do Cliente no Bernoulli Sistema de Ensino ... COLÉGIO DÍNAMO ALAGOINHAS - BAHIA Colégio Dínamo Educação que ...
41382161;ALFA DE UMUARAMA CENTRO C E M;Umuarama;"1° lugar no ENEM. Mais uma vez. Esse resultado é fruto de ... — ALFA DE UMUARAMA CENTRO C E M RESULTADO, ESFORÇO, PERSISTÊNCIA ... Isso significa acesso a um material didático robusto, atualizado e ... | Parabéns MATEUS MALDONADO ANDREAN, aprovado ... — ALFA DE UMUARAMA CENTRO C E M RESULTADO, ESFORÇO, PERSISTÊNCIA ... Contamos com um sistema de ensino Poliedro aliado a simulados ... | Prefeitura de Umuarama on Instagram: "" Preparem-se para ... — Neste ano, o material didático do novo sistema de ensino, um dos ... ALFA DE UMUARAMA CENTRO C E M RESULTADO, ESFORÇO, PERSISTÊNCIA ..."
35114066;CLARETIANO COLEGIO;Rio Claro;Rio Claro / SP — Equipe muito qualificada, infraestrutura riquíssima, material didático excelente, ambiente acolhedor e humanizado. ... Fale com a unidade de Rio Claro no WhatsApp ... | Claretiano - Colégio Rio Claro (@claretianocolegiorc) — Claretiano Colégio destaca-se no Campeonato Estudantil de Xadrez de ... | Claretiano - Rede de Educação — Em uma conquista recente, a graduação alcançou a melhor avaliação da região de Rio Claro ... Recursos. Biblioteca · Blog · Claretiano Colégio · Portal do Aluno ...
35125490;LICEU TERRAS DO ENGENHO EDUCACAO INFANTIL ENSINO FUNDAMENTAL E MEDIO;Piracicaba;Formulário de interesse — ANGLO SISTEMA DE ENSINO, ANGLOSCHOOL, ANGUELOS MONTESSORI ESCOLA, ANHANGUERA ... LICEU TERRAS DO ENGENHO - EDUCACAO INFANTIL ENSINO FUNDAMENTAL E MEDIO ...
35153795;ELITE REDE DE ENSINO;Jaú;"Elite Rede de Ensino on Instagram: ""Você já conhece os ... — ELITE REDE DE ENSINO Histórias de vitória Luiza Duarte Aluna do ... Jaú TOP 3 Melhores escolas da cidade Elite Madureira TOP 20 ... | Partiu garantir sua bolsa no Elite? 🎓✨ Nossa próxima ... — ... Jaú TOP 3 Melhores escolas da cidade Elite Madureira TOP 20 Melhores ... Colégio Albert Sabin Poliedro Sistema de Ensino Chame no WhatsApp na bio ... | Primeiro lugar conquistado com dedicação, fé e muito esforço ... — ... Jaú TOP 3 Melhores escolas da cidade Elite Madureira TOP 20 Melhores ... CONCEITO A UERJ 2027 UERJ ELITE REDE DE ENSINO TROPA DO ELITE QUE A FORÇA ..."
22135790;ORGANIZACAO EDUCACIONAL APOIO LTDA;Parnaíba;Veja as 100 escolas do Piauí com maiores médias no Enem ... — 41 ) Einstein Sistema de Ensino - Unidade I (Teresina) - privada - 548,11 ... 66 ) Organizacao Educacional Apoio ltda (Parnaíba) - privada - 523, ... | RESULTADO DA XV OLIMPÍADA BRASILEIRA DE ... — SISTEMA DE ENSINO EQUIPE INTEGRADO EIRELI - EPP. BÁRBARA PINHEIRO PUGET CRUZ ... ORGANIZACAO EDUCACIONAL APOIO LTDA. ANA LUIZA COSTA CANDIDO. PI PARNAÍBA. | Premiação da II OBCH 2025 | PDF | Brasil — Laura Newman Sousa ORGANIZACAO EDUCACIONAL APOIO LTDA ... Resultado Preliminar Concurso Parnaíba. PDF. Ainda não há avaliações. Resultado Preliminar Concurso ...
42015588;ESC BARAO DO RIO BRANCO;Blumenau;Copa Norte Shopping de Xadrez | Etapa 01 | SUB-13 — 1812, U13, Navegantes, Sinergia Sistema de Ensino. 2, Eduardo Henrique Pacheco, 1468, 1819, U13, Blumenau, Escola Barao do Rio Branco ... Colegio ... | Ensino — ... Blumenau. Amanda Macedo Mendes Augusto. 2º ano - Ensino Médio. 14. 11 JARDIM SAO ... ESCOLA BARAO DO RIO BRANCO. 42015588 SC. Blumenau. Amanda Paiva Silveira. | Copa Norte Shopping de Xadrez | Etapa 01 | SUB-13 — 1660, 1812, U13, Navegantes, Sinergia Sistema de Ensino. 2, Eduardo Henrique Pacheco, 1468, 1819, U13, Blumenau, Escola Barao do Rio Branco.
23276649;COLEGIO EVOLUCAO;Juazeiro do Norte;"Colégio Evolução on Instagram: "" GRANDE NOVIDADE ... — Photo by Colégio Objetivo Juazeiro do Norte on July 07, 2026. ... Com o sistema de ensino Poliedro, referência nacional em resultados ... | 📖 Você sabia que o Colégio Evolução utiliza a plataforma de ... — ... Colégio Evolução ... material didático trabalhado em nossas aulas ... Plácido Aderaldo Castelo, 1500, Bairro Lagoa Seca, Juazeiro do Norte - CE Garanta sua entrada! | A missão do Colégio Evolução Mais é contribuir de forma ... — Colégio QI SISTEMA DE ENSINO anglo Aqui se ensina. Aqui se ... material didático do Sistema Objetivo, em um ambiente planejado para ..."
31003875;COL MAXIMUS STA INES;Belo Horizonte;Taxa de Distorção Idade/Série - Belo Horizonte — COL MAXIMUS STA INES. 0,4%. COL MAXIMUS UNID PALMARES. 1%. COLEGIO ABGAR ... SISTEMA DE ENSINO ERIDA DURAES. 10,8%. SISTEMA EDUCACIONAL ATHENA - UNIDADE ... | ENEM 2014 — ATUAL SISTEMA DE ENSINO, SABINOPOLIS, MG, Privada, 80% ou mais, Alto ... COL MAXIMUS STA INES, BELO HORIZONTE, MG, Privada, 80% ou mais, Muito ... | MEDALHA DE OURO — SISTEMA DE ENSINO EQUIPE LTDA - EPP. PARÁ. Canaã dos Carajás. CAUÊ CASSIANO DOS ... COL MAXIMUS STA INES. MINAS GERAIS. Belo Horizonte. RODRIGO ROMANHOL ...
52039722;COLEGIO APHONSIANO;Trindade;O Bernoulli 360° chegou a Goiás e reuniu educadores em ... — No Colégio Aphonsiano, em Trindade, vivenciamos momentos potentes ... Bernoulli Sistema de Ensino Bernoulli 360° em Trindade. B360 ... | Lista-2026_1.pdf — Este livro será disponibilizado para venda no Colégio Aphonsiano a partir do mês de novembro. ... • Moda Pequena – Constantino Xavier (Praça da Prefeitura) – ... | Faculdades e Colégio APHONSIANO on Instagram ... — ... Trindade. Um momento especial de fé, gratidão e celebração ... Colégio Aphonsiano.
33149410;COLEGIO PARANAPUA;Rio de Janeiro;Colégio Paranapuã | Nem sempre é sobre o resultado. Na ... — Carta CCRDO infantil, fundamental e médio SISTEMA DE ENSINO anglo Mudanças climáticas COLÉGIO CASSIANO RICARDO anglo SÃO JOSÉ ... Rio de Janeiro, ... | Os alunos do 3º ano trocaram a sala de aula pelas ruas do ... — Rio de Janeiro, Rio de Janeiro. 126 likes. colegioparanapua ... apostila de Niterói um material idealizado pela escola. ... No corredor cultural do Rio de Janeiro ... | Alessandro Bessone - Professor na Rede de Ensino Alfa ... — fev. de 2019 - o momento 7 anos 6 meses. Rio de Janeiro, Rio de Janeiro ... Colegio Paranapua. ago. de 2019 - dez. de 2019 5 meses. Ilha do governador ...
35300895;JP ENSINO MEDIO CURSOS TECNICOS E CURSINHOS;Presidente Prudente;ENEM 2014 — JP ENSINO MEDIO CURSOS TECNICOS E CURSINHOS, PRESIDENTE PRUDENTE, SP ... ZETA SISTEMA DE ENSINO DE PROMISSAO, PROMISSAO, SP, Privada, 80% ou ... | E-metodo — ANGLO SISTEMA DE ENSINO, ANHANGUERA, ANHEMBI MORUMBI COLEGIO, ANIBAL DE FREITAS ... JP ENSINO MEDIO CURSOS TECNICOS E CURSINHOS, JUAN CARLOS ONETTI ... | Listado de Colegios en Brasil | PDF — JP ENSINO MEDIO CURSOS TECNICOS E CURSINHOS. SP. 2151. ESCOLA PROFA YOLANDA ... SISTEMA DE ENSINO FUNDAMENATAL MEDIO E SUPERIOR LTDA-CDF-SUL. PB. 7312. SUELI ...
24059340;INSTITUTO REIS MAGOS;Natal;"Escolas em Barro Vermelho na cidade de Natal — Sistema De Ensino Recriar; Complexo Educacional Parque Dunas; Centro Educacional ... (2). Barro Vermelho - Natal - RN. Saiba mais. Logo - instituto reis magos ... | Conheça as melhores escolas de Natal - RN - Revista ME — 9 - Instituto Reis Magos. Nota: 4,5. Endereço: Rua Brasília, 712 - Barro Vermelho, Natal - RN. | Monopólio - FTD Educação — ... Instituto Reis Magos se trata de uma solução pedagógica composta por (1) material didático ... O Sistema de Ensino é uma solução pedagógica ..."
42091578;COLEGIO EVANGELICO JARAGUA;Jaraguá do Sul;"Colegio Evangelico Jaragua | Bolsas de Estudo em ... — Garanta sua bolsa de estudos em Colegio Evangelico Jaragua, Jaraguá do Sul - SC ... Banda larga; Internet; Lixo reciclável. Sistema de ensino. Anglo (Somos). O ... | Colégio Evangélico Jaraguá abre datas para matrícula e ... — ... Jaraguá do Sul, está com as vagas abertas para matrículas e rematrículas. O Colégio Evangélico Jaraguá ... Material didático Anglo ... | Colégio Evangélico Jaraguá promove II Simpósio de Práticas ... — A coordenadora pedagógica geral do Colégio Evangélico Jaraguá ... Com o tema “Compartilhando práticas significativas – um olhar para além do material didático!"
35466761;ESQUEMA UNICO EDUCACIONAL DE PRESIDENTE PRUDENTE;Presidente Prudente;contrato padrão de prestação de serviços educacionais — fornecer o material-didático pedagógico e de artes, necessário ao aprendizado do(a) ... ESQUEMA ÚNICO EDUCACIONAL DE PRESIDENTE PRUDENTE – EIRELI - CNPJ: 13.294, ... | Alunos Premiados de Escolas Privadas - OBMEP 2017 — ESQUEMA UNICO EDUCACIONAL DE PRESIDENTE PRUDENTE, P, PRESIDENTE PRUDENTE, SP ... ZETA SISTEMA DE ENSINO DE PROMISSAO, P, PROMISSAO, SP, ---, Sim. GABRIEL ... | MEDALHA DE OURO — ESQUEMA UNICO EDUCACIONAL DE PRESIDENTE PRUDENTE. SÃO PAULO. Presidente ... SISTEMA DE ENSINO EQUIPE LTDA - EPP. PARÁ. Canaã dos Carajás. CAUÊ CASSIANO DOS ...
31371696;COLEGIO UNIVERSITARIO;Patos de Minas;Últimas vagas no Colégio Universitário: garanta já sua ... — Outro diferencial é o material didático. O Sistema de Ensino Ari de Sá (SAS) é reconhecido como um dos melhores do País. Desde 2022, o ... | Descubra como concorrer a bolsas do Colégio ... — O Colégio Universitário, do Centro Universitário de Patos de Minas (UNIPAM) ... Sistema de Ensino Ari de Sá (SAS). Outro diferencial é a infraestrutura ... | Instituicoes_Cursos 18_09_25.xlsx — UNIDADE DE ENSINO TECNICO SENAC - CFP - PATOS DE MINAS-MG. MG. UNIDADE DE ... Sistema de Ensino Fundamental Médio Profissionalizante Ltda. – Colégio ...
25213806;COLEGIO E CURSO PETRONIO FIGUEIREDO LTDA;Campina Grande;Ministério da Educação — Campina Grande. ESCOLA JOAO RIQUE FERREIRA SESI. Privada. 2. PB. Campina Grande. COLEGIO E CURSO PETRONIO FIGUEIREDO LTDA. Privada. 8. PB. Campina Grande. CF ... | ENEM ESCOLA Page 1 SIGLA NO_MUNICIPIO ... — ... SISTEMA DE ENSINO MILENIO. Privada. 514,5461538 510,0769231 546,8692308 514 ... CAMPINA GRANDE. CENTRO CAMPINENSE DE EDUCACAO LTDA COLEGIO MOTIVA. Privada. | ENEM 2013 POR ESCOLA — ... CAMPINA GRANDE. Privada. CENTRO CAMPINENSE DE EDUCACAO LTDA COLEGIO ... SISTEMA DE ENSINO EQUIPE. 628,66. 596,47. 652,65. 612,81. 652,72. 747 ...
42000645;COLEGIO SANTA CATARINA;Florianópolis;"Bolsas de Estudo Colégio Santa Catarina — O Colégio Santa Catarina, localizado em Florianópolis, Santa Catarina, é uma ... material didático do Grupo Positivo, colaboradores especializados ... | História — ... sistema de ensino avançado e abordagem pedagógica acolhedora, incorporando valores humanos e cristãos. ... Material didático. img/timeline/material-didatico ... | Colégio Santa Catarina | Bolsas de Estudo em Florianópolis — Garanta sua bolsa de estudos em Colégio Santa Catarina, Florianópolis - SC ... Sala de professores; Pátio Descoberto; Banda larga; Internet. Sistema de ensino."
33055955;COLEGIO SAO VICENTE DE PAULO;Niterói;Grátis: Baixadas Litorâneas - BL - Material Claro e Objetivo ... — 33055955 IRMANDADE DE SÃO VICENTE DE PAULO COLEGIO SAO VICENTE DE PAULO Niterói ... APOSTILA - ANEXO A PORTARIA BAIXADAS LITORÂNEAS - SEDE ... | Alunos Premiados de Escolas Privadas — SEI - SISTEMA DE ENSINO INTERATIVO, P, RIO DE JANEIRO, RJ, Sim. MARIA LUIZA ... COLEGIO SAO VICENTE DE PAULO, P, RIO DE JANEIRO, RJ, Sim. DAVI FASSARELLA PEREIRA ... | Lista de Escolas por Estado e Cidade | PDF | Rio de Janeiro — COLEGIO SAO VICENTE DE PAULO 112 Rio de Janeiro RJ PENTAGONO COLEGIO UNIDADE ... SISTEMA DE ENSINO FUNDAMENATAL MEDIO E SUPERIOR LTDA-CD 57 João Pessoa PB
35151798;UNISUZ COLEGIO;Suzano;Alunos Premiados de Escolas Privadas — UNISUZ COLEGIO, P, SUZANO, SP, Sim. FELIPE GROTTI WILCKEN, CRISTA PAN AMERICANA ... ANGLO SISTEMA DE ENSINO, P, TATUI, SP, Sim. BENICIO ROSA CAMEJO, PITANGUEIRAS ... | Posição no ranking - média objetiva Nome da escola ... — ... SISTEMA DE ENSINO. EQUIPE INTEGRADO. EIRELI - EPP. Belém. PA. 718,8. 895,9. 715,0 ... SUZANO ETEC DE. Suzano. SP. 601,9. 643,5. 615,0. 581,0. 599,0. 613,0. 1234. | Nome Série Cidade Escola — ... Suzano. FERREIRA MASTER COLEGIO. Aline de Abreu Pecina. 2ª Série ou ... UNISUZ COLEGIO. Ana Luísa Silva Da Rosa. 2ª Série ou. Inferior.
43104940;COLEGIO BATISTA BRASIL;Porto Alegre;Materiais Didáticos — Utilizando o material didático do Programa de Formação Ética e Socioemocional Bene, o Colégio Batista Brasil investe na formação socioemocional dos seus ... | 🎶🙏Os estudantes do Colégio Batista Brasil Porto Alegre que ... — Os estudantes do Colégio Batista Brasil Porto Alegre que fazem parte ... No photo description available. Colégio Pio XI - ANGLO Sistema de Ensino ... | Colégio Batista Mineiro | 💡⚙Os estudantes do 4º ano do ... — ... Material Didático Infinito do COC. Não entregamos apenas apostilas ... Colégio Batista BRASIL RELEVOS PRINCIPAIS CAATINGA QUAL BIOMA PREDOMINA A ...
26117991;COLEGIO BOA VIAGEM LTDA;Recife;Desempenho de Alunos da 3ª Série | PDF | Faculdade — MARIA AUGUSTA DA c LUNA 3° série CURSO 13 RECIFE PE. MARIA BEATRIZ BRASIL DA SILVA 3° série COLEGIO BOA VIAGEM LTDA 8 RECIFE PE MARIA BEATRIZ NEVES FERNANDES ... | Classificados NIVEL D — SISTEMA DE ENSINO EQUIPE ANANINDEUA. EIRELLI. 11. ANANINDEUA. PA. AHENZON KADU DA ... COLEGIO BOA VIAGEM LTDA. 9. RECIFE. PE. AMANDA VELOSO DA SILVA. 3° série. | Fase II Resultado Aluno - Nome Escola UF C — Stenio Candido Bezerra dos Santos Filho Colégio Militar do Recife. PE Recife ... Sistema de Ensino Equipe Canaã dos Carajás. PA. Canaã dos Carajás. Anna ...
31007587;SISTEMA PIAGET DE ENSINO;Belo Horizonte;"I.E em Foco — Locations. R Carmelo, 150. Belo Horizonte, Minas Gerais 31565-260, BR. Get ... SAYS Sistema de Ensino Bilíngue. Education Administration Programs. Rio das ... | Rede Pitágoras on Instagram: ""Uma história de 60 anos não ... — Sistema de Ensino GPI O Sistema de Ensino mais completo! Trocar ... SISTEMA -PIAGET- DE ENSINO DESDE 1976 Há cinco décadas formando ... | sinepemg — ... Belo Horizonte, a cerimônia de entrega do Prêmio Heley de Abreu ... SISTEMA DE ENSINO POSITIVO 63 anos JOHN WESLEY COLÉGIO CADA ..."
35123808;EDUCATIVA CENTRO EDUCACIONAL;Ourinhos;Educativa Centro Educacional (@educativa.ce) · Ourinhos, ... — Etapa Digital O material didático em formato digital, do ... | Os alunos do 4º ano, da Unidade de Tremembé, colocaram a ... — Nosso Circuito de Aprendizagem reuniu diferentes áreas do conhecimento em uma única vivência: Na Arte, a criatividade encontrou a Geometria ... | um estudo de caso sobre sistema de ensino na educação ... — de AP Freitas · 2005 — já que tem apostila, a apostila tem que ser feita na escola, pois quem sabe ... O material didático adquirido pela rede pública investigada traz, em seu exemplar.
33031649;INSTITUTO SAO JOSE;Resende;Alunos Premiados de Escolas Privadas — ANGLO SISTEMA DE ENSINO, P, TATUI, SP, Sim. BENICIO ROSA CAMEJO, PITANGUEIRAS ... GIOVANNA RESENDE SILVA ARAUJO, GIBRAN KHALIL GIBRAN COLEGIO, P, TABOAO DA ... | ENEM 2014 — INSTITUTO SAO JOSE, RESENDE, RJ, Privada, De 60% a 80%, Muito Alto ... SISTEMA DE ENSINO UNIVERSUS LTDA, RIO DE JANEIRO, RJ, Privada, De 40% a ... | Posição no ranking - média objetiva Nome da escola ... — ... SISTEMA DE ENSINO. EQUIPE INTEGRADO. EIRELI - EPP. Belém. PA. 718,8. 895,9. 715,0 ... Resende. RJ. 640,9. 808,3. 643,0. 623,0. 594,0. 703,0. 292. COLEGIO MARISTA ...
15038513;COLEGIO SANTA ROSA;Belém;COLÉGIO SANTA ROSA - MATERIAL DIDÁTICO — O Colégio Santa Rosa adota o material didático do Bernoulli Sistema de Ensino aos alunos do Ensino Médio. ... Belém-PA. CEP 66025-230. Fones: (91) 3222-6529 ... | O Santa Rosa é um segundo lar e quem vive isso todos os ... — Primeiramente a escolha do colégio Santa Rosa foi uma ... Sistema de Ensino 3 razões que fazem tantas famílias escolherem o Externato. | Colégio Santa Rosa (@santarosa.oficial) — Entregamos a nossa Bateria de Carnaval, uma apostila especial de exercícios ... Belém, um evento histórico que vai colocar nossa cidade no centro das ...
33101809;COLEGIO EME;Nova Iguaçu;"O Colégio EME se destaca com diferenciais que garantem ... — o COLÉGIO EME E 10 LUGAR NO ENEM EM NOVA IGUAÇU COLÉGIO EME . EME ... SISTEMA DE ENSINO DESCOBERTAS ONDE TUDO COMEÇA Os primeiros anos ... | Colégio EME on Instagram: ""Chegou a hora de escolher o ... — ... Nova Iguaçu! Mantemos o 1º lugar no ENEM em Nova Iguaçu e ... Colégio EME! As reservas de vagas já foram iniciadas! Não perca essa ... | 👉🏼 Você conhece o Colégio EME? Arraste para o lado e ... — O Colégio EME é 1º lugar de Nova Iguaçu no ENEM E existe um motivo ... @cemararuama Sistema de Ensino pH. A parceria com um dos ..."
35113736;DOM BOSCO COLEGIO SALESIANO ASSUNCAO;Piracicaba;Alunos Premiados de Escolas Privadas - 16ª OBMEP — ANGLO SISTEMA DE ENSINO, P, TATUI, SP, ---, Sim. IAN MAZZUCATTO PUCINELI, ABSOLUTO ... DOM BOSCO COLEGIO SALESIANO ASSUNCAO, P, PIRACICABA, SP, ---, Sim. MANUELA ... | ENEM 2013 POR ESCOLA — ... SISTEMA DE ENSINO EQUIPE. 628,66. 596,47. 652,65. 612,81. 652,72. 747,74 ... PIRACICABA. Privada. LUIZ DE QUEIROZ COLEGIO. 627,12. 592,43. 692,90. | Lista de Escolas por Estado e Cidade | PDF | Rio de Janeiro — DOM BOSCO COLEGIO SALESIANO ASSUNCAO 56 Piracicaba SP CENTRO TECNOLOGICO ... SISTEMA DE ENSINO FUNDAMENATAL MEDIO E SUPERIOR LTDA-CD 57 João Pessoa PB
41133463;COLEGIO SENHORA DE FATIMA ED INF ENSINO FUND MEDIO SC LTDA;Curitiba;Alunos Premiados de Escolas Privadas — SISTEMA DE ENSINO UNO VERTICE, P, DIVINOPOLIS, MG, Bronze. HEITOR SOARES DE ... COLEGIO SENHORA DE FATIMA ED INF ENSINO FUND MEDIO SC LTDA, P, CURITIBA, PR ... | ENEM 2014 — CURITIBA, PR, Privada, 80% ou mais, Muito Alto, 657.71, 617.15, 724.88 ... COLEGIO SENHORA DE FATIMA ED INF ENSINO FUND MEDIO SC LTDA, CURITIBA ... | Listado de Colegios en Brasil | PDF — COLEGIO SENHORA DE FATIMA ED INF ENSINO FUND MEDIO SC LTDA. PR. 1370 ... SISTEMA DE ENSINO FUNDAMENATAL MEDIO E SUPERIOR LTDA-CDF-SUL. PB. 7312. SUELI ...
21092761;COMPLEXO EDUCACIONAL DOM BOSCO;Imperatriz;"Dom Bosco Imperatriz (@escoladomboscoitz) — No dia 7 de fevereiro, das 8h às 11h, o Complexo Educacional Dom Bosco, em Imperatriz – MA, abrirá suas portas para um momento especial de encontro, cuidado e ... | Dom Bosco Imperatriz on Instagram: ""Há 45 anos, o ... — ... Complexo Educacional Dom Bosco ... God bless you. OCR. Dom Bosco Imperatriz Poliedro Sistema de Ensino Assine aqui e faça parte desse time! | Dom Bosco é Sistema de Ensino Poliedro❤️💛💙 Aqui no ... — ... Complexo Educacional Dom Bosco prezamos pela ... Dom Bosco Imperatriz Poliedro Sistema de Ensino Assine aqui e faça parte desse time!"
50016385;ESCOLA FRANCISCANA IMACULADA CONCEICAO;Dourados;Após a apresentação dos 5 sentidos no material didático, foi ... — ... material didático, foi explorado cada sentido ... Dourados here at the school... later we'll ... Na Escola Franciscana Imaculada Conceição, os ... | Há vagas na Educação Infantil do Polo EIC — Os estudantes beneficiados recebem todo o material didático de forma ... O ArraiÃ¡ 2026 que reuniu a comunidade de Dourados-MS. O Arraiá 2026 que ... | Coordenadora Pedagógica na Escola Imaculada Conceição — Trabalhei com sistema de ensino Positivo e Coc. Pós -graduada em ... Escola Franciscana Imaculada Conceição - Dourados / MS グラフィック. Vice ...
50030469;COLEGIO DE ENSINO MEDIO NOVA GERACAO;Campo Grande;ENSINO MÉDIO Prezadas famílias, Informamos que ... — ... Campo Grande, 23 de junho de 2026. COMUNICADO Senhores Pais e/ou ... 17° COLEGIO DE ENSINO MEDIO NOVA GERACAO 634,32. 18° ESCOLA ... | UNIDADE DA FEDERAÇÃO MUNICÍPIO ESCOLA ... — ... CAMPO GRANDE. COLEGIO ALEXANDER FLEMING. PRIVADA. 76. 76. 613,11. 681,21 ... SISTEMA DE ENSINO EQUIPE. PRIVADA. 174. 173. 587,85. 655,31. 637,97. | ENEM ESCOLA Page 1 SIGLA NO_MUNICIPIO ... — ... SISTEMA DE ENSINO LTDA. Privada. 487,1512195 514,9707317 553,6134146 539 ... CAMPO GRANDE. Privada. 522,8484848 525,8181818 575,5939394 611,1030303. 502 ...
