prospect;codigo_escola;cidade;UF;bairro_prospect;segmento_comercial;score_destaque;parceiro_mais_proximo;bairro_parceiro;parceiro_eh_unidade_propria;distancia_km;faixa_proximidade
COLEGIO CLASSE A UNIDADE II;50033239;Campo Grande;MS;MONTE CASTELO;Outras posições;0.529;COLEGIO CLASSE A;MONTE CASTELO;False;0.02;mesmo entorno (<=1km)
ABACO III COLEGIO;35481014;São Bernardo do Campo;SP;ASSUNCAO;Outras posições;0.518;ABACO COLEGIO;ASSUNCAO;False;0.04;mesmo entorno (<=1km)
CASSIANO RICARDO COLEGIO;35118564;Taubaté;SP;CENTRO;Desafiante (2º-5º local);0.719;PROGRESSAO COLEGIO;CENTRO;False;0.07;mesmo entorno (<=1km)
PESSOA COLEGIO;35802244;Franca;SP;PROLONGAMENTO VILA DUQUE DE CAXIAS;Outras posições;0.64;NOVO COLEGIO SISTEMA DE ENSINO DE FRANCA LTDA;VILA NOSSA SENHORA DAS GRACAS;False;0.09;mesmo entorno (<=1km)
COLEGIO LOGOSOFICO GONZALEZ PECOTCHE;31006157;Belo Horizonte;MG;SANTA EFIGENIA;Outras posições;0.925;COLEGIO ARNALDO - UNIDADE FUNCIONARIOS;FUNCIONÁRIOS;False;0.18;mesmo entorno (<=1km)
COLEGIO ANCHIETA;27035018;Maceió;AL;JATIUCA;Outras posições;0.462;COLEGIO CONTATO MACEIO;JATIÚCA;False;0.21;mesmo entorno (<=1km)
OBJETIVO COLEGIO;35140193;Taubaté;SP;CENTRO;Desafiante (2º-5º local);0.76;PROGRESSAO COLEGIO;CENTRO;False;0.22;mesmo entorno (<=1km)
COLEGIO GRANDE PASSO;26173280;Recife;PE;BOA VIAGEM;Outras posições;0.694;MD EDUCACIONAL- COLEGIO MADRE DE DEUS UNIDADE II;BOA VIAGEM;False;0.23;mesmo entorno (<=1km)
COLEGIO GREGOR MENDEL;29182387;Salvador;BA;PITUBA;Outras posições;0.571;CURSO E COLEGIO LEFFLER;CAMINHO DAS ÁRVORES;False;0.31;mesmo entorno (<=1km)
COLEGIO DO SALVADOR;28017820;Aracaju;SE;JARDINS;Outras posições;0.816;COESI COLEGIO DE ORIENTACAO E ESTUDOS INTEGRADOS E ESCOLINHA DO RE MI EIRELI - EPP;GRAGERU;False;0.33;mesmo entorno (<=1km)
COLEGIO ROBERTO CARNEIRO;31041262;Divinópolis;MG;CENTRO;Desafiante (2º-5º local);0.889;INST N SRA DO SAGRADO CORACAO;CENTRO;False;0.34;mesmo entorno (<=1km)
COLEGIO BIONATUS;50030582;Campo Grande;MS;JARDIM DOS ESTADOS;Outras posições;0.465;COLEGIO HARMONIA - UNIDADE I;JARDIM DOS ESTADOS;False;0.4;mesmo entorno (<=1km)
COLEGIO MODULO;29182409;Salvador;BA;PITUBA;Outras posições;0.846;COLEGIO OFICINA;PITUBA;False;0.43;mesmo entorno (<=1km)
LA SALLE COLEGIO;35111454;Botucatu;SP;CENTRO;Desafiante (2º-5º local);0.59;ADV BOTUCATU UNIDADE IV COLEGIO;CENTRO;False;0.43;mesmo entorno (<=1km)
LUMIERE COLEGIO;35132986;São Paulo;SP;VILA GOMES CARDIM;Outras posições;0.579;AGOSTINIANO MENDEL COLEGIO;VILA GOMES CARDIM;False;0.47;mesmo entorno (<=1km)
ALFREDO JOSE BALBI DOUTOR ESCOLA DE APLICACAO;35111259;Taubaté;SP;CENTRO;Outras posições;0.476;PROGRESSAO COLEGIO;CENTRO;False;0.47;mesmo entorno (<=1km)
AMORIM COLEGIO;35808301;São Paulo;SP;VILA GOMES CARDIM;Outras posições;0.46;AGOSTINIANO MENDEL COLEGIO;VILA GOMES CARDIM;False;0.48;mesmo entorno (<=1km)
DE ANGELES UNID I COLEGIO;35288214;Araçatuba;SP;VILA ESTADIO;Outras posições;0.458;DELTA EDUCACIONAL;SAUDADE;False;0.48;mesmo entorno (<=1km)
COLEGIO MARISTA SANTA MARIA EI EF EM;41133153;Curitiba;PR;SAO LOURENCO;Desafiante (2º-5º local);0.859;COLEGIO DO BOSQUE MANANCIAIS;AHÚ;False;0.48;mesmo entorno (<=1km)
COLEGIO JARDINS LTDA;28072430;Aracaju;SE;JARDINS;Outras posições;0.517;COESI COLEGIO DE ORIENTACAO E ESTUDOS INTEGRADOS E ESCOLINHA DO RE MI EIRELI - EPP;GRAGERU;False;0.48;mesmo entorno (<=1km)
ELITE REDE DE ENSINO;35153795;Jaú;SP;VILA ASSIS;Desafiante (2º-5º local);0.714;ADV COLEGIO UNIDADE II;VILA ASSIS;False;0.49;mesmo entorno (<=1km)
IMACULADA INSTITUTO EDUCACIONAL;35112773;Campinas;SP;BOTAFOGO;Outras posições;0.777;COLEGIO POLIEDRO;TAQUARAL;True;0.49;mesmo entorno (<=1km)
NOTA 10 - UNIDADE GARCAS;50030116;Campo Grande;MS;MONTE CASTELO;Outras posições;0.548;COLEGIO CLASSE A;MONTE CASTELO;False;0.5;mesmo entorno (<=1km)
NOSSA SRA AUXILIADORA COLEGIO SALESIANO;35112586;Campinas;SP;JARDIM NOSSA SENHORA AUXILIADORA;Outras posições;0.782;COLEGIO POLIEDRO;TAQUARAL;True;0.51;mesmo entorno (<=1km)
COLEGIO ANGLO ALANTE SAO JOSE DOS CAMPOS;35137170;São José dos Campos;SP;JARDIM ESPLANADA;Desafiante (2º-5º local);0.823;POLIEDRO COLEGIO;JARDIM ESPLANADA;True;0.54;mesmo entorno (<=1km)
ALPHA LUMEN INSTITUTO;35561320;São José dos Campos;SP;JARDIM ESPLANADA II;Outras posições;0.788;POLIEDRO COLEGIO;JARDIM ESPLANADA;True;0.56;mesmo entorno (<=1km)
COLEGIO ADVENTISTA JARDIM DOS ESTADOS;50005618;Campo Grande;MS;JARDIM DOS ESTADOS;Outras posições;0.446;COLEGIO HARMONIA - UNIDADE I;JARDIM DOS ESTADOS;False;0.56;mesmo entorno (<=1km)
COPERNICO COLEGIO;35172613;Franca;SP;JARDIM VENEZA;Outras posições;0.428;NOVO COLEGIO SISTEMA DE ENSINO DE FRANCA LTDA;VILA NOSSA SENHORA DAS GRACAS;False;0.56;mesmo entorno (<=1km)
CONDE DOMINGOS COLEGIO;35060574;São Paulo;SP;TATUAPE;Outras posições;0.586;AGOSTINIANO MENDEL COLEGIO;VILA GOMES CARDIM;False;0.57;mesmo entorno (<=1km)
REDE DE ENSINO NOVO TEMPO;35186260;Santos;SP;EMBARE;Desafiante (2º-5º local);0.682;JEAN PIAGET UNIDADE II EEPG;APARECIDA;False;0.63;mesmo entorno (<=1km)
COLEGIO SANTA CLARA;15011097;Santarém;PA;SANTA CLARA;Desafiante (2º-5º local);0.579;COLEGIO DOM AMANDO;CENTRO;False;0.63;mesmo entorno (<=1km)
JANDYRA ANTUNES ROSA PROFESSORA COLEGIO;35152812;Limeira;SP;CENTRO;Desafiante (2º-5º local);0.724;SAO JOSE COLEGIO;CENTRO;False;0.64;mesmo entorno (<=1km)
TABLEAU COLEGIO;35168373;Taubaté;SP;JARDIM DAS NACOES;Outras posições;0.523;PROGRESSAO COLEGIO;CENTRO;False;0.64;mesmo entorno (<=1km)
CENTRO EDUCACIONAL DIVINOPOLIS-ANGLO;31291986;Divinópolis;MG;VILA BELO HORIZONTE;Desafiante (2º-5º local);0.885;INST N SRA DO SAGRADO CORACAO;CENTRO;False;0.64;mesmo entorno (<=1km)
PILARES COLEGIO;35140612;Santa Bárbara d'Oeste;SP;COLINA DE SANTA BARBARA;Desafiante (2º-5º local);0.45;IDEAL COLEGIO;CENTRO;False;0.64;mesmo entorno (<=1km)
SANTA MARCELINA COLEGIO;35111466;Botucatu;SP;CENTRO;Desafiante (2º-5º local);0.85;ADV BOTUCATU UNIDADE IV COLEGIO;CENTRO;False;0.65;mesmo entorno (<=1km)
COLEGIO BIONATUS II;50032100;Campo Grande;MS;JARDIM DOS ESTADOS;Desafiante (2º-5º local);0.791;COLEGIO HARMONIA - UNIDADE I;JARDIM DOS ESTADOS;False;0.65;mesmo entorno (<=1km)
NOVAESCOLA;50060015;Campo Grande;MS;JARDIM DOS ESTADOS;Outras posições;0.466;COLEGIO HARMONIA - UNIDADE I;JARDIM DOS ESTADOS;False;0.66;mesmo entorno (<=1km)
INTERATIVO CURSO E COLEGIO;35165116;São Carlos;SP;CENTRO;Outras posições;0.69;SAPIENS CURSO E COLEGIO;CENTRO;False;0.66;mesmo entorno (<=1km)
RAUL BAUAB DOUTOR FUNDACAO EDUCACIONAL COLEGIO;35115712;Jaú;SP;CHACARA BRAZ MIRAGLIA;Líder local;0.923;ADV COLEGIO UNIDADE II;VILA ASSIS;False;0.67;mesmo entorno (<=1km)
RIBEIRO MAIA COLEGIO;35430353;São Bernardo do Campo;SP;DOS CASA;Outras posições;0.459;ABACO COLEGIO;ASSUNCAO;False;0.67;mesmo entorno (<=1km)
COLEGIO PORTINARI;29343232;Salvador;BA;COSTA AZUL;Outras posições;0.691;COLEGIO OFICINA;PITUBA;False;0.7;mesmo entorno (<=1km)
CENTRO INTERESCOLAR OBJETIVO UNIDADE TATUAPE;35133395;São Paulo;SP;VILA GOMES CARDIM;Outras posições;0.606;AGOSTINIANO MENDEL COLEGIO;VILA GOMES CARDIM;False;0.73;mesmo entorno (<=1km)
NOTA 10 INTERNACIONAL - UNIDADE GENERAL OSORIO;50031783;Campo Grande;MS;MONTE CASTELO;Outras posições;0.576;COLEGIO CLASSE A;MONTE CASTELO;False;0.75;mesmo entorno (<=1km)
CIDADE RIO PRETO COLEGIO;35500033;São José do Rio Preto;SP;CENTRO;Outras posições;0.718;VEM SER COLEGIO;VILA NOSSA SENHORA DA PAZ;False;0.76;mesmo entorno (<=1km)
COLEGIO SANTA URSULA LTDA;27218244;Maceió;AL;JATIUCA;Desafiante (2º-5º local);0.83;COLEGIO CONTATO MACEIO;JATIÚCA;False;0.76;mesmo entorno (<=1km)
ELITE REDE DE ENSINO;35111247;Taubaté;SP;CENTRO;Outras posições;0.438;PROGRESSAO COLEGIO;CENTRO;False;0.77;mesmo entorno (<=1km)
OBJETIVO JUNIOR COLEGIO;35140995;Taubaté;SP;JARDIM DAS NACOES;Líder local;0.8;PROGRESSAO COLEGIO;CENTRO;False;0.77;mesmo entorno (<=1km)
COLEGIO MARIA MONTESSORI;50009060;Campo Grande;MS;CENTRO;Outras posições;0.687;COLEGIO HARMONIA - UNIDADE I;JARDIM DOS ESTADOS;False;0.77;mesmo entorno (<=1km)
INSTITUTO SAO JOSE;35111089;São José dos Campos;SP;JARDIM ESPLANADA II;Outras posições;0.659;POLIEDRO COLEGIO;JARDIM ESPLANADA;True;0.77;mesmo entorno (<=1km)
INTELECTUS RIO PRETO COLEGIO;35501918;São José do Rio Preto;SP;CENTRO;Outras posições;0.688;VEM SER COLEGIO;VILA NOSSA SENHORA DA PAZ;False;0.78;mesmo entorno (<=1km)
JARDIM DAS NACOES COLEGIO;35151282;Taubaté;SP;JARDIM DAS NACOES;Outras posições;0.694;PROGRESSAO COLEGIO;CENTRO;False;0.79;mesmo entorno (<=1km)
EXATUS COLEGIO E VESTIBULARES;35144228;São Paulo;SP;VILA ZILDA;Outras posições;0.598;AGOSTINIANO MENDEL COLEGIO;VILA GOMES CARDIM;False;0.8;mesmo entorno (<=1km)
COLEGIO SAGRADO CORACAO DE JESUS;31007111;Belo Horizonte;MG;SAVASSI;Outras posições;0.894;COLEGIO ARNALDO - UNIDADE FUNCIONARIOS;FUNCIONÁRIOS;False;0.83;mesmo entorno (<=1km)
MULTIPLUS SCHOOL;35165773;Presidente Prudente;SP;VILA GUAIRA;Desafiante (2º-5º local);0.73;ESQUEMA UNICO EDUCACIONAL DE PRESIDENTE PRUDENTE;JARDIM PAULISTANO;False;0.83;mesmo entorno (<=1km)
PREVE JAU COLEGIO;35134429;Jaú;SP;CHACARA PECCIOLI;Outras posições;0.632;ADV COLEGIO UNIDADE II;VILA ASSIS;False;0.83;mesmo entorno (<=1km)
CURSO E COLEGIO UNI;35007524;São Carlos;SP;CENTRO;Desafiante (2º-5º local);0.691;SAPIENS CURSO E COLEGIO;CENTRO;False;0.87;mesmo entorno (<=1km)
COLEGIO RIACHUELO;43123988;Santa Maria;RS;CENTRO;Desafiante (2º-5º local);0.778;COLEGIO CORACAO DE MARIA;NOSSA SENHORA DAS DORES;False;0.87;mesmo entorno (<=1km)
ESCOLA TECNICA DE DIVINOPOLIS-INTEGRAL;31041181;Divinópolis;MG;CENTRO;Líder local;0.914;INST N SRA DO SAGRADO CORACAO;CENTRO;False;0.87;mesmo entorno (<=1km)
ESPIRITO SANTO COLEGIO;35101886;São Paulo;SP;TATUAPE;Outras posições;0.645;AGOSTINIANO MENDEL COLEGIO;VILA GOMES CARDIM;False;0.88;mesmo entorno (<=1km)
COL ADVENTISTA DE PLANALTINA;53006585;Brasília;DF;SETOR DE EDUCACAO (PLANALTINA);Outras posições;0.631;C DE ENS MEDIO DELTA;VILA BURITIS - SETOR RESIDENCIAL LESTE;False;0.88;mesmo entorno (<=1km)
COLEGIO PORTO;24088846;Natal;RN;LAGOA NOVA;Outras posições;0.852;COLGIO CONTEMPORANEO;LAGOA NOVA;False;0.9;mesmo entorno (<=1km)
COLEGIO ATLANTICO MACAE;33139881;Macaé;RJ;PRAIA CAMPISTA;Líder local;0.822;COLEGIO APROVADO;GRANJA DOS CAVALEIROS;False;0.9;mesmo entorno (<=1km)
COLEGIO ADVENTISTA PRESIDENTE PRUDENTE;35117134;Presidente Prudente;SP;VILA SANTA HELENA;Outras posições;0.458;ESQUEMA UNICO EDUCACIONAL DE PRESIDENTE PRUDENTE;JARDIM PAULISTANO;False;0.9;mesmo entorno (<=1km)
COLEGIO ACADEMIA;35192399;Jaú;SP;CENTRO;Desafiante (2º-5º local);0.741;ADV COLEGIO UNIDADE II;VILA ASSIS;False;0.91;mesmo entorno (<=1km)
COLEGIO PORTO ALVORADA ENSINO FUNDAMENTAL E MEDIO;35125982;Jaú;SP;JARDIM ALVORADA II;Desafiante (2º-5º local);0.773;ADV COLEGIO UNIDADE II;VILA ASSIS;False;0.92;mesmo entorno (<=1km)
BOM JESUS DIVINA PROVIDENCIA COL EDUC INF ENS FUND E MEDIO;41352866;Curitiba;PR;AHU;Desafiante (2º-5º local);0.867;COLEGIO DO BOSQUE MANANCIAIS;AHÚ;False;0.93;mesmo entorno (<=1km)
COLEGIO INTEGRAL;29182344;Salvador;BA;PITUBA;Outras posições;0.88;COLEGIO OFICINA;PITUBA;False;0.93;mesmo entorno (<=1km)
PRUDENTINA ESCOLA DE EDUCACAO BASICA;35121381;Presidente Prudente;SP;JARDIM ESPLANADA;Desafiante (2º-5º local);0.726;ESQUEMA UNICO EDUCACIONAL DE PRESIDENTE PRUDENTE;JARDIM PAULISTANO;False;0.94;mesmo entorno (<=1km)
ESCOLA DA ILHA;42110980;Florianópolis;SC;ITACORUBI;Outras posições;0.638;ESCOLA AUTONOMIA;ITACORUBI;False;0.95;mesmo entorno (<=1km)
BATISTA BRASILEIRO COLEGIO;35102751;São Paulo;SP;PERDIZES;Outras posições;0.56;COLEGIO POLIEDRO DE EDUCACAO;AGUA BRANCA;True;0.96;mesmo entorno (<=1km)
SISTEMA EDUCACIONAL SOROCABA;35165578;Sorocaba;SP;PARQUE CAMPOLIM;Desafiante (2º-5º local);0.68;COLEGIO SER UNIDADE CAMPOLIM;PARQUE CAMPOLIM;False;0.96;mesmo entorno (<=1km)
COLEGIO MARISTA ALEXANDER FLEMING;50005405;Campo Grande;MS;VILA GOMES;Desafiante (2º-5º local);0.811;COLEGIO HARMONIA - UNIDADE I;JARDIM DOS ESTADOS;False;0.98;mesmo entorno (<=1km)
COLEGIO SANTO ANTONIO;31004812;Belo Horizonte;MG;SAVASSI;Desafiante (2º-5º local);0.947;COLEGIO ARNALDO - UNIDADE FUNCIONARIOS;FUNCIONÁRIOS;False;1.0;mesmo entorno (<=1km)
SAO LUCAS COLEGIO;35121344;Jaú;SP;JARDIM NETINHO PRADO;Outras posições;0.684;ADV COLEGIO UNIDADE II;VILA ASSIS;False;1.0;mesmo entorno (<=1km)
COLEGIO ATENAS PASSOS;31223883;Passos;MG;CENTRO;Desafiante (2º-5º local);0.818;COL STATUS;CANJERANUS;False;1.0;mesmo entorno (<=1km)
CURSO COLEGIO MODULO LTDA;28018109;Aracaju;SE;INACIO BARBOSA;Desafiante (2º-5º local);0.874;COESI COLEGIO DE ORIENTACAO E ESTUDOS INTEGRADOS E ESCOLINHA DO RE MI EIRELI - EPP;GRAGERU;False;1.0;mesmo entorno (<=1km)
SOC DE EDUC INTEG HUMANA DO BRASIL;15528715;Santarém;PA;SANTISSIMO;Desafiante (2º-5º local);0.83;COLEGIO DOM AMANDO;CENTRO;False;1.02;muito proximo (1-2km)
COLEGIO STELLA MARIS;41133692;Curitiba;PR;JUVEVÊ;Outras posições;0.466;COLEGIO PASSIONISTA NOSSA SENHORA MENINA;JUVEVÊ;False;1.04;muito proximo (1-2km)
SANTA MARCELINA COLEGIO;35102805;São Paulo;SP;PERDIZES;Outras posições;0.845;COLEGIO POLIEDRO DE EDUCACAO;AGUA BRANCA;True;1.04;muito proximo (1-2km)
COLEGIO MARISTA SANTA MARIA;43121900;Santa Maria;RS;CENTRO;Desafiante (2º-5º local);0.793;COLEGIO CORACAO DE MARIA;NOSSA SENHORA DAS DORES;False;1.05;muito proximo (1-2km)
LA SALLE SAO CARLOS COLEGIO DIOCESANO;35115253;São Carlos;SP;VILA PRADO;Outras posições;0.687;SAPIENS CURSO E COLEGIO;CENTRO;False;1.07;muito proximo (1-2km)
COL IMACULADA CONCEICAO;31118320;Passos;MG;CENTRO;Desafiante (2º-5º local);0.769;COL STATUS;CANJERANUS;False;1.07;muito proximo (1-2km)
COL CHROMOS CENTRO;31363294;Belo Horizonte;MG;CENTRO;Outras posições;0.699;COLEGIO ARNALDO - UNIDADE FUNCIONARIOS;FUNCIONÁRIOS;False;1.08;muito proximo (1-2km)
PESTALOZZI ESCOLA UNIDADE I;35114467;Franca;SP;CIDADE NOVA;Desafiante (2º-5º local);0.685;NOVO COLEGIO SISTEMA DE ENSINO DE FRANCA LTDA;VILA NOSSA SENHORA DAS GRACAS;False;1.08;muito proximo (1-2km)
COLEGIO SALESIANO DOM BOSCO;50007858;Campo Grande;MS;CENTRO;Outras posições;0.715;COLEGIO CLASSE A;MONTE CASTELO;False;1.09;muito proximo (1-2km)
COLEGIO SAPIENS - UNIDADE JARDIM AMERICA;11000252;Porto Velho;RO;SÃO JOÃO BOSCO;Outras posições;0.501;CENTRO DE ENSINO CLASSE A;CENTRO;False;1.11;muito proximo (1-2km)
ESCOLA SEB THATHI;35141434;Araçatuba;SP;PARQUE BAGUACU;Líder local;0.833;DELTA EDUCACIONAL;SAUDADE;False;1.11;muito proximo (1-2km)
COLEGIO LONDON UNIDADE II;35006933;São José do Rio Preto;SP;CENTRO;Outras posições;0.695;VEM SER COLEGIO;VILA NOSSA SENHORA DA PAZ;False;1.15;muito proximo (1-2km)
ESCOLA SANTA TERESINHA;21095752;Imperatriz;MA;CENTRO;Líder local;0.821;COMPLEXO EDUCACIONAL DOM BOSCO;CENTRO;False;1.17;muito proximo (1-2km)
EMILIO RIBAS COLEGIO DE ENSINO MEDIO;35288032;Pindamonhangaba;SP;JARDIM CRISTINA;Desafiante (2º-5º local);0.6;PROGRESSAO COLEGIO;ALTO DO CARDOSO;False;1.19;muito proximo (1-2km)
OVER COLEGIO E CURSO;24285323;Natal;RN;LAGOA NOVA;Outras posições;0.721;COLGIO CONTEMPORANEO;LAGOA NOVA;False;1.21;muito proximo (1-2km)
ADVENTISTA DE SAO CARLOS COLEGIO;35115277;São Carlos;SP;JARDIM MACARENGO;Outras posições;0.6;SAPIENS CURSO E COLEGIO;CENTRO;False;1.21;muito proximo (1-2km)
CENTRO EDUCACIONAL OBJETIVO UNIDADE AQUARIUS;35134259;São José dos Campos;SP;JARDIM SERIMBURA;Outras posições;0.675;POLIEDRO COLEGIO;JARDIM ESPLANADA;True;1.22;muito proximo (1-2km)
COLEGIO PARTHENON BOM CLIMA;35133115;Guarulhos;SP;MACEDO;Líder local;0.868;MATER AMABILIS COLEGIO;JARDIM MAIA;False;1.22;muito proximo (1-2km)
PORTAL DE LIMEIRA COLEGIO;35811142;Limeira;SP;CENTRO;Desafiante (2º-5º local);0.616;SAO JOSE COLEGIO;CENTRO;False;1.22;muito proximo (1-2km)
ESCOLA SEB UNIDADE SERRA;31007153;Belo Horizonte;MG;SERRA;Outras posições;0.873;COLEGIO ARNALDO - UNIDADE FUNCIONARIOS;FUNCIONÁRIOS;False;1.22;muito proximo (1-2km)
COLEGIO TORRICELLI UNIDADE I;35529503;Guarulhos;SP;VILA CAMARGOS;Outras posições;0.603;MATER AMABILIS COLEGIO;JARDIM MAIA;False;1.24;muito proximo (1-2km)
PROGRESSO CAMPINEIRO COLEGIO;35112513;Campinas;SP;CAMBUI;Desafiante (2º-5º local);0.891;COLEGIO POLIEDRO;TAQUARAL;True;1.25;muito proximo (1-2km)
COLEGIO FRANCISCANO SANT ANNA;43121896;Santa Maria;RS;CENTRO;Outras posições;0.596;COLEGIO CORACAO DE MARIA;NOSSA SENHORA DAS DORES;False;1.25;muito proximo (1-2km)
COLEGIO VICENTINO SAO JOSE;41133285;Curitiba;PR;ABRANCHES;Outras posições;0.583;COLEGIO DO BOSQUE MANANCIAIS;AHÚ;False;1.25;muito proximo (1-2km)
COLEGIO OBJETIVO DE NATAL;24057193;Natal;RN;LAGOA NOVA;Outras posições;0.725;COLGIO CONTEMPORANEO;LAGOA NOVA;False;1.25;muito proximo (1-2km)
ENIAC COLEGIO DE INFORMATICA;35108224;Guarulhos;SP;CENTRO;Outras posições;0.517;MATER AMABILIS COLEGIO;JARDIM MAIA;False;1.26;muito proximo (1-2km)
COLEGIO FAAT ENSINO FUNDAMENTAL E MEDIO;35185243;Atibaia;SP;CENTRO;Outras posições;0.444;SAO JOSE EXTERNATO;JARDIM BRASIL;False;1.27;muito proximo (1-2km)
COL DEL REY;31294900;Passos;MG;COIMBRAS;Líder local;0.842;COL STATUS;CANJERANUS;False;1.27;muito proximo (1-2km)
COLEGIO DE CIENCIAS PURA E APLICADA;28017803;Aracaju;SE;GRAGERU;Outras posições;0.851;COESI COLEGIO DE ORIENTACAO E ESTUDOS INTEGRADOS E ESCOLINHA DO RE MI EIRELI - EPP;GRAGERU;False;1.28;muito proximo (1-2km)
CENTRO DE EDUCACAO INTEGRADA MAIS LTDA;24350303;Natal;RN;LAGOA NOVA;Outras posições;0.866;COLGIO CONTEMPORANEO;LAGOA NOVA;False;1.28;muito proximo (1-2km)
SAO DOMINGOS COLEGIO;35102829;São Paulo;SP;PERDIZES;Outras posições;0.579;COLEGIO POLIEDRO DE EDUCACAO;AGUA BRANCA;True;1.28;muito proximo (1-2km)
BEIT YAACOV ESCOLA;35127991;São Paulo;SP;VARZEA DA BARRA FUNDA;Outras posições;0.517;COLEGIO POLIEDRO DE EDUCACAO;AGUA BRANCA;True;1.32;muito proximo (1-2km)
COLEGIO BERNOULLI;31350664;Belo Horizonte;MG;LOURDES;Outras posições;0.823;COLEGIO ARNALDO - UNIDADE FUNCIONARIOS;FUNCIONÁRIOS;False;1.33;muito proximo (1-2km)
CENTRO DE EXCELENCIA MASTER;28032322;Aracaju;SE;JARDINS;Líder local;0.905;COESI COLEGIO DE ORIENTACAO E ESTUDOS INTEGRADOS E ESCOLINHA DO RE MI EIRELI - EPP;GRAGERU;False;1.33;muito proximo (1-2km)
CARLOS DRUMMOND DE ANDRADE COLEGIO;35142759;São Paulo;SP;TATUAPE;Outras posições;0.418;AGOSTINIANO MENDEL COLEGIO;VILA GOMES CARDIM;False;1.33;muito proximo (1-2km)
COLEGIO DOM BOSCO UNIDADE AHU;41127781;Curitiba;PR;AHÚ;Outras posições;0.576;COLEGIO PASSIONISTA NOSSA SENHORA MENINA;JUVEVÊ;False;1.35;muito proximo (1-2km)
GUILHERME DE ALMEIDA COLEGIO UNIDADE I;35131945;Guarulhos;SP;JARDIM TIJUCO;Outras posições;0.737;MATER AMABILIS COLEGIO;JARDIM MAIA;False;1.36;muito proximo (1-2km)
CENTRO DE EDUCACAO INTEGRADA S A - ROMUALDO;24069191;Natal;RN;LAGOA NOVA;Desafiante (2º-5º local);0.909;COLGIO CONTEMPORANEO;LAGOA NOVA;False;1.36;muito proximo (1-2km)
SANTO ANTONIO DE LISBOA COLEGIO;35101904;São Paulo;SP;TATUAPE;Outras posições;0.664;AGOSTINIANO MENDEL COLEGIO;VILA GOMES CARDIM;False;1.38;muito proximo (1-2km)
C EDUCACIONAL SAGRADA FAMILIA;53001192;Brasília;DF;ASA NORTE;Outras posições;0.739;C EDUCACIONAL SIGMA - ASA NORTE;ASA NORTE;False;1.39;muito proximo (1-2km)
LITTERATUS COLEGIO;35153126;Itatiba;SP;JARDIM ALTO DE SANTA CRUZ;Desafiante (2º-5º local);0.735;NEXT COLEGIO;JARDIM NOSSA SENHORA DAS GRACAS;False;1.39;muito proximo (1-2km)
ESCOLA NOSSA SENHORA DA LUZ;29396174;Salvador;BA;PITUBA;Outras posições;0.676;COLEGIO OFICINA;PITUBA;False;1.4;muito proximo (1-2km)
EINSTEIN COLEGIO;35186429;Ribeirão Preto;SP;JARDIM CALIFORNIA;Outras posições;0.813;COLEGIO SANTA URSULA DE RIBEIRAO PRETO;JARDIM IRAJA;False;1.4;muito proximo (1-2km)
COLEGIO RENASCENCA JEWISH AND BILINGUAL;35103780;São Paulo;SP;VARZEA DA BARRA FUNDA;Outras posições;0.677;COLEGIO POLIEDRO DE EDUCACAO;AGUA BRANCA;True;1.42;muito proximo (1-2km)
ESCOLA ARTE DE EDUCAR E CEB;21092842;Imperatriz;MA;JARDIM MORADA DO SOL;Desafiante (2º-5º local);0.667;COMPLEXO EDUCACIONAL DOM BOSCO;CENTRO;False;1.43;muito proximo (1-2km)
SAGRADO CORACAO DE JESUS COLEGIO;35102799;São Paulo;SP;PERDIZES;Outras posições;0.724;COLEGIO POLIEDRO DE EDUCACAO;AGUA BRANCA;True;1.45;muito proximo (1-2km)
OBJETIVO CENTRO INTERESCOLAR UNIDADE XXVII;35165190;Ribeirão Preto;SP;NOVA ALIANCA;Outras posições;0.613;COLEGIO SANTA URSULA DE RIBEIRAO PRETO;JARDIM IRAJA;False;1.48;muito proximo (1-2km)
COLEGIO NOSSA SENHORA DAS DORES;31004171;Belo Horizonte;MG;FLORESTA;Outras posições;0.778;COLEGIO ARNALDO - UNIDADE FUNCIONARIOS;FUNCIONÁRIOS;False;1.49;muito proximo (1-2km)
C EDUCACIONAL LEONARDO DA VINCI - UNID NORTE;53001095;Brasília;DF;ASA NORTE;Outras posições;0.854;C EDUCACIONAL SIGMA - ASA NORTE;ASA NORTE;False;1.5;muito proximo (1-2km)
SEB ESCOLAS DE ALTA PERFORMANCE LTDA;27218180;Maceió;AL;PONTA VERDE;Outras posições;0.758;COLEGIO CONTATO MACEIO;JATIÚCA;False;1.5;muito proximo (1-2km)
COLEGIO NOSSA SENHORA DE FATIMA - SACRAMENTINAS;29277744;Vitória da Conquista;BA;CANDEIAS;Desafiante (2º-5º local);0.807;COLEGIO SENECA;BOA VISTA;False;1.5;muito proximo (1-2km)
COLEGIO SAO JOSE DE ENSINO FUNDAMENTAL E MEDIO;31004111;Belo Horizonte;MG;FLORESTA;Outras posições;0.868;COLEGIO ARNALDO - UNIDADE FUNCIONARIOS;FUNCIONÁRIOS;False;1.51;muito proximo (1-2km)
ESCOLA CHAMPAGNAT UNIDADE DE PRESIDENTE PRUDENTE;35117201;Presidente Prudente;SP;VILA DUBUS;Outras posições;0.409;ESQUEMA UNICO EDUCACIONAL DE PRESIDENTE PRUDENTE;JARDIM PAULISTANO;False;1.51;muito proximo (1-2km)
COLEGIO SAO FRANCISCO - UNIDADE II;31362735;Passos;MG;CENTRO;Desafiante (2º-5º local);0.613;COL STATUS;CANJERANUS;False;1.51;muito proximo (1-2km)
COLEGIO PRO-MUNDO LTDA EPP MATRIZ;28035470;Aracaju;SE;GRAGERU;Outras posições;0.533;COESI COLEGIO DE ORIENTACAO E ESTUDOS INTEGRADOS E ESCOLINHA DO RE MI EIRELI - EPP;GRAGERU;False;1.52;muito proximo (1-2km)
COLEGIO ARACA;35160600;Araçatuba;SP;SAO JOAO;Desafiante (2º-5º local);0.647;DELTA EDUCACIONAL;SAUDADE;False;1.53;muito proximo (1-2km)
FAAP RIBEIRAO PRETO COLEGIO;35449003;Ribeirão Preto;SP;RESIDENCIAL FLORIDA;Líder local;0.907;COLEGIO SANTA URSULA DE RIBEIRAO PRETO;JARDIM IRAJA;False;1.53;muito proximo (1-2km)
COLEGIO ADVENTISTA DE IMPERATRIZ;21092419;Imperatriz;MA;NOVA IMPERATRIZ;Outras posições;0.513;COMPLEXO EDUCACIONAL DOM BOSCO;CENTRO;False;1.54;muito proximo (1-2km)
SAO CARLOS INSTITUTO EDUCACAO DE ENSINO FUNDAMENTAL E MEDIO;35170331;São Carlos;SP;JARDIM SAO CARLOS;Desafiante (2º-5º local);0.805;SAPIENS CURSO E COLEGIO;CENTRO;False;1.55;muito proximo (1-2km)
ALBERT SABIN ESCOLA DE ENSINO MEDIO;35118503;Ribeirão Preto;SP;VILA ANA MARIA;Outras posições;0.79;COLEGIO SANTA URSULA DE RIBEIRAO PRETO;JARDIM IRAJA;False;1.55;muito proximo (1-2km)
PENTAGONO COLEGIO UNIDADE CAIUBI;35139497;São Paulo;SP;PERDIZES;Outras posições;0.848;COLEGIO POLIEDRO DE EDUCACAO;AGUA BRANCA;True;1.55;muito proximo (1-2km)
SAMARITANO INSTITUTO DE ENSINO;35164926;Franca;SP;RESIDENCIAL NOSSO LAR;Outras posições;0.64;NOVO COLEGIO SISTEMA DE ENSINO DE FRANCA LTDA;VILA NOSSA SENHORA DAS GRACAS;False;1.56;muito proximo (1-2km)
COLEGIO BATISTA RIOPRETENSE;35004863;São José do Rio Preto;SP;PARQUE INDUSTRIAL;Outras posições;0.542;VEM SER COLEGIO;VILA NOSSA SENHORA DA PAZ;False;1.57;muito proximo (1-2km)
FUNDACAO ROMI NEI;35499092;Santa Bárbara d'Oeste;SP;CENTRO;Desafiante (2º-5º local);0.697;IDEAL COLEGIO;CENTRO;False;1.58;muito proximo (1-2km)
AQUARIUS UNIVAP COLEGIO;35808246;São José dos Campos;SP;PARQUE RESIDENCIAL AQUARIUS;Outras posições;0.642;POLIEDRO COLEGIO;JARDIM ESPLANADA;True;1.58;muito proximo (1-2km)
SANTA CECILIA COLEGIO;35109848;Santos;SP;BOQUEIRAO;Outras posições;0.494;JEAN PIAGET UNIDADE II EEPG;APARECIDA;False;1.58;muito proximo (1-2km)
ATIBAIA COLEGIO INTEGRADO DE;35137881;Atibaia;SP;ITAPETINGA;Desafiante (2º-5º local);0.781;SAO JOSE EXTERNATO;JARDIM BRASIL;False;1.6;muito proximo (1-2km)
ESCOLA SEB UNIDADE DE RIO PRETO;35504324;São José do Rio Preto;SP;PARQUE INDUSTRIAL;Desafiante (2º-5º local);0.826;VEM SER COLEGIO;VILA NOSSA SENHORA DA PAZ;False;1.63;muito proximo (1-2km)
COLEGIO SAO JOAO BATISTA NOVA FRIBURGO;33145237;Nova Friburgo;RJ;CENTRO;Desafiante (2º-5º local);0.84;COOPERATIVA EDUCACIONAL ESCOLA FRIBOURG;OLARIA;False;1.63;muito proximo (1-2km)
COLEGIO MASTER LTDA;50034197;Campo Grande;MS;CHACARA CACHOEIRA;Outras posições;0.775;COLEGIO HARMONIA - UNIDADE I;JARDIM DOS ESTADOS;False;1.63;muito proximo (1-2km)
COLEGIO MARISTA DOM SILVERIO;31006394;Belo Horizonte;MG;SÃO PEDRO;Desafiante (2º-5º local);0.952;COLEGIO ARNALDO - UNIDADE FUNCIONARIOS;FUNCIONÁRIOS;False;1.65;muito proximo (1-2km)
COLEGIO LITERATO;21199809;São Luís;MA;TURU;Desafiante (2º-5º local);0.832;ESCOLA CRESCIMENTO;CALHAU;False;1.65;muito proximo (1-2km)
COLEGIO DO INSTITUTO PADRE MACHADO;31005916;Belo Horizonte;MG;SÃO PEDRO;Outras posições;0.789;COLEGIO ARNALDO - UNIDADE FUNCIONARIOS;FUNCIONÁRIOS;False;1.67;muito proximo (1-2km)
COLEGIO KELVIN;35448205;São José do Rio Preto;SP;JARDIM MARACANA;Outras posições;0.687;VEM SER COLEGIO;VILA NOSSA SENHORA DA PAZ;False;1.69;muito proximo (1-2km)
SAO JOSE ESCOLA SALESIANA;35112707;Campinas;SP;JARDIM NOSSA SENHORA AUXILIADORA;Outras posições;0.473;COLEGIO POLIEDRO;TAQUARAL;True;1.69;muito proximo (1-2km)
ESC CENTRO EDUCACIONAL E CULTURAL - META;12010936;Rio Branco;AC;ABRAÃO ALAB;Desafiante (2º-5º local);0.811;ESC COLEGIO SIGMA;BOSQUE;False;1.69;muito proximo (1-2km)
UNIVERSITAS ENSINO MEDIO COLEGIO;35131829;Santos;SP;PONTA DA PRAIA;Desafiante (2º-5º local);0.65;JEAN PIAGET UNIDADE II EEPG;APARECIDA;False;1.71;muito proximo (1-2km)
COTET COLEGIO TECNICO DE TAUBATE;35111363;Taubaté;SP;AREAO;Desafiante (2º-5º local);0.784;PROGRESSAO COLEGIO;CENTRO;False;1.71;muito proximo (1-2km)
CIDADE DE ARACATUBA COLEGIO;35132780;Araçatuba;SP;JARDIM SUMARE;Desafiante (2º-5º local);0.782;DELTA EDUCACIONAL;SAUDADE;False;1.72;muito proximo (1-2km)
LIMEIRENSE COLEGIO;35144997;Limeira;SP;VILA SAO LUIZ;Outras posições;0.481;SAO JOSE COLEGIO;CENTRO;False;1.72;muito proximo (1-2km)
NOSSA SENHORA DE LOURDES COLEGIO;35101151;São Paulo;SP;VILA REGENTE FEIJO;Outras posições;0.543;AGOSTINIANO MENDEL COLEGIO;VILA GOMES CARDIM;False;1.73;muito proximo (1-2km)
COLEGIO NOSSA SENHORA DE FATIMA;43123643;Santa Maria;RS;NOSSA SENHORA DE FATIMA;Desafiante (2º-5º local);0.699;COLEGIO CORACAO DE MARIA;NOSSA SENHORA DAS DORES;False;1.73;muito proximo (1-2km)
UIRAPURU COLEGIO;35141586;Sorocaba;SP;JARDIM EMILIA;Líder local;0.783;COLEGIO SER UNIDADE CAMPOLIM;PARQUE CAMPOLIM;False;1.73;muito proximo (1-2km)
LICEU PORTINARI DE ENSINO MEDIO;35388786;Limeira;SP;JARDIM AQUARIUS;Líder local;0.799;SAO JOSE COLEGIO;CENTRO;False;1.76;muito proximo (1-2km)
ELO EDUCACIONAL;35142694;São José dos Campos;SP;VILA BETANIA;Outras posições;0.582;POLIEDRO COLEGIO;JARDIM ESPLANADA;True;1.76;muito proximo (1-2km)
COL CATOLICA DE CURITIBA ED INF ENS FUND MEDIO;41371755;Curitiba;PR;SÃO FRANCISCO;Outras posições;0.658;COLEGIO DO BOSQUE MANANCIAIS;AHÚ;False;1.76;muito proximo (1-2km)
CIDADE DE ATIBAIA COLEGIO;35155664;Atibaia;SP;VILA SANTISTA;Desafiante (2º-5º local);0.714;SAO JOSE EXTERNATO;JARDIM BRASIL;False;1.76;muito proximo (1-2km)
COL AMERICANO BATISTA;28017773;Aracaju;SE;LUZIA;Outras posições;0.67;COESI COLEGIO DE ORIENTACAO E ESTUDOS INTEGRADOS E ESCOLINHA DO RE MI EIRELI - EPP;GRAGERU;False;1.78;muito proximo (1-2km)
SANTO ANDRE COLEGIO;35116361;São José do Rio Preto;SP;VILA BOM JESUS;Outras posições;0.701;VEM SER COLEGIO;VILA NOSSA SENHORA DA PAZ;False;1.79;muito proximo (1-2km)
CARMO COLEGIO;35109708;Santos;SP;PONTA DA PRAIA;Líder local;0.88;JEAN PIAGET UNIDADE II EEPG;APARECIDA;False;1.79;muito proximo (1-2km)
COLEGIO GANDOLFI;35581781;Franca;SP;PROLONGAMENTO VILA INDUSTRIAL;Outras posições;0.561;NOVO COLEGIO SISTEMA DE ENSINO DE FRANCA LTDA;VILA NOSSA SENHORA DAS GRACAS;False;1.79;muito proximo (1-2km)
AUGUSTO RUSCHI COLEGIO;35108112;Guarulhos;SP;JARDIM AIDA;Desafiante (2º-5º local);0.741;MATER AMABILIS COLEGIO;JARDIM MAIA;False;1.8;muito proximo (1-2km)
CENTRO EDUCACIONAL ADVENTISTA CONQUISTENSE;29608600;Vitória da Conquista;BA;RECREIO DOS BANDEIRANTES;Outras posições;0.474;COLEGIO SENECA;BOA VISTA;False;1.8;muito proximo (1-2km)
ESCOLA DE ENSINO MEDIO CARLOS CHAGAS FILHO;35152894;Ribeirão Preto;SP;ALTO DA BOA VISTA;Outras posições;0.408;COLEGIO SANTA URSULA DE RIBEIRAO PRETO;JARDIM IRAJA;False;1.81;muito proximo (1-2km)
PROGRESSO BILINGUE UNIDADE II;35483084;Santos;SP;BOQUEIRAO;Outras posições;0.581;JEAN PIAGET UNIDADE II EEPG;APARECIDA;False;1.83;muito proximo (1-2km)
RIO BRANCO UNIDADE HIGIENOPOLIS COLEGIO;35103718;São Paulo;SP;HIGIENOPOLIS;Outras posições;0.879;COLEGIO POLIEDRO DE EDUCACAO;AGUA BRANCA;True;1.84;muito proximo (1-2km)
COLEGIO OSWALDO TOGNINI;50007890;Campo Grande;MS;CHACARA CACHOEIRA;Outras posições;0.585;COLEGIO HARMONIA - UNIDADE I;JARDIM DOS ESTADOS;False;1.89;muito proximo (1-2km)
OBJETIVO DO LITORAL CENTRO EDUCACIONAL UNIDADE VI;35154404;Santos;SP;PONTA DA PRAIA;Outras posições;0.508;JEAN PIAGET UNIDADE II EEPG;APARECIDA;False;1.89;muito proximo (1-2km)
NOSSA SENHORA DE SION COLEGIO;35103697;São Paulo;SP;HIGIENOPOLIS;Outras posições;0.678;COLEGIO POLIEDRO DE EDUCACAO;AGUA BRANCA;True;1.9;muito proximo (1-2km)
CRIARTE COLEGIO;35118321;Presidente Prudente;SP;VILA INDUSTRIAL;Outras posições;0.606;ESQUEMA UNICO EDUCACIONAL DE PRESIDENTE PRUDENTE;JARDIM PAULISTANO;False;1.9;muito proximo (1-2km)
EQUIPE COLEGIO;35103445;São Paulo;SP;SANTA CECILIA;Outras posições;0.731;COLEGIO POLIEDRO DE EDUCACAO;AGUA BRANCA;True;1.9;muito proximo (1-2km)
INSTITUTO EDUCACIONAL IGUATEMY ESCOLA DE EI EF E EM;35140065;São José dos Campos;SP;VILA ADYANA;Desafiante (2º-5º local);0.801;POLIEDRO COLEGIO;JARDIM ESPLANADA;True;1.92;muito proximo (1-2km)
COLEGIO ARNALDO - UNIDADE ANCHIETA;31004138;Belo Horizonte;MG;ANCHIETA;Outras posições;0.896;COLEGIO ARNALDO - UNIDADE FUNCIONARIOS;FUNCIONÁRIOS;False;1.93;muito proximo (1-2km)
JFGG E CIA LTDA;28031970;Aracaju;SE;SALGADO FILHO;Outras posições;0.43;COESI COLEGIO DE ORIENTACAO E ESTUDOS INTEGRADOS E ESCOLINHA DO RE MI EIRELI - EPP;GRAGERU;False;1.93;muito proximo (1-2km)
ESCOLA DE EDUCACAO INFANTIL ENSINO FUNDAMENTAL E ENSINO MEDIO SAO LUIS LTDA EPP;35111235;Taubaté;SP;VILA SAO JOSE;Outras posições;0.639;PROGRESSAO COLEGIO;CENTRO;False;1.94;muito proximo (1-2km)
INST EDUCACIONAL SUL MARANHENSE COC;21272921;Imperatriz;MA;MARANHÃO NOVO;Desafiante (2º-5º local);0.791;COMPLEXO EDUCACIONAL DOM BOSCO;CENTRO;False;1.94;muito proximo (1-2km)
MARY WARD COLEGIO;35101898;São Paulo;SP;CHACARA CALIFORNIA;Outras posições;0.533;AGOSTINIANO MENDEL COLEGIO;VILA GOMES CARDIM;False;1.95;muito proximo (1-2km)
D PEDRO II EMPREENDIMENTOS EDUCACIONAIS LTDA;21274231;São Luís;MA;COHAMA;Outras posições;0.765;ESCOLA CRESCIMENTO;CALHAU;False;1.96;muito proximo (1-2km)
COLEGIO DECISIVO CRISTO REI EDUCACAO INFANTIL ENSINO FUNDAMENTAL E MEDIO;41128770;Curitiba;PR;CRISTO REI;Outras posições;0.532;COLEGIO PASSIONISTA NOSSA SENHORA MENINA;JUVEVÊ;False;1.97;muito proximo (1-2km)
CANADA COLEGIO;35140806;Guarulhos;SP;VILA SIRENA;Outras posições;0.72;MATER AMABILIS COLEGIO;JARDIM MAIA;False;1.97;muito proximo (1-2km)
EDUCANDARIO MIOSOTIS;33102830;Nova Friburgo;RJ;CENTRO;Outras posições;0.763;COOPERATIVA EDUCACIONAL ESCOLA FRIBOURG;OLARIA;False;1.97;muito proximo (1-2km)
COESO EDUC;35004215;São José do Rio Preto;SP;JARDIM WALKIRIA;Desafiante (2º-5º local);0.777;VEM SER COLEGIO;VILA NOSSA SENHORA DA PAZ;False;1.98;muito proximo (1-2km)
COLEGIO DA LAGOA;42133114;Florianópolis;SC;LAGOA DA CONCEICAO;Desafiante (2º-5º local);0.785;ESCOLA AUTONOMIA;ITACORUBI;False;1.98;muito proximo (1-2km)
COLEGIO SANTA MARIA MINAS - UNIDADE FLORESTA;31004197;Belo Horizonte;MG;FLORESTA;Outras posições;0.838;COLEGIO ARNALDO - UNIDADE FUNCIONARIOS;FUNCIONÁRIOS;False;2.01;proximo (2-5km)
ATOMO COLEGIO;35185619;Presidente Prudente;SP;CENTRAL PARK RESIDENCE;Desafiante (2º-5º local);0.794;ESQUEMA UNICO EDUCACIONAL DE PRESIDENTE PRUDENTE;JARDIM PAULISTANO;False;2.01;proximo (2-5km)
OBJETIVO ABC CEEFM UND 201;35141811;São Bernardo do Campo;SP;CENTRO;Outras posições;0.402;ABACO COLEGIO;ASSUNCAO;False;2.01;proximo (2-5km)
COLEGIO SANTANNA DE SERGIPE LTDA;28018052;Aracaju;SE;PONTO NOVO;Outras posições;0.591;COESI COLEGIO DE ORIENTACAO E ESTUDOS INTEGRADOS E ESCOLINHA DO RE MI EIRELI - EPP;GRAGERU;False;2.01;proximo (2-5km)
COLEGIO ENGENHEIRO SALVADOR ARENA;35142967;São Bernardo do Campo;SP;ASSUNCAO;Líder local;0.92;ABACO COLEGIO;ASSUNCAO;False;2.03;proximo (2-5km)
COLEGIO LATO SENSU;12028835;Rio Branco;AC;JARDIM TROPICAL;Líder local;0.876;ESC COLEGIO SIGMA;BOSQUE;False;2.06;proximo (2-5km)
CARLOS CHAGAS FILHO EEIEFM;35174658;São José do Rio Preto;SP;JARDIM TARRAF;Outras posições;0.492;VEM SER COLEGIO;VILA NOSSA SENHORA DA PAZ;False;2.07;proximo (2-5km)
OPCAO COLEGIO TECNICO;35104930;São José dos Campos;SP;JARDIM NOVA AMERICA;Outras posições;0.474;POLIEDRO COLEGIO;JARDIM ESPLANADA;True;2.09;proximo (2-5km)
FAAP COLEGIO EM;35141948;São Paulo;SP;HIGIENOPOLIS;Outras posições;0.432;COLEGIO POLIEDRO DE EDUCACAO;AGUA BRANCA;True;2.12;proximo (2-5km)
ADVENTISTA DE SOROCABA COLEGIO;35152432;Sorocaba;SP;JARDIM GUADALAJARA;Outras posições;0.514;COLEGIO SER UNIDADE CAMPOLIM;PARQUE CAMPOLIM;False;2.13;proximo (2-5km)
BONI CONSILII INSTITUTO EDUCACAO;35103342;São Paulo;SP;CAMPOS ELÍSEOS;Outras posições;0.494;COLEGIO POLIEDRO DE EDUCACAO;AGUA BRANCA;True;2.15;proximo (2-5km)
LICEU DE ESTUDOS INTEGRADOS;28020049;Aracaju;SE;COROA DO MEIO;Outras posições;0.765;COESI COLEGIO DE ORIENTACAO E ESTUDOS INTEGRADOS E ESCOLINHA DO RE MI EIRELI - EPP;GRAGERU;False;2.17;proximo (2-5km)
COLEGIO HIPOCRATES ZONA SUL;24069329;Natal;RN;CANDELÁRIA;Outras posições;0.477;COLGIO CONTEMPORANEO;LAGOA NOVA;False;2.18;proximo (2-5km)
SAO JUDAS TADEU COLEGIO;35101448;São Paulo;SP;MOOCA;Outras posições;0.551;SAO JOSE COLEGIO AGOSTINIANO;CHACARA TATUAPE;False;2.19;proximo (2-5km)
MABE MODERNA ASSOCIACAO BRASILEIRA DE ENSINO MEDIO LTDA;50007904;Campo Grande;MS;CENTRO;Outras posições;0.503;COLEGIO CLASSE A;MONTE CASTELO;False;2.21;proximo (2-5km)
SAO JOSE COLEGIO SALESIANO;35111958;Sorocaba;SP;VILA INDEPENDENCIA;Outras posições;0.654;COLEGIO SER UNIDADE CAMPOLIM;PARQUE CAMPOLIM;False;2.21;proximo (2-5km)
COLEGIO CIENCIAS APLICADAS;24097004;Natal;RN;TIROL;Outras posições;0.861;COLGIO CONTEMPORANEO;LAGOA NOVA;False;2.22;proximo (2-5km)
SANTA CATARINA COLEGIO;35101175;São Paulo;SP;MOOCA;Outras posições;0.663;SAO JOSE COLEGIO AGOSTINIANO;CHACARA TATUAPE;False;2.24;proximo (2-5km)
COLEGIO BOM JESUS NOSSA SENHORA DE LOURDES ED INF ENS FUND E MEDIO;41131673;Curitiba;PR;CRISTO REI;Outras posições;0.83;COLEGIO PASSIONISTA NOSSA SENHORA MENINA;JUVEVÊ;False;2.24;proximo (2-5km)
JOSE DE PAIVA NETTO INSTITUTO DE EDUCACAO;35119261;São Paulo;SP;BOM RETIRO;Outras posições;0.543;COLEGIO POLIEDRO DE EDUCACAO;AGUA BRANCA;True;2.25;proximo (2-5km)
PEQUENO PRINCIPE COLEGIO;35114832;Ribeirão Preto;SP;LOTEAMENTO SANTA LUISA;Desafiante (2º-5º local);0.893;COLEGIO SANTA URSULA DE RIBEIRAO PRETO;JARDIM IRAJA;False;2.25;proximo (2-5km)
MONTESSO COLEGIO;35810356;Sorocaba;SP;VILA JARDINI;Outras posições;0.442;COLEGIO SER UNIDADE CAMPOLIM;PARQUE CAMPOLIM;False;2.26;proximo (2-5km)
EPG - ESTABELECIMENTO PARTICULAR DE ENSINO LTDA;29433380;Vitória da Conquista;BA;FELÍCIA;Desafiante (2º-5º local);0.783;COLEGIO SENECA;BOA VISTA;False;2.26;proximo (2-5km)
OBJETIVO CENTRO INTERESCOLAR UNIDADE POMPEIA;35140351;São Paulo;SP;AGUA BRANCA;Outras posições;0.692;COLEGIO POLIEDRO DE EDUCACAO;AGUA BRANCA;True;2.27;proximo (2-5km)
COLEGIO SANTO AGOSTINHO;31004651;Belo Horizonte;MG;SANTO AGOSTINHO;Líder local;0.961;COLEGIO ARNALDO - UNIDADE FUNCIONARIOS;FUNCIONÁRIOS;False;2.28;proximo (2-5km)
UPAON EDUCACIONAL LTDA;21010064;São Luís;MA;QUITANDINHA;Outras posições;0.789;ESCOLA CRESCIMENTO;CALHAU;False;2.34;proximo (2-5km)
CLARETIANO COLEGIO;35103248;São Paulo;SP;SANTA CECILIA;Outras posições;0.644;COLEGIO POLIEDRO DE EDUCACAO;AGUA BRANCA;True;2.34;proximo (2-5km)
COLEGIO OLIMPO BH;31369772;Belo Horizonte;MG;MANGABEIRAS;Outras posições;0.913;COLEGIO ARNALDO - UNIDADE FUNCIONARIOS;FUNCIONÁRIOS;False;2.35;proximo (2-5km)
COL CURITIBANO ADVENTISTA BOM RETIRO - EIEFM;41128699;Curitiba;PR;SÃO FRANCISCO;Outras posições;0.672;COLEGIO PASSIONISTA NOSSA SENHORA MENINA;JUVEVÊ;False;2.36;proximo (2-5km)
BRAGA MELLO COLEGIO;35117195;Presidente Prudente;SP;PARQUE SAO JUDAS TADEU;Líder local;0.842;ESQUEMA UNICO EDUCACIONAL DE PRESIDENTE PRUDENTE;JARDIM PAULISTANO;False;2.37;proximo (2-5km)
COLEGIO LOYOLA;31006238;Belo Horizonte;MG;CIDADE JARDIM;Desafiante (2º-5º local);0.933;COLEGIO ARNALDO - UNIDADE FUNCIONARIOS;FUNCIONÁRIOS;False;2.38;proximo (2-5km)
COLEGIO BATISTA MINEIRO;31005037;Belo Horizonte;MG;COLÉGIO BATISTA;Outras posições;0.914;COLEGIO ARNALDO - UNIDADE FUNCIONARIOS;FUNCIONÁRIOS;False;2.4;proximo (2-5km)
CENTRO PREPARATORIO MAXIMUS EIRELI;33166838;Nova Friburgo;RJ;CENTRO;Outras posições;0.572;COOPERATIVA EDUCACIONAL ESCOLA FRIBOURG;OLARIA;False;2.41;proximo (2-5km)
IDEAL COLEGIO;35295784;Ribeirão Preto;SP;RIBEIRANIA;Outras posições;0.614;COLEGIO SANTA URSULA DE RIBEIRAO PRETO;JARDIM IRAJA;False;2.41;proximo (2-5km)
NOTRE DAME COLEGIO;35102787;São Paulo;SP;SUMARE;Outras posições;0.753;COLEGIO POLIEDRO DE EDUCACAO;AGUA BRANCA;True;2.42;proximo (2-5km)
COC SISTEMA DE EDUCACAO;35122038;São José dos Campos;SP;JARDIM SAO DIMAS;Outras posições;0.55;POLIEDRO COLEGIO;JARDIM ESPLANADA;True;2.44;proximo (2-5km)
PARTHENON COLEGIO;35144216;Guarulhos;SP;VILA AUGUSTA;Desafiante (2º-5º local);0.774;MATER AMABILIS COLEGIO;JARDIM MAIA;False;2.45;proximo (2-5km)
COLEGIO POSITIVO BOA VISTA - EDUCACAO INFANTIL ENSINO FUNDAMENTAL E MEDIO;41129326;Curitiba;PR;BOA VISTA;Outras posições;0.708;COLEGIO DO BOSQUE MANANCIAIS;AHÚ;False;2.48;proximo (2-5km)
COLEGIO PROGRESSO UNIDADE TAQUARAL;35450856;Campinas;SP;PARQUE TAQUARAL;Outras posições;0.574;COLEGIO POLIEDRO;TAQUARAL;True;2.49;proximo (2-5km)
COLEGIO PLANCK;35004369;São José dos Campos;SP;JARDIM ALVORADA;Desafiante (2º-5º local);0.814;POLIEDRO COLEGIO;JARDIM ESPLANADA;True;2.52;proximo (2-5km)
CEI - COLEGIO DE EDUCACAO INTEGRAL;35172625;Franca;SP;CENTRO;Desafiante (2º-5º local);0.706;NOVO COLEGIO SISTEMA DE ENSINO DE FRANCA LTDA;VILA NOSSA SENHORA DAS GRACAS;False;2.53;proximo (2-5km)
COL SAGRADO CORACAO DE MARIA;53001389;Brasília;DF;ASA NORTE;Outras posições;0.736;C EDUCACIONAL SIGMA - ASA NORTE;ASA NORTE;False;2.58;proximo (2-5km)
POLITECNICO DE SOROCABA COLEGIO FUA;35569409;Sorocaba;SP;VILA LEAO;Outras posições;0.446;COLEGIO SER UNIDADE CAMPOLIM;PARQUE CAMPOLIM;False;2.59;proximo (2-5km)
PIO XII COLEGIO DE APLICACAO;35112537;Campinas;SP;CENTRO;Outras posições;0.725;COLEGIO POLIEDRO;TAQUARAL;True;2.6;proximo (2-5km)
ANTONIO TEIXEIRA FERNANDES COLEGIO TECNICO;35110966;São José dos Campos;SP;CENTRO;Outras posições;0.607;POLIEDRO COLEGIO;JARDIM ESPLANADA;True;2.62;proximo (2-5km)
COLEGIO COC;35583224;São Bernardo do Campo;SP;CENTRO;Desafiante (2º-5º local);0.866;ABACO COLEGIO;ASSUNCAO;False;2.63;proximo (2-5km)
PENHENSE ESCOLA ESP;35811385;São Paulo;SP;PENHA DE FRANCA;Outras posições;0.732;AGOSTINIANO MENDEL COLEGIO;VILA GOMES CARDIM;False;2.64;proximo (2-5km)
FACEX;24057169;Natal;RN;CAPIM MACIO;Desafiante (2º-5º local);0.934;COLGIO CONTEMPORANEO;LAGOA NOVA;False;2.64;proximo (2-5km)
COL MARISTA JOAO PAULO II;53011074;Brasília;DF;ASA NORTE;Outras posições;0.817;C EDUCACIONAL SIGMA - ASA NORTE;ASA NORTE;False;2.65;proximo (2-5km)
COLEGIO ESPACO LIVRE;33155860;Nova Friburgo;RJ;CENTRO;Desafiante (2º-5º local);0.785;COOPERATIVA EDUCACIONAL ESCOLA FRIBOURG;OLARIA;False;2.68;proximo (2-5km)
UNIVERSITARIO ABC COLEGIO;35109022;São Bernardo do Campo;SP;CENTRO;Outras posições;0.586;ABACO COLEGIO;ASSUNCAO;False;2.68;proximo (2-5km)
MARTINUS CENTRO - COL EDUC INF ENS FUND ENS MEDIO E PROF;41130987;Curitiba;PR;SÃO FRANCISCO;Desafiante (2º-5º local);0.854;COLEGIO PASSIONISTA NOSSA SENHORA MENINA;JUVEVÊ;False;2.7;proximo (2-5km)
CARBONELL COLEGIO;35468400;Guarulhos;SP;VILA LEONOR;Desafiante (2º-5º local);0.842;MATER AMABILIS COLEGIO;JARDIM MAIA;False;2.71;proximo (2-5km)
COLEGIO SAO PAULO;31005134;Belo Horizonte;MG;CIDADE JARDIM;Outras posições;0.658;COLEGIO ARNALDO - UNIDADE FUNCIONARIOS;FUNCIONÁRIOS;False;2.71;proximo (2-5km)
SANTA MARINA ESCOLA;35101941;São Paulo;SP;VILA CARRAO;Outras posições;0.424;AGOSTINIANO MENDEL COLEGIO;VILA GOMES CARDIM;False;2.71;proximo (2-5km)
CENTRO EDUCACIONAL MARIA JOSE;29180686;Salvador;BA;PERNAMBUÉS;Outras posições;0.486;CURSO E COLEGIO LEFFLER;CAMINHO DAS ÁRVORES;False;2.75;proximo (2-5km)
FRANCISCANO AVE MARIA COLEGIO;35112768;Campinas;SP;BOSQUE;Desafiante (2º-5º local);0.796;COLEGIO POLIEDRO;TAQUARAL;True;2.78;proximo (2-5km)
ESCOLA INTERNACIONAL PREPARANDO GERACOES;35805973;Atibaia;SP;VILA ESPERIA OU GIGLIO;Outras posições;0.595;SAO JOSE EXTERNATO;JARDIM BRASIL;False;2.78;proximo (2-5km)
CECRI C EDUC CRIATIVO;31281921;Divinópolis;MG;SAO JOSE;Desafiante (2º-5º local);0.765;INST N SRA DO SAGRADO CORACAO;CENTRO;False;2.81;proximo (2-5km)
UNICOLEGIO ARACATUBA;35150988;Araçatuba;SP;VILA INDUSTRIAL;Outras posições;0.447;DELTA EDUCACIONAL;SAUDADE;False;2.83;proximo (2-5km)
LYON CAMPINAS COLEGIO;35172467;Campinas;SP;BOSQUE;Outras posições;0.489;COLEGIO POLIEDRO;TAQUARAL;True;2.83;proximo (2-5km)
MACKENZIE COLEGIO PRESBITERIANO;35103861;São Paulo;SP;HIGIENOPOLIS;Outras posições;0.674;COLEGIO POLIEDRO DE EDUCACAO;AGUA BRANCA;True;2.84;proximo (2-5km)
COLEGIO MOTIVO;26160307;Recife;PE;IMBIRIBEIRA;Outras posições;0.746;MD EDUCACIONAL- COLEGIO MADRE DE DEUS UNIDADE II;BOA VIAGEM;False;2.84;proximo (2-5km)
COLEGIO ADVENTISTA DE SANTAREM;15171027;Santarém;PA;AEROPORTO VELHO;Desafiante (2º-5º local);0.42;COLEGIO DOM AMANDO;CENTRO;False;2.84;proximo (2-5km)
COLEGIO SANTA DOROTEIA;31007196;Belo Horizonte;MG;SION;Outras posições;0.913;COLEGIO ARNALDO - UNIDADE FUNCIONARIOS;FUNCIONÁRIOS;False;2.87;proximo (2-5km)
COLEGIO SANTA LUZIA;21092680;Imperatriz;MA;SANTA RITA;Desafiante (2º-5º local);0.671;COMPLEXO EDUCACIONAL DOM BOSCO;CENTRO;False;2.87;proximo (2-5km)
COLEGIO AGOSTINIANO SAO JOSE;35116373;São José do Rio Preto;SP;JARDIM SANTA CATARINA;Líder local;0.842;VEM SER COLEGIO;VILA NOSSA SENHORA DA PAZ;False;2.87;proximo (2-5km)
OBJETIVO DE SAO JOSE DO RIO PRETO COLEGIO;35809159;São José do Rio Preto;SP;VILA ERCILIA;Desafiante (2º-5º local);0.816;VEM SER COLEGIO;VILA NOSSA SENHORA DA PAZ;False;2.9;proximo (2-5km)
ADVENTISTA DE SAO BERNARDO DO CAMPO COLEGIO;35151048;São Bernardo do Campo;SP;SANTA TEREZINHA;Outras posições;0.436;ABACO COLEGIO;ASSUNCAO;False;2.91;proximo (2-5km)
INSTITUTO SAO JOSE;43123678;Santa Maria;RS;DOM ANTÔNIO REIS;Outras posições;0.472;COLEGIO CORACAO DE MARIA;NOSSA SENHORA DAS DORES;False;2.92;proximo (2-5km)
INSTITUTO EDUCACAO CIENCIAS E LETRAS CENTRO;35111867;Sorocaba;SP;CENTRO;Outras posições;0.597;COLEGIO SER UNIDADE CAMPOLIM;PARQUE CAMPOLIM;False;2.93;proximo (2-5km)
COLEGIO SALESIANO NOSSA SENHORA AUXILIADORA;28017919;Aracaju;SE;SUISSA;Outras posições;0.59;COESI COLEGIO DE ORIENTACAO E ESTUDOS INTEGRADOS E ESCOLINHA DO RE MI EIRELI - EPP;GRAGERU;False;2.93;proximo (2-5km)
AUTENTICO COLEGIO;35304049;Guarulhos;SP;PORTAL DOS GRAMADOS;Outras posições;0.466;MATER AMABILIS COLEGIO;JARDIM MAIA;False;2.95;proximo (2-5km)
COLEGIO GGE;26163039;Recife;PE;IMBIRIBEIRA;Outras posições;0.851;MD EDUCACIONAL- COLEGIO MADRE DE DEUS UNIDADE II;BOA VIAGEM;False;2.96;proximo (2-5km)
COLEGIO ALMIRANTE TAMANDARE;50007718;Campo Grande;MS;VILA ALBA;Outras posições;0.759;COLEGIO CLASSE A;MONTE CASTELO;False;2.97;proximo (2-5km)
OBJETIVO VILA INDUSTRIAL;35467765;Campinas;SP;VILA INDUSTRIAL;Outras posições;0.479;COLEGIO POLIEDRO;TAQUARAL;True;2.97;proximo (2-5km)
COLEGIO ANGLO SAO PAULO;35004801;São Paulo;SP;VILA CLEMENTINO;Outras posições;0.802;COLEGIO POLIEDRO DE EDUCACAO;AGUA BRANCA;True;2.98;proximo (2-5km)
JP ENSINO MEDIO CURSOS TECNICOS E CURSINHOS;35300895;Presidente Prudente;SP;JARDIM DAS ROSAS;Desafiante (2º-5º local);0.709;ESQUEMA UNICO EDUCACIONAL DE PRESIDENTE PRUDENTE;JARDIM PAULISTANO;False;2.99;proximo (2-5km)
COL MADRE CARMEN SALLES;53001320;Brasília;DF;ASA NORTE;Desafiante (2º-5º local);0.88;C EDUCACIONAL SIGMA - ASA NORTE;ASA NORTE;False;2.99;proximo (2-5km)
ESCOLA BAHIANA DE CIENCIA E TECNOLOGIA;29446767;Salvador;BA;IMBUÍ;Outras posições;0.495;CURSO E COLEGIO LEFFLER;CAMINHO DAS ÁRVORES;False;2.99;proximo (2-5km)
COLEGIO ADVENTISTA DE PORTO VELHO;11000350;Porto Velho;RO;NOVA PORTO VELHO;Outras posições;0.498;CENTRO DE ENSINO CLASSE A;CENTRO;False;3.01;proximo (2-5km)
MARISTA COLEGIO DE RIBEIRAO PRETO;35114820;Ribeirão Preto;SP;CENTRO;Desafiante (2º-5º local);0.867;COLEGIO SANTA URSULA DE RIBEIRAO PRETO;JARDIM IRAJA;False;3.02;proximo (2-5km)
ADVENTISTA DE CAMPINAS COLEGIO;35112641;Campinas;SP;PONTE PRETA;Outras posições;0.422;COLEGIO POLIEDRO;TAQUARAL;True;3.05;proximo (2-5km)
COLEGIO RAUL SANS DE MATOS;50007920;Campo Grande;MS;CENTRO;Outras posições;0.44;COLEGIO HARMONIA - UNIDADE I;JARDIM DOS ESTADOS;False;3.07;proximo (2-5km)
COLEGIO ORLEANS E BRAGANCA;31370258;Belo Horizonte;MG;COMITECO;Outras posições;0.633;COLEGIO ARNALDO - UNIDADE FUNCIONARIOS;FUNCIONÁRIOS;False;3.07;proximo (2-5km)
COLEGIO ARBOS - UNIDADE SAO BERNARDO DO CAMPO;35802578;São Bernardo do Campo;SP;NOVA PETROPOLIS;Desafiante (2º-5º local);0.817;ABACO COLEGIO;ASSUNCAO;False;3.12;proximo (2-5km)
COLEGIO ANGLO CIDADE DE SAO CARLOS - UNIDADE I;35121307;São Carlos;SP;JARDIM SAO PAULO;Líder local;0.864;SAPIENS CURSO E COLEGIO;CENTRO;False;3.14;proximo (2-5km)
COL NS DAS DORES;33021724;Nova Friburgo;RJ;CENTRO;Desafiante (2º-5º local);0.788;COOPERATIVA EDUCACIONAL ESCOLA FRIBOURG;OLARIA;False;3.14;proximo (2-5km)
SILVIO GONZALEZ COLEGIO;35567516;São Paulo;SP;LIMAO;Outras posições;0.447;COLEGIO POLIEDRO DE EDUCACAO;AGUA BRANCA;True;3.16;proximo (2-5km)
ASSEIJ COLEGIO NOSSA SENHORA DO ROSARIO;41131657;Curitiba;PR;BACACHERI;Outras posições;0.683;COLEGIO PASSIONISTA NOSSA SENHORA MENINA;JUVEVÊ;False;3.17;proximo (2-5km)
CENTRO EDUCACIONAL MASTER;24085634;Natal;RN;CAPIM MACIO;Outras posições;0.819;COLGIO CONTEMPORANEO;LAGOA NOVA;False;3.18;proximo (2-5km)
COLEGIO NOSSA SENHORA DAS DORES - UNIDADE POMPEIA;31005622;Belo Horizonte;MG;POMPEIA;Outras posições;0.853;COLEGIO ARNALDO - UNIDADE FUNCIONARIOS;FUNCIONÁRIOS;False;3.18;proximo (2-5km)
MODULO COLEGIO;35118928;São Paulo;SP;VILA ROMANA;Outras posições;0.629;COLEGIO POLIEDRO DE EDUCACAO;AGUA BRANCA;True;3.2;proximo (2-5km)
BARAO DE MAUA ESCOLA DE ED INFANTIL FUNDAMENTAL E MEDIO;35114911;Ribeirão Preto;SP;JARDIM PAULISTA;Outras posições;0.555;COLEGIO SANTA URSULA DE RIBEIRAO PRETO;JARDIM IRAJA;False;3.21;proximo (2-5km)
COLEGIO ANTONIO ALVES RAMOS;43123651;Santa Maria;RS;PATRONATO;Outras posições;0.676;COLEGIO CORACAO DE MARIA;NOSSA SENHORA DAS DORES;False;3.23;proximo (2-5km)
COLEGIO COGNITIVO;26534711;Recife;PE;SANTANA;Desafiante (2º-5º local);0.945;MD EDUCACIONAL- COLEGIO MADRE DE DEUS UNIDADE II;BOA VIAGEM;False;3.24;proximo (2-5km)
COMUNIDADE COLEGIO DA;35153285;São Paulo;SP;VILA CARRAO;Outras posições;0.455;AGOSTINIANO MENDEL COLEGIO;VILA GOMES CARDIM;False;3.27;proximo (2-5km)
COLEGIO SANTISSIMA TRINDADE;27214737;Maceió;AL;BARRO DURO;Outras posições;0.426;COLEGIO CONTATO MACEIO;JATIÚCA;False;3.29;proximo (2-5km)
RENASCER ARTE ESCOLA;35173460;Sorocaba;SP;JARDIM GUARUJA;Outras posições;0.421;COLEGIO SER UNIDADE CAMPOLIM;PARQUE CAMPOLIM;False;3.3;proximo (2-5km)
COLEGIO MARISTA DE MACEIO;27034895;Maceió;AL;FAROL;Outras posições;0.566;COLEGIO CONTATO MACEIO;JATIÚCA;False;3.3;proximo (2-5km)
EDUCATIVA INSTITUTO DE EDUCACAO E CULTURA;35125441;São Carlos;SP;AZULVILLE I;Desafiante (2º-5º local);0.808;SAPIENS CURSO E COLEGIO;CENTRO;False;3.31;proximo (2-5km)
COLEGIO SANTA MADALENA SOFIA;27035000;Maceió;AL;FAROL;Desafiante (2º-5º local);0.838;COLEGIO CONTATO MACEIO;JATIÚCA;False;3.31;proximo (2-5km)
COLEGIO LAVOISIER;28017986;Aracaju;SE;FAROLÂNDIA;Outras posições;0.47;COESI COLEGIO DE ORIENTACAO E ESTUDOS INTEGRADOS E ESCOLINHA DO RE MI EIRELI - EPP;GRAGERU;False;3.32;proximo (2-5km)
COLEGIO OFICINA DO ESTUDANTE UNIDADE PAINEIRAS;35008152;Campinas;SP;VILA BRANDINA;Outras posições;0.626;COLEGIO POLIEDRO;TAQUARAL;True;3.32;proximo (2-5km)
NOSSA SENHORA MENINA EXTERNATO;35101722;São Paulo;SP;ALTO DA MOOCA;Outras posições;0.681;AGOSTINIANO MENDEL COLEGIO;VILA GOMES CARDIM;False;3.32;proximo (2-5km)
KENNEDY PRESIDENTE COLEGIO;35110140;Santos;SP;JOSE MENINO;Outras posições;0.561;JEAN PIAGET UNIDADE II EEPG;APARECIDA;False;3.34;proximo (2-5km)
SAO LUIS COLEGIO UNIDADE II;35388117;São Paulo;SP;VILA MARIANA;Outras posições;0.645;COLEGIO POLIEDRO DE EDUCACAO;AGUA BRANCA;True;3.35;proximo (2-5km)
SAO LUIS COLEGIO EIFM;35103548;São Paulo;SP;VILA MARIANA;Outras posições;0.898;COLEGIO POLIEDRO DE EDUCACAO;AGUA BRANCA;True;3.35;proximo (2-5km)
COLEGIO BOM JESUS ED INFANTIL ENSINO FUNDAMENTAL E MEDIO SEDE;41127722;Curitiba;PR;CENTRO;Outras posições;0.799;COLEGIO PASSIONISTA NOSSA SENHORA MENINA;JUVEVÊ;False;3.38;proximo (2-5km)
COLEGIO ARQUIDIOCESANO S CORACAO DE JESUS;28017781;Aracaju;SE;FAROLANDIA;Desafiante (2º-5º local);0.883;COESI COLEGIO DE ORIENTACAO E ESTUDOS INTEGRADOS E ESCOLINHA DO RE MI EIRELI - EPP;GRAGERU;False;3.39;proximo (2-5km)
CENTRO EDUCACIONAL PINHEIROS;24334308;Natal;RN;ALECRIM;Outras posições;0.423;COLGIO CONTEMPORANEO;LAGOA NOVA;False;3.4;proximo (2-5km)
PETROPOLIS COLEGIO;35152729;São Bernardo do Campo;SP;NOVA PETROPOLIS;Desafiante (2º-5º local);0.803;ABACO COLEGIO;ASSUNCAO;False;3.41;proximo (2-5km)
COLEGIO BOM PASTOR;29188229;Salvador;BA;CANDEAL;Outras posições;0.467;CURSO E COLEGIO LEFFLER;CAMINHO DAS ÁRVORES;False;3.42;proximo (2-5km)
COLEGIO AMADEUS LTDA;28017943;Aracaju;SE;CENTRO;Desafiante (2º-5º local);0.894;COESI COLEGIO DE ORIENTACAO E ESTUDOS INTEGRADOS E ESCOLINHA DO RE MI EIRELI - EPP;GRAGERU;False;3.42;proximo (2-5km)
ASSOCIACAO MANCHESTER EDUCACIONAL;35111995;Sorocaba;SP;CENTRO;Outras posições;0.594;COLEGIO SER UNIDADE CAMPOLIM;PARQUE CAMPOLIM;False;3.43;proximo (2-5km)
COLEGIO IDEAL LTDA-EPP;28032799;Aracaju;SE;CIRURGIA;Outras posições;0.766;COESI COLEGIO DE ORIENTACAO E ESTUDOS INTEGRADOS E ESCOLINHA DO RE MI EIRELI - EPP;GRAGERU;False;3.43;proximo (2-5km)
COLEGIO SAO LAZARO;29181658;Salvador;BA;CABULA;Outras posições;0.747;CURSO E COLEGIO LEFFLER;CAMINHO DAS ÁRVORES;False;3.45;proximo (2-5km)
ESCOLA DE EDUCACAO BASICA PADRAO;27223361;Maceió;AL;GRUTA DE LOURDES;Outras posições;0.651;COLEGIO CONTATO MACEIO;JATIÚCA;False;3.47;proximo (2-5km)
ESCOLA BALAO VERMELHO;31006491;Belo Horizonte;MG;MANGABEIRAS;Outras posições;0.77;COLEGIO ARNALDO - UNIDADE FUNCIONARIOS;FUNCIONÁRIOS;False;3.47;proximo (2-5km)
COLEGIO E CURSO ELITE CURITIBA;41390024;Curitiba;PR;CENTRO;Outras posições;0.7;COLEGIO PASSIONISTA NOSSA SENHORA MENINA;JUVEVÊ;False;3.51;proximo (2-5km)
COLEGIO MARIE JOST;24084263;Natal;RN;CANDELÁRIA;Desafiante (2º-5º local);0.909;COLGIO CONTEMPORANEO;LAGOA NOVA;False;3.55;proximo (2-5km)
COLEGIO SANTA MARIA;26124220;Recife;PE;BOA VIAGEM;Outras posições;0.847;MD EDUCACIONAL- COLEGIO MADRE DE DEUS UNIDADE II;BOA VIAGEM;False;3.55;proximo (2-5km)
DOM BARRETO COLEGIO;35112896;Campinas;SP;PONTE PRETA;Desafiante (2º-5º local);0.802;COLEGIO POLIEDRO;TAQUARAL;True;3.56;proximo (2-5km)
COLEGIO POSITIVO VICENTE MACHADO - ENSINO MEDIO;41355644;Curitiba;PR;CENTRO;Outras posições;0.63;COLEGIO PASSIONISTA NOSSA SENHORA MENINA;JUVEVÊ;False;3.58;proximo (2-5km)
ESCOLA DE EDUCACAO BASICA E PROFISSIONAL FUNDACAO BRADESCO;12026530;Rio Branco;AC;NOVA ESPERANCA;Outras posições;0.457;ESC COLEGIO SIGMA;BOSQUE;False;3.6;proximo (2-5km)
ALBERT EINSTEIN ETIEP UNIDADE II;35498646;São Paulo;SP;BELA VISTA;Outras posições;0.617;COLEGIO POLIEDRO DE EDUCACAO;AGUA BRANCA;True;3.62;proximo (2-5km)
COLEGIO CBA ABC;50029266;Campo Grande;MS;JARDIM PAULISTA;Outras posições;0.439;COLEGIO HARMONIA - UNIDADE I;JARDIM DOS ESTADOS;False;3.64;proximo (2-5km)
ESCOLA SEB UNIDADE ALVARES CABRAL;35290804;Ribeirão Preto;SP;CENTRO;Desafiante (2º-5º local);0.877;COLEGIO SANTA URSULA DE RIBEIRAO PRETO;JARDIM IRAJA;False;3.65;proximo (2-5km)
SANTA CLARA COLEGIO;35104917;São Paulo;SP;VILA MADALENA;Outras posições;0.816;COLEGIO POLIEDRO DE EDUCACAO;AGUA BRANCA;True;3.66;proximo (2-5km)
COLEGIO ESCOLAPIO SAO MIGUEL;31004979;Belo Horizonte;MG;NOVA FLORESTA;Outras posições;0.785;COLEGIO ARNALDO - UNIDADE FUNCIONARIOS;FUNCIONÁRIOS;False;3.67;proximo (2-5km)
COLEGIO CRISTO REI;27215512;Maceió;AL;FAROL;Outras posições;0.596;COLEGIO CONTATO MACEIO;JATIÚCA;False;3.69;proximo (2-5km)
ESCOLA SEB UNIDADE LAFAIETE;35132925;Ribeirão Preto;SP;CENTRO;Outras posições;0.754;COLEGIO SANTA URSULA DE RIBEIRAO PRETO;JARDIM IRAJA;False;3.69;proximo (2-5km)
OFICINA DO ESTUDANTE COLEGIO;35437153;Campinas;SP;JARDIM GUANABARA;Outras posições;0.675;COLEGIO POLIEDRO;TAQUARAL;True;3.7;proximo (2-5km)
INSTITUTO REIS MAGOS;24059340;Natal;RN;ALECRIM;Outras posições;0.708;COLGIO CONTEMPORANEO;LAGOA NOVA;False;3.71;proximo (2-5km)
MADALENA SOFIA COL - EDUC INF-EF-EM;41130740;Curitiba;PR;BAIRRO ALTO;Outras posições;0.469;COLEGIO PASSIONISTA NOSSA SENHORA MENINA;JUVEVÊ;False;3.72;proximo (2-5km)
COLEGIO ANCHIETA;33021660;Nova Friburgo;RJ;CENTRO;Desafiante (2º-5º local);0.864;COOPERATIVA EDUCACIONAL ESCOLA FRIBOURG;OLARIA;False;3.74;proximo (2-5km)
COLEGUIUM - UNIDADE INTERNACIONAL BELVEDERE;31005088;Belo Horizonte;MG;BELVEDERE;Outras posições;0.718;COLEGIO ARNALDO - UNIDADE FUNCIONARIOS;FUNCIONÁRIOS;False;3.74;proximo (2-5km)
COLEGIO CASTELO-INSTITUTO NOSSA SENHORA DA GLORIA;33015546;Macaé;RJ;MIRAMAR;Desafiante (2º-5º local);0.668;COLEGIO APROVADO;GRANJA DOS CAVALEIROS;False;3.74;proximo (2-5km)
RAINHA DA PAZ COLEGIO EIFM;35104875;São Paulo;SP;VILA MADALENA;Outras posições;0.686;COLEGIO POLIEDRO DE EDUCACAO;AGUA BRANCA;True;3.75;proximo (2-5km)
ESCOLA SANTO TOMAS DE AQUINO;31004278;Belo Horizonte;MG;SAO BENTO;Outras posições;0.79;COLEGIO ARNALDO - UNIDADE FUNCIONARIOS;FUNCIONÁRIOS;False;3.76;proximo (2-5km)
LICEU SANTISTA;35110346;Santos;SP;GONZAGA;Outras posições;0.522;JEAN PIAGET UNIDADE II EEPG;APARECIDA;False;3.76;proximo (2-5km)
FRANCISCANO NOSSA SENHORA APARECIDA COLEGIO;35111016;São José dos Campos;SP;CENTRO;Outras posições;0.532;POLIEDRO COLEGIO;JARDIM ESPLANADA;True;3.77;proximo (2-5km)
ASTHER COLEGIO;35138769;Campinas;SP;JARDIM PARAISO;Outras posições;0.767;COLEGIO POLIEDRO;TAQUARAL;True;3.77;proximo (2-5km)
COLEGIO SAPIENS - UNIDADE JARDIM DAS MANGUEIRAS;11000198;Porto Velho;RO;FLODOALDO PONTES PINTO;Outras posições;0.528;CENTRO DE ENSINO CLASSE A;CENTRO;False;3.81;proximo (2-5km)
COLEGIO SAPIENS - UNIDADE INTENSIVO;11049073;Porto Velho;RO;FLODOALDO PONTES PINTO;Desafiante (2º-5º local);0.72;CENTRO DE ENSINO CLASSE A;CENTRO;False;3.81;proximo (2-5km)
COLEGIO BOA VIAGEM LTDA;26117991;Recife;PE;BOA VIAGEM;Outras posições;0.703;MD EDUCACIONAL- COLEGIO MADRE DE DEUS UNIDADE II;BOA VIAGEM;False;3.81;proximo (2-5km)
BRASILIA DE SAO PAULO COLEGIO;35131660;São Paulo;SP;VILA FORMOSA;Outras posições;0.86;AGOSTINIANO MENDEL COLEGIO;VILA GOMES CARDIM;False;3.81;proximo (2-5km)
ABMSA COL NS DAS MERCES;33021740;Nova Friburgo;RJ;CENTRO;Líder local;0.882;COOPERATIVA EDUCACIONAL ESCOLA FRIBOURG;OLARIA;False;3.82;proximo (2-5km)
COLEGIO SANTA ESCOLASTICA;35112008;Sorocaba;SP;CENTRO;Outras posições;0.655;COLEGIO SER UNIDADE CAMPOLIM;PARQUE CAMPOLIM;False;3.89;proximo (2-5km)
COLEGIO DOM AGUIRRE;35137686;Sorocaba;SP;VILA TRUJILLO;Outras posições;0.626;COLEGIO SER UNIDADE CAMPOLIM;PARQUE CAMPOLIM;False;3.89;proximo (2-5km)
COLEGUIUM - UNIDADE CARLOS PRATES;31358541;Belo Horizonte;MG;CARLOS PRATES;Outras posições;0.712;COLEGIO ARNALDO - UNIDADE FUNCIONARIOS;FUNCIONÁRIOS;False;3.9;proximo (2-5km)
COLEGIO NOSSA SENHORA DAS NEVES;24057096;Natal;RN;ALECRIM;Outras posições;0.81;COLGIO CONTEMPORANEO;LAGOA NOVA;False;3.91;proximo (2-5km)
COLEGIO DOM BOSCO MERCES EDUCACAO INFANTIL ENSINO FUNDAMENTAL E MEDIO;41146476;Curitiba;PR;MERCÊS;Outras posições;0.6;COLEGIO DO BOSQUE MANANCIAIS;AHÚ;False;3.94;proximo (2-5km)
TSSA TEENS CENTRO DE EDUCACAO LTDA;29422256;Salvador;BA;CABULA;Outras posições;0.467;CURSO E COLEGIO LEFFLER;CAMINHO DAS ÁRVORES;False;3.95;proximo (2-5km)
COLEGIO DR WALTER BELIAN;35106636;São Paulo;SP;CAMBUCI;Outras posições;0.65;SAO JOSE COLEGIO AGOSTINIANO;CHACARA TATUAPE;False;3.95;proximo (2-5km)
PREMEDICO COLEGIO;35130369;São Paulo;SP;LAPA;Outras posições;0.531;COLEGIO POLIEDRO DE EDUCACAO;AGUA BRANCA;True;3.96;proximo (2-5km)
SINGULAR COLEGIO;35142612;São Bernardo do Campo;SP;BAETA NEVES;Desafiante (2º-5º local);0.808;ABACO COLEGIO;ASSUNCAO;False;3.96;proximo (2-5km)
COLEGIO OBJETIVO PRIME;35005131;São Bernardo do Campo;SP;BAETA NEVES;Outras posições;0.553;ABACO COLEGIO;ASSUNCAO;False;3.98;proximo (2-5km)
COLEGIO DARWIN CENTRAL SCHOOL;35006291;São Bernardo do Campo;SP;CENTRO;Outras posições;0.664;ABACO COLEGIO;ASSUNCAO;False;4.02;proximo (2-5km)
ESPACO EDUCACAO BASICA COLEGIO;35137224;Atibaia;SP;JARDIM PAULISTA;Desafiante (2º-5º local);0.618;SAO JOSE EXTERNATO;JARDIM BRASIL;False;4.04;proximo (2-5km)
APICE INSTITUTO EDUCACIONAL LTDA;35173548;Sorocaba;SP;VILA TRUJILLO;Outras posições;0.615;COLEGIO SER UNIDADE CAMPOLIM;PARQUE CAMPOLIM;False;4.04;proximo (2-5km)
CENTRO DE ENSINO MINEIRO;11037474;Porto Velho;RO;FLODOALDO PONTES PINTO;Desafiante (2º-5º local);0.591;CENTRO DE ENSINO CLASSE A;CENTRO;False;4.05;proximo (2-5km)
COLEGIO NOSSA SENHORA DE SION - EDUCACAO INFANTIL ENSINO FUNDAMENTAL E MEDIO;41131630;Curitiba;PR;BATEL;Outras posições;0.661;COLEGIO PASSIONISTA NOSSA SENHORA MENINA;JUVEVÊ;False;4.1;proximo (2-5km)
INSTITUTO DOM FERNANDO GOMES;28019814;Aracaju;SE;SIQUEIRA CAMPOS;Outras posições;0.549;COESI COLEGIO DE ORIENTACAO E ESTUDOS INTEGRADOS E ESCOLINHA DO RE MI EIRELI - EPP;GRAGERU;False;4.13;proximo (2-5km)
ESCOLA CONCEPT;35004304;Ribeirão Preto;SP;VILA DO GOLF;Outras posições;0.806;COLEGIO SANTA URSULA DE RIBEIRAO PRETO;JARDIM IRAJA;False;4.13;proximo (2-5km)
COLEGIO MARISTA DE NATAL;24057134;Natal;RN;TIROL;Líder local;0.948;COLGIO CONTEMPORANEO;LAGOA NOVA;False;4.17;proximo (2-5km)
COLEGIO SAGRADO CORACAO DE JESUS;41133048;Curitiba;PR;REBOUÇAS;Outras posições;0.459;COLEGIO PASSIONISTA NOSSA SENHORA MENINA;JUVEVÊ;False;4.17;proximo (2-5km)
UNIMOR COLEGIO NUCLEO 2;35292175;São Paulo;SP;VILA ESTER ZONA NORTE;Outras posições;0.549;COLEGIO POLIEDRO DE EDUCACAO;AGUA BRANCA;True;4.19;proximo (2-5km)
DANTE ALIGHIERI COLEGIO;35103524;São Paulo;SP;JARDIM PAULISTA;Desafiante (2º-5º local);0.912;COLEGIO POLIEDRO DE EDUCACAO;AGUA BRANCA;True;4.2;proximo (2-5km)
COL SERIOS;53013875;Brasília;DF;ASA SUL;Outras posições;0.83;C EDUCACIONAL SIGMA - ASA NORTE;ASA NORTE;False;4.21;proximo (2-5km)
COLEGIO NOSSA SENHORA DA PIEDADE;31006513;Belo Horizonte;MG;CALAFATE;Outras posições;0.854;COLEGIO ARNALDO - UNIDADE FUNCIONARIOS;FUNCIONÁRIOS;False;4.22;proximo (2-5km)
COLEGIO GERACAO;42106311;Florianópolis;SC;AGRONÔMICA;Outras posições;0.621;ESCOLA AUTONOMIA;ITACORUBI;False;4.23;proximo (2-5km)
COLEGIO MAGNUM AGOSTINIANO;31004731;Belo Horizonte;MG;NOVA FLORESTA;Outras posições;0.894;COLEGIO ARNALDO - UNIDADE FUNCIONARIOS;FUNCIONÁRIOS;False;4.27;proximo (2-5km)
COLEGIO NOSSA SENHORA MEDIANEIRA;41131690;Curitiba;PR;PRADO VELHO;Outras posições;0.787;COLEGIO PASSIONISTA NOSSA SENHORA MENINA;JUVEVÊ;False;4.3;proximo (2-5km)
COLEGIO NOSSA SENHORA DA CONCEICAO;29182433;Salvador;BA;BROTAS;Outras posições;0.723;CURSO E COLEGIO LEFFLER;CAMINHO DAS ÁRVORES;False;4.3;proximo (2-5km)
PALMARES COLEGIO EFM;35104607;São Paulo;SP;PINHEIROS;Outras posições;0.705;COLEGIO POLIEDRO DE EDUCACAO;AGUA BRANCA;True;4.32;proximo (2-5km)
LICEU DE ARTES E OFICIOS DE SAO PAULO;35103421;São Paulo;SP;LUZ;Outras posições;0.86;SAO JOSE COLEGIO AGOSTINIANO;CHACARA TATUAPE;False;4.32;proximo (2-5km)
COLEGIO MARISTA ANJO DA GUARDA EI EF EM;41127242;Curitiba;PR;SANTA FELICIDADE;Desafiante (2º-5º local);0.863;COLEGIO DO BOSQUE MANANCIAIS;AHÚ;False;4.36;proximo (2-5km)
COLEGIO MARIA MONTESSORI;27226115;Maceió;AL;GRUTA DE LOURDES;Desafiante (2º-5º local);0.8;COLEGIO CONTATO MACEIO;JATIÚCA;False;4.36;proximo (2-5km)
COLEGIO ELITECOL;35579403;Campinas;SP;PARQUE RURAL FAZENDA SANTA CANDIDA;Outras posições;0.792;COLEGIO POLIEDRO;TAQUARAL;True;4.37;proximo (2-5km)
AMORIM SANTA TERESA COLEGIO;35100730;São Paulo;SP;VILA GUILHERME;Outras posições;0.553;SAO JOSE COLEGIO AGOSTINIANO;CHACARA TATUAPE;False;4.39;proximo (2-5km)
FEREGUETTI CENTRO EDUCACIONAL;35173712;São Paulo;SP;VILA SANTANA;Outras posições;0.489;AGOSTINIANO MENDEL COLEGIO;VILA GOMES CARDIM;False;4.44;proximo (2-5km)
ESCOLA SALESIANA BRASILIA;53001109;Brasília;DF;ASA SUL;Outras posições;0.621;C EDUCACIONAL SIGMA - ASA NORTE;ASA NORTE;False;4.47;proximo (2-5km)
ESCOLA CRESCIMENTO;21195534;São Luís;MA;RENASCENCA;Outras posições;0.674;ESCOLA CRESCIMENTO;CALHAU;False;4.47;proximo (2-5km)
ANGLO ITATIBA CURSO E COLEGIO;35811683;Itatiba;SP;NUCLEO RESIDENCIAL PORTO SEGURO;Desafiante (2º-5º local);0.505;NEXT COLEGIO;JARDIM NOSSA SENHORA DAS GRACAS;False;4.5;proximo (2-5km)
OLIVETANO COLEGIO;35102039;São Paulo;SP;VILA ESPERANCA;Outras posições;0.516;AGOSTINIANO MENDEL COLEGIO;VILA GOMES CARDIM;False;4.5;proximo (2-5km)
INSTITUTO DE EDUCACAO PARQUE INDUSTRIAL IEPI;35582803;Campinas;SP;VILA ANHANGUERA;Outras posições;0.632;COLEGIO POLIEDRO;TAQUARAL;True;4.51;proximo (2-5km)
ESCOLA CANADENSE DE BRASILIA;53015010;Brasília;DF;ZONA INDUSTRIAL;Outras posições;0.808;C EDUCACIONAL SIGMA - ASA NORTE;ASA NORTE;False;4.53;proximo (2-5km)
JOAO XXIII COLEGIO;35101597;São Paulo;SP;VILA PRUDENTE;Outras posições;0.598;AGOSTINIANO MENDEL COLEGIO;VILA GOMES CARDIM;False;4.54;proximo (2-5km)
SAO JOSE DE VILA MATILDE ESCOLA;35102076;São Paulo;SP;VILA MATILDE;Outras posições;0.54;AGOSTINIANO MENDEL COLEGIO;VILA GOMES CARDIM;False;4.54;proximo (2-5km)
MAPLE BEAR SAO LUIS;21273456;São Luís;MA;RENASCENCA II;Desafiante (2º-5º local);0.85;ESCOLA CRESCIMENTO;CALHAU;False;4.56;proximo (2-5km)
C EDUCACIONAL LEONARDO DA VINCI;53001087;Brasília;DF;ASA SUL;Outras posições;0.854;C EDUCACIONAL SIGMA - ASA NORTE;ASA NORTE;False;4.57;proximo (2-5km)
COLEGIO DOM BOSCO LTDA;21010331;São Luís;MA;RENASCENÇA;Líder local;0.905;ESCOLA CRESCIMENTO;CALHAU;False;4.58;proximo (2-5km)
COOPERATIVO COLEGIO DE EDUCACAO BASICA;35123444;Presidente Prudente;SP;PARQUE RESIDENCIAL CARANDA;Outras posições;0.438;ESQUEMA UNICO EDUCACIONAL DE PRESIDENTE PRUDENTE;JARDIM PAULISTANO;False;4.62;proximo (2-5km)
COLEGIO DE SAO JOSE;27034844;Maceió;AL;CENTRO;Outras posições;0.511;COLEGIO CONTATO MACEIO;JATIÚCA;False;4.62;proximo (2-5km)
NOSSA SENHORA DA GLORIA COLEGIO MARISTA;35106616;São Paulo;SP;CAMBUCI;Outras posições;0.616;SAO JOSE COLEGIO AGOSTINIANO;CHACARA TATUAPE;False;4.62;proximo (2-5km)
OBJETIVO COLEGIO INTEGRADO;35399197;São Paulo;SP;BELA VISTA;Líder local;0.923;COLEGIO POLIEDRO DE EDUCACAO;AGUA BRANCA;True;4.66;proximo (2-5km)
OBJETIVO CENTRO INTERESCOLAR UNIDADE PAULISTA;35103433;São Paulo;SP;BELA VISTA;Outras posições;0.824;COLEGIO POLIEDRO DE EDUCACAO;AGUA BRANCA;True;4.66;proximo (2-5km)
FACEX UNIDADE CIC;24087157;Natal;RN;CIDADE ALTA;Outras posições;0.751;COLGIO CONTEMPORANEO;LAGOA NOVA;False;4.66;proximo (2-5km)
COLEGIO DE ENSINO MEDIO NOVA GERACAO;50030469;Campo Grande;MS;VILA TAVEIRPOLIS;Outras posições;0.7;COLEGIO CLASSE A;MONTE CASTELO;False;4.69;proximo (2-5km)
COLEGIO ESPANHOL SANTA MARIA MINAS - UNIDADE CIDADE NOVA;31004359;Belo Horizonte;MG;CIDADE NOVA;Outras posições;0.914;COLEGIO ARNALDO - UNIDADE FUNCIONARIOS;FUNCIONÁRIOS;False;4.71;proximo (2-5km)
COLEGIO BRUNO OSTMANN;33169365;Macaé;RJ;IMBETIBA;Outras posições;0.609;COLEGIO APROVADO;GRANJA DOS CAVALEIROS;False;4.74;proximo (2-5km)
COLEGIO JOSEENSE;35144496;São José dos Campos;SP;RESIDENCIAL SOL NASCENTE;Outras posições;0.554;POLIEDRO COLEGIO;JARDIM ESPLANADA;True;4.75;proximo (2-5km)
SANTA LUCIA FILIPPINI COLEGIO;35100304;São Paulo;SP;ITABERABA;Outras posições;0.537;COLEGIO POLIEDRO DE EDUCACAO;AGUA BRANCA;True;4.75;proximo (2-5km)
OSWALD DE ANDRADE COLEGIO UNIDADE II;35131507;São Paulo;SP;VILA ROMANA;Outras posições;0.526;COLEGIO POLIEDRO DE EDUCACAO;AGUA BRANCA;True;4.77;proximo (2-5km)
COLEGIO SANTO IVO;35102660;São Paulo;SP;ALTO DA LAPA;Outras posições;0.798;COLEGIO POLIEDRO DE EDUCACAO;AGUA BRANCA;True;4.81;proximo (2-5km)
FECAP COLEGIO;35106884;São Paulo;SP;LIBERDADE;Outras posições;0.631;COLEGIO POLIEDRO DE EDUCACAO;AGUA BRANCA;True;4.82;proximo (2-5km)
WELLINGTON CENTRO DE ENSINO INTEGRADO;35100328;São Paulo;SP;MOINHO VELHO;Outras posições;0.525;COLEGIO POLIEDRO DE EDUCACAO;AGUA BRANCA;True;4.82;proximo (2-5km)
DELTA COLEGIO;35119040;São Paulo;SP;SANTANA;Outras posições;0.466;COLEGIO POLIEDRO DE EDUCACAO;AGUA BRANCA;True;4.86;proximo (2-5km)
OBJETIVO COLEGIO I UNIDADE PINHEIROS;35133450;São Paulo;SP;PINHEIROS;Outras posições;0.769;COLEGIO POLIEDRO DE EDUCACAO;AGUA BRANCA;True;4.88;proximo (2-5km)
INSTITUTO CORACAO DE JESUS;31005975;Belo Horizonte;MG;NOVA SUISSA;Outras posições;0.908;COLEGIO ARNALDO - UNIDADE FUNCIONARIOS;FUNCIONÁRIOS;False;4.89;proximo (2-5km)
NOSSA SENHORA SAGRADO CORACAO EXTERNATO;35101989;São Paulo;SP;VILA FORMOSA;Outras posições;0.491;AGOSTINIANO MENDEL COLEGIO;VILA GOMES CARDIM;False;4.91;proximo (2-5km)
COLEGIO ALMEIDA GARRETT;35338345;Ribeirão Preto;SP;CAMPOS ELISEOS;Outras posições;0.608;COLEGIO SANTA URSULA DE RIBEIRAO PRETO;JARDIM IRAJA;False;4.91;proximo (2-5km)
COL BATISTA DE BRASILIA;53001281;Brasília;DF;ASA SUL;Outras posições;0.626;C EDUCACIONAL SIGMA - ASA NORTE;ASA NORTE;False;4.91;proximo (2-5km)
CENTRO EDUCACIONAL MONTESSORIANO REINO INFANTIL;21009902;São Luís;MA;RENASCENA II;Desafiante (2º-5º local);0.878;ESCOLA CRESCIMENTO;CALHAU;False;4.92;proximo (2-5km)
LICEU CONTEMPORANEO ENSINO MEDIO;35431436;Ribeirão Preto;SP;VILA TIBERIO;Outras posições;0.779;COLEGIO SANTA URSULA DE RIBEIRAO PRETO;JARDIM IRAJA;False;5.01;distante (>5km)
EMBRAER COLEGIO CASIMIRO MONTENEGRO FILHO;35480617;Botucatu;SP;JARDIM AEROPORTO;Líder local;0.859;ADV BOTUCATU UNIDADE IV COLEGIO;CENTRO;False;5.02;distante (>5km)
COLEGIO FRANCISCANO SAGRADA FAMILIA;31006424;Belo Horizonte;MG;CAICARAS;Outras posições;0.777;COLEGIO ARNALDO - UNIDADE FUNCIONARIOS;FUNCIONÁRIOS;False;5.02;distante (>5km)
COLEGIO MARISTA PADRE EUSTAQUIO;31004880;Belo Horizonte;MG;PADRE EUSTAQUIO;Outras posições;0.89;COLEGIO ARNALDO - UNIDADE FUNCIONARIOS;FUNCIONÁRIOS;False;5.04;distante (>5km)
ADVENTISTA DA LIBERDADE COLEGIO;35106926;São Paulo;SP;LIBERDADE;Outras posições;0.458;COLEGIO POLIEDRO DE EDUCACAO;AGUA BRANCA;True;5.06;distante (>5km)
COMUNITARIA DE CAMPINAS ESCOLA;35112689;Campinas;SP;PARQUE DA HIPICA;Outras posições;0.764;COLEGIO POLIEDRO;TAQUARAL;True;5.09;distante (>5km)
COLEGIO SANTA CATARINA;42000645;Florianópolis;SC;CENTRO;Outras posições;0.706;ESCOLA AUTONOMIA;ITACORUBI;False;5.17;distante (>5km)
PIAGET COLEGIO;35135446;São Paulo;SP;SITIO DO MANDAQUI;Outras posições;0.554;COLEGIO POLIEDRO DE EDUCACAO;AGUA BRANCA;True;5.18;distante (>5km)
NOSSA SRA DA ASSUNCAO COL ED INF EF EM;41131584;Curitiba;PR;GUABIROTUBA;Outras posições;0.452;COLEGIO PASSIONISTA NOSSA SENHORA MENINA;JUVEVÊ;False;5.18;distante (>5km)
COLEGIO SALESIANO SAO JOSE;24057126;Natal;RN;RIBEIRA;Desafiante (2º-5º local);0.919;COLGIO CONTEMPORANEO;LAGOA NOVA;False;5.21;distante (>5km)
COL IN-NOVA;53018532;Brasília;DF;SETOR SUDOESTE;Outras posições;0.553;C EDUCACIONAL SIGMA - ASA NORTE;ASA NORTE;False;5.21;distante (>5km)
COL MAXIMUS STA INES;31003875;Belo Horizonte;MG;SANTA INÊS;Outras posições;0.711;COLEGIO ARNALDO - UNIDADE FUNCIONARIOS;FUNCIONÁRIOS;False;5.22;distante (>5km)
COLEGIO SANTISSIMO SENHOR;27218198;Maceió;AL;SERRARIA;Outras posições;0.627;COLEGIO CONTATO MACEIO;JATIÚCA;False;5.24;distante (>5km)
INSPIRE COLEGIO;35499067;São José dos Campos;SP;VILA TATETUBA;Outras posições;0.8;POLIEDRO COLEGIO;JARDIM ESPLANADA;True;5.25;distante (>5km)
COLEGIO SANTA MARIA MINAS - UNIDADE NOVA SUICA;31244457;Belo Horizonte;MG;NOVA SUISSA;Outras posições;0.792;COLEGIO ARNALDO - UNIDADE FUNCIONARIOS;FUNCIONÁRIOS;False;5.29;distante (>5km)
SAO MIGUEL ARCANJO COLEGIO FRANCISCANO;35101734;São Paulo;SP;VILA LUCIA;Outras posições;0.847;AGOSTINIANO MENDEL COLEGIO;VILA GOMES CARDIM;False;5.3;distante (>5km)
COLEGIO LOGOS;26153050;Recife;PE;IMBIRIBEIRA;Outras posições;0.723;MD EDUCACIONAL- COLEGIO MADRE DE DEUS UNIDADE II;BOA VIAGEM;False;5.3;distante (>5km)
SANTA CRUZ COLEGIO;35104620;São Paulo;SP;ALTO DE PINHEIROS;Outras posições;0.842;COLEGIO POLIEDRO DE EDUCACAO;AGUA BRANCA;True;5.31;distante (>5km)
LICEU SALESIANO DO SALVADOR;29182581;Salvador;BA;NAZARÉ;Outras posições;0.662;CURSO E COLEGIO LEFFLER;CAMINHO DAS ÁRVORES;False;5.31;distante (>5km)
GAIA CURSO E COLEGIO;42160081;Florianópolis;SC;CENTRO;Outras posições;0.773;ESCOLA AUTONOMIA;ITACORUBI;False;5.34;distante (>5km)
VINICIUS DE MORAES COLEGIO;35167411;São Paulo;SP;JARDIM CACHOEIRA;Outras posições;0.506;COLEGIO POLIEDRO DE EDUCACAO;AGUA BRANCA;True;5.37;distante (>5km)
COLEGUIUM - UNIDADE INTERNACIONAL BURITIS;31368342;Belo Horizonte;MG;ESTORIL;Outras posições;0.725;COLEGIO ARNALDO - UNIDADE FUNCIONARIOS;FUNCIONÁRIOS;False;5.38;distante (>5km)
COL LA SALLE BRASILIA;53001060;Brasília;DF;ASA SUL;Outras posições;0.594;C EDUCACIONAL SIGMA - ASA NORTE;ASA NORTE;False;5.4;distante (>5km)
COLEGIO BOM JESUS CORACAO DE JESUS;42000238;Florianópolis;SC;CENTRO;Desafiante (2º-5º local);0.775;ESCOLA AUTONOMIA;ITACORUBI;False;5.4;distante (>5km)
COLEGIO BATISTA MINEIRO - UNIDADE BURITIS II;31329282;Belo Horizonte;MG;ESTORIL;Outras posições;0.904;COLEGIO ARNALDO - UNIDADE FUNCIONARIOS;FUNCIONÁRIOS;False;5.41;distante (>5km)
COL GALOIS;53012860;Brasília;DF;ASA SUL;Outras posições;0.866;C EDUCACIONAL SIGMA - ASA NORTE;ASA NORTE;False;5.46;distante (>5km)
INSTITUTO BRASIL;24059293;Natal;RN;PITIMBU;Outras posições;0.508;COLGIO CONTEMPORANEO;LAGOA NOVA;False;5.46;distante (>5km)
COLEGIO ADVENTISTA DE SALVADOR;29181755;Salvador;BA;NAZARÉ;Outras posições;0.546;CURSO E COLEGIO LEFFLER;CAMINHO DAS ÁRVORES;False;5.48;distante (>5km)
ESCOLA DE ENSINO MEDIO ESTIMOARTE LTDA EPP;42154090;Florianópolis;SC;COSTEIRA DO PIRAJUBAE;Outras posições;0.514;ESCOLA AUTONOMIA;ITACORUBI;False;5.49;distante (>5km)
COLEGIO PROF LOURIVAL MARTINS FAGUNDES;50007912;Campo Grande;MS;PARQUE DOS NOVOS ESTADOS;Outras posições;0.657;COLEGIO HARMONIA - UNIDADE I;JARDIM DOS ESTADOS;False;5.51;distante (>5km)
COLEGIO ADVENTISTA DE FLORIANOPOLIS - CENTRO;42000246;Florianópolis;SC;CENTRO;Outras posições;0.578;ESCOLA AUTONOMIA;ITACORUBI;False;5.52;distante (>5km)
LA SALLE SAO PAULO COLEGIO;35127231;São Paulo;SP;VILA GUILHERMINA;Outras posições;0.442;AGOSTINIANO MENDEL COLEGIO;VILA GOMES CARDIM;False;5.54;distante (>5km)
COLEGIO ENERGIA;42109230;Florianópolis;SC;CENTRO;Outras posições;0.747;ESCOLA AUTONOMIA;ITACORUBI;False;5.55;distante (>5km)
JARDIM SAO PAULO COLEGIO;35100432;São Paulo;SP;JARDIM SAO PAULO;Outras posições;0.867;SAO JOSE COLEGIO AGOSTINIANO;CHACARA TATUAPE;False;5.55;distante (>5km)
ALTO PADRAO FRANCANO INSTITUTO ENSINO;35114510;Franca;SP;PARQUE UNIVERSITARIO;Desafiante (2º-5º local);0.688;NOVO COLEGIO SISTEMA DE ENSINO DE FRANCA LTDA;VILA NOSSA SENHORA DAS GRACAS;False;5.55;distante (>5km)
ESCOLA DE EDUCACAO BASICA E PROFISSIONAL FUNDACAO BRADESCO;24059250;Natal;RN;FELIPE CAMARÃO;Outras posições;0.492;COLGIO CONTEMPORANEO;LAGOA NOVA;False;5.55;distante (>5km)
FIAP SCHOOL;35137042;São Paulo;SP;CAMBUCI;Outras posições;0.404;SAO JOSE COLEGIO AGOSTINIANO;CHACARA TATUAPE;False;5.56;distante (>5km)
COLEGIO DOM BOSCO BATEL;41377168;Curitiba;PR;BATEL;Outras posições;0.704;COLEGIO PASSIONISTA NOSSA SENHORA MENINA;JUVEVÊ;False;5.57;distante (>5km)
CERVANTES COLEGIO;35802220;Ribeirão Preto;SP;SUMAREZINHO;Outras posições;0.421;COLEGIO SANTA URSULA DE RIBEIRAO PRETO;JARDIM IRAJA;False;5.57;distante (>5km)
NOTRE DAME DE CAMPINAS COLEGIO;35112562;Campinas;SP;PARQUE DA HIPICA;Líder local;0.894;COLEGIO POLIEDRO;TAQUARAL;True;5.59;distante (>5km)
SANTO AGOSTINHO COLEGIO;35106896;São Paulo;SP;ACLIMACAO;Outras posições;0.59;COLEGIO POLIEDRO DE EDUCACAO;AGUA BRANCA;True;5.63;distante (>5km)
MADRE MAZZARELLO INSTITUTO;35100663;São Paulo;SP;SANTANA;Outras posições;0.546;COLEGIO POLIEDRO DE EDUCACAO;AGUA BRANCA;True;5.63;distante (>5km)
THOMAZ TREGLIA COLEGIO;35154817;São Paulo;SP;VILA BASILEIA;Outras posições;0.409;COLEGIO POLIEDRO DE EDUCACAO;AGUA BRANCA;True;5.63;distante (>5km)
COC COLEGIO OSVALDO CARVALHO EIRELI EPP;42113083;Florianópolis;SC;CENTRO;Outras posições;0.73;ESCOLA AUTONOMIA;ITACORUBI;False;5.65;distante (>5km)
MARIA IMACULADA COLEGIO EEIFM;35105041;São Paulo;SP;PARAISO;Outras posições;0.788;COLEGIO POLIEDRO DE EDUCACAO;AGUA BRANCA;True;5.67;distante (>5km)
COLEGIO SAO JOSE SION IPIRANGA;35106811;São Paulo;SP;IPIRANGA;Outras posições;0.439;SAO JOSE COLEGIO AGOSTINIANO;CHACARA TATUAPE;False;5.7;distante (>5km)
SANTA TERESINHA COLEGIO SALESIANO;35100473;São Paulo;SP;SANTANA;Outras posições;0.73;COLEGIO POLIEDRO DE EDUCACAO;AGUA BRANCA;True;5.7;distante (>5km)
COLEGIO MARISTA DE PATAMARES;29447518;Salvador;BA;PITUAÇU;Desafiante (2º-5º local);0.886;COLEGIO OFICINA;PITUBA;False;5.79;distante (>5km)
OBJETIVO CENTRO INTERESCOLAR UNIDADE VERGUEIRO;35120339;São Paulo;SP;ACLIMACAO;Outras posições;0.492;COLEGIO POLIEDRO DE EDUCACAO;AGUA BRANCA;True;5.82;distante (>5km)
COLEGIO EXECUTIVO LTDA;24057061;Natal;RN;PONTA NEGRA;Outras posições;0.818;COLGIO CONTEMPORANEO;LAGOA NOVA;False;5.84;distante (>5km)
COLEGIO NOSSA SENHORA DA SOLEDADE;29182441;Salvador;BA;LAPINHA;Outras posições;0.546;CURSO E COLEGIO LEFFLER;CAMINHO DAS ÁRVORES;False;5.85;distante (>5km)
SANTA ROSALIA COLEGIO;35450339;Sorocaba;SP;JARDIM SANTA ROSALIA;Desafiante (2º-5º local);0.775;COLEGIO SER UNIDADE CAMPOLIM;PARQUE CAMPOLIM;False;5.88;distante (>5km)
COLEGIO MARISTA PARANAENSE EI EF EM;41132130;Curitiba;PR;SEMINARIO;Outras posições;0.756;COLEGIO PASSIONISTA NOSSA SENHORA MENINA;JUVEVÊ;False;5.89;distante (>5km)
ESCOLA SEB UNIMASTER;31309711;Belo Horizonte;MG;BURITIS;Outras posições;0.915;COLEGIO ARNALDO - UNIDADE FUNCIONARIOS;FUNCIONÁRIOS;False;6.01;distante (>5km)
ESCOLA ALEF PERETZ;35104711;São Paulo;SP;JARDIM EUROPA;Outras posições;0.807;COLEGIO POLIEDRO DE EDUCACAO;AGUA BRANCA;True;6.04;distante (>5km)
IMPERATRIZ LEOPOLDINA COLEGIO;35100420;São Paulo;SP;SANTANA;Outras posições;0.815;COLEGIO POLIEDRO DE EDUCACAO;AGUA BRANCA;True;6.04;distante (>5km)
SAO FRANCISCO XAVIER COLEGIO;35106756;São Paulo;SP;IPIRANGA;Outras posições;0.476;SAO JOSE COLEGIO AGOSTINIANO;CHACARA TATUAPE;False;6.05;distante (>5km)
NOSSA SENHORA DAS GRACAS ESCOLA;35104449;São Paulo;SP;ITAIM BIBI;Outras posições;0.711;COLEGIO POLIEDRO DE EDUCACAO;AGUA BRANCA;True;6.09;distante (>5km)
COL COC LAGO NORTE;53009428;Brasília;DF;SETOR DE HABITAÇÕES INDIVIDUAIS NORTE;Outras posições;0.863;C EDUCACIONAL SIGMA - ASA NORTE;ASA NORTE;False;6.1;distante (>5km)
EDUCANDARIO IMACULADA CONCEICAO;42000262;Florianópolis;SC;CENTRO;Outras posições;0.677;ESCOLA AUTONOMIA;ITACORUBI;False;6.12;distante (>5km)
ASAV - COLEGIO CATARINENSE;42000670;Florianópolis;SC;CENTRO;Desafiante (2º-5º local);0.78;ESCOLA AUTONOMIA;ITACORUBI;False;6.13;distante (>5km)
COLEGIO ALUMNUS;31314749;Belo Horizonte;MG;FERNÃO DIAS;Outras posições;0.833;COLEGIO ARNALDO - UNIDADE FUNCIONARIOS;FUNCIONÁRIOS;False;6.13;distante (>5km)
OBJETIVO CENTRO INTERESCOLAR UNIDADE IPIRANGA;35456731;São Paulo;SP;IPIRANGA;Outras posições;0.723;SAO JOSE COLEGIO AGOSTINIANO;CHACARA TATUAPE;False;6.15;distante (>5km)
BANDEIRANTES COLEGIO EFM;35104985;São Paulo;SP;VILA MARIANA;Outras posições;0.86;COLEGIO POLIEDRO DE EDUCACAO;AGUA BRANCA;True;6.24;distante (>5km)
COLEGIO CERMAC;35119039;São Paulo;SP;LAUZANE PAULISTA;Outras posições;0.479;COLEGIO POLIEDRO DE EDUCACAO;AGUA BRANCA;True;6.32;distante (>5km)
GERMINARE ESCOLA;35438315;São Paulo;SP;PARQUE ANHANGUERA;Outras posições;0.581;COLEGIO POLIEDRO DE EDUCACAO;AGUA BRANCA;True;6.35;distante (>5km)
COLEGIO ANGLO BRASILEIRO;29422248;Salvador;BA;PATAMARES;Outras posições;0.873;CURSO E COLEGIO LEFFLER;CAMINHO DAS ÁRVORES;False;6.36;distante (>5km)
COLEGIO EDUCALLIS;21199090;São Luís;MA;CUTIM ANIL;Desafiante (2º-5º local);0.83;ESCOLA CRESCIMENTO;CALHAU;False;6.37;distante (>5km)
COLEGIO BATISTA DANIEL DE LA TOUCHE;21010250;São Luís;MA;JOÃO PAULO;Outras posições;0.598;ESCOLA CRESCIMENTO;CALHAU;False;6.38;distante (>5km)
AEVSLM COLEGIO SAO VICENTE DE PAULO;21013837;São Luís;MA;JOAO PAULO;Outras posições;0.572;ESCOLA CRESCIMENTO;CALHAU;False;6.39;distante (>5km)
BENJAMIN CONSTANT COLEGIO;35104991;São Paulo;SP;VILA MARIANA;Outras posições;0.742;COLEGIO POLIEDRO DE EDUCACAO;AGUA BRANCA;True;6.42;distante (>5km)
COLEGIO ANTONIO VIEIRA;29181801;Salvador;BA;GARCIA;Outras posições;0.797;CURSO E COLEGIO LEFFLER;CAMINHO DAS ÁRVORES;False;6.43;distante (>5km)
COLEGIO DA IMACULADA CONCEICAO;26118149;Recife;PE;BARRO;Outras posições;0.542;MD EDUCACIONAL- COLEGIO MADRE DE DEUS UNIDADE II;BOA VIAGEM;False;6.44;distante (>5km)
COLEGIO SANTA MARIA MINAS - UNIDADE CORACAO EUCARISTICO;31005614;Belo Horizonte;MG;MINAS BRASIL;Outras posições;0.818;COLEGIO ARNALDO - UNIDADE FUNCIONARIOS;FUNCIONÁRIOS;False;6.46;distante (>5km)
COLEGIO IMACULADA CONCEICAO;41129830;Curitiba;PR;SANTA FELICIDADE;Outras posições;0.535;COLEGIO DO BOSQUE MANANCIAIS;AHÚ;False;6.46;distante (>5km)
C EDUCACIONAL SIGMA;53001222;Brasília;DF;ASA SUL;Outras posições;0.877;C EDUCACIONAL SIGMA - ASA NORTE;ASA NORTE;False;6.52;distante (>5km)
CIDADE JARDIM CUMBICA COLEGIO;35126615;Guarulhos;SP;JARDIM CUMBICA;Outras posições;0.601;MATER AMABILIS COLEGIO;JARDIM MAIA;False;6.53;distante (>5km)
PAULISTA ESCOLA;35101047;São Paulo;SP;PARADA INGLESA;Outras posições;0.479;SAO JOSE COLEGIO AGOSTINIANO;CHACARA TATUAPE;False;6.54;distante (>5km)
COLEGIO ADVENTISTA DE BELO HORIZONTE;31006092;Belo Horizonte;MG;SÃO FRANCISCO;Outras posições;0.584;COLEGIO ARNALDO - UNIDADE FUNCIONARIOS;FUNCIONÁRIOS;False;6.55;distante (>5km)
ETAPA COLEGIO DE EFM;35134806;São Paulo;SP;VILA MARIANA;Outras posições;0.872;COLEGIO POLIEDRO DE EDUCACAO;AGUA BRANCA;True;6.6;distante (>5km)
ETAPA III COLEGIO;35563006;São Paulo;SP;VILA MARIANA;Outras posições;0.795;COLEGIO POLIEDRO DE EDUCACAO;AGUA BRANCA;True;6.61;distante (>5km)
COLEGIO O BOM PASTOR;21279810;São Luís;MA;COHATRAC II;Outras posições;0.645;ESCOLA CRESCIMENTO;CALHAU;False;6.61;distante (>5km)
COLEGIO VISAO;26118262;Recife;PE;JIQUIÁ;Outras posições;0.76;MD EDUCACIONAL- COLEGIO MADRE DE DEUS UNIDADE II;BOA VIAGEM;False;6.63;distante (>5km)
VERA CRUZ ESCOLA UNIDADE III;35150885;São Paulo;SP;VILA LEOPOLDINA;Outras posições;0.642;COLEGIO POLIEDRO DE EDUCACAO;AGUA BRANCA;True;6.63;distante (>5km)
COLEGIO BURITIS AGOSTINIANO;31294110;Belo Horizonte;MG;BURITIS;Outras posições;0.892;COLEGIO ARNALDO - UNIDADE FUNCIONARIOS;FUNCIONÁRIOS;False;6.64;distante (>5km)
ADVENTISTA DE RIBEIRO PRETO COLEGIO;35115022;Ribeirão Preto;SP;CAMPOS ELISEOS;Outras posições;0.443;COLEGIO SANTA URSULA DE RIBEIRAO PRETO;JARDIM IRAJA;False;6.65;distante (>5km)
UNICO EDUCACIONAL;53016726;Brasília;DF;ASA SUL;Outras posições;0.818;C EDUCACIONAL SIGMA - ASA NORTE;ASA NORTE;False;6.74;distante (>5km)
CONQUISTA COLEGIO;35809305;São Paulo;SP;VILA RICA;Outras posições;0.489;AGOSTINIANO MENDEL COLEGIO;VILA GOMES CARDIM;False;6.81;distante (>5km)
COLEGIO SS SACRAMENTO;29182654;Salvador;BA;GARCIA;Outras posições;0.78;CURSO E COLEGIO LEFFLER;CAMINHO DAS ÁRVORES;False;6.82;distante (>5km)
COL OLIMPO;53056000;Brasília;DF;ASA SUL;Desafiante (2º-5º local);0.902;C EDUCACIONAL SIGMA - ASA NORTE;ASA NORTE;False;6.84;distante (>5km)
INSTITUTO DE ENSINO NOVO DINAMICO;35153631;São Paulo;SP;SITIO PINHEIRINHO;Outras posições;0.772;AGOSTINIANO MENDEL COLEGIO;VILA GOMES CARDIM;False;6.86;distante (>5km)
RIO BRANCO COLEGIO;35112902;Campinas;SP;BARAO GERALDO;Desafiante (2º-5º local);0.807;COLEGIO POLIEDRO;TAQUARAL;True;6.92;distante (>5km)
SAO PAULO DA CRUZ COLEGIO PASSIONISTA;35100912;São Paulo;SP;TUCURUVI;Outras posições;0.594;SAO JOSE COLEGIO AGOSTINIANO;CHACARA TATUAPE;False;6.92;distante (>5km)
COLEGIO SES;31346420;Belo Horizonte;MG;PALMEIRAS;Outras posições;0.467;COLEGIO ARNALDO - UNIDADE FUNCIONARIOS;FUNCIONÁRIOS;False;6.96;distante (>5km)
ESCOLA NOVA LOURENCO UNIDADE IV;35126718;São Paulo;SP;VILA NOVA CONCEICAO;Outras posições;0.775;COLEGIO POLIEDRO DE EDUCACAO;AGUA BRANCA;True;7.01;distante (>5km)
BOM JESUS SEMINARIO;41131789;Curitiba;PR;SEMINARIO;Outras posições;0.843;COLEGIO PASSIONISTA NOSSA SENHORA MENINA;JUVEVÊ;False;7.13;distante (>5km)
COLEGIO BATISTA BRASIL VILA MARIANA;35155073;São Paulo;SP;VILA MARIANA;Outras posições;0.726;COLEGIO POLIEDRO DE EDUCACAO;AGUA BRANCA;True;7.15;distante (>5km)
COLEGIO CIMAN;53012941;Brasília;DF;ÁREA OCTOGONAL;Outras posições;0.799;C EDUCACIONAL SIGMA - ASA NORTE;ASA NORTE;False;7.16;distante (>5km)
RIO BRANCO EXTERNATO;35108972;São Bernardo do Campo;SP;RUDGE RAMOS;Outras posições;0.662;ABACO COLEGIO;ASSUNCAO;False;7.22;distante (>5km)
COLEGIO SANTA TERESA;21011052;São Luís;MA;CENTRO;Outras posições;0.492;ESCOLA CRESCIMENTO;CALHAU;False;7.23;distante (>5km)
COLEGIO SANTO ANJO BARIGUI ENS FUNDAMENTAL E ENS MEDIO;41155815;Curitiba;PR;MOSSUNGUÊ;Outras posições;0.587;COLEGIO DO BOSQUE MANANCIAIS;AHÚ;False;7.26;distante (>5km)
BEACON SCHOOL;35480745;São Paulo;SP;VILA LEOPOLDINA;Outras posições;0.856;COLEGIO POLIEDRO DE EDUCACAO;AGUA BRANCA;True;7.27;distante (>5km)
COLEGUIUM - UNIDADE JARAGUA;31006386;Belo Horizonte;MG;SANTA ROSA;Outras posições;0.728;COLEGIO ARNALDO - UNIDADE FUNCIONARIOS;FUNCIONÁRIOS;False;7.47;distante (>5km)
ESCOLA DE EDUCACAO BASICA E PROFISSIONAL FUNDACAO BRADESCO;21014833;São Luís;MA;COROADINHO;Outras posições;0.53;ESCOLA CRESCIMENTO;CALHAU;False;7.5;distante (>5km)
CRESCER COLEGIO;35172510;Campinas;SP;JARDIM NOVO CAMPOS ELISEOS;Outras posições;0.487;COLEGIO POLIEDRO;TAQUARAL;True;7.53;distante (>5km)
COLEGIO POSITIVO HAUER - ENSINO MEDIO;41158750;Curitiba;PR;HAUER;Outras posições;0.704;COLEGIO PASSIONISTA NOSSA SENHORA MENINA;JUVEVÊ;False;7.58;distante (>5km)
CANELLO MARQUES COLEGIO;35071936;São Paulo;SP;JARDIM CIDADE PIRITUBA;Outras posições;0.566;COLEGIO POLIEDRO DE EDUCACAO;AGUA BRANCA;True;7.6;distante (>5km)
MADRE CABRINI COLEGIO EEIFM;35105053;São Paulo;SP;VILA MARIANA;Outras posições;0.575;SAO JOSE COLEGIO AGOSTINIANO;CHACARA TATUAPE;False;7.68;distante (>5km)
MIRANDA COLEGIO DE EIFM;35151506;São Paulo;SP;VILA MARIA EUGENIA;Outras posições;0.786;COLEGIO POLIEDRO DE EDUCACAO;AGUA BRANCA;True;7.7;distante (>5km)
SARTRE ESCOLA SEB - ITAIGARA;29200091;Salvador;BA;ITAIGARA;Desafiante (2º-5º local);0.89;CURSO E COLEGIO LEFFLER;CAMINHO DAS ÁRVORES;False;7.75;distante (>5km)
ESCOLA CARANDA VIVA VIDA;35130217;São Paulo;SP;MIRANDOPOLIS;Outras posições;0.778;COLEGIO POLIEDRO DE EDUCACAO;AGUA BRANCA;True;7.79;distante (>5km)
JOAO BAGOZZI COL PE - EF-EM E NORMAL;41130090;Curitiba;PR;PORTAO;Outras posições;0.604;COLEGIO PASSIONISTA NOSSA SENHORA MENINA;JUVEVÊ;False;7.87;distante (>5km)
DOM BOSCO COLEGIO UNID III;35367734;São Paulo;SP;PARQUE MANDAQUI;Outras posições;0.725;COLEGIO POLIEDRO DE EDUCACAO;AGUA BRANCA;True;7.89;distante (>5km)
MOBILE COLEGIO;35165347;São Paulo;SP;VILA NOVA CONCEICAO;Desafiante (2º-5º local);0.902;COLEGIO POLIEDRO DE EDUCACAO;AGUA BRANCA;True;7.92;distante (>5km)
OBJETIVO COLEGIO DE CAMPINAS UNIDADE BARAO GERALDO;35118084;Campinas;SP;ARRUAMENTO FAIN JOSE FERES;Outras posições;0.618;COLEGIO POLIEDRO;TAQUARAL;True;7.96;distante (>5km)
PORTO UNIAO COLEGIO;35105429;São Paulo;SP;VILA BUTANTA;Outras posições;0.421;COLEGIO POLIEDRO DE EDUCACAO;AGUA BRANCA;True;8.03;distante (>5km)
OBJETIVO CENTRO INTERESCOLAR UNIDADE CANTAREIRA;35143200;São Paulo;SP;AGUA FRIA;Outras posições;0.667;SAO JOSE COLEGIO AGOSTINIANO;CHACARA TATUAPE;False;8.09;distante (>5km)
COLEGIO E CURSO ACESSO;41150120;Curitiba;PR;SANTA FELICIDADE;Outras posições;0.449;COLEGIO DO BOSQUE MANANCIAIS;AHÚ;False;8.14;distante (>5km)
CASTRO ALVES COLEGIO;35101679;São Paulo;SP;VILA INDUSTRIAL;Outras posições;0.517;AGOSTINIANO MENDEL COLEGIO;VILA GOMES CARDIM;False;8.14;distante (>5km)
COLEGUIUM - UNIDADE OURO PRETO;31217123;Belo Horizonte;MG;OURO PRETO;Outras posições;0.773;COLEGIO ARNALDO - UNIDADE FUNCIONARIOS;FUNCIONÁRIOS;False;8.17;distante (>5km)
NOSSA SENHORA APARECIDA COLEGIO FRANCISCANO;35106148;São Paulo;SP;MOEMA;Outras posições;0.782;COLEGIO POLIEDRO DE EDUCACAO;AGUA BRANCA;True;8.18;distante (>5km)
COLEGIO NILSON DE SOUZA PEREIRA;29478430;Salvador;BA;PAU DA LIMA;Outras posições;0.668;CURSO E COLEGIO LEFFLER;CAMINHO DAS ÁRVORES;False;8.2;distante (>5km)
ARQUIDIOCESANO DE SAO PAULO COLEGIO MARISTA;35107177;São Paulo;SP;VILA MARIANA;Outras posições;0.85;SAO JOSE COLEGIO AGOSTINIANO;CHACARA TATUAPE;False;8.43;distante (>5km)
COL CHROMOS PAMPULHA;31290157;Belo Horizonte;MG;SAO JOSE;Outras posições;0.8;COLEGIO ARNALDO - UNIDADE FUNCIONARIOS;FUNCIONÁRIOS;False;8.5;distante (>5km)
PAN TERRA COLEGIO E PRE ESCOLA;35151385;São Paulo;SP;PARQUE ARTUR ALVIM;Outras posições;0.582;AGOSTINIANO MENDEL COLEGIO;VILA GOMES CARDIM;False;8.5;distante (>5km)
COLEGUIUM - UNIDADE ALIPIO DE MELO;31358428;Belo Horizonte;MG;ALÍPIO DE MELO;Outras posições;0.793;COLEGIO ARNALDO - UNIDADE FUNCIONARIOS;FUNCIONÁRIOS;False;8.65;distante (>5km)
PIONEIRO CENTRO EDUCACIONAL;35107165;São Paulo;SP;VILA CLEMENTINO;Outras posições;0.758;COLEGIO POLIEDRO DE EDUCACAO;AGUA BRANCA;True;8.66;distante (>5km)
COLEGUIUM - UNIDADE OURO PRETO INTEGRAL;31351725;Belo Horizonte;MG;OURO PRETO;Outras posições;0.826;COLEGIO ARNALDO - UNIDADE FUNCIONARIOS;FUNCIONÁRIOS;False;8.69;distante (>5km)
VITAL BRAZIL COLEGIO;35463279;São Paulo;SP;VILA BUTANTA;Outras posições;0.778;COLEGIO POLIEDRO DE EDUCACAO;AGUA BRANCA;True;8.75;distante (>5km)
MIGUEL DE CERVANTES COLEGIO;35120285;São Paulo;SP;VILA PROGREDIOR;Outras posições;0.878;COLEGIO POLIEDRO DE EDUCACAO;AGUA BRANCA;True;8.75;distante (>5km)
CENTRO INTERESCOLAR OBJETIVO UNIDADE LUIS GOES;35130254;São Paulo;SP;MIRANDOPOLIS;Outras posições;0.638;COLEGIO POLIEDRO DE EDUCACAO;AGUA BRANCA;True;8.78;distante (>5km)
NOSSA SENHORA DO ROSARIO COLEGIO;35107190;São Paulo;SP;VILA MARIANA;Outras posições;0.881;SAO JOSE COLEGIO AGOSTINIANO;CHACARA TATUAPE;False;8.83;distante (>5km)
COLEGIO ADVENTISTA PORTAO - EIEFM;41133005;Curitiba;PR;PORTÃO;Outras posições;0.545;COLEGIO PASSIONISTA NOSSA SENHORA MENINA;JUVEVÊ;False;8.84;distante (>5km)
COLEGIO HIPOCRATES ZONA NORTE;24084140;Natal;RN;POTENGI;Outras posições;0.462;COLGIO CONTEMPORANEO;LAGOA NOVA;False;8.88;distante (>5km)
COLEGIO MARISTA DE BRASILIA ENSINO FUNDAMENTAL E ENSINO MEDIO;53001346;Brasília;DF;ASA SUL;Outras posições;0.772;C EDUCACIONAL SIGMA - ASA NORTE;ASA NORTE;False;8.89;distante (>5km)
COLEGIO SANTA MARCELINA;31004031;Belo Horizonte;MG;SÃO LUIZ;Desafiante (2º-5º local);0.944;COLEGIO ARNALDO - UNIDADE FUNCIONARIOS;FUNCIONÁRIOS;False;8.91;distante (>5km)
COLEGIO E CURSO ACESSO;41602919;Curitiba;PR;BOQUEIRAO;Outras posições;0.447;COLEGIO PASSIONISTA NOSSA SENHORA MENINA;JUVEVÊ;False;8.97;distante (>5km)
CURSO E COLEGIO ANALISE - EIRELI - EPP;29422299;Salvador;BA;BONFIM;Outras posições;0.694;CURSO E COLEGIO LEFFLER;CAMINHO DAS ÁRVORES;False;9.01;distante (>5km)
COLEGIO SAO JOSE;29181640;Salvador;BA;BONFIM;Outras posições;0.64;CURSO E COLEGIO LEFFLER;CAMINHO DAS ÁRVORES;False;9.05;distante (>5km)
BRAZILIAN INTERNATIONAL SCHOOL;35161937;São Paulo;SP;INDIANOPOLIS;Outras posições;0.439;COLEGIO POLIEDRO DE EDUCACAO;AGUA BRANCA;True;9.07;distante (>5km)
COL COR JESU;53001290;Brasília;DF;ASA SUL;Outras posições;0.729;C EDUCACIONAL SIGMA - ASA NORTE;ASA NORTE;False;9.07;distante (>5km)
JARDIM SAO PAULO UNIDADE TREMEMBE COLEGIO;35119982;São Paulo;SP;TUCURUVI;Outras posições;0.786;SAO JOSE COLEGIO AGOSTINIANO;CHACARA TATUAPE;False;9.09;distante (>5km)
COLEGIO SALESIANO SAGRADO CORACAO;26121484;Recife;PE;BOA VISTA;Outras posições;0.648;MD EDUCACIONAL- COLEGIO MADRE DE DEUS UNIDADE II;BOA VIAGEM;False;9.14;distante (>5km)
GGE VESTIBULARES;26152630;Recife;PE;MADALENA;Outras posições;0.781;MD EDUCACIONAL- COLEGIO MADRE DE DEUS UNIDADE II;BOA VIAGEM;False;9.2;distante (>5km)
FUTURO ESCOLA DO;35158823;São Paulo;SP;VILA SAO FRANCISCO;Outras posições;0.717;COLEGIO POLIEDRO DE EDUCACAO;AGUA BRANCA;True;9.21;distante (>5km)
COL NOSSA SENHORA DO PERPETUO SOCORRO;53009592;Brasília;DF;SETOR DE HABITAÇÕES INDIVIDUAIS SUL;Outras posições;0.761;C EDUCACIONAL SIGMA - ASA NORTE;ASA NORTE;False;9.24;distante (>5km)
ARCADIA COLEGIO;35153692;São Paulo;SP;VILA DA SAUDE;Outras posições;0.462;SAO JOSE COLEGIO AGOSTINIANO;CHACARA TATUAPE;False;9.4;distante (>5km)
AUGUSTO LARANJA COLEGIO UNIDADE I;35143406;São Paulo;SP;INDIANOPOLIS;Desafiante (2º-5º local);0.912;COLEGIO POLIEDRO DE EDUCACAO;AGUA BRANCA;True;9.46;distante (>5km)
INSTITUTO EDUCACIONAL MANOEL PINHEIRO;31217263;Belo Horizonte;MG;GUARANI;Outras posições;0.628;COLEGIO ARNALDO - UNIDADE FUNCIONARIOS;FUNCIONÁRIOS;False;9.49;distante (>5km)
CENTRO EDUCACIONAL MINEIRO;31006629;Belo Horizonte;MG;SAO SALVADOR;Outras posições;0.628;COLEGIO ARNALDO - UNIDADE FUNCIONARIOS;FUNCIONÁRIOS;False;9.5;distante (>5km)
COLEGIO SALVATORIANO NOSSA SENHORA DE FATIMA;42001773;Florianópolis;SC;ESTREITO;Outras posições;0.468;ESCOLA AUTONOMIA;ITACORUBI;False;9.52;distante (>5km)
CFI-COLEGIO DE FORMACAO INTEGRAL;26180200;Recife;PE;MADALENA;Outras posições;0.642;MD EDUCACIONAL- COLEGIO MADRE DE DEUS UNIDADE II;BOA VIAGEM;False;9.63;distante (>5km)
COLEGIO DE SAO JOSE;26121514;Recife;PE;BOA VISTA;Outras posições;0.511;MD EDUCACIONAL- COLEGIO MADRE DE DEUS UNIDADE II;BOA VIAGEM;False;9.64;distante (>5km)
COL CHROMOS SERRANO;31257397;Belo Horizonte;MG;SÃO SALVADOR;Outras posições;0.647;COLEGIO ARNALDO - UNIDADE FUNCIONARIOS;FUNCIONÁRIOS;False;9.73;distante (>5km)
COLEGIO ADVENTISTA DO RECIFE;26121328;Recife;PE;BOA VISTA;Outras posições;0.528;MD EDUCACIONAL- COLEGIO MADRE DE DEUS UNIDADE II;BOA VIAGEM;False;9.85;distante (>5km)
VERTICE COLEGIO UNIDADE II;35141240;São Paulo;SP;CAMPO BELO;Outras posições;0.86;COLEGIO POLIEDRO DE EDUCACAO;AGUA BRANCA;True;9.92;distante (>5km)
COLEGIO AUXILIADORA;26122359;Recife;PE;DERBY;Outras posições;0.784;MD EDUCACIONAL- COLEGIO MADRE DE DEUS UNIDADE II;BOA VIAGEM;False;9.92;distante (>5km)
COLEGIO VISCONDE DE PORTO SEGURO CAMPUS MORUMBI;35105648;São Paulo;SP;JARDIM LEONOR;Outras posições;0.853;COLEGIO POLIEDRO DE EDUCACAO;AGUA BRANCA;True;9.96;distante (>5km)
GRUPO EDUC DO RECIFE ANGLO LIDER;26152819;Recife;PE;CORDEIRO;Outras posições;0.428;MD EDUCACIONAL- COLEGIO MADRE DE DEUS UNIDADE II;BOA VIAGEM;False;10.03;distante (>5km)
COLEGIO SANTA EMILIA;26181266;Recife;PE;CORDEIRO;Outras posições;0.559;MD EDUCACIONAL- COLEGIO MADRE DE DEUS UNIDADE II;BOA VIAGEM;False;10.03;distante (>5km)
REDE DECISAO UNIDADE SAUDE;35125398;São Paulo;SP;SAUDE;Outras posições;0.454;SAO JOSE COLEGIO AGOSTINIANO;CHACARA TATUAPE;False;10.08;distante (>5km)
COL PRESBITERIANO MACKENZIE - BRASILIA;53009940;Brasília;DF;SETOR DE HABITAÇÕES INDIVIDUAIS SUL;Outras posições;0.815;C EDUCACIONAL SIGMA - ASA NORTE;ASA NORTE;False;10.09;distante (>5km)
COLEGIO INTER ACAO UNIDADE II;31332780;Belo Horizonte;MG;SANTA TEREZINHA;Outras posições;0.431;COLEGIO ARNALDO - UNIDADE FUNCIONARIOS;FUNCIONÁRIOS;False;10.15;distante (>5km)
COLEGIO EQUIPE;26118165;Recife;PE;MADALENA;Desafiante (2º-5º local);0.943;MD EDUCACIONAL- COLEGIO MADRE DE DEUS UNIDADE II;BOA VIAGEM;False;10.21;distante (>5km)
UNICULTURA COLEGIO;35809559;Guarulhos;SP;JARDIM PRESIDENTE DUTRA;Outras posições;0.411;MATER AMABILIS COLEGIO;JARDIM MAIA;False;10.22;distante (>5km)
ESCOLA EDUCAR - ENSINO MEDIO;31365874;Belo Horizonte;MG;SERRANO;Outras posições;0.837;COLEGIO ARNALDO - UNIDADE FUNCIONARIOS;FUNCIONÁRIOS;False;10.24;distante (>5km)
SANTO AMERICO COLEGIO;35105600;São Paulo;SP;JARDIM COLOMBO;Outras posições;0.833;COLEGIO POLIEDRO DE EDUCACAO;AGUA BRANCA;True;10.27;distante (>5km)
COLEGIO ERASTO GAERTNER;41129148;Curitiba;PR;BOQUEIRÃO;Outras posições;0.757;COLEGIO PASSIONISTA NOSSA SENHORA MENINA;JUVEVÊ;False;10.34;distante (>5km)
COLEGIO ELITE CONTEMPORANEO EI EF M;41127480;Curitiba;PR;NOVO MUNDO;Outras posições;0.519;COLEGIO PASSIONISTA NOSSA SENHORA MENINA;JUVEVÊ;False;10.39;distante (>5km)
COLEGIO SANTA RITA DE CASSIA;31004511;Belo Horizonte;MG;BARREIRO;Outras posições;0.798;COLEGIO ARNALDO - UNIDADE FUNCIONARIOS;FUNCIONÁRIOS;False;10.41;distante (>5km)
COLEGIO SENHORA DE FATIMA ED INF ENSINO FUND MEDIO SC LTDA;41133463;Curitiba;PR;XAXIM;Outras posições;0.701;COLEGIO PASSIONISTA NOSSA SENHORA MENINA;JUVEVÊ;False;10.42;distante (>5km)
REDE DECISAO UNIDADE RENOVACAO;35138575;São Paulo;SP;VILA SANTO ESTEFANO;Outras posições;0.494;SAO JOSE COLEGIO AGOSTINIANO;CHACARA TATUAPE;False;10.43;distante (>5km)
SANTA AMALIA COLEGIO;35107402;São Paulo;SP;MIRANDOPOLIS;Outras posições;0.696;SAO JOSE COLEGIO AGOSTINIANO;CHACARA TATUAPE;False;10.46;distante (>5km)
COLEGIO SANTA MARIA MINAS - UNIDADE PAMPULHA;31004952;Belo Horizonte;MG;PLANALTO;Outras posições;0.883;COLEGIO ARNALDO - UNIDADE FUNCIONARIOS;FUNCIONÁRIOS;False;10.49;distante (>5km)
COLEGIO PRESBITERIANO AGNES ERSKINE;26122090;Recife;PE;GRAÇAS;Outras posições;0.813;MD EDUCACIONAL- COLEGIO MADRE DE DEUS UNIDADE II;BOA VIAGEM;False;10.56;distante (>5km)
ADELIA COSTA E SILVA COLEGIO;35151518;São Paulo;SP;JARDIM VIVAN;Outras posições;0.47;COLEGIO POLIEDRO DE EDUCACAO;AGUA BRANCA;True;10.59;distante (>5km)
COLEGIO INTERNACIONAL RADIAL;35130205;São Paulo;SP;MIRANDÓPOLIS;Outras posições;0.461;SAO JOSE COLEGIO AGOSTINIANO;CHACARA TATUAPE;False;10.66;distante (>5km)
COLEGIO ANGLO LEONARDO DA VINCI;35287600;São Paulo;SP;VILA SONIA;Outras posições;0.703;COLEGIO POLIEDRO DE EDUCACAO;AGUA BRANCA;True;10.67;distante (>5km)
BEATISSIMA VIRGEM MARIA INSTITUTO DE EDUCACAO;35105961;São Paulo;SP;SANTO AMARO;Outras posições;0.726;COLEGIO POLIEDRO DE EDUCACAO;AGUA BRANCA;True;10.68;distante (>5km)
STOCKLER COLEGIO;35158483;São Paulo;SP;BROOKLIN PAULISTA;Outras posições;0.787;COLEGIO POLIEDRO DE EDUCACAO;AGUA BRANCA;True;10.68;distante (>5km)
COLEGUIUM - UNIDADE SANTA AMELIA;31322873;Belo Horizonte;MG;SANTA BRANCA;Outras posições;0.774;COLEGIO ARNALDO - UNIDADE FUNCIONARIOS;FUNCIONÁRIOS;False;10.7;distante (>5km)
COLEGIO MARISTA SAO LUIS;26122162;Recife;PE;GRACAS;Outras posições;0.857;MD EDUCACIONAL- COLEGIO MADRE DE DEUS UNIDADE II;BOA VIAGEM;False;10.95;distante (>5km)
ARGUMENTO COLEGIO;35144952;São Paulo;SP;VILA ROBERTINA;Outras posições;0.793;AGOSTINIANO MENDEL COLEGIO;VILA GOMES CARDIM;False;11.0;distante (>5km)
COLEGIO SOCIAL MADRE CLELIA;41128370;Curitiba;PR;CAPÃO RASO;Outras posições;0.492;COLEGIO PASSIONISTA NOSSA SENHORA MENINA;JUVEVÊ;False;11.02;distante (>5km)
COLEGIO POSITIVO INTERNATIONAL SCHOOL - EDUCACAO INFANTIL ENSINO FUNDAMENTAL E MEDIO;41152484;Curitiba;PR;CAMPO COMPRIDO;Outras posições;0.756;COLEGIO DO BOSQUE MANANCIAIS;AHÚ;False;11.03;distante (>5km)
COLEGIO FRANCISCANO PIOXII;35105314;São Paulo;SP;FAZENDA MORUMBI;Outras posições;0.894;COLEGIO POLIEDRO DE EDUCACAO;AGUA BRANCA;True;11.07;distante (>5km)
PRIGULE COLEGIO;35118977;São Paulo;SP;VILA NOVA PARADA;Outras posições;0.575;COLEGIO POLIEDRO DE EDUCACAO;AGUA BRANCA;True;11.07;distante (>5km)
COLEGIO EXIMIUS;26197405;Recife;PE;SANTANA;Outras posições;0.9;MD EDUCACIONAL- COLEGIO MADRE DE DEUS UNIDADE II;BOA VIAGEM;False;11.17;distante (>5km)
COL CHROMOS BARREIRO;31369977;Belo Horizonte;MG;BARREIRO;Outras posições;0.744;COLEGIO ARNALDO - UNIDADE FUNCIONARIOS;FUNCIONÁRIOS;False;11.17;distante (>5km)
COLEGIO DAS DAMAS DA INSTRUCAO CRISTA;26122081;Recife;PE;GRACAS;Desafiante (2º-5º local);0.93;MD EDUCACIONAL- COLEGIO MADRE DE DEUS UNIDADE II;BOA VIAGEM;False;11.19;distante (>5km)
ESCOLA DA VILA VILA DAS JUVENTUDES;35142736;São Paulo;SP;BUTANTA;Outras posições;0.783;COLEGIO POLIEDRO DE EDUCACAO;AGUA BRANCA;True;11.25;distante (>5km)
COLEGIO COGNITIVO;26189569;Recife;PE;IMBIRIBEIRA;Líder local;0.945;MD EDUCACIONAL- COLEGIO MADRE DE DEUS UNIDADE II;BOA VIAGEM;False;11.37;distante (>5km)
COLEGIO NUCLEO;26137631;Recife;PE;GRAÇAS;Outras posições;0.903;MD EDUCACIONAL- COLEGIO MADRE DE DEUS UNIDADE II;BOA VIAGEM;False;11.45;distante (>5km)
COLEGIO SAO PAULO DA CRUZ;31005789;Belo Horizonte;MG;BARREIRO;Outras posições;0.884;COLEGIO ARNALDO - UNIDADE FUNCIONARIOS;FUNCIONÁRIOS;False;11.51;distante (>5km)
CENTRO EDUCACIONAL PROJECAO GUARA II;53015991;Brasília;DF;GUARÁ II;Outras posições;0.422;C EDUCACIONAL SIGMA - ASA NORTE;ASA NORTE;False;11.6;distante (>5km)
ALBERT SABIN COLEGIO;35124199;São Paulo;SP;PARQUE DOS PRINCIPES;Outras posições;0.858;COLEGIO POLIEDRO DE EDUCACAO;AGUA BRANCA;True;11.63;distante (>5km)
COLISEU COLEGIO;35152900;Guarulhos;SP;PARQUE SAO MIGUEL;Outras posições;0.43;MATER AMABILIS COLEGIO;JARDIM MAIA;False;11.7;distante (>5km)
SISTEMA PIAGET DE ENSINO;31007587;Belo Horizonte;MG;SANTA MÔNICA;Outras posições;0.703;COLEGIO ARNALDO - UNIDADE FUNCIONARIOS;FUNCIONÁRIOS;False;11.72;distante (>5km)
COLEGIO PONTUAL CENTRO EDUCACIONAL LTDA;26162016;Recife;PE;VÁRZEA;Outras posições;0.729;MD EDUCACIONAL- COLEGIO MADRE DE DEUS UNIDADE II;BOA VIAGEM;False;11.75;distante (>5km)
ASSOCIACAO CRESCER SEMPRE;35374957;São Paulo;SP;PARAISOPOLIS;Outras posições;0.596;COLEGIO POLIEDRO DE EDUCACAO;AGUA BRANCA;True;11.76;distante (>5km)
SIC - ESCOLA PROFISSIONALIZANTE SANTO AGOSTINHO;31324663;Belo Horizonte;MG;BRASIL INDUSTRIAL BARREIRO;Outras posições;0.791;COLEGIO ARNALDO - UNIDADE FUNCIONARIOS;FUNCIONÁRIOS;False;11.87;distante (>5km)
OBJETIVO CENTRO INTERESCOLAR UNIDADE PAZ;35132214;São Paulo;SP;SANTO AMARO;Outras posições;0.724;COLEGIO POLIEDRO DE EDUCACAO;AGUA BRANCA;True;11.88;distante (>5km)
COLEGIO GGE;26190451;Recife;PE;PARNAMIRIM;Outras posições;0.801;MD EDUCACIONAL- COLEGIO MADRE DE DEUS UNIDADE II;BOA VIAGEM;False;12.11;distante (>5km)
COLEGIO MOTIVO - CASA FORTE;26125668;Recife;PE;CASA FORTE;Outras posições;0.58;MD EDUCACIONAL- COLEGIO MADRE DE DEUS UNIDADE II;BOA VIAGEM;False;12.15;distante (>5km)
ESCOLA BILINGUE PUERI DOMUS UNIDADE I VERBO DIVINO;35107542;São Paulo;SP;CHACARA SANTO ANTONIO ZONA SUL;Outras posições;0.736;COLEGIO POLIEDRO DE EDUCACAO;AGUA BRANCA;True;12.27;distante (>5km)
COLEGIO FAZER CRESCER - ENSINO MEDIO;26181231;Recife;PE;ROSARINHO;Outras posições;0.774;MD EDUCACIONAL- COLEGIO MADRE DE DEUS UNIDADE II;BOA VIAGEM;False;12.33;distante (>5km)
ANGLO MORUMBI COLEGIO;35153989;São Paulo;SP;SUPER QUADRA MORUMBI;Outras posições;0.66;COLEGIO POLIEDRO DE EDUCACAO;AGUA BRANCA;True;12.37;distante (>5km)
COLEGIO DE SANTA CATARINA;26122154;Recife;PE;TAMARINEIRA;Outras posições;0.752;MD EDUCACIONAL- COLEGIO MADRE DE DEUS UNIDADE II;BOA VIAGEM;False;12.39;distante (>5km)
WALDORF RUDOLF STEINER ESCOLA;35107736;São Paulo;SP;JARDIM PETROPOLIS;Outras posições;0.531;COLEGIO POLIEDRO DE EDUCACAO;AGUA BRANCA;True;12.4;distante (>5km)
COLEGIO SANTA MARIA MAZZARELLO;26120968;Recife;PE;VARZEA;Outras posições;0.424;MD EDUCACIONAL- COLEGIO MADRE DE DEUS UNIDADE II;BOA VIAGEM;False;12.44;distante (>5km)
COL OBJETIVO DF - UNIDADE V;53017870;Brasília;DF;GUARA II;Outras posições;0.516;C EDUCACIONAL SIGMA - ASA NORTE;ASA NORTE;False;12.52;distante (>5km)
COLEGIO ANGLO LIDER;26180863;Recife;PE;TAMARINEIRA;Outras posições;0.483;MD EDUCACIONAL- COLEGIO MADRE DE DEUS UNIDADE II;BOA VIAGEM;False;12.55;distante (>5km)
COL ROGACIONISTA;53008545;Brasília;DF;GUARA II;Outras posições;0.408;C EDUCACIONAL SIGMA - ASA NORTE;ASA NORTE;False;12.55;distante (>5km)
COLEGIO PRESBITERIANO DE ATIBAIA;35006275;Atibaia;SP;PORTAO;Outras posições;0.422;SAO JOSE EXTERNATO;JARDIM BRASIL;False;12.66;distante (>5km)
CRUZEIRO DO SUL COLEGIO UNIDADE II;35130758;São Paulo;SP;VILA JACUI;Outras posições;0.498;AGOSTINIANO MENDEL COLEGIO;VILA GOMES CARDIM;False;12.76;distante (>5km)
COLEGIO VISCONDE DE PORTO SEGURO CAMPUS PANAMBY;35162243;São Paulo;SP;JARDIM MORUMBI;Desafiante (2º-5º local);0.901;COLEGIO POLIEDRO DE EDUCACAO;AGUA BRANCA;True;12.9;distante (>5km)
CETEC COLEGIO;35136463;São Paulo;SP;CIDADE VARGAS;Outras posições;0.474;SAO JOSE COLEGIO AGOSTINIANO;CHACARA TATUAPE;False;13.06;distante (>5km)
NOSSA SENHORA DAS GRACAS ESCOLA;35107116;São Paulo;SP;CIDADE VARGAS;Outras posições;0.511;SAO JOSE COLEGIO AGOSTINIANO;CHACARA TATUAPE;False;13.1;distante (>5km)
COL CHROMOS VENDA NOVA;31246468;Belo Horizonte;MG;CANDELÁRIA;Outras posições;0.633;COLEGIO ARNALDO - UNIDADE FUNCIONARIOS;FUNCIONÁRIOS;False;13.12;distante (>5km)
DOMINUS VIVENDI COLEGIO EIFM;35141264;São Paulo;SP;VILA MASCOTE;Outras posições;0.73;COLEGIO POLIEDRO DE EDUCACAO;AGUA BRANCA;True;13.28;distante (>5km)
PENTAGONO COLEGIO UNIDADE MORUMBI;35137133;São Paulo;SP;VILA ANDRADE;Outras posições;0.765;COLEGIO POLIEDRO DE EDUCACAO;AGUA BRANCA;True;13.31;distante (>5km)
SUICO BRASILEIRA SAO PAULO ESCOLA;35107773;São Paulo;SP;JARDIM DOS ESTADOS;Outras posições;0.72;COLEGIO POLIEDRO DE EDUCACAO;AGUA BRANCA;True;13.35;distante (>5km)
FRIBURGO COLEGIO;35105569;São Paulo;SP;SANTO AMARO;Outras posições;0.477;COLEGIO POLIEDRO DE EDUCACAO;AGUA BRANCA;True;13.38;distante (>5km)
COLEGIO VISCONDE DE PORTO SEGURO CAMPUS VILA ANDRADE;35456196;São Paulo;SP;VILA ANDRADE;Outras posições;0.62;COLEGIO POLIEDRO DE EDUCACAO;AGUA BRANCA;True;13.56;distante (>5km)
EMILIE DE VILLENEUVE COLEGIO;35107049;São Paulo;SP;VILA SANTA CATARINA;Outras posições;0.75;COLEGIO POLIEDRO DE EDUCACAO;AGUA BRANCA;True;13.57;distante (>5km)
COLEGIO FRANCISCANO CORACAO DE MARIA;31007498;Belo Horizonte;MG;SAO JOAO BATISTA;Outras posições;0.779;COLEGIO ARNALDO - UNIDADE FUNCIONARIOS;FUNCIONÁRIOS;False;13.64;distante (>5km)
COLEGIO MARIZIA MAIOR;29459230;Salvador;BA;STELLA MARIS;Outras posições;0.739;COLEGIO OFICINA;PITUBA;False;13.67;distante (>5km)
INSTITUTO SOCIAL PINDORAMA;29199603;Salvador;BA;PERIPERI;Outras posições;0.599;CURSO E COLEGIO LEFFLER;CAMINHO DAS ÁRVORES;False;13.69;distante (>5km)
COLEGIO PARALELO;35141689;São Paulo;SP;SANTO AMARO;Outras posições;0.456;COLEGIO POLIEDRO DE EDUCACAO;AGUA BRANCA;True;13.72;distante (>5km)
COLEGIO ENERGIA ATIVA - EDUCACAO INFANTIL ENSINO FUNDAMENTAL E MEDIO;41377508;Curitiba;PR;SÍTIO CERCADO;Outras posições;0.47;COLEGIO PASSIONISTA NOSSA SENHORA MENINA;JUVEVÊ;False;13.82;distante (>5km)
COLEGIO ANGLO ALANTE CHACARA SANTO ANTONIO;35107475;São Paulo;SP;SANTO AMARO;Outras posições;0.572;COLEGIO POLIEDRO DE EDUCACAO;AGUA BRANCA;True;13.85;distante (>5km)
COLEGIO MARQUES DE MONTE ALEGRE;35139580;São Paulo;SP;VILA SANTA CATARINA;Outras posições;0.408;COLEGIO POLIEDRO DE EDUCACAO;AGUA BRANCA;True;13.99;distante (>5km)
COLEGIO SANTA VIRGINIA;35135550;São Paulo;SP;ITAQUERA;Outras posições;0.742;AGOSTINIANO MENDEL COLEGIO;VILA GOMES CARDIM;False;14.11;distante (>5km)
COLEGIO GIUSTO ZONZINI;35143595;São Paulo;SP;JARDIM ARPOADOR;Outras posições;0.635;COLEGIO POLIEDRO DE EDUCACAO;AGUA BRANCA;True;14.29;distante (>5km)
COL LA SALLE;53007190;Brasília;DF;NÚCLEO BANDEIRANTE;Outras posições;0.666;C EDUCACIONAL SIGMA - ASA NORTE;ASA NORTE;False;14.33;distante (>5km)
ESCOLA GENESIS DE STELLA MARIS;29448808;Salvador;BA;STELLA MARIS;Outras posições;0.433;COLEGIO OFICINA;PITUBA;False;14.41;distante (>5km)
SPINOSA COLEGIO UNIDADE II;35140348;São Paulo;SP;VILA SAO PAULO;Outras posições;0.533;COLEGIO POLIEDRO DE EDUCACAO;AGUA BRANCA;True;14.52;distante (>5km)
COL BARAO DO RIO BRANCO;53032012;Brasília;DF;REGIAO DOS LAGOS;Outras posições;0.7;C EDUCACIONAL SIGMA - ASA NORTE;ASA NORTE;False;14.58;distante (>5km)
SOCIEDADE EDUCACIONAL NOVO EDEN LTDA;41486846;Curitiba;PR;SÍTIO CERCADO;Outras posições;0.517;COLEGIO PASSIONISTA NOSSA SENHORA MENINA;JUVEVÊ;False;14.59;distante (>5km)
COL LA SALLE AGUAS CLARAS;53007050;Brasília;DF;NORTE (AGUAS CLARAS);Outras posições;0.803;C EDUCACIONAL SIGMA - ASA NORTE;ASA NORTE;False;14.67;distante (>5km)
REDE DECISAO UNIDADE JARDIM PRUDENCIA;35139221;São Paulo;SP;JARDIM ALZIRA;Outras posições;0.446;COLEGIO POLIEDRO DE EDUCACAO;AGUA BRANCA;True;14.79;distante (>5km)
COLEGIO LINCE LTDA;29422353;Salvador;BA;JARDIM DAS MARGARIDAS;Outras posições;0.596;CURSO E COLEGIO LEFFLER;CAMINHO DAS ÁRVORES;False;14.86;distante (>5km)
MAGNO COLEGIO;35140338;São Paulo;SP;PARQUE RESIDENCIAL JULIA;Outras posições;0.821;COLEGIO POLIEDRO DE EDUCACAO;AGUA BRANCA;True;14.86;distante (>5km)
SANTA MARIA COLEGIO;35107517;São Paulo;SP;JARDIM TAQUARAL;Outras posições;0.762;COLEGIO POLIEDRO DE EDUCACAO;AGUA BRANCA;True;15.06;distante (>5km)
COL LA SALLE - SOBRADINHO;53005503;Brasília;DF;SOBRADINHO;Outras posições;0.602;C DE ENS MEDIO DELTA;VILA BURITIS - SETOR RESIDENCIAL LESTE;False;15.14;distante (>5km)
COLEGIO OLIMPO AGUAS CLARAS;53015789;Brasília;DF;SUL AGUAS CLARAS;Outras posições;0.874;C EDUCACIONAL SIGMA - ASA NORTE;ASA NORTE;False;15.14;distante (>5km)
C EDUCACIONAL PROJECAO SOBRADINHO;53010973;Brasília;DF;SOBRADINHO;Outras posições;0.461;C DE ENS MEDIO DELTA;VILA BURITIS - SETOR RESIDENCIAL LESTE;False;15.24;distante (>5km)
SAO LUIZ DE GONZAGA III COLEGIO;35153825;São Paulo;SP;JARDIM CASABLANCA;Outras posições;0.43;COLEGIO POLIEDRO DE EDUCACAO;AGUA BRANCA;True;15.58;distante (>5km)
COLEGIO MAGISTER;35107803;São Paulo;SP;JARDIM TAQUARAL;Outras posições;0.732;COLEGIO POLIEDRO DE EDUCACAO;AGUA BRANCA;True;15.61;distante (>5km)
INSTITUTO EDUCACIONAL SANTO ELIAS;53005899;Brasília;DF;SOBRADINHO;Outras posições;0.773;C DE ENS MEDIO DELTA;VILA BURITIS - SETOR RESIDENCIAL LESTE;False;15.61;distante (>5km)
INST SAO JOSE;53005910;Brasília;DF;SOBRADINHO;Outras posições;0.74;C EDUCACIONAL SIGMA - ASA NORTE;ASA NORTE;False;15.78;distante (>5km)
ESC ATUAL;53014405;Brasília;DF;AGUAS CLARAS;Outras posições;0.539;C EDUCACIONAL SIGMA - ASA NORTE;ASA NORTE;False;15.83;distante (>5km)
CONCORDIA COLEGIO;35136359;São Paulo;SP;JARDIM PARIS;Outras posições;0.467;COLEGIO POLIEDRO DE EDUCACAO;AGUA BRANCA;True;15.9;distante (>5km)
COLEGIO VILA OLIMPIA;42103894;Florianópolis;SC;JURERE;Outras posições;0.732;ESCOLA AUTONOMIA;ITACORUBI;False;16.04;distante (>5km)
ALICERCE COLEGIO;35144721;São Paulo;SP;VILA ROMANO;Outras posições;0.515;COLEGIO POLIEDRO DE EDUCACAO;AGUA BRANCA;True;16.16;distante (>5km)
COL IDEAL UNIDADE JARDIM BOTANICO;53018273;Brasília;DF;SETOR HABITACIONAL JARDIM BOTÂNICO;Outras posições;0.701;C EDUCACIONAL SIGMA - ASA NORTE;ASA NORTE;False;16.2;distante (>5km)
COL LICEU;53015894;Brasília;DF;SETOR HABITACIONAL VICENTE PIRES;Outras posições;0.515;C EDUCACIONAL SIGMA - ASA NORTE;ASA NORTE;False;16.29;distante (>5km)
CENTRO DE ENSINO SANTA RITA DE CASSIA;53005457;Brasília;DF;SOBRADINHO;Outras posições;0.725;C EDUCACIONAL SIGMA - ASA NORTE;ASA NORTE;False;16.39;distante (>5km)
COL OBJETIVO DF - UNIDADE II;53017749;Brasília;DF;NORTE;Outras posições;0.43;C EDUCACIONAL SIGMA - ASA NORTE;ASA NORTE;False;16.76;distante (>5km)
EMBRAER JUAREZ WANDERLEY COLEGIO;35805555;São José dos Campos;SP;EUGENIO DE MELLO;Líder local;0.939;POLIEDRO COLEGIO;JARDIM ESPLANADA;True;17.0;distante (>5km)
COL IDEAL UNIDADE V;53017030;Brasília;DF;SUL (AGUAS CLARAS);Outras posições;0.501;C EDUCACIONAL SIGMA - ASA NORTE;ASA NORTE;False;17.6;distante (>5km)
COLEGIO IDEAL - UNIDADE III;53014111;Brasília;DF;TAGUATINGA NORTE;Outras posições;0.535;C EDUCACIONAL SIGMA - ASA NORTE;ASA NORTE;False;17.93;distante (>5km)
COLEGIO VICTORINO EIRELI;35808210;São Paulo;SP;ITAIM PAULISTA;Outras posições;0.524;AGOSTINIANO MENDEL COLEGIO;VILA GOMES CARDIM;False;18.03;distante (>5km)
HUMBOLDT COLEGIO;35107487;São Paulo;SP;JARDIM IPANEMA (ZONA SUL);Outras posições;0.658;COLEGIO POLIEDRO DE EDUCACAO;AGUA BRANCA;True;18.17;distante (>5km)
C EDUCACIONAL LEONARDO DA VINCI - UNIDADE TAGUATINGA;53013670;Brasília;DF;AREAL (AGUAS CLARAS);Outras posições;0.87;C EDUCACIONAL SIGMA - ASA NORTE;ASA NORTE;False;18.3;distante (>5km)
COLEGIO CAMINHOS E COLINAS;35005941;São Paulo;SP;JARDIM ITAPURA;Outras posições;0.577;COLEGIO POLIEDRO DE EDUCACAO;AGUA BRANCA;True;18.33;distante (>5km)
UNICO EDUCACIONAL TAGUATINGA;53017293;Brasília;DF;TAGUATINGA;Outras posições;0.759;C EDUCACIONAL SIGMA - ASA NORTE;ASA NORTE;False;18.51;distante (>5km)
COLEGIO CATOLICA BRASILIA;53003640;Brasília;DF;AREAL (AGUAS CLARAS);Outras posições;0.547;C EDUCACIONAL SIGMA - ASA NORTE;ASA NORTE;False;18.53;distante (>5km)
COL MARISTA CHAMPAGNAT;53003659;Brasília;DF;TAGUATINGA SUL;Outras posições;0.728;C EDUCACIONAL SIGMA - ASA NORTE;ASA NORTE;False;18.73;distante (>5km)
PERSPECTIVA ESCOLA;35125726;São Paulo;SP;VILA FAZZEONI;Outras posições;0.734;COLEGIO POLIEDRO DE EDUCACAO;AGUA BRANCA;True;18.97;distante (>5km)
UNASP SAO PAULO ADVENTISTA COLEGIO;35107682;São Paulo;SP;CAPAO REDONDO;Outras posições;0.403;COLEGIO POLIEDRO DE EDUCACAO;AGUA BRANCA;True;19.01;distante (>5km)
SERVICO SOCIAL DO COMERCIO EDUSESC MEC;53004949;Brasília;DF;TAG NORTE;Outras posições;0.401;C EDUCACIONAL SIGMA - ASA NORTE;ASA NORTE;False;19.09;distante (>5km)
C EDUCACIONAL PROJECAO TAGUATINGA NORTE;53003721;Brasília;DF;TAGUATINGA;Outras posições;0.481;C EDUCACIONAL SIGMA - ASA NORTE;ASA NORTE;False;19.35;distante (>5km)
CENTRO EDUCACIONAL UNIVERSO;42142539;Florianópolis;SC;INGLESES DO RIO VERMELHO;Outras posições;0.572;ESCOLA AUTONOMIA;ITACORUBI;False;19.42;distante (>5km)
EXATO COLEGIO;35135057;São Paulo;SP;INTERLAGOS;Outras posições;0.497;COLEGIO POLIEDRO DE EDUCACAO;AGUA BRANCA;True;19.71;distante (>5km)
COLEGIO SANTA TEREZINHA;42129303;Florianópolis;SC;INGLESES DO RIO VERMELHO;Outras posições;0.48;ESCOLA AUTONOMIA;ITACORUBI;False;19.82;distante (>5km)
SALGUEIRO COLEGIO;35143157;São Paulo;SP;INTERLAGOS;Outras posições;0.571;COLEGIO POLIEDRO DE EDUCACAO;AGUA BRANCA;True;19.87;distante (>5km)
A EINSTEIN COLEGIO;35107906;São Paulo;SP;CIDADE DUTRA;Outras posições;0.443;COLEGIO POLIEDRO DE EDUCACAO;AGUA BRANCA;True;20.17;distante (>5km)
PINHEIRO ESCOLA;35139129;São Paulo;SP;INTERLAGOS;Outras posições;0.553;COLEGIO POLIEDRO DE EDUCACAO;AGUA BRANCA;True;20.61;distante (>5km)
C EDUCACIONAL CCI SENIOR;53014707;Brasília;DF;SAMAMBAIA NORTE (SAMAMBAIA);Outras posições;0.528;C EDUCACIONAL SIGMA - ASA NORTE;ASA NORTE;False;24.49;distante (>5km)
ESC DE EDUC BASICA E PROFISSIONAL FUNDACAO BRADESCO;53008189;Brasília;DF;CEILANDIA SUL;Outras posições;0.406;C EDUCACIONAL SIGMA - ASA NORTE;ASA NORTE;False;24.89;distante (>5km)
CENTRO EDUCACIONAL IESB;53018656;Brasília;DF;CEILANDIA NORTE;Outras posições;0.431;C EDUCACIONAL SIGMA - ASA NORTE;ASA NORTE;False;25.15;distante (>5km)
COL ADVENTISTA DO GAMA;53003080;Brasília;DF;GAMA;Outras posições;0.516;C EDUCACIONAL SIGMA - ASA NORTE;ASA NORTE;False;33.85;distante (>5km)
