codigo_escola;NO_ENTIDADE;codigo_municipio;enem_media_geral;qtd_participantes_enem;QT_MAT_MED;indice_infra;score_destaque;produto_alvo
22025740;INSTITUTO DOM BARRETO CENTRO;2211001;750.2618245614035;190.0;729.0;5.0;0.9662;Poliedro
53020570;COL PODION ENS FUND E MEDIO;5300108;743.7908333333334;184.0;517.0;5.0;0.9654;Poliedro
31004651;COLEGIO SANTO AGOSTINHO;3106200;721.6742675159236;314.0;1070.0;5.0;0.9613;Poliedro
22022481;ANBEAS - COLEGIO SAGRADO CORACAO DE JESUS;2211001;715.8326907630523;83.0;374.0;5.0;0.9592;Poliedro
33063729;COLEGIO SANTO INACIO;3304557;702.6909822866344;207.0;664.0;5.0;0.9522;Poliedro
31006394;COLEGIO MARISTA DOM SILVERIO;3106200;702.5437037037036;99.0;458.0;5.0;0.9519;Poliedro
25097539;COLEGIO E CURSO EVOLUCAO;2507507;701.570786516854;89.0;249.0;5.0;0.9512;Poliedro
23246871;ARI DE SA CAVALCANTE - MARIO MAMEDE;2304400;801.290625;32.0;106.0;5.0;0.9486;Poliedro
33057109;COLEGIO LA SALLE ABEL;3303302;697.3395061728395;162.0;463.0;5.0;0.9485;Poliedro
24057134;COLEGIO MARISTA DE NATAL;2408102;697.0012865497076;171.0;564.0;5.0;0.9481;Poliedro
31004812;COLEGIO SANTO ANTONIO;3106200;751.41197740113;177.0;655.0;5.0;0.947;Poliedro
27220885;COLEGIO CONTATO MACEIO;2704302;695.4914649681529;157.0;496.0;5.0;0.9466;Poliedro
23245573;MASTER COLEGIO;2304400;748.7124324324325;37.0;132.0;5.0;0.9465;Poliedro
26189569;COLEGIO COGNITIVO;2611606;736.5988571428571;70.0;305.0;5.0;0.9452;Poliedro
26534711;COLEGIO COGNITIVO;2611606;736.4080303030303;132.0;433.0;5.0;0.9451;Poliedro
31004031;COLEGIO SANTA MARCELINA;3106200;729.8276470588235;68.0;266.0;5.0;0.9438;Poliedro
33062633;COL DE SAO BENTO;3304557;728.5694117647059;68.0;207.0;5.0;0.9435;Poliedro
26118165;COLEGIO EQUIPE;2611606;727.4376271186441;59.0;234.0;5.0;0.943;Poliedro
33063656;ASSOCIACAO DO COLEGIO NOSSA SENHORA DE SION;3304557;692.3626666666667;15.0;51.0;5.0;0.943;Poliedro
23272430;ARI DE SA CAVALCANTE - ALDEOTA;2304400;727.3330325814536;133.0;658.0;5.0;0.9427;Poliedro
33104220;RECANTO INF IMACULADA CONCEICAO;3304557;689.8397777777778;90.0;311.0;5.0;0.9409;Poliedro
33100713;COL SAINT JOHN;3304557;689.3208333333333;24.0;82.0;5.0;0.9404;Poliedro
33065403;COLEGIO SANTO AGOSTINHO;3304557;715.884;125.0;436.0;5.0;0.9398;Poliedro
35805555;EMBRAER JUAREZ WANDERLEY COLEGIO;3549904;715.7219607843138;153.0;475.0;5.0;0.9393;Poliedro
32041152;ESCOLA SAO DOMINGOS;3205309;712.7585585585585;74.0;256.0;5.0;0.9377;Poliedro
15168344;COLEGIO EQUIPE CRISTAL;1501402;686.5726315789474;57.0;203.0;5.0;0.9367;Poliedro
31333921;COLEGIO SANTO AGOSTINHO UNIDADE NOVA LIMA;3144805;710.295303030303;88.0;351.0;5.0;0.9365;Poliedro
33135371;COLEGIO CRUZEIRO - JACAREPAGUA;3304557;706.7892473118279;93.0;309.0;5.0;0.9349;Poliedro
24057169;FACEX;2408102;684.2877777777777;48.0;170.0;5.0;0.9339;Poliedro
33062609;COLEGIO CRUZEIRO-CENTRO;3304557;703.9823717948718;104.0;333.0;5.0;0.9338;Poliedro
43139108;UNIDADE DE ENSINO COLEGIO SINODAL - SAO LEOPOLDO;4318705;715.5817142857143;70.0;271.0;5.0;0.9338;Poliedro
31006238;COLEGIO LOYOLA;3106200;703.6927619047619;140.0;619.0;5.0;0.9334;Poliedro
33078866;ASSOCIACAO EDUCACIONAL GARRIGA DE MENEZES;3304557;703.2114285714285;21.0;58.0;5.0;0.9331;Poliedro
31193097;COLEGIO SAO FRANCISCO XAVIER - CARIRU;3131307;702.7575438596491;114.0;355.0;5.0;0.9328;Poliedro
33057206;INSTITUTO GAYLUSSAC - ENS FUNDAMENTAL E MEDIO;3303302;713.3588000000001;100.0;300.0;5.0;0.9328;Poliedro
31205265;INST PRESBITERIANO GAMMON;3138203;698.7708196721311;61.0;197.0;5.0;0.9304;Poliedro
15103080;GRUPO FUTURO EDUCACIONAL MARABA;1504208;708.6123076923076;13.0;92.0;5.0;0.9303;Poliedro
31014061;COLEGIO SANTO AGOSTINHO-UNIDADE CONTAGEM;3118601;697.7963636363636;77.0;252.0;5.0;0.9298;Poliedro
26122081;COLEGIO DAS DAMAS DA INSTRUCAO CRISTA;2611606;680.7715525114155;146.0;501.0;5.0;0.9296;Poliedro
32040032;CE LEONARDO DA VINCI;3205309;695.9213333333333;50.0;219.0;5.0;0.9274;Poliedro
32040040;COLEGIO PRIMEIRO MUNDO;3205309;702.2151724137931;29.0;95.0;5.0;0.9268;Poliedro
31193216;ESCOLA EDUCACAO CRIATIVA;3131307;695.433933933934;111.0;339.0;5.0;0.9267;Poliedro
15167275;COLEGIO EQUIPE LTDA;1501402;753.5191452991453;39.0;41.0;4.0;0.9262;Poliedro
23071036;ARI DE SA CAVALCANTE - WASHINGTON SOARES;2304400;694.94688172043;93.0;310.0;5.0;0.9261;Poliedro
31387860;COLEGIO MAGNUM AGOSTINIANO;3106200;694.66;11.0;63.0;5.0;0.9258;Poliedro
15181081;COLEGIO INTEGRADO IN;1501402;747.4823076923077;26.0;26.0;4.0;0.9254;Poliedro
29480620;CENTRO EDUCACIONAL VILLA LOBOS;2905701;694.376923076923;13.0;83.0;5.0;0.9253;Poliedro
31006157;COLEGIO LOGOSOFICO GONZALEZ PECOTCHE;3106200;693.8408888888889;45.0;150.0;5.0;0.925;Poliedro
33160830;COLEGIO MARISTA SAO JOSE BARRA;3304557;677.7646153846154;39.0;161.0;5.0;0.9249;Poliedro
43173330;COL JOAO PAULO I - UNIDADE SUL;4314902;697.0964705882352;34.0;163.0;5.0;0.9234;Poliedro
23067071;COLEGIO CHRISTUS BARAO DE STUDART;2304400;692.3433663366336;101.0;283.0;5.0;0.9232;Poliedro
35115712;RAUL BAUAB DOUTOR FUNDACAO EDUCACIONAL COLEGIO;3525300;696.8872222222221;36.0;115.0;5.0;0.9228;Poliedro
35399197;OBJETIVO COLEGIO INTEGRADO;3550308;763.9009523809524;42.0;160.0;5.0;0.9228;Poliedro
33063419;COL FRANCO BRASILEIRO;3304557;689.4951351351352;111.0;357.0;5.0;0.9212;Poliedro
52103137;COLEGIO ARENA;5208707;695.3573529411765;340.0;1403.0;5.0;0.921;Poliedro
31004871;COLEGIO ARNALDO - UNIDADE FUNCIONARIOS;3106200;688.990625;32.0;80.0;5.0;0.9205;Poliedro
35142967;COLEGIO ENGENHEIRO SALVADOR ARENA;3548708;688.7268421052632;190.0;620.0;5.0;0.9204;Poliedro
25306936;ESCOLA INTERNACIONAL CIDADE VIVA;2507507;694.507741935484;31.0;139.0;5.0;0.9201;Poliedro
35286187;ETAPA COLEGIO;3556206;734.5669230769231;130.0;416.0;5.0;0.9198;Poliedro
31354562;COLEGIO GABARITO;3170107;733.8154838709677;31.0;283.0;5.0;0.9197;Poliedro
24057126;COLEGIO SALESIANO SAO JOSE;2408102;674.26;59.0;212.0;5.0;0.9194;Poliedro
33064369;ESCOLA ORT;3304557;688.1082608695652;46.0;189.0;5.0;0.9194;Poliedro
23498994;COLEGIO CHRISTUS UNIDADE PARQUELANDIA;2304400;687.9032432432432;37.0;139.0;5.0;0.9191;Poliedro
33077029;COL BAHIENSE LTDA;3304557;693.0666666666666;39.0;94.0;5.0;0.9187;Poliedro
25093061;COLEGIO NOSSA SENHORA DE LOURDES;2507507;673.9504;25.0;116.0;5.0;0.9186;Poliedro
33176825;COLEGIO SANTO AGOSTINHO - UNIDADE INSTITUTO CULTURAL SANTO AGOSTINHO;3304557;713.0410055865922;179.0;599.0;5.0;0.9186;Poliedro
33055866;COLEGIO MARILIA MATTOSO;3303302;728.492;10.0;80.0;5.0;0.9184;Poliedro
43104975;CENTRO DE ENSINO MEDIO FARROUPILHA - UNIDADE DE ENSINO COLEGIO FARROUPILHA;4314902;692.887231638418;177.0;625.0;5.0;0.9183;Poliedro
22146636;BRIGHT SCHOOL;2211001;711.664;10.0;87.0;5.0;0.918;Poliedro
33042578;COLEGIO SAO PAULO;3305802;673.3249275362318;69.0;250.0;5.0;0.9179;Poliedro
33075425;COL PENTAGONO;3304557;691.6850000000001;68.0;232.0;5.0;0.9171;Poliedro
31309711;ESCOLA SEB UNIMASTER;3106200;685.5546153846154;26.0;69.0;5.0;0.9154;Poliedro
31074373;COLEGIO SANTA CATARINA;3136702;685.2659595959595;132.0;436.0;5.0;0.9151;Poliedro
31041181;ESCOLA TECNICA DE DIVINOPOLIS-INTEGRAL;3122306;684.0209677419356;62.0;214.0;5.0;0.9142;Poliedro
31005037;COLEGIO BATISTA MINEIRO;3106200;683.6955414012739;157.0;567.0;5.0;0.9138;Poliedro
31004359;COLEGIO ESPANHOL SANTA MARIA MINAS - UNIDADE CIDADE NOVA;3106200;683.5095495495495;74.0;265.0;5.0;0.9137;Poliedro
24281301;COLEGIO SALESIANO DOM BOSCO;2403251;670.1100262467191;127.0;452.0;5.0;0.9133;Poliedro
31369772;COLEGIO OLIMPO BH;3106200;683.428;10.0;38.0;5.0;0.9132;Poliedro
31007196;COLEGIO SANTA DOROTEIA;3106200;669.9092888888889;150.0;532.0;5.0;0.9128;Poliedro
35103524;DANTE ALIGHIERI COLEGIO;3550308;686.9325276461295;211.0;863.0;5.0;0.9123;Poliedro
52020517;COLEGIO GALILEU;5201108;710.7981609195402;58.0;211.0;5.0;0.9122;Poliedro
35143406;AUGUSTO LARANJA COLEGIO UNIDADE I;3550308;686.9142857142857;21.0;109.0;5.0;0.9121;Poliedro
31339989;INSTITUTO EDUCACIONAL MARGARIDA REZENDE;3118304;700.5133333333334;15.0;54.0;5.0;0.9119;Poliedro
50032895;COLEGIO UNIGRAN - UNIDADE II;5003702;708.71;16.0;16.0;5.0;0.9109;Poliedro
43119930;COLEGIO MAUA;4316808;686.2;94.0;386.0;5.0;0.9108;Poliedro
23077557;COLEGIO 7 DE SETEMBRO;2304400;705.613156342183;113.0;406.0;5.0;0.9096;Poliedro
33066698;COLEGIO MARISTA SAO JOSE;3304557;668.4067741935484;62.0;176.0;5.0;0.9096;Poliedro
24069191;CENTRO DE EDUCACAO INTEGRADA S A - ROMUALDO;2408102;698.3012949640288;139.0;436.0;4.0;0.9091;Poliedro
24084263;COLEGIO MARIE JOST;2408102;698.0346666666667;15.0;57.0;4.0;0.9089;Poliedro
29422272;CENTRO EDUCACIONAL VILLA LOBOS;2927408;696.9911538461539;52.0;195.0;5.0;0.9089;Poliedro
35136025;COLEGIO VISCONDE DE PORTO SEGURO CAMPUS VALINHOS;3556206;679.5299382716049;108.0;473.0;5.0;0.9086;Poliedro
31005975;INSTITUTO CORACAO DE JESUS;3106200;678.9444444444445;27.0;84.0;5.0;0.9081;Poliedro
41148142;COLEGIO DO BOSQUE MANANCIAIS;4106902;703.096;20.0;80.0;5.0;0.908;Poliedro
23246847;FARIAS BRITO COLEGIO DE APLICACAO;2304400;793.3013333333333;30.0;116.0;4.0;0.9079;Poliedro
23246880;CHRISTUS COLEGIO PRE UNIVERSITARIO;2304400;779.3317647058823;34.0;127.0;4.0;0.9077;Poliedro
23235543;ARI DE SA CAVALCANTE - MAJOR FACUNDO;2304400;765.7316129032258;31.0;106.0;4.0;0.9074;Poliedro
35449003;FAAP RIBEIRAO PRETO COLEGIO;3543402;701.7197027600849;157.0;484.0;5.0;0.9069;Poliedro
26156202;MD EDUCACIONAL- COLEGIO MADRE DE DEUS UNIDADE II;2611606;681.981037037037;135.0;450.0;5.0;0.9065;Poliedro
23272333;FARIAS BRITO COLEGIO PRE-VESTIBULAR CENTRAL;2304400;750.8066666666666;33.0;210.0;4.0;0.9063;Poliedro
21010331;COLEGIO DOM BOSCO LTDA;2111300;666.5224836601308;51.0;216.0;5.0;0.905;Poliedro
28032322;CENTRO DE EXCELENCIA MASTER;2800308;697.7100694444445;192.0;691.0;5.0;0.9047;Poliedro
31329282;COLEGIO BATISTA MINEIRO - UNIDADE BURITIS II;3106200;677.0185714285714;42.0;211.0;5.0;0.9041;Poliedro
23069864;ARI DE SA CAVALCANTE - DUQUE DE CAXIAS;2304400;676.8806629834254;181.0;416.0;5.0;0.904;Poliedro
29485541;COLEGIO BERNOULLI;2927408;731.7037475345168;169.0;564.0;4.0;0.9036;Poliedro
26137631;COLEGIO NUCLEO;2611606;728.8309803921569;153.0;496.0;4.0;0.9031;Poliedro
29365023;COLEGIO OFICINA;2927408;696.4232258064516;62.0;186.0;5.0;0.9029;Poliedro
53056000;COL OLIMPO;5300108;727.3460805860806;91.0;342.0;4.0;0.9023;Poliedro
25073214;COLEGIO NOSSA SENHORA DE LOURDES;2504009;675.8135333333333;100.0;324.0;5.0;0.9017;Poliedro
35165347;MOBILE COLEGIO;3550308;723.9795192307691;208.0;714.0;4.0;0.9017;Poliedro
23076208;PROVECTO COLEGIO;2304400;722.0957142857143;14.0;48.0;4.0;0.9015;Poliedro
35162243;COLEGIO VISCONDE DE PORTO SEGURO CAMPUS PANAMBY;3550308;675.2493939393939;88.0;367.0;5.0;0.9012;Poliedro
24089214;CENTRO DE EDUCACAO INTEGRADA S A - ROBERTO FREIRE;2408102;690.6954285714286;70.0;168.0;4.0;0.9011;Poliedro
43216471;UNIDADE DE ENSINO COLEGIO SINODAL PRADO GRAVATAI;4309209;677.8218181818182;11.0;64.0;5.0;0.9003;Poliedro
26197405;COLEGIO EXIMIUS;2611606;688.2833333333334;42.0;141.0;5.0;0.9001;Poliedro
22022406;COLEGIO LEROTE LTDA;2211001;717.0234146341463;41.0;235.0;4.0;0.8998;Poliedro
43175317;SOCIEDADE EDUCACIONAL MARIO QUINTANA LTDA;4314407;677.7008108108108;74.0;213.0;5.0;0.8998;Poliedro
31205231;COL N SRA DE LOURDES;3138203;693.4513043478261;69.0;252.0;5.0;0.8997;Poliedro
33066671;COLEGIO MARIA RAYTHE - ASSOCIACAO FRANCISCANA NOSSA SENHORA DO AMPARO;3304557;673.8057142857143;42.0;146.0;5.0;0.8989;Poliedro
35103548;SAO LUIS COLEGIO EIFM;3550308;673.6206472491909;103.0;366.0;5.0;0.8985;Poliedro
52096785;COLEGIO OLIMPO GOIANIA;5208707;712.3107103825137;61.0;215.0;4.0;0.897;Poliedro
35173186;LICEU JARDIM;3547809;717.7644827586207;174.0;596.0;5.0;0.8964;Poliedro
32074964;COLEGIO SALESIANO JARDIM CAMBURI;3205309;689.4235087719298;57.0;225.0;5.0;0.8961;Poliedro
31184331;COLEGIO SAGRADO CORACAO DE MARIA;3169901;689.2266666666666;24.0;89.0;5.0;0.8958;Poliedro
31004138;COLEGIO ARNALDO - UNIDADE ANCHIETA;3106200;671.7014285714286;14.0;44.0;5.0;0.8957;Poliedro
23462442;COLEGIO CHRISTUS UNIDADE SUL;2304400;670.7715555555556;45.0;241.0;5.0;0.8946;Poliedro
33188092;COLEGIO ALFA CEM BILINGUE;3304557;715.3464;25.0;136.0;5.0;0.8946;Poliedro
31004731;COLEGIO MAGNUM AGOSTINIANO;3106200;707.41625;160.0;470.0;4.0;0.8945;Poliedro
31013935;COLEGIO BATISTA MINEIRO - UNIDADE BETIM;3106705;670.5811111111111;18.0;83.0;5.0;0.8944;Poliedro
28017943;COLEGIO AMADEUS LTDA;2800308;674.2116104868915;89.0;253.0;5.0;0.8943;Poliedro
35105314;COLEGIO FRANCISCANO PIOXII;3550308;670.4731666666667;80.0;308.0;5.0;0.8942;Poliedro
31007111;COLEGIO SAGRADO CORACAO DE JESUS;3106200;670.2414814814815;54.0;206.0;5.0;0.8939;Poliedro
35112562;NOTRE DAME DE CAMPINAS COLEGIO;3509502;687.3875;120.0;472.0;5.0;0.8935;Poliedro
43107419;COLEGIO MAE DE DEUS;4314902;673.7624444444444;30.0;133.0;5.0;0.8933;Poliedro
31371742;COLEGIO M2 - VESPASIANO;3171204;661.5290909090909;11.0;27.0;5.0;0.8932;Poliedro
33064040;ESCOLA ISRAELITA BRASILEIRA ELIEZER STEINBARG MAX NORDAU;3304557;687.1416666666668;24.0;58.0;5.0;0.8932;Poliedro
22144919;COLEGIO GREAT;2211001;703.8186666666666;15.0;63.0;4.0;0.8931;Poliedro
35114832;PEQUENO PRINCIPE COLEGIO;3543402;669.7211594202898;69.0;311.0;5.0;0.8928;Poliedro
33063648;COLEGIO SAO VICENTE DE PAULO;3304557;681.3947540983606;61.0;225.0;5.0;0.8918;Poliedro
31294110;COLEGIO BURITIS AGOSTINIANO;3106200;669.0050666666667;25.0;90.0;5.0;0.8917;Poliedro
43108164;COL MARISTA NOSSA SENHORA DO ROSARIO;4314902;672.3916875871688;239.0;843.0;5.0;0.8916;Poliedro
32041411;CENTRO DE ENSINO CHARLES DARWIN;3205309;685.6892340425532;235.0;655.0;5.0;0.891;Poliedro
23275936;COLEGIO SHALOM;2304400;660.6063157894737;19.0;80.0;5.0;0.8907;Poliedro
33142726;COL ISRAELITA BRAS A LIESSIN SCHOLEM ALEICHEM;3304557;668.5491999999999;50.0;162.0;5.0;0.8907;Poliedro
35112513;PROGRESSO CAMPINEIRO COLEGIO;3509502;685.6673333333333;30.0;126.0;5.0;0.8907;Poliedro
29200091;SARTRE ESCOLA SEB - ITAIGARA;2927408;684.7899079754601;326.0;1096.0;5.0;0.8899;Poliedro
31004880;COLEGIO MARISTA PADRE EUSTAQUIO;3106200;668.3004210526316;95.0;354.0;5.0;0.8899;Poliedro
29530210;SARTRE ESCOLA SEB - MONET;2919207;684.7009248554913;173.0;680.0;5.0;0.8895;Poliedro
32040075;COLEGIO SAGRADO CORACAO DE MARIA;3205309;703.2246153846154;26.0;141.0;5.0;0.8889;Poliedro
31041262;COLEGIO ROBERTO CARNEIRO;3122306;667.7692682926829;82.0;293.0;5.0;0.8888;Poliedro
33104247;INSTITUTO NOSSA SENHORA DA PIEDADE II;3304557;667.6236363636364;44.0;265.0;5.0;0.8885;Poliedro
22014543;COLEGIO NOSSA SENHORA DAS GRACAS;2207702;667.5824;50.0;201.0;5.0;0.8883;Poliedro
52033848;COLEGIO SANTO AGOSTINHO;5208707;682.8528947368421;76.0;276.0;5.0;0.8876;Poliedro
22023658;EDUCANDARIO SANTA MARIA GORETTI;2211001;659.1961904761905;21.0;109.0;5.0;0.8875;Poliedro
43215050;COLEGIO BERTONI MED;4314902;682.5307692307692;13.0;14.0;5.0;0.8875;Poliedro
43107494;CENTRO DE ENSINO MEDIO PASTOR DOHMS-UNIDADE DE ENSINO HIGIENOPOLIS;4314902;669.5675757575757;66.0;252.0;5.0;0.8873;Poliedro
33116903;CENTRO EDUCACIONAL DA LAGOA;3304557;666.6654545454545;33.0;170.0;5.0;0.8858;Poliedro
29447518;COLEGIO MARISTA DE PATAMARES;2927408;658.5875268817205;93.0;392.0;5.0;0.8856;Poliedro
22142363;COLEGIO PROPOSITO;2211001;721.8133333333334;15.0;293.0;3.0;0.8852;Poliedro
53020006;C EDUCACIONAL SIGMA - ASA NORTE;5300108;680.6918181818181;88.0;330.0;5.0;0.8849;Poliedro
31291986;CENTRO EDUCACIONAL DIVINOPOLIS-ANGLO;3122306;666.2406666666667;50.0;51.0;5.0;0.8848;Poliedro
35113852;LUIZ DE QUEIROZ COLEGIO;3538709;680.6035842293907;93.0;376.0;5.0;0.8848;Poliedro
52034054;COLEGIO PROGRESSIVO;5208707;677.0464978902953;79.0;263.0;5.0;0.8848;Poliedro
31005789;COLEGIO SAO PAULO DA CRUZ;3106200;665.9266666666667;18.0;88.0;5.0;0.8837;Poliedro
35135288;COLEGIO ANGLO LEONARDO DA VINCI;3534401;679.0827586206897;29.0;140.0;5.0;0.8835;Poliedro
31004952;COLEGIO SANTA MARIA MINAS - UNIDADE PAMPULHA;3106200;665.6899999999999;90.0;297.0;5.0;0.8834;Poliedro
22027173;COLEGIO PROCAMPUS;2211001;728.4292307692308;13.0;103.0;4.0;0.8832;Poliedro
28017781;COLEGIO ARQUIDIOCESANO S CORACAO DE JESUS;2800308;678.9244102564103;65.0;239.0;5.0;0.883;Poliedro
32036671;ESCOLA MULTIPLA;3205002;678.7405263157895;38.0;168.0;5.0;0.8827;Poliedro
33064768;COLEGIO SAGRADO CORACAO DE MARIA;3304557;657.7271428571429;28.0;75.0;5.0;0.8824;Poliedro
33087539;ESCOLA SUICO-BRASILEIRA RIO DE JANEIRO BY SWISS INTERNATIONAL SCHOOLS;3304557;665.25;20.0;88.0;5.0;0.8824;Poliedro
33184739;COLEGIO ALFA CEM BILINGUE;3304557;759.3114285714286;14.0;180.0;4.0;0.882;Poliedro
32038178;CENTRO DE ENSINO CHARLES DARWIN;3205200;695.2004964539007;94.0;330.0;5.0;0.8819;Poliedro
33165920;COLEGIO E CURSO PENSI;3303302;758.8586206896553;29.0;277.0;4.0;0.8818;Poliedro
33021740;ABMSA COL NS DAS MERCES;3303401;678.1966666666667;24.0;103.0;5.0;0.8816;Poliedro
31320536;SISTEMA APOIO DE ENSINO;3170107;690.3314285714285;42.0;149.0;4.0;0.8814;Poliedro
35107190;NOSSA SENHORA DO ROSARIO COLEGIO;3550308;678.1587878787878;66.0;295.0;5.0;0.8814;Poliedro
22142622;GRUPO EDUCACIONAL CEV - UNIDADE KENNEDY;2211001;664.868064516129;62.0;283.0;5.0;0.8813;Poliedro
33065837;ESCOLA PARQUE;3304557;690.2979746835443;79.0;307.0;4.0;0.8813;Poliedro
33025673;PENSI CASULO RIO DAS OSTRAS;3304524;657.0870042194093;79.0;222.0;5.0;0.8806;Poliedro
50030590;COLEGIO LUMIERE ENSINO FUNDAMENTAL;5003702;717.234;20.0;54.0;4.0;0.8805;Poliedro
29182344;COLEGIO INTEGRAL;2927408;675.2497959183673;98.0;344.0;4.0;0.8804;Poliedro
31053953;COLEGIO ESCOLAPIO IBITURUNA;3127701;664.4781220657278;142.0;385.0;5.0;0.8802;Poliedro
23236051;MASTER COLEGIO;2304400;664.3947899159664;119.0;362.0;5.0;0.8801;Poliedro
53001320;COL MADRE CARMEN SALLES;5300108;677.5903703703704;54.0;160.0;5.0;0.8801;Poliedro
26194236;COLEGIO SABER VIVER - UNIDADE III;2611606;694.746923076923;26.0;147.0;4.0;0.88;Poliedro
53015347;C EDUCACIONAL SIGMA AGUAS CLARAS;5300108;677.5172151898735;79.0;238.0;5.0;0.88;Poliedro
35109708;CARMO COLEGIO;3548500;666.3104402515722;53.0;166.0;5.0;0.8796;Poliedro
35103718;RIO BRANCO UNIDADE HIGIENOPOLIS COLEGIO;3550308;664.1056038647343;69.0;265.0;5.0;0.8791;Poliedro
35120285;MIGUEL DE CERVANTES COLEGIO;3550308;676.775707762557;73.0;395.0;5.0;0.8784;Poliedro
31193038;COLEGIO CATOLICA PADRE DE MAN;3119401;676.6861458333333;64.0;193.0;5.0;0.8782;Poliedro
21009902;CENTRO EDUCACIONAL MONTESSORIANO REINO INFANTIL;2111300;687.4187692307693;65.0;226.0;4.0;0.8781;Poliedro
31105899;COLEGIO COMERCIAL ITABIRANO;3131703;676.6232558139535;43.0;165.0;5.0;0.8781;Poliedro
13099981;CENTRO EDUCACIONAL LATO SENSU III;1302603;686.99;38.0;172.0;4.0;0.8773;Poliedro
23274859;ANTARES ATS COLEGIO;2304400;663.0553846153846;13.0;67.0;5.0;0.8773;Poliedro
35290804;ESCOLA SEB UNIDADE ALVARES CABRAL;3543402;725.4759420289855;69.0;212.0;4.0;0.877;Poliedro
33110034;CENTRO EDUCACIONAL ESPACO INTEGRADO;3304557;655.3824761904762;35.0;127.0;5.0;0.8767;Poliedro
53001222;C EDUCACIONAL SIGMA;5300108;675.3353333333333;90.0;368.0;5.0;0.8766;Poliedro
12028835;COLEGIO LATO SENSU;1200401;672.3068421052632;38.0;144.0;4.0;0.8758;Poliedro
43172440;COLEGIO LEONARDO DA VINCI- BETA;4314902;664.4967857142857;56.0;170.0;5.0;0.875;Poliedro
33085846;ESC BRETANHA JD INFANCIA TIO CARECA;3304557;716.1613793103448;29.0;133.0;4.0;0.8746;Poliedro
28018109;CURSO COLEGIO MODULO LTDA;2800308;664.3465909090909;88.0;315.0;5.0;0.8745;Poliedro
53015789;COLEGIO OLIMPO AGUAS CLARAS;5300108;716.0402666666666;75.0;329.0;4.0;0.8745;Poliedro
28017757;COESI COLEGIO DE ORIENTACAO E ESTUDOS INTEGRADOS E ESCOLINHA DO RE MI EIRELI - EPP;2800308;664.1664516129032;62.0;229.0;5.0;0.8739;Poliedro
42012023;ESCOLA NORMAL E GINASIO MADRE TERESA MICHEL;4204608;664.0661333333333;50.0;198.0;5.0;0.8735;Poliedro
29487250;COLEGIO SAO PAULO;2927408;673.1548917748918;77.0;361.0;5.0;0.8731;Poliedro
29422248;COLEGIO ANGLO BRASILEIRO;2927408;673.0512820512821;39.0;115.0;5.0;0.8728;Poliedro
31007153;ESCOLA SEB UNIDADE SERRA;3106200;661.0757575757576;11.0;38.0;5.0;0.8727;Poliedro
31018864;CENTRO DE EDUCACAO ANGHER;3105608;661.0516666666666;12.0;58.0;5.0;0.8726;Poliedro
35134806;ETAPA COLEGIO DE EFM;3550308;712.9624032921811;405.0;1275.0;4.0;0.8724;Poliedro
52033210;COLEGIO AGOSTINIANO NS DE FATIMA;5208707;687.0796610169491;118.0;516.0;4.0;0.8721;Poliedro
52086615;COLEGIO JAO LTDA;5208707;660.721090909091;55.0;218.0;5.0;0.8716;Poliedro
31166103;COLEGIO SAO DOMINGOS;3104007;671.9457142857143;28.0;159.0;5.0;0.8714;Poliedro
29714630;CENTRO EDUCACIONAL MUNDAI;2925303;680.9058333333334;24.0;90.0;4.0;0.8699;Poliedro
52034046;COLEGIO PREVEST;5208707;670.8133064516129;124.0;490.0;5.0;0.8698;Poliedro
53013670;C EDUCACIONAL LEONARDO DA VINCI - UNIDADE TAGUATINGA;5300108;683.7619366852887;179.0;547.0;5.0;0.8696;Poliedro
25093088;COLEGIO MARISTA PIO X;2507507;653.4760526315789;76.0;346.0;5.0;0.8695;Poliedro
35133115;COLEGIO PARTHENON BOM CLIMA;3518800;683.0055384615384;65.0;197.0;5.0;0.8685;Poliedro
31004111;COLEGIO SAO JOSE DE ENSINO FUNDAMENTAL E MEDIO;3106200;659.145;20.0;70.0;5.0;0.8676;Poliedro
43104983;COLEGIO ISRAELITA BRASILEIRO;4314902;661.2070731707317;41.0;175.0;5.0;0.8675;Poliedro
51036215;COLEGIO NOTRE DAME DE LOURDES;5103403;669.5498305084747;59.0;343.0;5.0;0.8675;Poliedro
41352866;BOM JESUS DIVINA PROVIDENCIA COL EDUC INF ENS FUND E MEDIO;4106902;669.1423188405797;69.0;246.0;5.0;0.8674;Poliedro
35114820;MARISTA COLEGIO DE RIBEIRAO PRETO;3543402;681.7958823529412;68.0;209.0;5.0;0.8672;Poliedro
23243350;FARIAS BRITO JOVEM SEIS BOCAS COLEGIO;2304400;659.0377011494253;87.0;325.0;5.0;0.8671;Poliedro
35100432;JARDIM SAO PAULO COLEGIO;3550308;668.9298245614035;133.0;510.0;5.0;0.8666;Poliedro
35583224;COLEGIO COC;3548708;701.9771428571429;14.0;14.0;4.0;0.8665;Poliedro
31293687;COLEGIO MARISTA - VARGINHA;3170701;678.2270531400966;69.0;210.0;4.0;0.8661;Poliedro
51036169;COLEGIO IBERO AMERICANO;5103403;701.0;17.0;79.0;4.0;0.866;Poliedro
24350303;CENTRO DE EDUCACAO INTEGRADA MAIS LTDA;2408102;667.0768582375479;87.0;268.0;4.0;0.8658;Poliedro
53012860;COL GALOIS;5300108;700.4555115511552;101.0;358.0;4.0;0.8657;Poliedro
17056446;COLEGIO OLIMPO PALMAS INTEGRAL;1721000;699.0537634408603;62.0;309.0;4.0;0.8651;Poliedro
25133861;COLEGIO GGE;2507507;681.137536231884;46.0;151.0;4.0;0.865;Poliedro
52068986;COLEGIO WR;5208707;717.7649751243781;201.0;823.0;3.0;0.8646;Poliedro
33021660;COLEGIO ANCHIETA;3303401;667.95125;72.0;241.0;5.0;0.8644;Poliedro
52033708;COLEGIO MARISTA GOIANIA EI EF EM;5208707;658.1341935483871;31.0;165.0;5.0;0.8644;Poliedro
33063311;COL ANDREWS;3304557;677.4103703703704;45.0;214.0;4.0;0.8641;Poliedro
35121307;COLEGIO ANGLO CIDADE DE SAO CARLOS - UNIDADE I;3548906;667.7554838709677;31.0;138.0;5.0;0.8637;Poliedro
33173931;ESCOLA CAROLINA PATRICIO - UNIDADE GOLFE OLIMPICO;3304557;657.9297872340426;47.0;121.0;5.0;0.8636;Poliedro
43238203;COLEGIO JOAO PAULO;4314902;680.4651282051282;39.0;131.0;4.0;0.8634;Poliedro
32038224;COLEGIO MARISTA NOSSA SENHORA DA PENHA;3205200;657.7277333333333;50.0;226.0;5.0;0.863;Poliedro
41127242;COLEGIO MARISTA ANJO DA GUARDA EI EF EM;4106902;676.7877124183007;51.0;236.0;4.0;0.8629;Poliedro
53009428;COL COC LAGO NORTE;5300108;667.4441666666667;12.0;47.0;5.0;0.8629;Poliedro
26117584;COLEGIO APOIO;2611606;679.5319999999999;40.0;107.0;4.0;0.8628;Poliedro
35114960;COLEGIO SANTA URSULA DE RIBEIRAO PRETO;3543402;667.2603389830508;59.0;257.0;5.0;0.8626;Poliedro
31354910;CENTRO EDUCACIONAL CAVE;3136702;690.7852100840337;119.0;326.0;4.0;0.8623;Poliedro
31334049;COLEGIO CAETANO;3167202;676.3439999999999;15.0;65.0;4.0;0.8621;Poliedro
43105017;COL NOSSA SENHORA DO BOM CONSELHO;4314902;658.6786666666667;45.0;163.0;5.0;0.8611;Poliedro
32083882;ESCOLA MADAN;3205309;711.2780769230769;52.0;184.0;3.0;0.861;Poliedro
24097004;COLEGIO CIENCIAS APLICADAS;2408102;724.4170909090909;55.0;141.0;3.0;0.8607;Poliedro
31128058;INSTITUTO EDUCACIONAL SAO JOAO DA ESCOCIA;3151800;657.0000865800866;77.0;298.0;5.0;0.8606;Poliedro
26187353;COLEGIO NUCLEO - BOA VIAGEM;2611606;710.4405555555555;72.0;266.0;3.0;0.8605;Poliedro
35143613;CENTRO EDUCACIONAL INTERATIVO CATANDUVA;3511102;656.6426666666666;15.0;115.0;5.0;0.86;Poliedro
13025872;CENTRO EDUCACIONAL LATO SENSU;1302603;674.6186363636364;88.0;315.0;4.0;0.8599;Poliedro
35104985;BANDEIRANTES COLEGIO EFM;3550308;709.110641025641;364.0;1330.0;3.0;0.8599;Poliedro
35103421;LICEU DE ARTES E OFICIOS DE SAO PAULO;3550308;693.8913939393939;110.0;348.0;4.0;0.8597;Poliedro
35131660;BRASILIA DE SAO PAULO COLEGIO;3550308;658.375625;96.0;289.0;5.0;0.8597;Poliedro
35141240;VERTICE COLEGIO UNIDADE II;3550308;732.3576344086022;62.0;267.0;4.0;0.8595;Poliedro
35480617;EMBRAER COLEGIO CASIMIRO MONTENEGRO FILHO;3507506;674.4296202531646;79.0;241.0;4.0;0.8594;Poliedro
52091384;COLEGIO DEGRAUS;5208707;674.0981818181818;22.0;122.0;4.0;0.859;Poliedro
41133153;COLEGIO MARISTA SANTA MARIA EI EF EM;4106902;656.2701806239738;203.0;711.0;5.0;0.8589;Poliedro
23065591;FARIAS BRITO COLEGIO CENTRAL;2304400;656.1814545454546;220.0;499.0;5.0;0.8587;Poliedro
25133519;COLEGIO MOTIVA LTDA - MOTIVA CENTRO;2504009;693.1370562770562;154.0;526.0;4.0;0.8587;Poliedro
35124199;ALBERT SABIN COLEGIO;3550308;692.7382456140351;171.0;610.0;4.0;0.8581;Poliedro
41151844;SANTO ANGELO E - EI EF;4119905;663.2397530864197;27.0;128.0;5.0;0.8581;Poliedro
29342880;COLEGIO HELYOS;2910800;715.7744444444445;36.0;113.0;3.0;0.8578;Poliedro
33183830;ESCOLA ELEVA;3304557;673.098125;32.0;187.0;4.0;0.8574;Poliedro
26122162;COLEGIO MARISTA SAO LUIS;2611606;663.7133954451346;161.0;535.0;4.0;0.8573;Poliedro
25153820;CARL ROGERS - CENTRO DE EDUCACAO;2507507;672.90875;16.0;45.0;4.0;0.857;Poliedro
12031682;ESC COLEGIO SIGMA;1200401;676.6075999999999;50.0;120.0;4.0;0.8569;Poliedro
42016142;COLEGIO BOM JESUS SANTO ANTONIO;4202404;665.0074380165289;121.0;456.0;5.0;0.8569;Poliedro
15567672;COLEGIO CEI;1501402;657.4752941176471;34.0;103.0;5.0;0.8568;Poliedro
35144502;ANGLO CEZANNE COLEGIO;3501608;650.4125925925925;27.0;106.0;5.0;0.8563;Poliedro
41071859;COLEGIO MARISTA DE CASCAVEL EI EF EM;4104808;657.2027027027027;37.0;211.0;5.0;0.8562;Poliedro
35480745;BEACON SCHOOL;3550308;657.092;10.0;136.0;5.0;0.8559;Poliedro
31328294;COLEGIO UNIVERSITARIO PROFESSOR CANISIO IGNACIO LUNKES;3138203;664.5039215686274;51.0;146.0;5.0;0.8556;Poliedro
22022503;COLEGIO SAO FRANCISCO DE SALES;2211001;662.5;67.0;220.0;4.0;0.8552;Poliedro
35172959;DIVINO SALVADOR COLEGIO ITU;3523909;655.1454838709678;62.0;220.0;5.0;0.8552;Poliedro
33115460;COL BAHIENSE - CAMPO GRANDE;3304557;664.3372549019607;51.0;140.0;5.0;0.8548;Poliedro
31166332;COLEGIO MARISTA DIOCESANO;3170107;655.0084552845528;41.0;131.0;5.0;0.8547;Poliedro
15038491;COL STA CATARINA DE SENA;1501402;662.3746067415731;89.0;374.0;4.0;0.8546;Poliedro
41130987;MARTINUS CENTRO - COL EDUC INF ENS FUND ENS MEDIO E PROF;4106902;664.2088;25.0;75.0;5.0;0.8545;Poliedro
26175240;EVOLUCAO CENTRO EDUCACIONAL LTDA;2607901;656.5963157894737;38.0;154.0;5.0;0.8544;Poliedro
33092346;COLEGIO SANTA MARIA;3305109;649.3356756756757;37.0;143.0;5.0;0.8543;Poliedro
53001087;C EDUCACIONAL LEONARDO DA VINCI;5300108;688.4783647798743;159.0;472.0;4.0;0.8542;Poliedro
35006599;COLEGIO CHAMINADE;3506003;663.8420000000001;30.0;122.0;5.0;0.8538;Poliedro
53001095;C EDUCACIONAL LEONARDO DA VINCI - UNID NORTE;5300108;688.0769306930694;202.0;690.0;4.0;0.8538;Poliedro
31006513;COLEGIO NOSSA SENHORA DA PIEDADE;3106200;661.2614285714286;28.0;84.0;5.0;0.8536;Poliedro
33148376;ESCOLA PARQUE - BARRA;3304557;670.4391208791209;91.0;317.0;4.0;0.8535;Poliedro
23267151;NOVA DIMENSAO COLEGIO;2304400;649.0346666666667;45.0;150.0;5.0;0.8534;Poliedro
25071106;COLEGIO IMACULADA CONCEICAO;2504009;654.6871559633026;109.0;339.0;5.0;0.8534;Poliedro
22025715;COLEGIO PROPOSITO;2211001;697.483076923077;26.0;28.0;3.0;0.8532;Poliedro
31005622;COLEGIO NOSSA SENHORA DAS DORES - UNIDADE POMPEIA;3106200;654.6316129032259;31.0;92.0;5.0;0.8531;Poliedro
31074101;COLEGIO ACADEMIA;3136702;648.8964646464647;66.0;351.0;5.0;0.8531;Poliedro
31317101;COLEGIO APOGEU DE ENSINO FUNDAMENTAL E ENSINO MEDIO;3136702;710.0752631578947;38.0;154.0;2.0;0.8531;Poliedro
35105648;COLEGIO VISCONDE DE PORTO SEGURO CAMPUS MORUMBI;3550308;654.5272988505748;116.0;627.0;5.0;0.8526;Poliedro
24088846;COLEGIO PORTO;2408102;704.8577551020408;98.0;332.0;3.0;0.8524;Poliedro
23491035;COLEGIO CHRISTUS DIONISIO TORRES;2304400;654.4182882882883;74.0;299.0;5.0;0.8523;Poliedro
31128031;COLEGIO SETE DE SETEMBRO;3151800;672.2513178294574;86.0;284.0;5.0;0.8522;Poliedro
35154295;JEAN PIAGET UNIDADE II EEPG;3548500;686.8668229166667;128.0;373.0;4.0;0.8519;Poliedro
23077042;ANTARES ATS COLEGIO;2304400;653.9826086956522;46.0;144.0;5.0;0.8517;Poliedro
33163863;GARRA VESTIBULARES ASS EDUCACIONAL LTDA - UNID 2;3306305;686.4022857142858;35.0;126.0;4.0;0.8514;Poliedro
26163039;COLEGIO GGE;2611606;702.6117482517482;143.0;500.0;3.0;0.8508;Poliedro
28017803;COLEGIO DE CIENCIAS PURA E APLICADA;2800308;662.4105;120.0;355.0;5.0;0.8508;Poliedro
43104924;COLEGIO ANCHIETA;4314902;648.2012972085387;203.0;703.0;5.0;0.85;Poliedro
35107177;ARQUIDIOCESANO DE SAO PAULO COLEGIO MARISTA;3550308;662.0011221122112;202.0;687.0;5.0;0.8499;Poliedro
33064393;INSTITUTO NOSSA SENHORA DA PIEDADE;3304557;668.4634782608696;23.0;80.0;4.0;0.8497;Poliedro
41033310;COLEGIO UNIVERSITARIO;4113700;648.1809282700422;158.0;444.0;5.0;0.8497;Poliedro
21273456;MAPLE BEAR SAO LUIS;2111300;705.2384615384616;13.0;76.0;4.0;0.8495;Poliedro
35111466;SANTA MARCELINA COLEGIO;3507506;653.3533333333334;24.0;86.0;5.0;0.8495;Poliedro
29489504;COLEGIO UNIVERSITARIO;2931350;660.08875;16.0;45.0;4.0;0.8489;Poliedro
31074098;COLEGIO DOS JESUITAS;3136702;668.0677625570776;146.0;429.0;4.0;0.8489;Poliedro
33155259;ISJB - COLEGIO SALESIANO REGIAO OCEANICA;3303302;654.8534693877551;49.0;151.0;5.0;0.8487;Poliedro
52089550;COLEGIO VISAO;5208707;669.8071515151515;55.0;119.0;5.0;0.8486;Poliedro
35139497;PENTAGONO COLEGIO UNIDADE CAIUBI;3550308;679.046431372549;85.0;222.0;4.0;0.8483;Poliedro
52101363;COPE - COLEGIO PREPARAENEM;5208707;693.3356882255389;201.0;682.0;3.0;0.8482;Poliedro
29486963;COLEGIO ANCHIETA;2927408;660.9685714285714;147.0;466.0;5.0;0.8475;Poliedro
31180611;COLEGIO DOS SANTOS ANJOS;3170701;653.035294117647;34.0;181.0;5.0;0.8475;Poliedro
43105670;COLEGIO SINODAL DO SALVADOR;4314902;654.5282608695652;46.0;185.0;5.0;0.8474;Poliedro
26124220;COLEGIO SANTA MARIA;2611606;647.6229268292683;82.0;328.0;5.0;0.8472;Poliedro
35101734;SAO MIGUEL ARCANJO COLEGIO FRANCISCANO;3550308;667.3951612903226;62.0;192.0;4.0;0.8472;Poliedro
22144714;SAO JOSE LESTE;2211001;773.8318181818181;22.0;675.0;3.0;0.8469;Poliedro
33065314;COL NOTRE DAME - IPANEMA;3304557;647.5716279069768;43.0;187.0;5.0;0.8469;Poliedro
33179999;LME 542 EMPREENDIMENTOS EDUCACIONAIS SS LTDA;3303302;692.2862222222222;45.0;169.0;3.0;0.8468;Poliedro
31239666;COLEGIO NACIONAL DO ENSINO MEDIO DE ARAGUARI;3103504;660.6258064516129;31.0;107.0;5.0;0.8463;Poliedro
23066814;COLEGIO SANTA CECILIA;2304400;647.4436714975845;138.0;584.0;5.0;0.8461;Poliedro
31170607;INSTITUTO TERESA VALSE;3170206;653.9503921568627;34.0;155.0;5.0;0.8461;Poliedro
29182409;COLEGIO MODULO;2927408;666.8008823529411;68.0;259.0;4.0;0.8457;Poliedro
33105154;CENTRO EDUCACIONAL DA LAGOA;3304557;677.77375;16.0;57.0;4.0;0.8456;Poliedro
41150392;COLEGIO PASSO CERTO GROWING BILINGUE - EDUCACAO INFANTIL ENSINO FUNDAMENTAL E MEDIO;4104808;681.0891666666666;16.0;84.0;4.0;0.8453;Poliedro
24001260;COLEGIO DIOCESANO SANTA LUZIA;2408003;653.5821052631579;133.0;383.0;5.0;0.8449;Poliedro
35102805;SANTA MARCELINA COLEGIO;3550308;680.8188571428572;35.0;107.0;4.0;0.8447;Poliedro
33066574;COL DOS SANTOS ANJOS;3304557;646.573076923077;26.0;80.0;5.0;0.843;Poliedro
41131789;BOM JESUS SEMINARIO;4106902;653.1320689655172;58.0;253.0;5.0;0.843;Poliedro
23165952;PARAISO SS LTDA COLEGIO;2307304;659.1854700854701;117.0;488.0;5.0;0.8428;Poliedro
22164219;ESCOLA POPULAR MADRE MARIA VILLAC;2211001;737.2169696969697;33.0;100.0;2.0;0.8426;Poliedro
35104620;SANTA CRUZ COLEGIO;3550308;687.816037735849;212.0;720.0;3.0;0.8425;Poliedro
29149908;COLEGIO STAR;2900702;667.5018666666666;25.0;95.0;4.0;0.8422;Poliedro
33189838;ESCOLA SAP EDUCACAO POR PROJETOS;3304557;678.457;30.0;97.0;4.0;0.842;Poliedro
35116373;COLEGIO AGOSTINIANO SAO JOSE;3549805;659.0026900584795;57.0;260.0;5.0;0.842;Poliedro
35117195;BRAGA MELLO COLEGIO;3541406;678.3592;25.0;107.0;4.0;0.8418;Poliedro
31294900;COL DEL REY;3147907;658.864705882353;17.0;48.0;5.0;0.8417;Poliedro
35468400;CARBONELL COLEGIO;3518800;695.3958024691359;27.0;95.0;4.0;0.8417;Poliedro
15011070;COLEGIO DOM AMANDO;1506807;652.9745882352942;85.0;312.0;5.0;0.8415;Poliedro
22129529;CEV COLEGIO UNIDADE JOCKEY;2211001;731.7705882352941;34.0;105.0;2.0;0.8415;Poliedro
31361496;COLEGIO AUGE;3131703;658.668;20.0;89.0;5.0;0.8414;Poliedro
31193160;INST EDUC MAYRINK VIEIRA;3131307;678.0533333333333;21.0;86.0;4.0;0.8407;Poliedro
35123675;PRUDENTE DE MORAES COLEGIO;3545209;658.5576190476191;42.0;150.0;5.0;0.8406;Poliedro
43121756;ESCOLA DE EDUCACAO BASICA EDUCAR-SE;4316808;652.5809756097561;41.0;155.0;5.0;0.8406;Poliedro
23334266;FARIAS BRITO PRE VESTIBULAR ALDEOTA;2304400;686.3619896640827;258.0;492.0;3.0;0.8404;Poliedro
23025255;CENTRO DE EDUCACAO BASICA E PROFISSIONAL PROFESSOR LUCIANO FEIJAO;2312908;645.6702739726028;146.0;487.0;5.0;0.8403;Poliedro
33145237;COLEGIO SAO JOAO BATISTA NOVA FRIBURGO;3303401;721.1525;32.0;92.0;3.0;0.8402;Poliedro
33040516;COLEGIO IPIRANGA;3303906;720.4641379310344;29.0;97.0;3.0;0.84;Poliedro
17046807;COLEGIO MARISTA PALMAS;1721000;658.0377777777778;18.0;152.0;5.0;0.8393;Poliedro
31385433;COLEGIO DETERMINANTE;3106200;677.4993333333333;30.0;99.0;4.0;0.8393;Poliedro
29542618;COLEGIO OFICINA DE VITORIA DA CONQUISTA;2933307;666.3801980198019;101.0;347.0;4.0;0.8392;Poliedro
32040210;ESCOLA CRESCER;3205309;665.603076923077;13.0;50.0;5.0;0.8389;Poliedro
42203600;COLEGIO TRILINGUE INOVACAO;4204202;644.9559999999999;10.0;39.0;5.0;0.8389;Poliedro
32040083;COLEGIO SALESIANO N S DA VITORIA;3205309;657.89;30.0;155.0;5.0;0.8385;Poliedro
43172423;COLEGIO LEONARDO DA VINCI-ALFA;4314902;688.7002051282052;65.0;218.0;3.0;0.8385;Poliedro
31249483;INST ITALO BRASILEIRO BICULTURAL;3144805;650.6814285714285;14.0;180.0;5.0;0.8383;Poliedro
50031163;COLEGIO CLASSE A;5002704;717.9826666666667;15.0;16.0;2.0;0.8383;Poliedro
27035000;COLEGIO SANTA MADALENA SOFIA;2704302;650.6786805555556;192.0;551.0;5.0;0.8381;Poliedro
35153163;PENTAGONO COLEGIO UNIDADE ALPHAVILLE;3547304;665.1560975609757;41.0;152.0;5.0;0.8379;Poliedro
42053480;COLEGIO MARISTA SAO FRANCISCO EI EF EM;4204202;644.6799099099098;74.0;308.0;5.0;0.8378;Poliedro
31004197;COLEGIO SANTA MARIA MINAS - UNIDADE FLORESTA;3106200;650.5860952380951;105.0;329.0;5.0;0.8377;Poliedro
29437261;COLEGIO ACESSO;2910800;715.0920481927711;83.0;315.0;3.0;0.8376;Poliedro
22025391;ESCOLA DOM BOSCO;2211001;651.9211111111111;18.0;54.0;5.0;0.8374;Poliedro
35007022;COLEGIO OBJETIVO DE PIRACICABA;3538709;657.6300483091787;69.0;266.0;5.0;0.8374;Poliedro
31260908;COL IMPULSO;3167202;714.0652631578947;19.0;59.0;3.0;0.8373;Poliedro
31074454;COLEGIO STELLA MATUTINA;3136702;650.5036363636364;11.0;58.0;5.0;0.8372;Poliedro
15152120;ESCOLA DE EDUCACAO BASICA CENTRO EDUCACIONAL ANCHIETA;1503606;683.4446153846154;26.0;124.0;3.0;0.8371;Poliedro
33184720;COLEGIO ALFA CEM BILINGUE;3304557;713.7925;16.0;81.0;3.0;0.8371;Poliedro
15066886;E PART E I F M INST NSRA DOS ANJOS;1500107;651.8005714285714;35.0;117.0;5.0;0.8369;Poliedro
31365874;ESCOLA EDUCAR - ENSINO MEDIO;3106200;650.4177777777778;18.0;71.0;5.0;0.8369;Poliedro
43173390;COLEGIO SANTA MONICA ALTOS DO LARANJAL;4314407;657.2893333333334;15.0;57.0;5.0;0.8369;Poliedro
50027956;COLEGIO HARMONIA - UNIDADE I;5002704;676.1925974025975;77.0;286.0;4.0;0.8367;Poliedro
33196249;ESCOLA ELEVA - URCA;3304557;671.893607305936;73.0;344.0;4.0;0.8362;Poliedro
13031767;FUNDACAO MATIAS MACHLINE;1302603;655.153127753304;227.0;688.0;5.0;0.8361;Poliedro
31329762;COL GENOMA II;3127701;671.7748148148147;54.0;203.0;4.0;0.8358;Poliedro
33447250;COLEGIO INTERATIVO ENSINO MEDIO;3306305;664.2507291666667;64.0;192.0;5.0;0.8352;Poliedro
35188712;VEM SER COLEGIO;3549805;656.7729411764706;17.0;82.0;5.0;0.8352;Poliedro
31260541;COLLEGIUM PRISMA;3143302;649.4775418994413;179.0;509.0;5.0;0.8351;Poliedro
24057002;COLGIO CONTEMPORANEO;2408102;651.2336;50.0;132.0;5.0;0.835;Poliedro
35813000;COLEGIO RENOVACAO ANGLO INDAIATUBA;3520509;656.4562025316455;79.0;299.0;5.0;0.8346;Poliedro
31062201;COLEGIO SAO JOSE;3152501;656.3421818181818;55.0;203.0;5.0;0.8344;Poliedro
27037380;COLEGIO DINAMICO;2704302;673.9772727272727;22.0;137.0;4.0;0.8339;Poliedro
31384909;COLEGIO OLIMPO TRIANGULO MINEIRO;3170206;704.1606818181818;88.0;105.0;1.0;0.8338;Poliedro
35141434;ESCOLA SEB THATHI;3502804;656.1348484848485;66.0;255.0;5.0;0.8334;Poliedro
35105600;SANTO AMERICO COLEGIO;3550308;656.0696078431372;34.0;261.0;5.0;0.8331;Poliedro
24091260;COLEGIO SIMPLES;2408003;684.7764285714285;28.0;127.0;3.0;0.833;Poliedro
31314749;COLEGIO ALUMNUS;3106200;680.132;10.0;48.0;3.0;0.8329;Poliedro
33039976;AESVP COLEGIO VICENTINO SANTA ISABEL;3303906;655.9252380952381;42.0;123.0;5.0;0.8328;Poliedro
33185590;COLEGIO CURSO TAMANDARE;3304557;707.888;15.0;15.0;2.0;0.8326;Poliedro
23075961;ANTARES ATS COLEGIO;2304400;643.7070588235295;34.0;135.0;5.0;0.8322;Poliedro
27235009;COLEGIO DE EDUCACAO BASICA SANTA AFRA;2700300;648.6587499999999;48.0;181.0;5.0;0.8322;Poliedro
21199809;COLEGIO LITERATO;2111300;685.3805839416059;137.0;473.0;2.0;0.8321;Poliedro
42091403;COLEGIO BOM JESUS DIVINA PROVIDENCIA;4208906;672.49;48.0;256.0;4.0;0.8316;Poliedro
25133454;CENTRO DE EDUCACAO MDW;2507507;705.197619047619;126.0;335.0;2.0;0.8315;Poliedro
35134132;COLEGIO POLIEDRO DE EDUCACAO;3550308;686.2425555555557;60.0;268.0;4.0;0.8315;Poliedro
31074411;COLEGIO DOS SANTOS ANJOS;3136702;650.3420689655172;29.0;68.0;5.0;0.8312;Poliedro
35108145;MATER AMABILIS COLEGIO;3518800;672.1314606741573;89.0;328.0;4.0;0.831;Poliedro
13168207;CENTRO EDUCACIONAL ADALBERTO VALLE - UNIDADE I;1302603;643.37708994709;126.0;402.0;5.0;0.8309;Poliedro
31327026;CENTRO EDUCACIONAL RENOVACAO;3152501;685.6841025641025;39.0;122.0;4.0;0.8308;Poliedro
35114078;KOELLE COLEGIO;3543907;662.6550537634408;62.0;224.0;4.0;0.8306;Poliedro
21199090;COLEGIO EDUCALLIS;2111300;667.20125;120.0;327.0;3.0;0.8305;Poliedro
53013875;COL SERIOS;5300108;655.1514285714286;14.0;50.0;5.0;0.8304;Poliedro
15528715;SOC DE EDUC INTEG HUMANA DO BRASIL;1506807;662.45;30.0;70.0;4.0;0.8301;Poliedro
26053837;COLEGIO DIOCESANO DE CARUARU;2604106;649.573076923077;104.0;376.0;5.0;0.83;Poliedro
27218244;COLEGIO SANTA URSULA LTDA;2704302;655.0511695906432;114.0;479.0;5.0;0.8299;Poliedro
41131673;COLEGIO BOM JESUS NOSSA SENHORA DE LOURDES ED INF ENS FUND E MEDIO;4106902;649.5202522522522;185.0;695.0;5.0;0.8299;Poliedro
15038424;COLEGIO MARISTA NOSSA SENHORA DE NAZARE;1501402;660.2074643874644;117.0;604.0;4.0;0.8296;Poliedro
43139558;INSTITUTO RIO BRANCO;4318705;649.2402777777778;24.0;118.0;5.0;0.8291;Poliedro
31352195;COLEGIO GABARITO;3170206;659.5858947368422;285.0;870.0;4.0;0.8285;Poliedro
31374555;COLEGUIUM - INTERNACIONAL CIDADE NOVA;3106200;659.3384;25.0;100.0;4.0;0.8282;Poliedro
33156913;COOPERATIVA DE TRABALHO EDUCACIONAL CESAR ALMEIDA;3300100;697.4046153846155;13.0;42.0;3.0;0.8281;Poliedro
35154775;ESCOLA VILLARE;3548807;697.3816949152543;59.0;200.0;3.0;0.8279;Poliedro
35150022;MONTEIRO LOBATO COLEGIO;3530706;682.88;18.0;75.0;4.0;0.8278;Poliedro
13031457;CENTRO DE ENSINO ALPHA DELTA;1302603;698.5344444444445;18.0;97.0;2.0;0.8275;Poliedro
33154007;COLEGIO CAROLINNA RUSSO LTDA;3304557;660.4088;25.0;87.0;5.0;0.8264;Poliedro
35504324;ESCOLA SEB UNIDADE DE RIO PRETO;3549805;653.9303225806451;62.0;184.0;5.0;0.8264;Poliedro
31351725;COLEGUIUM - UNIDADE OURO PRETO INTEGRAL;3106200;746.2813333333332;30.0;85.0;1.0;0.8263;Poliedro
33178879;COLEGIO ALFA CEM BILINGUE;3304557;696.2688888888888;27.0;89.0;3.0;0.8263;Poliedro
31145734;COLEGIO FRANCISCANO REGINA PACIS;3167202;653.7644;50.0;170.0;5.0;0.8261;Poliedro
35136931;AGOSTINIANO MENDEL COLEGIO;3550308;695.7206106870228;262.0;987.0;3.0;0.826;Poliedro
29094046;ESCOLA CASTRO ALVES SC LTDA;2910800;668.7646153846155;13.0;67.0;4.0;0.8256;Poliedro
31170402;COL MARISTA CHAMPAGNAT;3170206;648.3222222222222;18.0;112.0;5.0;0.8254;Poliedro
43108423;COLEGIO PROVINCIA DE SAO PEDRO;4314902;641.7426086956522;46.0;177.0;5.0;0.825;Poliedro
35132007;ANTARES COLEGIO;3501608;674.7797037037037;45.0;159.0;3.0;0.8243;Poliedro
31349720;FIBONACCI COLEGIO;3131307;746.5208333333334;48.0;206.0;2.0;0.824;Poliedro
35113256;DIVINA PROVIDENCIA ESCOLA;3525904;659.2099166666667;80.0;249.0;5.0;0.8237;Poliedro
35103433;OBJETIVO CENTRO INTERESCOLAR UNIDADE PAULISTA;3550308;653.2471987480437;213.0;604.0;5.0;0.8237;Poliedro
33176760;CENTRO EDUCACIONAL DA LAGOA;3304557;652.2024390243902;41.0;85.0;4.0;0.8234;Poliedro
33064032;ESCOLA ALEMA CORCOVADO - EXPERIMENTAL;3304557;641.4553968253969;42.0;228.0;5.0;0.8233;Poliedro
52053121;COLEGIO DINAMICO;5211909;646.450925925926;36.0;163.0;5.0;0.8232;Poliedro
33116784;COLEGIO IGLESIAS;3304557;693.2199999999999;12.0;32.0;3.0;0.8231;Poliedro
35137170;COLEGIO ANGLO ALANTE SAO JOSE DOS CAMPOS;3549904;653.0790810810811;185.0;654.0;5.0;0.8229;Poliedro
31350664;COLEGIO BERNOULLI;3106200;734.6394871794871;312.0;317.0;2.0;0.8227;Poliedro
33124418;COLEGIO QI - TIJUCA;3304557;651.9442105263158;57.0;184.0;4.0;0.8221;Poliedro
33139881;COLEGIO ATLANTICO MACAE;3302403;676.8360975609755;41.0;178.0;3.0;0.822;Poliedro
52104532;COLEGIO FAMILIA DE NAZARE;5208707;652.9418181818181;11.0;45.0;5.0;0.8218;Poliedro
35007592;COLEGIO ETAPA VILA MASCOTE;3550308;691.7713513513514;74.0;288.0;3.0;0.8214;Poliedro
52020320;COLEGIO COUTO MAGALHAES;5201108;647.4735294117646;34.0;219.0;5.0;0.8214;Poliedro
21095752;ESCOLA SANTA TERESINHA;2105302;663.3888461538462;52.0;240.0;3.0;0.8209;Poliedro
35140338;MAGNO COLEGIO;3550308;677.8885232067511;79.0;313.0;4.0;0.8209;Poliedro
21290229;RF ENSINO MEDIO LTDA;2111300;685.6965018315018;182.0;469.0;3.0;0.8203;Poliedro
23269316;MASTER SUL COLEGIO;2304400;647.2314414414415;111.0;443.0;5.0;0.8203;Poliedro
35113335;NOSSA SENHORA AUXILIADORA INSTITUTO;3503307;666.6016000000001;25.0;103.0;4.0;0.8201;Poliedro
31096261;COL MARISTA SAO JOSE;3143302;651.5623443223443;91.0;248.0;4.0;0.82;Poliedro
42020530;ASSOCIACAO EDUCACIONAL LUTERANA BOM JESUS IELUSC;4209102;652.3418348623853;218.0;810.0;5.0;0.82;Poliedro
24085634;CENTRO EDUCACIONAL MASTER;2408102;674.9399999999999;13.0;68.0;3.0;0.8193;Poliedro
26033909;PLENUS COLEGIO E CURSO;2611101;676.3259895833334;128.0;431.0;2.0;0.8193;Poliedro
31367672;COLEGIO ELITE MASTER;3167202;688.6693103448276;58.0;211.0;3.0;0.8188;Poliedro
31005614;COLEGIO SANTA MARIA MINAS - UNIDADE CORACAO EUCARISTICO;3106200;652.0127642276423;82.0;262.0;5.0;0.8185;Poliedro
27224821;ALTERNATIVA ESCOLA DE EDUCACAO BASICA;2700300;665.9827692307692;65.0;199.0;4.0;0.8184;Poliedro
42164702;COC ITAJAI;4208203;662.138947368421;19.0;114.0;3.0;0.8184;Poliedro
43105068;COLEGIO SANTA INES;4314902;646.5765027322404;61.0;201.0;5.0;0.8182;Poliedro
31062235;INST DE EDUC E ENS POUSO ALEGRE;3152501;656.1365714285714;35.0;112.0;4.0;0.818;Poliedro
24057061;COLEGIO EXECUTIVO LTDA;2408102;646.538;20.0;83.0;5.0;0.8179;Poliedro
33135827;COLEGIO E CURSO PENSI;3304557;740.6806451612903;31.0;316.0;2.0;0.8178;Poliedro
53016726;UNICO EDUCACIONAL;5300108;687.862625;320.0;885.0;3.0;0.8177;Poliedro
31223883;COLEGIO ATENAS PASSOS;3147907;665.362;20.0;105.0;4.0;0.8176;Poliedro
41032039;MAXI C - EI EF;4113700;651.8241666666667;80.0;289.0;5.0;0.8175;Poliedro
35802578;COLEGIO ARBOS - UNIDADE SAO BERNARDO DO CAMPO;3548708;687.3654545454546;33.0;171.0;3.0;0.8171;Poliedro
15038483;COLEGIO SAO PAULO;1501402;640.2922916666666;64.0;192.0;5.0;0.8166;Poliedro
53011074;COL MARISTA JOAO PAULO II;5300108;665.0466666666666;65.0;262.0;4.0;0.8166;Poliedro
35104917;SANTA CLARA COLEGIO;3550308;651.6766101694915;59.0;244.0;5.0;0.8165;Poliedro
31229865;C EDUC SAO TOMAS DE AQUINO;3144805;655.3774999999999;24.0;85.0;4.0;0.8164;Poliedro
33183139;INOVAR VEIGA DE ALMEIDA;3304557;640.264;10.0;56.0;5.0;0.8159;Poliedro
28017820;COLEGIO DO SALVADOR;2800308;664.8213333333333;25.0;123.0;4.0;0.8157;Poliedro
35809159;OBJETIVO DE SAO JOSE DO RIO PRETO COLEGIO;3549805;669.0973333333333;30.0;110.0;3.0;0.8157;Poliedro
29353556;ESCOLA MONTEIRO LOBATO SC LTDA;2903201;651.4105263157895;19.0;67.0;5.0;0.8156;Poliedro
28037723;NUCLEO AVANCADO DE ENSINO G8 LTDA;2800308;686.3105555555555;36.0;143.0;3.0;0.8153;Poliedro
31041190;INST N SRA DO SAGRADO CORACAO;3122306;664.5338461538462;13.0;78.0;4.0;0.8152;Poliedro
43023363;COLEGIO SAGRADO CORACAO DE JESUS;4302105;645.6047272727274;55.0;209.0;5.0;0.8152;Poliedro
53009940;COL PRESBITERIANO MACKENZIE - BRASILIA;5300108;651.1682539682539;63.0;275.0;5.0;0.8151;Poliedro
23165901;COLEGIO MODULO;2307304;644.0148666666666;100.0;280.0;5.0;0.8149;Poliedro
35100420;IMPERATRIZ LEOPOLDINA COLEGIO;3550308;650.9724;50.0;224.0;5.0;0.8149;Poliedro
42028990;COLEGIO BOM JESUS DIOCESANO;4209300;650.9183333333333;40.0;165.0;5.0;0.8146;Poliedro
33165998;COLEGIO PH;3303302;686.4499999999999;28.0;93.0;2.0;0.8143;Poliedro
41131703;COLEGIO PASSIONISTA NOSSA SENHORA MENINA;4106902;650.8166666666667;28.0;93.0;5.0;0.8142;Poliedro
35004369;COLEGIO PLANCK;3549904;705.8138636363636;88.0;307.0;3.0;0.814;Poliedro
43119964;COLEGIO DOM ALBERTO;4316808;639.8389743589744;13.0;56.0;5.0;0.814;Poliedro
33055947;COLEGIO SALESIANO SANTA ROSA;3303302;643.9246987951807;83.0;316.0;5.0;0.8139;Poliedro
33159637;GRUPO EDUCACIONAL MOPI LTDA - UNIDADE ITANHANGA;3304557;654.9810526315789;19.0;87.0;4.0;0.8138;Poliedro
52097587;COLEGIO ATRIO;5208707;650.807037037037;72.0;374.0;5.0;0.8138;Poliedro
35441995;FOUR C BILINGUAL ACADEMY;3506003;650.7317647058824;17.0;86.0;5.0;0.8137;Poliedro
31123536;COLEGIO NOSSA SENHORA DAS GRACAS;3148004;650.7261728395061;27.0;118.0;5.0;0.8135;Poliedro
26122090;COLEGIO PRESBITERIANO AGNES ERSKINE;2611606;639.6625490196079;68.0;236.0;5.0;0.8132;Poliedro
26193957;COLEGIO GGE;2611101;656.2808163265306;49.0;220.0;4.0;0.8131;Poliedro
35186429;EINSTEIN COLEGIO;3543402;663.7739233038349;113.0;459.0;4.0;0.8131;Poliedro
35299789;ADV COLEGIO UNIDADE II;3525300;655.5729411764705;34.0;158.0;4.0;0.8115;Poliedro
50005405;COLEGIO MARISTA ALEXANDER FLEMING;5002704;662.752972972973;74.0;277.0;4.0;0.8114;Poliedro
12010936;ESC CENTRO EDUCACIONAL E CULTURAL - META;1200401;655.4070085470086;117.0;331.0;4.0;0.8113;Poliedro
31305235;COL POTENCIA;3118304;649.8050000000001;44.0;130.0;5.0;0.811;Poliedro
21500002;COLEGIO DOM BOSCO BALSAS;2101400;660.349268292683;41.0;196.0;4.0;0.8105;Poliedro
22310762;CEV COLEGIO;2211001;669.9781526104418;83.0;278.0;2.0;0.8104;Poliedro
26108585;COLEGIO DIVINO MESTRE;2607901;644.2056;25.0;103.0;5.0;0.8104;Poliedro
35139178;COLEGIO ARBOS;3547809;699.2955555555556;54.0;309.0;3.0;0.8101;Poliedro
24057096;COLEGIO NOSSA SENHORA DAS NEVES;2408102;644.0230379746836;79.0;271.0;5.0;0.8098;Poliedro
52059383;COLEGIO ZENITE;5211503;662.1175000000001;16.0;82.0;4.0;0.8095;Poliedro
53019733;COL FLEMING ASA SUL;5300108;682.2047619047619;21.0;51.0;2.0;0.8095;Poliedro
31170461;COLEGIO RESSURREICAO NOSSA SENHORA;3170206;661.9100000000001;10.0;29.0;4.0;0.8091;Poliedro
51028646;INST PRESBITERIANO EDUCACAO SIMONTON;5107958;661.8644444444444;27.0;120.0;4.0;0.809;Poliedro
43043720;COLEGIO SAO JOSE;4305108;643.934375;64.0;275.0;5.0;0.8087;Poliedro
42011620;COLEGIO SAO BENTO;4204608;661.6150617283951;81.0;304.0;4.0;0.8084;Poliedro
25120298;CENTRO PESSOENSE DE EDUCACAO - COLEGIO MOTIVA;2507507;696.4284099616858;348.0;1186.0;1.0;0.8083;Poliedro
35125441;EDUCATIVA INSTITUTO DE EDUCACAO E CULTURA;3548906;669.8936;25.0;103.0;4.0;0.8082;Poliedro
35142612;SINGULAR COLEGIO;3548708;653.1620454545455;88.0;261.0;4.0;0.808;Poliedro
53015010;ESCOLA CANADENSE DE BRASILIA;5300108;654.8383333333333;12.0;94.0;4.0;0.808;Poliedro
35112902;RIO BRANCO COLEGIO;3509502;648.4338235294117;68.0;278.0;5.0;0.8067;Poliedro
29277744;COLEGIO NOSSA SENHORA DE FATIMA - SACRAMENTINAS;2933307;643.5203652968036;146.0;514.0;5.0;0.8066;Poliedro
35104711;ESCOLA ALEF PERETZ;3550308;660.7702666666668;50.0;183.0;4.0;0.8066;Poliedro
31378496;COLEGIO GENOMA II;3168606;679.6507575757576;44.0;111.0;2.0;0.8063;Poliedro
29477271;CURSO E COLEGIO LEFFLER;2927408;678.2965217391304;46.0;128.0;3.0;0.8058;Poliedro
35004304;ESCOLA CONCEPT;3543402;665.0138461538462;13.0;59.0;3.0;0.8057;Poliedro
24083550;CENTRO DE EDUCACAO INTEGRADA ZONA SUL LTDA;2403251;641.7656716417911;67.0;276.0;5.0;0.8056;Poliedro
33063710;COLEGIO SANTO ANTONIO MARIA ZACCARIA;3304557;643.1833333333333;18.0;52.0;5.0;0.8053;Poliedro
22144412;CENTRO EDUCACIONAL CONTEXTO;2207702;664.9772549019608;51.0;173.0;3.0;0.8052;Poliedro
35170331;SAO CARLOS INSTITUTO EDUCACAO DE ENSINO FUNDAMENTAL E MEDIO;3548906;660.3584;25.0;243.0;4.0;0.8052;Poliedro
28031563;COLEGIO MAGNUS;2802908;660.2406779661017;59.0;284.0;4.0;0.8048;Poliedro
35430146;MAPLE BEAR CANADIAN SCHOOL MOGI DAS CRUZES;3530607;677.904;10.0;67.0;3.0;0.8048;Poliedro
33100977;LICEU MOLIERE;3304557;648.0636363636363;11.0;125.0;5.0;0.8047;Poliedro
29093643;COLEGIO SANTO ANTONIO;2910800;648.0166666666667;48.0;223.0;5.0;0.8046;Poliedro
52097676;COLEGIO SIMBIOS;5208707;674.4309186351707;127.0;428.0;3.0;0.8044;Poliedro
53019393;COL EVEREST BRASILIA II;5300108;652.0921637426901;57.0;185.0;4.0;0.8033;Poliedro
53007050;COL LA SALLE AGUAS CLARAS;5300108;647.6837908496733;102.0;347.0;5.0;0.8033;Poliedro
35141392;DRUMMOND COLEGIO;3534708;700.1191666666667;24.0;65.0;2.0;0.8032;Poliedro
35144034;GIBRAN KHALIL GIBRAN COLEGIO;3552809;667.4784999999999;40.0;161.0;4.0;0.8031;Poliedro
43216870;COLEGIO TOTEM SANTA MARIA;4316907;666.1971428571428;21.0;83.0;3.0;0.803;Poliedro
35152729;PETROPOLIS COLEGIO;3548708;659.2620792079208;101.0;309.0;4.0;0.8028;Poliedro
35112896;DOM BARRETO COLEGIO;3509502;642.1259903381643;69.0;200.0;5.0;0.8022;Poliedro
52109585;COLEGIO COPE NEXUS FILIAL;5201108;692.0964285714286;28.0;104.0;3.0;0.8022;Poliedro
29480310;CENTRO EDUCACIONAL PLATAFORMA LTDA;2928703;659.1446296296295;36.0;112.0;4.0;0.802;Poliedro
15577740;E E F M ALVORADA;1504208;646.245625;32.0;112.0;4.0;0.8017;Poliedro
35004801;COLEGIO ANGLO SAO PAULO;3550308;677.174606741573;89.0;328.0;2.0;0.8017;Poliedro
15172287;PHYSICS COLEGIO E CURSO;1501402;741.6864705882354;34.0;134.0;1.0;0.8011;Poliedro
26190451;COLEGIO GGE;2611606;676.2941158059468;213.0;586.0;3.0;0.8011;Poliedro
35140065;INSTITUTO EDUCACIONAL IGUATEMY ESCOLA DE EI EF E EM;3549904;697.0335483870969;31.0;104.0;2.0;0.801;Poliedro
35120637;PADRE ANCHIETA COLEGIO;3534401;652.4505882352942;17.0;93.0;5.0;0.8009;Poliedro
13032020;LAVINIENSE ENSINO INTEGRADO E CE PINGO DE GENTE;1302603;651.6761666666666;40.0;203.0;4.0;0.8008;Poliedro
35175572;POLIEDRO COLEGIO;3549904;689.8837242128122;307.0;1009.0;3.0;0.8008;Poliedro
31382655;COLEGIO GABARITO - UNIDADE II;3170107;640.9443137254902;68.0;75.0;5.0;0.8007;Poliedro
29472440;COLEGIO E CURSO GAUSS;2903201;658.5865306122449;98.0;299.0;4.0;0.8004;Poliedro
35499067;INSPIRE COLEGIO;3549904;666.4417021276596;47.0;222.0;4.0;0.8004;Poliedro
24057207;COMPLEXO EDUC HENRIQUE CASTRICIANO;2408102;636.503;60.0;154.0;5.0;0.8;Poliedro
35140995;OBJETIVO JUNIOR COLEGIO;3554102;696.3199999999999;31.0;102.0;2.0;0.8;Poliedro
27226115;COLEGIO MARIA MONTESSORI;2704302;652.4950684931507;73.0;254.0;4.0;0.7999;Poliedro
29342872;COLEGIO GENESIS;2910800;658.4970666666667;75.0;256.0;4.0;0.7999;Poliedro
31105902;COL N SRA DAS DORES;3131703;641.7296296296297;27.0;143.0;5.0;0.7999;Poliedro
35439599;PARQUE ECOLOGICO INSTITUTO EDUCACIONAL;3520509;675.1053333333333;60.0;217.0;3.0;0.7999;Poliedro
31290157;COL CHROMOS PAMPULHA;3106200;656.5686666666667;90.0;549.0;4.0;0.7997;Poliedro
33147450;COLEGIO ANGLO AMERICANO;3306305;647.0076923076923;13.0;96.0;5.0;0.7996;Poliedro
53012941;COLEGIO CIMAN;5300108;640.6300483091787;69.0;271.0;5.0;0.7994;Poliedro
35126974;OBJETIVO INTEGRADO DE MOGI DAS CRUZES COLEGIO;3530607;730.297142857143;35.0;103.0;1.0;0.7993;Poliedro
35388786;LICEU PORTINARI DE ENSINO MEDIO;3526902;646.8820202020202;33.0;128.0;5.0;0.7992;Poliedro
41127722;COLEGIO BOM JESUS ED INFANTIL ENSINO FUNDAMENTAL E MEDIO SEDE;4106902;646.758753894081;214.0;767.0;5.0;0.799;Poliedro
51094061;COLEGIO MAXI;5103403;652.2927477477477;148.0;490.0;4.0;0.7989;Poliedro
33066566;COLEGIO DA COMPANHIA DE SANTA TERESA DE JESUS RJ;3304557;636.3517948717949;39.0;136.0;5.0;0.7987;Poliedro
29609607;COLEGIO PERFIL;2919207;641.4872340425533;94.0;287.0;5.0;0.7986;Poliedro
33111642;COLEGIO SANTA MONICA - TAQUARA;3304557;658.0307142857143;28.0;127.0;4.0;0.7986;Poliedro
22141251;INSTITUTO EDUCACIONAL SAO JOSE UNIDADE MOCAMBINHO;2211001;652.0964516129033;62.0;62.0;4.0;0.7983;Poliedro
31354600;COLEGIO BATISTA MINEIRO - UNIDADE ALPHAVILLE NOVA LIMA;3144805;657.9550877192983;19.0;108.0;4.0;0.7983;Poliedro
35102660;COLEGIO SANTO IVO;3550308;665.359696969697;22.0;109.0;4.0;0.798;Poliedro
31004511;COLEGIO SANTA RITA DE CASSIA;3106200;657.7455813953488;43.0;130.0;4.0;0.7977;Poliedro
31377759;COLEGUIUM - UNIDADE NOVA SUICA;3106200;661.694761904762;14.0;51.0;3.0;0.7977;Poliedro
29181801;COLEGIO ANTONIO VIEIRA;2927408;646.0367957746479;284.0;990.0;5.0;0.7971;Poliedro
15174476;COLEGIO INTEGRADO BELEM LTDA;1501402;644.6460215053764;62.0;236.0;4.0;0.7967;Poliedro
35112768;FRANCISCANO AVE MARIA COLEGIO;3509502;645.745;36.0;124.0;5.0;0.7965;Poliedro
33031410;COL STA ANGELA;3304201;641.1260759493671;79.0;320.0;5.0;0.7964;Poliedro
35286527;PROGRESSAO COLEGIO;3538006;672.6621052631579;19.0;84.0;3.0;0.7962;Poliedro
43105084;COL LA SALLE SANTO ANTONIO;4314902;651.700594059406;101.0;376.0;4.0;0.7959;Poliedro
31343781;COLEGIO VALE DO SAPUCAI;3152501;651.6799074074074;72.0;261.0;4.0;0.7957;Poliedro
43210643;COLEGIO GABARITO CANOAS;4304606;644.3430894308943;41.0;124.0;4.0;0.7955;Poliedro
52054241;COLEGIO COOPEN;5218805;640.9538888888889;24.0;188.0;5.0;0.7955;Poliedro
33029490;COLEGIO VERBO DIVINO;3300407;645.2125252525252;66.0;221.0;5.0;0.795;Poliedro
35563006;ETAPA III COLEGIO;3550308;762.2793333333334;30.0;61.0;0.0;0.795;Poliedro
33166927;COLEGIO APROVADO;3302403;671.885172413793;58.0;173.0;3.0;0.7948;Poliedro
27227189;COLEGIO DE EDUCACAO BASICA SANTA ESMERALDA;2700300;645.1627272727272;66.0;189.0;5.0;0.7945;Poliedro
33149780;SISTEMA ELITE DE ENSINO;3304557;690.0099999999999;12.0;329.0;2.0;0.7939;Poliedro
35185619;ATOMO COLEGIO;3541406;671.0804347826087;46.0;169.0;3.0;0.7938;Poliedro
22143459;CEV- COLEGIO UNIDADE 04;2211001;649.1135294117647;34.0;123.0;4.0;0.7934;Poliedro
43121900;COLEGIO MARISTA SANTA MARIA;4316907;640.5069565217391;23.0;74.0;5.0;0.7932;Poliedro
31358428;COLEGUIUM - UNIDADE ALIPIO DE MELO;3106200;659.8189655172414;58.0;208.0;3.0;0.7931;Poliedro
35144952;ARGUMENTO COLEGIO;3550308;659.4363585434173;119.0;434.0;3.0;0.7926;Poliedro
31220094;COL NACIONAL;3170206;656.0348370927318;133.0;333.0;4.0;0.7924;Poliedro
33175195;REDE AZ COLEGIO E CURSO UNIDADE LICENCIADA ILHA;3304557;682.1869565217391;23.0;67.0;1.0;0.7924;Poliedro
33177627;COLEGIO PH;3304557;659.3002531645569;79.0;240.0;3.0;0.7923;Poliedro
42160383;COLEGIO AZ FLORIPA;4205407;710.5575;56.0;123.0;1.0;0.7923;Poliedro
35579403;COLEGIO ELITECOL;3509502;688.4893333333333;75.0;251.0;2.0;0.7922;Poliedro
29359287;COLEGIO PIRAMIDE;2919207;644.3792592592594;27.0;121.0;5.0;0.7917;Poliedro
31244457;COLEGIO SANTA MARIA MINAS - UNIDADE NOVA SUICA;3106200;648.5789285714285;56.0;222.0;4.0;0.7915;Poliedro
33027722;COLEGIO FRANCISCANO SAGRADO CORACAO DE JESUS;3300704;643.6770588235295;34.0;108.0;4.0;0.7915;Poliedro
50032100;COLEGIO BIONATUS II;5002704;708.8142857142857;28.0;28.0;1.0;0.7914;Poliedro
43173217;ESCOLA DE ENSINO FUNDAMENTAL E MEDIO SANTA MONICA;4314407;640.275;28.0;76.0;5.0;0.7913;Poliedro
23025646;COLEGIO FARIAS BRITO SOBRALENSE;2312908;638.9935922330096;103.0;264.0;5.0;0.7911;Poliedro
29488591;COLEGIO ANCHIETA;2927408;708.3850000000001;12.0;55.0;1.0;0.7909;Poliedro
43109330;SISTEMA EDUCACIONAL BOA VISTA;4314902;634.74;46.0;146.0;5.0;0.7909;Poliedro
21272921;INST EDUCACIONAL SUL MARANHENSE COC;2105302;643.4172;25.0;90.0;4.0;0.7907;Poliedro
31324663;SIC - ESCOLA PROFISSIONALIZANTE SANTO AGOSTINHO;3106200;648.4162241887905;113.0;531.0;4.0;0.7907;Poliedro
35113426;SAO JOSE COLEGIO;3526902;649.373076923077;26.0;130.0;5.0;0.7906;Poliedro
35118503;ALBERT SABIN ESCOLA DE ENSINO MEDIO;3543402;655.1941002949852;113.0;368.0;4.0;0.7902;Poliedro
22138544;INSTITUTO SANTO AGOSTINHO;2211001;638.7951724137931;29.0;114.0;5.0;0.7898;Poliedro
31004278;ESCOLA SANTO TOMAS DE AQUINO;3106200;642.9140350877193;38.0;136.0;5.0;0.7898;Poliedro
33195340;PB COLEGIO E CURSO;3304557;710.3366666666666;12.0;47.0;0.0;0.7895;Poliedro
33064024;EDEM;3304557;643.946;20.0;76.0;5.0;0.7893;Poliedro
21010064;UPAON EDUCACIONAL LTDA;2111300;634.2894444444444;72.0;283.0;5.0;0.7892;Poliedro
31005916;COLEGIO DO INSTITUTO PADRE MACHADO;3106200;638.678;20.0;55.0;5.0;0.7892;Poliedro
33064628;COLEGIO TTH BAR-ILAN;3304557;668.5020000000001;10.0;38.0;3.0;0.7892;Poliedro
35123419;COOPERATIVA DE ENSINO DE BIRIGUI;3506508;672.5045454545455;22.0;91.0;2.0;0.7891;Poliedro
13102192;LATO SENSU IV;1302603;668.9038461538462;26.0;96.0;2.0;0.7886;Poliedro
31074250;COLEGIO NOSSA SENHORA DO CARMO;3136702;638.4457142857142;35.0;130.0;5.0;0.7886;Poliedro
35105041;MARIA IMACULADA COLEGIO EEIFM;3550308;654.7724999999999;24.0;76.0;4.0;0.7881;Poliedro
33195463;COLEGIO SANT ANNA SEGMENTOS FINAIS LTDA;3300209;643.8442424242425;33.0;106.0;5.0;0.788;Poliedro
35139646;COLEGIO RIO BRANCO - UNIDADE GRANJA VIANNA;3513009;639.6533333333333;70.0;238.0;5.0;0.788;Poliedro
35561320;ALPHA LUMEN INSTITUTO;3549904;717.3279069767442;43.0;157.0;0.0;0.788;Poliedro
31377953;COLEGIO INTEGRADO UBERABA;3170107;638.1526923076924;52.0;271.0;5.0;0.7878;Poliedro
33021724;COL NS DAS DORES;3303401;647.6758823529411;34.0;138.0;4.0;0.7876;Poliedro
35158483;STOCKLER COLEGIO;3550308;684.8342105263158;38.0;111.0;2.0;0.7873;Poliedro
29093619;COLEGIO NOBRE DE FEIRA DE SANTANA;2910800;639.3804615384615;130.0;432.0;5.0;0.7872;Poliedro
31170534;COLEGIO PIRLIMPIMPIM SAO PASCHOALL;3170206;654.4735714285715;28.0;152.0;4.0;0.787;Poliedro
41131690;COLEGIO NOSSA SENHORA MEDIANEIRA;4106902;639.2889230769231;130.0;440.0;5.0;0.7867;Poliedro
52033830;COLEGIO SANTA CLARA;5208707;643.3780952380953;21.0;46.0;5.0;0.7866;Poliedro
43100031;COLEGIO SAO JOSE;4314407;643.3354054054054;74.0;243.0;5.0;0.7863;Poliedro
33196214;PB COLEGIO E CURSO;3303302;714.3877419354839;93.0;227.0;0.0;0.7861;Poliedro
35119982;JARDIM SAO PAULO UNIDADE TREMEMBE COLEGIO;3550308;667.1579874213837;53.0;199.0;3.0;0.7858;Poliedro
35151506;MIRANDA COLEGIO DE EIFM;3550308;653.846875;32.0;110.0;4.0;0.7857;Poliedro
33042462;CENTRO EDUC SERRA DOS ORGAOS;3305802;638.8955555555556;18.0;91.0;5.0;0.7853;Poliedro
42133114;COLEGIO DA LAGOA;4205407;643.13;16.0;61.0;5.0;0.7853;Poliedro
33180539;COLEGIO PH;3304557;657.1327659574467;94.0;230.0;3.0;0.7851;Poliedro
42159547;CURSO E COLEGIO INTEGRAL;4208203;653.6106280193236;69.0;228.0;4.0;0.7851;Poliedro
25133012;COLEGIO VILA LTDA;2507507;643.084347826087;69.0;250.0;5.0;0.785;Poliedro
33032882;COL NS DO ROSARIO;3306305;633.3539047619047;35.0;161.0;5.0;0.7849;Poliedro
31004979;COLEGIO ESCOLAPIO SAO MIGUEL;3106200;647.1920754716981;53.0;145.0;4.0;0.7847;Poliedro
31353990;SISTEMA EDUCACIONAL BATISTA CASTRO;3136702;642.9823529411765;17.0;49.0;5.0;0.7847;Poliedro
33439796;ANGLO AMERICANO ESCOLAS INTEGRADAS LTDA;3304201;637.5083333333333;12.0;53.0;5.0;0.7847;Poliedro
33155860;COLEGIO ESPACO LIVRE;3303401;657.0432000000001;25.0;111.0;3.0;0.7846;Poliedro
41358899;ST JAMES C - EI EF M;4113700;637.5017283950617;27.0;197.0;5.0;0.7846;Poliedro
42163021;DUAL INTERNATIONAL SCHOOL;4205407;657.0109090909091;11.0;53.0;3.0;0.7845;Poliedro
35111363;COTET COLEGIO TECNICO DE TAUBATE;3554102;647.7792;25.0;98.0;5.0;0.7843;Poliedro
26122359;COLEGIO AUXILIADORA;2611606;638.5608695652173;23.0;65.0;5.0;0.7837;Poliedro
31014087;COLEGIO SANTA MARIA MINAS UNIDADE CONTAGEM;3118601;646.9952272727273;88.0;349.0;4.0;0.7837;Poliedro
43043674;COLEGIO LA SALLE - CARMO;4305108;638.4648648648649;37.0;323.0;5.0;0.7835;Poliedro
29433380;EPG - ESTABELECIMENTO PARTICULAR DE ENSINO LTDA;2933307;647.905;20.0;99.0;4.0;0.7834;Poliedro
42011612;COLEGIO MARISTA CRICIUMA EI EF EM;4204608;642.5587719298246;76.0;288.0;5.0;0.7834;Poliedro
35141586;UIRAPURU COLEGIO;3552205;666.151875;96.0;407.0;3.0;0.7833;Poliedro
35004269;COLEGIO POLIEDRO;3509502;676.85985428051;183.0;635.0;3.0;0.7831;Poliedro
51088835;FARINA SISTEMA DE ENSINO;5103403;668.8835294117647;51.0;142.0;2.0;0.7831;Poliedro
33027404;ESCOLA CANTO DOS PASSAROS;3300704;647.8538666666667;50.0;158.0;4.0;0.783;Poliedro
43213995;FLEMING SERVICOS EDUCACIONAIS LTDA;4314902;680.9870588235294;85.0;201.0;2.0;0.7829;Poliedro
35010473;MAPLE BEAR JUNDIAI;3525904;665.99;10.0;46.0;3.0;0.7828;Poliedro
35142736;ESCOLA DA VILA VILA DAS JUVENTUDES;3550308;653.1287777777778;60.0;203.0;4.0;0.7827;Poliedro
13313231;ESCOLAS IDAAM;1302603;695.452;25.0;123.0;1.0;0.7823;Poliedro
31384828;COLEGIO OPCAO - UNIDADE II;3170107;665.7046153846154;13.0;82.0;3.0;0.7823;Poliedro
35112318;SAO JOSE EXTERNATO;3504107;642.082;30.0;136.0;5.0;0.7823;Poliedro
35132780;CIDADE DE ARACATUBA COLEGIO;3502804;653.0677419354838;31.0;96.0;4.0;0.7822;Poliedro
31358266;COLEGIO FENIX DE ENSINO FUNDAMENTAL E ENSINO MEDIO;3152501;680.4727272727273;22.0;74.0;2.0;0.7818;Poliedro
35106148;NOSSA SENHORA APARECIDA COLEGIO FRANCISCANO;3550308;653.0043333333333;80.0;333.0;4.0;0.7817;Poliedro
31180602;COLEGIO BATISTA DE VARGINHA;3170701;652.9966037735849;53.0;227.0;4.0;0.7816;Poliedro
35112586;NOSSA SRA AUXILIADORA COLEGIO SALESIANO;3509502;641.9722962962963;45.0;165.0;5.0;0.7816;Poliedro
43105076;COLEGIO SANTA TERESA DE JESUS PORTO ALEGRE;4314902;637.9257894736842;38.0;133.0;5.0;0.7816;Poliedro
26152630;GGE VESTIBULARES;2611606;675.9902040816326;49.0;259.0;3.0;0.7814;Poliedro
35137881;ATIBAIA COLEGIO INTEGRADO DE;3504107;665.2660869565217;23.0;85.0;3.0;0.7814;Poliedro
35802839;ARBOS COLEGIO UNIDADE MARECHAL DEODORO;3548807;675.949918699187;41.0;174.0;3.0;0.7812;Poliedro
33192260;LATTOS COLEGIO E VESTIBULARES;3304557;652.9326126126126;37.0;173.0;4.0;0.7811;Poliedro
31127965;COL JESUS MARIA JOSE;3151800;652.9084848484848;44.0;125.0;4.0;0.7808;Poliedro
35100419;ZETA SISTEMA DE ENSINO DE BIRIGUI;3506508;647.4641379310344;29.0;104.0;4.0;0.7807;Poliedro
50035088;COLEGIO MAESTRIA - ENEM E VESTIBULARES;5002704;674.5422641509433;53.0;211.0;1.0;0.7806;Poliedro
33150931;COLEGIO E CURSO PENSI;3303302;655.3420987654321;162.0;236.0;3.0;0.7803;Poliedro
33183031;ESCOLA SA PEREIRA;3304557;641.0128571428571;14.0;98.0;4.0;0.7803;Poliedro
25093096;COLEGIO PIO XI;2507507;641.7004347826087;69.0;216.0;5.0;0.78;Poliedro
42000670;ASAV - COLEGIO CATARINENSE;4205407;637.6192342342342;148.0;514.0;5.0;0.78;Poliedro
29182654;COLEGIO SS SACRAMENTO;2927408;641.6614999999999;40.0;149.0;5.0;0.7797;Poliedro
33168202;CENTRO EDUCACIONAL PRE UNIVERSITARIO;3300209;652.3455319148936;47.0;105.0;4.0;0.7797;Poliedro
35125436;SAPIENS CURSO E COLEGIO;3548906;664.6179487179487;39.0;127.0;3.0;0.7796;Poliedro
21292990;AUDAZ COLEGIO LTDA;2111300;657.96;16.0;34.0;4.0;0.779;Poliedro
31007498;COLEGIO FRANCISCANO CORACAO DE MARIA;3106200;636.2830769230769;26.0;89.0;5.0;0.7789;Poliedro
33042560;COL NS DO CARMO;3305802;641.4559999999999;10.0;55.0;5.0;0.7789;Poliedro
35431436;LICEU CONTEMPORANEO ENSINO MEDIO;3543402;637.4346153846153;52.0;174.0;5.0;0.7789;Poliedro
15172201;CENTRO EDUCACIONAL ESCREVA COM LTDA;1504208;656.9227272727273;66.0;153.0;3.0;0.7788;Poliedro
33180385;COLEGIO PH;3303302;694.6105797101449;138.0;145.0;0.0;0.7785;Poliedro
31004171;COLEGIO NOSSA SENHORA DAS DORES;3106200;636.1278947368421;38.0;108.0;5.0;0.7784;Poliedro
51016443;COLEGIO AVANCADO DE DESENVOLVIMENTO EDUCACIONAL;5107909;657.8776190476191;42.0;121.0;4.0;0.7784;Poliedro
53020600;COL FLEMING AGUAS CLARAS;5300108;664.633;40.0;94.0;2.0;0.7782;Poliedro
33182108;COLEGIO E CURSO PRW;3303906;691.8580952380953;42.0;148.0;1.0;0.7781;Poliedro
41030095;PREMIER C - EI EF M;4113700;641.3193220338984;59.0;189.0;5.0;0.7781;Poliedro
41063309;COL PONTAGROSSENSE-EDUC INF ENS FUND ENS MED;4119905;652.0256756756756;74.0;262.0;4.0;0.7781;Poliedro
43123988;COLEGIO RIACHUELO;4316907;693.5887096774194;62.0;262.0;2.0;0.7777;Poliedro
35130217;ESCOLA CARANDA VIVA VIDA;3550308;657.6666666666666;27.0;100.0;4.0;0.7776;Poliedro
35463279;VITAL BRAZIL COLEGIO;3550308;721.622794117647;136.0;401.0;1.0;0.7775;Poliedro
31006424;COLEGIO FRANCISCANO SAGRADA FAMILIA;3106200;635.8399999999999;55.0;191.0;5.0;0.7771;Poliedro
42121191;COLEGIO POSITIVO JOINVILLE;4209102;651.8408602150537;155.0;497.0;4.0;0.7771;Poliedro
24089150;OVER COLEGIO E CURSO;2408003;644.5565517241379;29.0;106.0;4.0;0.7769;Poliedro
33120986;COOPERATIVA EDUCACIONAL ESCOLA FRIBOURG;3303401;646.3161904761904;21.0;79.0;4.0;0.7769;Poliedro
35112773;IMACULADA INSTITUTO EDUCACIONAL;3509502;641.1178666666667;50.0;184.0;5.0;0.7767;Poliedro
35004215;COESO EDUC;3549805;663.5529411764705;17.0;72.0;3.0;0.7767;Poliedro
42091560;COLEGIO MARISTA SAO LUIS EI EF EM;4208906;654.5699999999999;62.0;228.0;3.0;0.7767;Poliedro
29171652;COLEGIO SANTO ANTONIO DE JESUS;2928703;635.7114754098361;61.0;267.0;5.0;0.7766;Poliedro
35117614;SAGRADO REDE DE EDUCACAO PBSCJ PROVINCIA BRASILEIRA SAGRADO CORACAO DE JESUS;3529005;651.7304347826087;23.0;99.0;4.0;0.7766;Poliedro
35008727;ESCOLA NOVA LOURENCO CASTANHO;3550308;663.5083333333333;28.0;147.0;3.0;0.7766;Poliedro
33055882;COLEGIO NOSSA SENHORA DA ASSUNCAO;3303302;631.2120930232558;43.0;141.0;5.0;0.7764;Poliedro
43105149;COLEGIO BOM JESUS SEVIGNE;4314902;636.7216666666667;16.0;95.0;5.0;0.7763;Poliedro
31166359;ASSEIJ - COLEGIO NOSSA SENHORA DAS DORES;3170107;636.6985542168675;83.0;301.0;5.0;0.7762;Poliedro
31341550;COLEGUIUM - UNIDADE JARDIM CANADA;3144805;660.7322222222223;18.0;45.0;3.0;0.776;Poliedro
33188823;COLEGIO ESPACO VERDE;3306305;636.6242105263158;19.0;73.0;5.0;0.776;Poliedro
43216684;COLEGIO JOAO PAULO;4314902;662.9746666666666;15.0;55.0;3.0;0.7758;Poliedro
33105405;COLEGIO PH;3304557;654.0248226950355;141.0;394.0;3.0;0.7757;Poliedro
33110328;COLEGIO PH;3304557;660.6926174496645;149.0;409.0;3.0;0.7757;Poliedro
33140502;COLEGIO ATUACAO BILINGUE;3303302;662.6845454545454;22.0;94.0;3.0;0.7755;Poliedro
17057574;COLEGIO COC INTEGRAL;1721000;670.8816666666667;12.0;14.0;1.0;0.7752;Poliedro
50034197;COLEGIO MASTER LTDA;5002704;662.5661818181818;55.0;217.0;3.0;0.7752;Poliedro
42000238;COLEGIO BOM JESUS CORACAO DE JESUS;4205407;640.6637837837839;37.0;135.0;5.0;0.7749;Poliedro
35126718;ESCOLA NOVA LOURENCO UNIDADE IV;3550308;671.5768484848485;55.0;320.0;3.0;0.7748;Poliedro
33032858;COLEGIO ARCOVERDE - UNIDADE MACEDO SOARES;3306305;635.27125;32.0;121.0;5.0;0.7747;Poliedro
35450339;SANTA ROSALIA COLEGIO;3552205;662.4371428571428;70.0;240.0;3.0;0.7747;Poliedro
26184834;COLEGIO MOTIVO CARUARU;2604106;645.5318918918919;37.0;131.0;4.0;0.7745;Poliedro
31322873;COLEGUIUM - UNIDADE SANTA AMELIA;3106200;653.6358974358974;39.0;159.0;3.0;0.7744;Poliedro
35144216;PARTHENON COLEGIO;3518800;640.626052631579;38.0;163.0;5.0;0.7743;Poliedro
42160650;CURSO E COLEGIO CRIATIVO;4205407;662.3547540983607;61.0;246.0;3.0;0.7742;Poliedro
26181231;COLEGIO FAZER CRESCER - ENSINO MEDIO;2611606;683.078947368421;38.0;111.0;1.0;0.7739;Poliedro
33089825;COLEGIO SANTA MONICA - SAO GONCALO;3304904;653.5526530612245;49.0;180.0;3.0;0.7738;Poliedro
42020565;COLEGIO DOS SANTOS ANJOS;4209102;644.6720187793427;71.0;284.0;5.0;0.7737;Poliedro
51014459;CENTRO EDUCACIONAL VINICIUS DE MORAES;5107925;655.0742105263158;38.0;158.0;3.0;0.7734;Poliedro
53005899;INSTITUTO EDUCACIONAL SANTO ELIAS;5300108;650.8136296296296;45.0;139.0;4.0;0.7734;Poliedro
35125982;COLEGIO PORTO ALVORADA ENSINO FUNDAMENTAL E MEDIO;3525300;640.4224390243902;41.0;102.0;5.0;0.7732;Poliedro
42160081;GAIA CURSO E COLEGIO;4205407;661.7257738095238;112.0;484.0;3.0;0.7729;Poliedro
31217123;COLEGUIUM - UNIDADE OURO PRETO;3106200;653.3066666666667;72.0;266.0;3.0;0.7728;Poliedro
43008895;ESCOLA DE ENSINO MEDIO IMPULSO AO SABER;4302105;644.7321568627451;17.0;36.0;4.0;0.7726;Poliedro
29093627;COLEGIO PADRE OVIDIO;2910800;640.3118518518519;45.0;166.0;5.0;0.7722;Poliedro
33111901;COL BAHIENSE VAZ LOBO;3304557;655.3442857142857;14.0;55.0;4.0;0.7719;Poliedro
53001346;COLEGIO MARISTA DE BRASILIA ENSINO FUNDAMENTAL E ENSINO MEDIO;5300108;650.5344278606965;201.0;669.0;4.0;0.7719;Poliedro
33008221;CENTRO EDUCACIONAL NOSSA SENHORA AUXILIADORA;3301009;630.000248447205;161.0;634.0;5.0;0.7718;Poliedro
25164805;FERA COLEGIO E CURSO;2510808;635.781090909091;55.0;233.0;5.0;0.7716;Poliedro
35153631;INSTITUTO DE ENSINO NOVO DINAMICO;3550308;650.48;25.0;102.0;4.0;0.7715;Poliedro
32018134;ESCOLA ALTERNATIVA LAGO DOS CISNES;3204906;635.7764705882353;51.0;175.0;5.0;0.7714;Poliedro
51067471;PPE - PRINA PITT ESCOLA;5107909;680.8612698412699;63.0;189.0;1.0;0.7712;Poliedro
35136050;LEONARDO DA VINCI COLEGIO DE ENSINO FUNDAMENTAL E MEDIO;3525904;707.6338138138138;111.0;314.0;1.0;0.7711;Poliedro
43119948;COLEGIO MARISTA SAO LUIS;4316808;635.6939130434783;23.0;143.0;5.0;0.7711;Poliedro
42108764;COLEGIO DOM JAIME CAMARA;4216602;649.9607547169811;53.0;175.0;4.0;0.7706;Poliedro
31379719;COLEGIO RUTHERFORD;3167202;673.2072727272727;44.0;111.0;2.0;0.7705;Poliedro
31006491;ESCOLA BALAO VERMELHO;3106200;652.9204166666667;48.0;134.0;3.0;0.7701;Poliedro
42160073;COLEGIO FORMULA;4211900;660.5664285714286;28.0;90.0;3.0;0.7697;Poliedro
33071721;COLEGIO QI METROPOLITANO;3304557;638.8952688172043;62.0;190.0;4.0;0.7695;Poliedro
33159645;GRUPO EDUCACIONAL MOPI LTDA - UNIDADE INTEGRADO II - TIJUCA;3304557;660.8180952380952;21.0;62.0;2.0;0.7695;Poliedro
42080258;COLEGIO SAO LUIZ;4202909;639.8086666666666;30.0;196.0;5.0;0.7694;Poliedro
31118320;COL IMACULADA CONCEICAO;3147907;639.761935483871;31.0;105.0;5.0;0.7692;Poliedro
35161123;RODIN COLEGIO;3520509;668.1995555555555;45.0;203.0;3.0;0.7691;Poliedro
35133450;OBJETIVO COLEGIO I UNIDADE PINHEIROS;3550308;639.7571428571429;77.0;196.0;5.0;0.7691;Poliedro
33196222;ESCOLA NOVA BY SWISS INTERNATIONAL SCHOOL;3304557;642.8151111111112;45.0;156.0;4.0;0.7683;Poliedro
43112790;COLEGIO BOM JESUS JOANA D ARC;4315602;639.5634782608695;23.0;99.0;5.0;0.7681;Poliedro
31123544;COLEGIO LEONARDO DA VINCI;3148004;667.245751633987;51.0;205.0;1.0;0.7677;Poliedro
35113086;NEXT COLEGIO;3523404;671.4263636363637;22.0;91.0;2.0;0.7676;Poliedro
51068931;ESCOLA AVANCE;5107958;648.8316666666666;24.0;77.0;4.0;0.7676;Poliedro
24003581;CPP - COLEGIO PRINCIPE;2408003;634.9790476190476;42.0;118.0;5.0;0.7674;Poliedro
35138769;ASTHER COLEGIO;3509502;639.3008333333333;24.0;72.0;5.0;0.7673;Poliedro
33101876;COC - ILHA DO GOVERNADOR - UNIDADE CAMBAUBA;3304557;648.7835714285713;28.0;89.0;4.0;0.7671;Poliedro
23163240;PEQUENO PRINCIPE COLEGIO;2304202;639.201746031746;84.0;290.0;5.0;0.767;Poliedro
35009757;COLEGIO POLIEDRO UNIDADE CENTRO;3509502;700.13875;16.0;17.0;1.0;0.767;Poliedro
31377899;COLEGIO OMEGA;3143906;667.832258064516;31.0;94.0;2.0;0.7668;Poliedro
42141036;COLEGIO ENERGIA;4204202;683.457094017094;78.0;235.0;2.0;0.7664;Poliedro
21279446;ESCOLA CRESCIMENTO;2111300;642.0091358024691;27.0;118.0;4.0;0.7662;Poliedro
21267324;COLEGIO GLAUCIA COSTA;2112209;643.48375;16.0;52.0;4.0;0.7659;Poliedro
28032799;COLEGIO IDEAL LTDA-EPP;2800308;669.9727450980392;34.0;192.0;2.0;0.7657;Poliedro
35137133;PENTAGONO COLEGIO UNIDADE MORUMBI;3550308;666.6890909090909;44.0;165.0;3.0;0.7653;Poliedro
31369969;COLEGIO NACIONAL - UNIDADE IV;3170206;648.2307707129095;173.0;631.0;4.0;0.7652;Poliedro
21274231;D PEDRO II EMPREENDIMENTOS EDUCACIONAIS LTDA;2111300;628.4592307692308;26.0;85.0;5.0;0.7651;Poliedro
28020049;LICEU DE ESTUDOS INTEGRADOS;2800308;643.2965517241379;29.0;132.0;4.0;0.7651;Poliedro
33182094;COLEGIO E CURSO PENSI;3305802;645.8411428571428;35.0;117.0;3.0;0.7651;Poliedro
31281921;CECRI C EDUC CRIATIVO;3122306;637.6707692307692;13.0;64.0;4.0;0.7649;Poliedro
35113219;SAO VICENTE DE PAULO COLEGIO;3525904;653.4043137254903;51.0;162.0;4.0;0.7647;Poliedro
29442818;COLEGIO SALESIANO DOM BOSCO;2927408;638.7028717948718;130.0;417.0;5.0;0.7646;Poliedro
33249202;COLEGIO PH;3304557;651.5102127659575;94.0;255.0;3.0;0.7646;Poliedro
35125222;CIDADE DE BRAGANCA PTA COLEGIO;3507605;681.8616000000001;25.0;122.0;2.0;0.7646;Poliedro
35112689;COMUNITARIA DE CAMPINAS ESCOLA;3509502;658.5717777777777;60.0;170.0;3.0;0.7645;Poliedro
32041373;SOCIEDADE CULTURAL MONTEIRO LOBATO CEMS;3205309;634.2954545454545;22.0;65.0;5.0;0.7644;Poliedro
32077610;UP CENTRO EDUCACIONAL;3205309;642.6699421965318;173.0;450.0;5.0;0.7643;Poliedro
33198640;CANADIAN SCHOOL OF NITEROI;3303302;658.4541333333333;25.0;70.0;3.0;0.764;Poliedro
35195005;COLEGIO ANGLO LEONARDO DA VINCI;3505708;681.1665060240964;83.0;255.0;2.0;0.764;Poliedro
35150435;COLEGIO APICE;3525904;647.876875;32.0;125.0;4.0;0.7637;Poliedro
41068785;LA SALLE C ED INF ENS FUND MEDIO;4127700;634.2033333333334;18.0;139.0;5.0;0.7636;Poliedro
35304414;PLUS COLEGIO;3505500;666.0182857142858;35.0;135.0;3.0;0.7635;Poliedro
35373886;D INCAO INSTITUTO DE ENSINO;3506003;668.5603174603175;42.0;130.0;2.0;0.7632;Poliedro
42155541;COLEGIO AVANTIS;4202909;642.0643137254903;17.0;100.0;5.0;0.7627;Poliedro
33102830;EDUCANDARIO MIOSOTIS;3303401;642.5907692307693;13.0;67.0;4.0;0.7626;Poliedro
35117547;CRIATIVO COLEGIO;3529005;678.3079601990049;67.0;233.0;1.0;0.7625;Poliedro
35107517;SANTA MARIA COLEGIO;3550308;627.8488075880759;123.0;368.0;5.0;0.7621;Poliedro
41031105;INTERATIVA C - EI EF M;4113700;647.5902564102564;13.0;50.0;4.0;0.762;Poliedro
42006694;COLEGIO DEHON;4218707;637.9005970149253;134.0;524.0;5.0;0.7617;Poliedro
11043857;COLEGIO CLASSE A;1100205;637.865;48.0;122.0;5.0;0.7616;Poliedro
31379832;COLEGIO DONA CLARA - UNIDADE 2;3106200;641.1690322580646;62.0;194.0;4.0;0.7616;Poliedro
53009592;COL NOSSA SENHORA DO PERPETUO SOCORRO;5300108;637.785;16.0;96.0;5.0;0.7612;Poliedro
52083888;COLEGIO PROTAGORAS;5208707;637.6391666666667;168.0;512.0;5.0;0.7606;Poliedro
42016150;COLEGIO SAGRADA FAMILIA;4202404;637.6164912280701;57.0;276.0;5.0;0.7603;Poliedro
25132598;COLEGIO BATISTA BRASIL - PRAIA - JOAO PESSOA;2507507;632.052;15.0;62.0;5.0;0.7602;Poliedro
35809044;PARQUE ECOLOGICO INSTITUTO DE EDUCACAO;3520509;647.2167741935484;62.0;231.0;4.0;0.7601;Poliedro
33189137;AVANCO FREGUESIA COLEGIO E CURSO LTDA;3304557;673.9722222222222;54.0;117.0;1.0;0.76;Poliedro
23163348;SANTA TERESA DE JESUS COLEGIO;2304202;627.3629629629629;27.0;111.0;5.0;0.7598;Poliedro
33112959;CENTRO EDUCACIONAL JARDIM AMALIA;3306305;633.3276923076924;26.0;124.0;5.0;0.7598;Poliedro
35140193;OBJETIVO COLEGIO;3554102;692.9010000000001;20.0;80.0;1.0;0.7598;Poliedro
26118262;COLEGIO VISAO;2611606;631.8330092592593;144.0;470.0;5.0;0.7597;Poliedro
35301279;COLEGIO ANGLO LEONARDO DA VINCI;3510609;678.263;40.0;116.0;2.0;0.7597;Poliedro
29467950;DOM JEQUIE;2918001;637.4416666666667;12.0;82.0;5.0;0.7595;Poliedro
31275531;COLEGIO BATISTA MINEIRO;3170206;636.4974603174603;21.0;102.0;4.0;0.7593;Poliedro
35466153;ADV BOTUCATU UNIDADE IV COLEGIO;3507506;667.0959375;64.0;205.0;2.0;0.7592;Poliedro
53017293;UNICO EDUCACIONAL TAGUATINGA;5300108;656.8920512820513;52.0;169.0;3.0;0.7591;Poliedro
50007718;COLEGIO ALMIRANTE TAMANDARE;5002704;666.9085714285713;14.0;45.0;2.0;0.7589;Poliedro
51039877;COLEGIO SALESIANO SAO GONCALO - ESCOLA DE EDUCACAO BASICA;5103403;637.3743169398907;183.0;558.0;5.0;0.7589;Poliedro
43215688;COLEGIO FLEMING CAXIAS DO SUL;4305108;681.4221739130435;46.0;156.0;0.0;0.7588;Poliedro
43057152;ESCOLA DE EDUCACAO BASICA DA URI - ERECHIM;4307005;633.11768707483;49.0;232.0;5.0;0.7586;Poliedro
50016628;COLEGIO UNIGRAN;5003702;637.2757575757577;77.0;309.0;5.0;0.7585;Poliedro
27218180;SEB ESCOLAS DE ALTA PERFORMANCE LTDA;2704302;626.685968992248;86.0;377.0;5.0;0.7581;Poliedro
41158709;LOBO MED C - EM;4109401;641.1830107526881;31.0;95.0;5.0;0.7579;Poliedro
35107165;PIONEIRO CENTRO EDUCACIONAL;3550308;663.7253846153847;26.0;64.0;3.0;0.7578;Poliedro
41129148;COLEGIO ERASTO GAERTNER;4106902;632.6029743589743;65.0;275.0;5.0;0.7572;Poliedro
33058164;CENTRO EDUCACIONAL LOGOS;3303500;656.1336666666667;20.0;78.0;3.0;0.757;Poliedro
35165396;SANTA BARBARA COLEGIO;3507605;646.1273684210527;19.0;93.0;4.0;0.7567;Poliedro
35108923;ABACO COLEGIO;3548708;679.5597126436782;174.0;648.0;0.0;0.7563;Poliedro
41132130;COLEGIO MARISTA PARANAENSE EI EF EM;4106902;640.286019047619;175.0;760.0;4.0;0.7563;Poliedro
33055890;COLEGIO NOSSA SENHORA DAS MERCES;3303302;640.9266666666666;15.0;75.0;5.0;0.7558;Poliedro
41152484;COLEGIO POSITIVO INTERNATIONAL SCHOOL - EDUCACAO INFANTIL ENSINO FUNDAMENTAL E MEDIO;4106902;645.7249275362318;23.0;124.0;4.0;0.7556;Poliedro
15173437;COLEGUIUM - UNIDADE INTERNACIONAL CARAJAS;1505536;632.1625925925925;54.0;172.0;5.0;0.7555;Poliedro
31370100;SISTEMA DE ENSINO FOCO;3143302;665.2735802469135;54.0;236.0;2.0;0.7551;Poliedro
25129899;ISO COLEGIO E CURSOS;2507507;655.2095906432747;114.0;429.0;3.0;0.7546;Poliedro
52108813;COLEGIO TRINUS;5208707;650.5764705882352;17.0;95.0;2.0;0.7543;Poliedro
33087628;ANGLO AMERICANO ESCOLAS INTEGRADAS LTD;3304557;639.9231746031746;21.0;57.0;4.0;0.7541;Poliedro
33173990;COLEGIO E CURSO AZ - UNIDADE TIJUCA;3304557;674.8539463601533;87.0;230.0;0.0;0.7537;Poliedro
35132925;ESCOLA SEB UNIDADE LAFAIETE;3543402;644.9163018867924;265.0;292.0;4.0;0.7537;Poliedro
33041105;COLEGIO BOM JESUS CANARINHOS;3303906;640.6337037037038;54.0;164.0;4.0;0.7536;Poliedro
33447225;COLEGIO E CURSO AZ - UNIDADE BARRA;3304557;653.3298681732581;177.0;522.0;3.0;0.7536;Poliedro
31353906;COLEGIO SANTA MARIA MINAS - UNIDADE BETIM;3106705;630.28;89.0;267.0;5.0;0.7535;Poliedro
33151369;ESCOLA BOM JESUS MENINO JESUS;3303906;644.8837209302326;43.0;135.0;4.0;0.7535;Poliedro
35102787;NOTRE DAME COLEGIO;3550308;636.0223529411765;34.0;99.0;5.0;0.7533;Poliedro
33155852;COLEGIO PH;3304557;643.8449691358024;108.0;344.0;4.0;0.7531;Poliedro
33069565;INSTITUTO PIO XI;3304557;630.1864;50.0;117.0;5.0;0.753;Poliedro
35140685;INTEGRAL APLICADO COLEGIO;3530706;650.6031578947369;19.0;58.0;4.0;0.753;Poliedro
41379110;PGD C - EI EF M;4113700;635.9166666666667;34.0;191.0;5.0;0.7528;Poliedro
33066752;COLEGIO PALAS;3304557;669.096;55.0;138.0;1.0;0.7527;Poliedro
35117572;CRISTO REI COLEGIO;3529005;654.8026315789474;76.0;309.0;3.0;0.7525;Poliedro
35137674;COLEGIO SER UNIDADE CAMPOLIM;3552205;661.3134057971015;92.0;439.0;3.0;0.7525;Poliedro
51069431;COLEGIO LEIBNIZ;5107602;631.4117117117117;37.0;125.0;5.0;0.7523;Poliedro
11000058;CENTRO DE ENSINO CLASSE A;1100205;644.6287222222222;120.0;357.0;4.0;0.7521;Poliedro
26122154;COLEGIO DE SANTA CATARINA;2611606;625.6218181818182;22.0;73.0;5.0;0.752;Poliedro
26194619;ACADEMIA CRISTA DE BOA VIAGEM ENSINO MEDIO;2611606;655.0034146341463;41.0;152.0;2.0;0.7518;Poliedro
35117560;BEZERRA DE MENEZES COLEGIO EIFM E TECNICO;3529005;635.6813333333333;45.0;185.0;5.0;0.7514;Poliedro
31367710;COLEGIO SOLIDO - UNIDADE SAO JOSE;3143302;644.3845679012346;54.0;118.0;4.0;0.7513;Poliedro
33055416;COLEGIO E CURSO ZEROHUM ICARAI;3303302;661.4680000000001;10.0;38.0;2.0;0.7513;Poliedro
35809445;CRIARTE COLEGIO;3525904;650.109152542373;59.0;207.0;4.0;0.7513;Poliedro
24087157;FACEX UNIDADE CIC;2408102;634.48;18.0;59.0;5.0;0.751;Poliedro
26186896;PAIVA EDUCACIONAL SA;2602902;631.0419354838709;31.0;74.0;5.0;0.7507;Poliedro
41166043;COLEGIO PRIME EF EM;4113700;653.9848717948718;52.0;202.0;3.0;0.7506;Poliedro
15229408;COLEGIO EQUIPE GENTIL;1501402;654.6565289256199;121.0;384.0;2.0;0.7505;Poliedro
23073209;COLEGIO LOURENCO FILHO CENTRAL;2304400;644.2304255319149;94.0;340.0;4.0;0.7505;Poliedro
33077258;COLEGIO SERVITA NOSSA SENHORA RAINHA DOS CORACOES;3304557;625.2171428571429;14.0;73.0;5.0;0.7504;Poliedro
35107049;EMILIE DE VILLENEUVE COLEGIO;3550308;635.4729411764706;51.0;201.0;5.0;0.7504;Poliedro
25125958;INTERABESSA COLEGIO E CURSO LTDA ME;2507507;630.844;35.0;100.0;5.0;0.7499;Poliedro
31376442;COLEGIO LIVRE APRENDER;3170107;660.1171428571428;28.0;108.0;3.0;0.7493;Poliedro
41135946;COLEGIO SUICOBRASILEIRO DE CURITIBA;4119152;643.972;25.0;117.0;4.0;0.7491;Poliedro
43203876;COLEGIO GABARITO ZONA NORTE;4314902;635.0711111111111;36.0;125.0;5.0;0.7488;Poliedro
22141472;ESCOLA CRESCER;2207702;647.0307526881721;31.0;91.0;3.0;0.7485;Poliedro
35125659;AMERICANA INSTITUTO EDUCACIONAL DE;3501608;643.9156345177665;197.0;648.0;4.0;0.7483;Poliedro
41032004;MARISTA DE LONDRINA C - EI EF M;4113700;624.6338308457712;67.0;245.0;5.0;0.7482;Poliedro
13026631;COLEGIO PALAS ATENA;1302603;641.66875;16.0;53.0;3.0;0.7481;Poliedro
43105106;COL LA SALLE SAO JOAO;4314902;630.2153086419753;54.0;200.0;5.0;0.7478;Poliedro
50032950;ANGLO TRES LAGOAS;5008305;659.2714285714286;21.0;72.0;3.0;0.7477;Poliedro
29482445;EDUCANDARIO NS DAJUDA LTDA - LAND;2927408;651.9920000000001;15.0;76.0;3.0;0.7475;Poliedro
52107990;COLEGIO OBJETIVO VALPARAISO;5221858;634.9733333333332;12.0;75.0;5.0;0.7475;Poliedro
41123832;COLEGIO BOM JESUS SAO VICENTE;4101804;634.8401709401709;39.0;124.0;5.0;0.7472;Poliedro
52099946;COLEGIO PROTAGORAS BUENO;5208707;659.7090053763442;124.0;350.0;2.0;0.747;Poliedro
29304407;COLEGIO GALILEU;2914802;634.7972649572649;117.0;361.0;5.0;0.7469;Poliedro
42109230;COLEGIO ENERGIA;4205407;647.7578378378378;111.0;283.0;3.0;0.7469;Poliedro
29181658;COLEGIO SAO LAZARO;2927408;643.67;12.0;37.0;4.0;0.7468;Poliedro
31324515;COLEGIO EQUIPE DE JUIZ DE FORA;3136702;634.77;54.0;174.0;5.0;0.7467;Poliedro
15181456;COLEGIO IDEAL BATISTA CAMPOS;1501402;624.4833333333333;195.0;505.0;5.0;0.7466;Poliedro
33055920;COLEGIO MV I ICARAI;3303302;633.487037037037;54.0;178.0;5.0;0.7465;Poliedro
33065195;CENTRO EDUCACIONAL DA LAGOA;3304557;637.9084210526316;19.0;73.0;4.0;0.7463;Poliedro
33088519;COLEGIO SANTA MONICA - BONSUCESSO;3304557;651.7251162790698;43.0;132.0;3.0;0.7462;Poliedro
33195552;COLEGIO APROVADO RIO DAS OSTRAS;3304524;653.0204347826086;46.0;130.0;3.0;0.7461;Poliedro
26160307;COLEGIO MOTIVO;2611606;629.688;80.0;294.0;5.0;0.7457;Poliedro
35135094;BRASILIS COLEGIO;3530607;648.1936;75.0;223.0;4.0;0.7454;Poliedro
33100705;ESCOLA DINAMIS LTDA;3304557;666.0676923076923;13.0;64.0;1.0;0.7452;Poliedro
33190160;COLEGIO SILVA SERPA;3305208;643.143448275862;29.0;103.0;4.0;0.7451;Poliedro
31369977;COL CHROMOS BARREIRO;3106200;637.5576119402986;67.0;412.0;4.0;0.7445;Poliedro
35499778;ILIMIT EDUCACIONAL;3501608;652.4615384615385;39.0;194.0;3.0;0.7444;Poliedro
22144196;COLEGIO EQUACAO CERTA LESTE;2211001;660.7524489795918;98.0;244.0;0.0;0.7443;Poliedro
29470153;COLEGIO SENECA;2933307;647.281;70.0;225.0;3.0;0.7443;Poliedro
33031371;COL DOM BOSCO;3304201;658.37;42.0;173.0;3.0;0.7442;Poliedro
29178223;COLEGIO APOIO LTDA;2919207;642.8469387755102;49.0;234.0;4.0;0.7436;Poliedro
31096270;COLEGIO PADRAO;3143302;645.2081818181819;44.0;132.0;3.0;0.7435;Poliedro
33147809;COLEGIO PALAS;3304557;652.2743333333333;20.0;74.0;3.0;0.7434;Poliedro
52054160;CENTRO EDUCACIONAL QUASAR;5218805;652.2527272727273;22.0;156.0;3.0;0.7433;Poliedro
33043086;ESC GEORGE MARCH LTDA;3305802;637.3611111111111;30.0;127.0;4.0;0.7431;Poliedro
35150642;IDEAL COLEGIO;3545803;638.045625;32.0;105.0;5.0;0.7431;Poliedro
52098966;COLEGIO FILOSOFO LTDA;5218805;652.0929032258065;31.0;127.0;3.0;0.7428;Poliedro
28033450;ALTERNATIVO CURSO E COLEGIO;2802908;668.117037037037;54.0;191.0;2.0;0.7425;Poliedro
31371726;SOPHIS EDUCACIONAL;3122306;658.3623333333333;40.0;94.0;2.0;0.7425;Poliedro
35135550;COLEGIO SANTA VIRGINIA;3550308;637.1716666666666;12.0;56.0;4.0;0.7425;Poliedro
35197440;COLEGIO AZ INTERNACIONAL;3507605;659.1357142857142;14.0;61.0;1.0;0.7422;Poliedro
35104991;BENJAMIN CONSTANT COLEGIO;3550308;657.7157377049181;61.0;245.0;3.0;0.742;Poliedro
31346314;COLEGIO IMP LTDA;3138203;666.78;21.0;95.0;1.0;0.7415;Poliedro
33109923;COL BAHIENSE LTDA;3304557;657.3063157894736;19.0;65.0;3.0;0.7414;Poliedro
41407423;COLEGIO BERTONI - ENSINO FUNDAMENTAL E MEDIO;4108304;642.0170114942529;87.0;291.0;4.0;0.7414;Poliedro
33194688;LEGACY SCHOOL REGIAO OCEANICA;3303302;646.4211111111111;18.0;42.0;3.0;0.7413;Poliedro
35192399;COLEGIO ACADEMIA;3525300;641.956;15.0;64.0;4.0;0.7409;Poliedro
35108112;AUGUSTO RUSCHI COLEGIO;3518800;641.8628571428571;21.0;99.0;4.0;0.7406;Poliedro
31170216;COLEGIO BERLAAR SAGRADO CORACAO JESUS;3103504;641.86;14.0;86.0;4.0;0.7405;Poliedro
35116828;ESCOLA CHAMPAGNAT UNIDADE BIRIGUI;3506508;647.1374193548387;31.0;90.0;4.0;0.7401;Poliedro
53005910;INST SAO JOSE;5300108;633.3026923076923;52.0;207.0;5.0;0.74;Poliedro
52101517;COLEGIO VERSUS LTDA;5211503;633.273;20.0;83.0;5.0;0.7399;Poliedro
33161429;COLEGIO E CURSO PENSI;3303302;645.7265765765766;74.0;231.0;3.0;0.7396;Poliedro
35467066;NOVO ANGLO BAURU;3506003;658.9160563380282;71.0;179.0;2.0;0.7391;Poliedro
31321079;COL CIDADE DE PATOS DE MINAS DE ENSINO FUNDAMENTAL E MEDIO;3148004;651.1883018867925;53.0;232.0;3.0;0.739;Poliedro
33202109;MART EDUCACAO LTDA;3304557;641.6033333333332;10.0;55.0;4.0;0.739;Poliedro
29459230;COLEGIO MARIZIA MAIOR;2927408;641.5861538461539;26.0;93.0;4.0;0.7389;Poliedro
53001192;C EDUCACIONAL SAGRADA FAMILIA;5300108;632.9286956521739;23.0;97.0;5.0;0.7388;Poliedro
25115260;SECULO COLEGIO E CURSO;2507507;628.0586956521739;46.0;193.0;5.0;0.7384;Poliedro
29456096;COLEGIO IEPROL;2914802;650.817037037037;27.0;83.0;3.0;0.738;Poliedro
35007668;DELTA EDUCACIONAL;3502804;668.5461538461539;39.0;189.0;0.0;0.738;Poliedro
21280746;CENTRO EDUCACIONAL SAGRES;2111300;631.4866666666667;21.0;85.0;4.0;0.7375;Poliedro
35131945;GUILHERME DE ALMEIDA COLEGIO UNIDADE I;3518800;626.4696774193549;31.0;95.0;5.0;0.7373;Poliedro
31118346;COL STATUS;3147907;641.186875;32.0;88.0;4.0;0.737;Poliedro
43037690;COLEGIO MARIA AUXILIADORA;4304606;622.0091472868218;43.0;171.0;5.0;0.737;Poliedro
43215572;COLEGIO FLEMING PELOTAS;4314407;658.2059090909091;44.0;148.0;2.0;0.7369;Poliedro
35107542;ESCOLA BILINGUE PUERI DOMUS UNIDADE I VERBO DIVINO;3550308;636.5661904761904;56.0;253.0;5.0;0.7365;Poliedro
16003128;ESCOLA CONEXAO AQUARELA;1600303;631.3671834625324;129.0;374.0;4.0;0.7363;Poliedro
35258143;NOVO COLEGIO SISTEMA DE ENSINO DE FRANCA LTDA;3516200;678.900895522388;67.0;241.0;0.0;0.7357;Poliedro
53001389;COL SAGRADO CORACAO DE MARIA;5300108;632.1278571428572;28.0;126.0;5.0;0.7356;Poliedro
35153126;LITTERATUS COLEGIO;3523404;650.124;35.0;123.0;3.0;0.7352;Poliedro
41071913;NOSSA SRA AUXILIADORA COL EI-EF-EM;4104808;631.8784615384616;13.0;72.0;5.0;0.7351;Poliedro
35445848;CONEXAO COLEGIO;3503208;665.0020512820513;91.0;288.0;2.0;0.7345;Poliedro
23070722;NOSSA SENHORA DAS GRACAS COLEGIO;2304400;631.7655367231638;59.0;197.0;5.0;0.7343;Poliedro
35113759;COLEGIO PIRACICABANO DA IGREJA METODISTA;3538709;631.76375;16.0;48.0;5.0;0.7341;Poliedro
35125726;PERSPECTIVA ESCOLA;3550308;657.288;20.0;88.0;2.0;0.734;Poliedro
29427924;ESCOLA MONTEIRO LOBATO -UNIDADE 2;2919553;626.7527272727273;22.0;75.0;5.0;0.7333;Poliedro
43176852;CENTRO TECNOLOGICO UNIVERSIDADE CAXIAS DO SUL - UNIDADE DE ENSINO DE CAXIAS DO SUL;4305108;625.6244444444444;183.0;648.0;5.0;0.7328;Poliedro
43069002;COLEGIO DOM FELICIANO;4309209;626.6608771929824;114.0;363.0;5.0;0.7327;Poliedro
31371777;COLEGIO GABARITO;3104007;648.966875;32.0;109.0;3.0;0.7324;Poliedro
42103894;COLEGIO VILA OLIMPIA;4205407;640.3953846153846;13.0;70.0;4.0;0.7323;Poliedro
41063015;COLEGIO POSITIVO MASTER - EDUCACAO INFANTIL ENSINO FUNDAMENTAL E MEDIO;4119905;640.3889743589743;78.0;296.0;4.0;0.7322;Poliedro
51036193;MASTER GENESIS ALVORADA;5103403;635.9515625;64.0;225.0;4.0;0.7321;Poliedro
12030058;ESC DE ENSINO MEDIO E TECNICO PLACIDO DE CASTRO;1200401;635.9234782608695;46.0;161.0;4.0;0.732;Poliedro
35135148;SINGULAR COLEGIO;3547809;648.8620606060606;220.0;814.0;3.0;0.732;Poliedro
35811385;PENHENSE ESCOLA ESP;3550308;640.3133333333334;48.0;117.0;4.0;0.7319;Poliedro
35107803;COLEGIO MAGISTER;3550308;631.2054761904762;28.0;126.0;5.0;0.7318;Poliedro
32074182;CENTRO DE ENSINO COLATINENSE DARWIN;3201506;644.342;30.0;117.0;4.0;0.7314;Poliedro
43037682;COLEGIO LA SALLE;4304606;626.3922222222222;120.0;407.0;5.0;0.7314;Poliedro
35108339;SANTA MONICA COLEGIO;3530607;648.7136363636364;33.0;101.0;3.0;0.7312;Poliedro
26033950;COLEGIO NOSSA SENHORA AUXILIADORA;2611101;626.2894358974359;130.0;420.0;5.0;0.7311;Poliedro
35143352;CIDADE DE ITU COLEGIO;3523909;671.1563636363636;44.0;189.0;1.0;0.7311;Poliedro
35113207;DIVINO SALVADOR COLEGIO;3525904;640.2714492753623;46.0;140.0;4.0;0.7311;Poliedro
15096831;COLEGIO ATITUDE;1502103;626.2570491803278;61.0;188.0;5.0;0.7309;Poliedro
33041130;COLEGIO BOM JESUS SAO JOSE;3303906;626.2013793103448;29.0;135.0;5.0;0.7308;Poliedro
35103445;EQUIPE COLEGIO;3550308;640.2621568627451;34.0;139.0;4.0;0.7307;Poliedro
25130676;CENTRO DE ENSINO E EDUCACAO DA BORBOREMA LDTA;2504009;662.2959999999999;65.0;168.0;1.0;0.7306;Poliedro
35165943;ATLANTICO DE ENSINO INSTITUTO;3538709;648.4619047619047;21.0;88.0;3.0;0.7305;Poliedro
35141264;DOMINUS VIVENDI COLEGIO EIFM;3550308;648.4230769230769;13.0;68.0;3.0;0.7302;Poliedro
35165773;MULTIPLUS SCHOOL;3541406;640.1169642857143;56.0;199.0;4.0;0.7301;Poliedro
35439368;COLEGIO PROGRESSO BILINGUE;3520509;648.3925490196078;51.0;139.0;3.0;0.7299;Poliedro
41063252;COLEGIO MARISTA PIO XII EI EF E EM;4119905;624.9712676056338;71.0;288.0;5.0;0.7299;Poliedro
35100473;SANTA TERESINHA COLEGIO SALESIANO;3550308;625.9698529411764;136.0;543.0;5.0;0.7298;Poliedro
41386329;ALDEIA DO SOL CEI EF M;4109401;639.9945454545455;11.0;13.0;4.0;0.7298;Poliedro
42113083;COC COLEGIO OSVALDO CARVALHO EIRELI EPP;4205407;661.845582010582;252.0;738.0;1.0;0.7297;Poliedro
26162016;COLEGIO PONTUAL CENTRO EDUCACIONAL LTDA;2611606;643.2084210526315;19.0;61.0;3.0;0.7292;Poliedro
53001290;COL COR JESU;5300108;630.4535135135135;37.0;184.0;5.0;0.7292;Poliedro
31184349;COLEGIO LOSANGO DE UBA;3169901;653.4424875621891;67.0;231.0;3.0;0.7291;Poliedro
32076363;COLEGIO LUSIADAS;3201308;630.4070833333334;48.0;209.0;5.0;0.7289;Poliedro
52090388;CENTRO EDUCACIONAL IMPACTO LTDA- COLEGIO EXITO;5211909;634.2524999999999;24.0;89.0;4.0;0.7289;Poliedro
41099605;ALIANCA CEI EF M;4109401;625.8157142857143;56.0;230.0;5.0;0.7288;Poliedro
51072823;LAVOISIER CENTRO DE ENSINO;5107602;655.3106666666666;20.0;77.0;2.0;0.7288;Poliedro
31006386;COLEGUIUM - UNIDADE JARAGUA;3106200;641.5607407407407;27.0;75.0;3.0;0.7279;Poliedro
35113724;CIDADE DE PIRACICABA COLEGIO;3538709;647.8616666666667;72.0;210.0;3.0;0.7278;Poliedro
53003659;COL MARISTA CHAMPAGNAT;5300108;630.1565020576131;81.0;323.0;5.0;0.7278;Poliedro
41138430;BOM JESUS SAO JOSE DOS PINHAIS COL EDUC INFANTIL ENSINO FUNDAMENTAL E MEDIO;4125506;639.4002150537634;62.0;235.0;4.0;0.7272;Poliedro
32010311;COLEGIO MARISTA;3201506;633.7864864864864;37.0;159.0;4.0;0.727;Poliedro
31210595;COL QUELUZ DE MINAS;3118304;647.672;10.0;18.0;3.0;0.7267;Poliedro
33098980;CENTRO EDUCACIONAL SANMARTIN PEREZ;3301900;642.5017204301075;31.0;82.0;3.0;0.7265;Poliedro
15561313;CENTRO EDUCACIONAL COLEGIO MONTE CASTELO;1504208;629.7657861635221;53.0;167.0;5.0;0.7263;Poliedro
26095882;INSTITUTO SANTO INACIO DE LOIOLA;2616407;642.1723999999999;50.0;164.0;3.0;0.7262;Poliedro
31354848;COLEGIO LOSANGO DE LAVRAS;3138203;661.4272;25.0;66.0;2.0;0.7262;Poliedro
51027909;COLEGIO LA SALLE ATEC;5107958;649.14;23.0;88.0;2.0;0.7262;Poliedro
29486696;CENTRO EDUCACIONAL OPCAO;2933307;639.0511111111111;21.0;84.0;4.0;0.726;Poliedro
35105961;BEATISSIMA VIRGEM MARIA INSTITUTO DE EDUCACAO;3550308;625.3954545454545;44.0;146.0;5.0;0.726;Poliedro
35121381;PRUDENTINA ESCOLA DE EDUCACAO BASICA;3541406;647.4916384180791;59.0;198.0;3.0;0.7257;Poliedro
35155073;COLEGIO BATISTA BRASIL VILA MARIANA;3550308;637.64;13.0;51.0;4.0;0.7257;Poliedro
41075927;COLEGIO ANGLO AMERICANO;4108304;629.4648979591836;49.0;188.0;5.0;0.7255;Poliedro
35801793;ANGLO ALANTE ARARAS 2;3503307;667.910925925926;36.0;109.0;1.0;0.7251;Poliedro
31368342;COLEGUIUM - UNIDADE INTERNACIONAL BURITIS;3106200;633.3839639639639;37.0;94.0;4.0;0.7249;Poliedro
35140673;INTEGRADO DE MOGI GUACU COLEGIO;3530706;659.9258974358975;26.0;104.0;1.0;0.7249;Poliedro
53005457;CENTRO DE ENSINO SANTA RITA DE CASSIA;5300108;634.6458536585366;41.0;155.0;4.0;0.7248;Poliedro
24057193;COLEGIO OBJETIVO DE NATAL;2408102;625.0688888888889;18.0;51.0;5.0;0.7247;Poliedro
35112537;PIO XII COLEGIO DE APLICACAO;3509502;629.295;20.0;57.0;5.0;0.7247;Poliedro
35367734;DOM BOSCO COLEGIO UNID III;3550308;638.8584;100.0;299.0;4.0;0.7247;Poliedro
43219616;COLEGIO FLEMING CANOAS;4304606;663.0533333333333;36.0;112.0;0.0;0.7246;Poliedro
35152812;JANDYRA ANTUNES ROSA PROFESSORA COLEGIO;3526902;629.2565217391304;23.0;85.0;5.0;0.7244;Poliedro
35102799;SAGRADO CORACAO DE JESUS COLEGIO;3550308;629.2380620155039;86.0;322.0;5.0;0.7243;Poliedro
33009783;INST DOM BOSCO;3301009;624.8458823529411;17.0;72.0;5.0;0.7242;Poliedro
33199558;COLEGIO CENTRO DE ESTUDOS;3301009;652.0584810126583;79.0;229.0;1.0;0.724;Poliedro
35132214;OBJETIVO CENTRO INTERESCOLAR UNIDADE PAZ;3550308;647.1026490066225;151.0;495.0;3.0;0.7237;Poliedro
23077549;COLEGIO 7 DE SETEMBRO;2304400;629.0909473684211;95.0;266.0;5.0;0.7235;Poliedro
35101278;SAO JOSE COLEGIO AGOSTINIANO;3550308;653.7235598705502;206.0;760.0;2.0;0.7232;Poliedro
26153050;COLEGIO LOGOS;2611606;641.895294117647;17.0;55.0;2.0;0.7231;Poliedro
29182433;COLEGIO NOSSA SENHORA DA CONCEICAO;2927408;628.9367901234568;54.0;193.0;5.0;0.723;Poliedro
52094111;COLEGIO DELOS LTDA;5201405;624.5886486486486;74.0;281.0;5.0;0.7228;Poliedro
35456731;OBJETIVO CENTRO INTERESCOLAR UNIDADE IPIRANGA;3550308;646.605501618123;103.0;383.0;3.0;0.7226;Poliedro
43097782;COLEGIO NOTRE DAME;4314100;624.5145833333333;64.0;343.0;5.0;0.7225;Poliedro
22131027;COLEGIO PRO CAMPUS JUNIOR;2211001;636.9864285714285;28.0;29.0;4.0;0.7224;Poliedro
23263741;CWD MAXIMUS COLEGIO;2304400;632.801875;32.0;118.0;4.0;0.7224;Poliedro
33135169;GRUPO FARIA BRITO - OFICINA DA CRIANCA;3304557;624.51;16.0;59.0;5.0;0.7223;Poliedro
50015877;ESCOLA PRESBITERIANA ERASMO BRAGA;5003702;628.7627868852459;61.0;288.0;5.0;0.7219;Poliedro
31054135;COLEGIO FRANCISCANO IMACULADA CONCEICAO;3127701;623.2280272108843;49.0;165.0;5.0;0.7216;Poliedro
35006190;COLEGIO PROGRESSO ITU;3523909;658.6659999999999;20.0;78.0;1.0;0.7216;Poliedro
35159013;COLEGIO OBJETIVO DE RIO CLARO;3543907;628.7387301587302;63.0;238.0;5.0;0.7216;Poliedro
29408148;COLEGIO MATISSE;2918001;644.5497959183673;49.0;145.0;3.0;0.7215;Poliedro
24285323;OVER COLEGIO E CURSO;2408102;653.249375;32.0;80.0;2.0;0.7211;Poliedro
41024397;PRO C-EM;4115200;646.1441025641026;65.0;372.0;3.0;0.7211;Poliedro
42080746;COLEGIO CONSUL CARLOS RENAUX;4202909;628.6126388888889;48.0;269.0;5.0;0.7211;Poliedro
32038240;COLEGIO SAO JOSE;3205200;624.3153846153847;26.0;101.0;5.0;0.7209;Poliedro
52020592;COLEGIO SAO FRANCISCO DE ASSIS;5201108;624.198;20.0;90.0;5.0;0.7204;Poliedro
35140806;CANADA COLEGIO;3518800;645.7504166666666;48.0;145.0;3.0;0.7203;Poliedro
17055962;COLEGIO PRESBITERIANO MACKENZIE PALMAS;1721000;628.40125;16.0;113.0;5.0;0.7201;Poliedro
35161861;PROGRESSAO COLEGIO;3554102;669.098947368421;76.0;255.0;0.0;0.7201;Poliedro
23071400;SANTA ISABEL COLEGIO;2304400;618.8852631578948;76.0;228.0;5.0;0.7198;Poliedro
11049073;COLEGIO SAPIENS - UNIDADE INTENSIVO;1100205;628.2610810810811;37.0;73.0;5.0;0.7196;Poliedro
35107773;SUICO BRASILEIRA SAO PAULO ESCOLA;3550308;628.2377777777779;36.0;166.0;5.0;0.7195;Poliedro
43043666;COLEGIO LA SALLE;4305108;623.9843010752688;31.0;158.0;5.0;0.7193;Poliedro
35175420;CRESCER DE JUNDIAI COLEGIO;3525904;628.105625;32.0;168.0;5.0;0.7192;Poliedro
35118564;CASSIANO RICARDO COLEGIO;3554102;645.4371929824562;76.0;238.0;3.0;0.7191;Poliedro
32083343;SEB ESCOLAS DE ALTA PERFORMANCE S A;3205200;631.7739215686274;102.0;372.0;4.0;0.7189;Poliedro
42112796;ESCOLA AUTONOMIA;4205407;645.4151351351352;37.0;153.0;3.0;0.7189;Poliedro
23235900;COLEGIO LOURENCO FILHO - PARANGABA;2304400;632.8504166666667;48.0;141.0;5.0;0.7187;Poliedro
33088780;CENTRO EDUCACIONAL PEREIRA ROCHA;3304904;633.2328571428571;28.0;31.0;4.0;0.7187;Poliedro
42153824;COC BALNEARIO CAMBORIU COLEGIO CARVALHO;4202008;650.8435078534031;191.0;247.0;3.0;0.7187;Poliedro
31005088;COLEGUIUM - UNIDADE INTERNACIONAL BELVEDERE;3106200;622.1304761904763;14.0;52.0;5.0;0.7178;Poliedro
43123090;COLEGIO CORACAO DE MARIA;4316907;623.6408;25.0;112.0;5.0;0.7177;Poliedro
25134167;CENTRO DE ENSINO E SERVICOS PREPARATORIOS DE VESTIBULARES LTDA;2504009;644.78;74.0;249.0;3.0;0.7176;Poliedro
35500033;CIDADE RIO PRETO COLEGIO;3549805;644.7588461538461;52.0;211.0;3.0;0.7175;Poliedro
33196770;COLEGIO E CURSO CARVALHO BRAGA;3305802;644.68;22.0;108.0;3.0;0.7171;Poliedro
35158823;FUTURO ESCOLA DO;3550308;631.3201075268817;31.0;132.0;4.0;0.7166;Poliedro
43105025;COLEGIO NOSSA SRA DA GLORIA;4314902;618.2495555555556;30.0;138.0;5.0;0.7163;Poliedro
33228604;COLEGIO E CURSO AZ - UNIDADE BOTAFOGO;3304557;649.7243262411348;94.0;190.0;1.0;0.7161;Poliedro
35126044;CURSOS PROVE ESCOLA DE ENSINO FUNDAMENTAL E MEDIO;3529005;644.5392857142857;28.0;94.0;3.0;0.7159;Poliedro
42003903;COLEGIO ELISA ANDREOLI;4216602;627.3997037037037;135.0;443.0;5.0;0.7157;Poliedro
33120544;COLEGIO E CURSO PENSI;3301009;632.2663670411985;89.0;247.0;4.0;0.7155;Poliedro
15177017;COLEGIO EQUIPE ANANINDEUA;1500800;639.1128395061728;81.0;241.0;3.0;0.7153;Poliedro
43215360;COLEGIO FLEMING PASSO FUNDO;4314100;651.9291156462585;49.0;131.0;2.0;0.7152;Poliedro
50007858;COLEGIO SALESIANO DOM BOSCO;5002704;627.3273913043478;46.0;195.0;5.0;0.7152;Poliedro
29149860;COLEGIO DINAMO;2900702;632.1979629629631;54.0;190.0;4.0;0.7151;Poliedro
33176671;COLEGIO INSTITUTO MARCOS FREITAS;3304557;638.9804651162791;43.0;222.0;3.0;0.7145;Poliedro
53038002;C DE ENS MEDIO DELTA;5300108;636.4544000000001;50.0;193.0;4.0;0.7145;Poliedro
35139208;ATENEU DE SAO CAETANO DO SUL COLEGIO UNIDADE III;3548807;666.8223076923077;26.0;102.0;0.0;0.7144;Poliedro
41382161;ALFA DE UMUARAMA CENTRO C E M;4128104;627.0575308641975;135.0;448.0;5.0;0.7144;Poliedro
35155664;CIDADE DE ATIBAIA COLEGIO;3504107;663.6046666666666;30.0;108.0;1.0;0.7141;Poliedro
35114066;CLARETIANO COLEGIO;3543907;626.8496774193549;62.0;197.0;5.0;0.7141;Poliedro
35125490;LICEU TERRAS DO ENGENHO EDUCACAO INFANTIL ENSINO FUNDAMENTAL E MEDIO;3538709;649.31375;32.0;125.0;3.0;0.714;Poliedro
43104959;COLEGIO MARISTA CHAMPAGNAT;4314902;622.4841830065359;51.0;241.0;5.0;0.7139;Poliedro
22135790;ORGANIZACAO EDUCACIONAL APOIO LTDA;2207702;644.0141935483871;31.0;104.0;3.0;0.7135;Poliedro
35153795;ELITE REDE DE ENSINO;3525300;651.6701075268818;31.0;125.0;2.0;0.7135;Poliedro
41377370;COLGIO BOM JESUS MARINGA - EDUCAO INFANTIL ENSINO FUNDAMENTAL E MEDIO;4115200;622.438;10.0;64.0;5.0;0.7135;Poliedro
42015588;ESC BARAO DO RIO BRANCO;4202404;626.6836815920398;67.0;371.0;5.0;0.7134;Poliedro
29433002;COOPERATIVA EDUCACIONAL DE BARREIRAS;2903201;631.6961904761904;14.0;57.0;4.0;0.713;Poliedro
24003662;COLEGIO MENINO DEUS LTDA;2408003;622.2292307692308;13.0;86.0;5.0;0.7127;Poliedro
21182345;COLEGIO EDUCAR DOM BOSCO;2101400;625.6721505376344;62.0;264.0;4.0;0.7121;Poliedro
35158616;ANGLO SISTEMA DE ENSINO;3554003;650.9325714285715;35.0;143.0;2.0;0.712;Poliedro
53020057;ESC SEB AZ BRASILIA;5300108;626.4049382716049;81.0;225.0;5.0;0.712;Poliedro
31358541;COLEGUIUM - UNIDADE CARLOS PRATES;3106200;629.9794285714286;35.0;106.0;4.0;0.7115;Poliedro
31361500;COLEGIO PROFESSOR ROBERTO HERBSTER GUSMAO;3167202;616.9931782945736;43.0;198.0;5.0;0.7112;Poliedro
26529807;COLEGIO E CURSO CP;2607901;633.8665517241379;58.0;195.0;3.0;0.711;Poliedro
28037863;REDE DE ENSINO LIBERTAR LTDA;2803500;630.867;40.0;128.0;5.0;0.711;Poliedro
35104449;NOSSA SENHORA DAS GRACAS ESCOLA;3550308;626.1667543859649;76.0;239.0;5.0;0.711;Poliedro
23276649;COLEGIO EVOLUCAO;2307304;643.8975;72.0;195.0;2.0;0.7108;Poliedro
31003875;COL MAXIMUS STA INES;3106200;637.9558730158731;21.0;86.0;3.0;0.7108;Poliedro
52039722;COLEGIO APHONSIANO;5221403;620.7465116279069;43.0;160.0;5.0;0.7108;Poliedro
33189820;COLEGIO GERACAO Z LTDA;3304557;635.6531111111111;30.0;83.0;4.0;0.7107;Poliedro
33160180;ENSINO MEDIO MONTEIRO LOBATO LTDA;3304557;630.7422222222223;36.0;104.0;5.0;0.7106;Poliedro
32053070;ESCOLA GUIMARAES ROSA LTDA;3201209;648.0871900826446;121.0;396.0;1.0;0.7102;Poliedro
35165049;PAULO FREIRE COLEGIO;3536505;625.8215094339623;53.0;257.0;5.0;0.7094;Poliedro
33149410;COLEGIO PARANAPUA;3304557;655.2416666666667;60.0;212.0;2.0;0.7092;Poliedro
35300895;JP ENSINO MEDIO CURSOS TECNICOS E CURSINHOS;3541406;655.2269565217391;23.0;93.0;2.0;0.7088;Poliedro
24059340;INSTITUTO REIS MAGOS;2408102;630.4972413793103;29.0;111.0;4.0;0.7085;Poliedro
42091578;COLEGIO EVANGELICO JARAGUA;4208906;625.6751219512195;41.0;173.0;5.0;0.7083;Poliedro
35466761;ESQUEMA UNICO EDUCACIONAL DE PRESIDENTE PRUDENTE;3541406;634.0464516129033;31.0;110.0;4.0;0.7082;Poliedro
52033295;COLEGIO DINAMICO;5208707;629.1059523809524;84.0;265.0;4.0;0.7082;Poliedro
33201927;PB COLEGIO E CURSO;3303302;647.628;35.0;81.0;1.0;0.7081;Poliedro
29494109;ESCOLA REMBRANDT;2927408;624.7133333333334;12.0;53.0;4.0;0.708;Poliedro
31371696;COLEGIO UNIVERSITARIO;3148004;621.0204347826086;46.0;184.0;5.0;0.7078;Poliedro
41129326;COLEGIO POSITIVO BOA VISTA - EDUCACAO INFANTIL ENSINO FUNDAMENTAL E MEDIO;4106902;642.8447422680413;97.0;323.0;3.0;0.7077;Poliedro
43042929;COLEGIO SAO JOAO BATISTA;4305108;620.9545833333333;16.0;87.0;5.0;0.7075;Poliedro
25133985;CENTRO DE ENSINO HBS LTDA;2507507;654.9786885245901;61.0;191.0;0.0;0.7071;Poliedro
41068610;COLEGIO VICENTINO IMACULADO CORACAO DE MARIA;4127700;634.8626666666667;75.0;247.0;4.0;0.7068;Poliedro
25213806;COLEGIO E CURSO PETRONIO FIGUEIREDO LTDA;2504009;634.7988888888889;54.0;161.0;4.0;0.7065;Poliedro
43022324;COLEGIO SCALABRINIANO NOSSA SENHORA MEDIANEIRA;4302105;620.8777777777777;18.0;105.0;5.0;0.7065;Poliedro
35172625;CEI - COLEGIO DE EDUCACAO INTEGRAL;3516200;649.1364705882353;17.0;64.0;2.0;0.7064;Poliedro
25132059;ALGORITMO COLEGIO E CURSO;2507507;620.8191666666667;40.0;119.0;5.0;0.7059;Poliedro
42000645;COLEGIO SANTA CATARINA;4205407;625.164;25.0;99.0;5.0;0.7055;Poliedro
33055955;COLEGIO SAO VICENTE DE PAULO;3303302;620.6747417840376;71.0;226.0;5.0;0.7053;Poliedro
35151798;UNISUZ COLEGIO;3552502;647.2434782608696;46.0;173.0;3.0;0.7052;Poliedro
35104607;PALMARES COLEGIO EFM;3550308;654.148115942029;23.0;128.0;2.0;0.705;Poliedro
42160642;COC BLUMENAU;4202404;648.8008163265306;49.0;186.0;2.0;0.705;Poliedro
33187924;QI QUALIDADE INTEGRAL DE ENSINO LTDA;3304557;647.5410526315789;19.0;94.0;2.0;0.7049;Poliedro
29439833;CENTRO DE EDUCACAO MARIA CELINA;2925303;634.3046153846153;13.0;67.0;4.0;0.7044;Poliedro
31368520;CENTRO EDUCACIONAL EUROPA;3152501;624.7514285714286;14.0;61.0;5.0;0.7043;Poliedro
33166820;COLEGIO E CURSO PENSI;3304557;653.2675;232.0;544.0;1.0;0.7043;Poliedro
43104940;COLEGIO BATISTA BRASIL;4314902;629.3833333333333;12.0;53.0;4.0;0.7041;Poliedro
41377168;COLEGIO DOM BOSCO BATEL;4106902;629.0626160337554;79.0;301.0;5.0;0.7039;Poliedro
41158750;COLEGIO POSITIVO HAUER - ENSINO MEDIO;4106902;629.2648917748918;154.0;418.0;4.0;0.7036;Poliedro
52033090;COLEGIO SHALLON - UNIDADE I;5208707;634.2165;40.0;162.0;4.0;0.7036;Poliedro
35287600;COLEGIO ANGLO LEONARDO DA VINCI;3550308;653.5878571428572;28.0;76.0;2.0;0.7033;Poliedro
29354900;INSTITUTO ASSOCIADOS SABER E CULTURA;2910727;629.2221052631579;38.0;147.0;4.0;0.7031;Poliedro
26117991;COLEGIO BOA VIAGEM LTDA;2611606;624.5098290598291;78.0;266.0;5.0;0.7026;Poliedro
31007587;SISTEMA PIAGET DE ENSINO;3106200;627.9014285714286;14.0;49.0;4.0;0.7026;Poliedro
43205542;ESCOLA DE ENSINO MEDIO CAMINHO;4305108;629.102156862745;34.0;166.0;4.0;0.7026;Poliedro
33031649;INSTITUTO SAO JOSE;3304201;624.4893333333333;40.0;128.0;5.0;0.7023;Poliedro
35123808;EDUCATIVA CENTRO EDUCACIONAL;3534708;648.0984615384616;13.0;54.0;2.0;0.7023;Poliedro
14000814;CENTRO DE EDUCACAO INTEGRADA COLMEIA LTDA;1400100;641.4032142857143;28.0;93.0;3.0;0.7022;Poliedro
15038513;COLEGIO SANTA ROSA;1501402;615.0698285714286;175.0;542.0;5.0;0.7018;Poliedro
52103994;COLEGIO SELECTUS LTDA;5200258;641.2615384615384;13.0;61.0;3.0;0.7017;Poliedro
32034377;COLEGIO CASTRO ALVES;3201308;633.6989189189189;37.0;116.0;4.0;0.7016;Poliedro
33101809;COLEGIO EME;3303500;652.779012345679;54.0;262.0;1.0;0.7015;Poliedro
32038720;ESCOLA SANTA ADAME;3205200;633.6369230769232;13.0;62.0;4.0;0.7013;Poliedro
35113736;DOM BOSCO COLEGIO SALESIANO ASSUNCAO;3538709;624.2754098360655;61.0;195.0;5.0;0.7012;Poliedro
35116361;SANTO ANDRE COLEGIO;3549805;627.5518457300275;121.0;368.0;4.0;0.7012;Poliedro
41133463;COLEGIO SENHORA DE FATIMA ED INF ENSINO FUND MEDIO SC LTDA;4106902;628.4453846153846;104.0;335.0;5.0;0.701;Poliedro
53018273;COL IDEAL UNIDADE JARDIM BOTANICO;5300108;633.528;15.0;83.0;4.0;0.7008;Poliedro
21092761;COMPLEXO EDUCACIONAL DOM BOSCO;2105302;614.8595897435898;65.0;183.0;5.0;0.7007;Poliedro
50016385;ESCOLA FRANCISCANA IMACULADA CONCEICAO;5003702;619.9902083333334;32.0;133.0;5.0;0.7006;Poliedro
42006708;COLEGIO SAO JOSE;4218707;624.1588461538461;52.0;178.0;5.0;0.7004;Poliedro
33063516;COLEGIO NOSSA SENHORA DE LOURDES;3304557;614.802380952381;14.0;45.0;5.0;0.7002;Poliedro
50030469;COLEGIO DE ENSINO MEDIO NOVA GERACAO;5002704;633.3979220779221;77.0;251.0;4.0;0.7001;Poliedro
41390024;COLEGIO E CURSO ELITE CURITIBA;4106902;637.5533333333333;54.0;116.0;4.0;0.7;Poliedro
53032012;COL BARAO DO RIO BRANCO;5300108;619.9488888888889;15.0;61.0;5.0;0.7;Poliedro
43123643;COLEGIO NOSSA SENHORA DE FATIMA;4316907;623.9237837837838;37.0;135.0;5.0;0.6992;Polígono
33174881;INSTITUTO NOSSA SENHORA DA GLORIA RIO DAS OSTRAS - UNIDADE IV;3304524;619.7860317460318;42.0;176.0;5.0;0.699;Polígono
26142716;COLEGIO DOM;2609600;627.0887234042552;94.0;287.0;4.0;0.6989;Polígono
31363294;COL CHROMOS CENTRO;3106200;647.3851219512195;41.0;128.0;0.0;0.6987;Polígono
24074667;CENTRO EDUCACIONAL DE APRENDIZAGEM MODERNA;2408003;636.4284;50.0;170.0;3.0;0.698;Polígono
43104991;COL MARIA IMACULADA;4314902;628.0755555555555;42.0;113.0;4.0;0.698;Polígono
52053261;INSTITUTO PRESBITERIANO SAMUEL GRAHAM;5211909;632.89;26.0;102.0;4.0;0.6979;Polígono
21268894;COLEGIO O BOM PASTOR JUNIOR;2111201;626.5336559139786;62.0;273.0;4.0;0.6973;Polígono
35499092;FUNDACAO ROMI NEI;3545803;636.830522875817;51.0;155.0;4.0;0.6971;Polígono
43104967;COLEGIO CONCORDIA - PORTO ALEGRE;4314902;627.8525;24.0;104.0;4.0;0.6967;Polígono
35107402;SANTA AMALIA COLEGIO;3550308;623.131746031746;63.0;165.0;5.0;0.6964;Polígono
33026424;COLEGIO ARARUAMA;3300209;614.1598148148148;36.0;145.0;5.0;0.6958;Polígono
29388341;INSTITUTO NOSSA SENHORA DA PIEDADE;2913606;635.8576623376623;77.0;260.0;3.0;0.6956;Polígono
43178740;COLEGIO MARISTA IPANEMA;4314902;618.9175833333334;80.0;251.0;5.0;0.6952;Polígono
33115478;SANTA MONICA REDE DE ENSINO MARICA;3302700;626.1359375;64.0;262.0;4.0;0.6951;Polígono
35006933;COLEGIO LONDON UNIDADE II;3549805;656.2942564102564;65.0;106.0;1.0;0.6951;Polígono
42116112;COLEGIO EXPONENCIAL;4204202;618.888717948718;26.0;131.0;5.0;0.6951;Polígono
33101612;CENTRO DE FORMACAO NOGUEIRA MINEIRO;3301702;632.09;70.0;271.0;4.0;0.6949;Polígono
26173280;COLEGIO GRANDE PASSO;2611606;625.8596923076923;65.0;214.0;4.0;0.6942;Polígono
29422299;CURSO E COLEGIO ANALISE - EIRELI - EPP;2927408;634.46;36.0;146.0;3.0;0.694;Polígono
35805048;ATHENEU COLEGIO;3523107;639.9789743589744;39.0;137.0;3.0;0.6939;Polígono
35151282;JARDIM DAS NACOES COLEGIO;3554102;636.2642424242424;66.0;227.0;4.0;0.6938;Polígono
33061670;CENTRO EDUCACIONAL MANUEL PEREIRA;3304144;643.9544444444444;36.0;141.0;3.0;0.6937;Polígono
33089248;COL STA TEREZINHA;3304904;622.3944444444445;18.0;105.0;5.0;0.6937;Polígono
33071926;COLEGIO SANTA MONICA - CACHAMBI;3304557;638.4466666666666;33.0;131.0;3.0;0.693;Polígono
35142682;INTERESCOLAR OBJETIVO UNIDADE GRANJA VIANA CENTRO;3513009;631.4532051282051;52.0;226.0;4.0;0.6928;Polígono
26179199;COLEGIO E CURSO MENINO JESUS;2610707;612.3464082687339;129.0;480.0;5.0;0.6927;Polígono
35112422;CORACAO DE JESUS INSTITUTO EDUCACIONAL;3507605;622.1042424242424;77.0;208.0;5.0;0.6927;Polígono
35140351;OBJETIVO CENTRO INTERESCOLAR UNIDADE POMPEIA;3550308;631.4309273182957;133.0;381.0;4.0;0.6925;Polígono
51064910;COLEGIO E CURSO MASTER;5103403;634.0754455445544;202.0;511.0;3.0;0.692;Polígono
25092901;INTERACTIVO CRISTO COLEGIO E CURSOS EIRELI ME;2507507;612.2080555555555;72.0;262.0;5.0;0.6916;Polígono
33181713;CENTRO EDUCACIONAL MARCOS FREITAS;3301702;613.5205263157894;76.0;222.0;5.0;0.6911;Polígono
29343232;COLEGIO PORTINARI;2927408;649.7054208754209;99.0;344.0;1.0;0.691;Polígono
35007524;CURSO E COLEGIO UNI;3548906;643.1418705035971;139.0;435.0;1.0;0.6907;Polígono
35165116;INTERATIVO CURSO E COLEGIO;3548906;644.6664406779661;59.0;168.0;2.0;0.6902;Polígono
35116026;RESSURREICAO NOSSA SENHORA DO CALVARIO COLEGIO;3511102;630.9456349206349;42.0;149.0;4.0;0.6901;Polígono
35808076;COLEGIO JESUS ADOLESCENTE;3511102;630.8366666666667;20.0;103.0;4.0;0.6896;Polígono
35165931;PORTAL DO ENGENHO COLEGIO;3538709;644.5272222222222;36.0;123.0;2.0;0.6892;Polígono
35175614;INTERNACIONAL DE ALPHAVILLE ESCOLA;3505708;643.0514285714286;14.0;141.0;3.0;0.6891;Polígono
35501918;INTELECTUS RIO PRETO COLEGIO;3549805;644.2995983935743;83.0;223.0;2.0;0.6884;Polígono
31357120;COL CHROMOS ELDORADO;3118601;633.2198333333333;60.0;151.0;3.0;0.6882;Polígono
35114510;ALTO PADRAO FRANCANO INSTITUTO ENSINO;3516200;644.038064516129;31.0;157.0;2.0;0.6878;Polígono
33036659;COLEGIO JEAN PIAGET;3300100;620.9235294117648;34.0;106.0;5.0;0.6876;Polígono
35448205;COLEGIO KELVIN;3549805;648.5319871794871;104.0;365.0;1.0;0.6873;Polígono
50009060;COLEGIO MARIA MONTESSORI;5002704;638.3895726495726;39.0;119.0;3.0;0.6872;Polígono
15175448;SISTEMA DE ENSINO EQUIPE PARAGOMINAS LTDA;1505502;616.0165517241379;29.0;108.0;5.0;0.6871;Polígono
35115253;LA SALLE SAO CARLOS COLEGIO DIOCESANO;3548906;617.2847368421053;38.0;180.0;5.0;0.6871;Polígono
42154529;COLEGIO BOM JESUS;4211900;642.1497959183673;49.0;171.0;3.0;0.687;Polígono
31342122;INSTITUTO EDUCACIONAL SABER;3145208;630.0184615384616;26.0;121.0;4.0;0.6869;Polígono
35104875;RAINHA DA PAZ COLEGIO EIFM;3550308;620.8354929577465;71.0;239.0;5.0;0.6865;Polígono
43109152;COLEGIO MURIALDO;4314902;616.9207407407407;45.0;161.0;5.0;0.6858;Polígono
28006992;COLEGIO DOM BOSCO;2802908;625.4221739130435;46.0;135.0;4.0;0.6857;Polígono
52091562;COLEGIO APROV;5205109;643.8906666666667;20.0;106.0;2.0;0.6857;Polígono
35114467;PESTALOZZI ESCOLA UNIDADE I;3516200;637.7109375;64.0;238.0;3.0;0.6848;Polígono
35135203;EDUARDO GOMES COLEGIO;3548807;629.4364052287582;102.0;417.0;4.0;0.6847;Polígono
35121344;SAO LUCAS COLEGIO;3525300;629.3656060606061;44.0;148.0;4.0;0.6844;Polígono
43097774;COLEGIO MARISTA NOSSA SENHORA DA CONCEICAO;4314100;616.4608547008546;39.0;172.0;5.0;0.6842;Polígono
29389992;ESCOLA MONTESSORI;2924009;611.9763218390804;58.0;225.0;5.0;0.684;Polígono
35141367;OBJETIVO COLEGIO UNIDADE ALPHAVILLE;3547304;620.4066666666666;106.0;388.0;5.0;0.6838;Polígono
23071141;COLEGIO SANTO INACIO;2304400;611.8533333333334;36.0;110.0;5.0;0.6835;Polígono
32078510;UP CENTRO EDUCACIONAL;3205309;633.9714373088685;109.0;391.0;4.0;0.6831;Polígono
41131657;ASSEIJ COLEGIO NOSSA SENHORA DO ROSARIO;4106902;620.2392248062016;86.0;287.0;5.0;0.6828;Polígono
53018613;COL MARISTA AGUAS CLARAS;5300108;624.5919047619047;42.0;217.0;4.0;0.6824;Polígono
35186260;REDE DE ENSINO NOVO TEMPO;3548500;633.6993333333334;30.0;132.0;4.0;0.6823;Polígono
17056527;INTERACAO VOZES ATIVAS - CAPIM DOURADO;1721000;645.6846666666667;60.0;378.0;1.0;0.6818;Polígono
35108698;STOCCO COLEGIO;3547809;637.0138211382114;41.0;134.0;3.0;0.6813;Polígono
41031733;LONDRINENSE C - EI EF M PROFIS;4113700;620.0048677248677;126.0;432.0;5.0;0.6812;Polígono
15567770;CENTRO DE ESTUDOS JOHN KNOX;1501402;633.1165957446808;47.0;166.0;2.0;0.6807;Polígono
35101722;NOSSA SENHORA MENINA EXTERNATO;3550308;628.647962962963;36.0;130.0;4.0;0.6807;Polígono
35114030;PURISSIMO CORACAO DE MARIA COLEGIO;3543907;619.9744615384615;65.0;250.0;5.0;0.6806;Polígono
33160031;SANTA MONICA REDE DE ENSINO - RECREIO DOS BANDEIRANTES;3304557;622.9838888888889;36.0;127.0;4.0;0.6803;Polígono
35122993;ARUA COLEGIO;3530607;642.2174774774775;37.0;160.0;2.0;0.6803;Polígono
35165578;SISTEMA EDUCACIONAL SOROCABA;3552205;624.1854828660436;107.0;352.0;4.0;0.6797;Polígono
52078485;COLEGIO APICE;5218805;642.1192156862745;34.0;175.0;2.0;0.6797;Polígono
52038149;INSTITUTO PRESBITERIANO DE EDUCACAO;5208707;623.7584397163121;47.0;164.0;5.0;0.6796;Polígono
25135430;CENTRO EDUCACIONAL META LTDA;2504009;633.1771428571428;14.0;102.0;4.0;0.6794;Polígono
52091570;COLEGIO METROPOLITANO;5208707;636.8915;40.0;115.0;2.0;0.6794;Polígono
52091295;COLEGIO EXPOVEST;5208707;619.767288888889;75.0;224.0;5.0;0.6793;Polígono
41360044;COLEGIO MARISTA SAGRADO CORACAO DE JESUS EI EF M;4101804;630.5234782608696;23.0;116.0;3.0;0.6783;Polígono
35010002;ESCOLA ESTACAO FINAL COC UNIDADE PLAZA;3549805;646.2023255813954;43.0;176.0;1.0;0.6779;Polígono
52069052;COLEGIO ULBRA DE APLICACAO;5211503;619.4255555555555;18.0;104.0;5.0;0.6779;Polígono
35103697;NOSSA SENHORA DE SION COLEGIO;3550308;636.2866666666666;12.0;115.0;3.0;0.6778;Polígono
35164768;AJUDANDO A ESCOLHER O SEU CAMINHO COLEGIO AESC;3556206;641.7149999999999;84.0;212.0;2.0;0.6774;Polígono
32065353;CE LINUS PAULING;3205002;627.8806779661016;59.0;225.0;4.0;0.6773;Polígono
42000262;EDUCANDARIO IMACULADA CONCEICAO;4205407;619.2287804878049;41.0;169.0;5.0;0.6773;Polígono
15180956;COLEGIO EQUIPE MARCO;1501402;634.9967375886525;47.0;220.0;3.0;0.6772;Polígono
35103780;COLEGIO RENASCENCA JEWISH AND BILINGUAL;3550308;627.7757894736842;19.0;100.0;4.0;0.6769;Polígono
41076290;COLEGIO EDUCACAO DINAMICA;4108304;619.1652;50.0;222.0;5.0;0.6766;Polígono
31346209;COLEGIO SOLIDO MEDIO;3143302;635.909534883721;43.0;187.0;3.0;0.6763;Polígono
43123651;COLEGIO ANTONIO ALVES RAMOS;4316907;614.8675675675676;37.0;120.0;5.0;0.6761;Polígono
29396174;ESCOLA NOSSA SENHORA DA LUZ;2927408;622.9288135593221;59.0;206.0;5.0;0.676;Polígono
35437153;OFICINA DO ESTUDANTE COLEGIO;3509502;627.4079824561403;228.0;666.0;4.0;0.6753;Polígono
33082103;COLEGIO NOSSA SENHORA DO ROSARIO;3304557;637.1890625;64.0;241.0;2.0;0.675;Polígono
35134259;CENTRO EDUCACIONAL OBJETIVO UNIDADE AQUARIUS;3549904;618.8133333333333;47.0;151.0;5.0;0.6749;Polígono
35109198;SAGRADA FAMILIA INSTITUTO DE ENSINO;3548807;640.0475;16.0;108.0;3.0;0.6748;Polígono
35103861;MACKENZIE COLEGIO PRESBITERIANO;3550308;635.549366786141;279.0;981.0;3.0;0.6744;Polígono
33421226;COLEGIO E CURSO PENSI;3304557;639.9460606060605;77.0;245.0;3.0;0.6741;Polígono
52103161;COLEGIO INTEGRADO UNIDADE AREIAO;5208707;618.6409523809524;42.0;173.0;5.0;0.6741;Polígono
26094681;COLEGIO NOSSA SENHORA DA GRACA;2616407;610.0380327868852;61.0;208.0;5.0;0.6738;Polígono
21195534;ESCOLA CRESCIMENTO;2111300;639.6149090909091;55.0;244.0;1.0;0.6735;Polígono
35109228;SINGULAR UNIDADE SAO CAETANO COLEGIO;3548807;635.2674074074074;63.0;201.0;3.0;0.6733;Polígono
43092870;UNIDADE ENSINO FUNDACAO EVANGELICA;4313409;614.4738738738739;37.0;179.0;5.0;0.6732;Polígono
35583674;COLEGIO ANGLO CIDADE DE SALTO;3545209;639.6604444444445;45.0;149.0;3.0;0.6728;Polígono
41377001;ALFA REDE DE ENSINO;4104808;640.9439365079364;105.0;379.0;2.0;0.6728;Polígono
41128699;COL CURITIBANO ADVENTISTA BOM RETIRO - EIEFM;4106902;618.2296666666666;60.0;257.0;5.0;0.6717;Polígono
15147002;CENTRO DE APRENDIZAGEM CRESCER;1502400;614.2117283950618;54.0;230.0;5.0;0.6716;Polígono
52094502;COLEGIO VERATZ - INSTITUTO DE EDUCACAO ABV LTDA;5205109;640.5665384615385;26.0;124.0;2.0;0.6714;Polígono
33193118;COLEGIO E CURSO PENSI;3304557;621.8733333333333;42.0;117.0;4.0;0.6712;Polígono
21092680;COLEGIO SANTA LUZIA;2105302;618.1155555555555;63.0;212.0;5.0;0.6707;Polígono
35463085;DIALOGO ESCOLA DE ENSINO MEDIO;3503208;644.0164285714285;28.0;121.0;1.0;0.6704;Polígono
43112803;COLEGIO MARISTA SAO FRANCISCO - ED INF ENS FUND E MEDIO;4315602;621.6237931034483;58.0;190.0;4.0;0.6701;Polígono
28017773;COL AMERICANO BATISTA;2800308;634.6721739130435;46.0;162.0;3.0;0.6698;Polígono
29034981;COLEGIO SETE DE SETEMBRO;2924009;614.0368181818181;66.0;259.0;5.0;0.6697;Polígono
35117389;RUI BARBOSA ENSINO MEDIO COLEGIO;3504008;634.6657142857142;35.0;146.0;3.0;0.6697;Polígono
35007828;COC VILA YARA UNIDADE II;3534401;639.1777358490566;53.0;183.0;2.0;0.6696;Polígono
22023810;ESCOLA DE EDUCACAO BASICA E PROFISSIONAL EMBAIXADOR ESPEDITO DE FREITAS RESENDE;2211001;620.6156962025317;79.0;256.0;4.0;0.6695;Polígono
28020065;COLEGIO SAO PAULO;2800308;625.8866666666667;44.0;145.0;4.0;0.6694;Polígono
42084695;COLEGIO LEME LTDA;4204608;630.4856375838926;149.0;429.0;4.0;0.6694;Polígono
43167772;COLEGIO MARISTA NOSSA SENHORA DAS GRACAS;4323002;613.9002424242425;55.0;192.0;5.0;0.6691;Polígono
33015546;COLEGIO CASTELO-INSTITUTO NOSSA SENHORA DA GLORIA;3302403;617.4352941176471;51.0;198.0;5.0;0.6682;Polígono
42160715;COLEGIO ADVENTISTA PALHOCA;4211900;620.8916923076923;65.0;278.0;5.0;0.6678;Polígono
29478430;COLEGIO NILSON DE SOUZA PEREIRA;2927408;620.3216666666667;36.0;135.0;4.0;0.6677;Polígono
33113114;SANTA MONICA REDE DE ENSINO - CAMPO GRANDE;3304557;621.0964912280701;19.0;166.0;4.0;0.6677;Polígono
31373990;COL CHROMOS BURITIS;3106200;634.1472222222222;36.0;200.0;3.0;0.6676;Polígono
21092842;ESCOLA ARTE DE EDUCAR E CEB;2105302;621.0531818181818;44.0;129.0;4.0;0.6674;Polígono
35143200;OBJETIVO CENTRO INTERESCOLAR UNIDADE CANTAREIRA;3550308;617.1741904761906;70.0;310.0;5.0;0.6674;Polígono
32076169;UP CENTRO EDUCACIONAL;3205200;620.8458609794629;211.0;681.0;5.0;0.6672;Polígono
33009694;COLEGIO EUCARISTICO;3301009;617.1583333333334;28.0;145.0;5.0;0.6672;Polígono
41024613;REGINA MUNDI COLEGIO EDUCACAO INFANTIL ENSINO FUNDAMENTAL E MEDIO;4115200;612.3165765765766;37.0;176.0;5.0;0.6671;Polígono
43219438;FLEMING EDUCACAO SANTA MARIA;4316907;648.3271875;64.0;165.0;1.0;0.6669;Polígono
53007190;COL LA SALLE;5300108;616.924347826087;46.0;174.0;5.0;0.6664;Polígono
51039036;COLEGIO CORACAO DE JESUS;5103403;620.8855319148936;47.0;192.0;4.0;0.6661;Polígono
25125672;COLEGIO ALICE COUTINHO LTDA;2504009;616.8614814814814;54.0;182.0;5.0;0.6658;Polígono
35288378;FERREIRA MASTER COLEGIO;3552502;643.1102564102564;39.0;158.0;1.0;0.6655;Polígono
41144490;INTERACAO CEI EF M;4115200;619.9766666666667;36.0;198.0;4.0;0.6652;Polígono
25097326;COLEGIO OLIMPO JOAO PESSOA;2507507;616.6605442176871;49.0;149.0;5.0;0.6651;Polígono
35006291;COLEGIO DARWIN CENTRAL SCHOOL;3548708;629.131;60.0;212.0;4.0;0.664;Polígono
35101904;SANTO ANTONIO DE LISBOA COLEGIO;3550308;612.7337142857143;35.0;122.0;5.0;0.664;Polígono
42068690;COLEGIO SALESIANO ITAJAI;4208203;616.3339743589744;52.0;241.0;5.0;0.6634;Polígono
35101175;SANTA CATARINA COLEGIO;3550308;633.1702941176471;68.0;277.0;3.0;0.663;Polígono
43038387;COLEGIO ESPIRITO SANTO;4304606;612.4876595744681;47.0;200.0;5.0;0.663;Polígono
43105130;COLEGIO MARISTA SAO PEDRO;4314902;612.4021276595745;47.0;169.0;5.0;0.6629;Polígono
32081502;EEFM AZEREDO BOTELHO;3201209;616.1480341880342;39.0;145.0;5.0;0.6626;Polígono
25206800;ANA VIRGINIA SARAIVA DO NASCIMENTO;2504009;624.548064516129;62.0;208.0;4.0;0.6625;Polígono
26193450;COLEGIO SANTA EMILIA;2607901;606.539024390244;41.0;164.0;5.0;0.6623;Polígono
29182581;LICEU SALESIANO DO SALVADOR;2927408;616.1215040650407;164.0;464.0;5.0;0.6623;Polígono
31371750;COLEGIO HG6;3143302;637.1359829059829;78.0;260.0;3.0;0.6622;Polígono
35108972;RIO BRANCO EXTERNATO;3548708;638.7847368421053;38.0;148.0;2.0;0.662;Polígono
50024701;COLEGIO HERMESINDO ALONSO GONZALEZ;5008305;624.4966666666667;21.0;120.0;4.0;0.6619;Polígono
35441259;SERTAOZINHO SABER INSTITUTO EDUCACIONAL;3551702;638.6800000000001;31.0;131.0;2.0;0.6617;Polígono
41141008;COLEGIO BOM JESUS NOSSA SENHORA DO ROSARIO ED INF ENS FUND E MEDIO;4118204;627.9191666666667;24.0;126.0;3.0;0.6616;Polígono
29149894;COLEGIO SANTISSIMO SACRAMENTO;2900702;615.7673239436621;71.0;215.0;5.0;0.6612;Polígono
41131630;COLEGIO NOSSA SENHORA DE SION - EDUCACAO INFANTIL ENSINO FUNDAMENTAL E MEDIO;4106902;612.2382352941177;34.0;116.0;5.0;0.6611;Polígono
32039395;ESCOLA DE EDUCACACAO BASICA E PROFISSIONAL DOUTOR RONALDO YOUNG CARNEIRO DA ROCHA;3205200;619.1091397849463;62.0;220.0;4.0;0.6607;Polígono
31365920;COLEGIO BIOMAXIMO - UNIDADE II;3143302;636.5778095238095;140.0;473.0;3.0;0.6604;Polígono
35153989;ANGLO MORUMBI COLEGIO;3550308;628.4259574468085;94.0;312.0;4.0;0.6603;Polígono
13026585;COL DOM BOSCO;1302603;612.028;30.0;126.0;5.0;0.6594;Polígono
35111089;INSTITUTO SAO JOSE;3549904;615.4237333333333;75.0;291.0;5.0;0.6594;Polígono
32021828;COLEGIO CRISTO REI;3203205;619.6028070175439;57.0;269.0;5.0;0.6592;Polígono
33029482;COLEGIO NOSSA SENHORA DO AMPARO;3300407;615.305172413793;58.0;206.0;5.0;0.6591;Polígono
52094367;COLEGIO 2006 LTDA;5205109;623.9741176470588;51.0;242.0;4.0;0.659;Polígono
35290981;CRISTAO DE JUNDIAI COLEGIO;3525904;636.2394871794871;39.0;139.0;1.0;0.6588;Polígono
35432994;DOMUS SAPIENS COLEGIO UNIDADE II;3525904;615.2446666666667;30.0;106.0;5.0;0.6586;Polígono
24056278;PH3 CENTRO EDUCACIONAL;2403251;619.3206896551724;29.0;131.0;5.0;0.6583;Polígono
35107487;HUMBOLDT COLEGIO;3550308;631.8192857142857;28.0;177.0;3.0;0.6583;Polígono
41371755;COL CATOLICA DE CURITIBA ED INF ENS FUND MEDIO;4106902;615.2272222222223;36.0;107.0;5.0;0.6583;Polígono
31005134;COLEGIO SAO PAULO;3106200;610.6386666666666;15.0;100.0;5.0;0.6582;Polígono
22144188;COLEGIO EQUACAO CERTA;2211001;632.1450000000001;28.0;112.0;2.0;0.6579;Polígono
50007912;COLEGIO PROF LOURIVAL MARTINS FAGUNDES;5002704;623.458125;32.0;161.0;4.0;0.6568;Polígono
23274719;COLEGIO CIVICO MILITAR BATALHA DO RIACHUELO;2304400;618.3325;16.0;100.0;4.0;0.6567;Polígono
25133748;ISO COLEGIO E CURSOS - UNIDADE SUL;2507507;641.4125900900901;148.0;477.0;2.0;0.6564;Polígono
35112094;DOM BOSCO COLEGIO SALESIANO;3501608;614.8651351351352;74.0;257.0;5.0;0.6564;Polígono
35118114;BATISTA BRASILEIRO UNIDADE DE BAURU COLEGIO;3506003;623.1546153846155;26.0;119.0;4.0;0.656;Polígono
23245980;COLEGIO ANTARES ATS;2304400;614.2004878048781;41.0;214.0;4.0;0.6559;Polígono
52034585;COLEGIO ADVENTISTA SETOR PEDRO LUDOVICO;5208707;625.4624242424242;33.0;159.0;3.0;0.6559;Polígono
15037622;CENTRO DE SERVICOS EDUCACIONAIS DO PARA;1501402;611.1456910569106;41.0;114.0;5.0;0.6554;Polígono
33041563;INST PETROPOLITANO ADVENTISTA DE ENSINO;3303906;614.6969230769231;39.0;171.0;5.0;0.6553;Polígono
35112008;COLEGIO SANTA ESCOLASTICA;3552205;635.5942857142857;28.0;105.0;3.0;0.6553;Polígono
33146675;COLEGIO CENTRAL;3302205;622.9610810810811;37.0;177.0;4.0;0.6552;Polígono
33203431;COLEGIO E CURSO AZ - RECREIO;3304557;635.107088607595;79.0;191.0;1.0;0.6544;Polígono
42127831;CEI E ENSINO FUNDAMENTAL E MEDIO CORACAO FELIZ LTDA EPP;4218707;618.8655172413793;29.0;117.0;4.0;0.6542;Polígono
35111958;SAO JOSE COLEGIO SALESIANO;3552205;614.5254285714285;70.0;254.0;5.0;0.6538;Polígono
33178992;COLEGIO NOS UND PECHINCHA LTDA;3304557;635.5750617283951;81.0;291.0;2.0;0.6536;Polígono
33138532;INST EDUC PROF ALAOR;3303906;640.9387037037037;36.0;120.0;2.0;0.6532;Polígono
41150996;INTEGRAL CEM;4115200;636.5617708333333;192.0;673.0;2.0;0.6531;Polígono
15045455;COLEGIO SAO JOSE;1502400;635.0416666666666;36.0;157.0;3.0;0.6529;Polígono
31128023;ESCOLA PROFISSIONAL DOM BOSCO;3151800;614.1751937984496;43.0;155.0;5.0;0.6516;Polígono
31310191;CENTRO EDUCACIONAL POCOS;3151800;621.8670476190476;35.0;161.0;4.0;0.6515;Polígono
52212386;COLEGIO EXPRESSAO;5201405;640.2571186440678;118.0;457.0;1.0;0.6514;Polígono
25097784;INSTITUTO EDUCACIONAL PARAIBANO LTDA ME;2507507;630.111320754717;53.0;189.0;3.0;0.6513;Polígono
35006706;COLEGIO OFICINA DO ESTUDANTE UNIDADE BARAO GERALDO;3509502;640.5042307692308;52.0;158.0;2.0;0.6513;Polígono
27223361;ESCOLA DE EDUCACAO BASICA PADRAO;2704302;621.6538461538462;26.0;102.0;4.0;0.6511;Polígono
43105734;COL SANTA DOROTEIA;4314902;610.4137083333333;80.0;271.0;5.0;0.6506;Polígono
23272015;DAULIA BRINGEL COLEGIO;2304400;609.2302645502646;63.0;249.0;5.0;0.6502;Polígono
35131829;UNIVERSITAS ENSINO MEDIO COLEGIO;3548500;625.8980952380953;63.0;276.0;4.0;0.6501;Polígono
29301513;COLEGIO SAO JORGE DOS ILHEUS;2913606;629.6815458937198;69.0;259.0;3.0;0.6497;Polígono
35106636;COLEGIO DR WALTER BELIAN;3550308;624.2660240963855;83.0;275.0;3.0;0.6496;Polígono
23078251;UNIVERSO COLEGIO;2304400;616.6312195121951;41.0;138.0;4.0;0.6494;Polígono
29432359;SOCIEDADE CULTURAL E EDUC MIMOSO DO OESTE SC LTDA;2919553;613.8888135593221;59.0;166.0;5.0;0.6494;Polígono
43107575;COLEGIO JOAO XXIII;4314902;610.0903125;64.0;181.0;5.0;0.649;Polígono
31323942;ASSOCIACAO EDUCACIONAL JOHANN KEPLER;3170206;613.8364102564102;26.0;156.0;5.0;0.6487;Polígono
26053861;COLEGIO SAGRADO CORACAO;2604106;609.9235497835498;77.0;237.0;5.0;0.6482;Polígono
35450868;OBJETIVO SENIOR DE MOGI DAS CRUZES COLEGIO;3530607;639.4849122807018;38.0;139.0;1.0;0.6482;Polígono
35159141;ITAPETININGA SISTEMA EDUCACIONAL DE ENSINO DE;3522307;634.1411428571428;35.0;111.0;3.0;0.648;Polígono
42152054;COLEGIO DO CAMPECHE;4205407;625.6490322580645;31.0;152.0;4.0;0.648;Polígono
26121484;COLEGIO SALESIANO SAGRADO CORACAO;2611606;609.8295238095238;63.0;196.0;5.0;0.6479;Polígono
51057891;MASTER KHALIL;5107602;617.6481818181818;44.0;157.0;4.0;0.6478;Polígono
15118932;ESCOLA DE EDUCACAO BASICA E PROFISSIONAL FUNDACAO BRADESCO;1505502;612.5086111111111;72.0;226.0;4.0;0.6476;Polígono
51069849;COLEGIO MARISTA SANTO ANTONIO;5107909;620.9885714285714;21.0;117.0;4.0;0.6475;Polígono
15581276;COLEGIO GENTIL BITTENCOURT;1501402;612.3977272727273;44.0;194.0;4.0;0.6471;Polígono
15168654;ESCOLA TECNICA VALE DOS CARAJAS;1505536;609.6705263157895;38.0;154.0;5.0;0.6471;Polígono
35160600;COLEGIO ARACA;3502804;620.898064516129;31.0;121.0;4.0;0.6469;Polígono
31257397;COL CHROMOS SERRANO;3106200;623.601884057971;46.0;389.0;3.0;0.6466;Polígono
21279810;COLEGIO O BOM PASTOR;2111300;615.7425974025974;77.0;232.0;4.0;0.6454;Polígono
31196177;COLEGIO NOSSA SENHORA DE NAZARE;3118304;624.9048275862068;29.0;117.0;4.0;0.6448;Polígono
35388117;SAO LUIS COLEGIO UNIDADE II;3550308;608.2014197530864;108.0;366.0;5.0;0.6447;Polígono
35101886;ESPIRITO SANTO COLEGIO;3550308;613.0036111111111;48.0;178.0;5.0;0.6447;Polígono
41024303;COLEGIO MARISTA DE MARINGA EI EF EM;4115200;608.1933333333334;34.0;200.0;5.0;0.6445;Polígono
33156026;COLEGIO QI;3304557;628.7895035460992;47.0;137.0;2.0;0.6444;Polígono
35429089;SINGULAR COLEGIO TECNICO;3547809;620.4968253968253;105.0;293.0;4.0;0.6439;Polígono
43162290;COLEGIO MARISTA SANT ANA;4322400;609.0525423728814;59.0;192.0;5.0;0.6437;Polígono
52093069;COLEGIO UNO SALES;5208707;628.3208695652174;23.0;101.0;3.0;0.6437;Polígono
35144125;CARLOS DRUMOND DE ANDRADE COLEGIO;3513801;638.2928735632183;29.0;100.0;1.0;0.6436;Polígono
35103248;CLARETIANO COLEGIO;3550308;620.4493023255814;43.0;136.0;4.0;0.6436;Polígono
35581021;COLEGIO KELVIN SISTEMA DE ENSINO CATANDUVA;3511102;644.0232258064517;31.0;122.0;0.0;0.6433;Polígono
35150885;VERA CRUZ ESCOLA UNIDADE III;3550308;620.2582882882883;74.0;298.0;4.0;0.6424;Polígono
26180200;CFI-COLEGIO DE FORMACAO INTEGRAL;2611606;623.6999999999999;29.0;128.0;3.0;0.6419;Polígono
35808246;AQUARIUS UNIVAP COLEGIO;3549904;634.2282666666667;75.0;306.0;2.0;0.6416;Polígono
26105810;NUCLEO EDUCACIONAL MACHADO DE ASSIS;2606804;611.3694736842106;38.0;131.0;4.0;0.6412;Polígono
51058219;COLEGIO REGINA PACIS;5107909;620.059696969697;66.0;239.0;4.0;0.641;Polígono
29328560;INSTITUTO FRANCISCO DE ASSIS;2931350;603.7524324324324;37.0;153.0;5.0;0.6409;Polígono
35164926;SAMARITANO INSTITUTO DE ENSINO;3516200;614.8585365853659;41.0;172.0;4.0;0.6405;Polígono
35802244;PESSOA COLEGIO;3516200;638.0515;40.0;190.0;2.0;0.6405;Polígono
29436168;COLEGIO ENIGMA;2903201;633.885;28.0;115.0;2.0;0.6402;Polígono
28032250;COLEGIO O SABER;2802908;627.4452380952381;42.0;145.0;3.0;0.6397;Polígono
29181640;COLEGIO SAO JOSE;2927408;608.2420000000001;70.0;192.0;5.0;0.6396;Polígono
26137968;COLEGIO E CURSO LUPAT LTDA;2609600;611.0364444444444;30.0;116.0;4.0;0.6391;Polígono
35131970;FUNDAMENTUM COLEGIO;3556206;628.8446808510638;47.0;180.0;2.0;0.6391;Polígono
35111235;ESCOLA DE EDUCACAO INFANTIL ENSINO FUNDAMENTAL E ENSINO MEDIO SAO LUIS LTDA EPP;3554102;633.605294117647;34.0;126.0;2.0;0.6389;Polígono
33206007;CENTRO EDUCACIONAL IMPERIAL;3302502;623.6891304347827;46.0;142.0;4.0;0.6385;Polígono
35109460;ASSIS CHATEAUBRIAND EMB EEFMEPJA;3534401;607.0161545372866;371.0;1278.0;5.0;0.6384;Polígono
42110980;ESCOLA DA ILHA;4205407;622.8145454545455;44.0;138.0;3.0;0.6384;Polígono
35130254;CENTRO INTERESCOLAR OBJETIVO UNIDADE LUIS GOES;3550308;633.4427118644069;59.0;194.0;2.0;0.6381;Polígono
35802281;BELA ALVORADA COLEGIO;3557006;619.5533333333333;31.0;114.0;4.0;0.638;Polígono
15165833;SISTEMA EDUCACIONAL UNIVERSO POSITIVO;1500800;615.2964285714286;28.0;100.0;4.0;0.6379;Polígono
15037614;COLEGIO ALFA;1501402;619.4727659574469;47.0;122.0;4.0;0.6377;Polígono
33033811;ESCOLA TECNICA PANDIA CALOGERAS;3306305;614.3827027027027;37.0;139.0;4.0;0.6376;Polígono
29451876;CENTRO EDUCACIONAL MARIA CARDOSO FERREIRA;2919553;611.1827956989248;31.0;115.0;5.0;0.6363;Polígono
51064677;COLEGIO ISAAC NEWTON - CIN INTEGRAL ITA MEDICINA;5103403;632.2013095238095;56.0;167.0;1.0;0.6361;Polígono
35143595;COLEGIO GIUSTO ZONZINI;3550308;619.0563636363637;33.0;111.0;4.0;0.6354;Polígono
35167800;COLEGIOS UNIVAP UNIDADE VILLA BRANCA;3524402;631.0116666666667;36.0;154.0;3.0;0.6352;Polígono
15586413;ESCOLA DE EDUCACAO BASICA MARECHAL RONDON;1503606;607.3502127659574;47.0;211.0;5.0;0.6347;Polígono
21265585;COLEGIO MARISTA DO ARACAGY;2111201;618.789725490196;85.0;265.0;4.0;0.6342;Polígono
31370258;COLEGIO ORLEANS E BRAGANCA;3106200;606.094;10.0;104.0;5.0;0.6333;Polígono
42068703;ACBNL COLEGIO SAO JOSE;4208203;614.5792592592593;27.0;261.0;4.0;0.6333;Polígono
31382507;COLEGIO AVENIDA FINOTTI;3170206;622.1646078431373;34.0;178.0;4.0;0.633;Polígono
43107370;COLEGIO SALESIANO DOM BOSCO;4314902;614.5377777777777;66.0;303.0;4.0;0.633;Polígono
31246468;COL CHROMOS VENDA NOVA;3106200;620.4518635170604;127.0;576.0;3.0;0.6329;Polígono
35134429;PREVE JAU COLEGIO;3525300;616.4321739130435;23.0;103.0;3.0;0.6325;Polígono
29227720;COLEGIO SOCIAL DE JEQUIE;2918001;614.3888888888889;36.0;145.0;4.0;0.6324;Polígono
33089167;COLEGIO M3;3304904;614.3115384615385;52.0;208.0;4.0;0.6319;Polígono
35582803;INSTITUTO DE EDUCACAO PARQUE INDUSTRIAL IEPI;3509502;621.8335483870968;31.0;117.0;4.0;0.6319;Polígono
33181594;COLEGIO E CURSO START;3304904;641.3543209876543;54.0;115.0;0.0;0.6312;Polígono
27049140;ELITE INTEGRAL LTDA;2704302;630.25;52.0;149.0;2.0;0.6311;Polígono
35106884;FECAP COLEGIO;3550308;614.056061728395;270.0;841.0;5.0;0.631;Polígono
24085499;OVER COLEGIO E CURSO;2403251;635.4970000000001;40.0;146.0;1.0;0.6309;Polígono
41162420;ALFA REDE DE ENSINO;4109401;625.4371241830065;51.0;169.0;3.0;0.6308;Polígono
53006585;COL ADVENTISTA DE PLANALTINA;5300108;613.475;64.0;303.0;4.0;0.6306;Polígono
26162210;COLEGIO SANTA EMILIA;2609600;608.3878787878788;110.0;359.0;4.0;0.6305;Polígono
15167178;SISTEMA DE ENSINO LOGOS LTDA;1500800;606.321142857143;35.0;112.0;5.0;0.6302;Polígono
41355644;COLEGIO POSITIVO VICENTE MACHADO - ENSINO MEDIO;4106902;637.025549104983;689.0;982.0;0.0;0.6301;Polígono
26138611;ESCOLA NOSSA SENHORA DA CONCEICAO;2609600;606.258064516129;31.0;145.0;5.0;0.6297;Polígono
35118928;MODULO COLEGIO;3550308;604.9521666666667;80.0;290.0;5.0;0.6292;Polígono
33135924;COLEGIO QI;3304557;619.8693333333333;35.0;115.0;3.0;0.6288;Polígono
31006629;CENTRO EDUCACIONAL MINEIRO;3106200;609.851282051282;39.0;158.0;5.0;0.6285;Polígono
31217263;INSTITUTO EDUCACIONAL MANOEL PINHEIRO;3106200;617.6063829787234;47.0;161.0;4.0;0.6281;Polígono
43220541;COLEGIO GABARITO ZONA SUL;4314902;630.9878571428571;28.0;106.0;2.0;0.628;Polígono
23025530;SANTANA COLEGIO;2312908;604.741095890411;73.0;287.0;5.0;0.6279;Polígono
27218198;COLEGIO SANTISSIMO SENHOR;2704302;609.5914814814815;36.0;109.0;5.0;0.6274;Polígono
31367036;COLEGIO E CURSO NOTA 10;3136702;628.9568;50.0;124.0;3.0;0.6274;Polígono
33149550;RH POSITIVO CENTRO EDUCACIONAL;3304524;625.9959595959596;33.0;125.0;0.0;0.6272;Polígono
33186260;COLEGIO E CURSO AO CUBO;3304557;613.5031578947368;38.0;117.0;5.0;0.6271;Polígono
35195133;CANOPUS COLEGIO;3510500;640.537803030303;44.0;162.0;0.0;0.6267;Polígono
31256285;COLEGIO APOGEU-UNIDADE III DE ENSINO FUNDAMENTAL E ENSINO MEDIO;3136702;615.786111111111;36.0;217.0;4.0;0.6266;Polígono
35137686;COLEGIO DOM AGUIRRE;3552205;605.5562841530054;122.0;427.0;5.0;0.6262;Polígono
35154258;INTEGRADA EDUCATIVA ESCOLA;3552403;635.0230952380953;56.0;234.0;2.0;0.6261;Polígono
35008152;COLEGIO OFICINA DO ESTUDANTE UNIDADE PAINEIRAS;3509502;628.7524242424242;66.0;290.0;3.0;0.626;Polígono
35004887;COLEGIO FOCUS;3518404;638.8096551724137;58.0;178.0;1.0;0.6259;Polígono
35140648;SER COLEGIO;3525904;634.9766013071895;51.0;188.0;2.0;0.6255;Polígono
53001281;COL BATISTA DE BRASILIA;5300108;624.3768181818182;44.0;157.0;3.0;0.6255;Polígono
31276651;COLEGIO NEUZA DUTRA;3106705;613.4905263157895;38.0;137.0;4.0;0.6253;Polígono
43037704;COLEGIO LA SALLE NITEROI;4304606;604.9827027027027;37.0;142.0;5.0;0.624;Polígono
41071921;COLEGIO ELITE EF EM;4104808;618.843870967742;62.0;224.0;3.0;0.6237;Polígono
35112951;CANDELARIA COLEGIO;3520509;604.8179365079365;42.0;176.0;5.0;0.623;Polígono
13026194;CENTRO EDUCACIONAL LA SALLE;1302603;601.016183908046;145.0;553.0;5.0;0.6226;Polígono
31267007;INSTITUTO EDUCACIONAL NOVOS TEMPOS;3118601;600.9364971751412;59.0;211.0;5.0;0.6225;Polígono
42159571;COLEGIO MUNDO DO SABER;4211900;616.1766666666666;24.0;115.0;4.0;0.6224;Polígono
23282339;COLEGIO TELEYOS;2304400;614.93;136.0;563.0;4.0;0.6216;Polígono
31223123;COL CHROMOS BETIM;3106705;634.0792857142858;28.0;121.0;2.0;0.6213;Polígono
23275871;COLEGIO GURI SENIOR;2304400;608.4722388059702;67.0;163.0;5.0;0.6212;Polígono
22142517;COLEGIO MADRE SAVINA UNIDADE JOCKEY;2211001;623.4390163934426;61.0;229.0;3.0;0.6209;Polígono
53001109;ESCOLA SALESIANA BRASILIA;5300108;608.3921212121212;33.0;135.0;5.0;0.6208;Polígono
42106311;COLEGIO GERACAO;4205407;623.3037333333333;75.0;234.0;3.0;0.6207;Polígono
41076087;CAESP;4108304;604.5047368421052;38.0;159.0;5.0;0.6203;Polígono
43097812;COLEGIO SALVATORIANO BOM CONSELHO;4314100;604.496;20.0;116.0;5.0;0.6201;Polígono
35456196;COLEGIO VISCONDE DE PORTO SEGURO CAMPUS VILA ANDRADE;3550308;618.1942962962962;90.0;245.0;3.0;0.62;Polígono
35138009;CHALUPE COLEGIO;3505708;611.889411764706;34.0;123.0;5.0;0.6197;Polígono
41156781;INTEGRAL DE TOLEDO CEM;4127700;628.7807207207206;37.0;133.0;2.0;0.6193;Polígono
33028567;COLEGIO OBJETIVO SAO PEDRO;3305208;615.5335;40.0;139.0;4.0;0.6192;Polígono
41152450;NOBEL NOVO CENTRO C-EM;4115200;633.5181420765027;122.0;480.0;2.0;0.619;Polígono
41072111;SANTA MARIA C EI F M;4104808;608.0061788617886;41.0;190.0;5.0;0.6188;Polígono
35140703;QUINTAL SISTEMA EDUCACIONAL;3522307;622.7194623655914;62.0;175.0;3.0;0.6183;Polígono
31377767;COLEGIO CESE - UNIDADE II;3131703;611.425;16.0;108.0;5.0;0.618;Polígono
35137224;ESPACO EDUCACAO BASICA COLEGIO;3504107;615.2338383838384;66.0;247.0;4.0;0.6179;Polígono
31375071;COLEGIO ANN MACKENZIE;3170206;604.0178571428571;28.0;137.0;5.0;0.6176;Polígono
35118084;OBJETIVO COLEGIO DE CAMPINAS UNIDADE BARAO GERALDO;3509502;632.5384967320261;51.0;169.0;1.0;0.6176;Polígono
33138567;SOCIEDADE EDUC COZZOLINO LTDA;3302502;619.1778947368421;19.0;108.0;4.0;0.6171;Polígono
35498646;ALBERT EINSTEIN ETIEP UNIDADE II;3550308;622.8056910569105;82.0;266.0;2.0;0.6171;Polígono
52188388;FRACTAL CENTRO DE EDUCACAO E ENSINO;5208707;632.3061904761905;84.0;252.0;1.0;0.617;Polígono
35106616;NOSSA SENHORA DA GLORIA COLEGIO MARISTA;3550308;632.9044444444445;63.0;276.0;2.0;0.6164;Polígono
33031363;COL DE APLICACAO DE RESENDE;3304201;599.9111764705882;34.0;168.0;5.0;0.6162;Polígono
35109411;NOSSA SENHORA DOS REMEDIOS COLEGIO;3534401;607.5145762711865;59.0;227.0;5.0;0.6162;Polígono
35811142;PORTAL DE LIMEIRA COLEGIO;3526902;621.7616161616161;33.0;118.0;3.0;0.6155;Polígono
35173548;APICE INSTITUTO EDUCACIONAL LTDA;3552205;614.8057471264367;29.0;102.0;4.0;0.6154;Polígono
52101541;COLEGIO CORTEX;5208707;621.5956818181818;44.0;155.0;3.0;0.6147;Polígono
42020590;COLEGIO ADVENTISTA DE JOINVILLE SAGUACU;4209102;607.2554166666666;48.0;259.0;5.0;0.6143;Polígono
33071683;PENSI MARTINS;3304557;632.2200888888889;75.0;303.0;2.0;0.6142;Polígono
35135227;MACKENZIE TAMBORE COLEGIO PRESBITERIANO;3505708;607.1865964912281;190.0;841.0;5.0;0.614;Polígono
35295784;IDEAL COLEGIO;3543402;627.5168;25.0;131.0;2.0;0.6139;Polígono
26135490;COLEGIO IMACULADO CORACAO DE MARIA;2609600;603.2870707070707;99.0;322.0;5.0;0.6135;Polígono
35165190;OBJETIVO CENTRO INTERESCOLAR UNIDADE XXVII;3543402;621.4924497991968;83.0;340.0;2.0;0.6128;Polígono
31362735;COLEGIO SAO FRANCISCO - UNIDADE II;3147907;621.1076422764228;41.0;146.0;3.0;0.6126;Polígono
31158101;ESCOLA PARTICULAR PEQUENO PRINCIPE;3168606;618.4019999999999;40.0;141.0;4.0;0.6126;Polígono
25132369;JANIO DE SA BRAGA FILHO;2507507;614.354962962963;45.0;122.0;4.0;0.6125;Polígono
33065411;COL TERESIANO;3304557;609.7419512195122;41.0;166.0;4.0;0.6124;Polígono
31198846;COL STA TERESA;3134202;614.2714285714286;35.0;129.0;4.0;0.6118;Polígono
22141693;COLEGIO PROPOSITO;2211001;625.1702873563218;116.0;227.0;1.0;0.611;Polígono
29417546;COLEGIO DIPLOMATA;2910800;628.0016666666667;12.0;103.0;1.0;0.6102;Polígono
29318335;COLEGIO ANISIO TEIXEIRA;2910727;617.9016666666666;44.0;155.0;4.0;0.6099;Polígono
41071417;IDEAL C EI F M;4104808;606.244126984127;21.0;129.0;5.0;0.6098;Polígono
43092454;COLEGIO MARISTA PIO XII;4313409;602.704;40.0;244.0;5.0;0.6098;Polígono
53001907;COL ADVENTISTA DA ASA SUL;5300108;609.1935757575758;55.0;267.0;4.0;0.6095;Polígono
24083453;COLEGIO CONTEMPORANEO;2403251;610.1968;50.0;134.0;4.0;0.6092;Polígono
33169365;COLEGIO BRUNO OSTMANN;3302403;625.3152380952381;42.0;115.0;2.0;0.6088;Polígono
13026500;COLEGIO SANTA DOROTEIA;1302603;613.8619047619048;28.0;120.0;4.0;0.6085;Polígono
35338345;COLEGIO ALMEIDA GARRETT;3543402;620.5052631578948;38.0;152.0;3.0;0.6085;Polígono
31305847;COL CIDADE DE MURIAE;3143906;605.871339869281;102.0;276.0;5.0;0.6078;Polígono
17052564;CENTRO EDUCACIONAL SAO FRANCISCO DE ASSIS;1721000;613.7075471698113;53.0;208.0;4.0;0.6074;Polígono
35110966;ANTONIO TEIXEIRA FERNANDES COLEGIO TECNICO;3549904;620.4035555555556;330.0;1229.0;3.0;0.6073;Polígono
43109284;CENTRO DE ENSINO MEDIO PASTOR DOHMS- UNIDADE DE ENSINO ZONA SUL;4314902;602.3606504065041;41.0;105.0;5.0;0.6072;Polígono
35193914;ALFABETO COLEGIO;3530607;620.1646808510637;47.0;154.0;3.0;0.6062;Polígono
33111774;COLEGIO EQUIPE GRAU;3303203;609.529;40.0;158.0;4.0;0.6061;Polígono
35133395;CENTRO INTERESCOLAR OBJETIVO UNIDADE TATUAPE;3550308;625.7865217391304;92.0;336.0;2.0;0.606;Polígono
33161402;COLEGIO E CURSO PENSI;3304557;620.1187628865979;97.0;375.0;3.0;0.6057;Polígono
35118321;CRIARTE COLEGIO;3541406;625.7539130434783;23.0;116.0;2.0;0.6057;Polígono
52032973;COLEGIO GOIANIENSE ADVENTISTA;5208707;605.14;44.0;142.0;5.0;0.6051;Polígono
41130090;JOAO BAGOZZI COL PE - EF-EM E NORMAL;4106902;601.8088541666667;128.0;509.0;5.0;0.6036;Polígono
35529503;COLEGIO TORRICELLI UNIDADE I;3518800;612.5633333333333;38.0;170.0;4.0;0.6034;Polígono
52290352;COLEGIO EINSTEIN;5208707;604.78;25.0;130.0;5.0;0.6033;Polígono
43105637;COLEGIO ADVENTISTA MARECHAL RONDON;4314902;601.7305882352941;85.0;330.0;5.0;0.6029;Polígono
33074089;CENTRO EDUCACIONAL ROSA CHAMMA;3304557;628.8553488372092;43.0;188.0;1.0;0.6028;Polígono
41027051;PRISMA - COLEGIO ENS FUND E MEDIO;4101507;601.7152941176471;34.0;137.0;5.0;0.6028;Polígono
41024672;COLEGIO SANTA CRUZ;4115200;607.8339393939394;44.0;173.0;4.0;0.6024;Polígono
33439818;UNICO COLEGIO E VESTIBULARES;3302205;633.5921428571428;56.0;181.0;1.0;0.6023;Polígono
35108649;SAO JOSE COLEGIO;3547809;623.5123287671233;73.0;272.0;3.0;0.6019;Polígono
53005503;COL LA SALLE - SOBRADINHO;5300108;604.5871212121211;44.0;178.0;5.0;0.6017;Polígono
43041647;COLEGIO MURIALDO;4305108;604.585;16.0;116.0;5.0;0.6016;Polígono
35126615;CIDADE JARDIM CUMBICA COLEGIO;3518800;604.5098765432099;54.0;192.0;5.0;0.6012;Polígono
35165517;GBI ESCOLA;3506003;619.176091954023;29.0;121.0;3.0;0.6006;Polígono
26075440;COLEGIO PRESBITERIANO QUINZE DE NOVEMBRO;2606002;601.2860740740741;90.0;321.0;5.0;0.6001;Polígono
35288032;EMILIO RIBAS COLEGIO DE ENSINO MEDIO;3538006;612.0876923076922;65.0;195.0;4.0;0.6001;Polígono
52105695;COLEGIO LUMEN;5201108;628.3177575757576;55.0;216.0;1.0;0.6001;Polígono
41146476;COLEGIO DOM BOSCO MERCES EDUCACAO INFANTIL ENSINO FUNDAMENTAL E MEDIO;4106902;612.0846153846154;26.0;131.0;4.0;0.5999;Polígono
35115277;ADVENTISTA DE SAO CARLOS COLEGIO;3548906;622.9440650406503;41.0;158.0;3.0;0.5998;Polígono
43056172;COLEGIO FRANCISCANO SAO JOSE;4307005;601.2373913043477;23.0;128.0;5.0;0.5998;Polígono
29199603;INSTITUTO SOCIAL PINDORAMA;2927408;607.283829787234;47.0;131.0;4.0;0.5989;Polígono
33084262;SANTA MONICA REDE DE ENSINO - SANTA CRUZ;3304557;614.9634285714286;35.0;148.0;2.0;0.5987;Polígono
21010250;COLEGIO BATISTA DANIEL DE LA TOUCHE;2111300;608.1345;40.0;118.0;4.0;0.5984;Polígono
32078684;SISTEMA EDUCACIONAL BRASILEIRO DE EDUCACAO BASICA - SEB JARDIM DA PENHA;3205309;615.190731707317;41.0;183.0;4.0;0.598;Polígono
35108820;CORACAO DE JESUS INSTITUTO;3547809;603.9510344827587;29.0;121.0;5.0;0.5979;Polígono
35138654;PASSIONISTA SANTA MARIA COLEGIO;3541000;611.650238095238;28.0;106.0;4.0;0.5978;Polígono
35144228;EXATUS COLEGIO E VESTIBULARES;3550308;632.4437037037037;54.0;192.0;1.0;0.5977;Polígono
35101597;JOAO XXIII COLEGIO;3550308;615.0819512195122;41.0;210.0;4.0;0.5975;Polígono
35111867;INSTITUTO EDUCACAO CIENCIAS E LETRAS CENTRO;3552205;603.8600333333334;100.0;397.0;5.0;0.5974;Polígono
33166900;SEI - SISTEMA DE ENSINO INTERATIVO;3304557;627.4694285714286;70.0;177.0;1.0;0.5965;Polígono
43121896;COLEGIO FRANCISCANO SANT ANNA;4316907;600.6156097560976;41.0;165.0;5.0;0.5964;Polígono
35374957;ASSOCIACAO CRESCER SEMPRE;3550308;606.5256862745098;68.0;209.0;4.0;0.5961;Polígono
27215512;COLEGIO CRISTO REI;2704302;618.4933333333333;33.0;105.0;2.0;0.5958;Polígono
29422353;COLEGIO LINCE LTDA;2927408;602.9036666666667;40.0;109.0;4.0;0.5955;Polígono
15167372;CENTRO DE ESTUDO PROFESSOR MANOEL LEITE;1501402;600.4466666666666;45.0;133.0;5.0;0.5954;Polígono
29304393;COLEGIO DIVINA PROVIDENCIA;2914802;618.1759420289856;46.0;198.0;3.0;0.5949;Polígono
35805973;ESCOLA INTERNACIONAL PREPARANDO GERACOES;3504107;627.7155555555555;18.0;119.0;2.0;0.5947;Polígono
35111995;ASSOCIACAO MANCHESTER EDUCACIONAL;3552205;610.9865277777777;48.0;229.0;4.0;0.5945;Polígono
53001060;COL LA SALLE BRASILIA;5300108;600.2388888888888;18.0;111.0;5.0;0.5945;Polígono
42020492;COLEGIO SANTO ANTONIO;4209102;603.3418333333334;120.0;465.0;5.0;0.5944;Polígono
35114236;NOMELINI CIRANDINHA COLEGIO;3505500;614.1354838709677;31.0;112.0;3.0;0.5942;Polígono
43042910;COLEGIO MADRE IMILDA;4305108;607.3180555555556;24.0;143.0;4.0;0.5938;Polígono
35100912;SAO PAULO DA CRUZ COLEGIO PASSIONISTA;3550308;603.2209848484848;44.0;155.0;5.0;0.5936;Polígono
51072335;COLEGIO SAN PETRUS;5107909;600.1652173913044;23.0;119.0;5.0;0.5935;Polígono
31014443;COLEGIO SANTA MARIA MINAS UNIDADE NOVA LIMA;3144805;606.1396581196581;39.0;116.0;4.0;0.5931;Polígono
15995933;SISTEMA DE ENSINO CTEM;1502400;600.1337931034483;29.0;108.0;5.0;0.5929;Polígono
35117500;INTERACAO DE MARILIA COLEGIO;3529005;626.3301609195403;145.0;501.0;1.0;0.592;Polígono
53017897;COL OBJETIVO ASA NORTE;5300108;599.9670056497175;59.0;206.0;5.0;0.5919;Polígono
41024826;COLEGIO OBJETIVO UNIDADE MARINGA;4115200;606.3405263157895;38.0;177.0;5.0;0.5915;Polígono
31374180;ELITE FLORESTA - BH;3106200;613.9198148148148;36.0;179.0;2.0;0.5914;Polígono
28018052;COLEGIO SANTANNA DE SERGIPE LTDA;2800308;610.5538461538462;65.0;206.0;4.0;0.5913;Polígono
35325880;COGNUS ENSINO MEDIO;3503307;626.6672222222222;24.0;150.0;2.0;0.5911;Polígono
11037474;CENTRO DE ENSINO MINEIRO;1100205;617.12;31.0;133.0;3.0;0.5908;Polígono
33180997;COLEGIO CURSO DESAFIO LTDA;3304557;626.5204347826086;46.0;144.0;2.0;0.5906;Polígono
32039832;EPG SAO CAMILO;3205200;606.3705;80.0;237.0;4.0;0.5901;Polígono
28017919;COLEGIO SALESIANO NOSSA SENHORA AUXILIADORA;2800308;602.6511111111112;57.0;243.0;5.0;0.5899;Polígono
35111454;LA SALLE COLEGIO;3507506;606.3343089430894;41.0;178.0;4.0;0.5898;Polígono
35106896;SANTO AGOSTINHO COLEGIO;3550308;602.611875;32.0;108.0;5.0;0.5896;Polígono
35158999;ELITE REDE DE ENSINO;3538709;610.185625;32.0;165.0;4.0;0.5895;Polígono
31356816;COLEGIO APOGEU - UNIDADE II DE ENSINO FUNDAMENTAL ANOS FINAIS E ENSINO MEDIO;3136702;625.8063507109006;211.0;603.0;1.0;0.5894;Polígono
31316237;LOGOS COLEGIO E CURSO - FORMACAO INTEGRAL DE ENSINO FUNDAMENTAL E ENSINO MEDIO;3170701;616.5477419354838;31.0;101.0;3.0;0.5885;Polígono
41158512;SIGMA COLEGIO - EM;4113700;621.485380116959;57.0;149.0;2.0;0.5877;Polígono
31340367;COLEGIO ALFA;3103504;616.3863636363636;44.0;186.0;3.0;0.5876;Polígono
52052567;COLEGIO NOSSA SENHORA DO BOM CONSELHO;5211909;599.2281632653061;49.0;183.0;5.0;0.5876;Polígono
35108364;PLACIDINA DONA INSTITUTO;3530607;602.3294666666667;75.0;367.0;5.0;0.5874;Polígono
41155815;COLEGIO SANTO ANJO BARIGUI ENS FUNDAMENTAL E ENS MEDIO;4106902;599.1708016877637;79.0;375.0;5.0;0.587;Polígono
28110404;COLEGIO SAO LUCAS;2804805;609.4872727272727;44.0;131.0;4.0;0.5863;Polígono
33178909;COLEGIO E CURSO PENSI;3303906;616.4131428571428;35.0;120.0;2.0;0.5862;Polígono
35121721;MORUMBI DE ALPHAVILLE ESCOLA DE ENSINO FUNDAMENTAL;3547304;613.2980952380952;21.0;139.0;4.0;0.5859;Polígono
35060574;CONDE DOMINGOS COLEGIO;3550308;609.3902325581395;43.0;107.0;4.0;0.5857;Polígono
35109022;UNIVERSITARIO ABC COLEGIO;3548708;615.8053900709219;94.0;365.0;3.0;0.5855;Polígono
50007890;COLEGIO OSWALDO TOGNINI;5002704;598.8192792792793;74.0;262.0;5.0;0.5854;Polígono
32052936;CE LAURO PINHEIRO;3201209;598.7342372881355;59.0;209.0;5.0;0.5846;Polígono
31006092;COLEGIO ADVENTISTA DE BELO HORIZONTE;3106200;601.8956989247312;31.0;141.0;5.0;0.5845;Polígono
41133285;COLEGIO VICENTINO SAO JOSE;4106902;598.505873015873;42.0;164.0;5.0;0.5833;Polígono
42142822;EXATHUM CURSO E COLEGIO;4209102;608.9063333333332;60.0;196.0;4.0;0.5828;Polígono
33161011;COLEGIO E CURSO PENSI;3304557;620.6464724919094;103.0;413.0;2.0;0.5826;Polígono
33194084;COLEGIO E CURSO START;3304904;630.4121052631579;38.0;117.0;0.0;0.5819;Polígono
15570541;COLEGIO SANTA MADRE;1501402;604.698125;32.0;127.0;4.0;0.5817;Polígono
35142694;ELO EDUCACIONAL;3549904;624.6733333333333;91.0;293.0;2.0;0.5817;Polígono
35151385;PAN TERRA COLEGIO E PRE ESCOLA;3550308;615.1679166666667;48.0;133.0;3.0;0.5815;Polígono
35483084;PROGRESSO BILINGUE UNIDADE II;3548500;624.6198742138365;53.0;233.0;2.0;0.5813;Polígono
35438315;GERMINARE ESCOLA;3550308;608.6026501035197;161.0;776.0;4.0;0.5812;Polígono
41024699;SANTO INACIO COLEGIO EDUCACAO INFANTIL ENSINO FUNDAMENTAL E MEDIO;4115200;601.4178723404256;47.0;210.0;5.0;0.5812;Polígono
26125668;COLEGIO MOTIVO - CASA FORTE;2611606;606.5458823529412;34.0;141.0;3.0;0.5803;Polígono
33172315;CENTRO DE ENSINO E CULTURA;3304557;607.3154166666667;48.0;154.0;4.0;0.5796;Polígono
15011097;COLEGIO SANTA CLARA;1506807;597.8170212765958;94.0;301.0;5.0;0.5794;Polígono
42163781;COLEGIO FLEMING FLORIANOPOLIS;4205407;624.3603125;64.0;197.0;2.0;0.5793;Polígono
41140834;COLEGIO DIOCESANO LEAO XIII EDUCACAO INFANTIL ENSINO FUNDAMENTAL E ENSINO MEDIO;4118204;604.1533333333333;25.0;111.0;5.0;0.5791;Polígono
35132986;LUMIERE COLEGIO;3550308;601.0395744680851;47.0;140.0;5.0;0.5788;Polígono
35102829;SAO DOMINGOS COLEGIO;3550308;620.0537931034484;58.0;220.0;2.0;0.5786;Polígono
42091462;ALFA REDE DE ENSINO;4208906;608.0816;25.0;120.0;4.0;0.5785;Polígono
35113748;SALESIANO DOM BOSCO COLEGIO;3538709;608.0080092592593;72.0;272.0;4.0;0.5784;Polígono
15174310;SISTEMA DE ENSINO CONTEXTUAL;1502400;614.6264615384615;65.0;137.0;3.0;0.5783;Polígono
42000246;COLEGIO ADVENTISTA DE FLORIANOPOLIS - CENTRO;4205407;611.5557575757576;44.0;130.0;4.0;0.5777;Polígono
35005941;COLEGIO CAMINHOS E COLINAS;3550308;613.7055555555555;54.0;226.0;3.0;0.577;Polígono
15058794;INSTITUTO SANTA TERESINHA;1501709;597.4208695652175;46.0;135.0;5.0;0.5768;Polígono
33157383;COLEGIO ADVENTISTA DE ITABORAI;3301900;602.9526543209877;54.0;185.0;4.0;0.5767;Polígono
41076800;COLEGIO VICENTINO SAO JOSE;4108304;600.5961728395062;54.0;209.0;5.0;0.5767;Polígono
50031783;NOTA 10 INTERNACIONAL - UNIDADE GENERAL OSORIO;5002704;618.518;30.0;124.0;2.0;0.5765;Polígono
32079931;ESCOLA MARISTA CHAMPAGNAT TERRA VERMELHA;3205200;607.5932;50.0;197.0;4.0;0.5763;Polígono
41127781;COLEGIO DOM BOSCO UNIDADE AHU;4106902;607.565806451613;93.0;307.0;4.0;0.576;Polígono
35009366;COLEGIO NOVO UNIDADE ALTO DA BOA VISTA;3543402;607.5330555555555;24.0;105.0;4.0;0.5758;Polígono
33442304;COLEGIO CURSO INTELLECTUS - UNIDADE OCEANICA;3303302;618.1708843537415;49.0;171.0;3.0;0.5753;Polígono
35006958;COLEGIO CRIARTE UNIDADE III;3549805;626.8685106382978;47.0;146.0;1.0;0.5751;Polígono
35118977;PRIGULE COLEGIO;3550308;607.4070588235294;17.0;104.0;4.0;0.575;Polígono
35105053;MADRE CABRINI COLEGIO EEIFM;3550308;607.3754545454545;44.0;109.0;4.0;0.5747;Polígono
35450856;COLEGIO PROGRESSO UNIDADE TAQUARAL;3509502;617.7557894736842;19.0;125.0;3.0;0.5737;Polígono
42143390;COLEGIO COC LAGES;4209300;622.8835;40.0;177.0;2.0;0.5731;Polígono
27016315;ESCOLA DE EDUCACAO BASICA SANTA CATARINA;2700300;613.87625;32.0;127.0;3.0;0.5729;Polígono
29365813;COLEGIO RESGATYESHUA;2910800;622.729375;32.0;102.0;2.0;0.5726;Polígono
21013837;AEVSLM COLEGIO SAO VICENTE DE PAULO;2111300;595.8378947368421;38.0;123.0;5.0;0.5723;Polígono
35107475;COLEGIO ANGLO ALANTE CHACARA SANTO ANTONIO;3550308;617.4293532338309;67.0;261.0;3.0;0.5723;Polígono
42142539;CENTRO EDUCACIONAL UNIVERSO;4205407;606.9;28.0;106.0;4.0;0.5723;Polígono
42028493;COLEGIO SANTA ROSA DE LIMA;4209300;606.6023157894737;95.0;352.0;4.0;0.5718;Polígono
32063563;ESCOLA BATISTA BRASIL DE VILA VELHA;3205200;595.6992307692308;26.0;106.0;5.0;0.5717;Polígono
33166838;CENTRO PREPARATORIO MAXIMUS EIRELI;3303401;626.1524324324324;37.0;145.0;1.0;0.5717;Polígono
31371769;COLEGIO APLICACAO;3105608;602.3069230769231;26.0;101.0;4.0;0.5716;Polígono
43162690;INSTITUTO LAURA VICUNA;4322400;596.4327272727273;44.0;169.0;5.0;0.5715;Polígono
29182387;COLEGIO GREGOR MENDEL;2927408;610.4445833333333;48.0;219.0;4.0;0.5714;Polígono
35143157;SALGUEIRO COLEGIO;3550308;613.6741463414634;41.0;136.0;3.0;0.5712;Polígono
41026039;COLEGIO NOSSA SENHORA DA GLORIA;4101408;606.3873170731707;41.0;152.0;4.0;0.5707;Polígono
27054500;COLEGIO NOSSA SENHORA DO SANTISSIMO SACRAMENTO;2704302;599.4188;50.0;194.0;5.0;0.5694;Polígono
33060312;INSTITUTO DE EDUCACAO SANTO ANTONIO;3303500;592.1139682539682;63.0;244.0;5.0;0.5691;Polígono
26095912;COLEGIO DIOGO DE BRAGA;2616407;599.4061538461539;39.0;158.0;5.0;0.569;Polígono
35165451;COLEGIO MEMORIAL;3525904;611.663448275862;29.0;101.0;3.0;0.5677;Polígono
52091279;COLEGIO PLANETA EDUCACIONAL;5208707;621.2109452736319;67.0;195.0;2.0;0.5675;Polígono
41025954;MATER DEI - COLEGIO ED INF ENS FUND E MEDIO;4101408;605.7537777777777;45.0;153.0;4.0;0.5669;Polígono
31170208;ESCOLA MACHADO DE ASSIS;3103504;605.5703703703704;27.0;116.0;4.0;0.5664;Polígono
35109435;NOSSA SENHORA DE MISERICORDIA COLEGIO;3534401;609.4171875;64.0;176.0;4.0;0.5664;Polígono
35071936;CANELLO MARQUES COLEGIO;3550308;598.9015053763441;62.0;162.0;5.0;0.5662;Polígono
27034895;COLEGIO MARISTA DE MACEIO;2704302;602.2071186440678;59.0;239.0;4.0;0.5661;Polígono
52099024;COLEGIO FRACTAL CIDADE JARDIM;5208707;617.52;49.0;200.0;2.0;0.5656;Polígono
26033925;COLEGIO DOM BOSCOEXTENSAO;2611101;609.2821111111111;60.0;231.0;4.0;0.5655;Polígono
43098584;INSTITUTO EDUCACIONAL DE PASSO FUNDO;4314100;602.0162666666666;25.0;169.0;4.0;0.5649;Polígono
33189692;COLEGIO NOS UND BARRA LTDA;3304557;615.3631428571429;70.0;272.0;1.0;0.5645;Polígono
43105408;COLEGIO ADVENTISTA DE PORTO ALEGRE;4314902;591.5476729559748;53.0;264.0;5.0;0.5644;Polígono
35290518;REMBRANDT COC;3506003;615.5815238095238;70.0;224.0;3.0;0.5643;Polígono
33098867;COLEGIO APROVACAO LTDA;3301900;616.9625;40.0;117.0;0.0;0.5638;Polígono
41133293;COLEGIO SESC SAO JOSE;4106902;594.4861538461539;234.0;826.0;5.0;0.5634;Polígono
35109502;MODULO COLEGIO;3510500;598.4648648648649;37.0;117.0;5.0;0.5631;Polígono
15180301;INSTITUTO VICENTINO NSRª AUXILIADORA;1502103;591.1859999999999;30.0;108.0;5.0;0.563;Polígono
33166935;COLEGIO E CURSO PENSI;3304557;625.852972972973;37.0;197.0;0.0;0.5625;Polígono
33155585;CENTRO EDUCACIONAL BARROSO LEITE;3300704;601.3610666666667;25.0;119.0;5.0;0.5614;Polígono
35110140;KENNEDY PRESIDENTE COLEGIO;3548500;601.6344927536232;46.0;151.0;4.0;0.5614;Polígono
27055388;CENTRO EDUCACIONAL RIBEIRO CIA LTDA;2704302;597.9965217391305;23.0;121.0;5.0;0.5608;Polígono
15565793;COLEGIO SUPREMO DA AMAZONIA;1500800;607.752;35.0;117.0;3.0;0.5606;Polígono
35581781;COLEGIO GANDOLFI;3516200;619.9247619047619;21.0;104.0;1.0;0.5606;Polígono
22130756;ESCOLA MARISTA CHAMPAGNAT TERESINA;2211001;600.375035460993;141.0;476.0;4.0;0.5598;Polígono
35144548;INOVACAO ESCOLA EDUCACAO INFANTIL FUNDAMENTAL E MEDIO;3519071;604.4136;25.0;131.0;4.0;0.5597;Polígono
35382619;SAO DOMINGOS SAVIO COLEGIO;3522307;616.1347826086957;23.0;103.0;2.0;0.5597;Polígono
35102751;BATISTA BRASILEIRO COLEGIO;3550308;594.7748148148148;36.0;151.0;5.0;0.5596;Polígono
26181266;COLEGIO SANTA EMILIA;2611606;610.1468571428571;105.0;369.0;3.0;0.559;Polígono
35120947;ESCOLA DE EDUCACAO BASICA FUNDACAO BRADESCO;3534401;600.2129203539823;113.0;391.0;4.0;0.5589;Polígono
15096190;COLEGIO ADVENTISTA DA MARAMBAIA;1501402;594.5296296296297;45.0;140.0;5.0;0.5582;Polígono
35130588;LA FONTAINE ESCOLA EDUCACAO INFANTIL E FUNDAMENTAL;3525904;623.0066666666667;24.0;105.0;1.0;0.5571;Polígono
52103560;CENTRO EDUCACIONAL IGOR XAVIER;5221403;615.5481818181818;22.0;104.0;2.0;0.5571;Polígono
13026402;ESCOLAS IDAAM;1302603;607.6584126984128;126.0;415.0;4.0;0.557;Polígono
26192713;COLEGIO CRISTAO DE PETROLINA;2611101;600.8347747747747;37.0;192.0;4.0;0.5568;Polígono
35124060;COEDUCAR INSTITUTO DE EDUCACAO;3503208;610.6154545454546;44.0;176.0;3.0;0.5567;Polígono
29190886;COLEGIO MONTESSORIANO;2927408;606.9889473684211;38.0;147.0;3.0;0.5566;Polígono
23277050;COLEGIO MARIA ESTER 4;2304400;603.4745593869732;87.0;272.0;4.0;0.555;Polígono
33178976;COLEGIO E CURSO PENSI;3300704;617.6595384615385;65.0;224.0;1.0;0.5548;Polígono
35114911;BARAO DE MAUA ESCOLA DE ED INFANTIL FUNDAMENTAL E MEDIO;3543402;603.4624;50.0;170.0;4.0;0.5548;Polígono
33067732;COLEGIO DA COMPANHIA DE MARIA;3304557;593.8341463414635;41.0;127.0;5.0;0.5546;Polígono
43176364;INSTITUTO PRO-UNIVERSIDADE CANOENSE - IPUC;4304606;593.8230769230769;26.0;135.0;5.0;0.5545;Polígono
35135446;PIAGET COLEGIO;3550308;596.7531623931624;39.0;121.0;5.0;0.5544;Polígono
23162902;DIOCESANO DO CRATO COLEGIO;2304202;596.6976;25.0;102.0;5.0;0.5537;Polígono
14000792;CENTRO EDUCACIONAL MACUNAIMA - COLEGIO FAMETRO;1400100;596.6544680851064;47.0;207.0;5.0;0.5536;Polígono
35144496;COLEGIO JOSEENSE;3549904;603.2995402298851;29.0;106.0;4.0;0.5535;Polígono
23251832;TIRADENTES COLEGIO;2304400;605.0714285714286;98.0;297.0;3.0;0.5534;Polígono
43295258;EEM VIAMOPOLIS;4323002;596.6097297297298;37.0;168.0;5.0;0.5533;Polígono
16007484;ESC ADVENTISTA DE MACAPA;1600303;605.041875;32.0;119.0;3.0;0.5532;Polígono
35139129;PINHEIRO ESCOLA;3550308;593.56;66.0;325.0;5.0;0.5531;Polígono
35005131;COLEGIO OBJETIVO PRIME;3548708;599.3358181818182;110.0;383.0;4.0;0.553;Polígono
33066930;ESCOLA DE EDUCACAO BASICA E PROFISSIONAL FUNDACAO BRADESCO;3304557;592.6513015873015;105.0;451.0;5.0;0.5529;Polígono
35124801;ESCOLA DE EDUCACAO BASICA E PROFISSIONAL FUNDACAO BRADESCO;3529005;599.3169082125604;69.0;259.0;4.0;0.5528;Polígono
35100730;AMORIM SANTA TERESA COLEGIO;3550308;600.1589333333333;75.0;304.0;4.0;0.5528;Polígono
53018532;COL IN-NOVA;5300108;609.9555823293173;83.0;246.0;3.0;0.5527;Polígono
16007735;NUCLEO DE EDUCACAO INTEGRADA - NEI;1600303;593.3691228070174;38.0;132.0;5.0;0.5521;Polígono
52072568;COLEGIO INTEGRAL DE CATALAO;5205109;596.3991489361701;47.0;145.0;5.0;0.5517;Polígono
33008337;COLEGIO BITTENCOURT;3301009;602.9234782608695;23.0;112.0;4.0;0.5513;Polígono
27053431;CONECTA EIRELI;2700300;602.9041860465117;43.0;174.0;4.0;0.5511;Polígono
33191824;COLEGIO E CURSO PENSI;3304557;608.5458333333333;104.0;385.0;3.0;0.5508;Polígono
35101448;SAO JUDAS TADEU COLEGIO;3550308;605.7414207650273;61.0;252.0;3.0;0.5506;Polígono
26137950;COLEGIO SOUZA LEAO MEDIO;2607901;599.4718032786885;61.0;189.0;5.0;0.5504;Polígono
29478448;CERM - CENTRO DE ESTUDO RONALDO MENDES;2914802;618.3506201550388;86.0;265.0;2.0;0.5503;Polígono
33241201;COLEGIO E CURSO INTELLECTUS - UNIDADE FREGUESIA;3304557;610.6545454545454;44.0;196.0;2.0;0.5502;Polígono
35122038;COC SISTEMA DE EDUCACAO;3549904;617.8729166666667;48.0;133.0;1.0;0.5501;Polígono
32068336;ELITE - REDE DE ENSINO;3205200;602.6825;24.0;145.0;4.0;0.5495;Polígono
24073784;INSTITUTO EDUCACIONAL SEMENTES;2408003;599.6644292237443;146.0;545.0;4.0;0.5493;Polígono
41382366;COLEGIO LOBO DO PARANA - ENSINO FUNDAMENTAL E MEDIO;4109401;595.989;20.0;117.0;5.0;0.549;Polígono
28019814;INSTITUTO DOM FERNANDO GOMES;2800308;599.4654098360655;122.0;434.0;4.0;0.5487;Polígono
35155159;COLEGIO MASTER ANGLO DE ARARAQUARA;3503208;609.1878095238095;35.0;101.0;3.0;0.5487;Polígono
35292175;UNIMOR COLEGIO NUCLEO 2;3550308;602.5655782312925;49.0;165.0;4.0;0.5486;Polígono
35137194;SAINT EXUPERY PEQUENO PRINCIPE COLEGIO SEPP;3524402;609.1866666666667;31.0;108.0;3.0;0.5485;Polígono
50030116;NOTA 10 - UNIDADE GARCAS;5002704;612.387469879518;166.0;503.0;1.0;0.5481;Polígono
35126949;INTEGRAL COLEGIO;3507605;612.38;35.0;104.0;3.0;0.5469;Polígono
53003640;COLEGIO CATOLICA BRASILIA;5300108;595.6917081260365;201.0;673.0;5.0;0.5466;Polígono
29181755;COLEGIO ADVENTISTA DE SALVADOR;2927408;605.4372093023255;43.0;169.0;4.0;0.5462;Polígono
33175560;COLEGIO OBJETIVO CAMBOINHAS;3303302;598.7931578947369;38.0;111.0;5.0;0.5462;Polígono
29182441;COLEGIO NOSSA SENHORA DA SOLEDADE;2927408;598.7584126984127;63.0;241.0;5.0;0.5459;Polígono
35100663;MADRE MAZZARELLO INSTITUTO;3550308;595.5413333333332;60.0;167.0;5.0;0.5456;Polígono
41133005;COLEGIO ADVENTISTA PORTAO - EIEFM;4106902;595.4269892473119;62.0;215.0;5.0;0.545;Polígono
41160266;COLEGIO POSITIVO SANTA MARIA - EDUCACAO INFANTIL ENSINO FUNDAMENTAL E MEDIO;4113700;601.8004166666666;32.0;175.0;4.0;0.5433;Polígono
29428289;COLEGIO IMPACTO;2919207;595.1343478260869;46.0;168.0;5.0;0.5432;Polígono
35101151;NOSSA SENHORA DE LOURDES COLEGIO;3550308;598.369696969697;22.0;118.0;5.0;0.5431;Polígono
35119261;JOSE DE PAIVA NETTO INSTITUTO DE EDUCACAO;3550308;598.53;64.0;237.0;4.0;0.543;Polígono
31235555;COLEGIO EDUCARE DE BETIM;3106705;597.5574509803922;34.0;145.0;4.0;0.5429;Polígono
15173429;PHYSICS COLEGIO E CURSO;1501402;613.2203278688525;61.0;162.0;2.0;0.5423;Polígono
33203300;CET CENTRO EDUCACIONAL TOLEDO CET LTDA;3304524;616.4577777777778;27.0;146.0;2.0;0.5423;Polígono
35004863;COLEGIO BATISTA RIOPRETENSE;3549805;601.6956321839081;29.0;141.0;4.0;0.5422;Polígono
26118149;COLEGIO DA IMACULADA CONCEICAO;2611606;598.4264285714286;28.0;134.0;4.0;0.542;Polígono
29451990;EVOLUCAO CENTRO EDUCACIONAL;2925303;612.7527272727273;55.0;144.0;2.0;0.5418;Polígono
22026037;INST EDUC SAO JOSE;2211001;604.0723577235772;205.0;483.0;3.0;0.5415;Polígono
43100007;COLEGIO GONZAGA;4314407;598.2485714285714;42.0;209.0;4.0;0.5409;Polígono
35102076;SAO JOSE DE VILA MATILDE ESCOLA;3550308;597.8162790697675;43.0;150.0;5.0;0.5402;Polígono
26187604;COLEGIO CBV JAQUEIRA;2611606;594.5319999999999;15.0;119.0;5.0;0.5388;Polígono
35006976;COLEGIO POLIEDRO ARARAS;3503307;615.7103225806452;31.0;125.0;2.0;0.5386;Polígono
53014405;ESC ATUAL;5300108;607.3342222222223;45.0;150.0;3.0;0.5386;Polígono
29406080;COOPERATIVA EDUCACIONAL DE SANTO ANTONIO DE JESUS RESP LTDA;2928703;603.3792;50.0;160.0;3.0;0.538;Polígono
32039980;COLEGIO ADVENTISTA DE VITORIA;3205309;597.743076923077;39.0;160.0;4.0;0.538;Polígono
33106851;COLEGIO ST GEORGES;3304557;603.9350000000001;24.0;114.0;4.0;0.5377;Polígono
35100304;SANTA LUCIA FILIPPINI COLEGIO;3550308;597.2602721088435;49.0;126.0;5.0;0.5373;Polígono
53014111;COLEGIO IDEAL - UNIDADE III;5300108;610.2535395189003;97.0;415.0;3.0;0.5348;Polígono
42020557;COLEGIO UNIVILLE;4209102;596.9888888888888;18.0;121.0;4.0;0.5347;Polígono
41129830;COLEGIO IMACULADA CONCEICAO;4106902;590.5108571428572;70.0;274.0;5.0;0.5346;Polígono
17005078;ASSOCIACAO SANTA CRUZ DE ARAGUAINA;1702109;593.5769105691057;41.0;205.0;5.0;0.5341;Polígono
35144204;COLEGIO PORTUGUES DE SAO PAULO;3513009;590.3208;25.0;109.0;5.0;0.5339;Polígono
42112141;CENTRO EDUCACIONAL CATOLICA MACHADO DE ASSIS;4209102;601.940170940171;78.0;283.0;3.0;0.5339;Polígono
17056586;CENTRO EDUCACIONAL JCC LTDA;1721000;600.1988235294117;17.0;101.0;4.0;0.5338;Polígono
28035470;COLEGIO PRO-MUNDO LTDA EPP MATRIZ;2800308;611.1694444444444;36.0;150.0;2.0;0.5334;Polígono
32070845;CENTRO EDUCACIONAL CASTELO;3205002;593.4782608695652;23.0;101.0;5.0;0.5332;Polígono
16012054;PHYSICS COLEGIO E CURSO;1600303;614.2791666666667;48.0;107.0;1.0;0.5329;Polígono
53019253;COL IDEAL AGUAS CLARAS - UNIDADE VII;5300108;606.156;25.0;173.0;3.0;0.5328;Polígono
35140348;SPINOSA COLEGIO UNIDADE II;3550308;619.8121428571428;28.0;139.0;0.0;0.5327;Polígono
26186225;COLEGIO MOTIVO PETROLINA;2611101;611.0584313725491;34.0;106.0;2.0;0.5326;Polígono
35101898;MARY WARD COLEGIO;3550308;600.1260606060606;33.0;170.0;4.0;0.5326;Polígono
35568582;STAR MAX COLEGIO;3534401;609.4471111111111;45.0;172.0;1.0;0.532;Polígono
35560728;SER COLEGIO;3552809;595.8411111111111;36.0;164.0;4.0;0.5319;Polígono
35111016;FRANCISCANO NOSSA SENHORA APARECIDA COLEGIO;3549904;605.9806896551723;29.0;105.0;3.0;0.5316;Polígono
41128770;COLEGIO DECISIVO CRISTO REI EDUCACAO INFANTIL ENSINO FUNDAMENTAL E MEDIO;4106902;596.5128455284553;41.0;139.0;4.0;0.5316;Polígono
35130369;PREMEDICO COLEGIO;3550308;602.8663768115941;46.0;148.0;4.0;0.5314;Polígono
17054079;UPERIMM INSTITUTO DE ENSINO LTDA;1721000;605.7946666666667;25.0;159.0;3.0;0.5313;Polígono
35107736;WALDORF RUDOLF STEINER ESCOLA;3550308;589.8561904761906;28.0;119.0;5.0;0.5307;Polígono
33102236;INSTITUTO EDUCACIONAL PROF ALAOR LTDA;3303906;614.2794285714285;35.0;131.0;2.0;0.5305;Polígono
21014833;ESCOLA DE EDUCACAO BASICA E PROFISSIONAL FUNDACAO BRADESCO;2111300;595.6042253521127;71.0;248.0;4.0;0.5303;Polígono
23462450;EDUCAR COLEGIO;2304400;592.2050980392156;51.0;201.0;4.0;0.5292;Polígono
33131236;CENTRO EDUCACIONAL DE ITAIPUACU;3302700;596.2;31.0;121.0;4.0;0.5292;Polígono
52089584;CENTRO EDUCACIONAL DESAFIO I EIRELI;5208707;599.4100680272109;49.0;187.0;4.0;0.5287;Polígono
50033239;COLEGIO CLASSE A UNIDADE II;5002704;595.2531481481482;36.0;233.0;4.0;0.5286;Polígono
35009758;ADVENTISTA DE JARDIM FLORESTAL;3525904;614.1;21.0;141.0;2.0;0.5284;Polígono
53014707;C EDUCACIONAL CCI SENIOR;5300108;589.4639252336449;107.0;395.0;5.0;0.5282;Polígono
53019334;COL COC TAGUATINGA;5300108;595.9608695652174;23.0;101.0;4.0;0.5277;Polígono
11000198;COLEGIO SAPIENS - UNIDADE JARDIM DAS MANGUEIRAS;1100205;589.3038993710692;53.0;197.0;5.0;0.5276;Polígono
26121328;COLEGIO ADVENTISTA DO RECIFE;2611606;595.9603921568627;34.0;159.0;4.0;0.5275;Polígono
35585488;COLEGIO ANGLO UNIDADE HORTOLANDIA;3519071;616.9005847953217;57.0;142.0;1.0;0.5268;Polígono
15175529;PHYSICS COLEGIO E CURSO;1502400;614.5471428571428;56.0;163.0;0.0;0.5265;Polígono
42143969;COLEGIO OBJETIVO LAGES;4209300;610.0369105691057;41.0;168.0;2.0;0.5264;Polígono
35131507;OSWALD DE ANDRADE COLEGIO UNIDADE II;3550308;604.6613725490197;34.0;156.0;3.0;0.5261;Polígono
43037720;COLEGIO ULBRA CRISTO REDENTOR;4304606;588.8946913580247;54.0;175.0;5.0;0.5258;Polígono
52076601;COLEGIO VISAO;5208004;598.9333333333333;36.0;122.0;4.0;0.5258;Polígono
35100328;WELLINGTON CENTRO DE ENSINO INTEGRADO;3550308;613.6830303030304;33.0;120.0;2.0;0.5254;Polígono
41063350;COLEGIO SAGRADA FAMILIA;4119905;592.1965432098766;135.0;406.0;5.0;0.5251;Polígono
41027000;OLIMPUS COL- ENSINO FUNDAMENTAL E MEDIO;4101507;604.5091428571428;35.0;129.0;3.0;0.5248;Polígono
35143625;FENIX COLEGIO;3518404;613.5333333333333;51.0;176.0;2.0;0.5246;Polígono
41158768;ALFA REDE DE ENSINO;4127700;604.5053594771242;51.0;171.0;3.0;0.5246;Polígono
35808210;COLEGIO VICTORINO EIRELI;3550308;604.3579166666667;48.0;166.0;3.0;0.5235;Polígono
35168373;TABLEAU COLEGIO;3554102;609.3058461538461;65.0;205.0;2.0;0.5229;Polígono
15542858;ESC DOM ANGELO FROZI SC LTDA;1501303;588.4297777777778;45.0;135.0;5.0;0.5226;Polígono
33067813;PENSI MARTINS;3304557;601.1521568627451;68.0;214.0;3.0;0.5223;Polígono
35110346;LICEU SANTISTA;3548500;601.6070042194093;79.0;316.0;4.0;0.5223;Polígono
41061870;COLGIO ADVENTISTA PONTA GROSSA EIEFM;4119905;591.8298039215687;34.0;151.0;5.0;0.5219;Polígono
52097595;COLEGIO UNUS;5201405;609.1450724637681;46.0;195.0;2.0;0.5219;Polígono
35114157;PROGRESSO DE ARARAQUARA COLEGIO;3503208;615.6826315789473;38.0;143.0;1.0;0.5214;Polígono
51051273;CENTRO INTEGRADO DE ENSINO 1 E 2 GRAUS;5107602;591.8234666666666;25.0;158.0;5.0;0.5214;Polígono
33203415;COLEGIO NOS UND RECREIO LTDA;3304557;608.0021333333333;25.0;109.0;2.0;0.5213;Polígono
29327822;COLEGIO MIGUEL AFONSO;2931350;600.7184946236559;31.0;119.0;3.0;0.5206;Polígono
52288358;COLEGIO ABSOLUTO;5201405;599.912380952381;42.0;143.0;3.0;0.5206;Polígono
33025460;ALTERNATIVA COLEGIO;3304524;596.4752542372881;59.0;288.0;3.0;0.5205;Polígono
35108613;BARAO DE MAUA COLEGIO;3529401;601.1976470588236;34.0;155.0;4.0;0.5196;Polígono
35143029;BATISTA DE ITAPEVI ESCOLA;3522505;603.8264;50.0;150.0;2.0;0.5194;Polígono
31170348;CENTRO EDUCACIONAL ADVENTISTA DE UBERLANDIA;3170206;597.7638383838383;33.0;126.0;4.0;0.5188;Polígono
41127480;COLEGIO ELITE CONTEMPORANEO EI EF M;4106902;603.4119999999999;35.0;138.0;3.0;0.5186;Polígono
35481014;ABACO III COLEGIO;3548708;611.6262068965517;58.0;139.0;1.0;0.5185;Polígono
35127991;BEIT YAACOV ESCOLA;3550308;590.978245614035;19.0;183.0;5.0;0.5172;Polígono
35101679;CASTRO ALVES COLEGIO;3550308;590.9058974358975;26.0;150.0;5.0;0.5171;Polígono
41486846;SOCIEDADE EDUCACIONAL NOVO EDEN LTDA;4106902;587.2181395348838;43.0;165.0;5.0;0.5169;Polígono
28072430;COLEGIO JARDINS LTDA;2800308;603.1214814814815;27.0;109.0;3.0;0.5168;Polígono
35108224;ENIAC COLEGIO DE INFORMATICA;3518800;587.1717528735633;116.0;597.0;5.0;0.5166;Polígono
53003080;COL ADVENTISTA DO GAMA;5300108;600.4669264069264;77.0;351.0;4.0;0.5162;Polígono
53017870;COL OBJETIVO DF - UNIDADE V;5300108;600.109430894309;41.0;178.0;3.0;0.5161;Polígono
35102039;OLIVETANO COLEGIO;3550308;602.9243333333333;60.0;212.0;3.0;0.5157;Polígono
51091127;COLEGIO METHA;5108402;599.0664705882352;34.0;109.0;3.0;0.5155;Polígono
53015894;COL LICEU;5300108;596.9365517241379;29.0;142.0;4.0;0.5149;Polígono
41024575;PLATAO CEI EF M;4115200;600.2234666666667;25.0;180.0;4.0;0.5148;Polígono
35813936;ABSOLUTO COLEGIO;3516408;602.7855000000001;40.0;145.0;3.0;0.5146;Polígono
35144721;ALICERCE COLEGIO;3550308;611.2635714285715;28.0;122.0;2.0;0.5146;Polígono
35004818;COLEGIO EDUCACIONAL VALE DO PARANAPANEMA;3504008;596.8118279569893;31.0;114.0;4.0;0.5145;Polígono
33195579;COLEGIO ASA;3301009;603.9010000000001;40.0;165.0;2.0;0.5144;Polígono
15156028;COLEGIO PEQUENO PRINCIPEAVANTE;1501402;602.7781481481481;90.0;270.0;3.0;0.5143;Polígono
35152432;ADVENTISTA DE SOROCABA COLEGIO;3552205;596.779086757991;73.0;274.0;4.0;0.5143;Polígono
22138560;COLEGIO CPI;2211001;610.7034747474747;165.0;491.0;1.0;0.5142;Polígono
42154090;ESCOLA DE ENSINO MEDIO ESTIMOARTE LTDA EPP;4205407;590.2018390804598;29.0;110.0;5.0;0.5139;Polígono
42113105;COLEGIO DINAMICO CHAPECO;4204202;590.1637777777778;30.0;140.0;5.0;0.5137;Polígono
21092419;COLEGIO ADVENTISTA DE IMPERATRIZ;2105302;595.4685000000001;40.0;167.0;3.0;0.5133;Polígono
26075474;COLEGIO SANTA SOFIA;2606002;590.1277333333334;75.0;261.0;5.0;0.5133;Polígono
33075581;SANTA MONICA REDE DE ENSINO - CASCADURA;3304557;589.628275862069;58.0;225.0;4.0;0.5132;Polígono
35121150;SEPROSIC INSTITUTO BARONEZA DE REZENDE;3538709;602.525945945946;37.0;113.0;3.0;0.5124;Polígono
26121514;COLEGIO DE SAO JOSE;2611606;586.3809523809524;63.0;222.0;5.0;0.5115;Polígono
53019296;COL IDEAL UNIDADE ASA NORTE;5300108;589.8651612903226;31.0;134.0;5.0;0.5113;Polígono
35107116;NOSSA SENHORA DAS GRACAS ESCOLA;3550308;599.788787878788;44.0;164.0;4.0;0.511;Polígono
27034844;COLEGIO DE SAO JOSE;2704302;589.7825806451613;31.0;103.0;5.0;0.5107;Polígono
35111648;COLEGIO MERE MARIE THEODORE VOIRON;3523909;592.83;20.0;106.0;5.0;0.5102;Polígono
41029526;ADVENTISTA C-EI EF M;4113700;589.7393548387096;31.0;173.0;5.0;0.5102;Polígono
22146199;UNIDADE ESCOLAR SAO LUIZ GONZAGA DIOCESANO MEDIO;2207702;602.0039285714286;56.0;183.0;3.0;0.5095;Polígono
15539962;INSTITUTO DE EDUCACAO BETEL;1502400;588.735;32.0;155.0;4.0;0.5088;Polígono
42099536;CENTRO EDUCACIONAL RODA PIAO;4211900;602.1912280701754;38.0;123.0;2.0;0.5087;Polígono
31309966;ESCOLA ATHENAS;3170206;592.8103267973856;51.0;257.0;4.0;0.5085;Polígono
24059293;INSTITUTO BRASIL;2408102;592.7341666666667;24.0;100.0;4.0;0.5082;Polígono
35154404;OBJETIVO DO LITORAL CENTRO EDUCACIONAL UNIDADE VI;3548500;604.863870967742;62.0;231.0;3.0;0.508;Polígono
23265892;PROVECTO COLEGIO;2304400;591.8614942528736;58.0;217.0;4.0;0.5069;Polígono
33178518;CENTRO DE INTEGRACAO OBJETIVO - CIOB;3301702;601.7082857142857;70.0;287.0;3.0;0.5066;Polígono
29471583;COLEGIO OMEGA;2927408;592.2932307692307;65.0;188.0;5.0;0.5064;Polígono
42068606;COLEGIO ADVENTISTA DE ITAJAI;4208203;588.9641176470587;34.0;258.0;5.0;0.5064;Polígono
35167411;VINICIUS DE MORAES COLEGIO;3550308;613.2379310344828;29.0;134.0;1.0;0.5062;Polígono
33184453;COLEGIO ADVENTISTA DE NOVA IGUACU;3303500;597.4300000000001;42.0;241.0;3.0;0.5061;Polígono
23065893;BATISTA SANTOS DUMONT COL;2304400;581.255145631068;103.0;292.0;5.0;0.5058;Polígono
29093490;COLEGIO ANISIO TEIXEIRA;2910800;588.8467647058824;136.0;516.0;5.0;0.5058;Polígono
31018767;COLEGIO VICENTINO IMACULADA CONCEICAO;3105608;588.7731851851852;45.0;149.0;5.0;0.5053;Polígono
51036185;COLEGIO ISAAC NEWTON - CIN - MATUTINO E VESPERTINO;5103403;605.2626506024096;166.0;541.0;1.0;0.5052;Polígono
35811683;ANGLO ITATIBA CURSO E COLEGIO;3523404;612.5152542372881;59.0;185.0;1.0;0.5047;Polígono
15572005;COLEGIO INTELECTUAL;1500800;585.2805882352941;68.0;167.0;5.0;0.5041;Polígono
15585689;COLEGIOSEIMA;1501402;596.7722222222222;36.0;105.0;3.0;0.5033;Polígono
50007904;MABE MODERNA ASSOCIACAO BRASILEIRA DE ENSINO MEDIO LTDA;5002704;588.451158392435;141.0;508.0;5.0;0.5032;Polígono
35109496;SAO PIO X INSTITUTO;3534401;601.1951724137931;29.0;100.0;3.0;0.5031;Polígono
43041639;COLEGIO MURIALDO - CAXIAS DO SUL;4305108;585.0679710144927;46.0;266.0;5.0;0.503;Polígono
41354869;COLEGIO ELITE SAO JOSE DOS PINHAIS CENTRO - EDUCACAO INFANTIL - ENSINO FUNDAMENTAL E ENSINO MEDIO;4125506;592.0493693693694;74.0;229.0;4.0;0.5028;Polígono
43107877;INSTITUTO DE EDUCACAO SAO FRANCISCO;4314902;585.0329577464789;71.0;295.0;5.0;0.5027;Polígono
41569938;ELITE TALES DE MILETO EI EF M;4119905;601.1388888888889;36.0;145.0;3.0;0.5026;Polígono
41023960;ANGLO MARINGA CEF M;4115200;595.1320634920635;42.0;182.0;4.0;0.5025;Polígono
11000252;COLEGIO SAPIENS - UNIDADE JARDIM AMERICA;1100205;594.9362962962963;45.0;125.0;4.0;0.5012;Polígono
53017030;COL IDEAL UNIDADE V;5300108;598.087311827957;93.0;383.0;4.0;0.5012;Polígono
26116499;ESCOLA ANITA GONCALVES;2610707;597.4761666666666;40.0;131.0;3.0;0.5011;Polígono
41023897;COLEGIO ADVENTISTA DE MARINGA EDUCACAO INFANTIL ENSINO FUNDAMENTAL E MEDIO;4115200;583.8965925925926;45.0;205.0;5.0;0.5011;Polígono
27053997;SOCIEDADE DE EDUCACAO BASICA DE ALAGOAS LTDA;2704302;590.8521951219512;41.0;200.0;4.0;0.5008;Polígono
33119031;COL DIMITRI MARQUES LTDA;3304557;601.7914285714286;28.0;125.0;2.0;0.5005;Polígono
42130875;ALFA REDE DE ENSINO;4204202;590.6713888888889;24.0;102.0;4.0;0.5005;Polígono
42116643;COLEGIO ELITE SAO JOSE -EM;4216602;594.8505641025641;65.0;235.0;4.0;0.5003;Polígono
31368385;COLEGIO APOGEU UNIDADE V;3152501;603.8129032258065;31.0;117.0;2.0;0.4998;Polígono
33187274;COLEGIO EUCARISTICO SANTO ANTONIO;3301009;600.4541666666667;24.0;118.0;3.0;0.4998;Polígono
35126196;COLEGIO ANGLO JACAREI ENSINO MEDIO E PRE VESTIBULAR;3524402;611.7268939393939;88.0;287.0;1.0;0.4997;Polígono
31215830;INSTITUTO EDUCACIONAL SANTA AMELIA;3157807;594.7898666666666;50.0;111.0;4.0;0.4996;Polígono
22141197;CPI SISTEMA DE ENSINO;2211001;604.6514285714286;63.0;203.0;2.0;0.4994;Polígono
14006740;CLARETIANO-COLEGIO;1400100;584.5932653061225;49.0;146.0;5.0;0.4992;Polígono
35160441;PARAISO COLEGIO;3506003;600.3297777777777;45.0;137.0;3.0;0.4988;Polígono
33150761;ESCOLA MENINO JESUS;3300704;597.5358823529413;34.0;130.0;4.0;0.4984;Polígono
11000350;COLEGIO ADVENTISTA DE PORTO VELHO;1100205;591.2902040816326;49.0;177.0;4.0;0.4982;Polígono
23070064;FRANCISCO PEREIRA COLEGIO CONEGO;2304400;590.16;37.0;153.0;4.0;0.498;Polígono
23082585;COLEGIO SEBASTIAO DE ABREU;2307700;600.1731531531532;37.0;133.0;3.0;0.4978;Polígono
35127115;OBJETIVO CENTRO EDUCACIONAL UNIDADE DE SAO CAETANO DO SUL;3548807;603.1361111111112;36.0;194.0;3.0;0.4975;Polígono
35130758;CRUZEIRO DO SUL COLEGIO UNIDADE II;3550308;587.2187733333333;125.0;543.0;5.0;0.4975;Polígono
24080411;COLEGIO FENIX;2403251;591.0732258064517;62.0;221.0;4.0;0.4971;Polígono
35135057;EXATO COLEGIO;3550308;594.2533333333333;45.0;137.0;4.0;0.4971;Polígono
41063368;COLEGIO SAGRADO CORACAO DE JESUS;4119905;587.1522222222222;36.0;166.0;5.0;0.4968;Polígono
31193020;COLEGIO JOAO CALVINO;3119401;594.2047058823529;34.0;120.0;4.0;0.4966;Polígono
29024595;COLEGIO VALE DO SAO FRANCISCO;2918407;604.2756097560975;82.0;330.0;2.0;0.4964;Polígono
29446767;ESCOLA BAHIANA DE CIENCIA E TECNOLOGIA;2927408;583.8312121212122;44.0;156.0;5.0;0.4954;Polígono
35290452;OBJETIVO DO LITORAL CENTRO EDUCACIONAL UNIDADE VIII;3551009;610.8383908045977;29.0;103.0;1.0;0.4954;Polígono
35103342;BONI CONSILII INSTITUTO EDUCACAO;3550308;599.7713333333334;30.0;127.0;3.0;0.4943;Polígono
35138575;REDE DECISAO UNIDADE RENOVACAO;3550308;607.0245;40.0;178.0;1.0;0.494;Polígono
35109848;SANTA CECILIA COLEGIO;3548500;586.5508843537415;49.0;308.0;5.0;0.4937;Polígono
35117705;SANTO ANTONIO COLEGIO;3534708;599.4200000000001;37.0;164.0;3.0;0.4932;Polígono
15172600;ESCOLA PITAGORAS;1501303;583.4841666666667;24.0;121.0;5.0;0.4928;Polígono
32034520;ESCOLA ADVENTISTA DE CAMPO GRANDE;3201308;589.9704347826087;46.0;199.0;5.0;0.4927;Polígono
43019048;COL FRANCISCANO ESPIRITO SANTO;4301602;583.4450666666667;75.0;286.0;5.0;0.4925;Polígono
43019196;COLEGIO PRESIDENTE EMILIO GARRASTAZU MEDICI;4301602;585.9055999999999;50.0;188.0;4.0;0.4925;Polígono
35151774;LUMBINI COLEGIO INTEGRADO;3552502;610.4895384615385;65.0;179.0;1.0;0.4924;Polígono
52076229;COLEGIO DELTA - ANAPOLIS;5201108;599.3636363636364;77.0;276.0;3.0;0.4924;Polígono
35120339;OBJETIVO CENTRO INTERESCOLAR UNIDADE VERGUEIRO;3550308;603.3569318181818;88.0;293.0;2.0;0.4918;Polígono
24059250;ESCOLA DE EDUCACAO BASICA E PROFISSIONAL FUNDACAO BRADESCO;2408102;585.821623931624;78.0;263.0;4.0;0.4917;Polígono
33187681;COLEGIO E CURSO ZEROHUM NOVA IGUACU;3303500;602.5555555555555;45.0;214.0;2.0;0.4917;Polígono
41128370;COLEGIO SOCIAL MADRE CLELIA;4106902;586.3268864468864;91.0;388.0;5.0;0.4916;Polígono
21011052;COLEGIO SANTA TERESA;2111300;578.8910256410256;78.0;240.0;5.0;0.4915;Polígono
35174658;CARLOS CHAGAS FILHO EEIEFM;3549805;596.3751773049646;47.0;194.0;4.0;0.4915;Polígono
35101989;NOSSA SENHORA SAGRADO CORACAO EXTERNATO;3550308;599.1458064516129;31.0;108.0;3.0;0.491;Polígono
23267194;PAIVA ANDRADE COLEGIO;2304400;594.9045098039215;34.0;143.0;3.0;0.49;Polígono
35124862;ADVENTISTA DE TABOAO DA SERRA COLEGIO;3552809;586.11609375;128.0;504.0;5.0;0.49;Polígono
41157044;ALFA REDE DE ENSINO;4119905;606.1995469255663;103.0;276.0;1.0;0.49;Polígono
42006724;ETC DE TUBARAO;4218707;589.4876470588234;34.0;103.0;5.0;0.4894;Polígono
35809305;CONQUISTA COLEGIO;3550308;601.9252173913044;23.0;106.0;3.0;0.4892;Polígono
35173712;FEREGUETTI CENTRO EDUCACIONAL;3550308;585.9798230088496;113.0;379.0;5.0;0.4892;Polígono
35172467;LYON CAMPINAS COLEGIO;3509502;601.9016666666666;26.0;103.0;3.0;0.4889;Polígono
52033120;COLEGIO ADVENTISTA NOVO MUNDO;5208707;598.75;30.0;124.0;3.0;0.4889;Polígono
15171639;COLEGIO IDEAL;1501402;589.641220657277;71.0;164.0;4.0;0.4884;Polígono
32038160;CEIC;3205200;591.5574358974359;26.0;102.0;3.0;0.4883;Polígono
26095904;SISTEMA EDUCACIONAL RADAR;2616407;582.6622471910113;89.0;282.0;5.0;0.488;Polígono
35172510;CRESCER COLEGIO;3509502;602.6437500000001;48.0;288.0;2.0;0.487;Polígono
15163830;PHYSICS COLEGIO E CURSO;1501402;605.5362441314554;142.0;364.0;1.0;0.4868;Polígono
21515662;INSTITUTO EDUCACIONAL MACIEL;2103000;598.6080000000001;30.0;108.0;2.0;0.4868;Polígono
29180686;CENTRO EDUCACIONAL MARIA JOSE;2927408;588.8633333333333;42.0;119.0;5.0;0.4865;Polígono
33198128;ICONE COLEGIO E CURSO COLEGIO VENANCIO SOARES LTDA;3304557;601.4338461538462;39.0;188.0;3.0;0.4856;Polígono
52031497;COLEGIO ARAGUAIA;5201405;592.1258823529412;34.0;120.0;4.0;0.4842;Polígono
26180863;COLEGIO ANGLO LIDER;2611606;590.5386206896551;29.0;121.0;3.0;0.4834;Polígono
43107362;COLEGIO MARISTA ASSUNCAO;4314902;581.4431205673759;47.0;184.0;5.0;0.4821;Polígono
35138733;INTEGRADO DE BRAGANCA PAULISTA COLEGIO;3507605;584.9425287356321;29.0;146.0;5.0;0.4819;Polígono
53018796;COL OBJETIVO DF - UNIDADE VIII;5300108;597.8100000000001;28.0;127.0;2.0;0.4817;Polígono
35004821;ESCOLA DE ENSINO FUNDAMENTAL E MEDIO COLEGIO 15 DE NOVEMBRO;3538709;597.435918367347;49.0;158.0;3.0;0.4813;Polígono
53003721;C EDUCACIONAL PROJECAO TAGUATINGA NORTE;5300108;584.8438095238095;84.0;285.0;5.0;0.4811;Polígono
25125966;INTERAGINDO SISTEMA DE ENSINO LTDA;2507507;581.2539682539683;42.0;147.0;5.0;0.4807;Polígono
35144997;LIMEIRENSE COLEGIO;3526902;593.1059375;64.0;209.0;3.0;0.4806;Polígono
35430432;FENIX SANTA PAULA ESCOLA UNDADE I E II;3548807;597.1332777777777;60.0;229.0;3.0;0.4802;Polígono
42129303;COLEGIO SANTA TEREZINHA;4205407;584.61;30.0;111.0;5.0;0.4798;Polígono
35119039;COLEGIO CERMAC;3550308;594.6878260869565;46.0;154.0;4.0;0.4794;Polígono
35467765;OBJETIVO VILA INDUSTRIAL;3509502;604.2594915254236;118.0;365.0;1.0;0.4793;Polígono
35101047;PAULISTA ESCOLA;3550308;587.3852830188679;53.0;147.0;5.0;0.4788;Polígono
33032777;COLEGIO DE APLICACAO DO CENTRO UNIVERSITARIO GERALDO DI BIASE;3306305;576.9713793103448;58.0;193.0;5.0;0.4787;Polígono
13064207;INSTITUTO DE EDUCACAO PROF DENIZARD RIVAIL;1302603;580.6647619047619;42.0;179.0;5.0;0.478;Polígono
52274373;COLEGIO SELECTUS;5200258;584.2275438596491;38.0;118.0;5.0;0.4779;Polígono
35116051;RESSURREICAO COLEGIO;3511102;593.5741463414635;41.0;159.0;3.0;0.4772;Polígono
24069329;COLEGIO HIPOCRATES ZONA SUL;2408102;587.3149253731343;67.0;241.0;4.0;0.4771;Polígono
33190410;COLEGIO CURSO TAMANDARE;3304557;603.7632;50.0;208.0;1.0;0.4769;Polígono
35105569;FRIBURGO COLEGIO;3550308;583.95625;32.0;139.0;5.0;0.4769;Polígono
35133279;COLEGIO PREVE BAURU;3506003;593.9285925925926;45.0;291.0;4.0;0.4761;Polígono
35106756;SAO FRANCISCO XAVIER COLEGIO;3550308;579.4488888888889;27.0;130.0;5.0;0.4759;Polígono
35111259;ALFREDO JOSE BALBI DOUTOR ESCOLA DE APLICACAO;3554102;599.8997260273973;73.0;317.0;3.0;0.4759;Polígono
29608600;CENTRO EDUCACIONAL ADVENTISTA CONQUISTENSE;2933307;596.2222727272728;44.0;208.0;3.0;0.4743;Polígono
35104930;OPCAO COLEGIO TECNICO;3549904;590.339670781893;81.0;230.0;4.0;0.474;Polígono
35136463;CETEC COLEGIO;3550308;603.6052631578947;38.0;121.0;2.0;0.4739;Polígono
33166943;COLEGIO E CURSO PENSI;3304557;592.9050632911392;79.0;320.0;3.0;0.4736;Polígono
43069290;COLEGIO ADVENTISTA DE GRAVATAI;4309209;586.6908333333333;72.0;361.0;4.0;0.4736;Polígono
42134846;DOM BOSCO - ESCOLA INTELIGENTE;4216602;596.1167032967033;91.0;301.0;3.0;0.4735;Polígono
25226800;CENTRO EDUCACIONAL AGAPE;2510808;592.8730303030303;44.0;130.0;3.0;0.4733;Polígono
23259159;MARIA ESTER 2 COLEGIO;2304400;596.0424324324324;74.0;208.0;3.0;0.473;Polígono
35112707;SAO JOSE ESCOLA SALESIANA;3509502;590.1096666666667;60.0;285.0;4.0;0.4726;Polígono
43123678;INSTITUTO SAO JOSE;4316907;592.6895098039215;68.0;313.0;3.0;0.4717;Polígono
33145989;ESCOLA TERRA DOS PAPAGAIOS;3300704;593.0830769230769;26.0;121.0;4.0;0.4716;Polígono
41025466;COLEGIO CANADA DE APUCARANA - COLEGIO EI-EF-EM;4101408;595.8886324786324;78.0;241.0;3.0;0.4716;Polígono
43167284;COLEGIO STELLA MARIS;4323002;579.7113513513514;37.0;147.0;5.0;0.4716;Polígono
23247088;AGAPE COLEGIO;2304400;579.5512820512821;39.0;147.0;5.0;0.4711;Polígono
35151518;ADELIA COSTA E SILVA COLEGIO;3550308;589.8118518518519;27.0;100.0;4.0;0.4705;Polígono
51093065;SALESIANO SANTO ANTONIO - ESCOLA DE EDUCACAO BASICA;5103403;583.0247058823529;68.0;233.0;5.0;0.4704;Polígono
41377508;COLEGIO ENERGIA ATIVA - EDUCACAO INFANTIL ENSINO FUNDAMENTAL E MEDIO;4106902;579.4285714285714;42.0;138.0;5.0;0.4702;Polígono
15554139;COLEGIO DE E F M SOPHOS;1501402;589.7789792663477;209.0;576.0;4.0;0.47;Polígono
28017986;COLEGIO LAVOISIER;2800308;606.1452173913043;46.0;113.0;1.0;0.4698;Polígono
33184666;COLEGIO E CURSO ZEROHUM;3300704;595.5640476190476;28.0;160.0;3.0;0.4695;Polígono
14001055;ESC INSTITUTO BATISTA DE RORAIMA;1400100;579.34;23.0;102.0;5.0;0.4694;Polígono
35142827;COLEGIO BARRETOS;3505500;589.7201904761904;35.0;130.0;4.0;0.4694;Polígono
41379152;COLEGIO ELITE LONDRINA - ENSINO FUNDAMENTAL E MEDIO;4113700;589.6768707482994;49.0;188.0;4.0;0.4692;Polígono
41130740;MADALENA SOFIA COL - EDUC INF-EF-EM;4106902;575.6837037037037;27.0;125.0;5.0;0.4691;Polígono
35125799;LEONARDO DA VINCI COLEGIO;3529401;598.5927777777778;48.0;164.0;3.0;0.4687;Polígono
42012198;COLEGIO SATC;4204608;582.6810384215992;321.0;796.0;5.0;0.4686;Polígono
43069355;COLEGIO FUNDACAO BRADESCO;4309209;581.8469811320755;106.0;424.0;4.0;0.4684;Polígono
35140144;INTEGRADO DE OSASCO COLEGIO ENSINO FUNDAMENTAL E MEDIO;3534401;582.6271232876712;73.0;277.0;5.0;0.4683;Polígono
26190494;COLEGIO PLENO LTDA;2609600;595.2323076923077;39.0;137.0;3.0;0.4676;Polígono
42001773;COLEGIO SALVATORIANO NOSSA SENHORA DE FATIMA;4205407;589.3149659863946;49.0;197.0;4.0;0.4676;Polígono
29188229;COLEGIO BOM PASTOR;2927408;578.99;34.0;129.0;5.0;0.4672;Polígono
35136359;CONCORDIA COLEGIO;3550308;592.0524242424243;22.0;100.0;3.0;0.4672;Polígono
29422256;TSSA TEENS CENTRO DE EDUCACAO LTDA;2927408;602.5959788359788;63.0;223.0;2.0;0.4671;Polígono
31346420;COLEGIO SES;3106200;595.1227272727273;22.0;100.0;3.0;0.4666;Polígono
35140600;POLITEC COLEGIO;3501608;592.3872;75.0;456.0;4.0;0.4665;Polígono
41133692;COLEGIO STELLA MARIS;4106902;588.9966666666667;14.0;106.0;4.0;0.4663;Polígono
35304049;AUTENTICO COLEGIO;3518800;598.1971428571429;35.0;102.0;3.0;0.466;Polígono
16004329;ESCOLA DE EDUCACAO BASICA E PROFISSIONAL GOVERNADOR JANARY GENTIL NUNES;1600600;584.9069892473118;62.0;216.0;4.0;0.4659;Polígono
50060015;NOVAESCOLA;5002704;601.98578125;64.0;164.0;1.0;0.4659;Polígono
35119040;DELTA COLEGIO;3550308;601.9654285714286;35.0;100.0;1.0;0.4658;Polígono
35113773;ADVENTISTA DE PIRACICABA COLEGIO;3538709;592.0419999999999;30.0;125.0;2.0;0.4654;Polígono
23062495;ESCOLA DE EDUCACAO BASICA E PROFISSIONAL FUNDACAO BRADESCO;2303709;584.7327927927928;37.0;186.0;4.0;0.465;Polígono
50030582;COLEGIO BIONATUS;5002704;594.8792592592592;45.0;196.0;3.0;0.4649;Polígono
35150654;AGUA VIVA COLEGIO;3529005;602.0304761904762;21.0;100.0;2.0;0.464;Polígono
41024311;MATER DEI CEF M;4115200;588.5552941176471;34.0;174.0;4.0;0.4635;Polígono
50029150;ELITE DOURADOS;5003702;590.2322480620155;43.0;183.0;3.0;0.4627;Polígono
35288019;DINAMICO COLEGIO;3506003;594.5795151515151;55.0;228.0;3.0;0.4626;Polígono
42155274;COLEGIO UNIVERSITARIO UNIFEBE;4202909;584.97;24.0;242.0;5.0;0.4626;Polígono
27035018;COLEGIO ANCHIETA;2704302;588.3733333333332;39.0;186.0;4.0;0.4624;Polígono
33008310;COLEGIO BATISTA FLUMINENSE;3301009;578.3350724637681;46.0;149.0;5.0;0.4624;Polígono
35153692;ARCADIA COLEGIO;3550308;591.8470588235294;17.0;108.0;4.0;0.4622;Polígono
22026088;INST MAGISTER DE ENSINO;2211001;574.758064516129;31.0;117.0;5.0;0.4621;Polígono
31193071;COL EGIO JOHN WESLEY;3131307;601.5320930232558;43.0;159.0;1.0;0.4621;Polígono
42162890;COLEGIO ANGLO BALNEARIO CAMBORIU;4202008;598.622074074074;45.0;233.0;2.0;0.462;Polígono
35159897;MANOEL MORATTO COLEGIO;3534401;601.4766666666667;36.0;150.0;1.0;0.4618;Polígono
24084140;COLEGIO HIPOCRATES ZONA NORTE;2408102;578.2638805970149;67.0;298.0;5.0;0.4617;Polígono
33156069;COLEGIO SER E CRESCER DE NOVA IGUACU LTDA;3303500;595.4028828828829;37.0;143.0;2.0;0.4616;Polígono
51091321;COLEGIO FATO;5103403;581.2893506493506;77.0;277.0;5.0;0.4616;Polígono
53010973;C EDUCACIONAL PROJECAO SOBRADINHO;5300108;594.2464;25.0;101.0;3.0;0.4612;Polígono
35130205;COLEGIO INTERNACIONAL RADIAL;3550308;581.1251851851852;81.0;210.0;5.0;0.4607;Polígono
35808301;AMORIM COLEGIO;3550308;584.6397222222222;96.0;616.0;5.0;0.4605;Polígono
23067845;COLEGIO DEOCLECIO FERRO;2304400;586.9136363636363;22.0;134.0;4.0;0.4602;Polígono
12026409;COLEGIO ALTERNATIVO DO ACRE;1200401;590.8641379310345;29.0;102.0;3.0;0.4599;Polígono
35326343;ANGLO ALDEIA DA SERRA;3505708;598.2627272727273;22.0;100.0;2.0;0.4593;Polígono
24002526;COLEGIO MATER CHRISTI;2408003;577.666304347826;46.0;164.0;5.0;0.4592;Polígono
35430353;RIBEIRO MAIA COLEGIO;3548708;587.789457364341;43.0;143.0;4.0;0.4592;Polígono
41133048;COLEGIO SAGRADO CORACAO DE JESUS;4106902;574.2909876543209;54.0;259.0;5.0;0.4589;Polígono
35803844;HAYA INSTITUTO EDUCACIONAL;3534401;593.7811764705883;34.0;117.0;3.0;0.4582;Polígono
35106926;ADVENTISTA DA LIBERDADE COLEGIO;3550308;601.2402083333334;64.0;310.0;2.0;0.4581;Polígono
35288214;DE ANGELES UNID I COLEGIO;3502804;600.8347008547008;39.0;141.0;1.0;0.458;Polígono
35117134;COLEGIO ADVENTISTA PRESIDENTE PRUDENTE;3541406;580.6242592592592;36.0;118.0;5.0;0.4578;Polígono
41126289;COLEGIO PASSIONISTA NOSSA SENHORA DO ROSARIO;4105805;580.5945614035088;38.0;150.0;5.0;0.4576;Polígono
15539830;CENTRO EDUCACIONAL JOAO PAULO II;1501709;584.2392;50.0;128.0;4.0;0.4572;Polígono
12026530;ESCOLA DE EDUCACAO BASICA E PROFISSIONAL FUNDACAO BRADESCO;1200401;579.7952777777778;72.0;236.0;4.0;0.4571;Polígono
42068673;COLEGIO DE APLICACAO UNIVALI;4208203;580.4978877887788;101.0;607.0;5.0;0.457;Polígono
33171793;COLEGIO-CURSO CELULA 1;3302007;601.8577142857143;35.0;147.0;0.0;0.4565;Polígono
35136888;OBJETIVO CENTRO EDUCACIONAL DE PRAIA GRANDE;3541000;587.1274074074074;45.0;168.0;4.0;0.4561;Polígono
35141689;COLEGIO PARALELO;3550308;601.0264912280702;38.0;107.0;2.0;0.4561;Polígono
42144329;SOCIEDADE EDUC BALNEARIO CAMBORIU;4202008;603.4447407407407;45.0;202.0;1.0;0.456;Polígono
43167837;COLEGIO ADVENTISTA DE VIAMAO - EDUC INF ENS FUND E MEDIO;4323002;583.9306666666666;40.0;202.0;4.0;0.4556;Polígono
35153285;COMUNIDADE COLEGIO DA;3550308;596.3206451612903;31.0;140.0;3.0;0.4551;Polígono
33200491;NDV EDUCACAO LTDA;3304557;586.829111111111;30.0;133.0;4.0;0.4544;Polígono
35125398;REDE DECISAO UNIDADE SAUDE;3550308;601.6008510638297;47.0;185.0;0.0;0.4544;Polígono
35112252;COLEGIO ADVENTISTA UNASP UNIDADE HORTOLANDIA;3519071;579.789536423841;151.0;797.0;5.0;0.4529;Polígono
41072103;SAGRADA FAMILIA COLEGIO ENS EDUC INF E ENS FUND E MEDIO;4104808;576.7032183908046;29.0;109.0;5.0;0.4522;Polígono
41026241;SAO JOSE- COLEGIO;4101408;579.0690034364261;97.0;341.0;4.0;0.452;Polígono
41131584;NOSSA SRA DA ASSUNCAO COL ED INF EF EM;4106902;586.4637254901961;34.0;144.0;4.0;0.452;Polígono
22136800;ESCOLA SAO JOSE DE RIBAMAR;2211001;595.7374545454546;55.0;144.0;3.0;0.4512;Polígono
51162806;ESCOLA NOVA DINAMICA DE EDUCACAO BASICA;5107925;583.273023255814;43.0;182.0;4.0;0.451;Polígono
23187867;JIM WILLSON COLEGIO;2304400;583.2340136054422;98.0;363.0;4.0;0.4507;Polígono
42114012;COLEGIO UNIFICADO;4202008;596.553696969697;55.0;234.0;2.0;0.4502;Polígono
35140612;PILARES COLEGIO;3545803;591.73;26.0;114.0;3.0;0.4501;Polígono
41552059;INTEGRACAO CEI EF M;4119905;576.3741085271317;43.0;167.0;5.0;0.4495;Polígono
52046184;COLEGIO SAO JOSE;5208004;579.2301666666667;40.0;176.0;5.0;0.4492;Polígono
33197350;COLEGIO E CURSO ZEROHUM MADUREIRA;3304557;602.4569230769231;13.0;104.0;1.0;0.449;Polígono
41150120;COLEGIO E CURSO ACESSO;4106902;595.265;52.0;157.0;3.0;0.4486;Polígono
51051192;CASINHA FELIZ CENTRO DE ENSINO SC;5107602;599.2615151515151;22.0;105.0;1.0;0.4486;Polígono
43107435;COLEGIO ROMANO SANTA MARTA;4314902;582.8440579710145;46.0;123.0;4.0;0.4484;Polígono
52109216;FRACTAL PASSEIO DAS AGUAS;5208707;592.0649999999999;28.0;139.0;3.0;0.448;Polígono
43107397;ESC DE EDUC BASICA DON LUIS GUANELLA;4314902;582.5481081081081;37.0;157.0;4.0;0.4472;Polígono
35150988;UNICOLEGIO ARACATUBA;3502804;589.0766153846155;65.0;193.0;4.0;0.4471;Polígono
41602919;COLEGIO E CURSO ACESSO;4106902;585.7824444444445;60.0;193.0;4.0;0.4469;Polígono
35567516;SILVIO GONZALEZ COLEGIO;3550308;596.0747368421053;57.0;174.0;2.0;0.4467;Polígono
42113601;COLEGIO UNESC;4204608;575.9576344086022;31.0;151.0;5.0;0.4466;Polígono
35135616;ADVENTISTA DE JACAREI ESCOLA DE EFM;3524402;582.1349425287357;29.0;151.0;5.0;0.4465;Polígono
35288822;CAMINHAR INSTITUTO EDUCACIONAL;3524402;595.04125;48.0;192.0;3.0;0.4465;Polígono
50005618;COLEGIO ADVENTISTA JARDIM DOS ESTADOS;5002704;581.3733333333333;42.0;166.0;4.0;0.4465;Polígono
25020684;COLEGIO CRISTO REI;2510808;582.358202247191;89.0;250.0;4.0;0.4464;Polígono
35257312;SAO FRANCISCO COLEGIO INTEGRADO;3530706;591.9025396825397;21.0;130.0;3.0;0.4464;Polígono
35569409;POLITECNICO DE SOROCABA COLEGIO FUA;3552205;591.8505673758865;94.0;371.0;3.0;0.4461;Polígono
35118072;GUTENBERG COLEGIO;3530607;585.6819259259258;45.0;141.0;4.0;0.4459;Polígono
35139221;REDE DECISAO UNIDADE JARDIM PRUDENCIA;3550308;603.1155555555556;45.0;180.0;0.0;0.4457;Polígono
33049424;COLEGIO ADVENTISTA DE DUQUE DE CAXIAS;3301702;581.6532098765432;54.0;204.0;5.0;0.4443;Polígono
41157990;COLEGIO E CURSO ACESSO;4119152;585.2944827586207;29.0;132.0;4.0;0.4442;Polígono
35185243;COLEGIO FAAT ENSINO FUNDAMENTAL E MEDIO;3504107;594.7174074074074;72.0;292.0;3.0;0.4438;Polígono
35107906;A EINSTEIN COLEGIO;3550308;592.403;60.0;228.0;2.0;0.4434;Polígono
51059282;COLEGIO ADVENTISTA VARZEA GRANDE;5108402;578.3952631578948;38.0;160.0;5.0;0.4433;Polígono
35115022;ADVENTISTA DE RIBEIRO PRETO COLEGIO;3543402;591.4468181818182;44.0;167.0;3.0;0.4432;Polígono
31213845;CENTRO EDUCACIONAL IMPAR;3143302;578.3361728395062;54.0;194.0;5.0;0.443;Polígono
35810356;MONTESSO COLEGIO;3552205;599.6293617021277;47.0;181.0;0.0;0.4425;Polígono
35170112;CONQUISTA COLEGIO;3520509;585.0257142857143;70.0;350.0;4.0;0.4424;Polígono
35358472;LICEUTECPROFESSOR ROBERTO PACHECO DE OLIVEIRA;3505500;599.6029032258064;62.0;270.0;0.0;0.4423;Polígono
15174433;SISTEMA DE ENSINO ROSANA BASTOS;1501402;581.5970877192983;95.0;280.0;4.0;0.4422;Polígono
31383546;COLEGIO MAIS POSITIVO - UNIDADE II;3170206;591.1547222222222;72.0;228.0;3.0;0.4421;Polígono
35127231;LA SALLE SAO PAULO COLEGIO;3550308;587.4759722222221;48.0;201.0;3.0;0.4419;Polígono
35164948;ESCOLA QUARUP EDUCACAO BASICA LTDA;3551702;598.5646153846154;26.0;110.0;2.0;0.4419;Polígono
31261564;COLEGIO ADVENTISTA DE IPATINGA;3131307;583.938947368421;38.0;135.0;4.0;0.4417;Polígono
15547205;COLEGIO JOAO XXIII;1502400;589.9854166666667;48.0;167.0;3.0;0.4415;Polígono
35809512;VIVENDO E APRENDENDO COLEGIO;3534401;591.0188235294117;51.0;119.0;3.0;0.4411;Polígono
35135136;ADVENTISTA DE DIADEMA COLEGIO;3513801;595.1786419753087;108.0;379.0;2.0;0.4408;Polígono
35806122;DESAFIO CENTRO EDUCACIONAL;3513009;580.9295238095239;84.0;313.0;5.0;0.4404;Polígono
50007920;COLEGIO RAUL SANS DE MATOS;5002704;590.7515384615384;52.0;159.0;3.0;0.44;Polígono
26107503;EDUCANDARIO SAO JUDAS TADEU;2603454;580.9661538461538;39.0;111.0;4.0;0.439;Polígono
35161937;BRAZILIAN INTERNATIONAL SCHOOL;3550308;590.5698245614035;19.0;107.0;3.0;0.439;Polígono
35106811;COLEGIO SAO JOSE SION IPIRANGA;3550308;594.9073631840796;67.0;197.0;2.0;0.4389;Polígono
50029266;COLEGIO CBA ABC;5002704;584.5682051282051;39.0;141.0;4.0;0.4388;Polígono
35111247;ELITE REDE DE ENSINO;3554102;584.5357894736842;76.0;377.0;4.0;0.4385;Polígono
35123444;COOPERATIVO COLEGIO DE EDUCACAO BASICA;3541406;593.5705982905984;39.0;124.0;3.0;0.4381;Polígono
33171670;COLEGIO E CURSO FATOR;3305109;600.3817021276595;47.0;152.0;1.0;0.4364;Polígono
33040117;COL DE APLICACAO DA UCP;3303906;577.258918918919;37.0;158.0;5.0;0.4363;Polígono
33075620;SANTA MONICA REDE DE ENSINO - BENTO RIBEIRO;3304557;573.7511111111112;18.0;152.0;5.0;0.4362;Polígono
35151048;ADVENTISTA DE SAO BERNARDO DO CAMPO COLEGIO;3548708;590.0286111111111;72.0;279.0;3.0;0.4362;Polígono
33173923;COLEGIO E CURSO ICONE;3304557;596.1901123595505;89.0;101.0;1.0;0.4359;Polígono
15570533;CENTRO DE ENSINO PLENO IDEAL;1500800;590.0720579710145;115.0;355.0;2.0;0.4351;Polígono
33055378;COLEGIO E CURSO PIO XII;3303302;583.797;20.0;113.0;4.0;0.4349;Polígono
41158253;ESCOLA BILINGUE COC ARAUCARIA EIRELI ME;4101804;586.5866666666667;70.0;307.0;4.0;0.4338;Polígono
29448808;ESCOLA GENESIS DE STELLA MARIS;2927408;570.1899999999999;28.0;103.0;5.0;0.4334;Polígono
33107297;CENTRO EDUCACIONAL SOUZA AMORIM E JARDIM ESCOLA GENTE SABIDA;3304557;583.5695061728395;54.0;203.0;4.0;0.4332;Polígono
41128702;COLEGIO ADVENTISTA BOA VISTA EIEFM;4106902;583.4765432098766;54.0;218.0;4.0;0.4326;Polígono
35370836;SAMARAH INSTITUTO EDUCACIONAL;3513009;599.8729078014184;47.0;157.0;1.0;0.4323;Polígono
35141948;FAAP COLEGIO EM;3550308;576.6123809523809;14.0;104.0;5.0;0.432;Polígono
33067856;COL MV1 ANDERSON;3304557;576.5374193548387;31.0;116.0;5.0;0.4315;Polígono
31332780;COLEGIO INTER ACAO UNIDADE II;3106200;582.2052631578947;19.0;109.0;4.0;0.431;Polígono
26053993;COLEGIO ADVENTISTA DE CARUARU;2604106;589.0845144356956;127.0;493.0;3.0;0.4309;Polígono
53018656;CENTRO EDUCACIONAL IESB;5300108;578.7979487179487;78.0;230.0;4.0;0.4306;Polígono
28031970;JFGG E CIA LTDA;2800308;583.1053333333333;30.0;111.0;4.0;0.4305;Polígono
33182086;COLEGIO KOELER;3303906;588.986976744186;43.0;160.0;3.0;0.4304;Polígono
15097811;COLEGIO ADVENTISTA DE MARABA;1504208;593.4476470588236;34.0;146.0;2.0;0.4303;Polígono
35152900;COLISEU COLEGIO;3518800;593.3813333333333;30.0;135.0;2.0;0.4299;Polígono
41165543;JOURNEY C-EF M;4106902;586.0986666666666;30.0;166.0;4.0;0.4297;Polígono
53017749;COL OBJETIVO DF - UNIDADE II;5300108;592.2291304347825;138.0;495.0;3.0;0.4296;Polígono
35153825;SAO LUIZ DE GONZAGA III COLEGIO;3550308;582.9205;80.0;224.0;4.0;0.4295;Polígono
26152819;GRUPO EDUC DO RECIFE ANGLO LIDER;2611606;582.7177272727273;44.0;179.0;4.0;0.4283;Polígono
35172613;COPERNICO COLEGIO;3516200;588.6448275862069;29.0;159.0;3.0;0.4279;Polígono
26139146;COLEGIO AVANCAR;2607901;572.5136;25.0;102.0;5.0;0.4278;Polígono
43029752;COLEGIO ADVENTISTA DE CACHOEIRINHA;4303103;576.0474853801169;57.0;244.0;5.0;0.4277;Polígono
33148937;SANTA MONICA REDE DE ENSINO - FREGUESIA;3304557;572.505641025641;39.0;127.0;5.0;0.4276;Polígono
23072873;JUVENAL DE CARVALHO COLEGIO;2304400;573.2419753086419;27.0;114.0;5.0;0.4272;Polígono
15149536;INSTITUTO VICENTINO CATARINA LABOURE;1501402;568.9033333333333;44.0;159.0;5.0;0.4271;Polígono
27214737;COLEGIO SANTISSIMA TRINDADE;2704302;588.3019607843137;34.0;109.0;3.0;0.426;Polígono
42016207;COLEGIO ADVENTISTA DE BLUMENAU;4202404;572.08;26.0;268.0;5.0;0.4257;Polígono
35125647;INDEPENDENTE DE AMERICANA CENTRO EDUCACIONAL;3501608;582.0785714285714;28.0;135.0;4.0;0.4249;Polígono
26121379;COLEGIO 2001;2611606;578.5319999999999;35.0;108.0;5.0;0.4246;Polígono
26120968;COLEGIO SANTA MARIA MAZZARELLO;2611606;572.8176470588235;34.0;141.0;5.0;0.4244;Polígono
35101941;SANTA MARINA ESCOLA;3550308;592.54;59.0;222.0;2.0;0.4244;Polígono
23073233;LUCE COLEGIO;2304400;595.2375757575758;33.0;119.0;1.0;0.4243;Polígono
13026950;ESCOLA DE EDUCACAO BASICA E PROFISSIONAL FUNDACAO BRADESCO;1302603;575.0311538461539;52.0;194.0;4.0;0.424;Polígono
42003555;ALFA REDE DE ENSINO;4216602;592.355;24.0;124.0;2.0;0.4236;Polígono
24334308;CENTRO EDUCACIONAL PINHEIROS;2408102;572.6634782608696;46.0;107.0;5.0;0.4233;Polígono
15563235;SISTEMA DE ENSINO UNIVERSO;1501402;580.0225;32.0;130.0;3.0;0.4227;Polígono
26116987;ESCOLA VIRGEM IMACULADA;2610707;584.4367441860464;43.0;128.0;3.0;0.4219;Polígono
53015991;CENTRO EDUCACIONAL PROJECAO GUARA II;5300108;581.3974603174603;42.0;161.0;4.0;0.4219;Polígono
35112641;ADVENTISTA DE CAMPINAS COLEGIO;3509502;591.0268;50.0;279.0;3.0;0.4218;Polígono
35006275;COLEGIO PRESBITERIANO DE ATIBAIA;3504107;587.2705882352941;17.0;100.0;3.0;0.4217;Polígono
35802220;CERVANTES COLEGIO;3543402;572.3184313725491;34.0;184.0;5.0;0.4213;Polígono
26055686;COLEGIO ALTERNATIVO DE CARUARU;2604106;567.9080851063829;47.0;147.0;5.0;0.4212;Polígono
35105429;PORTO UNIAO COLEGIO;3550308;581.310625;32.0;152.0;4.0;0.4212;Polígono
35109289;GRANJA VIANA ESCOLA;3513009;597.928;20.0;103.0;1.0;0.4211;Polígono
35173460;RENASCER ARTE ESCOLA;3552205;590.8795555555555;60.0;197.0;3.0;0.421;Polígono
33075921;COLEGIO ADVENTISTA DE JACAREPAGUA;3304557;581.2395348837209;43.0;142.0;4.0;0.4204;Polígono
35005753;COLEGIO PENSE;3530706;590.5722666666667;25.0;115.0;3.0;0.4198;Polígono
15577708;COLEGIO DE ENSINO ICOARACIENSE - CEI;1501402;572.0305785123967;121.0;372.0;5.0;0.4197;Polígono
42158133;ACESSO EDUCACAO;4202404;590.8964102564103;26.0;125.0;2.0;0.4197;Polígono
15171027;COLEGIO ADVENTISTA DE SANTAREM;1506807;583.909375;32.0;121.0;3.0;0.4195;Polígono
32079320;ESCOLA TECNICA CEDTEC;3205002;574.8635087719299;57.0;205.0;5.0;0.4191;Polígono
15166260;COLEGIO PAULISTA DE BELEM LTDA-EPP;1501402;579.9380645161291;31.0;115.0;4.0;0.4189;Polígono
35142759;CARLOS DRUMMOND DE ANDRADE COLEGIO;3550308;577.648992248062;43.0;201.0;4.0;0.4183;Polígono
33077274;COL PRIMUS;3304557;574.0793939393939;33.0;110.0;5.0;0.4182;Polígono
33139032;SISTEMA ELITE DE ENSINO - SAO GONCALO;3304904;585.8450273224045;122.0;424.0;3.0;0.4173;Polígono
17056152;EDUCANDARIO DE ARAGUAINA;1702109;577.5542857142857;28.0;140.0;4.0;0.4172;Polígono
27225909;COLEGIO ADVENTISTA DE MACEIO;2704302;586.5297959183673;49.0;220.0;3.0;0.417;Polígono
35581823;COLEGIO CRIATIVO;3506003;594.6872463768116;23.0;113.0;2.0;0.417;Polígono
29277825;COLEGIO PAULO VI;2933307;574.59;28.0;104.0;5.0;0.416;Polígono
33176787;COLEGIO E CURSO ZEROHUM NITEROI;3303302;586.3472164948454;97.0;350.0;2.0;0.4139;Polígono
35117699;SESI 144 CENTRO EDUCACIONAL;3534708;581.7994642857143;56.0;191.0;3.0;0.4128;Polígono
33029318;CENTRO EDUC BARRA MANSA;3300407;576.791724137931;29.0;159.0;4.0;0.4123;Polígono
25119826;COLEGIO INA;2507507;586.6928571428571;42.0;184.0;2.0;0.4116;Polígono
29304229;COLEGIO ADVENTISTA DE ITABUNA;2914802;582.4725000000001;40.0;146.0;3.0;0.4113;Polígono
51014467;CENTRO DE EDUCACAO BASICA SAO JOSE;5107925;569.6743434343434;33.0;175.0;5.0;0.4109;Polígono
35809559;UNICULTURA COLEGIO;3518800;576.5986324786326;78.0;296.0;4.0;0.4108;Polígono
15584062;ENGELS;1500107;585.7533333333333;66.0;261.0;3.0;0.4107;Polígono
41028945;INSTITUTO NOSSA SENHORA AUXILIADORA;4103701;578.281768707483;49.0;137.0;3.0;0.4107;Polígono
35150344;ADVENTISTA DE ITAPECERICA DA SERRA COLEGIO;3522208;582.8810784313725;68.0;283.0;4.0;0.4098;Polígono
17026237;COLEGIO DOM BOSCO ORIGINAL;1721000;585.5357575757575;33.0;181.0;3.0;0.4096;Polígono
33166560;COLEGIO FORCA MAXIMA DE NOVA IGUACU LTDA - ME;3303500;573.455652173913;23.0;118.0;5.0;0.4092;Polígono
35117201;ESCOLA CHAMPAGNAT UNIDADE DE PRESIDENTE PRUDENTE;3541406;589.8768055555555;48.0;186.0;2.0;0.4089;Polígono
35154817;THOMAZ TREGLIA COLEGIO;3550308;593.0529032258064;31.0;124.0;2.0;0.4089;Polígono
42055253;COLEGIO SILOE;4209102;579.2388888888888;18.0;104.0;4.0;0.4088;Polígono
35139580;COLEGIO MARQUES DE MONTE ALEGRE;3550308;576.0685416666666;48.0;180.0;5.0;0.4084;Polígono
51038919;ESCOLA ADVENTISTA CENTRO AMERICA;5103403;576.2321739130435;23.0;112.0;4.0;0.4081;Polígono
53008545;COL ROGACIONISTA;5300108;579.1101400560225;119.0;423.0;4.0;0.4077;Polígono
35152894;ESCOLA DE ENSINO MEDIO CARLOS CHAGAS FILHO;3543402;589.7501587301588;21.0;111.0;2.0;0.4076;Polígono
23232390;COLEGIO OLIVEIRA CASTRO;2303709;585.4574193548387;31.0;116.0;2.0;0.4072;Polígono
35142839;CARLOS DRUMOND DE ANDRADE COLEGIO;3505500;589.6722222222222;24.0;140.0;2.0;0.4068;Polígono
33174970;COLEGIO ARAUJO ROCHA LTDA EPP;3304557;572.4914728682171;43.0;174.0;4.0;0.4061;Polígono
42142008;COLEGIO OFICINA LTDA;4209102;577.898125;48.0;234.0;4.0;0.406;Polígono
53008189;ESC DE EDUC BASICA E PROFISSIONAL FUNDACAO BRADESCO;5300108;580.5596437659034;131.0;493.0;3.0;0.406;Polígono
35407641;TALENTO COLEGIO ENSINO MEDIO;3513009;595.3110344827586;58.0;177.0;1.0;0.4055;Polígono
35137042;FIAP SCHOOL;3550308;578.56875;32.0;103.0;4.0;0.4039;Polígono
35499365;INDAIATUBA ESCOLA ADVENTISTA DE;3520509;588.883;20.0;169.0;2.0;0.4033;Polígono
35107682;UNASP SAO PAULO ADVENTISTA COLEGIO;3550308;575.5013250517599;322.0;1130.0;5.0;0.4031;Polígono
35191541;COLEGIO VIVO;3538709;584.5502564102565;26.0;102.0;3.0;0.4029;Polígono
35195790;YEDA MARIA PROFA COLEGIO;3518701;594.9535294117646;34.0;122.0;1.0;0.4028;Polígono
35141811;OBJETIVO ABC CEEFM UND 201;3548708;592.8379591836735;49.0;244.0;0.0;0.4022;Polígono
53020561;COL NOSSA SENHORA APARECIDA GAMA;5300108;584.025;12.0;126.0;3.0;0.4011;Polígono
53004949;SERVICO SOCIAL DO COMERCIO EDUSESC MEC;5300108;566.8605913978495;62.0;220.0;5.0;0.4008;Polígono
32076223;CENTRO DE ENSINO LINHARENSE DARWIN;3203205;624.0053333333333;15.0;74.0;5.0;0.6999;nenhum
35344837;GREEN BOOK SCHOOL ENSINO FUNDAMENTAL E MEDIO;3550308;641.0076923076923;13.0;53.0;3.0;0.6999;nenhum
35004901;COLEGIO MAGNUS AGOSTINHO;3534708;640.6484210526315;19.0;69.0;3.0;0.6985;nenhum
29473128;ESCOLA CONCEPT;2927408;622.658;10.0;45.0;4.0;0.6984;nenhum
31004162;COLEGIO NOEME CAMPOS;3106200;631.4526666666667;30.0;68.0;4.0;0.6981;nenhum
33106754;COLEGIO PROFESSOR CLOVIS TAVARES PRO-UNI;3301009;628.0072727272727;22.0;73.0;4.0;0.6977;nenhum
33345201;COLEGIO PLUZ;3303302;636.3709090909091;11.0;77.0;3.0;0.6977;nenhum
35587023;CENTRO EDUCACIONAL ARARAQUARA UNIDADE I;3503208;660.0269230769231;26.0;26.0;0.0;0.6976;nenhum
50007874;CENTRO DE ENS NOSSA SENHORA AUXILIADORA;5002704;632.5905263157896;19.0;84.0;4.0;0.697;nenhum
15172147;COLEGIO ASLAN;1501402;614.1678260869564;23.0;65.0;5.0;0.6959;nenhum
33076820;CENTRO EDUC LUIZ DE CAMOES - CASA JD PINOCHIO LTDA;3304557;634.6066666666667;18.0;73.0;3.0;0.6943;nenhum
13105493;CONNEXUS ENSINO FUNDAMENTAL E MEDIO LTDA;1302603;627.2907692307692;13.0;82.0;4.0;0.6939;nenhum
32097603;CEFM IN PACTO;3204906;639.9769230769232;13.0;71.0;3.0;0.6937;nenhum
31166481;COLEGIO CENECISTA DR JOSE FERREIRA;3170107;622.25;15.0;58.0;5.0;0.6933;nenhum
35134326;COLEGIO PORTO BRAGANCA LTDA;3507605;631.6187301587302;21.0;68.0;4.0;0.6933;nenhum
25132750;COLEGIO DE ENSINO FUNDAMENTAL ANDRADE DE QUEIROS EIRELI;2510808;650.5923076923077;13.0;36.0;1.0;0.6932;nenhum
24089478;COLEGIO MONTE;2408102;639.3442857142857;14.0;52.0;1.0;0.6923;nenhum
52099490;COLEGIO LIDER;5201405;631.3025287356322;29.0;95.0;4.0;0.6915;nenhum
35136098;EDUCAR INSTITUTO EDUCACIONAL;3530706;621.64;13.0;66.0;5.0;0.6914;nenhum
52033112;COLEGIO MAIS ANIMA;5208707;631.1466666666666;20.0;71.0;4.0;0.6911;nenhum
33170401;COLEGIO UEDA PECANHA;3302403;629.5092307692307;26.0;88.0;4.0;0.6908;nenhum
24087114;OVER COLEGIO E CURSO;2408102;639.025925925926;27.0;72.0;3.0;0.69;nenhum
21089981;ESC CRISTA EBENEZER;2100055;621.121;20.0;83.0;5.0;0.6892;nenhum
35136897;PRIMO TAPIA COLEGIO;3550308;648.8938461538462;13.0;54.0;1.0;0.6887;nenhum
43107605;COL KENNEDY;4314902;617.71875;24.0;95.0;5.0;0.6887;nenhum
35106628;NOTRE DAME RAINHA DOS APOSTOLOS COLEGIO;3550308;621.0571428571429;21.0;81.0;5.0;0.6886;nenhum
35008207;COLEGIO ABACO UNIDADE SUMARE;3550308;644.135;28.0;99.0;2.0;0.688;nenhum
35005199;ESCOLA STAGIUM;3513801;630.1602777777778;24.0;76.0;4.0;0.6874;nenhum
35115265;SAO CARLOS COLEGIO;3548906;620.8081818181819;22.0;65.0;5.0;0.6862;nenhum
27216845;COLEGIO FANTASTICO;2704302;620.767619047619;14.0;65.0;5.0;0.686;nenhum
31368687;COLEGIO PROMOVE DE SETE LAGOAS;3167202;624.3746666666667;15.0;59.0;4.0;0.686;nenhum
33129902;COLEGIO EVEREST INTERNACIONAL;3304557;616.9145454545455;22.0;73.0;5.0;0.6857;nenhum
31335746;COLEGIO LAIS FARNETTI;3167202;638.0133333333333;18.0;57.0;2.0;0.6845;nenhum
35481397;ANTONI GAUDI COLEGIO;3525904;655.2414285714286;14.0;65.0;0.0;0.6841;nenhum
43219535;COLEGIO ANGLO PORTO ALEGRE;4314902;616.3385714285714;14.0;79.0;5.0;0.6833;nenhum
29459729;INSTITUTO DE EDUCACAO JUVENCIO;2933307;638.993;20.0;76.0;2.0;0.6828;nenhum
31385069;COLEGIO BATISTA NORTE MINEIRO - UNIDADE MELO;3143302;620.21;22.0;90.0;5.0;0.6827;nenhum
31357154;COLEGIO ALPHA;3167202;628.8954545454545;22.0;89.0;4.0;0.6823;nenhum
35107700;ELVIRA BRANDAO COLEGIO;3550308;616.1544144144144;37.0;99.0;5.0;0.6823;nenhum
35143736;O BOSQUE ENSINO FUNDAMENTAL E MEDIO;3547809;641.2199999999999;15.0;41.0;3.0;0.6821;nenhum
53013182;COL ESPLANADA;5300108;642.948;15.0;81.0;2.0;0.6817;nenhum
33541221;COLEGIO DELTA VEST;3304201;647.3040000000001;15.0;68.0;1.0;0.6816;nenhum
53011872;ESCOLA MAPLE BEAR BRASILIA;5300108;624.1781818181818;11.0;38.0;5.0;0.6811;nenhum
33072426;ESC FRANCISCA PAULA DE JESUS;3304557;619.136;20.0;54.0;4.0;0.6804;nenhum
31316059;COLEGIO MAXIMUS UNIDADE SANTA LUZIA;3157807;631.0681818181819;22.0;81.0;3.0;0.6801;nenhum
33134170;CENTRO EDUCACIONAL DA ASSED;3303401;636.5872727272728;11.0;64.0;3.0;0.68;nenhum
24086770;COLEGIO BATISTA VIDA NOVA;2403251;615.6389743589745;13.0;54.0;5.0;0.6798;nenhum
28037812;COLEGIO UNI MAIS;2800308;647.0054545454545;22.0;92.0;2.0;0.6773;nenhum
35139142;MANOEL DA NOBREGA IEMANO INSTITUTO EDUCACIONAL;3513801;640.4159999999999;10.0;46.0;3.0;0.6773;nenhum
31158143;ESC STO AGOSTINHO;3168606;636.4100000000001;20.0;61.0;2.0;0.6767;nenhum
41159683;DONADUZZI C E F M P;4127700;623.504;10.0;95.0;4.0;0.6765;nenhum
33444293;COLEGIO CURSO INTELLECTUS - UNIDADE BOTAFOGO;3304557;645.1705263157895;19.0;92.0;1.0;0.675;nenhum
35119611;HARMONIA COLEGIO;3548708;627.3721212121212;33.0;93.0;4.0;0.675;nenhum
26127580;COLEGIO CONHECER;2611606;614.6366666666667;12.0;56.0;5.0;0.6747;nenhum
32083351;COLEGIO PRIMEIRO MUNDO;3205200;627.1433333333333;12.0;79.0;4.0;0.6742;nenhum
35009516;COLEGIO CONEXAO;3525300;640.5604761904762;28.0;88.0;1.0;0.6739;nenhum
51039010;CEMA - CENTRO EDUCACIONAL MARIA AUXILIADORA;5103403;618.6066666666667;21.0;74.0;5.0;0.6739;nenhum
33102341;INST METODISTA DE PETROPOLIS;3303906;641.0513333333333;10.0;40.0;2.0;0.6738;nenhum
31384275;COLEGIO BATISTA GETSEMANI - UNIDADE 2;3106200;640.1936000000001;25.0;82.0;2.0;0.6737;nenhum
33552231;COLEGIO E CURSO CARPE DIEM ASSESSORIA E EMPREENDIMENTOS LTDA;3304557;652.4576470588236;17.0;55.0;0.0;0.6734;nenhum
31350885;ESCOLA TECNICA DE FORMACAO GERENCIAL - UNIFEMM;3167202;613.7569696969697;33.0;78.0;5.0;0.673;nenhum
35109010;COLEGIO BOM JESUS SAO JOSE;3548708;618.44;16.0;74.0;5.0;0.6729;nenhum
23395630;COLEGIO ESPACO ABERTO;2304400;622.4148148148148;18.0;80.0;4.0;0.6728;nenhum
31364860;COLEGUIUM - UNIDADE GUTIERREZ ENSINO FUNDAMENTAL E MEDIO;3106200;635.0407619047619;35.0;95.0;2.0;0.6707;nenhum
31222976;REDE PROSPER POCOS DE CALDAS;3151800;621.427619047619;21.0;81.0;4.0;0.6693;nenhum
41129881;INTEGRAL COL - EDUC INF EF-EM;4106902;617.5625641025641;13.0;51.0;5.0;0.6685;nenhum
33183384;COLEGIO SARAH DAWSEY UNIDADE TIJUCA;3304557;634.72;16.0;36.0;2.0;0.6684;nenhum
32043325;MAXIME CENTRO EDUCACIONAL;3202405;617.3081481481481;27.0;82.0;5.0;0.6677;nenhum
31180599;COLEGIO ALPHA;3170701;620.2684210526317;19.0;89.0;4.0;0.6675;nenhum
43019056;COLEGIO NOSSA SENHORA AUXILIADORA;4301602;613.6168;25.0;96.0;5.0;0.6665;nenhum
35152031;SAPIENS COLLEGIUM;3503208;643.8475000000001;16.0;58.0;2.0;0.6661;nenhum
33178828;COLEGIO E CURSO AO CUBO;3304557;625.41125;16.0;92.0;4.0;0.666;nenhum
35122968;SOROCABA COLEGIO ENSINO INFANTIL E FUNDAMENTAL;3552205;643.7508641975309;27.0;92.0;2.0;0.6657;nenhum
31123501;COLEGIO FONSECA RODRIGUES;3148004;616.7077777777778;18.0;43.0;5.0;0.6653;nenhum
31004499;COLEGIO NOSSA SENHORA DO MONTE CALVARIO;3106200;612.0717647058824;17.0;57.0;5.0;0.6649;nenhum
41031814;MAE DE DEUS C - EI EF M;4113700;620.6261904761905;28.0;87.0;4.0;0.6642;nenhum
31374865;REDE M2 - PRADO;3106200;624.8321212121213;11.0;48.0;4.0;0.664;nenhum
32065310;COLEGIO APICE;3205002;624.7281818181818;22.0;80.0;4.0;0.6636;nenhum
31258644;COL MAXIMUS UNID PALMARES;3106200;626.8375;16.0;75.0;3.0;0.6626;nenhum
24085081;EJAX - ENSINO DE JOVENS E ADULTOS TERESA DE LISIEUX;2403251;611.471724137931;29.0;87.0;5.0;0.6625;nenhum
31074331;COLEGIO VIANNA JUNIOR;3136702;611.25875;16.0;92.0;5.0;0.6616;nenhum
35429612;AUBRICK ESCOLA BILINGUE MULTICULTURAL;3550308;647.2106666666666;15.0;86.0;1.0;0.6613;nenhum
33183228;COLEGIO ADVENTISTA DE MACAE;3302403;632.5295652173913;23.0;84.0;3.0;0.6609;nenhum
16011244;COLEGIO ESTACAO;1600303;620.0857142857143;21.0;79.0;4.0;0.6607;nenhum
29442826;COLEGIO VILAS;2927408;632.4453333333333;15.0;50.0;3.0;0.6607;nenhum
35143112;ATIBAIA COLEGIO;3504107;638.2533333333333;21.0;83.0;2.0;0.6604;nenhum
31005592;CLARETIANO COLEGIO;3106200;615.4426666666666;15.0;80.0;5.0;0.6596;nenhum
35165359;DAVINA GASPARINI COLEGIO;3550308;643.6043478260871;23.0;94.0;0.0;0.6595;nenhum
35174348;INTERATIVO ARARAQUARA CURSO E COLEGIO;3503208;627.8938888888889;24.0;85.0;4.0;0.6581;nenhum
33163120;COLEGIO CURSO INTELECTO;3304557;645.8333333333334;19.0;84.0;1.0;0.6576;nenhum
35172856;APOLLO COLEGIO;3523107;625.7878571428572;28.0;97.0;3.0;0.6576;nenhum
15209806;CENTRO EDUCACIONAL FONTE DO SABER;1500800;619.2753846153846;13.0;27.0;4.0;0.6566;nenhum
35133097;MAGISTRA COLEGIO;3538006;640.9757142857143;14.0;44.0;1.0;0.6564;nenhum
33064709;COLEGIO MALLET SOARES;3304557;621.6246153846154;13.0;39.0;4.0;0.6562;nenhum
16004779;COLEGIO IRMA MARIA JOSE;1600600;611.2123076923077;26.0;70.0;5.0;0.656;nenhum
26182076;ECCOPRIME ESCOLA DE ENSINO INFANTIL E FUNDAMENTAL;2603454;619.174;10.0;48.0;4.0;0.6558;nenhum
35104206;COMPANHIA DE MARIA COLEGIO;3550308;614.0466666666666;12.0;47.0;5.0;0.6558;nenhum
21259330;COL METROPOLITANO ALIANCA;2105302;637.2282352941176;17.0;82.0;2.0;0.6556;nenhum
35143297;BASIC COLEGIO;3554102;618.466274509804;17.0;76.0;5.0;0.6538;nenhum
31380210;COLEGIO ANN MACKENZIE UNIDADE GAVEA - KARAIBA;3170206;618.7285714285715;14.0;98.0;4.0;0.6536;nenhum
35290762;ASSOCIACAO DE DESENVOLVIMENTO EDUCACIONAL CSM;3530607;640.3433333333334;18.0;58.0;1.0;0.6529;nenhum
50035690;COLEGIO EVORA;5002704;636.487;20.0;46.0;0.0;0.6525;nenhum
33087407;CENTRO EDUC ANISIO TEIXEIRA;3304557;613.7984;25.0;72.0;4.0;0.6522;nenhum
41026810;COLEGIO BOM JESUS MAE DO DIVINO AMOR;4101507;614.195652173913;23.0;79.0;5.0;0.6518;nenhum
43101127;ESC DE ENS MEDIO IMACULADA CONCEICAO;4314407;610.54125;16.0;43.0;5.0;0.6512;nenhum
35800200;COLEGIO CUNHA DE CARVALHO;3534401;640.4654545454546;22.0;65.0;2.0;0.6511;nenhum
31362417;COLEGIO COPBH - UNIDADE II;3106200;618.0028571428572;14.0;82.0;5.0;0.651;nenhum
33170509;COLEGIO UNICO LTDA;3305802;630.3188235294118;17.0;72.0;2.0;0.6509;nenhum
25125494;COLEGIO TOP;2507507;629.9588405797101;23.0;62.0;3.0;0.6507;nenhum
33034249;CENTRO EDUCACIONAL TIRADENTES;3306305;617.904;10.0;61.0;5.0;0.6506;nenhum
52110915;COLEGIO ATOS;5208707;624.42;18.0;62.0;3.0;0.6506;nenhum
28034414;COLEGIO INTELLECTUS;2800308;629.896;20.0;98.0;3.0;0.6504;nenhum
35159700;RESSURRECAO SANTA MARIA COLEGIO;3504008;621.4952777777778;24.0;77.0;4.0;0.6503;nenhum
25071068;COLEGIO DJANIRA TAVARES;2504009;629.7738461538461;13.0;61.0;3.0;0.6502;nenhum
35139373;TOULOUSE LAUTREC ESCOLA EDUC INFANTIL ENS FUNDAMENTAL MEDIO;3516200;641.1910344827586;29.0;92.0;0.0;0.65;nenhum
31375233;REDE M2 - VENDA NOVA;3106200;616.7239999999999;20.0;64.0;4.0;0.6499;nenhum
33125864;COLEGIO FRANCISCO DE ASSIS;3304557;631.4154545454545;22.0;76.0;2.0;0.6497;nenhum
28042204;COLEGIO CEPI EXPANSAO;2800308;618.0403703703703;36.0;98.0;4.0;0.6496;nenhum
33170096;INSTITUTO MAIA VINAGRE FUNDAMENTAL;3303302;609.0226086956521;23.0;64.0;5.0;0.649;nenhum
35123365;ALBERT SABIN CENTRO DE EDUCACAO E CULTURA CECAS;3549805;620.9396666666667;20.0;73.0;4.0;0.6472;nenhum
35162164;VILLA LOBOS COLEGIO;3548708;639.6938461538462;13.0;43.0;2.0;0.6467;nenhum
31218553;COLEGIO ATENA;3104007;620.8716666666667;36.0;82.0;4.0;0.6463;nenhum
42104637;COLEGIO ADVENTISTA DE CHAPECO;4204202;625.3728571428571;14.0;99.0;4.0;0.6463;nenhum
33149437;COLEGIO ACAO 1;3304557;638.892;10.0;23.0;1.0;0.6457;nenhum
35102490;PAULA MONTALT MADRE COLEGIO;3550308;609.3111111111111;18.0;68.0;5.0;0.6453;nenhum
42000793;ESCOLA DINAMICA;4205407;620.5260000000001;10.0;49.0;4.0;0.6444;nenhum
35158379;CENTRO ED PROPEDEUTICO EI ENSINO FUNDAMENTAL MEDIO E EJA;3538006;620.4290322580645;31.0;84.0;4.0;0.6434;nenhum
21226253;CE JOAO PAULO II;2100055;612.3970370370371;18.0;73.0;5.0;0.643;nenhum
42005728;COLEGIO LEGADO;4218707;620.1571428571428;21.0;89.0;4.0;0.6418;nenhum
35438170;AFAM COLEGIO UNIDADE SAO MIGUEL;3550308;637.860761904762;35.0;91.0;1.0;0.6417;nenhum
35008681;COLEGIO CIVICO MILITAR;3549805;620.089696969697;11.0;74.0;4.0;0.6413;nenhum
51064529;COLEGIO VILA REAL LTDA - ME;5103403;627.7712121212121;22.0;92.0;3.0;0.641;nenhum
35163326;INTEGRACAO COLEGIO;3550308;627.7523076923077;26.0;87.0;3.0;0.6408;nenhum
29410991;CENTRO DE EDUCACAO M FIGUEIREDO;2910800;613.9642105263158;19.0;76.0;4.0;0.6403;nenhum
21290695;COLEGIO BATISTA MARANHENSE CALHAU;2111300;623.6636363636363;22.0;92.0;2.0;0.64;nenhum
35010308;COLEGIO DEGRAU AMBIENTAL;3502804;633.7518181818182;22.0;91.0;2.0;0.6397;nenhum
33182078;COLEGIO PONTO DE APOIO DE TERESOPOLIS;3305802;637.4322222222222;18.0;69.0;1.0;0.6395;nenhum
35802086;ALMEIDA JUNIOR INSTITUTO DE EDUCACAO;3523909;623.7371428571429;21.0;45.0;4.0;0.6389;nenhum
33026360;CENTRO EDUCACIONAL MARGARIDA;3300209;623.7254545454545;22.0;87.0;4.0;0.6388;nenhum
53001400;COL SANTA DOROTEIA;5300108;611.6154545454546;22.0;86.0;5.0;0.638;nenhum
35121435;MESON COLEGIO GALILEO GALILEI;3552403;641.1538461538462;13.0;48.0;1.0;0.6379;nenhum
15581900;SISTEMA EDUCACIONAL ACROPOLE BELEM;1501402;607.945;12.0;55.0;5.0;0.6378;nenhum
27051889;COLEGIO SANTA AMELIA UNIDADE GRUTA;2704302;617.793;20.0;76.0;3.0;0.6378;nenhum
31278033;COLEGIO ANGULO DE SETE LAGOAS;3167202;619.523;20.0;79.0;4.0;0.6378;nenhum
24059277;IMPACTO COLEGIO E CURSO;2408102;619.2705263157894;19.0;92.0;4.0;0.6369;nenhum
35130606;ACADEMICO EDUCACIONAL;3526902;637.4086666666667;20.0;45.0;2.0;0.6368;nenhum
33090734;COL JEAN PIAGET;3304904;611.1238095238095;21.0;80.0;5.0;0.6357;nenhum
35100213;MOYE PADRE COLEGIO;3550308;619.0738095238095;14.0;63.0;4.0;0.6356;nenhum
31005673;COLEGIO FREDERICO OZANAM;3106200;606.31;18.0;79.0;5.0;0.6354;nenhum
31007561;REDE DECISAO - UNIDADE SANTA BRANCA;3106200;614.1192307692307;26.0;88.0;4.0;0.6352;nenhum
33074771;ESCOLA PIO XII;3304557;602.7835294117647;17.0;58.0;5.0;0.6352;nenhum
22144668;COLEGIO INOVE;2211001;606.2475862068966;29.0;72.0;5.0;0.6349;nenhum
35125830;ALBERT EINSTEIN COLEGIO;3518404;626.466;10.0;59.0;2.0;0.6343;nenhum
41007808;CENTRO EDUC GLOBAL CEF M;4128104;610.7871428571428;14.0;62.0;5.0;0.6342;nenhum
35313524;COLEGIO CST CARDEAL LIZARTE;3550308;614.2146666666666;15.0;59.0;5.0;0.6328;nenhum
42159857;COLEGIO UNOCHAPECO;4204202;602.4666666666667;18.0;69.0;5.0;0.6328;nenhum
43022316;COLEGIO MARISTA NOSSA SENHORA APARECIDA;4302105;606.9670833333333;16.0;82.0;5.0;0.6327;nenhum
35268173;LACORDAIRE COLEGIO ENSINO MEDIO;3543402;618.46;14.0;52.0;4.0;0.6326;nenhum
16011570;COLEGIO EXPANSIVO;1600303;621.12;16.0;57.0;3.0;0.6323;nenhum
25098349;SECULO COLEGIO E CURSO;2507507;610.5576470588235;17.0;67.0;5.0;0.6322;nenhum
32082193;ESCOLA AMERICA DE VITORIA;3205309;618.288;15.0;34.0;4.0;0.6316;nenhum
35806572;MONTEIRO LOBATO COLEGIO FRANCA UNIDADE II;3516200;635.3551515151515;11.0;65.0;1.0;0.6304;nenhum
50035703;COLEGIO STATUS - UNIDADE II;5002704;635.2982222222222;30.0;90.0;1.0;0.6302;nenhum
35299182;MILLENIUM CONSTRUTIVO COLEGIO;3530607;629.4881818181818;22.0;85.0;3.0;0.63;nenhum
42163137;COLEGIO FLEMING CRICIUMA;4204608;619.9894117647059;17.0;72.0;3.0;0.6296;nenhum
35165323;SAO JOSE CENTRO DE ENSINO;3550308;625.1294736842104;19.0;68.0;3.0;0.629;nenhum
35132559;COLEGIO ANGLO LEONARDO DA VINCI;3550308;623.517037037037;27.0;97.0;3.0;0.627;nenhum
31370614;COLEGIO MASTER MED;3170107;634.7620000000001;30.0;83.0;1.0;0.6269;nenhum
33102899;CENTRO EDUCACIONAL CONSELHEIRO;3303401;608.7366666666667;12.0;41.0;4.0;0.6269;nenhum
33196788;AVANCO CURSO E COLEGIO LTDA;3304557;628.7141333333333;25.0;55.0;1.0;0.6267;nenhum
41130227;COLEGIO NOSSA SENHORA DE SION-SOLITUDE- EIEFEM;4106902;613.2341176470588;17.0;66.0;5.0;0.6258;nenhum
35144186;ITACA COLEGIO;3550308;616.8477777777778;18.0;96.0;4.0;0.6251;nenhum
16002016;COLEGIO SANTA BARTOLOMEA CAPITANIO;1600303;608.3189655172414;29.0;97.0;4.0;0.6242;nenhum
31374628;CENTRO DE ENSINO ADMISSAO;3138203;638.2475000000001;32.0;82.0;1.0;0.6239;nenhum
23182016;COLEGIO ALFA MASTER;2306405;616.432;15.0;41.0;4.0;0.6236;nenhum
35296478;DEGRAUS COLEGIO;3525904;623.9328571428571;14.0;56.0;3.0;0.6231;nenhum
41125657;COLEGIO AGAPE EDUCACAO INFANTIL ENSINO FUNDAMENTAL E MEDIO;4105805;608.852;25.0;99.0;5.0;0.6231;nenhum
24059323;INSTITUTO MARIA AUXILIADORA;2408102;604.6871428571429;14.0;92.0;5.0;0.6221;nenhum
31277177;INST PEDAG CRESCER;3118601;615.9720833333333;16.0;77.0;4.0;0.6214;nenhum
33160163;FORUM CULTURAL;3303302;619.4343589743589;13.0;79.0;3.0;0.6213;nenhum
15140463;COLEGIO SAPIENS;1500602;608.3311111111111;18.0;70.0;5.0;0.6205;nenhum
23462604;VEGA COLEGIO;2304400;615.71;20.0;60.0;4.0;0.6201;nenhum
53002075;REDE EDUCACIONAL FRANCISCANA COL SANTO ANTONIO;5300108;603.4399999999999;27.0;67.0;5.0;0.62;nenhum
33022267;RESOLVE SANTA IGNEZ;3303401;628.8818181818182;11.0;60.0;2.0;0.6199;nenhum
35115083;COLEGIO RESSURREICAO RIBEIRAO PRETO;3543402;623.0;20.0;72.0;3.0;0.6198;nenhum
53017102;COL VISAO;5300108;615.6407407407407;18.0;58.0;4.0;0.6198;nenhum
32066880;CE DARWIN GRANDE VITORIA;3205002;619.75;16.0;61.0;4.0;0.619;nenhum
31374644;APOGEU SISTEMA DE ENSINO;3122306;610.5661538461538;13.0;43.0;4.0;0.6167;nenhum
35123146;COLEGIO LUXON EIEFEM;3538709;607.5857142857143;21.0;76.0;5.0;0.6167;nenhum
33187100;COLEGIO COGITARE;3304904;628.1818181818181;11.0;37.0;2.0;0.6166;nenhum
33124558;INSTITUTO HELENA GOULLART - CAPP;3304557;632.8690909090909;11.0;35.0;2.0;0.6161;nenhum
31096253;COLEGIO BERLAAR IMACULADA CONCEICAO;3143302;607.4144444444444;18.0;76.0;5.0;0.6157;nenhum
26118270;COLEGIO MARIA TEREZA;2611606;599.8207692307692;26.0;79.0;5.0;0.6156;nenhum
35159177;SIDARTA COLEGIO;3513009;632.7177777777778;18.0;77.0;2.0;0.6156;nenhum
25153811;JOAO MACHADO COLEGIO E CURSO;2507507;614.7028571428572;21.0;81.0;4.0;0.6149;nenhum
35810939;SENIOR COLEGIO ENSINO MEDIO;3548500;618.2246153846154;13.0;68.0;3.0;0.6148;nenhum
25131176;COLEGIO DE ENSINO FUNDAMENTAL ANDRADE LTDA;2504009;621.396923076923;13.0;45.0;3.0;0.6139;nenhum
41137833;ESCOLA TRADICAO-EDUCACAO INFANTIL E ENSINO FUNDAMENTAL;4125506;621.2309090909091;11.0;51.0;3.0;0.6136;nenhum
41165055;PREMERE CEM;4115200;627.4739130434782;23.0;92.0;2.0;0.6135;nenhum
43100260;ESC ENS MEDIO ERICO VERISSIMO;4314407;603.1642857142857;28.0;70.0;5.0;0.613;nenhum
28032772;COLEGIO SAN RAFAEL LTDA;2800308;631.8591666666666;24.0;84.0;2.0;0.6127;nenhum
33085854;EDEL - ESC DINAMICA DE ED E LAZER;3304557;620.3866666666667;27.0;60.0;3.0;0.6127;nenhum
31348465;EXCELENCIA TECNICOS;3143302;625.5184615384616;13.0;57.0;3.0;0.6116;nenhum
35497997;PANDORA COLEGIO;3526902;631.0557142857143;28.0;80.0;1.0;0.6116;nenhum
41100700;COLEGIO IMPERATRIZ DONA LEOPOLDINA;4109401;610.5814814814815;18.0;70.0;4.0;0.6116;nenhum
33181217;CENTRO DE ENSINO PRIMA;3302700;635.26;16.0;69.0;1.0;0.6103;nenhum
13093126;COLEGIO MARIA ANGELIM;1302603;620.670909090909;22.0;80.0;3.0;0.6092;nenhum
35134417;EINSTEIN DE ENSINO ORGANIZACAO;3526902;606.1610666666667;25.0;82.0;5.0;0.6092;nenhum
33457239;COLEGIO INTERNACIONAL SIGNORELLI;3304557;604.8458064516129;31.0;88.0;5.0;0.6091;nenhum
21455201;ESCOLA PORTAL DO SABER;2111300;613.8574074074074;18.0;69.0;4.0;0.6083;nenhum
35101710;NOSSA SENHORA DO CARMO COLEGIO FRANCISCANO;3550308;608.9545454545455;11.0;68.0;4.0;0.6081;nenhum
33076510;INSTITUTO GEREMARIO DANTAS;3304557;602.3399999999999;10.0;39.0;5.0;0.6071;nenhum
35369226;CASTANHEIRAS ESCOLA;3547304;602.1926315789474;19.0;76.0;5.0;0.6063;nenhum
26122170;COLEGIO VERA CRUZ RECIFE;2611606;604.5991304347825;23.0;70.0;4.0;0.606;nenhum
31372013;COLEGIO LUNOS EDUCACIONAL;3169901;634.3659259259259;27.0;67.0;1.0;0.606;nenhum
31253936;REDE DE ENSINO GENESIS;3154606;613.3495238095238;14.0;59.0;4.0;0.6055;nenhum
53013921;COL DROMOS;5300108;619.7905263157895;19.0;66.0;3.0;0.6034;nenhum
35568173;VIA SAPIENS EDUCACAO INTEGRADA;3513009;629.4533333333334;26.0;92.0;2.0;0.6032;nenhum
35110668;NOSSA SENHORA DO CARMO INSTITUTO;3518404;604.7475555555556;15.0;61.0;5.0;0.6031;nenhum
11049006;MAPLE BEAR PORTO VELHO;1100205;608.7114285714285;14.0;93.0;5.0;0.603;nenhum
35100171;NOSSA SENHORA DAS DORES COLEGIO;3550308;604.7218390804599;29.0;70.0;5.0;0.6028;nenhum
35114479;JESUS MARIA JOSE COLEGIO;3516200;619.6233333333333;16.0;69.0;3.0;0.6026;nenhum
21286175;COLEGIO BATISTA MARANHENSE;2111300;607.7905376344087;31.0;90.0;4.0;0.602;nenhum
32039999;CE AGOSTINIANO;3205309;608.5370370370371;27.0;80.0;5.0;0.602;nenhum
23071346;INTEGRAL COLEGIO;2304400;600.53;10.0;71.0;5.0;0.6015;nenhum
26193825;COLEGIO EXODO;2603454;608.66;13.0;51.0;4.0;0.601;nenhum
35102015;SAO VICENTE DE PAULO COLEGIO PENHA;3550308;612.2053333333333;15.0;51.0;4.0;0.6005;nenhum
31365424;CASA VIVA EDUCACAO E CULTURA;3106200;614.7963636363637;11.0;46.0;3.0;0.5988;nenhum
23192020;COLEGIO EXITO DO CARIRI SS LTDA;2307304;611.721052631579;19.0;59.0;4.0;0.5981;nenhum
35155779;COLEGIO INTEGRADO VERITAS;3552205;622.3756521739131;23.0;88.0;3.0;0.5978;nenhum
31054011;COLEGIO PRESBITERIANO;3127701;615.0938461538461;26.0;99.0;4.0;0.5977;nenhum
35195972;IAPI COLEGIO;3550308;618.4341666666667;24.0;83.0;3.0;0.5965;nenhum
35304888;TALES DE MILETO COLEGIO;3538709;611.28;10.0;51.0;4.0;0.5964;nenhum
16012100;COLEGIO CONCEITO LTDA;1600303;607.5125;16.0;53.0;4.0;0.5951;nenhum
35142360;ALMEIDA GASPARIN COLEGIO;3518800;607.2028571428572;14.0;47.0;5.0;0.5947;nenhum
35005953;COLEGIO AEON EDUCACIONAL;3548500;631.5580000000001;30.0;85.0;1.0;0.5945;nenhum
35136608;LUMEN VITAE COLEGIO;3550308;617.9175;16.0;82.0;3.0;0.5939;nenhum
35107335;NOSSA SENHORA DAS MERCES COLEGIO MERCEDARIO;3550308;603.2533333333333;12.0;75.0;5.0;0.5937;nenhum
33079030;CENTRO EDUC NOVO MUNDO;3304557;602.4009523809524;21.0;62.0;5.0;0.5935;nenhum
35179103;DOMUS SAPIENS COLEGIO UNIDADE I;3525904;614.4384615384615;13.0;52.0;4.0;0.5935;nenhum
35439526;NOVA GERACAO COLEGIO;3549904;631.3871428571429;14.0;49.0;1.0;0.5934;nenhum
28037570;UNI MAIS COLEGIO LTDA;2800308;628.601;20.0;68.0;0.0;0.5932;nenhum
22112596;ORGANIZACAO EDUCACIONAL COLEGIO DEZ LTDA;2207702;626.4883870967742;31.0;92.0;1.0;0.5928;nenhum
35290993;MONFORTE COLEGIO;3550308;606.4294736842105;19.0;83.0;5.0;0.592;nenhum
35109721;SAO JOSE COLEGIO;3548500;610.5704166666667;16.0;73.0;4.0;0.5919;nenhum
29179564;CENTRO EDUCACIONAL EMMANUEL KANT LTDA;2927408;602.3855555555556;18.0;63.0;4.0;0.5918;nenhum
22025383;ESCOLA CIDADAO CIDADA;2211001;605.5328571428571;28.0;87.0;4.0;0.5907;nenhum
23073306;LUIZ BARBOSA MOREIRA PATRONATO PE;2304400;612.2728;25.0;87.0;3.0;0.5904;nenhum
31166090;COL DOM BOSCO;3104007;595.5084210526315;19.0;81.0;5.0;0.5898;nenhum
27215083;ESCOLA DE ENSINO FUNDAMENTAL SANTA CLARA DE ASSIS;2700300;613.2571428571429;28.0;71.0;3.0;0.589;nenhum
33008523;COL JOAO PAULO II;3301009;595.3093333333333;15.0;80.0;5.0;0.589;nenhum
31378291;COLEGIO SARAH DAWSEY;3136702;613.8293333333334;15.0;46.0;4.0;0.5886;nenhum
21017506;COLEGIO SANTA FE;2111300;608.202;10.0;54.0;3.0;0.5881;nenhum
35567632;COC RIBEIRAO PRETO REDE UNICA DE EDUCACAO UNIDADE 02;3543402;625.6243243243243;37.0;95.0;1.0;0.588;nenhum
33173907;SANTA MONICA REDE DE ENSINO - TAQUARA;3304557;608.0014285714286;14.0;54.0;3.0;0.5867;nenhum
35103123;EMECE INTERNACIONAL COLEGIO;3550308;620.1374358974359;13.0;71.0;3.0;0.5865;nenhum
26153084;ESCOLA BLUE SCHOOL;2611606;605.6781818181818;22.0;76.0;4.0;0.5861;nenhum
35112756;MADRE CECILIA COLEGIO;3509502;597.96;20.0;61.0;5.0;0.5855;nenhum
35174087;CARITAS ESCOLA;3550308;597.9296551724137;29.0;77.0;5.0;0.5854;nenhum
43113680;COLEGIO SALESIANO LEAO XIII;4315602;598.6323076923077;26.0;95.0;5.0;0.5845;nenhum
31376051;COLEGIO MAGNIFICAT;3122306;610.8519047619047;14.0;57.0;3.0;0.5834;nenhum
35107499;JESUS MARIA JOSE COLEGIO;3550308;608.984938271605;27.0;77.0;4.0;0.5833;nenhum
35071092;BOM JESUS COLEGIO;3523404;612.2323333333334;20.0;92.0;4.0;0.5814;nenhum
35530785;ESCOLA ALEF PERETZ;3550308;614.9507692307692;26.0;83.0;3.0;0.5806;nenhum
33170347;COLEGIO M3;3304904;623.2717647058824;17.0;91.0;1.0;0.5772;nenhum
31309753;CENTRO EDUCACIONAL EFIGENIA TOBIAS;3106200;607.7818181818182;11.0;48.0;4.0;0.5769;nenhum
27258009;COLEGIO MULTIVISAO;2700300;597.145;24.0;79.0;5.0;0.5762;nenhum
43201717;CENTRO DE ENSINO MEDIO PASTOR DOHMS- UNIDADE DE ENSINO ZONA NORTE;4314902;603.796;15.0;62.0;4.0;0.5759;nenhum
24087505;AMO COLEGIO E CURSO;2408102;610.5552941176471;17.0;43.0;3.0;0.5753;nenhum
35142098;COLEGIO OBJETIVO UNIDADE SUZANO;3552502;610.8613333333334;30.0;86.0;4.0;0.5749;nenhum
27326012;COLEGIO SANTA AMELIA;2704302;603.5105263157895;19.0;73.0;4.0;0.5747;nenhum
35103494;JOAO E RAPHAELA PASSALACQUA COLEGIO;3550308;613.94;16.0;46.0;3.0;0.5735;nenhum
35557961;METROPOLITANA ESCOLA;3543402;609.0677777777778;18.0;91.0;3.0;0.573;nenhum
53013387;C EDUCATIVO PASSIONISTA MAE DA SANTA ESPERANCA;5300108;595.9226666666667;15.0;51.0;5.0;0.5729;nenhum
33026378;CENTRO EDUC TERRA NOVA DE ARARUAMA LTDA;3300209;610.61;14.0;53.0;4.0;0.5728;nenhum
33172234;COLEGIO PRE UNIVERSITARIO MOSAICO;3304524;606.86;11.0;44.0;4.0;0.5722;nenhum
35155871;INSTITUTO MAXIMO DE EDUCACAO;3524402;622.4411764705883;17.0;72.0;2.0;0.5719;nenhum
21093040;CE BALAO MAGICO;2105302;606.5944444444444;18.0;92.0;4.0;0.5717;nenhum
24069140;MUNDIAL COLEGIO E CURSO LTDA;2408102;603.0842857142858;14.0;61.0;4.0;0.5716;nenhum
29455430;EDUCANDARIO NOSSA SENHORA APARECIDA;2905701;596.4073684210526;19.0;84.0;5.0;0.5714;nenhum
35009706;COLEGIO PLANETA UNIDADE II;3548906;626.1241025641026;13.0;46.0;1.0;0.5714;nenhum
35130898;ANCHIETA COLEGIO;3543402;617.0676543209877;27.0;75.0;3.0;0.5712;nenhum
31376850;CENTRO EDUCACIONAL DESAFIO;3105608;618.4747368421052;19.0;60.0;2.0;0.5707;nenhum
35133942;GUARULHOS COLEGIO INTEGRADO;3518800;610.2347826086956;23.0;88.0;4.0;0.5704;nenhum
41071581;ANGLO C EI EF M;4104808;606.1939393939393;22.0;88.0;4.0;0.569;nenhum
31388220;COLEGIO BATISTA MINEIRO - UNIDADE CASTELO II;3106200;612.0266666666666;12.0;98.0;3.0;0.5688;nenhum
35111485;L M P BURINI CENTRO DE APRENDIZAGEM;3507506;612.7226666666667;15.0;60.0;3.0;0.568;nenhum
35115642;LEBISTE COLEGIO;3522208;612.6938461538462;13.0;68.0;3.0;0.5678;nenhum
31054071;COLEGIO NOSSA SENHORA DE LOURDES;3127701;595.0982222222223;15.0;82.0;5.0;0.5677;nenhum
22144137;COLEGIO FRATER;2211001;602.514;10.0;54.0;4.0;0.5675;nenhum
35004904;COLEGIO PENTAGUNUM OBJETIVO JUNDIAI;3525904;616.2255555555555;18.0;53.0;3.0;0.5675;nenhum
35136396;ANTOINE DE SAINT EXUPERY COLEGIO;3550308;621.1914285714286;14.0;73.0;2.0;0.5673;nenhum
35115708;SAINT EXUPERY COLEGIO;3525300;621.1329411764706;17.0;83.0;2.0;0.5672;nenhum
33101469;JD ESC MARIA FUMACA LTDA CENTRO EDUC RENASCER;3301702;604.1679999999999;10.0;54.0;3.0;0.5669;nenhum
31006009;COLEGIO PITAGORAS -CARLOS PRATES;3106200;598.9557894736841;19.0;88.0;5.0;0.5665;nenhum
35800612;REGGIO EMILIA COLEGIO;3550308;617.7261538461538;26.0;87.0;2.0;0.5665;nenhum
35107924;ELIAS ZARZUR COLEGIO;3550308;609.3391304347826;23.0;92.0;4.0;0.5661;nenhum
35807680;VILLA LOBOS COLEGIO;3543402;626.4990909090909;22.0;63.0;0.0;0.5655;nenhum
52021670;MISSAO ALO CRIANCA DE ASSISTENCIA INFANTIL;5201108;608.6806349206349;21.0;88.0;3.0;0.5654;nenhum
35287131;INSTITUTO EDUCACIONAL FORMACAO SUZANO;3552502;612.1773333333333;15.0;53.0;3.0;0.5645;nenhum
35109733;STELLA MARIS COLEGIO;3548500;598.4955555555556;18.0;60.0;5.0;0.5636;nenhum
15560759;COLEGIO BATISTA DE SANTAREM;1506807;604.9042857142857;28.0;87.0;4.0;0.5634;nenhum
33109591;COLEGIO-CURSO TAMANDARE;3304557;615.2692307692307;13.0;70.0;3.0;0.563;nenhum
35138216;SIGMUND FREUD COLEGIO;3550308;611.9505882352942;17.0;49.0;3.0;0.563;nenhum
15038521;COLEGIO SANTO ANTONIO;1501402;591.096;25.0;84.0;5.0;0.5627;nenhum
51073161;COLEGIO INTERDISCIPLINAR DO BRASIL - CEIB;5108402;597.08;17.0;62.0;5.0;0.5615;nenhum
33126000;CENTRO EDUC OLIVIA LIMA E JD DE INF MIRIM LTDA;3304904;608.4092307692307;13.0;75.0;4.0;0.561;nenhum
33087555;COLEGIO ANGELORUM;3304557;597.3;12.0;46.0;4.0;0.5609;nenhum
51069741;INSTITUTO DE ENSINO SAN PETRUS LTDA;5107925;598.0546666666667;10.0;58.0;5.0;0.5609;nenhum
35150587;COLEGIO METROPOLITANO;3538709;616.3358974358973;13.0;55.0;2.0;0.5608;nenhum
33036675;COLEGIO OSVALDO AFONSO;3300100;601.22;11.0;29.0;5.0;0.5606;nenhum
24089133;OVER COLEGIO E CURSO;2408102;619.8533333333334;21.0;80.0;1.0;0.5603;nenhum
23165049;COLEGIO BATISTA DO CARIRI;2307304;594.81375;16.0;50.0;5.0;0.5602;nenhum
51052326;COLEGIO ADVENTISTA DE RONDONOPOLIS;5107602;600.3471428571429;28.0;96.0;4.0;0.5597;nenhum
29482240;COLEGIO SAO JOSE LTDA;2903201;604.4025;16.0;89.0;4.0;0.5596;nenhum
50036424;REFERENCIAL CURSOS LTDA;5002704;619.7611363636364;88.0;94.0;1.0;0.5595;nenhum
21261253;UNIVERSIDADE INFANTIL RIVANDA BERENICE LTDA;2111300;596.8306666666666;25.0;87.0;4.0;0.5591;nenhum
23194669;ESPACO ABERTO;2304400;604.3231578947368;19.0;87.0;4.0;0.5588;nenhum
31368113;COLEGIO SUPER MAIS;3131703;615.7820689655173;29.0;63.0;2.0;0.5587;nenhum
53005945;COL APROVACAO GENIO;5300108;615.768;10.0;65.0;2.0;0.5586;nenhum
31260631;COL EDNA RORIZ;3106200;596.7255555555556;12.0;53.0;4.0;0.5582;nenhum
22026029;CONEXAO COLEGIO LTDA;2211001;606.1811764705882;17.0;54.0;3.0;0.558;nenhum
35140041;ESCOLA CRISTA BATISTA REGULAR;3549904;610.717037037037;27.0;81.0;3.0;0.5578;nenhum
32064101;COLEGIO CONHECER;3204906;594.0871428571428;14.0;65.0;5.0;0.5562;nenhum
35135562;SANTA BARBARA COLEGIO;3550308;603.7876923076923;13.0;57.0;4.0;0.5562;nenhum
35288792;VIVENDA ESCOLA DE EDUCACAO E ENSINO;3516200;618.99;18.0;63.0;1.0;0.5561;nenhum
25075551;INST SANTO ANTONIO;2504009;615.1922222222223;18.0;63.0;2.0;0.5554;nenhum
35118990;VACCARO COLEGIO;3550308;603.5675;24.0;75.0;4.0;0.5554;nenhum
17055741;COLEGIO INTELECTUS;1702109;603.5604166666667;16.0;72.0;4.0;0.5553;nenhum
21599688;CENTRO EDUCACIONAL CEFA EDUCA;2103000;599.6775;24.0;84.0;4.0;0.5549;nenhum
42119529;COLEGIO ALPHA;4216602;610.4200000000001;35.0;98.0;3.0;0.5549;nenhum
33138290;COLEGIO CURSO INTELLECTUS - UNIDADE VILA ISABEL;3304557;614.6274999999999;16.0;82.0;1.0;0.5546;nenhum
29301505;COLEGIO NOSSA SENHORA DA VITORIA;2913606;618.6672727272727;22.0;65.0;1.0;0.5545;nenhum
52106748;ATOMO ENEM E PRE VESTIBULAR;5218805;614.9883333333333;12.0;45.0;2.0;0.5544;nenhum
26112558;ACADEMIA SANTA GERTRUDES;2609600;593.7918181818181;22.0;88.0;5.0;0.5542;nenhum
31251763;COLEGIO BATISTA DE IPATINGA;3131307;603.1189999999999;20.0;37.0;4.0;0.5524;nenhum
31320404;ESCOLA DA SERRA;3106200;595.9557894736841;19.0;74.0;4.0;0.5523;nenhum
26179890;COLEGIO BATISTA EM CARUARU;2604106;600.0269047619048;28.0;95.0;4.0;0.5516;nenhum
31376310;COLEGIO NIEDE GUIDON;3118601;599.0166666666667;12.0;48.0;4.0;0.551;nenhum
53002636;BLUE SCHOOL EDUCACIONAL;5300108;606.295;32.0;99.0;4.0;0.5503;nenhum
25128558;APOIO EDUCACAO INFANTIL E ENSINO FUNDAMENTAL;2507507;618.2516666666667;12.0;63.0;2.0;0.5498;nenhum
17055539;COLEGIO NABLA E VESTIBULARES;1721000;616.22;23.0;75.0;1.0;0.5489;nenhum
52064786;COLEGIO DR JAMIL SEBBA;5205109;614.1497222222223;24.0;67.0;2.0;0.5484;nenhum
21287120;COLEGIO OBJETIVO;2111300;613.2463157894737;19.0;68.0;2.0;0.5483;nenhum
26127750;COLEGIO DULCE DE SOUZA LEAO LTDA;2611606;595.9452631578948;19.0;85.0;5.0;0.5482;nenhum
52085414;COLEGIO EXATO;5201108;609.0784615384616;13.0;61.0;3.0;0.5482;nenhum
15097250;CENTRO INTEGRADO PRIMEIROS PASSOS;1501402;588.478947368421;19.0;70.0;5.0;0.5479;nenhum
35166005;VERITAS ENSINO MEDIO;3552205;595.875;16.0;60.0;5.0;0.5477;nenhum
31006165;CENTRO EDUCACIONAL PIO XII;3106200;594.9971428571429;21.0;93.0;5.0;0.5476;nenhum
23243597;ANDELINE COSTA COLEGIO;2304400;605.3633333333333;18.0;92.0;4.0;0.5459;nenhum
43092519;COLEGIO SINODAL DA PAZ;4313409;588.179090909091;22.0;99.0;5.0;0.5458;nenhum
52218350;COLEGIO NOVA EPOCA;5208707;613.8261538461538;13.0;40.0;2.0;0.5456;nenhum
35102350;SANTA INES COLEGIO DE;3550308;601.938947368421;19.0;67.0;4.0;0.5446;nenhum
35151841;IDEAL SAO PAULO COLEGIO UNIDADE I E II;3550308;598.49125;16.0;58.0;5.0;0.544;nenhum
35429673;NEC INSTITUTO EDUCACIONAL;3530607;608.1073684210527;19.0;95.0;3.0;0.543;nenhum
53010507;C EDUCACIONAL RENASCENCA;5300108;609.3136842105264;19.0;89.0;2.0;0.5427;nenhum
33189846;COLEGIO E CURSO RESOLVE RIO DAS OSTRAS;3304524;595.0763636363637;11.0;85.0;5.0;0.5426;nenhum
26127091;COLEGIO DOURADO;2611606;607.8066666666667;18.0;66.0;3.0;0.5415;nenhum
33152098;COLEGIO ALFREDO BACKER;3304904;601.5019047619048;21.0;98.0;4.0;0.5411;nenhum
31296261;ESCOLA MODELO;3145208;601.3873684210527;19.0;77.0;4.0;0.5404;nenhum
23025310;COLEGIO MARIA IMACULADA;2312908;597.0653333333333;25.0;68.0;4.0;0.5402;nenhum
25097628;EXTERNATO SANTA DOROTEIA;2507507;608.6831578947368;19.0;75.0;2.0;0.5391;nenhum
28007050;COLEGIO OPCAO;2802908;601.17375;16.0;51.0;4.0;0.5387;nenhum
35134788;PUERI DOMUS ESCOLA ITAIM UNIDADE II;3550308;593.7982222222222;15.0;61.0;4.0;0.5387;nenhum
35139683;OBJETIVO DO LITORAL CENTRO EDUCACIONAL UNIDADE II;3548500;610.8317857142857;56.0;66.0;3.0;0.5386;nenhum
33191956;ESCOLA BRITANICA - THE BRITISH SCHOOL RIO DE JANEIRO - OSORIO;3304557;612.1800000000001;21.0;63.0;0.0;0.5382;nenhum
35111569;IMACULADA CONCEICAO INSTITUTO;3522307;612.0748387096775;31.0;86.0;2.0;0.5374;nenhum
35124175;GIORDANO BRUNO COLEGIO;3550308;594.1978947368422;19.0;59.0;5.0;0.5368;nenhum
22124888;COLEGIO CASTRO ALVES;2211001;606.4545454545455;11.0;41.0;3.0;0.5353;nenhum
29201969;COLEGIO MARIA JOSE;2930709;618.7123076923077;13.0;83.0;1.0;0.5353;nenhum
25130730;SECULO COLEGIO E CURSO;2507507;596.7190909090909;22.0;68.0;5.0;0.5346;nenhum
35809111;ATENEU COLEGIO;3534401;610.1733333333333;12.0;51.0;3.0;0.5342;nenhum
33105758;CENTRO EDUCACIONAL DI MAGGIO;3304557;612.28375;16.0;70.0;0.0;0.5338;nenhum
29318297;COOPERATIVA DE TRABALHO DOS PROFISSIONAIS EM EDUCACAO DE EUNAPOLIS - COOEDUC EUNAPOLIS;2910727;606.116;25.0;99.0;3.0;0.5323;nenhum
35107219;REGINA MUNDI COLEGIO;3550308;606.0699999999999;20.0;84.0;3.0;0.532;nenhum
35196976;NOVA GERACAO ESCOLA INTERNACIONAL;3518701;609.5835294117647;17.0;57.0;3.0;0.5315;nenhum
15180654;ALICERCE EDUCACIONAL;1504208;592.5671428571429;14.0;47.0;4.0;0.5312;nenhum
29478952;COLEGIO GENOMA;2931350;604.5988235294118;17.0;80.0;3.0;0.5311;nenhum
35110826;COLEGIO BOM JESUS EXTERNATO EDUCACAO INFANTIL ENSINO FUNDAMENTAL E MEDIO;3538006;593.0072727272727;22.0;89.0;5.0;0.5309;nenhum
26143330;COLEGIO MULTIPLO ENSINO;2611606;595.6314285714286;28.0;96.0;4.0;0.5306;nenhum
41072189;CRISTO REI CEI EF M;4104808;599.7736363636363;22.0;57.0;4.0;0.5302;nenhum
50027190;CENTRO EDUCACIONAL PAULO DE TARSO;5002704;602.0333333333333;12.0;50.0;3.0;0.5297;nenhum
35135525;FLORESTA COLEGIO;3550308;592.7316129032258;31.0;82.0;5.0;0.529;nenhum
42155649;COLEGIO ANGLO CAMBORIU;4203204;610.3588888888888;12.0;83.0;2.0;0.5281;nenhum
21519676;ESCOLA NOSSO MUNDO;2111300;595.170909090909;22.0;79.0;4.0;0.5278;nenhum
35007952;COLEGIO ALETHUS;3556206;613.6705882352941;17.0;72.0;1.0;0.5276;nenhum
29408156;COLEGIO ANTONIO PINHEIRO;2918001;599.1360000000001;15.0;79.0;4.0;0.5266;nenhum
25134426;COLEGIO CACILDIVA;2504009;604.9515789473684;19.0;43.0;2.0;0.5263;nenhum
35007152;PEN LIFE INTERNATIONAL SCHOOL;3548708;609.955;24.0;91.0;2.0;0.526;nenhum
13031791;COLEGIO BATISTA BRASIL IDA NELSON;1302603;584.7414285714286;14.0;50.0;5.0;0.5252;nenhum
31279099;COLEGIO PAULO FREIRE;3118601;604.5351515151515;33.0;91.0;3.0;0.5251;nenhum
31238180;CEPSMA - COLEGIO E CENTRO DE PESQUISA SOUZA MARTINS;3119401;587.765;16.0;63.0;5.0;0.5245;nenhum
35104590;CENTRO INTERESCOLAR OBJETIVO UNIDADE TEODORO;3550308;604.4576923076922;26.0;79.0;3.0;0.5241;nenhum
35159438;SANTA TEREZINHA INSTITUTO EDUCACIONAL;3507605;601.2921739130435;23.0;96.0;3.0;0.5239;nenhum
52086542;COLEGIO SIMETRIA;5208707;604.3695652173913;23.0;68.0;3.0;0.5237;nenhum
28017463;CENTRO EDUC PEQUENO INFANTE LTDA;2800308;608.9338461538462;13.0;37.0;1.0;0.5234;nenhum
35802189;SISTEMA DE ENSINO COLEGIO;3523909;604.3483333333334;24.0;80.0;3.0;0.5233;nenhum
35429173;THE JOY SCHOOL;3525904;613.1011111111111;18.0;84.0;2.0;0.5227;nenhum
35154210;VIVA ESCOLA;3550308;607.9084848484849;22.0;65.0;3.0;0.5224;nenhum
33164541;COOPERATIVA DOS PROFISSIONAIS DA EDUCACAO DE ANGRA DOS REIS;3300100;612.2953846153846;13.0;60.0;1.0;0.5223;nenhum
27224953;COLEGIO N SRA DA ROSA MISTICA;2704302;591.7613333333334;15.0;63.0;5.0;0.5211;nenhum
35452543;JEAN JACQUES ROUSSEAU COLEGIO;3550308;607.3772222222223;12.0;36.0;1.0;0.5207;nenhum
26125234;COLEGIO PINHEIROS;2611606;594.9048275862069;29.0;91.0;4.0;0.5205;nenhum
35120029;EMILIA FERREIRO COLEGIO;3550308;612.3703703703703;18.0;66.0;2.0;0.5203;nenhum
52046141;COLEGIO DOS SAGRADOS CORACOES;5208004;587.9571428571428;14.0;46.0;5.0;0.5197;nenhum
35125696;ALPIS VEREDAS COLEGIO;3522307;597.5838095238096;21.0;84.0;4.0;0.5181;nenhum
33008612;COLEGIO ADVENTISTA DE CAMPOS;3301009;603.332;20.0;97.0;3.0;0.5179;nenhum
52260372;COLEGIO PXS FLAMBOYANT;5208707;597.5323076923077;13.0;40.0;4.0;0.5177;nenhum
35108637;COLEGIO ENAU;3543303;608.3270588235293;17.0;86.0;2.0;0.5176;nenhum
41100921;ESICOLEGIO NOSSA SRA DE BELEMEI EF M;4109401;594.4083333333333;12.0;39.0;4.0;0.5173;nenhum
35143170;COLEGIO ELITE MONTEIRO LOBATO;3523909;593.2208;25.0;93.0;4.0;0.5166;nenhum
51104407;COLEGIO REGINA COELI;5107925;602.982;20.0;86.0;3.0;0.5162;nenhum
35192077;IPE DE ASSIS COLEGIO UNID II;3504008;614.6333333333333;22.0;89.0;1.0;0.5158;nenhum
29180147;CENTRO EDUCACIONAL NOSSA SENHORA DO RESGATE;2927408;597.0963636363637;22.0;47.0;4.0;0.5156;nenhum
33127875;ESPACO E VIDA DE TERESOPOLIS;3305802;594.0614285714286;14.0;53.0;4.0;0.5155;nenhum
35140909;PRO SABER INSTITUTO DE ENSINO;3547809;614.6063636363637;22.0;78.0;1.0;0.5153;nenhum
35118722;SAO LUCAS COLEGIO;3552809;602.8541176470588;17.0;74.0;3.0;0.5149;nenhum
52106551;COLEGIO NUCLEO;5201108;610.6272727272727;22.0;85.0;1.0;0.5134;nenhum
31300454;COLEGIO M2 - FERNAO DIAS;3106200;585.8565217391305;23.0;89.0;5.0;0.5133;nenhum
29569605;CENTRO EDUCACIONAL SOSSEGO DA MAMAE LTDA;2905701;600.122;10.0;34.0;4.0;0.513;nenhum
52064840;COLEGIO NOSSA SENHORA MAE DE DEUS;5205109;590.040909090909;22.0;73.0;5.0;0.5128;nenhum
35142311;JARDIM ESCOLA CASINHA DO SABER EXTERNATO ELVIRA RAMOS;3550308;600.0282352941176;17.0;47.0;4.0;0.5127;nenhum
41358708;INTERATIVA CEI EF M;4108304;596.4877192982456;19.0;73.0;4.0;0.5119;nenhum
33085609;SANTA MONICA REDE DE ENSINO - ILHA DO GOVERNADOR;3304557;589.2226086956522;23.0;73.0;4.0;0.5116;nenhum
15176045;COLEGIO EVOLUCAO DE ALTAMIRA;1500602;593.1233333333333;12.0;57.0;4.0;0.5111;nenhum
33185999;CHF - CENTRO EDUCACIONAL E CULTURAL HENRIQUES FERNANDES;3304557;607.16;16.0;85.0;2.0;0.5111;nenhum
35143091;CECILIA MEIRELES COLEGIO;3548906;610.2696;25.0;76.0;1.0;0.511;nenhum
35119374;COLEGIO CPV;3550308;598.31;12.0;47.0;3.0;0.5108;nenhum
35808167;CIE CENTRO INTEGRADO DE EDUCACAO COLEGIO MULTIPLO;3509502;611.5938461538461;13.0;45.0;0.0;0.5102;nenhum
43107451;INSTITUTO SAO FRANCISCO SANTA FAMILIA;4314902;586.1413333333333;20.0;76.0;5.0;0.5099;nenhum
35112057;TATUIENSE ORGANIZACAO DE ENSINO;3554003;605.34;13.0;48.0;3.0;0.5098;nenhum
35128120;GRAN LEONE COLEGIO;3543303;602.8076923076923;13.0;50.0;2.0;0.5078;nenhum
31377503;COLEGIO ADVENTISTA DO BURITIS;3106200;601.7760919540231;29.0;83.0;3.0;0.5073;nenhum
28076400;COLEGIO CEME;2804805;602.73375;16.0;53.0;2.0;0.5072;nenhum
33194270;ISEM INSTITUTO SILOE DE ENSINO MODERNO;3301702;588.9709090909091;11.0;55.0;5.0;0.5066;nenhum
35131738;JOAO PAULO I COLEGIO;3550308;592.6309523809524;14.0;57.0;4.0;0.5066;nenhum
43172393;ESCOLA DE ENSINO MEDIO VINICIUS DE MORAIS;4314902;585.6966666666666;12.0;58.0;5.0;0.5062;nenhum
28017366;COLEGIO PURIFICACAO LTDA;2800308;598.9;25.0;93.0;4.0;0.506;nenhum
31014494;COLEGIO AUGUSTUS;3156700;595.672;20.0;65.0;4.0;0.5059;nenhum
35299625;JULIO BOTELHO COLEGIO;3550308;601.545;12.0;64.0;3.0;0.5057;nenhum
33159068;COLEGIO MARQUES RODRIGUES - SULACAP;3304557;600.4442857142857;14.0;57.0;3.0;0.5049;nenhum
41008545;COLEGIO EDUCARE - EDUCACAO INFANTIL ENSINO FUNDAMENTAL E MEDIO;4128104;598.5909090909091;11.0;69.0;4.0;0.5043;nenhum
35806444;COLEGIO SOKA DO BRASIL;3550308;608.9046153846155;13.0;51.0;1.0;0.5035;nenhum
50029312;UNITRES;5008305;584.4333333333333;24.0;57.0;5.0;0.5035;nenhum
35299984;SOTER COLEGIO;3550308;601.2077192982456;19.0;88.0;3.0;0.5034;nenhum
29380790;ESCOLA THAIANE PINHEIRO;2910800;585.083;20.0;95.0;5.0;0.5033;nenhum
35466670;PEQUENO MUNDO ESCOLA DE EDUCACAO INFANTIL E FUNDAMENTAL;3509502;605.3422222222222;12.0;68.0;2.0;0.5029;nenhum
35296016;COLEGIO ALFA OMEGA;3550308;605.1778571428571;28.0;82.0;2.0;0.5025;nenhum
28106407;COLEGIO BOM PASTOR;2800308;591.0411428571429;35.0;99.0;4.0;0.5023;nenhum
22144811;COLEGIO CIVICO MILITAR BATALHA DO RIACHUELO;2211001;588.2309090909091;11.0;58.0;5.0;0.5019;nenhum
35142359;JULIO MESQUITA COLEGIO;3518800;595.0636363636363;22.0;61.0;4.0;0.5019;nenhum
35006144;COLEGIO INVICTUS TEENS;3549805;598.0933333333334;12.0;66.0;4.0;0.5014;nenhum
33223203;ESCOLA LICENCIADA AZ MEIER;3304557;612.0811764705883;34.0;91.0;1.0;0.5011;nenhum
35105028;CRISTO REI COLEGIO;3550308;591.6897435897436;13.0;56.0;5.0;0.5011;nenhum
53019628;COL IDEAL UNIDADE ASA SUL;5300108;600.7076923076922;26.0;99.0;3.0;0.5009;nenhum
23071133;COLEGIO DA IMACULADA CONCEICAO;2304400;583.7981609195402;29.0;91.0;5.0;0.5006;nenhum
35160854;PARTENON COLEGIO;3549805;591.5224242424242;11.0;50.0;5.0;0.5004;nenhum
35155147;COLEGIO EDUCATIVA;3503208;609.6866666666666;15.0;85.0;0.0;0.5002;nenhum
43068677;COLEGIO CENECISTA NOSSA SENHORA DOS ANJOS;4309209;583.7020289855072;23.0;85.0;5.0;0.5;nenhum
23186704;EVANDRO AYRES DE MOURA CENTRO EDUCACIONAL;2304400;583.6659999999999;20.0;77.0;5.0;0.4996;nenhum
41127170;ANCHIETA CTRO EDUC - LTDA;4106902;587.726;10.0;24.0;5.0;0.4994;nenhum
41076311;ESCOLA BETTA EDINFANTIL E ENFUNDAMENTAL LTDA- ME;4108304;583.58375;16.0;49.0;5.0;0.4988;nenhum
41381459;EXPRESSAO CEI F M;4104808;594.324;10.0;55.0;4.0;0.4974;nenhum
35005656;COLEGIO METROPOLITAN PAULINENSE;3536505;587.08;15.0;91.0;5.0;0.4964;nenhum
29380740;COLEGIO SIMETRICO LTDA;2910800;587.0783333333334;24.0;66.0;5.0;0.4962;nenhum
33454221;CENTRO INTEGRADO DE ENSINO EDUCARTE;3304524;596.5153846153846;13.0;54.0;3.0;0.496;nenhum
33187959;JGFLORENCIO SISTEMA DE ENSINO EIRELI - CENTRO EDUCACIONAL SILVA FLORENCIO;3304557;592.9423529411765;17.0;76.0;4.0;0.4954;nenhum
25093665;ESC CENECISTA JOAO REGIS DE AMORIM;2507507;593.8528571428571;14.0;23.0;4.0;0.495;nenhum
35105910;COLEGIO NOSSA SENHORA DO MORUMBI;3550308;599.8410256410257;13.0;78.0;3.0;0.495;nenhum
35431059;LUZ DO FUTURO EEIEF UNIDADE II;3550308;610.6800000000001;10.0;46.0;1.0;0.4946;nenhum
35160453;BALAO AZUL DINAMICO ESCOLA EDUCACAO INF E ENS FUNDAMENTAL;3506003;600.7510256410256;26.0;92.0;2.0;0.4943;nenhum
35175857;CRISTAO LEAO DE JUDA COLEGIO;3530607;596.710909090909;11.0;67.0;4.0;0.4939;nenhum
15566552;CENTRO DE APRENDIZAGEM E DESENVOLVIMENTO PERCEPCAO;1502400;596.2163636363637;11.0;34.0;3.0;0.4937;nenhum
35143996;SAO MATEUS COLEGIO EEIEFM;3511102;602.5296296296297;27.0;93.0;3.0;0.4931;nenhum
42158702;COLEGIO ADVENTISTA CRICIUMA;4204608;596.5739393939394;11.0;90.0;4.0;0.4931;nenhum
33094861;SANTA MONICA REDE DE ENSINO MADUREIRA;3304557;582.4072727272728;11.0;48.0;5.0;0.4925;nenhum
33117799;COLEGIO SAO JUDAS TADEU;3304557;586.3000000000001;11.0;82.0;5.0;0.4914;nenhum
31369748;ESCOLA FOCH LTDA;3152501;599.1092307692307;13.0;61.0;3.0;0.4907;nenhum
35100785;COLEGIO NOSSA SENHORA DE SION SAO TEODORO;3550308;592.9822222222223;24.0;72.0;4.0;0.4902;nenhum
35105824;JEAN PIAGET COLEGIO;3543303;609.7824242424242;22.0;77.0;1.0;0.489;nenhum
31293181;SEPRO -SIST EDUC PROF DE ITABIRA;3131703;585.93;18.0;83.0;5.0;0.4889;nenhum
35116671;LUIZ LASAGNA DOM COLEGIO SALESIANO;3502804;585.845142857143;35.0;93.0;5.0;0.4882;nenhum
52105555;COLEGIO UNIDESC;5212501;585.2099999999999;12.0;68.0;4.0;0.4879;nenhum
13025210;INSTITUTO HILDA FERREIRA;1302603;591.289090909091;11.0;13.0;3.0;0.4872;nenhum
43107389;COLEGIO VICENTINO SANTA CECILIA;4314902;582.4314285714286;14.0;61.0;5.0;0.4872;nenhum
42164478;COLEGIO IDENTIDADE;4205407;598.3898039215686;17.0;78.0;3.0;0.4865;nenhum
29181925;CENTRO EDUCACIONAL E CULTURAL CHRISTUS LTDA;2927408;592.4127272727272;11.0;56.0;4.0;0.4863;nenhum
52050785;COLEGIO VOO LIVRE LTDA;5217609;582.2525;16.0;60.0;5.0;0.4861;nenhum
43139094;COLEGIO SAO LUIS;4318705;582.2221052631579;19.0;73.0;5.0;0.4858;nenhum
31277185;NUCLEO EDUC BRAZ NETTO;3118601;592.3470175438597;19.0;28.0;4.0;0.4856;nenhum
35138836;SELETIVO COLEGIO;3530706;592.3280952380952;14.0;50.0;4.0;0.4855;nenhum
24089303;COLEGIO EXTENSIVO;2403251;606.9466666666667;27.0;87.0;0.0;0.4854;nenhum
29182301;COLEGIO FLAMBOYANTS LTDA;2927408;601.2182608695653;23.0;82.0;3.0;0.4841;nenhum
35481154;PIETRA COLEGIO UNIDADE II;3550308;592.1021052631579;19.0;66.0;4.0;0.4839;nenhum
35457334;BRANTA DE EDUCACAO INSTITTUTO;3523909;605.3866666666667;12.0;51.0;2.0;0.4838;nenhum
33179344;COLEGIO CONCEITO;3304524;592.06;22.0;85.0;4.0;0.4836;nenhum
35151993;COSMOS DE PAULINIA COLEGIO;3536505;588.3191666666667;16.0;80.0;5.0;0.483;nenhum
23212020;COLEGIO TELES;2304400;592.0218181818182;11.0;41.0;4.0;0.4829;nenhum
33156760;COLEGIO RESSURREICAO;3304557;591.9781818181818;11.0;37.0;4.0;0.4826;nenhum
35158550;AGNUS COLEGIO;3550308;597.6838095238096;14.0;40.0;3.0;0.4825;nenhum
41371968;PILARES C - EI EF M;4113700;591.9571929824561;19.0;64.0;4.0;0.4824;nenhum
24003646;INSTITUTO SANTA MARIA GORETTI;2408003;594.596;15.0;55.0;3.0;0.4823;nenhum
35106367;INTERNACIONAL ITALO BRASILEIRO COLEGIO;3550308;591.95625;16.0;71.0;4.0;0.4823;nenhum
31102563;ESC SAO PAULO;3143906;601.9204444444445;15.0;57.0;2.0;0.4821;nenhum
33194033;COLEGIO CONEXAO DE RIO DAS OSTRAS;3304524;601.893;20.0;64.0;2.0;0.4816;nenhum
33065594;ESCOLA MATER;3304557;593.4066666666666;21.0;62.0;3.0;0.4815;nenhum
35114996;NOSSA SENHORA AUXILIADORA COLEGIO;3543402;588.2111111111111;27.0;98.0;4.0;0.4806;nenhum
33041148;INSTITUTO NOSSA SENHORA DE LOURDES;3303906;581.1963636363636;11.0;45.0;5.0;0.4804;nenhum
41376846;COLEGIO ENSITEC - ENSINO FUNDAMENTAL MEDIO E PROFISSIONAL;4106902;584.6753086419753;27.0;81.0;5.0;0.4801;nenhum
33177597;COLEGIO MARILIA MATTOSO;3303302;597.1184615384616;13.0;89.0;3.0;0.48;nenhum
35126895;ELYTE INSTITUTO EDUCACIONAL;3525003;601.6672727272727;22.0;83.0;2.0;0.4798;nenhum
24059692;COLEGIO ACAO LTDA;2408102;593.9208695652175;23.0;92.0;3.0;0.4792;nenhum
35803200;SANTA CLARA COLEGIO II;3504008;604.21875;32.0;88.0;1.0;0.4792;nenhum
26121506;COLEGIO AMERICANO BATISTA;2611606;604.1145454545455;11.0;40.0;1.0;0.4787;nenhum
42003890;COLEGIO PE AGOSTINHO;4216602;596.768;20.0;95.0;3.0;0.4782;nenhum
41007883;ELITE UMUARAMA;4128104;592.74;17.0;84.0;3.0;0.478;nenhum
21292957;IPEG EDUACACAO;2111300;592.7284210526316;19.0;60.0;3.0;0.4775;nenhum
35106768;VIRGEM PODEROSA COLEGIO;3550308;591.0309090909091;22.0;53.0;4.0;0.4772;nenhum
53013220;ESC WALDORF MOARA;5300108;601.0366666666667;12.0;45.0;2.0;0.4758;nenhum
53009916;COL ELITE GAMA;5300108;592.5184615384616;26.0;89.0;3.0;0.4756;nenhum
53018320;COL DIGITAL;5300108;580.2663157894737;19.0;93.0;5.0;0.4751;nenhum
26185539;COLEGIO ESPACO EDUCATIVO;2604106;593.0687179487179;13.0;25.0;3.0;0.4745;nenhum
42114357;CENTRO DE ENSINO GUROO;4205407;590.2747368421052;19.0;87.0;4.0;0.4737;nenhum
50040200;COLEGIO SALESIANO DOM BOSCO DE TRES LAGOAS;5008305;600.4777777777778;18.0;73.0;2.0;0.4736;nenhum
43181694;ESC DE ENS MEDIO UNIVER CACH EDUC JOVENS ADULT;4303103;582.8635897435897;13.0;42.0;4.0;0.4735;nenhum
32052120;COLEGIO JESUS CRISTO REI;3201209;576.1427586206896;29.0;82.0;5.0;0.4731;nenhum
33130442;CENTRO EDUCACIONAL MODERNO;3302502;599.9208695652175;23.0;76.0;1.0;0.4719;nenhum
41534913;GUAIRACA CEF M;4109401;586.22;31.0;89.0;5.0;0.4715;nenhum
33191182;CEIVA ESCOLA CRISTA LTDA;3304904;595.964705882353;17.0;62.0;2.0;0.471;nenhum
41377540;COLEGIO DYNAMICO;4106902;588.8013333333333;40.0;87.0;4.0;0.4706;nenhum
33127123;INSTITUTO DE EDUCACAO PEREIRA BATISTA;3304557;589.7866666666667;12.0;81.0;4.0;0.4703;nenhum
35451113;CENTRO EDUCACIONAL SAO JUDAS TADEU OBJETIVO ESTORIL;3506003;602.9482352941177;17.0;24.0;2.0;0.4699;nenhum
25071491;COLEGIO ROSA MISTICA;2504009;589.7214814814814;27.0;91.0;4.0;0.4695;nenhum
43122019;COLEGIO ADVENTISTA DE SANTA MARIA;4316907;595.5272222222222;24.0;81.0;3.0;0.4692;nenhum
33071012;INSTITUTO NOSSA SENHORA DAS DORES;3304557;575.5836363636364;11.0;46.0;5.0;0.4679;nenhum
23232307;COLEGIO OLIMPICO;2307700;595.2155555555556;15.0;79.0;3.0;0.4674;nenhum
52047369;COLEGIO SANTO ANTONIO;5221858;589.1666666666666;12.0;60.0;4.0;0.467;nenhum
31343099;COLEGIO DOM BOSCO;3170206;598.34;26.0;88.0;3.0;0.4666;nenhum
16009380;CENTRO DE ENSINO PODIUM;1600303;602.0207692307692;26.0;75.0;1.0;0.4664;nenhum
15173330;COLEGIO LA SALLE ANANIDEUA;1500800;578.8042857142857;14.0;91.0;5.0;0.4659;nenhum
35167447;VAN GOGH COLEGIO;3550308;605.1077777777778;24.0;92.0;1.0;0.4658;nenhum
31279102;COLEGIO SAO GERALDO;3118601;588.7373333333333;20.0;79.0;4.0;0.4644;nenhum
29304385;COL SAO JOSE DA ACAO FRATERNAL;2914802;588.7019047619048;21.0;57.0;4.0;0.464;nenhum
43093124;COLEGIO SANTA CATARINA;4313409;581.7475757575758;22.0;95.0;5.0;0.464;nenhum
51056496;ESCOLA LIVRE PORTO CUIABA;5103403;591.7047619047619;21.0;40.0;3.0;0.464;nenhum
53013654;COL SOMA;5300108;576.7700000000001;10.0;68.0;5.0;0.4639;nenhum
29364060;COLEGIO MEDITERRANEO;2927408;585.0228070175439;19.0;89.0;5.0;0.4634;nenhum
35063071;REDE DECISAO UNIDADE ANALIA FRANCO;3550308;597.7552;25.0;97.0;3.0;0.4634;nenhum
31378313;REDE DECISAO - UNIDADE LOURDES;3106200;594.8689999999999;20.0;90.0;2.0;0.4632;nenhum
35108509;JULIO VERNE CENTRO DE ESTUDOS;3513801;598.772;15.0;89.0;2.0;0.4628;nenhum
33078521;INSTITUTO TAMANDARE;3304557;597.3221052631578;19.0;54.0;3.0;0.4614;nenhum
31074390;FUNDACAO EDUCACIONAL MACHADO SOBRINHO;3136702;591.7907692307692;13.0;71.0;4.0;0.4612;nenhum
35135434;NEOLATINO COLEGIO;3550308;601.7108771929825;19.0;68.0;2.0;0.4609;nenhum
28079400;COLEGIO DIDATICO LTDA;2804805;578.1294736842104;19.0;64.0;5.0;0.4608;nenhum
35131600;OBJETIVO COLEGIO UNIDADE CARAGUA;3510500;581.1163636363636;11.0;56.0;5.0;0.4605;nenhum
35006903;ESTABELECIMENTO DE ENSINO ESCOLA AMERICANA DE SANTOS;3548500;598.4671428571429;14.0;71.0;2.0;0.4605;nenhum
35142529;BATISTA DA PENHA COLEGIO;3550308;591.4961538461538;26.0;99.0;4.0;0.4596;nenhum
13074130;CENTRO EDUCACIONAL SANDRA CAVALCANTE;1302603;591.3018181818181;11.0;43.0;4.0;0.4593;nenhum
35154436;FONTE COLEGIO;3518404;601.035;12.0;36.0;1.0;0.4588;nenhum
31332721;COL GILDO VILELLA CANCELLA UNIDII;3134202;584.2365656565656;33.0;89.0;5.0;0.4586;nenhum
31245968;ESCOLA CRIATIVA IDADE SISTEMA EDUCACIONAL;3151800;594.0400000000001;15.0;48.0;2.0;0.4584;nenhum
21180385;COMPLEXO EDUCACIONAL DOCE INFANCIA;2101400;580.6323076923077;13.0;71.0;5.0;0.458;nenhum
41133307;ARQUIDIOCESANO DE CURITIBA C - EF M;4106902;587.4513043478261;23.0;99.0;4.0;0.4579;nenhum
22115820;NUCLEO DE ENSINO MERITO DMARTONNE;2211001;589.5314285714286;21.0;77.0;3.0;0.4576;nenhum
26125404;COLEGIO AVANCE;2611606;587.2580392156863;17.0;33.0;4.0;0.4573;nenhum
31275549;ESCOLA GATO DE BOTAS-DRUMMOND;3170206;593.5139393939394;11.0;61.0;3.0;0.457;nenhum
33195420;INTERACAO EDUCACIONAL LTDA;3300209;580.4722222222222;18.0;71.0;5.0;0.4567;nenhum
35106781;MARIA IMACULADA COLEGIO DR PIERO ROVERSI;3550308;587.118;10.0;40.0;4.0;0.456;nenhum
15552900;COLEGIO GILDETE DUTRA;1500602;580.2424561403509;19.0;60.0;5.0;0.4554;nenhum
35144071;COC UNIVERSITARIO DE SANTOS COLEGIO;3548500;597.4776;25.0;66.0;2.0;0.4553;nenhum
23076259;PERPETUO SOCORRO ESCOLA DE EDUC INF E ENS FUND NOSSA SENHORA DO;2304400;580.2413333333334;15.0;79.0;5.0;0.4552;nenhum
35584939;COLEGIO VIDEIRA;3525904;600.7063157894737;19.0;69.0;2.0;0.4548;nenhum
53010426;C DE ENS ISAAC NEWTON;5300108;580.0190909090909;22.0;75.0;5.0;0.4543;nenhum
33104107;CENTRO EDUC SOARES HERDY;3304904;596.174;10.0;35.0;3.0;0.4542;nenhum
33042373;CENTRO DE ENSINO MODERNO;3305802;579.9681159420289;23.0;75.0;5.0;0.4541;nenhum
31166456;COL RUBEM ALVES;3170107;585.9433333333333;18.0;68.0;4.0;0.454;nenhum
35119912;O FAROL COLEGIO;3552205;599.9326315789473;19.0;75.0;1.0;0.4525;nenhum
35101990;NOSSA SENHORA DO SAGRADO CORACAO COLEGIO;3550308;592.6833333333333;12.0;61.0;3.0;0.4519;nenhum
35137716;8 DE MAIO COLEGIO;3522208;600.1450000000001;28.0;98.0;2.0;0.4515;nenhum
35805439;HELIOS COLEGIO;3550308;600.1392;25.0;70.0;2.0;0.4513;nenhum
35184974;QUERIGMA ESCOLA CATOLICA;3548906;589.2538461538462;13.0;53.0;3.0;0.4511;nenhum
35194165;TALENTOS COLEGIO;3552205;596.43875;16.0;94.0;2.0;0.4494;nenhum
15159841;CENTRO EDUCACIONAL MOSAICO;1501402;578.6378947368421;19.0;88.0;4.0;0.449;nenhum
35107554;SAO VICENTE DE PAULO ESCOLA;3550308;585.9088888888889;18.0;51.0;4.0;0.4482;nenhum
52054268;COLEGIO EDUCAR BRASIL RIO VERDE LTDA - ME;5218805;579.0649999999999;16.0;60.0;5.0;0.4479;nenhum
35124631;TREVO MASTER GRUPO EDUCACIONAL;3547809;599.3686666666666;10.0;33.0;2.0;0.4467;nenhum
33100985;SANTA MONICA REDE DE ENSINO - BARRA DA TIJUCA;3304557;584.8707692307692;13.0;72.0;4.0;0.4462;nenhum
23070340;ADVENTISTA PAULO CESAR AFONSO COLEGIO;2304400;591.8321212121211;33.0;98.0;3.0;0.4457;nenhum
32041446;COLEGIO RENOVACAO;3205309;585.5836363636364;11.0;61.0;4.0;0.4455;nenhum
25092260;ANGLO CENTRO DE EDUCACAO LTDA;2507507;591.8281481481482;27.0;63.0;3.0;0.4454;nenhum
35007070;COLEGIO REDE DECISAO UNIDADE VILA MASCOTE;3550308;599.184;25.0;96.0;2.0;0.4454;nenhum
52081095;COLEGIO ATUAL 2000 LTDA;5208707;585.5275;16.0;69.0;4.0;0.445;nenhum
15562000;COLEGIO MAANAIM;1502400;578.615;20.0;62.0;5.0;0.4446;nenhum
31236926;COLEGIO ESPIRITA PROFESSOR RUBENS COSTA ROMANELLI;3118601;588.0894444444444;12.0;62.0;3.0;0.4441;nenhum
35150459;COLEGIO CEO;3534708;595.605;16.0;59.0;2.0;0.4433;nenhum
35101539;SANTA CRUZ LICEU;3550308;585.0213333333334;10.0;64.0;4.0;0.4421;nenhum
29738628;COLEGIO BATISTA DE PORTO SEGURO;2925303;584.9773333333334;15.0;75.0;4.0;0.4416;nenhum
42070880;CENTRO EDUCACIONAL CONEXAO;4209102;594.2127272727273;11.0;23.0;3.0;0.4416;nenhum
35176205;COLEGIO OBJETIVO JAGUARE;3550308;584.9336842105263;19.0;70.0;4.0;0.4412;nenhum
33143331;COLEGIO QI;3304557;591.2375757575758;11.0;73.0;2.0;0.441;nenhum
35118936;COLEGIO HORIZONTES;3550308;597.884;20.0;65.0;1.0;0.4403;nenhum
33071659;COL IMACULADO CORACAO DE MARIA;3304557;574.3861538461539;26.0;82.0;5.0;0.44;nenhum
35259559;OBJETEC COLEGIO;3503307;584.6878260869565;23.0;80.0;4.0;0.4397;nenhum
23074248;MEDALHA MILAGROSA COLEGIO;2304400;571.1009523809524;21.0;81.0;5.0;0.4392;nenhum
43200273;COLEGIO UNIVERSITARIO;4314902;574.9835294117647;17.0;55.0;5.0;0.4391;nenhum
35137546;NOVA ESTRELA GUIA ESCOLA UNIDADE I;3550308;580.6374999999999;24.0;72.0;5.0;0.4388;nenhum
42130913;CENTRO EDUCACIONAL SAO JUDAS TADEU;4211900;593.6277777777777;18.0;58.0;3.0;0.4386;nenhum
26117525;COLEGIO PATRICIA COSTA;2610707;574.105;20.0;87.0;5.0;0.4381;nenhum
33055459;CENTRO MODERNO DE ENSINO LTDA;3303302;579.9102564102565;13.0;46.0;4.0;0.4381;nenhum
33088985;COL AUXILIADORA;3304904;580.82375;16.0;55.0;4.0;0.4381;nenhum
52031772;COLEGIO SUL D AMERICA LTDA;5201405;590.6266666666667;11.0;43.0;2.0;0.4381;nenhum
43180698;ESCOLA DE ENSINO MEDIO DORA DIMER;4309209;580.7984615384615;13.0;60.0;4.0;0.4378;nenhum
41147049;UNINORTE JUNIOR C - EI EF M;4113700;584.1017391304348;23.0;89.0;4.0;0.4372;nenhum
41159551;COLEGIO VILA MILITAR LTDA;4106902;574.7406060606061;22.0;90.0;5.0;0.437;nenhum
35139233;SAO FRANCISCO DE ASSIS COLEGIO;3550308;583.9236666666667;20.0;66.0;4.0;0.4359;nenhum
31006998;ESCOLA POLITECNICA DE MINAS GERAIS POLIMIG- UNIDADE LAGOINHA;3106200;585.76;20.0;71.0;3.0;0.4358;nenhum
33199973;LEGACY SCHOOL MACAE;3302403;589.9272727272727;11.0;64.0;3.0;0.4357;nenhum
35009561;COLEGIO SAN MARINO UNIDADE II;3550308;580.4627272727273;22.0;73.0;4.0;0.4355;nenhum
23350628;COLEGIO PARAISO DA CULTURA;2304202;582.35;14.0;69.0;3.0;0.4354;nenhum
31242918;ESC COOP EDUC TEOFILO OTONI;3168606;594.198;10.0;24.0;2.0;0.4342;nenhum
35138083;REZENDE E REZENDE COLEGIO;3524402;586.6;10.0;55.0;4.0;0.434;nenhum
35151191;PASSO SEGURO COLEGIO;3550308;596.6325;16.0;39.0;1.0;0.4337;nenhum
26168243;CENTRO PROFISSIONAL ESPECIAL I;2607901;592.96;19.0;78.0;2.0;0.4334;nenhum
42003571;COLEGIO FRANCISCO JOSE FERREIRA NETO;4216602;593.8661538461539;13.0;55.0;2.0;0.433;nenhum
35008767;REDE DECISAO COLEGIO UNIDADE GUARULHOS;3518800;589.61;22.0;85.0;3.0;0.4328;nenhum
35112926;RENOVATUS COLEGIO E E I BRANCA DE NEVE;3509502;593.8521739130435;23.0;61.0;2.0;0.4326;nenhum
41140397;BOSCO PARANAGUA C D EFM;4118204;592.6654545454545;11.0;48.0;3.0;0.4323;nenhum
29181895;COLEGIO BATISTA BRASILEIRO;2927408;579.7905882352942;17.0;75.0;4.0;0.432;nenhum
35011153;COLEGIO VIKTOR FRANKL;3543402;596.3705263157894;38.0;94.0;1.0;0.4315;nenhum
24057444;ESCOLA DOM MARCOLINO DANTAS;2408102;579.6571428571428;28.0;74.0;4.0;0.4309;nenhum
13025694;CENTRO EDUCACIONAL RAIMUNDO BELO FERREIRA;1302603;572.9781818181818;11.0;61.0;5.0;0.4308;nenhum
35124503;DOM MACARIO SCHMITT COLEGIO;3516408;586.1504347826087;23.0;58.0;4.0;0.4306;nenhum
35116415;RESSURREICAO RIO PRETO COLEGIO;3549805;585.77125;16.0;80.0;3.0;0.4305;nenhum
35159943;EDUARDO LANE COLEGIO PRESBITERIANO ASSOCIACAO BETHEL;3509502;584.7436363636364;11.0;50.0;3.0;0.4296;nenhum
35804101;PLUS DE EDUCACAO BASICA COLEGIO;3547809;596.3744444444444;18.0;68.0;2.0;0.4291;nenhum
21249881;COL BATISTA PASTOR GENESIO GUIMARAES LIMA;2103307;579.3683333333333;32.0;98.0;4.0;0.429;nenhum
35103834;OFELIA FONSECA COLEGIO;3550308;593.1044444444445;18.0;61.0;2.0;0.429;nenhum
33189145;COLEGIO E CURSO PROF SANDRA STEFANO PAIVA;3304557;599.2164444444445;45.0;57.0;1.0;0.4288;nenhum
35110450;NOTRE DAME ESCOLA UNIDADE I;3551009;588.7425000000001;16.0;66.0;3.0;0.4288;nenhum
33226210;INSTITUTO AREDES RODRIGUES;3305208;572.6272727272727;11.0;78.0;5.0;0.4286;nenhum
15181146;GRUPO FUTURO EDUCACIONAL;1504208;579.2022222222222;18.0;24.0;4.0;0.428;nenhum
52037851;ESCOLA PROFA YOLANDA;5208707;588.6980000000001;20.0;57.0;3.0;0.428;nenhum
15587983;SISTEMA DE ENSINO VESTIBULANDO;1500107;575.5666666666667;18.0;78.0;4.0;0.4272;nenhum
31382698;INSTITUTO AXIOMA - UNIDADE IV;3134202;592.6985714285714;28.0;83.0;2.0;0.4258;nenhum
33140227;COLEGIO CRISTAO AGGREGARE LTDA;3303302;595.7704761904762;21.0;79.0;2.0;0.4248;nenhum
52099504;COLEGIO DELTA JARDIM GOIAS;5208707;580.35;12.0;59.0;3.0;0.4243;nenhum
35449143;VILA VERDE CENTRO EDUCACIONAL;3541000;587.9892307692309;13.0;72.0;3.0;0.4241;nenhum
35125908;PAULO DE TARSO COLEGIO;3550308;581.8262222222222;15.0;88.0;4.0;0.4238;nenhum
52033244;COLEGIO CLARETIANO CORACAO DE MARIA;5208707;575.548717948718;39.0;89.0;5.0;0.4231;nenhum
35582924;COLEGIO OBJETIVO PLENITUDE UNIDADE II;3518800;581.6373333333333;15.0;67.0;4.0;0.4228;nenhum
35150125;VIVERDE ESCOLA DE EDUCACAO BASICA;3507605;585.0186666666667;15.0;80.0;4.0;0.4225;nenhum
33162603;ESCOLA AMPLA - UNIDADE PILARES;3304557;586.5121428571429;14.0;74.0;3.0;0.4222;nenhum
31310891;CEMAR CENTRO EDUCACIONAL MARIO RABELO-UNIDADE II;3118601;588.7327777777778;24.0;81.0;2.0;0.4214;nenhum
35314785;DOM BOSCO UNIDADE II COLEGIO;3547809;599.2099999999999;24.0;63.0;0.0;0.4206;nenhum
35172509;INTERACAO MODELO COLEGIO;3550308;584.7181818181817;22.0;87.0;4.0;0.4204;nenhum
35469713;FERNANDO DOS REIS PROFESSOR COLEGIO;3550308;580.7127272727273;22.0;90.0;4.0;0.4181;nenhum
27046907;ESCOLA DE EDUCACAO BASICA NOVA VIDA;2704302;591.6633333333333;24.0;65.0;2.0;0.4177;nenhum
35151725;CAVLAC COLEGIO;3550308;594.772;15.0;55.0;2.0;0.4177;nenhum
33183970;INSTITUTO PRESBITERIANO DE ENSINO LTDA;3306305;594.7666666666668;25.0;86.0;2.0;0.4175;nenhum
26117282;ESCOLA PAROQUIAL NOSSA SENHORA DE FATIMA;2610707;577.4682352941176;17.0;66.0;4.0;0.4169;nenhum
28042417;CENTRO EDUCACIONAL ATLANTICO;2800308;571.4716666666667;12.0;61.0;5.0;0.4168;nenhum
15586324;CENTRO EDUCACIONAL PARAISO DO ESTUDANTE;1501402;591.2283333333334;12.0;61.0;2.0;0.4159;nenhum
16012410;COLEGIO ELITTE;1600303;583.392;10.0;27.0;3.0;0.4159;nenhum
35307555;CENTRO EDUCACIONAL SOLARIS;3547809;589.8749333333333;25.0;93.0;3.0;0.4158;nenhum
35133565;BRASIL JOVEM COLEGIO;3550308;593.8485714285715;14.0;70.0;1.0;0.4156;nenhum
29478901;COLEGIO DOM BOSCO;2905701;570.23375;16.0;45.0;5.0;0.4142;nenhum
35131490;MADRE IVA COLEGIO;3513009;571.0088888888889;21.0;71.0;5.0;0.4138;nenhum
42160499;ALFA REDE DE ENSINO;4209102;585.2565217391304;23.0;76.0;3.0;0.4135;nenhum
27230015;COLEGIO ROSALVO;2704302;569.96875;32.0;71.0;5.0;0.4128;nenhum
16027000;COLEGIO EQUIPE MACAPA;1600303;593.0716666666667;12.0;71.0;1.0;0.4117;nenhum
23079843;CARLOS LOBO SC LTDA INSTITUTO PEDAGOGICO PROF;2307650;573.7442857142858;14.0;78.0;5.0;0.4111;nenhum
31366269;COLEGIO AGAPE DOM;3170701;566.0127272727273;11.0;73.0;5.0;0.4107;nenhum
23276320;COLEGIO JOAQUIM BARROSO NETO II;2307650;596.0990476190476;21.0;85.0;1.0;0.4105;nenhum
26055198;COLEGIO INTERATIVO JARDIM DA CRIANCA;2604106;565.9788888888888;18.0;84.0;5.0;0.4105;nenhum
35132056;ESTRUTURAL COLEGIO;3530607;585.7520000000001;10.0;52.0;3.0;0.4105;nenhum
35800971;PUERI PAX COLEGIO;3550308;582.809;10.0;46.0;4.0;0.4093;nenhum
24097403;CENTRO EDUCACIONAL SANTO AGOSTINHO;2408102;576.1227586206898;29.0;88.0;5.0;0.409;nenhum
33138079;COLEGIO PRIORIDADE HUM;3304557;576.0071428571429;14.0;87.0;5.0;0.4081;nenhum
53011902;C EDUCACIONAL SAGRADA FAMILIA SOBRADINHO;5300108;581.8933333333333;15.0;61.0;3.0;0.4081;nenhum
15171523;SISTEMA DE ENSINO AUTHENTICO;1501402;570.0695238095237;21.0;85.0;5.0;0.4079;nenhum
25098896;COFRAG - COLEGIO DR FRANCISCO AGUIAR;2513703;573.2345454545455;11.0;31.0;5.0;0.4074;nenhum
27038440;ESCOLA NOSSA SENHORA DO AMPARO;2704302;579.02625;16.0;68.0;4.0;0.4072;nenhum
15164543;SISTEMA EDUCACIONAL CRISTAO SEMEAR;1500800;577.493;20.0;92.0;3.0;0.4062;nenhum
33132089;EDUCAR COOP EDUC DE ANGRA DOS REIS;3300100;589.3299999999999;14.0;50.0;2.0;0.4056;nenhum
42073944;ALFA REDE DE ENSINO;4211900;575.1914285714286;21.0;71.0;4.0;0.4051;nenhum
33171645;COLEGIO INTEGRAL SOLAR;3304557;578.6769230769231;13.0;54.0;4.0;0.405;nenhum
35307622;POLICIA MILITAR COLEGIO DA UNIDADE ITAQUERA;3550308;569.4895652173913;23.0;93.0;5.0;0.4048;nenhum
41008758;GERACAO CIMA CEI EF M;4128104;578.6626666666667;15.0;83.0;4.0;0.4048;nenhum
33083533;ESC STA BARBARA FILIAL 2;3304557;575.7257142857143;14.0;51.0;4.0;0.4043;nenhum
35187185;VITTA VIVACE COLEGIO UNIDADE II;3550308;587.6242857142857;14.0;49.0;3.0;0.4033;nenhum
35122415;VITORELI COLEGIO;3518800;587.49;12.0;67.0;3.0;0.4032;nenhum
35108996;LEONOR MENDES DE BARROS DONA COLEGIO;3548708;578.4330434782609;23.0;77.0;4.0;0.4031;nenhum
43013880;ESCOLA LUTERANA SAO MARCOS DE EDUCACAO BASICA;4300604;575.6466666666666;16.0;57.0;4.0;0.4029;nenhum
23232242;BATISTA SANTOS DUMONT - COLEGIO ANEXO I;2304400;583.3340000000001;10.0;59.0;3.0;0.4015;nenhum
52086690;ESCOLA BIOCLASS TURMA DA MONICA;5208707;578.1875;16.0;74.0;4.0;0.4012;nenhum
35152249;COLEGIO FRANCISCANO SEIBO;3530607;588.4966666666666;18.0;48.0;2.0;0.4011;nenhum
35119222;NOVO HORIZONTE COLEGIO;3550308;581.09625;16.0;98.0;4.0;0.4004;nenhum
35103275;OSWALDO CRUZ COLEGIOS INTEGRADOS PAIS LEME;3550308;567.7564912280701;19.0;36.0;5.0;0.4003;nenhum
41150546;ALFA REDE DE ENSINO;4115200;583.845625;64.0;279.0;3.0;0.3997;nenhum
35101148;PASSIONISTA SANTA GEMA COLEGIO;3550308;577.6984615384615;13.0;35.0;4.0;0.3994;nenhum
33189617;MX EDUCACIONAL EIRELI;3304557;580.3383333333333;12.0;47.0;3.0;0.3992;nenhum
52080722;ESCOLA PINGUINHO DE GENTE;5208707;588.1844444444445;36.0;129.0;2.0;0.3987;nenhum
21155844;COLEGIO SAO JOSE;2103000;567.4653333333333;20.0;117.0;5.0;0.3986;nenhum
27035816;ESCOLA DE EDUCACAO BASICA E PROFISSIONAL FUNDACAO BRADESCO;2704302;574.2293548387097;62.0;260.0;4.0;0.3985;nenhum
29485274;COLEGIO EDUCARPE LTDA;2927408;571.6978947368422;19.0;91.0;5.0;0.3985;nenhum
35467789;PHOENIX COLEGIO;3550308;586.605;16.0;87.0;3.0;0.3984;nenhum
29447208;UNIDADE CRIATIVA DE ENSINO MEDIO - UNICEM;2910800;583.6342857142857;14.0;74.0;3.0;0.3981;nenhum
35805567;SAINT GERMAIN COLEGIO;3550308;588.0852941176471;34.0;106.0;2.0;0.3979;nenhum
35185632;PRESBITERIANA DE PRESIDENTE PRUDENTE ESCOLA;3541406;592.1892473118279;31.0;92.0;0.0;0.3972;nenhum
31340391;INSTITUTO EDUCACIONAL MISSAO PAZ;3106200;563.5957142857143;56.0;174.0;5.0;0.3971;nenhum
29383293;CENTRO DE EDUCACAO EULINA FELIPE;2910800;580.4727272727273;11.0;50.0;4.0;0.3969;nenhum
35560820;CAETANO ALVARES COLEGIO UNIDADE I;3550308;577.4045925925925;45.0;154.0;4.0;0.3969;nenhum
41140362;COLEGIO ADVENTISTA PARANAGUA - EDUCACAO INFANTIL - ENSINO FUNDAMENTAL E MEDIO;4118204;577.3530612244898;49.0;160.0;4.0;0.3965;nenhum
52106446;COLEGIO SINAPSE;5208707;587.7223529411765;17.0;56.0;2.0;0.3965;nenhum
23076046;CIENTISTA COLEGIO;2304400;577.282564102564;13.0;39.0;4.0;0.3961;nenhum
41149955;COLEGIO SAPIENS-ENSINO MEDIO;4128104;587.4797916666666;32.0;135.0;2.0;0.396;nenhum
50028820;COLEGIO LICEU - UNID II;5002704;586.5223529411765;17.0;52.0;2.0;0.3959;nenhum
33069697;JD ESC SOLDADINHO DE CHUMBO;3304557;587.0148148148148;27.0;129.0;1.0;0.3956;nenhum
26170515;CTM COLEGIO E CURSO LTDA;2611606;570.5027272727273;44.0;155.0;4.0;0.3951;nenhum
32039140;EPG JOSE BONIFACIO;3205200;583.17;28.0;125.0;3.0;0.3951;nenhum
35143789;RUTH G FIGUEIRA COLEGIO EVANGELICO;3526902;587.2349206349206;21.0;71.0;2.0;0.3949;nenhum
33041733;LICEU SAO JOSE DE ITAIPAVA;3303906;579.5171428571429;14.0;50.0;3.0;0.3947;nenhum
26110130;ESCOLA DE EDUCACAO BASICA E PROFISSIONAL PROFESSORA VALENTINA DE OLIVEIRA FIGUEIREDO;2607901;573.6664864864865;74.0;256.0;4.0;0.3945;nenhum
35141773;COLEGIO GUARARAPES EIEFEM E TECNICO;3550308;577.1111999999999;25.0;125.0;4.0;0.3945;nenhum
35132950;EVOLUCAO COLEGIO;3522109;586.1002777777777;24.0;90.0;3.0;0.3941;nenhum
11037660;COLEGIO UNIAO;1100122;590.1388888888889;18.0;67.0;1.0;0.3937;nenhum
35167794;ALCANCE COLEGIO;3524402;594.812;30.0;117.0;0.0;0.3934;nenhum
35448369;ADVENTISTA DA LAPA COLEGIO;3550308;587.0371428571428;42.0;173.0;2.0;0.3933;nenhum
33138141;COOPERATIVA EDUCACIONAL CAPACITAR;3300100;570.892;20.0;59.0;5.0;0.3931;nenhum
15096009;SISTEMA INTEGRADO DE ENSINO LIMA PINHEIRO;1500800;574.1613333333333;15.0;53.0;4.0;0.3925;nenhum
42110599;COLEGIO UNIFICADO;4208203;590.4212121212121;44.0;184.0;2.0;0.3925;nenhum
33107998;COLEGIO METAVERSO;3304557;567.325;16.0;74.0;5.0;0.3922;nenhum
35366791;IMPERATRICE COLEGIO;3510500;579.1783333333333;12.0;65.0;3.0;0.3921;nenhum
35156565;PRO SABER BIO COLEGIO;3550308;574.0896666666666;40.0;172.0;4.0;0.3919;nenhum
11003090;INSTITUTO MARIA AUXILIADORA;1100205;570.5939130434782;23.0;88.0;5.0;0.3918;nenhum
35151348;CRUZ DE MALTA INSTITUTO DE EDUCACAO;3550308;570.5223529411765;34.0;112.0;5.0;0.3913;nenhum
29199549;INSTITUTO NOSSA SENHORA DA SALETTE;2927408;570.493142857143;35.0;90.0;5.0;0.391;nenhum
31375446;COLEGIO PIRLIMPIMPIM SAO PASCHOALL - UNIDADE III;3170206;582.3322666666667;25.0;143.0;3.0;0.3908;nenhum
35118576;SAO JOSE COLEGIO;3554102;590.0293333333334;15.0;67.0;2.0;0.3904;nenhum
35495414;MAX COLEGIO;3554102;585.6432352941176;34.0;172.0;3.0;0.3904;nenhum
53008502;COL ELITE JK GUARA;5300108;572.9823423423423;37.0;171.0;4.0;0.3904;nenhum
43105351;COLEGIO ROMANO SAO MATEUS;4314902;576.4842857142856;14.0;63.0;4.0;0.3903;nenhum
17026156;COLEGIO ULBRA PALMAS;1721000;570.3736;25.0;124.0;5.0;0.3902;nenhum
33177279;COLEGIO E CURSO APLICACAO;3304557;573.628;35.0;119.0;5.0;0.3902;nenhum
25154001;JOAO MACHADO COLEGIO E CURSO BESSA;2507507;582.2236363636364;11.0;39.0;3.0;0.3901;nenhum
35007664;COLEGIO CML;3550308;586.5044086021505;31.0;120.0;2.0;0.3901;nenhum
29460166;CENTRO DE EDUCACAO TECNOLOGICA DO ESTADO DA BAHIA - CETEB;2910800;578.1536;25.0;73.0;3.0;0.39;nenhum
15041670;INSTITUTO ADVENTISTA GRAO PARA;1501402;572.946546184739;83.0;308.0;4.0;0.3899;nenhum
25098314;INTEGRACAO CENTRO DE ENSINO LTDA;2507507;586.4237037037037;18.0;100.0;2.0;0.3896;nenhum
31246018;COLEGIO ADVENTISTA - FADMINAS;3138203;570.3011538461539;52.0;162.0;5.0;0.3896;nenhum
33222401;COLEGIO IMPERADOR LTDA EPP;3303906;592.722037037037;36.0;123.0;1.0;0.3896;nenhum
35112306;SAO PAULO COLEGIO EDUC INF ENS FUND E MEDIO;3504107;577.8930434782609;23.0;97.0;3.0;0.3896;nenhum
35130904;SAO CARLOS INSTITUTO EDUCACIONAL ENSINO MEDIO;3548906;594.0500000000001;28.0;32.0;0.0;0.3893;nenhum
35482912;PARAMETROS COLEGIO;3550308;575.6506382978723;47.0;161.0;4.0;0.3891;nenhum
29343747;COLEGIO CARIZA;2925303;578.6774285714285;35.0;156.0;3.0;0.389;nenhum
41151780;COC SEMEADOR C - EM;4108304;581.9758333333333;24.0;126.0;3.0;0.3888;nenhum
35808702;WALDORF VEREDAS ESCOLA ASSOCIATIVA;3509502;581.9026666666666;20.0;70.0;3.0;0.3887;nenhum
35800077;DOM BOSCO DE ITAPETININGA COLEGIO;3522307;581.8765517241379;29.0;88.0;3.0;0.3884;nenhum
35125155;COLEGIO MARCONI UNIDADE VILA AUGUSTA;3518800;586.1393333333333;50.0;166.0;2.0;0.3874;nenhum
53009967;C OLIMPICO DE ENS;5300108;581.5541176470588;17.0;53.0;3.0;0.3866;nenhum
33074852;INSTITUTO JESUS EUCARISTICO;3304557;575.894;20.0;69.0;4.0;0.386;nenhum
35134260;REINALDO ANDERLINI PROF CENTRO EDUCACIONAL;3507506;581.3917647058823;17.0;51.0;3.0;0.386;nenhum
33190747;SOCIEDADE EDUCACIONAL DE VENCEDORES LTDA - COLEGIOTAMANDARE;3304557;581.6509523809524;28.0;93.0;2.0;0.3857;nenhum
35139336;TYTO ALBA COLEGIO;3507506;581.3651282051283;26.0;72.0;3.0;0.3857;nenhum
41163117;BOSCO COLOMBO C DEI EF M;4105805;565.1562318840579;23.0;87.0;5.0;0.3857;nenhum
29441064;COLEGIO CASTRO ALVES;2918407;575.7617647058823;34.0;129.0;4.0;0.3852;nenhum
35166686;ADVENTISTA DE AMERICANA ESCOLA;3501608;578.655632183908;58.0;267.0;4.0;0.3852;nenhum
35065134;SAGRADA FAMILIA INSTITUTO;3547809;589.1257142857143;14.0;36.0;2.0;0.3852;nenhum
15180310;COLEGIO EXATO;1501402;568.5993939393938;33.0;94.0;4.0;0.3849;nenhum
15170667;FEDERAL SISTEMA DE ENSINO;1501402;569.4289285714286;112.0;378.0;5.0;0.3848;nenhum
35106800;LUTERANO COLEGIO SAO PAULO;3550308;578.4327083333334;32.0;118.0;4.0;0.3835;nenhum
41366522;EVANGELICO JERUSALEM CEI EF M;4118204;569.1133333333333;12.0;101.0;5.0;0.3835;nenhum
31310735;COL CONEXAO;3136702;588.7903144654088;106.0;335.0;2.0;0.3832;nenhum
35128200;ESPACO POTENCIAL COLEGIO;3513009;578.3636021505376;124.0;568.0;4.0;0.3831;nenhum
35132123;OBJETIVO ABC CENTRO EDUCACIONAL ENSINO MEDIO UNIDADE 104;3547809;591.824641350211;79.0;267.0;1.0;0.3824;nenhum
35112884;ESCOLA DE EDUCACAO BASICA E PROFISSIONAL FUNDACAO BRADESCO;3509502;571.5328455284554;82.0;371.0;4.0;0.3821;nenhum
35101011;ADVENTISTA DE TUCURUVI COLEGIO;3550308;585.3205555555555;36.0;140.0;2.0;0.3821;nenhum
35101618;REDE DECISAO UNIDADE FATIMA;3550308;578.232037037037;54.0;236.0;4.0;0.3819;nenhum
51089491;COLEGIO ALTERNATIVO - SOCIEDADE EDUCACIONAL MARINGA LTDA;5107909;575.458596491228;76.0;215.0;4.0;0.3819;nenhum
35567929;ESCOPO COLEGIO;3534401;584.0404545454545;44.0;127.0;3.0;0.3818;nenhum
35119209;INOVACAO COLEGIO UNIDADE I;3550308;588.485;24.0;91.0;2.0;0.3815;nenhum
33060266;INST DE ED PAULO DE TARSO;3303500;575.41;12.0;37.0;4.0;0.3814;nenhum
35395754;POLICIA MILITAR COLEGIO DA UNIDADE SANTO ANDRE;3547809;588.48;11.0;55.0;2.0;0.3813;nenhum
35151452;TABOAO CENTRO EDUCACIONAL;3548708;588.0966666666667;20.0;66.0;1.0;0.3813;nenhum
41131711;COLEGIO NOSSA SENHORA DO SAGRADO CORACAO;4106902;572.359393939394;11.0;63.0;4.0;0.3809;nenhum
42123682;COLEGIO UNIVERSITARIO CRICIUMA LTDA;4204608;568.5907936507936;21.0;87.0;5.0;0.3808;nenhum
33049416;ESC VENANCIO PEREIRA VELLOSO;3301702;577.8383333333333;12.0;54.0;4.0;0.3804;nenhum
35152961;COLEGIO UNIQUE;3511102;587.867619047619;21.0;88.0;1.0;0.3803;nenhum
35144745;ADVENTISTA COLEGIO DE VILA YARA;3534401;580.3802469135803;81.0;403.0;3.0;0.3801;nenhum
35139506;ADVENTISTA DE TATUI COLEGIO;3554003;580.3704761904762;28.0;156.0;3.0;0.3799;nenhum
35481609;CENTRO EDUCACIONAL OBJETIVO DO LITORAL UNIDADE V;3548500;583.7810884353742;49.0;279.0;3.0;0.3796;nenhum
35107591;ELLEN G WHITE ADVENTISTA COLEGIO;3550308;583.7689125295509;141.0;547.0;3.0;0.3794;nenhum
35007102;CAMINO SCHOOL;3550308;575.0284210526315;19.0;66.0;4.0;0.3793;nenhum
22015701;UNIDADE ESCOLAR ALCENOR CANDEIRA;2207702;588.0983333333334;12.0;49.0;2.0;0.3789;nenhum
51071673;ASSOCIACAO EDUCACIONAL DALILO SANTO POLESSO;5108402;583.4852173913043;23.0;80.0;1.0;0.3787;nenhum
35465963;INSTITUTO DE EDUCACAO CIENCIAS E LETRAS ZONA NORTE;3552205;592.2765501165501;143.0;507.0;0.0;0.3786;nenhum
35006070;COLEGIO PADRE JOAO BAGOZZI OURINHOS;3534708;588.0432258064516;31.0;99.0;2.0;0.3783;nenhum
42151775;SOCIEDADE AVANTIS DE ENSINO E ESCOLA DE AVIACAO CIVIL LTDA;4202008;568.0633333333334;12.0;142.0;5.0;0.378;nenhum
33129005;CURSO DE APLICACAO UNIVERSITARIA LTDA;3304557;580.2806666666667;30.0;122.0;2.0;0.3779;nenhum
33142645;CENTRO EDUC PROFESSOR ELIAS;3305208;577.0635714285714;28.0;144.0;3.0;0.3778;nenhum
35124459;SATELITE COLEGIO;3550308;583.5253333333333;30.0;165.0;3.0;0.3778;nenhum
52079872;COLEGIO FUNDACAO BRADESCO;5201405;570.9274193548387;62.0;222.0;4.0;0.3778;nenhum
41387538;COLEGIO STELLA MARIS;4106902;574.8295238095238;21.0;68.0;4.0;0.3777;nenhum
29392349;COL S FRANCISCO-CONG DAS RELIG FRANCISCANAS IMAC;2900702;571.4427777777778;36.0;132.0;5.0;0.3775;nenhum
33195960;CENTRO EDUCACIONAL SILVA SOARES LTDA;3300704;587.2158974358974;13.0;71.0;1.0;0.3775;nenhum
11003081;INSTITUTO LAURA VICUNA;1100205;567.9369696969696;33.0;104.0;5.0;0.3772;nenhum
33065268;COLEGIO DIVINA PROVIDENCIA;3304557;567.9246153846154;13.0;72.0;5.0;0.377;nenhum
43121888;COLEGIO CENTENARIO;4316907;564.4095238095239;14.0;33.0;5.0;0.3769;nenhum
33183368;COLEGIO E CURSO MATRIZ EDUCACAO;3304557;587.0163369963369;91.0;535.0;1.0;0.3762;nenhum
33089035;COLEGIO DE APLICACAO DOM HELDER CAMARA;3304904;564.2563636363636;22.0;62.0;5.0;0.3758;nenhum
35185565;BETEL BRASILEIRO COLEGIO;3550308;574.6207407407408;27.0;102.0;4.0;0.3758;nenhum
35135021;POTY ESCOLA;3550308;590.495;12.0;54.0;1.0;0.3757;nenhum
22141901;COLEGIO SAO JUDAS TADEU - DIRCEU;2211001;584.3062626262627;33.0;155.0;2.0;0.3756;nenhum
33195757;ELITE REDE DE ENSINO BONSUCESSO;3304557;579.8001449275363;46.0;263.0;2.0;0.3755;nenhum
35101813;SAO FRANCISCO DE ASSIS COLEGIO;3550308;583.11;10.0;47.0;3.0;0.3755;nenhum
35567863;MONACO COLEGIO;3557006;583.1044444444445;18.0;105.0;3.0;0.3751;nenhum
35108601;ALEXANDRE VENANCIO ARMINAS MONS COLEGIO;3529401;579.4824390243903;41.0;160.0;3.0;0.375;nenhum
22022899;COOP EDUC BASICA DO PIAUI;2211001;575.8542857142858;21.0;48.0;3.0;0.3749;nenhum
35197397;ADONAI COLEGIO;3518800;577.1058823529411;17.0;66.0;4.0;0.3749;nenhum
51073315;COLEGIO EUCARISTICO DE CUIABA;5103403;588.3345454545455;11.0;69.0;0.0;0.3749;nenhum
33066540;COL BATISTA SHEPARD;3304557;573.0207142857142;28.0;151.0;3.0;0.3747;nenhum
26191423;COLEGIO ELO;2607901;576.5304081632653;98.0;175.0;3.0;0.3746;nenhum
28007042;COLEGIO MONTEIRO LOBATO;2802908;588.2416;25.0;63.0;0.0;0.3744;nenhum
35140880;ISAAC NEWTON SIR COLEGIO;3550308;567.4933333333333;58.0;239.0;5.0;0.3741;nenhum
35307592;SOLUCAO MASTER COLEGIO;3550308;579.4;38.0;156.0;3.0;0.374;nenhum
35159244;UNIVERSAL STAR COLEGIO;3534401;575.7185714285714;14.0;61.0;3.0;0.3738;nenhum
35116014;COLEGIO CATANDUVA;3511102;576.8934959349593;41.0;132.0;4.0;0.3737;nenhum
24080462;COLEGIO E CURSO GENESIS LTDA ME;2403251;563.8712;25.0;110.0;5.0;0.3736;nenhum
41152689;COLEGIO E CURSO ACESSO;4104204;576.8772549019608;34.0;97.0;4.0;0.3736;nenhum
43056180;COLEGIO MARISTA NOSSA SENHORA MEDIANEIRA;4307005;576.4501449275361;23.0;137.0;3.0;0.3735;nenhum
15166236;COLEGIO PROF ANTONIO LEITE;1502400;586.9974297188755;83.0;172.0;2.0;0.3734;nenhum
26135811;COLEGIO 2001 ANEXO I;2609600;576.7965517241379;29.0;88.0;4.0;0.3734;nenhum
35152407;PRIMEIRO MUNDO COLEGIO;3552205;563.5979166666667;16.0;72.0;5.0;0.3723;nenhum
29480370;COLEGIO ADVENTISTA DE LUIS EDUARDO MAGALHAES;2919553;567.0978947368421;19.0;147.0;5.0;0.3721;nenhum
33193053;COLEGIO E CURSO PROGRESSAO;3304557;574.0331578947367;38.0;189.0;4.0;0.3718;nenhum
41063376;SANTANA COL ENS FUND ENS MED EDUC PROFIS;4119905;567.0153623188405;69.0;275.0;5.0;0.3716;nenhum
41131304;COLEGIO MODELO DO PARANA - C-EI EF M;4106902;583.6205797101449;23.0;130.0;2.0;0.3715;nenhum
35108182;ADVENTISTA DE GUARULHOS ESCOLA;3518800;573.8925;64.0;228.0;4.0;0.3714;nenhum
31365904;COLEGIO ECCELLENTE - UNIDADE PALMARES;3106200;585.5184615384616;13.0;44.0;1.0;0.3712;nenhum
33180458;COLEGIO EVANGELICO ESPORTIVO VIEIRA AGUIAR;3304557;578.935652173913;23.0;73.0;3.0;0.371;nenhum
21010200;COLEGIO ADVENTISTA DE SAO LUIS;2111300;562.4701257861635;106.0;371.0;5.0;0.3709;nenhum
35116853;NOROESTE INSTITUTO;3506508;566.97;32.0;117.0;5.0;0.3709;nenhum
22268715;COLISEU CENTRO EDUCACIONAL;2211001;578.9314285714287;14.0;51.0;3.0;0.3708;nenhum
33152721;COLEGIO CURSO PEC;3302858;572.9571428571429;42.0;150.0;4.0;0.3706;nenhum
33199876;NOVO ENSINO COLEGIO E CURSO LTDA;3303500;577.8621705426357;43.0;221.0;3.0;0.37;nenhum
31005371;COL COTEMIG BARROCA;3106200;578.7203434343434;165.0;680.0;3.0;0.3697;nenhum
42068665;COLEGIO CENECISTA PEDRO ANTONIO FAYAL;4208203;570.1984615384615;13.0;38.0;5.0;0.3697;nenhum
21273588;ESCOLA RENASCER KIDS - COLEGIO PRASSI;2111201;578.9826086956522;23.0;61.0;2.0;0.3696;nenhum
31236934;INSTITUTO EROS GUSTAVO;3118601;582.3082352941176;17.0;73.0;2.0;0.3696;nenhum
26075431;COLEGIO DIOCESANO DE GARANHUNS;2606002;583.287619047619;42.0;171.0;2.0;0.3694;nenhum
35176588;PORTINARI INSTITUTO EDUCACIONAL;3550308;566.7214285714285;42.0;182.0;5.0;0.3693;nenhum
27016439;COLEGIO NOSSA SENHORA ROSA MISTICA;2700300;583.2658461538462;65.0;186.0;2.0;0.3691;nenhum
35583443;COLEGIO ADVENTISTA PIRAJUCARA;3515004;562.2951746031746;105.0;487.0;5.0;0.3691;nenhum
35144320;VERDE QUE TE QUERO VERDE ESCOLA;3551009;586.275;16.0;53.0;2.0;0.3691;nenhum
32038526;COLEGIO PIO XII;3205200;566.5988095238096;28.0;84.0;5.0;0.3687;nenhum
29468329;COLEGIO ADVENTISTA DE LAURO DE FREITAS;2919207;573.4535416666666;32.0;116.0;4.0;0.3685;nenhum
43108130;COLEGIO ACM CENTRO;4314902;563.0;20.0;69.0;5.0;0.3685;nenhum
33114510;COLEGIO SAN DIEGO LTDA;3304557;569.2996363636364;55.0;218.0;4.0;0.3684;nenhum
41159136;COLEGIO ESIC - ENSINO MEDIO;4106902;566.4683040935672;57.0;264.0;5.0;0.3682;nenhum
53017315;C EDUCACIONAL LOGOS;5300108;573.4093333333334;25.0;93.0;4.0;0.3682;nenhum
24083186;CDF COLEGIO E CURSO;2408102;576.0686222222222;75.0;244.0;4.0;0.368;nenhum
41377567;FAG CEI EF M;4104808;566.38;26.0;181.0;5.0;0.3679;nenhum
35137650;COLEGIO SAO CARLOS;3548708;583.0717730496453;47.0;188.0;2.0;0.3678;nenhum
14007274;COLEGIO CATHEDRAL;1400100;562.8818181818182;11.0;103.0;5.0;0.3677;nenhum
23073012;DARWIN COLEGIO;2304400;578.5249462365592;62.0;231.0;3.0;0.3676;nenhum
23077409;SALOME BASTOS COLEGIO;2304400;575.7477419354839;31.0;104.0;2.0;0.3673;nenhum
26440733;COLEGIO UNICO UNIDADE SANTO AMARO;2611606;586.0460869565217;23.0;75.0;2.0;0.3673;nenhum
35134314;ADVENTISTA DE HORTOLANDIA COLEGIO;3519071;582.8877192982457;19.0;100.0;2.0;0.3671;nenhum
35004693;ESCOLA PROJETO VIDA - UNIDADE ENSINO MEDIO;3550308;586.013;20.0;99.0;2.0;0.3671;nenhum
33066477;COLEGIO ADVENTISTA DA TIJUCA;3304557;568.8696124031007;43.0;223.0;4.0;0.3667;nenhum
41070887;COLEGIO ADVENTISTA - EDUCACAO INFANTIL ENSINO FUNDAMENTAL E MEDIO;4104808;561.8015384615384;39.0;175.0;5.0;0.3662;nenhum
35477175;BATALHA COLEGIO;3550308;575.5185714285715;14.0;70.0;3.0;0.366;nenhum
32083386;ESCOLA NOVO MILENIO;3205200;575.7764705882353;17.0;88.0;4.0;0.3659;nenhum
35118758;DOMINANTE COLEGIO;3550308;573.0177777777777;18.0;96.0;4.0;0.3658;nenhum
15150542;ESCOLA MADRE ZARIFE SALES;1501402;569.812;25.0;104.0;4.0;0.3656;nenhum
35287544;FRANCANO COLEGIO;3516200;586.4986666666666;15.0;45.0;0.0;0.365;nenhum
31145700;INSTITUTO ALICE MACIEL;3167202;572.9363636363637;11.0;59.0;4.0;0.3648;nenhum
33061629;CENTRO EDUC BETEL MATRIZ;3304144;562.4106451612903;62.0;255.0;5.0;0.3648;nenhum
33456232;SOCIEDADE EDUCACIONAL PAULO FREIRE;3304557;581.0593333333334;20.0;98.0;3.0;0.3645;nenhum
32063440;NEP NUCLEO EDUCACIONAL PIAGET;3205200;572.7730555555555;24.0;92.0;4.0;0.3642;nenhum
52105903;CNM - COLEGIO NOVO MILENIO;5208707;580.636;20.0;69.0;1.0;0.3634;nenhum
26110105;YAPOATAM COLEGIO E CURSO LTDA;2607901;577.6481481481482;27.0;86.0;3.0;0.3629;nenhum
53017900;COL OBJETIVO DF - UNIDADE III;5300108;582.1330188679245;106.0;355.0;2.0;0.3628;nenhum
27255018;COLEGIO SAGRADA FAMILIA;2700300;582.068275862069;29.0;85.0;2.0;0.3625;nenhum
35258039;TOBIAS DE AGUIAR COLEGIO;3550308;585.26;12.0;65.0;2.0;0.3622;nenhum
35184949;ELSHADAY COLEGIO;3548708;585.2339393939394;88.0;363.0;2.0;0.3619;nenhum
21180415;CE APRENDER PENSANDO;2101400;565.2324242424243;22.0;90.0;5.0;0.3614;nenhum
35123080;JAIME KRATZ INSTITUTO EDUCACIONAL;3509502;575.2681300813008;41.0;185.0;4.0;0.3613;nenhum
25092448;CENTRO DE ENSINO DECISAO LTDA;2507507;561.8673939393939;55.0;281.0;5.0;0.3612;nenhum
13025082;INSTITUICOES EDUCACIONAIS NELLY FALCO DE SOUZA - LTDA;1302603;561.0690476190476;14.0;76.0;5.0;0.3611;nenhum
15549704;COLEGIO ASPECTO EIRELI;1500800;587.864126984127;42.0;129.0;1.0;0.3607;nenhum
53004418;COLE ADVENTISTA DE TAGUATINGA;5300108;577.3217708333333;64.0;215.0;3.0;0.3605;nenhum
35125465;TECNO SERT COLEGIO;3551702;581.5911111111111;18.0;68.0;2.0;0.3603;nenhum
31210048;COL COTEMIG FLORESTA;3106200;577.2719117647058;136.0;653.0;3.0;0.3602;nenhum
52087468;COLEGIO META;5208707;564.9447619047619;21.0;63.0;5.0;0.3601;nenhum
15180999;RB EDUCACIONAL PEDRO MIRANDA;1501402;577.4514893617021;47.0;162.0;2.0;0.3599;nenhum
33100926;COLEGIO VERITAS;3304557;577.2146666666666;15.0;35.0;3.0;0.3595;nenhum
23072741;JOVINIANO BARRETO COLEGIO MONSENHOR;2304400;580.218947368421;19.0;67.0;3.0;0.3594;nenhum
35136876;UNIVERSO COLEGIO;3541000;580.105873015873;42.0;135.0;3.0;0.3592;nenhum
31278912;CENTRO EDUCACIONAL NOSSO LAR;3103504;564.7057142857143;35.0;141.0;5.0;0.3591;nenhum
35100547;COLEGIO NOSSA SENHORA CONSOLATA;3550308;564.6515151515151;33.0;121.0;5.0;0.3587;nenhum
29179580;CENTRO EDUCACIONAL NOSSA SRA DO RESGATE;2927408;571.7258333333333;16.0;81.0;4.0;0.3583;nenhum
35116385;ADVENTISTA DE SAO JOSE DO RIO PRETO COLEGIO DE EFM;3549805;578.184144144144;37.0;178.0;2.0;0.3583;nenhum
33071632;COL HELIO ALONSO;3304557;556.457543859649;19.0;55.0;5.0;0.3579;nenhum
33082472;COLEGIO ADVENTISTA DE CAMPO GRANDE;3304557;579.7676388888889;48.0;190.0;1.0;0.3576;nenhum
53016599;COL OBJETIVO DF - UNIDADE VII;5300108;571.546;70.0;275.0;4.0;0.3576;nenhum
35119660;COLEGIO PRESTES MAIA;3534401;574.7109333333333;25.0;90.0;4.0;0.3573;nenhum
23268506;COLEGIO DOM FELIPE;2304400;579.7781481481481;54.0;217.0;3.0;0.357;nenhum
15167259;CENTRO EDUCACIONAL IKETANI E LIBONATI;1501402;574.66;35.0;123.0;4.0;0.3569;nenhum
15164519;COLEGIO SOMATORIO LTDA ME;1501402;571.4993548387097;31.0;69.0;4.0;0.3569;nenhum
33083770;COLEGIO VICTORIA CASTRO LTDA-ME;3304557;580.9053333333334;15.0;73.0;2.0;0.3569;nenhum
35117365;SESI 280 CENTRO EDUCACIONAL;3504008;570.6;24.0;92.0;4.0;0.3569;nenhum
35010226;CERP ENSINO MEDIO LTDA;3549805;584.4814814814815;27.0;115.0;2.0;0.3566;nenhum
35287581;REDE DECISAO UNIDADE SAO PAULO MOOCA;3550308;580.8659259259259;45.0;173.0;2.0;0.3566;nenhum
22025448;ESCOLA SANTA ANGELICA LTDA;2211001;576.9092063492064;21.0;49.0;2.0;0.3562;nenhum
13025376;COLEGIO ADVENTISTA DA ALVORADA;1302603;571.2662666666666;75.0;376.0;4.0;0.3556;nenhum
29483999;COLEGIO ANA TEREZA;2927408;586.6166666666667;12.0;44.0;1.0;0.3552;nenhum
35102465;CAMPOS SALLES COLEGIO UNIDADE I;3550308;580.5783333333334;12.0;107.0;2.0;0.3547;nenhum
35113281;PADRE ANCHIETA ESCOLAS;3525904;580.5477876106194;113.0;567.0;2.0;0.3544;nenhum
52096807;COLEGIO VERITAS II;5201405;576.476;20.0;68.0;3.0;0.3543;nenhum
29441676;COLEGIO AUGUSTO COMTE;2927408;570.981;20.0;87.0;4.0;0.3535;nenhum
35112392;ADVENTISTA DE BRAGANCA PAULISTA COLEGIO;3507605;570.9411904761904;28.0;204.0;4.0;0.3532;nenhum
29422370;CEMA;2905701;570.9283660130719;51.0;128.0;4.0;0.353;nenhum
33051828;CENTRO EDUCACIONAL MANILHENSE;3301900;576.2811764705883;17.0;92.0;3.0;0.353;nenhum
33090777;COLEGIO RUI BARBOSA;3304904;579.1608;25.0;148.0;3.0;0.3528;nenhum
35150484;COLEGIO E ESCOLA TECNICA DA FUNDACAO;3505500;583.6935555555556;15.0;59.0;2.0;0.3526;nenhum
15175065;COLEGIO PREMIUM AUGUSTO MONTENEGRO;1501402;570.8408695652174;46.0;143.0;4.0;0.3524;nenhum
33089191;COL ODETE SAO PAIO;3304904;567.0504347826087;46.0;139.0;5.0;0.3523;nenhum
50012487;EXITUS SISTEMA DE ENSINO;5008305;573.9629166666667;24.0;117.0;4.0;0.3522;nenhum
32035217;CENTRO EDUCACIONAL SAO GERALDO;3201308;563.4822222222223;21.0;65.0;5.0;0.352;nenhum
41147014;EFETIVO COLEGIO EDUCACAO INFANTIL E ENS FUND E MEDIO;4106902;570.7611111111111;12.0;51.0;4.0;0.3519;nenhum
35142505;MZ TRILINGUAL SCHOOL;3550308;573.8680701754387;19.0;94.0;4.0;0.3518;nenhum
51042371;COLEGIO EXITUS EIRELI-ME;5108402;570.7107692307692;26.0;98.0;4.0;0.3518;nenhum
33186910;COLEGIO E CURSO SAMARITANO;3304557;582.1339393939394;33.0;122.0;1.0;0.3516;nenhum
52086488;COLEGIO JR;5208707;579.172;20.0;59.0;2.0;0.3515;nenhum
26234610;EDUCANDARIO PAULO FREIRE;2603454;570.5581818181819;11.0;65.0;4.0;0.351;nenhum
53017439;COL PROMOVE DE BRASILIA;5300108;567.08;11.0;80.0;4.0;0.3509;nenhum
29447674;INSTITUTO TRANCOSO;2925303;562.6479999999999;20.0;86.0;4.0;0.3508;nenhum
22028790;UNID ESC PARQUE PIAUI UNESPP;2211001;563.307;20.0;58.0;5.0;0.3507;nenhum
35810575;NOVA GERACAO COLEGIO;3522505;566.8740952380953;35.0;159.0;5.0;0.3507;nenhum
35140910;EDUCARE COLEGIO;3548708;583.4433333333333;12.0;63.0;2.0;0.3506;nenhum
35101333;NOSSA SENHORA AUXILIADORA INSTITUTO;3550308;575.9418181818181;22.0;80.0;3.0;0.3506;nenhum
31276413;ESCOLA DE FORMACAO GERENCIAL NOVA LIMA METODOLOGIA SEBRAE;3144805;569.505;56.0;199.0;4.0;0.3504;nenhum
33140626;SISTEMA ELITE DE ENSINO - MADUREIRA 1;3304557;581.7379926335175;181.0;335.0;1.0;0.3497;nenhum
41150635;BOSCO DE MARINGA II C DEM;4115200;579.7159999999999;35.0;129.0;2.0;0.3495;nenhum
43107613;INSTITUTO SAO FRANCISCO PALLOTTI;4314902;559.659012345679;27.0;84.0;5.0;0.3495;nenhum
23185244;LUIZA TAVORA LTDA COLEGIO;2304400;558.4883333333333;24.0;74.0;5.0;0.3492;nenhum
35115484;COLEGIO T C ATHENA;3506003;570.2948148148148;27.0;82.0;4.0;0.3489;nenhum
35130540;POLICIA MILITAR COLEGIO DA;3550308;562.9786206896551;29.0;182.0;5.0;0.3488;nenhum
25266942;COLEGIO MUNDO DAS LETRAS E EXATO COLEGIO E CURSOS;2507507;573.381935483871;31.0;131.0;4.0;0.3486;nenhum
35173903;SIMETRIA COLEGIO;3518800;578.55;14.0;37.0;3.0;0.3485;nenhum
35144733;PRISMA COLEGIO;3534401;583.103137254902;51.0;183.0;2.0;0.3485;nenhum
31380342;COLEGIO ALCEU COTTA - UNIDADE JARDIM ATLANTICO;3106200;565.5240909090909;44.0;175.0;4.0;0.3482;nenhum
35810617;BRASIL COLEGIO;3550308;575.6647368421052;38.0;116.0;3.0;0.3482;nenhum
13029860;CESF - CENTRO EDUCACIONAL SAO FRANCISCO;1302603;562.8515555555556;15.0;50.0;5.0;0.348;nenhum
24080837;ESCOLA BOA IDEIA;2408102;576.492;15.0;39.0;2.0;0.348;nenhum
15173135;COLEGIO ALICERCE;1505536;576.4864646464647;66.0;244.0;2.0;0.3478;nenhum
33197946;SANTA MONICA REDE DE ENSINO NILOPOLIS;3303203;565.4475862068965;29.0;135.0;4.0;0.3477;nenhum
52100553;CENTRO EDUCACIONAL DESAFIO EIRELI - ME;5208707;570.0088888888889;24.0;128.0;4.0;0.3476;nenhum
24078131;COLEGIO DEGRAUS DO SABER;2408102;566.5606451612904;31.0;117.0;4.0;0.3474;nenhum
23243163;ATENEU DO CEARA COLEGIO;2304400;562.6854545454546;11.0;51.0;5.0;0.3472;nenhum
33135746;COLEGIO MV1 SAO GONCALO;3304904;569.9502325581395;43.0;156.0;4.0;0.3471;nenhum
33115699;COLEGIO EQUIPE 1;3304904;579.3333333333334;12.0;76.0;2.0;0.3469;nenhum
35115307;DOMUS VIVENDI COLEGIO;3550308;582.8;31.0;78.0;2.0;0.3469;nenhum
53017862;COL OBJETIVO DF - UNIDADE VI;5300108;569.9216410256411;65.0;246.0;4.0;0.3468;nenhum
35141483;MESQUITA COLEGIO;3550308;569.8229166666666;48.0;174.0;4.0;0.3462;nenhum
23280859;CSH COLEGIO SILVIA HELENA;2304400;569.76;10.0;63.0;4.0;0.3459;nenhum
35108741;ADVENTISTA SANTO ANDRE COLEGIO;3547809;582.4582795698925;93.0;391.0;2.0;0.3456;nenhum
33191816;COLEGIO CURSO FALCON;3304557;575.1065917602996;89.0;380.0;1.0;0.3452;nenhum
41162269;E ADVENTISTA AFONSO PENA EI EF;4125506;572.844;25.0;170.0;4.0;0.3452;nenhum
35811476;OBJETIVO CENTRO INTEGRADO DE EDUCACAO UNIDADE CAMPESTRE;3547809;586.4116049382716;81.0;321.0;0.0;0.3451;nenhum
35139312;ADVENTISTA DE SAO JOSE DOS CAMPOS COLEGIO;3549904;575.2360714285714;56.0;287.0;3.0;0.3449;nenhum
35102088;VILA MATILDE COLEGIO ADVENTISTA DE;3550308;575.2245887445888;77.0;310.0;3.0;0.3445;nenhum
35130916;COB DIADEMA SERVICOS LTDA;3513801;585.0618181818182;11.0;51.0;1.0;0.3442;nenhum
35006977;ESCOLA SAINT MARY S SCHOOL;3548500;578.8791228070176;19.0;66.0;2.0;0.344;nenhum
25107909;ESPACO EDUCACIONAL CARMELA VELOSO LTDA;2504009;578.8271428571428;14.0;78.0;2.0;0.3439;nenhum
33138087;COLEGIO CURSO PREPARATORIO PRIORIDADE HUM MADUREIRA LTDA;3304557;558.4526829268293;41.0;124.0;5.0;0.3436;nenhum
33326207;CENTRO EDUCACIONAL GOMES PEREIRA;3303302;572.0321739130435;23.0;60.0;3.0;0.3435;nenhum
35102124;COLEGIO BOM JESUS VICENTE PALLOTTI;3550308;575.0098039215686;34.0;100.0;3.0;0.3434;nenhum
13064215;COLEGIO ADVENTISTA PAUL BERNARD;1302603;575.2258823529412;34.0;225.0;2.0;0.3432;nenhum
35165967;CORACAO DE MARIA INSTITUTO EDUCACIONAL;3518800;575.8773333333334;15.0;76.0;2.0;0.3432;nenhum
25135660;COLEGIO BALAO MAGICO;2504009;578.7180000000001;10.0;39.0;2.0;0.3431;nenhum
35568028;ALTERNATIVO COLEGIO;3519071;577.602;10.0;48.0;3.0;0.3429;nenhum
33125023;COL EVANG ALMEIDA BARROS;3300456;569.031;10.0;111.0;4.0;0.3425;nenhum
32070276;CE MUNDO MODERNO;3201308;574.830606060606;22.0;95.0;3.0;0.3421;nenhum
35143571;NICOLAU KERPEN COLEGIO;3550308;578.625;20.0;73.0;2.0;0.3421;nenhum
33196826;COLEGIO E CURSO ZEROHUM ITABORAI;3301900;578.6179310344827;29.0;148.0;2.0;0.342;nenhum
35156231;SAINT CLAIR COLEGIO;3550308;570.916111111111;48.0;196.0;3.0;0.3419;nenhum
13079220;COLEGIO NOSSA SENHORA DO ROSARIO;1301902;581.2600000000001;33.0;132.0;1.0;0.3418;nenhum
26175207;COLEGIO SANTA CLARA;2607901;577.4375;16.0;95.0;3.0;0.3418;nenhum
35429259;MAO AMIGA COLEGIO;3522208;577.6081481481482;54.0;165.0;2.0;0.3416;nenhum
35063332;LICEU JOSE DE ALENCAR;3550308;572.2820833333334;16.0;97.0;4.0;0.3416;nenhum
33161860;INSTITUTO NOVA VIDA DE EDUCACAO E CULTURA;3304904;570.7776470588236;17.0;65.0;3.0;0.3413;nenhum
35161238;PIRITUBANO INSTITUTO EDUCACIONAL;3550308;568.7235294117646;17.0;76.0;4.0;0.3411;nenhum
35481105;POLICIA MILITAR COLEGIO DA;3534401;578.4455;40.0;127.0;2.0;0.341;nenhum
23245468;COLEGIO DE ENSINO MEDIO JOSE DE ALENCAR SC LTDA;2304400;574.71;46.0;153.0;3.0;0.3409;nenhum
53007611;COL TIRADENTES;5300108;571.5171014492754;23.0;102.0;3.0;0.3408;nenhum
33015520;CENTRO EDUCACIONAL SOUZA;3302403;574.6859999999999;30.0;96.0;3.0;0.3407;nenhum
35174836;OBJETIVO DE SANTA BARBARA DOESTE COLEGIO;3545803;568.5999999999999;18.0;64.0;4.0;0.3406;nenhum
35131982;OBJETIVO DE CAMPINAS COLEGIO UNIDADE CAMBUI;3509502;577.2534814814815;45.0;195.0;3.0;0.3404;nenhum
35431459;MDB SANTA MARIA;3550308;572.0109677419355;31.0;144.0;4.0;0.34;nenhum
35101643;COLEGIO NOSSA SENHORA APARECIDA;3550308;574.6144186046512;43.0;149.0;3.0;0.3399;nenhum
52031799;COLEGIO DE APLICACAO ALFREDO NASSER;5201405;560.9552380952381;21.0;116.0;4.0;0.3398;nenhum
33148627;COLEGIO NACIONAL;3304557;567.6452380952381;42.0;143.0;4.0;0.3396;nenhum
42136776;CENTRO DE ED ELCANA;4211900;578.278431372549;17.0;105.0;2.0;0.3396;nenhum
52048977;ESCOLA RIO BRANCO LTDA;5221858;571.2691666666667;24.0;84.0;3.0;0.3395;nenhum
25097938;INSTITUTO EDUCACIONAL SANTOS DUMONT LTDA;2507507;574.5563888888888;24.0;109.0;3.0;0.3394;nenhum
41374010;COLEGIO ADVENTISTA CENTENARIO - EIEFM;4106902;565.0306666666667;50.0;218.0;4.0;0.3394;nenhum
35152511;SALMISTA COLEGIO;3550308;571.2478260869565;23.0;71.0;3.0;0.3392;nenhum
26441713;EXATO COLEGIO E CURSO CARUARU LTDA;2604106;577.1295238095238;21.0;113.0;0.0;0.3386;nenhum
26187507;COLEGIO E CURSO DESAFIO;2611606;564.8647435897436;52.0;136.0;4.0;0.3383;nenhum
35121447;CLEMENTE PAVAN COLEGIO;3519071;576.9090322580645;31.0;120.0;3.0;0.3382;nenhum
35143959;CERTUS COLEGIO;3550308;568.1864069264069;77.0;293.0;4.0;0.3382;nenhum
43003761;ESCOLA EXITO;4300604;557.4358620689655;29.0;121.0;5.0;0.3379;nenhum
35137066;SERGIO BUARQUE DE HOLANDA COLEGIO;3550308;577.8395555555555;15.0;53.0;2.0;0.3378;nenhum
35133772;ADELIA CAMARGO CORREA COLEGIO DE EFM;3518701;574.1984362139917;81.0;319.0;3.0;0.3375;nenhum
35123511;ELITE REDE DE ENSINO;3547809;577.8025;32.0;179.0;2.0;0.3373;nenhum
35449748;COSTA AGUIAR COLEGIO;3550308;577.6692307692308;39.0;158.0;2.0;0.337;nenhum
33198993;COLEGIO OBJETIVO CABO FRIO;3300704;567.9878571428571;28.0;124.0;4.0;0.3369;nenhum
33111260;CENTRO EDUCACIONAL PINHEIROS;3303500;557.2133333333334;14.0;67.0;5.0;0.3366;nenhum
23071923;JOAO PEDRO DE SEXTO INSTITUTO FREI;2304400;567.8168421052632;19.0;72.0;4.0;0.3357;nenhum
22254722;COLEGIO SAO JUDAS TADEU;2211001;570.6964912280702;38.0;130.0;3.0;0.3354;nenhum
29198984;COLEGIO DE SAO BENTO;2927408;563.3457142857143;21.0;61.0;4.0;0.3353;nenhum
22144153;COLEGIO SAO JUDAS TADEU;2211001;573.7669696969697;22.0;67.0;3.0;0.3351;nenhum
29427347;COLEGIO ADVENTISTA DE CASTELO BRANCO;2927408;567.7729166666667;48.0;168.0;4.0;0.335;nenhum
25124528;COLEGIO POLIGONO EDUCACIONAL LTDA;2507507;574.7738461538462;52.0;177.0;2.0;0.3346;nenhum
35400336;GARDHON BANDEIRAS COLEGIO;3518800;576.33375;16.0;65.0;3.0;0.3339;nenhum
35108736;ETIP MASTER CENTRO EDUCACIONAL;3547809;573.64125;48.0;216.0;3.0;0.3337;nenhum
53014847;COL DO SOL;5300108;554.1457264957265;39.0;112.0;5.0;0.3336;nenhum
33068534;COLEGIO NOSSA SENHORA DE LOURDES;3304557;567.4680000000001;10.0;38.0;4.0;0.3333;nenhum
51088363;COLEGIO IDEAL;5107958;577.2164285714285;28.0;92.0;2.0;0.3332;nenhum
33092982;CENTRO EDUC JOSE DE ANCHIETA;3305109;560.2615151515151;22.0;65.0;5.0;0.3329;nenhum
35132160;ADVENTISTA SAO CAETANO DO SUL COLEGIO;3548807;580.0928205128205;26.0;141.0;2.0;0.3326;nenhum
29483964;COLEGIO CAT CONECT;2927408;580.0786666666667;25.0;71.0;2.0;0.3324;nenhum
35100808;NOVE DE JULHO COLEGIO UNIDADE I;3550308;560.1415315315315;74.0;327.0;5.0;0.3324;nenhum
29398053;ESCOLA DOM PEDRO II;2905701;563.6821052631578;19.0;75.0;4.0;0.3323;nenhum
29183790;EMPREENDIMENTOS EDUCACIONAIS SENHORA DE GUADALUPE;2927408;567.2434408602151;31.0;171.0;4.0;0.3318;nenhum
32073968;CE INTERACAO;3205200;556.1623529411764;17.0;56.0;5.0;0.3317;nenhum
35192661;ESQUEMA UNICO COLEGIO;3506003;580.8270588235293;68.0;209.0;0.0;0.3316;nenhum
12022969;ESC ASSOCIACAO MODELAR DE ENSINO A M E;1200401;556.0614285714286;28.0;109.0;5.0;0.3311;nenhum
43218687;COLEGIO PRACA XV;4314407;569.95;30.0;86.0;3.0;0.3308;nenhum
35004193;COLEGIO DOM BOSCO RIO CLARO;3543907;573.071875;32.0;137.0;3.0;0.3305;nenhum
35259238;TABLEAU COLEGIO;3510500;573.33;20.0;69.0;2.0;0.3304;nenhum
28017242;COLEGIO PIO DECIMO LTDA - EPP;2800308;573.0281081081081;37.0;132.0;3.0;0.3303;nenhum
22136398;COLEGIO ALSISTE;2211001;576.7226086956522;23.0;103.0;2.0;0.3302;nenhum
26112680;COLEGIO DE SAO BENTO DE OLINDA;2609600;563.3709090909091;33.0;144.0;4.0;0.3302;nenhum
31096326;COLEGIO BATISTA NORTE MINEIRO;3143302;559.7706666666667;25.0;155.0;5.0;0.3301;nenhum
43113656;ESC MEDIA SANTA MEDIANEIRA;4315602;563.3703703703703;27.0;96.0;4.0;0.33;nenhum
32038330;CENTRO EDUCACIONAL CONEXAO;3205200;563.3053333333334;15.0;51.0;4.0;0.3296;nenhum
29396379;COLEGIO EVANGELICO VIDA NOVA;2905701;579.564496124031;43.0;153.0;2.0;0.3295;nenhum
43105050;COLEGIO RAINHA DO BRASIL;4314902;555.5859999999999;30.0;143.0;5.0;0.3295;nenhum
28020863;COLEGIO EDIAL LTDA;2804805;563.2677777777777;18.0;59.0;4.0;0.3292;nenhum
35197269;POLICIA MILITAR COLEGIO DA;3518800;575.7064285714285;28.0;102.0;3.0;0.3292;nenhum
35805683;DAVILOHN COLEGIO;3518800;575.6472916666667;32.0;121.0;3.0;0.3283;nenhum
26128853;COLEGIO ADVENTISTA DO ARRUDA;2611606;572.7168115942029;46.0;179.0;3.0;0.328;nenhum
33203598;CENTRO DE ENSINO CAFA TEENS LTDA;3304557;575.6139393939394;22.0;102.0;3.0;0.328;nenhum
35100493;ELITE REDE DE ENSINO;3550308;579.2599176954733;81.0;288.0;2.0;0.3273;nenhum
33313210;SOCIEDADE DE ENSINO SANTANNA COUTINHO;3302502;569.272;15.0;66.0;3.0;0.3271;nenhum
33153477;COLEGIO CURSO DALTRO NETTO;3304557;559.064375;32.0;140.0;5.0;0.3271;nenhum
23165391;FCO DE ASSIS COLEGIO SAO;2307304;576.325;16.0;47.0;2.0;0.3267;nenhum
26137255;COLEGIO FERNANDO FERRARI;2610707;569.0921428571429;28.0;118.0;3.0;0.3266;nenhum
51058758;ESCOLA DE EDUCACAO BASICA E PROFISSIONAL FUNDACAO BRADESCO;5103403;561.9024444444444;60.0;194.0;4.0;0.3263;nenhum
31166375;COLEGIO NOSSA SENHORA DAS GRACAS;3170107;572.4936363636363;22.0;82.0;3.0;0.3262;nenhum
27056589;COLEGIO ALFA ENSINO FUNDAMENTAL E ENSINO MEDIO LTDA;2700300;576.183829787234;47.0;146.0;2.0;0.326;nenhum
33065993;COLEGIO BRASILEIRO SAO CHRISTOVAO;3304557;569.6684210526316;19.0;72.0;4.0;0.3258;nenhum
35568892;IMPERIO CHOCOLATE TEENS COLEGIO UNIDADE II;3550308;575.3079999999999;15.0;75.0;3.0;0.3257;nenhum
43214835;ESCOLA KYRIOS DE ENSINO FUNDAMENTAL E DE ENSINO MEDIO;4315602;568.8854761904762;28.0;57.0;3.0;0.3257;nenhum
15161625;NUCLEO EDUCACIONAL CRIATIVO;1501303;576.1084210526316;19.0;35.0;2.0;0.3256;nenhum
33394202;COLEGIO E CURSO ZEROHUM;3304557;558.5468852459016;61.0;225.0;5.0;0.3254;nenhum
24003492;INSTITUTO GURILANDIA;2408003;554.7032804232804;63.0;229.0;5.0;0.3253;nenhum
24344320;RENASCER COLEGIO E CURSO LTDA;2403251;568.8111111111111;18.0;73.0;3.0;0.3252;nenhum
29318653;COLEGIO ADVENTISTA DE EUNAPOLIS;2910727;565.9191919191919;33.0;142.0;4.0;0.325;nenhum
15174077;COLEGIO OLIMPUS;1501402;562.4648484848485;55.0;124.0;4.0;0.3248;nenhum
33138745;COOPERATIVA DE TRABALHO E SERVICOS EDUCACIONAIS SAO BENTO LTDA;3300100;575.9873333333333;10.0;50.0;2.0;0.3244;nenhum
35125817;ELITE REDE DE ENSINO UNIDADE II;3529401;572.0333838383838;66.0;314.0;3.0;0.3241;nenhum
25128213;NM SERVICOS DE ENSINO FUNDAMENTAL LTDA;2507507;562.3946153846153;26.0;102.0;4.0;0.3238;nenhum
35364125;MAJORE PAULA COLEGIO;3510609;565.6118181818182;22.0;80.0;4.0;0.3237;nenhum
41160258;ADVENTISTA PINHAIS E - EF;4119152;565.5847435897435;52.0;275.0;4.0;0.3235;nenhum
13026496;COLEGIO NOSSA SENHORA AUXILIADORA;1302603;552.8377777777778;18.0;87.0;5.0;0.3234;nenhum
35154581;PAULO FREIRE CENTRO CONVIVENCIA EDUCACIONAL;3518800;575.835;16.0;83.0;2.0;0.3233;nenhum
21199053;COLEGIO APRENDER COHATRAC CAC;2111300;569.0640000000001;20.0;47.0;4.0;0.3232;nenhum
35109356;ALVES COLEGIO;3525003;571.8976470588235;17.0;74.0;3.0;0.3232;nenhum
26075458;COLEGIO MONS ADELMAR DA MOTA VALENCA;2606002;568.275;24.0;164.0;3.0;0.3227;nenhum
35107608;ADVENTISTA CIDADE ADEMAR ESCOLA;3550308;561.965751633987;51.0;220.0;5.0;0.3227;nenhum
35154908;DESAFIO CENTRO EDUCACIONAL;3534401;561.3693981481481;144.0;533.0;4.0;0.3222;nenhum
35101965;ALVORADA COLEGIO;3550308;557.9988888888888;27.0;136.0;5.0;0.3222;nenhum
35290439;INOVANDO O APRENDIZADO INSTITUTO DE DESENVOLVIME EDUC IDEIA;3549904;567.3712;25.0;143.0;3.0;0.3218;nenhum
33166099;CENTRO INTEGRADO EDUCACIONAL E TECNICO CAMPOS;3301009;571.54375;16.0;128.0;3.0;0.3217;nenhum
35137418;WALDORF MICAEL DE SAO PAULO COLEGIO;3550308;561.9935294117647;34.0;132.0;4.0;0.3214;nenhum
35151907;AMERICO FRANCO INSTITUTO EDUCACIONAL;3539806;565.24375;16.0;62.0;4.0;0.321;nenhum
41129407;COLEGIO ADVENTISTA ALTO BOQUEIRAO - EIEFM;4106902;557.7642105263158;57.0;234.0;5.0;0.3209;nenhum
35008950;ESCOLA MAIS EDUCACAO SA;3550308;575.6011494252874;29.0;122.0;2.0;0.3208;nenhum
35806389;ARMANDO ZOLLNER ESCOLA UNIAO DE SISTEMA DE ENSINO FAZER;3518404;568.47;20.0;78.0;4.0;0.3207;nenhum
15223027;COLEGIO BETHEL 1;1505536;563.5098765432099;27.0;189.0;3.0;0.3205;nenhum
35300469;EDUCARE COLEGIO;3507605;565.1848717948718;26.0;136.0;4.0;0.3205;nenhum
42143063;COLEGIO VERDES MARES;4208203;575.548;20.0;68.0;2.0;0.3201;nenhum
35186259;OBJETIVO DO LITORAL CENTRO EDUCACIONAL UNIDADE VII;3518701;578.2492307692307;26.0;150.0;2.0;0.3198;nenhum
35165670;JOAQUIM MARIA MACHADO DE ASSIS COLEGIO;3550308;564.9407142857143;28.0;132.0;4.0;0.3194;nenhum
16007743;COLEGIO INTERGENIUS;1600303;557.5310204081633;49.0;149.0;5.0;0.3193;nenhum
33185433;COLEGIO FORCA MAXIMA DE DUQUE DE CAXIAS LTDA;3301702;575.4109523809524;42.0;238.0;2.0;0.3193;nenhum
41387155;COLEGIO E CURSO ACESSO;4125506;564.9348148148148;27.0;93.0;4.0;0.3192;nenhum
33193347;COLEGIO E CURSO APLICACAO;3304557;571.1659999999999;10.0;65.0;3.0;0.3189;nenhum
33102961;PROCREO CENTRO EST AS EMPR EVENTOS COMERCIO LTDA;3303401;577.578947368421;19.0;77.0;1.0;0.3188;nenhum
32065248;ESCOLA AMERICANO DOCTUM LARANJEIRAS - INSTITUTO ENSINAR BRASIL;3205002;561.5648484848484;33.0;114.0;4.0;0.3187;nenhum
33185000;LICEU SANTA MONICA;3303500;564.6941176470588;17.0;89.0;4.0;0.3184;nenhum
35509516;DOMUS MARIAE CENTRO EDUCACIONAL;3549805;571.0928888888889;45.0;186.0;3.0;0.3182;nenhum
35805701;PALMYRA TAGLIARI EXTERNATO;3518800;568.1306666666667;15.0;76.0;4.0;0.3181;nenhum
14324067;ESCOLA DE EDUCACAO BASICA E PROFISSIONAL FUNDACAO BRADESCO BOA VISTA-RR;1400100;556.4747878787879;55.0;202.0;4.0;0.3175;nenhum
21281351;ESCOLA RECANTO DO SABER LTDA;2111201;561.4035294117648;34.0;189.0;4.0;0.3173;nenhum
16007794;ESCOLA META;1600303;552.6945454545454;22.0;74.0;5.0;0.3172;nenhum
15180611;AXIOMA COLEGIO E PRE VESTIBULAR LTDA;1501402;561.4;12.0;53.0;4.0;0.3171;nenhum
35124795;MORUMBI SUL COLEGIO;3550308;574.0764705882352;17.0;109.0;3.0;0.3168;nenhum
35185383;OBJETIVO MAUA CENTRO EDUCACIONAL;3529401;574.9319298245614;76.0;195.0;2.0;0.3166;nenhum
35100043;ESTRELA SIRIUS COLEGIO;3550308;567.8994444444445;18.0;94.0;4.0;0.3165;nenhum
52116204;COLEGIO FLORESTA;5220454;570.8161904761904;21.0;80.0;3.0;0.3165;nenhum
41128648;COLEGIO BATISTA MARANATA;4106902;564.3294117647059;34.0;126.0;4.0;0.3164;nenhum
41160932;ETICA AEROPORTO C EM;4113700;577.5686111111112;96.0;367.0;2.0;0.3161;nenhum
35139774;ISAAC NEWTON ESCOLA;3550308;557.0585034013606;49.0;166.0;5.0;0.316;nenhum
17056942;INSTITUTO TOCANTINENSE DE EDUCACAO SUPERIOR E PESQUISA LTDA;1721000;552.4188888888889;18.0;88.0;5.0;0.3158;nenhum
23211237;JOAO BATISTA COLEGIO;2304400;574.8472727272728;11.0;36.0;2.0;0.3158;nenhum
35805257;NOVOMUNDO COLEGIO;3541000;573.8112222222222;30.0;141.0;3.0;0.3158;nenhum
15567648;COLEGIO SISTEMA SOCIEDADE CIVIL LTDA;1500800;547.604;45.0;159.0;5.0;0.3155;nenhum
29436710;COLEGIO MUNDIAL;2927408;556.8608;25.0;85.0;5.0;0.3155;nenhum
33118949;CENTRO EDUCACIONAL C C S LTDA;3303906;561.2098113207547;53.0;226.0;4.0;0.3155;nenhum
13107380;ESCOLAS IDAAM;1302603;574.8051515151515;22.0;100.0;2.0;0.3154;nenhum
35114637;SESI 241 CENTRO EDUCACIONAL;3551702;566.1103846153846;52.0;186.0;3.0;0.3154;nenhum
33110549;AMETISTA EMPREENDIMENTOS EDUCACIONAIS LTDA - COLEGIO CRISTAO OLIVEIRA ARAUJO;3301702;556.835;18.0;93.0;5.0;0.3153;nenhum
35139932;ADVENTISTA COLEGIO;3526902;573.7070175438596;19.0;88.0;3.0;0.315;nenhum
35807618;COLEGIO PORTAL DO FUTURO;3550308;577.3577777777778;15.0;73.0;2.0;0.315;nenhum
35009768;COLEGIO ADELIA CAMARGO CORREIA UNIDADE II;3518701;577.3257142857143;14.0;58.0;2.0;0.3147;nenhum
35810095;ESQUEMA UNICO COLEGIO;3529005;576.9969565217391;46.0;241.0;1.0;0.3147;nenhum
35107256;SANTA HELENA COLEGIO;3550308;579.9304347826087;23.0;55.0;1.0;0.3147;nenhum
35152523;RAPOSO TAVARES COLEGIO;3550308;570.4584615384615;13.0;77.0;3.0;0.3146;nenhum
35137960;ETIP CENTRO EDUCACIONAL;3547809;570.4218390804598;87.0;370.0;3.0;0.3144;nenhum
31062197;COLEGIO POUSO ALEGRE DE ENSINO FUNDAMENTAL E ENSINO MEDIO;3152501;551.1892;25.0;135.0;5.0;0.3141;nenhum
35581367;ANGLO BOTUCATU;3507506;570.3745454545455;55.0;217.0;3.0;0.3141;nenhum
35005969;ARCO ESCOLACOOPERATIVA;3550308;573.6329166666667;16.0;66.0;3.0;0.3141;nenhum
33163006;COLEGIO CAMILLA MARQUES LTDA;3304557;565.9;15.0;73.0;3.0;0.314;nenhum
33152608;COLEGIO DANIELLE MATTOS LTDA - EPP;3304557;566.9523076923077;26.0;115.0;3.0;0.3139;nenhum
25134027;HBE COLEGIO E CURSO;2507507;570.5842424242423;33.0;75.0;2.0;0.3138;nenhum
35152821;SAO FRANCISCO COLEGIO;3526902;573.5845833333334;48.0;142.0;3.0;0.3138;nenhum
35263072;EDUQ COMPLEXO EDUCACIONAL;3543907;570.3606060606061;33.0;189.0;3.0;0.3138;nenhum
33081727;COLEGIO JOAO PAULO I LTDA-EPP;3304557;552.0070833333333;64.0;293.0;5.0;0.3135;nenhum
42130930;CENTRO DE ED CAMBORIU LTDA ME - CECAM;4203204;565.8451282051282;13.0;61.0;3.0;0.3135;nenhum
51140802;ESCOLA ADVENTISTA NATALIA DE PAULA ARRUDA;5103403;567.46;22.0;109.0;4.0;0.3135;nenhum
35563298;GLOBAL COLEGIO UNIDADE II;3550308;579.7728571428571;14.0;53.0;1.0;0.3134;nenhum
35139804;ADVENTISTA SAO MIGUEL PAULISTA EEIFM;3550308;567.3971794871795;52.0;231.0;4.0;0.3133;nenhum
33175659;COLEGIO APOLLO 12;3304557;551.908695652174;46.0;164.0;5.0;0.3127;nenhum
35185474;DOCTUS COLEGIO UNIDADE III;3509502;573.3536363636364;22.0;87.0;3.0;0.3127;nenhum
52099067;CENTRO EDUCACIONAL HARMONIA LTDA;5208707;560.5109090909091;11.0;61.0;4.0;0.3127;nenhum
35150061;BOM RETIRO COLEGIO;3550308;576.6990476190476;21.0;74.0;1.0;0.3126;nenhum
15163849;PHYSICS COLEGIO E CURSO;1500800;577.0697942386831;81.0;261.0;2.0;0.3125;nenhum
27368017;ESCOLA DE ENSINO FUNDAMENTAL SANTANA LIMA ME;2704302;556.210909090909;11.0;62.0;5.0;0.3123;nenhum
33159750;COLEGIO COPACABANA;3304557;573.2785714285714;14.0;37.0;3.0;0.3123;nenhum
15127567;E PART E I F M DISNEYLANDIA;1504208;571.1717647058823;17.0;53.0;2.0;0.3121;nenhum
23235497;COLEGIO AFONSO ANDRADE;2304400;562.6648484848484;11.0;75.0;4.0;0.312;nenhum
35101564;SANTA MARIA ESCOLA;3550308;576.5427450980393;17.0;55.0;1.0;0.312;nenhum
42133319;COLEGIO ENERGIA;4202404;579.4681333333333;50.0;209.0;1.0;0.312;nenhum
35480289;CANTAREIRA ENSINO MEDIO COLEGIO UNIDADE II;3550308;580.8197222222221;24.0;72.0;0.0;0.3118;nenhum
35102283;COLEGIO SANTA IZILDINHA;3550308;569.9733333333332;29.0;123.0;3.0;0.3117;nenhum
41368649;PRESBITERIANO CHAMBERLAIN - COLEGIO;4101408;563.4928571428571;14.0;56.0;4.0;0.3116;nenhum
15563715;CENTRO EDUCACIONAL INTERATIVO LTDA;1501402;550.6754716981131;53.0;156.0;5.0;0.3114;nenhum
33197466;COLEGIO E CURSO MATRIZ EDUCACAO UNIDADE MADUREIRA;3304557;577.6176744186047;43.0;258.0;0.0;0.3113;nenhum
23186259;NOSSA SENHORA DAS GRACAS ESCOLA;2304400;559.8566666666667;12.0;51.0;5.0;0.3112;nenhum
15152219;COLEGIO ADVENTISTA DA CIDADE NOVA;1500800;566.2140909090908;44.0;161.0;3.0;0.3109;nenhum
35008842;COLEGIO LUMISOL;3538709;576.4586666666667;25.0;110.0;1.0;0.3107;nenhum
35440322;INSTITUTO SABER;3538709;569.8528571428571;14.0;45.0;3.0;0.3107;nenhum
26172852;INVEST CENTRO EDUCACIONAL;2611606;551.5273913043478;46.0;150.0;5.0;0.3105;nenhum
35135586;NAHIM AHMAD COLEGIO;3518800;559.5998039215687;34.0;166.0;5.0;0.3104;nenhum
33104573;COLEGIO PINHEIRO GUIMARAES - UNIDADE BARRA DA TIJUCA;3304557;576.7016666666666;12.0;52.0;2.0;0.3103;nenhum
35368015;MELLO DANTE COLEGIO ENSINO MEDIO;3530607;574.0961111111111;24.0;154.0;2.0;0.3103;nenhum
35121952;CASTRO ALVES CENTRO EDUCACIONAL;3513801;576.3347619047619;14.0;75.0;1.0;0.3101;nenhum
17044200;COLEGIO COC PALMAS;1721000;576.1892307692308;26.0;165.0;1.0;0.3093;nenhum
33081328;CENTRO EDUCACIONAL ORION;3304557;559.3036363636364;11.0;34.0;5.0;0.3088;nenhum
35107645;ADVENTISTA DE CAMPO LIMPO COLEGIO;3550308;555.382724014337;93.0;350.0;5.0;0.3088;nenhum
41397029;CIDADAO DO AMANHA CEI EF M;4119509;555.312;15.0;40.0;5.0;0.3085;nenhum
32070594;ESCOLA MASTER;3204906;551.0195061728396;27.0;103.0;5.0;0.3081;nenhum
35139452;ATENEU COLEGIO;3549805;566.397037037037;18.0;50.0;4.0;0.3081;nenhum
53019490;COL BIANGULO VII;5300108;562.9652631578947;19.0;122.0;4.0;0.3081;nenhum
41387210;INNOVATIVO C - EI EF M;4113700;569.368;15.0;75.0;3.0;0.308;nenhum
35367679;CENTRO ENSINO RENASCER;3551702;576.4487179487179;39.0;126.0;2.0;0.3079;nenhum
11013737;COLEGIO ADVENTISTA DE JI-PARANA;1100122;566.3433333333334;56.0;210.0;4.0;0.3078;nenhum
33203130;ZEROHUM EDUCACAO S A COLEGIO E CURSO ZEROHUM;3302700;573.6766666666666;40.0;205.0;2.0;0.3075;nenhum
12010928;COLEGIO ADVENTISTA DE RIO BRANCO;1200401;559.1514285714285;49.0;201.0;4.0;0.3066;nenhum
26127890;INSTITUTO HELENA LUBIENSKA;2611606;565.446;10.0;75.0;3.0;0.3064;nenhum
35186485;POLLICARE COLEGIO;3549805;568.9145454545455;22.0;76.0;3.0;0.3064;nenhum
35164082;ESPERANTO COLEGIO;3550308;565.956;15.0;45.0;4.0;0.3059;nenhum
35185061;CETES CENTRO EDUCACIONAL TECNICO SUZANENSE;3552502;576.0825;24.0;74.0;2.0;0.3059;nenhum
16011759;COC MACAPA NORTE;1600303;558.995;12.0;48.0;4.0;0.3058;nenhum
26170469;NIP - ESCOLA DE EDUCACAO APLICADA;2611606;565.92;11.0;45.0;4.0;0.3057;nenhum
43093353;ESCOLA DE EDUCACAO BASICA FEEVALE-ESCOLA DE APLICACAO;4313409;550.6447863247863;39.0;278.0;5.0;0.3056;nenhum
35123560;EL SHADAI COLEGIO;3518800;572.2271111111111;15.0;88.0;3.0;0.3053;nenhum
35131787;ELITE COLEGIO DE EIFM;3550308;558.9423529411765;17.0;76.0;4.0;0.3053;nenhum
35583145;COLEGIO ADVENTISTA DA GRANJA VIANA;3513009;575.9915942028986;46.0;194.0;2.0;0.3052;nenhum
53086007;CED VITORIA REGIA;5300108;573.2673913043478;46.0;119.0;0.0;0.3052;nenhum
33197156;COLEGIO FORCA MAXIMA DE VILA DA PENHA;3304557;573.267;20.0;149.0;2.0;0.305;nenhum
35167563;RIBEIRO GOULART INSTITUTO DE EDUC ESC MAXIMUS;3549904;562.4328985507246;46.0;176.0;4.0;0.3049;nenhum
15174514;PHYSICS COLEGIO E CURSO;1501402;575.6602515723271;53.0;207.0;1.0;0.3046;nenhum
35144897;AITIARA ESCOLA WALDORF DE ED INFANTIL FUNDAMENTAL E MEDIO;3507506;573.2071794871795;13.0;66.0;2.0;0.3044;nenhum
21261121;COLEGIO ADVENTISTA DA COHAB;2111300;558.538;90.0;332.0;4.0;0.3042;nenhum
23024690;COLEGIO CORACAO DE JESUS;2312908;550.4028571428572;28.0;105.0;5.0;0.304;nenhum
43180817;ESCOLA DE ENSINO MEDIO CESI SANTA ISABEL;4323002;554.3616666666667;44.0;217.0;5.0;0.3037;nenhum
29494605;COLEGIO INTERACAO EMPREENDIMENTOS EDUCATIVOS LTDA;2910800;568.3597333333333;25.0;73.0;3.0;0.3036;nenhum
33120846;ESCOLA OGA MITA;3304557;568.3436363636364;11.0;36.0;3.0;0.3034;nenhum
21331669;SISTEMA EDUCACIONAL MASTER;2111300;544.9715384615384;26.0;63.0;5.0;0.3032;nenhum
35166832;INSTITUTO EDUCACIONAL E CULTURAL FILADELFIA;3534401;562.1418181818182;11.0;74.0;4.0;0.3031;nenhum
33151296;CENTRO EDUCACIONAL RENASCER;3300209;568.2483333333333;12.0;58.0;3.0;0.3029;nenhum
35364435;SANTA ISABEL COLEGIO FRANCISCANO;3550308;565.4085714285715;14.0;77.0;4.0;0.3027;nenhum
50005626;COLEGIO ADVENTISTA CAMPO-GRANDENSE;5002704;562.1009433962265;53.0;220.0;4.0;0.3027;nenhum
33212600;JARDIM ESCOLA RAIO DE SOL;3302205;558.1036363636363;11.0;47.0;4.0;0.302;nenhum
33048185;COLEGIO E CURSO MATRIZ EDUCACAO;3301702;575.3518333333334;40.0;197.0;1.0;0.3019;nenhum
52097781;COLEGIO PRIME;5201108;561.9862745098039;34.0;124.0;4.0;0.3017;nenhum
15114015;NUCLEO DE ENSINO PEQUENO PRINCIPE;1500800;572.7330769230769;26.0;104.0;2.0;0.3016;nenhum
35004256;ESCOLA ADVENTISTA DE CARAGUATATUBA;3510500;579.1533333333333;18.0;116.0;0.0;0.3013;nenhum
35197048;COLEGIO ADVENTISTA DE EMBU DAS ARTES;3515004;568.0025641025641;39.0;177.0;3.0;0.3013;nenhum
35140090;RAIOS DE SOL ESCOLA INTEGRADA;3552809;571.4455555555555;18.0;55.0;3.0;0.3013;nenhum
35126640;LUTERANO INSTITUTO EDUCACIONAL;3515707;564.5228571428571;14.0;57.0;3.0;0.301;nenhum
35168531;COLEGIO SUPER HUMANOS;3518800;557.6915555555555;15.0;94.0;5.0;0.301;nenhum
35805063;TECLA COLEGIO;3550308;571.3579710144928;23.0;110.0;3.0;0.301;nenhum
29442710;COLEGIO SUPERIOR LTDA;2927408;572.6039999999999;15.0;87.0;2.0;0.3007;nenhum
33130086;CENTRO EDUC IARA QUEIROZ DA SILVA;3302700;565.0326666666666;15.0;40.0;4.0;0.3006;nenhum
11048557;COLEGIO CRISTAO;1100205;549.7618518518518;18.0;98.0;5.0;0.3005;nenhum
23267658;LIMA NOGUEIRA COLEGIO;2304400;572.5886111111112;24.0;62.0;2.0;0.3004;nenhum
35151531;RITA DE CASSIA COLEGIO;3548500;577.6509090909091;22.0;73.0;1.0;0.3003;nenhum
15161366;SISTEMA DE ENSINO INOVE;1500107;553.5176923076923;26.0;95.0;5.0;0.3;nenhum
25098829;CENTRO EDUCACIONAL SANTA TEREZINHA;2513703;553.4892307692307;26.0;97.0;5.0;0.2999;nenhum
53010450;C DE ENS EBENEZER - CENEB;5300108;561.6141176470588;34.0;125.0;4.0;0.2998;nenhum
53082001;COL MAGNUS;5300108;564.274;10.0;41.0;3.0;0.2997;nenhum
26146290;CENTRO EDUCACIONAL SAO FRANCISCO ASSIS;2607901;543.744705882353;17.0;61.0;5.0;0.2994;nenhum
35803066;OMEGA COLEGIO II;3518701;571.1311111111112;12.0;88.0;3.0;0.2991;nenhum
52047180;CENTRO EDUCACIONAL BALAO MAGICO LTDA;5221858;553.0550000000001;16.0;61.0;5.0;0.2989;nenhum
25123785;CENTRO DE ENSINO CONTEMPORANEO LTDA;2507507;567.7014285714287;14.0;65.0;3.0;0.2986;nenhum
35811105;NOVA META COLEGIO;3550308;575.1839215686275;17.0;44.0;2.0;0.2983;nenhum
27054578;COLEGIO D LINS;2704302;570.9724;50.0;179.0;3.0;0.2982;nenhum
35165621;XV DE NOVEMBRO COLEGIO INTEGRADO;3550308;572.2023931623932;39.0;139.0;2.0;0.2981;nenhum
21285241;CENTRO EDUCACIONAL NAZARE II;2111300;564.1893333333334;20.0;89.0;2.0;0.2977;nenhum
35170446;META COLEGIO;3520509;567.4766255144033;81.0;340.0;3.0;0.2977;nenhum
35156553;SULLER GARCIA COLEGIO;3550308;564.3888888888889;21.0;68.0;4.0;0.2971;nenhum
33159157;CENTRO CUTURAL MANILHA UNIDADE II;3301900;567.3494117647059;17.0;104.0;3.0;0.2967;nenhum
35295188;OLIVEIRA GUIMARAES COLEGIO;3550308;561.259761904762;28.0;137.0;4.0;0.2966;nenhum
35168671;ADVENTISTA COLEGIO DE INTERLAGOS;3550308;571.8517647058824;34.0;164.0;2.0;0.2965;nenhum
33118663;DINAMICO CENTRO DE ENSINO;3303906;566.14375;16.0;84.0;3.0;0.2963;nenhum
23277467;COLEGIO INTELECTO;2304400;567.2456;25.0;76.0;3.0;0.2962;nenhum
33195820;LEGACY SCHOOL DE NOVA IGUACU;3303500;571.7575;16.0;79.0;2.0;0.2962;nenhum
33060355;ELITE IGUACUANO;3303500;562.7044131455399;142.0;674.0;3.0;0.296;nenhum
35157016;SAAB COLEGIO;3550308;577.1177777777779;18.0;63.0;1.0;0.296;nenhum
26205602;COLEGIO 2001;2611606;552.3868181818182;44.0;165.0;5.0;0.2959;nenhum
35160635;SAINT GERMAIN COLEGIO;3518800;567.1570370370371;27.0;103.0;3.0;0.2959;nenhum
25098080;IPI INSTITUTO PARAIBANO INFANTIL LTDA;2507507;571.6076923076923;13.0;86.0;2.0;0.2956;nenhum
29182590;COLEGIO FRANCISCANO SANTA CLARA;2927408;560.9699999999999;12.0;52.0;4.0;0.2955;nenhum
52202399;COLEGIO PADRE REUS;5221858;548.6260606060606;33.0;99.0;5.0;0.2954;nenhum
41361849;MARISTA M CHAMPAGNAT C CTO SOC EI EF EM PROF;4104808;547.478;10.0;73.0;5.0;0.2953;nenhum
13081365;ESCOLAS IDAAM;1302603;574.3636842105263;38.0;135.0;1.0;0.2951;nenhum
23276142;COLEGIO ERNESTO GURGEL;2304400;571.534358974359;13.0;45.0;2.0;0.2951;nenhum
21287970;COLEGIO OBJETIVO PACO;2107506;555.6452631578948;38.0;140.0;4.0;0.2948;nenhum
35175687;COLEGIO ADVENTISTA DE MOGI GUACU;3530706;574.6596666666667;20.0;123.0;2.0;0.2945;nenhum
35179905;SAN CONRADO COLEGIO;3509502;574.6461538461539;13.0;43.0;2.0;0.2943;nenhum
33152276;SISTEMA ELITE DE ENSINO - TIJUCA;3304557;574.5590566037736;106.0;511.0;2.0;0.2937;nenhum
26157233;COLEGIO ELO;2610707;566.9984615384616;13.0;49.0;2.0;0.2936;nenhum
35369895;GUARANI COLEGIO DE ENSINO FUNDAMENTAL;3530607;574.1519999999999;10.0;46.0;1.0;0.2936;nenhum
28017480;CENTRO EDUC PROF JOSE SEBASTIAO DOS SANTOS;2800308;566.8486956521739;23.0;97.0;3.0;0.2935;nenhum
33083541;ESC STA BARBARA LTDA;3304557;548.1975238095238;35.0;131.0;5.0;0.2934;nenhum
53013808;C EDUCACIONAL DPAULA;5300108;574.4933333333333;15.0;73.0;2.0;0.2934;nenhum
23276002;COLEGIO GLOBOMAX;2304400;546.9929914529914;39.0;120.0;5.0;0.2931;nenhum
35805051;PLANETA TERRA;3513009;574.4563636363637;11.0;44.0;2.0;0.293;nenhum
21013748;ESC SAO JOSE;2111300;556.54375;16.0;54.0;4.0;0.2929;nenhum
35161913;CETS COLEGIO;3552809;571.2107692307693;39.0;141.0;2.0;0.2929;nenhum
43162800;COLEGIO SAO PEDRO;4315602;556.3463333333333;40.0;108.0;4.0;0.2921;nenhum
23269065;MENINO JESUS DE PRAGA COLEGIO;2304400;565.4108333333334;24.0;63.0;3.0;0.292;nenhum
15175316;SISTEMA DE ENSINO UNIVERSO BARCARENA;1501303;563.2604166666666;48.0;183.0;2.0;0.2918;nenhum
25093703;ESCOLA DE EDUCACAO BASICA E PROFISSIONAL FUNDACAO BRADESCO;2507507;555.1316872427983;81.0;261.0;4.0;0.2917;nenhum
41141024;NOVA GERACAO CEI EF M;4118204;560.0588095238096;28.0;87.0;4.0;0.2917;nenhum
33169713;SISTEMA ELITE DE ENSINO - TAQUARA;3304557;571.0525;152.0;661.0;2.0;0.2916;nenhum
35112124;DOM PEDRO II COLEGIO;3501608;566.1784761904762;35.0;178.0;3.0;0.2911;nenhum
15038432;UNIAO AMAZONIDA DE EDUCACAO E ASSISTENCIA - UNAMEA;1501402;556.0849999999999;12.0;26.0;4.0;0.2908;nenhum
35005406;COLEGIO NASCIMENTO EDUCACAO;3551009;559.8924637681159;23.0;80.0;4.0;0.2906;nenhum
26177536;OASIS COLEGIO E CURSO;2607901;554.7574074074074;18.0;95.0;4.0;0.2905;nenhum
35808040;NOVO IDEAL CENTRO EDUCACIONAL;3513801;566.0710256410256;26.0;116.0;3.0;0.2903;nenhum
43183034;ESCOLA DE ENSINO MEDIO SALVADOR JESUS CRISTO;4300604;555.9283333333334;24.0;104.0;4.0;0.2903;nenhum
43107559;INSTITUTO SANTA LUZIA;4314902;547.3473333333334;10.0;58.0;5.0;0.2895;nenhum
35150228;PARQUE CONTINENTAL EXTERNATO;3518800;563.1490196078431;17.0;83.0;4.0;0.2893;nenhum
35154003;TALLES DE MILETO COLEGIO;3552809;551.1893333333334;15.0;85.0;5.0;0.2893;nenhum
24064068;INTELECTUAL COLEGIO E CURSO;2408102;555.5969230769231;13.0;56.0;4.0;0.2891;nenhum
22163409;COLEGIO E CURSO SECULUS;2211001;565.8909090909091;11.0;42.0;3.0;0.2889;nenhum
26144840;COLEGIO DE APLICACAO BEL MARIO BEZERRA DA SILVA - CAMB;2616407;559.4871428571429;42.0;180.0;4.0;0.2886;nenhum
35102040;JOAO XXIII ESCOLA;3550308;558.4150326797386;51.0;183.0;4.0;0.2886;nenhum
33451290;CENTRO EDUCACIONAL MONTEIRO LOBATO DE BELFORD ROXO EIRELI;3300456;565.8066666666667;18.0;74.0;3.0;0.2884;nenhum
53014014;INST EDUCACIONAL VITORIA REGIA;5300108;573.6850000000001;12.0;64.0;2.0;0.2884;nenhum
23081430;RAIMUNDO NONATO VIEIRA COLEGIO;2307650;547.1795238095239;14.0;72.0;5.0;0.2883;nenhum
35134168;PENTAGONO COLEGIO UNIDADE CENTRO;3547809;562.9124271844661;103.0;322.0;4.0;0.2883;nenhum
35139063;URSA MAIOR CENTRO EDUCACAO PEDAGOGIA MODERNA PG UNIDADE II;3550308;573.6811111111111;18.0;59.0;2.0;0.2883;nenhum
35107050;RESSURREICAO COLEGIO;3550308;559.3333333333334;12.0;45.0;4.0;0.288;nenhum
33138737;CENTRO EDUCACIONAL INACIO MEDEIROS CENTRAL LTDA;3300100;570.3779487179487;13.0;65.0;2.0;0.2878;nenhum
51103001;COLEGIO ADVENTISTA CPA II;5103403;559.3221818181819;55.0;205.0;4.0;0.2878;nenhum
21274819;COLEGIO CRISTO REI LTDA ME;2111300;573.2221052631579;19.0;54.0;1.0;0.2876;nenhum
35133462;PAULISTA DE EDUCACAO BASICA ESCOLA;3550308;575.9156666666667;20.0;45.0;1.0;0.2876;nenhum
33171467;COLEGIO LLESSER UNIDADE 2;3304557;573.58;10.0;37.0;2.0;0.2871;nenhum
35004252;COLEGIO RAPHAEL DI SANTO;3509502;574.2735897435897;26.0;108.0;0.0;0.2866;nenhum
29458757;FIPE - FORTUNATO INSTITUTO DE PESQUISA E ESTUDO;2927408;554.0149019607843;68.0;216.0;4.0;0.2865;nenhum
33175713;CENTRO ESCOLA RIACHUELO;3301009;568.8666666666667;19.0;108.0;3.0;0.2864;nenhum
35450935;COLEGIO SOUZA E ALMEIDA;3550308;562.5298198198197;74.0;226.0;4.0;0.2863;nenhum
53026004;COL SANTA MARIA;5300108;550.655;12.0;60.0;5.0;0.2862;nenhum
35105521;JOAO XXIII FRANCISCANO COLEGIO;3550308;568.7640740740741;18.0;61.0;3.0;0.286;nenhum
24090115;ESCOLA LUMINOVA;2408102;557.3093333333333;15.0;58.0;3.0;0.2859;nenhum
43006280;ESCOLA DE ENSINO MEDIO E TECNICO FAMILIA AGRICOLA DA SERRA GAUCHA;4305108;558.9438596491228;19.0;223.0;4.0;0.2859;nenhum
29441730;COLEGIO INTELECTO LTDA;2910800;575.6986419753086;54.0;220.0;1.0;0.2857;nenhum
35124576;REDE DECISAO UNIDADE TERRAMAR;3550308;576.7209523809523;21.0;101.0;0.0;0.2857;nenhum
29460441;COLEGIO ACADEMICO LTDA;2919207;565.2014285714286;42.0;188.0;3.0;0.2849;nenhum
35297410;VITORIANO COLEGIO;3550308;568.4159999999999;10.0;57.0;3.0;0.2845;nenhum
43176801;COLEGIO MARCO POLO;4316907;554.6533333333333;14.0;65.0;4.0;0.2845;nenhum
35811816;GRILLI MAGALHAES COLEGIO;3550308;572.6816666666666;16.0;62.0;1.0;0.2844;nenhum
35141495;SAO JOSE COLEGIO;3543303;568.3666666666667;12.0;67.0;3.0;0.2843;nenhum
35114194;SANTA TEREZINHA EXTERNATO;3503208;564.9538461538461;13.0;105.0;3.0;0.284;nenhum
33192650;LEGACY SCHOOL VILA DA PENHA LTDA;3304557;568.3142857142858;14.0;36.0;3.0;0.2838;nenhum
15523403;CENTRO EDUC NSRA DE FATIMA;1500800;546.055652173913;23.0;25.0;5.0;0.2837;nenhum
41157907;ELITE SJP AFONSO PENA;4125506;564.9018181818182;22.0;90.0;3.0;0.2833;nenhum
33084319;EDES - EDUCANDARIO EDITH DOS SANTOS;3304557;554.4142857142857;14.0;60.0;4.0;0.2832;nenhum
35560145;PRIMEIRA OPCAO ESCOLA;3515004;575.4252631578947;19.0;64.0;1.0;0.2831;nenhum
35109997;ORDEM E PROGRESSO ESCOLA ESPIRITUALISTA;3548500;569.5990476190476;21.0;71.0;2.0;0.2828;nenhum
35170409;DIADEMA CENTRO EDUCACIONAL DE;3513801;575.3961904761904;21.0;101.0;1.0;0.2826;nenhum
35464636;DOM HENRIQUE COLEGIO;3534401;572.7639999999999;30.0;156.0;2.0;0.2824;nenhum
52049108;SOCIEDADE EDUCACIONAL VALPARAISO LTDA-ME;5221858;545.8402469135802;27.0;75.0;5.0;0.2824;nenhum
13108727;ESCOLAS IDAAM;1302603;564.597;40.0;205.0;3.0;0.2819;nenhum
52083870;COLEGIO SHALLON - GOIANIA 2;5208707;561.406923076923;26.0;105.0;3.0;0.2817;nenhum
31004936;ESCOLA TECNICA VITAL BRASIL;3106200;561.8093333333333;30.0;115.0;4.0;0.2815;nenhum
35126366;PRISMA INSTITUTO DE EDUCACAO E CULTURA;3550308;572.2570731707317;41.0;139.0;1.0;0.2815;nenhum
29463289;COLEGIO MAANAIM;2927408;560.1903571428571;56.0;156.0;3.0;0.2812;nenhum
31294039;INST EMILIA FERREIRO;3106200;557.8966666666666;12.0;67.0;4.0;0.2812;nenhum
33159130;SISTEMA ELITE DE ENSINO- UNIDADE BANGU;3304557;567.8146464646464;66.0;453.0;1.0;0.2811;nenhum
52033228;COLEGIO ANHANGUERA;5208707;557.8876923076923;13.0;43.0;4.0;0.281;nenhum
35421522;PORTINARI INSTITUTO DE ENSINO UNIDADE II;3547809;572.5820833333333;32.0;110.0;2.0;0.2808;nenhum
41033256;VILLASBOAS C - EI EF M;4113700;567.865;16.0;62.0;3.0;0.2806;nenhum
35010311;CENTRO EDUCACIONAL ARARAQUARA UNIDADE II;3503208;561.6290476190476;28.0;152.0;4.0;0.2805;nenhum
27053008;CNSA KIDS;2704302;574.8571666666667;40.0;155.0;1.0;0.2798;nenhum
41149971;COLEGIO E CURSO ACESSO;4107652;557.6872727272727;22.0;88.0;4.0;0.2797;nenhum
35568934;PIASO CENTRO EDUCACIONAL;3513801;574.8493333333333;20.0;97.0;1.0;0.2796;nenhum
35800387;EEI PINGO DE MEL E ENSINO FUNDAMENTAL COLEGIO LADS;3509502;571.8109090909091;11.0;40.0;1.0;0.2795;nenhum
23082321;FUND EDUCACIONAL PROFª EDITH NUNES COSTA;2307700;557.6315384615384;26.0;27.0;4.0;0.2794;nenhum
35125787;EPISTEME COLEGIO;3520509;564.0676767676767;33.0;133.0;3.0;0.2794;nenhum
35108583;SESI 079 CENTRO EDUCACIONAL;3529401;559.8677922077921;77.0;254.0;3.0;0.2794;nenhum
35168828;ISAAC NEWTON ESCOLA UNIDADE II;3550308;564.0666666666666;23.0;103.0;3.0;0.2792;nenhum
29450640;COLEGIO IDEAL;2913606;569.8876923076923;13.0;46.0;0.0;0.2791;nenhum
35143273;DOCTUS COLEGIO UNIDADE II;3509502;567.6671428571428;14.0;63.0;3.0;0.279;nenhum
35810940;COLEGIO RS INSTITUTO EDUCACIONAL LTDA;3529401;564.0498924731182;31.0;137.0;3.0;0.279;nenhum
41159357;CRISTAO INT DE MARINGAZONA CEM;4115200;564.0482629107981;71.0;399.0;3.0;0.2789;nenhum
35118163;PRO CONHECER ESCOLA;3550308;574.7785714285714;14.0;74.0;1.0;0.2788;nenhum
35812900;RAPHAEL DI SANTO INSTITUTO EDUCACIONAL;3509502;567.6391452991453;117.0;316.0;3.0;0.2787;nenhum
33057818;COL ITAPUCA - REGIAO OCEANICA;3303302;567.5325;16.0;62.0;3.0;0.2786;nenhum
35100444;COLEGIO MARILLAC;3550308;557.4577777777778;18.0;73.0;4.0;0.2784;nenhum
35308833;EDUCAR COLEGIO;3518800;560.6460465116279;43.0;169.0;3.0;0.278;nenhum
42145430;COLEGIO NOSSA SENHORA DA CONCEICAO;4205407;552.9285714285714;14.0;69.0;4.0;0.2778;nenhum
13084500;ESCOLA EVANGELICA BETEL;1302603;544.791724137931;29.0;119.0;5.0;0.2777;nenhum
29279240;ESCOLA MONTEIRO LOBATO;2933307;544.7578947368421;19.0;97.0;5.0;0.2775;nenhum
35809724;AUGUSTO FREITAS CENTRO EDUCACIONAL;3518800;561.3077192982456;19.0;62.0;4.0;0.2775;nenhum
33063974;ESC ADVENTISTA DE BOTAFOGO;3304557;547.7856140350877;19.0;61.0;5.0;0.2773;nenhum
35130643;CIDADE DE SALTO COLEGIO;3545209;571.7016666666667;48.0;189.0;2.0;0.2765;nenhum
11048450;ESCOLA MARCELO CANDIA SUBSEDE I;1100205;544.3744444444444;66.0;344.0;5.0;0.2764;nenhum
35085455;TRIACAO COLEGIO;3523404;568.2036363636363;11.0;58.0;2.0;0.2763;nenhum
51067439;COLEGIO FATO - CENTRO;5103403;563.5584523809524;56.0;109.0;3.0;0.2762;nenhum
29279011;ESCOLA CARDOSO E ALBUQUERQUE;2933307;548.646;20.0;67.0;5.0;0.276;nenhum
35007666;COLEGIO PAULINIA UNIDADE II;3536505;571.1925;16.0;57.0;1.0;0.2758;nenhum
21498814;UE EDEN LTDA;2112209;566.9476923076923;13.0;30.0;1.0;0.2757;nenhum
35004851;COLEGIO EVOLUCAO EDUCACIONAL;3506003;568.1783333333333;12.0;42.0;2.0;0.2757;nenhum
35809184;SAO RAPHAEL COLEGIO;3530607;571.1533333333333;18.0;78.0;1.0;0.2753;nenhum
26182157;COLEGIO ATITUDE NUCLEO EDUCACIONAL EIRELI;2610707;556.97;16.0;111.0;4.0;0.2751;nenhum
33119724;CENTRO EDUCACIONAL NOVO ALVORECER;3304524;567.73625;16.0;71.0;1.0;0.275;nenhum
35136759;EL SHADAI CENTRO EDUCACIONAL;3547809;566.964375;32.0;133.0;3.0;0.275;nenhum
35118312;D EDUCATIVO;3520509;560.6946666666666;20.0;88.0;4.0;0.2749;nenhum
23236710;NOVO HORIZONTE COLEGIO;2304400;556.8109090909091;11.0;67.0;4.0;0.2746;nenhum
35586663;COLEGIO CRISTAO KAIROS;3552502;566.914;10.0;117.0;3.0;0.2746;nenhum
31265578;COLEGIO SAGRADO CORACAO DE JESUS;3118601;556.7766666666666;24.0;70.0;4.0;0.2745;nenhum
35374040;SAPIENCIA INSTITUTO EDUCACIONAL;3552809;571.3033333333334;24.0;78.0;2.0;0.2742;nenhum
15158969;COLEGIO CIEC;1500800;552.1545454545454;11.0;34.0;4.0;0.2738;nenhum
23072881;AGNUS COLEGIO;2304400;556.59;22.0;64.0;4.0;0.2737;nenhum
12033545;ESC INSTITUTO AGUIAS DO SABER;1200401;534.9852380952381;35.0;112.0;5.0;0.2728;nenhum
29393140;COLEGIO ADVENTISTA DA LIBERDADE;2927408;551.0162162162162;37.0;144.0;4.0;0.2728;nenhum
33063486;CENTRO EDUCACIONAL CLOTILDE GUIMARAES COL MARIA JOSE IMPERIAL;3304557;563.0709090909091;11.0;46.0;3.0;0.2728;nenhum
43000452;ESC ENS MEDIO CESI ZONA SUL;4314902;556.4518115942029;46.0;195.0;4.0;0.2727;nenhum
35150265;VIP COLEGIO JARDIM TREMEMBE;3550308;558.3163636363636;22.0;180.0;3.0;0.2721;nenhum
26125625;COLEGIO ELO;2611606;563.9529577464789;71.0;393.0;2.0;0.2716;nenhum
53015878;COL BIANGULO II - TAGUATINGA;5300108;547.7192307692308;26.0;113.0;5.0;0.2715;nenhum
35809287;RANIERI COLEGIO;3550308;562.5971428571428;14.0;68.0;3.0;0.2704;nenhum
35139270;ELITE TABOAO DA SERRA COLEGIO;3552809;566.1734722222222;72.0;257.0;2.0;0.27;nenhum
29195608;INSTITUTO EDUCACIONAL RAMO DA VIDEIRA LTDA;2927408;549.3811111111112;36.0;163.0;4.0;0.2698;nenhum
15159329;CENTRO EDUCACIONAL DE E F M MUNDO INTELECTO;1501402;547.2851612903225;31.0;125.0;5.0;0.2697;nenhum
35260939;ALEXANDRA COLEGIO;3550308;559.536;15.0;69.0;4.0;0.2694;nenhum
33103437;UNIAO EDUC SUL FLUMINENSE;3302007;570.1733333333333;27.0;126.0;1.0;0.2691;nenhum
27050289;COLEGIO DOM BOSCO;2704302;562.410081300813;41.0;131.0;3.0;0.2688;nenhum
52100723;COLEGIO INTERATIVA - UNIDADE SAO JUDAS TADEU;5208707;565.6279999999999;10.0;36.0;3.0;0.2687;nenhum
15563448;ESCOLA MADRE CELESTE;1500800;542.1895652173913;46.0;142.0;5.0;0.2686;nenhum
31294047;COLEGIO SANTA CRUZ;3106200;562.3722807017544;19.0;92.0;3.0;0.2684;nenhum
33143803;COLEGIO SALA DE EDUCAR;3303302;562.5018181818182;11.0;42.0;2.0;0.2683;nenhum
33176710;FUNDACAO DARCY VARGAS - CASA DO PEQUENO JORNALEIRO;3304557;540.2346666666667;15.0;57.0;5.0;0.2682;nenhum
35151063;FRANCA COLEGIO;3541000;565.5272727272727;11.0;45.0;3.0;0.2682;nenhum
24067911;JFC - EXPANSIVO COLEGIO E CURSO;2408102;555.3412903225806;62.0;228.0;4.0;0.2681;nenhum
29451604;CENTRO EDUCACIONAL E TRANSPORTE N SENHORA DO CENACULO;2927408;546.8416666666667;12.0;66.0;5.0;0.2677;nenhum
33175110;CURSO PROGRESSAO ILHA DO GOVERNADOR LTDA ME;3304557;570.3016;25.0;181.0;2.0;0.2675;nenhum
41152425;COLEGIO AMPLACAO ED INFANTIL ENSINO FUNDAMENTAL E MEDIO LTDA;4106902;559.1386956521739;46.0;196.0;4.0;0.2673;nenhum
33128278;INSTITUTO DE EDUCACAO SANTA ANGELA;3303500;541.8945454545454;11.0;112.0;5.0;0.2671;nenhum
25021885;INST EDUC VERA CRUZ;2510808;566.8163636363637;11.0;56.0;2.0;0.2667;nenhum
31014206;INST ELIZABETH KALIL;3118601;539.801052631579;19.0;95.0;5.0;0.2666;nenhum
35140740;JARDIM DAS ORQUIDEAS CENTRO EDUCACIONAL;3550308;565.3858823529412;17.0;65.0;3.0;0.2666;nenhum
24078450;CDF COLEGIO E CURSO;2408102;558.1237288135594;59.0;160.0;3.0;0.2664;nenhum
33053367;COLEGIO FORCA MAXIMA DE PIABETA;3302502;572.8295238095238;21.0;108.0;1.0;0.2659;nenhum
25124170;IEG COLEGIO E CURSO;2507507;557.9635555555556;15.0;55.0;3.0;0.2653;nenhum
35807990;PEDRO E RAFAEL COLEGIO;3509502;558.52;16.0;61.0;4.0;0.2649;nenhum
35803170;SABER COLEGIO;3530607;572.6637499999999;16.0;54.0;1.0;0.2648;nenhum
24056243;ICARO COLEGIO E CURSO;2403251;554.5942857142857;21.0;90.0;4.0;0.2647;nenhum
26110504;COLEGIO ASCENSO FERREIRA;2611606;550.5738461538461;13.0;98.0;4.0;0.2647;nenhum
31014150;COLEGIO SAO JUDAS TADEU;3118601;545.304;10.0;63.0;4.0;0.2646;nenhum
35185437;SENA DE MIRANDA COLEGIO UNIDADE II;3550308;564.8780645161289;31.0;125.0;3.0;0.2637;nenhum
35445630;FIAP TECH SCHOOL;3550308;554.4001449275362;46.0;286.0;4.0;0.2635;nenhum
15011020;COLEGIO ULBRA CRISTO SALVADOR;1506807;540.5090909090909;11.0;49.0;5.0;0.2632;nenhum
23076658;ORGANIZACAO EDUCACIONAL QUEIROZ BELEM SS LTDA;2304400;545.0447619047619;21.0;84.0;4.0;0.2632;nenhum
23275987;COLEGIO CIVICO MILITAR DO RIACHUEL0 - PARQUE DO COCO;2304400;549.0992857142858;28.0;49.0;4.0;0.2629;nenhum
26111772;INSTITUTO BRASILIA;2607901;548.9861538461538;26.0;121.0;4.0;0.2624;nenhum
33105189;EXTERNATO CRESPO;3301009;569.3822222222221;12.0;35.0;2.0;0.2623;nenhum
35109307;ADVENTISTA DE COTIA COLEGIO;3513009;572.2627450980392;51.0;202.0;1.0;0.2623;nenhum
41128168;CECILIA CROS C MDEEI EF M;4106902;550.0297777777778;15.0;52.0;4.0;0.2618;nenhum
42002087;COLEGIO ANTONIO PEIXOTO;4205407;568.6755555555555;18.0;93.0;1.0;0.2616;nenhum
53002067;ESC FRANCISCANA NOSSA SRA DE FATIMA;5300108;539.8081818181819;22.0;97.0;5.0;0.2616;nenhum
35305674;OBJETIVO JUNIOR COLEGIO;3523404;553.9131034482758;29.0;127.0;4.0;0.2614;nenhum
23282720;CENTRO DE EDUCACAO MULTIPLOS;2304400;545.4476923076923;13.0;61.0;5.0;0.2613;nenhum
33157251;COLEGIO CURSO PEC;3303203;559.9671111111111;45.0;205.0;3.0;0.2609;nenhum
33166951;COLEGIO E CURSO ZEROHUM;3300209;568.4335632183909;29.0;177.0;1.0;0.2608;nenhum
43211984;INSTITUTO SAO FRANCISCO-CACHOEIRINHA;4303103;545.0462068965518;29.0;109.0;5.0;0.2594;nenhum
33057443;CENTRO DE ENS INT RABELLO AMIN JD ESC LAPIS DE COR;3303302;564.2818181818183;11.0;56.0;2.0;0.2593;nenhum
33186928;COLEGIO E CURSO ZERO HUM MARICA;3302700;569.8389333333333;25.0;156.0;0.0;0.2592;nenhum
35811658;NOVA DIRETRIZ COLEGIO;3550308;568.1933333333333;12.0;51.0;1.0;0.2592;nenhum
29196302;ESCOLA SOL MAGISTER;2927408;545.0066666666667;18.0;66.0;5.0;0.2591;nenhum
26036070;SORRISO COLEGIO E CURSO;2611101;551.4818181818182;33.0;143.0;3.0;0.2588;nenhum
35113268;LUIZ ROSA PROFESSOR ESCOLA;3525904;563.9079432624113;47.0;214.0;3.0;0.2586;nenhum
41384113;EDUCACIONAL BIODIVERSIDADE;4113700;549.48125;16.0;94.0;4.0;0.2586;nenhum
35161895;DOM PEDRO COLEGIO;3552809;563.8816161616162;33.0;161.0;3.0;0.2585;nenhum
52048705;INSTITUTO EDUCACIONAL EXITO LTDA;5221858;544.8241025641025;13.0;64.0;5.0;0.2583;nenhum
28033639;CENTRO EDUCACIONAL MORONI LTDA;2800308;556.6090909090909;11.0;39.0;3.0;0.2578;nenhum
52103870;COLEGIO INTELECTUAL INTEGRAL LTDA;5208707;560.508;10.0;68.0;3.0;0.2572;nenhum
12014370;ESC INSTITUTO IMACULADA CONCEICAO;1200401;548.9861111111111;24.0;83.0;4.0;0.2569;nenhum
35165311;MARUPIARA COLEGIO;3550308;552.6390476190476;21.0;79.0;4.0;0.2568;nenhum
21267073;COLEGIO AUGUSTO BATISTA;2112209;544.3442857142857;14.0;43.0;5.0;0.2567;nenhum
27226620;COLEGIO INTENSIVO SISTEMA DE ENSINO LTDA;2704302;544.3143459915613;79.0;254.0;5.0;0.2565;nenhum
23066148;SALESIANO DOM BOSCO COLEGIO;2304400;560.1952;25.0;74.0;3.0;0.2564;nenhum
42152038;COLEGIO CONEXAO JARAGUA;4208906;567.8154545454546;22.0;102.0;1.0;0.2564;nenhum
53013298;ESC MASTER II;5300108;552.4733333333334;23.0;74.0;4.0;0.2561;nenhum
35109472;FITO ESCOLA DE EDUCACAO BASICA UNIDADE I;3534401;548.7405504587156;109.0;452.0;4.0;0.2558;nenhum
26189020;ESCOLA SANTA TEREZINHA;2611606;559.9958974358974;26.0;116.0;3.0;0.2556;nenhum
23271469;COLEGIO ATENEU;2304400;552.3925;16.0;55.0;4.0;0.2555;nenhum
13031872;INSTITUTO BATISTA DO AMAZONAS;1302603;559.9613333333333;15.0;74.0;3.0;0.2551;nenhum
33122245;SISTEMA ELITE DE ENSINO- UNIDADE REALENGO;3304557;550.6782857142857;35.0;311.0;3.0;0.2548;nenhum
26115557;COLEGIO PERNAMBUCANO;2610707;567.9090476190476;14.0;73.0;2.0;0.2546;nenhum
35504622;CERVANTES COLEGIO UNIDADE II;3543402;564.3913888888889;24.0;86.0;2.0;0.2545;nenhum
35155196;VINICIUS DE MORAES COLEGIO;3518800;563.2446153846154;13.0;70.0;3.0;0.2542;nenhum
35160763;BATISTA BIBLICO INSTITUTO EDUCACIONAL;3550308;563.228;15.0;57.0;3.0;0.254;nenhum
35119192;DOURADO COLEGIO;3550308;564.2819047619048;21.0;87.0;2.0;0.254;nenhum
24089397;SOCIEDADE EDUCACIONAL CONSTRUINDO SABERES LTDA-ME;2408102;548.4028571428572;14.0;47.0;4.0;0.2539;nenhum
33174725;COLEGIO E CURSO PROGRESSAO NOVA IGUACU LTDA ME;3303500;552.0442424242424;44.0;247.0;4.0;0.2536;nenhum
29806623;COLEGIO 3º MILENIO;2927408;547.2436363636364;11.0;87.0;4.0;0.2535;nenhum
35133863;ANTONIO CINTRA GORDINHO ESCOLA;3525904;567.8051851851852;27.0;166.0;0.0;0.2535;nenhum
53018770;COL RESOLVE CEILANDIA;5300108;555.5716279069767;43.0;124.0;3.0;0.253;nenhum
26133776;CENTRO EDUCACIONAL MONTE SINAI;2611606;559.3790909090909;22.0;94.0;3.0;0.2526;nenhum
35800193;COLEGIO HEITOR GARCIA;3550308;556.2194444444444;36.0;154.0;4.0;0.2525;nenhum
26121182;INSTITUTO SANTA TEREZINHA;2611606;555.4022222222222;18.0;62.0;3.0;0.2524;nenhum
53020081;COL BIANGULO IX;5300108;563.9327272727273;22.0;77.0;2.0;0.2518;nenhum
23077484;SAO SEBASTIAO CENTRO EDUCACIONAL;2304400;556.0815384615385;13.0;70.0;4.0;0.2517;nenhum
29191432;EMPRE DINAMICO DE EDUC MONTESSORIANO LTDA;2927408;550.1466666666666;12.0;41.0;3.0;0.2513;nenhum
33187282;COLEGIO EUCARISTICO SAO GONCALO;3301009;551.6929411764706;17.0;51.0;4.0;0.2512;nenhum
42163960;COLEGIO BLISS;4216602;563.7321212121212;11.0;44.0;2.0;0.251;nenhum
28032063;COLEGIO MICHELANGELO - MA E FILHOS;2800308;551.66;45.0;131.0;4.0;0.2509;nenhum
33113556;CENTRO EDUCACIONAL OS SABIDINHOS DE ARARUAMA;3300209;568.1800000000001;10.0;35.0;0.0;0.2509;nenhum
23275448;ESCOLA MODERNA WILLIAM CARTESIUS;2303709;546.625;12.0;85.0;4.0;0.2508;nenhum
35440656;CLARASSOTI COLEGIO;3543303;570.3016666666666;12.0;22.0;1.0;0.2508;nenhum
35802050;MUNDO ATUAL COLEGIO;3550308;560.5162962962963;27.0;112.0;2.0;0.2506;nenhum
41152441;AXIA C - EM;4115200;563.6384615384616;39.0;152.0;2.0;0.2503;nenhum
35111788;SAGRADA FAMILIA ESCOLA;3545209;558.9155555555556;18.0;62.0;3.0;0.2499;nenhum
35810307;BEKA COLEGIO UNIDADE III;3550308;562.4536;25.0;105.0;3.0;0.2499;nenhum
32039050;CE SANTA RITA DE CASSIA;3205200;535.503076923077;13.0;89.0;5.0;0.2498;nenhum
35151130;INTEGRACAO COLEGIO UNIDADE II;3551009;547.2513043478261;23.0;129.0;5.0;0.2498;nenhum
11015896;ESCOLA FAMILIA AGRICOLA ITAPIREMA;1100122;533.7891304347826;46.0;211.0;5.0;0.2497;nenhum
35008885;COLEGIO ESPACO MAGICO INTEGRADO CEMI;3554102;570.1138666666667;25.0;89.0;1.0;0.2495;nenhum
25093037;COLEGIO EVOCRISTO;2507507;566.684081632653;49.0;191.0;1.0;0.2493;nenhum
33081603;LUARTE A CASA DO CURUMIM MATRIZ;3304557;555.1788888888889;18.0;76.0;2.0;0.2492;nenhum
35100183;LICEU CARVALHO PINTO EIFM;3550308;566.9857142857143;14.0;58.0;2.0;0.2491;nenhum
35161299;PAULISTA INSTITUICAO DE ENSINO;3550308;551.175625;32.0;172.0;4.0;0.2483;nenhum
33520321;SISTEMA ELITE DE ENSINO - CAMPO GRANDE I;3304557;565.3662847222222;192.0;915.0;1.0;0.248;nenhum
29642612;EDUCANDARIO PEDACINHO DO CEU LTDA;2927408;555.2082993197279;49.0;214.0;4.0;0.2478;nenhum
41129393;COLEGIO ADVENTISTA BOQUEIRAO - EIEFEM;4106902;562.1135135135136;37.0;172.0;3.0;0.2476;nenhum
33115273;ESC BRITO ELIAS;3302858;546.7094573643411;43.0;171.0;5.0;0.2474;nenhum
33110050;COLEGIO QUINTANILHA;3304557;547.0556666666666;20.0;145.0;4.0;0.2473;nenhum
35158732;ONIS COLEGIO;3548500;550.8930666666668;50.0;156.0;4.0;0.247;nenhum
53014464;COL REACAO II;5300108;561.9938775510204;49.0;161.0;3.0;0.2468;nenhum
26110091;VIVER CENTRO EDUCACIONAL;2607901;534.6854545454545;11.0;35.0;5.0;0.2466;nenhum
29398479;CENTRO EDUCACIONAL BITTENCOURT - ESCOLA MENINO JESUS;2905701;558.0581818181819;11.0;29.0;3.0;0.2464;nenhum
31280135;COLEGIO BARROS OLIVEIRA;3127701;554.8014285714286;14.0;51.0;4.0;0.2464;nenhum
35448527;VILA SOL CENTRO EDUCACIONAL;3510609;569.4399999999999;10.0;38.0;1.0;0.246;nenhum
33172331;SISTEMA ELITE DE ENSINO;3304557;569.4294623655915;62.0;276.0;1.0;0.2458;nenhum
21500720;CENTRO EDUCACIONAL CASTELO DO SABER;2105302;546.5649999999999;28.0;143.0;4.0;0.2452;nenhum
29024498;COLEGIO SHALOM LTDA;2918407;565.69625;16.0;73.0;1.0;0.2449;nenhum
29279577;ESCOLA PADRE CICERO;2933307;546.4655555555556;15.0;66.0;4.0;0.2449;nenhum
27230619;ESCOLA DE EDUCACAO BASICA JOAO PAULO II;2700300;557.8090909090909;11.0;41.0;3.0;0.2448;nenhum
35135951;ESCOLA CEFI;3504107;562.712;10.0;68.0;2.0;0.2448;nenhum
13025295;COLEGIO ADVENTISTA DA CIDADE NOVA;1302603;553.8579545454545;88.0;425.0;3.0;0.2447;nenhum
35100900;COLEGIO ALBUQUERQUE;3550308;561.6058333333334;24.0;78.0;3.0;0.2444;nenhum
35158446;ADVENTISTA DE PAULINIA COLEGIO;3536505;566.0694573643411;43.0;175.0;2.0;0.2443;nenhum
41395832;COLEGIO LIBANO-BRASILEIRO;4108304;540.6818518518518;18.0;102.0;5.0;0.2442;nenhum
29452589;EDUCANDARIO GABRIEL ARCANJO;2927408;561.562105263158;19.0;85.0;3.0;0.2438;nenhum
35150307;ADVENTISTA DE JUNDIAI ESCOLA;3525904;568.9752688172043;31.0;137.0;1.0;0.2438;nenhum
33198233;LS ENSINO MARICA INTERCULTURAL LTDA NOME FANTASIA LEGACY SCHOOL MARICA;3302700;533.4338888888889;12.0;43.0;5.0;0.2437;nenhum
33060754;COLEGIO NOSSO AMIGUINHO DE VILA DE CAVA;3303500;559.0285714285714;14.0;86.0;2.0;0.2437;nenhum
33161348;ETP - CENTRO EDUCACIONAL;3304524;546.1187619047619;35.0;271.0;4.0;0.2433;nenhum
35110358;LICEU SAO PAULO;3548500;554.2036363636363;22.0;95.0;4.0;0.2432;nenhum
33121605;CENTRO EDUCACIONAL LUIZ CARLOS BARBOSA;3304557;550.198;10.0;72.0;4.0;0.2429;nenhum
33055874;COL MONSENHOR RAEDER;3303302;565.8735714285714;28.0;93.0;2.0;0.2428;nenhum
15118967;COLEGIO IMPACTO DE PARAGOMINAS;1505502;533.058;10.0;40.0;5.0;0.2424;nenhum
25071513;COLEGIO WALFREDO SIQUEIRA LUNA;2504009;565.2985185185184;27.0;176.0;1.0;0.2423;nenhum
35161287;DOM FELIPE COLEGIO;3550308;568.7168888888889;15.0;73.0;1.0;0.2423;nenhum
35127197;COLEGIO GALILEU GALILEI;3550308;566.82;16.0;70.0;0.0;0.242;nenhum
35110024;ADVENTISTA DE SANTOS COLEGIO;3548500;557.4278873239437;71.0;302.0;3.0;0.2419;nenhum
29343410;COLEGIO ACADEMICO III;2927408;549.9379310344827;29.0;97.0;4.0;0.2416;nenhum
31230308;PAINEIRA ESCOLA WALDORF;3136702;557.394;10.0;39.0;3.0;0.2416;nenhum
35150162;CENTRO EDUCACIONAL MORIAH;3518800;561.2800000000001;12.0;65.0;3.0;0.2416;nenhum
35165104;NOVO IDEAL COLEGIO;3550308;562.3061538461538;13.0;41.0;2.0;0.2416;nenhum
22023771;ESCOLA SANTO AFONSO RODRIGUEZ;2211001;538.228108108108;37.0;138.0;4.0;0.2415;nenhum
35105971;ANHEMBI MORUMBI COLEGIO;3550308;570.105;12.0;50.0;0.0;0.2414;nenhum
13026020;CENTRO EDUCACIONAL AMAZONIA;1302603;532.5014285714286;14.0;76.0;5.0;0.2413;nenhum
33021678;COLEGIO E CURSO ZEROHUM - UNIDADE FRIBURGO - PROC MANTENCA SEI 430001-002447-2023;3303401;557.52;11.0;51.0;2.0;0.2413;nenhum
33190674;COLEGIO E CURSO MATRIZ EDUCACAO LTDA;3305109;565.17;38.0;186.0;1.0;0.2412;nenhum
35100353;ADVENTISTA DE VILA NOVA CACHOEIRINHA COLEGIO;3550308;562.1629411764707;34.0;127.0;2.0;0.2411;nenhum
33162999;SISTEMA ELITE DE ENSINO - NORTE SHOPPING;3304557;565.4392708333334;128.0;539.0;0.0;0.2408;nenhum
14006260;COLEGIO ADVENTISTA DE BOA VISTA;1400100;545.5021212121212;22.0;112.0;4.0;0.2405;nenhum
33174890;CENTRO EDUCACIONAL ARAGAO TORQUATO;3303500;557.1415384615385;13.0;63.0;3.0;0.2403;nenhum
33526249;SISTEMA ELITE DE ENSINO - VILA VALQUEIRE;3304557;562.0867307692307;104.0;467.0;2.0;0.2403;nenhum
33186979;NES - NUCLEO DE EDUCACAO INFANTIL;3304524;553.4545454545455;11.0;74.0;4.0;0.2397;nenhum
15141179;COLEGIO ADVENTISTA DE ALTAMIRA;1500602;547.6339583333333;32.0;134.0;3.0;0.2394;nenhum
35107612;COLEGIO ADVENTISTA DE PEDREIRA;3550308;560.7199999999999;30.0;135.0;3.0;0.2393;nenhum
29184894;ESCOLA DE EDUCACAO BASICA E PROFISSIONAL FUNDACAO BRADESCO;2927408;543.7392792792792;74.0;266.0;4.0;0.2392;nenhum
27035514;COLEGIO SANTA TEREZA;2704302;538.6222222222223;18.0;88.0;5.0;0.239;nenhum
25117050;COLEGIO INTENSIVO UNIDADE I COSTA E SILVA;2507507;557.8493333333333;50.0;236.0;2.0;0.2382;nenhum
35116002;SESI 206 CENTRO EDUCACIONAL;3511102;543.5255555555556;18.0;124.0;4.0;0.2382;nenhum
25071009;CIE CENTRO INTERATIVO DE ENSINO LTDA;2504009;549.20375;32.0;129.0;4.0;0.2381;nenhum
25099540;COLEGIO UNIAO;2513703;531.5355555555556;36.0;98.0;5.0;0.238;nenhum
33193223;COLEGIO REALENGO E CRECHE ALDEIA MIRIM;3304557;544.6085714285714;63.0;549.0;5.0;0.2379;nenhum
29446104;COLEGIO ADVENTISTA DE FEIRA DE SANTANA;2910800;549.047027027027;37.0;162.0;4.0;0.2378;nenhum
23078081;TOMAS DE AQUINO COLEGIO;2304400;547.932;20.0;115.0;4.0;0.2376;nenhum
33054118;JD ESC SONHO DA TIA REGINA;3302700;557.7540740740741;54.0;214.0;2.0;0.2374;nenhum
35199710;ELVIRA LINARES COLEGIO;3550308;556.4777777777778;24.0;100.0;3.0;0.2374;nenhum
33181110;CR TAVARES EDUCACIONAL COLEGIO E CURSOS;3300704;561.5979310344827;29.0;141.0;2.0;0.2373;nenhum
33069778;UNID EDUC GAMA E SOUZA;3304557;538.0784615384616;13.0;85.0;5.0;0.2369;nenhum
35107633;ADVENTISTA SANTO AMARO COLEGIO;3550308;564.2331868131869;91.0;362.0;1.0;0.2364;nenhum
42064856;ALFA REDE DE ENSINO;4205407;550.9837777777777;30.0;112.0;3.0;0.2364;nenhum
13098284;CENTRO DE EDUCACAO INTEGRAL CHRIST MASTER;1302603;537.868087431694;61.0;187.0;5.0;0.2363;nenhum
35158525;CERIMAR COLEGIO;3550308;560.0085714285714;14.0;61.0;3.0;0.2363;nenhum
33028079;CENTRO EDUCACIONAL MISSAO DE SAO PEDRO;3305208;564.1818181818181;11.0;48.0;1.0;0.2361;nenhum
35165529;ALFA BETA COLEGIO;3506003;565.5008;25.0;95.0;0.0;0.2359;nenhum
33193991;COLEGIO E CURSO ZEROHUM ITAIPU;3303302;564.5436363636363;22.0;76.0;0.0;0.2357;nenhum
15165809;INSTITUTO DE EDUCACAO INTEGRADA ALBERT EINSTEIN - MARITUBA;1504422;530.4925;16.0;86.0;5.0;0.2356;nenhum
33124523;ESCOLA DOM BOSCO NOVA IGUACU LTDA;3303500;548.6616666666667;12.0;71.0;4.0;0.2356;nenhum
35153771;BRASILEIRA ESCOLA DE EDUCACAO;3518800;564.4955555555556;27.0;115.0;2.0;0.2353;nenhum
33143846;COLEGIO NITEROI;3303302;561.3828571428572;21.0;136.0;2.0;0.2352;nenhum
35175024;FORTEC ESCOLA TECNICA;3513504;555.928;20.0;112.0;3.0;0.2349;nenhum
35161317;ITAQUERA COLEGIO;3550308;559.8106666666666;15.0;68.0;3.0;0.2347;nenhum
35134673;ADVENTISTA DE VILA ALPINA COLEGIO;3550308;561.2404347826088;46.0;205.0;2.0;0.2341;nenhum
35122506;COLEGIO FUTURA;3525904;565.2677777777777;12.0;59.0;0.0;0.234;nenhum
15230023;COLEGIO SOPHOS DE PARAGOMINAS;1505502;557.2017777777778;30.0;95.0;2.0;0.2337;nenhum
33196257;COLEGIO FORCA MAXIMA DA BARRA DA TIJUCA;3304557;563.7011764705883;17.0;82.0;1.0;0.2337;nenhum
35009055;SAINT MARY S BILINGUAL SCHOOL;3551009;567.326875;16.0;70.0;1.0;0.2337;nenhum
35154106;REINO DO ENSINO COLEGIO;3550308;561.1342857142857;35.0;160.0;2.0;0.2336;nenhum
32076606;CE RADIER;3205200;551.964;10.0;51.0;4.0;0.2333;nenhum
35481580;APROVADO COLEGIO E CURSO;3526902;560.9133333333333;35.0;161.0;2.0;0.233;nenhum
27046443;COLEGIO BATISTA MORIAH NOVO LTDA;2704302;551.1832258064517;31.0;123.0;3.0;0.2323;nenhum
21470200;EDUCANDARIO AGAPE;2111300;545.9773333333334;15.0;46.0;3.0;0.2317;nenhum
35342956;ESMERALDAS DE MARILIA COLEGIO;3529005;560.5956862745098;34.0;175.0;2.0;0.2317;nenhum
16011694;CENTRO DE ENSINO MADRE TEREZA;1600600;527.15375;32.0;88.0;5.0;0.2316;nenhum
35159918;DIMENSAO CRIANCA E CIA COLEGIO;3557006;560.5938461538461;13.0;57.0;2.0;0.2315;nenhum
24087181;ESCOLA ATIVA REDE DE ENSINO;2403251;543.2099999999999;14.0;50.0;4.0;0.2314;nenhum
52096491;COLEGIO EVANGELICO PRINCIPIO DA SABEDORIA;5201405;555.0309090909091;11.0;58.0;3.0;0.2309;nenhum
35124849;CECI COLEGIO DE ENSINO FUNDAMENTAL E MEDIO;3550308;563.6231111111111;15.0;46.0;2.0;0.2307;nenhum
33143145;CENTRO EDUCACIONAL COLUMBIA 2000 LTDA;3305109;560.2965333333334;25.0;116.0;2.0;0.2302;nenhum
52101398;COLEGIO REDE EDUCA GOIAS;5208004;509.7660606060606;11.0;62.0;5.0;0.2302;nenhum
35154441;ALIADO COLEGIO UNIDADE CLUBE GUAPIRA;3550308;563.2142857142857;28.0;149.0;1.0;0.2299;nenhum
35140934;DIADEMA COLEGIO INTEGRADO;3513801;563.3710526315789;38.0;99.0;2.0;0.2291;nenhum
15169774;SISTEMA DE ENSINO EVOLUCAO;1501709;542.4155555555556;18.0;35.0;4.0;0.229;nenhum
33183953;INSTITUTO SEMEAR - SISTEMA EDUCACIONAL MISSIONARIO EVANGELICO DE ANGRA DOS REIS LTDA;3300100;554.5678787878788;22.0;104.0;3.0;0.2288;nenhum
35102301;COLEGIO UNIVERSIDADE BRASIL;3550308;551.1294736842106;19.0;61.0;4.0;0.2287;nenhum
23186763;EXODUS COLEGIO;2304400;545.2373333333334;15.0;50.0;3.0;0.2285;nenhum
41602056;ALTO PADRAO COLEGIO ED INF E ENS FUND E MED;4106902;550.4442857142857;14.0;51.0;3.0;0.228;nenhum
35004036;COLEGIO ELISEOS;3525904;566.1363636363636;11.0;47.0;1.0;0.2278;nenhum
41155254;COLEGIO SABER - EM;4106902;555.8978947368421;38.0;438.0;2.0;0.2278;nenhum
33173680;SUPERA MUNDI EDUCACAO;3304557;566.0519999999999;15.0;97.0;1.0;0.2272;nenhum
33187789;COLEGIO E CURSO MATRIZ EDUCACAO;3304557;562.5712757201645;81.0;479.0;1.0;0.2269;nenhum
29422264;INSTITUTO SOCIAL OBJETIVO;2927408;554.1554761904762;28.0;95.0;3.0;0.2268;nenhum
33185425;COLEGIO FREINET;3304557;559.5444444444445;27.0;134.0;2.0;0.2267;nenhum
26156318;COLEGIO E CURSO POTENCIAL;2616407;555.5381818181818;11.0;77.0;2.0;0.2262;nenhum
22326715;ORGANIZACAO EDUCACIONAL CRISTO LTDA;2207702;544.756923076923;13.0;53.0;3.0;0.226;nenhum
15175014;CENTRO EDUCACIONAL O MUNDO DA CRIANCA;1501402;549.9670588235294;34.0;130.0;3.0;0.2256;nenhum
24078140;FAC - COLEGIO E CURSO;2408102;546.552962962963;18.0;68.0;4.0;0.2255;nenhum
33199949;ZEROHUM EDUCACAO S A;3300456;559.159;40.0;244.0;2.0;0.225;nenhum
33079960;COLE ADVENTISTA DE PADRE MIGUEL;3304557;552.2857142857143;21.0;65.0;3.0;0.2248;nenhum
52030784;ESCOLA DOM FERNANDO;5201405;549.8626086956522;23.0;140.0;3.0;0.2248;nenhum
23071958;COLEGIO PADRE JOAO PIAMARTA;2304400;539.1768888888889;15.0;77.0;4.0;0.2242;nenhum
33114692;CENTRO EDUCACIONAL ESTACOES DO ANO;3304557;522.5054545454545;11.0;77.0;5.0;0.2242;nenhum
33051348;COLEGIO CENECISTA ALBERTO TORRES;3301900;533.412;10.0;44.0;5.0;0.224;nenhum
35136943;REDE DECISAO UNIDADE POP;3550308;557.5839344262296;61.0;180.0;3.0;0.224;nenhum
33173133;COLEGIO TECNICO SANTA CLARA EIRELI ME;3304557;544.9663636363637;22.0;72.0;4.0;0.2235;nenhum
27226220;COLEGIO SAO LUCAS;2704302;565.3863387978142;61.0;235.0;1.0;0.2234;nenhum
23062622;COLEGIO JANUSA CORREA;2303709;546.0371428571428;42.0;181.0;4.0;0.2233;nenhum
23074264;MEDICI INSTITUTO EDUCACIONAL PRESIDENTE;2304400;521.76;14.0;64.0;5.0;0.2233;nenhum
33067694;COL 1º DE MAIO;3304557;558.7045614035087;19.0;106.0;2.0;0.2231;nenhum
35119714;JOSE STRAVATI COLEGIO;3552809;562.0550000000001;20.0;58.0;1.0;0.223;nenhum
22118977;COLEGIO VISAO DE PARNAIBA;2207702;558.6281818181818;22.0;95.0;2.0;0.2228;nenhum
35463401;XI DE AGOSTO COLEGIO;3554003;562.3957894736842;19.0;117.0;2.0;0.2228;nenhum
35109400;FERNAO DIAS PAIS COLEGIO;3534401;549.898358974359;65.0;260.0;4.0;0.2219;nenhum
32010400;ESCOLA ADVENTISTA DO ESPIRITO SANTO;3201506;545.6831999999999;25.0;113.0;4.0;0.2217;nenhum
33177996;SISTEMA DE ENSINO LOIDE MARTHA;3301702;524.5692307692308;52.0;379.0;5.0;0.2216;nenhum
52104699;COLEGIO GENIOS UNIDADE II;5208707;558.49;18.0;70.0;2.0;0.2216;nenhum
41024478;PARANA CEI EF M;4115200;540.0497435897436;13.0;99.0;4.0;0.2213;nenhum
13098519;COLEGIO DOM BOSCO LESTE;1302603;524.4735294117646;34.0;122.0;5.0;0.2212;nenhum
35135471;PIONNEIRO ESCOLA NORTE;3550308;558.4372222222222;24.0;82.0;2.0;0.221;nenhum
21239843;ESCOLA RAIO DE SOL;2111300;557.079;20.0;83.0;3.0;0.2204;nenhum
33196478;LEGACY SCHOOL JARDIM SULACAP;3304557;548.7771428571428;14.0;62.0;3.0;0.2202;nenhum
35153394;ANCHIETA COLEGIO;3549904;552.4421052631578;19.0;46.0;3.0;0.2201;nenhum
35194712;GENIUS COLEGIO;3509502;562.7611764705882;17.0;63.0;0.0;0.22;nenhum
41140931;MOBI DICK C CENTRO EDEI EF M;4118204;558.062;10.0;48.0;2.0;0.22;nenhum
29454980;ESCOLA LUZ DIVINA;2927408;551.3433333333334;30.0;130.0;3.0;0.2195;nenhum
23252464;COLEGIO VENCER;2304400;531.885;12.0;57.0;5.0;0.2194;nenhum
35151026;NATUREZA ESCOLA;3513009;564.6492307692307;13.0;71.0;1.0;0.2194;nenhum
31306266;COLEGIO CONEXAO KIDS DE ENSINO FUNDAMENTAL E ENSINO MEDIO;3136702;561.4297142857143;35.0;105.0;1.0;0.2192;nenhum
35140314;EAG EAG COLEGIO TECNICO;3550308;538.5725641025641;39.0;133.0;5.0;0.2192;nenhum
15140725;SISTEMA DE ENSINO AMAZONIA;1500800;531.7807142857143;28.0;100.0;5.0;0.2191;nenhum
35155019;RUMO INICIAL COLEGIO;3550308;557.9613793103448;29.0;113.0;2.0;0.2191;nenhum
33130027;COLEGIO IBPI BARRA DA TIJUCA;3304557;549.2173333333333;10.0;56.0;4.0;0.219;nenhum
35193306;HENRIQUE I ESCOLA;3550308;561.7957142857143;49.0;166.0;2.0;0.2189;nenhum
35163338;AMORIM COLEGIO;3550308;548.5164285714285;56.0;208.0;3.0;0.2189;nenhum
33190879;CENTRO EDUCACIONAL ANTONIELI GOMES;3300704;562.5525490196078;17.0;82.0;0.0;0.2187;nenhum
35153084;EDUCANDARIO DOS ANJOS;3550308;561.7333333333333;12.0;50.0;2.0;0.2185;nenhum
24069515;COLEGIO TALENTO;2408102;548.33;10.0;47.0;3.0;0.2179;nenhum
33172285;COLEGIO ANDRADE DE FIGUEIREDO;3302403;530.0133333333333;12.0;77.0;4.0;0.2178;nenhum
35102180;SOUZA LOPES COLEGIO;3550308;551.9891666666666;16.0;77.0;3.0;0.2175;nenhum
35566809;CAMP COLEGIO;3548708;551.9659327217125;109.0;387.0;3.0;0.2172;nenhum
33149763;CENTRO DE EDUCACAO MODERNA;3302007;538.2907142857142;28.0;136.0;4.0;0.2169;nenhum
35165335;LECTUS COLEGIO;3550308;561.4266666666666;12.0;28.0;2.0;0.2165;nenhum
31257583;COLEGIO SISTEMA;3106200;544.567;20.0;57.0;4.0;0.2164;nenhum
26174774;GRUPO EDUCACIONAL DE SAO LOURENCO ANGLO LIDER;2613701;520.2190476190476;21.0;83.0;5.0;0.2161;nenhum
35150289;ITAQUA COLEGIO;3523107;557.4475;16.0;63.0;2.0;0.2161;nenhum
35125179;SANTA RITA COLEGIO;3518800;551.8257142857143;35.0;105.0;3.0;0.2159;nenhum
52072584;ESCOLA CAMINHO CERTO LTDA;5205109;557.4416666666667;12.0;32.0;2.0;0.2159;nenhum
33186723;CENTRO DE EDUCACAO MODERNA;3304557;543.972380952381;14.0;83.0;4.0;0.2153;nenhum
33071292;CENTRO EDUC CARVALHO DE MENDONCA - SUPERA MUNDI EDUCACAO;3304557;563.7489583333333;32.0;125.0;1.0;0.2148;nenhum
21092869;ESCOLA COELHO NETO;2105302;518.9671428571429;14.0;59.0;5.0;0.2146;nenhum
27321029;COLEGIO INTERATIVO;2704302;551.4561666666666;40.0;138.0;3.0;0.2142;nenhum
31293423;COLEGIO VILLA REAL;3156700;543.7112500000001;16.0;80.0;4.0;0.2139;nenhum
13080911;CENTRO METROPOLITANO DE ENSINO LTDA;1302603;537.4515151515151;22.0;97.0;4.0;0.2138;nenhum
35141297;CIDADE CANCAO COLEGIO;3550308;548.156111111111;12.0;82.0;4.0;0.2136;nenhum
35288573;CANDELARIA INSTITUTO EDUCACIONAL;3550308;543.46;11.0;60.0;4.0;0.2131;nenhum
41163761;ADVENTISTA FAZENDA RIO GRANDE C EI EF M;4107652;548.0031007751938;43.0;206.0;4.0;0.2131;nenhum
35583303;COLEGIO AEON LITORAL;3541000;560.7338461538461;13.0;56.0;2.0;0.213;nenhum
31212067;COLEGIO SAO BENEDITO;3157807;534.989393939394;44.0;177.0;4.0;0.2129;nenhum
51039826;INSTITUTO EDUCACIONAL ICE - EIRELI -ME;5103403;517.551568627451;34.0;128.0;5.0;0.2123;nenhum
21617660;JI ROSA MENINA E COLEGIO SANTO EXPEDITO;2111300;545.8611111111111;30.0;117.0;3.0;0.2119;nenhum
29199530;INSTITUTO NOSSA SENHORA DA ASSUNCAO;2927408;536.7273333333334;30.0;98.0;4.0;0.2118;nenhum
35140004;SAO SABAS COLEGIO;3550308;560.5365277777778;48.0;113.0;2.0;0.2118;nenhum
53011805;COL PALOMA;5300108;551.0;12.0;45.0;3.0;0.2118;nenhum
25098306;ELOHIM COLEGIO E CURSO;2507507;552.1663333333333;20.0;73.0;2.0;0.2117;nenhum
35009476;COLEGIO GALILEU GALILEI UNIDADE VILA EMA;3550308;561.4861538461538;26.0;69.0;0.0;0.2116;nenhum
26143178;EDUCANDARIO MENEZES;2611606;536.714;10.0;38.0;4.0;0.2115;nenhum
29459540;CENTRO EDUCACIONAL HILDEBERTO CARDOSO;2927408;543.054;10.0;63.0;4.0;0.2113;nenhum
33181560;RECREIO CHRISTIAN SCHOOL;3304557;563.2784615384616;13.0;112.0;1.0;0.2113;nenhum
33380201;INSTITUTO BIANCHI DE ENSINO;3303500;534.455;16.0;74.0;4.0;0.2111;nenhum
33116512;COL GUNNAR VINGREN EIRELI;3304557;536.5747826086956;23.0;98.0;4.0;0.2111;nenhum
35805440;COLEGIO DOM FELIPE UNIDADE II;3550308;560.4264743589744;52.0;258.0;2.0;0.2111;nenhum
35007008;ESCOLA VEREDASBC;3548708;550.8783333333333;32.0;157.0;3.0;0.211;nenhum
33082014;COL DE APLICACAO EMMANUEL LEONTISINIS;3304557;528.7642857142857;14.0;88.0;5.0;0.2108;nenhum
23063440;SAO RAIMUNDO COLEGIO;2303709;550.7646153846155;13.0;96.0;3.0;0.2107;nenhum
35141768;COLEGIO PRELUDIO;3550308;554.6604166666667;16.0;76.0;3.0;0.2099;nenhum
13093070;INSTITUTO DE EDUCACAO EL SHADAY;1302603;539.7471428571429;28.0;170.0;3.0;0.2097;nenhum
24088439;COLEGIO EXITO;2408102;535.7307526881721;93.0;290.0;4.0;0.2097;nenhum
26193230;COLEGIO DECISAO CSA;2602902;550.6053333333333;15.0;56.0;3.0;0.2095;nenhum
26188090;COMPLEXO EDUCACIONAL NOVO HORIZONTE;2616407;526.692380952381;14.0;79.0;4.0;0.2091;nenhum
27037169;COLEGIO SANTA ROSA;2704302;542.2394444444444;12.0;35.0;4.0;0.2088;nenhum
26183366;COLEGIO COGNICAO;2602902;535.2394117647059;34.0;141.0;4.0;0.2086;nenhum
29641608;REDE EDUCACIONAL SANTO GRAAL;2900702;551.67;22.0;116.0;2.0;0.2084;nenhum
33116636;JD ESC ANTONIO RIBEIRO FEITOSA LTDA;3304557;546.2507692307693;13.0;107.0;3.0;0.2084;nenhum
29304490;COOPERATIVA EDUCACIONAL DE ITABUNA;2914802;550.4052631578948;19.0;94.0;3.0;0.2083;nenhum
35165220;SOUZA E CRUZ COLEGIO;3550308;559.2236363636364;11.0;50.0;1.0;0.2082;nenhum
33060568;JD ESC RECANTO DO SABER;3303500;551.6539130434783;23.0;70.0;2.0;0.2079;nenhum
33193495;COLEGIO E CURSO ZERO HUM;3304557;555.7485714285714;14.0;83.0;2.0;0.2079;nenhum
35110899;INSTITUTO DE EDUCACAO THEREZA PORTO MARQUES;3524402;534.7314285714285;49.0;233.0;5.0;0.2079;nenhum
35133176;PADUA COLEGIO;3550308;550.4014285714286;28.0;163.0;3.0;0.2078;nenhum
35140824;MARCONI COLEGIO;3518800;554.5208130081301;82.0;307.0;2.0;0.2077;nenhum
35007094;COLEGIO GENESIS;3554003;559.148695652174;23.0;124.0;1.0;0.2077;nenhum
42103215;CENTRO EDUCACIONAL MARISTA LUCIA MAYVORNE;4205407;505.2122222222222;18.0;81.0;5.0;0.2073;nenhum
43038379;COLEGIO LUTERANO CONCORDIA;4304606;546.0487179487179;13.0;83.0;3.0;0.2073;nenhum
33190054;REDE DE ENSINO PREPARA - UNIDADE REALENGO 1;3304557;541.605;16.0;48.0;4.0;0.2069;nenhum
35160544;ALFA COLEGIO UNIDADE II;3518701;558.9704;25.0;89.0;1.0;0.2069;nenhum
35119520;SOBEN CENTRO EDUCACIONAL;3516309;559.4133333333333;12.0;54.0;2.0;0.2068;nenhum
24001295;COLEGIO LIRIOS LTDA;2408003;538.4752;25.0;92.0;3.0;0.2066;nenhum
26135465;INSTITUTO SANTA TEREZA;2609600;541.5927272727272;11.0;30.0;4.0;0.2066;nenhum
33218803;ADN MASTER COLEGIO LTDA;3304557;555.4855555555555;18.0;109.0;2.0;0.2065;nenhum
35151324;INSTITUTO PRESBITERIANO DE EDUCACAO;3507506;559.3336;25.0;124.0;2.0;0.2065;nenhum
35288482;PABLO PICASSO COLEGIO;3551702;558.7784444444444;30.0;114.0;1.0;0.2063;nenhum
33026459;COL PROF FERNANDO MOREIRA CALDAS;3300209;523.81;26.0;111.0;5.0;0.2059;nenhum
35167666;COLEGIO TRIVIUM;3541000;559.2646376811593;23.0;99.0;2.0;0.2059;nenhum
35173241;ASSEMBLEIANO DE MARILIA COLEGIO;3529005;553.6269696969697;22.0;107.0;1.0;0.2058;nenhum
35809676;POLICIA MILITAR COLEGIO UNIDADE PENHA;3550308;555.2438271604939;54.0;212.0;2.0;0.2052;nenhum
35188864;COLEGIO BERYON;3518800;553.7375;24.0;125.0;3.0;0.2051;nenhum
26184419;ESCOLA CRIATIVA INFORMATICA;2604106;533.8744927536231;23.0;109.0;4.0;0.2043;nenhum
28067401;COLEGIO CEA LTDA;2800308;545.3566666666667;28.0;107.0;3.0;0.2041;nenhum
33152713;COLEGIO MAIA SANTOS;3304557;555.0014285714286;14.0;64.0;2.0;0.2041;nenhum
33093008;COLEGIO BATISTA DO VILAR;3305109;549.6054901960784;34.0;153.0;3.0;0.2041;nenhum
35135549;CARLOS DRUMMOND DE ANDRADE COLEGIO;3550308;549.5687037037037;36.0;167.0;3.0;0.204;nenhum
29406579;COLEGIO IMPACTO;2913606;545.2591228070175;38.0;112.0;3.0;0.2038;nenhum
35155287;REDE DECISAO UNIDADE GRAJAU;3550308;553.3827272727273;22.0;26.0;3.0;0.2038;nenhum
33182884;SISTEMA ELITE DE ENSINO;3303203;549.8598809523809;56.0;373.0;2.0;0.2036;nenhum
29365406;COOPEX - COLEGIO BOA IDEIA;2924009;545.2019354838709;31.0;77.0;3.0;0.2033;nenhum
35119748;FORTEC ESCOLA TECNICA UNIDADE II;3541000;540.525350877193;76.0;475.0;4.0;0.2032;nenhum
41399820;ISULPAR CEM;4118204;506.75416666666666;16.0;73.0;5.0;0.2029;nenhum
15156451;CENTRO EDUCACIONAL MENDARA;1501402;558.012;10.0;50.0;1.0;0.2028;nenhum
35119118;SAO PAULO COLEGIO;3550308;549.2149999999999;20.0;116.0;3.0;0.2025;nenhum
52079520;COLEGIO ARCO IRIS;5200258;550.501;20.0;100.0;2.0;0.2023;nenhum
35132329;ECO COLEGIO;3550308;552.7057142857143;21.0;78.0;3.0;0.2022;nenhum
26224658;OPVEST COLEGIO E CURSO;2609600;554.5;14.0;42.0;2.0;0.202;nenhum
35004913;ESCOLA VEREDA;3547809;540.115;24.0;149.0;4.0;0.2019;nenhum
33202850;COLEGIO E CURSO ZEROHUM ILHA;3304557;553.08125;16.0;48.0;2.0;0.2018;nenhum
35142864;FUTURO COLEGIO;3550308;554.4344444444445;18.0;69.0;2.0;0.2017;nenhum
35809385;PABLO NERUDA COLEGIO;3503208;562.9308108108107;37.0;133.0;0.0;0.2014;nenhum
35157132;COLEGIO EVOLUCAO MAIS;3550308;554.3720000000001;20.0;77.0;2.0;0.2011;nenhum
35107529;SAO LUIZ DE GONZAGA COLEGIO;3550308;545.4145454545455;22.0;72.0;4.0;0.2011;nenhum
26163454;EDUCANDARIO DIVINA PROVIDENCIA;2603454;544.7166666666666;12.0;48.0;3.0;0.2009;nenhum
35263473;POLIBRASIL COLEGIO;3538709;548.7985714285714;14.0;65.0;3.0;0.2008;nenhum
35441922;IPE GRUPO EDUCACIONAL CARLOS CLEMENTE;3522208;557.667619047619;21.0;88.0;1.0;0.2004;nenhum
31349399;COLEGIO SAO BENEDITO- UNIDADE II;3157807;542.8638095238096;21.0;92.0;3.0;0.2001;nenhum
33106460;COLEGIO TAUA;3304557;554.1538461538462;13.0;57.0;2.0;0.2001;nenhum
33187762;COLEGIO E CURSO MATRIZ EDUCACAO;3303500;561.4328571428572;70.0;307.0;1.0;0.1999;nenhum
33090041;COLEGIO FORCA MAXIMA DE SAO GONCALO LTDA - ME;3304904;557.56;25.0;132.0;1.0;0.1999;nenhum
35119593;COLEGIO SUZANO;3552502;554.0286486486486;37.0;124.0;2.0;0.1996;nenhum
35187318;GAIA COLEGIO DE EDUCACAO INFANTIL E ENSINO FUNDAMENTAL;3518701;561.4246666666667;20.0;79.0;1.0;0.1995;nenhum
28035488;CENTRO EDUCACIONAL FUTURO FELIZ LTDA;2800308;549.9739130434782;23.0;61.0;2.0;0.1993;nenhum
21195516;COL VINICIUS DE MORAES E JI BALAO MAGICO;2111300;548.7137037037037;54.0;136.0;2.0;0.1986;nenhum
33187770;COLEGIO E CURSO MATRIZ EDUCACAO;3304557;561.3491525423728;59.0;347.0;1.0;0.1985;nenhum
27053717;MULTIPLO ESCOLA DE ENSINO FUNDAMENTAL E MEDIO LTDA;2704302;549.8043902439024;41.0;115.0;2.0;0.198;nenhum
35805452;SCARANNE COLEGIO;3550308;538.4983333333333;24.0;133.0;4.0;0.198;nenhum
21278962;COLEGIO SOL;2111300;548.49625;16.0;32.0;2.0;0.1977;nenhum
35196685;OBJETIVO EMBU DAS ARTES;3515004;557.2309090909091;11.0;54.0;1.0;0.1977;nenhum
50005200;COLEGIO TICTAC E INSTITUTO PENRABEL;5002704;553.6244444444444;18.0;81.0;2.0;0.1976;nenhum
29192480;MARIA RITA DA SILVA COSTA ME;2927408;544.5944444444444;30.0;108.0;4.0;0.1972;nenhum
41123794;COLEGIO METROPOLITANA - EDUCACAO INFANTIL E ENSINO FUNDAMENTAL E MEDIO;4101804;548.0775;16.0;86.0;3.0;0.1971;nenhum
35006934;COLEGIO UNITERP CIDADE NORTE;3549805;551.8432380952381;35.0;171.0;3.0;0.197;nenhum
35176597;ADVENTUS COLEGIO;3550308;553.3257777777778;15.0;79.0;2.0;0.1966;nenhum
13026321;CENTRO EDUCACIONAL RECANTO DA CRIANCA E INTERATIVO;1302603;530.9428571428572;21.0;84.0;4.0;0.1963;nenhum
35100833;SAO JUDAS EXTERNATO;3550308;551.7323076923077;13.0;51.0;3.0;0.1963;nenhum
35189443;MORALES LOPES COLEGIO;3550308;551.7003571428571;56.0;183.0;3.0;0.1962;nenhum
35150373;PARAISO COLEGIO;3548708;537.8817142857143;35.0;124.0;4.0;0.1959;nenhum
52211371;COLEGIO ATLANTA LTDA;5208707;537.8457575757576;44.0;137.0;4.0;0.1956;nenhum
25127020;ODACY DE ANDRADE FREITAS SILVA;2504009;519.2694117647059;17.0;85.0;5.0;0.1955;nenhum
35116661;COLEGIO EXTENSAO;3502804;552.77875;16.0;101.0;2.0;0.1953;nenhum
28075420;COLEGIO ELITE;2800308;552.698947368421;19.0;74.0;2.0;0.195;nenhum
35006165;COC VILA PRUDENTE;3550308;528.7504761904762;21.0;97.0;4.0;0.195;nenhum
51016435;COLEGIO ADVENTISTA DE SINOP;5107909;547.6735483870968;31.0;133.0;3.0;0.195;nenhum
43107567;COLEGIO LUTERANO DA PAZ;4314902;542.8651515151515;22.0;96.0;3.0;0.1948;nenhum
21279721;COLEGIO FETMA E FETMA KIDS;2107506;528.6541666666667;24.0;79.0;4.0;0.1945;nenhum
26320614;COLEGIO E CURSO EXPOSITIVO;2609600;530.3416666666667;12.0;43.0;4.0;0.1944;nenhum
35009648;CENTRO EDUCACIONAL TOTH ME;3543303;556.5871604938271;27.0;86.0;1.0;0.1944;nenhum
35107153;SESI 402 CENTRO EDUCACIONAL;3550308;547.5683333333333;24.0;92.0;3.0;0.1944;nenhum
13090186;CENTRO EDUCACIONAL IMPERIAL;1302603;518.3796825396826;21.0;108.0;5.0;0.1942;nenhum
35121563;DIOCESANO PAULO VI COLEGIO;3552502;552.4866666666667;12.0;81.0;2.0;0.1941;nenhum
35008650;COLEGIO EVANGELICO DE ITAQUERA;3550308;560.4212578616352;53.0;334.0;1.0;0.194;nenhum
52110400;COLEGIO FILOS;5200258;537.2663157894737;19.0;80.0;4.0;0.1938;nenhum
28075412;COLEGIO SANTA FE LTDA;2800308;556.9753333333333;10.0;50.0;2.0;0.1936;nenhum
35110929;INSTITUTO DE TECNOLOGIA DE JACAREI;3524402;537.1446913580247;27.0;168.0;4.0;0.1935;nenhum
41382706;COLEGIO ADVENTISTA ARAUCARIA - EIEFEM;4101804;536.8411904761905;56.0;213.0;4.0;0.1929;nenhum
35153060;ESCREVIVENDO COLEGIO;3550308;543.294;10.0;44.0;4.0;0.1927;nenhum
33192685;COLEGIO E CURSO MATRIZ EDUCACAO ROCHA MIRANDA;3304557;556.714074074074;45.0;235.0;2.0;0.1926;nenhum
15185001;CENTRO DE ESTUDOS DA AMAZONIA;1501402;552.184;10.0;30.0;2.0;0.1923;nenhum
35173685;MARTINS PENNA COLEGIO;3550308;547.1529411764706;17.0;68.0;3.0;0.1923;nenhum
27054551;COLEGIO SANTA ISABEL;2704302;550.7639999999999;10.0;41.0;1.0;0.192;nenhum
15172732;NUCLEO DE ENSINO PROFISSIONAL DA AMAZONIA LTDA;1501303;552.0930000000001;20.0;45.0;2.0;0.1917;nenhum
33088560;ESCOLA TECNICA VIRGINIA PATRICK;3304557;547.268;10.0;38.0;2.0;0.1916;nenhum
43113338;COLEGIO HEBE MARSIGLIA;4315602;548.3015384615385;13.0;13.0;2.0;0.1913;nenhum
35168622;MORIAH COLEGIO;3547809;559.7888888888889;36.0;115.0;1.0;0.1912;nenhum
32034318;CE SONHO MEU;3201308;536.34375;16.0;73.0;4.0;0.1911;nenhum
25099868;INSTITUTO NOSSA SENHORA DE FATIMA LTDA;2513703;515.25;18.0;107.0;5.0;0.191;nenhum
35141355;UNIVERSITARIO ALPHAVILLE COLEGIO;3547304;550.6629629629629;18.0;63.0;3.0;0.1906;nenhum
33101043;COL SOUZA DUARTE;3303500;541.2850000000001;20.0;119.0;3.0;0.1896;nenhum
31074292;COL PIO XII;3136702;535.4632183908046;29.0;106.0;4.0;0.1895;nenhum
33070008;COL NOSSA SENHORA DA PENHA;3304557;509.7212698412699;21.0;90.0;4.0;0.1895;nenhum
35007181;ESCOLA DE HUMANIDADES JOAO FILGUEIRAS LIMA FABRICA;3550308;550.4457142857143;21.0;89.0;3.0;0.1891;nenhum
33450226;SEICE SISTEMA DE ENSINO INTEGRADO DE CAMPOS ELISEOS;3301702;535.186875;64.0;288.0;4.0;0.1889;nenhum
23062541;COLEGIO PARQUE ESTUDANTIL GUADALAJARA;2303709;512.3618181818182;11.0;43.0;5.0;0.1888;nenhum
35157478;AUGUSTO SILVA COLEGIO;3550308;535.1727272727272;11.0;82.0;4.0;0.1887;nenhum
35006923;COLEGIO LICEO SANTO AMARO ABADE;3550308;555.6900432900433;77.0;376.0;0.0;0.1884;nenhum
53012330;COL WGS;5300108;542.0339259259259;45.0;194.0;4.0;0.1884;nenhum
21256667;COLEGIO REIS MAGOS;2101202;546.210909090909;44.0;233.0;3.0;0.1883;nenhum
33068925;COLEGIO CELC;3304557;511.8192982456141;57.0;351.0;5.0;0.1881;nenhum
35168920;COLEGIO VANGUARDA;3504107;551.4877777777778;12.0;50.0;2.0;0.188;nenhum
35110474;HENRIQUE OSWALD ESCOLA;3551009;550.226;10.0;13.0;3.0;0.188;nenhum
29179530;COLEGIO ADVENTISTA DE ITAPAGIPE;2927408;550.4587096774194;62.0;159.0;2.0;0.1878;nenhum
35141537;ITAMARATI COLEGIO;3543402;551.3372222222222;24.0;120.0;2.0;0.1874;nenhum
35118667;NOBILIS COLEGIO;3547809;550.0645714285714;35.0;158.0;3.0;0.1872;nenhum
52059928;COLEGIO INSTITUTO FRANCISCO DE ASSIS;5211503;534.9711111111111;75.0;348.0;4.0;0.1871;nenhum
33058504;COLEGIO ANTONIO HUBACK;3303500;550.0212698412698;21.0;89.0;3.0;0.1869;nenhum
29400340;ESCOLA CRIATIVA;2928703;547.284;15.0;56.0;2.0;0.1864;nenhum
29189993;COLEGIO CELESTIN FREINET;2927408;549.9169230769231;13.0;34.0;3.0;0.1863;nenhum
33115630;CENTRO EDUC LAZARES;3304904;541.1963636363636;11.0;69.0;4.0;0.186;nenhum
43203817;COLEGIO MESQUITA;4314902;540.1375438596491;19.0;109.0;3.0;0.1859;nenhum
35268422;TABLEAU COLEGIO SOROCABA;3552205;541.0482352941176;17.0;107.0;4.0;0.1855;nenhum
33107319;CEBM SAO MATEUS;3304557;539.804;10.0;57.0;3.0;0.1851;nenhum
27049035;COLEGIO DE EDUCACAO BASICA NOSSA SENHORA APARECIDA;2700300;554.476;10.0;55.0;1.0;0.185;nenhum
33103364;ESC TECNICA 3 D;3303500;508.3067555555556;75.0;353.0;5.0;0.1846;nenhum
23275189;MODELO EDUCAR COLEGIO;2304400;554.8916666666667;12.0;33.0;2.0;0.1845;nenhum
26157373;COLEGIO E CURSO MAGMA;2607901;526.8169230769231;13.0;78.0;4.0;0.1845;nenhum
35155111;SILOGEU COLEGIO;3552502;556.1108333333333;24.0;114.0;0.0;0.1843;nenhum
51065088;COOPERATIVA DE ENSINO ALVARES CABRAL;5107602;546.7233333333332;12.0;45.0;2.0;0.184;nenhum
33153442;VOLTAIRE COLEGIO E VESTIBULARES;3303302;559.868;10.0;59.0;0.0;0.1838;nenhum
33143366;COLEGIO ICARO;3304557;549.3733333333333;18.0;145.0;3.0;0.1836;nenhum
29472466;RIBEIRO E ALMEIDA CENTRO EDUCACIONAL LTDA ME;2928703;525.8854545454545;11.0;61.0;4.0;0.1833;nenhum
33058148;CENTRO EDUCACIONAL VALVERDE - MATRIZ;3303500;546.635;20.0;102.0;2.0;0.1833;nenhum
29452414;COLEGIO METODO;2933307;533.3353846153847;13.0;46.0;4.0;0.1831;nenhum
35150548;METODO COLEGIO;3529401;554.0543859649123;19.0;73.0;1.0;0.1829;nenhum
15173402;ELITE EDUCAR;1501402;533.1780000000001;10.0;63.0;4.0;0.1828;nenhum
33193070;LEGACY SCHOOL ILHA PURA;3304557;550.4957142857143;14.0;70.0;2.0;0.1826;nenhum
13025333;COLEGIO ADVENTISTA DE MANAUS;1302603;543.3758558558559;37.0;155.0;3.0;0.1824;nenhum
27034780;COLEGIO ATHENEU;2704302;550.4635897435898;39.0;154.0;2.0;0.1824;nenhum
15570479;COLEGIO IMPACTO;1500800;553.8048275862069;58.0;226.0;1.0;0.1816;nenhum
41377117;COLEGIO MONJOLO - EDUCACAO INFANTIL ENSINO FUNDAMENTAL E MEDIO;4108304;532.7576470588236;17.0;104.0;4.0;0.1815;nenhum
17056420;COLEGIO DOM BOSCO TAQUARALTO;1721000;503.9983333333333;12.0;48.0;5.0;0.1814;nenhum
35352652;COLEGIO PALAVRA VIVA UNIDADE II;3550308;553.7871515151515;55.0;258.0;1.0;0.1814;nenhum
23066644;CASTRO ALVES COLEGIO;2304400;532.4879999999999;25.0;137.0;4.0;0.1809;nenhum
35809883;TERRA NOVA COLEGIO;3548708;548.7331707317072;41.0;139.0;3.0;0.1809;nenhum
41150856;COLEGIO MARISTA IRMAO ACACIO ENSINO FUNDAMENTAL MEDIO E PROFISSIONAL;4113700;519.9673504273504;39.0;169.0;4.0;0.1807;nenhum
35166169;INTEGRADO COLEGIO;3502804;553.5447058823529;17.0;59.0;1.0;0.1805;nenhum
35134272;SANTA MARIA COLEGIO;3522307;555.2458823529412;17.0;65.0;0.0;0.1805;nenhum
26147505;ESCOLA DE APLICACAO DA AMEC;2606804;502.03509803921565;34.0;140.0;5.0;0.1803;nenhum
33159815;COLEGIO SONJA KILL;3304557;530.3283333333334;12.0;91.0;4.0;0.18;nenhum
21017549;COMPLEXO EDUCACIONAL LAUNE;2111300;536.0376470588235;34.0;79.0;3.0;0.1798;nenhum
35109393;APLICACAO DE OSASCO COLEGIO;3534401;532.14625;48.0;160.0;4.0;0.1796;nenhum
41570944;IPEC CEI EFM;4118204;500.5161111111111;12.0;72.0;5.0;0.1795;nenhum
25118102;COLEGIO E CURSO JOSE AMERICO DE ALMEDA;2513703;531.9473333333333;30.0;88.0;4.0;0.179;nenhum
33060371;INSTITUTO MENINO JESUS DE COMENDADOR SOARES;3303500;523.568;10.0;67.0;4.0;0.1789;nenhum
33121613;JI TIA MONICA-CT EDUC VASCONCELOS DANTAS;3304557;549.8690909090909;11.0;51.0;2.0;0.1789;nenhum
35250892;EDUCARE CENTRO DE ENSINO;3549904;554.8016393442623;61.0;267.0;0.0;0.1789;nenhum
35151889;GUARAPIRANGA COLEGIO;3550308;543.8257142857143;21.0;133.0;3.0;0.1788;nenhum
26190265;COLEGIO ALPHA;2610707;523.1222222222223;15.0;62.0;4.0;0.1786;nenhum
28036174;CENTRO EDUCACIONAL SAO JOAQUIM;2800308;552.832;10.0;45.0;1.0;0.1786;nenhum
43211402;COLEGIO ROMANO SENHOR BOM JESUS;4314902;522.1407407407407;54.0;157.0;4.0;0.1777;nenhum
35808489;COLEGIO INTEGRACAO JUNDIAI;3525904;558.5090909090909;11.0;55.0;0.0;0.1774;nenhum
33103283;ESC VIVA VERDE LTDA;3304144;543.385;12.0;65.0;3.0;0.1772;nenhum
35141501;VISCONDE DE ITABORAI COLEGIO;3548708;549.51;22.0;54.0;2.0;0.1772;nenhum
13092308;ESCOLA CELUS LTDA;1302603;537.1208333333333;24.0;138.0;3.0;0.1771;nenhum
35806286;OLIVEIRA TELLES COLEGIO UNIDADE III;3550308;549.5073015873015;63.0;224.0;2.0;0.177;nenhum
52031713;ESCOLA DOCE MEL;5201405;521.542;10.0;48.0;4.0;0.177;nenhum
33152322;COL ICARO LTDA;3304557;536.827311827957;31.0;187.0;3.0;0.1765;nenhum
33266204;COLEGIO EVOLUCAO DE ITAIPUACU LTDA;3302700;552.8815625;32.0;119.0;2.0;0.1764;nenhum
29399262;COLEGIO E PRE VESTIBULAR DESTAQUE;2900702;536.7506666666667;15.0;84.0;3.0;0.1763;nenhum
33083550;CENTRO DE EDUCACAO E TECNOLOGIA DO GRANDE RIO;3304557;530.5832552083333;128.0;1012.0;4.0;0.176;nenhum
35139300;COLEGIO OBJETIVO ESPLANADA;3549904;552.2418181818182;11.0;50.0;1.0;0.1757;nenhum
33125228;SISTEMA ELITE DE ENSINO - SANTA CRUZ;3304557;552.2133333333334;63.0;298.0;1.0;0.1756;nenhum
42106915;CENTRO EDUCACIONAL MARISTA IR WALMIR;4204608;515.32125;16.0;94.0;4.0;0.1756;nenhum
26193221;COLEGIO MULTIPLO ESCOLHA;2611606;542.908275862069;29.0;143.0;3.0;0.1754;nenhum
35154854;GENESE COLEGIO;3550308;556.6008888888888;15.0;25.0;1.0;0.1752;nenhum
35168543;GUGLIELMO MARCONI COLEGIO;3518800;552.6031578947368;38.0;169.0;2.0;0.1749;nenhum
33116709;CENTRO EDUCACIONAL CALIFORNIA;3304557;519.6823333333333;20.0;91.0;4.0;0.1748;nenhum
23225890;VIDA VIVA CENTRO EDUCACIONAL;2304400;548.7988034188035;39.0;144.0;2.0;0.1745;nenhum
35167459;VIP COLEGIO UNIDADE IMIRIM;3550308;542.6541176470589;17.0;69.0;3.0;0.1743;nenhum
35118540;ESPACO CULTURAL COLEGIO;3543402;557.8282828282828;33.0;165.0;0.0;0.1741;nenhum
43181422;IE JOSUE DE CASTRO;4323002;530.1913043478261;23.0;96.0;4.0;0.1741;nenhum
33111430;CENTRO EDUCACIONAL TRIANGULO;3304557;518.8183647798742;53.0;392.0;4.0;0.1738;nenhum
33098840;EDUCANDARIO CECILIA PINHEIRO;3301900;535.5313725490196;17.0;90.0;3.0;0.1736;nenhum
33063575;COL PINHEIRO GUIMARAES;3304557;548.6973913043478;23.0;54.0;2.0;0.1735;nenhum
35177015;EMILIO DE ROUSSEAU COLEGIO;3550308;551.83625;16.0;74.0;1.0;0.1727;nenhum
35810630;ELITE REDE DE ENSINO;3550308;548.47;16.0;151.0;2.0;0.1726;nenhum
41384750;DYNAMICO CEF M;4119905;529.7372769953051;71.0;332.0;4.0;0.1726;nenhum
26174588;COLEGIO E CURSO OPCAO;2603454;542.0385185185185;27.0;59.0;3.0;0.1723;nenhum
35131295;DON DOMENICO COLEGIO;3518701;529.6790476190477;35.0;151.0;4.0;0.1723;nenhum
35810228;NACOES INSTITUTO EDUCACIONAL;3513801;552.0600000000001;14.0;64.0;2.0;0.1721;nenhum
33159599;COLEGIO FORCA MAXIMA DE VILAR DOS TELES;3305109;546.7991111111112;60.0;317.0;3.0;0.1718;nenhum
35119659;OBJETIVO CARAPICUIBA;3510609;555.8515343915344;63.0;201.0;1.0;0.1717;nenhum
23232234;COLEGIO ESPACO LIVRE;2307700;511.19644444444447;15.0;72.0;4.0;0.1716;nenhum
35113402;BARAO DE LIMEIRA COLEGIO;3526902;548.2775;16.0;101.0;2.0;0.1716;nenhum
33150699;CENTRO EDUC DE ITABORAI PEDRO E SANTANA;3301900;541.896;20.0;120.0;3.0;0.1715;nenhum
33114013;COLEGIO CURSO VISAO;3301702;557.4359999999999;10.0;57.0;0.0;0.1714;nenhum
25098578;SISTEMA EDUC GENIUS LTDA - COLEGIO MASTER BESSA;2507507;541.604347826087;23.0;98.0;3.0;0.171;nenhum
35004602;COLEGIO PLENITUDE II;3550308;546.7776470588235;17.0;60.0;2.0;0.1701;nenhum
21318433;COLEGIO IMPERIAL;2111300;547.9699999999999;12.0;45.0;2.0;0.17;nenhum
35137108;COLEGIO ADVENTISTA CAMPO LIMPO II;3550308;546.4491666666667;24.0;192.0;3.0;0.17;nenhum
35121253;JEAN PIAGET COLEGIO;3551009;551.3;12.0;124.0;1.0;0.17;nenhum
26110598;COLEGIO ZULEIDE CONSTANTINO;2607901;551.1906410256411;52.0;196.0;1.0;0.1698;nenhum
23251859;VASCONCELOS VIEIRA COLEGIO;2304400;532.2783333333333;20.0;62.0;3.0;0.1693;nenhum
26120224;ESCOLA SOUZA VERAS;2611606;528.4167901234568;27.0;99.0;4.0;0.1693;nenhum
29180015;CENTRO EDUCACIONAL IMPERIO DO SABER;2927408;532.1612121212121;22.0;76.0;3.0;0.1691;nenhum
33172030;CENTRO EDUCACIONAL INACIO MEDEIROS VEROLME LTDA;3300100;541.0436363636364;11.0;60.0;3.0;0.1691;nenhum
31266655;INSTITUTO CASSIO MAGNANI;3144805;508.29625;16.0;49.0;4.0;0.1689;nenhum
35171116;GUAIAUNA COLEGIO;3550308;547.7753846153846;13.0;43.0;2.0;0.1689;nenhum
35173708;INTEGRADO COLEGIO;3550308;540.9641379310344;29.0;118.0;3.0;0.1687;nenhum
33200351;FR TERRA CENTRO EDUCACAO ME;3301900;540.9422222222222;12.0;32.0;3.0;0.1686;nenhum
35185449;META LUX COLEGIO;3550308;551.0145454545454;11.0;52.0;1.0;0.1685;nenhum
35173174;EVOLUCAO COLEGIO;3550308;555.1800000000001;20.0;107.0;1.0;0.1685;nenhum
21199274;EDUCATOR FUNDAMENTAL E ENSINO MEDIO INVICTUS - CALHAU;2111300;546.3386666666667;15.0;50.0;2.0;0.1682;nenhum
26171155;ACADEMIA SAO MATEUS DO JANGA LTDA;2610707;528.2185714285714;14.0;44.0;4.0;0.1682;nenhum
24059935;COLEGIO ENCANTO UNIDADE I;2408102;512.7122222222222;36.0;171.0;4.0;0.168;nenhum
32080778;CENTRO DE ENSINO OUSE;3203205;528.0691666666667;16.0;63.0;4.0;0.1678;nenhum
35806420;POLICIA MILITAR COLEGIO DA;3550308;540.6561904761905;21.0;81.0;3.0;0.1676;nenhum
23206373;MATHEUS CENTRO EDUCACIONAL SAO;2304400;527.9756862745098;34.0;171.0;4.0;0.1674;nenhum
35103081;ALBERT EINSTEIN COLEGIO;3522109;550.7950000000001;16.0;51.0;1.0;0.1674;nenhum
25126210;VIP COLEGIO QI SUL;2507507;545.6165656565657;33.0;138.0;1.0;0.1673;nenhum
33113360;CENTRO DE FORMACAO PROFISSIONAL BEZERRA DE ARAUJO;3304557;511.9555555555555;60.0;282.0;4.0;0.1673;nenhum
33123829;CENTRO EDUC FERNANDES MARQUES;3304557;547.354;10.0;60.0;2.0;0.1673;nenhum
23068140;ECA DE QUEIROS COLEGIO;2304400;527.9154761904762;28.0;136.0;4.0;0.1672;nenhum
26182211;COLEGIO E CURSO PERFORMANCE;2610707;540.4588235294118;17.0;82.0;3.0;0.1672;nenhum
35187537;MONTE CASTELO COLEGIO;3550308;554.7622857142857;35.0;179.0;1.0;0.1671;nenhum
27320022;ESCOLA DE EDUCACAO BASICA SAO THIAGO;2704302;545.7392592592593;27.0;100.0;3.0;0.167;nenhum
35140132;PROGRESSO COLEGIO;3518800;527.3716666666667;12.0;140.0;4.0;0.1667;nenhum
35124527;PENHA DE FRANCA COLEGIO;3550308;540.1553846153846;13.0;95.0;3.0;0.1665;nenhum
35192211;24 DE MAIO COLEGIO;3550308;534.2070588235295;17.0;68.0;4.0;0.1664;nenhum
26489716;ESCOLA ADVENTISTA DE SAN MARTIN;2611606;542.25;22.0;100.0;2.0;0.1663;nenhum
35160672;PORTAL DIMENSAO 3 COLEGIO;3518800;545.9705882352941;17.0;132.0;2.0;0.1661;nenhum
43107800;COLEGIO ADVENTISTA DO PARTENON;4314902;521.4961538461538;26.0;131.0;3.0;0.1661;nenhum
33530220;COLEGIO LAURA MATOS UNIDADE 2;3304557;511.0279365079365;21.0;189.0;4.0;0.1657;nenhum
35440310;ALEXANDRE DUMAS COMPLEXO EDUCACIONAL;3513801;550.9918518518518;27.0;74.0;2.0;0.1657;nenhum
35156541;APRENDIZ DO FUTURO COLEGIO;3550308;556.2737931034483;29.0;105.0;0.0;0.1657;nenhum
42162076;COLEGIO MARISTA E MUNICIPAL SAO JOSE;4216602;503.9112643678161;29.0;286.0;4.0;0.1657;nenhum
23235950;AUXILIADORA NOSSA SENHORA ESCOLA;2304400;503.7582456140351;19.0;50.0;4.0;0.1654;nenhum
27055043;COLEGIO POP EDUCACAO COM INOVACAO;2700300;554.2551851851852;18.0;52.0;1.0;0.1644;nenhum
23246561;21 DE ABRIL COLEGIO BEZERRA DE MENEZES;2304400;545.0853333333333;15.0;58.0;3.0;0.164;nenhum
35004190;COLEGIO NOVA EPOCA UNIDADE II;3550308;545.0657142857142;21.0;73.0;3.0;0.1638;nenhum
33190321;COLEGIO METAVERSO DE CAMPO GRANDE;3304557;550.1899999999999;24.0;106.0;1.0;0.1636;nenhum
35007851;ESCOLA LUMINOVA INTERLAGOS;3550308;551.6564583333334;32.0;160.0;0.0;0.1636;nenhum
13031783;INSTITUTO ADVENTISTA DE MANAUS;1302603;525.8121929824562;76.0;382.0;4.0;0.1635;nenhum
33091226;COLEGIO PARAISO;3304904;525.7076923076922;26.0;102.0;4.0;0.1634;nenhum
33448256;COLEGIO FORCA MAXIMA DE SAO JOAO DE MERITI;3305109;538.9581609195402;58.0;286.0;3.0;0.1632;nenhum
33054851;INSTITUTO MARIA TOMASIA LTDA;3303203;525.6516666666666;12.0;52.0;4.0;0.1631;nenhum
35114959;MOURA LACERDA COLEGIO UNIDADE I;3543402;554.0159139784946;31.0;197.0;1.0;0.1631;nenhum
52076997;COLEGIO VILLAGE GARAVELO - UNIDADE I;5201405;538.8860000000001;10.0;47.0;3.0;0.163;nenhum
31230758;INSTITUTO EDUCACIONAL SHALOM;3170206;525.3329411764706;17.0;143.0;4.0;0.1627;nenhum
23275308;CENTRO EDUCACIONAL M FIALHO;2304400;507.1452631578948;19.0;69.0;4.0;0.1625;nenhum
27216705;COLEGIO NOSSA SENHORA AUXILIADORA;2704302;538.6009523809524;21.0;82.0;3.0;0.1625;nenhum
35157028;COLEGIO MELO ARAGAO;3550308;546.2466666666667;28.0;209.0;2.0;0.1622;nenhum
23081457;COLEGIO ATENEU INDUSTRIAL;2307650;531.6904761904763;14.0;62.0;3.0;0.162;nenhum
24003638;COLEGIO UNIVERSO UNO;2408003;505.88272727272727;22.0;72.0;4.0;0.1619;nenhum
35124148;DINAMICO INSTITUTO EDUCACIONAL;3502804;555.388;20.0;73.0;0.0;0.1618;nenhum
35169328;DOM BOSCO COLEGIO;3523107;546.1210526315789;19.0;133.0;2.0;0.1617;nenhum
52080668;COLEGIO EXECUTIVO;5208707;544.7108571428572;35.0;171.0;3.0;0.1617;nenhum
53018214;COL BIANGULO IV;5300108;538.292;15.0;92.0;3.0;0.1617;nenhum
43002803;COLEGIO MARISTA IRMAO JAIME BIAZUS;4314902;504.7269565217391;46.0;325.0;4.0;0.1611;nenhum
26151553;COLEGIO IRENE BORGES;2604106;549.6738461538462;13.0;37.0;1.0;0.1609;nenhum
25126229;SELM SISTEMA DE ENSINO LAPISNAMAOLTDA;2507507;532.3033333333334;24.0;159.0;4.0;0.1608;nenhum
26122235;COLEGIO MODELO DO RECIFE;2611606;504.1205;20.0;86.0;4.0;0.1606;nenhum
33085455;COLEGIO CENECISTA CAPITAO LEMOS CUNHA;3304557;491.9638095238096;14.0;195.0;4.0;0.1606;nenhum
13026356;CENTRO EDUCACIONAL SILVIA GUERRA;1302603;538.0011764705882;17.0;77.0;3.0;0.1605;nenhum
24069388;COLEGIO E CURSO ABSOLUTO;2408102;530.883908045977;29.0;147.0;3.0;0.1603;nenhum
29469287;EDUCANDARIO MARIANO;2930709;545.8538461538461;13.0;45.0;2.0;0.1603;nenhum
29365791;COLEGIO SUPER STAR;2910800;543.9200000000001;11.0;47.0;3.0;0.1597;nenhum
35497236;SUMARE ESCOLA CRISTA DE;3552403;545.6836363636364;11.0;26.0;2.0;0.1596;nenhum
33075930;COL AMERICO DE OLIVEIRA;3304557;530.504761904762;14.0;68.0;3.0;0.1595;nenhum
23258748;ORGANIZACAO EDUCACIONAL MANUEL DA SILVA SS LTDA- SEDE CARLITO;2304400;537.7952173913044;46.0;186.0;3.0;0.1593;nenhum
35170458;AUGUSTO HELOI COLEGIO;3550308;522.8506060606061;22.0;91.0;4.0;0.1589;nenhum
26118211;COLEGIO E CURSO MICKEYLANDIA;2611606;530.35625;16.0;49.0;3.0;0.1588;nenhum
23199407;MENEZES E SOUSA COLEGIO;2304400;518.1302222222223;15.0;73.0;4.0;0.1587;nenhum
29456444;CENTRO EDUCACIONAL MONICA PATRICIA;2919207;549.0183333333333;12.0;51.0;1.0;0.1585;nenhum
35159359;ANDRADE INSTITUTO EDUCACIONAL;3515707;545.3729411764706;17.0;75.0;2.0;0.1582;nenhum
35116701;TABLEAU COLEGIO;3518404;552.4981818181818;11.0;60.0;1.0;0.1579;nenhum
33139440;EDUCANDARIO LUZ DO SABER LTDA;3301702;498.0194444444445;24.0;107.0;4.0;0.1578;nenhum
16009762;CEDAP - CENTRO DE EDUCACAO DO AMAPA;1600303;537.016923076923;13.0;59.0;3.0;0.1574;nenhum
35102295;SAO MATHEUS COLEGIO;3550308;554.4178947368422;19.0;112.0;0.0;0.1572;nenhum
33084165;COL APOLLO 12 FILIAL;3304557;497.0604347826087;23.0;152.0;4.0;0.1571;nenhum
23235250;ORGANIZ EDUCAC LOPES PEREIRA LTDA COLEGIO SAO LUCAS;2304400;529.8114285714286;28.0;121.0;3.0;0.1569;nenhum
35142724;14 DE JULHO COLEGIO;3550308;543.2515000000001;40.0;142.0;3.0;0.1568;nenhum
15208400;CENTRO DE ESTUDOS ANTENOR REIS;1500800;529.7384615384616;13.0;48.0;3.0;0.1566;nenhum
33173109;INSTITUTO DE EDUCACAO SUPER ATIVO;3303203;536.75;10.0;57.0;3.0;0.1566;nenhum
26150760;CENTRO EDUCACIONAL REAL;2609600;542.7266666666667;18.0;83.0;1.0;0.156;nenhum
26140870;ESCOLA VILA SEZAMO;2611606;527.2081081081081;37.0;116.0;3.0;0.1556;nenhum
33064601;COLEGIO OBJETIVO BOTAFOGO;3304557;542.7646153846154;13.0;61.0;3.0;0.1554;nenhum
35115459;INTERATIVO COLEGIO UNIDADE I;3506003;548.41;12.0;65.0;1.0;0.1553;nenhum
35477886;SAO JOSE ESPACO CULTURAL E INTERATIVO;3550308;548.9129411764707;17.0;105.0;2.0;0.1553;nenhum
26111632;REINO COLEGIO E CURSO;2607901;529.1866666666667;15.0;46.0;3.0;0.1552;nenhum
27321010;EXPOENTE COLEGIO E CURSOS;2704302;548.8622222222223;18.0;66.0;2.0;0.1552;nenhum
33123187;JARDIM ESCOLA BARCELOS DE SANTA CRUZ LTDA;3304557;535.8314285714285;14.0;55.0;3.0;0.1547;nenhum
35100024;PADRE GIORDANO COLEGIO;3550308;551.9787301587302;21.0;81.0;1.0;0.1545;nenhum
35006160;ESCOLA LUMINOVA;3552205;548.2566666666667;18.0;88.0;1.0;0.1545;nenhum
33134634;CENTRO EDUCACIONAL CAMPINHO;3304557;528.8462499999999;16.0;81.0;3.0;0.1542;nenhum
33090700;COL BATISTA DO LARANJAL;3304904;518.7271794871796;13.0;60.0;4.0;0.1541;nenhum
33195366;COLEGIO E CURSO INTELECTUS UNIDADE BANGU;3304557;548.1624390243902;41.0;133.0;1.0;0.154;nenhum
35192934;COLEGIO SEVERIANO;3502804;553.7446153846154;13.0;58.0;0.0;0.1539;nenhum
35434361;NIPPO COLEGIO;3552205;518.3760606060606;22.0;110.0;4.0;0.1535;nenhum
35144241;REDE DECISAO UNIDADE NOVA ERA;3550308;549.7025806451612;31.0;124.0;0.0;0.1531;nenhum
22141154;EINSTEIN SISTEMA DE ENSINO - UNIDADE I;2211001;535.1472727272727;11.0;73.0;3.0;0.1528;nenhum
23190710;FILIPPO SMALDONE INST;2304400;370.27272727272725;11.0;44.0;4.0;0.1528;nenhum
35110164;SANTA INES COLEGIO EIFM;3548500;547.9034782608696;23.0;91.0;1.0;0.1528;nenhum
35172492;SAO FRANCISCO DE ASSIS INSTITUTO DE ENSINO;3550308;517.9758620689655;29.0;158.0;4.0;0.1527;nenhum
33152209;CENTRO EDUCACIONAL SENADOR CAMARA;3303500;517.7309523809524;14.0;76.0;4.0;0.1525;nenhum
35126007;COMPACTO DE MARILIA COLEGIO;3529005;547.8397619047619;42.0;178.0;1.0;0.1524;nenhum
35263795;FENIX COLEGIO;3550308;541.9047619047618;14.0;54.0;3.0;0.1523;nenhum
33193649;ELITE IRAJA;3304557;535.3961458333333;96.0;455.0;2.0;0.1521;nenhum
26118181;GERACAO COLEGIO E CURSO;2611606;537.4835294117647;17.0;77.0;2.0;0.1518;nenhum
52108180;COLEGIO INTER EDUC - ENSINO E APRENDIZAGEM;5201405;516.0795555555555;15.0;78.0;4.0;0.1513;nenhum
33049505;INSTITUTO NOSSA SENHORA DA GLORIA;3301702;543.5585714285714;14.0;54.0;2.0;0.1512;nenhum
33185417;CAP- COLEGIO DE APLICACAO IURJ;3304557;548.041052631579;19.0;49.0;2.0;0.151;nenhum
33058806;COLEGIO GRACILIANO RAMOS;3303500;505.6476923076923;13.0;93.0;3.0;0.1509;nenhum
35142876;ZAMPIERI COLEGIO;3550308;515.3373333333333;15.0;107.0;4.0;0.1508;nenhum
35154398;RENOVACAO COLEGIO;3548500;543.3836363636364;11.0;37.0;2.0;0.1506;nenhum
33085269;ESC SANTA ISABEL;3304557;543.3353623188406;23.0;131.0;2.0;0.1501;nenhum
35125568;COLEGIO TECNICO BENTO QUIRINO;3509502;547.9026402640263;101.0;565.0;2.0;0.1501;nenhum
33173168;COLEGIO DALTRO NETTO;3304557;524.262564102564;13.0;63.0;3.0;0.1499;nenhum
52104923;ESCOLA ARCO IRIS E COLEGIO RAZAO UNIDADE 1;5208707;534.1091666666666;24.0;122.0;3.0;0.1498;nenhum
29458382;COLEGIO DINAMICO;2933307;514.3542857142858;35.0;156.0;4.0;0.1497;nenhum
33103992;EDUCANDARIO JECSA;3304904;543.1650000000001;12.0;50.0;2.0;0.1494;nenhum
24294306;CENTRO EDUCACIONAL NOVO HORIZONTE;2408102;533.8905882352941;17.0;133.0;3.0;0.1491;nenhum
27347010;COLEGIO SAGRADA FAMLIA GAMA;2704302;513.0755555555555;12.0;37.0;4.0;0.1486;nenhum
35179848;COLEGIO PRELUDIO;3550308;540.6653333333333;15.0;69.0;3.0;0.1483;nenhum
35009839;ESCOLA MAIS UNIDADE IPIRANGA;3550308;546.9860992907802;47.0;139.0;1.0;0.1483;nenhum
33200378;EQUIPE CEJA DE ENSINO LTDA;3303203;533.4726315789474;19.0;49.0;3.0;0.148;nenhum
33062161;INSTITUTO DE EDUCACAO GERALDO DE ALMEIDA;3304144;535.79875;32.0;215.0;2.0;0.1476;nenhum
33548242;COLEGIO CURSO AGUIA DO XV LTDA;3301702;533.2389999999999;20.0;162.0;3.0;0.1472;nenhum
35008395;COLEGIO PITAGORAS PAULINIA;3536505;542.3457142857143;28.0;98.0;2.0;0.1471;nenhum
35567656;MARISTA IR RUI LEOPOLDO DEPINE CENTRO EDUCACIONAL;3543402;527.2268181818182;44.0;332.0;4.0;0.1471;nenhum
26138590;PENTAGONO COLEGIO E CURSO;2607901;542.3068571428572;35.0;138.0;2.0;0.1469;nenhum
33189170;COLEGIO E CURSO PROGRESSAO;3304557;541.5050724637681;46.0;260.0;1.0;0.1467;nenhum
33048398;COL CARLOS GOMES;3301702;542.2386666666666;15.0;88.0;2.0;0.1464;nenhum
35130928;SETA COLEGIO;3534401;547.1509523809524;28.0;104.0;2.0;0.1463;nenhum
35101084;WALDORF FRANCISCO DE ASSIS ESCOLA;3550308;532.8894117647059;17.0;45.0;3.0;0.1463;nenhum
33138460;COMPLEXO CULTURAL CACA TALENTOS;3301702;542.1217391304348;23.0;58.0;2.0;0.1461;nenhum
41361890;COLEGIO MARISTA SANTA MONICA ENSINO FUNDAMENTAL E MEDIO;4119905;521.22;30.0;162.0;3.0;0.146;nenhum
35111053;MANOEL PEDRO OLIVEIRA COMED ESCOLA POLITECNICA DE EM;3549904;539.560606060606;33.0;137.0;1.0;0.1457;nenhum
35174920;ALCANCE COLEGIO;3522505;532.649411764706;17.0;77.0;3.0;0.1456;nenhum
35150095;BATISTA AGAPE COLEGIO;3509502;539.6316129032258;31.0;156.0;3.0;0.1452;nenhum
33060380;INST OLAVO BILAC;3303500;526.624;15.0;28.0;4.0;0.145;nenhum
35173236;NOVO CICLO ESPACO EDUCACIONAL;3547809;546.7147222222222;24.0;134.0;2.0;0.1448;nenhum
21090009;ESCOLA DIVINO MESTRE;2100055;532.3666666666667;23.0;72.0;3.0;0.1447;nenhum
35114923;BRASIL COLEGIO;3543402;546.6800000000001;10.0;60.0;2.0;0.1445;nenhum
27234606;ESCOLA DE EDUCACAO BASICA VIRGEM DOS POBRES;2700300;547.806;10.0;43.0;0.0;0.1443;nenhum
33110093;JD ESC URSINHOS CARINHOSOS;3304557;488.45461538461535;26.0;126.0;3.0;0.1442;nenhum
33159211;CENTRO EDUCACIONAL SUZANO COSTA;3304557;523.96;16.0;127.0;3.0;0.1442;nenhum
35144381;ESCOLA UNICA UNIDADE SAO BERNARDO DO CAMPO;3548708;541.365;16.0;60.0;2.0;0.1439;nenhum
29181062;CENTRO ESCOLAR ANAMELIA;2927408;531.7866666666666;15.0;71.0;3.0;0.1429;nenhum
33198926;COLEGIO E CURSO ZEROHUM DA PRATA;3303500;541.0836363636364;11.0;131.0;2.0;0.1429;nenhum
33111650;COLEGIO SETEMBRO;3301702;506.38000000000005;11.0;37.0;4.0;0.1425;nenhum
35250348;GUARULHOS COLEGIO;3518800;538.3492857142857;28.0;191.0;3.0;0.1425;nenhum
35119106;CENTRO EDUCACIONAL IEBB EIRELIT;3550308;541.0020000000001;10.0;47.0;2.0;0.1424;nenhum
35176734;COLEGIO FIDENS;3522208;546.0188235294117;17.0;71.0;2.0;0.1415;nenhum
27214915;COLEGIO SAO JERONIMO LTDA;2704302;521.5591304347827;23.0;98.0;3.0;0.1414;nenhum
29183464;EDUCANDARIO EUGENIO NABUCO;2927408;504.5711111111111;18.0;49.0;4.0;0.1414;nenhum
33078394;ESCOLA PADRE BUTINHA;3304557;529.248;15.0;43.0;3.0;0.1413;nenhum
35152195;ALMA MATER COLEGIO;3530607;504.4166666666667;10.0;78.0;4.0;0.1412;nenhum
35005110;COLEGIO DOM BOSCO VILA MATILDE;3550308;530.9087878787878;22.0;123.0;3.0;0.1409;nenhum
43298265;ESC FAMILIA AGRICOLA SANTA CRUZ DO SUL;4316808;531.6348571428572;35.0;148.0;2.0;0.1408;nenhum
33153787;COLEGIO E CURSO FUTURO VILA DA PENHA VIP LTDA;3304557;545.2037037037037;27.0;72.0;1.0;0.1405;nenhum
35121733;IAVEC VIDA DE ENSINO CRISTAO INSTITUTO AVANCADO;3543402;545.7127272727273;11.0;61.0;2.0;0.1404;nenhum
35290415;MONTE SINAI COLEGIO;3550308;530.6229999999999;40.0;154.0;3.0;0.1404;nenhum
13090100;CENTRO EDUCACIONAL DRIHELLY BARBOSA;1302603;501.8830769230769;13.0;72.0;4.0;0.1396;nenhum
35007387;EDUCANDARIO SAINT MARTIN;3550308;537.9155555555556;18.0;85.0;2.0;0.1393;nenhum
26129680;CENTRO EDUCACIONAL CABENSE;2602902;500.8118518518518;27.0;121.0;4.0;0.1392;nenhum
35812031;REDE UNICA EDUCACAO SA;3547809;544.9176;25.0;86.0;1.0;0.1387;nenhum
22141006;COLEGIO INTEGRADO SANTO ANDRE;2211001;539.6846153846153;26.0;108.0;2.0;0.1385;nenhum
27223213;COLEGIO 29 DE JULHO;2704302;537.2129411764706;34.0;123.0;3.0;0.1385;nenhum
15588297;CENTRO EDUCACIONAL SEMENTE DO SABER;1502400;539.6622222222222;12.0;67.0;2.0;0.1383;nenhum
23070153;EDUCANDARIO FELIPE DOS SANTOS;2304400;530.1383333333333;12.0;50.0;3.0;0.1381;nenhum
33180563;IBE INSTITUTO BATISTA DE ENSINO;3304557;530.134358974359;13.0;106.0;3.0;0.138;nenhum
35139622;RUI BARBOSA COLEGIO;3525003;530.4427450980393;17.0;121.0;2.0;0.1379;nenhum
33116490;JD ESC BONS AMIGOS;3304557;529.771111111111;18.0;70.0;3.0;0.1372;nenhum
22146040;INSTITUTO SAPERE AUDE;2211001;539.1527272727272;11.0;38.0;2.0;0.1369;nenhum
33159629;INSTITUTO PAULO APOSTOLO;3304557;495.20506666666665;25.0;31.0;4.0;0.1369;nenhum
35110139;MODELO ESCOLA;3548500;536.7176666666667;20.0;89.0;3.0;0.1369;nenhum
35800089;NOSSA SENHORA DAS GRACAS INSTITUTO EDUCACIONAL COLEGIO;3550308;550.2041807909604;59.0;196.0;0.0;0.1365;nenhum
51093073;ESCOLA NOVA PEDAGOGIA;5103403;493.3592;25.0;105.0;4.0;0.1364;nenhum
24059706;GALILEU COLEGIO E CURSO;2408102;517.0869230769231;13.0;32.0;3.0;0.1357;nenhum
29171644;COLEGIO NOVO ESPACO;2928703;528.904;10.0;43.0;3.0;0.1351;nenhum
35110917;ANTONIO AFONSO COLEGIO;3524402;528.8826666666666;10.0;57.0;3.0;0.1348;nenhum
35194827;ACONCHEGO CENTRO EDUCACIONAL;3548708;528.6783333333333;12.0;78.0;3.0;0.134;nenhum
35153564;CHACARA A PIMENTINHA E COLEGIO MEIRELLES LEME EIFM;3550308;549.7768421052632;19.0;51.0;0.0;0.1339;nenhum
35167782;SANTA BARBARA COLEGIO;3550308;547.9904;25.0;68.0;1.0;0.1338;nenhum
26138565;COLEGIO SANDRA MARIA;2607901;528.3742857142857;14.0;110.0;3.0;0.1334;nenhum
26289601;COLEGIO GREMIO EDUCATIVO;2611606;528.3247222222222;24.0;78.0;3.0;0.1332;nenhum
35167034;GENESIS COLEGIO;3530607;543.8272727272728;22.0;99.0;2.0;0.133;nenhum
28035135;COLEGIO APRENDIZ;2800308;527.758787878788;11.0;78.0;1.0;0.1324;nenhum
35153801;MAHA DEI DE ESCOLA DESENVOLVIMENTO E EDUCACAO;3518800;543.7385;40.0;180.0;2.0;0.1324;nenhum
43219713;NAVE-COLEGIO DO AMANHA;4304606;528.0875;24.0;78.0;3.0;0.1323;nenhum
29461324;COLEGIO MANOEL RIBEIRO;2927408;534.972;10.0;34.0;3.0;0.1321;nenhum
35807825;SHANGRI LA COLEGIO;3550308;543.6038461538462;26.0;89.0;2.0;0.1321;nenhum
33065357;COLEGIO PINHEIRO GUIMARAES LTDA;3304557;543.5846153846153;13.0;79.0;2.0;0.1319;nenhum
35286138;ABC MASTER ESCOLA DE ENSINO FUNDAMENTAL;3513504;515.6185714285714;14.0;71.0;4.0;0.1315;nenhum
35139610;NUCLEO EDUCACIONAL FERRAZENSE;3515707;547.36;24.0;146.0;1.0;0.1311;nenhum
33170630;ESCOLA TECNICA SANDRA SILVA;3304557;528.2199999999999;15.0;157.0;2.0;0.131;nenhum
53012950;COL SABER;5300108;527.1636363636363;11.0;72.0;3.0;0.1305;nenhum
26171414;EDUCANDARIO JARDIM PIEDADE;2607901;534.0316666666666;12.0;88.0;3.0;0.13;nenhum
35119581;SERRANO GUARDIA COLEGIO;3518800;526.974269005848;57.0;355.0;3.0;0.1297;nenhum
35811403;PERINI COLEGIO;3510609;526.836;10.0;60.0;3.0;0.1295;nenhum
35138630;COLEGIO RIBEIRO DE FREITAS;3534401;542.098;10.0;46.0;1.0;0.129;nenhum
35120406;VERUSKA COLEGIO;3550308;526.5666666666666;39.0;183.0;3.0;0.1286;nenhum
35141159;POLIS COLEGIO PG E PRE ESCOLA;3515004;526.455652173913;23.0;96.0;3.0;0.1284;nenhum
35006289;COLEGIO JEAN PIAGET UNIDADE III;3541000;548.4281481481481;27.0;105.0;0.0;0.128;nenhum
27342018;COLEGIO MONTE SINAI;2704302;535.715;12.0;63.0;2.0;0.1278;nenhum
35189431;COLEGIO R C;3550308;533.1054545454546;11.0;53.0;3.0;0.1275;nenhum
13104586;CENTRO EDUCACIONAL AJURICABA;1302603;525.2694736842105;19.0;85.0;3.0;0.1268;nenhum
33196133;COLEGIO E CURSO ZH QUEIMADOS LTDA;3304144;546.3905882352941;17.0;103.0;1.0;0.1265;nenhum
53002652;COL DOM CESAR;5300108;528.3129166666666;16.0;67.0;2.0;0.1261;nenhum
33126674;COLEGIO CCM;3304557;510.26844444444447;15.0;105.0;4.0;0.1259;nenhum
26120208;ESCOLA SAO JORGE;2611606;505.3278260869566;23.0;106.0;3.0;0.1258;nenhum
35117912;HELIO DE SOUZA COLEGIO;3550308;534.9746666666666;15.0;61.0;2.0;0.1252;nenhum
33193444;COLEGIO E CURSO ZEROHUM NILOPOLIS;3303203;532.1463157894738;19.0;160.0;3.0;0.1246;nenhum
33121753;GRUPO DE ENSINO MIRANDA BARROSO;3303302;540.1588888888889;12.0;55.0;1.0;0.1233;nenhum
52091015;COLEGIO DINAMICO DE AGUAS LINDAS DE GOIAS LTDA-ME;5200258;464.366;10.0;50.0;3.0;0.1231;nenhum
24090034;CENTRO EDUCACIONAL PAIDEIA;2408003;533.0961904761905;21.0;110.0;1.0;0.1229;nenhum
35291511;ARARA AZUL COLEGIO;3550308;522.4523076923077;13.0;72.0;3.0;0.1228;nenhum
35168853;REDE DECISAO UNIDADE MONTE VIRGEM;3550308;540.8109090909091;22.0;144.0;2.0;0.1225;nenhum
52098362;COLEGIO APOIO;5208707;533.8733333333333;18.0;100.0;2.0;0.1224;nenhum
26179350;INSTITUTO SAO LUIZ;2603454;533.8584615384615;13.0;58.0;0.0;0.1222;nenhum
35470259;MAIA COLEGIO;3518800;547.1800000000001;13.0;64.0;0.0;0.1218;nenhum
15149005;CENTRO EDUCACIONAL VITORIA;1501402;497.07444444444445;12.0;55.0;3.0;0.1215;nenhum
27046362;ATUAL CURSOS EDUCACAO BASICA;2704302;521.2363636363636;11.0;40.0;3.0;0.1213;nenhum
15516423;CENTRO DE ESTUDOS NOVO HORIZONTE;1501402;533.3581818181818;22.0;87.0;2.0;0.1211;nenhum
53017986;SOCIEDADE ANCHIETA DE EDUCACAO INTEGRAL;5300108;530.7520634920635;21.0;75.0;3.0;0.1211;nenhum
35158318;NOVA CACHOEIRINHA COLEGIO UNIDADE II;3550308;539.6276836158193;59.0;270.0;1.0;0.121;nenhum
35809688;ALIADO COLEGIO UNIDADE JARDIM JAPAO;3550308;540.1942857142857;28.0;132.0;2.0;0.1209;nenhum
33180776;COLEGIO SENA ADED;3300704;539.5363636363636;11.0;60.0;1.0;0.1206;nenhum
25129139;NEO GENESIS COLEGIO E CURSO;2507507;539.1834782608695;23.0;101.0;1.0;0.1203;nenhum
21284300;COLEGIO COEDUCAR;2111300;521.4415384615385;13.0;55.0;2.0;0.1199;nenhum
35108959;ANCHIETA COLEGIO;3548708;544.973086419753;81.0;273.0;1.0;0.1198;nenhum
35158549;COLEGIO ORION E PASSINHO SEGURO;3550308;532.8280000000001;10.0;32.0;2.0;0.1196;nenhum
35007382;COLEGIO TERRA BRASILIS LTDA;3552809;541.5490196078432;17.0;79.0;0.0;0.1193;nenhum
27047431;COLEGIO SAO JORGE;2704302;530.2333333333333;18.0;63.0;3.0;0.1192;nenhum
27230430;ESCOLA DE EDUCACAO BASICA SANTA MADALENA;2704302;520.5994871794873;13.0;109.0;2.0;0.1192;nenhum
35293532;OLIVEIRA FERREIRA COLEGIO;3550308;539.7148148148148;27.0;125.0;2.0;0.1192;nenhum
35198959;OCTAGON COLEGIO;3550308;499.8165333333334;25.0;83.0;4.0;0.1192;nenhum
26132028;ESCOLA ANA NERY SC LTDA;2611101;487.557619047619;14.0;94.0;3.0;0.119;nenhum
33064717;COL PINHEIRO GUIMARAES;3304557;541.3253333333333;15.0;48.0;0.0;0.1188;nenhum
21257523;ESCOLA BATISTA;2101202;524.4951111111111;15.0;63.0;2.0;0.1186;nenhum
25132687;COLEGIO LIMA BANDEIRA LIDERA;2507507;530.107;20.0;111.0;3.0;0.1184;nenhum
26177552;CENTRO EDUCACIONAL BALAO MAGICO;2613701;539.5711111111111;24.0;94.0;2.0;0.1184;nenhum
35151075;CELESTIN FREINET EEI E PG;3541000;532.3671794871796;52.0;191.0;2.0;0.1184;nenhum
52106420;COLEGIO FLORESTA - UNIDADE FLAMBOYANT;5208707;518.4945098039216;17.0;62.0;3.0;0.1181;nenhum
35171360;LAZI COLEGIO;3550308;539.44;24.0;89.0;2.0;0.1179;nenhum
23065672;ATENEU DO CEARA COLEGIO;2304400;518.015;20.0;90.0;3.0;0.1173;nenhum
26178133;COLEGIO INCENTIVO;2611606;487.15636363636366;11.0;54.0;2.0;0.1173;nenhum
21317402;INSTITUTO EDUCACIONAL MAGNOLIA;2111300;494.05025641025645;13.0;67.0;4.0;0.1172;nenhum
23252499;DUQUE DE CAXIAS COLEGIO;2304400;532.0584615384615;26.0;132.0;2.0;0.1171;nenhum
33193720;ELITE REDE DE ENSINO UNIDADE GUADALUPE;3304557;538.7234375;64.0;279.0;2.0;0.1169;nenhum
29393248;ESCOLA CRESCIMENTO LTDA;2927408;540.7180000000001;10.0;48.0;0.0;0.1167;nenhum
35439642;DOM BOSCO SANTO ANDRE UNIDADE III COLEGIO;3547809;543.9709090909091;11.0;34.0;1.0;0.1166;nenhum
33078963;CENTRO EDUCACIONAL ELPIDIO DA SILVA;3304557;543.9573333333334;15.0;90.0;1.0;0.1164;nenhum
35464259;DRUMMOND COLEGIO;3529401;537.796;10.0;64.0;1.0;0.1161;nenhum
29478871;COLEGIO MARIA QUITERIA - ICETBA;2927408;522.1899999999999;20.0;85.0;2.0;0.1156;nenhum
13031660;ESCOLAS NILTON LINS;1302603;531.4634782608696;23.0;132.0;2.0;0.1155;nenhum
35160477;FORTEC ESCOLA TECNICA UNID IV;3551009;538.2433015873016;105.0;518.0;2.0;0.1155;nenhum
23070730;PONTES COLEGIO;2304400;531.4251428571429;35.0;99.0;2.0;0.1153;nenhum
35005209;COLEGIO VIVO SAO VICENTE;3538709;531.3246153846153;13.0;96.0;2.0;0.1152;nenhum
35150198;PRESBITERIANO DE GUARULHOS COLEGIO;3518800;537.3518954248366;51.0;286.0;1.0;0.115;nenhum
33191018;REDE DALTRO EDUCACIONAL;3304557;531.1800000000001;11.0;84.0;2.0;0.1149;nenhum
35805373;OLIVEIRAS COLEGIO;3541000;538.0890909090909;11.0;27.0;2.0;0.1149;nenhum
33188017;CENTRO EDUCACIONAL TELNUZA ALVES GALVAO;3301900;537.346;10.0;68.0;1.0;0.1148;nenhum
35188840;COLEGIO BATISTA DE GUARULHOS;3518800;545.570625;32.0;224.0;0.0;0.1147;nenhum
22144978;COLEGIO META;2207702;514.3569047619047;28.0;96.0;3.0;0.1141;nenhum
13100629;CENTRO DE ENSINO NIVEA ROQUE;1302603;514.0896296296296;18.0;100.0;3.0;0.1136;nenhum
33070954;COLEGIO FRANKLIN CARNEIRO;3304557;520.4571428571428;14.0;66.0;2.0;0.1135;nenhum
33067716;COL BARAO DE LUCENA;3304557;543.0812121212122;11.0;53.0;1.0;0.1129;nenhum
33130418;JARDIM ESCOLA POPI LTDA - COL CELIO RODRIGUES;3304557;519.5736;25.0;111.0;2.0;0.1124;nenhum
27036510;ESCOLA DIOGENES JUCA BERNARDES;2704302;536.3478260869565;23.0;102.0;1.0;0.1121;nenhum
35008774;COLEGIO GRATITUDE;3548500;536.2217391304348;23.0;136.0;1.0;0.1118;nenhum
35159384;NOVOS CAMINHOS ESCOLA;3548500;527.5861538461538;13.0;51.0;3.0;0.1117;nenhum
25125605;COLEGIO ATENEU;2507507;529.1775;32.0;131.0;1.0;0.1116;nenhum
35006111;ESCOLA LUMINOVA UNIDADE BOM RETIRO;3550308;536.9431578947368;19.0;92.0;2.0;0.1114;nenhum
35176497;ESTILO INSTITUTO EDUCACIONAL;3509502;542.5966666666667;22.0;71.0;1.0;0.1113;nenhum
35006207;INSTITUTO EDUCACIONAL U;3552205;518.62;12.0;65.0;2.0;0.1113;nenhum
33187185;LEGACY SCHOOL RECREIO;3304557;530.062;10.0;61.0;2.0;0.1112;nenhum
33084254;COL HALLEY;3304557;511.54333333333335;24.0;180.0;3.0;0.1111;nenhum
15041930;INSTITUTO 15 DE AGOSTO SS LTDA;1501402;510.9728571428572;14.0;50.0;3.0;0.1103;nenhum
33188319;COLEGIO MEIRELES MACEDO;3304557;510.7623529411764;17.0;104.0;3.0;0.1098;nenhum
35161007;LUX DEI COLEGIO;3550308;541.9358620689655;29.0;144.0;1.0;0.1091;nenhum
35429570;LIDIA CRUZ COLEGIO;3550308;535.0783333333334;12.0;66.0;1.0;0.1091;nenhum
35106677;SESI 111 CENTRO EDUCACIONAL;3550308;529.1147368421052;38.0;124.0;2.0;0.1088;nenhum
35189935;CULTURA COLEGIO;3541000;508.21241379310345;29.0;117.0;3.0;0.108;nenhum
33195978;ELITE REDE DE ENSINO - ITAGUAI;3302007;535.3021333333334;50.0;205.0;2.0;0.1075;nenhum
33069522;EXTERNATO PINHEIRO LTDA;3304557;509.1032;25.0;81.0;2.0;0.1073;nenhum
35007041;CENTRO EDUCACIONAL MARISTA IRMAO LOURENCO;3550308;528.6241904761905;35.0;160.0;2.0;0.1072;nenhum
35143443;ANTENOR THOMAZI COLEGIO CRISTAO;3557006;534.3783333333333;12.0;67.0;1.0;0.1069;nenhum
21265216;CENTRO EDUCACIONAL RENASCER;2111300;514.2711111111112;18.0;49.0;2.0;0.1068;nenhum
35812912;CRIACAO DA VILA COLEGIO;3550308;528.3128571428572;14.0;84.0;2.0;0.1064;nenhum
33118965;CENTRO EDUCACIONAL CRESCER;3302403;540.7971428571428;14.0;59.0;1.0;0.1054;nenhum
31292451;ESCOLA COOPERATIVA DE ENSINO E INTEGRACAO - ECEI;3138203;512.2386666666666;15.0;69.0;2.0;0.1053;nenhum
35165232;FILOMENA DE MARCO COLEGIO UNIDADE II;3550308;534.9636842105263;38.0;226.0;2.0;0.1053;nenhum
27216381;CENTRO EDUCACIONAL JORGE ASSUNCAO;2704302;523.8556521739131;23.0;81.0;3.0;0.1048;nenhum
26115450;CENTRO CULTURAL ALBERTO GOMES;2610707;523.5922807017545;19.0;49.0;3.0;0.1044;nenhum
51062062;SISTEMA DE ENSINO SAO BENEDITO;5103403;502.1436363636364;11.0;62.0;3.0;0.1044;nenhum
26179679;COLEGIO OMEGA;2610707;511.0741176470588;17.0;80.0;2.0;0.1037;nenhum
32134002;ESCOLA FAMILIA AGRICOLA DE CACHOEIRO DE ITAPEMIRIM - MEPES;3201209;500.9991111111111;30.0;108.0;3.0;0.1036;nenhum
53015134;COL FUTURO EDUCACAO;5300108;498.0512820512821;13.0;69.0;3.0;0.1026;nenhum
33055980;COL VITAL BRASIL;3303302;501.53875;16.0;87.0;2.0;0.1022;nenhum
33110360;GALATAS SISTEMA EDUCACIONAL;3304557;524.8204444444444;15.0;71.0;1.0;0.1022;nenhum
27285006;ESCOLA DE EDUCACAO BASICA ROMMEL VIEIRA;2704302;497.0549019607844;17.0;70.0;3.0;0.1017;nenhum
33180660;COLEGIO E CURSO ZEROHUM ALCANTARA;3304904;526.0218604651162;43.0;243.0;2.0;0.1016;nenhum
26133199;COLEGIO INOVACAO;2611606;507.206;10.0;55.0;2.0;0.1005;nenhum
35004865;COLEGIO PASCHOAL DANTAS UNIDADE IV;3550308;492.5871111111111;15.0;83.0;3.0;0.1005;nenhum
35565271;COLEGIO POTENCIAL;3510609;532.098888888889;18.0;111.0;1.0;0.1003;nenhum
29191467;COLEGIO KENNEDY;2927408;532.8162962962963;27.0;89.0;2.0;0.1;nenhum
33179905;CENTRO EDUCACIONAL OLIVEIRA MELO;3304557;525.0246153846153;13.0;92.0;2.0;0.0999;nenhum
33148287;CURSO FLAMA VESTIBULARES LTDA;3305109;519.1351412429378;59.0;237.0;3.0;0.0994;nenhum
21162719;COL MULTIPLO;2112209;486.4381818181818;11.0;7.0;3.0;0.0989;nenhum
21249911;COLEGIO OLYMPUS - YESI;2103307;541.1800000000001;11.0;49.0;0.0;0.0987;nenhum
13110314;ESCOLA NILTON LINS;1302504;538.1220000000001;10.0;34.0;1.0;0.0981;nenhum
35179383;SENTIDO OBRIGATORIO COLEGIO;3523107;531.2946666666667;15.0;65.0;1.0;0.0981;nenhum
27046877;CENTRO EDUCACIONAL JORGE DE LIMA;2704302;502.0472727272727;11.0;89.0;2.0;0.0973;nenhum
35432210;ITAPETININGA INSTITUTO UNIVERSITARIO DE;3522307;523.2907407407407;18.0;99.0;0.0;0.097;nenhum
33161704;SISTEMA DE ENSINO UNIVERSUS LTDA;3304557;530.5585714285714;14.0;72.0;1.0;0.0967;nenhum
21232180;ESCOLA FAMILIA AGRICOLA RIO PEIXE;2101400;449.9461538461538;13.0;98.0;2.0;0.0965;nenhum
35106471;JULIO PEREIRA LOPES COLEGIO;3550308;537.5773333333333;15.0;44.0;1.0;0.0963;nenhum
33192197;CENTRO EDUCACIONAL INACIO MEDEIROS DE ANGRA LTDA-ME;3300100;530.4563636363636;11.0;39.0;1.0;0.0962;nenhum
33176310;COLEGIO GAPE;3303302;516.0105882352941;17.0;100.0;3.0;0.0959;nenhum
35106240;PAULICEIA COLEGIO;3550308;498.87;10.0;65.0;2.0;0.0959;nenhum
29301521;COLEGIO FENIX;2913606;497.01866666666666;10.0;54.0;2.0;0.0946;nenhum
33178682;INSTITUTO EDUCACIONAL FRANCISCO DE ASSIS;3304557;520.7697942386831;81.0;301.0;2.0;0.0945;nenhum
27215180;COLEGIO CRISTO REDENTOR;2700300;520.5038888888889;12.0;78.0;2.0;0.0941;nenhum
25131036;INTENSIVO SERVICOS EDUCACIONAIS EIRELI;2507507;532.4069999999999;20.0;111.0;0.0;0.0936;nenhum
35009792;COLEGIO JADE;3506508;529.702;10.0;27.0;1.0;0.0933;nenhum
52095592;COLEGIO SERVOS DA RAINHA;5221858;519.890625;32.0;125.0;2.0;0.0933;nenhum
35108873;CLOVIS BEVILACQUA DR COLEGIO;3547809;536.6715934065934;182.0;783.0;1.0;0.0932;nenhum
28019547;COLEGIO SANTOS DUMONT;2800308;529.4961111111112;24.0;97.0;1.0;0.093;nenhum
35108650;ARTUR DE QUEIROS CENTRO EDUCACIONAL;3547809;536.5738461538461;13.0;50.0;1.0;0.0928;nenhum
35185760;SOUZA GOUVEIA COLEGIO;3550308;529.4569230769231;13.0;68.0;1.0;0.0928;nenhum
35010237;COLEGIO PRESBITERIANO DE GUARULHOS UNIDADE II;3518800;536.0912500000001;16.0;71.0;1.0;0.0922;nenhum
15531350;CENTRO DE ESTUDOS IMPACTO;1501402;528.8877777777777;36.0;109.0;1.0;0.0916;nenhum
33200572;COLEGIO E CURSO ZEROHUM;3305109;538.1592753623189;46.0;184.0;0.0;0.0903;nenhum
35010346;COLEGIO JEAN PIAGET UNIDADE II;3518800;535.1014285714285;28.0;127.0;1.0;0.0898;nenhum
35259317;TABLEAU COLEGIO;3525904;535.0646153846154;13.0;64.0;1.0;0.0895;nenhum
33473218;CENTRO EDUCACIONAL AMELIA BITTENCOURT LTDA;3304557;516.1615384615385;13.0;50.0;2.0;0.0894;nenhum
27047270;COLEGIO AUTENTICO;2704302;508.8615384615384;26.0;80.0;3.0;0.0892;nenhum
33168970;COLEGIO DE APLICACAO UNIVERSITARIUS LTDA ME;3304557;516.088;20.0;53.0;2.0;0.0892;nenhum
33133840;COLEGIO ESPLENDOR;3304557;508.308;10.0;105.0;3.0;0.0891;nenhum
35008763;DOM HENRIQUE KM 18 COLEGIO;3534401;534.9833333333333;12.0;68.0;1.0;0.089;nenhum
27230627;COLEGIO VILA RICA;2704302;537.5295238095239;21.0;58.0;0.0;0.0882;nenhum
28035119;COLEGIO RABBONI LTDA;2800308;534.6933333333333;12.0;70.0;1.0;0.0881;nenhum
35100161;CENTENARIO COLEGIO;3550308;534.11625;16.0;57.0;1.0;0.0871;nenhum
29475708;CENTRO EDUCACIONAL FELICISSIMO LTDA;2927408;528.3019999999999;10.0;53.0;2.0;0.0868;nenhum
35579890;COLEGIO ARKADIA;3543402;534.1076190476191;21.0;72.0;1.0;0.0868;nenhum
27051625;COLEGIO INTEGRADO;2704302;527.09;18.0;41.0;1.0;0.0866;nenhum
31253995;COLEGIO ABGAR RENAULT - UNIDADE GLORIA;3106200;527.0381818181818;11.0;37.0;1.0;0.0865;nenhum
52109224;COLEGIO INTERATIVA - UNIDADE SENADOR CANEDO;5220454;533.6363636363636;11.0;46.0;1.0;0.0855;nenhum
35124448;PASCHOAL DANTAS COLEGIO;3550308;503.8163636363637;11.0;71.0;3.0;0.0854;nenhum
35385244;OMEGA COLEGIO ENSINO MEDIO;3548500;533.5625;16.0;60.0;1.0;0.0853;nenhum
21156280;ESC CASTRO ALVES E JI MORANGUINHO;2103000;511.8184615384615;13.0;51.0;2.0;0.0852;nenhum
21288380;CENTRO EDUCACIONAL ROSA DE SARON;2111300;511.6118918918919;37.0;137.0;2.0;0.0847;nenhum
15586715;COLEGIO IMPACTO;1501402;529.2676923076923;26.0;88.0;0.0;0.0845;nenhum
35168762;MONTEIRO ESCOLA DESENVOLVIMENTO INFANTIL E ENS FUNDAMENTAL;3550308;499.9169230769231;13.0;90.0;3.0;0.0836;nenhum
35158872;INOVACAO COLEGIO UNIDADE II;3550308;526.7070588235295;17.0;73.0;2.0;0.0831;nenhum
15181197;COLEGIO IMPACTO SENADOR LEMOS;1501402;532.5011111111111;42.0;149.0;1.0;0.0825;nenhum
33075131;COLEGIO ESQUEMA;3304557;525.4041666666667;16.0;82.0;2.0;0.0812;nenhum
33162948;COLEGIO EDUCACIONAL CLM;3304557;491.9835185185185;36.0;223.0;3.0;0.0808;nenhum
33090092;CENTRO EDUC RAUL VEIGA;3304904;524.574;10.0;37.0;2.0;0.08;nenhum
33192030;COLEGIO FUTURO VIP - RECREIO;3304557;534.5284444444444;15.0;84.0;0.0;0.0798;nenhum
35125416;COLEGIO AMPLIA CARAGUATATUBA;3510500;531.743076923077;13.0;64.0;1.0;0.0798;nenhum
33174318;CENTRO EDUCACIONAL CRISTAO CEDUC - FILIAL 1;3303500;505.007619047619;14.0;88.0;2.0;0.0795;nenhum
27324028;ESCOLA DE EDUCACAO BASICA MARIA JOSE OMENA;2704302;524.345;20.0;78.0;2.0;0.0793;nenhum
33068895;COL HERMANN;3304557;522.384;10.0;49.0;1.0;0.0793;nenhum
33160996;COLEGIO SR MILLENNIUM;3303500;524.26375;16.0;109.0;2.0;0.0792;nenhum
21199221;COL EXITUS;2111300;522.0877777777778;18.0;97.0;1.0;0.0788;nenhum
27054195;COLEGIO FOCUS;2704302;527.1272727272727;11.0;25.0;0.0;0.0788;nenhum
35106434;ITAPETININGA COOPERATIVA DE ENSINO DE;3522307;533.9878260869566;23.0;83.0;0.0;0.0785;nenhum
35171487;NOVO ESPACO COLEGIO;3550308;523.68875;16.0;77.0;2.0;0.078;nenhum
35134569;ALIADO COLEGIO UNIDADE JOAO PAULO II;3550308;530.3357575757576;22.0;112.0;1.0;0.0761;nenhum
35004795;COLEGIO VIVO PAULISTA;3538709;525.1735294117647;34.0;137.0;0.0;0.0751;nenhum
33178038;CENTRO EDUCACIONAL PERCEPCAO;3304557;492.3242307692308;26.0;143.0;2.0;0.0739;nenhum
33175993;CENTRO CULTURAL PEDRO II - CARVALHO RAMOS;3304557;519.88;15.0;76.0;2.0;0.0737;nenhum
35442392;AUGUSTO RAMOS COLEGIO;3550308;517.9905263157895;19.0;81.0;1.0;0.0737;nenhum
33548250;COLEGIO GENESIS DE RESENDE;3304201;517.66;11.0;38.0;1.0;0.0732;nenhum
35152110;ATIVA DE EDUCACAO E CULTURA COLEGIO;3530607;529.4173333333333;15.0;102.0;1.0;0.0732;nenhum
31005797;COLEGIO MARIA CLARA MACHADO;3106200;487.6830303030303;11.0;47.0;2.0;0.0731;nenhum
27214400;COLEGIO SAO JUDAS TADEU;2704302;485.036;15.0;68.0;2.0;0.0723;nenhum
29332249;COLEGIO OBJETIVA RAMILI;2900702;467.24799999999993;10.0;63.0;2.0;0.0718;nenhum
33200530;COLEGIO FORCA MAXIMA DA TAQUARA;3304557;518.2575925925926;18.0;133.0;2.0;0.0717;nenhum
35165372;VITORIA COLEGIO;3550308;528.6853333333333;10.0;32.0;1.0;0.0713;nenhum
51118815;COLEGIO POENTE;5103403;514.606;10.0;62.0;1.0;0.071;nenhum
35448886;ARCA DE NOE ESCOLA DE EDUCACAO INFANTIL E ENSINO FUNDAMENTAL;3541000;531.1685714285715;14.0;70.0;0.0;0.0704;nenhum
33101663;COL FLAMA ANEXO II;3301702;507.9679026217228;89.0;403.0;1.0;0.07;nenhum
35185346;FORMOSA COLEGIO;3550308;527.97875;16.0;77.0;1.0;0.0689;nenhum
26109549;COLEGIO E CURSO JOAO PAULO I;2607901;515.0869047619047;28.0;118.0;2.0;0.0686;nenhum
15155005;COLEGIO IMPACTO DE ICOARACI;1501402;511.75086419753086;27.0;109.0;1.0;0.0681;nenhum
35448643;OTAVIO MATOS NUCLEO EDUCACIONAL;3518800;530.2222222222222;18.0;95.0;0.0;0.0676;nenhum
33071403;COLEGIO ARY QUINTELLA LTDA;3304557;513.912380952381;21.0;83.0;2.0;0.0675;nenhum
35114042;ALEM COLEGIO;3543907;513.5456140350877;19.0;77.0;2.0;0.0674;nenhum
33172706;CENTRO EDUCACIONAL QUEEN LMTD;3304557;513.3163636363636;11.0;55.0;2.0;0.0672;nenhum
35582827;COLEGIO SIGMA;3513009;526.832;10.0;41.0;1.0;0.0665;nenhum
52034720;COLEGIO GALATAS;5208707;509.362;10.0;59.0;1.0;0.0656;nenhum
35294780;INICIO DO SABER COLEGIO;3550308;506.42;14.0;71.0;1.0;0.0635;nenhum
35126457;VERTEX COLEGIO;3548500;509.7066666666667;15.0;72.0;2.0;0.0632;nenhum
35365592;JARDIM ARICANDUVA COLEGIO;3550308;514.4345454545455;11.0;52.0;0.0;0.0629;nenhum
35154684;TEMA COLEGIO;3550308;512.3184615384615;13.0;48.0;0.0;0.0609;nenhum
21292647;COLEGIO MAX;2111300;511.72909090909087;11.0;39.0;0.0;0.06;nenhum
35268628;FENIX COLEGIO;3518800;520.0833333333334;18.0;90.0;1.0;0.0573;nenhum
35151737;CRISTAO FLORIDA COLEGIO;3550308;497.90375;16.0;107.0;2.0;0.0564;nenhum
27048225;ESCOLA DE EDUCACAO BASICA PARAISO DAS AGUAS LTDA;2704302;507.3371428571429;14.0;37.0;0.0;0.0563;nenhum
35144058;COLEGIO PITECO DE EDUCACAO INFANTIL E FUNDAMENTAL;3541000;497.5455555555556;18.0;65.0;2.0;0.0562;nenhum
35194700;JARDIN S COLEGIO;3509502;525.2494117647059;17.0;62.0;0.0;0.0558;nenhum
33478210;JARDIM ESCOLA LAPIS VERMELHO COLEGIO NOVA DIMENSAO;3304557;525.0038095238095;14.0;35.0;0.0;0.0554;nenhum
35137078;ANALISE COLEGIO UNIDADE I;3550308;496.9690909090909;11.0;56.0;2.0;0.0554;nenhum
33520313;SABER SISTEMAS DE ENSINO;3301702;491.9727272727272;11.0;138.0;2.0;0.0541;nenhum
35442446;CADMUS COLEGIO;3518800;517.4472727272728;11.0;68.0;1.0;0.0535;nenhum
33451222;INSTITUTO RAPOSO SILVA;3300456;503.6;12.0;40.0;0.0;0.0531;nenhum
27056910;COLEGIO SAGRADA FAMILIA BETA;2704302;513.136923076923;13.0;43.0;1.0;0.0501;nenhum
35191188;COLEGIO EDUKI EDUCACAO INFANTIL ENSINO FUNDAMENTAL;3515707;511.11;14.0;73.0;1.0;0.0479;nenhum
35137807;JARBAS BARBOSA DE OLIVEIRA JUNIOR;3551009;510.9714285714285;14.0;70.0;1.0;0.0473;nenhum
15225020;COLEGIO IMPACTO- MANGUEIRAO;1501402;516.890243902439;82.0;255.0;0.0;0.0452;nenhum
25118374;CENTRO EDUCACIONAL NOVO VIVER;2513703;494.9188888888889;12.0;35.0;1.0;0.0382;nenhum
35810538;PASCHOAL DANTAS II COLEGIO;3550308;483.061;20.0;173.0;1.0;0.0358;nenhum
25117254;NATANAEL MUNIZ FALCAO FILHO;2507507;482.96307692307687;13.0;68.0;0.0;0.0276;nenhum
