codigo_escola;faixa_rank_cidade;faixa_ordem
11013737;Top 5;1
11015896;Top 5;1
11037660;Top 5;1
11000058;Top 5;1
11037474;Top 5;1
11043857;Top 5;1
11049006;Top 5;1
11049073;Top 5;1
12010936;Top 5;1
12026409;Top 5;1
12028835;Top 5;1
12030058;Top 5;1
12031682;Top 5;1
13079220;Top 5;1
13110314;Top 5;1
13025872;Top 5;1
13031457;Top 5;1
13031767;Top 5;1
13099981;Top 5;1
13168207;Top 5;1
14000792;Top 5;1
14000814;Top 5;1
14001055;Top 5;1
14006740;Top 5;1
14007274;Top 5;1
15066886;Top 5;1
15161366;Top 5;1
15584062;Top 5;1
15587983;Top 5;1
15140463;Top 5;1
15141179;Top 5;1
15176045;Top 5;1
15552900;Top 5;1
15165833;Top 5;1
15167178;Top 5;1
15177017;Top 5;1
15209806;Top 5;1
15565793;Top 5;1
15172600;Top 5;1
15172732;Top 5;1
15175316;Top 5;1
15161625;Top 5;1
15542858;Top 5;1
15038491;Top 5;1
15167275;Top 5;1
15168344;Top 5;1
15181081;Top 5;1
15567672;Top 5;1
15058794;Top 5;1
15169774;Top 5;1
15539830;Top 5;1
15096831;Top 5;1
15180301;Top 5;1
15045455;Top 5;1
15147002;Top 5;1
15174310;Top 5;1
15175529;Top 5;1
15995933;Top 5;1
15152120;Top 5;1
15586413;Top 5;1
15103080;Top 5;1
15172201;Top 5;1
15180654;Top 5;1
15561313;Top 5;1
15577740;Top 5;1
15165809;Top 5;1
15118932;Top 5;1
15118967;Top 5;1
15175448;Top 5;1
15230023;Top 5;1
15168654;Top 5;1
15173135;Top 5;1
15173437;Top 5;1
15223027;Top 5;1
15011070;Top 5;1
15011097;Top 5;1
15171027;Top 5;1
15528715;Top 5;1
15560759;Top 5;1
16002016;Top 5;1
16003128;Top 5;1
16011244;Top 5;1
16011570;Top 5;1
16012100;Top 5;1
16004329;Top 5;1
16004779;Top 5;1
16011694;Top 5;1
17005078;Top 5;1
17055741;Top 5;1
17056152;Top 5;1
17046807;Top 5;1
17055962;Top 5;1
17056446;Top 5;1
17056527;Top 5;1
17057574;Top 5;1
21089981;Top 5;1
21090009;Top 5;1
21226253;Top 5;1
21256667;Top 5;1
21257523;Top 5;1
21180385;Top 5;1
21180415;Top 5;1
21182345;Top 5;1
21232180;Top 5;1
21500002;Top 5;1
21155844;Top 5;1
21156280;Top 5;1
21515662;Top 5;1
21599688;Top 5;1
21249881;Top 5;1
21249911;Top 5;1
21092680;Top 5;1
21092761;Top 5;1
21092842;Top 5;1
21095752;Top 5;1
21272921;Top 5;1
21279721;Top 5;1
21287970;Top 5;1
21265585;Top 5;1
21268894;Top 5;1
21273588;Top 5;1
21281351;Top 5;1
21009902;Top 5;1
21010331;Top 5;1
21199090;Top 5;1
21199809;Top 5;1
21273456;Top 5;1
21162719;Top 5;1
21267073;Top 5;1
21267324;Top 5;1
21498814;Top 5;1
22014543;Top 5;1
22112596;Top 5;1
22135790;Top 5;1
22141472;Top 5;1
22144412;Top 5;1
22022406;Top 5;1
22022481;Top 5;1
22025740;Top 5;1
22144919;Top 5;1
22146636;Top 5;1
23062622;Top 5;1
23063440;Top 5;1
23232390;Top 5;1
23275448;Top 5;1
23062495;Top 5;1
23162902;Top 5;1
23163240;Top 5;1
23163348;Top 5;1
23350628;Top 5;1
23067071;Top 5;1
23071036;Top 5;1
23245573;Top 5;1
23246871;Top 5;1
23272430;Top 5;1
23182016;Top 5;1
23165049;Top 5;1
23165901;Top 5;1
23165952;Top 5;1
23192020;Top 5;1
23276649;Top 5;1
23079843;Top 5;1
23081430;Top 5;1
23081457;Top 5;1
23276320;Top 5;1
23082321;Top 5;1
23082585;Top 5;1
23232234;Top 5;1
23232307;Top 5;1
23024690;Top 5;1
23025255;Top 5;1
23025310;Top 5;1
23025530;Top 5;1
23025646;Top 5;1
24056278;Top 5;1
24083550;Top 5;1
24085081;Top 5;1
24086770;Top 5;1
24281301;Top 5;1
24001260;Top 5;1
24003581;Top 5;1
24003662;Top 5;1
24089150;Top 5;1
24091260;Top 5;1
24057126;Top 5;1
24057134;Top 5;1
24057169;Top 5;1
24069191;Top 5;1
24084263;Top 5;1
25071106;Top 5;1
25073214;Top 5;1
25130676;Top 5;1
25133519;Top 5;1
25134167;Top 5;1
25093061;Top 5;1
25093088;Top 5;1
25097539;Top 5;1
25133861;Top 5;1
25306936;Top 5;1
25020684;Top 5;1
25021885;Top 5;1
25132750;Top 5;1
25164805;Top 5;1
25226800;Top 5;1
25098829;Top 5;1
25098896;Top 5;1
25099540;Top 5;1
25099868;Top 5;1
25118102;Top 5;1
26129680;Top 5;1
26183366;Top 5;1
26186896;Top 5;1
26193230;Top 5;1
26107503;Top 5;1
26163454;Top 5;1
26182076;Top 5;1
26193825;Top 5;1
26234610;Top 5;1
26053837;Top 5;1
26053861;Top 5;1
26179890;Top 5;1
26184834;Top 5;1
26185539;Top 5;1
26075431;Top 5;1
26075440;Top 5;1
26075458;Top 5;1
26075474;Top 5;1
26105810;Top 5;1
26147505;Top 5;1
26108585;Top 5;1
26137950;Top 5;1
26175240;Top 5;1
26193450;Top 5;1
26529807;Top 5;1
26135490;Top 5;1
26137968;Top 5;1
26138611;Top 5;1
26142716;Top 5;1
26162210;Top 5;1
26116499;Top 5;1
26116987;Top 5;1
26117282;Top 5;1
26117525;Top 5;1
26179199;Top 5;1
26033909;Top 5;1
26033925;Top 5;1
26033950;Top 5;1
26192713;Top 5;1
26193957;Top 5;1
26118165;Top 5;1
26122081;Top 5;1
26156202;Top 5;1
26189569;Top 5;1
26534711;Top 5;1
26174774;Top 5;1
26177552;Top 5;1
26094681;Top 5;1
26095882;Top 5;1
26095904;Top 5;1
26095912;Top 5;1
26144840;Top 5;1
27215083;Top 5;1
27224821;Top 5;1
27227189;Top 5;1
27235009;Top 5;1
27258009;Top 5;1
27035000;Top 5;1
27037380;Top 5;1
27218244;Top 5;1
27220885;Top 5;1
27226115;Top 5;1
28017757;Top 5;1
28017781;Top 5;1
28017943;Top 5;1
28018109;Top 5;1
28032322;Top 5;1
28006992;Top 5;1
28007050;Top 5;1
28031563;Top 5;1
28032250;Top 5;1
28033450;Top 5;1
28037863;Top 5;1
28020863;Top 5;1
28076400;Top 5;1
28079400;Top 5;1
28110404;Top 5;1
29149860;Top 5;1
29149894;Top 5;1
29149908;Top 5;1
29392349;Top 5;1
29641608;Top 5;1
29353556;Top 5;1
29433002;Top 5;1
29436168;Top 5;1
29472440;Top 5;1
29482240;Top 5;1
29422370;Top 5;1
29455430;Top 5;1
29478901;Top 5;1
29480620;Top 5;1
29569605;Top 5;1
29318297;Top 5;1
29318335;Top 5;1
29318653;Top 5;1
29354900;Top 5;1
29093643;Top 5;1
29094046;Top 5;1
29342872;Top 5;1
29342880;Top 5;1
29437261;Top 5;1
29301505;Top 5;1
29301513;Top 5;1
29388341;Top 5;1
29406579;Top 5;1
29450640;Top 5;1
29304385;Top 5;1
29304393;Top 5;1
29304407;Top 5;1
29456096;Top 5;1
29478448;Top 5;1
29227720;Top 5;1
29408148;Top 5;1
29408156;Top 5;1
29467950;Top 5;1
29024498;Top 5;1
29024595;Top 5;1
29441064;Top 5;1
29178223;Top 5;1
29359287;Top 5;1
29428289;Top 5;1
29530210;Top 5;1
29609607;Top 5;1
29427924;Top 5;1
29432359;Top 5;1
29451876;Top 5;1
29480370;Top 5;1
29034981;Top 5;1
29365406;Top 5;1
29389992;Top 5;1
29343747;Top 5;1
29439833;Top 5;1
29451990;Top 5;1
29714630;Top 5;1
29738628;Top 5;1
29200091;Top 5;1
29365023;Top 5;1
29422272;Top 5;1
29447518;Top 5;1
29485541;Top 5;1
29171652;Top 5;1
29400340;Top 5;1
29406080;Top 5;1
29472466;Top 5;1
29480310;Top 5;1
29201969;Top 5;1
29469287;Top 5;1
29327822;Top 5;1
29328560;Top 5;1
29478952;Top 5;1
29489504;Top 5;1
29277744;Top 5;1
29433380;Top 5;1
29470153;Top 5;1
29486696;Top 5;1
29542618;Top 5;1
31170208;Top 5;1
31170216;Top 5;1
31239666;Top 5;1
31278912;Top 5;1
31340367;Top 5;1
31166090;Top 5;1
31166103;Top 5;1
31218553;Top 5;1
31371777;Top 5;1
31018767;Top 5;1
31018864;Top 5;1
31371769;Top 5;1
31376850;Top 5;1
31004031;Top 5;1
31004651;Top 5;1
31004812;Top 5;1
31006238;Top 5;1
31006394;Top 5;1
31013935;Top 5;1
31223123;Top 5;1
31235555;Top 5;1
31276651;Top 5;1
31353906;Top 5;1
31196177;Top 5;1
31210595;Top 5;1
31305235;Top 5;1
31339989;Top 5;1
31014061;Top 5;1
31267007;Top 5;1
31277177;Top 5;1
31014087;Top 5;1
31357120;Top 5;1
31193020;Top 5;1
31193038;Top 5;1
31238180;Top 5;1
31041181;Top 5;1
31041190;Top 5;1
31041262;Top 5;1
31281921;Top 5;1
31291986;Top 5;1
31053953;Top 5;1
31054011;Top 5;1
31054071;Top 5;1
31054135;Top 5;1
31329762;Top 5;1
31193097;Top 5;1
31193160;Top 5;1
31251763;Top 5;1
31349720;Top 5;1
31193216;Top 5;1
31105899;Top 5;1
31105902;Top 5;1
31361496;Top 5;1
31368113;Top 5;1
31377767;Top 5;1
31198846;Top 5;1
31332721;Top 5;1
31382698;Top 5;1
31074098;Top 5;1
31074101;Top 5;1
31074373;Top 5;1
31317101;Top 5;1
31354910;Top 5;1
31205231;Top 5;1
31205265;Top 5;1
31328294;Top 5;1
31346314;Top 5;1
31354848;Top 5;1
31096261;Top 5;1
31096270;Top 5;1
31260541;Top 5;1
31367710;Top 5;1
31370100;Top 5;1
31102563;Top 5;1
31305847;Top 5;1
31377899;Top 5;1
31229865;Top 5;1
31249483;Top 5;1
31333921;Top 5;1
31341550;Top 5;1
31354600;Top 5;1
31296261;Top 5;1
31342122;Top 5;1
31118320;Top 5;1
31118346;Top 5;1
31223883;Top 5;1
31294900;Top 5;1
31362735;Top 5;1
31123501;Top 5;1
31123536;Top 5;1
31123544;Top 5;1
31321079;Top 5;1
31371696;Top 5;1
31127965;Top 5;1
31128023;Top 5;1
31128031;Top 5;1
31128058;Top 5;1
31222976;Top 5;1
31062201;Top 5;1
31062235;Top 5;1
31327026;Top 5;1
31343781;Top 5;1
31358266;Top 5;1
31253936;Top 5;1
31014494;Top 5;1
31293423;Top 5;1
31316059;Top 5;1
31212067;Top 5;1
31215830;Top 5;1
31349399;Top 5;1
31145734;Top 5;1
31260908;Top 5;1
31334049;Top 5;1
31367672;Top 5;1
31379719;Top 5;1
31158101;Top 5;1
31158143;Top 5;1
31242918;Top 5;1
31378496;Top 5;1
31184331;Top 5;1
31184349;Top 5;1
31372013;Top 5;1
31166332;Top 5;1
31320536;Top 5;1
31354562;Top 5;1
31377953;Top 5;1
31382655;Top 5;1
31170402;Top 5;1
31170461;Top 5;1
31170607;Top 5;1
31352195;Top 5;1
31384909;Top 5;1
31180599;Top 5;1
31180602;Top 5;1
31180611;Top 5;1
31293687;Top 5;1
31316237;Top 5;1
31371742;Top 5;1
32052120;Top 5;1
32052936;Top 5;1
32053070;Top 5;1
32081502;Top 5;1
32134002;Top 5;1
32034377;Top 5;1
32034520;Top 5;1
32035217;Top 5;1
32076363;Top 5;1
32070276;Top 5;1
32010311;Top 5;1
32010400;Top 5;1
32074182;Top 5;1
32043325;Top 5;1
32021828;Top 5;1
32076223;Top 5;1
32080778;Top 5;1
32018134;Top 5;1
32064101;Top 5;1
32070594;Top 5;1
32097603;Top 5;1
32065310;Top 5;1
32066880;Top 5;1
32036671;Top 5;1
32065353;Top 5;1
32070845;Top 5;1
32038178;Top 5;1
32038224;Top 5;1
32038240;Top 5;1
32038720;Top 5;1
32083343;Top 5;1
32040032;Top 5;1
32040040;Top 5;1
32041152;Top 5;1
32041411;Top 5;1
32074964;Top 5;1
33036659;Top 5;1
33036675;Top 5;1
33132089;Top 5;1
33156913;Top 5;1
33164541;Top 5;1
33026360;Top 5;1
33026378;Top 5;1
33026424;Top 5;1
33168202;Top 5;1
33195463;Top 5;1
33029318;Top 5;1
33029482;Top 5;1
33029490;Top 5;1
33125023;Top 5;1
33199949;Top 5;1
33451222;Top 5;1
33451290;Top 5;1
33027404;Top 5;1
33027722;Top 5;1
33150761;Top 5;1
33155585;Top 5;1
33178976;Top 5;1
33008221;Top 5;1
33009783;Top 5;1
33106754;Top 5;1
33120544;Top 5;1
33199558;Top 5;1
33101612;Top 5;1
33178518;Top 5;1
33181713;Top 5;1
33194270;Top 5;1
33101469;Top 5;1
33098867;Top 5;1
33098980;Top 5;1
33157383;Top 5;1
33196826;Top 5;1
33051828;Top 5;1
33103437;Top 5;1
33149763;Top 5;1
33171793;Top 5;1
33195978;Top 5;1
33146675;Top 5;1
33212600;Top 5;1
33439818;Top 5;1
33015546;Top 5;1
33139881;Top 5;1
33166927;Top 5;1
33170401;Top 5;1
33183228;Top 5;1
33130442;Top 5;1
33138567;Top 5;1
33206007;Top 5;1
33313210;Top 5;1
33053367;Top 5;1
33115478;Top 5;1
33130086;Top 5;1
33131236;Top 5;1
33181217;Top 5;1
33203130;Top 5;1
33115273;Top 5;1
33152721;Top 5;1
33054851;Top 5;1
33111774;Top 5;1
33157251;Top 5;1
33197946;Top 5;1
33182884;Top 5;1
33055866;Top 5;1
33057109;Top 5;1
33057206;Top 5;1
33155259;Top 5;1
33165920;Top 5;1
33021660;Top 5;1
33021724;Top 5;1
33021740;Top 5;1
33145237;Top 5;1
33155860;Top 5;1
33058164;Top 5;1
33060312;Top 5;1
33101809;Top 5;1
33184453;Top 5;1
33187681;Top 5;1
33039976;Top 5;1
33040516;Top 5;1
33182108;Top 5;1
33041105;Top 5;1
33151369;Top 5;1
33061629;Top 5;1
33061670;Top 5;1
33062161;Top 5;1
33103283;Top 5;1
33196133;Top 5;1
33031371;Top 5;1
33031410;Top 5;1
33031649;Top 5;1
33439796;Top 5;1
33541221;Top 5;1
33025673;Top 5;1
33149550;Top 5;1
33172234;Top 5;1
33174881;Top 5;1
33195552;Top 5;1
33062633;Top 5;1
33063656;Top 5;1
33063729;Top 5;1
33100713;Top 5;1
33104220;Top 5;1
33088780;Top 5;1
33089167;Top 5;1
33089248;Top 5;1
33089825;Top 5;1
33090734;Top 5;1
33092346;Top 5;1
33092982;Top 5;1
33143145;Top 5;1
33171670;Top 5;1
33190674;Top 5;1
33028079;Top 5;1
33028567;Top 5;1
33142645;Top 5;1
33190160;Top 5;1
33226210;Top 5;1
33042462;Top 5;1
33042560;Top 5;1
33042578;Top 5;1
33043086;Top 5;1
33182094;Top 5;1
33032882;Top 5;1
33147450;Top 5;1
33163863;Top 5;1
33188823;Top 5;1
33447250;Top 5;1
35112094;Top 5;1
35125659;Top 5;1
35132007;Top 5;1
35144502;Top 5;1
35499778;Top 5;1
35007668;Top 5;1
35010308;Top 5;1
35132780;Top 5;1
35141434;Top 5;1
35160600;Top 5;1
35152031;Top 5;1
35174348;Top 5;1
35445848;Top 5;1
35463085;Top 5;1
35587023;Top 5;1
35006976;Top 5;1
35113335;Top 5;1
35259559;Top 5;1
35325880;Top 5;1
35801793;Top 5;1
35004818;Top 5;1
35117389;Top 5;1
35159700;Top 5;1
35192077;Top 5;1
35803200;Top 5;1
35112318;Top 5;1
35137224;Top 5;1
35137881;Top 5;1
35143112;Top 5;1
35155664;Top 5;1
35114236;Top 5;1
35142827;Top 5;1
35142839;Top 5;1
35304414;Top 5;1
35358472;Top 5;1
35135227;Top 5;1
35138009;Top 5;1
35175614;Top 5;1
35195005;Top 5;1
35326343;Top 5;1
35006599;Top 5;1
35118114;Top 5;1
35373886;Top 5;1
35441995;Top 5;1
35467066;Top 5;1
35009792;Top 5;1
35100419;Top 5;1
35116828;Top 5;1
35116853;Top 5;1
35123419;Top 5;1
35111454;Top 5;1
35111466;Top 5;1
35111485;Top 5;1
35466153;Top 5;1
35480617;Top 5;1
35112422;Top 5;1
35125222;Top 5;1
35134326;Top 5;1
35165396;Top 5;1
35197440;Top 5;1
35112513;Top 5;1
35112562;Top 5;1
35112768;Top 5;1
35112896;Top 5;1
35112902;Top 5;1
35109502;Top 5;1
35131600;Top 5;1
35195133;Top 5;1
35259238;Top 5;1
35366791;Top 5;1
35119659;Top 5;1
35301279;Top 5;1
35364125;Top 5;1
35448527;Top 5;1
35811403;Top 5;1
35116026;Top 5;1
35143613;Top 5;1
35143996;Top 5;1
35581021;Top 5;1
35808076;Top 5;1
35139646;Top 5;1
35142682;Top 5;1
35144204;Top 5;1
35159177;Top 5;1
35568173;Top 5;1
35175024;Top 5;1
35286138;Top 5;1
35005199;Top 5;1
35108509;Top 5;1
35135136;Top 5;1
35139142;Top 5;1
35144125;Top 5;1
35141159;Top 5;1
35196685;Top 5;1
35197048;Top 5;1
35560145;Top 5;1
35583443;Top 5;1
35126640;Top 5;1
35139610;Top 5;1
35159359;Top 5;1
35191188;Top 5;1
35114467;Top 5;1
35114510;Top 5;1
35139373;Top 5;1
35172625;Top 5;1
35258143;Top 5;1
35119520;Top 5;1
35124503;Top 5;1
35813936;Top 5;1
35004887;Top 5;1
35110668;Top 5;1
35125830;Top 5;1
35143625;Top 5;1
35154436;Top 5;1
35133772;Top 5;1
35186259;Top 5;1
35195790;Top 5;1
35196976;Top 5;1
35009768;Top 5;1
35108112;Top 5;1
35108145;Top 5;1
35133115;Top 5;1
35144216;Top 5;1
35468400;Top 5;1
35112252;Top 5;1
35134314;Top 5;1
35144548;Top 5;1
35568028;Top 5;1
35585488;Top 5;1
35161123;Top 5;1
35439368;Top 5;1
35439599;Top 5;1
35809044;Top 5;1
35813000;Top 5;1
35103081;Top 5;1
35132950;Top 5;1
35115642;Top 5;1
35137716;Top 5;1
35150344;Top 5;1
35429259;Top 5;1
35441922;Top 5;1
35111569;Top 5;1
35125696;Top 5;1
35140703;Top 5;1
35159141;Top 5;1
35382619;Top 5;1
35143029;Top 5;1
35174920;Top 5;1
35810575;Top 5;1
35150289;Top 5;1
35169328;Top 5;1
35172856;Top 5;1
35179383;Top 5;1
35805048;Top 5;1
35071092;Top 5;1
35085455;Top 5;1
35113086;Top 5;1
35153126;Top 5;1
35811683;Top 5;1
35006190;Top 5;1
35143352;Top 5;1
35172959;Top 5;1
35802086;Top 5;1
35802189;Top 5;1
35126196;Top 5;1
35135616;Top 5;1
35137194;Top 5;1
35155871;Top 5;1
35167800;Top 5;1
35109356;Top 5;1
35126895;Top 5;1
35139622;Top 5;1
35115712;Top 5;1
35125982;Top 5;1
35153795;Top 5;1
35192399;Top 5;1
35299789;Top 5;1
35010473;Top 5;1
35113219;Top 5;1
35113256;Top 5;1
35136050;Top 5;1
35150435;Top 5;1
35113426;Top 5;1
35130606;Top 5;1
35152812;Top 5;1
35388786;Top 5;1
35811142;Top 5;1
35117547;Top 5;1
35117560;Top 5;1
35117572;Top 5;1
35117614;Top 5;1
35126044;Top 5;1
35108601;Top 5;1
35108613;Top 5;1
35125799;Top 5;1
35125817;Top 5;1
35185383;Top 5;1
35108339;Top 5;1
35122993;Top 5;1
35126974;Top 5;1
35135094;Top 5;1
35430146;Top 5;1
35136098;Top 5;1
35138836;Top 5;1
35140673;Top 5;1
35140685;Top 5;1
35150022;Top 5;1
35007828;Top 5;1
35109460;Top 5;1
35120637;Top 5;1
35135288;Top 5;1
35800200;Top 5;1
35004901;Top 5;1
35117705;Top 5;1
35123808;Top 5;1
35141392;Top 5;1
35150459;Top 5;1
35005656;Top 5;1
35007666;Top 5;1
35151993;Top 5;1
35158446;Top 5;1
35165049;Top 5;1
35110826;Top 5;1
35133097;Top 5;1
35158379;Top 5;1
35286527;Top 5;1
35288032;Top 5;1
35007022;Top 5;1
35113724;Top 5;1
35113759;Top 5;1
35113852;Top 5;1
35165943;Top 5;1
35151907;Top 5;1
35136876;Top 5;1
35136888;Top 5;1
35138654;Top 5;1
35449143;Top 5;1
35805257;Top 5;1
35117195;Top 5;1
35121381;Top 5;1
35165773;Top 5;1
35185619;Top 5;1
35300895;Top 5;1
35105824;Top 5;1
35108637;Top 5;1
35128120;Top 5;1
35141495;Top 5;1
35440656;Top 5;1
35114820;Top 5;1
35114960;Top 5;1
35290804;Top 5;1
35449003;Top 5;1
35114832;Top 5;1
35004193;Top 5;1
35114030;Top 5;1
35114066;Top 5;1
35114078;Top 5;1
35159013;Top 5;1
35111788;Top 5;1
35123675;Top 5;1
35130643;Top 5;1
35583674;Top 5;1
35140612;Top 5;1
35150642;Top 5;1
35174836;Top 5;1
35499092;Top 5;1
35121721;Top 5;1
35141355;Top 5;1
35141367;Top 5;1
35153163;Top 5;1
35369226;Top 5;1
35108698;Top 5;1
35135148;Top 5;1
35139178;Top 5;1
35143736;Top 5;1
35173186;Top 5;1
35109708;Top 5;1
35131829;Top 5;1
35154295;Top 5;1
35186260;Top 5;1
35810939;Top 5;1
35142612;Top 5;1
35142967;Top 5;1
35152729;Top 5;1
35583224;Top 5;1
35802578;Top 5;1
35109198;Top 5;1
35135203;Top 5;1
35139208;Top 5;1
35154775;Top 5;1
35802839;Top 5;1
35007524;Top 5;1
35125436;Top 5;1
35125441;Top 5;1
35170331;Top 5;1
35121307;Top 5;1
35004215;Top 5;1
35116373;Top 5;1
35188712;Top 5;1
35504324;Top 5;1
35809159;Top 5;1
35004369;Top 5;1
35137170;Top 5;1
35140065;Top 5;1
35175572;Top 5;1
35805555;Top 5;1
35399197;Top 5;1
35143406;Top 5;1
35165347;Top 5;1
35103524;Top 5;1
35162243;Top 5;1
35005406;Top 5;1
35110450;Top 5;1
35144320;Top 5;1
35151130;Top 5;1
35290452;Top 5;1
35114637;Top 5;1
35125465;Top 5;1
35164948;Top 5;1
35367679;Top 5;1
35441259;Top 5;1
35122968;Top 5;1
35137674;Top 5;1
35141586;Top 5;1
35165578;Top 5;1
35450339;Top 5;1
35121435;Top 5;1
35154258;Top 5;1
35497236;Top 5;1
35142098;Top 5;1
35151774;Top 5;1
35151798;Top 5;1
35287131;Top 5;1
35288378;Top 5;1
35118722;Top 5;1
35124862;Top 5;1
35140090;Top 5;1
35144034;Top 5;1
35560728;Top 5;1
35007094;Top 5;1
35112057;Top 5;1
35139506;Top 5;1
35158616;Top 5;1
35463401;Top 5;1
35111363;Top 5;1
35118564;Top 5;1
35140193;Top 5;1
35140995;Top 5;1
35161861;Top 5;1
35007952;Top 5;1
35131970;Top 5;1
35136025;Top 5;1
35164768;Top 5;1
35286187;Top 5;1
35143443;Top 5;1
35159918;Top 5;1
35567863;Top 5;1
35802281;Top 5;1
41025466;Top 5;1
41025954;Top 5;1
41026039;Top 5;1
41026241;Top 5;1
41368649;Top 5;1
41026810;Top 5;1
41027000;Top 5;1
41027051;Top 5;1
41123794;Top 5;1
41123832;Top 5;1
41158253;Top 5;1
41360044;Top 5;1
41382706;Top 5;1
41028945;Top 5;1
41152689;Top 5;1
41071859;Top 5;1
41071913;Top 5;1
41071921;Top 5;1
41150392;Top 5;1
41377001;Top 5;1
41125657;Top 5;1
41126289;Top 5;1
41163117;Top 5;1
41127242;Top 5;1
41130987;Top 5;1
41133153;Top 5;1
41148142;Top 5;1
41352866;Top 5;1
41149971;Top 5;1
41163761;Top 5;1
41075927;Top 5;1
41076087;Top 5;1
41076290;Top 5;1
41076800;Top 5;1
41407423;Top 5;1
41099605;Top 5;1
41158709;Top 5;1
41162420;Top 5;1
41386329;Top 5;1
41100700;Top 5;1
41030095;Top 5;1
41031105;Top 5;1
41032039;Top 5;1
41033310;Top 5;1
41358899;Top 5;1
41024397;Top 5;1
41024613;Top 5;1
41144490;Top 5;1
41150996;Top 5;1
41377370;Top 5;1
41140362;Top 5;1
41140397;Top 5;1
41140834;Top 5;1
41366522;Top 5;1
41141008;Top 5;1
41135946;Top 5;1
41157990;Top 5;1
41160258;Top 5;1
41397029;Top 5;1
41063015;Top 5;1
41063252;Top 5;1
41063309;Top 5;1
41063350;Top 5;1
41151844;Top 5;1
41137833;Top 5;1
41138430;Top 5;1
41162269;Top 5;1
41354869;Top 5;1
41387155;Top 5;1
41068610;Top 5;1
41068785;Top 5;1
41156781;Top 5;1
41158768;Top 5;1
41159683;Top 5;1
41007808;Top 5;1
41007883;Top 5;1
41008545;Top 5;1
41008758;Top 5;1
41382161;Top 5;1
42114012;Top 5;1
42144329;Top 5;1
42151775;Top 5;1
42153824;Top 5;1
42162890;Top 5;1
42015588;Top 5;1
42016142;Top 5;1
42016150;Top 5;1
42016207;Top 5;1
42160642;Top 5;1
42080258;Top 5;1
42080746;Top 5;1
42155274;Top 5;1
42155541;Top 5;1
42130930;Top 5;1
42155649;Top 5;1
42053480;Top 5;1
42104637;Top 5;1
42116112;Top 5;1
42141036;Top 5;1
42203600;Top 5;1
42011612;Top 5;1
42011620;Top 5;1
42012023;Top 5;1
42084695;Top 5;1
42163137;Top 5;1
42000670;Top 5;1
42160383;Top 5;1
42163021;Top 5;1
42000238;Top 5;1
42133114;Top 5;1
42068606;Top 5;1
42068690;Top 5;1
42068703;Top 5;1
42159547;Top 5;1
42164702;Top 5;1
42091403;Top 5;1
42091462;Top 5;1
42091560;Top 5;1
42091578;Top 5;1
42152038;Top 5;1
42020492;Top 5;1
42020530;Top 5;1
42020565;Top 5;1
42020590;Top 5;1
42121191;Top 5;1
42028493;Top 5;1
42028990;Top 5;1
42143390;Top 5;1
42143969;Top 5;1
42099536;Top 5;1
42154529;Top 5;1
42159571;Top 5;1
42160073;Top 5;1
42160715;Top 5;1
42108764;Top 5;1
42116643;Top 5;1
42119529;Top 5;1
42003890;Top 5;1
42003903;Top 5;1
42005728;Top 5;1
42006694;Top 5;1
42006708;Top 5;1
42006724;Top 5;1
42127831;Top 5;1
43003761;Top 5;1
43013880;Top 5;1
43183034;Top 5;1
43019048;Top 5;1
43019056;Top 5;1
43019196;Top 5;1
43008895;Top 5;1
43022316;Top 5;1
43022324;Top 5;1
43023363;Top 5;1
43029752;Top 5;1
43181694;Top 5;1
43211984;Top 5;1
43037682;Top 5;1
43037690;Top 5;1
43038387;Top 5;1
43210643;Top 5;1
43219616;Top 5;1
43043666;Top 5;1
43043674;Top 5;1
43043720;Top 5;1
43176852;Top 5;1
43215688;Top 5;1
43056172;Top 5;1
43056180;Top 5;1
43057152;Top 5;1
43068677;Top 5;1
43069002;Top 5;1
43069290;Top 5;1
43069355;Top 5;1
43216471;Top 5;1
43092454;Top 5;1
43092519;Top 5;1
43092870;Top 5;1
43093124;Top 5;1
43093353;Top 5;1
43097774;Top 5;1
43097782;Top 5;1
43097812;Top 5;1
43098584;Top 5;1
43215360;Top 5;1
43100031;Top 5;1
43173217;Top 5;1
43173390;Top 5;1
43175317;Top 5;1
43215572;Top 5;1
43104975;Top 5;1
43107419;Top 5;1
43108164;Top 5;1
43173330;Top 5;1
43215050;Top 5;1
43112803;Top 5;1
43113656;Top 5;1
43113680;Top 5;1
43214835;Top 5;1
43112790;Top 5;1
43119930;Top 5;1
43119948;Top 5;1
43119964;Top 5;1
43121756;Top 5;1
43298265;Top 5;1
43121900;Top 5;1
43123090;Top 5;1
43123643;Top 5;1
43123988;Top 5;1
43216870;Top 5;1
43139094;Top 5;1
43139108;Top 5;1
43139558;Top 5;1
43162290;Top 5;1
43162690;Top 5;1
43167284;Top 5;1
43167772;Top 5;1
43167837;Top 5;1
43295258;Top 5;1
43180817;Top 5;1
50005405;Top 5;1
50027956;Top 5;1
50031163;Top 5;1
50032100;Top 5;1
50035088;Top 5;1
50015877;Top 5;1
50016385;Top 5;1
50016628;Top 5;1
50030590;Top 5;1
50032895;Top 5;1
50012487;Top 5;1
50024701;Top 5;1
50029312;Top 5;1
50032950;Top 5;1
50040200;Top 5;1
51036169;Top 5;1
51036215;Top 5;1
51039877;Top 5;1
51088835;Top 5;1
51094061;Top 5;1
51051273;Top 5;1
51052326;Top 5;1
51057891;Top 5;1
51069431;Top 5;1
51072823;Top 5;1
51016443;Top 5;1
51058219;Top 5;1
51067471;Top 5;1
51069849;Top 5;1
51072335;Top 5;1
51014459;Top 5;1
51014467;Top 5;1
51069741;Top 5;1
51104407;Top 5;1
51162806;Top 5;1
51027909;Top 5;1
51028646;Top 5;1
51068931;Top 5;1
51088363;Top 5;1
51042371;Top 5;1
51059282;Top 5;1
51071673;Top 5;1
51073161;Top 5;1
51091127;Top 5;1
52079520;Top 5;1
52091015;Top 5;1
52103994;Top 5;1
52110400;Top 5;1
52274373;Top 5;1
52020320;Top 5;1
52020517;Top 5;1
52020592;Top 5;1
52105695;Top 5;1
52109585;Top 5;1
52094111;Top 5;1
52097595;Top 5;1
52099490;Top 5;1
52212386;Top 5;1
52288358;Top 5;1
52064786;Top 5;1
52072568;Top 5;1
52091562;Top 5;1
52094367;Top 5;1
52094502;Top 5;1
52046141;Top 5;1
52046184;Top 5;1
52076601;Top 5;1
52101398;Top 5;1
52033210;Top 5;1
52033848;Top 5;1
52034054;Top 5;1
52096785;Top 5;1
52103137;Top 5;1
52059383;Top 5;1
52059928;Top 5;1
52069052;Top 5;1
52101517;Top 5;1
52052567;Top 5;1
52053121;Top 5;1
52053261;Top 5;1
52090388;Top 5;1
52105555;Top 5;1
52050785;Top 5;1
52054160;Top 5;1
52054241;Top 5;1
52078485;Top 5;1
52098966;Top 5;1
52106748;Top 5;1
52109224;Top 5;1
52116204;Top 5;1
52039722;Top 5;1
52103560;Top 5;1
52047180;Top 5;1
52047369;Top 5;1
52048977;Top 5;1
52107990;Top 5;1
52202399;Top 5;1
53001320;Top 5;1
53020006;Top 5;1
53020570;Top 5;1
53056000;Top 5;1
53015347;Top 5;1
11013737;Top 10;2
11015896;Top 10;2
11037660;Top 10;2
11000058;Top 10;2
11000198;Top 10;2
11000252;Top 10;2
11000350;Top 10;2
11003081;Top 10;2
11003090;Top 10;2
11037474;Top 10;2
11043857;Top 10;2
11049006;Top 10;2
11049073;Top 10;2
12010928;Top 10;2
12010936;Top 10;2
12014370;Top 10;2
12022969;Top 10;2
12026409;Top 10;2
12026530;Top 10;2
12028835;Top 10;2
12030058;Top 10;2
12031682;Top 10;2
12033545;Top 10;2
13079220;Top 10;2
13110314;Top 10;2
13025872;Top 10;2
13026631;Top 10;2
13031457;Top 10;2
13031767;Top 10;2
13032020;Top 10;2
13099981;Top 10;2
13102192;Top 10;2
13105493;Top 10;2
13168207;Top 10;2
13313231;Top 10;2
14000792;Top 10;2
14000814;Top 10;2
14001055;Top 10;2
14006260;Top 10;2
14006740;Top 10;2
14007274;Top 10;2
14324067;Top 10;2
15066886;Top 10;2
15161366;Top 10;2
15584062;Top 10;2
15587983;Top 10;2
15140463;Top 10;2
15141179;Top 10;2
15176045;Top 10;2
15552900;Top 10;2
15096009;Top 10;2
15164543;Top 10;2
15165833;Top 10;2
15167178;Top 10;2
15173330;Top 10;2
15177017;Top 10;2
15209806;Top 10;2
15565793;Top 10;2
15570533;Top 10;2
15572005;Top 10;2
15172600;Top 10;2
15172732;Top 10;2
15175316;Top 10;2
15161625;Top 10;2
15542858;Top 10;2
15038424;Top 10;2
15038483;Top 10;2
15038491;Top 10;2
15167275;Top 10;2
15168344;Top 10;2
15172287;Top 10;2
15174476;Top 10;2
15181081;Top 10;2
15229408;Top 10;2
15567672;Top 10;2
15058794;Top 10;2
15169774;Top 10;2
15539830;Top 10;2
15096831;Top 10;2
15180301;Top 10;2
15045455;Top 10;2
15147002;Top 10;2
15166236;Top 10;2
15174310;Top 10;2
15175529;Top 10;2
15539962;Top 10;2
15547205;Top 10;2
15562000;Top 10;2
15566552;Top 10;2
15995933;Top 10;2
15152120;Top 10;2
15586413;Top 10;2
15097811;Top 10;2
15103080;Top 10;2
15127567;Top 10;2
15172201;Top 10;2
15180654;Top 10;2
15181146;Top 10;2
15561313;Top 10;2
15577740;Top 10;2
15165809;Top 10;2
15118932;Top 10;2
15118967;Top 10;2
15175448;Top 10;2
15230023;Top 10;2
15168654;Top 10;2
15173135;Top 10;2
15173437;Top 10;2
15223027;Top 10;2
15011020;Top 10;2
15011070;Top 10;2
15011097;Top 10;2
15171027;Top 10;2
15528715;Top 10;2
15560759;Top 10;2
16002016;Top 10;2
16003128;Top 10;2
16007484;Top 10;2
16007735;Top 10;2
16009380;Top 10;2
16011244;Top 10;2
16011570;Top 10;2
16012054;Top 10;2
16012100;Top 10;2
16012410;Top 10;2
16004329;Top 10;2
16004779;Top 10;2
16011694;Top 10;2
17005078;Top 10;2
17055741;Top 10;2
17056152;Top 10;2
17026237;Top 10;2
17046807;Top 10;2
17052564;Top 10;2
17054079;Top 10;2
17055539;Top 10;2
17055962;Top 10;2
17056446;Top 10;2
17056527;Top 10;2
17056586;Top 10;2
17057574;Top 10;2
21089981;Top 10;2
21090009;Top 10;2
21226253;Top 10;2
21256667;Top 10;2
21257523;Top 10;2
21180385;Top 10;2
21180415;Top 10;2
21182345;Top 10;2
21232180;Top 10;2
21500002;Top 10;2
21155844;Top 10;2
21156280;Top 10;2
21515662;Top 10;2
21599688;Top 10;2
21249881;Top 10;2
21249911;Top 10;2
21092419;Top 10;2
21092680;Top 10;2
21092761;Top 10;2
21092842;Top 10;2
21092869;Top 10;2
21093040;Top 10;2
21095752;Top 10;2
21259330;Top 10;2
21272921;Top 10;2
21500720;Top 10;2
21279721;Top 10;2
21287970;Top 10;2
21265585;Top 10;2
21268894;Top 10;2
21273588;Top 10;2
21281351;Top 10;2
21009902;Top 10;2
21010064;Top 10;2
21010331;Top 10;2
21199090;Top 10;2
21199809;Top 10;2
21273456;Top 10;2
21274231;Top 10;2
21279446;Top 10;2
21290229;Top 10;2
21292990;Top 10;2
21162719;Top 10;2
21267073;Top 10;2
21267324;Top 10;2
21498814;Top 10;2
22014543;Top 10;2
22015701;Top 10;2
22112596;Top 10;2
22118977;Top 10;2
22135790;Top 10;2
22141472;Top 10;2
22144412;Top 10;2
22144978;Top 10;2
22146199;Top 10;2
22326715;Top 10;2
22022406;Top 10;2
22022481;Top 10;2
22022503;Top 10;2
22023658;Top 10;2
22025740;Top 10;2
22027173;Top 10;2
22142363;Top 10;2
22142622;Top 10;2
22144919;Top 10;2
22146636;Top 10;2
23062541;Top 10;2
23062622;Top 10;2
23063440;Top 10;2
23232390;Top 10;2
23275448;Top 10;2
23062495;Top 10;2
23162902;Top 10;2
23163240;Top 10;2
23163348;Top 10;2
23350628;Top 10;2
23067071;Top 10;2
23071036;Top 10;2
23077557;Top 10;2
23235543;Top 10;2
23245573;Top 10;2
23246847;Top 10;2
23246871;Top 10;2
23246880;Top 10;2
23272430;Top 10;2
23498994;Top 10;2
23182016;Top 10;2
23165049;Top 10;2
23165391;Top 10;2
23165901;Top 10;2
23165952;Top 10;2
23192020;Top 10;2
23276649;Top 10;2
23079843;Top 10;2
23081430;Top 10;2
23081457;Top 10;2
23276320;Top 10;2
23082321;Top 10;2
23082585;Top 10;2
23232234;Top 10;2
23232307;Top 10;2
23024690;Top 10;2
23025255;Top 10;2
23025310;Top 10;2
23025530;Top 10;2
23025646;Top 10;2
24056278;Top 10;2
24080411;Top 10;2
24080462;Top 10;2
24083453;Top 10;2
24083550;Top 10;2
24085081;Top 10;2
24085499;Top 10;2
24086770;Top 10;2
24089303;Top 10;2
24281301;Top 10;2
24001260;Top 10;2
24002526;Top 10;2
24003492;Top 10;2
24003581;Top 10;2
24003646;Top 10;2
24003662;Top 10;2
24073784;Top 10;2
24074667;Top 10;2
24089150;Top 10;2
24091260;Top 10;2
24057002;Top 10;2
24057126;Top 10;2
24057134;Top 10;2
24057169;Top 10;2
24069191;Top 10;2
24084263;Top 10;2
24088846;Top 10;2
24089214;Top 10;2
24097004;Top 10;2
24350303;Top 10;2
25071068;Top 10;2
25071106;Top 10;2
25073214;Top 10;2
25125672;Top 10;2
25130676;Top 10;2
25133519;Top 10;2
25134167;Top 10;2
25135430;Top 10;2
25206800;Top 10;2
25213806;Top 10;2
25093061;Top 10;2
25093088;Top 10;2
25093096;Top 10;2
25097539;Top 10;2
25120298;Top 10;2
25133012;Top 10;2
25133454;Top 10;2
25133861;Top 10;2
25153820;Top 10;2
25306936;Top 10;2
25020684;Top 10;2
25021885;Top 10;2
25132750;Top 10;2
25164805;Top 10;2
25226800;Top 10;2
25098829;Top 10;2
25098896;Top 10;2
25099540;Top 10;2
25099868;Top 10;2
25118102;Top 10;2
25118374;Top 10;2
26129680;Top 10;2
26183366;Top 10;2
26186896;Top 10;2
26193230;Top 10;2
26107503;Top 10;2
26163454;Top 10;2
26174588;Top 10;2
26179350;Top 10;2
26182076;Top 10;2
26193825;Top 10;2
26234610;Top 10;2
26053837;Top 10;2
26053861;Top 10;2
26053993;Top 10;2
26055198;Top 10;2
26055686;Top 10;2
26179890;Top 10;2
26184419;Top 10;2
26184834;Top 10;2
26185539;Top 10;2
26441713;Top 10;2
26075431;Top 10;2
26075440;Top 10;2
26075458;Top 10;2
26075474;Top 10;2
26105810;Top 10;2
26147505;Top 10;2
26108585;Top 10;2
26110105;Top 10;2
26137950;Top 10;2
26139146;Top 10;2
26168243;Top 10;2
26175240;Top 10;2
26191423;Top 10;2
26193450;Top 10;2
26529807;Top 10;2
26110130;Top 10;2
26112558;Top 10;2
26112680;Top 10;2
26135465;Top 10;2
26135490;Top 10;2
26135811;Top 10;2
26137968;Top 10;2
26138611;Top 10;2
26142716;Top 10;2
26162210;Top 10;2
26190494;Top 10;2
26115557;Top 10;2
26116499;Top 10;2
26116987;Top 10;2
26117282;Top 10;2
26117525;Top 10;2
26137255;Top 10;2
26157233;Top 10;2
26179199;Top 10;2
26182157;Top 10;2
26190265;Top 10;2
26033909;Top 10;2
26033925;Top 10;2
26033950;Top 10;2
26036070;Top 10;2
26132028;Top 10;2
26186225;Top 10;2
26192713;Top 10;2
26193957;Top 10;2
26117584;Top 10;2
26118165;Top 10;2
26122081;Top 10;2
26137631;Top 10;2
26156202;Top 10;2
26187353;Top 10;2
26189569;Top 10;2
26194236;Top 10;2
26197405;Top 10;2
26534711;Top 10;2
26174774;Top 10;2
26177552;Top 10;2
26094681;Top 10;2
26095882;Top 10;2
26095904;Top 10;2
26095912;Top 10;2
26144840;Top 10;2
26156318;Top 10;2
26188090;Top 10;2
27016315;Top 10;2
27016439;Top 10;2
27053431;Top 10;2
27056589;Top 10;2
27215083;Top 10;2
27224821;Top 10;2
27227189;Top 10;2
27235009;Top 10;2
27255018;Top 10;2
27258009;Top 10;2
27035000;Top 10;2
27037380;Top 10;2
27049140;Top 10;2
27051889;Top 10;2
27216845;Top 10;2
27218180;Top 10;2
27218244;Top 10;2
27220885;Top 10;2
27223361;Top 10;2
27226115;Top 10;2
28017757;Top 10;2
28017781;Top 10;2
28017803;Top 10;2
28017820;Top 10;2
28017943;Top 10;2
28018109;Top 10;2
28020049;Top 10;2
28032322;Top 10;2
28032799;Top 10;2
28037723;Top 10;2
28006992;Top 10;2
28007042;Top 10;2
28007050;Top 10;2
28031563;Top 10;2
28032250;Top 10;2
28033450;Top 10;2
28037863;Top 10;2
28020863;Top 10;2
28076400;Top 10;2
28079400;Top 10;2
28110404;Top 10;2
29149860;Top 10;2
29149894;Top 10;2
29149908;Top 10;2
29332249;Top 10;2
29392349;Top 10;2
29399262;Top 10;2
29641608;Top 10;2
29353556;Top 10;2
29433002;Top 10;2
29436168;Top 10;2
29472440;Top 10;2
29482240;Top 10;2
29398053;Top 10;2
29398479;Top 10;2
29422370;Top 10;2
29455430;Top 10;2
29478901;Top 10;2
29480620;Top 10;2
29396379;Top 10;2
29569605;Top 10;2
29318297;Top 10;2
29318335;Top 10;2
29318653;Top 10;2
29354900;Top 10;2
29093619;Top 10;2
29093627;Top 10;2
29093643;Top 10;2
29094046;Top 10;2
29342872;Top 10;2
29342880;Top 10;2
29365813;Top 10;2
29410991;Top 10;2
29417546;Top 10;2
29437261;Top 10;2
29301505;Top 10;2
29301513;Top 10;2
29301521;Top 10;2
29388341;Top 10;2
29406579;Top 10;2
29450640;Top 10;2
29304229;Top 10;2
29304385;Top 10;2
29304393;Top 10;2
29304407;Top 10;2
29304490;Top 10;2
29456096;Top 10;2
29478448;Top 10;2
29227720;Top 10;2
29408148;Top 10;2
29408156;Top 10;2
29467950;Top 10;2
29024498;Top 10;2
29024595;Top 10;2
29441064;Top 10;2
29178223;Top 10;2
29359287;Top 10;2
29428289;Top 10;2
29456444;Top 10;2
29460441;Top 10;2
29468329;Top 10;2
29530210;Top 10;2
29609607;Top 10;2
29427924;Top 10;2
29432359;Top 10;2
29451876;Top 10;2
29480370;Top 10;2
29034981;Top 10;2
29365406;Top 10;2
29389992;Top 10;2
29343747;Top 10;2
29439833;Top 10;2
29451990;Top 10;2
29714630;Top 10;2
29738628;Top 10;2
29447674;Top 10;2
29182344;Top 10;2
29182409;Top 10;2
29200091;Top 10;2
29365023;Top 10;2
29422248;Top 10;2
29422272;Top 10;2
29447518;Top 10;2
29485541;Top 10;2
29486963;Top 10;2
29487250;Top 10;2
29171644;Top 10;2
29171652;Top 10;2
29400340;Top 10;2
29406080;Top 10;2
29472466;Top 10;2
29480310;Top 10;2
29201969;Top 10;2
29469287;Top 10;2
29327822;Top 10;2
29328560;Top 10;2
29478952;Top 10;2
29489504;Top 10;2
29277744;Top 10;2
29277825;Top 10;2
29279011;Top 10;2
29279240;Top 10;2
29433380;Top 10;2
29459729;Top 10;2
29470153;Top 10;2
29486696;Top 10;2
29542618;Top 10;2
29608600;Top 10;2
31170208;Top 10;2
31170216;Top 10;2
31239666;Top 10;2
31278912;Top 10;2
31340367;Top 10;2
31166090;Top 10;2
31166103;Top 10;2
31218553;Top 10;2
31371777;Top 10;2
31018767;Top 10;2
31018864;Top 10;2
31371769;Top 10;2
31376850;Top 10;2
31004031;Top 10;2
31004651;Top 10;2
31004812;Top 10;2
31004871;Top 10;2
31005037;Top 10;2
31006157;Top 10;2
31006238;Top 10;2
31006394;Top 10;2
31309711;Top 10;2
31387860;Top 10;2
31013935;Top 10;2
31223123;Top 10;2
31235555;Top 10;2
31276651;Top 10;2
31353906;Top 10;2
31196177;Top 10;2
31210595;Top 10;2
31305235;Top 10;2
31339989;Top 10;2
31014061;Top 10;2
31236926;Top 10;2
31267007;Top 10;2
31277177;Top 10;2
31279099;Top 10;2
31279102;Top 10;2
31376310;Top 10;2
31014087;Top 10;2
31277185;Top 10;2
31357120;Top 10;2
31193020;Top 10;2
31193038;Top 10;2
31238180;Top 10;2
31041181;Top 10;2
31041190;Top 10;2
31041262;Top 10;2
31281921;Top 10;2
31291986;Top 10;2
31371726;Top 10;2
31374644;Top 10;2
31376051;Top 10;2
31053953;Top 10;2
31054011;Top 10;2
31054071;Top 10;2
31054135;Top 10;2
31280135;Top 10;2
31329762;Top 10;2
31193071;Top 10;2
31193097;Top 10;2
31193160;Top 10;2
31251763;Top 10;2
31261564;Top 10;2
31349720;Top 10;2
31193216;Top 10;2
31105899;Top 10;2
31105902;Top 10;2
31293181;Top 10;2
31361496;Top 10;2
31368113;Top 10;2
31377767;Top 10;2
31198846;Top 10;2
31332721;Top 10;2
31382698;Top 10;2
31074098;Top 10;2
31074101;Top 10;2
31074250;Top 10;2
31074373;Top 10;2
31074411;Top 10;2
31074454;Top 10;2
31317101;Top 10;2
31324515;Top 10;2
31353990;Top 10;2
31354910;Top 10;2
31205231;Top 10;2
31205265;Top 10;2
31246018;Top 10;2
31292451;Top 10;2
31328294;Top 10;2
31346314;Top 10;2
31354848;Top 10;2
31374628;Top 10;2
31096253;Top 10;2
31096261;Top 10;2
31096270;Top 10;2
31260541;Top 10;2
31346209;Top 10;2
31365920;Top 10;2
31367710;Top 10;2
31370100;Top 10;2
31371750;Top 10;2
31385069;Top 10;2
31102563;Top 10;2
31305847;Top 10;2
31377899;Top 10;2
31014443;Top 10;2
31229865;Top 10;2
31249483;Top 10;2
31266655;Top 10;2
31276413;Top 10;2
31333921;Top 10;2
31341550;Top 10;2
31354600;Top 10;2
31296261;Top 10;2
31342122;Top 10;2
31118320;Top 10;2
31118346;Top 10;2
31223883;Top 10;2
31294900;Top 10;2
31362735;Top 10;2
31123501;Top 10;2
31123536;Top 10;2
31123544;Top 10;2
31321079;Top 10;2
31371696;Top 10;2
31127965;Top 10;2
31128023;Top 10;2
31128031;Top 10;2
31128058;Top 10;2
31222976;Top 10;2
31245968;Top 10;2
31310191;Top 10;2
31062197;Top 10;2
31062201;Top 10;2
31062235;Top 10;2
31327026;Top 10;2
31343781;Top 10;2
31358266;Top 10;2
31368385;Top 10;2
31368520;Top 10;2
31369748;Top 10;2
31253936;Top 10;2
31014494;Top 10;2
31293423;Top 10;2
31316059;Top 10;2
31212067;Top 10;2
31215830;Top 10;2
31349399;Top 10;2
31145734;Top 10;2
31260908;Top 10;2
31334049;Top 10;2
31335746;Top 10;2
31350885;Top 10;2
31357154;Top 10;2
31361500;Top 10;2
31367672;Top 10;2
31368687;Top 10;2
31379719;Top 10;2
31158101;Top 10;2
31158143;Top 10;2
31242918;Top 10;2
31378496;Top 10;2
31184331;Top 10;2
31184349;Top 10;2
31372013;Top 10;2
31166332;Top 10;2
31166359;Top 10;2
31166481;Top 10;2
31320536;Top 10;2
31354562;Top 10;2
31370614;Top 10;2
31376442;Top 10;2
31377953;Top 10;2
31382655;Top 10;2
31384828;Top 10;2
31170402;Top 10;2
31170461;Top 10;2
31170534;Top 10;2
31170607;Top 10;2
31220094;Top 10;2
31275531;Top 10;2
31352195;Top 10;2
31369969;Top 10;2
31380210;Top 10;2
31384909;Top 10;2
31180599;Top 10;2
31180602;Top 10;2
31180611;Top 10;2
31293687;Top 10;2
31316237;Top 10;2
31366269;Top 10;2
31371742;Top 10;2
32052120;Top 10;2
32052936;Top 10;2
32053070;Top 10;2
32081502;Top 10;2
32134002;Top 10;2
32034377;Top 10;2
32034520;Top 10;2
32035217;Top 10;2
32076363;Top 10;2
32034318;Top 10;2
32070276;Top 10;2
32010311;Top 10;2
32010400;Top 10;2
32074182;Top 10;2
32043325;Top 10;2
32021828;Top 10;2
32076223;Top 10;2
32080778;Top 10;2
32018134;Top 10;2
32064101;Top 10;2
32070594;Top 10;2
32097603;Top 10;2
32065248;Top 10;2
32065310;Top 10;2
32066880;Top 10;2
32079320;Top 10;2
32036671;Top 10;2
32065353;Top 10;2
32070845;Top 10;2
32038178;Top 10;2
32038224;Top 10;2
32038240;Top 10;2
32038720;Top 10;2
32039395;Top 10;2
32039832;Top 10;2
32076169;Top 10;2
32079931;Top 10;2
32083343;Top 10;2
32083351;Top 10;2
32040032;Top 10;2
32040040;Top 10;2
32040075;Top 10;2
32040083;Top 10;2
32040210;Top 10;2
32041152;Top 10;2
32041373;Top 10;2
32041411;Top 10;2
32074964;Top 10;2
32083882;Top 10;2
33036659;Top 10;2
33036675;Top 10;2
33132089;Top 10;2
33138141;Top 10;2
33138737;Top 10;2
33138745;Top 10;2
33156913;Top 10;2
33164541;Top 10;2
33172030;Top 10;2
33183953;Top 10;2
33026360;Top 10;2
33026378;Top 10;2
33026424;Top 10;2
33026459;Top 10;2
33113556;Top 10;2
33151296;Top 10;2
33166951;Top 10;2
33168202;Top 10;2
33195420;Top 10;2
33195463;Top 10;2
33029318;Top 10;2
33029482;Top 10;2
33029490;Top 10;2
33125023;Top 10;2
33199949;Top 10;2
33451222;Top 10;2
33451290;Top 10;2
33027404;Top 10;2
33027722;Top 10;2
33150761;Top 10;2
33155585;Top 10;2
33178976;Top 10;2
33181110;Top 10;2
33184666;Top 10;2
33195960;Top 10;2
33198993;Top 10;2
33145989;Top 10;2
33008221;Top 10;2
33008337;Top 10;2
33008523;Top 10;2
33008612;Top 10;2
33009694;Top 10;2
33009783;Top 10;2
33106754;Top 10;2
33120544;Top 10;2
33195579;Top 10;2
33199558;Top 10;2
33048185;Top 10;2
33049416;Top 10;2
33049424;Top 10;2
33101612;Top 10;2
33178518;Top 10;2
33181713;Top 10;2
33185433;Top 10;2
33194270;Top 10;2
33101469;Top 10;2
33110549;Top 10;2
33051348;Top 10;2
33098867;Top 10;2
33098980;Top 10;2
33150699;Top 10;2
33157383;Top 10;2
33196826;Top 10;2
33200351;Top 10;2
33051828;Top 10;2
33098840;Top 10;2
33159157;Top 10;2
33103437;Top 10;2
33149763;Top 10;2
33171793;Top 10;2
33195978;Top 10;2
33146675;Top 10;2
33212600;Top 10;2
33439818;Top 10;2
33015520;Top 10;2
33015546;Top 10;2
33118965;Top 10;2
33139881;Top 10;2
33166927;Top 10;2
33169365;Top 10;2
33170401;Top 10;2
33172285;Top 10;2
33183228;Top 10;2
33199973;Top 10;2
33130442;Top 10;2
33138567;Top 10;2
33206007;Top 10;2
33313210;Top 10;2
33053367;Top 10;2
33054118;Top 10;2
33115478;Top 10;2
33130086;Top 10;2
33131236;Top 10;2
33181217;Top 10;2
33186928;Top 10;2
33198233;Top 10;2
33266204;Top 10;2
33203130;Top 10;2
33115273;Top 10;2
33152721;Top 10;2
33054851;Top 10;2
33111774;Top 10;2
33157251;Top 10;2
33193444;Top 10;2
33197946;Top 10;2
33200378;Top 10;2
33173109;Top 10;2
33182884;Top 10;2
33055866;Top 10;2
33055947;Top 10;2
33057109;Top 10;2
33057206;Top 10;2
33150931;Top 10;2
33155259;Top 10;2
33165920;Top 10;2
33165998;Top 10;2
33179999;Top 10;2
33196214;Top 10;2
33021660;Top 10;2
33021724;Top 10;2
33021740;Top 10;2
33022267;Top 10;2
33102830;Top 10;2
33120986;Top 10;2
33134170;Top 10;2
33145237;Top 10;2
33155860;Top 10;2
33102899;Top 10;2
33058164;Top 10;2
33060266;Top 10;2
33060312;Top 10;2
33101809;Top 10;2
33111260;Top 10;2
33156069;Top 10;2
33166560;Top 10;2
33184453;Top 10;2
33187681;Top 10;2
33199876;Top 10;2
33039976;Top 10;2
33040516;Top 10;2
33041563;Top 10;2
33102341;Top 10;2
33138532;Top 10;2
33178909;Top 10;2
33182108;Top 10;2
33041105;Top 10;2
33041130;Top 10;2
33151369;Top 10;2
33061629;Top 10;2
33061670;Top 10;2
33062161;Top 10;2
33103283;Top 10;2
33196133;Top 10;2
33031363;Top 10;2
33031371;Top 10;2
33031410;Top 10;2
33031649;Top 10;2
33439796;Top 10;2
33541221;Top 10;2
33548250;Top 10;2
33025460;Top 10;2
33025673;Top 10;2
33149550;Top 10;2
33172234;Top 10;2
33174881;Top 10;2
33179344;Top 10;2
33189846;Top 10;2
33195552;Top 10;2
33203300;Top 10;2
33454221;Top 10;2
33062609;Top 10;2
33062633;Top 10;2
33063656;Top 10;2
33063729;Top 10;2
33065403;Top 10;2
33078866;Top 10;2
33100713;Top 10;2
33104220;Top 10;2
33135371;Top 10;2
33160830;Top 10;2
33088780;Top 10;2
33089167;Top 10;2
33089248;Top 10;2
33089825;Top 10;2
33126000;Top 10;2
33170347;Top 10;2
33181594;Top 10;2
33187100;Top 10;2
33194084;Top 10;2
33090734;Top 10;2
33092346;Top 10;2
33092982;Top 10;2
33143145;Top 10;2
33148287;Top 10;2
33159599;Top 10;2
33171670;Top 10;2
33190674;Top 10;2
33200572;Top 10;2
33448256;Top 10;2
33093008;Top 10;2
33028079;Top 10;2
33028567;Top 10;2
33142645;Top 10;2
33190160;Top 10;2
33226210;Top 10;2
33042373;Top 10;2
33042462;Top 10;2
33042560;Top 10;2
33042578;Top 10;2
33043086;Top 10;2
33127875;Top 10;2
33170509;Top 10;2
33182078;Top 10;2
33182094;Top 10;2
33196770;Top 10;2
33032777;Top 10;2
33032858;Top 10;2
33032882;Top 10;2
33033811;Top 10;2
33034249;Top 10;2
33112959;Top 10;2
33147450;Top 10;2
33163863;Top 10;2
33188823;Top 10;2
33447250;Top 10;2
35112094;Top 10;2
35112124;Top 10;2
35125647;Top 10;2
35125659;Top 10;2
35132007;Top 10;2
35140600;Top 10;2
35144502;Top 10;2
35166686;Top 10;2
35499778;Top 10;2
35007668;Top 10;2
35010308;Top 10;2
35116661;Top 10;2
35116671;Top 10;2
35132780;Top 10;2
35141434;Top 10;2
35150988;Top 10;2
35160600;Top 10;2
35166169;Top 10;2
35288214;Top 10;2
35114157;Top 10;2
35114194;Top 10;2
35124060;Top 10;2
35152031;Top 10;2
35155147;Top 10;2
35155159;Top 10;2
35174348;Top 10;2
35445848;Top 10;2
35463085;Top 10;2
35587023;Top 10;2
35006976;Top 10;2
35113335;Top 10;2
35259559;Top 10;2
35325880;Top 10;2
35801793;Top 10;2
35004818;Top 10;2
35117365;Top 10;2
35117389;Top 10;2
35159700;Top 10;2
35192077;Top 10;2
35803200;Top 10;2
35006275;Top 10;2
35112306;Top 10;2
35112318;Top 10;2
35135951;Top 10;2
35137224;Top 10;2
35137881;Top 10;2
35143112;Top 10;2
35155664;Top 10;2
35185243;Top 10;2
35805973;Top 10;2
35114236;Top 10;2
35142827;Top 10;2
35142839;Top 10;2
35150484;Top 10;2
35304414;Top 10;2
35358472;Top 10;2
35135227;Top 10;2
35138009;Top 10;2
35175614;Top 10;2
35195005;Top 10;2
35326343;Top 10;2
35006599;Top 10;2
35118114;Top 10;2
35133279;Top 10;2
35160441;Top 10;2
35160453;Top 10;2
35165517;Top 10;2
35290518;Top 10;2
35373886;Top 10;2
35441995;Top 10;2
35467066;Top 10;2
35009792;Top 10;2
35100419;Top 10;2
35116828;Top 10;2
35116853;Top 10;2
35123419;Top 10;2
35111454;Top 10;2
35111466;Top 10;2
35111485;Top 10;2
35134260;Top 10;2
35139336;Top 10;2
35144897;Top 10;2
35151324;Top 10;2
35466153;Top 10;2
35480617;Top 10;2
35581367;Top 10;2
35112392;Top 10;2
35112422;Top 10;2
35125222;Top 10;2
35126949;Top 10;2
35134326;Top 10;2
35138733;Top 10;2
35150125;Top 10;2
35159438;Top 10;2
35165396;Top 10;2
35197440;Top 10;2
35004269;Top 10;2
35112513;Top 10;2
35112562;Top 10;2
35112586;Top 10;2
35112768;Top 10;2
35112773;Top 10;2
35112896;Top 10;2
35138769;Top 10;2
35579403;Top 10;2
35112902;Top 10;2
35004256;Top 10;2
35109502;Top 10;2
35125416;Top 10;2
35131600;Top 10;2
35195133;Top 10;2
35259238;Top 10;2
35366791;Top 10;2
35119659;Top 10;2
35301279;Top 10;2
35364125;Top 10;2
35448527;Top 10;2
35565271;Top 10;2
35811403;Top 10;2
35116002;Top 10;2
35116014;Top 10;2
35116026;Top 10;2
35116051;Top 10;2
35143613;Top 10;2
35143996;Top 10;2
35152961;Top 10;2
35581021;Top 10;2
35808076;Top 10;2
35109289;Top 10;2
35131490;Top 10;2
35139646;Top 10;2
35142682;Top 10;2
35144204;Top 10;2
35159177;Top 10;2
35370836;Top 10;2
35407641;Top 10;2
35568173;Top 10;2
35806122;Top 10;2
35175024;Top 10;2
35286138;Top 10;2
35005199;Top 10;2
35108509;Top 10;2
35121952;Top 10;2
35130916;Top 10;2
35135136;Top 10;2
35139142;Top 10;2
35144125;Top 10;2
35170409;Top 10;2
35568934;Top 10;2
35808040;Top 10;2
35141159;Top 10;2
35196685;Top 10;2
35197048;Top 10;2
35560145;Top 10;2
35583443;Top 10;2
35126640;Top 10;2
35139610;Top 10;2
35159359;Top 10;2
35191188;Top 10;2
35114467;Top 10;2
35114479;Top 10;2
35114510;Top 10;2
35139373;Top 10;2
35164926;Top 10;2
35172625;Top 10;2
35258143;Top 10;2
35581781;Top 10;2
35802244;Top 10;2
35806572;Top 10;2
35119520;Top 10;2
35124503;Top 10;2
35813936;Top 10;2
35004887;Top 10;2
35110668;Top 10;2
35116701;Top 10;2
35125830;Top 10;2
35143625;Top 10;2
35154436;Top 10;2
35806389;Top 10;2
35131295;Top 10;2
35133772;Top 10;2
35160544;Top 10;2
35186259;Top 10;2
35187318;Top 10;2
35195790;Top 10;2
35196976;Top 10;2
35009768;Top 10;2
35803066;Top 10;2
35108112;Top 10;2
35108145;Top 10;2
35126615;Top 10;2
35131945;Top 10;2
35133115;Top 10;2
35140806;Top 10;2
35142360;Top 10;2
35144216;Top 10;2
35468400;Top 10;2
35529503;Top 10;2
35112252;Top 10;2
35121447;Top 10;2
35134314;Top 10;2
35144548;Top 10;2
35568028;Top 10;2
35585488;Top 10;2
35112951;Top 10;2
35125787;Top 10;2
35161123;Top 10;2
35170112;Top 10;2
35170446;Top 10;2
35439368;Top 10;2
35439599;Top 10;2
35499365;Top 10;2
35809044;Top 10;2
35813000;Top 10;2
35103081;Top 10;2
35132950;Top 10;2
35115642;Top 10;2
35137716;Top 10;2
35150344;Top 10;2
35176734;Top 10;2
35429259;Top 10;2
35441922;Top 10;2
35106434;Top 10;2
35111569;Top 10;2
35125696;Top 10;2
35134272;Top 10;2
35140703;Top 10;2
35159141;Top 10;2
35382619;Top 10;2
35432210;Top 10;2
35800077;Top 10;2
35143029;Top 10;2
35174920;Top 10;2
35810575;Top 10;2
35150289;Top 10;2
35169328;Top 10;2
35172856;Top 10;2
35179383;Top 10;2
35805048;Top 10;2
35071092;Top 10;2
35085455;Top 10;2
35113086;Top 10;2
35153126;Top 10;2
35305674;Top 10;2
35811683;Top 10;2
35006190;Top 10;2
35111648;Top 10;2
35143170;Top 10;2
35143352;Top 10;2
35172959;Top 10;2
35457334;Top 10;2
35802086;Top 10;2
35802189;Top 10;2
35110899;Top 10;2
35110929;Top 10;2
35126196;Top 10;2
35135616;Top 10;2
35137194;Top 10;2
35138083;Top 10;2
35155871;Top 10;2
35167794;Top 10;2
35167800;Top 10;2
35288822;Top 10;2
35109356;Top 10;2
35126895;Top 10;2
35139622;Top 10;2
35009516;Top 10;2
35115708;Top 10;2
35115712;Top 10;2
35121344;Top 10;2
35125982;Top 10;2
35134429;Top 10;2
35153795;Top 10;2
35192399;Top 10;2
35299789;Top 10;2
35010473;Top 10;2
35113207;Top 10;2
35113219;Top 10;2
35113256;Top 10;2
35136050;Top 10;2
35150435;Top 10;2
35175420;Top 10;2
35290981;Top 10;2
35481397;Top 10;2
35809445;Top 10;2
35113426;Top 10;2
35130606;Top 10;2
35134417;Top 10;2
35139932;Top 10;2
35143789;Top 10;2
35144997;Top 10;2
35152812;Top 10;2
35388786;Top 10;2
35497997;Top 10;2
35811142;Top 10;2
35117500;Top 10;2
35117547;Top 10;2
35117560;Top 10;2
35117572;Top 10;2
35117614;Top 10;2
35124801;Top 10;2
35150654;Top 10;2
35342956;Top 10;2
35810095;Top 10;2
35126044;Top 10;2
35108583;Top 10;2
35108601;Top 10;2
35108613;Top 10;2
35125799;Top 10;2
35125817;Top 10;2
35150548;Top 10;2
35185383;Top 10;2
35464259;Top 10;2
35810940;Top 10;2
35108339;Top 10;2
35108364;Top 10;2
35122993;Top 10;2
35126974;Top 10;2
35135094;Top 10;2
35193914;Top 10;2
35290762;Top 10;2
35299182;Top 10;2
35430146;Top 10;2
35450868;Top 10;2
35005753;Top 10;2
35136098;Top 10;2
35138836;Top 10;2
35140673;Top 10;2
35140685;Top 10;2
35150022;Top 10;2
35175687;Top 10;2
35257312;Top 10;2
35007828;Top 10;2
35109411;Top 10;2
35109435;Top 10;2
35109460;Top 10;2
35120637;Top 10;2
35120947;Top 10;2
35135288;Top 10;2
35568582;Top 10;2
35800200;Top 10;2
35809111;Top 10;2
35004901;Top 10;2
35006070;Top 10;2
35117699;Top 10;2
35117705;Top 10;2
35123808;Top 10;2
35141392;Top 10;2
35150459;Top 10;2
35005656;Top 10;2
35007666;Top 10;2
35008395;Top 10;2
35151993;Top 10;2
35158446;Top 10;2
35165049;Top 10;2
35110826;Top 10;2
35133097;Top 10;2
35158379;Top 10;2
35286527;Top 10;2
35288032;Top 10;2
35007022;Top 10;2
35113724;Top 10;2
35113736;Top 10;2
35113759;Top 10;2
35113852;Top 10;2
35123146;Top 10;2
35125490;Top 10;2
35165931;Top 10;2
35165943;Top 10;2
35304888;Top 10;2
35151907;Top 10;2
35006289;Top 10;2
35119748;Top 10;2
35136876;Top 10;2
35136888;Top 10;2
35138654;Top 10;2
35151063;Top 10;2
35167666;Top 10;2
35449143;Top 10;2
35583303;Top 10;2
35805257;Top 10;2
35117134;Top 10;2
35117195;Top 10;2
35117201;Top 10;2
35118321;Top 10;2
35121381;Top 10;2
35123444;Top 10;2
35165773;Top 10;2
35185619;Top 10;2
35300895;Top 10;2
35466761;Top 10;2
35009648;Top 10;2
35105824;Top 10;2
35108637;Top 10;2
35128120;Top 10;2
35141495;Top 10;2
35440656;Top 10;2
35004304;Top 10;2
35114820;Top 10;2
35114960;Top 10;2
35118503;Top 10;2
35132925;Top 10;2
35186429;Top 10;2
35290804;Top 10;2
35431436;Top 10;2
35449003;Top 10;2
35114832;Top 10;2
35004193;Top 10;2
35114030;Top 10;2
35114042;Top 10;2
35114066;Top 10;2
35114078;Top 10;2
35159013;Top 10;2
35263072;Top 10;2
35111788;Top 10;2
35123675;Top 10;2
35130643;Top 10;2
35583674;Top 10;2
35140612;Top 10;2
35150642;Top 10;2
35174836;Top 10;2
35499092;Top 10;2
35121721;Top 10;2
35141355;Top 10;2
35141367;Top 10;2
35153163;Top 10;2
35369226;Top 10;2
35108649;Top 10;2
35108698;Top 10;2
35108820;Top 10;2
35124631;Top 10;2
35135148;Top 10;2
35139178;Top 10;2
35140909;Top 10;2
35143736;Top 10;2
35173186;Top 10;2
35429089;Top 10;2
35005953;Top 10;2
35109708;Top 10;2
35109721;Top 10;2
35109733;Top 10;2
35110140;Top 10;2
35131829;Top 10;2
35154295;Top 10;2
35186260;Top 10;2
35483084;Top 10;2
35810939;Top 10;2
35006291;Top 10;2
35108923;Top 10;2
35108972;Top 10;2
35109010;Top 10;2
35119611;Top 10;2
35142612;Top 10;2
35142967;Top 10;2
35152729;Top 10;2
35583224;Top 10;2
35802578;Top 10;2
35109198;Top 10;2
35109228;Top 10;2
35127115;Top 10;2
35132160;Top 10;2
35135203;Top 10;2
35139208;Top 10;2
35154775;Top 10;2
35430432;Top 10;2
35802839;Top 10;2
35007524;Top 10;2
35009706;Top 10;2
35115253;Top 10;2
35125436;Top 10;2
35125441;Top 10;2
35165116;Top 10;2
35170331;Top 10;2
35115265;Top 10;2
35115277;Top 10;2
35121307;Top 10;2
35004215;Top 10;2
35006933;Top 10;2
35116361;Top 10;2
35116373;Top 10;2
35188712;Top 10;2
35448205;Top 10;2
35500033;Top 10;2
35501918;Top 10;2
35504324;Top 10;2
35809159;Top 10;2
35004369;Top 10;2
35111089;Top 10;2
35134259;Top 10;2
35137170;Top 10;2
35140065;Top 10;2
35175572;Top 10;2
35499067;Top 10;2
35561320;Top 10;2
35805555;Top 10;2
35808246;Top 10;2
35399197;Top 10;2
35103718;Top 10;2
35103548;Top 10;2
35143406;Top 10;2
35165347;Top 10;2
35103524;Top 10;2
35120285;Top 10;2
35105314;Top 10;2
35162243;Top 10;2
35107190;Top 10;2
35005406;Top 10;2
35009055;Top 10;2
35110450;Top 10;2
35110474;Top 10;2
35121253;Top 10;2
35137807;Top 10;2
35144320;Top 10;2
35151130;Top 10;2
35160477;Top 10;2
35290452;Top 10;2
35114637;Top 10;2
35125465;Top 10;2
35164948;Top 10;2
35288482;Top 10;2
35367679;Top 10;2
35441259;Top 10;2
35111958;Top 10;2
35112008;Top 10;2
35122968;Top 10;2
35137674;Top 10;2
35137686;Top 10;2
35141586;Top 10;2
35155779;Top 10;2
35165578;Top 10;2
35173548;Top 10;2
35450339;Top 10;2
35121435;Top 10;2
35154258;Top 10;2
35497236;Top 10;2
35119593;Top 10;2
35121563;Top 10;2
35142098;Top 10;2
35151774;Top 10;2
35151798;Top 10;2
35155111;Top 10;2
35185061;Top 10;2
35287131;Top 10;2
35288378;Top 10;2
35586663;Top 10;2
35118722;Top 10;2
35124862;Top 10;2
35139270;Top 10;2
35140090;Top 10;2
35144034;Top 10;2
35154003;Top 10;2
35161895;Top 10;2
35161913;Top 10;2
35374040;Top 10;2
35560728;Top 10;2
35007094;Top 10;2
35112057;Top 10;2
35139506;Top 10;2
35158616;Top 10;2
35463401;Top 10;2
35111235;Top 10;2
35111259;Top 10;2
35111363;Top 10;2
35118564;Top 10;2
35140193;Top 10;2
35140995;Top 10;2
35143297;Top 10;2
35151282;Top 10;2
35161861;Top 10;2
35168373;Top 10;2
35007952;Top 10;2
35131970;Top 10;2
35136025;Top 10;2
35164768;Top 10;2
35286187;Top 10;2
35143443;Top 10;2
35159918;Top 10;2
35567863;Top 10;2
35802281;Top 10;2
41025466;Top 10;2
41025954;Top 10;2
41026039;Top 10;2
41026241;Top 10;2
41368649;Top 10;2
41026810;Top 10;2
41027000;Top 10;2
41027051;Top 10;2
41123794;Top 10;2
41123832;Top 10;2
41158253;Top 10;2
41360044;Top 10;2
41382706;Top 10;2
41028945;Top 10;2
41152689;Top 10;2
41071417;Top 10;2
41071581;Top 10;2
41071859;Top 10;2
41071913;Top 10;2
41071921;Top 10;2
41072111;Top 10;2
41072189;Top 10;2
41150392;Top 10;2
41377001;Top 10;2
41381459;Top 10;2
41125657;Top 10;2
41126289;Top 10;2
41163117;Top 10;2
41127242;Top 10;2
41127722;Top 10;2
41130987;Top 10;2
41131673;Top 10;2
41131690;Top 10;2
41131703;Top 10;2
41131789;Top 10;2
41133153;Top 10;2
41148142;Top 10;2
41352866;Top 10;2
41149971;Top 10;2
41163761;Top 10;2
41075927;Top 10;2
41076087;Top 10;2
41076290;Top 10;2
41076311;Top 10;2
41076800;Top 10;2
41151780;Top 10;2
41358708;Top 10;2
41377117;Top 10;2
41395832;Top 10;2
41407423;Top 10;2
41099605;Top 10;2
41100921;Top 10;2
41158709;Top 10;2
41162420;Top 10;2
41382366;Top 10;2
41386329;Top 10;2
41534913;Top 10;2
41100700;Top 10;2
41030095;Top 10;2
41031105;Top 10;2
41031733;Top 10;2
41031814;Top 10;2
41032004;Top 10;2
41032039;Top 10;2
41033310;Top 10;2
41166043;Top 10;2
41358899;Top 10;2
41379110;Top 10;2
41024303;Top 10;2
41024397;Top 10;2
41024613;Top 10;2
41024672;Top 10;2
41024826;Top 10;2
41144490;Top 10;2
41150996;Top 10;2
41152450;Top 10;2
41165055;Top 10;2
41377370;Top 10;2
41140362;Top 10;2
41140397;Top 10;2
41140834;Top 10;2
41140931;Top 10;2
41141024;Top 10;2
41366522;Top 10;2
41399820;Top 10;2
41570944;Top 10;2
41141008;Top 10;2
41135946;Top 10;2
41157990;Top 10;2
41160258;Top 10;2
41397029;Top 10;2
41061870;Top 10;2
41063015;Top 10;2
41063252;Top 10;2
41063309;Top 10;2
41063350;Top 10;2
41063368;Top 10;2
41151844;Top 10;2
41157044;Top 10;2
41552059;Top 10;2
41569938;Top 10;2
41137833;Top 10;2
41138430;Top 10;2
41157907;Top 10;2
41162269;Top 10;2
41354869;Top 10;2
41387155;Top 10;2
41068610;Top 10;2
41068785;Top 10;2
41156781;Top 10;2
41158768;Top 10;2
41159683;Top 10;2
41007808;Top 10;2
41007883;Top 10;2
41008545;Top 10;2
41008758;Top 10;2
41149955;Top 10;2
41382161;Top 10;2
42114012;Top 10;2
42144329;Top 10;2
42151775;Top 10;2
42153824;Top 10;2
42162890;Top 10;2
42015588;Top 10;2
42016142;Top 10;2
42016150;Top 10;2
42016207;Top 10;2
42133319;Top 10;2
42158133;Top 10;2
42160642;Top 10;2
42080258;Top 10;2
42080746;Top 10;2
42155274;Top 10;2
42155541;Top 10;2
42130930;Top 10;2
42155649;Top 10;2
42053480;Top 10;2
42104637;Top 10;2
42113105;Top 10;2
42116112;Top 10;2
42130875;Top 10;2
42141036;Top 10;2
42159857;Top 10;2
42203600;Top 10;2
42011612;Top 10;2
42011620;Top 10;2
42012023;Top 10;2
42012198;Top 10;2
42084695;Top 10;2
42106915;Top 10;2
42113601;Top 10;2
42123682;Top 10;2
42158702;Top 10;2
42163137;Top 10;2
42000670;Top 10;2
42109230;Top 10;2
42113083;Top 10;2
42160081;Top 10;2
42160383;Top 10;2
42160650;Top 10;2
42163021;Top 10;2
42000238;Top 10;2
42103894;Top 10;2
42133114;Top 10;2
42068606;Top 10;2
42068665;Top 10;2
42068673;Top 10;2
42068690;Top 10;2
42068703;Top 10;2
42110599;Top 10;2
42143063;Top 10;2
42159547;Top 10;2
42164702;Top 10;2
42091403;Top 10;2
42091462;Top 10;2
42091560;Top 10;2
42091578;Top 10;2
42152038;Top 10;2
42020492;Top 10;2
42020530;Top 10;2
42020557;Top 10;2
42020565;Top 10;2
42020590;Top 10;2
42070880;Top 10;2
42112141;Top 10;2
42121191;Top 10;2
42142822;Top 10;2
42160499;Top 10;2
42028493;Top 10;2
42028990;Top 10;2
42143390;Top 10;2
42143969;Top 10;2
42073944;Top 10;2
42099536;Top 10;2
42130913;Top 10;2
42136776;Top 10;2
42154529;Top 10;2
42159571;Top 10;2
42160073;Top 10;2
42160715;Top 10;2
42003555;Top 10;2
42003571;Top 10;2
42108764;Top 10;2
42116643;Top 10;2
42119529;Top 10;2
42162076;Top 10;2
42163960;Top 10;2
42003890;Top 10;2
42003903;Top 10;2
42134846;Top 10;2
42005728;Top 10;2
42006694;Top 10;2
42006708;Top 10;2
42006724;Top 10;2
42127831;Top 10;2
43003761;Top 10;2
43013880;Top 10;2
43183034;Top 10;2
43019048;Top 10;2
43019056;Top 10;2
43019196;Top 10;2
43008895;Top 10;2
43022316;Top 10;2
43022324;Top 10;2
43023363;Top 10;2
43029752;Top 10;2
43181694;Top 10;2
43211984;Top 10;2
43037682;Top 10;2
43037690;Top 10;2
43037704;Top 10;2
43037720;Top 10;2
43038379;Top 10;2
43038387;Top 10;2
43176364;Top 10;2
43210643;Top 10;2
43219616;Top 10;2
43219713;Top 10;2
43041639;Top 10;2
43041647;Top 10;2
43042910;Top 10;2
43042929;Top 10;2
43043666;Top 10;2
43043674;Top 10;2
43043720;Top 10;2
43176852;Top 10;2
43205542;Top 10;2
43215688;Top 10;2
43056172;Top 10;2
43056180;Top 10;2
43057152;Top 10;2
43068677;Top 10;2
43069002;Top 10;2
43069290;Top 10;2
43069355;Top 10;2
43180698;Top 10;2
43216471;Top 10;2
43092454;Top 10;2
43092519;Top 10;2
43092870;Top 10;2
43093124;Top 10;2
43093353;Top 10;2
43097774;Top 10;2
43097782;Top 10;2
43097812;Top 10;2
43098584;Top 10;2
43215360;Top 10;2
43100007;Top 10;2
43100031;Top 10;2
43100260;Top 10;2
43101127;Top 10;2
43173217;Top 10;2
43173390;Top 10;2
43175317;Top 10;2
43215572;Top 10;2
43218687;Top 10;2
43104975;Top 10;2
43104983;Top 10;2
43105017;Top 10;2
43107419;Top 10;2
43107494;Top 10;2
43108164;Top 10;2
43172440;Top 10;2
43173330;Top 10;2
43215050;Top 10;2
43238203;Top 10;2
43112803;Top 10;2
43113338;Top 10;2
43113656;Top 10;2
43113680;Top 10;2
43162800;Top 10;2
43214835;Top 10;2
43112790;Top 10;2
43119930;Top 10;2
43119948;Top 10;2
43119964;Top 10;2
43121756;Top 10;2
43298265;Top 10;2
43121896;Top 10;2
43121900;Top 10;2
43122019;Top 10;2
43123090;Top 10;2
43123643;Top 10;2
43123651;Top 10;2
43123678;Top 10;2
43123988;Top 10;2
43216870;Top 10;2
43219438;Top 10;2
43139094;Top 10;2
43139108;Top 10;2
43139558;Top 10;2
43162290;Top 10;2
43162690;Top 10;2
43167284;Top 10;2
43167772;Top 10;2
43167837;Top 10;2
43295258;Top 10;2
43181422;Top 10;2
43180817;Top 10;2
50005405;Top 10;2
50007718;Top 10;2
50007858;Top 10;2
50007874;Top 10;2
50027956;Top 10;2
50030469;Top 10;2
50031163;Top 10;2
50032100;Top 10;2
50034197;Top 10;2
50035088;Top 10;2
50015877;Top 10;2
50016385;Top 10;2
50016628;Top 10;2
50029150;Top 10;2
50030590;Top 10;2
50032895;Top 10;2
50012487;Top 10;2
50024701;Top 10;2
50029312;Top 10;2
50032950;Top 10;2
50040200;Top 10;2
51036169;Top 10;2
51036193;Top 10;2
51036215;Top 10;2
51039010;Top 10;2
51039036;Top 10;2
51039877;Top 10;2
51064529;Top 10;2
51064910;Top 10;2
51088835;Top 10;2
51094061;Top 10;2
51051192;Top 10;2
51051273;Top 10;2
51052326;Top 10;2
51057891;Top 10;2
51065088;Top 10;2
51069431;Top 10;2
51072823;Top 10;2
51016435;Top 10;2
51016443;Top 10;2
51058219;Top 10;2
51067471;Top 10;2
51069849;Top 10;2
51072335;Top 10;2
51089491;Top 10;2
51014459;Top 10;2
51014467;Top 10;2
51069741;Top 10;2
51104407;Top 10;2
51162806;Top 10;2
51027909;Top 10;2
51028646;Top 10;2
51068931;Top 10;2
51088363;Top 10;2
51042371;Top 10;2
51059282;Top 10;2
51071673;Top 10;2
51073161;Top 10;2
51091127;Top 10;2
52079520;Top 10;2
52091015;Top 10;2
52103994;Top 10;2
52110400;Top 10;2
52274373;Top 10;2
52020320;Top 10;2
52020517;Top 10;2
52020592;Top 10;2
52021670;Top 10;2
52076229;Top 10;2
52085414;Top 10;2
52097781;Top 10;2
52105695;Top 10;2
52106551;Top 10;2
52109585;Top 10;2
52031497;Top 10;2
52031772;Top 10;2
52031799;Top 10;2
52079872;Top 10;2
52094111;Top 10;2
52096807;Top 10;2
52097595;Top 10;2
52099490;Top 10;2
52212386;Top 10;2
52288358;Top 10;2
52064786;Top 10;2
52064840;Top 10;2
52072568;Top 10;2
52072584;Top 10;2
52091562;Top 10;2
52094367;Top 10;2
52094502;Top 10;2
52046141;Top 10;2
52046184;Top 10;2
52076601;Top 10;2
52101398;Top 10;2
52033210;Top 10;2
52033708;Top 10;2
52033848;Top 10;2
52034046;Top 10;2
52034054;Top 10;2
52068986;Top 10;2
52086615;Top 10;2
52091384;Top 10;2
52096785;Top 10;2
52103137;Top 10;2
52059383;Top 10;2
52059928;Top 10;2
52069052;Top 10;2
52101517;Top 10;2
52052567;Top 10;2
52053121;Top 10;2
52053261;Top 10;2
52090388;Top 10;2
52105555;Top 10;2
52050785;Top 10;2
52054160;Top 10;2
52054241;Top 10;2
52054268;Top 10;2
52078485;Top 10;2
52098966;Top 10;2
52106748;Top 10;2
52109224;Top 10;2
52116204;Top 10;2
52039722;Top 10;2
52103560;Top 10;2
52047180;Top 10;2
52047369;Top 10;2
52048705;Top 10;2
52048977;Top 10;2
52049108;Top 10;2
52095592;Top 10;2
52107990;Top 10;2
52202399;Top 10;2
53001222;Top 10;2
53001320;Top 10;2
53012860;Top 10;2
53020006;Top 10;2
53020570;Top 10;2
53056000;Top 10;2
53009428;Top 10;2
53013670;Top 10;2
53015347;Top 10;2
53015789;Top 10;2
11013737;Demais escolas;3
11015896;Demais escolas;3
11037660;Demais escolas;3
11000058;Demais escolas;3
11000198;Demais escolas;3
11000252;Demais escolas;3
11000350;Demais escolas;3
11003081;Demais escolas;3
11003090;Demais escolas;3
11037474;Demais escolas;3
11043857;Demais escolas;3
11048450;Demais escolas;3
11048557;Demais escolas;3
11049006;Demais escolas;3
11049073;Demais escolas;3
12010928;Demais escolas;3
12010936;Demais escolas;3
12014370;Demais escolas;3
12022969;Demais escolas;3
12026409;Demais escolas;3
12026530;Demais escolas;3
12028835;Demais escolas;3
12030058;Demais escolas;3
12031682;Demais escolas;3
12033545;Demais escolas;3
13079220;Demais escolas;3
13110314;Demais escolas;3
13025082;Demais escolas;3
13025210;Demais escolas;3
13025295;Demais escolas;3
13025333;Demais escolas;3
13025376;Demais escolas;3
13025694;Demais escolas;3
13025872;Demais escolas;3
13026020;Demais escolas;3
13026194;Demais escolas;3
13026321;Demais escolas;3
13026356;Demais escolas;3
13026402;Demais escolas;3
13026496;Demais escolas;3
13026500;Demais escolas;3
13026585;Demais escolas;3
13026631;Demais escolas;3
13026950;Demais escolas;3
13029860;Demais escolas;3
13031457;Demais escolas;3
13031660;Demais escolas;3
13031767;Demais escolas;3
13031783;Demais escolas;3
13031791;Demais escolas;3
13031872;Demais escolas;3
13032020;Demais escolas;3
13064207;Demais escolas;3
13064215;Demais escolas;3
13074130;Demais escolas;3
13080911;Demais escolas;3
13081365;Demais escolas;3
13084500;Demais escolas;3
13090100;Demais escolas;3
13090186;Demais escolas;3
13092308;Demais escolas;3
13093070;Demais escolas;3
13093126;Demais escolas;3
13098284;Demais escolas;3
13098519;Demais escolas;3
13099981;Demais escolas;3
13100629;Demais escolas;3
13102192;Demais escolas;3
13104586;Demais escolas;3
13105493;Demais escolas;3
13107380;Demais escolas;3
13108727;Demais escolas;3
13168207;Demais escolas;3
13313231;Demais escolas;3
14000792;Demais escolas;3
14000814;Demais escolas;3
14001055;Demais escolas;3
14006260;Demais escolas;3
14006740;Demais escolas;3
14007274;Demais escolas;3
14324067;Demais escolas;3
15066886;Demais escolas;3
15161366;Demais escolas;3
15584062;Demais escolas;3
15587983;Demais escolas;3
15140463;Demais escolas;3
15141179;Demais escolas;3
15176045;Demais escolas;3
15552900;Demais escolas;3
15096009;Demais escolas;3
15114015;Demais escolas;3
15140725;Demais escolas;3
15152219;Demais escolas;3
15158969;Demais escolas;3
15163849;Demais escolas;3
15164543;Demais escolas;3
15165833;Demais escolas;3
15167178;Demais escolas;3
15173330;Demais escolas;3
15177017;Demais escolas;3
15208400;Demais escolas;3
15209806;Demais escolas;3
15523403;Demais escolas;3
15549704;Demais escolas;3
15563448;Demais escolas;3
15565793;Demais escolas;3
15567648;Demais escolas;3
15570479;Demais escolas;3
15570533;Demais escolas;3
15572005;Demais escolas;3
15172600;Demais escolas;3
15172732;Demais escolas;3
15175316;Demais escolas;3
15161625;Demais escolas;3
15542858;Demais escolas;3
15037614;Demais escolas;3
15037622;Demais escolas;3
15038424;Demais escolas;3
15038432;Demais escolas;3
15038483;Demais escolas;3
15038491;Demais escolas;3
15038513;Demais escolas;3
15038521;Demais escolas;3
15041670;Demais escolas;3
15041930;Demais escolas;3
15096190;Demais escolas;3
15097250;Demais escolas;3
15149536;Demais escolas;3
15150542;Demais escolas;3
15156028;Demais escolas;3
15156451;Demais escolas;3
15159329;Demais escolas;3
15159841;Demais escolas;3
15163830;Demais escolas;3
15166260;Demais escolas;3
15167259;Demais escolas;3
15167275;Demais escolas;3
15168344;Demais escolas;3
15170667;Demais escolas;3
15171523;Demais escolas;3
15171639;Demais escolas;3
15172147;Demais escolas;3
15172287;Demais escolas;3
15173402;Demais escolas;3
15173429;Demais escolas;3
15174077;Demais escolas;3
15174433;Demais escolas;3
15174476;Demais escolas;3
15174514;Demais escolas;3
15175014;Demais escolas;3
15175065;Demais escolas;3
15180956;Demais escolas;3
15180999;Demais escolas;3
15181081;Demais escolas;3
15181456;Demais escolas;3
15185001;Demais escolas;3
15225020;Demais escolas;3
15229408;Demais escolas;3
15516423;Demais escolas;3
15531350;Demais escolas;3
15554139;Demais escolas;3
15563235;Demais escolas;3
15567672;Demais escolas;3
15567770;Demais escolas;3
15570541;Demais escolas;3
15577708;Demais escolas;3
15581276;Demais escolas;3
15581900;Demais escolas;3
15585689;Demais escolas;3
15586324;Demais escolas;3
15586715;Demais escolas;3
15155005;Demais escolas;3
15164519;Demais escolas;3
15180611;Demais escolas;3
15563715;Demais escolas;3
15167372;Demais escolas;3
15149005;Demais escolas;3
15180310;Demais escolas;3
15181197;Demais escolas;3
15058794;Demais escolas;3
15169774;Demais escolas;3
15539830;Demais escolas;3
15096831;Demais escolas;3
15180301;Demais escolas;3
15045455;Demais escolas;3
15147002;Demais escolas;3
15166236;Demais escolas;3
15174310;Demais escolas;3
15175529;Demais escolas;3
15539962;Demais escolas;3
15547205;Demais escolas;3
15562000;Demais escolas;3
15566552;Demais escolas;3
15588297;Demais escolas;3
15995933;Demais escolas;3
15152120;Demais escolas;3
15586413;Demais escolas;3
15097811;Demais escolas;3
15103080;Demais escolas;3
15127567;Demais escolas;3
15172201;Demais escolas;3
15180654;Demais escolas;3
15181146;Demais escolas;3
15561313;Demais escolas;3
15577740;Demais escolas;3
15165809;Demais escolas;3
15118932;Demais escolas;3
15118967;Demais escolas;3
15175448;Demais escolas;3
15230023;Demais escolas;3
15168654;Demais escolas;3
15173135;Demais escolas;3
15173437;Demais escolas;3
15223027;Demais escolas;3
15011020;Demais escolas;3
15011070;Demais escolas;3
15011097;Demais escolas;3
15171027;Demais escolas;3
15528715;Demais escolas;3
15560759;Demais escolas;3
16002016;Demais escolas;3
16003128;Demais escolas;3
16007484;Demais escolas;3
16007735;Demais escolas;3
16007743;Demais escolas;3
16007794;Demais escolas;3
16009380;Demais escolas;3
16009762;Demais escolas;3
16011244;Demais escolas;3
16011570;Demais escolas;3
16011759;Demais escolas;3
16012054;Demais escolas;3
16012100;Demais escolas;3
16012410;Demais escolas;3
16027000;Demais escolas;3
16004329;Demais escolas;3
16004779;Demais escolas;3
16011694;Demais escolas;3
17005078;Demais escolas;3
17055741;Demais escolas;3
17056152;Demais escolas;3
17026156;Demais escolas;3
17026237;Demais escolas;3
17044200;Demais escolas;3
17046807;Demais escolas;3
17052564;Demais escolas;3
17054079;Demais escolas;3
17055539;Demais escolas;3
17055962;Demais escolas;3
17056420;Demais escolas;3
17056446;Demais escolas;3
17056527;Demais escolas;3
17056586;Demais escolas;3
17056942;Demais escolas;3
17057574;Demais escolas;3
21089981;Demais escolas;3
21090009;Demais escolas;3
21226253;Demais escolas;3
21256667;Demais escolas;3
21257523;Demais escolas;3
21180385;Demais escolas;3
21180415;Demais escolas;3
21182345;Demais escolas;3
21232180;Demais escolas;3
21500002;Demais escolas;3
21155844;Demais escolas;3
21156280;Demais escolas;3
21515662;Demais escolas;3
21599688;Demais escolas;3
21249881;Demais escolas;3
21249911;Demais escolas;3
21092419;Demais escolas;3
21092680;Demais escolas;3
21092761;Demais escolas;3
21092842;Demais escolas;3
21092869;Demais escolas;3
21093040;Demais escolas;3
21095752;Demais escolas;3
21259330;Demais escolas;3
21272921;Demais escolas;3
21500720;Demais escolas;3
21279721;Demais escolas;3
21287970;Demais escolas;3
21265585;Demais escolas;3
21268894;Demais escolas;3
21273588;Demais escolas;3
21281351;Demais escolas;3
21009902;Demais escolas;3
21010064;Demais escolas;3
21010200;Demais escolas;3
21010250;Demais escolas;3
21010331;Demais escolas;3
21011052;Demais escolas;3
21013748;Demais escolas;3
21013837;Demais escolas;3
21014833;Demais escolas;3
21017506;Demais escolas;3
21017549;Demais escolas;3
21195516;Demais escolas;3
21195534;Demais escolas;3
21199053;Demais escolas;3
21199090;Demais escolas;3
21199221;Demais escolas;3
21199274;Demais escolas;3
21199809;Demais escolas;3
21239843;Demais escolas;3
21261121;Demais escolas;3
21261253;Demais escolas;3
21265216;Demais escolas;3
21273456;Demais escolas;3
21274231;Demais escolas;3
21274819;Demais escolas;3
21278962;Demais escolas;3
21279446;Demais escolas;3
21279810;Demais escolas;3
21280746;Demais escolas;3
21284300;Demais escolas;3
21285241;Demais escolas;3
21286175;Demais escolas;3
21287120;Demais escolas;3
21288380;Demais escolas;3
21290229;Demais escolas;3
21290695;Demais escolas;3
21292647;Demais escolas;3
21292957;Demais escolas;3
21292990;Demais escolas;3
21317402;Demais escolas;3
21318433;Demais escolas;3
21331669;Demais escolas;3
21455201;Demais escolas;3
21470200;Demais escolas;3
21519676;Demais escolas;3
21617660;Demais escolas;3
21162719;Demais escolas;3
21267073;Demais escolas;3
21267324;Demais escolas;3
21498814;Demais escolas;3
22014543;Demais escolas;3
22015701;Demais escolas;3
22112596;Demais escolas;3
22118977;Demais escolas;3
22135790;Demais escolas;3
22141472;Demais escolas;3
22144412;Demais escolas;3
22144978;Demais escolas;3
22146199;Demais escolas;3
22326715;Demais escolas;3
22022406;Demais escolas;3
22022481;Demais escolas;3
22022503;Demais escolas;3
22022899;Demais escolas;3
22023658;Demais escolas;3
22023771;Demais escolas;3
22023810;Demais escolas;3
22025383;Demais escolas;3
22025391;Demais escolas;3
22025448;Demais escolas;3
22025715;Demais escolas;3
22025740;Demais escolas;3
22026029;Demais escolas;3
22026037;Demais escolas;3
22026088;Demais escolas;3
22027173;Demais escolas;3
22028790;Demais escolas;3
22115820;Demais escolas;3
22124888;Demais escolas;3
22129529;Demais escolas;3
22130756;Demais escolas;3
22131027;Demais escolas;3
22136398;Demais escolas;3
22136800;Demais escolas;3
22138544;Demais escolas;3
22138560;Demais escolas;3
22141006;Demais escolas;3
22141154;Demais escolas;3
22141197;Demais escolas;3
22141251;Demais escolas;3
22141693;Demais escolas;3
22141901;Demais escolas;3
22142363;Demais escolas;3
22142517;Demais escolas;3
22142622;Demais escolas;3
22143459;Demais escolas;3
22144137;Demais escolas;3
22144153;Demais escolas;3
22144188;Demais escolas;3
22144196;Demais escolas;3
22144668;Demais escolas;3
22144714;Demais escolas;3
22144811;Demais escolas;3
22144919;Demais escolas;3
22146040;Demais escolas;3
22146636;Demais escolas;3
22163409;Demais escolas;3
22164219;Demais escolas;3
22254722;Demais escolas;3
22268715;Demais escolas;3
22310762;Demais escolas;3
23062541;Demais escolas;3
23062622;Demais escolas;3
23063440;Demais escolas;3
23232390;Demais escolas;3
23275448;Demais escolas;3
23062495;Demais escolas;3
23162902;Demais escolas;3
23163240;Demais escolas;3
23163348;Demais escolas;3
23350628;Demais escolas;3
23065591;Demais escolas;3
23065672;Demais escolas;3
23065893;Demais escolas;3
23066148;Demais escolas;3
23066644;Demais escolas;3
23066814;Demais escolas;3
23067071;Demais escolas;3
23067845;Demais escolas;3
23068140;Demais escolas;3
23069864;Demais escolas;3
23070064;Demais escolas;3
23070153;Demais escolas;3
23070340;Demais escolas;3
23070722;Demais escolas;3
23070730;Demais escolas;3
23071036;Demais escolas;3
23071133;Demais escolas;3
23071141;Demais escolas;3
23071346;Demais escolas;3
23071400;Demais escolas;3
23071923;Demais escolas;3
23071958;Demais escolas;3
23072741;Demais escolas;3
23072873;Demais escolas;3
23072881;Demais escolas;3
23073012;Demais escolas;3
23073209;Demais escolas;3
23073233;Demais escolas;3
23073306;Demais escolas;3
23074248;Demais escolas;3
23074264;Demais escolas;3
23075961;Demais escolas;3
23076046;Demais escolas;3
23076208;Demais escolas;3
23076259;Demais escolas;3
23076658;Demais escolas;3
23077042;Demais escolas;3
23077409;Demais escolas;3
23077484;Demais escolas;3
23077549;Demais escolas;3
23077557;Demais escolas;3
23078081;Demais escolas;3
23078251;Demais escolas;3
23185244;Demais escolas;3
23186259;Demais escolas;3
23186704;Demais escolas;3
23186763;Demais escolas;3
23187867;Demais escolas;3
23190710;Demais escolas;3
23194669;Demais escolas;3
23199407;Demais escolas;3
23206373;Demais escolas;3
23211237;Demais escolas;3
23212020;Demais escolas;3
23225890;Demais escolas;3
23232242;Demais escolas;3
23235250;Demais escolas;3
23235497;Demais escolas;3
23235543;Demais escolas;3
23235900;Demais escolas;3
23235950;Demais escolas;3
23236051;Demais escolas;3
23236710;Demais escolas;3
23243163;Demais escolas;3
23243350;Demais escolas;3
23243597;Demais escolas;3
23245468;Demais escolas;3
23245573;Demais escolas;3
23245980;Demais escolas;3
23246561;Demais escolas;3
23246847;Demais escolas;3
23246871;Demais escolas;3
23246880;Demais escolas;3
23247088;Demais escolas;3
23251832;Demais escolas;3
23251859;Demais escolas;3
23252464;Demais escolas;3
23252499;Demais escolas;3
23258748;Demais escolas;3
23259159;Demais escolas;3
23263741;Demais escolas;3
23265892;Demais escolas;3
23267151;Demais escolas;3
23267194;Demais escolas;3
23267658;Demais escolas;3
23268506;Demais escolas;3
23269065;Demais escolas;3
23269316;Demais escolas;3
23271469;Demais escolas;3
23272015;Demais escolas;3
23272333;Demais escolas;3
23272430;Demais escolas;3
23274719;Demais escolas;3
23274859;Demais escolas;3
23275189;Demais escolas;3
23275308;Demais escolas;3
23275871;Demais escolas;3
23275936;Demais escolas;3
23275987;Demais escolas;3
23276002;Demais escolas;3
23276142;Demais escolas;3
23277050;Demais escolas;3
23277467;Demais escolas;3
23280859;Demais escolas;3
23282339;Demais escolas;3
23282720;Demais escolas;3
23334266;Demais escolas;3
23395630;Demais escolas;3
23462442;Demais escolas;3
23462450;Demais escolas;3
23462604;Demais escolas;3
23491035;Demais escolas;3
23498994;Demais escolas;3
23182016;Demais escolas;3
23165049;Demais escolas;3
23165391;Demais escolas;3
23165901;Demais escolas;3
23165952;Demais escolas;3
23192020;Demais escolas;3
23276649;Demais escolas;3
23079843;Demais escolas;3
23081430;Demais escolas;3
23081457;Demais escolas;3
23276320;Demais escolas;3
23082321;Demais escolas;3
23082585;Demais escolas;3
23232234;Demais escolas;3
23232307;Demais escolas;3
23024690;Demais escolas;3
23025255;Demais escolas;3
23025310;Demais escolas;3
23025530;Demais escolas;3
23025646;Demais escolas;3
24056243;Demais escolas;3
24056278;Demais escolas;3
24080411;Demais escolas;3
24080462;Demais escolas;3
24083453;Demais escolas;3
24083550;Demais escolas;3
24085081;Demais escolas;3
24085499;Demais escolas;3
24086770;Demais escolas;3
24087181;Demais escolas;3
24089303;Demais escolas;3
24281301;Demais escolas;3
24344320;Demais escolas;3
24001260;Demais escolas;3
24001295;Demais escolas;3
24002526;Demais escolas;3
24003492;Demais escolas;3
24003581;Demais escolas;3
24003638;Demais escolas;3
24003646;Demais escolas;3
24003662;Demais escolas;3
24073784;Demais escolas;3
24074667;Demais escolas;3
24089150;Demais escolas;3
24090034;Demais escolas;3
24091260;Demais escolas;3
24057002;Demais escolas;3
24057061;Demais escolas;3
24057096;Demais escolas;3
24057126;Demais escolas;3
24057134;Demais escolas;3
24057169;Demais escolas;3
24057193;Demais escolas;3
24057207;Demais escolas;3
24057444;Demais escolas;3
24059250;Demais escolas;3
24059277;Demais escolas;3
24059293;Demais escolas;3
24059323;Demais escolas;3
24059340;Demais escolas;3
24059692;Demais escolas;3
24059706;Demais escolas;3
24059935;Demais escolas;3
24064068;Demais escolas;3
24067911;Demais escolas;3
24069140;Demais escolas;3
24069191;Demais escolas;3
24069329;Demais escolas;3
24069388;Demais escolas;3
24069515;Demais escolas;3
24078131;Demais escolas;3
24078140;Demais escolas;3
24078450;Demais escolas;3
24080837;Demais escolas;3
24083186;Demais escolas;3
24084140;Demais escolas;3
24084263;Demais escolas;3
24085634;Demais escolas;3
24087114;Demais escolas;3
24087157;Demais escolas;3
24087505;Demais escolas;3
24088439;Demais escolas;3
24088846;Demais escolas;3
24089133;Demais escolas;3
24089214;Demais escolas;3
24089397;Demais escolas;3
24089478;Demais escolas;3
24090115;Demais escolas;3
24097004;Demais escolas;3
24097403;Demais escolas;3
24285323;Demais escolas;3
24294306;Demais escolas;3
24334308;Demais escolas;3
24350303;Demais escolas;3
25071009;Demais escolas;3
25071068;Demais escolas;3
25071106;Demais escolas;3
25071491;Demais escolas;3
25071513;Demais escolas;3
25073214;Demais escolas;3
25075551;Demais escolas;3
25107909;Demais escolas;3
25125672;Demais escolas;3
25127020;Demais escolas;3
25130676;Demais escolas;3
25131176;Demais escolas;3
25133519;Demais escolas;3
25134167;Demais escolas;3
25134426;Demais escolas;3
25135430;Demais escolas;3
25135660;Demais escolas;3
25206800;Demais escolas;3
25213806;Demais escolas;3
25092260;Demais escolas;3
25092448;Demais escolas;3
25092901;Demais escolas;3
25093037;Demais escolas;3
25093061;Demais escolas;3
25093088;Demais escolas;3
25093096;Demais escolas;3
25093665;Demais escolas;3
25093703;Demais escolas;3
25097326;Demais escolas;3
25097539;Demais escolas;3
25097628;Demais escolas;3
25097784;Demais escolas;3
25097938;Demais escolas;3
25098080;Demais escolas;3
25098306;Demais escolas;3
25098314;Demais escolas;3
25098349;Demais escolas;3
25098578;Demais escolas;3
25115260;Demais escolas;3
25117050;Demais escolas;3
25117254;Demais escolas;3
25119826;Demais escolas;3
25120298;Demais escolas;3
25123785;Demais escolas;3
25124170;Demais escolas;3
25124528;Demais escolas;3
25125494;Demais escolas;3
25125605;Demais escolas;3
25125958;Demais escolas;3
25125966;Demais escolas;3
25126210;Demais escolas;3
25126229;Demais escolas;3
25128213;Demais escolas;3
25128558;Demais escolas;3
25129139;Demais escolas;3
25129899;Demais escolas;3
25130730;Demais escolas;3
25131036;Demais escolas;3
25132059;Demais escolas;3
25132369;Demais escolas;3
25132598;Demais escolas;3
25132687;Demais escolas;3
25133012;Demais escolas;3
25133454;Demais escolas;3
25133748;Demais escolas;3
25133861;Demais escolas;3
25133985;Demais escolas;3
25134027;Demais escolas;3
25153811;Demais escolas;3
25153820;Demais escolas;3
25154001;Demais escolas;3
25266942;Demais escolas;3
25306936;Demais escolas;3
25020684;Demais escolas;3
25021885;Demais escolas;3
25132750;Demais escolas;3
25164805;Demais escolas;3
25226800;Demais escolas;3
25098829;Demais escolas;3
25098896;Demais escolas;3
25099540;Demais escolas;3
25099868;Demais escolas;3
25118102;Demais escolas;3
25118374;Demais escolas;3
26129680;Demais escolas;3
26183366;Demais escolas;3
26186896;Demais escolas;3
26193230;Demais escolas;3
26107503;Demais escolas;3
26163454;Demais escolas;3
26174588;Demais escolas;3
26179350;Demais escolas;3
26182076;Demais escolas;3
26193825;Demais escolas;3
26234610;Demais escolas;3
26053837;Demais escolas;3
26053861;Demais escolas;3
26053993;Demais escolas;3
26055198;Demais escolas;3
26055686;Demais escolas;3
26151553;Demais escolas;3
26179890;Demais escolas;3
26184419;Demais escolas;3
26184834;Demais escolas;3
26185539;Demais escolas;3
26441713;Demais escolas;3
26075431;Demais escolas;3
26075440;Demais escolas;3
26075458;Demais escolas;3
26075474;Demais escolas;3
26105810;Demais escolas;3
26147505;Demais escolas;3
26108585;Demais escolas;3
26110091;Demais escolas;3
26110105;Demais escolas;3
26111632;Demais escolas;3
26137950;Demais escolas;3
26138565;Demais escolas;3
26138590;Demais escolas;3
26139146;Demais escolas;3
26168243;Demais escolas;3
26171414;Demais escolas;3
26175240;Demais escolas;3
26177536;Demais escolas;3
26191423;Demais escolas;3
26193450;Demais escolas;3
26529807;Demais escolas;3
26109549;Demais escolas;3
26110130;Demais escolas;3
26110598;Demais escolas;3
26111772;Demais escolas;3
26146290;Demais escolas;3
26157373;Demais escolas;3
26175207;Demais escolas;3
26112558;Demais escolas;3
26112680;Demais escolas;3
26135465;Demais escolas;3
26135490;Demais escolas;3
26135811;Demais escolas;3
26137968;Demais escolas;3
26138611;Demais escolas;3
26142716;Demais escolas;3
26150760;Demais escolas;3
26162210;Demais escolas;3
26190494;Demais escolas;3
26224658;Demais escolas;3
26320614;Demais escolas;3
26115450;Demais escolas;3
26115557;Demais escolas;3
26116499;Demais escolas;3
26116987;Demais escolas;3
26117282;Demais escolas;3
26117525;Demais escolas;3
26137255;Demais escolas;3
26157233;Demais escolas;3
26171155;Demais escolas;3
26179199;Demais escolas;3
26179679;Demais escolas;3
26182157;Demais escolas;3
26182211;Demais escolas;3
26190265;Demais escolas;3
26033909;Demais escolas;3
26033925;Demais escolas;3
26033950;Demais escolas;3
26036070;Demais escolas;3
26132028;Demais escolas;3
26186225;Demais escolas;3
26192713;Demais escolas;3
26193957;Demais escolas;3
26110504;Demais escolas;3
26117584;Demais escolas;3
26117991;Demais escolas;3
26118149;Demais escolas;3
26118165;Demais escolas;3
26118181;Demais escolas;3
26118211;Demais escolas;3
26118262;Demais escolas;3
26118270;Demais escolas;3
26120208;Demais escolas;3
26120224;Demais escolas;3
26120968;Demais escolas;3
26121182;Demais escolas;3
26121328;Demais escolas;3
26121379;Demais escolas;3
26121484;Demais escolas;3
26121506;Demais escolas;3
26121514;Demais escolas;3
26122081;Demais escolas;3
26122090;Demais escolas;3
26122154;Demais escolas;3
26122162;Demais escolas;3
26122170;Demais escolas;3
26122235;Demais escolas;3
26122359;Demais escolas;3
26124220;Demais escolas;3
26125234;Demais escolas;3
26125404;Demais escolas;3
26125625;Demais escolas;3
26125668;Demais escolas;3
26127091;Demais escolas;3
26127580;Demais escolas;3
26127750;Demais escolas;3
26127890;Demais escolas;3
26128853;Demais escolas;3
26133199;Demais escolas;3
26133776;Demais escolas;3
26137631;Demais escolas;3
26140870;Demais escolas;3
26143178;Demais escolas;3
26143330;Demais escolas;3
26152630;Demais escolas;3
26152819;Demais escolas;3
26153050;Demais escolas;3
26153084;Demais escolas;3
26156202;Demais escolas;3
26160307;Demais escolas;3
26162016;Demais escolas;3
26163039;Demais escolas;3
26170469;Demais escolas;3
26170515;Demais escolas;3
26172852;Demais escolas;3
26173280;Demais escolas;3
26178133;Demais escolas;3
26180200;Demais escolas;3
26180863;Demais escolas;3
26181231;Demais escolas;3
26181266;Demais escolas;3
26187353;Demais escolas;3
26187507;Demais escolas;3
26187604;Demais escolas;3
26189020;Demais escolas;3
26189569;Demais escolas;3
26190451;Demais escolas;3
26193221;Demais escolas;3
26194236;Demais escolas;3
26194619;Demais escolas;3
26197405;Demais escolas;3
26205602;Demais escolas;3
26289601;Demais escolas;3
26440733;Demais escolas;3
26489716;Demais escolas;3
26534711;Demais escolas;3
26174774;Demais escolas;3
26177552;Demais escolas;3
26094681;Demais escolas;3
26095882;Demais escolas;3
26095904;Demais escolas;3
26095912;Demais escolas;3
26144840;Demais escolas;3
26156318;Demais escolas;3
26188090;Demais escolas;3
27016315;Demais escolas;3
27016439;Demais escolas;3
27049035;Demais escolas;3
27053431;Demais escolas;3
27055043;Demais escolas;3
27056589;Demais escolas;3
27215083;Demais escolas;3
27215180;Demais escolas;3
27224821;Demais escolas;3
27227189;Demais escolas;3
27230619;Demais escolas;3
27234606;Demais escolas;3
27235009;Demais escolas;3
27255018;Demais escolas;3
27258009;Demais escolas;3
27034780;Demais escolas;3
27034844;Demais escolas;3
27034895;Demais escolas;3
27035000;Demais escolas;3
27035018;Demais escolas;3
27035514;Demais escolas;3
27035816;Demais escolas;3
27036510;Demais escolas;3
27037169;Demais escolas;3
27037380;Demais escolas;3
27038440;Demais escolas;3
27046362;Demais escolas;3
27046443;Demais escolas;3
27046877;Demais escolas;3
27046907;Demais escolas;3
27047270;Demais escolas;3
27047431;Demais escolas;3
27048225;Demais escolas;3
27049140;Demais escolas;3
27050289;Demais escolas;3
27051625;Demais escolas;3
27051889;Demais escolas;3
27053008;Demais escolas;3
27053717;Demais escolas;3
27053997;Demais escolas;3
27054195;Demais escolas;3
27054500;Demais escolas;3
27054551;Demais escolas;3
27054578;Demais escolas;3
27055388;Demais escolas;3
27056910;Demais escolas;3
27214400;Demais escolas;3
27214737;Demais escolas;3
27214915;Demais escolas;3
27215512;Demais escolas;3
27216381;Demais escolas;3
27216705;Demais escolas;3
27216845;Demais escolas;3
27218180;Demais escolas;3
27218198;Demais escolas;3
27218244;Demais escolas;3
27220885;Demais escolas;3
27223213;Demais escolas;3
27223361;Demais escolas;3
27224953;Demais escolas;3
27225909;Demais escolas;3
27226115;Demais escolas;3
27226220;Demais escolas;3
27226620;Demais escolas;3
27230015;Demais escolas;3
27230430;Demais escolas;3
27230627;Demais escolas;3
27285006;Demais escolas;3
27320022;Demais escolas;3
27321010;Demais escolas;3
27321029;Demais escolas;3
27324028;Demais escolas;3
27326012;Demais escolas;3
27342018;Demais escolas;3
27347010;Demais escolas;3
27368017;Demais escolas;3
28017242;Demais escolas;3
28017366;Demais escolas;3
28017463;Demais escolas;3
28017480;Demais escolas;3
28017757;Demais escolas;3
28017773;Demais escolas;3
28017781;Demais escolas;3
28017803;Demais escolas;3
28017820;Demais escolas;3
28017919;Demais escolas;3
28017943;Demais escolas;3
28017986;Demais escolas;3
28018052;Demais escolas;3
28018109;Demais escolas;3
28019547;Demais escolas;3
28019814;Demais escolas;3
28020049;Demais escolas;3
28020065;Demais escolas;3
28031970;Demais escolas;3
28032063;Demais escolas;3
28032322;Demais escolas;3
28032772;Demais escolas;3
28032799;Demais escolas;3
28033639;Demais escolas;3
28034414;Demais escolas;3
28035119;Demais escolas;3
28035135;Demais escolas;3
28035470;Demais escolas;3
28035488;Demais escolas;3
28036174;Demais escolas;3
28037570;Demais escolas;3
28037723;Demais escolas;3
28037812;Demais escolas;3
28042204;Demais escolas;3
28042417;Demais escolas;3
28067401;Demais escolas;3
28072430;Demais escolas;3
28075412;Demais escolas;3
28075420;Demais escolas;3
28106407;Demais escolas;3
28006992;Demais escolas;3
28007042;Demais escolas;3
28007050;Demais escolas;3
28031563;Demais escolas;3
28032250;Demais escolas;3
28033450;Demais escolas;3
28037863;Demais escolas;3
28020863;Demais escolas;3
28076400;Demais escolas;3
28079400;Demais escolas;3
28110404;Demais escolas;3
29149860;Demais escolas;3
29149894;Demais escolas;3
29149908;Demais escolas;3
29332249;Demais escolas;3
29392349;Demais escolas;3
29399262;Demais escolas;3
29641608;Demais escolas;3
29353556;Demais escolas;3
29433002;Demais escolas;3
29436168;Demais escolas;3
29472440;Demais escolas;3
29482240;Demais escolas;3
29398053;Demais escolas;3
29398479;Demais escolas;3
29422370;Demais escolas;3
29455430;Demais escolas;3
29478901;Demais escolas;3
29480620;Demais escolas;3
29396379;Demais escolas;3
29569605;Demais escolas;3
29318297;Demais escolas;3
29318335;Demais escolas;3
29318653;Demais escolas;3
29354900;Demais escolas;3
29093490;Demais escolas;3
29093619;Demais escolas;3
29093627;Demais escolas;3
29093643;Demais escolas;3
29094046;Demais escolas;3
29342872;Demais escolas;3
29342880;Demais escolas;3
29365791;Demais escolas;3
29365813;Demais escolas;3
29380740;Demais escolas;3
29380790;Demais escolas;3
29383293;Demais escolas;3
29410991;Demais escolas;3
29417546;Demais escolas;3
29437261;Demais escolas;3
29441730;Demais escolas;3
29446104;Demais escolas;3
29447208;Demais escolas;3
29460166;Demais escolas;3
29494605;Demais escolas;3
29301505;Demais escolas;3
29301513;Demais escolas;3
29301521;Demais escolas;3
29388341;Demais escolas;3
29406579;Demais escolas;3
29450640;Demais escolas;3
29304229;Demais escolas;3
29304385;Demais escolas;3
29304393;Demais escolas;3
29304407;Demais escolas;3
29304490;Demais escolas;3
29456096;Demais escolas;3
29478448;Demais escolas;3
29227720;Demais escolas;3
29408148;Demais escolas;3
29408156;Demais escolas;3
29467950;Demais escolas;3
29024498;Demais escolas;3
29024595;Demais escolas;3
29441064;Demais escolas;3
29178223;Demais escolas;3
29359287;Demais escolas;3
29428289;Demais escolas;3
29456444;Demais escolas;3
29460441;Demais escolas;3
29468329;Demais escolas;3
29530210;Demais escolas;3
29609607;Demais escolas;3
29427924;Demais escolas;3
29432359;Demais escolas;3
29451876;Demais escolas;3
29480370;Demais escolas;3
29034981;Demais escolas;3
29365406;Demais escolas;3
29389992;Demais escolas;3
29343747;Demais escolas;3
29439833;Demais escolas;3
29451990;Demais escolas;3
29714630;Demais escolas;3
29738628;Demais escolas;3
29447674;Demais escolas;3
29179530;Demais escolas;3
29179564;Demais escolas;3
29179580;Demais escolas;3
29180015;Demais escolas;3
29180147;Demais escolas;3
29180686;Demais escolas;3
29181062;Demais escolas;3
29181640;Demais escolas;3
29181658;Demais escolas;3
29181755;Demais escolas;3
29181801;Demais escolas;3
29181895;Demais escolas;3
29181925;Demais escolas;3
29182301;Demais escolas;3
29182344;Demais escolas;3
29182387;Demais escolas;3
29182409;Demais escolas;3
29182433;Demais escolas;3
29182441;Demais escolas;3
29182581;Demais escolas;3
29182590;Demais escolas;3
29182654;Demais escolas;3
29183464;Demais escolas;3
29183790;Demais escolas;3
29184894;Demais escolas;3
29188229;Demais escolas;3
29189993;Demais escolas;3
29190886;Demais escolas;3
29191432;Demais escolas;3
29191467;Demais escolas;3
29192480;Demais escolas;3
29195608;Demais escolas;3
29196302;Demais escolas;3
29198984;Demais escolas;3
29199530;Demais escolas;3
29199549;Demais escolas;3
29199603;Demais escolas;3
29200091;Demais escolas;3
29343232;Demais escolas;3
29343410;Demais escolas;3
29364060;Demais escolas;3
29365023;Demais escolas;3
29393140;Demais escolas;3
29393248;Demais escolas;3
29396174;Demais escolas;3
29422248;Demais escolas;3
29422256;Demais escolas;3
29422264;Demais escolas;3
29422272;Demais escolas;3
29422299;Demais escolas;3
29422353;Demais escolas;3
29427347;Demais escolas;3
29436710;Demais escolas;3
29441676;Demais escolas;3
29442710;Demais escolas;3
29442818;Demais escolas;3
29442826;Demais escolas;3
29446767;Demais escolas;3
29447518;Demais escolas;3
29448808;Demais escolas;3
29451604;Demais escolas;3
29452589;Demais escolas;3
29454980;Demais escolas;3
29458757;Demais escolas;3
29459230;Demais escolas;3
29459540;Demais escolas;3
29461324;Demais escolas;3
29463289;Demais escolas;3
29471583;Demais escolas;3
29473128;Demais escolas;3
29475708;Demais escolas;3
29477271;Demais escolas;3
29478430;Demais escolas;3
29478871;Demais escolas;3
29482445;Demais escolas;3
29483964;Demais escolas;3
29483999;Demais escolas;3
29485274;Demais escolas;3
29485541;Demais escolas;3
29486963;Demais escolas;3
29487250;Demais escolas;3
29488591;Demais escolas;3
29494109;Demais escolas;3
29642612;Demais escolas;3
29806623;Demais escolas;3
29171644;Demais escolas;3
29171652;Demais escolas;3
29400340;Demais escolas;3
29406080;Demais escolas;3
29472466;Demais escolas;3
29480310;Demais escolas;3
29201969;Demais escolas;3
29469287;Demais escolas;3
29327822;Demais escolas;3
29328560;Demais escolas;3
29478952;Demais escolas;3
29489504;Demais escolas;3
29277744;Demais escolas;3
29277825;Demais escolas;3
29279011;Demais escolas;3
29279240;Demais escolas;3
29279577;Demais escolas;3
29433380;Demais escolas;3
29452414;Demais escolas;3
29458382;Demais escolas;3
29459729;Demais escolas;3
29470153;Demais escolas;3
29486696;Demais escolas;3
29542618;Demais escolas;3
29608600;Demais escolas;3
31170208;Demais escolas;3
31170216;Demais escolas;3
31239666;Demais escolas;3
31278912;Demais escolas;3
31340367;Demais escolas;3
31166090;Demais escolas;3
31166103;Demais escolas;3
31218553;Demais escolas;3
31371777;Demais escolas;3
31018767;Demais escolas;3
31018864;Demais escolas;3
31371769;Demais escolas;3
31376850;Demais escolas;3
31003875;Demais escolas;3
31004031;Demais escolas;3
31004111;Demais escolas;3
31004138;Demais escolas;3
31004162;Demais escolas;3
31004171;Demais escolas;3
31004197;Demais escolas;3
31004278;Demais escolas;3
31004359;Demais escolas;3
31004499;Demais escolas;3
31004511;Demais escolas;3
31004651;Demais escolas;3
31004731;Demais escolas;3
31004812;Demais escolas;3
31004871;Demais escolas;3
31004880;Demais escolas;3
31004936;Demais escolas;3
31004952;Demais escolas;3
31004979;Demais escolas;3
31005037;Demais escolas;3
31005088;Demais escolas;3
31005134;Demais escolas;3
31005371;Demais escolas;3
31005592;Demais escolas;3
31005614;Demais escolas;3
31005622;Demais escolas;3
31005673;Demais escolas;3
31005797;Demais escolas;3
31005916;Demais escolas;3
31005975;Demais escolas;3
31006009;Demais escolas;3
31006092;Demais escolas;3
31006157;Demais escolas;3
31006165;Demais escolas;3
31006238;Demais escolas;3
31006386;Demais escolas;3
31006394;Demais escolas;3
31006424;Demais escolas;3
31006491;Demais escolas;3
31006513;Demais escolas;3
31006629;Demais escolas;3
31006998;Demais escolas;3
31007111;Demais escolas;3
31007153;Demais escolas;3
31007196;Demais escolas;3
31007498;Demais escolas;3
31007561;Demais escolas;3
31210048;Demais escolas;3
31217123;Demais escolas;3
31217263;Demais escolas;3
31244457;Demais escolas;3
31253995;Demais escolas;3
31257397;Demais escolas;3
31257583;Demais escolas;3
31258644;Demais escolas;3
31260631;Demais escolas;3
31290157;Demais escolas;3
31294039;Demais escolas;3
31294110;Demais escolas;3
31300454;Demais escolas;3
31309711;Demais escolas;3
31309753;Demais escolas;3
31314749;Demais escolas;3
31320404;Demais escolas;3
31322873;Demais escolas;3
31324663;Demais escolas;3
31329282;Demais escolas;3
31332780;Demais escolas;3
31340391;Demais escolas;3
31346420;Demais escolas;3
31350664;Demais escolas;3
31351725;Demais escolas;3
31358428;Demais escolas;3
31358541;Demais escolas;3
31362417;Demais escolas;3
31363294;Demais escolas;3
31364860;Demais escolas;3
31365424;Demais escolas;3
31365874;Demais escolas;3
31365904;Demais escolas;3
31368342;Demais escolas;3
31369772;Demais escolas;3
31369977;Demais escolas;3
31370258;Demais escolas;3
31373990;Demais escolas;3
31374180;Demais escolas;3
31374555;Demais escolas;3
31374865;Demais escolas;3
31377503;Demais escolas;3
31377759;Demais escolas;3
31378313;Demais escolas;3
31379832;Demais escolas;3
31380342;Demais escolas;3
31384275;Demais escolas;3
31385433;Demais escolas;3
31387860;Demais escolas;3
31388220;Demais escolas;3
31005789;Demais escolas;3
31294047;Demais escolas;3
31007587;Demais escolas;3
31246468;Demais escolas;3
31375233;Demais escolas;3
31013935;Demais escolas;3
31223123;Demais escolas;3
31235555;Demais escolas;3
31276651;Demais escolas;3
31353906;Demais escolas;3
31196177;Demais escolas;3
31210595;Demais escolas;3
31305235;Demais escolas;3
31339989;Demais escolas;3
31014061;Demais escolas;3
31014150;Demais escolas;3
31014206;Demais escolas;3
31236926;Demais escolas;3
31236934;Demais escolas;3
31265578;Demais escolas;3
31267007;Demais escolas;3
31277177;Demais escolas;3
31279099;Demais escolas;3
31279102;Demais escolas;3
31310891;Demais escolas;3
31376310;Demais escolas;3
31014087;Demais escolas;3
31277185;Demais escolas;3
31357120;Demais escolas;3
31193020;Demais escolas;3
31193038;Demais escolas;3
31238180;Demais escolas;3
31041181;Demais escolas;3
31041190;Demais escolas;3
31041262;Demais escolas;3
31281921;Demais escolas;3
31291986;Demais escolas;3
31371726;Demais escolas;3
31374644;Demais escolas;3
31376051;Demais escolas;3
31053953;Demais escolas;3
31054011;Demais escolas;3
31054071;Demais escolas;3
31054135;Demais escolas;3
31280135;Demais escolas;3
31329762;Demais escolas;3
31193071;Demais escolas;3
31193097;Demais escolas;3
31193160;Demais escolas;3
31251763;Demais escolas;3
31261564;Demais escolas;3
31349720;Demais escolas;3
31193216;Demais escolas;3
31105899;Demais escolas;3
31105902;Demais escolas;3
31293181;Demais escolas;3
31361496;Demais escolas;3
31368113;Demais escolas;3
31377767;Demais escolas;3
31198846;Demais escolas;3
31332721;Demais escolas;3
31382698;Demais escolas;3
31074098;Demais escolas;3
31074101;Demais escolas;3
31074250;Demais escolas;3
31074292;Demais escolas;3
31074331;Demais escolas;3
31074373;Demais escolas;3
31074390;Demais escolas;3
31074411;Demais escolas;3
31074454;Demais escolas;3
31230308;Demais escolas;3
31256285;Demais escolas;3
31306266;Demais escolas;3
31310735;Demais escolas;3
31317101;Demais escolas;3
31324515;Demais escolas;3
31353990;Demais escolas;3
31354910;Demais escolas;3
31356816;Demais escolas;3
31367036;Demais escolas;3
31378291;Demais escolas;3
31205231;Demais escolas;3
31205265;Demais escolas;3
31246018;Demais escolas;3
31292451;Demais escolas;3
31328294;Demais escolas;3
31346314;Demais escolas;3
31354848;Demais escolas;3
31374628;Demais escolas;3
31096253;Demais escolas;3
31096261;Demais escolas;3
31096270;Demais escolas;3
31096326;Demais escolas;3
31213845;Demais escolas;3
31260541;Demais escolas;3
31346209;Demais escolas;3
31348465;Demais escolas;3
31365920;Demais escolas;3
31367710;Demais escolas;3
31370100;Demais escolas;3
31371750;Demais escolas;3
31385069;Demais escolas;3
31102563;Demais escolas;3
31305847;Demais escolas;3
31377899;Demais escolas;3
31014443;Demais escolas;3
31229865;Demais escolas;3
31249483;Demais escolas;3
31266655;Demais escolas;3
31276413;Demais escolas;3
31333921;Demais escolas;3
31341550;Demais escolas;3
31354600;Demais escolas;3
31296261;Demais escolas;3
31342122;Demais escolas;3
31118320;Demais escolas;3
31118346;Demais escolas;3
31223883;Demais escolas;3
31294900;Demais escolas;3
31362735;Demais escolas;3
31123501;Demais escolas;3
31123536;Demais escolas;3
31123544;Demais escolas;3
31321079;Demais escolas;3
31371696;Demais escolas;3
31127965;Demais escolas;3
31128023;Demais escolas;3
31128031;Demais escolas;3
31128058;Demais escolas;3
31222976;Demais escolas;3
31245968;Demais escolas;3
31310191;Demais escolas;3
31062197;Demais escolas;3
31062201;Demais escolas;3
31062235;Demais escolas;3
31327026;Demais escolas;3
31343781;Demais escolas;3
31358266;Demais escolas;3
31368385;Demais escolas;3
31368520;Demais escolas;3
31369748;Demais escolas;3
31253936;Demais escolas;3
31014494;Demais escolas;3
31293423;Demais escolas;3
31316059;Demais escolas;3
31212067;Demais escolas;3
31215830;Demais escolas;3
31349399;Demais escolas;3
31145700;Demais escolas;3
31145734;Demais escolas;3
31260908;Demais escolas;3
31278033;Demais escolas;3
31334049;Demais escolas;3
31335746;Demais escolas;3
31350885;Demais escolas;3
31357154;Demais escolas;3
31361500;Demais escolas;3
31367672;Demais escolas;3
31368687;Demais escolas;3
31379719;Demais escolas;3
31158101;Demais escolas;3
31158143;Demais escolas;3
31242918;Demais escolas;3
31378496;Demais escolas;3
31184331;Demais escolas;3
31184349;Demais escolas;3
31372013;Demais escolas;3
31166332;Demais escolas;3
31166359;Demais escolas;3
31166375;Demais escolas;3
31166456;Demais escolas;3
31166481;Demais escolas;3
31320536;Demais escolas;3
31354562;Demais escolas;3
31370614;Demais escolas;3
31376442;Demais escolas;3
31377953;Demais escolas;3
31382655;Demais escolas;3
31384828;Demais escolas;3
31170348;Demais escolas;3
31170402;Demais escolas;3
31170461;Demais escolas;3
31170534;Demais escolas;3
31170607;Demais escolas;3
31220094;Demais escolas;3
31230758;Demais escolas;3
31275531;Demais escolas;3
31275549;Demais escolas;3
31309966;Demais escolas;3
31323942;Demais escolas;3
31343099;Demais escolas;3
31352195;Demais escolas;3
31369969;Demais escolas;3
31375071;Demais escolas;3
31375446;Demais escolas;3
31380210;Demais escolas;3
31382507;Demais escolas;3
31383546;Demais escolas;3
31384909;Demais escolas;3
31180599;Demais escolas;3
31180602;Demais escolas;3
31180611;Demais escolas;3
31293687;Demais escolas;3
31316237;Demais escolas;3
31366269;Demais escolas;3
31371742;Demais escolas;3
32052120;Demais escolas;3
32052936;Demais escolas;3
32053070;Demais escolas;3
32081502;Demais escolas;3
32134002;Demais escolas;3
32034377;Demais escolas;3
32034520;Demais escolas;3
32035217;Demais escolas;3
32076363;Demais escolas;3
32034318;Demais escolas;3
32070276;Demais escolas;3
32010311;Demais escolas;3
32010400;Demais escolas;3
32074182;Demais escolas;3
32043325;Demais escolas;3
32021828;Demais escolas;3
32076223;Demais escolas;3
32080778;Demais escolas;3
32018134;Demais escolas;3
32064101;Demais escolas;3
32070594;Demais escolas;3
32097603;Demais escolas;3
32065248;Demais escolas;3
32065310;Demais escolas;3
32066880;Demais escolas;3
32079320;Demais escolas;3
32036671;Demais escolas;3
32065353;Demais escolas;3
32070845;Demais escolas;3
32038160;Demais escolas;3
32038178;Demais escolas;3
32038224;Demais escolas;3
32038240;Demais escolas;3
32038330;Demais escolas;3
32038526;Demais escolas;3
32038720;Demais escolas;3
32039140;Demais escolas;3
32039395;Demais escolas;3
32039832;Demais escolas;3
32063440;Demais escolas;3
32063563;Demais escolas;3
32068336;Demais escolas;3
32073968;Demais escolas;3
32076169;Demais escolas;3
32076606;Demais escolas;3
32079931;Demais escolas;3
32083343;Demais escolas;3
32083351;Demais escolas;3
32083386;Demais escolas;3
32039050;Demais escolas;3
32039980;Demais escolas;3
32039999;Demais escolas;3
32040032;Demais escolas;3
32040040;Demais escolas;3
32040075;Demais escolas;3
32040083;Demais escolas;3
32040210;Demais escolas;3
32041152;Demais escolas;3
32041373;Demais escolas;3
32041411;Demais escolas;3
32074964;Demais escolas;3
32077610;Demais escolas;3
32078510;Demais escolas;3
32078684;Demais escolas;3
32082193;Demais escolas;3
32083882;Demais escolas;3
32041446;Demais escolas;3
33036659;Demais escolas;3
33036675;Demais escolas;3
33132089;Demais escolas;3
33138141;Demais escolas;3
33138737;Demais escolas;3
33138745;Demais escolas;3
33156913;Demais escolas;3
33164541;Demais escolas;3
33172030;Demais escolas;3
33183953;Demais escolas;3
33192197;Demais escolas;3
33026360;Demais escolas;3
33026378;Demais escolas;3
33026424;Demais escolas;3
33026459;Demais escolas;3
33113556;Demais escolas;3
33151296;Demais escolas;3
33166951;Demais escolas;3
33168202;Demais escolas;3
33195420;Demais escolas;3
33195463;Demais escolas;3
33029318;Demais escolas;3
33029482;Demais escolas;3
33029490;Demais escolas;3
33125023;Demais escolas;3
33199949;Demais escolas;3
33451222;Demais escolas;3
33451290;Demais escolas;3
33027404;Demais escolas;3
33027722;Demais escolas;3
33150761;Demais escolas;3
33155585;Demais escolas;3
33178976;Demais escolas;3
33181110;Demais escolas;3
33184666;Demais escolas;3
33190879;Demais escolas;3
33195960;Demais escolas;3
33198993;Demais escolas;3
33145989;Demais escolas;3
33180776;Demais escolas;3
33008221;Demais escolas;3
33008310;Demais escolas;3
33008337;Demais escolas;3
33008523;Demais escolas;3
33008612;Demais escolas;3
33009694;Demais escolas;3
33009783;Demais escolas;3
33105189;Demais escolas;3
33106754;Demais escolas;3
33120544;Demais escolas;3
33166099;Demais escolas;3
33175713;Demais escolas;3
33187274;Demais escolas;3
33187282;Demais escolas;3
33195579;Demais escolas;3
33199558;Demais escolas;3
33048185;Demais escolas;3
33048398;Demais escolas;3
33049416;Demais escolas;3
33049424;Demais escolas;3
33049505;Demais escolas;3
33101612;Demais escolas;3
33101663;Demais escolas;3
33111650;Demais escolas;3
33114013;Demais escolas;3
33138460;Demais escolas;3
33177996;Demais escolas;3
33178518;Demais escolas;3
33181713;Demais escolas;3
33185433;Demais escolas;3
33194270;Demais escolas;3
33450226;Demais escolas;3
33520313;Demais escolas;3
33548242;Demais escolas;3
33101469;Demais escolas;3
33139440;Demais escolas;3
33110549;Demais escolas;3
33051348;Demais escolas;3
33098867;Demais escolas;3
33098980;Demais escolas;3
33150699;Demais escolas;3
33157383;Demais escolas;3
33188017;Demais escolas;3
33196826;Demais escolas;3
33200351;Demais escolas;3
33051828;Demais escolas;3
33098840;Demais escolas;3
33159157;Demais escolas;3
33103437;Demais escolas;3
33149763;Demais escolas;3
33171793;Demais escolas;3
33195978;Demais escolas;3
33146675;Demais escolas;3
33212600;Demais escolas;3
33439818;Demais escolas;3
33015520;Demais escolas;3
33015546;Demais escolas;3
33118965;Demais escolas;3
33139881;Demais escolas;3
33166927;Demais escolas;3
33169365;Demais escolas;3
33170401;Demais escolas;3
33172285;Demais escolas;3
33183228;Demais escolas;3
33199973;Demais escolas;3
33130442;Demais escolas;3
33138567;Demais escolas;3
33206007;Demais escolas;3
33313210;Demais escolas;3
33053367;Demais escolas;3
33054118;Demais escolas;3
33115478;Demais escolas;3
33130086;Demais escolas;3
33131236;Demais escolas;3
33181217;Demais escolas;3
33186928;Demais escolas;3
33198233;Demais escolas;3
33266204;Demais escolas;3
33203130;Demais escolas;3
33115273;Demais escolas;3
33152721;Demais escolas;3
33054851;Demais escolas;3
33111774;Demais escolas;3
33157251;Demais escolas;3
33193444;Demais escolas;3
33197946;Demais escolas;3
33200378;Demais escolas;3
33173109;Demais escolas;3
33182884;Demais escolas;3
33055378;Demais escolas;3
33055416;Demais escolas;3
33055459;Demais escolas;3
33055866;Demais escolas;3
33055874;Demais escolas;3
33055882;Demais escolas;3
33055890;Demais escolas;3
33055920;Demais escolas;3
33055947;Demais escolas;3
33055955;Demais escolas;3
33055980;Demais escolas;3
33057109;Demais escolas;3
33057206;Demais escolas;3
33057443;Demais escolas;3
33057818;Demais escolas;3
33121753;Demais escolas;3
33140227;Demais escolas;3
33140502;Demais escolas;3
33143803;Demais escolas;3
33143846;Demais escolas;3
33150931;Demais escolas;3
33153442;Demais escolas;3
33155259;Demais escolas;3
33160163;Demais escolas;3
33161429;Demais escolas;3
33165920;Demais escolas;3
33165998;Demais escolas;3
33170096;Demais escolas;3
33175560;Demais escolas;3
33176310;Demais escolas;3
33176787;Demais escolas;3
33177597;Demais escolas;3
33179999;Demais escolas;3
33180385;Demais escolas;3
33193991;Demais escolas;3
33194688;Demais escolas;3
33196214;Demais escolas;3
33198640;Demais escolas;3
33201927;Demais escolas;3
33326207;Demais escolas;3
33345201;Demais escolas;3
33442304;Demais escolas;3
33021660;Demais escolas;3
33021678;Demais escolas;3
33021724;Demais escolas;3
33021740;Demais escolas;3
33022267;Demais escolas;3
33102830;Demais escolas;3
33102961;Demais escolas;3
33120986;Demais escolas;3
33134170;Demais escolas;3
33145237;Demais escolas;3
33155860;Demais escolas;3
33166838;Demais escolas;3
33102899;Demais escolas;3
33058148;Demais escolas;3
33058164;Demais escolas;3
33058504;Demais escolas;3
33058806;Demais escolas;3
33060266;Demais escolas;3
33060312;Demais escolas;3
33060355;Demais escolas;3
33060371;Demais escolas;3
33060380;Demais escolas;3
33060568;Demais escolas;3
33060754;Demais escolas;3
33101043;Demais escolas;3
33101809;Demais escolas;3
33103364;Demais escolas;3
33111260;Demais escolas;3
33124523;Demais escolas;3
33128278;Demais escolas;3
33152209;Demais escolas;3
33156069;Demais escolas;3
33160996;Demais escolas;3
33166560;Demais escolas;3
33174318;Demais escolas;3
33174725;Demais escolas;3
33174890;Demais escolas;3
33184453;Demais escolas;3
33185000;Demais escolas;3
33187681;Demais escolas;3
33187762;Demais escolas;3
33195820;Demais escolas;3
33198926;Demais escolas;3
33199876;Demais escolas;3
33380201;Demais escolas;3
33039976;Demais escolas;3
33040117;Demais escolas;3
33040516;Demais escolas;3
33041148;Demais escolas;3
33041563;Demais escolas;3
33102341;Demais escolas;3
33118949;Demais escolas;3
33138532;Demais escolas;3
33178909;Demais escolas;3
33182086;Demais escolas;3
33182108;Demais escolas;3
33222401;Demais escolas;3
33041105;Demais escolas;3
33041130;Demais escolas;3
33151369;Demais escolas;3
33041733;Demais escolas;3
33102236;Demais escolas;3
33118663;Demais escolas;3
33061629;Demais escolas;3
33061670;Demais escolas;3
33062161;Demais escolas;3
33103283;Demais escolas;3
33196133;Demais escolas;3
33031363;Demais escolas;3
33031371;Demais escolas;3
33031410;Demais escolas;3
33031649;Demais escolas;3
33439796;Demais escolas;3
33541221;Demais escolas;3
33548250;Demais escolas;3
33025460;Demais escolas;3
33025673;Demais escolas;3
33119724;Demais escolas;3
33149550;Demais escolas;3
33161348;Demais escolas;3
33172234;Demais escolas;3
33174881;Demais escolas;3
33179344;Demais escolas;3
33186979;Demais escolas;3
33189846;Demais escolas;3
33194033;Demais escolas;3
33195552;Demais escolas;3
33203300;Demais escolas;3
33454221;Demais escolas;3
33062609;Demais escolas;3
33062633;Demais escolas;3
33063311;Demais escolas;3
33063419;Demais escolas;3
33063486;Demais escolas;3
33063516;Demais escolas;3
33063575;Demais escolas;3
33063648;Demais escolas;3
33063656;Demais escolas;3
33063710;Demais escolas;3
33063729;Demais escolas;3
33063974;Demais escolas;3
33064024;Demais escolas;3
33064032;Demais escolas;3
33064040;Demais escolas;3
33064369;Demais escolas;3
33064393;Demais escolas;3
33064601;Demais escolas;3
33064628;Demais escolas;3
33064709;Demais escolas;3
33064717;Demais escolas;3
33064768;Demais escolas;3
33065195;Demais escolas;3
33065268;Demais escolas;3
33065314;Demais escolas;3
33065357;Demais escolas;3
33065403;Demais escolas;3
33065411;Demais escolas;3
33065594;Demais escolas;3
33065837;Demais escolas;3
33065993;Demais escolas;3
33066477;Demais escolas;3
33066540;Demais escolas;3
33066566;Demais escolas;3
33066574;Demais escolas;3
33066671;Demais escolas;3
33066698;Demais escolas;3
33066752;Demais escolas;3
33066930;Demais escolas;3
33067694;Demais escolas;3
33067716;Demais escolas;3
33067732;Demais escolas;3
33067813;Demais escolas;3
33067856;Demais escolas;3
33068534;Demais escolas;3
33068895;Demais escolas;3
33068925;Demais escolas;3
33069522;Demais escolas;3
33069565;Demais escolas;3
33069697;Demais escolas;3
33069778;Demais escolas;3
33070008;Demais escolas;3
33070954;Demais escolas;3
33071012;Demais escolas;3
33071292;Demais escolas;3
33071403;Demais escolas;3
33071632;Demais escolas;3
33071659;Demais escolas;3
33071683;Demais escolas;3
33071721;Demais escolas;3
33071926;Demais escolas;3
33072426;Demais escolas;3
33074089;Demais escolas;3
33074771;Demais escolas;3
33074852;Demais escolas;3
33075131;Demais escolas;3
33075425;Demais escolas;3
33075581;Demais escolas;3
33075620;Demais escolas;3
33075921;Demais escolas;3
33075930;Demais escolas;3
33076510;Demais escolas;3
33076820;Demais escolas;3
33077029;Demais escolas;3
33077258;Demais escolas;3
33077274;Demais escolas;3
33078394;Demais escolas;3
33078521;Demais escolas;3
33078866;Demais escolas;3
33078963;Demais escolas;3
33079030;Demais escolas;3
33079960;Demais escolas;3
33081328;Demais escolas;3
33081603;Demais escolas;3
33081727;Demais escolas;3
33082014;Demais escolas;3
33082103;Demais escolas;3
33082472;Demais escolas;3
33083533;Demais escolas;3
33083541;Demais escolas;3
33083550;Demais escolas;3
33083770;Demais escolas;3
33084165;Demais escolas;3
33084254;Demais escolas;3
33084262;Demais escolas;3
33084319;Demais escolas;3
33085269;Demais escolas;3
33085455;Demais escolas;3
33085609;Demais escolas;3
33085846;Demais escolas;3
33085854;Demais escolas;3
33087407;Demais escolas;3
33087539;Demais escolas;3
33087555;Demais escolas;3
33087628;Demais escolas;3
33088519;Demais escolas;3
33088560;Demais escolas;3
33094861;Demais escolas;3
33100705;Demais escolas;3
33100713;Demais escolas;3
33100926;Demais escolas;3
33100977;Demais escolas;3
33100985;Demais escolas;3
33101876;Demais escolas;3
33104220;Demais escolas;3
33104247;Demais escolas;3
33104573;Demais escolas;3
33105154;Demais escolas;3
33105405;Demais escolas;3
33105758;Demais escolas;3
33106460;Demais escolas;3
33106851;Demais escolas;3
33107297;Demais escolas;3
33107319;Demais escolas;3
33107998;Demais escolas;3
33109591;Demais escolas;3
33109923;Demais escolas;3
33110034;Demais escolas;3
33110050;Demais escolas;3
33110093;Demais escolas;3
33110328;Demais escolas;3
33110360;Demais escolas;3
33111430;Demais escolas;3
33111642;Demais escolas;3
33111901;Demais escolas;3
33113114;Demais escolas;3
33113360;Demais escolas;3
33114510;Demais escolas;3
33114692;Demais escolas;3
33115460;Demais escolas;3
33116490;Demais escolas;3
33116512;Demais escolas;3
33116636;Demais escolas;3
33116709;Demais escolas;3
33116784;Demais escolas;3
33116903;Demais escolas;3
33117799;Demais escolas;3
33119031;Demais escolas;3
33120846;Demais escolas;3
33121605;Demais escolas;3
33121613;Demais escolas;3
33122245;Demais escolas;3
33123187;Demais escolas;3
33123829;Demais escolas;3
33124418;Demais escolas;3
33124558;Demais escolas;3
33125228;Demais escolas;3
33125864;Demais escolas;3
33126674;Demais escolas;3
33127123;Demais escolas;3
33129005;Demais escolas;3
33129902;Demais escolas;3
33130027;Demais escolas;3
33130418;Demais escolas;3
33133840;Demais escolas;3
33134634;Demais escolas;3
33135169;Demais escolas;3
33135371;Demais escolas;3
33135827;Demais escolas;3
33135924;Demais escolas;3
33138079;Demais escolas;3
33138087;Demais escolas;3
33138290;Demais escolas;3
33140626;Demais escolas;3
33142726;Demais escolas;3
33143331;Demais escolas;3
33143366;Demais escolas;3
33147809;Demais escolas;3
33148376;Demais escolas;3
33148627;Demais escolas;3
33148937;Demais escolas;3
33149410;Demais escolas;3
33149437;Demais escolas;3
33149780;Demais escolas;3
33152276;Demais escolas;3
33152322;Demais escolas;3
33152608;Demais escolas;3
33152713;Demais escolas;3
33153477;Demais escolas;3
33153787;Demais escolas;3
33154007;Demais escolas;3
33155852;Demais escolas;3
33156026;Demais escolas;3
33156760;Demais escolas;3
33159068;Demais escolas;3
33159130;Demais escolas;3
33159211;Demais escolas;3
33159629;Demais escolas;3
33159637;Demais escolas;3
33159645;Demais escolas;3
33159750;Demais escolas;3
33159815;Demais escolas;3
33160031;Demais escolas;3
33160180;Demais escolas;3
33160830;Demais escolas;3
33161011;Demais escolas;3
33161402;Demais escolas;3
33161704;Demais escolas;3
33162603;Demais escolas;3
33162948;Demais escolas;3
33162999;Demais escolas;3
33163006;Demais escolas;3
33163120;Demais escolas;3
33166820;Demais escolas;3
33166900;Demais escolas;3
33166935;Demais escolas;3
33166943;Demais escolas;3
33168970;Demais escolas;3
33169713;Demais escolas;3
33170630;Demais escolas;3
33171467;Demais escolas;3
33171645;Demais escolas;3
33172315;Demais escolas;3
33172331;Demais escolas;3
33172706;Demais escolas;3
33173133;Demais escolas;3
33173168;Demais escolas;3
33173680;Demais escolas;3
33173907;Demais escolas;3
33173923;Demais escolas;3
33173931;Demais escolas;3
33173990;Demais escolas;3
33174970;Demais escolas;3
33175110;Demais escolas;3
33175195;Demais escolas;3
33175659;Demais escolas;3
33175993;Demais escolas;3
33176671;Demais escolas;3
33176710;Demais escolas;3
33176760;Demais escolas;3
33176825;Demais escolas;3
33177279;Demais escolas;3
33177627;Demais escolas;3
33178038;Demais escolas;3
33178682;Demais escolas;3
33178828;Demais escolas;3
33178879;Demais escolas;3
33178992;Demais escolas;3
33179905;Demais escolas;3
33180458;Demais escolas;3
33180539;Demais escolas;3
33180563;Demais escolas;3
33180997;Demais escolas;3
33181560;Demais escolas;3
33183031;Demais escolas;3
33183139;Demais escolas;3
33183368;Demais escolas;3
33183384;Demais escolas;3
33183830;Demais escolas;3
33184720;Demais escolas;3
33184739;Demais escolas;3
33185417;Demais escolas;3
33185425;Demais escolas;3
33185590;Demais escolas;3
33185999;Demais escolas;3
33186260;Demais escolas;3
33186723;Demais escolas;3
33186910;Demais escolas;3
33187185;Demais escolas;3
33187770;Demais escolas;3
33187789;Demais escolas;3
33187924;Demais escolas;3
33187959;Demais escolas;3
33188092;Demais escolas;3
33188319;Demais escolas;3
33189137;Demais escolas;3
33189145;Demais escolas;3
33189170;Demais escolas;3
33189617;Demais escolas;3
33189692;Demais escolas;3
33189820;Demais escolas;3
33189838;Demais escolas;3
33190054;Demais escolas;3
33190321;Demais escolas;3
33190410;Demais escolas;3
33190747;Demais escolas;3
33191018;Demais escolas;3
33191816;Demais escolas;3
33191824;Demais escolas;3
33191956;Demais escolas;3
33192030;Demais escolas;3
33192260;Demais escolas;3
33192650;Demais escolas;3
33192685;Demais escolas;3
33193053;Demais escolas;3
33193070;Demais escolas;3
33193118;Demais escolas;3
33193223;Demais escolas;3
33193347;Demais escolas;3
33193495;Demais escolas;3
33193649;Demais escolas;3
33193720;Demais escolas;3
33195340;Demais escolas;3
33195366;Demais escolas;3
33195757;Demais escolas;3
33196222;Demais escolas;3
33196249;Demais escolas;3
33196257;Demais escolas;3
33196478;Demais escolas;3
33196788;Demais escolas;3
33197156;Demais escolas;3
33197350;Demais escolas;3
33197466;Demais escolas;3
33198128;Demais escolas;3
33200491;Demais escolas;3
33200530;Demais escolas;3
33202109;Demais escolas;3
33202850;Demais escolas;3
33203415;Demais escolas;3
33203431;Demais escolas;3
33203598;Demais escolas;3
33218803;Demais escolas;3
33223203;Demais escolas;3
33228604;Demais escolas;3
33241201;Demais escolas;3
33249202;Demais escolas;3
33394202;Demais escolas;3
33421226;Demais escolas;3
33444293;Demais escolas;3
33447225;Demais escolas;3
33456232;Demais escolas;3
33457239;Demais escolas;3
33473218;Demais escolas;3
33478210;Demais escolas;3
33520321;Demais escolas;3
33526249;Demais escolas;3
33530220;Demais escolas;3
33552231;Demais escolas;3
33088780;Demais escolas;3
33088985;Demais escolas;3
33089035;Demais escolas;3
33089167;Demais escolas;3
33089191;Demais escolas;3
33089248;Demais escolas;3
33089825;Demais escolas;3
33090041;Demais escolas;3
33090700;Demais escolas;3
33091226;Demais escolas;3
33103992;Demais escolas;3
33104107;Demais escolas;3
33115630;Demais escolas;3
33115699;Demais escolas;3
33126000;Demais escolas;3
33135746;Demais escolas;3
33139032;Demais escolas;3
33152098;Demais escolas;3
33161860;Demais escolas;3
33170347;Demais escolas;3
33180660;Demais escolas;3
33181594;Demais escolas;3
33187100;Demais escolas;3
33191182;Demais escolas;3
33194084;Demais escolas;3
33090092;Demais escolas;3
33090734;Demais escolas;3
33090777;Demais escolas;3
33092346;Demais escolas;3
33092982;Demais escolas;3
33143145;Demais escolas;3
33148287;Demais escolas;3
33159599;Demais escolas;3
33171670;Demais escolas;3
33190674;Demais escolas;3
33200572;Demais escolas;3
33448256;Demais escolas;3
33093008;Demais escolas;3
33028079;Demais escolas;3
33028567;Demais escolas;3
33142645;Demais escolas;3
33190160;Demais escolas;3
33226210;Demais escolas;3
33042373;Demais escolas;3
33042462;Demais escolas;3
33042560;Demais escolas;3
33042578;Demais escolas;3
33043086;Demais escolas;3
33127875;Demais escolas;3
33170509;Demais escolas;3
33182078;Demais escolas;3
33182094;Demais escolas;3
33196770;Demais escolas;3
33032777;Demais escolas;3
33032858;Demais escolas;3
33032882;Demais escolas;3
33033811;Demais escolas;3
33034249;Demais escolas;3
33112959;Demais escolas;3
33147450;Demais escolas;3
33163863;Demais escolas;3
33183970;Demais escolas;3
33188823;Demais escolas;3
33447250;Demais escolas;3
35112094;Demais escolas;3
35112124;Demais escolas;3
35125647;Demais escolas;3
35125659;Demais escolas;3
35132007;Demais escolas;3
35140600;Demais escolas;3
35144502;Demais escolas;3
35166686;Demais escolas;3
35499778;Demais escolas;3
35007668;Demais escolas;3
35010308;Demais escolas;3
35116661;Demais escolas;3
35116671;Demais escolas;3
35124148;Demais escolas;3
35132780;Demais escolas;3
35141434;Demais escolas;3
35150988;Demais escolas;3
35160600;Demais escolas;3
35166169;Demais escolas;3
35192934;Demais escolas;3
35288214;Demais escolas;3
35010311;Demais escolas;3
35114157;Demais escolas;3
35114194;Demais escolas;3
35124060;Demais escolas;3
35152031;Demais escolas;3
35155147;Demais escolas;3
35155159;Demais escolas;3
35174348;Demais escolas;3
35445848;Demais escolas;3
35463085;Demais escolas;3
35587023;Demais escolas;3
35809385;Demais escolas;3
35006976;Demais escolas;3
35113335;Demais escolas;3
35259559;Demais escolas;3
35325880;Demais escolas;3
35801793;Demais escolas;3
35004818;Demais escolas;3
35117365;Demais escolas;3
35117389;Demais escolas;3
35159700;Demais escolas;3
35192077;Demais escolas;3
35803200;Demais escolas;3
35006275;Demais escolas;3
35112306;Demais escolas;3
35112318;Demais escolas;3
35135951;Demais escolas;3
35137224;Demais escolas;3
35137881;Demais escolas;3
35143112;Demais escolas;3
35155664;Demais escolas;3
35168920;Demais escolas;3
35185243;Demais escolas;3
35805973;Demais escolas;3
35114236;Demais escolas;3
35142827;Demais escolas;3
35142839;Demais escolas;3
35150484;Demais escolas;3
35304414;Demais escolas;3
35358472;Demais escolas;3
35135227;Demais escolas;3
35138009;Demais escolas;3
35175614;Demais escolas;3
35195005;Demais escolas;3
35326343;Demais escolas;3
35004851;Demais escolas;3
35006599;Demais escolas;3
35115459;Demais escolas;3
35115484;Demais escolas;3
35118114;Demais escolas;3
35133279;Demais escolas;3
35160441;Demais escolas;3
35160453;Demais escolas;3
35165517;Demais escolas;3
35165529;Demais escolas;3
35192661;Demais escolas;3
35288019;Demais escolas;3
35290518;Demais escolas;3
35373886;Demais escolas;3
35441995;Demais escolas;3
35451113;Demais escolas;3
35467066;Demais escolas;3
35581823;Demais escolas;3
35009792;Demais escolas;3
35100419;Demais escolas;3
35116828;Demais escolas;3
35116853;Demais escolas;3
35123419;Demais escolas;3
35111454;Demais escolas;3
35111466;Demais escolas;3
35111485;Demais escolas;3
35134260;Demais escolas;3
35139336;Demais escolas;3
35144897;Demais escolas;3
35151324;Demais escolas;3
35466153;Demais escolas;3
35480617;Demais escolas;3
35581367;Demais escolas;3
35112392;Demais escolas;3
35112422;Demais escolas;3
35125222;Demais escolas;3
35126949;Demais escolas;3
35134326;Demais escolas;3
35138733;Demais escolas;3
35150125;Demais escolas;3
35159438;Demais escolas;3
35165396;Demais escolas;3
35197440;Demais escolas;3
35300469;Demais escolas;3
35004252;Demais escolas;3
35004269;Demais escolas;3
35008152;Demais escolas;3
35009757;Demais escolas;3
35112513;Demais escolas;3
35112537;Demais escolas;3
35112562;Demais escolas;3
35112586;Demais escolas;3
35112641;Demais escolas;3
35112689;Demais escolas;3
35112707;Demais escolas;3
35112756;Demais escolas;3
35112768;Demais escolas;3
35112773;Demais escolas;3
35112884;Demais escolas;3
35112896;Demais escolas;3
35112926;Demais escolas;3
35118084;Demais escolas;3
35123080;Demais escolas;3
35125568;Demais escolas;3
35131982;Demais escolas;3
35138769;Demais escolas;3
35143273;Demais escolas;3
35150095;Demais escolas;3
35159943;Demais escolas;3
35172467;Demais escolas;3
35172510;Demais escolas;3
35176497;Demais escolas;3
35179905;Demais escolas;3
35185474;Demais escolas;3
35194700;Demais escolas;3
35194712;Demais escolas;3
35437153;Demais escolas;3
35450856;Demais escolas;3
35466670;Demais escolas;3
35467765;Demais escolas;3
35579403;Demais escolas;3
35582803;Demais escolas;3
35800387;Demais escolas;3
35807990;Demais escolas;3
35808167;Demais escolas;3
35808702;Demais escolas;3
35812900;Demais escolas;3
35006706;Demais escolas;3
35112902;Demais escolas;3
35004256;Demais escolas;3
35109502;Demais escolas;3
35125416;Demais escolas;3
35131600;Demais escolas;3
35195133;Demais escolas;3
35259238;Demais escolas;3
35366791;Demais escolas;3
35119659;Demais escolas;3
35301279;Demais escolas;3
35364125;Demais escolas;3
35448527;Demais escolas;3
35565271;Demais escolas;3
35811403;Demais escolas;3
35116002;Demais escolas;3
35116014;Demais escolas;3
35116026;Demais escolas;3
35116051;Demais escolas;3
35143613;Demais escolas;3
35143996;Demais escolas;3
35152961;Demais escolas;3
35581021;Demais escolas;3
35808076;Demais escolas;3
35109289;Demais escolas;3
35109307;Demais escolas;3
35128200;Demais escolas;3
35131490;Demais escolas;3
35139646;Demais escolas;3
35142682;Demais escolas;3
35144204;Demais escolas;3
35151026;Demais escolas;3
35159177;Demais escolas;3
35370836;Demais escolas;3
35407641;Demais escolas;3
35568173;Demais escolas;3
35582827;Demais escolas;3
35583145;Demais escolas;3
35805051;Demais escolas;3
35806122;Demais escolas;3
35175024;Demais escolas;3
35286138;Demais escolas;3
35005199;Demais escolas;3
35108509;Demais escolas;3
35121952;Demais escolas;3
35130916;Demais escolas;3
35135136;Demais escolas;3
35139142;Demais escolas;3
35140934;Demais escolas;3
35144125;Demais escolas;3
35170409;Demais escolas;3
35440310;Demais escolas;3
35568934;Demais escolas;3
35808040;Demais escolas;3
35810228;Demais escolas;3
35141159;Demais escolas;3
35196685;Demais escolas;3
35197048;Demais escolas;3
35560145;Demais escolas;3
35583443;Demais escolas;3
35126640;Demais escolas;3
35139610;Demais escolas;3
35159359;Demais escolas;3
35191188;Demais escolas;3
35114467;Demais escolas;3
35114479;Demais escolas;3
35114510;Demais escolas;3
35139373;Demais escolas;3
35164926;Demais escolas;3
35172613;Demais escolas;3
35172625;Demais escolas;3
35258143;Demais escolas;3
35287544;Demais escolas;3
35288792;Demais escolas;3
35581781;Demais escolas;3
35802244;Demais escolas;3
35806572;Demais escolas;3
35119520;Demais escolas;3
35124503;Demais escolas;3
35813936;Demais escolas;3
35004887;Demais escolas;3
35110668;Demais escolas;3
35116701;Demais escolas;3
35125830;Demais escolas;3
35143625;Demais escolas;3
35154436;Demais escolas;3
35806389;Demais escolas;3
35131295;Demais escolas;3
35133772;Demais escolas;3
35160544;Demais escolas;3
35186259;Demais escolas;3
35187318;Demais escolas;3
35195790;Demais escolas;3
35196976;Demais escolas;3
35009768;Demais escolas;3
35803066;Demais escolas;3
35008767;Demais escolas;3
35010237;Demais escolas;3
35010346;Demais escolas;3
35108112;Demais escolas;3
35108145;Demais escolas;3
35108182;Demais escolas;3
35108224;Demais escolas;3
35119581;Demais escolas;3
35122415;Demais escolas;3
35123560;Demais escolas;3
35125155;Demais escolas;3
35125179;Demais escolas;3
35126615;Demais escolas;3
35131945;Demais escolas;3
35133115;Demais escolas;3
35133942;Demais escolas;3
35135586;Demais escolas;3
35140132;Demais escolas;3
35140806;Demais escolas;3
35140824;Demais escolas;3
35142359;Demais escolas;3
35142360;Demais escolas;3
35144216;Demais escolas;3
35150162;Demais escolas;3
35150198;Demais escolas;3
35150228;Demais escolas;3
35152900;Demais escolas;3
35153771;Demais escolas;3
35153801;Demais escolas;3
35154581;Demais escolas;3
35155196;Demais escolas;3
35160635;Demais escolas;3
35160672;Demais escolas;3
35165967;Demais escolas;3
35168531;Demais escolas;3
35168543;Demais escolas;3
35173903;Demais escolas;3
35188840;Demais escolas;3
35188864;Demais escolas;3
35197269;Demais escolas;3
35197397;Demais escolas;3
35250348;Demais escolas;3
35268628;Demais escolas;3
35304049;Demais escolas;3
35308833;Demais escolas;3
35400336;Demais escolas;3
35442446;Demais escolas;3
35448643;Demais escolas;3
35468400;Demais escolas;3
35470259;Demais escolas;3
35529503;Demais escolas;3
35582924;Demais escolas;3
35805683;Demais escolas;3
35805701;Demais escolas;3
35809559;Demais escolas;3
35809724;Demais escolas;3
35112252;Demais escolas;3
35121447;Demais escolas;3
35134314;Demais escolas;3
35144548;Demais escolas;3
35568028;Demais escolas;3
35585488;Demais escolas;3
35112951;Demais escolas;3
35118312;Demais escolas;3
35125787;Demais escolas;3
35161123;Demais escolas;3
35170112;Demais escolas;3
35170446;Demais escolas;3
35439368;Demais escolas;3
35439599;Demais escolas;3
35499365;Demais escolas;3
35809044;Demais escolas;3
35813000;Demais escolas;3
35103081;Demais escolas;3
35132950;Demais escolas;3
35115642;Demais escolas;3
35137716;Demais escolas;3
35150344;Demais escolas;3
35176734;Demais escolas;3
35429259;Demais escolas;3
35441922;Demais escolas;3
35106434;Demais escolas;3
35111569;Demais escolas;3
35125696;Demais escolas;3
35134272;Demais escolas;3
35140703;Demais escolas;3
35159141;Demais escolas;3
35382619;Demais escolas;3
35432210;Demais escolas;3
35800077;Demais escolas;3
35143029;Demais escolas;3
35174920;Demais escolas;3
35810575;Demais escolas;3
35150289;Demais escolas;3
35169328;Demais escolas;3
35172856;Demais escolas;3
35179383;Demais escolas;3
35805048;Demais escolas;3
35071092;Demais escolas;3
35085455;Demais escolas;3
35113086;Demais escolas;3
35153126;Demais escolas;3
35305674;Demais escolas;3
35811683;Demais escolas;3
35006190;Demais escolas;3
35111648;Demais escolas;3
35143170;Demais escolas;3
35143352;Demais escolas;3
35172959;Demais escolas;3
35457334;Demais escolas;3
35802086;Demais escolas;3
35802189;Demais escolas;3
35110899;Demais escolas;3
35110917;Demais escolas;3
35110929;Demais escolas;3
35126196;Demais escolas;3
35135616;Demais escolas;3
35137194;Demais escolas;3
35138083;Demais escolas;3
35155871;Demais escolas;3
35167794;Demais escolas;3
35167800;Demais escolas;3
35288822;Demais escolas;3
35109356;Demais escolas;3
35126895;Demais escolas;3
35139622;Demais escolas;3
35009516;Demais escolas;3
35115708;Demais escolas;3
35115712;Demais escolas;3
35121344;Demais escolas;3
35125982;Demais escolas;3
35134429;Demais escolas;3
35153795;Demais escolas;3
35192399;Demais escolas;3
35299789;Demais escolas;3
35004036;Demais escolas;3
35004904;Demais escolas;3
35009758;Demais escolas;3
35010473;Demais escolas;3
35113207;Demais escolas;3
35113219;Demais escolas;3
35113256;Demais escolas;3
35113268;Demais escolas;3
35113281;Demais escolas;3
35122506;Demais escolas;3
35130588;Demais escolas;3
35133863;Demais escolas;3
35136050;Demais escolas;3
35140648;Demais escolas;3
35150307;Demais escolas;3
35150435;Demais escolas;3
35165451;Demais escolas;3
35175420;Demais escolas;3
35179103;Demais escolas;3
35259317;Demais escolas;3
35290981;Demais escolas;3
35296478;Demais escolas;3
35429173;Demais escolas;3
35432994;Demais escolas;3
35481397;Demais escolas;3
35584939;Demais escolas;3
35808489;Demais escolas;3
35809445;Demais escolas;3
35113402;Demais escolas;3
35113426;Demais escolas;3
35130606;Demais escolas;3
35134417;Demais escolas;3
35139932;Demais escolas;3
35143789;Demais escolas;3
35144997;Demais escolas;3
35152812;Demais escolas;3
35152821;Demais escolas;3
35388786;Demais escolas;3
35481580;Demais escolas;3
35497997;Demais escolas;3
35811142;Demais escolas;3
35117500;Demais escolas;3
35117547;Demais escolas;3
35117560;Demais escolas;3
35117572;Demais escolas;3
35117614;Demais escolas;3
35124801;Demais escolas;3
35126007;Demais escolas;3
35150654;Demais escolas;3
35173241;Demais escolas;3
35342956;Demais escolas;3
35810095;Demais escolas;3
35126044;Demais escolas;3
35108583;Demais escolas;3
35108601;Demais escolas;3
35108613;Demais escolas;3
35125799;Demais escolas;3
35125817;Demais escolas;3
35150548;Demais escolas;3
35185383;Demais escolas;3
35464259;Demais escolas;3
35810940;Demais escolas;3
35108339;Demais escolas;3
35108364;Demais escolas;3
35118072;Demais escolas;3
35122993;Demais escolas;3
35126974;Demais escolas;3
35135094;Demais escolas;3
35152110;Demais escolas;3
35152195;Demais escolas;3
35152249;Demais escolas;3
35167034;Demais escolas;3
35175857;Demais escolas;3
35193914;Demais escolas;3
35290762;Demais escolas;3
35299182;Demais escolas;3
35368015;Demais escolas;3
35369895;Demais escolas;3
35429673;Demais escolas;3
35430146;Demais escolas;3
35450868;Demais escolas;3
35803170;Demais escolas;3
35809184;Demais escolas;3
35132056;Demais escolas;3
35005753;Demais escolas;3
35136098;Demais escolas;3
35138836;Demais escolas;3
35140673;Demais escolas;3
35140685;Demais escolas;3
35150022;Demais escolas;3
35175687;Demais escolas;3
35257312;Demais escolas;3
35007828;Demais escolas;3
35008763;Demais escolas;3
35109393;Demais escolas;3
35109400;Demais escolas;3
35109411;Demais escolas;3
35109435;Demais escolas;3
35109460;Demais escolas;3
35109472;Demais escolas;3
35109496;Demais escolas;3
35119660;Demais escolas;3
35120637;Demais escolas;3
35120947;Demais escolas;3
35130928;Demais escolas;3
35135288;Demais escolas;3
35138630;Demais escolas;3
35140144;Demais escolas;3
35144733;Demais escolas;3
35144745;Demais escolas;3
35154908;Demais escolas;3
35159244;Demais escolas;3
35159897;Demais escolas;3
35166832;Demais escolas;3
35464636;Demais escolas;3
35481105;Demais escolas;3
35567929;Demais escolas;3
35568582;Demais escolas;3
35800200;Demais escolas;3
35803844;Demais escolas;3
35809111;Demais escolas;3
35809512;Demais escolas;3
35004901;Demais escolas;3
35006070;Demais escolas;3
35117699;Demais escolas;3
35117705;Demais escolas;3
35123808;Demais escolas;3
35141392;Demais escolas;3
35150459;Demais escolas;3
35005656;Demais escolas;3
35007666;Demais escolas;3
35008395;Demais escolas;3
35151993;Demais escolas;3
35158446;Demais escolas;3
35165049;Demais escolas;3
35110826;Demais escolas;3
35133097;Demais escolas;3
35158379;Demais escolas;3
35286527;Demais escolas;3
35288032;Demais escolas;3
35004795;Demais escolas;3
35004821;Demais escolas;3
35005209;Demais escolas;3
35007022;Demais escolas;3
35008842;Demais escolas;3
35113724;Demais escolas;3
35113736;Demais escolas;3
35113748;Demais escolas;3
35113759;Demais escolas;3
35113773;Demais escolas;3
35113852;Demais escolas;3
35121150;Demais escolas;3
35123146;Demais escolas;3
35125490;Demais escolas;3
35150587;Demais escolas;3
35158999;Demais escolas;3
35165931;Demais escolas;3
35165943;Demais escolas;3
35191541;Demais escolas;3
35263473;Demais escolas;3
35304888;Demais escolas;3
35440322;Demais escolas;3
35151907;Demais escolas;3
35006289;Demais escolas;3
35119748;Demais escolas;3
35136876;Demais escolas;3
35136888;Demais escolas;3
35138654;Demais escolas;3
35144058;Demais escolas;3
35151063;Demais escolas;3
35151075;Demais escolas;3
35167666;Demais escolas;3
35189935;Demais escolas;3
35448886;Demais escolas;3
35449143;Demais escolas;3
35583303;Demais escolas;3
35805257;Demais escolas;3
35805373;Demais escolas;3
35117134;Demais escolas;3
35117195;Demais escolas;3
35117201;Demais escolas;3
35118321;Demais escolas;3
35121381;Demais escolas;3
35123444;Demais escolas;3
35165773;Demais escolas;3
35185619;Demais escolas;3
35185632;Demais escolas;3
35300895;Demais escolas;3
35466761;Demais escolas;3
35009648;Demais escolas;3
35105824;Demais escolas;3
35108637;Demais escolas;3
35128120;Demais escolas;3
35141495;Demais escolas;3
35440656;Demais escolas;3
35004304;Demais escolas;3
35009366;Demais escolas;3
35011153;Demais escolas;3
35114820;Demais escolas;3
35114911;Demais escolas;3
35114923;Demais escolas;3
35114959;Demais escolas;3
35114960;Demais escolas;3
35114996;Demais escolas;3
35115022;Demais escolas;3
35115083;Demais escolas;3
35118503;Demais escolas;3
35118540;Demais escolas;3
35121733;Demais escolas;3
35130898;Demais escolas;3
35132925;Demais escolas;3
35141537;Demais escolas;3
35152894;Demais escolas;3
35165190;Demais escolas;3
35186429;Demais escolas;3
35268173;Demais escolas;3
35290804;Demais escolas;3
35295784;Demais escolas;3
35338345;Demais escolas;3
35431436;Demais escolas;3
35449003;Demais escolas;3
35557961;Demais escolas;3
35567632;Demais escolas;3
35567656;Demais escolas;3
35579890;Demais escolas;3
35802220;Demais escolas;3
35807680;Demais escolas;3
35114832;Demais escolas;3
35504622;Demais escolas;3
35004193;Demais escolas;3
35114030;Demais escolas;3
35114042;Demais escolas;3
35114066;Demais escolas;3
35114078;Demais escolas;3
35159013;Demais escolas;3
35263072;Demais escolas;3
35111788;Demais escolas;3
35123675;Demais escolas;3
35130643;Demais escolas;3
35583674;Demais escolas;3
35140612;Demais escolas;3
35150642;Demais escolas;3
35174836;Demais escolas;3
35499092;Demais escolas;3
35121721;Demais escolas;3
35141355;Demais escolas;3
35141367;Demais escolas;3
35153163;Demais escolas;3
35369226;Demais escolas;3
35004913;Demais escolas;3
35065134;Demais escolas;3
35108649;Demais escolas;3
35108650;Demais escolas;3
35108698;Demais escolas;3
35108736;Demais escolas;3
35108741;Demais escolas;3
35108820;Demais escolas;3
35108873;Demais escolas;3
35118667;Demais escolas;3
35123511;Demais escolas;3
35124631;Demais escolas;3
35132123;Demais escolas;3
35134168;Demais escolas;3
35135148;Demais escolas;3
35136759;Demais escolas;3
35137960;Demais escolas;3
35139178;Demais escolas;3
35140909;Demais escolas;3
35143736;Demais escolas;3
35168622;Demais escolas;3
35173186;Demais escolas;3
35173236;Demais escolas;3
35307555;Demais escolas;3
35314785;Demais escolas;3
35395754;Demais escolas;3
35421522;Demais escolas;3
35429089;Demais escolas;3
35439642;Demais escolas;3
35804101;Demais escolas;3
35811476;Demais escolas;3
35812031;Demais escolas;3
35005953;Demais escolas;3
35006903;Demais escolas;3
35006977;Demais escolas;3
35008774;Demais escolas;3
35109708;Demais escolas;3
35109721;Demais escolas;3
35109733;Demais escolas;3
35109848;Demais escolas;3
35109997;Demais escolas;3
35110024;Demais escolas;3
35110139;Demais escolas;3
35110140;Demais escolas;3
35110164;Demais escolas;3
35110346;Demais escolas;3
35110358;Demais escolas;3
35126457;Demais escolas;3
35131829;Demais escolas;3
35139683;Demais escolas;3
35144071;Demais escolas;3
35151531;Demais escolas;3
35154295;Demais escolas;3
35154398;Demais escolas;3
35154404;Demais escolas;3
35158732;Demais escolas;3
35159384;Demais escolas;3
35186260;Demais escolas;3
35385244;Demais escolas;3
35481609;Demais escolas;3
35483084;Demais escolas;3
35810939;Demais escolas;3
35005131;Demais escolas;3
35006291;Demais escolas;3
35007008;Demais escolas;3
35007152;Demais escolas;3
35108923;Demais escolas;3
35108959;Demais escolas;3
35108972;Demais escolas;3
35108996;Demais escolas;3
35109010;Demais escolas;3
35109022;Demais escolas;3
35119611;Demais escolas;3
35137650;Demais escolas;3
35140910;Demais escolas;3
35141501;Demais escolas;3
35141811;Demais escolas;3
35142612;Demais escolas;3
35142967;Demais escolas;3
35144381;Demais escolas;3
35150373;Demais escolas;3
35151048;Demais escolas;3
35151452;Demais escolas;3
35152729;Demais escolas;3
35162164;Demais escolas;3
35184949;Demais escolas;3
35194827;Demais escolas;3
35430353;Demais escolas;3
35481014;Demais escolas;3
35566809;Demais escolas;3
35583224;Demais escolas;3
35802578;Demais escolas;3
35809883;Demais escolas;3
35109198;Demais escolas;3
35109228;Demais escolas;3
35127115;Demais escolas;3
35132160;Demais escolas;3
35135203;Demais escolas;3
35139208;Demais escolas;3
35154775;Demais escolas;3
35430432;Demais escolas;3
35802839;Demais escolas;3
35007524;Demais escolas;3
35009706;Demais escolas;3
35115253;Demais escolas;3
35125436;Demais escolas;3
35125441;Demais escolas;3
35130904;Demais escolas;3
35143091;Demais escolas;3
35165116;Demais escolas;3
35170331;Demais escolas;3
35184974;Demais escolas;3
35115265;Demais escolas;3
35115277;Demais escolas;3
35121307;Demais escolas;3
35004215;Demais escolas;3
35004863;Demais escolas;3
35006144;Demais escolas;3
35006933;Demais escolas;3
35006934;Demais escolas;3
35006958;Demais escolas;3
35008681;Demais escolas;3
35010002;Demais escolas;3
35010226;Demais escolas;3
35116361;Demais escolas;3
35116373;Demais escolas;3
35116385;Demais escolas;3
35116415;Demais escolas;3
35123365;Demais escolas;3
35139452;Demais escolas;3
35160854;Demais escolas;3
35174658;Demais escolas;3
35186485;Demais escolas;3
35188712;Demais escolas;3
35448205;Demais escolas;3
35500033;Demais escolas;3
35501918;Demais escolas;3
35504324;Demais escolas;3
35509516;Demais escolas;3
35809159;Demais escolas;3
35004369;Demais escolas;3
35104930;Demais escolas;3
35110966;Demais escolas;3
35111016;Demais escolas;3
35111053;Demais escolas;3
35111089;Demais escolas;3
35122038;Demais escolas;3
35134259;Demais escolas;3
35137170;Demais escolas;3
35139300;Demais escolas;3
35139312;Demais escolas;3
35140041;Demais escolas;3
35140065;Demais escolas;3
35142694;Demais escolas;3
35144496;Demais escolas;3
35153394;Demais escolas;3
35167563;Demais escolas;3
35175572;Demais escolas;3
35250892;Demais escolas;3
35290439;Demais escolas;3
35439526;Demais escolas;3
35499067;Demais escolas;3
35561320;Demais escolas;3
35805555;Demais escolas;3
35808246;Demais escolas;3
35063071;Demais escolas;3
35101151;Demais escolas;3
35101722;Demais escolas;3
35287581;Demais escolas;3
35477886;Demais escolas;3
35104620;Demais escolas;3
35104875;Demais escolas;3
35104917;Demais escolas;3
35480745;Demais escolas;3
35293532;Demais escolas;3
35063332;Demais escolas;3
35365592;Demais escolas;3
35449748;Demais escolas;3
35809305;Demais escolas;3
35004602;Demais escolas;3
35139774;Demais escolas;3
35151385;Demais escolas;3
35154106;Demais escolas;3
35157478;Demais escolas;3
35296016;Demais escolas;3
35103780;Demais escolas;3
35127991;Demais escolas;3
35134132;Demais escolas;3
35140351;Demais escolas;3
35103433;Demais escolas;3
35103494;Demais escolas;3
35399197;Demais escolas;3
35101278;Demais escolas;3
35101333;Demais escolas;3
35809287;Demais escolas;3
35006111;Demais escolas;3
35102350;Demais escolas;3
35103421;Demais escolas;3
35119261;Demais escolas;3
35150061;Demais escolas;3
35192211;Demais escolas;3
35005969;Demais escolas;3
35105429;Demais escolas;3
35105961;Demais escolas;3
35124175;Demais escolas;3
35144186;Demais escolas;3
35153564;Demais escolas;3
35165323;Demais escolas;3
35165359;Demais escolas;3
35450935;Demais escolas;3
35463279;Demais escolas;3
35800612;Demais escolas;3
35100353;Demais escolas;3
35101084;Demais escolas;3
35142724;Demais escolas;3
35154817;Demais escolas;3
35158318;Demais escolas;3
35167459;Demais escolas;3
35811658;Demais escolas;3
35106471;Demais escolas;3
35106616;Demais escolas;3
35106636;Demais escolas;3
35125908;Demais escolas;3
35137042;Demais escolas;3
35445630;Demais escolas;3
35106240;Demais escolas;3
35124849;Demais escolas;3
35141240;Demais escolas;3
35344837;Demais escolas;3
35429612;Demais escolas;3
35107517;Demais escolas;3
35107803;Demais escolas;3
35140338;Demais escolas;3
35144721;Demais escolas;3
35187537;Demais escolas;3
35810617;Demais escolas;3
35107645;Demais escolas;3
35124795;Demais escolas;3
35136359;Demais escolas;3
35137078;Demais escolas;3
35137108;Demais escolas;3
35140314;Demais escolas;3
35141773;Demais escolas;3
35176588;Demais escolas;3
35193306;Demais escolas;3
35165670;Demais escolas;3
35805439;Demais escolas;3
35805452;Demais escolas;3
35107554;Demais escolas;3
35107591;Demais escolas;3
35107682;Demais escolas;3
35125726;Demais escolas;3
35141768;Demais escolas;3
35142311;Demais escolas;3
35160763;Demais escolas;3
35179848;Demais escolas;3
35101898;Demais escolas;3
35101941;Demais escolas;3
35153285;Demais escolas;3
35165311;Demais escolas;3
35171116;Demais escolas;3
35100161;Demais escolas;3
35100171;Demais escolas;3
35100183;Demais escolas;3
35292175;Demais escolas;3
35442392;Demais escolas;3
35811105;Demais escolas;3
35107608;Demais escolas;3
35139221;Demais escolas;3
35139233;Demais escolas;3
35140004;Demais escolas;3
35140348;Demais escolas;3
35107906;Demais escolas;3
35135021;Demais escolas;3
35135057;Demais escolas;3
35139129;Demais escolas;3
35141297;Demais escolas;3
35143157;Demais escolas;3
35143959;Demais escolas;3
35158525;Demais escolas;3
35158550;Demais escolas;3
35168671;Demais escolas;3
35800971;Demais escolas;3
35153060;Demais escolas;3
35307592;Demais escolas;3
35467789;Demais escolas;3
35151737;Demais escolas;3
35170458;Demais escolas;3
35103248;Demais escolas;3
35103697;Demais escolas;3
35103718;Demais escolas;3
35103834;Demais escolas;3
35103861;Demais escolas;3
35141948;Demais escolas;3
35498646;Demais escolas;3
35107256;Demais escolas;3
35138575;Demais escolas;3
35313524;Demais escolas;3
35009561;Demais escolas;3
35135525;Demais escolas;3
35144952;Demais escolas;3
35157132;Demais escolas;3
35163326;Demais escolas;3
35163338;Demais escolas;3
35185437;Demais escolas;3
35100304;Demais escolas;3
35100328;Demais escolas;3
35141483;Demais escolas;3
35154684;Demais escolas;3
35154854;Demais escolas;3
35165104;Demais escolas;3
35167411;Demais escolas;3
35189431;Demais escolas;3
35810307;Demais escolas;3
35155287;Demais escolas;3
35158549;Demais escolas;3
35807825;Demais escolas;3
35802050;Demais escolas;3
35806286;Demais escolas;3
35103548;Demais escolas;3
35104206;Demais escolas;3
35106148;Demais escolas;3
35106367;Demais escolas;3
35143406;Demais escolas;3
35158483;Demais escolas;3
35161937;Demais escolas;3
35165335;Demais escolas;3
35165347;Demais escolas;3
35198959;Demais escolas;3
35153084;Demais escolas;3
35185760;Demais escolas;3
35009839;Demais escolas;3
35106628;Demais escolas;3
35106677;Demais escolas;3
35106756;Demais escolas;3
35106781;Demais escolas;3
35106811;Demais escolas;3
35155019;Demais escolas;3
35456731;Demais escolas;3
35104449;Demais escolas;3
35105971;Demais escolas;3
35126718;Demais escolas;3
35134788;Demais escolas;3
35154210;Demais escolas;3
35102180;Demais escolas;3
35187185;Demais escolas;3
35290993;Demais escolas;3
35808210;Demais escolas;3
35102301;Demais escolas;3
35115307;Demais escolas;3
35135550;Demais escolas;3
35137546;Demais escolas;3
35156553;Demais escolas;3
35161287;Demais escolas;3
35161317;Demais escolas;3
35165621;Demais escolas;3
35173708;Demais escolas;3
35805440;Demais escolas;3
35811816;Demais escolas;3
35007070;Demais escolas;3
35107049;Demais escolas;3
35107050;Demais escolas;3
35107116;Demais escolas;3
35132559;Demais escolas;3
35136463;Demais escolas;3
35139580;Demais escolas;3
35141264;Demais escolas;3
35171487;Demais escolas;3
35007387;Demais escolas;3
35154441;Demais escolas;3
35161007;Demais escolas;3
35185565;Demais escolas;3
35290415;Demais escolas;3
35800089;Demais escolas;3
35805063;Demais escolas;3
35176205;Demais escolas;3
35118977;Demais escolas;3
35118990;Demais escolas;3
35151518;Demais escolas;3
35189443;Demais escolas;3
35438315;Demais escolas;3
35177015;Demais escolas;3
35103524;Demais escolas;3
35104590;Demais escolas;3
35388117;Demais escolas;3
35107529;Demais escolas;3
35107924;Demais escolas;3
35151889;Demais escolas;3
35153825;Demais escolas;3
35172492;Demais escolas;3
35364435;Demais escolas;3
35007102;Demais escolas;3
35102465;Demais escolas;3
35102660;Demais escolas;3
35118928;Demais escolas;3
35130369;Demais escolas;3
35131507;Demais escolas;3
35132329;Demais escolas;3
35448369;Demais escolas;3
35800193;Demais escolas;3
35106884;Demais escolas;3
35106896;Demais escolas;3
35106926;Demais escolas;3
35120339;Demais escolas;3
35185449;Demais escolas;3
35004190;Demais escolas;3
35100213;Demais escolas;3
35167447;Demais escolas;3
35431459;Demais escolas;3
35567516;Demais escolas;3
35119039;Demais escolas;3
35135471;Demais escolas;3
35367734;Demais escolas;3
35480289;Demais escolas;3
35560820;Demais escolas;3
35101175;Demais escolas;3
35101448;Demais escolas;3
35101539;Demais escolas;3
35136897;Demais escolas;3
35151191;Demais escolas;3
35151348;Demais escolas;3
35105648;Demais escolas;3
35105910;Demais escolas;3
35120285;Demais escolas;3
35136396;Demais escolas;3
35295188;Demais escolas;3
35101564;Demais escolas;3
35130540;Demais escolas;3
35156231;Demais escolas;3
35199710;Demais escolas;3
35307622;Demais escolas;3
35810538;Demais escolas;3
35005941;Demais escolas;3
35107612;Demais escolas;3
35142876;Demais escolas;3
35176597;Demais escolas;3
35810630;Demais escolas;3
35005110;Demais escolas;3
35102015;Demais escolas;3
35102039;Demais escolas;3
35102040;Demais escolas;3
35119192;Demais escolas;3
35124527;Demais escolas;3
35142529;Demais escolas;3
35142864;Demais escolas;3
35168853;Demais escolas;3
35173685;Demais escolas;3
35173712;Demais escolas;3
35263795;Demais escolas;3
35299625;Demais escolas;3
35811385;Demais escolas;3
35008207;Demais escolas;3
35102751;Demais escolas;3
35102787;Demais escolas;3
35102799;Demais escolas;3
35102805;Demais escolas;3
35102829;Demais escolas;3
35103123;Demais escolas;3
35139497;Demais escolas;3
35563298;Demais escolas;3
35104607;Demais escolas;3
35104711;Demais escolas;3
35118936;Demais escolas;3
35133450;Demais escolas;3
35007664;Demais escolas;3
35071936;Demais escolas;3
35100024;Demais escolas;3
35100043;Demais escolas;3
35151506;Demais escolas;3
35161238;Demais escolas;3
35167782;Demais escolas;3
35173174;Demais escolas;3
35812912;Demais escolas;3
35119209;Demais escolas;3
35135549;Demais escolas;3
35158872;Demais escolas;3
35137418;Demais escolas;3
35143595;Demais escolas;3
35152523;Demais escolas;3
35124199;Demais escolas;3
35143571;Demais escolas;3
35158823;Demais escolas;3
35452543;Demais escolas;3
35106768;Demais escolas;3
35106800;Demais escolas;3
35107153;Demais escolas;3
35107219;Demais escolas;3
35107335;Demais escolas;3
35120406;Demais escolas;3
35133176;Demais escolas;3
35133462;Demais escolas;3
35139063;Demais escolas;3
35151841;Demais escolas;3
35260939;Demais escolas;3
35007181;Demais escolas;3
35103275;Demais escolas;3
35103342;Demais escolas;3
35103445;Demais escolas;3
35004693;Demais escolas;3
35100420;Demais escolas;3
35100432;Demais escolas;3
35100444;Demais escolas;3
35100473;Demais escolas;3
35100493;Demais escolas;3
35100547;Demais escolas;3
35100663;Demais escolas;3
35119040;Demais escolas;3
35131787;Demais escolas;3
35135446;Demais escolas;3
35352652;Demais escolas;3
35006923;Demais escolas;3
35008727;Demais escolas;3
35105569;Demais escolas;3
35107475;Demais escolas;3
35107499;Demais escolas;3
35107542;Demais escolas;3
35107633;Demais escolas;3
35107700;Demais escolas;3
35107736;Demais escolas;3
35107773;Demais escolas;3
35124576;Demais escolas;3
35132214;Demais escolas;3
35137066;Demais escolas;3
35141689;Demais escolas;3
35482912;Demais escolas;3
35806420;Demais escolas;3
35009476;Demais escolas;3
35101679;Demais escolas;3
35153631;Demais escolas;3
35004865;Demais escolas;3
35102283;Demais escolas;3
35102295;Demais escolas;3
35124459;Demais escolas;3
35135562;Demais escolas;3
35152511;Demais escolas;3
35156541;Demais escolas;3
35156565;Demais escolas;3
35174087;Demais escolas;3
35007041;Demais escolas;3
35119222;Demais escolas;3
35124448;Demais escolas;3
35136943;Demais escolas;3
35139804;Demais escolas;3
35151725;Demais escolas;3
35165220;Demais escolas;3
35165232;Demais escolas;3
35165372;Demais escolas;3
35172509;Demais escolas;3
35258039;Demais escolas;3
35568892;Demais escolas;3
35118163;Demais escolas;3
35144241;Demais escolas;3
35161299;Demais escolas;3
35101618;Demais escolas;3
35127197;Demais escolas;3
35007592;Demais escolas;3
35107165;Demais escolas;3
35107402;Demais escolas;3
35125398;Demais escolas;3
35130205;Demais escolas;3
35130217;Demais escolas;3
35130254;Demais escolas;3
35153692;Demais escolas;3
35007851;Demais escolas;3
35107487;Demais escolas;3
35133565;Demais escolas;3
35060574;Demais escolas;3
35101813;Demais escolas;3
35101886;Demais escolas;3
35101904;Demais escolas;3
35132986;Demais escolas;3
35133395;Demais escolas;3
35136931;Demais escolas;3
35142759;Demais escolas;3
35144228;Demais escolas;3
35157016;Demais escolas;3
35164082;Demais escolas;3
35808301;Demais escolas;3
35101148;Demais escolas;3
35119106;Demais escolas;3
35119982;Demais escolas;3
35126366;Demais escolas;3
35100900;Demais escolas;3
35100912;Demais escolas;3
35101011;Demais escolas;3
35101047;Demais escolas;3
35119118;Demais escolas;3
35140740;Demais escolas;3
35143200;Demais escolas;3
35150265;Demais escolas;3
35195972;Demais escolas;3
35294780;Demais escolas;3
35429570;Demais escolas;3
35481154;Demais escolas;3
35809688;Demais escolas;3
35105314;Demais escolas;3
35119374;Demais escolas;3
35137133;Demais escolas;3
35162243;Demais escolas;3
35374957;Demais escolas;3
35456196;Demais escolas;3
35530785;Demais escolas;3
35291511;Demais escolas;3
35431059;Demais escolas;3
35101965;Demais escolas;3
35101989;Demais escolas;3
35101990;Demais escolas;3
35131660;Demais escolas;3
35157028;Demais escolas;3
35185346;Demais escolas;3
35299984;Demais escolas;3
35100730;Demais escolas;3
35118758;Demais escolas;3
35130758;Demais escolas;3
35438170;Demais escolas;3
35102490;Demais escolas;3
35150885;Demais escolas;3
35100785;Demais escolas;3
35100808;Demais escolas;3
35100833;Demais escolas;3
35134569;Demais escolas;3
35135434;Demais escolas;3
35171360;Demais escolas;3
35288573;Demais escolas;3
35004801;Demais escolas;3
35104985;Demais escolas;3
35104991;Demais escolas;3
35105028;Demais escolas;3
35105041;Demais escolas;3
35105053;Demais escolas;3
35107177;Demais escolas;3
35107190;Demais escolas;3
35134806;Demais escolas;3
35136608;Demais escolas;3
35155073;Demais escolas;3
35563006;Demais escolas;3
35806444;Demais escolas;3
35102076;Demais escolas;3
35102088;Demais escolas;3
35102124;Demais escolas;3
35127231;Demais escolas;3
35168828;Demais escolas;3
35477175;Demais escolas;3
35805567;Demais escolas;3
35809676;Demais escolas;3
35117912;Demais escolas;3
35120029;Demais escolas;3
35138216;Demais escolas;3
35140880;Demais escolas;3
35168762;Demais escolas;3
35469713;Demais escolas;3
35006165;Demais escolas;3
35101597;Demais escolas;3
35101643;Demais escolas;3
35101710;Demais escolas;3
35101734;Demais escolas;3
35134673;Demais escolas;3
35142505;Demais escolas;3
35008950;Demais escolas;3
35105521;Demais escolas;3
35105600;Demais escolas;3
35131738;Demais escolas;3
35142736;Demais escolas;3
35153989;Demais escolas;3
35287600;Demais escolas;3
35297410;Demais escolas;3
35807618;Demais escolas;3
35008650;Demais escolas;3
35005406;Demais escolas;3
35009055;Demais escolas;3
35110450;Demais escolas;3
35110474;Demais escolas;3
35121253;Demais escolas;3
35137807;Demais escolas;3
35144320;Demais escolas;3
35151130;Demais escolas;3
35160477;Demais escolas;3
35290452;Demais escolas;3
35114637;Demais escolas;3
35125465;Demais escolas;3
35164948;Demais escolas;3
35288482;Demais escolas;3
35367679;Demais escolas;3
35441259;Demais escolas;3
35006160;Demais escolas;3
35006207;Demais escolas;3
35111867;Demais escolas;3
35111958;Demais escolas;3
35111995;Demais escolas;3
35112008;Demais escolas;3
35119912;Demais escolas;3
35122968;Demais escolas;3
35137674;Demais escolas;3
35137686;Demais escolas;3
35141586;Demais escolas;3
35152407;Demais escolas;3
35152432;Demais escolas;3
35155779;Demais escolas;3
35165578;Demais escolas;3
35166005;Demais escolas;3
35173460;Demais escolas;3
35173548;Demais escolas;3
35194165;Demais escolas;3
35268422;Demais escolas;3
35434361;Demais escolas;3
35450339;Demais escolas;3
35465963;Demais escolas;3
35569409;Demais escolas;3
35810356;Demais escolas;3
35121435;Demais escolas;3
35154258;Demais escolas;3
35497236;Demais escolas;3
35119593;Demais escolas;3
35121563;Demais escolas;3
35142098;Demais escolas;3
35151774;Demais escolas;3
35151798;Demais escolas;3
35155111;Demais escolas;3
35185061;Demais escolas;3
35287131;Demais escolas;3
35288378;Demais escolas;3
35586663;Demais escolas;3
35007382;Demais escolas;3
35118722;Demais escolas;3
35119714;Demais escolas;3
35124862;Demais escolas;3
35139270;Demais escolas;3
35140090;Demais escolas;3
35144034;Demais escolas;3
35154003;Demais escolas;3
35161895;Demais escolas;3
35161913;Demais escolas;3
35374040;Demais escolas;3
35560728;Demais escolas;3
35007094;Demais escolas;3
35112057;Demais escolas;3
35139506;Demais escolas;3
35158616;Demais escolas;3
35463401;Demais escolas;3
35008885;Demais escolas;3
35111235;Demais escolas;3
35111247;Demais escolas;3
35111259;Demais escolas;3
35111363;Demais escolas;3
35118564;Demais escolas;3
35118576;Demais escolas;3
35140193;Demais escolas;3
35140995;Demais escolas;3
35143297;Demais escolas;3
35151282;Demais escolas;3
35161861;Demais escolas;3
35168373;Demais escolas;3
35495414;Demais escolas;3
35007952;Demais escolas;3
35131970;Demais escolas;3
35136025;Demais escolas;3
35164768;Demais escolas;3
35286187;Demais escolas;3
35143443;Demais escolas;3
35159918;Demais escolas;3
35567863;Demais escolas;3
35802281;Demais escolas;3
41025466;Demais escolas;3
41025954;Demais escolas;3
41026039;Demais escolas;3
41026241;Demais escolas;3
41368649;Demais escolas;3
41026810;Demais escolas;3
41027000;Demais escolas;3
41027051;Demais escolas;3
41123794;Demais escolas;3
41123832;Demais escolas;3
41158253;Demais escolas;3
41360044;Demais escolas;3
41382706;Demais escolas;3
41028945;Demais escolas;3
41152689;Demais escolas;3
41070887;Demais escolas;3
41071417;Demais escolas;3
41071581;Demais escolas;3
41071859;Demais escolas;3
41071913;Demais escolas;3
41071921;Demais escolas;3
41072103;Demais escolas;3
41072111;Demais escolas;3
41072189;Demais escolas;3
41150392;Demais escolas;3
41361849;Demais escolas;3
41377001;Demais escolas;3
41377567;Demais escolas;3
41381459;Demais escolas;3
41125657;Demais escolas;3
41126289;Demais escolas;3
41163117;Demais escolas;3
41127170;Demais escolas;3
41127242;Demais escolas;3
41127480;Demais escolas;3
41127722;Demais escolas;3
41127781;Demais escolas;3
41128168;Demais escolas;3
41128370;Demais escolas;3
41128648;Demais escolas;3
41128699;Demais escolas;3
41128702;Demais escolas;3
41128770;Demais escolas;3
41129148;Demais escolas;3
41129326;Demais escolas;3
41129393;Demais escolas;3
41129407;Demais escolas;3
41129830;Demais escolas;3
41129881;Demais escolas;3
41130090;Demais escolas;3
41130227;Demais escolas;3
41130740;Demais escolas;3
41130987;Demais escolas;3
41131304;Demais escolas;3
41131584;Demais escolas;3
41131630;Demais escolas;3
41131657;Demais escolas;3
41131673;Demais escolas;3
41131690;Demais escolas;3
41131703;Demais escolas;3
41131711;Demais escolas;3
41131789;Demais escolas;3
41132130;Demais escolas;3
41133005;Demais escolas;3
41133048;Demais escolas;3
41133153;Demais escolas;3
41133285;Demais escolas;3
41133293;Demais escolas;3
41133307;Demais escolas;3
41133463;Demais escolas;3
41133692;Demais escolas;3
41146476;Demais escolas;3
41147014;Demais escolas;3
41148142;Demais escolas;3
41150120;Demais escolas;3
41152425;Demais escolas;3
41152484;Demais escolas;3
41155254;Demais escolas;3
41155815;Demais escolas;3
41158750;Demais escolas;3
41159136;Demais escolas;3
41159551;Demais escolas;3
41165543;Demais escolas;3
41352866;Demais escolas;3
41355644;Demais escolas;3
41371755;Demais escolas;3
41374010;Demais escolas;3
41376846;Demais escolas;3
41377168;Demais escolas;3
41377508;Demais escolas;3
41377540;Demais escolas;3
41387538;Demais escolas;3
41390024;Demais escolas;3
41486846;Demais escolas;3
41602056;Demais escolas;3
41602919;Demais escolas;3
41149971;Demais escolas;3
41163761;Demais escolas;3
41075927;Demais escolas;3
41076087;Demais escolas;3
41076290;Demais escolas;3
41076311;Demais escolas;3
41076800;Demais escolas;3
41151780;Demais escolas;3
41358708;Demais escolas;3
41377117;Demais escolas;3
41395832;Demais escolas;3
41407423;Demais escolas;3
41099605;Demais escolas;3
41100921;Demais escolas;3
41158709;Demais escolas;3
41162420;Demais escolas;3
41382366;Demais escolas;3
41386329;Demais escolas;3
41534913;Demais escolas;3
41100700;Demais escolas;3
41029526;Demais escolas;3
41030095;Demais escolas;3
41031105;Demais escolas;3
41031733;Demais escolas;3
41031814;Demais escolas;3
41032004;Demais escolas;3
41032039;Demais escolas;3
41033256;Demais escolas;3
41033310;Demais escolas;3
41147049;Demais escolas;3
41150856;Demais escolas;3
41158512;Demais escolas;3
41160266;Demais escolas;3
41160932;Demais escolas;3
41166043;Demais escolas;3
41358899;Demais escolas;3
41371968;Demais escolas;3
41379110;Demais escolas;3
41379152;Demais escolas;3
41384113;Demais escolas;3
41387210;Demais escolas;3
41023897;Demais escolas;3
41023960;Demais escolas;3
41024303;Demais escolas;3
41024311;Demais escolas;3
41024397;Demais escolas;3
41024478;Demais escolas;3
41024575;Demais escolas;3
41024613;Demais escolas;3
41024672;Demais escolas;3
41024699;Demais escolas;3
41024826;Demais escolas;3
41144490;Demais escolas;3
41150546;Demais escolas;3
41150635;Demais escolas;3
41150996;Demais escolas;3
41152441;Demais escolas;3
41152450;Demais escolas;3
41159357;Demais escolas;3
41165055;Demais escolas;3
41377370;Demais escolas;3
41140362;Demais escolas;3
41140397;Demais escolas;3
41140834;Demais escolas;3
41140931;Demais escolas;3
41141024;Demais escolas;3
41366522;Demais escolas;3
41399820;Demais escolas;3
41570944;Demais escolas;3
41141008;Demais escolas;3
41135946;Demais escolas;3
41157990;Demais escolas;3
41160258;Demais escolas;3
41397029;Demais escolas;3
41061870;Demais escolas;3
41063015;Demais escolas;3
41063252;Demais escolas;3
41063309;Demais escolas;3
41063350;Demais escolas;3
41063368;Demais escolas;3
41063376;Demais escolas;3
41151844;Demais escolas;3
41157044;Demais escolas;3
41361890;Demais escolas;3
41384750;Demais escolas;3
41552059;Demais escolas;3
41569938;Demais escolas;3
41137833;Demais escolas;3
41138430;Demais escolas;3
41157907;Demais escolas;3
41162269;Demais escolas;3
41354869;Demais escolas;3
41387155;Demais escolas;3
41068610;Demais escolas;3
41068785;Demais escolas;3
41156781;Demais escolas;3
41158768;Demais escolas;3
41159683;Demais escolas;3
41007808;Demais escolas;3
41007883;Demais escolas;3
41008545;Demais escolas;3
41008758;Demais escolas;3
41149955;Demais escolas;3
41382161;Demais escolas;3
42114012;Demais escolas;3
42144329;Demais escolas;3
42151775;Demais escolas;3
42153824;Demais escolas;3
42162890;Demais escolas;3
42015588;Demais escolas;3
42016142;Demais escolas;3
42016150;Demais escolas;3
42016207;Demais escolas;3
42133319;Demais escolas;3
42158133;Demais escolas;3
42160642;Demais escolas;3
42080258;Demais escolas;3
42080746;Demais escolas;3
42155274;Demais escolas;3
42155541;Demais escolas;3
42130930;Demais escolas;3
42155649;Demais escolas;3
42053480;Demais escolas;3
42104637;Demais escolas;3
42113105;Demais escolas;3
42116112;Demais escolas;3
42130875;Demais escolas;3
42141036;Demais escolas;3
42159857;Demais escolas;3
42203600;Demais escolas;3
42011612;Demais escolas;3
42011620;Demais escolas;3
42012023;Demais escolas;3
42012198;Demais escolas;3
42084695;Demais escolas;3
42106915;Demais escolas;3
42113601;Demais escolas;3
42123682;Demais escolas;3
42158702;Demais escolas;3
42163137;Demais escolas;3
42000246;Demais escolas;3
42000262;Demais escolas;3
42000645;Demais escolas;3
42000670;Demais escolas;3
42000793;Demais escolas;3
42001773;Demais escolas;3
42002087;Demais escolas;3
42064856;Demais escolas;3
42103215;Demais escolas;3
42106311;Demais escolas;3
42109230;Demais escolas;3
42110980;Demais escolas;3
42112796;Demais escolas;3
42113083;Demais escolas;3
42114357;Demais escolas;3
42129303;Demais escolas;3
42142539;Demais escolas;3
42152054;Demais escolas;3
42154090;Demais escolas;3
42160081;Demais escolas;3
42160383;Demais escolas;3
42160650;Demais escolas;3
42163021;Demais escolas;3
42163781;Demais escolas;3
42000238;Demais escolas;3
42103894;Demais escolas;3
42164478;Demais escolas;3
42145430;Demais escolas;3
42133114;Demais escolas;3
42068606;Demais escolas;3
42068665;Demais escolas;3
42068673;Demais escolas;3
42068690;Demais escolas;3
42068703;Demais escolas;3
42110599;Demais escolas;3
42143063;Demais escolas;3
42159547;Demais escolas;3
42164702;Demais escolas;3
42091403;Demais escolas;3
42091462;Demais escolas;3
42091560;Demais escolas;3
42091578;Demais escolas;3
42152038;Demais escolas;3
42020492;Demais escolas;3
42020530;Demais escolas;3
42020557;Demais escolas;3
42020565;Demais escolas;3
42020590;Demais escolas;3
42055253;Demais escolas;3
42070880;Demais escolas;3
42112141;Demais escolas;3
42121191;Demais escolas;3
42142008;Demais escolas;3
42142822;Demais escolas;3
42160499;Demais escolas;3
42028493;Demais escolas;3
42028990;Demais escolas;3
42143390;Demais escolas;3
42143969;Demais escolas;3
42073944;Demais escolas;3
42099536;Demais escolas;3
42130913;Demais escolas;3
42136776;Demais escolas;3
42154529;Demais escolas;3
42159571;Demais escolas;3
42160073;Demais escolas;3
42160715;Demais escolas;3
42003555;Demais escolas;3
42003571;Demais escolas;3
42108764;Demais escolas;3
42116643;Demais escolas;3
42119529;Demais escolas;3
42162076;Demais escolas;3
42163960;Demais escolas;3
42003890;Demais escolas;3
42003903;Demais escolas;3
42134846;Demais escolas;3
42005728;Demais escolas;3
42006694;Demais escolas;3
42006708;Demais escolas;3
42006724;Demais escolas;3
42127831;Demais escolas;3
43003761;Demais escolas;3
43013880;Demais escolas;3
43183034;Demais escolas;3
43019048;Demais escolas;3
43019056;Demais escolas;3
43019196;Demais escolas;3
43008895;Demais escolas;3
43022316;Demais escolas;3
43022324;Demais escolas;3
43023363;Demais escolas;3
43029752;Demais escolas;3
43181694;Demais escolas;3
43211984;Demais escolas;3
43037682;Demais escolas;3
43037690;Demais escolas;3
43037704;Demais escolas;3
43037720;Demais escolas;3
43038379;Demais escolas;3
43038387;Demais escolas;3
43176364;Demais escolas;3
43210643;Demais escolas;3
43219616;Demais escolas;3
43219713;Demais escolas;3
43006280;Demais escolas;3
43041639;Demais escolas;3
43041647;Demais escolas;3
43042910;Demais escolas;3
43042929;Demais escolas;3
43043666;Demais escolas;3
43043674;Demais escolas;3
43043720;Demais escolas;3
43176852;Demais escolas;3
43205542;Demais escolas;3
43215688;Demais escolas;3
43056172;Demais escolas;3
43056180;Demais escolas;3
43057152;Demais escolas;3
43068677;Demais escolas;3
43069002;Demais escolas;3
43069290;Demais escolas;3
43069355;Demais escolas;3
43180698;Demais escolas;3
43216471;Demais escolas;3
43092454;Demais escolas;3
43092519;Demais escolas;3
43092870;Demais escolas;3
43093124;Demais escolas;3
43093353;Demais escolas;3
43097774;Demais escolas;3
43097782;Demais escolas;3
43097812;Demais escolas;3
43098584;Demais escolas;3
43215360;Demais escolas;3
43100007;Demais escolas;3
43100031;Demais escolas;3
43100260;Demais escolas;3
43101127;Demais escolas;3
43173217;Demais escolas;3
43173390;Demais escolas;3
43175317;Demais escolas;3
43215572;Demais escolas;3
43218687;Demais escolas;3
43000452;Demais escolas;3
43002803;Demais escolas;3
43104924;Demais escolas;3
43104940;Demais escolas;3
43104959;Demais escolas;3
43104967;Demais escolas;3
43104975;Demais escolas;3
43104983;Demais escolas;3
43104991;Demais escolas;3
43105017;Demais escolas;3
43105025;Demais escolas;3
43105050;Demais escolas;3
43105068;Demais escolas;3
43105076;Demais escolas;3
43105084;Demais escolas;3
43105106;Demais escolas;3
43105130;Demais escolas;3
43105149;Demais escolas;3
43105351;Demais escolas;3
43105408;Demais escolas;3
43105637;Demais escolas;3
43105670;Demais escolas;3
43105734;Demais escolas;3
43107362;Demais escolas;3
43107370;Demais escolas;3
43107389;Demais escolas;3
43107397;Demais escolas;3
43107419;Demais escolas;3
43107435;Demais escolas;3
43107451;Demais escolas;3
43107494;Demais escolas;3
43107559;Demais escolas;3
43107567;Demais escolas;3
43107575;Demais escolas;3
43107605;Demais escolas;3
43107613;Demais escolas;3
43107800;Demais escolas;3
43107877;Demais escolas;3
43108130;Demais escolas;3
43108164;Demais escolas;3
43108423;Demais escolas;3
43109152;Demais escolas;3
43109284;Demais escolas;3
43109330;Demais escolas;3
43172393;Demais escolas;3
43172423;Demais escolas;3
43172440;Demais escolas;3
43173330;Demais escolas;3
43178740;Demais escolas;3
43200273;Demais escolas;3
43201717;Demais escolas;3
43203817;Demais escolas;3
43203876;Demais escolas;3
43211402;Demais escolas;3
43213995;Demais escolas;3
43215050;Demais escolas;3
43216684;Demais escolas;3
43219535;Demais escolas;3
43220541;Demais escolas;3
43238203;Demais escolas;3
43112803;Demais escolas;3
43113338;Demais escolas;3
43113656;Demais escolas;3
43113680;Demais escolas;3
43162800;Demais escolas;3
43214835;Demais escolas;3
43112790;Demais escolas;3
43119930;Demais escolas;3
43119948;Demais escolas;3
43119964;Demais escolas;3
43121756;Demais escolas;3
43298265;Demais escolas;3
43121888;Demais escolas;3
43121896;Demais escolas;3
43121900;Demais escolas;3
43122019;Demais escolas;3
43123090;Demais escolas;3
43123643;Demais escolas;3
43123651;Demais escolas;3
43123678;Demais escolas;3
43123988;Demais escolas;3
43176801;Demais escolas;3
43216870;Demais escolas;3
43219438;Demais escolas;3
43139094;Demais escolas;3
43139108;Demais escolas;3
43139558;Demais escolas;3
43162290;Demais escolas;3
43162690;Demais escolas;3
43167284;Demais escolas;3
43167772;Demais escolas;3
43167837;Demais escolas;3
43295258;Demais escolas;3
43181422;Demais escolas;3
43180817;Demais escolas;3
50005200;Demais escolas;3
50005405;Demais escolas;3
50005618;Demais escolas;3
50005626;Demais escolas;3
50007718;Demais escolas;3
50007858;Demais escolas;3
50007874;Demais escolas;3
50007890;Demais escolas;3
50007904;Demais escolas;3
50007912;Demais escolas;3
50007920;Demais escolas;3
50009060;Demais escolas;3
50027190;Demais escolas;3
50027956;Demais escolas;3
50028820;Demais escolas;3
50029266;Demais escolas;3
50030116;Demais escolas;3
50030469;Demais escolas;3
50030582;Demais escolas;3
50031163;Demais escolas;3
50031783;Demais escolas;3
50032100;Demais escolas;3
50033239;Demais escolas;3
50034197;Demais escolas;3
50035088;Demais escolas;3
50035690;Demais escolas;3
50035703;Demais escolas;3
50036424;Demais escolas;3
50060015;Demais escolas;3
50015877;Demais escolas;3
50016385;Demais escolas;3
50016628;Demais escolas;3
50029150;Demais escolas;3
50030590;Demais escolas;3
50032895;Demais escolas;3
50012487;Demais escolas;3
50024701;Demais escolas;3
50029312;Demais escolas;3
50032950;Demais escolas;3
50040200;Demais escolas;3
51036169;Demais escolas;3
51036185;Demais escolas;3
51036193;Demais escolas;3
51036215;Demais escolas;3
51038919;Demais escolas;3
51039010;Demais escolas;3
51039036;Demais escolas;3
51039826;Demais escolas;3
51039877;Demais escolas;3
51056496;Demais escolas;3
51058758;Demais escolas;3
51062062;Demais escolas;3
51064529;Demais escolas;3
51064677;Demais escolas;3
51064910;Demais escolas;3
51067439;Demais escolas;3
51073315;Demais escolas;3
51088835;Demais escolas;3
51093073;Demais escolas;3
51094061;Demais escolas;3
51103001;Demais escolas;3
51118815;Demais escolas;3
51140802;Demais escolas;3
51091321;Demais escolas;3
51093065;Demais escolas;3
51051192;Demais escolas;3
51051273;Demais escolas;3
51052326;Demais escolas;3
51057891;Demais escolas;3
51065088;Demais escolas;3
51069431;Demais escolas;3
51072823;Demais escolas;3
51016435;Demais escolas;3
51016443;Demais escolas;3
51058219;Demais escolas;3
51067471;Demais escolas;3
51069849;Demais escolas;3
51072335;Demais escolas;3
51089491;Demais escolas;3
51014459;Demais escolas;3
51014467;Demais escolas;3
51069741;Demais escolas;3
51104407;Demais escolas;3
51162806;Demais escolas;3
51027909;Demais escolas;3
51028646;Demais escolas;3
51068931;Demais escolas;3
51088363;Demais escolas;3
51042371;Demais escolas;3
51059282;Demais escolas;3
51071673;Demais escolas;3
51073161;Demais escolas;3
51091127;Demais escolas;3
52079520;Demais escolas;3
52091015;Demais escolas;3
52103994;Demais escolas;3
52110400;Demais escolas;3
52274373;Demais escolas;3
52020320;Demais escolas;3
52020517;Demais escolas;3
52020592;Demais escolas;3
52021670;Demais escolas;3
52076229;Demais escolas;3
52085414;Demais escolas;3
52097781;Demais escolas;3
52105695;Demais escolas;3
52106551;Demais escolas;3
52109585;Demais escolas;3
52030784;Demais escolas;3
52031497;Demais escolas;3
52031713;Demais escolas;3
52031772;Demais escolas;3
52031799;Demais escolas;3
52076997;Demais escolas;3
52079872;Demais escolas;3
52094111;Demais escolas;3
52096491;Demais escolas;3
52096807;Demais escolas;3
52097595;Demais escolas;3
52099490;Demais escolas;3
52108180;Demais escolas;3
52212386;Demais escolas;3
52288358;Demais escolas;3
52064786;Demais escolas;3
52064840;Demais escolas;3
52072568;Demais escolas;3
52072584;Demais escolas;3
52091562;Demais escolas;3
52094367;Demais escolas;3
52094502;Demais escolas;3
52046141;Demais escolas;3
52046184;Demais escolas;3
52076601;Demais escolas;3
52101398;Demais escolas;3
52032973;Demais escolas;3
52033090;Demais escolas;3
52033112;Demais escolas;3
52033120;Demais escolas;3
52033210;Demais escolas;3
52033228;Demais escolas;3
52033244;Demais escolas;3
52033295;Demais escolas;3
52033708;Demais escolas;3
52033830;Demais escolas;3
52033848;Demais escolas;3
52034046;Demais escolas;3
52034054;Demais escolas;3
52034585;Demais escolas;3
52034720;Demais escolas;3
52037851;Demais escolas;3
52038149;Demais escolas;3
52068986;Demais escolas;3
52080668;Demais escolas;3
52080722;Demais escolas;3
52081095;Demais escolas;3
52083870;Demais escolas;3
52083888;Demais escolas;3
52086488;Demais escolas;3
52086542;Demais escolas;3
52086615;Demais escolas;3
52086690;Demais escolas;3
52087468;Demais escolas;3
52089550;Demais escolas;3
52089584;Demais escolas;3
52091279;Demais escolas;3
52091295;Demais escolas;3
52091384;Demais escolas;3
52091570;Demais escolas;3
52093069;Demais escolas;3
52096785;Demais escolas;3
52097587;Demais escolas;3
52097676;Demais escolas;3
52098362;Demais escolas;3
52099024;Demais escolas;3
52099067;Demais escolas;3
52099504;Demais escolas;3
52099946;Demais escolas;3
52100553;Demais escolas;3
52100723;Demais escolas;3
52101363;Demais escolas;3
52101541;Demais escolas;3
52103137;Demais escolas;3
52103161;Demais escolas;3
52103870;Demais escolas;3
52104532;Demais escolas;3
52104699;Demais escolas;3
52104923;Demais escolas;3
52105903;Demais escolas;3
52106420;Demais escolas;3
52106446;Demais escolas;3
52108813;Demais escolas;3
52109216;Demais escolas;3
52110915;Demais escolas;3
52188388;Demais escolas;3
52211371;Demais escolas;3
52218350;Demais escolas;3
52260372;Demais escolas;3
52290352;Demais escolas;3
52059383;Demais escolas;3
52059928;Demais escolas;3
52069052;Demais escolas;3
52101517;Demais escolas;3
52052567;Demais escolas;3
52053121;Demais escolas;3
52053261;Demais escolas;3
52090388;Demais escolas;3
52105555;Demais escolas;3
52050785;Demais escolas;3
52054160;Demais escolas;3
52054241;Demais escolas;3
52054268;Demais escolas;3
52078485;Demais escolas;3
52098966;Demais escolas;3
52106748;Demais escolas;3
52109224;Demais escolas;3
52116204;Demais escolas;3
52039722;Demais escolas;3
52103560;Demais escolas;3
52047180;Demais escolas;3
52047369;Demais escolas;3
52048705;Demais escolas;3
52048977;Demais escolas;3
52049108;Demais escolas;3
52095592;Demais escolas;3
52107990;Demais escolas;3
52202399;Demais escolas;3
53001060;Demais escolas;3
53001087;Demais escolas;3
53001095;Demais escolas;3
53001109;Demais escolas;3
53001192;Demais escolas;3
53001222;Demais escolas;3
53001281;Demais escolas;3
53001290;Demais escolas;3
53001320;Demais escolas;3
53001346;Demais escolas;3
53001389;Demais escolas;3
53001400;Demais escolas;3
53001907;Demais escolas;3
53002067;Demais escolas;3
53002075;Demais escolas;3
53010507;Demais escolas;3
53011074;Demais escolas;3
53012860;Demais escolas;3
53013220;Demais escolas;3
53013808;Demais escolas;3
53013875;Demais escolas;3
53015010;Demais escolas;3
53016726;Demais escolas;3
53017897;Demais escolas;3
53019296;Demais escolas;3
53019628;Demais escolas;3
53019733;Demais escolas;3
53020006;Demais escolas;3
53020057;Demais escolas;3
53020570;Demais escolas;3
53056000;Demais escolas;3
53002636;Demais escolas;3
53002652;Demais escolas;3
53003080;Demais escolas;3
53009916;Demais escolas;3
53020561;Demais escolas;3
53003659;Demais escolas;3
53003721;Demais escolas;3
53004418;Demais escolas;3
53004949;Demais escolas;3
53010426;Demais escolas;3
53012950;Demais escolas;3
53014111;Demais escolas;3
53015878;Demais escolas;3
53017293;Demais escolas;3
53017900;Demais escolas;3
53019334;Demais escolas;3
53082001;Demais escolas;3
53005457;Demais escolas;3
53005503;Demais escolas;3
53005899;Demais escolas;3
53005910;Demais escolas;3
53010973;Demais escolas;3
53005945;Demais escolas;3
53006585;Demais escolas;3
53009967;Demais escolas;3
53038002;Demais escolas;3
53013182;Demais escolas;3
53007190;Demais escolas;3
53007611;Demais escolas;3
53008189;Demais escolas;3
53010450;Demais escolas;3
53012330;Demais escolas;3
53018656;Demais escolas;3
53018770;Demais escolas;3
53008502;Demais escolas;3
53008545;Demais escolas;3
53015991;Demais escolas;3
53017870;Demais escolas;3
53013654;Demais escolas;3
53014707;Demais escolas;3
53017315;Demais escolas;3
53017862;Demais escolas;3
53017986;Demais escolas;3
53020081;Demais escolas;3
53011805;Demais escolas;3
53026004;Demais escolas;3
53013298;Demais escolas;3
53018320;Demais escolas;3
53014464;Demais escolas;3
53009592;Demais escolas;3
53009940;Demais escolas;3
53019393;Demais escolas;3
53013387;Demais escolas;3
53014014;Demais escolas;3
53009428;Demais escolas;3
53014847;Demais escolas;3
53003640;Demais escolas;3
53007050;Demais escolas;3
53013670;Demais escolas;3
53014405;Demais escolas;3
53015347;Demais escolas;3
53015789;Demais escolas;3
53017030;Demais escolas;3
53017102;Demais escolas;3
53017439;Demais escolas;3
53017749;Demais escolas;3
53018214;Demais escolas;3
53018613;Demais escolas;3
53019253;Demais escolas;3
53019490;Demais escolas;3
53020600;Demais escolas;3
53011872;Demais escolas;3
53012941;Demais escolas;3
53013921;Demais escolas;3
53018532;Demais escolas;3
53011902;Demais escolas;3
53018273;Demais escolas;3
53018796;Demais escolas;3
53032012;Demais escolas;3
53015134;Demais escolas;3
53015894;Demais escolas;3
53016599;Demais escolas;3
53086007;Demais escolas;3
