codigo_escola;segmento_golden_lead;segmento_ordem
11000058;🟡 Golden Leads (1.127);1
11043857;🟡 Golden Leads (1.127);1
11049073;🟡 Golden Leads (1.127);1
12010936;🟡 Golden Leads (1.127);1
12028835;🟡 Golden Leads (1.127);1
12030058;🟡 Golden Leads (1.127);1
12031682;🟡 Golden Leads (1.127);1
13025872;🟡 Golden Leads (1.127);1
13026631;🟡 Golden Leads (1.127);1
13031457;🟡 Golden Leads (1.127);1
13031767;🟡 Golden Leads (1.127);1
13032020;🟡 Golden Leads (1.127);1
13099981;🟡 Golden Leads (1.127);1
13102192;🟡 Golden Leads (1.127);1
13168207;🟡 Golden Leads (1.127);1
13313231;🟡 Golden Leads (1.127);1
14000814;🟡 Golden Leads (1.127);1
15066886;🟡 Golden Leads (1.127);1
15177017;🟡 Golden Leads (1.127);1
15038424;🟡 Golden Leads (1.127);1
15038483;🟡 Golden Leads (1.127);1
15038491;🟡 Golden Leads (1.127);1
15038513;🟡 Golden Leads (1.127);1
15167275;🟡 Golden Leads (1.127);1
15168344;🟡 Golden Leads (1.127);1
15172287;🟡 Golden Leads (1.127);1
15174476;🟡 Golden Leads (1.127);1
15181081;🟡 Golden Leads (1.127);1
15181456;🟡 Golden Leads (1.127);1
15229408;🟡 Golden Leads (1.127);1
15567672;🟡 Golden Leads (1.127);1
15096831;🟡 Golden Leads (1.127);1
15152120;🟡 Golden Leads (1.127);1
15103080;🟡 Golden Leads (1.127);1
15172201;🟡 Golden Leads (1.127);1
15561313;🟡 Golden Leads (1.127);1
15577740;🟡 Golden Leads (1.127);1
15173437;🟡 Golden Leads (1.127);1
15011070;🟡 Golden Leads (1.127);1
15528715;🟡 Golden Leads (1.127);1
16003128;🟡 Golden Leads (1.127);1
17046807;🟡 Golden Leads (1.127);1
17055962;🟡 Golden Leads (1.127);1
17056446;🟡 Golden Leads (1.127);1
17057574;🟡 Golden Leads (1.127);1
21182345;🟡 Golden Leads (1.127);1
21500002;🟡 Golden Leads (1.127);1
21092761;🟡 Golden Leads (1.127);1
21095752;🟡 Golden Leads (1.127);1
21272921;🟡 Golden Leads (1.127);1
21009902;🟡 Golden Leads (1.127);1
21010064;🟡 Golden Leads (1.127);1
21010331;🟡 Golden Leads (1.127);1
21199090;🟡 Golden Leads (1.127);1
21199809;🟡 Golden Leads (1.127);1
21273456;🟡 Golden Leads (1.127);1
21274231;🟡 Golden Leads (1.127);1
21279446;🟡 Golden Leads (1.127);1
21280746;🟡 Golden Leads (1.127);1
21290229;🟡 Golden Leads (1.127);1
21292990;🟡 Golden Leads (1.127);1
21267324;🟡 Golden Leads (1.127);1
22014543;🟡 Golden Leads (1.127);1
22135790;🟡 Golden Leads (1.127);1
22141472;🟡 Golden Leads (1.127);1
22144412;🟡 Golden Leads (1.127);1
22022406;🟡 Golden Leads (1.127);1
22022481;🟡 Golden Leads (1.127);1
22022503;🟡 Golden Leads (1.127);1
22023658;🟡 Golden Leads (1.127);1
22025391;🟡 Golden Leads (1.127);1
22025715;🟡 Golden Leads (1.127);1
22025740;🟡 Golden Leads (1.127);1
22027173;🟡 Golden Leads (1.127);1
22129529;🟡 Golden Leads (1.127);1
22131027;🟡 Golden Leads (1.127);1
22138544;🟡 Golden Leads (1.127);1
22141251;🟡 Golden Leads (1.127);1
22142363;🟡 Golden Leads (1.127);1
22142622;🟡 Golden Leads (1.127);1
22143459;🟡 Golden Leads (1.127);1
22144196;🟡 Golden Leads (1.127);1
22144714;🟡 Golden Leads (1.127);1
22144919;🟡 Golden Leads (1.127);1
22146636;🟡 Golden Leads (1.127);1
22164219;🟡 Golden Leads (1.127);1
22310762;🟡 Golden Leads (1.127);1
23163240;🟡 Golden Leads (1.127);1
23163348;🟡 Golden Leads (1.127);1
23065591;🟡 Golden Leads (1.127);1
23066814;🟡 Golden Leads (1.127);1
23067071;🟡 Golden Leads (1.127);1
23069864;🟡 Golden Leads (1.127);1
23070722;🟡 Golden Leads (1.127);1
23071036;🟡 Golden Leads (1.127);1
23071400;🟡 Golden Leads (1.127);1
23073209;🟡 Golden Leads (1.127);1
23075961;🟡 Golden Leads (1.127);1
23076208;🟡 Golden Leads (1.127);1
23077042;🟡 Golden Leads (1.127);1
23077549;🟡 Golden Leads (1.127);1
23077557;🟡 Golden Leads (1.127);1
23235543;🟡 Golden Leads (1.127);1
23235900;🟡 Golden Leads (1.127);1
23236051;🟡 Golden Leads (1.127);1
23243350;🟡 Golden Leads (1.127);1
23245573;🟡 Golden Leads (1.127);1
23246847;🟡 Golden Leads (1.127);1
23246871;🟡 Golden Leads (1.127);1
23246880;🟡 Golden Leads (1.127);1
23263741;🟡 Golden Leads (1.127);1
23267151;🟡 Golden Leads (1.127);1
23269316;🟡 Golden Leads (1.127);1
23272333;🟡 Golden Leads (1.127);1
23272430;🟡 Golden Leads (1.127);1
23274859;🟡 Golden Leads (1.127);1
23275936;🟡 Golden Leads (1.127);1
23334266;🟡 Golden Leads (1.127);1
23462442;🟡 Golden Leads (1.127);1
23491035;🟡 Golden Leads (1.127);1
23498994;🟡 Golden Leads (1.127);1
23165901;🟡 Golden Leads (1.127);1
23165952;🟡 Golden Leads (1.127);1
23276649;🟡 Golden Leads (1.127);1
23025255;🟡 Golden Leads (1.127);1
23025646;🟡 Golden Leads (1.127);1
24083550;🟡 Golden Leads (1.127);1
24281301;🟡 Golden Leads (1.127);1
24001260;🟡 Golden Leads (1.127);1
24003581;🟡 Golden Leads (1.127);1
24003662;🟡 Golden Leads (1.127);1
24089150;🟡 Golden Leads (1.127);1
24091260;🟡 Golden Leads (1.127);1
24057002;🟡 Golden Leads (1.127);1
24057061;🟡 Golden Leads (1.127);1
24057096;🟡 Golden Leads (1.127);1
24057126;🟡 Golden Leads (1.127);1
24057134;🟡 Golden Leads (1.127);1
24057169;🟡 Golden Leads (1.127);1
24057193;🟡 Golden Leads (1.127);1
24057207;🟡 Golden Leads (1.127);1
24059340;🟡 Golden Leads (1.127);1
24069191;🟡 Golden Leads (1.127);1
24084263;🟡 Golden Leads (1.127);1
24085634;🟡 Golden Leads (1.127);1
24087157;🟡 Golden Leads (1.127);1
24088846;🟡 Golden Leads (1.127);1
24089214;🟡 Golden Leads (1.127);1
24097004;🟡 Golden Leads (1.127);1
24285323;🟡 Golden Leads (1.127);1
24350303;🟡 Golden Leads (1.127);1
25071106;🟡 Golden Leads (1.127);1
25073214;🟡 Golden Leads (1.127);1
25130676;🟡 Golden Leads (1.127);1
25133519;🟡 Golden Leads (1.127);1
25134167;🟡 Golden Leads (1.127);1
25213806;🟡 Golden Leads (1.127);1
25093061;🟡 Golden Leads (1.127);1
25093088;🟡 Golden Leads (1.127);1
25093096;🟡 Golden Leads (1.127);1
25097539;🟡 Golden Leads (1.127);1
25115260;🟡 Golden Leads (1.127);1
25120298;🟡 Golden Leads (1.127);1
25125958;🟡 Golden Leads (1.127);1
25129899;🟡 Golden Leads (1.127);1
25132059;🟡 Golden Leads (1.127);1
25132598;🟡 Golden Leads (1.127);1
25133012;🟡 Golden Leads (1.127);1
25133454;🟡 Golden Leads (1.127);1
25133861;🟡 Golden Leads (1.127);1
25133985;🟡 Golden Leads (1.127);1
25153820;🟡 Golden Leads (1.127);1
25306936;🟡 Golden Leads (1.127);1
25164805;🟡 Golden Leads (1.127);1
26186896;🟡 Golden Leads (1.127);1
26053837;🟡 Golden Leads (1.127);1
26184834;🟡 Golden Leads (1.127);1
26108585;🟡 Golden Leads (1.127);1
26175240;🟡 Golden Leads (1.127);1
26529807;🟡 Golden Leads (1.127);1
26033909;🟡 Golden Leads (1.127);1
26033950;🟡 Golden Leads (1.127);1
26193957;🟡 Golden Leads (1.127);1
26117584;🟡 Golden Leads (1.127);1
26117991;🟡 Golden Leads (1.127);1
26118165;🟡 Golden Leads (1.127);1
26118262;🟡 Golden Leads (1.127);1
26122081;🟡 Golden Leads (1.127);1
26122090;🟡 Golden Leads (1.127);1
26122154;🟡 Golden Leads (1.127);1
26122162;🟡 Golden Leads (1.127);1
26122359;🟡 Golden Leads (1.127);1
26124220;🟡 Golden Leads (1.127);1
26137631;🟡 Golden Leads (1.127);1
26152630;🟡 Golden Leads (1.127);1
26153050;🟡 Golden Leads (1.127);1
26156202;🟡 Golden Leads (1.127);1
26160307;🟡 Golden Leads (1.127);1
26162016;🟡 Golden Leads (1.127);1
26163039;🟡 Golden Leads (1.127);1
26181231;🟡 Golden Leads (1.127);1
26187353;🟡 Golden Leads (1.127);1
26189569;🟡 Golden Leads (1.127);1
26190451;🟡 Golden Leads (1.127);1
26194236;🟡 Golden Leads (1.127);1
26194619;🟡 Golden Leads (1.127);1
26197405;🟡 Golden Leads (1.127);1
26534711;🟡 Golden Leads (1.127);1
26095882;🟡 Golden Leads (1.127);1
27224821;🟡 Golden Leads (1.127);1
27227189;🟡 Golden Leads (1.127);1
27235009;🟡 Golden Leads (1.127);1
27035000;🟡 Golden Leads (1.127);1
27037380;🟡 Golden Leads (1.127);1
27218180;🟡 Golden Leads (1.127);1
27218244;🟡 Golden Leads (1.127);1
27220885;🟡 Golden Leads (1.127);1
27226115;🟡 Golden Leads (1.127);1
28017757;🟡 Golden Leads (1.127);1
28017781;🟡 Golden Leads (1.127);1
28017803;🟡 Golden Leads (1.127);1
28017820;🟡 Golden Leads (1.127);1
28017943;🟡 Golden Leads (1.127);1
28018109;🟡 Golden Leads (1.127);1
28020049;🟡 Golden Leads (1.127);1
28032322;🟡 Golden Leads (1.127);1
28032799;🟡 Golden Leads (1.127);1
28037723;🟡 Golden Leads (1.127);1
28031563;🟡 Golden Leads (1.127);1
28033450;🟡 Golden Leads (1.127);1
28037863;🟡 Golden Leads (1.127);1
29149860;🟡 Golden Leads (1.127);1
29149908;🟡 Golden Leads (1.127);1
29353556;🟡 Golden Leads (1.127);1
29433002;🟡 Golden Leads (1.127);1
29472440;🟡 Golden Leads (1.127);1
29480620;🟡 Golden Leads (1.127);1
29354900;🟡 Golden Leads (1.127);1
29093619;🟡 Golden Leads (1.127);1
29093627;🟡 Golden Leads (1.127);1
29093643;🟡 Golden Leads (1.127);1
29094046;🟡 Golden Leads (1.127);1
29342872;🟡 Golden Leads (1.127);1
29342880;🟡 Golden Leads (1.127);1
29437261;🟡 Golden Leads (1.127);1
29304407;🟡 Golden Leads (1.127);1
29456096;🟡 Golden Leads (1.127);1
29408148;🟡 Golden Leads (1.127);1
29467950;🟡 Golden Leads (1.127);1
29178223;🟡 Golden Leads (1.127);1
29359287;🟡 Golden Leads (1.127);1
29530210;🟡 Golden Leads (1.127);1
29609607;🟡 Golden Leads (1.127);1
29427924;🟡 Golden Leads (1.127);1
29439833;🟡 Golden Leads (1.127);1
29714630;🟡 Golden Leads (1.127);1
29181658;🟡 Golden Leads (1.127);1
29181801;🟡 Golden Leads (1.127);1
29182344;🟡 Golden Leads (1.127);1
29182409;🟡 Golden Leads (1.127);1
29182433;🟡 Golden Leads (1.127);1
29182654;🟡 Golden Leads (1.127);1
29200091;🟡 Golden Leads (1.127);1
29365023;🟡 Golden Leads (1.127);1
29422248;🟡 Golden Leads (1.127);1
29422272;🟡 Golden Leads (1.127);1
29442818;🟡 Golden Leads (1.127);1
29447518;🟡 Golden Leads (1.127);1
29459230;🟡 Golden Leads (1.127);1
29477271;🟡 Golden Leads (1.127);1
29482445;🟡 Golden Leads (1.127);1
29485541;🟡 Golden Leads (1.127);1
29486963;🟡 Golden Leads (1.127);1
29487250;🟡 Golden Leads (1.127);1
29488591;🟡 Golden Leads (1.127);1
29494109;🟡 Golden Leads (1.127);1
29171652;🟡 Golden Leads (1.127);1
29480310;🟡 Golden Leads (1.127);1
29489504;🟡 Golden Leads (1.127);1
29277744;🟡 Golden Leads (1.127);1
29433380;🟡 Golden Leads (1.127);1
29470153;🟡 Golden Leads (1.127);1
29486696;🟡 Golden Leads (1.127);1
29542618;🟡 Golden Leads (1.127);1
31170216;🟡 Golden Leads (1.127);1
31239666;🟡 Golden Leads (1.127);1
31166103;🟡 Golden Leads (1.127);1
31371777;🟡 Golden Leads (1.127);1
31018864;🟡 Golden Leads (1.127);1
31003875;🟡 Golden Leads (1.127);1
31004031;🟡 Golden Leads (1.127);1
31004111;🟡 Golden Leads (1.127);1
31004138;🟡 Golden Leads (1.127);1
31004171;🟡 Golden Leads (1.127);1
31004197;🟡 Golden Leads (1.127);1
31004278;🟡 Golden Leads (1.127);1
31004359;🟡 Golden Leads (1.127);1
31004511;🟡 Golden Leads (1.127);1
31004651;🟡 Golden Leads (1.127);1
31004731;🟡 Golden Leads (1.127);1
31004812;🟡 Golden Leads (1.127);1
31004871;🟡 Golden Leads (1.127);1
31004880;🟡 Golden Leads (1.127);1
31004952;🟡 Golden Leads (1.127);1
31004979;🟡 Golden Leads (1.127);1
31005037;🟡 Golden Leads (1.127);1
31005088;🟡 Golden Leads (1.127);1
31005614;🟡 Golden Leads (1.127);1
31005622;🟡 Golden Leads (1.127);1
31005916;🟡 Golden Leads (1.127);1
31005975;🟡 Golden Leads (1.127);1
31006157;🟡 Golden Leads (1.127);1
31006238;🟡 Golden Leads (1.127);1
31006386;🟡 Golden Leads (1.127);1
31006394;🟡 Golden Leads (1.127);1
31006424;🟡 Golden Leads (1.127);1
31006491;🟡 Golden Leads (1.127);1
31006513;🟡 Golden Leads (1.127);1
31007111;🟡 Golden Leads (1.127);1
31007153;🟡 Golden Leads (1.127);1
31007196;🟡 Golden Leads (1.127);1
31007498;🟡 Golden Leads (1.127);1
31217123;🟡 Golden Leads (1.127);1
31244457;🟡 Golden Leads (1.127);1
31290157;🟡 Golden Leads (1.127);1
31294110;🟡 Golden Leads (1.127);1
31309711;🟡 Golden Leads (1.127);1
31314749;🟡 Golden Leads (1.127);1
31322873;🟡 Golden Leads (1.127);1
31324663;🟡 Golden Leads (1.127);1
31329282;🟡 Golden Leads (1.127);1
31350664;🟡 Golden Leads (1.127);1
31351725;🟡 Golden Leads (1.127);1
31358428;🟡 Golden Leads (1.127);1
31358541;🟡 Golden Leads (1.127);1
31365874;🟡 Golden Leads (1.127);1
31368342;🟡 Golden Leads (1.127);1
31369772;🟡 Golden Leads (1.127);1
31369977;🟡 Golden Leads (1.127);1
31374555;🟡 Golden Leads (1.127);1
31377759;🟡 Golden Leads (1.127);1
31379832;🟡 Golden Leads (1.127);1
31385433;🟡 Golden Leads (1.127);1
31387860;🟡 Golden Leads (1.127);1
31005789;🟡 Golden Leads (1.127);1
31007587;🟡 Golden Leads (1.127);1
31013935;🟡 Golden Leads (1.127);1
31353906;🟡 Golden Leads (1.127);1
31210595;🟡 Golden Leads (1.127);1
31305235;🟡 Golden Leads (1.127);1
31339989;🟡 Golden Leads (1.127);1
31014061;🟡 Golden Leads (1.127);1
31014087;🟡 Golden Leads (1.127);1
31193038;🟡 Golden Leads (1.127);1
31041181;🟡 Golden Leads (1.127);1
31041190;🟡 Golden Leads (1.127);1
31041262;🟡 Golden Leads (1.127);1
31281921;🟡 Golden Leads (1.127);1
31291986;🟡 Golden Leads (1.127);1
31371726;🟡 Golden Leads (1.127);1
31053953;🟡 Golden Leads (1.127);1
31054135;🟡 Golden Leads (1.127);1
31329762;🟡 Golden Leads (1.127);1
31193097;🟡 Golden Leads (1.127);1
31193160;🟡 Golden Leads (1.127);1
31349720;🟡 Golden Leads (1.127);1
31193216;🟡 Golden Leads (1.127);1
31105899;🟡 Golden Leads (1.127);1
31105902;🟡 Golden Leads (1.127);1
31361496;🟡 Golden Leads (1.127);1
31074098;🟡 Golden Leads (1.127);1
31074101;🟡 Golden Leads (1.127);1
31074250;🟡 Golden Leads (1.127);1
31074373;🟡 Golden Leads (1.127);1
31074411;🟡 Golden Leads (1.127);1
31074454;🟡 Golden Leads (1.127);1
31317101;🟡 Golden Leads (1.127);1
31324515;🟡 Golden Leads (1.127);1
31353990;🟡 Golden Leads (1.127);1
31354910;🟡 Golden Leads (1.127);1
31205231;🟡 Golden Leads (1.127);1
31205265;🟡 Golden Leads (1.127);1
31328294;🟡 Golden Leads (1.127);1
31346314;🟡 Golden Leads (1.127);1
31354848;🟡 Golden Leads (1.127);1
31096261;🟡 Golden Leads (1.127);1
31096270;🟡 Golden Leads (1.127);1
31260541;🟡 Golden Leads (1.127);1
31367710;🟡 Golden Leads (1.127);1
31370100;🟡 Golden Leads (1.127);1
31377899;🟡 Golden Leads (1.127);1
31229865;🟡 Golden Leads (1.127);1
31249483;🟡 Golden Leads (1.127);1
31333921;🟡 Golden Leads (1.127);1
31341550;🟡 Golden Leads (1.127);1
31354600;🟡 Golden Leads (1.127);1
31118320;🟡 Golden Leads (1.127);1
31118346;🟡 Golden Leads (1.127);1
31223883;🟡 Golden Leads (1.127);1
31294900;🟡 Golden Leads (1.127);1
31123536;🟡 Golden Leads (1.127);1
31123544;🟡 Golden Leads (1.127);1
31321079;🟡 Golden Leads (1.127);1
31371696;🟡 Golden Leads (1.127);1
31127965;🟡 Golden Leads (1.127);1
31128031;🟡 Golden Leads (1.127);1
31128058;🟡 Golden Leads (1.127);1
31062201;🟡 Golden Leads (1.127);1
31062235;🟡 Golden Leads (1.127);1
31327026;🟡 Golden Leads (1.127);1
31343781;🟡 Golden Leads (1.127);1
31358266;🟡 Golden Leads (1.127);1
31368520;🟡 Golden Leads (1.127);1
31145734;🟡 Golden Leads (1.127);1
31260908;🟡 Golden Leads (1.127);1
31334049;🟡 Golden Leads (1.127);1
31361500;🟡 Golden Leads (1.127);1
31367672;🟡 Golden Leads (1.127);1
31379719;🟡 Golden Leads (1.127);1
31378496;🟡 Golden Leads (1.127);1
31184331;🟡 Golden Leads (1.127);1
31184349;🟡 Golden Leads (1.127);1
31166332;🟡 Golden Leads (1.127);1
31166359;🟡 Golden Leads (1.127);1
31320536;🟡 Golden Leads (1.127);1
31354562;🟡 Golden Leads (1.127);1
31376442;🟡 Golden Leads (1.127);1
31377953;🟡 Golden Leads (1.127);1
31382655;🟡 Golden Leads (1.127);1
31384828;🟡 Golden Leads (1.127);1
31170402;🟡 Golden Leads (1.127);1
31170461;🟡 Golden Leads (1.127);1
31170534;🟡 Golden Leads (1.127);1
31170607;🟡 Golden Leads (1.127);1
31220094;🟡 Golden Leads (1.127);1
31275531;🟡 Golden Leads (1.127);1
31352195;🟡 Golden Leads (1.127);1
31369969;🟡 Golden Leads (1.127);1
31384909;🟡 Golden Leads (1.127);1
31180602;🟡 Golden Leads (1.127);1
31180611;🟡 Golden Leads (1.127);1
31293687;🟡 Golden Leads (1.127);1
31371742;🟡 Golden Leads (1.127);1
32053070;🟡 Golden Leads (1.127);1
32034377;🟡 Golden Leads (1.127);1
32076363;🟡 Golden Leads (1.127);1
32010311;🟡 Golden Leads (1.127);1
32074182;🟡 Golden Leads (1.127);1
32018134;🟡 Golden Leads (1.127);1
32036671;🟡 Golden Leads (1.127);1
32038178;🟡 Golden Leads (1.127);1
32038224;🟡 Golden Leads (1.127);1
32038240;🟡 Golden Leads (1.127);1
32038720;🟡 Golden Leads (1.127);1
32083343;🟡 Golden Leads (1.127);1
32040032;🟡 Golden Leads (1.127);1
32040040;🟡 Golden Leads (1.127);1
32040075;🟡 Golden Leads (1.127);1
32040083;🟡 Golden Leads (1.127);1
32040210;🟡 Golden Leads (1.127);1
32041152;🟡 Golden Leads (1.127);1
32041373;🟡 Golden Leads (1.127);1
32041411;🟡 Golden Leads (1.127);1
32074964;🟡 Golden Leads (1.127);1
32077610;🟡 Golden Leads (1.127);1
32083882;🟡 Golden Leads (1.127);1
33156913;🟡 Golden Leads (1.127);1
33168202;🟡 Golden Leads (1.127);1
33195463;🟡 Golden Leads (1.127);1
33029490;🟡 Golden Leads (1.127);1
33027404;🟡 Golden Leads (1.127);1
33027722;🟡 Golden Leads (1.127);1
33008221;🟡 Golden Leads (1.127);1
33009783;🟡 Golden Leads (1.127);1
33120544;🟡 Golden Leads (1.127);1
33199558;🟡 Golden Leads (1.127);1
33098980;🟡 Golden Leads (1.127);1
33139881;🟡 Golden Leads (1.127);1
33166927;🟡 Golden Leads (1.127);1
33055416;🟡 Golden Leads (1.127);1
33055866;🟡 Golden Leads (1.127);1
33055882;🟡 Golden Leads (1.127);1
33055890;🟡 Golden Leads (1.127);1
33055920;🟡 Golden Leads (1.127);1
33055947;🟡 Golden Leads (1.127);1
33055955;🟡 Golden Leads (1.127);1
33057109;🟡 Golden Leads (1.127);1
33057206;🟡 Golden Leads (1.127);1
33140502;🟡 Golden Leads (1.127);1
33150931;🟡 Golden Leads (1.127);1
33155259;🟡 Golden Leads (1.127);1
33161429;🟡 Golden Leads (1.127);1
33165920;🟡 Golden Leads (1.127);1
33165998;🟡 Golden Leads (1.127);1
33179999;🟡 Golden Leads (1.127);1
33180385;🟡 Golden Leads (1.127);1
33194688;🟡 Golden Leads (1.127);1
33196214;🟡 Golden Leads (1.127);1
33198640;🟡 Golden Leads (1.127);1
33201927;🟡 Golden Leads (1.127);1
33021660;🟡 Golden Leads (1.127);1
33021724;🟡 Golden Leads (1.127);1
33021740;🟡 Golden Leads (1.127);1
33102830;🟡 Golden Leads (1.127);1
33120986;🟡 Golden Leads (1.127);1
33145237;🟡 Golden Leads (1.127);1
33155860;🟡 Golden Leads (1.127);1
33058164;🟡 Golden Leads (1.127);1
33101809;🟡 Golden Leads (1.127);1
33039976;🟡 Golden Leads (1.127);1
33040516;🟡 Golden Leads (1.127);1
33182108;🟡 Golden Leads (1.127);1
33041105;🟡 Golden Leads (1.127);1
33041130;🟡 Golden Leads (1.127);1
33151369;🟡 Golden Leads (1.127);1
33031371;🟡 Golden Leads (1.127);1
33031410;🟡 Golden Leads (1.127);1
33031649;🟡 Golden Leads (1.127);1
33439796;🟡 Golden Leads (1.127);1
33025673;🟡 Golden Leads (1.127);1
33195552;🟡 Golden Leads (1.127);1
33062609;🟡 Golden Leads (1.127);1
33062633;🟡 Golden Leads (1.127);1
33063311;🟡 Golden Leads (1.127);1
33063419;🟡 Golden Leads (1.127);1
33063516;🟡 Golden Leads (1.127);1
33063648;🟡 Golden Leads (1.127);1
33063656;🟡 Golden Leads (1.127);1
33063710;🟡 Golden Leads (1.127);1
33063729;🟡 Golden Leads (1.127);1
33064024;🟡 Golden Leads (1.127);1
33064032;🟡 Golden Leads (1.127);1
33064040;🟡 Golden Leads (1.127);1
33064369;🟡 Golden Leads (1.127);1
33064393;🟡 Golden Leads (1.127);1
33064628;🟡 Golden Leads (1.127);1
33064768;🟡 Golden Leads (1.127);1
33065195;🟡 Golden Leads (1.127);1
33065314;🟡 Golden Leads (1.127);1
33065403;🟡 Golden Leads (1.127);1
33065837;🟡 Golden Leads (1.127);1
33066566;🟡 Golden Leads (1.127);1
33066574;🟡 Golden Leads (1.127);1
33066671;🟡 Golden Leads (1.127);1
33066698;🟡 Golden Leads (1.127);1
33066752;🟡 Golden Leads (1.127);1
33069565;🟡 Golden Leads (1.127);1
33071721;🟡 Golden Leads (1.127);1
33075425;🟡 Golden Leads (1.127);1
33077029;🟡 Golden Leads (1.127);1
33077258;🟡 Golden Leads (1.127);1
33078866;🟡 Golden Leads (1.127);1
33085846;🟡 Golden Leads (1.127);1
33087539;🟡 Golden Leads (1.127);1
33087628;🟡 Golden Leads (1.127);1
33088519;🟡 Golden Leads (1.127);1
33100705;🟡 Golden Leads (1.127);1
33100713;🟡 Golden Leads (1.127);1
33100977;🟡 Golden Leads (1.127);1
33101876;🟡 Golden Leads (1.127);1
33104220;🟡 Golden Leads (1.127);1
33104247;🟡 Golden Leads (1.127);1
33105154;🟡 Golden Leads (1.127);1
33105405;🟡 Golden Leads (1.127);1
33109923;🟡 Golden Leads (1.127);1
33110034;🟡 Golden Leads (1.127);1
33110328;🟡 Golden Leads (1.127);1
33111642;🟡 Golden Leads (1.127);1
33111901;🟡 Golden Leads (1.127);1
33115460;🟡 Golden Leads (1.127);1
33116784;🟡 Golden Leads (1.127);1
33116903;🟡 Golden Leads (1.127);1
33124418;🟡 Golden Leads (1.127);1
33135169;🟡 Golden Leads (1.127);1
33135371;🟡 Golden Leads (1.127);1
33135827;🟡 Golden Leads (1.127);1
33142726;🟡 Golden Leads (1.127);1
33147809;🟡 Golden Leads (1.127);1
33148376;🟡 Golden Leads (1.127);1
33149410;🟡 Golden Leads (1.127);1
33149780;🟡 Golden Leads (1.127);1
33154007;🟡 Golden Leads (1.127);1
33155852;🟡 Golden Leads (1.127);1
33159637;🟡 Golden Leads (1.127);1
33159645;🟡 Golden Leads (1.127);1
33160180;🟡 Golden Leads (1.127);1
33160830;🟡 Golden Leads (1.127);1
33166820;🟡 Golden Leads (1.127);1
33173931;🟡 Golden Leads (1.127);1
33173990;🟡 Golden Leads (1.127);1
33175195;🟡 Golden Leads (1.127);1
33176671;🟡 Golden Leads (1.127);1
33176760;🟡 Golden Leads (1.127);1
33176825;🟡 Golden Leads (1.127);1
33177627;🟡 Golden Leads (1.127);1
33178879;🟡 Golden Leads (1.127);1
33180539;🟡 Golden Leads (1.127);1
33183031;🟡 Golden Leads (1.127);1
33183139;🟡 Golden Leads (1.127);1
33183830;🟡 Golden Leads (1.127);1
33184720;🟡 Golden Leads (1.127);1
33184739;🟡 Golden Leads (1.127);1
33185590;🟡 Golden Leads (1.127);1
33187924;🟡 Golden Leads (1.127);1
33188092;🟡 Golden Leads (1.127);1
33189137;🟡 Golden Leads (1.127);1
33189820;🟡 Golden Leads (1.127);1
33189838;🟡 Golden Leads (1.127);1
33192260;🟡 Golden Leads (1.127);1
33195340;🟡 Golden Leads (1.127);1
33196222;🟡 Golden Leads (1.127);1
33196249;🟡 Golden Leads (1.127);1
33202109;🟡 Golden Leads (1.127);1
33228604;🟡 Golden Leads (1.127);1
33249202;🟡 Golden Leads (1.127);1
33447225;🟡 Golden Leads (1.127);1
33088780;🟡 Golden Leads (1.127);1
33089825;🟡 Golden Leads (1.127);1
33092346;🟡 Golden Leads (1.127);1
33190160;🟡 Golden Leads (1.127);1
33042462;🟡 Golden Leads (1.127);1
33042560;🟡 Golden Leads (1.127);1
33042578;🟡 Golden Leads (1.127);1
33043086;🟡 Golden Leads (1.127);1
33182094;🟡 Golden Leads (1.127);1
33196770;🟡 Golden Leads (1.127);1
33032858;🟡 Golden Leads (1.127);1
33032882;🟡 Golden Leads (1.127);1
33112959;🟡 Golden Leads (1.127);1
33147450;🟡 Golden Leads (1.127);1
33163863;🟡 Golden Leads (1.127);1
33188823;🟡 Golden Leads (1.127);1
33447250;🟡 Golden Leads (1.127);1
35125659;🟡 Golden Leads (1.127);1
35132007;🟡 Golden Leads (1.127);1
35144502;🟡 Golden Leads (1.127);1
35499778;🟡 Golden Leads (1.127);1
35007668;🟡 Golden Leads (1.127);1
35132780;🟡 Golden Leads (1.127);1
35141434;🟡 Golden Leads (1.127);1
35445848;🟡 Golden Leads (1.127);1
35113335;🟡 Golden Leads (1.127);1
35801793;🟡 Golden Leads (1.127);1
35112318;🟡 Golden Leads (1.127);1
35137881;🟡 Golden Leads (1.127);1
35155664;🟡 Golden Leads (1.127);1
35304414;🟡 Golden Leads (1.127);1
35195005;🟡 Golden Leads (1.127);1
35006599;🟡 Golden Leads (1.127);1
35373886;🟡 Golden Leads (1.127);1
35441995;🟡 Golden Leads (1.127);1
35467066;🟡 Golden Leads (1.127);1
35100419;🟡 Golden Leads (1.127);1
35116828;🟡 Golden Leads (1.127);1
35123419;🟡 Golden Leads (1.127);1
35111466;🟡 Golden Leads (1.127);1
35466153;🟡 Golden Leads (1.127);1
35480617;🟡 Golden Leads (1.127);1
35125222;🟡 Golden Leads (1.127);1
35165396;🟡 Golden Leads (1.127);1
35197440;🟡 Golden Leads (1.127);1
35004269;🟡 Golden Leads (1.127);1
35009757;🟡 Golden Leads (1.127);1
35112513;🟡 Golden Leads (1.127);1
35112537;🟡 Golden Leads (1.127);1
35112562;🟡 Golden Leads (1.127);1
35112586;🟡 Golden Leads (1.127);1
35112689;🟡 Golden Leads (1.127);1
35112768;🟡 Golden Leads (1.127);1
35112773;🟡 Golden Leads (1.127);1
35112896;🟡 Golden Leads (1.127);1
35138769;🟡 Golden Leads (1.127);1
35579403;🟡 Golden Leads (1.127);1
35112902;🟡 Golden Leads (1.127);1
35301279;🟡 Golden Leads (1.127);1
35143613;🟡 Golden Leads (1.127);1
35139646;🟡 Golden Leads (1.127);1
35172625;🟡 Golden Leads (1.127);1
35258143;🟡 Golden Leads (1.127);1
35108112;🟡 Golden Leads (1.127);1
35108145;🟡 Golden Leads (1.127);1
35131945;🟡 Golden Leads (1.127);1
35133115;🟡 Golden Leads (1.127);1
35140806;🟡 Golden Leads (1.127);1
35144216;🟡 Golden Leads (1.127);1
35468400;🟡 Golden Leads (1.127);1
35161123;🟡 Golden Leads (1.127);1
35439368;🟡 Golden Leads (1.127);1
35439599;🟡 Golden Leads (1.127);1
35809044;🟡 Golden Leads (1.127);1
35813000;🟡 Golden Leads (1.127);1
35113086;🟡 Golden Leads (1.127);1
35153126;🟡 Golden Leads (1.127);1
35006190;🟡 Golden Leads (1.127);1
35143352;🟡 Golden Leads (1.127);1
35172959;🟡 Golden Leads (1.127);1
35115712;🟡 Golden Leads (1.127);1
35125982;🟡 Golden Leads (1.127);1
35153795;🟡 Golden Leads (1.127);1
35192399;🟡 Golden Leads (1.127);1
35299789;🟡 Golden Leads (1.127);1
35010473;🟡 Golden Leads (1.127);1
35113207;🟡 Golden Leads (1.127);1
35113219;🟡 Golden Leads (1.127);1
35113256;🟡 Golden Leads (1.127);1
35136050;🟡 Golden Leads (1.127);1
35150435;🟡 Golden Leads (1.127);1
35175420;🟡 Golden Leads (1.127);1
35809445;🟡 Golden Leads (1.127);1
35113426;🟡 Golden Leads (1.127);1
35152812;🟡 Golden Leads (1.127);1
35388786;🟡 Golden Leads (1.127);1
35117547;🟡 Golden Leads (1.127);1
35117560;🟡 Golden Leads (1.127);1
35117572;🟡 Golden Leads (1.127);1
35117614;🟡 Golden Leads (1.127);1
35126044;🟡 Golden Leads (1.127);1
35108339;🟡 Golden Leads (1.127);1
35126974;🟡 Golden Leads (1.127);1
35135094;🟡 Golden Leads (1.127);1
35430146;🟡 Golden Leads (1.127);1
35140673;🟡 Golden Leads (1.127);1
35140685;🟡 Golden Leads (1.127);1
35150022;🟡 Golden Leads (1.127);1
35120637;🟡 Golden Leads (1.127);1
35135288;🟡 Golden Leads (1.127);1
35123808;🟡 Golden Leads (1.127);1
35141392;🟡 Golden Leads (1.127);1
35165049;🟡 Golden Leads (1.127);1
35286527;🟡 Golden Leads (1.127);1
35007022;🟡 Golden Leads (1.127);1
35113724;🟡 Golden Leads (1.127);1
35113736;🟡 Golden Leads (1.127);1
35113759;🟡 Golden Leads (1.127);1
35113852;🟡 Golden Leads (1.127);1
35125490;🟡 Golden Leads (1.127);1
35165943;🟡 Golden Leads (1.127);1
35117195;🟡 Golden Leads (1.127);1
35121381;🟡 Golden Leads (1.127);1
35165773;🟡 Golden Leads (1.127);1
35185619;🟡 Golden Leads (1.127);1
35300895;🟡 Golden Leads (1.127);1
35466761;🟡 Golden Leads (1.127);1
35004304;🟡 Golden Leads (1.127);1
35114820;🟡 Golden Leads (1.127);1
35114960;🟡 Golden Leads (1.127);1
35118503;🟡 Golden Leads (1.127);1
35132925;🟡 Golden Leads (1.127);1
35186429;🟡 Golden Leads (1.127);1
35290804;🟡 Golden Leads (1.127);1
35431436;🟡 Golden Leads (1.127);1
35449003;🟡 Golden Leads (1.127);1
35114832;🟡 Golden Leads (1.127);1
35114066;🟡 Golden Leads (1.127);1
35114078;🟡 Golden Leads (1.127);1
35159013;🟡 Golden Leads (1.127);1
35123675;🟡 Golden Leads (1.127);1
35150642;🟡 Golden Leads (1.127);1
35153163;🟡 Golden Leads (1.127);1
35135148;🟡 Golden Leads (1.127);1
35139178;🟡 Golden Leads (1.127);1
35173186;🟡 Golden Leads (1.127);1
35109708;🟡 Golden Leads (1.127);1
35154295;🟡 Golden Leads (1.127);1
35108923;🟡 Golden Leads (1.127);1
35142612;🟡 Golden Leads (1.127);1
35142967;🟡 Golden Leads (1.127);1
35152729;🟡 Golden Leads (1.127);1
35583224;🟡 Golden Leads (1.127);1
35802578;🟡 Golden Leads (1.127);1
35139208;🟡 Golden Leads (1.127);1
35154775;🟡 Golden Leads (1.127);1
35802839;🟡 Golden Leads (1.127);1
35125436;🟡 Golden Leads (1.127);1
35125441;🟡 Golden Leads (1.127);1
35170331;🟡 Golden Leads (1.127);1
35121307;🟡 Golden Leads (1.127);1
35004215;🟡 Golden Leads (1.127);1
35116361;🟡 Golden Leads (1.127);1
35116373;🟡 Golden Leads (1.127);1
35188712;🟡 Golden Leads (1.127);1
35500033;🟡 Golden Leads (1.127);1
35504324;🟡 Golden Leads (1.127);1
35809159;🟡 Golden Leads (1.127);1
35004369;🟡 Golden Leads (1.127);1
35137170;🟡 Golden Leads (1.127);1
35140065;🟡 Golden Leads (1.127);1
35175572;🟡 Golden Leads (1.127);1
35499067;🟡 Golden Leads (1.127);1
35561320;🟡 Golden Leads (1.127);1
35805555;🟡 Golden Leads (1.127);1
35104620;🟡 Golden Leads (1.127);1
35104917;🟡 Golden Leads (1.127);1
35480745;🟡 Golden Leads (1.127);1
35134132;🟡 Golden Leads (1.127);1
35103433;🟡 Golden Leads (1.127);1
35399197;🟡 Golden Leads (1.127);1
35101278;🟡 Golden Leads (1.127);1
35103421;🟡 Golden Leads (1.127);1
35105961;🟡 Golden Leads (1.127);1
35463279;🟡 Golden Leads (1.127);1
35141240;🟡 Golden Leads (1.127);1
35107517;🟡 Golden Leads (1.127);1
35107803;🟡 Golden Leads (1.127);1
35140338;🟡 Golden Leads (1.127);1
35125726;🟡 Golden Leads (1.127);1
35103718;🟡 Golden Leads (1.127);1
35144952;🟡 Golden Leads (1.127);1
35103548;🟡 Golden Leads (1.127);1
35106148;🟡 Golden Leads (1.127);1
35143406;🟡 Golden Leads (1.127);1
35158483;🟡 Golden Leads (1.127);1
35165347;🟡 Golden Leads (1.127);1
35456731;🟡 Golden Leads (1.127);1
35104449;🟡 Golden Leads (1.127);1
35126718;🟡 Golden Leads (1.127);1
35135550;🟡 Golden Leads (1.127);1
35107049;🟡 Golden Leads (1.127);1
35141264;🟡 Golden Leads (1.127);1
35103524;🟡 Golden Leads (1.127);1
35102660;🟡 Golden Leads (1.127);1
35367734;🟡 Golden Leads (1.127);1
35105648;🟡 Golden Leads (1.127);1
35120285;🟡 Golden Leads (1.127);1
35811385;🟡 Golden Leads (1.127);1
35102787;🟡 Golden Leads (1.127);1
35102799;🟡 Golden Leads (1.127);1
35102805;🟡 Golden Leads (1.127);1
35139497;🟡 Golden Leads (1.127);1
35104607;🟡 Golden Leads (1.127);1
35104711;🟡 Golden Leads (1.127);1
35133450;🟡 Golden Leads (1.127);1
35151506;🟡 Golden Leads (1.127);1
35124199;🟡 Golden Leads (1.127);1
35158823;🟡 Golden Leads (1.127);1
35103445;🟡 Golden Leads (1.127);1
35100420;🟡 Golden Leads (1.127);1
35100432;🟡 Golden Leads (1.127);1
35100473;🟡 Golden Leads (1.127);1
35008727;🟡 Golden Leads (1.127);1
35107542;🟡 Golden Leads (1.127);1
35107773;🟡 Golden Leads (1.127);1
35132214;🟡 Golden Leads (1.127);1
35153631;🟡 Golden Leads (1.127);1
35007592;🟡 Golden Leads (1.127);1
35107165;🟡 Golden Leads (1.127);1
35130217;🟡 Golden Leads (1.127);1
35136931;🟡 Golden Leads (1.127);1
35119982;🟡 Golden Leads (1.127);1
35105314;🟡 Golden Leads (1.127);1
35137133;🟡 Golden Leads (1.127);1
35162243;🟡 Golden Leads (1.127);1
35131660;🟡 Golden Leads (1.127);1
35004801;🟡 Golden Leads (1.127);1
35104985;🟡 Golden Leads (1.127);1
35104991;🟡 Golden Leads (1.127);1
35105041;🟡 Golden Leads (1.127);1
35107177;🟡 Golden Leads (1.127);1
35107190;🟡 Golden Leads (1.127);1
35134806;🟡 Golden Leads (1.127);1
35155073;🟡 Golden Leads (1.127);1
35563006;🟡 Golden Leads (1.127);1
35101734;🟡 Golden Leads (1.127);1
35105600;🟡 Golden Leads (1.127);1
35142736;🟡 Golden Leads (1.127);1
35287600;🟡 Golden Leads (1.127);1
35137674;🟡 Golden Leads (1.127);1
35141586;🟡 Golden Leads (1.127);1
35450339;🟡 Golden Leads (1.127);1
35151798;🟡 Golden Leads (1.127);1
35144034;🟡 Golden Leads (1.127);1
35158616;🟡 Golden Leads (1.127);1
35111363;🟡 Golden Leads (1.127);1
35118564;🟡 Golden Leads (1.127);1
35140193;🟡 Golden Leads (1.127);1
35140995;🟡 Golden Leads (1.127);1
35161861;🟡 Golden Leads (1.127);1
35136025;🟡 Golden Leads (1.127);1
35286187;🟡 Golden Leads (1.127);1
41123832;🟡 Golden Leads (1.127);1
41071859;🟡 Golden Leads (1.127);1
41071913;🟡 Golden Leads (1.127);1
41150392;🟡 Golden Leads (1.127);1
41127242;🟡 Golden Leads (1.127);1
41127722;🟡 Golden Leads (1.127);1
41129148;🟡 Golden Leads (1.127);1
41129326;🟡 Golden Leads (1.127);1
41130987;🟡 Golden Leads (1.127);1
41131673;🟡 Golden Leads (1.127);1
41131690;🟡 Golden Leads (1.127);1
41131703;🟡 Golden Leads (1.127);1
41131789;🟡 Golden Leads (1.127);1
41132130;🟡 Golden Leads (1.127);1
41133153;🟡 Golden Leads (1.127);1
41133463;🟡 Golden Leads (1.127);1
41148142;🟡 Golden Leads (1.127);1
41152484;🟡 Golden Leads (1.127);1
41158750;🟡 Golden Leads (1.127);1
41352866;🟡 Golden Leads (1.127);1
41377168;🟡 Golden Leads (1.127);1
41390024;🟡 Golden Leads (1.127);1
41075927;🟡 Golden Leads (1.127);1
41407423;🟡 Golden Leads (1.127);1
41099605;🟡 Golden Leads (1.127);1
41158709;🟡 Golden Leads (1.127);1
41386329;🟡 Golden Leads (1.127);1
41030095;🟡 Golden Leads (1.127);1
41031105;🟡 Golden Leads (1.127);1
41032004;🟡 Golden Leads (1.127);1
41032039;🟡 Golden Leads (1.127);1
41033310;🟡 Golden Leads (1.127);1
41166043;🟡 Golden Leads (1.127);1
41358899;🟡 Golden Leads (1.127);1
41379110;🟡 Golden Leads (1.127);1
41024397;🟡 Golden Leads (1.127);1
41377370;🟡 Golden Leads (1.127);1
41135946;🟡 Golden Leads (1.127);1
41063015;🟡 Golden Leads (1.127);1
41063252;🟡 Golden Leads (1.127);1
41063309;🟡 Golden Leads (1.127);1
41151844;🟡 Golden Leads (1.127);1
41138430;🟡 Golden Leads (1.127);1
41068610;🟡 Golden Leads (1.127);1
41068785;🟡 Golden Leads (1.127);1
41382161;🟡 Golden Leads (1.127);1
42153824;🟡 Golden Leads (1.127);1
42015588;🟡 Golden Leads (1.127);1
42016142;🟡 Golden Leads (1.127);1
42016150;🟡 Golden Leads (1.127);1
42160642;🟡 Golden Leads (1.127);1
42080258;🟡 Golden Leads (1.127);1
42080746;🟡 Golden Leads (1.127);1
42155541;🟡 Golden Leads (1.127);1
42053480;🟡 Golden Leads (1.127);1
42141036;🟡 Golden Leads (1.127);1
42203600;🟡 Golden Leads (1.127);1
42011612;🟡 Golden Leads (1.127);1
42011620;🟡 Golden Leads (1.127);1
42012023;🟡 Golden Leads (1.127);1
42000645;🟡 Golden Leads (1.127);1
42000670;🟡 Golden Leads (1.127);1
42109230;🟡 Golden Leads (1.127);1
42112796;🟡 Golden Leads (1.127);1
42113083;🟡 Golden Leads (1.127);1
42160081;🟡 Golden Leads (1.127);1
42160383;🟡 Golden Leads (1.127);1
42160650;🟡 Golden Leads (1.127);1
42163021;🟡 Golden Leads (1.127);1
42000238;🟡 Golden Leads (1.127);1
42103894;🟡 Golden Leads (1.127);1
42133114;🟡 Golden Leads (1.127);1
42159547;🟡 Golden Leads (1.127);1
42164702;🟡 Golden Leads (1.127);1
42091403;🟡 Golden Leads (1.127);1
42091560;🟡 Golden Leads (1.127);1
42091578;🟡 Golden Leads (1.127);1
42020530;🟡 Golden Leads (1.127);1
42020565;🟡 Golden Leads (1.127);1
42121191;🟡 Golden Leads (1.127);1
42028990;🟡 Golden Leads (1.127);1
42160073;🟡 Golden Leads (1.127);1
42108764;🟡 Golden Leads (1.127);1
42003903;🟡 Golden Leads (1.127);1
42006694;🟡 Golden Leads (1.127);1
42006708;🟡 Golden Leads (1.127);1
43008895;🟡 Golden Leads (1.127);1
43022324;🟡 Golden Leads (1.127);1
43023363;🟡 Golden Leads (1.127);1
43037682;🟡 Golden Leads (1.127);1
43037690;🟡 Golden Leads (1.127);1
43210643;🟡 Golden Leads (1.127);1
43219616;🟡 Golden Leads (1.127);1
43042929;🟡 Golden Leads (1.127);1
43043666;🟡 Golden Leads (1.127);1
43043674;🟡 Golden Leads (1.127);1
43043720;🟡 Golden Leads (1.127);1
43176852;🟡 Golden Leads (1.127);1
43205542;🟡 Golden Leads (1.127);1
43215688;🟡 Golden Leads (1.127);1
43057152;🟡 Golden Leads (1.127);1
43069002;🟡 Golden Leads (1.127);1
43216471;🟡 Golden Leads (1.127);1
43097782;🟡 Golden Leads (1.127);1
43215360;🟡 Golden Leads (1.127);1
43100031;🟡 Golden Leads (1.127);1
43173217;🟡 Golden Leads (1.127);1
43173390;🟡 Golden Leads (1.127);1
43175317;🟡 Golden Leads (1.127);1
43215572;🟡 Golden Leads (1.127);1
43104924;🟡 Golden Leads (1.127);1
43104940;🟡 Golden Leads (1.127);1
43104959;🟡 Golden Leads (1.127);1
43104975;🟡 Golden Leads (1.127);1
43104983;🟡 Golden Leads (1.127);1
43105017;🟡 Golden Leads (1.127);1
43105025;🟡 Golden Leads (1.127);1
43105068;🟡 Golden Leads (1.127);1
43105076;🟡 Golden Leads (1.127);1
43105084;🟡 Golden Leads (1.127);1
43105106;🟡 Golden Leads (1.127);1
43105149;🟡 Golden Leads (1.127);1
43105670;🟡 Golden Leads (1.127);1
43107419;🟡 Golden Leads (1.127);1
43107494;🟡 Golden Leads (1.127);1
43108164;🟡 Golden Leads (1.127);1
43108423;🟡 Golden Leads (1.127);1
43109330;🟡 Golden Leads (1.127);1
43172423;🟡 Golden Leads (1.127);1
43172440;🟡 Golden Leads (1.127);1
43173330;🟡 Golden Leads (1.127);1
43203876;🟡 Golden Leads (1.127);1
43213995;🟡 Golden Leads (1.127);1
43215050;🟡 Golden Leads (1.127);1
43216684;🟡 Golden Leads (1.127);1
43238203;🟡 Golden Leads (1.127);1
43112790;🟡 Golden Leads (1.127);1
43119930;🟡 Golden Leads (1.127);1
43119948;🟡 Golden Leads (1.127);1
43119964;🟡 Golden Leads (1.127);1
43121756;🟡 Golden Leads (1.127);1
43121900;🟡 Golden Leads (1.127);1
43123090;🟡 Golden Leads (1.127);1
43123988;🟡 Golden Leads (1.127);1
43216870;🟡 Golden Leads (1.127);1
43139108;🟡 Golden Leads (1.127);1
43139558;🟡 Golden Leads (1.127);1
50005405;🟡 Golden Leads (1.127);1
50007718;🟡 Golden Leads (1.127);1
50007858;🟡 Golden Leads (1.127);1
50027956;🟡 Golden Leads (1.127);1
50030469;🟡 Golden Leads (1.127);1
50031163;🟡 Golden Leads (1.127);1
50032100;🟡 Golden Leads (1.127);1
50034197;🟡 Golden Leads (1.127);1
50035088;🟡 Golden Leads (1.127);1
50015877;🟡 Golden Leads (1.127);1
50016385;🟡 Golden Leads (1.127);1
50016628;🟡 Golden Leads (1.127);1
50030590;🟡 Golden Leads (1.127);1
50032895;🟡 Golden Leads (1.127);1
50032950;🟡 Golden Leads (1.127);1
51036169;🟡 Golden Leads (1.127);1
51036193;🟡 Golden Leads (1.127);1
51036215;🟡 Golden Leads (1.127);1
51039877;🟡 Golden Leads (1.127);1
51088835;🟡 Golden Leads (1.127);1
51094061;🟡 Golden Leads (1.127);1
51069431;🟡 Golden Leads (1.127);1
51072823;🟡 Golden Leads (1.127);1
51016443;🟡 Golden Leads (1.127);1
51067471;🟡 Golden Leads (1.127);1
51014459;🟡 Golden Leads (1.127);1
51027909;🟡 Golden Leads (1.127);1
51028646;🟡 Golden Leads (1.127);1
51068931;🟡 Golden Leads (1.127);1
52103994;🟡 Golden Leads (1.127);1
52020320;🟡 Golden Leads (1.127);1
52020517;🟡 Golden Leads (1.127);1
52020592;🟡 Golden Leads (1.127);1
52109585;🟡 Golden Leads (1.127);1
52094111;🟡 Golden Leads (1.127);1
52033090;🟡 Golden Leads (1.127);1
52033210;🟡 Golden Leads (1.127);1
52033295;🟡 Golden Leads (1.127);1
52033708;🟡 Golden Leads (1.127);1
52033830;🟡 Golden Leads (1.127);1
52033848;🟡 Golden Leads (1.127);1
52034046;🟡 Golden Leads (1.127);1
52034054;🟡 Golden Leads (1.127);1
52068986;🟡 Golden Leads (1.127);1
52083888;🟡 Golden Leads (1.127);1
52086615;🟡 Golden Leads (1.127);1
52089550;🟡 Golden Leads (1.127);1
52091384;🟡 Golden Leads (1.127);1
52096785;🟡 Golden Leads (1.127);1
52097587;🟡 Golden Leads (1.127);1
52097676;🟡 Golden Leads (1.127);1
52099946;🟡 Golden Leads (1.127);1
52101363;🟡 Golden Leads (1.127);1
52103137;🟡 Golden Leads (1.127);1
52104532;🟡 Golden Leads (1.127);1
52108813;🟡 Golden Leads (1.127);1
52059383;🟡 Golden Leads (1.127);1
52101517;🟡 Golden Leads (1.127);1
52053121;🟡 Golden Leads (1.127);1
52090388;🟡 Golden Leads (1.127);1
52054160;🟡 Golden Leads (1.127);1
52054241;🟡 Golden Leads (1.127);1
52098966;🟡 Golden Leads (1.127);1
52039722;🟡 Golden Leads (1.127);1
52107990;🟡 Golden Leads (1.127);1
53001087;🟡 Golden Leads (1.127);1
53001095;🟡 Golden Leads (1.127);1
53001192;🟡 Golden Leads (1.127);1
53001222;🟡 Golden Leads (1.127);1
53001290;🟡 Golden Leads (1.127);1
53001320;🟡 Golden Leads (1.127);1
53001346;🟡 Golden Leads (1.127);1
53001389;🟡 Golden Leads (1.127);1
53011074;🟡 Golden Leads (1.127);1
53012860;🟡 Golden Leads (1.127);1
53013875;🟡 Golden Leads (1.127);1
53015010;🟡 Golden Leads (1.127);1
53016726;🟡 Golden Leads (1.127);1
53019733;🟡 Golden Leads (1.127);1
53020006;🟡 Golden Leads (1.127);1
53020057;🟡 Golden Leads (1.127);1
53020570;🟡 Golden Leads (1.127);1
53056000;🟡 Golden Leads (1.127);1
53003659;🟡 Golden Leads (1.127);1
53017293;🟡 Golden Leads (1.127);1
53005457;🟡 Golden Leads (1.127);1
53005899;🟡 Golden Leads (1.127);1
53005910;🟡 Golden Leads (1.127);1
53038002;🟡 Golden Leads (1.127);1
53009592;🟡 Golden Leads (1.127);1
53009940;🟡 Golden Leads (1.127);1
53019393;🟡 Golden Leads (1.127);1
53009428;🟡 Golden Leads (1.127);1
53007050;🟡 Golden Leads (1.127);1
53013670;🟡 Golden Leads (1.127);1
53015347;🟡 Golden Leads (1.127);1
53015789;🟡 Golden Leads (1.127);1
53020600;🟡 Golden Leads (1.127);1
53012941;🟡 Golden Leads (1.127);1
53018273;🟡 Golden Leads (1.127);1
53032012;🟡 Golden Leads (1.127);1
11013737;🔵 Outras Escolas (4.444);2
11015896;🔵 Outras Escolas (4.444);2
11037660;🔵 Outras Escolas (4.444);2
11000058;🔵 Outras Escolas (4.444);2
11000198;🔵 Outras Escolas (4.444);2
11000252;🔵 Outras Escolas (4.444);2
11000350;🔵 Outras Escolas (4.444);2
11003081;🔵 Outras Escolas (4.444);2
11003090;🔵 Outras Escolas (4.444);2
11037474;🔵 Outras Escolas (4.444);2
11043857;🔵 Outras Escolas (4.444);2
11048450;🔵 Outras Escolas (4.444);2
11048557;🔵 Outras Escolas (4.444);2
11049006;🔵 Outras Escolas (4.444);2
11049073;🔵 Outras Escolas (4.444);2
12010928;🔵 Outras Escolas (4.444);2
12010936;🔵 Outras Escolas (4.444);2
12014370;🔵 Outras Escolas (4.444);2
12022969;🔵 Outras Escolas (4.444);2
12026409;🔵 Outras Escolas (4.444);2
12026530;🔵 Outras Escolas (4.444);2
12028835;🔵 Outras Escolas (4.444);2
12030058;🔵 Outras Escolas (4.444);2
12031682;🔵 Outras Escolas (4.444);2
12033545;🔵 Outras Escolas (4.444);2
13079220;🔵 Outras Escolas (4.444);2
13110314;🔵 Outras Escolas (4.444);2
13025082;🔵 Outras Escolas (4.444);2
13025210;🔵 Outras Escolas (4.444);2
13025295;🔵 Outras Escolas (4.444);2
13025333;🔵 Outras Escolas (4.444);2
13025376;🔵 Outras Escolas (4.444);2
13025694;🔵 Outras Escolas (4.444);2
13025872;🔵 Outras Escolas (4.444);2
13026020;🔵 Outras Escolas (4.444);2
13026194;🔵 Outras Escolas (4.444);2
13026321;🔵 Outras Escolas (4.444);2
13026356;🔵 Outras Escolas (4.444);2
13026402;🔵 Outras Escolas (4.444);2
13026496;🔵 Outras Escolas (4.444);2
13026500;🔵 Outras Escolas (4.444);2
13026585;🔵 Outras Escolas (4.444);2
13026631;🔵 Outras Escolas (4.444);2
13026950;🔵 Outras Escolas (4.444);2
13029860;🔵 Outras Escolas (4.444);2
13031457;🔵 Outras Escolas (4.444);2
13031660;🔵 Outras Escolas (4.444);2
13031767;🔵 Outras Escolas (4.444);2
13031783;🔵 Outras Escolas (4.444);2
13031791;🔵 Outras Escolas (4.444);2
13031872;🔵 Outras Escolas (4.444);2
13032020;🔵 Outras Escolas (4.444);2
13064207;🔵 Outras Escolas (4.444);2
13064215;🔵 Outras Escolas (4.444);2
13074130;🔵 Outras Escolas (4.444);2
13080911;🔵 Outras Escolas (4.444);2
13081365;🔵 Outras Escolas (4.444);2
13084500;🔵 Outras Escolas (4.444);2
13090100;🔵 Outras Escolas (4.444);2
13090186;🔵 Outras Escolas (4.444);2
13092308;🔵 Outras Escolas (4.444);2
13093070;🔵 Outras Escolas (4.444);2
13093126;🔵 Outras Escolas (4.444);2
13098284;🔵 Outras Escolas (4.444);2
13098519;🔵 Outras Escolas (4.444);2
13099981;🔵 Outras Escolas (4.444);2
13100629;🔵 Outras Escolas (4.444);2
13102192;🔵 Outras Escolas (4.444);2
13104586;🔵 Outras Escolas (4.444);2
13105493;🔵 Outras Escolas (4.444);2
13107380;🔵 Outras Escolas (4.444);2
13108727;🔵 Outras Escolas (4.444);2
13168207;🔵 Outras Escolas (4.444);2
13313231;🔵 Outras Escolas (4.444);2
14000792;🔵 Outras Escolas (4.444);2
14000814;🔵 Outras Escolas (4.444);2
14001055;🔵 Outras Escolas (4.444);2
14006260;🔵 Outras Escolas (4.444);2
14006740;🔵 Outras Escolas (4.444);2
14007274;🔵 Outras Escolas (4.444);2
14324067;🔵 Outras Escolas (4.444);2
15066886;🔵 Outras Escolas (4.444);2
15161366;🔵 Outras Escolas (4.444);2
15584062;🔵 Outras Escolas (4.444);2
15587983;🔵 Outras Escolas (4.444);2
15140463;🔵 Outras Escolas (4.444);2
15141179;🔵 Outras Escolas (4.444);2
15176045;🔵 Outras Escolas (4.444);2
15552900;🔵 Outras Escolas (4.444);2
15096009;🔵 Outras Escolas (4.444);2
15114015;🔵 Outras Escolas (4.444);2
15140725;🔵 Outras Escolas (4.444);2
15152219;🔵 Outras Escolas (4.444);2
15158969;🔵 Outras Escolas (4.444);2
15163849;🔵 Outras Escolas (4.444);2
15164543;🔵 Outras Escolas (4.444);2
15165833;🔵 Outras Escolas (4.444);2
15167178;🔵 Outras Escolas (4.444);2
15173330;🔵 Outras Escolas (4.444);2
15177017;🔵 Outras Escolas (4.444);2
15208400;🔵 Outras Escolas (4.444);2
15209806;🔵 Outras Escolas (4.444);2
15523403;🔵 Outras Escolas (4.444);2
15549704;🔵 Outras Escolas (4.444);2
15563448;🔵 Outras Escolas (4.444);2
15565793;🔵 Outras Escolas (4.444);2
15567648;🔵 Outras Escolas (4.444);2
15570479;🔵 Outras Escolas (4.444);2
15570533;🔵 Outras Escolas (4.444);2
15572005;🔵 Outras Escolas (4.444);2
15172600;🔵 Outras Escolas (4.444);2
15172732;🔵 Outras Escolas (4.444);2
15175316;🔵 Outras Escolas (4.444);2
15161625;🔵 Outras Escolas (4.444);2
15542858;🔵 Outras Escolas (4.444);2
15037614;🔵 Outras Escolas (4.444);2
15037622;🔵 Outras Escolas (4.444);2
15038424;🔵 Outras Escolas (4.444);2
15038432;🔵 Outras Escolas (4.444);2
15038483;🔵 Outras Escolas (4.444);2
15038491;🔵 Outras Escolas (4.444);2
15038513;🔵 Outras Escolas (4.444);2
15038521;🔵 Outras Escolas (4.444);2
15041670;🔵 Outras Escolas (4.444);2
15041930;🔵 Outras Escolas (4.444);2
15096190;🔵 Outras Escolas (4.444);2
15097250;🔵 Outras Escolas (4.444);2
15149536;🔵 Outras Escolas (4.444);2
15150542;🔵 Outras Escolas (4.444);2
15156028;🔵 Outras Escolas (4.444);2
15156451;🔵 Outras Escolas (4.444);2
15159329;🔵 Outras Escolas (4.444);2
15159841;🔵 Outras Escolas (4.444);2
15163830;🔵 Outras Escolas (4.444);2
15166260;🔵 Outras Escolas (4.444);2
15167259;🔵 Outras Escolas (4.444);2
15167275;🔵 Outras Escolas (4.444);2
15168344;🔵 Outras Escolas (4.444);2
15170667;🔵 Outras Escolas (4.444);2
15171523;🔵 Outras Escolas (4.444);2
15171639;🔵 Outras Escolas (4.444);2
15172147;🔵 Outras Escolas (4.444);2
15172287;🔵 Outras Escolas (4.444);2
15173402;🔵 Outras Escolas (4.444);2
15173429;🔵 Outras Escolas (4.444);2
15174077;🔵 Outras Escolas (4.444);2
15174433;🔵 Outras Escolas (4.444);2
15174476;🔵 Outras Escolas (4.444);2
15174514;🔵 Outras Escolas (4.444);2
15175014;🔵 Outras Escolas (4.444);2
15175065;🔵 Outras Escolas (4.444);2
15180956;🔵 Outras Escolas (4.444);2
15180999;🔵 Outras Escolas (4.444);2
15181081;🔵 Outras Escolas (4.444);2
15181456;🔵 Outras Escolas (4.444);2
15185001;🔵 Outras Escolas (4.444);2
15225020;🔵 Outras Escolas (4.444);2
15229408;🔵 Outras Escolas (4.444);2
15516423;🔵 Outras Escolas (4.444);2
15531350;🔵 Outras Escolas (4.444);2
15554139;🔵 Outras Escolas (4.444);2
15563235;🔵 Outras Escolas (4.444);2
15567672;🔵 Outras Escolas (4.444);2
15567770;🔵 Outras Escolas (4.444);2
15570541;🔵 Outras Escolas (4.444);2
15577708;🔵 Outras Escolas (4.444);2
15581276;🔵 Outras Escolas (4.444);2
15581900;🔵 Outras Escolas (4.444);2
15585689;🔵 Outras Escolas (4.444);2
15586324;🔵 Outras Escolas (4.444);2
15586715;🔵 Outras Escolas (4.444);2
15155005;🔵 Outras Escolas (4.444);2
15164519;🔵 Outras Escolas (4.444);2
15180611;🔵 Outras Escolas (4.444);2
15563715;🔵 Outras Escolas (4.444);2
15167372;🔵 Outras Escolas (4.444);2
15149005;🔵 Outras Escolas (4.444);2
15180310;🔵 Outras Escolas (4.444);2
15181197;🔵 Outras Escolas (4.444);2
15058794;🔵 Outras Escolas (4.444);2
15169774;🔵 Outras Escolas (4.444);2
15539830;🔵 Outras Escolas (4.444);2
15096831;🔵 Outras Escolas (4.444);2
15180301;🔵 Outras Escolas (4.444);2
15045455;🔵 Outras Escolas (4.444);2
15147002;🔵 Outras Escolas (4.444);2
15166236;🔵 Outras Escolas (4.444);2
15174310;🔵 Outras Escolas (4.444);2
15175529;🔵 Outras Escolas (4.444);2
15539962;🔵 Outras Escolas (4.444);2
15547205;🔵 Outras Escolas (4.444);2
15562000;🔵 Outras Escolas (4.444);2
15566552;🔵 Outras Escolas (4.444);2
15588297;🔵 Outras Escolas (4.444);2
15995933;🔵 Outras Escolas (4.444);2
15152120;🔵 Outras Escolas (4.444);2
15586413;🔵 Outras Escolas (4.444);2
15097811;🔵 Outras Escolas (4.444);2
15103080;🔵 Outras Escolas (4.444);2
15127567;🔵 Outras Escolas (4.444);2
15172201;🔵 Outras Escolas (4.444);2
15180654;🔵 Outras Escolas (4.444);2
15181146;🔵 Outras Escolas (4.444);2
15561313;🔵 Outras Escolas (4.444);2
15577740;🔵 Outras Escolas (4.444);2
15165809;🔵 Outras Escolas (4.444);2
15118932;🔵 Outras Escolas (4.444);2
15118967;🔵 Outras Escolas (4.444);2
15175448;🔵 Outras Escolas (4.444);2
15230023;🔵 Outras Escolas (4.444);2
15168654;🔵 Outras Escolas (4.444);2
15173135;🔵 Outras Escolas (4.444);2
15173437;🔵 Outras Escolas (4.444);2
15223027;🔵 Outras Escolas (4.444);2
15011020;🔵 Outras Escolas (4.444);2
15011070;🔵 Outras Escolas (4.444);2
15011097;🔵 Outras Escolas (4.444);2
15171027;🔵 Outras Escolas (4.444);2
15528715;🔵 Outras Escolas (4.444);2
15560759;🔵 Outras Escolas (4.444);2
16002016;🔵 Outras Escolas (4.444);2
16003128;🔵 Outras Escolas (4.444);2
16007484;🔵 Outras Escolas (4.444);2
16007735;🔵 Outras Escolas (4.444);2
16007743;🔵 Outras Escolas (4.444);2
16007794;🔵 Outras Escolas (4.444);2
16009380;🔵 Outras Escolas (4.444);2
16009762;🔵 Outras Escolas (4.444);2
16011244;🔵 Outras Escolas (4.444);2
16011570;🔵 Outras Escolas (4.444);2
16011759;🔵 Outras Escolas (4.444);2
16012054;🔵 Outras Escolas (4.444);2
16012100;🔵 Outras Escolas (4.444);2
16012410;🔵 Outras Escolas (4.444);2
16027000;🔵 Outras Escolas (4.444);2
16004329;🔵 Outras Escolas (4.444);2
16004779;🔵 Outras Escolas (4.444);2
16011694;🔵 Outras Escolas (4.444);2
17005078;🔵 Outras Escolas (4.444);2
17055741;🔵 Outras Escolas (4.444);2
17056152;🔵 Outras Escolas (4.444);2
17026156;🔵 Outras Escolas (4.444);2
17026237;🔵 Outras Escolas (4.444);2
17044200;🔵 Outras Escolas (4.444);2
17046807;🔵 Outras Escolas (4.444);2
17052564;🔵 Outras Escolas (4.444);2
17054079;🔵 Outras Escolas (4.444);2
17055539;🔵 Outras Escolas (4.444);2
17055962;🔵 Outras Escolas (4.444);2
17056420;🔵 Outras Escolas (4.444);2
17056446;🔵 Outras Escolas (4.444);2
17056527;🔵 Outras Escolas (4.444);2
17056586;🔵 Outras Escolas (4.444);2
17056942;🔵 Outras Escolas (4.444);2
17057574;🔵 Outras Escolas (4.444);2
21089981;🔵 Outras Escolas (4.444);2
21090009;🔵 Outras Escolas (4.444);2
21226253;🔵 Outras Escolas (4.444);2
21256667;🔵 Outras Escolas (4.444);2
21257523;🔵 Outras Escolas (4.444);2
21180385;🔵 Outras Escolas (4.444);2
21180415;🔵 Outras Escolas (4.444);2
21182345;🔵 Outras Escolas (4.444);2
21232180;🔵 Outras Escolas (4.444);2
21500002;🔵 Outras Escolas (4.444);2
21155844;🔵 Outras Escolas (4.444);2
21156280;🔵 Outras Escolas (4.444);2
21515662;🔵 Outras Escolas (4.444);2
21599688;🔵 Outras Escolas (4.444);2
21249881;🔵 Outras Escolas (4.444);2
21249911;🔵 Outras Escolas (4.444);2
21092419;🔵 Outras Escolas (4.444);2
21092680;🔵 Outras Escolas (4.444);2
21092761;🔵 Outras Escolas (4.444);2
21092842;🔵 Outras Escolas (4.444);2
21092869;🔵 Outras Escolas (4.444);2
21093040;🔵 Outras Escolas (4.444);2
21095752;🔵 Outras Escolas (4.444);2
21259330;🔵 Outras Escolas (4.444);2
21272921;🔵 Outras Escolas (4.444);2
21500720;🔵 Outras Escolas (4.444);2
21279721;🔵 Outras Escolas (4.444);2
21287970;🔵 Outras Escolas (4.444);2
21265585;🔵 Outras Escolas (4.444);2
21268894;🔵 Outras Escolas (4.444);2
21273588;🔵 Outras Escolas (4.444);2
21281351;🔵 Outras Escolas (4.444);2
21009902;🔵 Outras Escolas (4.444);2
21010064;🔵 Outras Escolas (4.444);2
21010200;🔵 Outras Escolas (4.444);2
21010250;🔵 Outras Escolas (4.444);2
21010331;🔵 Outras Escolas (4.444);2
21011052;🔵 Outras Escolas (4.444);2
21013748;🔵 Outras Escolas (4.444);2
21013837;🔵 Outras Escolas (4.444);2
21014833;🔵 Outras Escolas (4.444);2
21017506;🔵 Outras Escolas (4.444);2
21017549;🔵 Outras Escolas (4.444);2
21195516;🔵 Outras Escolas (4.444);2
21195534;🔵 Outras Escolas (4.444);2
21199053;🔵 Outras Escolas (4.444);2
21199090;🔵 Outras Escolas (4.444);2
21199221;🔵 Outras Escolas (4.444);2
21199274;🔵 Outras Escolas (4.444);2
21199809;🔵 Outras Escolas (4.444);2
21239843;🔵 Outras Escolas (4.444);2
21261121;🔵 Outras Escolas (4.444);2
21261253;🔵 Outras Escolas (4.444);2
21265216;🔵 Outras Escolas (4.444);2
21273456;🔵 Outras Escolas (4.444);2
21274231;🔵 Outras Escolas (4.444);2
21274819;🔵 Outras Escolas (4.444);2
21278962;🔵 Outras Escolas (4.444);2
21279446;🔵 Outras Escolas (4.444);2
21279810;🔵 Outras Escolas (4.444);2
21280746;🔵 Outras Escolas (4.444);2
21284300;🔵 Outras Escolas (4.444);2
21285241;🔵 Outras Escolas (4.444);2
21286175;🔵 Outras Escolas (4.444);2
21287120;🔵 Outras Escolas (4.444);2
21288380;🔵 Outras Escolas (4.444);2
21290229;🔵 Outras Escolas (4.444);2
21290695;🔵 Outras Escolas (4.444);2
21292647;🔵 Outras Escolas (4.444);2
21292957;🔵 Outras Escolas (4.444);2
21292990;🔵 Outras Escolas (4.444);2
21317402;🔵 Outras Escolas (4.444);2
21318433;🔵 Outras Escolas (4.444);2
21331669;🔵 Outras Escolas (4.444);2
21455201;🔵 Outras Escolas (4.444);2
21470200;🔵 Outras Escolas (4.444);2
21519676;🔵 Outras Escolas (4.444);2
21617660;🔵 Outras Escolas (4.444);2
21162719;🔵 Outras Escolas (4.444);2
21267073;🔵 Outras Escolas (4.444);2
21267324;🔵 Outras Escolas (4.444);2
21498814;🔵 Outras Escolas (4.444);2
22014543;🔵 Outras Escolas (4.444);2
22015701;🔵 Outras Escolas (4.444);2
22112596;🔵 Outras Escolas (4.444);2
22118977;🔵 Outras Escolas (4.444);2
22135790;🔵 Outras Escolas (4.444);2
22141472;🔵 Outras Escolas (4.444);2
22144412;🔵 Outras Escolas (4.444);2
22144978;🔵 Outras Escolas (4.444);2
22146199;🔵 Outras Escolas (4.444);2
22326715;🔵 Outras Escolas (4.444);2
22022406;🔵 Outras Escolas (4.444);2
22022481;🔵 Outras Escolas (4.444);2
22022503;🔵 Outras Escolas (4.444);2
22022899;🔵 Outras Escolas (4.444);2
22023658;🔵 Outras Escolas (4.444);2
22023771;🔵 Outras Escolas (4.444);2
22023810;🔵 Outras Escolas (4.444);2
22025383;🔵 Outras Escolas (4.444);2
22025391;🔵 Outras Escolas (4.444);2
22025448;🔵 Outras Escolas (4.444);2
22025715;🔵 Outras Escolas (4.444);2
22025740;🔵 Outras Escolas (4.444);2
22026029;🔵 Outras Escolas (4.444);2
22026037;🔵 Outras Escolas (4.444);2
22026088;🔵 Outras Escolas (4.444);2
22027173;🔵 Outras Escolas (4.444);2
22028790;🔵 Outras Escolas (4.444);2
22115820;🔵 Outras Escolas (4.444);2
22124888;🔵 Outras Escolas (4.444);2
22129529;🔵 Outras Escolas (4.444);2
22130756;🔵 Outras Escolas (4.444);2
22131027;🔵 Outras Escolas (4.444);2
22136398;🔵 Outras Escolas (4.444);2
22136800;🔵 Outras Escolas (4.444);2
22138544;🔵 Outras Escolas (4.444);2
22138560;🔵 Outras Escolas (4.444);2
22141006;🔵 Outras Escolas (4.444);2
22141154;🔵 Outras Escolas (4.444);2
22141197;🔵 Outras Escolas (4.444);2
22141251;🔵 Outras Escolas (4.444);2
22141693;🔵 Outras Escolas (4.444);2
22141901;🔵 Outras Escolas (4.444);2
22142363;🔵 Outras Escolas (4.444);2
22142517;🔵 Outras Escolas (4.444);2
22142622;🔵 Outras Escolas (4.444);2
22143459;🔵 Outras Escolas (4.444);2
22144137;🔵 Outras Escolas (4.444);2
22144153;🔵 Outras Escolas (4.444);2
22144188;🔵 Outras Escolas (4.444);2
22144196;🔵 Outras Escolas (4.444);2
22144668;🔵 Outras Escolas (4.444);2
22144714;🔵 Outras Escolas (4.444);2
22144811;🔵 Outras Escolas (4.444);2
22144919;🔵 Outras Escolas (4.444);2
22146040;🔵 Outras Escolas (4.444);2
22146636;🔵 Outras Escolas (4.444);2
22163409;🔵 Outras Escolas (4.444);2
22164219;🔵 Outras Escolas (4.444);2
22254722;🔵 Outras Escolas (4.444);2
22268715;🔵 Outras Escolas (4.444);2
22310762;🔵 Outras Escolas (4.444);2
23062541;🔵 Outras Escolas (4.444);2
23062622;🔵 Outras Escolas (4.444);2
23063440;🔵 Outras Escolas (4.444);2
23232390;🔵 Outras Escolas (4.444);2
23275448;🔵 Outras Escolas (4.444);2
23062495;🔵 Outras Escolas (4.444);2
23162902;🔵 Outras Escolas (4.444);2
23163240;🔵 Outras Escolas (4.444);2
23163348;🔵 Outras Escolas (4.444);2
23350628;🔵 Outras Escolas (4.444);2
23065591;🔵 Outras Escolas (4.444);2
23065672;🔵 Outras Escolas (4.444);2
23065893;🔵 Outras Escolas (4.444);2
23066148;🔵 Outras Escolas (4.444);2
23066644;🔵 Outras Escolas (4.444);2
23066814;🔵 Outras Escolas (4.444);2
23067071;🔵 Outras Escolas (4.444);2
23067845;🔵 Outras Escolas (4.444);2
23068140;🔵 Outras Escolas (4.444);2
23069864;🔵 Outras Escolas (4.444);2
23070064;🔵 Outras Escolas (4.444);2
23070153;🔵 Outras Escolas (4.444);2
23070340;🔵 Outras Escolas (4.444);2
23070722;🔵 Outras Escolas (4.444);2
23070730;🔵 Outras Escolas (4.444);2
23071036;🔵 Outras Escolas (4.444);2
23071133;🔵 Outras Escolas (4.444);2
23071141;🔵 Outras Escolas (4.444);2
23071346;🔵 Outras Escolas (4.444);2
23071400;🔵 Outras Escolas (4.444);2
23071923;🔵 Outras Escolas (4.444);2
23071958;🔵 Outras Escolas (4.444);2
23072741;🔵 Outras Escolas (4.444);2
23072873;🔵 Outras Escolas (4.444);2
23072881;🔵 Outras Escolas (4.444);2
23073012;🔵 Outras Escolas (4.444);2
23073209;🔵 Outras Escolas (4.444);2
23073233;🔵 Outras Escolas (4.444);2
23073306;🔵 Outras Escolas (4.444);2
23074248;🔵 Outras Escolas (4.444);2
23074264;🔵 Outras Escolas (4.444);2
23075961;🔵 Outras Escolas (4.444);2
23076046;🔵 Outras Escolas (4.444);2
23076208;🔵 Outras Escolas (4.444);2
23076259;🔵 Outras Escolas (4.444);2
23076658;🔵 Outras Escolas (4.444);2
23077042;🔵 Outras Escolas (4.444);2
23077409;🔵 Outras Escolas (4.444);2
23077484;🔵 Outras Escolas (4.444);2
23077549;🔵 Outras Escolas (4.444);2
23077557;🔵 Outras Escolas (4.444);2
23078081;🔵 Outras Escolas (4.444);2
23078251;🔵 Outras Escolas (4.444);2
23185244;🔵 Outras Escolas (4.444);2
23186259;🔵 Outras Escolas (4.444);2
23186704;🔵 Outras Escolas (4.444);2
23186763;🔵 Outras Escolas (4.444);2
23187867;🔵 Outras Escolas (4.444);2
23190710;🔵 Outras Escolas (4.444);2
23194669;🔵 Outras Escolas (4.444);2
23199407;🔵 Outras Escolas (4.444);2
23206373;🔵 Outras Escolas (4.444);2
23211237;🔵 Outras Escolas (4.444);2
23212020;🔵 Outras Escolas (4.444);2
23225890;🔵 Outras Escolas (4.444);2
23232242;🔵 Outras Escolas (4.444);2
23235250;🔵 Outras Escolas (4.444);2
23235497;🔵 Outras Escolas (4.444);2
23235543;🔵 Outras Escolas (4.444);2
23235900;🔵 Outras Escolas (4.444);2
23235950;🔵 Outras Escolas (4.444);2
23236051;🔵 Outras Escolas (4.444);2
23236710;🔵 Outras Escolas (4.444);2
23243163;🔵 Outras Escolas (4.444);2
23243350;🔵 Outras Escolas (4.444);2
23243597;🔵 Outras Escolas (4.444);2
23245468;🔵 Outras Escolas (4.444);2
23245573;🔵 Outras Escolas (4.444);2
23245980;🔵 Outras Escolas (4.444);2
23246561;🔵 Outras Escolas (4.444);2
23246847;🔵 Outras Escolas (4.444);2
23246871;🔵 Outras Escolas (4.444);2
23246880;🔵 Outras Escolas (4.444);2
23247088;🔵 Outras Escolas (4.444);2
23251832;🔵 Outras Escolas (4.444);2
23251859;🔵 Outras Escolas (4.444);2
23252464;🔵 Outras Escolas (4.444);2
23252499;🔵 Outras Escolas (4.444);2
23258748;🔵 Outras Escolas (4.444);2
23259159;🔵 Outras Escolas (4.444);2
23263741;🔵 Outras Escolas (4.444);2
23265892;🔵 Outras Escolas (4.444);2
23267151;🔵 Outras Escolas (4.444);2
23267194;🔵 Outras Escolas (4.444);2
23267658;🔵 Outras Escolas (4.444);2
23268506;🔵 Outras Escolas (4.444);2
23269065;🔵 Outras Escolas (4.444);2
23269316;🔵 Outras Escolas (4.444);2
23271469;🔵 Outras Escolas (4.444);2
23272015;🔵 Outras Escolas (4.444);2
23272333;🔵 Outras Escolas (4.444);2
23272430;🔵 Outras Escolas (4.444);2
23274719;🔵 Outras Escolas (4.444);2
23274859;🔵 Outras Escolas (4.444);2
23275189;🔵 Outras Escolas (4.444);2
23275308;🔵 Outras Escolas (4.444);2
23275871;🔵 Outras Escolas (4.444);2
23275936;🔵 Outras Escolas (4.444);2
23275987;🔵 Outras Escolas (4.444);2
23276002;🔵 Outras Escolas (4.444);2
23276142;🔵 Outras Escolas (4.444);2
23277050;🔵 Outras Escolas (4.444);2
23277467;🔵 Outras Escolas (4.444);2
23280859;🔵 Outras Escolas (4.444);2
23282339;🔵 Outras Escolas (4.444);2
23282720;🔵 Outras Escolas (4.444);2
23334266;🔵 Outras Escolas (4.444);2
23395630;🔵 Outras Escolas (4.444);2
23462442;🔵 Outras Escolas (4.444);2
23462450;🔵 Outras Escolas (4.444);2
23462604;🔵 Outras Escolas (4.444);2
23491035;🔵 Outras Escolas (4.444);2
23498994;🔵 Outras Escolas (4.444);2
23182016;🔵 Outras Escolas (4.444);2
23165049;🔵 Outras Escolas (4.444);2
23165391;🔵 Outras Escolas (4.444);2
23165901;🔵 Outras Escolas (4.444);2
23165952;🔵 Outras Escolas (4.444);2
23192020;🔵 Outras Escolas (4.444);2
23276649;🔵 Outras Escolas (4.444);2
23079843;🔵 Outras Escolas (4.444);2
23081430;🔵 Outras Escolas (4.444);2
23081457;🔵 Outras Escolas (4.444);2
23276320;🔵 Outras Escolas (4.444);2
23082321;🔵 Outras Escolas (4.444);2
23082585;🔵 Outras Escolas (4.444);2
23232234;🔵 Outras Escolas (4.444);2
23232307;🔵 Outras Escolas (4.444);2
23024690;🔵 Outras Escolas (4.444);2
23025255;🔵 Outras Escolas (4.444);2
23025310;🔵 Outras Escolas (4.444);2
23025530;🔵 Outras Escolas (4.444);2
23025646;🔵 Outras Escolas (4.444);2
24056243;🔵 Outras Escolas (4.444);2
24056278;🔵 Outras Escolas (4.444);2
24080411;🔵 Outras Escolas (4.444);2
24080462;🔵 Outras Escolas (4.444);2
24083453;🔵 Outras Escolas (4.444);2
24083550;🔵 Outras Escolas (4.444);2
24085081;🔵 Outras Escolas (4.444);2
24085499;🔵 Outras Escolas (4.444);2
24086770;🔵 Outras Escolas (4.444);2
24087181;🔵 Outras Escolas (4.444);2
24089303;🔵 Outras Escolas (4.444);2
24281301;🔵 Outras Escolas (4.444);2
24344320;🔵 Outras Escolas (4.444);2
24001260;🔵 Outras Escolas (4.444);2
24001295;🔵 Outras Escolas (4.444);2
24002526;🔵 Outras Escolas (4.444);2
24003492;🔵 Outras Escolas (4.444);2
24003581;🔵 Outras Escolas (4.444);2
24003638;🔵 Outras Escolas (4.444);2
24003646;🔵 Outras Escolas (4.444);2
24003662;🔵 Outras Escolas (4.444);2
24073784;🔵 Outras Escolas (4.444);2
24074667;🔵 Outras Escolas (4.444);2
24089150;🔵 Outras Escolas (4.444);2
24090034;🔵 Outras Escolas (4.444);2
24091260;🔵 Outras Escolas (4.444);2
24057002;🔵 Outras Escolas (4.444);2
24057061;🔵 Outras Escolas (4.444);2
24057096;🔵 Outras Escolas (4.444);2
24057126;🔵 Outras Escolas (4.444);2
24057134;🔵 Outras Escolas (4.444);2
24057169;🔵 Outras Escolas (4.444);2
24057193;🔵 Outras Escolas (4.444);2
24057207;🔵 Outras Escolas (4.444);2
24057444;🔵 Outras Escolas (4.444);2
24059250;🔵 Outras Escolas (4.444);2
24059277;🔵 Outras Escolas (4.444);2
24059293;🔵 Outras Escolas (4.444);2
24059323;🔵 Outras Escolas (4.444);2
24059340;🔵 Outras Escolas (4.444);2
24059692;🔵 Outras Escolas (4.444);2
24059706;🔵 Outras Escolas (4.444);2
24059935;🔵 Outras Escolas (4.444);2
24064068;🔵 Outras Escolas (4.444);2
24067911;🔵 Outras Escolas (4.444);2
24069140;🔵 Outras Escolas (4.444);2
24069191;🔵 Outras Escolas (4.444);2
24069329;🔵 Outras Escolas (4.444);2
24069388;🔵 Outras Escolas (4.444);2
24069515;🔵 Outras Escolas (4.444);2
24078131;🔵 Outras Escolas (4.444);2
24078140;🔵 Outras Escolas (4.444);2
24078450;🔵 Outras Escolas (4.444);2
24080837;🔵 Outras Escolas (4.444);2
24083186;🔵 Outras Escolas (4.444);2
24084140;🔵 Outras Escolas (4.444);2
24084263;🔵 Outras Escolas (4.444);2
24085634;🔵 Outras Escolas (4.444);2
24087114;🔵 Outras Escolas (4.444);2
24087157;🔵 Outras Escolas (4.444);2
24087505;🔵 Outras Escolas (4.444);2
24088439;🔵 Outras Escolas (4.444);2
24088846;🔵 Outras Escolas (4.444);2
24089133;🔵 Outras Escolas (4.444);2
24089214;🔵 Outras Escolas (4.444);2
24089397;🔵 Outras Escolas (4.444);2
24089478;🔵 Outras Escolas (4.444);2
24090115;🔵 Outras Escolas (4.444);2
24097004;🔵 Outras Escolas (4.444);2
24097403;🔵 Outras Escolas (4.444);2
24285323;🔵 Outras Escolas (4.444);2
24294306;🔵 Outras Escolas (4.444);2
24334308;🔵 Outras Escolas (4.444);2
24350303;🔵 Outras Escolas (4.444);2
25071009;🔵 Outras Escolas (4.444);2
25071068;🔵 Outras Escolas (4.444);2
25071106;🔵 Outras Escolas (4.444);2
25071491;🔵 Outras Escolas (4.444);2
25071513;🔵 Outras Escolas (4.444);2
25073214;🔵 Outras Escolas (4.444);2
25075551;🔵 Outras Escolas (4.444);2
25107909;🔵 Outras Escolas (4.444);2
25125672;🔵 Outras Escolas (4.444);2
25127020;🔵 Outras Escolas (4.444);2
25130676;🔵 Outras Escolas (4.444);2
25131176;🔵 Outras Escolas (4.444);2
25133519;🔵 Outras Escolas (4.444);2
25134167;🔵 Outras Escolas (4.444);2
25134426;🔵 Outras Escolas (4.444);2
25135430;🔵 Outras Escolas (4.444);2
25135660;🔵 Outras Escolas (4.444);2
25206800;🔵 Outras Escolas (4.444);2
25213806;🔵 Outras Escolas (4.444);2
25092260;🔵 Outras Escolas (4.444);2
25092448;🔵 Outras Escolas (4.444);2
25092901;🔵 Outras Escolas (4.444);2
25093037;🔵 Outras Escolas (4.444);2
25093061;🔵 Outras Escolas (4.444);2
25093088;🔵 Outras Escolas (4.444);2
25093096;🔵 Outras Escolas (4.444);2
25093665;🔵 Outras Escolas (4.444);2
25093703;🔵 Outras Escolas (4.444);2
25097326;🔵 Outras Escolas (4.444);2
25097539;🔵 Outras Escolas (4.444);2
25097628;🔵 Outras Escolas (4.444);2
25097784;🔵 Outras Escolas (4.444);2
25097938;🔵 Outras Escolas (4.444);2
25098080;🔵 Outras Escolas (4.444);2
25098306;🔵 Outras Escolas (4.444);2
25098314;🔵 Outras Escolas (4.444);2
25098349;🔵 Outras Escolas (4.444);2
25098578;🔵 Outras Escolas (4.444);2
25115260;🔵 Outras Escolas (4.444);2
25117050;🔵 Outras Escolas (4.444);2
25117254;🔵 Outras Escolas (4.444);2
25119826;🔵 Outras Escolas (4.444);2
25120298;🔵 Outras Escolas (4.444);2
25123785;🔵 Outras Escolas (4.444);2
25124170;🔵 Outras Escolas (4.444);2
25124528;🔵 Outras Escolas (4.444);2
25125494;🔵 Outras Escolas (4.444);2
25125605;🔵 Outras Escolas (4.444);2
25125958;🔵 Outras Escolas (4.444);2
25125966;🔵 Outras Escolas (4.444);2
25126210;🔵 Outras Escolas (4.444);2
25126229;🔵 Outras Escolas (4.444);2
25128213;🔵 Outras Escolas (4.444);2
25128558;🔵 Outras Escolas (4.444);2
25129139;🔵 Outras Escolas (4.444);2
25129899;🔵 Outras Escolas (4.444);2
25130730;🔵 Outras Escolas (4.444);2
25131036;🔵 Outras Escolas (4.444);2
25132059;🔵 Outras Escolas (4.444);2
25132369;🔵 Outras Escolas (4.444);2
25132598;🔵 Outras Escolas (4.444);2
25132687;🔵 Outras Escolas (4.444);2
25133012;🔵 Outras Escolas (4.444);2
25133454;🔵 Outras Escolas (4.444);2
25133748;🔵 Outras Escolas (4.444);2
25133861;🔵 Outras Escolas (4.444);2
25133985;🔵 Outras Escolas (4.444);2
25134027;🔵 Outras Escolas (4.444);2
25153811;🔵 Outras Escolas (4.444);2
25153820;🔵 Outras Escolas (4.444);2
25154001;🔵 Outras Escolas (4.444);2
25266942;🔵 Outras Escolas (4.444);2
25306936;🔵 Outras Escolas (4.444);2
25020684;🔵 Outras Escolas (4.444);2
25021885;🔵 Outras Escolas (4.444);2
25132750;🔵 Outras Escolas (4.444);2
25164805;🔵 Outras Escolas (4.444);2
25226800;🔵 Outras Escolas (4.444);2
25098829;🔵 Outras Escolas (4.444);2
25098896;🔵 Outras Escolas (4.444);2
25099540;🔵 Outras Escolas (4.444);2
25099868;🔵 Outras Escolas (4.444);2
25118102;🔵 Outras Escolas (4.444);2
25118374;🔵 Outras Escolas (4.444);2
26129680;🔵 Outras Escolas (4.444);2
26183366;🔵 Outras Escolas (4.444);2
26186896;🔵 Outras Escolas (4.444);2
26193230;🔵 Outras Escolas (4.444);2
26107503;🔵 Outras Escolas (4.444);2
26163454;🔵 Outras Escolas (4.444);2
26174588;🔵 Outras Escolas (4.444);2
26179350;🔵 Outras Escolas (4.444);2
26182076;🔵 Outras Escolas (4.444);2
26193825;🔵 Outras Escolas (4.444);2
26234610;🔵 Outras Escolas (4.444);2
26053837;🔵 Outras Escolas (4.444);2
26053861;🔵 Outras Escolas (4.444);2
26053993;🔵 Outras Escolas (4.444);2
26055198;🔵 Outras Escolas (4.444);2
26055686;🔵 Outras Escolas (4.444);2
26151553;🔵 Outras Escolas (4.444);2
26179890;🔵 Outras Escolas (4.444);2
26184419;🔵 Outras Escolas (4.444);2
26184834;🔵 Outras Escolas (4.444);2
26185539;🔵 Outras Escolas (4.444);2
26441713;🔵 Outras Escolas (4.444);2
26075431;🔵 Outras Escolas (4.444);2
26075440;🔵 Outras Escolas (4.444);2
26075458;🔵 Outras Escolas (4.444);2
26075474;🔵 Outras Escolas (4.444);2
26105810;🔵 Outras Escolas (4.444);2
26147505;🔵 Outras Escolas (4.444);2
26108585;🔵 Outras Escolas (4.444);2
26110091;🔵 Outras Escolas (4.444);2
26110105;🔵 Outras Escolas (4.444);2
26111632;🔵 Outras Escolas (4.444);2
26137950;🔵 Outras Escolas (4.444);2
26138565;🔵 Outras Escolas (4.444);2
26138590;🔵 Outras Escolas (4.444);2
26139146;🔵 Outras Escolas (4.444);2
26168243;🔵 Outras Escolas (4.444);2
26171414;🔵 Outras Escolas (4.444);2
26175240;🔵 Outras Escolas (4.444);2
26177536;🔵 Outras Escolas (4.444);2
26191423;🔵 Outras Escolas (4.444);2
26193450;🔵 Outras Escolas (4.444);2
26529807;🔵 Outras Escolas (4.444);2
26109549;🔵 Outras Escolas (4.444);2
26110130;🔵 Outras Escolas (4.444);2
26110598;🔵 Outras Escolas (4.444);2
26111772;🔵 Outras Escolas (4.444);2
26146290;🔵 Outras Escolas (4.444);2
26157373;🔵 Outras Escolas (4.444);2
26175207;🔵 Outras Escolas (4.444);2
26112558;🔵 Outras Escolas (4.444);2
26112680;🔵 Outras Escolas (4.444);2
26135465;🔵 Outras Escolas (4.444);2
26135490;🔵 Outras Escolas (4.444);2
26135811;🔵 Outras Escolas (4.444);2
26137968;🔵 Outras Escolas (4.444);2
26138611;🔵 Outras Escolas (4.444);2
26142716;🔵 Outras Escolas (4.444);2
26150760;🔵 Outras Escolas (4.444);2
26162210;🔵 Outras Escolas (4.444);2
26190494;🔵 Outras Escolas (4.444);2
26224658;🔵 Outras Escolas (4.444);2
26320614;🔵 Outras Escolas (4.444);2
26115450;🔵 Outras Escolas (4.444);2
26115557;🔵 Outras Escolas (4.444);2
26116499;🔵 Outras Escolas (4.444);2
26116987;🔵 Outras Escolas (4.444);2
26117282;🔵 Outras Escolas (4.444);2
26117525;🔵 Outras Escolas (4.444);2
26137255;🔵 Outras Escolas (4.444);2
26157233;🔵 Outras Escolas (4.444);2
26171155;🔵 Outras Escolas (4.444);2
26179199;🔵 Outras Escolas (4.444);2
26179679;🔵 Outras Escolas (4.444);2
26182157;🔵 Outras Escolas (4.444);2
26182211;🔵 Outras Escolas (4.444);2
26190265;🔵 Outras Escolas (4.444);2
26033909;🔵 Outras Escolas (4.444);2
26033925;🔵 Outras Escolas (4.444);2
26033950;🔵 Outras Escolas (4.444);2
26036070;🔵 Outras Escolas (4.444);2
26132028;🔵 Outras Escolas (4.444);2
26186225;🔵 Outras Escolas (4.444);2
26192713;🔵 Outras Escolas (4.444);2
26193957;🔵 Outras Escolas (4.444);2
26110504;🔵 Outras Escolas (4.444);2
26117584;🔵 Outras Escolas (4.444);2
26117991;🔵 Outras Escolas (4.444);2
26118149;🔵 Outras Escolas (4.444);2
26118165;🔵 Outras Escolas (4.444);2
26118181;🔵 Outras Escolas (4.444);2
26118211;🔵 Outras Escolas (4.444);2
26118262;🔵 Outras Escolas (4.444);2
26118270;🔵 Outras Escolas (4.444);2
26120208;🔵 Outras Escolas (4.444);2
26120224;🔵 Outras Escolas (4.444);2
26120968;🔵 Outras Escolas (4.444);2
26121182;🔵 Outras Escolas (4.444);2
26121328;🔵 Outras Escolas (4.444);2
26121379;🔵 Outras Escolas (4.444);2
26121484;🔵 Outras Escolas (4.444);2
26121506;🔵 Outras Escolas (4.444);2
26121514;🔵 Outras Escolas (4.444);2
26122081;🔵 Outras Escolas (4.444);2
26122090;🔵 Outras Escolas (4.444);2
26122154;🔵 Outras Escolas (4.444);2
26122162;🔵 Outras Escolas (4.444);2
26122170;🔵 Outras Escolas (4.444);2
26122235;🔵 Outras Escolas (4.444);2
26122359;🔵 Outras Escolas (4.444);2
26124220;🔵 Outras Escolas (4.444);2
26125234;🔵 Outras Escolas (4.444);2
26125404;🔵 Outras Escolas (4.444);2
26125625;🔵 Outras Escolas (4.444);2
26125668;🔵 Outras Escolas (4.444);2
26127091;🔵 Outras Escolas (4.444);2
26127580;🔵 Outras Escolas (4.444);2
26127750;🔵 Outras Escolas (4.444);2
26127890;🔵 Outras Escolas (4.444);2
26128853;🔵 Outras Escolas (4.444);2
26133199;🔵 Outras Escolas (4.444);2
26133776;🔵 Outras Escolas (4.444);2
26137631;🔵 Outras Escolas (4.444);2
26140870;🔵 Outras Escolas (4.444);2
26143178;🔵 Outras Escolas (4.444);2
26143330;🔵 Outras Escolas (4.444);2
26152630;🔵 Outras Escolas (4.444);2
26152819;🔵 Outras Escolas (4.444);2
26153050;🔵 Outras Escolas (4.444);2
26153084;🔵 Outras Escolas (4.444);2
26156202;🔵 Outras Escolas (4.444);2
26160307;🔵 Outras Escolas (4.444);2
26162016;🔵 Outras Escolas (4.444);2
26163039;🔵 Outras Escolas (4.444);2
26170469;🔵 Outras Escolas (4.444);2
26170515;🔵 Outras Escolas (4.444);2
26172852;🔵 Outras Escolas (4.444);2
26173280;🔵 Outras Escolas (4.444);2
26178133;🔵 Outras Escolas (4.444);2
26180200;🔵 Outras Escolas (4.444);2
26180863;🔵 Outras Escolas (4.444);2
26181231;🔵 Outras Escolas (4.444);2
26181266;🔵 Outras Escolas (4.444);2
26187353;🔵 Outras Escolas (4.444);2
26187507;🔵 Outras Escolas (4.444);2
26187604;🔵 Outras Escolas (4.444);2
26189020;🔵 Outras Escolas (4.444);2
26189569;🔵 Outras Escolas (4.444);2
26190451;🔵 Outras Escolas (4.444);2
26193221;🔵 Outras Escolas (4.444);2
26194236;🔵 Outras Escolas (4.444);2
26194619;🔵 Outras Escolas (4.444);2
26197405;🔵 Outras Escolas (4.444);2
26205602;🔵 Outras Escolas (4.444);2
26289601;🔵 Outras Escolas (4.444);2
26440733;🔵 Outras Escolas (4.444);2
26489716;🔵 Outras Escolas (4.444);2
26534711;🔵 Outras Escolas (4.444);2
26174774;🔵 Outras Escolas (4.444);2
26177552;🔵 Outras Escolas (4.444);2
26094681;🔵 Outras Escolas (4.444);2
26095882;🔵 Outras Escolas (4.444);2
26095904;🔵 Outras Escolas (4.444);2
26095912;🔵 Outras Escolas (4.444);2
26144840;🔵 Outras Escolas (4.444);2
26156318;🔵 Outras Escolas (4.444);2
26188090;🔵 Outras Escolas (4.444);2
27016315;🔵 Outras Escolas (4.444);2
27016439;🔵 Outras Escolas (4.444);2
27049035;🔵 Outras Escolas (4.444);2
27053431;🔵 Outras Escolas (4.444);2
27055043;🔵 Outras Escolas (4.444);2
27056589;🔵 Outras Escolas (4.444);2
27215083;🔵 Outras Escolas (4.444);2
27215180;🔵 Outras Escolas (4.444);2
27224821;🔵 Outras Escolas (4.444);2
27227189;🔵 Outras Escolas (4.444);2
27230619;🔵 Outras Escolas (4.444);2
27234606;🔵 Outras Escolas (4.444);2
27235009;🔵 Outras Escolas (4.444);2
27255018;🔵 Outras Escolas (4.444);2
27258009;🔵 Outras Escolas (4.444);2
27034780;🔵 Outras Escolas (4.444);2
27034844;🔵 Outras Escolas (4.444);2
27034895;🔵 Outras Escolas (4.444);2
27035000;🔵 Outras Escolas (4.444);2
27035018;🔵 Outras Escolas (4.444);2
27035514;🔵 Outras Escolas (4.444);2
27035816;🔵 Outras Escolas (4.444);2
27036510;🔵 Outras Escolas (4.444);2
27037169;🔵 Outras Escolas (4.444);2
27037380;🔵 Outras Escolas (4.444);2
27038440;🔵 Outras Escolas (4.444);2
27046362;🔵 Outras Escolas (4.444);2
27046443;🔵 Outras Escolas (4.444);2
27046877;🔵 Outras Escolas (4.444);2
27046907;🔵 Outras Escolas (4.444);2
27047270;🔵 Outras Escolas (4.444);2
27047431;🔵 Outras Escolas (4.444);2
27048225;🔵 Outras Escolas (4.444);2
27049140;🔵 Outras Escolas (4.444);2
27050289;🔵 Outras Escolas (4.444);2
27051625;🔵 Outras Escolas (4.444);2
27051889;🔵 Outras Escolas (4.444);2
27053008;🔵 Outras Escolas (4.444);2
27053717;🔵 Outras Escolas (4.444);2
27053997;🔵 Outras Escolas (4.444);2
27054195;🔵 Outras Escolas (4.444);2
27054500;🔵 Outras Escolas (4.444);2
27054551;🔵 Outras Escolas (4.444);2
27054578;🔵 Outras Escolas (4.444);2
27055388;🔵 Outras Escolas (4.444);2
27056910;🔵 Outras Escolas (4.444);2
27214400;🔵 Outras Escolas (4.444);2
27214737;🔵 Outras Escolas (4.444);2
27214915;🔵 Outras Escolas (4.444);2
27215512;🔵 Outras Escolas (4.444);2
27216381;🔵 Outras Escolas (4.444);2
27216705;🔵 Outras Escolas (4.444);2
27216845;🔵 Outras Escolas (4.444);2
27218180;🔵 Outras Escolas (4.444);2
27218198;🔵 Outras Escolas (4.444);2
27218244;🔵 Outras Escolas (4.444);2
27220885;🔵 Outras Escolas (4.444);2
27223213;🔵 Outras Escolas (4.444);2
27223361;🔵 Outras Escolas (4.444);2
27224953;🔵 Outras Escolas (4.444);2
27225909;🔵 Outras Escolas (4.444);2
27226115;🔵 Outras Escolas (4.444);2
27226220;🔵 Outras Escolas (4.444);2
27226620;🔵 Outras Escolas (4.444);2
27230015;🔵 Outras Escolas (4.444);2
27230430;🔵 Outras Escolas (4.444);2
27230627;🔵 Outras Escolas (4.444);2
27285006;🔵 Outras Escolas (4.444);2
27320022;🔵 Outras Escolas (4.444);2
27321010;🔵 Outras Escolas (4.444);2
27321029;🔵 Outras Escolas (4.444);2
27324028;🔵 Outras Escolas (4.444);2
27326012;🔵 Outras Escolas (4.444);2
27342018;🔵 Outras Escolas (4.444);2
27347010;🔵 Outras Escolas (4.444);2
27368017;🔵 Outras Escolas (4.444);2
28017242;🔵 Outras Escolas (4.444);2
28017366;🔵 Outras Escolas (4.444);2
28017463;🔵 Outras Escolas (4.444);2
28017480;🔵 Outras Escolas (4.444);2
28017757;🔵 Outras Escolas (4.444);2
28017773;🔵 Outras Escolas (4.444);2
28017781;🔵 Outras Escolas (4.444);2
28017803;🔵 Outras Escolas (4.444);2
28017820;🔵 Outras Escolas (4.444);2
28017919;🔵 Outras Escolas (4.444);2
28017943;🔵 Outras Escolas (4.444);2
28017986;🔵 Outras Escolas (4.444);2
28018052;🔵 Outras Escolas (4.444);2
28018109;🔵 Outras Escolas (4.444);2
28019547;🔵 Outras Escolas (4.444);2
28019814;🔵 Outras Escolas (4.444);2
28020049;🔵 Outras Escolas (4.444);2
28020065;🔵 Outras Escolas (4.444);2
28031970;🔵 Outras Escolas (4.444);2
28032063;🔵 Outras Escolas (4.444);2
28032322;🔵 Outras Escolas (4.444);2
28032772;🔵 Outras Escolas (4.444);2
28032799;🔵 Outras Escolas (4.444);2
28033639;🔵 Outras Escolas (4.444);2
28034414;🔵 Outras Escolas (4.444);2
28035119;🔵 Outras Escolas (4.444);2
28035135;🔵 Outras Escolas (4.444);2
28035470;🔵 Outras Escolas (4.444);2
28035488;🔵 Outras Escolas (4.444);2
28036174;🔵 Outras Escolas (4.444);2
28037570;🔵 Outras Escolas (4.444);2
28037723;🔵 Outras Escolas (4.444);2
28037812;🔵 Outras Escolas (4.444);2
28042204;🔵 Outras Escolas (4.444);2
28042417;🔵 Outras Escolas (4.444);2
28067401;🔵 Outras Escolas (4.444);2
28072430;🔵 Outras Escolas (4.444);2
28075412;🔵 Outras Escolas (4.444);2
28075420;🔵 Outras Escolas (4.444);2
28106407;🔵 Outras Escolas (4.444);2
28006992;🔵 Outras Escolas (4.444);2
28007042;🔵 Outras Escolas (4.444);2
28007050;🔵 Outras Escolas (4.444);2
28031563;🔵 Outras Escolas (4.444);2
28032250;🔵 Outras Escolas (4.444);2
28033450;🔵 Outras Escolas (4.444);2
28037863;🔵 Outras Escolas (4.444);2
28020863;🔵 Outras Escolas (4.444);2
28076400;🔵 Outras Escolas (4.444);2
28079400;🔵 Outras Escolas (4.444);2
28110404;🔵 Outras Escolas (4.444);2
29149860;🔵 Outras Escolas (4.444);2
29149894;🔵 Outras Escolas (4.444);2
29149908;🔵 Outras Escolas (4.444);2
29332249;🔵 Outras Escolas (4.444);2
29392349;🔵 Outras Escolas (4.444);2
29399262;🔵 Outras Escolas (4.444);2
29641608;🔵 Outras Escolas (4.444);2
29353556;🔵 Outras Escolas (4.444);2
29433002;🔵 Outras Escolas (4.444);2
29436168;🔵 Outras Escolas (4.444);2
29472440;🔵 Outras Escolas (4.444);2
29482240;🔵 Outras Escolas (4.444);2
29398053;🔵 Outras Escolas (4.444);2
29398479;🔵 Outras Escolas (4.444);2
29422370;🔵 Outras Escolas (4.444);2
29455430;🔵 Outras Escolas (4.444);2
29478901;🔵 Outras Escolas (4.444);2
29480620;🔵 Outras Escolas (4.444);2
29396379;🔵 Outras Escolas (4.444);2
29569605;🔵 Outras Escolas (4.444);2
29318297;🔵 Outras Escolas (4.444);2
29318335;🔵 Outras Escolas (4.444);2
29318653;🔵 Outras Escolas (4.444);2
29354900;🔵 Outras Escolas (4.444);2
29093490;🔵 Outras Escolas (4.444);2
29093619;🔵 Outras Escolas (4.444);2
29093627;🔵 Outras Escolas (4.444);2
29093643;🔵 Outras Escolas (4.444);2
29094046;🔵 Outras Escolas (4.444);2
29342872;🔵 Outras Escolas (4.444);2
29342880;🔵 Outras Escolas (4.444);2
29365791;🔵 Outras Escolas (4.444);2
29365813;🔵 Outras Escolas (4.444);2
29380740;🔵 Outras Escolas (4.444);2
29380790;🔵 Outras Escolas (4.444);2
29383293;🔵 Outras Escolas (4.444);2
29410991;🔵 Outras Escolas (4.444);2
29417546;🔵 Outras Escolas (4.444);2
29437261;🔵 Outras Escolas (4.444);2
29441730;🔵 Outras Escolas (4.444);2
29446104;🔵 Outras Escolas (4.444);2
29447208;🔵 Outras Escolas (4.444);2
29460166;🔵 Outras Escolas (4.444);2
29494605;🔵 Outras Escolas (4.444);2
29301505;🔵 Outras Escolas (4.444);2
29301513;🔵 Outras Escolas (4.444);2
29301521;🔵 Outras Escolas (4.444);2
29388341;🔵 Outras Escolas (4.444);2
29406579;🔵 Outras Escolas (4.444);2
29450640;🔵 Outras Escolas (4.444);2
29304229;🔵 Outras Escolas (4.444);2
29304385;🔵 Outras Escolas (4.444);2
29304393;🔵 Outras Escolas (4.444);2
29304407;🔵 Outras Escolas (4.444);2
29304490;🔵 Outras Escolas (4.444);2
29456096;🔵 Outras Escolas (4.444);2
29478448;🔵 Outras Escolas (4.444);2
29227720;🔵 Outras Escolas (4.444);2
29408148;🔵 Outras Escolas (4.444);2
29408156;🔵 Outras Escolas (4.444);2
29467950;🔵 Outras Escolas (4.444);2
29024498;🔵 Outras Escolas (4.444);2
29024595;🔵 Outras Escolas (4.444);2
29441064;🔵 Outras Escolas (4.444);2
29178223;🔵 Outras Escolas (4.444);2
29359287;🔵 Outras Escolas (4.444);2
29428289;🔵 Outras Escolas (4.444);2
29456444;🔵 Outras Escolas (4.444);2
29460441;🔵 Outras Escolas (4.444);2
29468329;🔵 Outras Escolas (4.444);2
29530210;🔵 Outras Escolas (4.444);2
29609607;🔵 Outras Escolas (4.444);2
29427924;🔵 Outras Escolas (4.444);2
29432359;🔵 Outras Escolas (4.444);2
29451876;🔵 Outras Escolas (4.444);2
29480370;🔵 Outras Escolas (4.444);2
29034981;🔵 Outras Escolas (4.444);2
29365406;🔵 Outras Escolas (4.444);2
29389992;🔵 Outras Escolas (4.444);2
29343747;🔵 Outras Escolas (4.444);2
29439833;🔵 Outras Escolas (4.444);2
29451990;🔵 Outras Escolas (4.444);2
29714630;🔵 Outras Escolas (4.444);2
29738628;🔵 Outras Escolas (4.444);2
29447674;🔵 Outras Escolas (4.444);2
29179530;🔵 Outras Escolas (4.444);2
29179564;🔵 Outras Escolas (4.444);2
29179580;🔵 Outras Escolas (4.444);2
29180015;🔵 Outras Escolas (4.444);2
29180147;🔵 Outras Escolas (4.444);2
29180686;🔵 Outras Escolas (4.444);2
29181062;🔵 Outras Escolas (4.444);2
29181640;🔵 Outras Escolas (4.444);2
29181658;🔵 Outras Escolas (4.444);2
29181755;🔵 Outras Escolas (4.444);2
29181801;🔵 Outras Escolas (4.444);2
29181895;🔵 Outras Escolas (4.444);2
29181925;🔵 Outras Escolas (4.444);2
29182301;🔵 Outras Escolas (4.444);2
29182344;🔵 Outras Escolas (4.444);2
29182387;🔵 Outras Escolas (4.444);2
29182409;🔵 Outras Escolas (4.444);2
29182433;🔵 Outras Escolas (4.444);2
29182441;🔵 Outras Escolas (4.444);2
29182581;🔵 Outras Escolas (4.444);2
29182590;🔵 Outras Escolas (4.444);2
29182654;🔵 Outras Escolas (4.444);2
29183464;🔵 Outras Escolas (4.444);2
29183790;🔵 Outras Escolas (4.444);2
29184894;🔵 Outras Escolas (4.444);2
29188229;🔵 Outras Escolas (4.444);2
29189993;🔵 Outras Escolas (4.444);2
29190886;🔵 Outras Escolas (4.444);2
29191432;🔵 Outras Escolas (4.444);2
29191467;🔵 Outras Escolas (4.444);2
29192480;🔵 Outras Escolas (4.444);2
29195608;🔵 Outras Escolas (4.444);2
29196302;🔵 Outras Escolas (4.444);2
29198984;🔵 Outras Escolas (4.444);2
29199530;🔵 Outras Escolas (4.444);2
29199549;🔵 Outras Escolas (4.444);2
29199603;🔵 Outras Escolas (4.444);2
29200091;🔵 Outras Escolas (4.444);2
29343232;🔵 Outras Escolas (4.444);2
29343410;🔵 Outras Escolas (4.444);2
29364060;🔵 Outras Escolas (4.444);2
29365023;🔵 Outras Escolas (4.444);2
29393140;🔵 Outras Escolas (4.444);2
29393248;🔵 Outras Escolas (4.444);2
29396174;🔵 Outras Escolas (4.444);2
29422248;🔵 Outras Escolas (4.444);2
29422256;🔵 Outras Escolas (4.444);2
29422264;🔵 Outras Escolas (4.444);2
29422272;🔵 Outras Escolas (4.444);2
29422299;🔵 Outras Escolas (4.444);2
29422353;🔵 Outras Escolas (4.444);2
29427347;🔵 Outras Escolas (4.444);2
29436710;🔵 Outras Escolas (4.444);2
29441676;🔵 Outras Escolas (4.444);2
29442710;🔵 Outras Escolas (4.444);2
29442818;🔵 Outras Escolas (4.444);2
29442826;🔵 Outras Escolas (4.444);2
29446767;🔵 Outras Escolas (4.444);2
29447518;🔵 Outras Escolas (4.444);2
29448808;🔵 Outras Escolas (4.444);2
29451604;🔵 Outras Escolas (4.444);2
29452589;🔵 Outras Escolas (4.444);2
29454980;🔵 Outras Escolas (4.444);2
29458757;🔵 Outras Escolas (4.444);2
29459230;🔵 Outras Escolas (4.444);2
29459540;🔵 Outras Escolas (4.444);2
29461324;🔵 Outras Escolas (4.444);2
29463289;🔵 Outras Escolas (4.444);2
29471583;🔵 Outras Escolas (4.444);2
29473128;🔵 Outras Escolas (4.444);2
29475708;🔵 Outras Escolas (4.444);2
29477271;🔵 Outras Escolas (4.444);2
29478430;🔵 Outras Escolas (4.444);2
29478871;🔵 Outras Escolas (4.444);2
29482445;🔵 Outras Escolas (4.444);2
29483964;🔵 Outras Escolas (4.444);2
29483999;🔵 Outras Escolas (4.444);2
29485274;🔵 Outras Escolas (4.444);2
29485541;🔵 Outras Escolas (4.444);2
29486963;🔵 Outras Escolas (4.444);2
29487250;🔵 Outras Escolas (4.444);2
29488591;🔵 Outras Escolas (4.444);2
29494109;🔵 Outras Escolas (4.444);2
29642612;🔵 Outras Escolas (4.444);2
29806623;🔵 Outras Escolas (4.444);2
29171644;🔵 Outras Escolas (4.444);2
29171652;🔵 Outras Escolas (4.444);2
29400340;🔵 Outras Escolas (4.444);2
29406080;🔵 Outras Escolas (4.444);2
29472466;🔵 Outras Escolas (4.444);2
29480310;🔵 Outras Escolas (4.444);2
29201969;🔵 Outras Escolas (4.444);2
29469287;🔵 Outras Escolas (4.444);2
29327822;🔵 Outras Escolas (4.444);2
29328560;🔵 Outras Escolas (4.444);2
29478952;🔵 Outras Escolas (4.444);2
29489504;🔵 Outras Escolas (4.444);2
29277744;🔵 Outras Escolas (4.444);2
29277825;🔵 Outras Escolas (4.444);2
29279011;🔵 Outras Escolas (4.444);2
29279240;🔵 Outras Escolas (4.444);2
29279577;🔵 Outras Escolas (4.444);2
29433380;🔵 Outras Escolas (4.444);2
29452414;🔵 Outras Escolas (4.444);2
29458382;🔵 Outras Escolas (4.444);2
29459729;🔵 Outras Escolas (4.444);2
29470153;🔵 Outras Escolas (4.444);2
29486696;🔵 Outras Escolas (4.444);2
29542618;🔵 Outras Escolas (4.444);2
29608600;🔵 Outras Escolas (4.444);2
31170208;🔵 Outras Escolas (4.444);2
31170216;🔵 Outras Escolas (4.444);2
31239666;🔵 Outras Escolas (4.444);2
31278912;🔵 Outras Escolas (4.444);2
31340367;🔵 Outras Escolas (4.444);2
31166090;🔵 Outras Escolas (4.444);2
31166103;🔵 Outras Escolas (4.444);2
31218553;🔵 Outras Escolas (4.444);2
31371777;🔵 Outras Escolas (4.444);2
31018767;🔵 Outras Escolas (4.444);2
31018864;🔵 Outras Escolas (4.444);2
31371769;🔵 Outras Escolas (4.444);2
31376850;🔵 Outras Escolas (4.444);2
31003875;🔵 Outras Escolas (4.444);2
31004031;🔵 Outras Escolas (4.444);2
31004111;🔵 Outras Escolas (4.444);2
31004138;🔵 Outras Escolas (4.444);2
31004162;🔵 Outras Escolas (4.444);2
31004171;🔵 Outras Escolas (4.444);2
31004197;🔵 Outras Escolas (4.444);2
31004278;🔵 Outras Escolas (4.444);2
31004359;🔵 Outras Escolas (4.444);2
31004499;🔵 Outras Escolas (4.444);2
31004511;🔵 Outras Escolas (4.444);2
31004651;🔵 Outras Escolas (4.444);2
31004731;🔵 Outras Escolas (4.444);2
31004812;🔵 Outras Escolas (4.444);2
31004871;🔵 Outras Escolas (4.444);2
31004880;🔵 Outras Escolas (4.444);2
31004936;🔵 Outras Escolas (4.444);2
31004952;🔵 Outras Escolas (4.444);2
31004979;🔵 Outras Escolas (4.444);2
31005037;🔵 Outras Escolas (4.444);2
31005088;🔵 Outras Escolas (4.444);2
31005134;🔵 Outras Escolas (4.444);2
31005371;🔵 Outras Escolas (4.444);2
31005592;🔵 Outras Escolas (4.444);2
31005614;🔵 Outras Escolas (4.444);2
31005622;🔵 Outras Escolas (4.444);2
31005673;🔵 Outras Escolas (4.444);2
31005797;🔵 Outras Escolas (4.444);2
31005916;🔵 Outras Escolas (4.444);2
31005975;🔵 Outras Escolas (4.444);2
31006009;🔵 Outras Escolas (4.444);2
31006092;🔵 Outras Escolas (4.444);2
31006157;🔵 Outras Escolas (4.444);2
31006165;🔵 Outras Escolas (4.444);2
31006238;🔵 Outras Escolas (4.444);2
31006386;🔵 Outras Escolas (4.444);2
31006394;🔵 Outras Escolas (4.444);2
31006424;🔵 Outras Escolas (4.444);2
31006491;🔵 Outras Escolas (4.444);2
31006513;🔵 Outras Escolas (4.444);2
31006629;🔵 Outras Escolas (4.444);2
31006998;🔵 Outras Escolas (4.444);2
31007111;🔵 Outras Escolas (4.444);2
31007153;🔵 Outras Escolas (4.444);2
31007196;🔵 Outras Escolas (4.444);2
31007498;🔵 Outras Escolas (4.444);2
31007561;🔵 Outras Escolas (4.444);2
31210048;🔵 Outras Escolas (4.444);2
31217123;🔵 Outras Escolas (4.444);2
31217263;🔵 Outras Escolas (4.444);2
31244457;🔵 Outras Escolas (4.444);2
31253995;🔵 Outras Escolas (4.444);2
31257397;🔵 Outras Escolas (4.444);2
31257583;🔵 Outras Escolas (4.444);2
31258644;🔵 Outras Escolas (4.444);2
31260631;🔵 Outras Escolas (4.444);2
31290157;🔵 Outras Escolas (4.444);2
31294039;🔵 Outras Escolas (4.444);2
31294110;🔵 Outras Escolas (4.444);2
31300454;🔵 Outras Escolas (4.444);2
31309711;🔵 Outras Escolas (4.444);2
31309753;🔵 Outras Escolas (4.444);2
31314749;🔵 Outras Escolas (4.444);2
31320404;🔵 Outras Escolas (4.444);2
31322873;🔵 Outras Escolas (4.444);2
31324663;🔵 Outras Escolas (4.444);2
31329282;🔵 Outras Escolas (4.444);2
31332780;🔵 Outras Escolas (4.444);2
31340391;🔵 Outras Escolas (4.444);2
31346420;🔵 Outras Escolas (4.444);2
31350664;🔵 Outras Escolas (4.444);2
31351725;🔵 Outras Escolas (4.444);2
31358428;🔵 Outras Escolas (4.444);2
31358541;🔵 Outras Escolas (4.444);2
31362417;🔵 Outras Escolas (4.444);2
31363294;🔵 Outras Escolas (4.444);2
31364860;🔵 Outras Escolas (4.444);2
31365424;🔵 Outras Escolas (4.444);2
31365874;🔵 Outras Escolas (4.444);2
31365904;🔵 Outras Escolas (4.444);2
31368342;🔵 Outras Escolas (4.444);2
31369772;🔵 Outras Escolas (4.444);2
31369977;🔵 Outras Escolas (4.444);2
31370258;🔵 Outras Escolas (4.444);2
31373990;🔵 Outras Escolas (4.444);2
31374180;🔵 Outras Escolas (4.444);2
31374555;🔵 Outras Escolas (4.444);2
31374865;🔵 Outras Escolas (4.444);2
31377503;🔵 Outras Escolas (4.444);2
31377759;🔵 Outras Escolas (4.444);2
31378313;🔵 Outras Escolas (4.444);2
31379832;🔵 Outras Escolas (4.444);2
31380342;🔵 Outras Escolas (4.444);2
31384275;🔵 Outras Escolas (4.444);2
31385433;🔵 Outras Escolas (4.444);2
31387860;🔵 Outras Escolas (4.444);2
31388220;🔵 Outras Escolas (4.444);2
31005789;🔵 Outras Escolas (4.444);2
31294047;🔵 Outras Escolas (4.444);2
31007587;🔵 Outras Escolas (4.444);2
31246468;🔵 Outras Escolas (4.444);2
31375233;🔵 Outras Escolas (4.444);2
31013935;🔵 Outras Escolas (4.444);2
31223123;🔵 Outras Escolas (4.444);2
31235555;🔵 Outras Escolas (4.444);2
31276651;🔵 Outras Escolas (4.444);2
31353906;🔵 Outras Escolas (4.444);2
31196177;🔵 Outras Escolas (4.444);2
31210595;🔵 Outras Escolas (4.444);2
31305235;🔵 Outras Escolas (4.444);2
31339989;🔵 Outras Escolas (4.444);2
31014061;🔵 Outras Escolas (4.444);2
31014150;🔵 Outras Escolas (4.444);2
31014206;🔵 Outras Escolas (4.444);2
31236926;🔵 Outras Escolas (4.444);2
31236934;🔵 Outras Escolas (4.444);2
31265578;🔵 Outras Escolas (4.444);2
31267007;🔵 Outras Escolas (4.444);2
31277177;🔵 Outras Escolas (4.444);2
31279099;🔵 Outras Escolas (4.444);2
31279102;🔵 Outras Escolas (4.444);2
31310891;🔵 Outras Escolas (4.444);2
31376310;🔵 Outras Escolas (4.444);2
31014087;🔵 Outras Escolas (4.444);2
31277185;🔵 Outras Escolas (4.444);2
31357120;🔵 Outras Escolas (4.444);2
31193020;🔵 Outras Escolas (4.444);2
31193038;🔵 Outras Escolas (4.444);2
31238180;🔵 Outras Escolas (4.444);2
31041181;🔵 Outras Escolas (4.444);2
31041190;🔵 Outras Escolas (4.444);2
31041262;🔵 Outras Escolas (4.444);2
31281921;🔵 Outras Escolas (4.444);2
31291986;🔵 Outras Escolas (4.444);2
31371726;🔵 Outras Escolas (4.444);2
31374644;🔵 Outras Escolas (4.444);2
31376051;🔵 Outras Escolas (4.444);2
31053953;🔵 Outras Escolas (4.444);2
31054011;🔵 Outras Escolas (4.444);2
31054071;🔵 Outras Escolas (4.444);2
31054135;🔵 Outras Escolas (4.444);2
31280135;🔵 Outras Escolas (4.444);2
31329762;🔵 Outras Escolas (4.444);2
31193071;🔵 Outras Escolas (4.444);2
31193097;🔵 Outras Escolas (4.444);2
31193160;🔵 Outras Escolas (4.444);2
31251763;🔵 Outras Escolas (4.444);2
31261564;🔵 Outras Escolas (4.444);2
31349720;🔵 Outras Escolas (4.444);2
31193216;🔵 Outras Escolas (4.444);2
31105899;🔵 Outras Escolas (4.444);2
31105902;🔵 Outras Escolas (4.444);2
31293181;🔵 Outras Escolas (4.444);2
31361496;🔵 Outras Escolas (4.444);2
31368113;🔵 Outras Escolas (4.444);2
31377767;🔵 Outras Escolas (4.444);2
31198846;🔵 Outras Escolas (4.444);2
31332721;🔵 Outras Escolas (4.444);2
31382698;🔵 Outras Escolas (4.444);2
31074098;🔵 Outras Escolas (4.444);2
31074101;🔵 Outras Escolas (4.444);2
31074250;🔵 Outras Escolas (4.444);2
31074292;🔵 Outras Escolas (4.444);2
31074331;🔵 Outras Escolas (4.444);2
31074373;🔵 Outras Escolas (4.444);2
31074390;🔵 Outras Escolas (4.444);2
31074411;🔵 Outras Escolas (4.444);2
31074454;🔵 Outras Escolas (4.444);2
31230308;🔵 Outras Escolas (4.444);2
31256285;🔵 Outras Escolas (4.444);2
31306266;🔵 Outras Escolas (4.444);2
31310735;🔵 Outras Escolas (4.444);2
31317101;🔵 Outras Escolas (4.444);2
31324515;🔵 Outras Escolas (4.444);2
31353990;🔵 Outras Escolas (4.444);2
31354910;🔵 Outras Escolas (4.444);2
31356816;🔵 Outras Escolas (4.444);2
31367036;🔵 Outras Escolas (4.444);2
31378291;🔵 Outras Escolas (4.444);2
31205231;🔵 Outras Escolas (4.444);2
31205265;🔵 Outras Escolas (4.444);2
31246018;🔵 Outras Escolas (4.444);2
31292451;🔵 Outras Escolas (4.444);2
31328294;🔵 Outras Escolas (4.444);2
31346314;🔵 Outras Escolas (4.444);2
31354848;🔵 Outras Escolas (4.444);2
31374628;🔵 Outras Escolas (4.444);2
31096253;🔵 Outras Escolas (4.444);2
31096261;🔵 Outras Escolas (4.444);2
31096270;🔵 Outras Escolas (4.444);2
31096326;🔵 Outras Escolas (4.444);2
31213845;🔵 Outras Escolas (4.444);2
31260541;🔵 Outras Escolas (4.444);2
31346209;🔵 Outras Escolas (4.444);2
31348465;🔵 Outras Escolas (4.444);2
31365920;🔵 Outras Escolas (4.444);2
31367710;🔵 Outras Escolas (4.444);2
31370100;🔵 Outras Escolas (4.444);2
31371750;🔵 Outras Escolas (4.444);2
31385069;🔵 Outras Escolas (4.444);2
31102563;🔵 Outras Escolas (4.444);2
31305847;🔵 Outras Escolas (4.444);2
31377899;🔵 Outras Escolas (4.444);2
31014443;🔵 Outras Escolas (4.444);2
31229865;🔵 Outras Escolas (4.444);2
31249483;🔵 Outras Escolas (4.444);2
31266655;🔵 Outras Escolas (4.444);2
31276413;🔵 Outras Escolas (4.444);2
31333921;🔵 Outras Escolas (4.444);2
31341550;🔵 Outras Escolas (4.444);2
31354600;🔵 Outras Escolas (4.444);2
31296261;🔵 Outras Escolas (4.444);2
31342122;🔵 Outras Escolas (4.444);2
31118320;🔵 Outras Escolas (4.444);2
31118346;🔵 Outras Escolas (4.444);2
31223883;🔵 Outras Escolas (4.444);2
31294900;🔵 Outras Escolas (4.444);2
31362735;🔵 Outras Escolas (4.444);2
31123501;🔵 Outras Escolas (4.444);2
31123536;🔵 Outras Escolas (4.444);2
31123544;🔵 Outras Escolas (4.444);2
31321079;🔵 Outras Escolas (4.444);2
31371696;🔵 Outras Escolas (4.444);2
31127965;🔵 Outras Escolas (4.444);2
31128023;🔵 Outras Escolas (4.444);2
31128031;🔵 Outras Escolas (4.444);2
31128058;🔵 Outras Escolas (4.444);2
31222976;🔵 Outras Escolas (4.444);2
31245968;🔵 Outras Escolas (4.444);2
31310191;🔵 Outras Escolas (4.444);2
31062197;🔵 Outras Escolas (4.444);2
31062201;🔵 Outras Escolas (4.444);2
31062235;🔵 Outras Escolas (4.444);2
31327026;🔵 Outras Escolas (4.444);2
31343781;🔵 Outras Escolas (4.444);2
31358266;🔵 Outras Escolas (4.444);2
31368385;🔵 Outras Escolas (4.444);2
31368520;🔵 Outras Escolas (4.444);2
31369748;🔵 Outras Escolas (4.444);2
31253936;🔵 Outras Escolas (4.444);2
31014494;🔵 Outras Escolas (4.444);2
31293423;🔵 Outras Escolas (4.444);2
31316059;🔵 Outras Escolas (4.444);2
31212067;🔵 Outras Escolas (4.444);2
31215830;🔵 Outras Escolas (4.444);2
31349399;🔵 Outras Escolas (4.444);2
31145700;🔵 Outras Escolas (4.444);2
31145734;🔵 Outras Escolas (4.444);2
31260908;🔵 Outras Escolas (4.444);2
31278033;🔵 Outras Escolas (4.444);2
31334049;🔵 Outras Escolas (4.444);2
31335746;🔵 Outras Escolas (4.444);2
31350885;🔵 Outras Escolas (4.444);2
31357154;🔵 Outras Escolas (4.444);2
31361500;🔵 Outras Escolas (4.444);2
31367672;🔵 Outras Escolas (4.444);2
31368687;🔵 Outras Escolas (4.444);2
31379719;🔵 Outras Escolas (4.444);2
31158101;🔵 Outras Escolas (4.444);2
31158143;🔵 Outras Escolas (4.444);2
31242918;🔵 Outras Escolas (4.444);2
31378496;🔵 Outras Escolas (4.444);2
31184331;🔵 Outras Escolas (4.444);2
31184349;🔵 Outras Escolas (4.444);2
31372013;🔵 Outras Escolas (4.444);2
31166332;🔵 Outras Escolas (4.444);2
31166359;🔵 Outras Escolas (4.444);2
31166375;🔵 Outras Escolas (4.444);2
31166456;🔵 Outras Escolas (4.444);2
31166481;🔵 Outras Escolas (4.444);2
31320536;🔵 Outras Escolas (4.444);2
31354562;🔵 Outras Escolas (4.444);2
31370614;🔵 Outras Escolas (4.444);2
31376442;🔵 Outras Escolas (4.444);2
31377953;🔵 Outras Escolas (4.444);2
31382655;🔵 Outras Escolas (4.444);2
31384828;🔵 Outras Escolas (4.444);2
31170348;🔵 Outras Escolas (4.444);2
31170402;🔵 Outras Escolas (4.444);2
31170461;🔵 Outras Escolas (4.444);2
31170534;🔵 Outras Escolas (4.444);2
31170607;🔵 Outras Escolas (4.444);2
31220094;🔵 Outras Escolas (4.444);2
31230758;🔵 Outras Escolas (4.444);2
31275531;🔵 Outras Escolas (4.444);2
31275549;🔵 Outras Escolas (4.444);2
31309966;🔵 Outras Escolas (4.444);2
31323942;🔵 Outras Escolas (4.444);2
31343099;🔵 Outras Escolas (4.444);2
31352195;🔵 Outras Escolas (4.444);2
31369969;🔵 Outras Escolas (4.444);2
31375071;🔵 Outras Escolas (4.444);2
31375446;🔵 Outras Escolas (4.444);2
31380210;🔵 Outras Escolas (4.444);2
31382507;🔵 Outras Escolas (4.444);2
31383546;🔵 Outras Escolas (4.444);2
31384909;🔵 Outras Escolas (4.444);2
31180599;🔵 Outras Escolas (4.444);2
31180602;🔵 Outras Escolas (4.444);2
31180611;🔵 Outras Escolas (4.444);2
31293687;🔵 Outras Escolas (4.444);2
31316237;🔵 Outras Escolas (4.444);2
31366269;🔵 Outras Escolas (4.444);2
31371742;🔵 Outras Escolas (4.444);2
32052120;🔵 Outras Escolas (4.444);2
32052936;🔵 Outras Escolas (4.444);2
32053070;🔵 Outras Escolas (4.444);2
32081502;🔵 Outras Escolas (4.444);2
32134002;🔵 Outras Escolas (4.444);2
32034377;🔵 Outras Escolas (4.444);2
32034520;🔵 Outras Escolas (4.444);2
32035217;🔵 Outras Escolas (4.444);2
32076363;🔵 Outras Escolas (4.444);2
32034318;🔵 Outras Escolas (4.444);2
32070276;🔵 Outras Escolas (4.444);2
32010311;🔵 Outras Escolas (4.444);2
32010400;🔵 Outras Escolas (4.444);2
32074182;🔵 Outras Escolas (4.444);2
32043325;🔵 Outras Escolas (4.444);2
32021828;🔵 Outras Escolas (4.444);2
32076223;🔵 Outras Escolas (4.444);2
32080778;🔵 Outras Escolas (4.444);2
32018134;🔵 Outras Escolas (4.444);2
32064101;🔵 Outras Escolas (4.444);2
32070594;🔵 Outras Escolas (4.444);2
32097603;🔵 Outras Escolas (4.444);2
32065248;🔵 Outras Escolas (4.444);2
32065310;🔵 Outras Escolas (4.444);2
32066880;🔵 Outras Escolas (4.444);2
32079320;🔵 Outras Escolas (4.444);2
32036671;🔵 Outras Escolas (4.444);2
32065353;🔵 Outras Escolas (4.444);2
32070845;🔵 Outras Escolas (4.444);2
32038160;🔵 Outras Escolas (4.444);2
32038178;🔵 Outras Escolas (4.444);2
32038224;🔵 Outras Escolas (4.444);2
32038240;🔵 Outras Escolas (4.444);2
32038330;🔵 Outras Escolas (4.444);2
32038526;🔵 Outras Escolas (4.444);2
32038720;🔵 Outras Escolas (4.444);2
32039140;🔵 Outras Escolas (4.444);2
32039395;🔵 Outras Escolas (4.444);2
32039832;🔵 Outras Escolas (4.444);2
32063440;🔵 Outras Escolas (4.444);2
32063563;🔵 Outras Escolas (4.444);2
32068336;🔵 Outras Escolas (4.444);2
32073968;🔵 Outras Escolas (4.444);2
32076169;🔵 Outras Escolas (4.444);2
32076606;🔵 Outras Escolas (4.444);2
32079931;🔵 Outras Escolas (4.444);2
32083343;🔵 Outras Escolas (4.444);2
32083351;🔵 Outras Escolas (4.444);2
32083386;🔵 Outras Escolas (4.444);2
32039050;🔵 Outras Escolas (4.444);2
32039980;🔵 Outras Escolas (4.444);2
32039999;🔵 Outras Escolas (4.444);2
32040032;🔵 Outras Escolas (4.444);2
32040040;🔵 Outras Escolas (4.444);2
32040075;🔵 Outras Escolas (4.444);2
32040083;🔵 Outras Escolas (4.444);2
32040210;🔵 Outras Escolas (4.444);2
32041152;🔵 Outras Escolas (4.444);2
32041373;🔵 Outras Escolas (4.444);2
32041411;🔵 Outras Escolas (4.444);2
32074964;🔵 Outras Escolas (4.444);2
32077610;🔵 Outras Escolas (4.444);2
32078510;🔵 Outras Escolas (4.444);2
32078684;🔵 Outras Escolas (4.444);2
32082193;🔵 Outras Escolas (4.444);2
32083882;🔵 Outras Escolas (4.444);2
32041446;🔵 Outras Escolas (4.444);2
33036659;🔵 Outras Escolas (4.444);2
33036675;🔵 Outras Escolas (4.444);2
33132089;🔵 Outras Escolas (4.444);2
33138141;🔵 Outras Escolas (4.444);2
33138737;🔵 Outras Escolas (4.444);2
33138745;🔵 Outras Escolas (4.444);2
33156913;🔵 Outras Escolas (4.444);2
33164541;🔵 Outras Escolas (4.444);2
33172030;🔵 Outras Escolas (4.444);2
33183953;🔵 Outras Escolas (4.444);2
33192197;🔵 Outras Escolas (4.444);2
33026360;🔵 Outras Escolas (4.444);2
33026378;🔵 Outras Escolas (4.444);2
33026424;🔵 Outras Escolas (4.444);2
33026459;🔵 Outras Escolas (4.444);2
33113556;🔵 Outras Escolas (4.444);2
33151296;🔵 Outras Escolas (4.444);2
33166951;🔵 Outras Escolas (4.444);2
33168202;🔵 Outras Escolas (4.444);2
33195420;🔵 Outras Escolas (4.444);2
33195463;🔵 Outras Escolas (4.444);2
33029318;🔵 Outras Escolas (4.444);2
33029482;🔵 Outras Escolas (4.444);2
33029490;🔵 Outras Escolas (4.444);2
33125023;🔵 Outras Escolas (4.444);2
33199949;🔵 Outras Escolas (4.444);2
33451222;🔵 Outras Escolas (4.444);2
33451290;🔵 Outras Escolas (4.444);2
33027404;🔵 Outras Escolas (4.444);2
33027722;🔵 Outras Escolas (4.444);2
33150761;🔵 Outras Escolas (4.444);2
33155585;🔵 Outras Escolas (4.444);2
33178976;🔵 Outras Escolas (4.444);2
33181110;🔵 Outras Escolas (4.444);2
33184666;🔵 Outras Escolas (4.444);2
33190879;🔵 Outras Escolas (4.444);2
33195960;🔵 Outras Escolas (4.444);2
33198993;🔵 Outras Escolas (4.444);2
33145989;🔵 Outras Escolas (4.444);2
33180776;🔵 Outras Escolas (4.444);2
33008221;🔵 Outras Escolas (4.444);2
33008310;🔵 Outras Escolas (4.444);2
33008337;🔵 Outras Escolas (4.444);2
33008523;🔵 Outras Escolas (4.444);2
33008612;🔵 Outras Escolas (4.444);2
33009694;🔵 Outras Escolas (4.444);2
33009783;🔵 Outras Escolas (4.444);2
33105189;🔵 Outras Escolas (4.444);2
33106754;🔵 Outras Escolas (4.444);2
33120544;🔵 Outras Escolas (4.444);2
33166099;🔵 Outras Escolas (4.444);2
33175713;🔵 Outras Escolas (4.444);2
33187274;🔵 Outras Escolas (4.444);2
33187282;🔵 Outras Escolas (4.444);2
33195579;🔵 Outras Escolas (4.444);2
33199558;🔵 Outras Escolas (4.444);2
33048185;🔵 Outras Escolas (4.444);2
33048398;🔵 Outras Escolas (4.444);2
33049416;🔵 Outras Escolas (4.444);2
33049424;🔵 Outras Escolas (4.444);2
33049505;🔵 Outras Escolas (4.444);2
33101612;🔵 Outras Escolas (4.444);2
33101663;🔵 Outras Escolas (4.444);2
33111650;🔵 Outras Escolas (4.444);2
33114013;🔵 Outras Escolas (4.444);2
33138460;🔵 Outras Escolas (4.444);2
33177996;🔵 Outras Escolas (4.444);2
33178518;🔵 Outras Escolas (4.444);2
33181713;🔵 Outras Escolas (4.444);2
33185433;🔵 Outras Escolas (4.444);2
33194270;🔵 Outras Escolas (4.444);2
33450226;🔵 Outras Escolas (4.444);2
33520313;🔵 Outras Escolas (4.444);2
33548242;🔵 Outras Escolas (4.444);2
33101469;🔵 Outras Escolas (4.444);2
33139440;🔵 Outras Escolas (4.444);2
33110549;🔵 Outras Escolas (4.444);2
33051348;🔵 Outras Escolas (4.444);2
33098867;🔵 Outras Escolas (4.444);2
33098980;🔵 Outras Escolas (4.444);2
33150699;🔵 Outras Escolas (4.444);2
33157383;🔵 Outras Escolas (4.444);2
33188017;🔵 Outras Escolas (4.444);2
33196826;🔵 Outras Escolas (4.444);2
33200351;🔵 Outras Escolas (4.444);2
33051828;🔵 Outras Escolas (4.444);2
33098840;🔵 Outras Escolas (4.444);2
33159157;🔵 Outras Escolas (4.444);2
33103437;🔵 Outras Escolas (4.444);2
33149763;🔵 Outras Escolas (4.444);2
33171793;🔵 Outras Escolas (4.444);2
33195978;🔵 Outras Escolas (4.444);2
33146675;🔵 Outras Escolas (4.444);2
33212600;🔵 Outras Escolas (4.444);2
33439818;🔵 Outras Escolas (4.444);2
33015520;🔵 Outras Escolas (4.444);2
33015546;🔵 Outras Escolas (4.444);2
33118965;🔵 Outras Escolas (4.444);2
33139881;🔵 Outras Escolas (4.444);2
33166927;🔵 Outras Escolas (4.444);2
33169365;🔵 Outras Escolas (4.444);2
33170401;🔵 Outras Escolas (4.444);2
33172285;🔵 Outras Escolas (4.444);2
33183228;🔵 Outras Escolas (4.444);2
33199973;🔵 Outras Escolas (4.444);2
33130442;🔵 Outras Escolas (4.444);2
33138567;🔵 Outras Escolas (4.444);2
33206007;🔵 Outras Escolas (4.444);2
33313210;🔵 Outras Escolas (4.444);2
33053367;🔵 Outras Escolas (4.444);2
33054118;🔵 Outras Escolas (4.444);2
33115478;🔵 Outras Escolas (4.444);2
33130086;🔵 Outras Escolas (4.444);2
33131236;🔵 Outras Escolas (4.444);2
33181217;🔵 Outras Escolas (4.444);2
33186928;🔵 Outras Escolas (4.444);2
33198233;🔵 Outras Escolas (4.444);2
33266204;🔵 Outras Escolas (4.444);2
33203130;🔵 Outras Escolas (4.444);2
33115273;🔵 Outras Escolas (4.444);2
33152721;🔵 Outras Escolas (4.444);2
33054851;🔵 Outras Escolas (4.444);2
33111774;🔵 Outras Escolas (4.444);2
33157251;🔵 Outras Escolas (4.444);2
33193444;🔵 Outras Escolas (4.444);2
33197946;🔵 Outras Escolas (4.444);2
33200378;🔵 Outras Escolas (4.444);2
33173109;🔵 Outras Escolas (4.444);2
33182884;🔵 Outras Escolas (4.444);2
33055378;🔵 Outras Escolas (4.444);2
33055416;🔵 Outras Escolas (4.444);2
33055459;🔵 Outras Escolas (4.444);2
33055866;🔵 Outras Escolas (4.444);2
33055874;🔵 Outras Escolas (4.444);2
33055882;🔵 Outras Escolas (4.444);2
33055890;🔵 Outras Escolas (4.444);2
33055920;🔵 Outras Escolas (4.444);2
33055947;🔵 Outras Escolas (4.444);2
33055955;🔵 Outras Escolas (4.444);2
33055980;🔵 Outras Escolas (4.444);2
33057109;🔵 Outras Escolas (4.444);2
33057206;🔵 Outras Escolas (4.444);2
33057443;🔵 Outras Escolas (4.444);2
33057818;🔵 Outras Escolas (4.444);2
33121753;🔵 Outras Escolas (4.444);2
33140227;🔵 Outras Escolas (4.444);2
33140502;🔵 Outras Escolas (4.444);2
33143803;🔵 Outras Escolas (4.444);2
33143846;🔵 Outras Escolas (4.444);2
33150931;🔵 Outras Escolas (4.444);2
33153442;🔵 Outras Escolas (4.444);2
33155259;🔵 Outras Escolas (4.444);2
33160163;🔵 Outras Escolas (4.444);2
33161429;🔵 Outras Escolas (4.444);2
33165920;🔵 Outras Escolas (4.444);2
33165998;🔵 Outras Escolas (4.444);2
33170096;🔵 Outras Escolas (4.444);2
33175560;🔵 Outras Escolas (4.444);2
33176310;🔵 Outras Escolas (4.444);2
33176787;🔵 Outras Escolas (4.444);2
33177597;🔵 Outras Escolas (4.444);2
33179999;🔵 Outras Escolas (4.444);2
33180385;🔵 Outras Escolas (4.444);2
33193991;🔵 Outras Escolas (4.444);2
33194688;🔵 Outras Escolas (4.444);2
33196214;🔵 Outras Escolas (4.444);2
33198640;🔵 Outras Escolas (4.444);2
33201927;🔵 Outras Escolas (4.444);2
33326207;🔵 Outras Escolas (4.444);2
33345201;🔵 Outras Escolas (4.444);2
33442304;🔵 Outras Escolas (4.444);2
33021660;🔵 Outras Escolas (4.444);2
33021678;🔵 Outras Escolas (4.444);2
33021724;🔵 Outras Escolas (4.444);2
33021740;🔵 Outras Escolas (4.444);2
33022267;🔵 Outras Escolas (4.444);2
33102830;🔵 Outras Escolas (4.444);2
33102961;🔵 Outras Escolas (4.444);2
33120986;🔵 Outras Escolas (4.444);2
33134170;🔵 Outras Escolas (4.444);2
33145237;🔵 Outras Escolas (4.444);2
33155860;🔵 Outras Escolas (4.444);2
33166838;🔵 Outras Escolas (4.444);2
33102899;🔵 Outras Escolas (4.444);2
33058148;🔵 Outras Escolas (4.444);2
33058164;🔵 Outras Escolas (4.444);2
33058504;🔵 Outras Escolas (4.444);2
33058806;🔵 Outras Escolas (4.444);2
33060266;🔵 Outras Escolas (4.444);2
33060312;🔵 Outras Escolas (4.444);2
33060355;🔵 Outras Escolas (4.444);2
33060371;🔵 Outras Escolas (4.444);2
33060380;🔵 Outras Escolas (4.444);2
33060568;🔵 Outras Escolas (4.444);2
33060754;🔵 Outras Escolas (4.444);2
33101043;🔵 Outras Escolas (4.444);2
33101809;🔵 Outras Escolas (4.444);2
33103364;🔵 Outras Escolas (4.444);2
33111260;🔵 Outras Escolas (4.444);2
33124523;🔵 Outras Escolas (4.444);2
33128278;🔵 Outras Escolas (4.444);2
33152209;🔵 Outras Escolas (4.444);2
33156069;🔵 Outras Escolas (4.444);2
33160996;🔵 Outras Escolas (4.444);2
33166560;🔵 Outras Escolas (4.444);2
33174318;🔵 Outras Escolas (4.444);2
33174725;🔵 Outras Escolas (4.444);2
33174890;🔵 Outras Escolas (4.444);2
33184453;🔵 Outras Escolas (4.444);2
33185000;🔵 Outras Escolas (4.444);2
33187681;🔵 Outras Escolas (4.444);2
33187762;🔵 Outras Escolas (4.444);2
33195820;🔵 Outras Escolas (4.444);2
33198926;🔵 Outras Escolas (4.444);2
33199876;🔵 Outras Escolas (4.444);2
33380201;🔵 Outras Escolas (4.444);2
33039976;🔵 Outras Escolas (4.444);2
33040117;🔵 Outras Escolas (4.444);2
33040516;🔵 Outras Escolas (4.444);2
33041148;🔵 Outras Escolas (4.444);2
33041563;🔵 Outras Escolas (4.444);2
33102341;🔵 Outras Escolas (4.444);2
33118949;🔵 Outras Escolas (4.444);2
33138532;🔵 Outras Escolas (4.444);2
33178909;🔵 Outras Escolas (4.444);2
33182086;🔵 Outras Escolas (4.444);2
33182108;🔵 Outras Escolas (4.444);2
33222401;🔵 Outras Escolas (4.444);2
33041105;🔵 Outras Escolas (4.444);2
33041130;🔵 Outras Escolas (4.444);2
33151369;🔵 Outras Escolas (4.444);2
33041733;🔵 Outras Escolas (4.444);2
33102236;🔵 Outras Escolas (4.444);2
33118663;🔵 Outras Escolas (4.444);2
33061629;🔵 Outras Escolas (4.444);2
33061670;🔵 Outras Escolas (4.444);2
33062161;🔵 Outras Escolas (4.444);2
33103283;🔵 Outras Escolas (4.444);2
33196133;🔵 Outras Escolas (4.444);2
33031363;🔵 Outras Escolas (4.444);2
33031371;🔵 Outras Escolas (4.444);2
33031410;🔵 Outras Escolas (4.444);2
33031649;🔵 Outras Escolas (4.444);2
33439796;🔵 Outras Escolas (4.444);2
33541221;🔵 Outras Escolas (4.444);2
33548250;🔵 Outras Escolas (4.444);2
33025460;🔵 Outras Escolas (4.444);2
33025673;🔵 Outras Escolas (4.444);2
33119724;🔵 Outras Escolas (4.444);2
33149550;🔵 Outras Escolas (4.444);2
33161348;🔵 Outras Escolas (4.444);2
33172234;🔵 Outras Escolas (4.444);2
33174881;🔵 Outras Escolas (4.444);2
33179344;🔵 Outras Escolas (4.444);2
33186979;🔵 Outras Escolas (4.444);2
33189846;🔵 Outras Escolas (4.444);2
33194033;🔵 Outras Escolas (4.444);2
33195552;🔵 Outras Escolas (4.444);2
33203300;🔵 Outras Escolas (4.444);2
33454221;🔵 Outras Escolas (4.444);2
33062609;🔵 Outras Escolas (4.444);2
33062633;🔵 Outras Escolas (4.444);2
33063311;🔵 Outras Escolas (4.444);2
33063419;🔵 Outras Escolas (4.444);2
33063486;🔵 Outras Escolas (4.444);2
33063516;🔵 Outras Escolas (4.444);2
33063575;🔵 Outras Escolas (4.444);2
33063648;🔵 Outras Escolas (4.444);2
33063656;🔵 Outras Escolas (4.444);2
33063710;🔵 Outras Escolas (4.444);2
33063729;🔵 Outras Escolas (4.444);2
33063974;🔵 Outras Escolas (4.444);2
33064024;🔵 Outras Escolas (4.444);2
33064032;🔵 Outras Escolas (4.444);2
33064040;🔵 Outras Escolas (4.444);2
33064369;🔵 Outras Escolas (4.444);2
33064393;🔵 Outras Escolas (4.444);2
33064601;🔵 Outras Escolas (4.444);2
33064628;🔵 Outras Escolas (4.444);2
33064709;🔵 Outras Escolas (4.444);2
33064717;🔵 Outras Escolas (4.444);2
33064768;🔵 Outras Escolas (4.444);2
33065195;🔵 Outras Escolas (4.444);2
33065268;🔵 Outras Escolas (4.444);2
33065314;🔵 Outras Escolas (4.444);2
33065357;🔵 Outras Escolas (4.444);2
33065403;🔵 Outras Escolas (4.444);2
33065411;🔵 Outras Escolas (4.444);2
33065594;🔵 Outras Escolas (4.444);2
33065837;🔵 Outras Escolas (4.444);2
33065993;🔵 Outras Escolas (4.444);2
33066477;🔵 Outras Escolas (4.444);2
33066540;🔵 Outras Escolas (4.444);2
33066566;🔵 Outras Escolas (4.444);2
33066574;🔵 Outras Escolas (4.444);2
33066671;🔵 Outras Escolas (4.444);2
33066698;🔵 Outras Escolas (4.444);2
33066752;🔵 Outras Escolas (4.444);2
33066930;🔵 Outras Escolas (4.444);2
33067694;🔵 Outras Escolas (4.444);2
33067716;🔵 Outras Escolas (4.444);2
33067732;🔵 Outras Escolas (4.444);2
33067813;🔵 Outras Escolas (4.444);2
33067856;🔵 Outras Escolas (4.444);2
33068534;🔵 Outras Escolas (4.444);2
33068895;🔵 Outras Escolas (4.444);2
33068925;🔵 Outras Escolas (4.444);2
33069522;🔵 Outras Escolas (4.444);2
33069565;🔵 Outras Escolas (4.444);2
33069697;🔵 Outras Escolas (4.444);2
33069778;🔵 Outras Escolas (4.444);2
33070008;🔵 Outras Escolas (4.444);2
33070954;🔵 Outras Escolas (4.444);2
33071012;🔵 Outras Escolas (4.444);2
33071292;🔵 Outras Escolas (4.444);2
33071403;🔵 Outras Escolas (4.444);2
33071632;🔵 Outras Escolas (4.444);2
33071659;🔵 Outras Escolas (4.444);2
33071683;🔵 Outras Escolas (4.444);2
33071721;🔵 Outras Escolas (4.444);2
33071926;🔵 Outras Escolas (4.444);2
33072426;🔵 Outras Escolas (4.444);2
33074089;🔵 Outras Escolas (4.444);2
33074771;🔵 Outras Escolas (4.444);2
33074852;🔵 Outras Escolas (4.444);2
33075131;🔵 Outras Escolas (4.444);2
33075425;🔵 Outras Escolas (4.444);2
33075581;🔵 Outras Escolas (4.444);2
33075620;🔵 Outras Escolas (4.444);2
33075921;🔵 Outras Escolas (4.444);2
33075930;🔵 Outras Escolas (4.444);2
33076510;🔵 Outras Escolas (4.444);2
33076820;🔵 Outras Escolas (4.444);2
33077029;🔵 Outras Escolas (4.444);2
33077258;🔵 Outras Escolas (4.444);2
33077274;🔵 Outras Escolas (4.444);2
33078394;🔵 Outras Escolas (4.444);2
33078521;🔵 Outras Escolas (4.444);2
33078866;🔵 Outras Escolas (4.444);2
33078963;🔵 Outras Escolas (4.444);2
33079030;🔵 Outras Escolas (4.444);2
33079960;🔵 Outras Escolas (4.444);2
33081328;🔵 Outras Escolas (4.444);2
33081603;🔵 Outras Escolas (4.444);2
33081727;🔵 Outras Escolas (4.444);2
33082014;🔵 Outras Escolas (4.444);2
33082103;🔵 Outras Escolas (4.444);2
33082472;🔵 Outras Escolas (4.444);2
33083533;🔵 Outras Escolas (4.444);2
33083541;🔵 Outras Escolas (4.444);2
33083550;🔵 Outras Escolas (4.444);2
33083770;🔵 Outras Escolas (4.444);2
33084165;🔵 Outras Escolas (4.444);2
33084254;🔵 Outras Escolas (4.444);2
33084262;🔵 Outras Escolas (4.444);2
33084319;🔵 Outras Escolas (4.444);2
33085269;🔵 Outras Escolas (4.444);2
33085455;🔵 Outras Escolas (4.444);2
33085609;🔵 Outras Escolas (4.444);2
33085846;🔵 Outras Escolas (4.444);2
33085854;🔵 Outras Escolas (4.444);2
33087407;🔵 Outras Escolas (4.444);2
33087539;🔵 Outras Escolas (4.444);2
33087555;🔵 Outras Escolas (4.444);2
33087628;🔵 Outras Escolas (4.444);2
33088519;🔵 Outras Escolas (4.444);2
33088560;🔵 Outras Escolas (4.444);2
33094861;🔵 Outras Escolas (4.444);2
33100705;🔵 Outras Escolas (4.444);2
33100713;🔵 Outras Escolas (4.444);2
33100926;🔵 Outras Escolas (4.444);2
33100977;🔵 Outras Escolas (4.444);2
33100985;🔵 Outras Escolas (4.444);2
33101876;🔵 Outras Escolas (4.444);2
33104220;🔵 Outras Escolas (4.444);2
33104247;🔵 Outras Escolas (4.444);2
33104573;🔵 Outras Escolas (4.444);2
33105154;🔵 Outras Escolas (4.444);2
33105405;🔵 Outras Escolas (4.444);2
33105758;🔵 Outras Escolas (4.444);2
33106460;🔵 Outras Escolas (4.444);2
33106851;🔵 Outras Escolas (4.444);2
33107297;🔵 Outras Escolas (4.444);2
33107319;🔵 Outras Escolas (4.444);2
33107998;🔵 Outras Escolas (4.444);2
33109591;🔵 Outras Escolas (4.444);2
33109923;🔵 Outras Escolas (4.444);2
33110034;🔵 Outras Escolas (4.444);2
33110050;🔵 Outras Escolas (4.444);2
33110093;🔵 Outras Escolas (4.444);2
33110328;🔵 Outras Escolas (4.444);2
33110360;🔵 Outras Escolas (4.444);2
33111430;🔵 Outras Escolas (4.444);2
33111642;🔵 Outras Escolas (4.444);2
33111901;🔵 Outras Escolas (4.444);2
33113114;🔵 Outras Escolas (4.444);2
33113360;🔵 Outras Escolas (4.444);2
33114510;🔵 Outras Escolas (4.444);2
33114692;🔵 Outras Escolas (4.444);2
33115460;🔵 Outras Escolas (4.444);2
33116490;🔵 Outras Escolas (4.444);2
33116512;🔵 Outras Escolas (4.444);2
33116636;🔵 Outras Escolas (4.444);2
33116709;🔵 Outras Escolas (4.444);2
33116784;🔵 Outras Escolas (4.444);2
33116903;🔵 Outras Escolas (4.444);2
33117799;🔵 Outras Escolas (4.444);2
33119031;🔵 Outras Escolas (4.444);2
33120846;🔵 Outras Escolas (4.444);2
33121605;🔵 Outras Escolas (4.444);2
33121613;🔵 Outras Escolas (4.444);2
33122245;🔵 Outras Escolas (4.444);2
33123187;🔵 Outras Escolas (4.444);2
33123829;🔵 Outras Escolas (4.444);2
33124418;🔵 Outras Escolas (4.444);2
33124558;🔵 Outras Escolas (4.444);2
33125228;🔵 Outras Escolas (4.444);2
33125864;🔵 Outras Escolas (4.444);2
33126674;🔵 Outras Escolas (4.444);2
33127123;🔵 Outras Escolas (4.444);2
33129005;🔵 Outras Escolas (4.444);2
33129902;🔵 Outras Escolas (4.444);2
33130027;🔵 Outras Escolas (4.444);2
33130418;🔵 Outras Escolas (4.444);2
33133840;🔵 Outras Escolas (4.444);2
33134634;🔵 Outras Escolas (4.444);2
33135169;🔵 Outras Escolas (4.444);2
33135371;🔵 Outras Escolas (4.444);2
33135827;🔵 Outras Escolas (4.444);2
33135924;🔵 Outras Escolas (4.444);2
33138079;🔵 Outras Escolas (4.444);2
33138087;🔵 Outras Escolas (4.444);2
33138290;🔵 Outras Escolas (4.444);2
33140626;🔵 Outras Escolas (4.444);2
33142726;🔵 Outras Escolas (4.444);2
33143331;🔵 Outras Escolas (4.444);2
33143366;🔵 Outras Escolas (4.444);2
33147809;🔵 Outras Escolas (4.444);2
33148376;🔵 Outras Escolas (4.444);2
33148627;🔵 Outras Escolas (4.444);2
33148937;🔵 Outras Escolas (4.444);2
33149410;🔵 Outras Escolas (4.444);2
33149437;🔵 Outras Escolas (4.444);2
33149780;🔵 Outras Escolas (4.444);2
33152276;🔵 Outras Escolas (4.444);2
33152322;🔵 Outras Escolas (4.444);2
33152608;🔵 Outras Escolas (4.444);2
33152713;🔵 Outras Escolas (4.444);2
33153477;🔵 Outras Escolas (4.444);2
33153787;🔵 Outras Escolas (4.444);2
33154007;🔵 Outras Escolas (4.444);2
33155852;🔵 Outras Escolas (4.444);2
33156026;🔵 Outras Escolas (4.444);2
33156760;🔵 Outras Escolas (4.444);2
33159068;🔵 Outras Escolas (4.444);2
33159130;🔵 Outras Escolas (4.444);2
33159211;🔵 Outras Escolas (4.444);2
33159629;🔵 Outras Escolas (4.444);2
33159637;🔵 Outras Escolas (4.444);2
33159645;🔵 Outras Escolas (4.444);2
33159750;🔵 Outras Escolas (4.444);2
33159815;🔵 Outras Escolas (4.444);2
33160031;🔵 Outras Escolas (4.444);2
33160180;🔵 Outras Escolas (4.444);2
33160830;🔵 Outras Escolas (4.444);2
33161011;🔵 Outras Escolas (4.444);2
33161402;🔵 Outras Escolas (4.444);2
33161704;🔵 Outras Escolas (4.444);2
33162603;🔵 Outras Escolas (4.444);2
33162948;🔵 Outras Escolas (4.444);2
33162999;🔵 Outras Escolas (4.444);2
33163006;🔵 Outras Escolas (4.444);2
33163120;🔵 Outras Escolas (4.444);2
33166820;🔵 Outras Escolas (4.444);2
33166900;🔵 Outras Escolas (4.444);2
33166935;🔵 Outras Escolas (4.444);2
33166943;🔵 Outras Escolas (4.444);2
33168970;🔵 Outras Escolas (4.444);2
33169713;🔵 Outras Escolas (4.444);2
33170630;🔵 Outras Escolas (4.444);2
33171467;🔵 Outras Escolas (4.444);2
33171645;🔵 Outras Escolas (4.444);2
33172315;🔵 Outras Escolas (4.444);2
33172331;🔵 Outras Escolas (4.444);2
33172706;🔵 Outras Escolas (4.444);2
33173133;🔵 Outras Escolas (4.444);2
33173168;🔵 Outras Escolas (4.444);2
33173680;🔵 Outras Escolas (4.444);2
33173907;🔵 Outras Escolas (4.444);2
33173923;🔵 Outras Escolas (4.444);2
33173931;🔵 Outras Escolas (4.444);2
33173990;🔵 Outras Escolas (4.444);2
33174970;🔵 Outras Escolas (4.444);2
33175110;🔵 Outras Escolas (4.444);2
33175195;🔵 Outras Escolas (4.444);2
33175659;🔵 Outras Escolas (4.444);2
33175993;🔵 Outras Escolas (4.444);2
33176671;🔵 Outras Escolas (4.444);2
33176710;🔵 Outras Escolas (4.444);2
33176760;🔵 Outras Escolas (4.444);2
33176825;🔵 Outras Escolas (4.444);2
33177279;🔵 Outras Escolas (4.444);2
33177627;🔵 Outras Escolas (4.444);2
33178038;🔵 Outras Escolas (4.444);2
33178682;🔵 Outras Escolas (4.444);2
33178828;🔵 Outras Escolas (4.444);2
33178879;🔵 Outras Escolas (4.444);2
33178992;🔵 Outras Escolas (4.444);2
33179905;🔵 Outras Escolas (4.444);2
33180458;🔵 Outras Escolas (4.444);2
33180539;🔵 Outras Escolas (4.444);2
33180563;🔵 Outras Escolas (4.444);2
33180997;🔵 Outras Escolas (4.444);2
33181560;🔵 Outras Escolas (4.444);2
33183031;🔵 Outras Escolas (4.444);2
33183139;🔵 Outras Escolas (4.444);2
33183368;🔵 Outras Escolas (4.444);2
33183384;🔵 Outras Escolas (4.444);2
33183830;🔵 Outras Escolas (4.444);2
33184720;🔵 Outras Escolas (4.444);2
33184739;🔵 Outras Escolas (4.444);2
33185417;🔵 Outras Escolas (4.444);2
33185425;🔵 Outras Escolas (4.444);2
33185590;🔵 Outras Escolas (4.444);2
33185999;🔵 Outras Escolas (4.444);2
33186260;🔵 Outras Escolas (4.444);2
33186723;🔵 Outras Escolas (4.444);2
33186910;🔵 Outras Escolas (4.444);2
33187185;🔵 Outras Escolas (4.444);2
33187770;🔵 Outras Escolas (4.444);2
33187789;🔵 Outras Escolas (4.444);2
33187924;🔵 Outras Escolas (4.444);2
33187959;🔵 Outras Escolas (4.444);2
33188092;🔵 Outras Escolas (4.444);2
33188319;🔵 Outras Escolas (4.444);2
33189137;🔵 Outras Escolas (4.444);2
33189145;🔵 Outras Escolas (4.444);2
33189170;🔵 Outras Escolas (4.444);2
33189617;🔵 Outras Escolas (4.444);2
33189692;🔵 Outras Escolas (4.444);2
33189820;🔵 Outras Escolas (4.444);2
33189838;🔵 Outras Escolas (4.444);2
33190054;🔵 Outras Escolas (4.444);2
33190321;🔵 Outras Escolas (4.444);2
33190410;🔵 Outras Escolas (4.444);2
33190747;🔵 Outras Escolas (4.444);2
33191018;🔵 Outras Escolas (4.444);2
33191816;🔵 Outras Escolas (4.444);2
33191824;🔵 Outras Escolas (4.444);2
33191956;🔵 Outras Escolas (4.444);2
33192030;🔵 Outras Escolas (4.444);2
33192260;🔵 Outras Escolas (4.444);2
33192650;🔵 Outras Escolas (4.444);2
33192685;🔵 Outras Escolas (4.444);2
33193053;🔵 Outras Escolas (4.444);2
33193070;🔵 Outras Escolas (4.444);2
33193118;🔵 Outras Escolas (4.444);2
33193223;🔵 Outras Escolas (4.444);2
33193347;🔵 Outras Escolas (4.444);2
33193495;🔵 Outras Escolas (4.444);2
33193649;🔵 Outras Escolas (4.444);2
33193720;🔵 Outras Escolas (4.444);2
33195340;🔵 Outras Escolas (4.444);2
33195366;🔵 Outras Escolas (4.444);2
33195757;🔵 Outras Escolas (4.444);2
33196222;🔵 Outras Escolas (4.444);2
33196249;🔵 Outras Escolas (4.444);2
33196257;🔵 Outras Escolas (4.444);2
33196478;🔵 Outras Escolas (4.444);2
33196788;🔵 Outras Escolas (4.444);2
33197156;🔵 Outras Escolas (4.444);2
33197350;🔵 Outras Escolas (4.444);2
33197466;🔵 Outras Escolas (4.444);2
33198128;🔵 Outras Escolas (4.444);2
33200491;🔵 Outras Escolas (4.444);2
33200530;🔵 Outras Escolas (4.444);2
33202109;🔵 Outras Escolas (4.444);2
33202850;🔵 Outras Escolas (4.444);2
33203415;🔵 Outras Escolas (4.444);2
33203431;🔵 Outras Escolas (4.444);2
33203598;🔵 Outras Escolas (4.444);2
33218803;🔵 Outras Escolas (4.444);2
33223203;🔵 Outras Escolas (4.444);2
33228604;🔵 Outras Escolas (4.444);2
33241201;🔵 Outras Escolas (4.444);2
33249202;🔵 Outras Escolas (4.444);2
33394202;🔵 Outras Escolas (4.444);2
33421226;🔵 Outras Escolas (4.444);2
33444293;🔵 Outras Escolas (4.444);2
33447225;🔵 Outras Escolas (4.444);2
33456232;🔵 Outras Escolas (4.444);2
33457239;🔵 Outras Escolas (4.444);2
33473218;🔵 Outras Escolas (4.444);2
33478210;🔵 Outras Escolas (4.444);2
33520321;🔵 Outras Escolas (4.444);2
33526249;🔵 Outras Escolas (4.444);2
33530220;🔵 Outras Escolas (4.444);2
33552231;🔵 Outras Escolas (4.444);2
33088780;🔵 Outras Escolas (4.444);2
33088985;🔵 Outras Escolas (4.444);2
33089035;🔵 Outras Escolas (4.444);2
33089167;🔵 Outras Escolas (4.444);2
33089191;🔵 Outras Escolas (4.444);2
33089248;🔵 Outras Escolas (4.444);2
33089825;🔵 Outras Escolas (4.444);2
33090041;🔵 Outras Escolas (4.444);2
33090700;🔵 Outras Escolas (4.444);2
33091226;🔵 Outras Escolas (4.444);2
33103992;🔵 Outras Escolas (4.444);2
33104107;🔵 Outras Escolas (4.444);2
33115630;🔵 Outras Escolas (4.444);2
33115699;🔵 Outras Escolas (4.444);2
33126000;🔵 Outras Escolas (4.444);2
33135746;🔵 Outras Escolas (4.444);2
33139032;🔵 Outras Escolas (4.444);2
33152098;🔵 Outras Escolas (4.444);2
33161860;🔵 Outras Escolas (4.444);2
33170347;🔵 Outras Escolas (4.444);2
33180660;🔵 Outras Escolas (4.444);2
33181594;🔵 Outras Escolas (4.444);2
33187100;🔵 Outras Escolas (4.444);2
33191182;🔵 Outras Escolas (4.444);2
33194084;🔵 Outras Escolas (4.444);2
33090092;🔵 Outras Escolas (4.444);2
33090734;🔵 Outras Escolas (4.444);2
33090777;🔵 Outras Escolas (4.444);2
33092346;🔵 Outras Escolas (4.444);2
33092982;🔵 Outras Escolas (4.444);2
33143145;🔵 Outras Escolas (4.444);2
33148287;🔵 Outras Escolas (4.444);2
33159599;🔵 Outras Escolas (4.444);2
33171670;🔵 Outras Escolas (4.444);2
33190674;🔵 Outras Escolas (4.444);2
33200572;🔵 Outras Escolas (4.444);2
33448256;🔵 Outras Escolas (4.444);2
33093008;🔵 Outras Escolas (4.444);2
33028079;🔵 Outras Escolas (4.444);2
33028567;🔵 Outras Escolas (4.444);2
33142645;🔵 Outras Escolas (4.444);2
33190160;🔵 Outras Escolas (4.444);2
33226210;🔵 Outras Escolas (4.444);2
33042373;🔵 Outras Escolas (4.444);2
33042462;🔵 Outras Escolas (4.444);2
33042560;🔵 Outras Escolas (4.444);2
33042578;🔵 Outras Escolas (4.444);2
33043086;🔵 Outras Escolas (4.444);2
33127875;🔵 Outras Escolas (4.444);2
33170509;🔵 Outras Escolas (4.444);2
33182078;🔵 Outras Escolas (4.444);2
33182094;🔵 Outras Escolas (4.444);2
33196770;🔵 Outras Escolas (4.444);2
33032777;🔵 Outras Escolas (4.444);2
33032858;🔵 Outras Escolas (4.444);2
33032882;🔵 Outras Escolas (4.444);2
33033811;🔵 Outras Escolas (4.444);2
33034249;🔵 Outras Escolas (4.444);2
33112959;🔵 Outras Escolas (4.444);2
33147450;🔵 Outras Escolas (4.444);2
33163863;🔵 Outras Escolas (4.444);2
33183970;🔵 Outras Escolas (4.444);2
33188823;🔵 Outras Escolas (4.444);2
33447250;🔵 Outras Escolas (4.444);2
35112094;🔵 Outras Escolas (4.444);2
35112124;🔵 Outras Escolas (4.444);2
35125647;🔵 Outras Escolas (4.444);2
35125659;🔵 Outras Escolas (4.444);2
35132007;🔵 Outras Escolas (4.444);2
35140600;🔵 Outras Escolas (4.444);2
35144502;🔵 Outras Escolas (4.444);2
35166686;🔵 Outras Escolas (4.444);2
35499778;🔵 Outras Escolas (4.444);2
35007668;🔵 Outras Escolas (4.444);2
35010308;🔵 Outras Escolas (4.444);2
35116661;🔵 Outras Escolas (4.444);2
35116671;🔵 Outras Escolas (4.444);2
35124148;🔵 Outras Escolas (4.444);2
35132780;🔵 Outras Escolas (4.444);2
35141434;🔵 Outras Escolas (4.444);2
35150988;🔵 Outras Escolas (4.444);2
35160600;🔵 Outras Escolas (4.444);2
35166169;🔵 Outras Escolas (4.444);2
35192934;🔵 Outras Escolas (4.444);2
35288214;🔵 Outras Escolas (4.444);2
35010311;🔵 Outras Escolas (4.444);2
35114157;🔵 Outras Escolas (4.444);2
35114194;🔵 Outras Escolas (4.444);2
35124060;🔵 Outras Escolas (4.444);2
35152031;🔵 Outras Escolas (4.444);2
35155147;🔵 Outras Escolas (4.444);2
35155159;🔵 Outras Escolas (4.444);2
35174348;🔵 Outras Escolas (4.444);2
35445848;🔵 Outras Escolas (4.444);2
35463085;🔵 Outras Escolas (4.444);2
35587023;🔵 Outras Escolas (4.444);2
35809385;🔵 Outras Escolas (4.444);2
35006976;🔵 Outras Escolas (4.444);2
35113335;🔵 Outras Escolas (4.444);2
35259559;🔵 Outras Escolas (4.444);2
35325880;🔵 Outras Escolas (4.444);2
35801793;🔵 Outras Escolas (4.444);2
35004818;🔵 Outras Escolas (4.444);2
35117365;🔵 Outras Escolas (4.444);2
35117389;🔵 Outras Escolas (4.444);2
35159700;🔵 Outras Escolas (4.444);2
35192077;🔵 Outras Escolas (4.444);2
35803200;🔵 Outras Escolas (4.444);2
35006275;🔵 Outras Escolas (4.444);2
35112306;🔵 Outras Escolas (4.444);2
35112318;🔵 Outras Escolas (4.444);2
35135951;🔵 Outras Escolas (4.444);2
35137224;🔵 Outras Escolas (4.444);2
35137881;🔵 Outras Escolas (4.444);2
35143112;🔵 Outras Escolas (4.444);2
35155664;🔵 Outras Escolas (4.444);2
35168920;🔵 Outras Escolas (4.444);2
35185243;🔵 Outras Escolas (4.444);2
35805973;🔵 Outras Escolas (4.444);2
35114236;🔵 Outras Escolas (4.444);2
35142827;🔵 Outras Escolas (4.444);2
35142839;🔵 Outras Escolas (4.444);2
35150484;🔵 Outras Escolas (4.444);2
35304414;🔵 Outras Escolas (4.444);2
35358472;🔵 Outras Escolas (4.444);2
35135227;🔵 Outras Escolas (4.444);2
35138009;🔵 Outras Escolas (4.444);2
35175614;🔵 Outras Escolas (4.444);2
35195005;🔵 Outras Escolas (4.444);2
35326343;🔵 Outras Escolas (4.444);2
35004851;🔵 Outras Escolas (4.444);2
35006599;🔵 Outras Escolas (4.444);2
35115459;🔵 Outras Escolas (4.444);2
35115484;🔵 Outras Escolas (4.444);2
35118114;🔵 Outras Escolas (4.444);2
35133279;🔵 Outras Escolas (4.444);2
35160441;🔵 Outras Escolas (4.444);2
35160453;🔵 Outras Escolas (4.444);2
35165517;🔵 Outras Escolas (4.444);2
35165529;🔵 Outras Escolas (4.444);2
35192661;🔵 Outras Escolas (4.444);2
35288019;🔵 Outras Escolas (4.444);2
35290518;🔵 Outras Escolas (4.444);2
35373886;🔵 Outras Escolas (4.444);2
35441995;🔵 Outras Escolas (4.444);2
35451113;🔵 Outras Escolas (4.444);2
35467066;🔵 Outras Escolas (4.444);2
35581823;🔵 Outras Escolas (4.444);2
35009792;🔵 Outras Escolas (4.444);2
35100419;🔵 Outras Escolas (4.444);2
35116828;🔵 Outras Escolas (4.444);2
35116853;🔵 Outras Escolas (4.444);2
35123419;🔵 Outras Escolas (4.444);2
35111454;🔵 Outras Escolas (4.444);2
35111466;🔵 Outras Escolas (4.444);2
35111485;🔵 Outras Escolas (4.444);2
35134260;🔵 Outras Escolas (4.444);2
35139336;🔵 Outras Escolas (4.444);2
35144897;🔵 Outras Escolas (4.444);2
35151324;🔵 Outras Escolas (4.444);2
35466153;🔵 Outras Escolas (4.444);2
35480617;🔵 Outras Escolas (4.444);2
35581367;🔵 Outras Escolas (4.444);2
35112392;🔵 Outras Escolas (4.444);2
35112422;🔵 Outras Escolas (4.444);2
35125222;🔵 Outras Escolas (4.444);2
35126949;🔵 Outras Escolas (4.444);2
35134326;🔵 Outras Escolas (4.444);2
35138733;🔵 Outras Escolas (4.444);2
35150125;🔵 Outras Escolas (4.444);2
35159438;🔵 Outras Escolas (4.444);2
35165396;🔵 Outras Escolas (4.444);2
35197440;🔵 Outras Escolas (4.444);2
35300469;🔵 Outras Escolas (4.444);2
35004252;🔵 Outras Escolas (4.444);2
35004269;🔵 Outras Escolas (4.444);2
35008152;🔵 Outras Escolas (4.444);2
35009757;🔵 Outras Escolas (4.444);2
35112513;🔵 Outras Escolas (4.444);2
35112537;🔵 Outras Escolas (4.444);2
35112562;🔵 Outras Escolas (4.444);2
35112586;🔵 Outras Escolas (4.444);2
35112641;🔵 Outras Escolas (4.444);2
35112689;🔵 Outras Escolas (4.444);2
35112707;🔵 Outras Escolas (4.444);2
35112756;🔵 Outras Escolas (4.444);2
35112768;🔵 Outras Escolas (4.444);2
35112773;🔵 Outras Escolas (4.444);2
35112884;🔵 Outras Escolas (4.444);2
35112896;🔵 Outras Escolas (4.444);2
35112926;🔵 Outras Escolas (4.444);2
35118084;🔵 Outras Escolas (4.444);2
35123080;🔵 Outras Escolas (4.444);2
35125568;🔵 Outras Escolas (4.444);2
35131982;🔵 Outras Escolas (4.444);2
35138769;🔵 Outras Escolas (4.444);2
35143273;🔵 Outras Escolas (4.444);2
35150095;🔵 Outras Escolas (4.444);2
35159943;🔵 Outras Escolas (4.444);2
35172467;🔵 Outras Escolas (4.444);2
35172510;🔵 Outras Escolas (4.444);2
35176497;🔵 Outras Escolas (4.444);2
35179905;🔵 Outras Escolas (4.444);2
35185474;🔵 Outras Escolas (4.444);2
35194700;🔵 Outras Escolas (4.444);2
35194712;🔵 Outras Escolas (4.444);2
35437153;🔵 Outras Escolas (4.444);2
35450856;🔵 Outras Escolas (4.444);2
35466670;🔵 Outras Escolas (4.444);2
35467765;🔵 Outras Escolas (4.444);2
35579403;🔵 Outras Escolas (4.444);2
35582803;🔵 Outras Escolas (4.444);2
35800387;🔵 Outras Escolas (4.444);2
35807990;🔵 Outras Escolas (4.444);2
35808167;🔵 Outras Escolas (4.444);2
35808702;🔵 Outras Escolas (4.444);2
35812900;🔵 Outras Escolas (4.444);2
35006706;🔵 Outras Escolas (4.444);2
35112902;🔵 Outras Escolas (4.444);2
35004256;🔵 Outras Escolas (4.444);2
35109502;🔵 Outras Escolas (4.444);2
35125416;🔵 Outras Escolas (4.444);2
35131600;🔵 Outras Escolas (4.444);2
35195133;🔵 Outras Escolas (4.444);2
35259238;🔵 Outras Escolas (4.444);2
35366791;🔵 Outras Escolas (4.444);2
35119659;🔵 Outras Escolas (4.444);2
35301279;🔵 Outras Escolas (4.444);2
35364125;🔵 Outras Escolas (4.444);2
35448527;🔵 Outras Escolas (4.444);2
35565271;🔵 Outras Escolas (4.444);2
35811403;🔵 Outras Escolas (4.444);2
35116002;🔵 Outras Escolas (4.444);2
35116014;🔵 Outras Escolas (4.444);2
35116026;🔵 Outras Escolas (4.444);2
35116051;🔵 Outras Escolas (4.444);2
35143613;🔵 Outras Escolas (4.444);2
35143996;🔵 Outras Escolas (4.444);2
35152961;🔵 Outras Escolas (4.444);2
35581021;🔵 Outras Escolas (4.444);2
35808076;🔵 Outras Escolas (4.444);2
35109289;🔵 Outras Escolas (4.444);2
35109307;🔵 Outras Escolas (4.444);2
35128200;🔵 Outras Escolas (4.444);2
35131490;🔵 Outras Escolas (4.444);2
35139646;🔵 Outras Escolas (4.444);2
35142682;🔵 Outras Escolas (4.444);2
35144204;🔵 Outras Escolas (4.444);2
35151026;🔵 Outras Escolas (4.444);2
35159177;🔵 Outras Escolas (4.444);2
35370836;🔵 Outras Escolas (4.444);2
35407641;🔵 Outras Escolas (4.444);2
35568173;🔵 Outras Escolas (4.444);2
35582827;🔵 Outras Escolas (4.444);2
35583145;🔵 Outras Escolas (4.444);2
35805051;🔵 Outras Escolas (4.444);2
35806122;🔵 Outras Escolas (4.444);2
35175024;🔵 Outras Escolas (4.444);2
35286138;🔵 Outras Escolas (4.444);2
35005199;🔵 Outras Escolas (4.444);2
35108509;🔵 Outras Escolas (4.444);2
35121952;🔵 Outras Escolas (4.444);2
35130916;🔵 Outras Escolas (4.444);2
35135136;🔵 Outras Escolas (4.444);2
35139142;🔵 Outras Escolas (4.444);2
35140934;🔵 Outras Escolas (4.444);2
35144125;🔵 Outras Escolas (4.444);2
35170409;🔵 Outras Escolas (4.444);2
35440310;🔵 Outras Escolas (4.444);2
35568934;🔵 Outras Escolas (4.444);2
35808040;🔵 Outras Escolas (4.444);2
35810228;🔵 Outras Escolas (4.444);2
35141159;🔵 Outras Escolas (4.444);2
35196685;🔵 Outras Escolas (4.444);2
35197048;🔵 Outras Escolas (4.444);2
35560145;🔵 Outras Escolas (4.444);2
35583443;🔵 Outras Escolas (4.444);2
35126640;🔵 Outras Escolas (4.444);2
35139610;🔵 Outras Escolas (4.444);2
35159359;🔵 Outras Escolas (4.444);2
35191188;🔵 Outras Escolas (4.444);2
35114467;🔵 Outras Escolas (4.444);2
35114479;🔵 Outras Escolas (4.444);2
35114510;🔵 Outras Escolas (4.444);2
35139373;🔵 Outras Escolas (4.444);2
35164926;🔵 Outras Escolas (4.444);2
35172613;🔵 Outras Escolas (4.444);2
35172625;🔵 Outras Escolas (4.444);2
35258143;🔵 Outras Escolas (4.444);2
35287544;🔵 Outras Escolas (4.444);2
35288792;🔵 Outras Escolas (4.444);2
35581781;🔵 Outras Escolas (4.444);2
35802244;🔵 Outras Escolas (4.444);2
35806572;🔵 Outras Escolas (4.444);2
35119520;🔵 Outras Escolas (4.444);2
35124503;🔵 Outras Escolas (4.444);2
35813936;🔵 Outras Escolas (4.444);2
35004887;🔵 Outras Escolas (4.444);2
35110668;🔵 Outras Escolas (4.444);2
35116701;🔵 Outras Escolas (4.444);2
35125830;🔵 Outras Escolas (4.444);2
35143625;🔵 Outras Escolas (4.444);2
35154436;🔵 Outras Escolas (4.444);2
35806389;🔵 Outras Escolas (4.444);2
35131295;🔵 Outras Escolas (4.444);2
35133772;🔵 Outras Escolas (4.444);2
35160544;🔵 Outras Escolas (4.444);2
35186259;🔵 Outras Escolas (4.444);2
35187318;🔵 Outras Escolas (4.444);2
35195790;🔵 Outras Escolas (4.444);2
35196976;🔵 Outras Escolas (4.444);2
35009768;🔵 Outras Escolas (4.444);2
35803066;🔵 Outras Escolas (4.444);2
35008767;🔵 Outras Escolas (4.444);2
35010237;🔵 Outras Escolas (4.444);2
35010346;🔵 Outras Escolas (4.444);2
35108112;🔵 Outras Escolas (4.444);2
35108145;🔵 Outras Escolas (4.444);2
35108182;🔵 Outras Escolas (4.444);2
35108224;🔵 Outras Escolas (4.444);2
35119581;🔵 Outras Escolas (4.444);2
35122415;🔵 Outras Escolas (4.444);2
35123560;🔵 Outras Escolas (4.444);2
35125155;🔵 Outras Escolas (4.444);2
35125179;🔵 Outras Escolas (4.444);2
35126615;🔵 Outras Escolas (4.444);2
35131945;🔵 Outras Escolas (4.444);2
35133115;🔵 Outras Escolas (4.444);2
35133942;🔵 Outras Escolas (4.444);2
35135586;🔵 Outras Escolas (4.444);2
35140132;🔵 Outras Escolas (4.444);2
35140806;🔵 Outras Escolas (4.444);2
35140824;🔵 Outras Escolas (4.444);2
35142359;🔵 Outras Escolas (4.444);2
35142360;🔵 Outras Escolas (4.444);2
35144216;🔵 Outras Escolas (4.444);2
35150162;🔵 Outras Escolas (4.444);2
35150198;🔵 Outras Escolas (4.444);2
35150228;🔵 Outras Escolas (4.444);2
35152900;🔵 Outras Escolas (4.444);2
35153771;🔵 Outras Escolas (4.444);2
35153801;🔵 Outras Escolas (4.444);2
35154581;🔵 Outras Escolas (4.444);2
35155196;🔵 Outras Escolas (4.444);2
35160635;🔵 Outras Escolas (4.444);2
35160672;🔵 Outras Escolas (4.444);2
35165967;🔵 Outras Escolas (4.444);2
35168531;🔵 Outras Escolas (4.444);2
35168543;🔵 Outras Escolas (4.444);2
35173903;🔵 Outras Escolas (4.444);2
35188840;🔵 Outras Escolas (4.444);2
35188864;🔵 Outras Escolas (4.444);2
35197269;🔵 Outras Escolas (4.444);2
35197397;🔵 Outras Escolas (4.444);2
35250348;🔵 Outras Escolas (4.444);2
35268628;🔵 Outras Escolas (4.444);2
35304049;🔵 Outras Escolas (4.444);2
35308833;🔵 Outras Escolas (4.444);2
35400336;🔵 Outras Escolas (4.444);2
35442446;🔵 Outras Escolas (4.444);2
35448643;🔵 Outras Escolas (4.444);2
35468400;🔵 Outras Escolas (4.444);2
35470259;🔵 Outras Escolas (4.444);2
35529503;🔵 Outras Escolas (4.444);2
35582924;🔵 Outras Escolas (4.444);2
35805683;🔵 Outras Escolas (4.444);2
35805701;🔵 Outras Escolas (4.444);2
35809559;🔵 Outras Escolas (4.444);2
35809724;🔵 Outras Escolas (4.444);2
35112252;🔵 Outras Escolas (4.444);2
35121447;🔵 Outras Escolas (4.444);2
35134314;🔵 Outras Escolas (4.444);2
35144548;🔵 Outras Escolas (4.444);2
35568028;🔵 Outras Escolas (4.444);2
35585488;🔵 Outras Escolas (4.444);2
35112951;🔵 Outras Escolas (4.444);2
35118312;🔵 Outras Escolas (4.444);2
35125787;🔵 Outras Escolas (4.444);2
35161123;🔵 Outras Escolas (4.444);2
35170112;🔵 Outras Escolas (4.444);2
35170446;🔵 Outras Escolas (4.444);2
35439368;🔵 Outras Escolas (4.444);2
35439599;🔵 Outras Escolas (4.444);2
35499365;🔵 Outras Escolas (4.444);2
35809044;🔵 Outras Escolas (4.444);2
35813000;🔵 Outras Escolas (4.444);2
35103081;🔵 Outras Escolas (4.444);2
35132950;🔵 Outras Escolas (4.444);2
35115642;🔵 Outras Escolas (4.444);2
35137716;🔵 Outras Escolas (4.444);2
35150344;🔵 Outras Escolas (4.444);2
35176734;🔵 Outras Escolas (4.444);2
35429259;🔵 Outras Escolas (4.444);2
35441922;🔵 Outras Escolas (4.444);2
35106434;🔵 Outras Escolas (4.444);2
35111569;🔵 Outras Escolas (4.444);2
35125696;🔵 Outras Escolas (4.444);2
35134272;🔵 Outras Escolas (4.444);2
35140703;🔵 Outras Escolas (4.444);2
35159141;🔵 Outras Escolas (4.444);2
35382619;🔵 Outras Escolas (4.444);2
35432210;🔵 Outras Escolas (4.444);2
35800077;🔵 Outras Escolas (4.444);2
35143029;🔵 Outras Escolas (4.444);2
35174920;🔵 Outras Escolas (4.444);2
35810575;🔵 Outras Escolas (4.444);2
35150289;🔵 Outras Escolas (4.444);2
35169328;🔵 Outras Escolas (4.444);2
35172856;🔵 Outras Escolas (4.444);2
35179383;🔵 Outras Escolas (4.444);2
35805048;🔵 Outras Escolas (4.444);2
35071092;🔵 Outras Escolas (4.444);2
35085455;🔵 Outras Escolas (4.444);2
35113086;🔵 Outras Escolas (4.444);2
35153126;🔵 Outras Escolas (4.444);2
35305674;🔵 Outras Escolas (4.444);2
35811683;🔵 Outras Escolas (4.444);2
35006190;🔵 Outras Escolas (4.444);2
35111648;🔵 Outras Escolas (4.444);2
35143170;🔵 Outras Escolas (4.444);2
35143352;🔵 Outras Escolas (4.444);2
35172959;🔵 Outras Escolas (4.444);2
35457334;🔵 Outras Escolas (4.444);2
35802086;🔵 Outras Escolas (4.444);2
35802189;🔵 Outras Escolas (4.444);2
35110899;🔵 Outras Escolas (4.444);2
35110917;🔵 Outras Escolas (4.444);2
35110929;🔵 Outras Escolas (4.444);2
35126196;🔵 Outras Escolas (4.444);2
35135616;🔵 Outras Escolas (4.444);2
35137194;🔵 Outras Escolas (4.444);2
35138083;🔵 Outras Escolas (4.444);2
35155871;🔵 Outras Escolas (4.444);2
35167794;🔵 Outras Escolas (4.444);2
35167800;🔵 Outras Escolas (4.444);2
35288822;🔵 Outras Escolas (4.444);2
35109356;🔵 Outras Escolas (4.444);2
35126895;🔵 Outras Escolas (4.444);2
35139622;🔵 Outras Escolas (4.444);2
35009516;🔵 Outras Escolas (4.444);2
35115708;🔵 Outras Escolas (4.444);2
35115712;🔵 Outras Escolas (4.444);2
35121344;🔵 Outras Escolas (4.444);2
35125982;🔵 Outras Escolas (4.444);2
35134429;🔵 Outras Escolas (4.444);2
35153795;🔵 Outras Escolas (4.444);2
35192399;🔵 Outras Escolas (4.444);2
35299789;🔵 Outras Escolas (4.444);2
35004036;🔵 Outras Escolas (4.444);2
35004904;🔵 Outras Escolas (4.444);2
35009758;🔵 Outras Escolas (4.444);2
35010473;🔵 Outras Escolas (4.444);2
35113207;🔵 Outras Escolas (4.444);2
35113219;🔵 Outras Escolas (4.444);2
35113256;🔵 Outras Escolas (4.444);2
35113268;🔵 Outras Escolas (4.444);2
35113281;🔵 Outras Escolas (4.444);2
35122506;🔵 Outras Escolas (4.444);2
35130588;🔵 Outras Escolas (4.444);2
35133863;🔵 Outras Escolas (4.444);2
35136050;🔵 Outras Escolas (4.444);2
35140648;🔵 Outras Escolas (4.444);2
35150307;🔵 Outras Escolas (4.444);2
35150435;🔵 Outras Escolas (4.444);2
35165451;🔵 Outras Escolas (4.444);2
35175420;🔵 Outras Escolas (4.444);2
35179103;🔵 Outras Escolas (4.444);2
35259317;🔵 Outras Escolas (4.444);2
35290981;🔵 Outras Escolas (4.444);2
35296478;🔵 Outras Escolas (4.444);2
35429173;🔵 Outras Escolas (4.444);2
35432994;🔵 Outras Escolas (4.444);2
35481397;🔵 Outras Escolas (4.444);2
35584939;🔵 Outras Escolas (4.444);2
35808489;🔵 Outras Escolas (4.444);2
35809445;🔵 Outras Escolas (4.444);2
35113402;🔵 Outras Escolas (4.444);2
35113426;🔵 Outras Escolas (4.444);2
35130606;🔵 Outras Escolas (4.444);2
35134417;🔵 Outras Escolas (4.444);2
35139932;🔵 Outras Escolas (4.444);2
35143789;🔵 Outras Escolas (4.444);2
35144997;🔵 Outras Escolas (4.444);2
35152812;🔵 Outras Escolas (4.444);2
35152821;🔵 Outras Escolas (4.444);2
35388786;🔵 Outras Escolas (4.444);2
35481580;🔵 Outras Escolas (4.444);2
35497997;🔵 Outras Escolas (4.444);2
35811142;🔵 Outras Escolas (4.444);2
35117500;🔵 Outras Escolas (4.444);2
35117547;🔵 Outras Escolas (4.444);2
35117560;🔵 Outras Escolas (4.444);2
35117572;🔵 Outras Escolas (4.444);2
35117614;🔵 Outras Escolas (4.444);2
35124801;🔵 Outras Escolas (4.444);2
35126007;🔵 Outras Escolas (4.444);2
35150654;🔵 Outras Escolas (4.444);2
35173241;🔵 Outras Escolas (4.444);2
35342956;🔵 Outras Escolas (4.444);2
35810095;🔵 Outras Escolas (4.444);2
35126044;🔵 Outras Escolas (4.444);2
35108583;🔵 Outras Escolas (4.444);2
35108601;🔵 Outras Escolas (4.444);2
35108613;🔵 Outras Escolas (4.444);2
35125799;🔵 Outras Escolas (4.444);2
35125817;🔵 Outras Escolas (4.444);2
35150548;🔵 Outras Escolas (4.444);2
35185383;🔵 Outras Escolas (4.444);2
35464259;🔵 Outras Escolas (4.444);2
35810940;🔵 Outras Escolas (4.444);2
35108339;🔵 Outras Escolas (4.444);2
35108364;🔵 Outras Escolas (4.444);2
35118072;🔵 Outras Escolas (4.444);2
35122993;🔵 Outras Escolas (4.444);2
35126974;🔵 Outras Escolas (4.444);2
35135094;🔵 Outras Escolas (4.444);2
35152110;🔵 Outras Escolas (4.444);2
35152195;🔵 Outras Escolas (4.444);2
35152249;🔵 Outras Escolas (4.444);2
35167034;🔵 Outras Escolas (4.444);2
35175857;🔵 Outras Escolas (4.444);2
35193914;🔵 Outras Escolas (4.444);2
35290762;🔵 Outras Escolas (4.444);2
35299182;🔵 Outras Escolas (4.444);2
35368015;🔵 Outras Escolas (4.444);2
35369895;🔵 Outras Escolas (4.444);2
35429673;🔵 Outras Escolas (4.444);2
35430146;🔵 Outras Escolas (4.444);2
35450868;🔵 Outras Escolas (4.444);2
35803170;🔵 Outras Escolas (4.444);2
35809184;🔵 Outras Escolas (4.444);2
35132056;🔵 Outras Escolas (4.444);2
35005753;🔵 Outras Escolas (4.444);2
35136098;🔵 Outras Escolas (4.444);2
35138836;🔵 Outras Escolas (4.444);2
35140673;🔵 Outras Escolas (4.444);2
35140685;🔵 Outras Escolas (4.444);2
35150022;🔵 Outras Escolas (4.444);2
35175687;🔵 Outras Escolas (4.444);2
35257312;🔵 Outras Escolas (4.444);2
35007828;🔵 Outras Escolas (4.444);2
35008763;🔵 Outras Escolas (4.444);2
35109393;🔵 Outras Escolas (4.444);2
35109400;🔵 Outras Escolas (4.444);2
35109411;🔵 Outras Escolas (4.444);2
35109435;🔵 Outras Escolas (4.444);2
35109460;🔵 Outras Escolas (4.444);2
35109472;🔵 Outras Escolas (4.444);2
35109496;🔵 Outras Escolas (4.444);2
35119660;🔵 Outras Escolas (4.444);2
35120637;🔵 Outras Escolas (4.444);2
35120947;🔵 Outras Escolas (4.444);2
35130928;🔵 Outras Escolas (4.444);2
35135288;🔵 Outras Escolas (4.444);2
35138630;🔵 Outras Escolas (4.444);2
35140144;🔵 Outras Escolas (4.444);2
35144733;🔵 Outras Escolas (4.444);2
35144745;🔵 Outras Escolas (4.444);2
35154908;🔵 Outras Escolas (4.444);2
35159244;🔵 Outras Escolas (4.444);2
35159897;🔵 Outras Escolas (4.444);2
35166832;🔵 Outras Escolas (4.444);2
35464636;🔵 Outras Escolas (4.444);2
35481105;🔵 Outras Escolas (4.444);2
35567929;🔵 Outras Escolas (4.444);2
35568582;🔵 Outras Escolas (4.444);2
35800200;🔵 Outras Escolas (4.444);2
35803844;🔵 Outras Escolas (4.444);2
35809111;🔵 Outras Escolas (4.444);2
35809512;🔵 Outras Escolas (4.444);2
35004901;🔵 Outras Escolas (4.444);2
35006070;🔵 Outras Escolas (4.444);2
35117699;🔵 Outras Escolas (4.444);2
35117705;🔵 Outras Escolas (4.444);2
35123808;🔵 Outras Escolas (4.444);2
35141392;🔵 Outras Escolas (4.444);2
35150459;🔵 Outras Escolas (4.444);2
35005656;🔵 Outras Escolas (4.444);2
35007666;🔵 Outras Escolas (4.444);2
35008395;🔵 Outras Escolas (4.444);2
35151993;🔵 Outras Escolas (4.444);2
35158446;🔵 Outras Escolas (4.444);2
35165049;🔵 Outras Escolas (4.444);2
35110826;🔵 Outras Escolas (4.444);2
35133097;🔵 Outras Escolas (4.444);2
35158379;🔵 Outras Escolas (4.444);2
35286527;🔵 Outras Escolas (4.444);2
35288032;🔵 Outras Escolas (4.444);2
35004795;🔵 Outras Escolas (4.444);2
35004821;🔵 Outras Escolas (4.444);2
35005209;🔵 Outras Escolas (4.444);2
35007022;🔵 Outras Escolas (4.444);2
35008842;🔵 Outras Escolas (4.444);2
35113724;🔵 Outras Escolas (4.444);2
35113736;🔵 Outras Escolas (4.444);2
35113748;🔵 Outras Escolas (4.444);2
35113759;🔵 Outras Escolas (4.444);2
35113773;🔵 Outras Escolas (4.444);2
35113852;🔵 Outras Escolas (4.444);2
35121150;🔵 Outras Escolas (4.444);2
35123146;🔵 Outras Escolas (4.444);2
35125490;🔵 Outras Escolas (4.444);2
35150587;🔵 Outras Escolas (4.444);2
35158999;🔵 Outras Escolas (4.444);2
35165931;🔵 Outras Escolas (4.444);2
35165943;🔵 Outras Escolas (4.444);2
35191541;🔵 Outras Escolas (4.444);2
35263473;🔵 Outras Escolas (4.444);2
35304888;🔵 Outras Escolas (4.444);2
35440322;🔵 Outras Escolas (4.444);2
35151907;🔵 Outras Escolas (4.444);2
35006289;🔵 Outras Escolas (4.444);2
35119748;🔵 Outras Escolas (4.444);2
35136876;🔵 Outras Escolas (4.444);2
35136888;🔵 Outras Escolas (4.444);2
35138654;🔵 Outras Escolas (4.444);2
35144058;🔵 Outras Escolas (4.444);2
35151063;🔵 Outras Escolas (4.444);2
35151075;🔵 Outras Escolas (4.444);2
35167666;🔵 Outras Escolas (4.444);2
35189935;🔵 Outras Escolas (4.444);2
35448886;🔵 Outras Escolas (4.444);2
35449143;🔵 Outras Escolas (4.444);2
35583303;🔵 Outras Escolas (4.444);2
35805257;🔵 Outras Escolas (4.444);2
35805373;🔵 Outras Escolas (4.444);2
35117134;🔵 Outras Escolas (4.444);2
35117195;🔵 Outras Escolas (4.444);2
35117201;🔵 Outras Escolas (4.444);2
35118321;🔵 Outras Escolas (4.444);2
35121381;🔵 Outras Escolas (4.444);2
35123444;🔵 Outras Escolas (4.444);2
35165773;🔵 Outras Escolas (4.444);2
35185619;🔵 Outras Escolas (4.444);2
35185632;🔵 Outras Escolas (4.444);2
35300895;🔵 Outras Escolas (4.444);2
35466761;🔵 Outras Escolas (4.444);2
35009648;🔵 Outras Escolas (4.444);2
35105824;🔵 Outras Escolas (4.444);2
35108637;🔵 Outras Escolas (4.444);2
35128120;🔵 Outras Escolas (4.444);2
35141495;🔵 Outras Escolas (4.444);2
35440656;🔵 Outras Escolas (4.444);2
35004304;🔵 Outras Escolas (4.444);2
35009366;🔵 Outras Escolas (4.444);2
35011153;🔵 Outras Escolas (4.444);2
35114820;🔵 Outras Escolas (4.444);2
35114911;🔵 Outras Escolas (4.444);2
35114923;🔵 Outras Escolas (4.444);2
35114959;🔵 Outras Escolas (4.444);2
35114960;🔵 Outras Escolas (4.444);2
35114996;🔵 Outras Escolas (4.444);2
35115022;🔵 Outras Escolas (4.444);2
35115083;🔵 Outras Escolas (4.444);2
35118503;🔵 Outras Escolas (4.444);2
35118540;🔵 Outras Escolas (4.444);2
35121733;🔵 Outras Escolas (4.444);2
35130898;🔵 Outras Escolas (4.444);2
35132925;🔵 Outras Escolas (4.444);2
35141537;🔵 Outras Escolas (4.444);2
35152894;🔵 Outras Escolas (4.444);2
35165190;🔵 Outras Escolas (4.444);2
35186429;🔵 Outras Escolas (4.444);2
35268173;🔵 Outras Escolas (4.444);2
35290804;🔵 Outras Escolas (4.444);2
35295784;🔵 Outras Escolas (4.444);2
35338345;🔵 Outras Escolas (4.444);2
35431436;🔵 Outras Escolas (4.444);2
35449003;🔵 Outras Escolas (4.444);2
35557961;🔵 Outras Escolas (4.444);2
35567632;🔵 Outras Escolas (4.444);2
35567656;🔵 Outras Escolas (4.444);2
35579890;🔵 Outras Escolas (4.444);2
35802220;🔵 Outras Escolas (4.444);2
35807680;🔵 Outras Escolas (4.444);2
35114832;🔵 Outras Escolas (4.444);2
35504622;🔵 Outras Escolas (4.444);2
35004193;🔵 Outras Escolas (4.444);2
35114030;🔵 Outras Escolas (4.444);2
35114042;🔵 Outras Escolas (4.444);2
35114066;🔵 Outras Escolas (4.444);2
35114078;🔵 Outras Escolas (4.444);2
35159013;🔵 Outras Escolas (4.444);2
35263072;🔵 Outras Escolas (4.444);2
35111788;🔵 Outras Escolas (4.444);2
35123675;🔵 Outras Escolas (4.444);2
35130643;🔵 Outras Escolas (4.444);2
35583674;🔵 Outras Escolas (4.444);2
35140612;🔵 Outras Escolas (4.444);2
35150642;🔵 Outras Escolas (4.444);2
35174836;🔵 Outras Escolas (4.444);2
35499092;🔵 Outras Escolas (4.444);2
35121721;🔵 Outras Escolas (4.444);2
35141355;🔵 Outras Escolas (4.444);2
35141367;🔵 Outras Escolas (4.444);2
35153163;🔵 Outras Escolas (4.444);2
35369226;🔵 Outras Escolas (4.444);2
35004913;🔵 Outras Escolas (4.444);2
35065134;🔵 Outras Escolas (4.444);2
35108649;🔵 Outras Escolas (4.444);2
35108650;🔵 Outras Escolas (4.444);2
35108698;🔵 Outras Escolas (4.444);2
35108736;🔵 Outras Escolas (4.444);2
35108741;🔵 Outras Escolas (4.444);2
35108820;🔵 Outras Escolas (4.444);2
35108873;🔵 Outras Escolas (4.444);2
35118667;🔵 Outras Escolas (4.444);2
35123511;🔵 Outras Escolas (4.444);2
35124631;🔵 Outras Escolas (4.444);2
35132123;🔵 Outras Escolas (4.444);2
35134168;🔵 Outras Escolas (4.444);2
35135148;🔵 Outras Escolas (4.444);2
35136759;🔵 Outras Escolas (4.444);2
35137960;🔵 Outras Escolas (4.444);2
35139178;🔵 Outras Escolas (4.444);2
35140909;🔵 Outras Escolas (4.444);2
35143736;🔵 Outras Escolas (4.444);2
35168622;🔵 Outras Escolas (4.444);2
35173186;🔵 Outras Escolas (4.444);2
35173236;🔵 Outras Escolas (4.444);2
35307555;🔵 Outras Escolas (4.444);2
35314785;🔵 Outras Escolas (4.444);2
35395754;🔵 Outras Escolas (4.444);2
35421522;🔵 Outras Escolas (4.444);2
35429089;🔵 Outras Escolas (4.444);2
35439642;🔵 Outras Escolas (4.444);2
35804101;🔵 Outras Escolas (4.444);2
35811476;🔵 Outras Escolas (4.444);2
35812031;🔵 Outras Escolas (4.444);2
35005953;🔵 Outras Escolas (4.444);2
35006903;🔵 Outras Escolas (4.444);2
35006977;🔵 Outras Escolas (4.444);2
35008774;🔵 Outras Escolas (4.444);2
35109708;🔵 Outras Escolas (4.444);2
35109721;🔵 Outras Escolas (4.444);2
35109733;🔵 Outras Escolas (4.444);2
35109848;🔵 Outras Escolas (4.444);2
35109997;🔵 Outras Escolas (4.444);2
35110024;🔵 Outras Escolas (4.444);2
35110139;🔵 Outras Escolas (4.444);2
35110140;🔵 Outras Escolas (4.444);2
35110164;🔵 Outras Escolas (4.444);2
35110346;🔵 Outras Escolas (4.444);2
35110358;🔵 Outras Escolas (4.444);2
35126457;🔵 Outras Escolas (4.444);2
35131829;🔵 Outras Escolas (4.444);2
35139683;🔵 Outras Escolas (4.444);2
35144071;🔵 Outras Escolas (4.444);2
35151531;🔵 Outras Escolas (4.444);2
35154295;🔵 Outras Escolas (4.444);2
35154398;🔵 Outras Escolas (4.444);2
35154404;🔵 Outras Escolas (4.444);2
35158732;🔵 Outras Escolas (4.444);2
35159384;🔵 Outras Escolas (4.444);2
35186260;🔵 Outras Escolas (4.444);2
35385244;🔵 Outras Escolas (4.444);2
35481609;🔵 Outras Escolas (4.444);2
35483084;🔵 Outras Escolas (4.444);2
35810939;🔵 Outras Escolas (4.444);2
35005131;🔵 Outras Escolas (4.444);2
35006291;🔵 Outras Escolas (4.444);2
35007008;🔵 Outras Escolas (4.444);2
35007152;🔵 Outras Escolas (4.444);2
35108923;🔵 Outras Escolas (4.444);2
35108959;🔵 Outras Escolas (4.444);2
35108972;🔵 Outras Escolas (4.444);2
35108996;🔵 Outras Escolas (4.444);2
35109010;🔵 Outras Escolas (4.444);2
35109022;🔵 Outras Escolas (4.444);2
35119611;🔵 Outras Escolas (4.444);2
35137650;🔵 Outras Escolas (4.444);2
35140910;🔵 Outras Escolas (4.444);2
35141501;🔵 Outras Escolas (4.444);2
35141811;🔵 Outras Escolas (4.444);2
35142612;🔵 Outras Escolas (4.444);2
35142967;🔵 Outras Escolas (4.444);2
35144381;🔵 Outras Escolas (4.444);2
35150373;🔵 Outras Escolas (4.444);2
35151048;🔵 Outras Escolas (4.444);2
35151452;🔵 Outras Escolas (4.444);2
35152729;🔵 Outras Escolas (4.444);2
35162164;🔵 Outras Escolas (4.444);2
35184949;🔵 Outras Escolas (4.444);2
35194827;🔵 Outras Escolas (4.444);2
35430353;🔵 Outras Escolas (4.444);2
35481014;🔵 Outras Escolas (4.444);2
35566809;🔵 Outras Escolas (4.444);2
35583224;🔵 Outras Escolas (4.444);2
35802578;🔵 Outras Escolas (4.444);2
35809883;🔵 Outras Escolas (4.444);2
35109198;🔵 Outras Escolas (4.444);2
35109228;🔵 Outras Escolas (4.444);2
35127115;🔵 Outras Escolas (4.444);2
35132160;🔵 Outras Escolas (4.444);2
35135203;🔵 Outras Escolas (4.444);2
35139208;🔵 Outras Escolas (4.444);2
35154775;🔵 Outras Escolas (4.444);2
35430432;🔵 Outras Escolas (4.444);2
35802839;🔵 Outras Escolas (4.444);2
35007524;🔵 Outras Escolas (4.444);2
35009706;🔵 Outras Escolas (4.444);2
35115253;🔵 Outras Escolas (4.444);2
35125436;🔵 Outras Escolas (4.444);2
35125441;🔵 Outras Escolas (4.444);2
35130904;🔵 Outras Escolas (4.444);2
35143091;🔵 Outras Escolas (4.444);2
35165116;🔵 Outras Escolas (4.444);2
35170331;🔵 Outras Escolas (4.444);2
35184974;🔵 Outras Escolas (4.444);2
35115265;🔵 Outras Escolas (4.444);2
35115277;🔵 Outras Escolas (4.444);2
35121307;🔵 Outras Escolas (4.444);2
35004215;🔵 Outras Escolas (4.444);2
35004863;🔵 Outras Escolas (4.444);2
35006144;🔵 Outras Escolas (4.444);2
35006933;🔵 Outras Escolas (4.444);2
35006934;🔵 Outras Escolas (4.444);2
35006958;🔵 Outras Escolas (4.444);2
35008681;🔵 Outras Escolas (4.444);2
35010002;🔵 Outras Escolas (4.444);2
35010226;🔵 Outras Escolas (4.444);2
35116361;🔵 Outras Escolas (4.444);2
35116373;🔵 Outras Escolas (4.444);2
35116385;🔵 Outras Escolas (4.444);2
35116415;🔵 Outras Escolas (4.444);2
35123365;🔵 Outras Escolas (4.444);2
35139452;🔵 Outras Escolas (4.444);2
35160854;🔵 Outras Escolas (4.444);2
35174658;🔵 Outras Escolas (4.444);2
35186485;🔵 Outras Escolas (4.444);2
35188712;🔵 Outras Escolas (4.444);2
35448205;🔵 Outras Escolas (4.444);2
35500033;🔵 Outras Escolas (4.444);2
35501918;🔵 Outras Escolas (4.444);2
35504324;🔵 Outras Escolas (4.444);2
35509516;🔵 Outras Escolas (4.444);2
35809159;🔵 Outras Escolas (4.444);2
35004369;🔵 Outras Escolas (4.444);2
35104930;🔵 Outras Escolas (4.444);2
35110966;🔵 Outras Escolas (4.444);2
35111016;🔵 Outras Escolas (4.444);2
35111053;🔵 Outras Escolas (4.444);2
35111089;🔵 Outras Escolas (4.444);2
35122038;🔵 Outras Escolas (4.444);2
35134259;🔵 Outras Escolas (4.444);2
35137170;🔵 Outras Escolas (4.444);2
35139300;🔵 Outras Escolas (4.444);2
35139312;🔵 Outras Escolas (4.444);2
35140041;🔵 Outras Escolas (4.444);2
35140065;🔵 Outras Escolas (4.444);2
35142694;🔵 Outras Escolas (4.444);2
35144496;🔵 Outras Escolas (4.444);2
35153394;🔵 Outras Escolas (4.444);2
35167563;🔵 Outras Escolas (4.444);2
35175572;🔵 Outras Escolas (4.444);2
35250892;🔵 Outras Escolas (4.444);2
35290439;🔵 Outras Escolas (4.444);2
35439526;🔵 Outras Escolas (4.444);2
35499067;🔵 Outras Escolas (4.444);2
35561320;🔵 Outras Escolas (4.444);2
35805555;🔵 Outras Escolas (4.444);2
35808246;🔵 Outras Escolas (4.444);2
35063071;🔵 Outras Escolas (4.444);2
35101151;🔵 Outras Escolas (4.444);2
35101722;🔵 Outras Escolas (4.444);2
35287581;🔵 Outras Escolas (4.444);2
35477886;🔵 Outras Escolas (4.444);2
35104620;🔵 Outras Escolas (4.444);2
35104875;🔵 Outras Escolas (4.444);2
35104917;🔵 Outras Escolas (4.444);2
35480745;🔵 Outras Escolas (4.444);2
35293532;🔵 Outras Escolas (4.444);2
35063332;🔵 Outras Escolas (4.444);2
35365592;🔵 Outras Escolas (4.444);2
35449748;🔵 Outras Escolas (4.444);2
35809305;🔵 Outras Escolas (4.444);2
35004602;🔵 Outras Escolas (4.444);2
35139774;🔵 Outras Escolas (4.444);2
35151385;🔵 Outras Escolas (4.444);2
35154106;🔵 Outras Escolas (4.444);2
35157478;🔵 Outras Escolas (4.444);2
35296016;🔵 Outras Escolas (4.444);2
35103780;🔵 Outras Escolas (4.444);2
35127991;🔵 Outras Escolas (4.444);2
35134132;🔵 Outras Escolas (4.444);2
35140351;🔵 Outras Escolas (4.444);2
35103433;🔵 Outras Escolas (4.444);2
35103494;🔵 Outras Escolas (4.444);2
35399197;🔵 Outras Escolas (4.444);2
35101278;🔵 Outras Escolas (4.444);2
35101333;🔵 Outras Escolas (4.444);2
35809287;🔵 Outras Escolas (4.444);2
35006111;🔵 Outras Escolas (4.444);2
35102350;🔵 Outras Escolas (4.444);2
35103421;🔵 Outras Escolas (4.444);2
35119261;🔵 Outras Escolas (4.444);2
35150061;🔵 Outras Escolas (4.444);2
35192211;🔵 Outras Escolas (4.444);2
35005969;🔵 Outras Escolas (4.444);2
35105429;🔵 Outras Escolas (4.444);2
35105961;🔵 Outras Escolas (4.444);2
35124175;🔵 Outras Escolas (4.444);2
35144186;🔵 Outras Escolas (4.444);2
35153564;🔵 Outras Escolas (4.444);2
35165323;🔵 Outras Escolas (4.444);2
35165359;🔵 Outras Escolas (4.444);2
35450935;🔵 Outras Escolas (4.444);2
35463279;🔵 Outras Escolas (4.444);2
35800612;🔵 Outras Escolas (4.444);2
35100353;🔵 Outras Escolas (4.444);2
35101084;🔵 Outras Escolas (4.444);2
35142724;🔵 Outras Escolas (4.444);2
35154817;🔵 Outras Escolas (4.444);2
35158318;🔵 Outras Escolas (4.444);2
35167459;🔵 Outras Escolas (4.444);2
35811658;🔵 Outras Escolas (4.444);2
35106471;🔵 Outras Escolas (4.444);2
35106616;🔵 Outras Escolas (4.444);2
35106636;🔵 Outras Escolas (4.444);2
35125908;🔵 Outras Escolas (4.444);2
35137042;🔵 Outras Escolas (4.444);2
35445630;🔵 Outras Escolas (4.444);2
35106240;🔵 Outras Escolas (4.444);2
35124849;🔵 Outras Escolas (4.444);2
35141240;🔵 Outras Escolas (4.444);2
35344837;🔵 Outras Escolas (4.444);2
35429612;🔵 Outras Escolas (4.444);2
35107517;🔵 Outras Escolas (4.444);2
35107803;🔵 Outras Escolas (4.444);2
35140338;🔵 Outras Escolas (4.444);2
35144721;🔵 Outras Escolas (4.444);2
35187537;🔵 Outras Escolas (4.444);2
35810617;🔵 Outras Escolas (4.444);2
35107645;🔵 Outras Escolas (4.444);2
35124795;🔵 Outras Escolas (4.444);2
35136359;🔵 Outras Escolas (4.444);2
35137078;🔵 Outras Escolas (4.444);2
35137108;🔵 Outras Escolas (4.444);2
35140314;🔵 Outras Escolas (4.444);2
35141773;🔵 Outras Escolas (4.444);2
35176588;🔵 Outras Escolas (4.444);2
35193306;🔵 Outras Escolas (4.444);2
35165670;🔵 Outras Escolas (4.444);2
35805439;🔵 Outras Escolas (4.444);2
35805452;🔵 Outras Escolas (4.444);2
35107554;🔵 Outras Escolas (4.444);2
35107591;🔵 Outras Escolas (4.444);2
35107682;🔵 Outras Escolas (4.444);2
35125726;🔵 Outras Escolas (4.444);2
35141768;🔵 Outras Escolas (4.444);2
35142311;🔵 Outras Escolas (4.444);2
35160763;🔵 Outras Escolas (4.444);2
35179848;🔵 Outras Escolas (4.444);2
35101898;🔵 Outras Escolas (4.444);2
35101941;🔵 Outras Escolas (4.444);2
35153285;🔵 Outras Escolas (4.444);2
35165311;🔵 Outras Escolas (4.444);2
35171116;🔵 Outras Escolas (4.444);2
35100161;🔵 Outras Escolas (4.444);2
35100171;🔵 Outras Escolas (4.444);2
35100183;🔵 Outras Escolas (4.444);2
35292175;🔵 Outras Escolas (4.444);2
35442392;🔵 Outras Escolas (4.444);2
35811105;🔵 Outras Escolas (4.444);2
35107608;🔵 Outras Escolas (4.444);2
35139221;🔵 Outras Escolas (4.444);2
35139233;🔵 Outras Escolas (4.444);2
35140004;🔵 Outras Escolas (4.444);2
35140348;🔵 Outras Escolas (4.444);2
35107906;🔵 Outras Escolas (4.444);2
35135021;🔵 Outras Escolas (4.444);2
35135057;🔵 Outras Escolas (4.444);2
35139129;🔵 Outras Escolas (4.444);2
35141297;🔵 Outras Escolas (4.444);2
35143157;🔵 Outras Escolas (4.444);2
35143959;🔵 Outras Escolas (4.444);2
35158525;🔵 Outras Escolas (4.444);2
35158550;🔵 Outras Escolas (4.444);2
35168671;🔵 Outras Escolas (4.444);2
35800971;🔵 Outras Escolas (4.444);2
35153060;🔵 Outras Escolas (4.444);2
35307592;🔵 Outras Escolas (4.444);2
35467789;🔵 Outras Escolas (4.444);2
35151737;🔵 Outras Escolas (4.444);2
35170458;🔵 Outras Escolas (4.444);2
35103248;🔵 Outras Escolas (4.444);2
35103697;🔵 Outras Escolas (4.444);2
35103718;🔵 Outras Escolas (4.444);2
35103834;🔵 Outras Escolas (4.444);2
35103861;🔵 Outras Escolas (4.444);2
35141948;🔵 Outras Escolas (4.444);2
35498646;🔵 Outras Escolas (4.444);2
35107256;🔵 Outras Escolas (4.444);2
35138575;🔵 Outras Escolas (4.444);2
35313524;🔵 Outras Escolas (4.444);2
35009561;🔵 Outras Escolas (4.444);2
35135525;🔵 Outras Escolas (4.444);2
35144952;🔵 Outras Escolas (4.444);2
35157132;🔵 Outras Escolas (4.444);2
35163326;🔵 Outras Escolas (4.444);2
35163338;🔵 Outras Escolas (4.444);2
35185437;🔵 Outras Escolas (4.444);2
35100304;🔵 Outras Escolas (4.444);2
35100328;🔵 Outras Escolas (4.444);2
35141483;🔵 Outras Escolas (4.444);2
35154684;🔵 Outras Escolas (4.444);2
35154854;🔵 Outras Escolas (4.444);2
35165104;🔵 Outras Escolas (4.444);2
35167411;🔵 Outras Escolas (4.444);2
35189431;🔵 Outras Escolas (4.444);2
35810307;🔵 Outras Escolas (4.444);2
35155287;🔵 Outras Escolas (4.444);2
35158549;🔵 Outras Escolas (4.444);2
35807825;🔵 Outras Escolas (4.444);2
35802050;🔵 Outras Escolas (4.444);2
35806286;🔵 Outras Escolas (4.444);2
35103548;🔵 Outras Escolas (4.444);2
35104206;🔵 Outras Escolas (4.444);2
35106148;🔵 Outras Escolas (4.444);2
35106367;🔵 Outras Escolas (4.444);2
35143406;🔵 Outras Escolas (4.444);2
35158483;🔵 Outras Escolas (4.444);2
35161937;🔵 Outras Escolas (4.444);2
35165335;🔵 Outras Escolas (4.444);2
35165347;🔵 Outras Escolas (4.444);2
35198959;🔵 Outras Escolas (4.444);2
35153084;🔵 Outras Escolas (4.444);2
35185760;🔵 Outras Escolas (4.444);2
35009839;🔵 Outras Escolas (4.444);2
35106628;🔵 Outras Escolas (4.444);2
35106677;🔵 Outras Escolas (4.444);2
35106756;🔵 Outras Escolas (4.444);2
35106781;🔵 Outras Escolas (4.444);2
35106811;🔵 Outras Escolas (4.444);2
35155019;🔵 Outras Escolas (4.444);2
35456731;🔵 Outras Escolas (4.444);2
35104449;🔵 Outras Escolas (4.444);2
35105971;🔵 Outras Escolas (4.444);2
35126718;🔵 Outras Escolas (4.444);2
35134788;🔵 Outras Escolas (4.444);2
35154210;🔵 Outras Escolas (4.444);2
35102180;🔵 Outras Escolas (4.444);2
35187185;🔵 Outras Escolas (4.444);2
35290993;🔵 Outras Escolas (4.444);2
35808210;🔵 Outras Escolas (4.444);2
35102301;🔵 Outras Escolas (4.444);2
35115307;🔵 Outras Escolas (4.444);2
35135550;🔵 Outras Escolas (4.444);2
35137546;🔵 Outras Escolas (4.444);2
35156553;🔵 Outras Escolas (4.444);2
35161287;🔵 Outras Escolas (4.444);2
35161317;🔵 Outras Escolas (4.444);2
35165621;🔵 Outras Escolas (4.444);2
35173708;🔵 Outras Escolas (4.444);2
35805440;🔵 Outras Escolas (4.444);2
35811816;🔵 Outras Escolas (4.444);2
35007070;🔵 Outras Escolas (4.444);2
35107049;🔵 Outras Escolas (4.444);2
35107050;🔵 Outras Escolas (4.444);2
35107116;🔵 Outras Escolas (4.444);2
35132559;🔵 Outras Escolas (4.444);2
35136463;🔵 Outras Escolas (4.444);2
35139580;🔵 Outras Escolas (4.444);2
35141264;🔵 Outras Escolas (4.444);2
35171487;🔵 Outras Escolas (4.444);2
35007387;🔵 Outras Escolas (4.444);2
35154441;🔵 Outras Escolas (4.444);2
35161007;🔵 Outras Escolas (4.444);2
35185565;🔵 Outras Escolas (4.444);2
35290415;🔵 Outras Escolas (4.444);2
35800089;🔵 Outras Escolas (4.444);2
35805063;🔵 Outras Escolas (4.444);2
35176205;🔵 Outras Escolas (4.444);2
35118977;🔵 Outras Escolas (4.444);2
35118990;🔵 Outras Escolas (4.444);2
35151518;🔵 Outras Escolas (4.444);2
35189443;🔵 Outras Escolas (4.444);2
35438315;🔵 Outras Escolas (4.444);2
35177015;🔵 Outras Escolas (4.444);2
35103524;🔵 Outras Escolas (4.444);2
35104590;🔵 Outras Escolas (4.444);2
35388117;🔵 Outras Escolas (4.444);2
35107529;🔵 Outras Escolas (4.444);2
35107924;🔵 Outras Escolas (4.444);2
35151889;🔵 Outras Escolas (4.444);2
35153825;🔵 Outras Escolas (4.444);2
35172492;🔵 Outras Escolas (4.444);2
35364435;🔵 Outras Escolas (4.444);2
35007102;🔵 Outras Escolas (4.444);2
35102465;🔵 Outras Escolas (4.444);2
35102660;🔵 Outras Escolas (4.444);2
35118928;🔵 Outras Escolas (4.444);2
35130369;🔵 Outras Escolas (4.444);2
35131507;🔵 Outras Escolas (4.444);2
35132329;🔵 Outras Escolas (4.444);2
35448369;🔵 Outras Escolas (4.444);2
35800193;🔵 Outras Escolas (4.444);2
35106884;🔵 Outras Escolas (4.444);2
35106896;🔵 Outras Escolas (4.444);2
35106926;🔵 Outras Escolas (4.444);2
35120339;🔵 Outras Escolas (4.444);2
35185449;🔵 Outras Escolas (4.444);2
35004190;🔵 Outras Escolas (4.444);2
35100213;🔵 Outras Escolas (4.444);2
35167447;🔵 Outras Escolas (4.444);2
35431459;🔵 Outras Escolas (4.444);2
35567516;🔵 Outras Escolas (4.444);2
35119039;🔵 Outras Escolas (4.444);2
35135471;🔵 Outras Escolas (4.444);2
35367734;🔵 Outras Escolas (4.444);2
35480289;🔵 Outras Escolas (4.444);2
35560820;🔵 Outras Escolas (4.444);2
35101175;🔵 Outras Escolas (4.444);2
35101448;🔵 Outras Escolas (4.444);2
35101539;🔵 Outras Escolas (4.444);2
35136897;🔵 Outras Escolas (4.444);2
35151191;🔵 Outras Escolas (4.444);2
35151348;🔵 Outras Escolas (4.444);2
35105648;🔵 Outras Escolas (4.444);2
35105910;🔵 Outras Escolas (4.444);2
35120285;🔵 Outras Escolas (4.444);2
35136396;🔵 Outras Escolas (4.444);2
35295188;🔵 Outras Escolas (4.444);2
35101564;🔵 Outras Escolas (4.444);2
35130540;🔵 Outras Escolas (4.444);2
35156231;🔵 Outras Escolas (4.444);2
35199710;🔵 Outras Escolas (4.444);2
35307622;🔵 Outras Escolas (4.444);2
35810538;🔵 Outras Escolas (4.444);2
35005941;🔵 Outras Escolas (4.444);2
35107612;🔵 Outras Escolas (4.444);2
35142876;🔵 Outras Escolas (4.444);2
35176597;🔵 Outras Escolas (4.444);2
35810630;🔵 Outras Escolas (4.444);2
35005110;🔵 Outras Escolas (4.444);2
35102015;🔵 Outras Escolas (4.444);2
35102039;🔵 Outras Escolas (4.444);2
35102040;🔵 Outras Escolas (4.444);2
35119192;🔵 Outras Escolas (4.444);2
35124527;🔵 Outras Escolas (4.444);2
35142529;🔵 Outras Escolas (4.444);2
35142864;🔵 Outras Escolas (4.444);2
35168853;🔵 Outras Escolas (4.444);2
35173685;🔵 Outras Escolas (4.444);2
35173712;🔵 Outras Escolas (4.444);2
35263795;🔵 Outras Escolas (4.444);2
35299625;🔵 Outras Escolas (4.444);2
35811385;🔵 Outras Escolas (4.444);2
35008207;🔵 Outras Escolas (4.444);2
35102751;🔵 Outras Escolas (4.444);2
35102787;🔵 Outras Escolas (4.444);2
35102799;🔵 Outras Escolas (4.444);2
35102805;🔵 Outras Escolas (4.444);2
35102829;🔵 Outras Escolas (4.444);2
35103123;🔵 Outras Escolas (4.444);2
35139497;🔵 Outras Escolas (4.444);2
35563298;🔵 Outras Escolas (4.444);2
35104607;🔵 Outras Escolas (4.444);2
35104711;🔵 Outras Escolas (4.444);2
35118936;🔵 Outras Escolas (4.444);2
35133450;🔵 Outras Escolas (4.444);2
35007664;🔵 Outras Escolas (4.444);2
35071936;🔵 Outras Escolas (4.444);2
35100024;🔵 Outras Escolas (4.444);2
35100043;🔵 Outras Escolas (4.444);2
35151506;🔵 Outras Escolas (4.444);2
35161238;🔵 Outras Escolas (4.444);2
35167782;🔵 Outras Escolas (4.444);2
35173174;🔵 Outras Escolas (4.444);2
35812912;🔵 Outras Escolas (4.444);2
35119209;🔵 Outras Escolas (4.444);2
35135549;🔵 Outras Escolas (4.444);2
35158872;🔵 Outras Escolas (4.444);2
35137418;🔵 Outras Escolas (4.444);2
35143595;🔵 Outras Escolas (4.444);2
35152523;🔵 Outras Escolas (4.444);2
35124199;🔵 Outras Escolas (4.444);2
35143571;🔵 Outras Escolas (4.444);2
35158823;🔵 Outras Escolas (4.444);2
35452543;🔵 Outras Escolas (4.444);2
35106768;🔵 Outras Escolas (4.444);2
35106800;🔵 Outras Escolas (4.444);2
35107153;🔵 Outras Escolas (4.444);2
35107219;🔵 Outras Escolas (4.444);2
35107335;🔵 Outras Escolas (4.444);2
35120406;🔵 Outras Escolas (4.444);2
35133176;🔵 Outras Escolas (4.444);2
35133462;🔵 Outras Escolas (4.444);2
35139063;🔵 Outras Escolas (4.444);2
35151841;🔵 Outras Escolas (4.444);2
35260939;🔵 Outras Escolas (4.444);2
35007181;🔵 Outras Escolas (4.444);2
35103275;🔵 Outras Escolas (4.444);2
35103342;🔵 Outras Escolas (4.444);2
35103445;🔵 Outras Escolas (4.444);2
35004693;🔵 Outras Escolas (4.444);2
35100420;🔵 Outras Escolas (4.444);2
35100432;🔵 Outras Escolas (4.444);2
35100444;🔵 Outras Escolas (4.444);2
35100473;🔵 Outras Escolas (4.444);2
35100493;🔵 Outras Escolas (4.444);2
35100547;🔵 Outras Escolas (4.444);2
35100663;🔵 Outras Escolas (4.444);2
35119040;🔵 Outras Escolas (4.444);2
35131787;🔵 Outras Escolas (4.444);2
35135446;🔵 Outras Escolas (4.444);2
35352652;🔵 Outras Escolas (4.444);2
35006923;🔵 Outras Escolas (4.444);2
35008727;🔵 Outras Escolas (4.444);2
35105569;🔵 Outras Escolas (4.444);2
35107475;🔵 Outras Escolas (4.444);2
35107499;🔵 Outras Escolas (4.444);2
35107542;🔵 Outras Escolas (4.444);2
35107633;🔵 Outras Escolas (4.444);2
35107700;🔵 Outras Escolas (4.444);2
35107736;🔵 Outras Escolas (4.444);2
35107773;🔵 Outras Escolas (4.444);2
35124576;🔵 Outras Escolas (4.444);2
35132214;🔵 Outras Escolas (4.444);2
35137066;🔵 Outras Escolas (4.444);2
35141689;🔵 Outras Escolas (4.444);2
35482912;🔵 Outras Escolas (4.444);2
35806420;🔵 Outras Escolas (4.444);2
35009476;🔵 Outras Escolas (4.444);2
35101679;🔵 Outras Escolas (4.444);2
35153631;🔵 Outras Escolas (4.444);2
35004865;🔵 Outras Escolas (4.444);2
35102283;🔵 Outras Escolas (4.444);2
35102295;🔵 Outras Escolas (4.444);2
35124459;🔵 Outras Escolas (4.444);2
35135562;🔵 Outras Escolas (4.444);2
35152511;🔵 Outras Escolas (4.444);2
35156541;🔵 Outras Escolas (4.444);2
35156565;🔵 Outras Escolas (4.444);2
35174087;🔵 Outras Escolas (4.444);2
35007041;🔵 Outras Escolas (4.444);2
35119222;🔵 Outras Escolas (4.444);2
35124448;🔵 Outras Escolas (4.444);2
35136943;🔵 Outras Escolas (4.444);2
35139804;🔵 Outras Escolas (4.444);2
35151725;🔵 Outras Escolas (4.444);2
35165220;🔵 Outras Escolas (4.444);2
35165232;🔵 Outras Escolas (4.444);2
35165372;🔵 Outras Escolas (4.444);2
35172509;🔵 Outras Escolas (4.444);2
35258039;🔵 Outras Escolas (4.444);2
35568892;🔵 Outras Escolas (4.444);2
35118163;🔵 Outras Escolas (4.444);2
35144241;🔵 Outras Escolas (4.444);2
35161299;🔵 Outras Escolas (4.444);2
35101618;🔵 Outras Escolas (4.444);2
35127197;🔵 Outras Escolas (4.444);2
35007592;🔵 Outras Escolas (4.444);2
35107165;🔵 Outras Escolas (4.444);2
35107402;🔵 Outras Escolas (4.444);2
35125398;🔵 Outras Escolas (4.444);2
35130205;🔵 Outras Escolas (4.444);2
35130217;🔵 Outras Escolas (4.444);2
35130254;🔵 Outras Escolas (4.444);2
35153692;🔵 Outras Escolas (4.444);2
35007851;🔵 Outras Escolas (4.444);2
35107487;🔵 Outras Escolas (4.444);2
35133565;🔵 Outras Escolas (4.444);2
35060574;🔵 Outras Escolas (4.444);2
35101813;🔵 Outras Escolas (4.444);2
35101886;🔵 Outras Escolas (4.444);2
35101904;🔵 Outras Escolas (4.444);2
35132986;🔵 Outras Escolas (4.444);2
35133395;🔵 Outras Escolas (4.444);2
35136931;🔵 Outras Escolas (4.444);2
35142759;🔵 Outras Escolas (4.444);2
35144228;🔵 Outras Escolas (4.444);2
35157016;🔵 Outras Escolas (4.444);2
35164082;🔵 Outras Escolas (4.444);2
35808301;🔵 Outras Escolas (4.444);2
35101148;🔵 Outras Escolas (4.444);2
35119106;🔵 Outras Escolas (4.444);2
35119982;🔵 Outras Escolas (4.444);2
35126366;🔵 Outras Escolas (4.444);2
35100900;🔵 Outras Escolas (4.444);2
35100912;🔵 Outras Escolas (4.444);2
35101011;🔵 Outras Escolas (4.444);2
35101047;🔵 Outras Escolas (4.444);2
35119118;🔵 Outras Escolas (4.444);2
35140740;🔵 Outras Escolas (4.444);2
35143200;🔵 Outras Escolas (4.444);2
35150265;🔵 Outras Escolas (4.444);2
35195972;🔵 Outras Escolas (4.444);2
35294780;🔵 Outras Escolas (4.444);2
35429570;🔵 Outras Escolas (4.444);2
35481154;🔵 Outras Escolas (4.444);2
35809688;🔵 Outras Escolas (4.444);2
35105314;🔵 Outras Escolas (4.444);2
35119374;🔵 Outras Escolas (4.444);2
35137133;🔵 Outras Escolas (4.444);2
35162243;🔵 Outras Escolas (4.444);2
35374957;🔵 Outras Escolas (4.444);2
35456196;🔵 Outras Escolas (4.444);2
35530785;🔵 Outras Escolas (4.444);2
35291511;🔵 Outras Escolas (4.444);2
35431059;🔵 Outras Escolas (4.444);2
35101965;🔵 Outras Escolas (4.444);2
35101989;🔵 Outras Escolas (4.444);2
35101990;🔵 Outras Escolas (4.444);2
35131660;🔵 Outras Escolas (4.444);2
35157028;🔵 Outras Escolas (4.444);2
35185346;🔵 Outras Escolas (4.444);2
35299984;🔵 Outras Escolas (4.444);2
35100730;🔵 Outras Escolas (4.444);2
35118758;🔵 Outras Escolas (4.444);2
35130758;🔵 Outras Escolas (4.444);2
35438170;🔵 Outras Escolas (4.444);2
35102490;🔵 Outras Escolas (4.444);2
35150885;🔵 Outras Escolas (4.444);2
35100785;🔵 Outras Escolas (4.444);2
35100808;🔵 Outras Escolas (4.444);2
35100833;🔵 Outras Escolas (4.444);2
35134569;🔵 Outras Escolas (4.444);2
35135434;🔵 Outras Escolas (4.444);2
35171360;🔵 Outras Escolas (4.444);2
35288573;🔵 Outras Escolas (4.444);2
35004801;🔵 Outras Escolas (4.444);2
35104985;🔵 Outras Escolas (4.444);2
35104991;🔵 Outras Escolas (4.444);2
35105028;🔵 Outras Escolas (4.444);2
35105041;🔵 Outras Escolas (4.444);2
35105053;🔵 Outras Escolas (4.444);2
35107177;🔵 Outras Escolas (4.444);2
35107190;🔵 Outras Escolas (4.444);2
35134806;🔵 Outras Escolas (4.444);2
35136608;🔵 Outras Escolas (4.444);2
35155073;🔵 Outras Escolas (4.444);2
35563006;🔵 Outras Escolas (4.444);2
35806444;🔵 Outras Escolas (4.444);2
35102076;🔵 Outras Escolas (4.444);2
35102088;🔵 Outras Escolas (4.444);2
35102124;🔵 Outras Escolas (4.444);2
35127231;🔵 Outras Escolas (4.444);2
35168828;🔵 Outras Escolas (4.444);2
35477175;🔵 Outras Escolas (4.444);2
35805567;🔵 Outras Escolas (4.444);2
35809676;🔵 Outras Escolas (4.444);2
35117912;🔵 Outras Escolas (4.444);2
35120029;🔵 Outras Escolas (4.444);2
35138216;🔵 Outras Escolas (4.444);2
35140880;🔵 Outras Escolas (4.444);2
35168762;🔵 Outras Escolas (4.444);2
35469713;🔵 Outras Escolas (4.444);2
35006165;🔵 Outras Escolas (4.444);2
35101597;🔵 Outras Escolas (4.444);2
35101643;🔵 Outras Escolas (4.444);2
35101710;🔵 Outras Escolas (4.444);2
35101734;🔵 Outras Escolas (4.444);2
35134673;🔵 Outras Escolas (4.444);2
35142505;🔵 Outras Escolas (4.444);2
35008950;🔵 Outras Escolas (4.444);2
35105521;🔵 Outras Escolas (4.444);2
35105600;🔵 Outras Escolas (4.444);2
35131738;🔵 Outras Escolas (4.444);2
35142736;🔵 Outras Escolas (4.444);2
35153989;🔵 Outras Escolas (4.444);2
35287600;🔵 Outras Escolas (4.444);2
35297410;🔵 Outras Escolas (4.444);2
35807618;🔵 Outras Escolas (4.444);2
35008650;🔵 Outras Escolas (4.444);2
35005406;🔵 Outras Escolas (4.444);2
35009055;🔵 Outras Escolas (4.444);2
35110450;🔵 Outras Escolas (4.444);2
35110474;🔵 Outras Escolas (4.444);2
35121253;🔵 Outras Escolas (4.444);2
35137807;🔵 Outras Escolas (4.444);2
35144320;🔵 Outras Escolas (4.444);2
35151130;🔵 Outras Escolas (4.444);2
35160477;🔵 Outras Escolas (4.444);2
35290452;🔵 Outras Escolas (4.444);2
35114637;🔵 Outras Escolas (4.444);2
35125465;🔵 Outras Escolas (4.444);2
35164948;🔵 Outras Escolas (4.444);2
35288482;🔵 Outras Escolas (4.444);2
35367679;🔵 Outras Escolas (4.444);2
35441259;🔵 Outras Escolas (4.444);2
35006160;🔵 Outras Escolas (4.444);2
35006207;🔵 Outras Escolas (4.444);2
35111867;🔵 Outras Escolas (4.444);2
35111958;🔵 Outras Escolas (4.444);2
35111995;🔵 Outras Escolas (4.444);2
35112008;🔵 Outras Escolas (4.444);2
35119912;🔵 Outras Escolas (4.444);2
35122968;🔵 Outras Escolas (4.444);2
35137674;🔵 Outras Escolas (4.444);2
35137686;🔵 Outras Escolas (4.444);2
35141586;🔵 Outras Escolas (4.444);2
35152407;🔵 Outras Escolas (4.444);2
35152432;🔵 Outras Escolas (4.444);2
35155779;🔵 Outras Escolas (4.444);2
35165578;🔵 Outras Escolas (4.444);2
35166005;🔵 Outras Escolas (4.444);2
35173460;🔵 Outras Escolas (4.444);2
35173548;🔵 Outras Escolas (4.444);2
35194165;🔵 Outras Escolas (4.444);2
35268422;🔵 Outras Escolas (4.444);2
35434361;🔵 Outras Escolas (4.444);2
35450339;🔵 Outras Escolas (4.444);2
35465963;🔵 Outras Escolas (4.444);2
35569409;🔵 Outras Escolas (4.444);2
35810356;🔵 Outras Escolas (4.444);2
35121435;🔵 Outras Escolas (4.444);2
35154258;🔵 Outras Escolas (4.444);2
35497236;🔵 Outras Escolas (4.444);2
35119593;🔵 Outras Escolas (4.444);2
35121563;🔵 Outras Escolas (4.444);2
35142098;🔵 Outras Escolas (4.444);2
35151774;🔵 Outras Escolas (4.444);2
35151798;🔵 Outras Escolas (4.444);2
35155111;🔵 Outras Escolas (4.444);2
35185061;🔵 Outras Escolas (4.444);2
35287131;🔵 Outras Escolas (4.444);2
35288378;🔵 Outras Escolas (4.444);2
35586663;🔵 Outras Escolas (4.444);2
35007382;🔵 Outras Escolas (4.444);2
35118722;🔵 Outras Escolas (4.444);2
35119714;🔵 Outras Escolas (4.444);2
35124862;🔵 Outras Escolas (4.444);2
35139270;🔵 Outras Escolas (4.444);2
35140090;🔵 Outras Escolas (4.444);2
35144034;🔵 Outras Escolas (4.444);2
35154003;🔵 Outras Escolas (4.444);2
35161895;🔵 Outras Escolas (4.444);2
35161913;🔵 Outras Escolas (4.444);2
35374040;🔵 Outras Escolas (4.444);2
35560728;🔵 Outras Escolas (4.444);2
35007094;🔵 Outras Escolas (4.444);2
35112057;🔵 Outras Escolas (4.444);2
35139506;🔵 Outras Escolas (4.444);2
35158616;🔵 Outras Escolas (4.444);2
35463401;🔵 Outras Escolas (4.444);2
35008885;🔵 Outras Escolas (4.444);2
35111235;🔵 Outras Escolas (4.444);2
35111247;🔵 Outras Escolas (4.444);2
35111259;🔵 Outras Escolas (4.444);2
35111363;🔵 Outras Escolas (4.444);2
35118564;🔵 Outras Escolas (4.444);2
35118576;🔵 Outras Escolas (4.444);2
35140193;🔵 Outras Escolas (4.444);2
35140995;🔵 Outras Escolas (4.444);2
35143297;🔵 Outras Escolas (4.444);2
35151282;🔵 Outras Escolas (4.444);2
35161861;🔵 Outras Escolas (4.444);2
35168373;🔵 Outras Escolas (4.444);2
35495414;🔵 Outras Escolas (4.444);2
35007952;🔵 Outras Escolas (4.444);2
35131970;🔵 Outras Escolas (4.444);2
35136025;🔵 Outras Escolas (4.444);2
35164768;🔵 Outras Escolas (4.444);2
35286187;🔵 Outras Escolas (4.444);2
35143443;🔵 Outras Escolas (4.444);2
35159918;🔵 Outras Escolas (4.444);2
35567863;🔵 Outras Escolas (4.444);2
35802281;🔵 Outras Escolas (4.444);2
41025466;🔵 Outras Escolas (4.444);2
41025954;🔵 Outras Escolas (4.444);2
41026039;🔵 Outras Escolas (4.444);2
41026241;🔵 Outras Escolas (4.444);2
41368649;🔵 Outras Escolas (4.444);2
41026810;🔵 Outras Escolas (4.444);2
41027000;🔵 Outras Escolas (4.444);2
41027051;🔵 Outras Escolas (4.444);2
41123794;🔵 Outras Escolas (4.444);2
41123832;🔵 Outras Escolas (4.444);2
41158253;🔵 Outras Escolas (4.444);2
41360044;🔵 Outras Escolas (4.444);2
41382706;🔵 Outras Escolas (4.444);2
41028945;🔵 Outras Escolas (4.444);2
41152689;🔵 Outras Escolas (4.444);2
41070887;🔵 Outras Escolas (4.444);2
41071417;🔵 Outras Escolas (4.444);2
41071581;🔵 Outras Escolas (4.444);2
41071859;🔵 Outras Escolas (4.444);2
41071913;🔵 Outras Escolas (4.444);2
41071921;🔵 Outras Escolas (4.444);2
41072103;🔵 Outras Escolas (4.444);2
41072111;🔵 Outras Escolas (4.444);2
41072189;🔵 Outras Escolas (4.444);2
41150392;🔵 Outras Escolas (4.444);2
41361849;🔵 Outras Escolas (4.444);2
41377001;🔵 Outras Escolas (4.444);2
41377567;🔵 Outras Escolas (4.444);2
41381459;🔵 Outras Escolas (4.444);2
41125657;🔵 Outras Escolas (4.444);2
41126289;🔵 Outras Escolas (4.444);2
41163117;🔵 Outras Escolas (4.444);2
41127170;🔵 Outras Escolas (4.444);2
41127242;🔵 Outras Escolas (4.444);2
41127480;🔵 Outras Escolas (4.444);2
41127722;🔵 Outras Escolas (4.444);2
41127781;🔵 Outras Escolas (4.444);2
41128168;🔵 Outras Escolas (4.444);2
41128370;🔵 Outras Escolas (4.444);2
41128648;🔵 Outras Escolas (4.444);2
41128699;🔵 Outras Escolas (4.444);2
41128702;🔵 Outras Escolas (4.444);2
41128770;🔵 Outras Escolas (4.444);2
41129148;🔵 Outras Escolas (4.444);2
41129326;🔵 Outras Escolas (4.444);2
41129393;🔵 Outras Escolas (4.444);2
41129407;🔵 Outras Escolas (4.444);2
41129830;🔵 Outras Escolas (4.444);2
41129881;🔵 Outras Escolas (4.444);2
41130090;🔵 Outras Escolas (4.444);2
41130227;🔵 Outras Escolas (4.444);2
41130740;🔵 Outras Escolas (4.444);2
41130987;🔵 Outras Escolas (4.444);2
41131304;🔵 Outras Escolas (4.444);2
41131584;🔵 Outras Escolas (4.444);2
41131630;🔵 Outras Escolas (4.444);2
41131657;🔵 Outras Escolas (4.444);2
41131673;🔵 Outras Escolas (4.444);2
41131690;🔵 Outras Escolas (4.444);2
41131703;🔵 Outras Escolas (4.444);2
41131711;🔵 Outras Escolas (4.444);2
41131789;🔵 Outras Escolas (4.444);2
41132130;🔵 Outras Escolas (4.444);2
41133005;🔵 Outras Escolas (4.444);2
41133048;🔵 Outras Escolas (4.444);2
41133153;🔵 Outras Escolas (4.444);2
41133285;🔵 Outras Escolas (4.444);2
41133293;🔵 Outras Escolas (4.444);2
41133307;🔵 Outras Escolas (4.444);2
41133463;🔵 Outras Escolas (4.444);2
41133692;🔵 Outras Escolas (4.444);2
41146476;🔵 Outras Escolas (4.444);2
41147014;🔵 Outras Escolas (4.444);2
41148142;🔵 Outras Escolas (4.444);2
41150120;🔵 Outras Escolas (4.444);2
41152425;🔵 Outras Escolas (4.444);2
41152484;🔵 Outras Escolas (4.444);2
41155254;🔵 Outras Escolas (4.444);2
41155815;🔵 Outras Escolas (4.444);2
41158750;🔵 Outras Escolas (4.444);2
41159136;🔵 Outras Escolas (4.444);2
41159551;🔵 Outras Escolas (4.444);2
41165543;🔵 Outras Escolas (4.444);2
41352866;🔵 Outras Escolas (4.444);2
41355644;🔵 Outras Escolas (4.444);2
41371755;🔵 Outras Escolas (4.444);2
41374010;🔵 Outras Escolas (4.444);2
41376846;🔵 Outras Escolas (4.444);2
41377168;🔵 Outras Escolas (4.444);2
41377508;🔵 Outras Escolas (4.444);2
41377540;🔵 Outras Escolas (4.444);2
41387538;🔵 Outras Escolas (4.444);2
41390024;🔵 Outras Escolas (4.444);2
41486846;🔵 Outras Escolas (4.444);2
41602056;🔵 Outras Escolas (4.444);2
41602919;🔵 Outras Escolas (4.444);2
41149971;🔵 Outras Escolas (4.444);2
41163761;🔵 Outras Escolas (4.444);2
41075927;🔵 Outras Escolas (4.444);2
41076087;🔵 Outras Escolas (4.444);2
41076290;🔵 Outras Escolas (4.444);2
41076311;🔵 Outras Escolas (4.444);2
41076800;🔵 Outras Escolas (4.444);2
41151780;🔵 Outras Escolas (4.444);2
41358708;🔵 Outras Escolas (4.444);2
41377117;🔵 Outras Escolas (4.444);2
41395832;🔵 Outras Escolas (4.444);2
41407423;🔵 Outras Escolas (4.444);2
41099605;🔵 Outras Escolas (4.444);2
41100921;🔵 Outras Escolas (4.444);2
41158709;🔵 Outras Escolas (4.444);2
41162420;🔵 Outras Escolas (4.444);2
41382366;🔵 Outras Escolas (4.444);2
41386329;🔵 Outras Escolas (4.444);2
41534913;🔵 Outras Escolas (4.444);2
41100700;🔵 Outras Escolas (4.444);2
41029526;🔵 Outras Escolas (4.444);2
41030095;🔵 Outras Escolas (4.444);2
41031105;🔵 Outras Escolas (4.444);2
41031733;🔵 Outras Escolas (4.444);2
41031814;🔵 Outras Escolas (4.444);2
41032004;🔵 Outras Escolas (4.444);2
41032039;🔵 Outras Escolas (4.444);2
41033256;🔵 Outras Escolas (4.444);2
41033310;🔵 Outras Escolas (4.444);2
41147049;🔵 Outras Escolas (4.444);2
41150856;🔵 Outras Escolas (4.444);2
41158512;🔵 Outras Escolas (4.444);2
41160266;🔵 Outras Escolas (4.444);2
41160932;🔵 Outras Escolas (4.444);2
41166043;🔵 Outras Escolas (4.444);2
41358899;🔵 Outras Escolas (4.444);2
41371968;🔵 Outras Escolas (4.444);2
41379110;🔵 Outras Escolas (4.444);2
41379152;🔵 Outras Escolas (4.444);2
41384113;🔵 Outras Escolas (4.444);2
41387210;🔵 Outras Escolas (4.444);2
41023897;🔵 Outras Escolas (4.444);2
41023960;🔵 Outras Escolas (4.444);2
41024303;🔵 Outras Escolas (4.444);2
41024311;🔵 Outras Escolas (4.444);2
41024397;🔵 Outras Escolas (4.444);2
41024478;🔵 Outras Escolas (4.444);2
41024575;🔵 Outras Escolas (4.444);2
41024613;🔵 Outras Escolas (4.444);2
41024672;🔵 Outras Escolas (4.444);2
41024699;🔵 Outras Escolas (4.444);2
41024826;🔵 Outras Escolas (4.444);2
41144490;🔵 Outras Escolas (4.444);2
41150546;🔵 Outras Escolas (4.444);2
41150635;🔵 Outras Escolas (4.444);2
41150996;🔵 Outras Escolas (4.444);2
41152441;🔵 Outras Escolas (4.444);2
41152450;🔵 Outras Escolas (4.444);2
41159357;🔵 Outras Escolas (4.444);2
41165055;🔵 Outras Escolas (4.444);2
41377370;🔵 Outras Escolas (4.444);2
41140362;🔵 Outras Escolas (4.444);2
41140397;🔵 Outras Escolas (4.444);2
41140834;🔵 Outras Escolas (4.444);2
41140931;🔵 Outras Escolas (4.444);2
41141024;🔵 Outras Escolas (4.444);2
41366522;🔵 Outras Escolas (4.444);2
41399820;🔵 Outras Escolas (4.444);2
41570944;🔵 Outras Escolas (4.444);2
41141008;🔵 Outras Escolas (4.444);2
41135946;🔵 Outras Escolas (4.444);2
41157990;🔵 Outras Escolas (4.444);2
41160258;🔵 Outras Escolas (4.444);2
41397029;🔵 Outras Escolas (4.444);2
41061870;🔵 Outras Escolas (4.444);2
41063015;🔵 Outras Escolas (4.444);2
41063252;🔵 Outras Escolas (4.444);2
41063309;🔵 Outras Escolas (4.444);2
41063350;🔵 Outras Escolas (4.444);2
41063368;🔵 Outras Escolas (4.444);2
41063376;🔵 Outras Escolas (4.444);2
41151844;🔵 Outras Escolas (4.444);2
41157044;🔵 Outras Escolas (4.444);2
41361890;🔵 Outras Escolas (4.444);2
41384750;🔵 Outras Escolas (4.444);2
41552059;🔵 Outras Escolas (4.444);2
41569938;🔵 Outras Escolas (4.444);2
41137833;🔵 Outras Escolas (4.444);2
41138430;🔵 Outras Escolas (4.444);2
41157907;🔵 Outras Escolas (4.444);2
41162269;🔵 Outras Escolas (4.444);2
41354869;🔵 Outras Escolas (4.444);2
41387155;🔵 Outras Escolas (4.444);2
41068610;🔵 Outras Escolas (4.444);2
41068785;🔵 Outras Escolas (4.444);2
41156781;🔵 Outras Escolas (4.444);2
41158768;🔵 Outras Escolas (4.444);2
41159683;🔵 Outras Escolas (4.444);2
41007808;🔵 Outras Escolas (4.444);2
41007883;🔵 Outras Escolas (4.444);2
41008545;🔵 Outras Escolas (4.444);2
41008758;🔵 Outras Escolas (4.444);2
41149955;🔵 Outras Escolas (4.444);2
41382161;🔵 Outras Escolas (4.444);2
42114012;🔵 Outras Escolas (4.444);2
42144329;🔵 Outras Escolas (4.444);2
42151775;🔵 Outras Escolas (4.444);2
42153824;🔵 Outras Escolas (4.444);2
42162890;🔵 Outras Escolas (4.444);2
42015588;🔵 Outras Escolas (4.444);2
42016142;🔵 Outras Escolas (4.444);2
42016150;🔵 Outras Escolas (4.444);2
42016207;🔵 Outras Escolas (4.444);2
42133319;🔵 Outras Escolas (4.444);2
42158133;🔵 Outras Escolas (4.444);2
42160642;🔵 Outras Escolas (4.444);2
42080258;🔵 Outras Escolas (4.444);2
42080746;🔵 Outras Escolas (4.444);2
42155274;🔵 Outras Escolas (4.444);2
42155541;🔵 Outras Escolas (4.444);2
42130930;🔵 Outras Escolas (4.444);2
42155649;🔵 Outras Escolas (4.444);2
42053480;🔵 Outras Escolas (4.444);2
42104637;🔵 Outras Escolas (4.444);2
42113105;🔵 Outras Escolas (4.444);2
42116112;🔵 Outras Escolas (4.444);2
42130875;🔵 Outras Escolas (4.444);2
42141036;🔵 Outras Escolas (4.444);2
42159857;🔵 Outras Escolas (4.444);2
42203600;🔵 Outras Escolas (4.444);2
42011612;🔵 Outras Escolas (4.444);2
42011620;🔵 Outras Escolas (4.444);2
42012023;🔵 Outras Escolas (4.444);2
42012198;🔵 Outras Escolas (4.444);2
42084695;🔵 Outras Escolas (4.444);2
42106915;🔵 Outras Escolas (4.444);2
42113601;🔵 Outras Escolas (4.444);2
42123682;🔵 Outras Escolas (4.444);2
42158702;🔵 Outras Escolas (4.444);2
42163137;🔵 Outras Escolas (4.444);2
42000246;🔵 Outras Escolas (4.444);2
42000262;🔵 Outras Escolas (4.444);2
42000645;🔵 Outras Escolas (4.444);2
42000670;🔵 Outras Escolas (4.444);2
42000793;🔵 Outras Escolas (4.444);2
42001773;🔵 Outras Escolas (4.444);2
42002087;🔵 Outras Escolas (4.444);2
42064856;🔵 Outras Escolas (4.444);2
42103215;🔵 Outras Escolas (4.444);2
42106311;🔵 Outras Escolas (4.444);2
42109230;🔵 Outras Escolas (4.444);2
42110980;🔵 Outras Escolas (4.444);2
42112796;🔵 Outras Escolas (4.444);2
42113083;🔵 Outras Escolas (4.444);2
42114357;🔵 Outras Escolas (4.444);2
42129303;🔵 Outras Escolas (4.444);2
42142539;🔵 Outras Escolas (4.444);2
42152054;🔵 Outras Escolas (4.444);2
42154090;🔵 Outras Escolas (4.444);2
42160081;🔵 Outras Escolas (4.444);2
42160383;🔵 Outras Escolas (4.444);2
42160650;🔵 Outras Escolas (4.444);2
42163021;🔵 Outras Escolas (4.444);2
42163781;🔵 Outras Escolas (4.444);2
42000238;🔵 Outras Escolas (4.444);2
42103894;🔵 Outras Escolas (4.444);2
42164478;🔵 Outras Escolas (4.444);2
42145430;🔵 Outras Escolas (4.444);2
42133114;🔵 Outras Escolas (4.444);2
42068606;🔵 Outras Escolas (4.444);2
42068665;🔵 Outras Escolas (4.444);2
42068673;🔵 Outras Escolas (4.444);2
42068690;🔵 Outras Escolas (4.444);2
42068703;🔵 Outras Escolas (4.444);2
42110599;🔵 Outras Escolas (4.444);2
42143063;🔵 Outras Escolas (4.444);2
42159547;🔵 Outras Escolas (4.444);2
42164702;🔵 Outras Escolas (4.444);2
42091403;🔵 Outras Escolas (4.444);2
42091462;🔵 Outras Escolas (4.444);2
42091560;🔵 Outras Escolas (4.444);2
42091578;🔵 Outras Escolas (4.444);2
42152038;🔵 Outras Escolas (4.444);2
42020492;🔵 Outras Escolas (4.444);2
42020530;🔵 Outras Escolas (4.444);2
42020557;🔵 Outras Escolas (4.444);2
42020565;🔵 Outras Escolas (4.444);2
42020590;🔵 Outras Escolas (4.444);2
42055253;🔵 Outras Escolas (4.444);2
42070880;🔵 Outras Escolas (4.444);2
42112141;🔵 Outras Escolas (4.444);2
42121191;🔵 Outras Escolas (4.444);2
42142008;🔵 Outras Escolas (4.444);2
42142822;🔵 Outras Escolas (4.444);2
42160499;🔵 Outras Escolas (4.444);2
42028493;🔵 Outras Escolas (4.444);2
42028990;🔵 Outras Escolas (4.444);2
42143390;🔵 Outras Escolas (4.444);2
42143969;🔵 Outras Escolas (4.444);2
42073944;🔵 Outras Escolas (4.444);2
42099536;🔵 Outras Escolas (4.444);2
42130913;🔵 Outras Escolas (4.444);2
42136776;🔵 Outras Escolas (4.444);2
42154529;🔵 Outras Escolas (4.444);2
42159571;🔵 Outras Escolas (4.444);2
42160073;🔵 Outras Escolas (4.444);2
42160715;🔵 Outras Escolas (4.444);2
42003555;🔵 Outras Escolas (4.444);2
42003571;🔵 Outras Escolas (4.444);2
42108764;🔵 Outras Escolas (4.444);2
42116643;🔵 Outras Escolas (4.444);2
42119529;🔵 Outras Escolas (4.444);2
42162076;🔵 Outras Escolas (4.444);2
42163960;🔵 Outras Escolas (4.444);2
42003890;🔵 Outras Escolas (4.444);2
42003903;🔵 Outras Escolas (4.444);2
42134846;🔵 Outras Escolas (4.444);2
42005728;🔵 Outras Escolas (4.444);2
42006694;🔵 Outras Escolas (4.444);2
42006708;🔵 Outras Escolas (4.444);2
42006724;🔵 Outras Escolas (4.444);2
42127831;🔵 Outras Escolas (4.444);2
43003761;🔵 Outras Escolas (4.444);2
43013880;🔵 Outras Escolas (4.444);2
43183034;🔵 Outras Escolas (4.444);2
43019048;🔵 Outras Escolas (4.444);2
43019056;🔵 Outras Escolas (4.444);2
43019196;🔵 Outras Escolas (4.444);2
43008895;🔵 Outras Escolas (4.444);2
43022316;🔵 Outras Escolas (4.444);2
43022324;🔵 Outras Escolas (4.444);2
43023363;🔵 Outras Escolas (4.444);2
43029752;🔵 Outras Escolas (4.444);2
43181694;🔵 Outras Escolas (4.444);2
43211984;🔵 Outras Escolas (4.444);2
43037682;🔵 Outras Escolas (4.444);2
43037690;🔵 Outras Escolas (4.444);2
43037704;🔵 Outras Escolas (4.444);2
43037720;🔵 Outras Escolas (4.444);2
43038379;🔵 Outras Escolas (4.444);2
43038387;🔵 Outras Escolas (4.444);2
43176364;🔵 Outras Escolas (4.444);2
43210643;🔵 Outras Escolas (4.444);2
43219616;🔵 Outras Escolas (4.444);2
43219713;🔵 Outras Escolas (4.444);2
43006280;🔵 Outras Escolas (4.444);2
43041639;🔵 Outras Escolas (4.444);2
43041647;🔵 Outras Escolas (4.444);2
43042910;🔵 Outras Escolas (4.444);2
43042929;🔵 Outras Escolas (4.444);2
43043666;🔵 Outras Escolas (4.444);2
43043674;🔵 Outras Escolas (4.444);2
43043720;🔵 Outras Escolas (4.444);2
43176852;🔵 Outras Escolas (4.444);2
43205542;🔵 Outras Escolas (4.444);2
43215688;🔵 Outras Escolas (4.444);2
43056172;🔵 Outras Escolas (4.444);2
43056180;🔵 Outras Escolas (4.444);2
43057152;🔵 Outras Escolas (4.444);2
43068677;🔵 Outras Escolas (4.444);2
43069002;🔵 Outras Escolas (4.444);2
43069290;🔵 Outras Escolas (4.444);2
43069355;🔵 Outras Escolas (4.444);2
43180698;🔵 Outras Escolas (4.444);2
43216471;🔵 Outras Escolas (4.444);2
43092454;🔵 Outras Escolas (4.444);2
43092519;🔵 Outras Escolas (4.444);2
43092870;🔵 Outras Escolas (4.444);2
43093124;🔵 Outras Escolas (4.444);2
43093353;🔵 Outras Escolas (4.444);2
43097774;🔵 Outras Escolas (4.444);2
43097782;🔵 Outras Escolas (4.444);2
43097812;🔵 Outras Escolas (4.444);2
43098584;🔵 Outras Escolas (4.444);2
43215360;🔵 Outras Escolas (4.444);2
43100007;🔵 Outras Escolas (4.444);2
43100031;🔵 Outras Escolas (4.444);2
43100260;🔵 Outras Escolas (4.444);2
43101127;🔵 Outras Escolas (4.444);2
43173217;🔵 Outras Escolas (4.444);2
43173390;🔵 Outras Escolas (4.444);2
43175317;🔵 Outras Escolas (4.444);2
43215572;🔵 Outras Escolas (4.444);2
43218687;🔵 Outras Escolas (4.444);2
43000452;🔵 Outras Escolas (4.444);2
43002803;🔵 Outras Escolas (4.444);2
43104924;🔵 Outras Escolas (4.444);2
43104940;🔵 Outras Escolas (4.444);2
43104959;🔵 Outras Escolas (4.444);2
43104967;🔵 Outras Escolas (4.444);2
43104975;🔵 Outras Escolas (4.444);2
43104983;🔵 Outras Escolas (4.444);2
43104991;🔵 Outras Escolas (4.444);2
43105017;🔵 Outras Escolas (4.444);2
43105025;🔵 Outras Escolas (4.444);2
43105050;🔵 Outras Escolas (4.444);2
43105068;🔵 Outras Escolas (4.444);2
43105076;🔵 Outras Escolas (4.444);2
43105084;🔵 Outras Escolas (4.444);2
43105106;🔵 Outras Escolas (4.444);2
43105130;🔵 Outras Escolas (4.444);2
43105149;🔵 Outras Escolas (4.444);2
43105351;🔵 Outras Escolas (4.444);2
43105408;🔵 Outras Escolas (4.444);2
43105637;🔵 Outras Escolas (4.444);2
43105670;🔵 Outras Escolas (4.444);2
43105734;🔵 Outras Escolas (4.444);2
43107362;🔵 Outras Escolas (4.444);2
43107370;🔵 Outras Escolas (4.444);2
43107389;🔵 Outras Escolas (4.444);2
43107397;🔵 Outras Escolas (4.444);2
43107419;🔵 Outras Escolas (4.444);2
43107435;🔵 Outras Escolas (4.444);2
43107451;🔵 Outras Escolas (4.444);2
43107494;🔵 Outras Escolas (4.444);2
43107559;🔵 Outras Escolas (4.444);2
43107567;🔵 Outras Escolas (4.444);2
43107575;🔵 Outras Escolas (4.444);2
43107605;🔵 Outras Escolas (4.444);2
43107613;🔵 Outras Escolas (4.444);2
43107800;🔵 Outras Escolas (4.444);2
43107877;🔵 Outras Escolas (4.444);2
43108130;🔵 Outras Escolas (4.444);2
43108164;🔵 Outras Escolas (4.444);2
43108423;🔵 Outras Escolas (4.444);2
43109152;🔵 Outras Escolas (4.444);2
43109284;🔵 Outras Escolas (4.444);2
43109330;🔵 Outras Escolas (4.444);2
43172393;🔵 Outras Escolas (4.444);2
43172423;🔵 Outras Escolas (4.444);2
43172440;🔵 Outras Escolas (4.444);2
43173330;🔵 Outras Escolas (4.444);2
43178740;🔵 Outras Escolas (4.444);2
43200273;🔵 Outras Escolas (4.444);2
43201717;🔵 Outras Escolas (4.444);2
43203817;🔵 Outras Escolas (4.444);2
43203876;🔵 Outras Escolas (4.444);2
43211402;🔵 Outras Escolas (4.444);2
43213995;🔵 Outras Escolas (4.444);2
43215050;🔵 Outras Escolas (4.444);2
43216684;🔵 Outras Escolas (4.444);2
43219535;🔵 Outras Escolas (4.444);2
43220541;🔵 Outras Escolas (4.444);2
43238203;🔵 Outras Escolas (4.444);2
43112803;🔵 Outras Escolas (4.444);2
43113338;🔵 Outras Escolas (4.444);2
43113656;🔵 Outras Escolas (4.444);2
43113680;🔵 Outras Escolas (4.444);2
43162800;🔵 Outras Escolas (4.444);2
43214835;🔵 Outras Escolas (4.444);2
43112790;🔵 Outras Escolas (4.444);2
43119930;🔵 Outras Escolas (4.444);2
43119948;🔵 Outras Escolas (4.444);2
43119964;🔵 Outras Escolas (4.444);2
43121756;🔵 Outras Escolas (4.444);2
43298265;🔵 Outras Escolas (4.444);2
43121888;🔵 Outras Escolas (4.444);2
43121896;🔵 Outras Escolas (4.444);2
43121900;🔵 Outras Escolas (4.444);2
43122019;🔵 Outras Escolas (4.444);2
43123090;🔵 Outras Escolas (4.444);2
43123643;🔵 Outras Escolas (4.444);2
43123651;🔵 Outras Escolas (4.444);2
43123678;🔵 Outras Escolas (4.444);2
43123988;🔵 Outras Escolas (4.444);2
43176801;🔵 Outras Escolas (4.444);2
43216870;🔵 Outras Escolas (4.444);2
43219438;🔵 Outras Escolas (4.444);2
43139094;🔵 Outras Escolas (4.444);2
43139108;🔵 Outras Escolas (4.444);2
43139558;🔵 Outras Escolas (4.444);2
43162290;🔵 Outras Escolas (4.444);2
43162690;🔵 Outras Escolas (4.444);2
43167284;🔵 Outras Escolas (4.444);2
43167772;🔵 Outras Escolas (4.444);2
43167837;🔵 Outras Escolas (4.444);2
43295258;🔵 Outras Escolas (4.444);2
43181422;🔵 Outras Escolas (4.444);2
43180817;🔵 Outras Escolas (4.444);2
50005200;🔵 Outras Escolas (4.444);2
50005405;🔵 Outras Escolas (4.444);2
50005618;🔵 Outras Escolas (4.444);2
50005626;🔵 Outras Escolas (4.444);2
50007718;🔵 Outras Escolas (4.444);2
50007858;🔵 Outras Escolas (4.444);2
50007874;🔵 Outras Escolas (4.444);2
50007890;🔵 Outras Escolas (4.444);2
50007904;🔵 Outras Escolas (4.444);2
50007912;🔵 Outras Escolas (4.444);2
50007920;🔵 Outras Escolas (4.444);2
50009060;🔵 Outras Escolas (4.444);2
50027190;🔵 Outras Escolas (4.444);2
50027956;🔵 Outras Escolas (4.444);2
50028820;🔵 Outras Escolas (4.444);2
50029266;🔵 Outras Escolas (4.444);2
50030116;🔵 Outras Escolas (4.444);2
50030469;🔵 Outras Escolas (4.444);2
50030582;🔵 Outras Escolas (4.444);2
50031163;🔵 Outras Escolas (4.444);2
50031783;🔵 Outras Escolas (4.444);2
50032100;🔵 Outras Escolas (4.444);2
50033239;🔵 Outras Escolas (4.444);2
50034197;🔵 Outras Escolas (4.444);2
50035088;🔵 Outras Escolas (4.444);2
50035690;🔵 Outras Escolas (4.444);2
50035703;🔵 Outras Escolas (4.444);2
50036424;🔵 Outras Escolas (4.444);2
50060015;🔵 Outras Escolas (4.444);2
50015877;🔵 Outras Escolas (4.444);2
50016385;🔵 Outras Escolas (4.444);2
50016628;🔵 Outras Escolas (4.444);2
50029150;🔵 Outras Escolas (4.444);2
50030590;🔵 Outras Escolas (4.444);2
50032895;🔵 Outras Escolas (4.444);2
50012487;🔵 Outras Escolas (4.444);2
50024701;🔵 Outras Escolas (4.444);2
50029312;🔵 Outras Escolas (4.444);2
50032950;🔵 Outras Escolas (4.444);2
50040200;🔵 Outras Escolas (4.444);2
51036169;🔵 Outras Escolas (4.444);2
51036185;🔵 Outras Escolas (4.444);2
51036193;🔵 Outras Escolas (4.444);2
51036215;🔵 Outras Escolas (4.444);2
51038919;🔵 Outras Escolas (4.444);2
51039010;🔵 Outras Escolas (4.444);2
51039036;🔵 Outras Escolas (4.444);2
51039826;🔵 Outras Escolas (4.444);2
51039877;🔵 Outras Escolas (4.444);2
51056496;🔵 Outras Escolas (4.444);2
51058758;🔵 Outras Escolas (4.444);2
51062062;🔵 Outras Escolas (4.444);2
51064529;🔵 Outras Escolas (4.444);2
51064677;🔵 Outras Escolas (4.444);2
51064910;🔵 Outras Escolas (4.444);2
51067439;🔵 Outras Escolas (4.444);2
51073315;🔵 Outras Escolas (4.444);2
51088835;🔵 Outras Escolas (4.444);2
51093073;🔵 Outras Escolas (4.444);2
51094061;🔵 Outras Escolas (4.444);2
51103001;🔵 Outras Escolas (4.444);2
51118815;🔵 Outras Escolas (4.444);2
51140802;🔵 Outras Escolas (4.444);2
51091321;🔵 Outras Escolas (4.444);2
51093065;🔵 Outras Escolas (4.444);2
51051192;🔵 Outras Escolas (4.444);2
51051273;🔵 Outras Escolas (4.444);2
51052326;🔵 Outras Escolas (4.444);2
51057891;🔵 Outras Escolas (4.444);2
51065088;🔵 Outras Escolas (4.444);2
51069431;🔵 Outras Escolas (4.444);2
51072823;🔵 Outras Escolas (4.444);2
51016435;🔵 Outras Escolas (4.444);2
51016443;🔵 Outras Escolas (4.444);2
51058219;🔵 Outras Escolas (4.444);2
51067471;🔵 Outras Escolas (4.444);2
51069849;🔵 Outras Escolas (4.444);2
51072335;🔵 Outras Escolas (4.444);2
51089491;🔵 Outras Escolas (4.444);2
51014459;🔵 Outras Escolas (4.444);2
51014467;🔵 Outras Escolas (4.444);2
51069741;🔵 Outras Escolas (4.444);2
51104407;🔵 Outras Escolas (4.444);2
51162806;🔵 Outras Escolas (4.444);2
51027909;🔵 Outras Escolas (4.444);2
51028646;🔵 Outras Escolas (4.444);2
51068931;🔵 Outras Escolas (4.444);2
51088363;🔵 Outras Escolas (4.444);2
51042371;🔵 Outras Escolas (4.444);2
51059282;🔵 Outras Escolas (4.444);2
51071673;🔵 Outras Escolas (4.444);2
51073161;🔵 Outras Escolas (4.444);2
51091127;🔵 Outras Escolas (4.444);2
52079520;🔵 Outras Escolas (4.444);2
52091015;🔵 Outras Escolas (4.444);2
52103994;🔵 Outras Escolas (4.444);2
52110400;🔵 Outras Escolas (4.444);2
52274373;🔵 Outras Escolas (4.444);2
52020320;🔵 Outras Escolas (4.444);2
52020517;🔵 Outras Escolas (4.444);2
52020592;🔵 Outras Escolas (4.444);2
52021670;🔵 Outras Escolas (4.444);2
52076229;🔵 Outras Escolas (4.444);2
52085414;🔵 Outras Escolas (4.444);2
52097781;🔵 Outras Escolas (4.444);2
52105695;🔵 Outras Escolas (4.444);2
52106551;🔵 Outras Escolas (4.444);2
52109585;🔵 Outras Escolas (4.444);2
52030784;🔵 Outras Escolas (4.444);2
52031497;🔵 Outras Escolas (4.444);2
52031713;🔵 Outras Escolas (4.444);2
52031772;🔵 Outras Escolas (4.444);2
52031799;🔵 Outras Escolas (4.444);2
52076997;🔵 Outras Escolas (4.444);2
52079872;🔵 Outras Escolas (4.444);2
52094111;🔵 Outras Escolas (4.444);2
52096491;🔵 Outras Escolas (4.444);2
52096807;🔵 Outras Escolas (4.444);2
52097595;🔵 Outras Escolas (4.444);2
52099490;🔵 Outras Escolas (4.444);2
52108180;🔵 Outras Escolas (4.444);2
52212386;🔵 Outras Escolas (4.444);2
52288358;🔵 Outras Escolas (4.444);2
52064786;🔵 Outras Escolas (4.444);2
52064840;🔵 Outras Escolas (4.444);2
52072568;🔵 Outras Escolas (4.444);2
52072584;🔵 Outras Escolas (4.444);2
52091562;🔵 Outras Escolas (4.444);2
52094367;🔵 Outras Escolas (4.444);2
52094502;🔵 Outras Escolas (4.444);2
52046141;🔵 Outras Escolas (4.444);2
52046184;🔵 Outras Escolas (4.444);2
52076601;🔵 Outras Escolas (4.444);2
52101398;🔵 Outras Escolas (4.444);2
52032973;🔵 Outras Escolas (4.444);2
52033090;🔵 Outras Escolas (4.444);2
52033112;🔵 Outras Escolas (4.444);2
52033120;🔵 Outras Escolas (4.444);2
52033210;🔵 Outras Escolas (4.444);2
52033228;🔵 Outras Escolas (4.444);2
52033244;🔵 Outras Escolas (4.444);2
52033295;🔵 Outras Escolas (4.444);2
52033708;🔵 Outras Escolas (4.444);2
52033830;🔵 Outras Escolas (4.444);2
52033848;🔵 Outras Escolas (4.444);2
52034046;🔵 Outras Escolas (4.444);2
52034054;🔵 Outras Escolas (4.444);2
52034585;🔵 Outras Escolas (4.444);2
52034720;🔵 Outras Escolas (4.444);2
52037851;🔵 Outras Escolas (4.444);2
52038149;🔵 Outras Escolas (4.444);2
52068986;🔵 Outras Escolas (4.444);2
52080668;🔵 Outras Escolas (4.444);2
52080722;🔵 Outras Escolas (4.444);2
52081095;🔵 Outras Escolas (4.444);2
52083870;🔵 Outras Escolas (4.444);2
52083888;🔵 Outras Escolas (4.444);2
52086488;🔵 Outras Escolas (4.444);2
52086542;🔵 Outras Escolas (4.444);2
52086615;🔵 Outras Escolas (4.444);2
52086690;🔵 Outras Escolas (4.444);2
52087468;🔵 Outras Escolas (4.444);2
52089550;🔵 Outras Escolas (4.444);2
52089584;🔵 Outras Escolas (4.444);2
52091279;🔵 Outras Escolas (4.444);2
52091295;🔵 Outras Escolas (4.444);2
52091384;🔵 Outras Escolas (4.444);2
52091570;🔵 Outras Escolas (4.444);2
52093069;🔵 Outras Escolas (4.444);2
52096785;🔵 Outras Escolas (4.444);2
52097587;🔵 Outras Escolas (4.444);2
52097676;🔵 Outras Escolas (4.444);2
52098362;🔵 Outras Escolas (4.444);2
52099024;🔵 Outras Escolas (4.444);2
52099067;🔵 Outras Escolas (4.444);2
52099504;🔵 Outras Escolas (4.444);2
52099946;🔵 Outras Escolas (4.444);2
52100553;🔵 Outras Escolas (4.444);2
52100723;🔵 Outras Escolas (4.444);2
52101363;🔵 Outras Escolas (4.444);2
52101541;🔵 Outras Escolas (4.444);2
52103137;🔵 Outras Escolas (4.444);2
52103161;🔵 Outras Escolas (4.444);2
52103870;🔵 Outras Escolas (4.444);2
52104532;🔵 Outras Escolas (4.444);2
52104699;🔵 Outras Escolas (4.444);2
52104923;🔵 Outras Escolas (4.444);2
52105903;🔵 Outras Escolas (4.444);2
52106420;🔵 Outras Escolas (4.444);2
52106446;🔵 Outras Escolas (4.444);2
52108813;🔵 Outras Escolas (4.444);2
52109216;🔵 Outras Escolas (4.444);2
52110915;🔵 Outras Escolas (4.444);2
52188388;🔵 Outras Escolas (4.444);2
52211371;🔵 Outras Escolas (4.444);2
52218350;🔵 Outras Escolas (4.444);2
52260372;🔵 Outras Escolas (4.444);2
52290352;🔵 Outras Escolas (4.444);2
52059383;🔵 Outras Escolas (4.444);2
52059928;🔵 Outras Escolas (4.444);2
52069052;🔵 Outras Escolas (4.444);2
52101517;🔵 Outras Escolas (4.444);2
52052567;🔵 Outras Escolas (4.444);2
52053121;🔵 Outras Escolas (4.444);2
52053261;🔵 Outras Escolas (4.444);2
52090388;🔵 Outras Escolas (4.444);2
52105555;🔵 Outras Escolas (4.444);2
52050785;🔵 Outras Escolas (4.444);2
52054160;🔵 Outras Escolas (4.444);2
52054241;🔵 Outras Escolas (4.444);2
52054268;🔵 Outras Escolas (4.444);2
52078485;🔵 Outras Escolas (4.444);2
52098966;🔵 Outras Escolas (4.444);2
52106748;🔵 Outras Escolas (4.444);2
52109224;🔵 Outras Escolas (4.444);2
52116204;🔵 Outras Escolas (4.444);2
52039722;🔵 Outras Escolas (4.444);2
52103560;🔵 Outras Escolas (4.444);2
52047180;🔵 Outras Escolas (4.444);2
52047369;🔵 Outras Escolas (4.444);2
52048705;🔵 Outras Escolas (4.444);2
52048977;🔵 Outras Escolas (4.444);2
52049108;🔵 Outras Escolas (4.444);2
52095592;🔵 Outras Escolas (4.444);2
52107990;🔵 Outras Escolas (4.444);2
52202399;🔵 Outras Escolas (4.444);2
53001060;🔵 Outras Escolas (4.444);2
53001087;🔵 Outras Escolas (4.444);2
53001095;🔵 Outras Escolas (4.444);2
53001109;🔵 Outras Escolas (4.444);2
53001192;🔵 Outras Escolas (4.444);2
53001222;🔵 Outras Escolas (4.444);2
53001281;🔵 Outras Escolas (4.444);2
53001290;🔵 Outras Escolas (4.444);2
53001320;🔵 Outras Escolas (4.444);2
53001346;🔵 Outras Escolas (4.444);2
53001389;🔵 Outras Escolas (4.444);2
53001400;🔵 Outras Escolas (4.444);2
53001907;🔵 Outras Escolas (4.444);2
53002067;🔵 Outras Escolas (4.444);2
53002075;🔵 Outras Escolas (4.444);2
53010507;🔵 Outras Escolas (4.444);2
53011074;🔵 Outras Escolas (4.444);2
53012860;🔵 Outras Escolas (4.444);2
53013220;🔵 Outras Escolas (4.444);2
53013808;🔵 Outras Escolas (4.444);2
53013875;🔵 Outras Escolas (4.444);2
53015010;🔵 Outras Escolas (4.444);2
53016726;🔵 Outras Escolas (4.444);2
53017897;🔵 Outras Escolas (4.444);2
53019296;🔵 Outras Escolas (4.444);2
53019628;🔵 Outras Escolas (4.444);2
53019733;🔵 Outras Escolas (4.444);2
53020006;🔵 Outras Escolas (4.444);2
53020057;🔵 Outras Escolas (4.444);2
53020570;🔵 Outras Escolas (4.444);2
53056000;🔵 Outras Escolas (4.444);2
53002636;🔵 Outras Escolas (4.444);2
53002652;🔵 Outras Escolas (4.444);2
53003080;🔵 Outras Escolas (4.444);2
53009916;🔵 Outras Escolas (4.444);2
53020561;🔵 Outras Escolas (4.444);2
53003659;🔵 Outras Escolas (4.444);2
53003721;🔵 Outras Escolas (4.444);2
53004418;🔵 Outras Escolas (4.444);2
53004949;🔵 Outras Escolas (4.444);2
53010426;🔵 Outras Escolas (4.444);2
53012950;🔵 Outras Escolas (4.444);2
53014111;🔵 Outras Escolas (4.444);2
53015878;🔵 Outras Escolas (4.444);2
53017293;🔵 Outras Escolas (4.444);2
53017900;🔵 Outras Escolas (4.444);2
53019334;🔵 Outras Escolas (4.444);2
53082001;🔵 Outras Escolas (4.444);2
53005457;🔵 Outras Escolas (4.444);2
53005503;🔵 Outras Escolas (4.444);2
53005899;🔵 Outras Escolas (4.444);2
53005910;🔵 Outras Escolas (4.444);2
53010973;🔵 Outras Escolas (4.444);2
53005945;🔵 Outras Escolas (4.444);2
53006585;🔵 Outras Escolas (4.444);2
53009967;🔵 Outras Escolas (4.444);2
53038002;🔵 Outras Escolas (4.444);2
53013182;🔵 Outras Escolas (4.444);2
53007190;🔵 Outras Escolas (4.444);2
53007611;🔵 Outras Escolas (4.444);2
53008189;🔵 Outras Escolas (4.444);2
53010450;🔵 Outras Escolas (4.444);2
53012330;🔵 Outras Escolas (4.444);2
53018656;🔵 Outras Escolas (4.444);2
53018770;🔵 Outras Escolas (4.444);2
53008502;🔵 Outras Escolas (4.444);2
53008545;🔵 Outras Escolas (4.444);2
53015991;🔵 Outras Escolas (4.444);2
53017870;🔵 Outras Escolas (4.444);2
53013654;🔵 Outras Escolas (4.444);2
53014707;🔵 Outras Escolas (4.444);2
53017315;🔵 Outras Escolas (4.444);2
53017862;🔵 Outras Escolas (4.444);2
53017986;🔵 Outras Escolas (4.444);2
53020081;🔵 Outras Escolas (4.444);2
53011805;🔵 Outras Escolas (4.444);2
53026004;🔵 Outras Escolas (4.444);2
53013298;🔵 Outras Escolas (4.444);2
53018320;🔵 Outras Escolas (4.444);2
53014464;🔵 Outras Escolas (4.444);2
53009592;🔵 Outras Escolas (4.444);2
53009940;🔵 Outras Escolas (4.444);2
53019393;🔵 Outras Escolas (4.444);2
53013387;🔵 Outras Escolas (4.444);2
53014014;🔵 Outras Escolas (4.444);2
53009428;🔵 Outras Escolas (4.444);2
53014847;🔵 Outras Escolas (4.444);2
53003640;🔵 Outras Escolas (4.444);2
53007050;🔵 Outras Escolas (4.444);2
53013670;🔵 Outras Escolas (4.444);2
53014405;🔵 Outras Escolas (4.444);2
53015347;🔵 Outras Escolas (4.444);2
53015789;🔵 Outras Escolas (4.444);2
53017030;🔵 Outras Escolas (4.444);2
53017102;🔵 Outras Escolas (4.444);2
53017439;🔵 Outras Escolas (4.444);2
53017749;🔵 Outras Escolas (4.444);2
53018214;🔵 Outras Escolas (4.444);2
53018613;🔵 Outras Escolas (4.444);2
53019253;🔵 Outras Escolas (4.444);2
53019490;🔵 Outras Escolas (4.444);2
53020600;🔵 Outras Escolas (4.444);2
53011872;🔵 Outras Escolas (4.444);2
53012941;🔵 Outras Escolas (4.444);2
53013921;🔵 Outras Escolas (4.444);2
53018532;🔵 Outras Escolas (4.444);2
53011902;🔵 Outras Escolas (4.444);2
53018273;🔵 Outras Escolas (4.444);2
53018796;🔵 Outras Escolas (4.444);2
53032012;🔵 Outras Escolas (4.444);2
53015134;🔵 Outras Escolas (4.444);2
53015894;🔵 Outras Escolas (4.444);2
53016599;🔵 Outras Escolas (4.444);2
53086007;🔵 Outras Escolas (4.444);2
