codigo_escola,enem_media_geral_2024,qtd_participantes_enem_2024
23246847,789.9253333333332,30
23246880,762.2160869565217,46
50031163,761.805,16
23235543,760.0921212121212,33
23272333,759.6722580645161,31
33184739,759.6247058823529,17
31351725,759.2913043478261,23
23246871,755.0852941176471,34
22144714,749.7415384615384,13
31004812,749.4875000000001,184
15167275,746.2757575757577,33
35399197,746.1483720930232,43
60026271,745.1100000000001,2
24097004,743.967619047619,42
35563006,743.8776190476191,42
31349720,743.3652830188679,53
22025740,740.1926177024483,177
23245573,738.9097297297297,37
33040516,736.2590909090909,22
33165920,736.118,30
31350664,736.0356475583864,314
35126974,735.8112195121951,41
33135827,734.820487804878,41
53013085,734.7028409090909,176
22027173,733.2866666666667,12
33062633,732.6521212121212,66
60012356,732.0500000000001,2
50032895,731.12,18
33149780,731.0100000000001,12
22164219,730.8371428571429,21
23564121,728.9706666666666,30
26534711,728.9612612612613,111
60019558,728.9000000000001,2
53056000,728.78875,64
50032100,728.7792857142857,28
31004031,728.1967567567567,74
35141240,727.5901492537314,67
29485541,726.237957957958,111
26189569,724.8477272727273,88
33188092,724.4761904761905,21
35009757,724.31875,16
52068986,723.8153303964757,227
35286187,723.4551815181518,101
22022406,723.0889795918367,49
23272430,722.8284219001611,207
43166407,722.2381818181818,11
60014420,722.1,3
50035380,722.0788235294118,17
31317101,719.5819047619048,42
35463279,719.4730841121495,107
53015789,718.57375,64
22129529,718.5557575757575,33
43173330,718.3538596491228,38
32040032,717.4524137931035,58
33065403,717.058954248366,153
33057206,717.0218421052632,76
26137631,716.8095364238411,151
35583224,716.103076923077,13
60029380,715.6542857142857,7
23076208,715.2058823529412,17
43082564,714.7,49
22022481,712.3023529411764,102
35165347,711.5446554934823,179
26118165,711.516923076923,65
31004651,711.3602721088436,294
22143700,710.615238095238,21
33062609,710.2174418604651,86
31371971,710.0028571428571,49
25097539,709.8766153846154,65
26181231,709.1364102564103,39
33145237,708.7711999999999,25
35805555,708.2820309050772,151
35154775,708.2148837209302,43
35290804,707.1502515723271,53
31004731,707.0870491803279,122
43238203,706.9758823529412,34
35134806,706.852471416007,379
33176825,706.8174857142857,175
33104220,706.4522222222222,78
32041152,706.4353846153847,65
24088846,705.4633962264151,53
33135371,705.0477235772357,82
31333921,704.9586956521739,92
33055866,704.9269565217392,23
33196214,703.8265671641791,67
52103137,703.5377570093458,321
32083882,703.5182222222222,60
26187353,703.1658181818183,55
28032322,702.7736492890995,211
22023658,702.1493333333333,15
35173186,702.0760493827161,162
43173845,701.955,16
31006394,701.7916374269006,114
25120298,701.7106249999999,224
29342880,701.5205128205127,39
31193216,701.3985454545455,110
35103421,701.3345833333333,112
31248401,700.7011111111111,18
52096785,700.5526495726496,39
35143406,700.3965217391304,23
31118311,700.2131428571429,35
35124199,699.9289570552147,163
60015754,699.5200000000001,2
32040210,699.1266666666667,15
60005239,698.9399999999999,1
60014462,698.8,9
35136931,698.7048795944233,263
33165998,698.5838461538461,52
33195340,698.422,20
17056446,698.1883544303797,79
31249483,698.1866666666667,9
35140193,698.1446153846155,26
31184331,698.0269230769231,26
33063311,697.9587301587302,63
15567672,697.6017543859649,38
52020517,697.4066666666666,30
33156913,697.0522222222222,18
43216471,696.9963636363636,11
60013394,696.86,6
31327026,696.6384615384616,39
52105962,696.3923076923077,13
32038178,696.3131764705882,85
22025715,696.2330952380953,84
35141392,695.4833333333333,18
33184720,695.2399999999999,22
35287600,695.1314285714286,28
53012860,695.0600000000001,111
35468400,694.8172,25
35561320,694.8169230769231,39
33180385,694.7735,160
31354910,694.690625,128
35136050,694.6760240963855,83
60013028,694.588888888889,9
33085846,694.2647619047618,42
33063729,694.2442261904762,224
35579403,694.1046153846154,65
60012323,693.995,8
25133519,693.8895424836602,153
35140338,693.8436764705883,68
35104985,693.7966069906223,391
41148142,693.5263157894736,19
35430808,693.4887037037038,36
25306936,693.3764705882353,17
43123988,693.2560784313725,68
31293687,693.2289285714286,56
31004359,692.7891428571428,70
29437261,692.7815384615385,65
35150022,692.73,16
33149550,692.5366666666667,24
31342998,692.5321904761905,35
33075425,692.1343295019158,87
42141036,692.1277777777779,54
52101363,691.4806896551725,174
52094502,691.4137142857143,35
26163039,691.2591566265061,166
31205265,690.8181481481482,72
42160383,690.8092857142857,56
28037812,690.7905263157895,19
33057109,690.7047281323877,141
31006238,690.6842512077295,138
52033848,690.4275,72
33105405,690.4235416666667,96
31014061,690.3854545454545,66
42118239,690.3111111111111,18
31320536,690.294623655914,31
60018913,690.1999999999999,3
31041181,690.1392156862745,51
35132007,690.0931818181817,44
35154295,690.049756097561,82
21009902,690.0045502645503,63
32036671,689.978,30
33077029,689.9206060606061,33
29328560,689.4594444444444,36
41352866,689.3459259259259,54
31074373,689.3022222222222,135
31342327,689.2778125,64
35007592,689.0217857142858,56
35175572,688.836564102564,260
35449003,688.7832863849766,142
29436168,688.7561904761906,21
31377040,688.66625,16
35132287,688.6278688524591,244
31339989,688.6234482758621,29
43139108,688.5962499999999,80
35140995,688.59,14
33139881,688.4082352941176,51
33160830,688.4057777777778,30
29480620,688.3075,16
24057134,688.2867175572519,131
33140502,687.9608333333334,24
31364517,687.8048275862069,29
33063656,687.6759999999999,15
22056955,687.5470588235294,17
31006157,687.4409523809524,42
21290229,687.4314545454546,110
31193097,687.4296103896104,77
60014277,687.24,2
29422272,687.1012244897959,49
33196249,687.006,65
52059383,686.8722222222221,18
60019418,686.76,1
29222982,686.6573333333333,15
53013875,686.6314285714286,14
35142967,686.4663959390863,197
33148376,686.361851851852,72
33104247,686.3458064516129,31
35158483,686.3304545454546,44
60006447,686.316,5
33189838,686.3123076923076,26
31205231,686.2898412698413,63
33085897,686.2513513513513,37
35802578,686.2124324324325,37
43155197,685.9007142857143,28
24069191,685.8810298102982,123
33198640,685.8173333333333,15
35137881,685.7906451612904,31
35112513,685.7615094339623,53
33116903,685.64,47
52097676,685.4803111111111,150
51036169,685.415,16
35104620,685.3523263888889,192
35139178,685.2753333333333,70
31005037,685.2441991341991,154
32040040,685.156388888889,24
35009870,685.0583333333333,36
31193038,685.0196923076923,65
60016124,684.7885714285715,7
33100713,684.6236842105263,38
35140065,684.565625,32
31312177,684.4563636363637,33
31379719,684.4,25
35195005,684.2817543859649,57
25073214,684.1567346938775,98
35139208,684.0826666666667,15
33078866,684.0559999999999,35
13032020,684.0430303030303,33
32071957,684.02,9
31322903,683.8903999999999,25
13025872,683.8287619047619,105
28037723,683.7678571428571,28
33178879,683.732,20
53016726,683.704644549763,211
31196312,683.6916666666666,24
60023502,683.62,1
43213278,683.5566666666667,18
41150392,683.4747368421052,19
31007196,683.3598571428572,140
35103524,683.3197129186603,209
31384909,683.3187368421053,95
35170331,683.3069230769231,26
35117547,683.2014035087719,57
23071036,683.0996078431373,119
24084263,683.0122222222221,18
33183830,683.0058666666667,50
42048192,682.99375,16
35125436,682.9852830188679,53
50007718,682.9586666666667,15
60019553,682.9449999999999,8
31309770,682.8914285714285,21
29182344,682.8291954022989,87
60019559,682.78,1
33110328,682.7358227848101,158
33173990,682.5901204819278,83
43215688,682.5745945945946,37
26122081,682.5244444444445,162
35112562,682.4862172284644,89
31184349,682.205925925926,54
29200091,682.1973584905661,318
33064040,682.143,20
29477271,681.8895652173912,69
35140582,681.886,10
29182409,681.8613793103448,58
23334266,681.8414932126697,221
29487250,681.8295582329317,83
31254363,681.6685057471263,58
35004369,681.4313888888888,72
32081073,681.3637037037037,27
32041411,681.3609845288327,237
60011755,681.324,5
33063419,681.3169523809523,105
35135288,681.2227397260274,73
43126561,681.2009302325581,43
33027404,681.1794736842105,38
13102192,681.1686956521738,23
33196788,680.8376470588236,17
43119930,680.7693452380953,112
31105899,680.664,40
35139497,680.5751412429379,59
31378496,680.5333333333333,33
21199809,680.5194047619049,112
15172201,680.5021739130434,46
33064369,680.3108,50
33100705,680.124761904762,21
33439818,680.0924137931034,29
35155664,680.0271794871795,39
52091384,679.8742857142857,28
43172423,679.8199999999999,55
42159547,679.7492592592592,54
29530210,679.6240963855422,166
35158689,679.6176923076923,52
31102415,679.6020000000001,30
53001222,679.4595379537953,101
43216684,679.2973333333333,15
23067071,679.2574358974359,78
60020799,679.1,2
41390024,679.0696969696969,66
35499778,679.0673684210527,38
42098289,679.0482352941176,17
60012205,678.9755555555555,9
43164447,678.8607407407408,27
35004269,678.8515268817204,155
33182108,678.8383870967742,62
24089214,678.7435443037974,79
35125441,678.6616216216216,37
31004871,678.5992,25
12031682,678.5958333333333,24
31294900,678.563,20
31196134,678.4862857142857,35
60009977,678.3666666666667,3
31230669,678.28,14
22080325,678.2745454545455,11
35130175,678.2129166666666,16
31254673,678.0428571428572,14
35107190,678.0286021505377,93
31260908,677.9444444444445,18
31334049,677.9157142857142,14
60000238,677.6844444444445,9
23498994,677.6742307692307,52
42012023,677.5775609756098,41
43016243,677.5766666666666,18
13031457,677.5574193548387,31
32040075,677.3456,25
41127242,677.2728125,64
60016123,677.05,4
22209603,677.0207142857142,28
43215050,676.924705882353,17
53013670,676.9237477477477,185
35581021,676.8061538461538,26
60012677,676.7674999999999,8
26189216,676.7644444444445,18
43147151,676.7636363636364,11
52033210,676.7445698924731,124
50035088,676.6544,50
26124220,676.6001294498383,103
32038224,676.5941176470589,68
42020530,676.5529745889387,223
35463085,676.3285714285714,28
31258644,676.1591304347826,23
42113083,676.0883152173913,368
33115460,676.0733333333333,45
41387392,675.9333333333334,9
31376671,675.7845454545454,22
35112902,675.7802116402116,63
35258143,675.6040196078432,68
35299789,675.6038461538462,26
53001095,675.5992478632479,195
60029245,675.5828571428572,7
41154061,675.5158620689655,29
23069864,675.4954074074075,135
31367036,675.4576923076924,26
35108145,675.4051651651652,111
43175317,675.3783561643836,73
60019397,675.2777777777778,9
60006470,675.265,4
33064776,675.2647058823529,17
23165952,675.1813333333333,130
43321054,675.087,20
33021660,675.0174666666667,100
35802839,674.9529629629629,18
60015137,674.91,6
53001087,674.7817054263566,129
43092020,674.7808333333334,24
60027023,674.7375,8
51067471,674.6221538461539,65
35286527,674.324126984127,21
31320218,674.21,14
33175195,674.1693333333334,15
60009936,674.12,4
22014543,674.0963636363637,55
35113256,674.0738562091504,51
33179999,674.010576923077,52
31322873,674.01,60
33447250,673.9324279835391,81
27220885,673.8842051282052,195
35445848,673.8358649789029,79
29442826,673.7217391304348,23
60012640,673.6777777777778,9
42118670,673.6428571428571,21
33105154,673.6226086956522,23
52033708,673.485,28
53020006,673.4823723723724,111
43083153,673.3389189189189,37
60016354,673.2066666666667,3
31096261,673.1425,72
35153163,673.128717948718,39
35162243,673.1223958333334,64
60012514,673.0,3
31354848,672.9853846153845,26
35105600,672.93625,32
17056527,672.693947368421,76
52086615,672.6463829787234,47
33063648,672.636811594203,69
35108923,672.4737074829933,196
29365023,672.4361538461538,52
23271710,672.391282051282,78
50035690,672.36375,16
33101876,672.3000000000001,17
24085634,672.2608333333334,24
42103894,672.1888888888889,18
35113852,672.1683928571429,112
35117195,672.0878947368421,38
31376191,672.03,10
35132780,671.9875,40
35103548,671.9275,92
32076223,671.8919298245614,19
35450856,671.7076767676767,33
26172739,671.6815384615385,13
26197405,671.6392592592592,27
31005622,671.6296551724138,29
35105314,671.5785882352941,85
33042578,671.5490909090909,44
31281883,671.4350000000001,20
35450339,671.3885714285714,70
21010331,671.2671698113206,53
31367672,671.154716981132,106
31074098,671.1405263157894,152
35137674,671.1087850467289,107
25133861,671.0655172413793,29
35137133,671.0115032679739,51
31053953,670.9985123966943,121
33039151,670.876,10
33154007,670.7362162162162,37
52034046,670.5957142857143,84
31365599,670.5318181818183,22
60020317,670.29,6
31205150,670.1506976744186,43
24057169,670.1132258064515,62
35112689,670.045090909091,55
60020687,670.012,5
31325694,669.9770000000001,20
31360147,669.9171428571428,21
13099981,669.86,19
35114832,669.8261702127659,94
60025390,669.825,8
35143352,669.7828571428572,56
31041327,669.7629166666667,64
31280691,669.724,15
21199090,669.684424778761,113
33034303,669.6744927536232,46
43074197,669.6697142857142,35
43214754,669.6651351351352,74
52088308,669.656551724138,29
35144186,669.6146666666666,15
26152630,669.6128253968254,105
31329576,669.6073684210526,19
35583005,669.5975,16
28017943,669.5946551724138,116
25030540,669.54,14
31291986,669.3433333333334,24
31266582,669.3231578947368,19
31123536,669.3035294117647,34
15168344,669.1164285714285,56
35103718,669.0954320987655,54
52034054,669.0632900432901,77
52109585,669.0519191919192,33
22144196,669.0204545454545,88
35172741,668.941,20
31096270,668.9253846153847,26
42109230,668.9104641350211,79
22128778,668.891,20
31309711,668.8436363636364,22
51088835,668.7826923076923,52
41065549,668.7461403508772,38
35125222,668.642,40
35123419,668.6172413793104,29
23462442,668.548,60
33138672,668.5386206896551,29
33180539,668.5036714975846,69
35006933,668.4967164179104,67
35373886,668.3968181818182,44
31313068,668.358,40
29422248,668.3539130434783,23
32074182,668.2994202898551,23
43213995,668.2895238095238,63
35105041,668.2384615384616,13
31239682,668.1521367521368,39
25016172,668.1289655172413,29
31006491,668.1278787878788,33
31133701,668.0110638297872,47
60012363,667.9775,8
33066752,667.9750877192982,57
35102805,667.9682352941177,34
31382655,667.9603225806452,124
51036215,667.6398058252427,103
31223778,667.5445454545454,22
23274859,667.5325,16
31279552,667.528,25
60000903,667.5275,8
50027956,667.5262962962962,54
33064032,667.4320930232559,43
31118320,667.2717073170732,41
35439599,667.2421052631579,57
53019733,667.2181333333334,50
41075927,667.1969491525424,59
35144034,667.0891891891891,37
31005975,667.0699999999999,16
33163863,667.0163636363636,55
42133114,666.96375,16
26180200,666.958947368421,38
60019964,666.9180952380951,7
35159104,666.7837499999999,16
26033909,666.7723415977962,121
35155226,666.6891666666667,24
33087539,666.5600000000001,12
35121381,666.5357692307692,52
33168202,666.5273076923077,52
26186896,666.526875,32
60026855,666.49,6
35448205,666.3777160493827,108
31385433,666.3226666666667,30
29472440,666.2555172413793,58
31377759,666.23,10
60027395,666.2133333333333,3
29241391,666.1555000000001,40
31365106,666.1020000000001,30
31352195,666.0060856269113,218
60026733,665.9933333333333,3
33029490,665.9825641025641,78
60013006,665.9088888888889,9
43108164,665.8501904761905,210
35186600,665.8051282051282,13
53015347,665.7965909090909,88
35134132,665.7871698113207,53
35136025,665.7623333333333,100
28031563,665.7418279569893,62
35131945,665.7037209302325,43
31329762,665.6750191570882,87
27049140,665.6145833333334,48
41379420,665.5749999999999,12
31006513,665.5727272727273,11
35130217,665.4384615384616,13
42163137,665.35,16
35301279,665.3222222222222,18
31370100,665.3136723163842,59
33101809,665.2571014492753,46
41158512,665.2377777777778,54
35114960,665.2028124999999,64
33074089,665.2017857142857,56
35140648,665.0812244897959,49
60005733,664.9766666666666,6
33031371,664.9390000000001,40
33177627,664.9207843137254,51
42061180,664.8978947368421,19
42150060,664.865,20
26156202,664.8627414330218,107
52089550,664.8482282282282,111
35140806,664.7980740740741,45
35104607,664.7761403508772,19
35109721,664.75625,16
60028641,664.7175,8
31380202,664.7161904761904,21
31254886,664.6753846153846,39
43172440,664.6028125,64
31031674,664.601,20
28033450,664.4881578947368,76
35117146,664.4653333333333,15
31061999,664.4506666666667,15
31180408,664.3916666666667,12
35451150,664.3914814814815,18
60015302,664.3466666666667,9
42090601,664.3245714285714,35
22025391,664.2919999999999,15
35141586,664.2725,96
35124072,664.2641666666667,24
33142726,664.2611764705882,51
23065591,664.1782361733932,223
43203876,664.1355555555555,45
35108339,664.1308333333333,24
29378052,664.0972222222222,36
15152120,664.07125,32
42160081,663.971568627451,68
31379794,663.9345945945946,74
43104975,663.8921247563353,171
60015792,663.8666666666667,3
31004952,663.8438759689923,86
35161123,663.7996610169491,59
35141434,663.7868571428571,70
26175240,663.7045283018867,53
31127965,663.688947368421,38
35113426,663.622641509434,53
33089825,663.6176923076923,52
26122162,663.5929213483147,178
15038491,663.4968992248062,86
31369977,663.3783673469388,49
35457334,663.3745454545455,11
35124394,663.37,30
31356999,663.3583333333333,12
60006414,663.3399999999999,8
60006458,663.2222222222222,9
28032799,663.2040625,64
23277149,663.2006451612904,31
42121191,663.1724747474747,132
35500033,663.1241025641025,52
60020722,662.9371428571429,7
29354900,662.9215789473684,38
60010499,662.8399999999999,5
53017293,662.8341242937853,59
24285323,662.7194285714286,35
35150435,662.679090909091,44
60012916,662.6457142857143,7
35127991,662.6266666666667,6
35133115,662.6252830188679,53
33106754,662.5857142857143,21
31310841,662.5421052631579,19
52095940,662.4866666666667,19
31238082,662.43875,16
11049723,662.4347826086956,23
35165943,662.365,24
35161861,662.3419819819819,74
42114357,662.2306666666667,15
31007111,662.219298245614,38
31328294,662.2014634146341,41
60019954,662.1999999999999,3
33180580,662.122,30
15174476,662.0590058479532,114
26190559,662.0585714285714,14
25093096,662.0492307692307,39
17056489,662.024,20
29447518,661.9952252252252,74
42011620,661.9852736318409,67
24057207,661.9534615384616,52
60020828,661.868,5
31041262,661.8347791164658,83
52089630,661.7891774891775,77
35007152,661.7876923076923,13
29064139,661.7592592592592,27
35197440,661.7483333333333,12
31369616,661.7096666666667,60
35112288,661.6689655172413,29
31006386,661.62,17
43057152,661.600588235294,34
60029067,661.5,1
33155852,661.4444897959183,98
41071859,661.4370512820514,52
12028835,661.418947368421,38
28017803,661.4093486590039,87
35112926,661.4020512820514,13
35119039,661.3666666666667,24
42142750,661.3652631578948,19
31358428,661.2597948717948,65
33063710,661.2312499999999,16
60012963,661.2280000000001,5
35107177,661.2207106598985,197
33541221,661.1586666666667,15
23269316,661.142536231884,138
35440000,661.1261538461538,13
33161291,661.1085714285715,21
60019532,661.1016666666667,8
21273456,661.0559999999999,10
52015742,661.0386206896551,29
25093088,661.0308163265306,98
31200247,661.0202898550725,23
31268259,661.0046153846154,39
31365084,660.9926315789475,19
33149410,660.9571794871796,78
31013935,660.9536842105263,19
28032250,660.9509677419354,31
31329282,660.8828070175438,38
43040071,660.812,10
52097587,660.7760919540231,58
29165610,660.7608130081301,41
35116373,660.7472888888889,75
35111466,660.7264,25
35107542,660.7249572649573,39
60007116,660.72,1
27235009,660.6885106382979,47
31004111,660.6675,16
35141100,660.621,40
31133621,660.6053333333333,15
43039260,660.580909090909,22
42000670,660.5356639566396,123
33157499,660.5233333333333,18
50004476,660.5207407407407,18
60012977,660.448,5
35106148,660.4478571428572,84
16003128,660.4060194174758,103
42080746,660.3923655913978,62
31358266,660.3857142857144,21
60012562,660.3233333333333,6
33181594,660.3166666666667,24
31180521,660.3114285714286,14
22143459,660.2938775510204,49
35152638,660.2836363636363,22
29486963,660.1579569892473,124
35312101,660.1270000000001,20
33447225,660.098303030303,165
35119982,660.0738562091502,51
60015734,660.0266666666666,3
33066698,660.0014285714285,70
35101734,659.9998692810457,51
22126988,659.92,26
31220094,659.8693785310735,118
24057126,659.7144736842106,76
31193313,659.6862068965518,29
29393795,659.6800000000001,15
29182387,659.6541666666667,48
35138174,659.6411764705882,17
23066814,659.6044755244756,143
33088519,659.5773333333333,30
35139646,659.5174193548387,62
60013107,659.475,4
60019563,659.465,8
41166043,659.3918518518519,27
35152729,659.3820454545455,88
33192260,659.3272727272727,66
33066671,659.2748387096774,31
17055539,659.2726881720431,31
60004835,659.2638095238095,7
33139954,659.2633333333333,20
35104991,659.1967164179105,67
35179085,659.1825,16
35186429,659.0742322097378,89
21195534,659.056936936937,74
33032858,659.0180952380953,21
23243350,659.000625,96
26049910,659.0,10
43157998,658.9741935483871,31
24350303,658.938125,64
31364860,658.9272463768116,23
35128659,658.8925925925926,27
25153820,658.86625,16
35159013,658.86,52
43028250,658.8104761904763,21
43186700,658.7889189189189,74
31041190,658.6859999999999,20
35126718,658.6604371584699,61
35100432,658.6448648648649,148
23491035,658.6116923076924,65
31369969,658.605243902439,164
31239666,658.5779487179487,26
41407423,658.5684210526315,76
41031105,658.5171428571429,28
35158677,658.483870967742,31
43105670,658.4746666666667,60
33064024,658.3901587301586,21
41131690,658.3876363636364,165
31246166,658.3630303030303,33
35165931,658.348947368421,38
31123510,658.3318518518519,27
41142918,658.2860215053763,31
27037380,658.2591666666666,24
31354600,658.2583333333333,12
35290981,658.2567375886524,47
43215360,658.2366666666667,48
35564369,658.2226666666667,15
31123544,658.2222727272728,44
33166927,658.2167708333334,64
35117572,658.1921621621622,74
42091403,658.1110714285714,56
24087157,658.1011111111111,18
21279446,658.0656,25
41379110,657.9826984126985,42
32053070,657.9823655913979,93
28018109,657.963676012461,107
33173931,657.9623076923077,26
31108031,657.9434482758621,29
33166820,657.9352419354839,248
35159578,657.8374603174603,21
33189820,657.7743750000001,48
31193160,657.7733333333333,21
35111485,657.7473684210526,19
43216870,657.7284848484849,33
52108813,657.7225,16
29093619,657.7079591836734,98
31004278,657.6872222222223,36
29714630,657.6808695652173,23
43081860,657.6470967741935,31
35188712,657.6153846153846,13
31062171,657.5763636363637,33
31357081,657.5573684210526,38
31368342,657.548275862069,29
35196642,657.54375,16
29473128,657.5,13
52078485,657.4941935483871,31
60012485,657.47,4
42163021,657.4581818181819,11
43105084,657.4232323232324,99
33160180,657.3594594594595,37
33111774,657.3343209876543,27
60003897,657.332,5
33160163,657.3258823529412,17
29208955,657.2881818181818,22
60029066,657.2857142857143,7
31311481,657.2826666666666,15
31281921,657.266923076923,26
41063309,657.1611711711712,74
13031767,657.1458984375,256
31304981,657.1355555555556,9
43104924,657.0191,200
22022503,656.9341025641025,78
31074331,656.9213333333333,15
35439368,656.8812643678161,58
60018837,656.7644444444445,9
31254118,656.7483333333333,12
35185619,656.7169696969697,33
35112773,656.7020833333333,48
29342872,656.6793103448275,87
52053121,656.6018181818182,55
33065837,656.6008219178083,73
43157726,656.5776,25
23183152,656.5597222222223,72
31018864,656.5460869565217,23
31242241,656.5378378378379,74
33177597,656.5175999999999,25
42023262,656.4497142857142,35
33021724,656.4337037037037,54
35480745,656.4307692307692,13
15038424,656.4260097323601,137
42153824,656.4160454545455,220
35116026,656.2939869281046,51
35501918,656.1944,75
35197221,656.1479999999999,15
51069431,656.1425,40
31229946,656.1406451612903,31
35113207,656.1327272727274,55
35114078,656.117,60
33124418,656.0523636363636,55
43107419,656.0325925925927,27
35105648,656.0294933333333,125
31325848,656.02875,32
35103433,655.9809016393442,244
41133153,655.9795555555555,180
35504324,655.9132275132275,63
41162056,655.836875,32
24074667,655.8149019607843,51
51094061,655.7954913294798,173
35288100,655.7505263157894,19
28017781,655.721,40
60016196,655.72,5
35159177,655.6591999999999,25
31326577,655.656923076923,26
28017757,655.6118614718615,77
31140171,655.6102222222222,45
33147809,655.592,40
50005405,655.5445679012346,54
35123675,655.5153623188405,46
31231916,655.4990476190476,14
52061329,655.488,10
33064768,655.4680000000001,15
31343781,655.445925925926,54
60006884,655.4399999999999,1
33249202,655.4098630136986,73
31014087,655.4004210526316,95
41135946,655.3992857142857,28
43064973,655.3718055555556,48
41033310,655.3476252723311,153
33092346,655.3338271604938,54
60020192,655.3266666666667,6
35120285,655.2895238095238,63
33021740,655.1931034482758,29
31004197,655.1542307692307,104
52101770,655.0781818181819,11
31166359,655.058125,64
43060412,655.0428571428572,14
31361313,655.0061538461539,13
33082103,654.9954838709677,62
26053837,654.9922539682539,105
29256038,654.9755555555555,18
35159694,654.9093333333333,10
31219126,654.7749253731344,67
35186260,654.7468421052632,38
43126570,654.6564705882353,34
33206201,654.6390909090909,22
42112796,654.6369565217391,46
31158101,654.57,32
50034197,654.542,40
35159585,654.52,31
31279064,654.51,24
35165116,654.4982978723405,47
43060404,654.4927083333333,32
42011612,654.4818279569893,62
35126044,654.4582608695653,23
51013312,654.428253968254,21
33218404,654.4236363636363,11
53001346,654.4096078431372,204
35006903,654.3646153846154,13
60015141,654.36,3
35304414,654.3196969696969,22
31260541,654.2969117647059,136
21272921,654.2877777777778,18
35144228,654.2363333333334,60
35185851,654.2272727272727,33
31275531,654.1776923076923,26
35142931,654.1200000000001,10
31217123,654.1107462686567,67
26188031,654.0579746835443,79
35006190,654.0494736842105,19
31256927,653.99625,32
35480617,653.9721621621622,74
33228604,653.9626388888888,72
42053480,653.913896713615,71
33178496,653.9000000000001,13
33102236,653.8928735632184,29
21095752,653.8516363636364,55
43043674,653.8336507936507,63
35140673,653.8329032258065,31
35121344,653.8122222222223,36
43043720,653.796704980843,87
31274852,653.7733333333333,18
35467066,653.7347967479675,41
33150931,653.6934761904762,140
35132925,653.654238410596,302
29343941,653.6145098039215,51
33041105,653.6107692307693,65
31136727,653.5939999999999,30
33098557,653.5507692307692,13
43105149,653.5309090909091,22
33186260,653.4453968253968,42
33041130,653.4272,25
29301513,653.41825,80
33055920,653.4167948717949,52
41355644,653.415822902179,719
41152484,653.395,12
35130606,653.386,20
31253324,653.3472727272728,11
35809445,653.3023255813954,43
24089478,653.2791666666667,24
60011398,653.245,8
35115712,653.1302702702702,37
24057061,653.1171428571428,28
52083888,653.0789438943893,202
51016443,653.0722222222222,36
41093461,653.0543333333333,80
35118564,653.0469387755102,49
60024263,653.025,4
35158598,653.0016666666667,12
41127722,652.995824915825,198
35113724,652.9807575757576,44
15581900,652.9613333333334,20
35158719,652.946923076923,26
42140668,652.9370967741935,62
42159857,652.9155555555556,9
33552231,652.8982608695652,23
33196222,652.8960317460317,42
35430146,652.84,11
33193851,652.830985915493,71
29290783,652.7627272727273,22
31253391,652.7253846153847,26
35499067,652.7173333333334,50
51064677,652.6992156862744,51
28001656,652.636,25
33109923,652.6152941176471,17
22144412,652.5654545454546,44
53009428,652.5600000000001,29
35165396,652.4882352941177,17
31180262,652.478,30
33176760,652.4127777777778,36
31318345,652.3658333333334,24
23231297,652.3499999999999,26
33111901,652.3249122807017,19
25097326,652.3233333333334,30
35102660,652.316,25
43166059,652.2365714285714,35
33110034,652.2271111111111,30
31325163,652.2048484848485,33
32077610,652.1738797814209,183
29149860,652.1633333333334,60
33066574,652.068,10
31004979,652.048,35
33069565,651.9890476190476,42
35135148,651.9298850574712,290
60014587,651.905,4
33138532,651.8172413793104,29
31223883,651.8145454545455,22
35107050,651.8066666666667,12
31324663,651.7717894736842,95
35107517,651.7645427728613,113
35150885,651.7417171717171,66
33166838,651.6695454545454,44
33064393,651.5116129032258,31
21200157,651.5044444444444,18
41160266,651.4817647058824,34
60012668,651.452,5
31242233,651.424,20
23163240,651.3928767123288,73
41099605,651.2687272727272,55
35101278,651.1890748898679,227
15229408,651.1651851851852,144
31258393,651.1424,25
35117055,651.1291428571428,35
31377899,651.127536231884,23
23077042,651.1143478260869,46
31170216,651.1,21
21500002,651.089,40
35165359,651.0421428571428,28
35140351,650.9674842767296,106
43014623,650.95,20
35569227,650.9384444444444,30
35008152,650.9316374269006,114
31005614,650.9227659574468,94
42160073,650.8947826086957,46
29227720,650.8853846153846,52
33175691,650.828,20
35121307,650.8270967741935,31
33066566,650.77,24
31128058,650.7547967479675,82
43121900,650.7345454545454,33
33055890,650.708695652174,23
29181801,650.6861092530658,299
25071106,650.6738613861386,101
50015877,650.668431372549,68
35800247,650.5812500000001,16
21290695,650.5811764705883,17
53009940,650.529375,96
35008727,650.5,23
26125234,650.4886956521739,23
26173280,650.4708994708994,63
15177017,650.3698360655737,61
31145734,650.3642857142856,42
60012855,650.335,8
42152011,650.2508333333333,16
35172625,650.245,12
31061981,650.2233333333334,16
27016315,650.2035,40
26190451,650.1923664122137,131
33022267,650.1805714285714,35
29427690,650.1800000000001,13
31346209,650.092380952381,70
35155871,650.0142857142857,21
31074101,650.0037037037038,81
35131660,649.9789873417722,79
43023363,649.9758490566038,53
31316628,649.9521212121211,33
21280746,649.95,26
31004430,649.9251754385965,76
42073790,649.8966666666666,18
33065314,649.8715,40
35137066,649.8622222222223,18
35133097,649.75875,16
25206800,649.7540350877193,57
35441995,649.7076923076924,13
24083453,649.67,46
35142840,649.6524137931034,29
41131789,649.6403278688524,61
33093881,649.6341176470588,17
35123808,649.6223529411765,17
29189411,649.604,20
23075961,649.5615384615384,26
35144952,649.5409855072463,115
41409230,649.5333333333333,15
31004138,649.4914285714285,21
43221009,649.4614035087719,19
35137170,649.384375,176
33178798,649.3683333333333,48
35440383,649.3311111111111,18
41377168,649.2766666666666,76
31376850,649.2463636363636,22
21515662,649.2288888888888,18
35144216,649.1647826086956,46
33176671,649.1155555555556,45
31323942,649.0968,50
35007828,649.0956962025316,79
35466761,649.041052631579,38
33159645,649.04,18
33156026,648.9805847953216,57
35137397,648.946875,64
35801793,648.9135294117648,34
29456096,648.8742857142857,21
23025646,648.8578431372549,102
43087469,648.8100000000001,42
60025827,648.77,6
23025255,648.7487769784173,139
53038002,648.7285875706215,59
29343232,648.7006382978724,94
31170321,648.6516666666666,36
31128031,648.6409756097561,41
24281301,648.564255319149,141
35111363,648.5269230769231,26
33018634,648.5028571428571,28
52104532,648.3642857142858,14
41019644,648.3466666666667,9
60012396,648.3422222222222,9
43121756,648.3217142857144,35
35009434,648.3036363636364,22
35126871,648.2905882352942,17
31346799,648.28,19
33076510,648.2453333333334,15
13168207,648.2425925925926,90
29542618,648.2404361370717,107
43108423,648.235,52
35122038,648.1661224489795,49
31254291,648.1109090909091,11
33085854,648.0988235294118,17
41068610,648.0955555555555,45
35153126,648.095,20
41138430,648.0944117647059,68
41024397,648.0794520547946,73
31321966,647.9683333333334,24
41130987,647.9608333333333,32
29327822,647.9093333333333,30
32099606,647.8641666666666,24
60013010,647.8525,8
31244457,647.8019047619048,84
29277744,647.7870866141733,127
50015095,647.7715555555556,15
31371750,647.7493470790378,97
60020110,647.72,4
60024766,647.708,5
14000814,647.7,30
25133748,647.6734306569342,137
41077458,647.6525,8
32038720,647.6333333333333,9
22142622,647.5949019607842,102
33111642,647.58,32
35137315,647.5539682539683,21
31180602,647.5111111111111,54
35118503,647.4866666666667,152
42016142,647.4789417989418,126
35134338,647.4553846153847,13
43184782,647.4488888888889,9
31314854,647.4433333333333,30
31254541,647.44,9
31229865,647.425806451613,31
60012630,647.4142857142857,7
27035000,647.3750599520383,139
31376442,647.3744444444444,18
31241776,647.3484444444445,15
27218180,647.1975516224189,113
35803571,647.1590476190477,21
52105695,647.154303030303,55
60013117,647.15,8
29145511,647.0809523809525,21
52099946,647.0736734693878,98
35113086,647.0683333333334,20
60026538,647.06,3
43173802,647.0188235294117,17
29182433,647.0143478260869,46
31004171,646.962015503876,43
43092870,646.9269230769231,26
24059323,646.89375,32
31321079,646.8735483870968,31
52033295,646.8285555555556,120
17055741,646.8000000000001,24
31054011,646.7758620689655,29
15163830,646.7705747126437,87
23236051,646.715751633987,102
60012434,646.7057142857142,7
35367734,646.6222727272727,88
33098735,646.6192,25
29609607,646.5994117647059,68
29048583,646.58,11
35194499,646.544,10
60012487,646.5285714285714,7
35135094,646.5220238095238,56
41133463,646.4815176151761,123
28032772,646.4647619047619,21
60009433,646.42,4
33114340,646.3827246376812,115
53001281,646.3816666666667,36
51014459,646.3758620689656,29
51028646,646.3539999999999,30
35567632,646.3266666666666,18
31105953,646.3171929824562,38
35125726,646.3064285714285,28
31355356,646.2676923076923,26
41031814,646.2377777777779,36
25098349,646.1853333333333,15
35139397,646.1527272727272,11
41131673,646.146711409396,149
31379735,646.1224242424242,33
33071683,646.1052208835341,83
33187100,646.0860869565217,23
31170534,645.8858064516129,31
35113219,645.8721985815603,47
23011696,645.8362500000001,16
41131703,645.836,20
31377619,645.8075,16
31358541,645.7994285714285,35
35112318,645.6744444444445,24
31281298,645.6673684210526,57
35165323,645.5537931034484,29
23100176,645.52,25
60001845,645.516,5
25101579,645.5137777777777,45
43099165,645.5113857677903,89
43039731,645.5009009009009,37
43173217,645.4882758620689,29
31062201,645.48,42
42038901,645.4742857142857,14
31374555,645.4592592592593,18
60020819,645.42,1
60020371,645.3866666666667,6
31342122,645.3666666666667,21
29182654,645.3430000000001,60
31170607,645.3139393939394,33
31005185,645.3041025641025,39
35134788,645.292,10
29404177,645.2913513513513,37
31364886,645.2236507936508,42
35153023,645.1517241379311,29
35132986,645.0899999999999,21
32082193,645.0654545454546,11
35119611,645.0541025641025,26
35581781,645.0262962962963,18
41132130,645.0063969171484,173
53005899,644.9683908045978,58
33194084,644.9252777777778,24
35131507,644.92,27
15567770,644.8716279069768,43
31257397,644.8566153846153,65
43219438,644.8493333333333,35
31299880,644.8038095238095,21
12030058,644.7352542372881,59
50024701,644.6862068965518,29
33170401,644.5813953488372,43
43129315,644.5707692307692,26
23077549,644.5633333333334,66
60029270,644.4914285714285,7
11043857,644.4554285714286,35
33442304,644.4397297297297,74
29283108,644.388,30
31114774,644.3763265306122,49
42152968,644.3746666666667,15
35123365,644.3677777777777,18
29433002,644.2290909090909,11
35141720,644.2268888888889,30
29451990,644.2165079365079,42
29178223,644.1847826086956,46
29422299,644.1641379310345,29
31074411,644.1422222222222,18
35115265,644.14,16
35084128,644.1193333333333,30
35463115,644.1158333333334,24
35131970,644.0986206896551,29
43070477,644.0390990990991,37
35155755,644.0342857142857,14
11041951,644.004367816092,29
27226115,643.9679411764706,68
35130254,643.9417777777778,45
35007524,643.8758260869565,115
35159141,643.8689655172413,29
33195552,643.8266666666667,55
35104206,643.8175,16
43087442,643.7571428571429,14
35138769,643.703492063492,21
35150125,643.676923076923,13
31014231,643.6722388059702,67
35101886,643.6582608695652,46
21268894,643.6515254237288,59
29153930,643.6309090909091,11
33188823,643.614,30
31276227,643.6126315789473,19
33173869,643.5926315789474,76
31323748,643.585625,32
33522294,643.5845454545455,22
33032882,643.5578260869565,46
41165055,643.52,15
33027722,643.5151351351352,37
41032039,643.5095505617977,89
42006694,643.4819658119658,156
42041864,643.452,45
29432839,643.4518181818182,22
35135636,643.3725,16
52103161,643.3368,25
50007858,643.2887037037037,36
35437153,643.2838697318007,174
35110826,643.2527272727273,22
23246456,643.2507142857143,28
35007668,643.2437837837838,74
35103248,643.2416216216217,37
29465940,643.2054545454546,11
31196177,643.1833333333334,12
52067858,643.1790476190477,21
23135891,643.1730434782609,23
31166103,643.1587999999999,50
15038513,643.1558333333334,124
31279081,643.0583333333333,12
31062014,643.0432,50
22144188,643.034927536232,69
31305294,643.0300000000001,36
42160642,643.0079310344828,58
60015130,643.0,6
33065195,642.9911111111111,18
35338345,642.9806666666667,30
31344176,642.9376470588235,51
60028848,642.9100000000001,2
31210358,642.9030303030303,33
31105970,642.885,16
31363294,642.8153333333333,30
29339731,642.7782608695652,46
35143200,642.7707788161994,107
43022324,642.7666666666667,18
29171652,642.7618699186992,82
60012617,642.7520000000001,5
35142682,642.7511711711712,37
26186225,642.7233333333332,54
23073209,642.7189644012944,103
35809044,642.7146774193548,62
35466657,642.7104545454545,44
52090388,642.6913333333334,30
29094046,642.6852631578947,19
35100420,642.6685714285715,63
35112896,642.6641379310345,58
60005269,642.62,1
33163120,642.6081081081081,37
25133985,642.6072222222223,36
35118321,642.6033333333334,36
35806572,642.6,19
33199558,642.5784269662922,89
35125878,642.4813333333334,20
35109708,642.3554545454546,44
35112008,642.3373333333333,30
31357120,642.32,51
31294110,642.2886666666666,20
35117882,642.287,20
60002663,642.2688888888889,9
33195463,642.2569565217391,46
60025324,642.2049999999999,8
35005199,642.1982608695652,23
33190747,642.1800000000001,26
42020565,642.1783870967741,62
33143676,642.1225,32
33191956,642.1126315789473,19
35004215,642.1115789473685,19
35802347,642.0993333333333,30
35117262,642.0911111111111,18
60021170,641.9857142857143,7
60012543,641.9628571428572,7
60012802,641.9555555555556,9
31377953,641.9485106382979,47
43069002,641.9385,80
12010936,641.9101030927835,97
32039956,641.8981818181818,22
33071721,641.8908641975308,54
50022598,641.8777777777777,18
31370614,641.8685714285715,35
43165885,641.8155555555555,18
33444293,641.8129411764705,17
29093643,641.8096296296296,36
35802141,641.793953488372,43
35125490,641.7266666666667,57
31343668,641.67,24
35119817,641.6473333333332,60
33038716,641.604,20
35172960,641.5817777777778,15
50059823,641.5504526748972,81
35173782,641.55,8
29478430,641.5076923076923,26
35005967,641.4727586206897,116
53001320,641.466511627907,43
22131027,641.460761904762,35
60004940,641.46,2
42000262,641.4594736842105,38
35131064,641.3894736842105,38
43123643,641.3778125,64
28072430,641.3666666666667,18
31118281,641.3240000000001,30
60026944,641.3199999999999,8
35142980,641.3166666666667,9
33074771,641.2884615384615,26
29297699,641.2866666666666,15
35154507,641.2679069767441,43
31180530,641.2464705882353,51
35468061,641.2391304347826,46
31240761,641.224074074074,18
29454000,641.1053333333333,30
43107494,641.0943529411765,85
35169675,641.072,10
33187924,641.0513333333333,30
35006976,641.044,30
35006599,641.039534883721,43
35137169,641.021,20
35152812,641.0166666666667,18
31321257,641.0139130434783,23
15038483,641.0126086956521,46
43173390,641.0075,16
17044200,640.9988617886179,41
35142736,640.9363768115942,46
43044808,640.8646666666666,45
35151506,640.8554285714285,35
27218244,640.8524786324787,117
35141409,640.8177777777778,18
41377001,640.8169871794871,104
33439796,640.8100000000001,10
50033239,640.7271957671958,63
52086526,640.7129166666666,16
35103160,640.7105263157895,19
35114820,640.7020408163265,49
35111089,640.6767901234568,81
23165901,640.6533333333333,99
42116112,640.6359420289855,46
23192020,640.6279365079365,21
60014888,640.6066666666667,6
35131829,640.6034666666667,100
33078521,640.5915789473684,19
35111569,640.5344,25
31018708,640.5,16
25129899,640.4842786069652,134
41031733,640.4738317757009,107
52100774,640.4024,25
31062251,640.3741914191419,101
31374202,640.36,13
23163348,640.335,24
35185516,640.296,10
35808167,640.2618181818182,11
32040083,640.2423931623931,39
35138009,640.2252941176471,34
33189137,640.2153488372093,43
31368300,640.1883333333334,24
43139558,640.1216,25
41085671,640.1175,16
60012369,640.115,8
29329132,640.1073684210526,19
60022429,640.075,4
15577740,640.05,26
35450868,640.01,46
60006441,639.965,8
42091560,639.948717948718,52
28017820,639.9271428571428,14
31379816,639.9032653061225,49
41161750,639.8944444444445,24
35158513,639.8941176470589,17
25093061,639.8818604651162,43
43027695,639.8672727272727,11
33178976,639.8630188679244,53
35102787,639.8368421052631,19
43105106,639.8288271604938,54
60019294,639.82,6
53010507,639.815,12
29099838,639.7957894736842,19
31362514,639.7955555555556,18
33043086,639.780202020202,33
29459729,639.7790476190477,21
42014247,639.7713178294574,43
35107475,639.7571929824562,57
35158616,639.7354545454546,44
24031470,639.7241379310345,58
33055955,639.7174025974026,77
29349893,639.7155555555556,18
17021545,639.7,21
35429211,639.6764705882352,17
43104940,639.6523076923077,13
42131545,639.637380952381,28
33109591,639.6285714285714,28
35004887,639.6072727272727,44
31102385,639.5757142857143,14
33155860,639.566274509804,17
23275936,639.5631578947368,19
53020057,639.5521066666666,125
43100031,639.5518,100
43043666,639.5266666666666,36
24089150,639.447619047619,21
21264228,639.38,13
33018383,639.3791304347826,23
29243980,639.3333333333334,15
60009767,639.28,4
31127868,639.2644444444445,18
22141472,639.262564102564,39
31003875,639.2055555555556,36
43104983,639.1795918367346,49
35388786,639.1632380952381,35
35195133,639.1391452991453,39
31108103,639.1066666666667,12
52094111,639.1043636363636,55
35175614,639.0713043478261,23
35007243,639.06,11
43214975,639.0461538461539,13
31353990,639.0228571428571,14
51087871,639.0209523809524,21
31326917,639.0026666666666,15
25130676,638.9698305084746,59
31213926,638.9645833333333,24
53007050,638.9617901234568,108
43112790,638.9605555555556,36
35481397,638.9573333333334,15
35112537,638.9215384615384,13
60012292,638.8520000000001,5
41093488,638.8446666666666,30
60025862,638.82,3
35151798,638.8133333333333,45
35104917,638.7958823529412,34
35161457,638.7863157894737,19
33098867,638.7528395061729,27
31371777,638.73,40
43105017,638.7182608695653,46
23025530,638.7124637681159,69
35109228,638.7084615384615,52
33146675,638.6968253968254,42
31368091,638.64,21
35113931,638.6320000000001,10
31223123,638.61,24
35132871,638.5969230769231,26
60018868,638.5866666666667,3
35369226,638.5595833333333,32
31102563,638.542,10
53011074,638.5370909090909,55
52053261,638.5310344827586,29
23274123,638.5248648648649,37
35102124,638.4675,8
24001260,638.4524358974359,104
51069202,638.4069999999999,20
22115820,638.4046153846155,13
31202100,638.3973333333334,15
31362735,638.3333333333334,54
60027803,638.2955555555556,9
41046056,638.275,12
60012663,638.26,7
35304876,638.2522580645161,31
35143736,638.2442857142858,14
35006706,638.2283720930233,43
33192677,638.2175,16
60028883,638.2040000000001,5
41002369,638.197037037037,54
31096253,638.1838095238096,21
52033090,638.1729032258065,31
28024966,638.1688888888889,18
43128386,638.1547826086957,23
43097774,638.1454838709677,62
53011872,638.1323076923078,13
31005347,638.0396078431372,51
42116040,638.0253333333334,15
15173437,638.0182291666666,64
43355072,637.9909090909091,11
31278726,637.9874626865673,67
35141112,637.983870967742,31
60028915,637.9399999999999,1
35107165,637.9159999999999,20
15103080,637.865,24
35107803,637.8407692307693,26
35141616,637.8211764705882,17
35114236,637.8070967741936,31
26108585,637.755,28
35107487,637.7133333333333,27
33055947,637.7101010101011,99
60004492,637.7025,8
33135169,637.7013333333333,15
41063570,637.698596491228,19
21078319,637.6971929824562,57
32018134,637.6902222222222,45
41015916,637.6570370370371,27
60003205,637.655,4
42074150,637.6366666666667,24
60023643,637.6108333333333,8
31309796,637.5917171717172,33
43123090,637.5729078014184,47
35158823,637.5691666666667,24
51104407,637.5133333333333,21
35118084,637.5102564102564,52
31365424,637.5066666666667,9
33098980,637.5018181818182,22
35143996,637.4791304347826,23
43176852,637.4531261770245,177
42089913,637.4353623188406,23
31372013,637.4257142857143,21
31247189,637.4142857142857,14
41086279,637.3474074074074,27
35126111,637.3333333333334,18
35121150,637.2672463768116,23
35153308,637.2580952380953,21
33196770,637.1581818181818,11
31230871,637.1566666666666,44
52101517,637.1323232323232,33
35299546,637.1315789473684,19
31356816,637.1064186046511,215
35151282,637.0884507042254,71
35100328,637.0783783783784,37
15586413,637.0203703703703,54
31140252,636.9841379310345,29
42162041,636.982,10
15107000,636.9802666666667,25
41078870,636.9624,25
33042462,636.9583333333334,24
33039542,636.9485714285714,14
41032004,636.9450909090908,55
35106616,636.9423529411765,68
25130730,636.9384615384616,13
33067732,636.9364705882354,17
35158574,636.924,25
24059340,636.9218181818183,22
35165578,636.9105847953217,114
52094367,636.8915789473684,57
60012383,636.89,8
50032950,636.8786666666667,15
29190886,636.8677777777777,30
50040200,636.8426666666667,15
31247731,636.8271428571428,14
35497997,636.82125,32
35111454,636.8168627450981,51
25097784,636.80625,48
31246450,636.7832786885245,61
52092488,636.7596536796536,154
33025673,636.7462745098039,68
35119684,636.68,11
50011537,636.6311111111112,30
35121435,636.6190476190476,21
26064596,636.5874576271187,59
60006277,636.5422222222222,9
43219616,636.4857894736842,38
42160650,636.4420105820105,63
32078684,636.4300000000001,58
35802505,636.4154545454545,22
42106311,636.4092537313433,67
24089133,636.3971014492754,23
35165773,636.3960784313725,34
33175586,636.3771428571429,21
31382388,636.328,20
60020414,636.3199999999999,4
32052936,636.309756097561,41
35106380,636.292,10
29478952,636.2754385964912,38
33044996,636.2609090909091,11
41158768,636.2480597014926,67
25132369,636.2475,16
31268283,636.2435294117648,34
35102751,636.1626666666666,55
60009378,636.1366666666667,6
27055388,636.12,37
23026570,636.1042105263158,19
33120544,636.0863157894737,76
41162650,636.0721739130435,23
35160581,636.0315151515151,33
35808325,636.0044444444444,9
31170461,635.9988235294118,17
35133450,635.9837974683544,79
60016603,635.95,4
31004596,635.9419444444444,72
26095882,635.9411764705883,34
41152689,635.8964705882353,17
60026826,635.8466666666667,6
41029429,635.8353846153847,39
31361496,635.8085714285714,28
35160222,635.8026666666667,15
26182076,635.7833333333333,12
35813000,635.7609259259259,72
42142822,635.720484848485,55
31324515,635.7133333333334,36
31267627,635.698947368421,19
35290518,635.6871264367816,58
31274216,635.6818181818181,11
33031410,635.6591967871486,83
35108972,635.6482170542636,43
33161429,635.645238095238,70
35144538,635.6065040650406,41
31296848,635.6021428571429,28
33143331,635.5993548387097,31
35299571,635.5675,16
31074811,635.503076923077,13
35810794,635.496923076923,26
23182016,635.485,16
33061670,635.4757894736842,19
35103494,635.4563636363637,11
43033520,635.4510144927536,23
60018948,635.425,8
32073739,635.402,10
31293971,635.3886111111111,24
33031649,635.3712280701754,38
35004904,635.3569230769231,13
33039976,635.3490909090909,33
43119964,635.2853333333334,15
31290157,635.2194498381876,103
35189873,635.172,10
60012208,635.1600000000001,1
33166935,635.124,75
17021634,635.0509090909092,22
26193450,635.0466666666667,30
29304407,635.032196969697,88
60015797,635.0228571428571,7
35165529,635.0215384615385,13
60007474,635.015,4
60025127,634.9857142857143,7
33140227,634.9648,25
31274151,634.9515789473684,19
33124027,634.9453333333333,10
31180475,634.943,20
33138141,634.8825641025641,13
35456196,634.87670995671,77
31166332,634.8702702702703,37
29350395,634.8330303030302,22
42084695,634.7677619047619,140
41375793,634.7529824561403,38
35125313,634.744,35
52105709,634.7431578947369,19
29371031,634.7317241379311,29
22310762,634.7185542168675,83
35119374,634.7112121212122,11
33098352,634.6011111111111,18
35141264,634.5956521739131,23
35326343,634.5885714285714,21
42177804,634.535,24
31278033,634.525294117647,34
60026935,634.44,2
35141367,634.4156923076922,65
15567761,634.4152791878172,197
42073944,634.3944,25
42091462,634.35375,32
31054135,634.3532142857142,56
31246468,634.3238095238096,126
35158379,634.2817777777778,15
60012438,634.2771428571428,7
26151677,634.2745,40
51169827,634.2195238095238,14
60014399,634.1866666666667,9
35125659,634.1865315315316,148
41077865,634.148,25
41158750,634.1434757834758,117
35431436,634.1286956521739,46
50035703,634.1238974358973,65
33223203,634.12,37
41151216,634.1092307692307,26
31216003,634.1017777777778,45
41131630,634.1017142857144,35
11000058,634.094065934066,91
31235725,634.0926666666667,10
35100419,634.0640000000001,30
35127115,634.0387878787878,33
35808246,634.0175675675677,74
35130898,634.0043478260869,23
15179397,634.0038461538461,26
41063015,633.9739837398374,82
35803868,633.9463157894737,19
42154529,633.9432653061225,49
29459230,633.9296296296296,27
42028990,633.9062365591398,31
52109216,633.8990476190477,21
35117560,633.8769135802469,54
11045639,633.87,10
31136751,633.8664705882353,68
42041937,633.7822222222222,24
35802244,633.7763333333334,60
31145602,633.7444444444444,27
50082957,633.6899999999999,10
50033611,633.6751304347827,115
23246790,633.6513043478261,23
43165206,633.6316666666667,12
35113888,633.5816666666666,12
52212386,633.5671186440678,118
41123832,633.5447154471544,41
60005746,633.53,8
42060532,633.5290476190477,21
31105902,633.5273015873016,21
35126779,633.5042857142856,14
31365920,633.4594343434344,165
31014443,633.3553846153847,26
41129326,633.2622463768115,92
52062597,633.257,20
35144009,633.2456,25
60026854,633.235,4
60012509,633.2275,8
60013024,633.2133333333333,6
35113736,633.190303030303,33
31318523,633.1855172413793,29
31007561,633.1545454545454,22
26156407,633.1520202020201,66
41076290,633.1456910569107,41
35155044,633.096,15
33191930,633.0891666666666,24
41026810,633.0478571428572,28
26033950,633.0419999999999,100
60009505,633.0325,8
29083656,632.9888,25
28020065,632.9831666666666,40
29410991,632.97375,16
33112959,632.9721904761905,35
28006992,632.9650724637681,46
35132214,632.9525386313466,151
31005916,632.9483333333334,12
33193118,632.9264285714286,28
35005953,632.9013333333334,30
35124175,632.8973333333332,15
29149908,632.8823529411765,17
31004511,632.819349593496,41
23012714,632.8116666666666,12
25071068,632.8083333333333,24
35154842,632.8032592592592,45
31276651,632.7556521739131,23
33138290,632.7521212121212,22
52054241,632.7475000000001,16
33191824,632.721981981982,111
42016150,632.7044848484849,55
31096211,632.702857142857,35
15552900,632.687,20
35438315,632.678064516129,93
35142797,632.636303630363,101
35112422,632.6044086021506,62
31180599,632.6027450980391,34
60014947,632.5875,8
35109162,632.5842105263158,19
31278602,632.5660869565218,23
32021828,632.5530188679245,53
33009783,632.5448,25
15172147,632.515,20
33183031,632.5,17
60013114,632.4844444444445,9
33055882,632.4835555555557,45
31331619,632.464,30
52002586,632.432,10
60028398,632.4177777777778,9
41156781,632.4094017094018,39
31374628,632.3874074074074,27
31230642,632.3863636363636,22
29388341,632.369696969697,66
35139973,632.3679611650485,103
24003581,632.3628571428571,49
31184292,632.35,10
60015250,632.3028571428571,7
60013945,632.3022222222221,9
26153050,632.2766666666666,18
31180611,632.2623391812865,57
41129148,632.213717948718,52
31062235,632.205,32
41382161,632.1925071225071,117
35102350,632.19,16
35161925,632.1899999999999,10
33020183,632.1846666666667,30
60009342,632.16,1
33322201,632.1522950819673,122
35160600,632.1466666666668,30
35107402,632.1175757575758,22
53001290,632.1135714285714,28
26529807,632.1110638297872,47
42035775,632.09,20
25164805,632.0886666666667,60
26187604,632.0736231884058,69
60019759,632.0666666666666,6
35006735,632.0015238095239,35
43119948,631.9966666666667,36
35150745,631.9869444444445,24
42143390,631.9702777777778,36
35007795,631.9682352941177,17
31368318,631.9427450980393,17
29442818,631.9379831932773,119
33181217,631.93625,16
52091570,631.9225,24
35103834,631.9159999999999,15
31310191,631.9128888888889,45
27227189,631.8635616438356,73
35137194,631.8557142857143,28
33029482,631.8367346938776,49
60007526,631.8066666666667,3
33421226,631.7958064516129,62
32065353,631.7869767441861,43
52188388,631.7791269841271,84
28035470,631.7677477477478,37
60009262,631.7577777777777,9
33135924,631.6971428571429,28
41024303,631.676129032258,31
29480159,631.664,15
31359610,631.6493333333333,15
42090598,631.645,20
35811142,631.6409756097561,41
35288032,631.6242253521127,71
35428796,631.6180952380952,21
35143133,631.5728571428572,14
42108764,631.5426470588236,68
33182094,631.4896551724138,29
31368954,631.420625,32
21584788,631.4128571428572,14
41352726,631.3996825396825,21
35136897,631.3644444444444,18
43125883,631.344705882353,17
25125672,631.3389743589744,39
33138567,631.3345454545455,22
35113943,631.3241666666667,24
23183675,631.3163636363637,11
60018852,631.3,2
35174968,631.3,27
42119529,631.256923076923,26
35009516,631.2505882352941,17
33182078,631.209090909091,22
41024575,631.1802564102564,26
53019393,631.1507070707071,33
31274691,631.1331707317073,41
35416757,631.1072,25
50030582,631.084761904762,42
17024846,631.0796666666668,20
33036659,631.0794594594594,37
31180211,630.9345454545455,33
41136373,630.8169230769231,26
22141243,630.8115789473684,19
28007042,630.8114285714286,21
33102341,630.8071111111111,15
35143091,630.7846153846154,26
60020209,630.7725,8
60026319,630.77,2
33170347,630.7631884057971,23
60019651,630.745,4
42110980,630.7409090909091,44
15037614,630.7305555555555,36
35363479,630.7177777777778,27
50060015,630.708176100629,53
29418399,630.6866666666667,18
35112586,630.6811695906433,57
21010064,630.6559501557632,107
29394252,630.6353846153846,26
35118461,630.6330434782609,23
33166943,630.6286597938144,97
35172959,630.6268217054264,43
33094101,630.616,15
29332672,630.5684210526315,19
60000250,630.5450000000001,4
15179290,630.520579710145,23
24057002,630.5153623188405,69
31344869,630.4430769230769,13
35101175,630.4178666666667,75
35004818,630.411111111111,18
24057096,630.3827450980392,119
24036099,630.365625,32
16011244,630.3648000000001,25
43177670,630.3308571428571,35
52076229,630.329552238806,67
60019949,630.32,9
33345201,630.2973333333334,15
22112596,630.2620000000001,30
31316059,630.2490909090909,22
42000645,630.2325714285714,35
23263741,630.2161111111111,36
52098834,630.2128,25
60027852,630.21,4
29223091,630.16,13
42152054,630.1378666666667,25
23245980,630.1271186440678,59
41150120,630.1245098039216,34
35109289,630.1054545454546,11
23267151,630.0975362318841,46
43210643,630.0858156028369,47
26053861,630.085,64
42146275,630.0780000000001,10
35153291,630.0527272727272,11
35302983,630.0288888888889,27
31316237,629.9811764705883,17
35134259,629.9582978723405,47
29389992,629.9573134328358,67
31348503,629.9296969696969,22
15167178,629.8591111111111,45
41150996,629.8527503736921,223
42114063,629.8525,16
31294357,629.8448275862069,29
60009015,629.84,8
60012367,629.8371428571428,7
15066886,629.8142857142857,28
31145891,629.8011764705882,17
35008238,629.7857142857143,14
31295175,629.7685714285715,14
35115083,629.75875,16
31006165,629.7574999999999,32
41068785,629.7418181818182,33
29429870,629.7125,16
29277825,629.6825,16
33039194,629.672,10
29055334,629.6706666666666,15
31367710,629.61,78
41151780,629.5891176470587,34
43112803,629.58765625,64
35104711,629.5758974358974,39
33102708,629.5490322580646,124
60013054,629.5466666666667,6
33009694,629.5052631578948,38
52099024,629.4874242424243,44
52052567,629.4746666666667,60
35289036,629.4223423423424,37
50030132,629.3678260869565,23
35112707,629.3631818181818,44
60026036,629.36,6
31249203,629.3271428571428,14
35100912,629.3247457627119,59
31279129,629.3056338028168,71
31244163,629.2841176470588,68
31349348,629.2046031746032,42
31377627,629.1933333333333,18
35483084,629.1848979591837,49
60013056,629.18,8
35142612,629.1690909090909,66
31310956,629.168,15
26160307,629.1656704980843,87
60009358,629.1575,8
25133012,629.1554285714285,35
60015820,629.1371428571429,7
35165414,629.112,20
23127490,629.0471794871795,13
22127933,629.0086666666666,30
33174881,629.0066666666667,48
43163017,628.9286956521739,23
35808076,628.9260317460318,21
35407641,628.8969090909092,55
31102326,628.8953846153846,13
50030469,628.8918181818182,66
42160715,628.8911538461539,52
24009296,628.86,10
35165190,628.8409661835749,69
43107575,628.8090196078431,51
22141693,628.8087804878048,41
29137918,628.788,30
26124106,628.7770588235294,34
41048261,628.7755555555555,9
21265585,628.75,72
50009060,628.6883870967742,31
35456731,628.6849411764706,85
28032497,628.6706666666666,15
35007070,628.6607407407407,27
33191581,628.6465517241379,58
31365874,628.6224,25
41065670,628.6044444444445,36
35152420,628.544,15
35119222,628.543768115942,23
35159700,628.5304,25
33156069,628.5077419354838,31
35132056,628.48,16
35259559,628.4567741935484,31
26181266,628.4187234042553,94
35167939,628.416111111111,12
35007022,628.4014285714286,42
35117705,628.3980769230769,52
35143972,628.3922807017543,19
35124813,628.3604761904762,28
42143969,628.3427777777778,60
32076169,628.3184971098266,173
43109330,628.3158823529412,34
52027520,628.3,9
32039999,628.2872727272727,22
60028899,628.28,1
35141203,628.27,10
31305847,628.2675675675677,74
31244023,628.2442105263158,114
31005592,628.1825,16
60022264,628.165,4
26088800,628.1466666666666,18
13026585,628.1438095238095,21
15580580,628.1314285714286,14
51027909,628.1266666666667,21
25115260,628.1198333333334,60
60012291,628.0742857142858,7
33206007,628.0628070175438,38
33125791,628.0575,16
26125668,628.0483720930233,43
35299194,628.040625,32
43104991,628.0130232558139,43
35104875,628.0094545454544,55
60001661,628.0085714285715,7
24031372,628.006,60
29482240,627.9929411764706,17
35071092,627.9834567901235,27
60001715,627.9666666666666,3
31133680,627.9377777777778,27
29439833,627.9,10
33198993,627.8842857142857,14
31378097,627.8786666666667,15
23090600,627.8780952380953,21
32038240,627.8636363636364,22
31074250,627.8208510638299,47
33130086,627.7983333333333,12
35009665,627.7692307692307,13
51024381,627.7673170731707,41
32062230,627.76625,16
35118114,627.7590476190477,42
31320404,627.7533333333333,12
60016495,627.7485714285714,7
31359831,627.7461538461538,13
26127580,627.742962962963,27
35438170,627.6835294117648,17
35107773,627.6764705882352,34
33186910,627.6476923076923,26
26024691,627.6363333333334,60
28024443,627.6328571428572,14
35137388,627.6251851851853,27
42003903,627.6136363636364,110
35126196,627.5815384615385,78
60016520,627.5475,8
52106446,627.4942857142856,21
35108698,627.4882926829268,41
29182581,627.4833928571428,112
52101541,627.4809722222222,48
15037622,627.4723076923077,13
35155779,627.444,15
35103697,627.4251515151516,22
35144617,627.4163636363636,11
33178909,627.3983333333333,48
31379832,627.3947169811321,53
35104449,627.3924358974359,52
60027869,627.38,1
31223131,627.3376470588236,17
53001907,627.3340740740741,54
27224392,627.2485714285714,14
35007952,627.208,15
52103994,627.1964102564102,26
53003659,627.1942288557215,67
60008843,627.1600000000001,1
41158709,627.154,40
35142694,627.1363888888889,72
35111958,627.0569523809523,70
60010489,627.025,8
28017773,627.024375,32
22142363,627.0224528301887,106
43100007,627.0190222222222,75
35125982,626.9492307692308,26
35580466,626.94,27
60009111,626.9257142857142,7
60020809,626.9133333333334,8
43042910,626.8713580246913,27
21092761,626.87,64
43008895,626.8333333333334,18
60028780,626.7950000000001,4
43043682,626.7682758620689,29
51064910,626.7435317460317,168
52105903,626.735,16
25017934,626.7253333333333,15
50032054,626.7225,24
42154510,626.6910256410257,26
35116361,626.6671839080459,116
35114467,626.6647777777778,60
33071926,626.5970833333333,48
23070722,626.5605128205128,78
35135203,626.5553846153846,104
35126949,626.5498039215686,34
23273917,626.5455999999999,25
60015348,626.5133333333333,6
43029035,626.454,20
16002024,626.4150222222222,75
35152031,626.3866666666668,9
35114194,626.3631372549019,17
31256501,626.3573333333334,15
33065411,626.3218181818181,33
33108617,626.2881267217631,242
17052564,626.2758974358974,26
15096831,626.2648979591837,49
31210595,626.2533333333333,15
33089167,626.2494285714286,70
35155100,626.2365957446808,47
41127781,626.2244912280702,95
52062813,626.2125,24
43104959,626.1710502283105,73
35582803,626.1647058823529,34
35114583,626.1608695652174,23
35466153,626.1467816091955,58
41353560,626.1384615384616,13
43052860,626.1293333333334,15
50031783,626.1,15
32065310,626.0965217391304,23
17007470,626.096,15
35113585,626.0883333333333,12
29429110,626.0875,24
52091295,626.073710691824,53
31198846,626.048376068376,39
35176624,626.0211764705882,17
52097595,626.0136585365854,41
35583674,625.986875,32
35811385,625.9641860465116,43
35186776,625.9150000000001,36
35168373,625.8823076923077,52
26117991,625.876923076923,78
33164541,625.8766666666667,12
35137595,625.864,15
60006448,625.85,2
33099324,625.8306666666666,20
31322245,625.8131428571428,35
35802189,625.7957894736843,19
22135316,625.7933333333333,12
35120339,625.7893963254593,127
35325880,625.76,24
31247359,625.76,11
35114030,625.744109589041,73
15011070,625.7278,100
23102322,625.7154166666667,16
25106546,625.6986666666667,15
35806500,625.665,12
42141451,625.6463636363636,22
35114327,625.6392592592592,27
60016143,625.6314285714286,7
41131657,625.6274774774774,74
29421403,625.6090909090909,11
31321770,625.5108333333333,36
26146770,625.476,10
42294266,625.4616666666667,12
42078873,625.3969444444444,24
15140463,625.3825,24
31353906,625.3548837209302,43
35290452,625.3537931034483,29
43215572,625.3458536585366,41
51068575,625.34,11
60023279,625.2422222222223,9
31376272,625.2084848484848,11
43121896,625.198,40
32034377,625.1777777777778,24
35142359,625.1633333333333,20
35164768,625.1391011235954,89
35169687,625.128,15
31346314,625.0736842105263,19
41100700,625.0565217391304,23
28034414,625.0488,25
33101612,625.0333333333333,60
15173429,625.0014893617022,47
31005134,624.9987096774194,31
35808337,624.9884210526316,19
31258512,624.95375,16
33113106,624.9230630630631,185
29147905,624.9188235294118,34
11049073,624.9125925925925,27
43115497,624.8773333333334,30
33187940,624.8522857142858,70
33194033,624.8520000000001,10
32052367,624.8230303030304,66
21092680,624.81125,64
29301505,624.806875,32
35100473,624.7175799086758,146
43162690,624.6842857142858,42
35288378,624.670909090909,44
11037660,624.664347826087,23
31310107,624.656,10
42154383,624.6005714285715,35
60020899,624.57,6
35140909,624.5686956521739,23
31223417,624.56125,32
43037682,624.5176785714285,112
43083536,624.5167295597485,53
26064588,624.5010101010101,66
31014168,624.4723880597015,134
35114157,624.4513333333333,30
41033787,624.4510526315789,19
15574202,624.4246153846154,13
35007078,624.38,15
31279277,624.3744827586207,29
17057175,624.3733333333333,12
26121484,624.3610714285714,56
35010226,624.3179710144927,23
31102539,624.3100000000001,12
42116074,624.2821568627451,34
35167800,624.2458823529412,34
35150514,624.2373333333333,15
31215759,624.228,10
42161398,624.22125,16
31031691,624.1600000000001,19
35106756,624.157619047619,42
31280071,624.146,10
31343315,624.1183333333333,12
35158999,624.1144444444444,42
21267324,624.1138461538461,13
29160260,624.1077222222223,120
29480310,624.1041666666666,24
35063071,624.0992307692308,26
60020923,624.0600000000001,6
51039877,623.985243902439,164
35144125,623.9780952380953,21
29149894,623.9435185185185,36
33184844,623.9390697674419,43
15159485,623.9133333333334,30
35165049,623.844375,64
41057570,623.79875,16
43012515,623.79,32
42123291,623.7848,25
33102830,623.7729411764706,17
22026037,623.7695065458207,331
32039948,623.7496969696969,33
31280879,623.7494444444444,36
31368385,623.7427083333333,32
33178992,623.7071698113208,53
25132059,623.653,20
60025349,623.64,9
60009566,623.6285714285714,7
15156028,623.6161006289309,106
52103560,623.6111111111111,27
31180319,623.6104761904762,21
31014541,623.6034482758621,29
43002617,623.5971428571429,14
31246395,623.5892307692308,13
26184834,623.5875862068966,29
43169830,623.5472727272728,11
33079030,623.5450000000001,14
33179344,623.5376470588235,17
31074471,623.5216216216216,37
28024362,623.5044444444444,27
31231088,623.4868292682927,41
53012941,623.4297267759563,61
35122993,623.42875,32
31196142,623.4225,40
32076363,623.3861224489797,49
31384275,623.3852631578948,19
60001835,623.3774999999999,8
50030116,623.361264957265,195
60024131,623.3433333333334,6
21155844,623.3283333333333,40
35120637,623.3014814814815,27
60015741,623.2825,8
22022457,623.2733333333333,12
35107700,623.2536842105263,19
60019902,623.2479999999999,5
42003555,623.2448648648649,37
35110346,623.2406349206349,63
32086008,623.235,12
35108649,623.1748148148148,45
60016392,623.165,8
60016173,623.148,5
25064061,623.1127272727273,11
60019602,623.1,9
25102524,623.0516666666666,24
53005910,623.0473224043716,61
35111235,623.0408510638298,47
35133395,623.0257981220657,142
24083550,623.0138505747127,58
50000357,623.0058333333333,24
35481014,622.9539743589744,52
25125958,622.9416,25
60015748,622.94,4
42113580,622.915,12
35159712,622.9100000000001,20
60019620,622.8520000000001,5
33026360,622.8407407407408,27
35114522,622.8082352941176,34
35154404,622.8069444444444,48
23245468,622.8061904761905,42
33033811,622.7935,40
26122090,622.7737931034483,58
35151385,622.7659574468086,47
33178828,622.7508888888889,30
35115848,622.72,12
35121319,622.7165,40
31180483,622.7,20
41024311,622.6771428571428,28
43200273,622.6729824561404,19
25163809,622.6600000000001,10
35100213,622.6169696969697,22
31375195,622.5984615384616,13
60019118,622.595,4
60028647,622.58,7
60024103,622.5799999999999,7
35152432,622.5755721393034,67
52020592,622.5619047619048,21
33155259,622.545,36
33130442,622.5225,24
35006039,622.5075,24
35159612,622.5019047619047,14
60000214,622.4908333333333,8
50007912,622.463,40
60015363,622.4,8
52072568,622.3777777777777,36
43105068,622.3773015873016,63
35115253,622.3562790697674,43
35143112,622.356,15
35192077,622.3249019607842,34
35109496,622.2664516129033,31
60019868,622.2644444444445,9
42023254,622.2625287356323,29
31222976,622.2611764705882,17
31004162,622.26,19
35150484,622.2215384615384,13
35139683,622.2202564102564,130
41110064,622.1844444444445,9
60020464,622.1822222222222,9
35112057,622.1635294117648,17
51039036,622.1509803921568,51
33151369,622.1383333333333,24
35007666,622.125,12
41033752,622.1111111111111,18
41358899,622.106,30
23070064,622.1054545454546,33
41024613,622.101935483871,31
41024672,622.0715151515152,33
26122359,622.068,20
41146476,622.0370370370371,54
43062385,621.9824242424243,11
60020227,621.956,5
60024113,621.9159999999999,5
35135227,621.9096415770609,186
29181640,621.9031428571428,70
43049419,621.8104964539008,47
28037570,621.8055172413793,29
33226210,621.7525,16
41125657,621.7376923076923,26
35152493,621.7376666666667,20
15172287,621.7261111111111,36
15163849,621.6995726495726,78
41097211,621.6866666666667,18
23142820,621.6757037037037,45
31220353,621.6755555555555,15
33094861,621.6583333333333,12
35124886,621.6530434782609,23
35102015,621.6490196078431,17
31102318,621.6327272727273,33
60019799,621.6324999999999,8
60024024,621.615,4
60021237,621.5885714285715,7
35507124,621.585925925926,27
60019710,621.58,8
35144150,621.5716666666666,24
31096326,621.5622222222223,15
29408148,621.5611428571428,35
35429673,621.549,20
35560728,621.5305555555556,36
33125864,621.5280341880342,39
60027484,621.5266666666666,3
29064104,621.4924444444445,60
35806444,621.4834782608696,23
51088231,621.4725,8
31382507,621.4572413793104,29
35144824,621.4081818181818,22
15584240,621.4013793103449,29
35160234,621.3982857142856,35
33161402,621.3882644628098,121
23282339,621.3421333333333,125
31348465,621.3348148148149,27
42072360,621.3183333333333,24
42203600,621.3149999999999,12
31170208,621.2785714285714,28
35104826,621.2692307692307,13
33241201,621.1985815602836,47
52033120,621.1784615384615,39
31133612,621.1575609756097,41
60013743,621.145,8
31005797,621.1,6
42080258,621.0933333333334,30
35290993,621.0924242424243,22
31369381,621.0763636363637,11
35150393,621.0525,16
52099490,621.021754385965,19
35179103,621.0166666666667,18
33113114,620.99875,16
35193914,620.9616666666667,32
35135550,620.9254545454546,11
35297987,620.8921212121212,11
41059999,620.8671875,32
25125494,620.84,13
29478448,620.8369387755101,98
42123372,620.8350833333333,40
35165086,620.8228571428572,28
35143595,620.8157575757576,33
35107049,620.8066666666667,42
29422256,620.8064516129032,62
60012437,620.7857142857143,7
41071417,620.7662365591398,31
29428408,620.7570238095238,56
27051889,620.7323809523809,21
41033515,620.7164285714287,28
60008299,620.6942857142857,7
35585488,620.678857142857,35
31123501,620.651111111111,9
32078510,620.6466666666666,102
28010124,620.6194285714286,35
33034249,620.6030303030303,11
35114911,620.5664761904762,35
33055459,620.5442857142858,14
41053699,620.5411111111111,18
23073306,620.5333333333333,18
35288214,620.528275862069,29
29471583,620.5262857142858,35
32066880,620.51125,16
31118346,620.4842857142858,28
41128699,620.4564444444444,60
29024595,620.4526984126985,63
52260372,620.4517647058824,17
60015714,620.4266666666666,6
35268562,620.4052173913043,23
41030095,620.3958333333333,40
41140834,620.3830769230769,26
25127519,620.3805761316872,81
29470153,620.3711564625851,49
35196964,620.3501754385965,19
43216099,620.3315873015873,42
43038387,620.3209356725147,57
33115303,620.2580555555555,72
24085499,620.2378947368421,19
15118932,620.2140845070422,71
32043325,620.2118518518519,18
52104176,620.1821052631578,19
41066545,620.172,15
41072189,620.1562962962963,9
33181713,620.1124675324676,77
35103780,620.0944444444444,18
60024248,620.0933333333334,5
31365114,620.074623655914,31
60005767,620.071111111111,9
35587023,620.0391489361702,47
31217263,620.031875,32
51051192,620.0295652173913,23
31343447,620.0235294117647,17
29467950,620.0184615384616,13
33067813,620.0143209876543,81
42023270,619.9857142857143,35
35106636,619.9718518518519,72
35006958,619.962,25
35299182,619.9384,25
41133692,619.9276923076923,39
31276006,619.911111111111,18
33146241,619.9096,25
26142716,619.9085714285715,70
33439800,619.8875,16
41027051,619.8351219512195,41
35108364,619.8346405228758,102
42093872,619.8284210526316,57
32083343,619.7784511784512,99
35123146,619.7391304347826,23
35143297,619.7376923076923,13
35111132,619.7358333333333,24
15011097,619.7018699186992,82
35118291,619.6657142857142,14
35114510,619.6415384615385,26
60012548,619.63,8
31340030,619.6085714285715,14
24002526,619.6054421768707,49
29181755,619.5818181818181,44
51091127,619.573,20
31351598,619.5371428571428,14
52062570,619.5216666666666,12
15147002,619.5125,32
35439113,619.5103448275862,29
35113335,619.508717948718,39
41007883,619.508,15
42156300,619.501052631579,38
23131705,619.481,40
60028698,619.4440000000001,5
31249548,619.4440000000001,10
29093627,619.4374545454546,55
42144965,619.4102564102565,13
29147379,619.3929824561404,19
53005503,619.3766037735849,53
50016628,619.369188034188,78
31374644,619.3483333333334,12
17005078,619.3363742690058,57
33008221,619.3186486486487,148
41027000,619.3089655172414,29
32039832,619.3011594202899,69
35117699,619.2937931034483,29
35288652,619.2895238095238,21
60027319,619.267619047619,7
35117614,619.2617391304348,23
53001192,619.25,22
41072111,619.2456910569106,41
33101086,619.2419047619047,21
29427924,619.2,21
35118000,619.1941666666667,16
31128023,619.1828888888889,30
35166406,619.1764705882352,17
43092519,619.1453846153846,26
42083915,619.137358490566,53
35114996,619.1148148148147,27
60012531,619.06,3
16002016,619.0554901960784,34
35004270,619.055,12
31018767,619.0397916666667,32
33035482,619.0338666666667,25
52086542,619.0263636363636,22
29199603,618.9905555555556,36
35802852,618.9846153846154,39
11007656,618.9822857142857,35
60014985,618.98,6
42140188,618.9771428571429,14
33169365,618.9521428571428,28
13026631,618.9433333333334,10
41373359,618.9418181818181,11
22134662,618.890303030303,33
43056180,618.8295726495726,39
31062243,618.8256410256411,13
60012427,618.825,8
33044309,618.8155555555555,18
51036193,618.813023255814,43
42001625,618.7929411764705,17
41152450,618.7914666666667,75
35111144,618.7740000000001,10
31041025,618.773125,32
60013023,618.6999999999999,3
35108637,618.67,18
60020062,618.67,6
43152759,618.6657575757577,22
35102039,618.6637179487179,52
53014111,618.6356038647343,138
33180458,618.6279999999999,10
35144071,618.6036363636364,22
31381101,618.586,20
33081603,618.581,20
52093808,618.5514285714286,14
31250449,618.5438461538462,26
60020300,618.5066666666667,3
29359287,618.4929411764706,34
35103861,618.4715028248587,295
43097782,618.4604519774011,59
31079243,618.4466666666666,21
35358472,618.4272340425531,47
29429064,618.3941666666666,24
43092454,618.3742028985507,69
43105033,618.3576923076923,26
15167372,618.3548837209302,43
35108613,618.3408333333333,24
60020310,618.3000000000001,3
42154090,618.3,14
35153631,618.2462857142857,35
33072426,618.2458823529412,17
22124993,618.2294117647059,17
15172155,618.228888888889,18
31305235,618.213488372093,43
35123473,618.1846666666667,20
35010002,618.1565217391304,23
33185433,618.1330434782609,23
35110966,618.1283428571429,350
35124266,618.1016666666667,12
60019849,618.0440000000001,5
35109502,618.0410256410257,39
43105025,618.0315789473684,19
35125696,618.0066666666667,33
17055962,617.9035087719298,19
29226538,617.8866666666667,21
33189692,617.8838974358974,65
33098379,617.865,24
60023854,617.84,4
35184962,617.8366666666667,32
23395630,617.8321428571428,28
31145700,617.8109090909091,11
52033228,617.8025,16
31322695,617.78,17
26179393,617.722268041237,97
43162290,617.6985714285714,42
35813916,617.698,10
43078370,617.6669892473118,62
33112487,617.6606153846154,65
35143625,617.6584848484849,44
53019296,617.6460465116279,43
35344837,617.62625,16
33178518,617.5591666666667,64
31022837,617.538,20
42068690,617.5344262295082,61
60019258,617.5342857142857,7
35130904,617.5312,50
42153603,617.5017391304348,23
35140685,617.4857142857143,14
41155815,617.462619047619,84
35143613,617.4464516129033,31
33065268,617.4216666666666,16
43041639,617.4109941520468,57
35480289,617.3945454545454,11
60019407,617.388,5
42100712,617.38,10
35429089,617.379,80
35139373,617.3703448275862,29
60006559,617.3575,8
53018613,617.3334615384615,52
35102829,617.2985365853658,41
25068431,617.2206521739131,92
33161011,617.1905454545455,110
23161868,617.1858333333333,48
24068500,617.180606060606,33
35121721,617.1759999999999,25
11033738,617.168,10
33171793,617.14,21
41027752,617.1360000000001,10
60003749,617.112,5
52038149,617.109925925926,45
29436770,617.08625,32
21286175,617.0791666666667,24
35161937,617.0070588235294,17
35163831,616.975,12
41133285,616.9672222222222,48
29301521,616.9426666666666,15
52029999,616.9377777777778,27
35808581,616.9338461538462,13
60009694,616.924,5
35126950,616.86875,16
15566552,616.867,20
31357154,616.8642105263158,19
60013542,616.86,1
53013387,616.8556521739131,23
60015112,616.8375,8
31273091,616.816,15
35131738,616.8100000000001,28
35150642,616.8066666666667,18
52020320,616.7863157894737,38
41569938,616.7702222222222,30
24003662,616.7417391304348,23
35134193,616.7371428571429,14
29165660,616.731304347826,23
31222232,616.6973809523809,28
31136816,616.6501538461539,65
15175448,616.6381818181818,33
29345006,616.6369696969697,22
35102799,616.6334199134199,77
26127890,616.6031578947368,19
42109337,616.5822222222222,9
41158555,616.5708602150538,62
60015001,616.5685714285713,7
53014391,616.4854545454546,11
33171670,616.4786046511629,43
35125830,616.4466666666667,15
35139221,616.3892063492063,42
33120986,616.3264,25
60021257,616.32,9
35432994,616.3107692307692,13
35009706,616.3076923076923,13
35006799,616.2125,16
31293181,616.2106666666666,15
60014569,616.2099999999999,2
60021047,616.2057142857144,7
31275549,616.1927272727272,11
16012100,616.1385714285715,14
21199274,616.1258333333334,24
29196302,616.118,10
23000872,616.0707692307692,13
53003640,616.0514081996434,187
35290920,616.0164705882353,17
60006754,615.98,6
35125623,615.9333333333333,15
28018052,615.9325,40
42134846,615.9322916666666,96
25111590,615.8879365079365,63
31374709,615.8826086956522,23
35100785,615.87,12
23489995,615.8355555555555,30
35114479,615.8337373737373,33
33115478,615.7838461538461,52
51067439,615.7782978723404,47
43107524,615.7705263157894,19
35124126,615.7588235294118,17
29299632,615.7338461538461,13
35567516,615.7168,50
35568173,615.7018181818182,22
31306169,615.6999999999999,11
35441259,615.6752631578947,38
21259330,615.6715789473684,19
26179199,615.6441481481482,135
52098966,615.6400000000001,26
32081502,615.6304761904762,35
29417791,615.6294573643411,43
42000246,615.6126315789473,38
42156343,615.5954121863799,186
51003082,615.58,12
31373990,615.557380952381,28
21455201,615.5435294117647,17
26075440,615.5186440677966,118
35107414,615.45625,16
25019201,615.4350354609929,47
29387566,615.4169696969697,33
53018273,615.4053333333334,15
35569409,615.4039007092199,94
29345065,615.3847058823529,17
35194074,615.36,11
42035295,615.3342857142858,14
35463188,615.322,10
33025460,615.3090476190476,84
35188062,615.300701754386,19
31325864,615.2919999999999,15
22032762,615.29,10
35287490,615.2766666666666,18
43170072,615.2638095238095,21
35125155,615.2382608695652,23
35112276,615.2271428571429,14
35005115,615.225,24
11026324,615.2070175438597,57
23235900,615.1406451612903,31
35010100,615.1290909090909,11
35174658,615.1251515151515,44
33089248,615.1077777777778,18
60015573,615.1,5
35117389,615.096875,32
60003678,615.0885714285714,7
17026156,615.057011494253,29
35118023,615.0473170731707,41
41035143,615.044347826087,23
33152888,615.044,15
35185673,615.0380952380953,14
42020557,615.0178947368421,19
35005969,615.0094736842105,19
35103445,615.0082142857143,56
35101722,614.9802666666667,25
60020232,614.9749999999999,4
23064552,614.9422807017544,38
35103536,614.9399999999999,12
14000792,614.9257142857143,63
31166090,614.9238095238095,21
29043476,614.8810000000001,20
35135744,614.8765079365079,21
52104486,614.8426666666668,15
42112141,614.8327710843374,83
33193347,614.8288888888889,9
52074781,614.8073333333334,20
31267007,614.8014634146342,41
43206557,614.7877777777777,24
31341550,614.766,10
41063252,614.7460512820512,65
42110599,614.7278947368421,38
29142717,614.72,23
31245372,614.7199999999999,15
35805683,614.717894736842,19
25153811,614.6816666666666,12
35109022,614.5747619047619,112
42111706,614.57375,16
23071400,614.5691803278688,61
23247088,614.5611904761905,28
33053316,614.5218181818182,22
31350567,614.5174358974359,13
33048355,614.5048717948719,26
51093065,614.5007407407408,54
35006199,614.484,10
25001787,614.4814814814815,27
60029102,614.4733333333334,3
33085609,614.4414285714286,28
60027993,614.44,3
32079931,614.4360975609757,41
35133942,614.4347368421053,19
52104966,614.4069565217392,23
31345857,614.3862222222223,45
35008207,614.3836363636364,22
29064775,614.3747368421053,19
31304468,614.3746666666667,15
31309753,614.36,19
60009236,614.34,4
35140181,614.3313043478261,23
25003828,614.3068571428571,35
35114406,614.3015384615385,26
43073743,614.2964912280702,19
23082585,614.288,30
29483964,614.2445161290323,31
41133307,614.1982608695652,23
53005457,614.1975163398693,51
42156394,614.1750000000001,48
43019196,614.0927659574468,47
32070276,614.088888888889,18
35802311,614.0561904761905,21
33098263,614.0413333333333,15
21279810,613.9455,80
35159505,613.9328888888889,15
53009967,613.904,10
41119304,613.868,10
31193020,613.86,21
26142759,613.840641025641,52
23078251,613.8139130434782,46
35295784,613.8056,25
43136435,613.7944444444444,18
60028987,613.7875,8
35172856,613.7733333333333,24
60021272,613.76,7
60008235,613.76,2
60015206,613.75,2
35116178,613.7478260869566,23
35388117,613.7384722222222,96
25134000,613.725,16
35107219,613.668125,32
41127480,613.6042424242423,33
35370836,613.6023076923077,26
23268999,613.5907692307693,26
43104967,613.5478260869565,23
29433380,613.5329032258064,31
21519676,613.5304761904762,21
29277566,613.5280701754385,19
22138544,613.5061111111112,36
29353556,613.5008695652174,23
35154866,613.4923076923077,13
29406080,613.4713698630136,73
35446877,613.4640476190476,28
31374180,613.446511627907,43
22143599,613.444,15
51027267,613.428888888889,9
35442264,613.421052631579,19
35254859,613.42,16
35152523,613.42,15
27034895,613.39417989418,63
51058219,613.3930769230769,78
29454883,613.3877777777777,18
31006009,613.3855555555556,24
29449367,613.3593103448276,29
35150964,613.3533333333334,18
52047253,613.334761904762,42
29381452,613.2966666666667,12
51064545,613.279797979798,33
60016076,613.27,2
26190494,613.2570588235294,34
21180415,613.2433333333333,12
29446791,613.1923076923077,13
35007099,613.1581818181818,11
35130618,613.1407692307693,52
15166236,613.14,85
43123651,613.082380952381,28
32052120,613.0807407407408,27
32010311,613.0733333333334,30
60016606,613.0688888888889,9
60012490,613.045,4
35154180,613.0342857142857,28
31351393,612.9957142857144,14
21017506,612.9918518518518,27
35139142,612.9676923076923,13
60019569,612.9666666666667,4
53018532,612.947619047619,21
31268321,612.9063157894736,19
33129902,612.8774074074074,18
42015588,612.8713725490196,51
35106768,612.8704347826088,23
60021019,612.8533333333334,9
33015546,612.8507482993198,49
35151452,612.8499999999999,18
33190160,612.8447619047619,21
31180556,612.8432432432433,37
52091279,612.8194520547945,73
60011584,612.8177777777778,9
15585689,612.8118181818182,22
23060980,612.8100000000001,20
35144733,612.8082352941176,34
31102482,612.8055555555555,18
35142311,612.7788235294117,17
41084950,612.7533333333333,31
25081373,612.7483333333334,36
41159446,612.7351515151514,33
24003646,612.7266666666667,15
60009601,612.6833333333333,6
53001389,612.6590909090909,22
12022969,612.6488235294119,34
41156978,612.6383333333333,16
26024683,612.6168421052631,19
35165141,612.6115942028985,23
35106884,612.5268531468531,143
33189145,612.5247826086957,46
35109411,612.5171428571429,56
60021129,612.5114285714286,7
15171639,612.5055,80
33537216,612.5033333333333,18
35809457,612.4972222222221,12
33028567,612.48125,16
31295256,612.4738461538461,13
35119261,612.4489523809524,70
53017897,612.4404761904761,42
35295978,612.363,20
35185243,612.362909090909,55
41053923,612.3540740740741,9
60019158,612.3333333333334,9
35111764,612.2980952380952,28
41385616,612.2888888888889,27
22146199,612.2811111111112,54
60029010,612.2766666666666,6
60012989,612.2033333333333,6
24069140,612.1973333333333,30
35296478,612.1884210526316,19
35119912,612.1800000000001,13
60027780,612.176,5
35114066,612.1702564102563,78
35154258,612.1223333333332,60
26033925,612.0895652173913,46
21249881,612.0816,25
41372379,612.0787755102041,49
35136396,612.0746666666668,15
33374201,612.071619047619,35
21261253,612.064927536232,23
35134429,612.0504,25
29304385,612.0318518518519,27
60004246,612.01,8
60012498,611.9966666666666,6
60025312,611.9399999999999,1
51051273,611.9398611111111,48
35111867,611.9196699669967,101
41071913,611.8926315789474,19
42105528,611.875,20
43105335,611.86,10
42123682,611.84375,16
52054160,611.8327272727273,22
60018845,611.8228571428572,7
25128035,611.789090909091,11
33089175,611.7693333333334,15
35805048,611.7368,25
15174433,611.7279674796747,123
42003890,611.7166666666667,12
28037863,611.715737704918,61
33125953,611.6993798449613,129
60012564,611.6800000000001,4
41360044,611.6791666666667,24
35167046,611.6752380952381,21
42155541,611.6672222222222,12
31375446,611.664347826087,23
35112641,611.6486363636363,44
42121442,611.6442857142857,28
60020243,611.6416666666667,8
35803996,611.6344444444444,18
43150616,611.6177777777777,15
35301224,611.5957894736842,19
35136888,611.5895098039216,68
43113680,611.5857894736841,38
35113876,611.58,10
51043963,611.5705882352942,17
60015153,611.5466666666666,9
35127231,611.545988700565,59
35124060,611.5388888888889,54
23059753,611.5328571428572,14
35560108,611.51,8
35162966,611.4941176470588,17
60018687,611.434074074074,9
53017870,611.4073913043478,46
51060035,611.3069565217392,23
29473497,611.2901960784314,17
25090631,611.2466666666666,12
31296261,611.1908333333333,16
28110404,611.19,58
42152038,611.1719298245614,19
33145989,611.112,15
35116889,611.0990476190476,28
22138560,611.0729087048833,157
31233137,611.0653846153846,26
60012461,611.0575,8
35137753,611.0229752066116,121
26121328,610.9788571428571,35
43071627,610.9408547008546,39
35186485,610.9322222222222,18
25064266,610.9263157894737,19
42088836,610.91625,16
27054500,610.9105263157895,19
41385845,610.9,24
35137947,610.8911111111112,27
35498646,610.8885858585859,66
35810095,610.8724528301888,53
33183678,610.872,15
35113967,610.8434782608696,23
29181895,610.8266666666666,18
35126925,610.7961904761904,21
35112768,610.7847619047619,14
31323951,610.7630769230769,13
22140093,610.7491358024691,81
42069432,610.7411764705882,17
31180572,610.704,20
60019364,610.69,8
15569764,610.6721739130435,23
15528715,610.6657142857142,14
35138575,610.6509803921568,51
35566706,610.642105263158,19
29529018,610.6054545454546,44
35803224,610.6,12
60020248,610.5925,8
60021228,610.5742857142857,7
35134351,610.5637037037037,27
41076800,610.5588732394366,71
28029771,610.4742028985507,23
25135406,610.4573333333334,30
60007950,610.4559999999999,5
22144200,610.4529761904762,56
35337717,610.451,20
23214260,610.4408,25
35175031,610.4383333333334,24
42156289,610.4362820512821,52
42028493,610.4341379310345,58
28042204,610.4100000000001,42
52270378,610.4,15
15175529,610.3897652582159,71
29179580,610.380987654321,27
41023200,610.374375,32
24134201,610.373076923077,26
26051648,610.3681481481481,27
29056624,610.3639999999999,10
35107924,610.3585714285715,14
35103342,610.3466666666667,24
33159416,610.30875,16
50007890,610.2869154228856,67
35126559,610.2805128205129,13
52075885,610.2658333333333,24
43035728,610.2486821705426,43
26122154,610.2326315789473,19
35296016,610.1704,25
35127197,610.1551999999999,25
17046807,610.1543209876544,27
43098592,610.1541666666667,24
60008535,610.1485714285715,7
52032973,610.1448648648649,37
31254819,610.1446153846153,13
43083277,610.1419047619047,21
35568156,610.1418518518518,18
27044033,610.114,10
43183344,610.1122222222223,18
53017030,610.1114480874317,122
33008337,610.0994666666667,25
41141008,610.0944,25
25097938,610.0822222222222,18
41130090,610.0595800524934,127
33113009,610.0475903614457,166
29486696,610.045,36
35800077,610.0225,16
35116476,609.9418181818182,11
35105077,609.9381818181818,11
42020492,609.9156695156695,117
35173548,609.9121739130435,23
60027315,609.91,6
35006291,609.8950980392157,68
31343790,609.8914285714285,14
35117067,609.8659770114944,29
27326012,609.8616000000001,25
35811683,609.8578461538461,65
13032127,609.8464021164021,63
31316377,609.8454545454546,11
15045455,609.845,36
35101904,609.8404301075269,31
35150459,609.8341176470589,17
50028820,609.7953846153846,13
35185334,609.7921568627452,17
21165874,609.7884210526315,19
23272015,609.7517647058824,68
35101643,609.7092307692308,39
60019528,609.704,5
35809159,609.6976923076923,26
28007050,609.6446153846153,13
35158604,609.64,13
42016410,609.6216666666667,24
42116643,609.5919727891156,49
33075921,609.5653333333333,45
50018671,609.5633333333333,24
35151774,609.557380952381,56
41376439,609.5478260869565,23
29297664,609.5263636363636,22
33120846,609.4944444444444,18
60012848,609.4933333333333,6
12026409,609.467619047619,21
60003039,609.4639999999999,5
35118722,609.4172549019609,17
35116816,609.4122222222222,54
33191182,609.41125,16
31005789,609.4058823529411,17
31239534,609.4,13
35158987,609.3917241379311,29
33182086,609.378,10
17056586,609.3416091954023,29
27214737,609.3325581395349,43
35125465,609.3077777777778,18
35160544,609.2872727272727,22
42116120,609.2822222222222,27
31213845,609.2794117647059,34
29088011,609.2683333333333,12
35101597,609.2678518518519,45
26153084,609.2566666666667,12
60012533,609.1991666666667,8
15165833,609.1521739130435,23
29201969,609.151111111111,18
60022817,609.1366666666667,6
15176045,609.1157142857143,14
51057891,609.1020125786164,53
26116499,609.0939393939393,33
35288482,609.093125,32
22010491,609.0909090909091,11
23067845,609.0876923076924,26
60004217,609.0840000000001,5
35118576,609.0777777777778,9
24003638,609.0652631578947,19
50026429,609.0503381642512,69
35138083,609.04625,16
35288792,609.0376470588235,17
53018796,609.0272222222222,36
50028154,609.0223809523809,42
42162890,609.01,34
60020321,608.9866666666667,3
35128120,608.975,16
53015010,608.9745454545455,11
33172315,608.9128205128205,39
35118936,608.8957142857142,14
41111435,608.8930434782609,23
35130588,608.8687719298246,19
15570533,608.8677884615385,104
35138836,608.856,10
43061702,608.8365384615385,26
60012822,608.83,6
53017102,608.8093333333333,15
35115400,608.8072,25
35100304,608.8045161290322,31
35307592,608.765641025641,39
60025040,608.7525,8
35167411,608.705806451613,31
35196976,608.6446153846153,13
35111995,608.6428248587571,59
50064827,608.6315555555556,15
35152473,608.6245614035088,38
42162173,608.5671428571429,14
15588327,608.5644444444445,27
35125398,608.5640909090909,44
60021215,608.545,8
33175560,608.5351219512195,41
32039980,608.5154285714286,35
60008452,608.4977777777777,9
53007190,608.4968253968254,63
52039722,608.4965714285714,35
15573907,608.4727272727273,11
25097628,608.4495238095238,21
35124345,608.4469565217391,23
50021176,608.4415384615385,13
35116580,608.40375,16
31256285,608.3536585365854,41
31383546,608.3524137931034,58
35518785,608.3464761904762,35
32065060,608.33875,16
35160453,608.318596491228,19
35006144,608.2977777777778,9
35513672,608.2726315789474,19
31041408,608.2707692307692,13
41025954,608.2622695035461,47
35111247,608.254125,80
33026424,608.2533333333333,24
41379217,608.2145454545455,22
25213806,608.2112121212122,66
29422353,608.2033333333334,24
32035870,608.19,26
31007498,608.1864,25
60012752,608.1800000000001,4
41028945,608.1525714285714,35
22141197,608.1348,50
23274921,608.12,15
33157383,608.1066666666667,39
35116051,608.0896153846154,52
53008502,608.0747619047619,42
60019347,608.0433333333334,6
60029112,608.0428571428572,7
33186278,608.035641025641,26
35140348,608.0268421052632,38
41371968,608.02625,16
53002075,608.0094736842105,19
26101840,607.9984615384615,26
22010270,607.996,15
43125514,607.9870707070708,33
35121125,607.9836363636364,22
42143489,607.9781333333333,25
15174484,607.9749206349206,21
41042891,607.9708333333333,24
52109810,607.97,10
17039371,607.9622222222222,18
60015673,607.9549999999999,4
35004851,607.912,10
35499092,607.9066666666666,33
31340367,607.904367816092,58
51054400,607.9042857142857,14
43093124,607.8758823529412,34
33159637,607.8447619047619,21
42141311,607.8406666666667,20
60009687,607.82,9
60020228,607.7888888888889,9
53003080,607.7794285714285,105
35144721,607.7555555555556,27
27234606,607.7461538461538,13
60020761,607.7428571428571,7
31368920,607.7177777777778,18
35805973,607.6254545454545,22
60026583,607.6066666666667,3
35117687,607.5957142857143,14
31006629,607.5541935483872,31
60019858,607.5533333333334,6
16007484,607.5524137931035,29
35144502,607.5521428571428,28
31373451,607.5386206896551,29
35467765,607.5258407079646,113
35144885,607.5209090909091,22
50033387,607.52,13
35113293,607.4944,50
35164926,607.4835294117647,51
35123511,607.4705263157895,19
35429173,607.4646153846154,13
60019746,607.4433333333333,6
60019818,607.4399999999999,1
15059570,607.42,32
33132810,607.418,10
43105130,607.3860416666666,32
27216845,607.3680952380953,28
35135525,607.3611111111111,18
31374652,607.3564705882353,17
35117500,607.3392076502732,122
41043049,607.3304,25
41024699,607.3292307692308,26
27215512,607.329090909091,33
33117799,607.3180952380952,21
60027180,607.3028571428571,7
35115368,607.3023529411764,17
24059277,607.286875,32
35288640,607.2853333333334,15
35112094,607.2753921568628,68
35124679,607.2676923076923,13
43173357,607.2409090909091,22
41131711,607.24,23
26138611,607.2295,40
60029068,607.2266666666666,6
51105802,607.1813333333333,30
60023304,607.15,6
29470714,607.1405962059621,123
60015807,607.0942857142857,7
53014405,607.0786206896552,29
31376078,607.0747368421053,38
35288019,607.0722666666667,100
35155073,607.058947368421,19
26180863,607.0542857142857,21
35109010,607.050909090909,11
41371755,606.9871111111112,15
35108601,606.9717006802721,49
35009990,606.94625,16
23251913,606.9428571428572,49
52061000,606.9333333333333,18
35006326,606.9333333333333,15
29954762,606.9272727272727,11
60001605,606.9207407407407,9
43074162,606.9081081081081,37
31180220,606.8572307692308,65
29448808,606.8544,25
33454221,606.8504761904762,21
26127091,606.8375,24
31317284,606.8258333333333,24
41163559,606.816,15
33189935,606.8157142857143,112
53005945,606.8020512820513,13
35122968,606.80125,16
53014707,606.7926495726496,117
35131982,606.7904761904762,84
35007744,606.7811904761904,28
23143150,606.7616393442623,61
23076046,606.736,20
33071659,606.7232258064515,31
15563715,606.7037209302325,43
35005941,606.7010869565217,46
35101941,606.7002777777777,36
15586057,606.6344444444444,18
35290762,606.63,16
35137224,606.6151041666667,64
51021935,606.612,15
35008885,606.611,20
60008320,606.5999999999999,9
60019317,606.592,5
52021670,606.5584615384615,26
32039395,606.5189285714285,56
16007743,606.5102325581395,43
52064786,606.5018181818182,22
26135490,606.4939805825243,103
35125799,606.4864285714285,28
52022765,606.4273333333333,30
43101828,606.4164705882353,17
60007898,606.41,4
35174087,606.3947126436782,29
22130756,606.373388429752,121
43105076,606.3371241830065,51
53001060,606.333488372093,43
43378110,606.2738461538462,13
29103819,606.26,15
17082803,606.2333333333333,23
35144997,606.21,58
23161671,606.18,37
29283051,606.1696774193548,31
60008814,606.1550000000001,4
60015247,606.1500000000001,8
22144811,606.15,10
43091881,606.1410256410256,39
52106047,606.14,13
33146799,606.1163636363636,11
35151348,606.10375,32
60004997,606.1,8
31277177,606.0809090909091,22
43205542,606.0602564102564,26
23243163,606.0416666666666,12
15140725,606.0055555555556,36
11038578,606.0009523809523,14
41123794,605.9677777777778,18
60005234,605.96,1
35132160,605.828,35
35154210,605.8149019607843,17
31377767,605.8042857142857,14
60020274,605.7966666666666,6
31350885,605.766,20
35004916,605.7545454545455,11
33174725,605.7337142857143,35
35126299,605.7254545454546,11
35113748,605.7122857142857,70
35152444,605.6969230769231,13
33124523,605.6872727272728,11
41025466,605.6845283018868,53
52050785,605.6309090909091,11
35135859,605.6285714285714,28
33083533,605.6046153846154,13
35141021,605.58,14
35151749,605.5672727272727,11
53006585,605.5408658008658,77
31211974,605.539090909091,11
35115940,605.5295,40
35151063,605.5276923076923,13
26075474,605.5259154929577,71
23269340,605.5232558139535,43
31380229,605.5169230769231,13
60020566,605.505,4
35124321,605.50125,16
52089584,605.4828571428571,35
35144459,605.4818181818182,11
35118459,605.46,33
35289863,605.4522727272728,44
35119507,605.4472727272727,33
35119040,605.4394444444445,48
32038160,605.4383333333334,24
17026237,605.4066666666666,24
33102899,605.3773333333334,15
41534913,605.3654545454546,11
35177179,605.362,10
13108727,605.3509178743961,69
31378313,605.3169230769231,13
15561313,605.3021794871795,52
35116543,605.3,12
60015672,605.277142857143,7
35382619,605.2666666666667,21
35300895,605.2652173913043,23
41145283,605.2651515151515,44
35118928,605.2553623188406,69
32068336,605.2521739130435,23
52015335,605.2479999999999,10
35287131,605.2329411764706,17
43019056,605.2176000000001,25
35115022,605.178125,32
42133920,605.1724242424242,22
35166352,605.1625,32
35560145,605.1341176470588,17
35158367,605.1276470588235,34
29396174,605.0537037037037,72
23074248,605.0341666666667,24
35168609,604.9911111111111,9
35126412,604.9791304347826,23
32041390,604.9484210526315,57
60020133,604.9466666666667,3
35153060,604.9363636363636,11
25123459,604.9017647058823,34
35071936,604.8442105263158,38
26120968,604.808275862069,29
25132822,604.8002083333333,96
35150630,604.7944444444444,18
31310735,604.7758064516129,62
35163326,604.7427586206896,29
43217176,604.7224242424243,11
35557961,604.72,19
60020101,604.7133333333333,3
60019713,604.6966666666667,6
41157990,604.6935000000001,40
31310808,604.6866666666666,24
27215741,604.6829885057472,29
33196028,604.6776470588236,17
22133046,604.6726315789474,19
23200758,604.640625,32
41129830,604.6325641025641,52
35101047,604.63,32
41150546,604.6218143459917,79
15523403,604.5505882352942,17
35257916,604.5495238095237,7
35161559,604.5448484848484,11
60003062,604.5355555555556,9
43145752,604.53,16
22026029,604.5166666666667,12
35114704,604.5104575163399,51
52109224,604.4866666666666,15
43178740,604.4843076923078,65
41071921,604.4764444444445,60
35161469,604.4521951219513,41
60008786,604.435,4
43107370,604.3967661691543,67
60008170,604.38,4
41157044,604.37175,80
33187274,604.3666666666667,12
29318335,604.3018518518519,54
26192713,604.3018181818181,33
60027338,604.2544444444444,6
35155159,604.2245714285715,35
60005387,604.2,5
24080462,604.1744,25
42018315,604.1711904761905,28
29116554,604.1650000000001,12
15174514,604.1635897435898,26
35144204,604.1385964912281,38
22145443,604.1135714285714,28
35469270,604.1105555555556,12
25121251,604.1072727272727,11
26107503,604.103888888889,48
60014341,604.075,8
51039010,604.0711111111111,18
51036185,604.0695698924732,186
60020396,604.0600000000001,1
29304229,604.0533333333333,36
35172613,604.0448484848484,33
35110541,604.0133333333333,29
24087114,604.004,10
27225909,603.9979411764706,68
35160271,603.995,12
60026918,603.9885714285714,7
42000793,603.9809523809524,21
41072103,603.98,16
43167772,603.9788148148148,45
60028355,603.9725000000001,8
35288822,603.9668571428572,35
60020151,603.9633333333333,6
29070368,603.9359999999999,20
24077259,603.9345454545454,22
60020350,603.9285714285714,7
35164082,603.9233333333333,12
35109460,603.9141713747646,354
35005409,603.8784615384616,13
35101151,603.875061728395,27
35101448,603.8636,50
41158261,603.84,10
51004208,603.8177083333334,32
35810356,603.8060869565218,46
60020116,603.8033333333333,6
35142505,603.7952941176471,17
29347980,603.795,12
31166456,603.7906666666667,15
31262153,603.7876923076923,13
43114865,603.658,10
60009471,603.6533333333333,6
23232242,603.6357894736842,19
50016385,603.607,40
52091562,603.6066666666667,30
35419400,603.5368421052632,19
31180271,603.529,60
60027442,603.5033333333333,6
33139032,603.4781818181818,88
52290352,603.4094117647059,34
43013880,603.3992,25
35167666,603.3361904761905,21
60016346,603.3074074074074,9
60005919,603.3,9
33197466,603.2877777777778,36
25128485,603.255,24
33077258,603.2531034482759,29
35142943,603.24,15
21092419,603.2042105263158,38
35110942,603.2016393442624,61
35174348,603.1608,25
43105351,603.1457142857143,14
35813936,603.1277777777777,36
43039278,603.1264516129032,31
25075551,603.1215384615384,13
43105734,603.1132352941177,68
21274630,603.1,10
35581823,603.0945454545455,11
33087407,603.0941666666666,24
60013311,603.092,5
35529503,603.0720930232558,43
35111636,603.0535714285714,28
35199710,603.0461538461539,13
23462604,603.0368421052632,19
60019715,603.0155555555556,9
31368113,603.0057142857142,14
31005088,602.9908333333333,16
26148536,602.9889999999999,20
35137376,602.966,10
27215083,602.9641379310344,29
25102197,602.8849122807018,19
60029268,602.8833333333333,4
60019938,602.82,4
35009366,602.819090909091,33
41023960,602.7358139534883,43
50007904,602.7146206896551,145
53013921,602.7018518518519,18
42000238,602.6870833333334,48
35111582,602.6829411764706,34
31277487,602.6812698412698,63
35114601,602.6713475177305,47
15171159,602.6705263157895,19
60013105,602.6628571428571,7
35166169,602.6427586206896,29
29460166,602.6331034482758,29
43123678,602.6280620155039,86
21010250,602.6274074074074,27
60012495,602.62,8
33184763,602.6018181818182,11
60008901,602.5933333333334,6
15586758,602.5806451612904,31
41147049,602.5592592592592,18
35807618,602.5357142857143,14
35169043,602.52,46
52076105,602.5117647058823,17
31368687,602.486,20
29198984,602.476,25
35105910,602.4622222222223,12
41133293,602.4521806853583,214
60029013,602.4433333333333,6
33008310,602.4214634146341,41
23056746,602.4181818181819,11
31358436,602.3971428571429,14
52076601,602.3783333333333,20
13079220,602.3751851851852,27
35287246,602.37,14
35144678,602.3590476190477,21
35116506,602.3484057971015,46
29181658,602.3255555555556,18
31253065,602.3007692307692,26
33028079,602.28,14
35567929,602.2736,25
13026500,602.2574074074074,36
60018851,602.2325,8
51088363,602.2323076923077,26
31136760,602.2214285714286,14
35143571,602.2133333333334,18
43157149,602.21125,16
60014927,602.1990476190476,7
51053624,602.1725,16
31340391,602.1630555555556,48
29305420,602.1092307692307,13
23267194,602.105625,32
17051371,602.0963636363637,22
60029190,602.0906666666667,5
35119593,602.085,28
60005202,602.08,1
35266528,602.0481481481481,27
35442446,602.0415384615385,13
35101898,602.0414285714286,28
35109435,602.0235897435898,39
53019253,602.0229411764706,34
21011052,602.0148,50
43060129,601.995,16
53018656,601.9813114754098,61
35102490,601.9623529411765,17
31278793,601.952,10
60015371,601.9225,8
33184755,601.9213333333333,15
15995933,601.9024242424242,33
29340608,601.9,10
60015684,601.8833333333333,6
42142008,601.8753333333334,30
31158143,601.8520000000001,15
35144548,601.8475757575758,22
23009594,601.8292307692308,26
24085081,601.8261290322581,31
51060698,601.8251851851852,27
42104637,601.7316666666667,12
60023106,601.7266666666668,6
60005178,601.7,1
35186454,601.6753333333334,30
60007393,601.6485714285715,7
33115699,601.6311111111112,18
35168002,601.6225,8
51069849,601.62,26
60020141,601.6,8
13026194,601.5956204379562,137
35172510,601.583282051282,65
31062065,601.5534328358209,67
60019698,601.5325,8
15166260,601.518,35
42044545,601.5179999999999,10
35124795,601.5091228070175,19
33155585,601.4882051282051,52
29182441,601.4733333333334,39
21055750,601.4705263157895,19
35136608,601.3765517241379,29
26105810,601.365,32
29433320,601.354,10
31166481,601.3425,16
35256869,601.3316666666667,24
35124459,601.3159649122807,38
41029526,601.3152380952381,35
31325872,601.3013333333333,15
23274719,601.2736111111111,24
60009523,601.2719999999999,5
33084262,601.2696969696971,22
35101990,601.2666666666667,18
31321745,601.2318181818182,22
41377672,601.1670588235294,17
31332721,601.1627272727272,22
35108996,601.1204347826088,23
35106896,601.1142857142858,28
22029443,601.1081818181818,22
31341398,601.0792592592593,36
26170515,601.0721428571429,28
31193071,601.071220657277,71
60007281,601.0440000000001,5
42156386,601.0332258064516,62
35117365,601.0255999999999,25
42145058,601.0066666666667,18
33069697,601.0028571428571,35
53009592,601.0026666666666,20
27040917,600.982,40
35060574,600.9258333333333,24
33031363,600.9177142857143,35
51063336,600.9023529411764,17
50030892,600.9000000000001,11
15038432,600.8894736842105,19
52100723,600.8872727272727,11
60019496,600.8622222222223,9
35141773,600.8559420289855,23
35144770,600.8506306306307,37
60023993,600.835,8
41154231,600.812,65
33075581,600.8025,48
43096549,600.7952121212121,55
60028761,600.7828571428572,7
23071346,600.7658666666667,25
29055431,600.7590476190476,63
15590798,600.7546666666666,15
60023281,600.7375,8
25092901,600.7293989071038,61
32039654,600.7181818181818,55
31235555,600.7177272727273,44
41162420,600.7076422764227,41
35802086,600.7061111111111,12
60004495,600.69,8
41379691,600.6584615384616,13
60001977,600.655,4
11000252,600.6541176470589,17
29451876,600.6483333333333,20
35138654,600.6294736842104,19
33107998,600.62,21
26184419,600.62,19
33150761,600.568947368421,38
35101679,600.568,25
15587983,600.5526829268292,41
35366791,600.53,16
35115277,600.4935135135136,37
42006724,600.4765217391304,23
53018214,600.42,31
35140831,600.419393939394,11
29256720,600.41,14
29447208,600.3866666666667,21
35118850,600.3357894736841,19
33176787,600.3280645161291,62
24064092,600.32,17
52097781,600.2595698924732,31
35007287,600.2576190476191,28
53008545,600.2564197530864,108
35173708,600.2406451612903,31
28067401,600.2392,25
23194669,600.2296551724138,29
31333212,600.2076923076922,13
35139129,600.1995918367347,98
31230715,600.178,10
53012950,600.1666666666666,17
35173174,600.1625,16
43035736,600.1619047619048,28
43093035,600.1518518518519,9
35107256,600.116,10
35168671,600.1041379310345,29
26174588,600.1,14
52274373,600.0805405405405,37
35102167,600.07,24
60016597,600.0400000000001,3
15581276,600.0362264150943,53
60027578,599.988,5
35451113,599.9686956521739,23
29318297,599.96,23
33138087,599.9158974358975,39
35132123,599.9156916099773,147
35135446,599.9013793103449,58
60016348,599.88,6
31309966,599.8753846153846,52
53017900,599.8683483483484,111
43095542,599.8618181818182,11
17125804,599.825,16
52033112,599.79125,16
43303056,599.7672727272728,11
33183139,599.7423529411765,17
35136876,599.7366666666667,17
41002164,599.7352542372881,59
35192107,599.7184,25
35113542,599.7075,24
60012121,599.7066666666667,9
31006092,599.7041666666667,24
29428289,599.7019512195121,41
35153285,599.660634920635,21
60006385,599.6222222222223,9
28042417,599.6145454545455,11
42109116,599.6133333333333,12
33090734,599.604,20
35005753,599.5909090909091,11
60020560,599.5866666666667,6
60012750,599.5857142857143,7
52103153,599.5846153846154,13
31375233,599.5775,24
35191541,599.57,12
22142517,599.5566666666667,60
35100663,599.5564102564102,39
43083595,599.5433333333334,6
35268173,599.54,23
25020684,599.54,41
52047369,599.528,10
35144745,599.5188148148148,90
31361500,599.4924031007752,43
31157953,599.4706666666666,15
35103378,599.4175,16
35124928,599.4121212121212,11
35809512,599.3919999999999,30
35108224,599.3701048218029,159
35184949,599.355350877193,76
35114224,599.3443333333333,20
60012248,599.3325,8
35111016,599.3176,25
35004193,599.25,20
33131279,599.2266666666667,18
35172935,599.2214814814815,18
42145481,599.2111111111111,21
33166900,599.2071428571428,28
41129393,599.2041025641025,39
31005363,599.1830769230769,13
15563235,599.1745098039215,51
31302864,599.1325,8
35110700,599.1203921568627,17
33067856,599.1011428571429,35
35005656,599.0962499999999,16
33171645,599.09,12
35113499,599.0891954022989,29
23061553,599.07,10
33367205,599.0686666666667,20
33191662,599.0628571428572,42
33170100,599.0449731182795,124
43105637,599.0359183673469,98
35809559,599.0297701149426,58
35101667,599.028,10
35802281,599.0242424242424,33
35165967,598.9770000000001,20
35186259,598.9538095238095,28
53015991,598.9511627906977,43
60013092,598.9499999999999,6
35433342,598.936,15
41133005,598.9116939890711,61
41128702,598.8831034482758,58
60008248,598.88,8
42135796,598.8779310344827,29
35465963,598.8709523809524,126
28020049,598.8583333333333,24
26173441,598.7966666666666,12
24059293,598.7772222222222,36
35159281,598.7733333333333,15
35172698,598.77,16
43090273,598.7657142857142,14
35160349,598.7352941176471,17
26172232,598.7162962962963,27
28106407,598.7041025641026,52
41102932,598.7036363636363,11
31300454,598.69,16
60015321,598.6560000000001,5
23350628,598.6117948717948,13
25121413,598.6032558139534,43
35803200,598.5773333333333,15
41063350,598.5600888888889,150
60019961,598.5600000000001,5
33131236,598.5545454545455,22
43186998,598.5060000000001,10
41128770,598.4846666666667,30
52037851,598.4816666666667,12
35100456,598.4644444444444,9
23169923,598.4215789473684,38
28017919,598.4127272727272,66
31375071,598.3793939393939,33
60015735,598.3457142857143,7
41056469,598.3199999999999,20
41144490,598.3110256410256,26
35116415,598.299,20
35107554,598.2925,16
29070392,598.2739130434783,23
33172234,598.23875,16
43037690,598.2373076923077,52
51072106,598.2360784313724,17
35305595,598.222,10
32083602,598.18875,16
51056186,598.184,10
52034585,598.1754166666667,32
35151518,598.1715151515151,33
35153989,598.1702150537634,62
60012789,598.165,8
23275871,598.1454545454545,66
35530785,598.0642857142857,28
60000755,598.06,4
35109733,598.0543137254903,17
35116464,598.05375,16
35435818,598.045,20
35116610,598.0384180790961,59
15572005,598.0083333333333,60
35143479,598.0008695652174,23
31170348,597.98,25
35135951,597.98,10
35005131,597.9794957983194,119
31054071,597.9611764705883,17
35117201,597.908,25
33198128,597.8908333333334,40
60009518,597.88,9
60023413,597.8628571428571,7
35161913,597.832,30
23070340,597.827027027027,37
15127567,597.8157142857143,14
50015834,597.804705882353,34
60019691,597.8033333333334,6
35105961,597.7957142857142,28
35110802,597.788,50
35307622,597.7767567567568,37
27034844,597.7622988505747,29
60019323,597.7577777777777,9
21228671,597.7368421052631,19
35131490,597.7242857142857,14
23085789,597.7228571428572,21
31253936,597.7173333333334,15
35165451,597.7107142857143,28
27048047,597.7071428571428,14
35106926,597.6813131313131,66
35124242,597.672,10
41389085,597.656923076923,26
24018228,597.6436363636363,11
35112227,597.6233333333333,30
53002636,597.60125,32
60019519,597.595,8
31210498,597.5866666666666,18
15175065,597.5592857142857,28
24082279,597.5581818181818,11
60005769,597.531111111111,9
33160031,597.5094736842105,19
41163656,597.5024,25
31170402,597.4663636363637,22
15584062,597.4565333333333,75
35112124,597.4373737373737,33
41076087,597.4106976744187,43
29999740,597.4042001274697,523
33134154,597.4018181818182,11
41128370,597.3954589371981,69
13026402,597.3831831831833,111
35268410,597.358,40
51038919,597.3492857142857,28
41377508,597.3230769230769,39
35114303,597.29,16
33199876,597.2868965517241,29
23071133,597.275,40
35009561,597.2628571428571,21
31096181,597.2592592592592,27
35186173,597.2331428571429,35
60018865,597.2222222222222,9
35140703,597.2150427350427,39
29858780,597.204,10
29426863,597.1820512820512,39
60020030,597.18,8
42116201,597.1619047619048,28
60029121,597.155,4
35112951,597.1411428571428,35
60008899,597.132,5
35142098,597.1214285714286,14
60027134,597.0799999999999,4
60014975,597.0766666666667,6
42135613,597.0715555555556,15
35110140,597.0681355932203,59
35809469,597.0538095238095,14
35806389,597.0526315789474,19
33116474,597.0415384615385,13
33008523,597.039534883721,43
35101692,597.0259649122808,38
42003571,597.013,20
29468329,597.0014814814814,27
29340810,596.991,20
35004693,596.984,25
23276320,596.9651851851852,27
35173712,596.9372759856631,93
35395754,596.9361290322581,31
42161509,596.9186666666666,15
60012736,596.904,5
33191611,596.8887134502925,114
43032400,596.8755555555555,27
28019814,596.8723188405797,138
42113105,596.8678571428571,28
35153473,596.8622222222223,27
60003652,596.8533333333334,6
51162806,596.8321052631578,38
26137950,596.821981981982,37
43214835,596.820459770115,29
42020590,596.7972222222222,48
31369748,596.7830769230769,13
15151450,596.7816666666666,12
21106061,596.7753846153846,13
25124528,596.7028571428572,28
60012725,596.6857142857143,7
31279382,596.6479999999999,10
53018320,596.6358333333334,24
60027831,596.635,4
35126007,596.6189247311828,31
35140880,596.6042512077295,69
42068703,596.5966666666667,40
24072222,596.5856264775414,141
35143029,596.584347826087,23
35159414,596.5723076923077,13
35812900,596.5702040816326,49
13031791,596.5655555555555,18
29432359,596.5251851851851,36
60015728,596.52,3
31230898,596.4983333333333,20
52064840,596.4794594594593,37
60008306,596.46,1
26110105,596.4588235294117,17
31298905,596.4430769230769,26
35153692,596.4393103448275,29
29608600,596.4337037037037,36
31293423,596.430909090909,11
35168920,596.4096296296296,9
26187337,596.4042666666667,25
35132329,596.404,20
35176254,596.37875,16
35448369,596.3591304347826,46
31372064,596.3199999999999,11
53013220,596.3093333333333,15
53001400,596.2936842105263,19
29480370,596.2844444444445,21
31157902,596.221,20
21188793,596.204,10
31368520,596.1791919191919,33
23076690,596.1569999999999,40
27035018,596.1220833333333,48
41022858,596.1200000000001,37
23462450,596.0949685534591,53
25123785,596.0928205128205,13
60007548,596.0899999999999,8
35150757,596.0692753623189,23
31357138,596.055918367347,49
35192661,596.0525925925926,45
31294047,596.0452631578947,19
33071012,596.0179310344828,29
31362417,596.0141666666667,24
35100171,595.9858333333333,24
22106954,595.954,20
23259876,595.95,4
29392349,595.9359649122807,38
51001900,595.9112820512821,13
35164948,595.9058823529411,34
15159841,595.8874509803921,17
35119891,595.8561904761905,42
32065248,595.843870967742,31
23027517,595.829090909091,22
33152276,595.8044986449864,123
35131600,595.7826666666666,15
31331511,595.76,17
21285241,595.7592307692307,26
60027282,595.7544444444444,6
26078864,595.7509090909091,11
43019048,595.7382945736434,86
43167837,595.7108974358974,52
25020846,595.7066666666667,102
41131584,595.6879069767441,43
42129303,595.6877419354838,31
32021780,595.6627777777777,48
35131994,595.6576470588235,17
35006070,595.6513043478261,23
60024249,595.6371428571429,7
60003512,595.6371428571429,7
28076400,595.62125,16
27258009,595.6092307692307,13
35111880,595.6054166666667,48
29181003,595.5688888888889,9
60015654,595.54,6
31230014,595.5381818181818,11
33170096,595.5066666666667,18
23251832,595.501507936508,84
35419849,595.4883636363636,55
60019085,595.48,8
23006137,595.4799999999999,14
42033802,595.4757894736842,19
35456093,595.4683333333334,32
24046710,595.4589333333333,25
35143157,595.4488372093023,43
35107499,595.4416666666667,12
23081430,595.4371428571428,28
25018388,595.4344144144144,74
41377370,595.4261538461539,13
24081728,595.4157142857142,14
31342076,595.3861538461539,13
33086699,595.3833333333333,12
24075329,595.3799999999999,10
35584939,595.3725925925926,18
15174310,595.3579166666667,48
16012054,595.3542857142858,35
35117959,595.3458333333334,48
35136098,595.3439999999999,20
33159084,595.3385714285714,14
60007529,595.3375,8
60027107,595.332,5
35108443,595.3285057471264,145
60006461,595.3199999999999,8
26137968,595.3131707317074,41
43218687,595.302,20
33100268,595.2740740740741,27
29478847,595.2624806201551,43
41158253,595.2556790123457,108
35165517,595.2378947368421,19
43113656,595.2314893617022,47
43122019,595.1933333333334,33
15152219,595.1899224806202,43
53013182,595.1884444444444,30
51094045,595.1581818181818,11
35119660,595.1514285714285,28
29365813,595.1441666666666,24
53010426,595.1111111111111,21
60020117,595.1066666666667,9
24069329,595.0979710144928,69
25103269,595.085,12
41001630,595.0614285714286,14
35583303,595.0400000000001,15
42133319,595.0313580246914,54
25251937,595.0271428571428,28
53001109,595.0086666666667,20
23072881,595.0033333333333,12
26185970,595.0023188405797,69
21093040,594.9904347826088,23
60009347,594.9879999999999,5
35369305,594.985,16
29377463,594.97,26
52100553,594.9639999999999,20
35114029,594.9581818181819,44
52011771,594.953,20
51029332,594.94,12
22025383,594.9222222222222,27
23259159,594.9044086021505,62
35430353,594.8888888888889,39
33185999,594.8885714285715,14
35116853,594.8704166666666,16
35367345,594.8418518518519,18
35162164,594.8375,16
60020477,594.8059259259259,9
60020419,594.784,5
35115678,594.7805128205127,39
60013076,594.78,7
35133863,594.7774418604652,43
26183358,594.7536842105263,38
22023810,594.7527272727273,77
35808210,594.7373333333334,45
35137686,594.6768229166667,128
42091578,594.6653968253968,42
35005584,594.6627777777777,12
41009169,594.6615503875969,43
60019719,594.6479999999999,5
35152894,594.6461261261261,37
35292175,594.6411111111112,60
52288358,594.6286956521739,23
35151427,594.613,20
15177122,594.576,10
60013517,594.5699999999999,4
42103770,594.5386046511628,43
43165869,594.4977777777779,9
41387155,594.4958974358974,26
35374957,594.4818079096045,59
25125966,594.4329032258065,31
60009982,594.3875,8
35112045,594.3776923076923,26
35185383,594.3714285714286,28
35166200,594.3709090909091,11
35299625,594.3611111111111,18
35135057,594.3565853658537,41
35115927,594.3433333333334,18
29034981,594.3313675213675,78
35150587,594.32375,16
35139488,594.296,35
60022851,594.2875,8
35184974,594.2800000000001,12
23281332,594.2764705882354,17
35287581,594.2745,40
22026088,594.2655555555556,36
35150236,594.26,11
50005626,594.2593548387097,31
29058856,594.2581818181818,11
15172600,594.2413793103449,29
60006530,594.2257142857143,7
23235250,594.1966666666667,16
11000880,594.1901904761904,70
33170355,594.1105747126436,29
35313683,594.1105555555556,12
52033902,594.1053333333333,15
17054079,594.1016666666667,36
35173460,594.0833333333334,45
52081095,594.0676923076924,13
31376310,594.0622222222222,9
42067260,594.0236363636363,11
35130205,594.019670781893,81
33187681,594.0187387387388,37
29466733,594.0151515151515,22
43000452,594.0095,40
25007548,594.0058333333333,24
35107116,594.0044927536233,46
35141811,594.0026,100
60026062,593.9266666666667,9
31205281,593.9016666666666,12
60008315,593.86,6
27035816,593.8546236559139,62
42068673,593.837794117647,136
31354163,593.8100000000001,14
26116987,593.7847368421053,38
31166162,593.78,11
35142839,593.7754166666666,32
43152910,593.7407751937984,86
35809676,593.74,80
16009380,593.7272727272727,22
26122170,593.6866666666666,24
41159357,593.6846153846154,65
41060199,593.6764705882352,17
35100353,593.6729411764707,34
35314785,593.6694117647058,17
53009916,593.6553333333334,30
51068931,593.6484210526315,19
60008300,593.6400000000001,8
41044410,593.6366666666667,24
35143947,593.6208695652174,23
60027386,593.6025,8
35809385,593.5835135135135,74
29392500,593.5809999999999,20
33089191,593.555625,32
25128787,593.548,10
24077208,593.5479569892474,31
13073540,593.5290909090909,11
35158525,593.462,10
32038526,593.4588235294118,17
41157320,593.4477037037037,45
35154611,593.4446153846154,13
35288998,593.4411111111111,18
60016485,593.44,3
21278962,593.4214285714286,14
42113350,593.4204,50
29024498,593.4171428571428,14
41374010,593.398695652174,46
31210102,593.3890909090909,11
35153278,593.3828571428572,14
33148627,593.3542857142858,21
60024546,593.3493333333333,5
60004710,593.3425,8
35117225,593.3316129032257,31
53013808,593.3253333333333,10
51044005,593.3185185185185,27
35158446,593.3107692307692,26
35802190,593.3033333333333,46
33158274,593.296,10
42068606,593.2729487179487,52
35110693,593.256,25
29431204,593.25,46
60005764,593.24,8
35158471,593.233,20
43029485,593.2118644067797,59
35148623,593.1801550387597,43
35157132,593.1766666666666,12
35158872,593.1753333333332,15
35116932,593.1654545454545,22
35142396,593.1622222222222,9
35007117,593.1374193548387,31
35197154,593.1277192982456,19
33060312,593.1037860082305,81
35195972,593.0911111111111,9
15549704,593.0769230769231,26
23246561,593.0607142857143,28
35111909,593.0576638176639,117
15171027,593.0506666666666,30
35439526,593.0444444444444,9
33132089,593.0360000000001,15
35113759,593.0006060606061,11
23072873,592.9814814814815,27
35809494,592.9714285714285,21
23066148,592.9573333333334,15
35112884,592.9549206349207,84
31351512,592.90625,16
50005200,592.9057142857143,21
60026982,592.9033333333333,6
60003269,592.8866666666667,5
43128394,592.8856862745098,34
35123377,592.8666666666667,18
35301700,592.8541176470588,17
25103342,592.8442857142857,14
23265892,592.820350877193,57
35800612,592.8167741935483,31
22025448,592.7929411764705,17
25200801,592.7923076923078,13
33015520,592.7666666666667,24
43093990,592.7491666666666,16
35143820,592.7470967741936,31
52042340,592.7458823529412,17
22141901,592.7285714285714,49
21092842,592.6899999999999,34
60020919,592.6885714285714,7
60014627,592.6733333333333,3
35419576,592.6683333333333,24
35113712,592.6403846153846,52
15584801,592.6095238095238,21
50007874,592.6045977011494,29
33001413,592.5963636363635,11
35150034,592.5773333333333,15
15038521,592.5764705882352,17
41126289,592.5537984496124,43
35304748,592.5241666666667,16
35449751,592.5218181818182,11
32035217,592.52,30
26109964,592.5139393939394,33
26095904,592.4816666666667,72
24089125,592.4610101010101,99
35364125,592.46,20
43201717,592.4399999999999,16
26162083,592.4347126436782,29
35341964,592.4200000000001,14
60016139,592.405,8
35135616,592.4012345679013,27
60023501,592.4000000000001,9
35101333,592.3891666666667,24
35133462,592.3885714285715,14
31074454,592.3733333333333,15
35194712,592.356,10
35137546,592.3558620689655,29
33032785,592.3483333333334,12
60019900,592.34,3
31215830,592.3183333333333,24
60019830,592.3,1
60015777,592.2933333333334,3
29127009,592.290625,32
35154817,592.2895652173913,23
42123704,592.2887499999999,16
60025135,592.2714285714285,7
29441730,592.27,44
29343747,592.2552845528455,41
35105569,592.245,20
31376051,592.236,10
52079872,592.2353571428572,56
43109152,592.2345454545455,44
42001773,592.2191304347826,46
35125647,592.2078888888889,30
35161792,592.1957142857143,14
42148200,592.1760299625467,89
41157907,592.1647619047619,21
43075266,592.1258333333333,16
51069997,592.0835294117647,17
33148937,592.0568115942029,23
60013994,592.0222222222224,9
60027337,592.02,8
51087715,592.0116666666667,12
35106999,591.9988888888888,18
41162269,591.9948148148148,27
35111545,591.9461904761904,28
42093937,591.9345098039216,17
35442100,591.928,10
50012487,591.9188888888889,18
15047318,591.9052631578948,19
32097603,591.88625,16
29467845,591.8586091127098,139
15565793,591.8464864864865,37
60012813,591.8000000000001,3
42126088,591.7526315789473,19
53019334,591.7423655913979,31
29180147,591.7315384615384,13
35470259,591.7015384615385,13
27053431,591.6901666666666,40
60002112,591.677037037037,9
60020556,591.6666666666666,3
41063368,591.6466666666666,27
60007861,591.6333333333333,6
25132563,591.6292307692308,13
50033913,591.6258823529412,17
21182345,591.6048648648649,74
35117961,591.5925,24
60004254,591.58,6
35106628,591.5666666666667,18
35103081,591.5153846153846,13
28032063,591.5079999999999,35
60021148,591.475,4
60014131,591.4725,8
31371696,591.4636734693878,49
60012615,591.4399999999999,7
60016433,591.4350000000001,8
43176984,591.4228571428571,21
60014404,591.4133333333333,5
35565672,591.4130303030303,22
35111259,591.3760784313725,51
35004913,591.34375,16
35008681,591.3226666666667,10
24069388,591.3127272727273,22
42016207,591.3029166666666,32
35115241,591.3007843137254,68
35110553,591.2914285714286,28
15097250,591.2372413793104,29
35802104,591.2254545454546,11
25115340,591.2165217391304,23
35136359,591.1925203252033,41
35498890,591.1460869565218,46
60014126,591.0742857142858,7
26094681,591.0600000000001,62
35101783,591.0492307692308,13
41023900,591.0366666666667,12
31346934,591.0258823529412,17
23232390,591.0243478260869,23
21331669,591.0,20
35108112,590.9936666666666,20
33186979,590.9866666666667,11
35367679,590.9552941176471,34
35109997,590.9344444444445,18
26088827,590.9066666666666,9
43098584,590.905,16
35477175,590.8830769230769,13
33063516,590.8800000000001,17
35304049,590.8686956521739,23
53015894,590.8605,40
31380210,590.8545833333334,16
60007503,590.8076190476191,7
35152791,590.8055555555555,18
35112012,590.8018867924528,53
35166492,590.7886111111111,24
35136943,590.7782666666667,50
60018756,590.7633333333333,6
35150373,590.7472727272727,22
60006750,590.74,6
33022917,590.725,12
35158902,590.7186666666668,15
26075431,590.699,40
35004821,590.6690476190477,42
52068390,590.62,17
31307742,590.6177777777777,9
60004991,590.5840000000001,5
35100900,590.5837037037037,27
35167794,590.5757142857143,28
35125349,590.5685714285714,42
26146207,590.5654545454546,11
35176205,590.552380952381,14
50000390,590.5422222222222,27
42156327,590.5381818181818,22
60021212,590.52,8
43107435,590.4991869918699,41
43105408,590.4824657534247,73
60020844,590.465,4
35113025,590.4350000000001,28
50029266,590.4348148148148,27
41152441,590.4227642276422,41
60023734,590.3666666666667,3
15164543,590.3606060606061,11
27218198,590.343888888889,36
35118667,590.3250505050505,33
35504622,590.2426086956522,23
35104097,590.234,10
21599688,590.2219047619047,28
35168853,590.2181818181818,33
35160635,590.2103703703704,27
31040967,590.1755555555555,9
35159943,590.174,10
35104930,590.1720454545455,88
25226800,590.0915789473684,19
43182186,590.068,15
13081365,590.0410416666666,32
60023444,590.0348148148148,9
15180301,590.0230303030303,33
32041446,590.0126315789473,19
35135586,590.0102564102565,39
33195579,589.996,15
35112306,589.9939999999999,20
60020369,589.9633333333334,6
33184453,589.9626666666667,45
60001859,589.96,2
35159530,589.9189473684211,19
35133772,589.9079365079366,84
35165438,589.9033333333333,18
33200491,589.8857142857142,28
25106210,589.8745454545455,11
29456517,589.8431578947369,19
27214427,589.8377142857142,35
35300469,589.8259649122807,19
33058857,589.8214814814814,27
32034520,589.7917073170731,41
42144329,589.782962962963,45
22016562,589.7516666666667,12
60007999,589.748,5
41373871,589.7355555555555,9
42155274,589.7198290598291,39
43092500,589.7169230769231,26
31255190,589.7085714285714,14
41376455,589.7052631578947,19
31260631,589.6885714285714,14
42016274,589.6700000000001,8
35100493,589.6288095238095,42
31253901,589.6122222222222,12
43037720,589.5947747747748,37
35509516,589.576559139785,31
53019628,589.5711111111111,18
52057224,589.5342857142857,7
11000350,589.5290666666667,50
31310891,589.5269565217391,23
33189617,589.4981818181818,11
33520321,589.4910535405872,193
50007920,589.4761904761905,35
35116671,589.4666666666666,21
25090852,589.4364179104477,67
35142529,589.4253968253968,21
42016509,589.4164705882353,17
29422370,589.3652173913043,46
26050242,589.3311111111111,18
53017862,589.3031794871795,65
35802136,589.29875,16
23171324,589.2854545454546,11
60014223,589.2628571428571,7
50018337,589.2506666666667,30
42102308,589.235,12
28017986,589.2307692307693,39
60005013,589.2266666666667,3
35154573,589.2173333333334,15
43202500,589.2161403508771,19
60016057,589.2033333333333,6
32039140,589.1999999999999,26
43296084,589.18,8
60021231,589.16,3
27230023,589.14875,16
60027816,589.1425,8
29396875,589.1363636363636,11
41147219,589.1355151515152,55
13026950,589.1293081761006,53
33186898,589.1146388888889,120
35113189,589.1124061810154,151
15176339,589.1091891891892,37
35143170,589.1084444444444,15
35116661,589.0990909090909,22
23041536,589.08,10
33029318,589.078596491228,19
33199949,589.0663703703704,45
35144381,589.05125,16
29435340,589.04,12
35004247,589.037,20
60020252,589.0314285714286,7
35085455,589.0215384615384,13
60021073,588.9685714285714,7
53017749,588.9467272727272,110
33326207,588.9133333333334,18
25007556,588.8755555555556,84
35111119,588.8711111111112,48
60019143,588.8644444444444,9
35124801,588.8549462365592,62
60016184,588.8511111111111,9
35172467,588.8485714285714,14
35115186,588.823870967742,31
31323071,588.8235294117648,17
60015756,588.8175,8
35118758,588.8066666666667,21
41165462,588.8004761904762,140
33185700,588.7933333333334,12
53010973,588.7907692307692,26
23040769,588.7768421052632,19
33192499,588.7757671957672,126
26090830,588.77,32
29455871,588.7546666666666,15
35125817,588.7514695340502,93
26020890,588.725,24
26055406,588.6968421052632,19
23187867,588.611914893617,94
35299984,588.6090909090909,11
35004190,588.6023529411765,17
26289601,588.588888888889,18
35568193,588.569090909091,11
21273588,588.5383333333333,12
29478901,588.5272727272727,11
60002170,588.52,6
22061762,588.5169230769231,13
27218279,588.5138461538462,13
26134332,588.4982178217822,101
43107362,588.4916279069768,43
60004826,588.4800000000001,7
31279099,588.435,16
32079982,588.4191666666667,40
35117134,588.4113725490197,17
33190755,588.376923076923,13
60027124,588.3761904761905,7
60009721,588.3733333333333,6
31014150,588.3692307692307,13
35139312,588.3536842105264,57
43097812,588.322380952381,28
35568582,588.2841807909605,59
35123389,588.2822222222222,9
42014298,588.2751724137931,29
26088070,588.2735714285715,28
29446767,588.2637209302326,43
33147507,588.2520000000001,10
35800200,588.1955555555555,18
60014424,588.1933333333333,9
33107297,588.1889361702127,47
29188229,588.1836363636364,33
33043663,588.1314285714286,14
53032012,588.1313043478261,23
35117821,588.1241379310344,29
41070887,588.122074074074,45
43089151,588.1042424242424,11
23071141,588.0741176470589,34
60015113,588.0719999999999,5
60020348,588.0266666666666,6
35101989,588.0122580645161,31
60013748,587.992,5
52047245,587.9870588235293,17
26440733,587.9857142857143,28
60015744,587.9666666666667,3
32063440,587.9663157894737,19
35144642,587.9545454545455,11
27007081,587.9381818181818,11
35153047,587.93625,16
41026241,587.8953650793651,105
35106811,587.8837878787879,44
23279508,587.8671428571428,14
35143273,587.8252631578947,19
15168654,587.8187387387387,37
35124862,587.8055652173913,115
43176801,587.7963636363637,11
14324636,587.7684523809523,56
60015832,587.7666666666667,7
29851785,587.7624242424242,11
29738628,587.7469565217391,23
23199407,587.7463636363636,22
27226530,587.739,20
60020555,587.7228571428572,7
35007868,587.704,15
35808489,587.698125,16
32063512,587.6887777777778,60
22124888,587.6828571428571,14
29455430,587.669090909091,22
33193053,587.61,30
35109198,587.6072727272727,11
23276169,587.6052380952381,14
33187959,587.5936842105264,19
60004279,587.5633333333334,6
42151775,587.4848000000001,25
43034250,587.4666666666667,36
33195420,587.422,10
23124598,587.3636363636364,22
51071673,587.3572972972974,37
42163781,587.3507999999999,75
23066199,587.3381818181819,22
60018858,587.328,5
14006740,587.3097674418605,43
35113372,587.2662068965518,29
22141200,587.2615384615385,39
35107645,587.2531282051282,65
21266158,587.2491666666666,24
33162999,587.2317624521072,174
21254184,587.2273170731708,41
41354931,587.2207407407408,9
33087555,587.216,10
60014761,587.1899999999999,4
15168581,587.1846153846154,13
33195757,587.1782352941177,34
15554139,587.1625,192
50018663,587.1471604938272,27
25071009,587.1076923076923,26
23162902,587.1066666666667,18
29135249,587.0910344827586,29
35142759,587.0739285714286,56
60029146,587.0559999999999,5
35108303,587.0384,50
35155287,587.0373333333333,15
51016435,587.0271111111111,45
35138733,586.9953333333334,60
27216748,586.9452631578947,19
35325983,586.9369230769231,13
28013654,586.8881578947369,38
24001295,586.8509090909091,11
33192650,586.8163636363637,11
28022009,586.7892307692308,13
41058569,586.7883950617284,27
35809287,586.7853333333334,15
35114561,586.7845454545454,44
29450640,586.78,19
35809895,586.7716666666666,16
35173685,586.7577777777777,9
29227968,586.756,15
33127352,586.7266666666666,11
35185061,586.7245454545455,22
43132243,586.7229411764706,34
32063563,586.7202222222222,30
33189846,586.7129166666666,16
41385667,586.7111111111111,27
35154003,586.6985714285714,14
60028819,586.6933333333333,3
29304490,586.6819047619048,21
51014467,586.6754954954955,37
35135549,586.6727927927928,37
43011993,586.6496774193548,62
35144526,586.6336363636364,22
52140202,586.6058333333333,24
60028408,586.5933333333334,6
35160854,586.5799999999999,10
32034288,586.5775000000001,56
29426146,586.5751724137931,29
35119192,586.5656410256411,13
35107682,586.5582677165354,254
51070111,586.5561111111111,12
26125404,586.555,12
35118588,586.5438888888889,36
29422264,586.5204761904762,21
60024145,586.52,4
35165542,586.5187878787879,22
17041830,586.51,28
35107906,586.4875862068965,29
41156269,586.4830769230769,13
25112139,586.4499999999999,22
16004779,586.4499999999999,28
35170112,586.4329577464788,71
23065893,586.4276793248945,79
35481105,586.3954666666667,25
23072741,586.358,20
35152511,586.3530434782608,23
35152961,586.3266666666667,27
24080411,586.2901176470589,85
33222401,586.2858064516129,31
35113268,586.2472727272727,33
43038867,586.2419672131148,61
31014494,586.2309090909091,11
15539962,586.224,25
53002652,586.205,20
41086627,586.1887755102041,49
35141057,586.1863768115942,23
11003081,586.156875,32
35168907,586.1552,25
35101813,586.1540350877193,19
24084140,586.1218918918919,74
33132690,586.0776,25
33018375,586.0705882352942,68
35440322,586.036,10
15141179,585.9968055555556,48
31255262,585.9911111111111,15
33135746,585.9709677419354,31
35118102,585.966,10
60019156,585.9555555555556,9
33172331,585.9253551912568,61
35159244,585.9168421052632,19
35132792,585.9148837209302,43
23185244,585.8814285714286,14
53017315,585.8792307692308,26
27222802,585.8783999999999,25
31005673,585.8776470588235,17
35196848,585.865,12
31334251,585.8642857142858,14
35140910,585.858,10
32070594,585.8264516129032,31
23025310,585.822,20
60019370,585.7971428571428,7
35299807,585.7775,8
25007564,585.7742857142857,21
35470582,585.7548148148148,27
35805701,585.7445454545455,22
60018780,585.7366666666667,6
29408156,585.7052873563218,29
41387538,585.6938461538462,13
60020910,585.69,2
25115006,585.6890909090909,11
60016351,585.685,4
35141689,585.6765517241379,29
35116221,585.6469565217391,23
35173236,585.6462068965518,29
35108832,585.6393333333333,30
43211984,585.6325,32
35166686,585.6290566037736,53
35810617,585.6125,32
60029243,585.61,6
35111661,585.6014814814815,27
35450935,585.5944927536232,69
22163409,585.59125,16
60004336,585.5688888888889,9
35168543,585.5302702702702,37
35268586,585.5266666666666,12
60019403,585.5257142857142,7
33193991,585.5192592592592,27
50012320,585.4422222222222,42
35108509,585.4093333333333,15
53018265,585.3942857142857,14
35144897,585.3936363636363,22
31230758,585.3853333333334,15
41015673,585.3753846153846,26
35111648,585.3633333333333,28
29182590,585.3547368421052,19
35120947,585.3467383512544,93
35101710,585.3409523809523,21
53003730,585.305625,32
33032777,585.279748427673,53
41616987,585.272,30
35125787,585.2471428571429,42
41020634,585.1712,25
35803170,585.164,10
60028818,585.1600000000001,1
21073880,585.1573333333333,25
35806420,585.15625,16
35130643,585.1389583333333,32
51052326,585.1321212121212,22
35130369,585.1303225806452,31
43295258,585.1141228070176,38
23165588,585.0840000000001,15
42136490,585.0822222222222,9
24057193,585.05625,16
33103160,585.051,20
33231249,585.0453333333334,15
23207477,585.0381818181818,11
23062495,585.0317333333334,50
35110668,585.0171428571429,14
41074076,585.0166666666667,12
43107389,585.0133333333333,11
33138079,585.0015384615385,26
35143789,584.9815384615384,13
33063974,584.96375,16
35108397,584.9546153846154,52
60021271,584.95,4
35450388,584.9485714285714,21
35188864,584.9457142857143,28
33187789,584.9358847736626,81
41160258,584.9191836734694,49
33044317,584.9128,25
25127101,584.9106666666667,15
60014948,584.9085714285715,7
26135811,584.884375,32
60004052,584.88,2
35108820,584.8682352941177,34
26125625,584.8384374999999,64
23268506,584.8349122807017,38
23277050,584.8171144278607,67
22118977,584.7924324324324,37
26151987,584.7673063973064,99
41159551,584.7591111111111,45
35811658,584.7588888888889,12
52060853,584.7551851851852,18
23073012,584.7515422885572,67
28021061,584.7305882352941,17
15058794,584.7295061728395,54
35117535,584.7257777777778,45
35160490,584.7115789473685,19
60005076,584.6825,8
33313210,584.6618181818183,11
35101618,584.5678888888889,60
32080778,584.5557575757576,11
42007437,584.5486274509803,17
53017820,584.494269005848,57
35112215,584.4898765432099,54
26107210,584.4768253968255,63
41380649,584.4690666666667,25
35480708,584.4155555555556,27
35113700,584.3955974842768,53
15167461,584.3891891891892,37
29396379,584.381935483871,31
33118949,584.3731578947369,38
33082472,584.3702127659575,47
60020650,584.3685714285714,7
33051828,584.3683333333333,36
60019734,584.3390476190476,7
33183970,584.2985964912281,19
17007860,584.2779310344828,29
42012198,584.2692952380952,175
31096393,584.2580555555555,12
35807825,584.2520833333333,16
42156297,584.2468,50
41160533,584.244705882353,17
43100260,584.2446666666667,30
33198926,584.2222222222222,9
35121368,584.2140384615385,52
43204767,584.2133333333334,19
60024112,584.1825,8
35139968,584.1771764705882,85
35800193,584.138,30
33053367,584.1288888888889,18
43206646,584.1191489361702,94
13025082,584.1,17
60012607,584.095,8
35449143,584.0944444444444,18
60027450,584.0600000000001,1
25093665,584.0208196721311,61
60015607,584.012,5
41354818,584.0117948717949,13
60007815,583.955,8
32019696,583.9075,32
35117420,583.9012121212122,33
35101916,583.8984615384616,13
60000847,583.8675000000001,8
60005054,583.865,8
41377540,583.8642857142856,28
33105189,583.8333333333334,13
35140600,583.82734082397,89
24052078,583.822,10
15176398,583.8218018018018,37
35156553,583.81875,16
28034759,583.7866666666666,15
60009283,583.784,5
29179564,583.7713043478261,23
35116798,583.7612280701754,38
35121447,583.7372043010753,31
41605950,583.7016666666667,24
60012634,583.6755555555555,9
35151920,583.654,10
35156619,583.6291954022988,29
35126615,583.6164102564103,39
25092448,583.6156521739131,46
33198837,583.5633333333333,42
35135434,583.5567741935483,31
35005116,583.5503508771931,57
60007388,583.5333333333333,6
35164100,583.5292307692308,13
60012322,583.5,5
41076311,583.4928571428571,14
60005165,583.4899999999999,6
60020089,583.4325,8
17013356,583.4148484848484,22
35010329,583.40625,16
26014688,583.40375,16
33173907,583.3983333333333,12
33125228,583.3780606060607,55
60014847,583.36,5
60019243,583.35,6
60014541,583.3433333333334,6
35810939,583.33,10
21498814,583.3254545454546,11
42158818,583.285925925926,9
11013737,583.2825225225224,37
35111173,583.2642666666667,50
26121514,583.2242857142858,42
60020405,583.1933333333333,6
35168531,583.1842857142857,14
52093069,583.1743209876544,27
31302520,583.1625,16
42071151,583.1533333333333,36
35116002,583.147,20
33088985,583.1426666666666,15
35157053,583.1307692307693,13
29448468,583.1109803921569,17
26112558,583.1057142857143,21
33182558,583.052,10
60013454,583.0425,8
60029377,583.04,1
33075565,583.028,10
60007996,583.0228571428571,7
27024075,583.0128571428571,28
60012510,583.008,5
31246905,583.0076923076923,26
21016437,582.9968181818182,176
33197946,582.9521428571428,28
33106460,582.9010256410256,13
31332780,582.8834782608695,23
51006952,582.8794444444444,12
23069791,582.8495114942529,232
35007008,582.805,12
29093490,582.78609375,128
22004700,582.7618181818182,11
26187329,582.74875,16
60029064,582.74,5
26058448,582.7052631578947,19
29340535,582.6974561403509,76
35811359,582.68,11
21261075,582.6259770114942,29
41071581,582.6020000000001,10
31367966,582.5893333333333,30
41377567,582.5886419753086,27
35805440,582.5804255319149,47
27053997,582.5627118644068,59
60006450,582.56,3
35582323,582.55875,16
24056278,582.5577777777778,33
60005780,582.54,2
50024302,582.5114285714286,14
35115307,582.4988235294118,17
60027793,582.4933333333333,3
35150344,582.4924528301887,53
60008297,582.49,6
35100024,582.478,20
35151048,582.476857142857,70
35115629,582.4638095238095,21
35114431,582.4623015873016,84
35137960,582.3986666666667,75
33041563,582.3933333333333,38
35811816,582.3675000000001,16
15173402,582.3646153846154,13
23276584,582.358947368421,19
27226514,582.3509090909091,11
23274654,582.342,10
33015082,582.3366666666667,12
25056522,582.3100000000001,20
60015121,582.284,5
35169328,582.2819999999999,30
35100043,582.2809090909091,22
60014614,582.28,8
35133401,582.2786666666667,55
43183034,582.2578947368421,19
24070300,582.2425,24
41128168,582.22,13
35151725,582.2092307692308,13
35153936,582.1966666666666,20
60012482,582.16,7
25001817,582.1066666666667,15
60019934,582.1033333333334,6
43107605,582.0505376344086,31
35449436,582.0500000000001,12
15179532,582.0316666666666,12
35117481,582.0072727272727,11
28033680,581.9762499999999,16
35112331,581.9683636363636,55
24083186,581.952,75
35141948,581.9266666666666,8
23243597,581.9266666666666,21
60013814,581.905,4
41130740,581.8778571428571,28
42142148,581.865,32
60013025,581.8583333333333,4
35185760,581.8345454545455,11
31261564,581.7647058823529,34
28035402,581.764,10
51062925,581.7493333333333,10
33140626,581.7193089430893,164
27220923,581.7036257309942,57
26095912,581.6610256410256,39
42064856,581.6114285714286,21
41158490,581.6074509803921,17
60014170,581.6,4
60028981,581.5829629629629,9
35124576,581.5619047619048,21
35113049,581.5580952380953,21
35154726,581.55,10
28033868,581.5384615384615,13
35810228,581.535,16
35109101,581.5182575757576,88
24059250,581.5167676767677,66
35004991,581.5095238095238,14
35111090,581.4916959064327,57
33055874,581.4897872340425,47
60019979,581.48,8
60019837,581.48,8
35153114,581.463076923077,13
31166375,581.4182608695653,23
52031713,581.41,16
60024086,581.395,4
43117252,581.3734199134199,77
35100730,581.3653750000001,80
35100833,581.3616666666667,12
41387945,581.2677272727273,44
41064801,581.2652173913044,23
43042929,581.2488888888888,9
35189443,581.2486274509804,51
35805063,581.2436111111111,24
35185607,581.2099999999999,20
41026039,581.1813725490196,51
35140740,581.168,10
41392272,581.1405172413794,58
60015531,581.13,2
26053993,581.1230651340996,87
35116385,581.11,44
60023420,581.0733333333334,6
23079843,581.0628571428572,21
29024544,581.0169230769231,13
41133501,581.0067665418227,267
35007664,581.0062222222222,15
35174828,581.0015384615384,13
35101266,580.9966037735849,53
35151026,580.992,10
35113281,580.9896153846154,156
35140041,580.9417391304348,23
35108182,580.9388095238095,70
33086320,580.9066666666666,18
33152721,580.9042028985507,46
35105053,580.890303030303,22
33040117,580.886511627907,43
32079320,580.8803278688524,61
60007408,580.86,6
26127750,580.8345454545455,44
60015427,580.8288888888889,9
35010308,580.7978947368421,19
43176364,580.7970588235294,34
35155111,580.7556666666667,20
43107613,580.7318181818182,22
33068534,580.710909090909,11
35110450,580.7099999999999,12
52086690,580.7042857142858,14
35116579,580.6725,24
42141257,580.6563636363636,11
35115812,580.6466666666666,17
51059282,580.595,52
33075620,580.5928571428572,42
29467659,580.5625454545454,55
60015615,580.5457142857143,7
60015065,580.5422222222222,9
60024208,580.516,5
33526249,580.4935897435897,104
51066297,580.4753846153847,26
22028790,580.4663636363637,22
41019105,580.4591111111112,15
60000928,580.4333333333333,3
33066540,580.4135294117648,34
35157442,580.3979999999999,10
35803844,580.3765714285714,35
60012483,580.364,5
22254722,580.3462068965517,29
35116774,580.3341666666666,32
41159136,580.3021428571428,56
35286138,580.2964705882354,17
35133541,580.2666666666667,12
33193495,580.2662222222223,15
60012777,580.2533333333333,6
35105824,580.239393939394,22
35116518,580.2375000000001,24
35113013,580.2325925925926,27
50029150,580.2314814814815,54
35134569,580.2057142857143,21
26168154,580.1909444444444,120
15150542,580.1848809523809,28
60008935,580.1688888888889,9
53004418,580.1423076923077,52
42223202,580.1412121212121,110
33157251,580.1245098039216,34
35118072,580.119375,32
35124515,580.1189473684211,19
52096807,580.11875,16
29470706,580.1145911949685,106
53014472,580.1049999999999,12
26122030,580.1017971014493,115
28027337,580.0648148148148,18
33183155,580.0466666666667,19
35141124,580.0461666666666,120
21226253,580.0266666666666,21
26130130,580.0072727272727,11
12001686,579.984,20
60020250,579.96,2
41379152,579.9524590163934,61
26181215,579.9493333333334,15
60018725,579.9355555555555,9
41152050,579.9184615384615,13
27339017,579.9155555555556,18
15560759,579.911875,32
60015835,579.9057142857142,7
35113153,579.8930909090909,55
25128450,579.89,46
50032712,579.8622222222222,12
23272864,579.86,18
35196685,579.8516666666667,12
15516423,579.8425,16
60015470,579.8088888888889,9
60015613,579.8,7
25093703,579.7975675675675,74
42116295,579.7945833333333,16
43135129,579.7902564102563,13
35480691,579.7852173913043,23
35150988,579.778954248366,51
35185632,579.7776470588235,17
35159438,579.7607843137256,17
60028908,579.76,2
26118149,579.7553846153846,39
35153825,579.7448780487805,41
24073784,579.7443243243243,148
50029258,579.7377777777779,18
52102548,579.7283333333334,12
33122245,579.6713043478261,46
35130758,579.6505513784462,133
35103123,579.6418181818182,11
25092260,579.6314285714285,35
23186704,579.608,10
60014425,579.5749999999999,6
35126895,579.5744,25
35139270,579.5650537634408,62
35118990,579.5011111111112,18
60012705,579.5,7
60018875,579.4955555555556,9
33457239,579.4901666666667,40
43069355,579.4569724770643,109
32039450,579.454,10
50044001,579.4180952380951,21
33186928,579.4135555555555,30
60023752,579.4044444444445,9
31279102,579.3953846153846,13
35099041,579.392,10
35171487,579.3909523809524,14
35108625,579.3674285714286,35
35133346,579.3317647058823,17
29398479,579.3266666666667,12
50000039,579.3186206896552,29
41353617,579.2948717948718,13
41049837,579.2736,25
35005406,579.2611764705882,17
35004863,579.2563636363636,22
22268715,579.2125,24
27016439,579.2094685990338,69
22144137,579.1983333333334,12
60020185,579.195,4
33175594,579.1942857142857,14
29192480,579.1785185185186,18
35102040,579.1764539007092,47
43126979,579.1738461538462,26
35150782,579.1733333333333,27
52080722,579.1625806451614,31
60006345,579.15,6
13107380,579.104358974359,26
60002336,579.0838095238095,7
60015071,579.0749999999999,8
35429156,579.0733333333333,9
60024172,579.0600000000001,5
60015770,579.0600000000001,3
33129005,579.0453623188406,46
35136463,579.0069565217391,23
21075603,578.9963636363636,33
60025185,578.995,4
31238180,578.9866666666667,12
22081615,578.9272,50
33187185,578.9,12
35568892,578.895,12
35125179,578.8618749999999,32
35125261,578.8577777777778,9
33105758,578.8512499999999,16
60019977,578.8366666666667,6
43162800,578.8110344827586,29
33183368,578.8101234567902,108
35113384,578.8084444444445,45
26191423,578.8037362637363,91
29180015,578.8000000000001,17
23236710,578.795,12
33055378,578.765,24
14001055,578.7635294117647,34
43155480,578.7621621621622,37
60020143,578.7560000000001,5
60004714,578.7560000000001,5
15539830,578.75,36
43041647,578.745641025641,26
33187770,578.7435275080907,103
35007831,578.74,11
52083870,578.7269565217391,23
35101564,578.72125,16
35159897,578.7152380952381,42
41024702,578.7111111111111,12
33179301,578.6933333333333,30
29184894,578.6826470588235,68
60020574,578.68,6
35142864,578.6704166666667,16
28034880,578.664705882353,17
35165621,578.6622916666666,32
51042371,578.6363888888889,24
35299649,578.5980952380952,14
33032114,578.5716666666667,12
35112461,578.552,25
60002624,578.5342857142857,7
35101503,578.5233333333333,12
35400336,578.5225,16
35187537,578.5219512195122,41
26129680,578.521052631579,19
26110130,578.517089201878,71
41375882,578.5090476190477,14
35135136,578.497610062893,106
35132883,578.4866666666666,15
60018835,578.4755555555555,9
60014129,578.46,6
26169886,578.443768115942,23
33115630,578.4159999999999,15
41144120,578.3975,8
35160441,578.393,20
43081584,578.3761261261261,74
52054268,578.36,23
35111788,578.36,17
35128200,578.3029498525074,113
27255018,578.2741666666667,24
21141908,578.2663333333334,20
23124849,578.2636363636364,22
35802050,578.2588,25
35811476,578.2579797979797,66
33196257,578.2571428571429,14
60013468,578.2544444444444,6
35161895,578.2538461538462,52
35131933,578.24125,16
32078820,578.236,15
33026378,578.2342857142856,14
35154283,578.2202985074628,67
31004898,578.2163636363637,11
35117092,578.1836363636364,55
35151075,578.169898989899,33
60019891,578.1647619047619,7
43139183,578.1618518518519,18
35810630,578.1390243902439,41
60026130,578.1366666666667,6
25130226,578.1211111111111,18
23275308,578.1188235294118,17
60026942,578.11,2
60003442,578.0666666666667,6
60009206,578.0542857142857,7
35139063,578.0430952380952,28
23165049,578.0209523809524,21
35439927,578.0172222222222,12
41133048,577.9756097560976,41
60006789,577.972,5
33231265,577.951,20
35806122,577.9472727272728,77
29470722,577.9050602409638,83
52034640,577.8985714285714,84
53008189,577.8924712643678,116
31371769,577.8857142857142,14
60015337,577.8799999999999,1
28017366,577.8782795698925,31
33175713,577.8726666666666,30
41131304,577.8615384615384,26
35133565,577.8536842105262,19
53019482,577.8507692307693,13
35008767,577.8046153846154,13
60027891,577.752,5
31306266,577.7432258064516,31
60029332,577.74,1
60006882,577.7314285714285,7
33155119,577.7309090909091,11
29412633,577.728,10
25109804,577.7173333333333,10
42130875,577.7082222222222,30
41366069,577.700625,32
43121888,577.6941176470588,17
50010530,577.6475,16
15570541,577.6381818181818,22
35123535,577.6355974842768,53
43167284,577.6349206349206,21
43180825,577.6316363636364,55
15577708,577.609243697479,119
60027783,577.6088888888888,9
35108844,577.565303030303,44
35004681,577.5607272727273,55
25062832,577.5555555555555,18
60003369,577.5533333333333,3
35123444,577.5481333333333,25
29442567,577.4928571428571,14
27216705,577.4842857142856,14
41037855,577.4711111111111,9
52063887,577.4686046511629,86
35101148,577.4613333333333,15
15175316,577.459705882353,68
53011805,577.4581818181819,11
33166560,577.4520512820513,26
41155254,577.4066666666666,10
29279240,577.3993333333334,20
35153771,577.394,25
33194270,577.3671428571429,14
33189285,577.3533333333334,12
43181040,577.3494736842105,19
35136759,577.3418181818182,22
33100977,577.3272727272728,11
21106037,577.3114285714286,28
60006125,577.304,5
35159918,577.3000000000001,11
35811543,577.2728571428571,14
35107591,577.2299633699633,91
60004852,577.2239999999999,5
35470223,577.1866666666667,18
35112159,577.149387755102,49
33190534,577.1490909090909,11
35102076,577.140459770115,29
60025311,577.1266666666666,9
52104923,577.1165217391305,23
33172285,577.0981818181818,11
42280265,577.0709523809523,42
33152713,577.070909090909,11
33075506,577.0630769230769,13
41375696,577.0566666666666,14
35133279,577.0492810457516,51
24079286,577.043,20
16011570,577.0172549019608,17
41147278,577.0141666666667,24
60020271,577.0133333333333,3
29182301,576.9413333333334,15
16004329,576.9401149425287,58
35139932,576.9399999999999,10
35100808,576.9258823529411,85
60020039,576.8925925925927,9
27053717,576.878679245283,53
60008656,576.87,2
35257312,576.86,22
29446104,576.8496551724138,29
60012362,576.8457142857143,7
22015299,576.8248648648648,37
29428416,576.8211494252874,58
35384793,576.808,10
35430432,576.7142168674699,83
27043592,576.6625,16
35131039,576.6288888888889,63
33185000,576.6139393939394,11
27047687,576.601,20
21256667,576.5868926553671,59
35116154,576.5719047619048,28
35567656,576.5573737373737,33
35158690,576.5538461538462,13
60016608,576.51,4
41354869,576.4456,50
32010400,576.4341176470588,34
35368015,576.3521951219512,41
42123763,576.3236666666667,20
29436710,576.3024,25
35115915,576.2895238095238,28
60023799,576.2511111111112,9
28020863,576.2483333333333,12
21014833,576.149696969697,66
33188319,576.1409090909091,22
35117109,576.1272,25
42156360,576.1135353535353,66
35132950,576.084705882353,17
41008545,576.0799999999999,12
60019603,576.036,5
60023927,576.025,4
35108650,576.0075,16
35141446,575.9869565217392,23
35108736,575.9708943089431,41
26184311,575.9175,40
29411408,575.9146666666667,30
26121379,575.8936585365853,41
51045150,575.8907692307693,26
60007367,575.872,5
43085679,575.87,12
60012473,575.865,8
60025492,575.845,8
35115125,575.8283870967742,31
35107612,575.82125,32
24334308,575.8127777777777,36
33169713,575.7875208333332,160
29071224,575.7871428571428,14
60020708,575.78,6
41379632,575.7666666666667,11
35115824,575.7646153846155,26
43124933,575.7594285714285,35
60007447,575.7142857142857,7
35808660,575.7004597701149,29
35139580,575.699512195122,41
35117328,575.6768,25
13098284,575.6703225806451,31
41150635,575.6598095238096,35
60001665,575.6577777777778,9
33186723,575.6136363636364,22
60015445,575.5853333333333,5
33104573,575.57,12
35120030,575.5514942528736,29
41384881,575.5254545454545,11
35154581,575.5128571428571,14
26150387,575.5057777777778,60
35124597,575.5045614035088,38
33152098,575.459393939394,33
26057506,575.4026315789473,38
31127973,575.4,11
60023827,575.38,1
29191033,575.3552380952382,21
21199329,575.3346666666667,15
41160932,575.3290547263682,67
26137255,575.3187878787879,33
41137680,575.3150537634408,93
35126792,575.3057142857143,14
35148878,575.3027777777778,36
33028850,575.2917647058824,17
35109307,575.2917647058823,34
35158732,575.2756140350876,38
35169468,575.2506666666667,15
35136136,575.2311111111111,9
35115435,575.2066666666667,89
50031651,575.2019607843138,17
52103870,575.1995555555555,15
35167447,575.1990476190476,21
53016599,575.1948633879781,61
35115733,575.1829885057472,29
60024057,575.1771428571428,7
41163117,575.16,17
16027000,575.1361538461539,26
35185309,575.1225,8
35156231,575.122,25
60020184,575.1116666666667,8
28035135,575.0652777777779,24
35445630,575.043125,32
27035514,575.0205555555555,36
60012557,575.0177777777777,9
60019405,574.9899999999999,6
41376846,574.9876923076923,26
33152608,574.9819444444444,24
60015603,574.9685714285714,7
35007382,574.959090909091,22
35176588,574.9272222222222,72
33105561,574.9231578947368,19
35148866,574.9207070707071,66
43069290,574.9194535519126,61
50013475,574.9193939393939,11
52095290,574.9083333333334,12
35150605,574.8906666666667,15
35142827,574.8846666666667,30
33060568,574.8428571428572,14
35112859,574.8191869918699,164
33049424,574.8043055555555,48
31276413,574.7937179487179,52
52102513,574.7615384615384,13
43009263,574.7114814814815,18
60025221,574.7111111111111,3
60012428,574.7099999999999,6
21274819,574.6966666666666,12
41147227,574.6922141119221,137
43029752,574.6822222222222,42
35469713,574.6623529411764,17
29279577,574.66,19
35154337,574.5673684210527,19
35138794,574.5494117647058,17
29179530,574.5468292682928,41
27230627,574.5463157894736,19
60025206,574.504,5
29442346,574.49875,16
35288561,574.4781818181818,11
41130227,574.475,12
15169928,574.4615384615385,65
35419588,574.4542307692308,52
23063440,574.4173333333333,15
12026530,574.403615819209,59
28013697,574.3972,50
35176734,574.3874074074074,27
35100547,574.382,40
60007900,574.3733333333333,6
26187361,574.3322222222222,18
60007541,574.2914285714286,7
13093126,574.28,20
60003457,574.275,8
41128648,574.2636363636365,22
35172868,574.2426666666667,15
52045579,574.1630555555556,24
35156565,574.1542307692308,52
41388380,574.13,36
43145736,574.022380952381,14
15580830,573.9968888888889,15
60015567,573.98,5
60026954,573.9666666666667,3
60020570,573.96,6
33133794,573.9546666666668,20
26110504,573.9504761904763,21
26183366,573.9296598639456,49
31005371,573.9164137931035,145
35123080,573.905945945946,37
60020356,573.8900000000001,4
41061713,573.8842857142857,28
41100921,573.854,10
15097811,573.852258064516,31
60020265,573.85,8
31246018,573.8091156462585,49
23212020,573.7642857142857,14
35108856,573.7555172413793,58
41486846,573.7498039215686,51
42107083,573.7126666666666,10
43030025,573.7010606060605,44
35807813,573.6887179487179,13
35431459,573.676111111111,24
35153084,573.6538461538462,13
35581367,573.6441025641026,39
35154908,573.5508571428571,70
29790620,573.5484210526316,19
52087271,573.5418181818181,11
33066477,573.5349042145593,87
60025532,573.5,3
21274231,573.4980952380953,21
52104168,573.4874509803922,68
33017085,573.48,12
35154398,573.4723076923077,13
52141209,573.466,10
35159359,573.4625,16
22144668,573.4608333333333,16
29043000,573.458,20
35118540,573.4177777777778,12
60019179,573.4038095238095,7
33104433,573.37,12
60019956,573.35,6
35121733,573.335,20
33195978,573.3158139534884,43
35113924,573.3133333333333,26
53013298,573.3086666666666,30
21195516,573.2887499999999,32
60014942,573.2866666666667,6
35137650,573.2845,40
35148994,573.2674691358025,54
60007569,573.26,9
60015527,573.24,2
22135790,573.2115789473685,19
41159640,573.1964444444444,45
22144030,573.1832679738561,51
35808003,573.1654166666667,16
31306215,573.1642857142857,14
60029313,573.1479999999999,5
52020886,573.1179047619048,70
35139336,573.1123076923077,26
35140934,573.11,20
60001745,573.0975000000001,8
41149955,573.0647619047619,21
35466232,573.0528571428571,14
35170458,573.0254545454545,11
35805567,572.9783333333334,24
60020937,572.9255555555555,6
22015701,572.9146666666667,15
25128957,572.9028571428571,14
43107877,572.8966013071895,51
35368441,572.88375,16
41057961,572.8425,16
27224953,572.84,12
60001997,572.8355555555555,6
35174336,572.8327272727273,11
35805257,572.812,25
60027991,572.8028571428571,7
28033809,572.7858823529413,17
60002107,572.7771428571428,7
31210048,572.7726291079812,142
35109642,572.7451724137932,58
35004252,572.7270588235294,17
33042560,572.7233333333334,10
24056243,572.7158333333333,24
60028258,572.685,8
41552059,572.683908045977,29
27047792,572.68,25
33194491,572.6590476190477,21
35568934,572.6514285714286,14
35371117,572.6470588235294,17
23062622,572.5782857142858,35
52088839,572.5666666666667,13
52049108,572.5569230769231,26
60013841,572.552,5
31212067,572.5317391304347,46
35115459,572.53,10
26075458,572.4948717948718,39
15127230,572.4936296296296,45
60007362,572.49,2
41388135,572.4716078431372,85
23078081,572.4680000000001,35
35139506,572.4672916666667,32
24009318,572.4034782608695,69
41388658,572.3824999999999,16
29143977,572.3544444444444,18
21280681,572.3478260869565,23
31114812,572.346,10
60015431,572.34,7
60011104,572.338888888889,9
35165670,572.32,24
52034763,572.3134848484849,88
35148751,572.2402614379085,51
51091321,572.2,60
35352652,572.1986666666667,75
24035467,572.107027027027,37
35150095,572.0808333333333,32
52107990,572.0733333333334,15
35158793,572.0706666666667,10
60019356,572.0657142857143,7
32073968,572.0626666666667,15
35157478,572.06,13
29452589,572.0103448275862,29
35153801,572.01,22
60004903,572.005,4
53019490,572.0004761904762,28
35100298,571.956,10
35144496,571.9464285714286,28
35179905,571.9338888888889,12
52034755,571.8961231884058,184
35112252,571.8913066666667,125
11037474,571.885641025641,39
33105120,571.8581818181818,11
35006934,571.8573333333334,15
15567648,571.8525287356322,58
42156319,571.8209638554217,83
29482364,571.804,10
24078131,571.8037333333334,25
60019343,571.8000000000001,8
35109061,571.7915555555555,15
42154715,571.7873684210526,19
60019324,571.7657142857144,7
60015345,571.7533333333332,3
42143063,571.7429629629629,27
28031970,571.7284126984127,42
60016142,571.6424999999999,8
25099540,571.62,27
60025373,571.608,5
35440826,571.58,10
41024826,571.5640000000001,20
60009747,571.55,8
33173680,571.5376470588235,17
60020146,571.5319999999999,5
35160573,571.5314285714286,14
60015632,571.53,4
60006463,571.5200000000001,1
41024478,571.4828571428571,14
60015190,571.476,5
43180698,571.46875,16
26169606,571.4136936936937,37
11025670,571.4078571428571,28
35170446,571.4065811965812,78
25093550,571.4064285714286,28
35169432,571.384761904762,35
35802220,571.3501960784314,51
27013901,571.3264516129032,62
33170371,571.2566666666667,24
35807680,571.2423529411765,17
26098911,571.2116894977169,73
35178160,571.21,10
33185417,571.20125,16
35111818,571.1760256410256,52
11050373,571.1706666666666,15
60024233,571.15,4
28034872,571.1431578947368,76
33078394,571.1366666666667,12
41046811,571.1290909090909,11
33162603,571.1229999999999,20
24059692,571.1154545454546,11
25098829,571.0884210526316,19
35439149,571.0832,25
22081321,571.0555555555555,15
31357251,571.022,10
43107567,571.022,10
43060137,571.0,37
60021167,570.9599999999999,8
35112574,570.9552941176471,17
31004499,570.9233333333334,14
33103437,570.9171428571428,42
60020090,570.9150000000001,4
35140612,570.91,22
25107909,570.91,20
35135720,570.9086666666666,10
11027290,570.9014358974358,65
53003721,570.8971111111111,30
41020448,570.881,20
13080911,570.8484210526316,19
27284000,570.8407843137255,17
33159157,570.8371428571428,14
60019355,570.8100000000001,6
15159329,570.7951351351351,37
41061772,570.7628571428571,14
60009562,570.745,8
35106800,570.7384615384615,39
43130771,570.7354545454546,22
31261980,570.7309090909091,22
60009424,570.7075,8
60015142,570.7,3
31004936,570.6972727272728,22
43003761,570.696091954023,29
60012651,570.6771428571429,7
60013545,570.645,4
35160672,570.6416666666667,24
35812912,570.6410256410256,13
25128213,570.64,16
35114728,570.6354208754209,99
35150228,570.62625,16
35800089,570.603963963964,37
35004036,570.6011764705881,17
21010200,570.5856182795699,124
50005618,570.58,28
35144241,570.5792156862744,34
26152819,570.5780487804878,41
52211371,570.5701333333334,25
31281174,570.5539393939393,11
35134168,570.5484848484849,88
33177279,570.54,24
16011694,570.5390476190476,42
35442012,570.4890909090909,11
35004682,570.474081632653,98
60003012,570.4311111111111,9
52021157,570.4294252873564,29
60009725,570.4,5
29463289,570.3992592592593,54
35800387,570.3979999999999,10
52032981,570.3872727272727,11
60019244,570.385,8
50032941,570.3691666666666,16
31236934,570.3666666666667,12
25119826,570.3518181818182,22
60007013,570.35,6
60015671,570.3499999999999,4
15223027,570.3225,32
33084319,570.3116666666666,12
15176142,570.28,15
33066930,570.2450757575757,88
35114637,570.2279761904762,56
29441676,570.2052173913044,23
35114145,570.1842105263158,19
35806584,570.1661538461539,13
27213587,570.1590476190477,21
33107661,570.15,12
23276142,570.1356666666667,20
33174970,570.111304347826,23
52031799,570.1052173913043,23
33100985,570.0184615384616,13
35150061,569.9852631578947,19
33057818,569.9661538461539,13
35154106,569.9383783783784,37
33266204,569.9223999999999,25
52023400,569.9071428571428,14
60012889,569.9033333333333,6
60009226,569.8688888888888,9
29199549,569.859349593496,41
35143397,569.8564705882353,17
33190321,569.8546376811594,46
25098314,569.83875,32
50029312,569.7853333333334,15
33114510,569.7789333333334,50
35299376,569.7775,16
41153707,569.7624691358025,27
60020596,569.7600000000001,3
15170667,569.7574311926605,109
14324067,569.7248275862069,58
23071958,569.7211764705883,17
29406927,569.7211111111111,18
52085414,569.7066666666667,12
33118965,569.68125,16
60014938,569.6790476190477,7
42105447,569.6671604938272,27
60021115,569.66,7
35108583,569.6573015873016,84
52027090,569.644,10
60009130,569.6377777777777,9
35114121,569.6324444444444,45
60007875,569.63,2
60012409,569.61,8
31364533,569.5690476190476,14
35111387,569.5681481481481,27
35006550,569.5663333333333,20
60020788,569.5622222222223,9
25098578,569.5561538461538,26
41023897,569.5490697674419,43
35810307,569.5,36
43038379,569.478,20
23186763,569.4716666666667,12
33048185,569.4631818181819,44
60026891,569.4561904761905,7
60026297,569.45,4
35364435,569.4385365853658,41
29473845,569.41,18
35152900,569.3812345679012,27
35106434,569.3729999999999,20
22136800,569.3715789473684,38
33451257,569.356,10
35287258,569.3304166666667,64
35463401,569.3221052631579,19
41354648,569.322,10
33054118,569.3010909090909,55
33016542,569.295111111111,30
31365904,569.288,10
60020245,569.2479999999999,5
35167563,569.2447368421052,38
35185474,569.234761904762,14
60014743,569.2199999999999,3
35802384,569.2076190476191,21
60014722,569.18,7
60025253,569.1666666666666,1
32062435,569.1613333333333,15
26177552,569.1582608695652,23
33111650,569.1295238095238,7
26182211,569.1218181818182,11
33161860,569.1025396825397,21
60027843,569.1,4
29393760,569.0930434782608,23
51103001,569.0918974358974,65
13093070,569.0527777777778,36
43181694,569.0194444444445,12
25205803,569.0125,80
27223361,569.012,25
60005200,569.01,2
43139094,569.0092307692307,13
53007611,569.0047368421052,38
35144320,568.9933333333333,15
35140144,568.9843274853802,57
35287544,568.9680000000001,15
21279721,568.956,10
35135562,568.955,12
51065088,568.9527272727273,11
35152821,568.921746031746,42
24003492,568.9054054054054,37
29386756,568.8989473684211,19
60015233,568.8733333333333,3
35154416,568.862,10
33085269,568.8528571428571,28
35124709,568.8282352941177,17
26193230,568.8223529411764,17
60019658,568.808,5
60029109,568.8066666666667,3
60014955,568.8057142857143,7
52104818,568.7978571428572,28
35006583,568.7971428571428,14
33184666,568.78,16
33394202,568.7791304347826,69
25093037,568.7586538461538,52
35809901,568.728,15
35188785,568.6946666666666,15
33089795,568.6800000000001,10
29041651,568.6800000000001,10
27324028,568.6742857142857,14
33090777,568.6611494252874,29
35119659,568.6548837209302,43
43037763,568.6511111111112,18
35134417,568.6495238095238,21
53013930,568.6317094017095,117
33133808,568.6310256410256,26
15562000,568.6231578947369,19
21013837,568.5978723404255,47
15568830,568.5853333333333,15
35171360,568.577,20
31236926,568.54,10
35139233,568.5121052631579,38
60001779,568.4825,8
29441064,568.48,29
27036030,568.4746296296296,144
29048052,568.4428571428571,21
43068677,568.4285714285714,21
41111869,568.3706666666666,15
35121952,568.3693333333333,15
35112471,568.3352564102564,104
35440310,568.33,26
35466682,568.3215384615385,52
35130916,568.3149999999999,16
33169438,568.306274509804,17
35143959,568.2843333333333,40
33144028,568.2683333333333,12
17005213,568.265806451613,31
33191816,568.2453164556962,79
35008774,568.2164444444444,15
35134314,568.2157142857143,28
29364060,568.1954022988506,29
60024154,568.1800000000001,1
52219364,568.1725714285715,35
25131036,568.1295238095238,21
35155160,568.1249122807018,19
33061629,568.1182608695652,46
52097633,568.1,13
35193719,568.0709090909091,11
43059899,568.0581818181819,11
60025364,568.048,5
24082147,567.9853333333334,30
42156530,567.9783122362869,79
31278912,567.9725925925926,27
35134260,567.92,15
23271469,567.912,15
60005987,567.905,4
60015360,567.9,4
42136776,567.8961904761904,21
33176310,567.8147368421053,19
35259238,567.7745454545454,11
33148384,567.7593333333333,10
27047849,567.743954248366,204
41146948,567.7435294117647,17
33126000,567.7377777777778,18
35140314,567.7166666666667,30
43109284,567.699696969697,33
60015365,567.6971428571429,7
53015878,567.6744444444444,18
29195608,567.6648888888889,45
13026321,567.6562962962963,9
11048557,567.6509090909091,11
41058445,567.645,8
29391970,567.6372727272727,22
33178224,567.6116666666667,12
26049953,567.5861538461538,26
35429168,567.57125,16
42127815,567.56125,16
60012929,567.54,4
35125908,567.5333333333333,18
29279011,567.5302564102565,13
41007808,567.5162962962963,18
14007274,567.49125,16
35185565,567.4852631578947,19
35166832,567.3921212121212,11
35113773,567.3806896551724,29
35481154,567.3704761904762,21
35193999,567.324,10
35139609,567.28,19
42159571,567.2515789473684,19
15541843,567.1963636363636,22
35006306,567.1904,25
60027847,567.19,4
50000551,567.1883333333334,12
52108430,567.1854545454545,11
25113100,567.1711111111111,18
35429259,567.1650694444444,48
43060315,567.1248888888889,15
32038330,567.1105263157895,19
42114012,567.1088888888889,33
26021870,567.1015384615384,26
60015779,567.0600000000001,3
33166951,567.0160606060607,22
35108352,567.0125,72
60001804,566.9955555555556,9
29447666,566.9818181818182,22
15185001,566.975,12
35116865,566.9614285714285,28
60009311,566.96,5
52098583,566.9488888888889,18
15174220,566.9133333333334,15
35263072,566.9120512820513,39
29494605,566.9044444444445,45
35805439,566.89,16
35114789,566.883950617284,27
31062197,566.8818181818182,22
35801458,566.8333333333334,12
52105725,566.832,10
33175110,566.8092307692308,26
60024416,566.792,5
35005110,566.7498412698413,21
60009198,566.7479999999999,5
35115708,566.698,10
35126640,566.681052631579,19
26115557,566.68,17
43128165,566.6522051282051,65
28079400,566.6461728395062,27
24097403,566.6272549019608,34
41026853,566.5346666666667,15
60009360,566.5266666666666,6
35118312,566.525,12
60023904,566.512,5
35440656,566.5066666666667,9
33142645,566.4881481481482,27
33176710,566.484761904762,21
24088439,566.4554666666667,75
50028839,566.4418181818181,11
33119724,566.4347368421053,19
35150289,566.4228571428572,14
33195366,566.3432432432433,37
33083541,566.3383333333334,36
35138526,566.3226086956522,23
15173135,566.3111538461538,52
35560820,566.3106666666666,30
35301486,566.2302222222222,15
60001647,566.196,5
35007094,566.1894444444445,24
35269025,566.1875,380
26111900,566.1719999999999,10
35449477,566.1618699186992,82
60029103,566.1600000000001,2
33175993,566.1508333333334,16
33159661,566.1466666666668,15
35808301,566.1446222222222,75
33156476,566.13125,16
26110091,566.1173333333334,15
60012883,566.1,5
26110598,566.1,48
35401857,566.0691228070176,19
42113601,566.0539784946236,31
35301536,566.0519047619048,14
35139804,566.0479569892474,31
35194165,566.0063492063492,21
23033045,565.996923076923,13
26139146,565.9685714285714,14
24081124,565.9355555555555,12
60013034,565.9159999999999,5
35810046,565.915,8
35151993,565.9136363636363,22
22023798,565.9131034482758,29
29422310,565.8828571428572,21
52073564,565.8745454545455,11
35102428,565.8583111111111,75
35153515,565.7428571428571,7
33071497,565.74,9
35442392,565.7245454545455,22
33153442,565.7172727272728,22
52017303,565.7163636363637,22
25125605,565.7043137254902,34
53000226,565.6337037037038,18
35148957,565.5540350877193,38
35157028,565.5315789473684,38
35110504,565.4653333333333,10
24289302,565.4516129032259,31
25001795,565.4470588235295,17
35179565,565.4364705882354,17
33149763,565.3942857142857,28
60028989,565.38,2
13032879,565.3663157894738,19
60012981,565.3639999999999,5
33181110,565.3585714285715,14
27230015,565.3483660130719,51
35192211,565.34375,16
60007847,565.34,5
25071513,565.3280555555556,24
35151531,565.3271794871795,13
26172879,565.3191891891893,74
35006036,565.308,10
33130418,565.304,20
15586324,565.2941176470588,17
29390648,565.2921839080459,29
35119209,565.290909090909,22
15542858,565.2261788617886,41
35113062,565.2244444444445,27
35464636,565.2103030303031,44
50014803,565.1933333333334,14
29458382,565.1698765432099,27
35290439,565.1685964912281,38
23025603,565.1649122807017,57
35176597,565.1164705882353,17
43107451,565.1128888888888,30
60008203,565.1111111111111,9
33127875,565.0737777777778,15
41382706,565.0570588235294,34
29458757,565.0500000000001,86
15547205,564.9845925925927,45
23251859,564.97,14
60005684,564.9675,8
60004497,564.96,4
35175024,564.94125,16
29191467,564.9175,24
31014206,564.9148148148148,27
35130540,564.861568627451,68
35152195,564.85,18
25134027,564.7735483870968,31
35118552,564.7682051282052,13
60002652,564.745,8
60012991,564.7422222222223,9
35305674,564.705,24
26144840,564.7,31
35109236,564.6806289308176,53
28017242,564.6413953488372,43
13026020,564.6305882352941,17
35165104,564.6116666666667,12
60020630,564.6066666666666,4
35158197,564.5840000000001,10
33306206,564.5829629629629,9
35108741,564.5642352941177,85
24000493,564.5578571428571,28
13092308,564.5530434782609,23
60006488,564.5440000000001,5
26112680,564.5323076923078,39
35250892,564.5176,50
26176890,564.5116279069767,43
60007365,564.4691666666666,8
29163048,564.4429885057472,58
23024690,564.4253846153846,26
29472067,564.42,12
60025456,564.3955555555555,9
35120017,564.3511111111111,18
35365592,564.3233333333334,12
31349399,564.3137254901961,17
28075420,564.2988888888889,18
41015380,564.2957777777777,30
60020339,564.2624999999999,8
29635616,564.2586206896551,29
35193306,564.240625,32
51140802,564.231724137931,29
29464153,564.2202083333333,96
33073783,564.1859999999999,10
33114013,564.1733333333333,16
35134272,564.1562962962963,18
35576839,564.1338461538461,13
35452543,564.1309090909091,11
23232307,564.1266666666667,21
21265240,564.1138095238096,21
23267658,564.1133333333332,15
35150307,564.085925925926,36
60013488,564.08,8
60028936,564.0657142857143,7
15004716,564.0555555555555,45
27054578,563.9581818181819,55
21196420,563.9567901234568,27
23065672,563.9405263157895,38
60021171,563.9222222222222,3
24078450,563.9094594594595,74
52116204,563.9088888888889,9
35102283,563.8994736842105,19
33159130,563.8549206349206,63
33193649,563.7762264150944,106
29318653,563.744827586207,29
35442720,563.7128985507246,46
29413443,563.7111111111111,9
35172509,563.6846913580247,27
15174077,563.6651428571428,35
35154271,563.65,30
35148799,563.6394736842105,38
23263849,563.6215384615384,13
15591000,563.6094736842105,57
35441843,563.6092307692307,26
33134634,563.6075,8
24042412,563.6073333333334,30
60012520,563.58,4
35117754,563.5775,16
25129139,563.5513513513514,37
25120867,563.5477083333333,32
26069300,563.5287999999999,25
15565653,563.5153333333333,40
29365406,563.5103703703703,27
32082754,563.4562869198312,79
35131787,563.4442666666666,25
60020296,563.44,2
60028954,563.4225,8
15139816,563.3877586206896,58
52046184,563.384761904762,42
35117341,563.3682352941177,17
26163888,563.3432,25
35101795,563.33375,16
29334551,563.3327272727273,11
60006350,563.32,4
35111831,563.2925925925925,27
33083770,563.28,11
11003090,563.2725,40
60028809,563.2625,8
43030017,563.249696969697,11
23068140,563.2366666666667,24
60015768,563.22,2
33116636,563.2066666666667,21
35063332,563.2011904761905,28
15162150,563.193568627451,85
21148996,563.1926086956522,69
26170469,563.1813333333333,15
35137716,563.1609090909091,22
21144028,563.1304761904762,21
35174836,563.1155555555556,9
60007154,563.1051851851852,9
51061180,563.1028571428571,14
33200572,563.1025,24
52091783,563.074,10
60024798,563.0640000000001,5
26168243,563.0576470588235,17
52106420,563.0442857142857,14
60026881,563.04,2
35115873,563.03,10
24067911,562.9928787878788,44
60024234,562.9466666666667,3
60025224,562.9399999999999,1
31366269,562.9359999999999,10
16007735,562.9337931034482,29
23070730,562.9323529411765,34
35119748,562.9174901960783,85
24057444,562.9044444444445,18
35806286,562.9030303030303,77
43216374,562.87,4
52105555,562.8646153846154,26
60018718,562.86,7
33193720,562.8591358024692,54
35110358,562.8245161290323,31
31323772,562.81,26
53007182,562.8008333333333,24
35295188,562.800606060606,33
60012354,562.7914285714286,7
26146290,562.7893333333334,15
35176459,562.786,10
33105391,562.7642857142857,14
60006778,562.7633333333333,6
35116087,562.7549019607843,17
35107335,562.7077272727273,22
60025243,562.7,4
15551377,562.6817391304348,23
27038440,562.6333333333333,16
35153461,562.6279999999999,10
35176229,562.577894736842,19
31014290,562.57,12
35808702,562.5459259259259,9
60009242,562.54,1
31294039,562.5018181818182,22
33070091,562.49,14
35148702,562.4849122807018,57
13064207,562.4829166666667,32
60015267,562.465,4
60027808,562.42,8
33200530,562.3822222222223,27
29993750,562.3818181818182,11
27047245,562.3690909090909,22
41152310,562.365,20
14006260,562.3488888888888,18
15173330,562.3316666666667,16
60025398,562.29,2
35148945,562.2797727272728,44
60022579,562.2675,8
60015755,562.2525,8
26143330,562.243076923077,39
29485274,562.2426666666667,15
33088535,562.2416666666667,12
25264923,562.238,10
35370824,562.2369230769231,26
60029316,562.2114285714285,7
27034780,562.1800000000001,28
60020315,562.18,3
52010139,562.1628571428572,14
27053008,562.1327272727273,22
15161366,562.088,15
35448886,562.082,10
60016549,562.08,3
60006444,562.0741666666667,8
26167115,562.0707936507937,126
35813114,562.0285714285714,14
35006001,562.0255555555556,12
53017439,561.9835714285715,14
60009751,561.936,5
32034296,561.9188888888889,18
52087468,561.899420289855,23
35110747,561.8966666666666,12
24059706,561.888148148148,9
53007468,561.8258333333333,24
15134539,561.8253571428571,56
35166455,561.8115447154472,41
35107827,561.7836363636363,11
35569070,561.7791397849462,93
41381459,561.776862745098,17
41037928,561.7635294117647,17
29456541,561.7588888888889,18
43114857,561.7376666666667,20
35188840,561.7276666666667,40
15096190,561.7223076923077,26
35155196,561.7199999999999,15
29453330,561.7116666666667,12
42021979,561.6959523809525,28
41048873,561.6653333333333,15
42156351,561.6370114942529,29
23036370,561.635,8
15175014,561.6317647058823,17
27224210,561.5984615384615,13
15208400,561.5870588235293,17
42195608,561.5569230769231,13
52108260,561.538,20
33046220,561.5333333333333,15
33448256,561.530731707317,41
26187507,561.5274285714286,35
60012446,561.5044444444444,9
52098621,561.4983333333333,36
27226620,561.4908602150538,62
29445442,561.4704,25
35117456,561.4666666666667,14
35110875,561.4534666666666,50
53084055,561.4485714285714,14
33077274,561.3875757575757,22
25111973,561.3870588235294,17
13313231,561.3536,25
15149536,561.339111111111,30
60020114,561.3280000000001,5
35167873,561.312,15
35156541,561.2785714285714,14
35805695,561.2693333333333,15
31184365,561.2517647058824,17
29806623,561.2466666666667,12
35134673,561.1958865248226,47
60021159,561.1857142857142,7
60025092,561.17,6
27046907,561.151111111111,9
35158318,561.15,52
60020697,561.135,4
60005107,561.1200000000001,1
53010450,561.1139130434782,23
60020120,561.108,5
33200378,561.0852631578947,19
26115441,561.0784905660378,212
35161287,561.0695652173913,23
35115770,561.0630769230769,26
29380790,561.0484848484848,11
60019781,561.03,4
33054126,561.0266666666666,15
33074852,561.0233333333333,18
33130981,561.005,12
33520313,561.0,7
33187762,560.983125,80
35805452,560.9738461538461,26
41152212,560.9327272727273,11
60015824,560.8933333333333,3
28059409,560.892688172043,31
35111442,560.885037037037,45
33200351,560.8771428571429,14
60020581,560.855,8
60019594,560.8228571428572,7
32076606,560.7760000000001,10
60005737,560.75,4
33039798,560.7439999999999,10
35163338,560.74,40
35369895,560.7116666666667,12
43162703,560.7115151515152,22
21591679,560.7114285714285,14
29343410,560.7085714285714,28
35116324,560.6882407407408,72
60015600,560.6657142857142,7
60015639,560.65,6
51058758,560.6448087431694,61
33179905,560.6408333333334,16
35102301,560.5837037037037,27
41373405,560.5733333333334,12
41063376,560.5721428571429,56
60024858,560.5400000000001,7
41388402,560.5333333333333,18
35100444,560.5314285714286,14
41149971,560.5058064516129,31
35288779,560.4710256410256,26
25098080,560.4703030303031,22
52080668,560.4456250000001,32
35172832,560.4388888888889,18
35139300,560.4353846153846,13
35165311,560.4348148148148,27
27220214,560.4246153846154,13
35107633,560.3740074906367,89
27045137,560.3539130434782,23
35159554,560.3425,8
52092062,560.336,15
60013756,560.2925,8
33192685,560.2675,32
26036070,560.2653846153846,26
26168820,560.2546788990826,109
24085600,560.228,15
60019915,560.22,2
60024414,560.2083333333334,8
35113050,560.2039506172839,27
35008950,560.2033333333333,24
26172852,560.1956862745097,51
33060355,560.187610619469,113
60009203,560.1533333333333,6
35105387,560.1509090909091,11
60013686,560.145,8
35151166,560.1363636363636,11
26117282,560.1216666666667,12
52202399,560.116,25
53014014,560.1142222222222,15
41129407,560.0971428571428,28
29396760,560.08,13
12014370,560.0713043478261,23
35112392,560.0673333333333,40
60007929,560.0600000000001,3
52043509,560.0590555555556,60
33064709,560.0584615384615,13
29427347,560.0151773049645,47
41165543,560.0060215053765,31
33126976,559.9836363636364,11
24078140,559.9181818181819,22
35152249,559.9044444444444,9
15560929,559.8952631578948,38
35152785,559.8635555555555,75
35105971,559.8305882352942,17
33071292,559.7518954248366,51
22143467,559.7369230769231,13
23077603,559.7360000000001,15
33103992,559.7157894736843,19
60015413,559.7108333333333,8
33033986,559.6524637681159,69
26091852,559.6188888888888,36
26156318,559.61,12
33075310,559.6053333333333,15
15167259,559.5775,40
60028970,559.51,6
33069778,559.506923076923,13
28036174,559.4557894736841,19
35187185,559.455,16
35008842,559.4269230769231,26
60014338,559.4171428571428,7
33173850,559.4134343434343,66
35171189,559.4085714285715,14
50011316,559.3870175438597,19
43105050,559.3843478260869,46
35115373,559.3447619047619,14
11000198,559.3409722222223,48
35155767,559.335294117647,17
52099067,559.3199999999999,10
60020652,559.2933333333334,9
60009292,559.26,6
35142700,559.25875,16
60001995,559.2514285714286,7
35125568,559.2277241379311,145
35197048,559.182,30
29532400,559.1641666666667,188
42002087,559.1220000000001,10
24069515,559.0717948717949,13
32064950,559.059012345679,27
13084500,559.0264197530864,27
33006652,559.0055555555556,12
13025694,559.0,15
35810538,558.9710476190477,35
60015276,558.97,2
60027911,558.96,1
26097290,558.9593103448276,29
60016502,558.928888888889,9
33159068,558.9285714285714,14
26189020,558.915294117647,17
35161007,558.9103703703704,36
52098362,558.8679166666667,16
35197397,558.8626666666667,15
17072026,558.8455238095238,35
60024219,558.8399999999999,2
60019467,558.8085714285714,7
23258748,558.8003389830509,59
27052125,558.7976,25
29478863,558.7733333333333,12
60025420,558.7166666666667,6
60007954,558.6955555555555,9
51069741,558.6933333333334,5
26150760,558.6929411764706,17
35430845,558.6844444444445,9
22107551,558.676,10
25124170,558.6504761904762,21
53012330,558.649696969697,44
60015765,558.62,1
29183790,558.6059259259259,27
35148908,558.5904761904761,42
29180902,558.5873684210526,19
60020218,558.5533333333334,3
41389093,558.5344827586207,29
31292451,558.5304347826087,23
26171414,558.4975,16
33193614,558.4890909090909,11
15131092,558.4683333333334,12
60019359,558.4225,8
35297410,558.3888888888889,9
33052484,558.3563636363635,33
52048713,558.3444444444444,9
60007559,558.3299999999999,8
35141159,558.3238095238095,21
43012043,558.3177777777778,18
27237800,558.2816666666666,12
35121563,558.222,10
60026874,558.1866666666666,6
41161084,558.1822222222222,27
15041670,558.17,64
23100753,558.1468888888888,30
33083690,558.1128571428571,14
35805051,558.08,11
29426243,558.0481481481481,9
60009470,557.99,6
29201640,557.99,16
35107608,557.9690322580645,62
35137042,557.9625,24
35148970,557.9605555555555,48
35140824,557.9321596244132,71
35126366,557.8714285714285,42
25104837,557.7410256410257,13
35168762,557.74,10
25021885,557.7253333333333,15
60015468,557.705,4
35141483,557.699512195122,41
35288573,557.69125,16
28014600,557.6714285714286,14
27046443,557.6018181818182,22
15172180,557.5204166666666,48
35175857,557.52,14
33048398,557.50875,16
31346420,557.48875,16
51089491,557.4791228070176,57
35114686,557.4745454545455,22
60009570,557.47,8
26101106,557.4605128205128,13
35189182,557.4591666666666,24
35185310,557.4477777777778,18
33175233,557.3739393939394,11
52067840,557.358947368421,19
60020276,557.355,8
35005391,557.3345833333333,16
35153564,557.264,10
43208681,557.2452307692308,65
42156378,557.2337037037037,18
35810575,557.2333333333333,27
53002067,557.2171428571429,14
60015320,557.2125,8
35308833,557.1994285714286,35
35103275,557.1818181818181,11
35114959,557.1464285714286,28
60004898,557.095,4
15096734,557.074193548387,31
60015719,557.04,4
60020554,557.02,5
35007851,556.9895652173913,23
60015479,556.9875,8
41154177,556.9788148148148,45
33193290,556.9471428571428,14
60024037,556.9399999999999,6
31343099,556.9242857142857,14
35291511,556.918,10
60020225,556.8475000000001,8
33187282,556.8435294117647,17
27321010,556.8353846153847,13
35495414,556.8092307692308,26
43211402,556.80625,32
35006165,556.7772413793103,29
35429570,556.7181481481481,18
53002571,556.691619047619,70
60004542,556.68,9
11033215,556.6579333333334,50
27226220,556.6525581395349,43
25068458,556.6270000000001,30
35161238,556.6244444444444,18
35806468,556.6169230769231,13
42144957,556.6140476190477,28
35110474,556.5981818181818,11
29469171,556.5851428571428,35
15172228,556.5842857142858,14
35119787,556.5814814814815,18
35419667,556.5575438596492,19
60020983,556.5333333333333,3
35583443,556.5164779874214,53
35120029,556.4906666666667,15
23276002,556.4723456790124,27
35101965,556.4645454545454,22
29460441,556.4515555555555,45
27215474,556.4484615384615,26
35110024,556.3443715846995,61
33060754,556.3145454545455,11
25266942,556.2985185185184,36
41354540,556.2533333333334,9
33189170,556.2491525423728,59
35140442,556.2158974358974,13
28032861,556.1768472906404,203
43093353,556.1728888888889,45
21249911,556.1671428571428,14
35804101,556.0872727272728,11
60003469,556.0866666666666,9
26175207,556.0669565217391,23
26097567,556.03,10
60001966,555.97,2
35116701,555.96875,16
27223213,555.947619047619,21
35142815,555.8977777777777,18
60012528,555.8691666666667,8
33121605,555.8663157894737,19
32019688,555.8346666666667,15
60015049,555.81,2
35119581,555.7993333333333,70
60014798,555.771111111111,9
60015366,555.7666666666667,6
35153345,555.7533333333333,17
33193339,555.7520000000001,10
26132028,555.7333333333333,9
35102180,555.72,23
60009771,555.6955555555555,9
35107153,555.6950724637682,23
52106357,555.6899999999999,10
35004980,555.644,10
33018626,555.6174603174603,21
35175687,555.6173333333334,15
60004460,555.6,1
24287326,555.5749999999999,12
33061017,555.5635294117646,17
35061323,555.5581818181818,11
60000836,555.5133333333333,6
41385357,555.51,24
35100080,555.5077777777777,18
52104699,555.4694736842106,19
29230837,555.4666666666667,15
41148118,555.4033684210526,95
33090041,555.3939130434783,46
60009656,555.3533333333332,9
35140132,555.2944444444444,18
60020971,555.29,2
33159211,555.2847619047619,14
15084620,555.23125,16
60013122,555.2057142857142,7
27215180,555.1536842105263,19
33116709,555.145,20
29454425,555.1378947368421,19
27050289,555.1146296296297,36
33121753,555.0846153846154,13
29399262,555.0785714285714,14
35109848,555.0719047619048,56
12033545,555.0506306306306,37
41382366,555.0290909090909,22
35179848,555.0173333333333,15
28029321,555.01,10
23277467,554.9272463768117,23
35008763,554.9222222222222,9
60009670,554.9133333333333,6
29375967,554.856,20
22144153,554.85,12
60021180,554.8399999999999,5
35197269,554.8109677419354,31
31369667,554.7672727272727,11
60020125,554.75,6
15011020,554.728,10
33138737,554.7157142857143,14
33110549,554.6814285714286,14
31385069,554.6383739837398,41
27046877,554.62,15
35449748,554.5595833333333,32
35110929,554.5578571428572,28
35802232,554.5537254901961,17
35102088,554.5359322033898,59
60025973,554.5,5
60014829,554.4666666666667,3
35151889,554.4498550724637,23
26138590,554.4285714285714,28
27321029,554.4278787878787,33
33190674,554.4135483870967,31
53086007,554.3931481481482,36
35173137,554.3896551724139,29
33185476,554.384761904762,21
60019779,554.3666666666667,3
35007387,554.366,20
60028955,554.3571428571429,7
41133480,554.346156862745,170
41366522,554.3382608695651,23
60003208,554.3285714285714,7
60019336,554.2991666666667,8
35170409,554.2851282051282,26
60016339,554.2488888888888,9
41155211,554.2015525114156,73
43139086,554.1938095238095,14
60005677,554.1933333333333,9
33159815,554.1690000000001,20
35809706,554.1571428571428,14
60020093,554.12,4
53003551,554.1156666666667,80
35335733,554.0896296296297,9
35135021,554.08,9
35100365,554.0621212121213,22
27327019,553.9945454545455,11
35811403,553.9,17
35139051,553.8707692307692,13
15158047,553.8288888888889,12
35258039,553.7961904761904,14
28035488,553.7376923076923,13
21261121,553.7290476190476,98
29327776,553.7212499999999,16
53018770,553.7169230769231,26
60020113,553.7133333333333,6
60004177,553.6822222222222,9
35482912,553.6814583333334,32
60024422,553.6777777777778,9
15225020,553.6703703703704,81
60019913,553.64,3
26128853,553.6207407407408,27
35142761,553.5870370370371,18
52029921,553.5655555555555,18
32043171,553.5441666666667,8
33067694,553.4456666666667,20
33065993,553.4434782608696,23
35116014,553.3773913043478,23
27014940,553.2944,25
32039050,553.2791304347826,23
52047180,553.2661333333333,25
24055654,553.2026086956522,23
33075930,553.193,20
33163006,553.18,14
60019473,553.18,3
24000922,553.1353846153846,13
35250348,553.0482666666667,25
15570479,553.028735632184,87
33170509,553.0184615384616,13
60000634,553.0024999999999,8
35142724,552.971,40
21156280,552.9672727272728,11
60019443,552.9666666666666,6
60009637,552.96,4
35119520,552.946,10
60015189,552.9314285714286,7
53014170,552.9277777777778,18
35108959,552.9236296296295,90
26118270,552.8688888888888,18
53016963,552.8635042735043,78
33152322,552.8483809523809,35
35108873,552.8163862928349,107
60026494,552.72,5
60015731,552.7199999999999,3
60007350,552.6999999999999,7
60008175,552.645,4
60020191,552.6266666666667,6
60015785,552.5666666666667,6
35151737,552.5578333333333,20
60018856,552.5571428571428,7
35189935,552.5382608695652,23
29393140,552.5366101694915,59
21046069,552.5122751322751,126
52059928,552.5010897435898,104
35139610,552.4936,25
60002953,552.49,8
41140362,552.4628571428572,35
60015717,552.45,8
60019926,552.4200000000001,2
33092982,552.4157575757577,11
32065523,552.4147368421052,19
60027928,552.4066666666666,6
60013977,552.404,5
27047440,552.3675000000001,16
60014224,552.3444444444444,9
35133735,552.3306666666666,20
29199530,552.3129032258065,31
35109356,552.2923076923078,13
23076259,552.26375,16
27054195,552.2346666666667,15
60008453,552.1999999999999,4
52090817,552.1933333333333,9
29457041,552.1825555555555,60
33143846,552.1536363636363,22
35107529,552.077894736842,19
35137418,552.073137254902,34
33090092,552.07,12
52033244,552.0271895424836,51
43005780,552.01,4
60028854,551.9777777777776,9
60000229,551.9399999999999,5
35004874,551.9187301587301,21
35108868,551.9035294117648,51
23073233,551.8931111111111,30
26163411,551.8694444444444,12
33102961,551.8577777777778,12
23071982,551.7940000000001,10
29183464,551.7933333333333,15
60014640,551.7822222222222,9
35118679,551.7366666666667,12
35140004,551.7353846153845,26
60021025,551.6933333333333,3
60001700,551.69,2
60014751,551.5999999999999,9
31316016,551.566,10
15134504,551.5350877192982,19
53017986,551.5345454545454,11
35809305,551.4797777777778,30
60020006,551.476,5
41059069,551.4714285714286,14
60027667,551.4566666666666,6
60014946,551.38,4
33105227,551.3633333333333,12
35160477,551.3412121212122,99
60009589,551.335,8
60013862,551.2933333333334,9
60029257,551.288,5
60024421,551.2360000000001,5
35101011,551.226857142857,35
41378245,551.219,20
26157233,551.2186666666665,15
60003646,551.2,4
35006207,551.196923076923,13
41387210,551.1547619047619,14
26102617,551.13125,32
33088560,551.1238095238095,21
33176752,551.0380392156862,51
15572900,550.9882352941177,17
60008197,550.9644444444444,9
25098306,550.96125,16
52024636,550.91,14
35139774,550.8963218390804,29
60007580,550.8333333333334,9
35293532,550.813,20
35117912,550.7631578947369,19
35118977,550.7409090909091,22
43035752,550.7246153846154,13
60013444,550.71,6
35810548,550.6781818181818,11
28085400,550.6557291666667,64
29642612,550.6351754385964,76
42144531,550.605,16
11015896,550.5980952380952,42
24294306,550.5790804597701,29
26441713,550.5583333333333,12
41361890,550.5447058823529,17
15164705,550.54,9
35112756,550.5307692307692,13
53026004,550.5270588235295,17
35110164,550.4963888888889,24
35110899,550.4877611940299,67
35288412,550.4769230769231,13
51094215,550.47,28
35102465,550.4429696969697,55
35138708,550.4284848484848,22
33218803,550.3966666666666,12
52108180,550.3864,25
21136971,550.38,26
60020028,550.3633333333333,4
31280135,550.3628571428571,14
60027168,550.36,6
25126210,550.3488000000001,25
33182884,550.3474576271186,59
60009776,550.3257142857143,7
25061631,550.2638095238095,14
29181925,550.2460869565217,23
31022811,550.2214285714286,14
13031783,550.1441530054645,61
53011368,550.0814285714285,14
31382744,550.0533333333333,9
60014573,550.0485714285714,7
35195182,550.0333333333333,12
15159310,550.025,24
26133776,550.0117647058823,17
60015229,550.01,8
35006923,550.0,39
25098322,549.9382352941177,17
33172030,549.9116666666666,12
60028861,549.8885714285714,7
35139452,549.8636363636364,11
35124527,549.8566666666667,12
35566809,549.791875,96
52098818,549.7820289855072,23
60025402,549.72,1
35342956,549.6878260869565,23
22023771,549.6793548387097,31
35009839,549.6026666666667,20
41152093,549.5788235294118,17
25127020,549.4776470588234,17
15565572,549.3672,25
25126890,549.3154838709677,31
33067864,549.3000000000001,12
33184623,549.286,10
41022440,549.2617948717949,26
27342018,549.2258823529412,17
35568545,549.2233333333334,10
27045153,549.1294444444444,36
52096300,549.1161290322581,31
60013111,549.1,1
35008839,549.096,10
43037780,549.0883333333333,12
35159463,549.0266666666666,12
60019991,548.9875000000001,8
35150198,548.9636781609196,58
29425964,548.96,10
35126457,548.9341666666667,16
60002698,548.9088888888889,9
22143033,548.8895652173912,23
41163761,548.8666666666666,31
60008286,548.8344444444444,6
60024497,548.777142857143,7
60016199,548.7766666666666,4
43107397,548.7454761904762,28
12032859,548.7363636363635,11
60009642,548.73,2
35467789,548.7096969696969,11
31264342,548.6442857142857,14
60015293,548.62,2
27223140,548.615,8
60004771,548.6022222222223,9
43107800,548.5974193548387,31
11040076,548.5600000000001,16
35140466,548.5507692307692,13
41144945,548.55,14
35141501,548.2776470588235,17
35135471,548.2714285714286,21
60014729,548.27,8
26182157,548.26,13
33165963,548.188,10
35165232,548.17918699187,41
52110400,548.1544444444445,18
25116746,548.1012499999999,16
60019305,548.08,1
35267260,548.001,20
33081328,547.9628571428572,14
35120406,547.9589333333333,50
33123829,547.9153846153846,13
33042373,547.8993939393939,11
60015453,547.89,2
22003576,547.8366666666667,12
60020927,547.78,2
23062541,547.7408333333333,16
60015102,547.7152380952381,7
52078647,547.6906666666666,10
33128260,547.6902222222221,15
60025581,547.69,8
60015524,547.6825,8
60003466,547.675,4
60015784,547.66,9
33174890,547.6484210526315,19
60015686,547.6,8
60008613,547.568,5
35109472,547.5406542056074,214
33067376,547.5181818181818,11
35144058,547.507,20
60019308,547.5,7
60014999,547.49,2
60014176,547.488,5
60016131,547.4491666666667,8
35161317,547.4138888888889,12
35167782,547.3693333333333,20
60009775,547.3499999999999,2
15172732,547.3207843137254,17
35139622,547.2173333333334,15
33548242,547.2111764705883,17
35141331,547.1813333333333,10
35109400,547.1558974358974,65
60020587,547.155,4
29380855,547.1542857142857,14
60014945,547.1279999999999,5
35111041,547.118,10
33181560,547.095,12
35153217,547.0892307692308,13
15531350,547.0826515151515,88
60015105,547.0485714285714,7
33139440,547.045,12
35159384,547.0253333333333,15
29220114,547.0055555555556,18
35004855,546.985,12
35808040,546.9822222222223,18
60019860,546.9777777777778,9
60013774,546.94,4
60026017,546.92,1
33197156,546.92,15
29456444,546.8872727272727,11
60014611,546.885,4
41101324,546.8585185185185,54
35114397,546.8338095238096,21
13064215,546.82,47
15563448,546.795,54
26064111,546.7712,25
51064367,546.7600000000001,11
25126750,546.7354545454546,22
35148805,546.7323367697594,97
27044025,546.6986666666667,15
60009258,546.6952380952381,7
15230023,546.6434666666667,25
28034899,546.6048888888889,15
35172492,546.5984210526316,38
23206373,546.5886956521739,23
60020316,546.5,6
33193444,546.4997222222222,24
33159599,546.4787179487179,78
25133039,546.4621052631579,19
33115273,546.4358823529411,34
24082449,546.422,10
23077409,546.3547619047619,28
60026501,546.312380952381,7
35007181,546.3075362318841,23
33058504,546.2959999999999,25
35106677,546.2236036036036,74
60007065,546.2075,8
33180563,546.19375,16
35154441,546.1923333333333,20
26036401,546.1764210526316,95
25061674,546.1527272727272,22
33107319,546.136811594203,23
35307555,546.0583333333333,12
60007064,546.0233333333333,6
33177996,546.0161764705882,68
60005188,546.0,8
60021190,545.9966666666667,8
35801859,545.9825,16
41158482,545.9651515151515,22
43146422,545.9542857142857,7
35431059,545.874,10
13025228,545.8701785714286,112
31006998,545.8199999999999,10
60003346,545.8171428571428,7
60013976,545.816,5
60020416,545.8133333333334,6
35109393,545.7949019607844,34
35811191,545.7927777777778,12
60015003,545.7866666666667,6
24087017,545.776,15
35010346,545.7254545454545,11
35118989,545.6933333333333,9
33153477,545.6028571428571,21
60014344,545.588,5
31219983,545.5581818181819,11
24059358,545.5388571428572,35
35263795,545.4327272727273,11
35441922,545.39,12
60009685,545.3275,8
41140397,545.3018181818181,11
60021194,545.288,5
33143145,545.26,21
41078640,545.1915151515151,11
26179679,545.16,17
60000260,545.155,4
60019140,545.125,8
60025353,545.1,1
60025208,545.04,7
35174920,544.998947368421,19
35102295,544.9514285714286,28
33126674,544.9433333333333,18
15174980,544.9024691358024,27
60025396,544.9,2
60019735,544.8222222222222,9
60002145,544.8044444444444,6
22141006,544.6864197530864,27
60019501,544.6800000000001,2
60002726,544.6542857142857,7
23225890,544.6432478632479,39
50065807,544.6106666666667,10
26224658,544.606,10
33142661,544.6020512820513,13
51039826,544.5827272727273,44
43107559,544.5658823529412,17
35171116,544.5183333333333,12
28043405,544.5063157894738,19
60027858,544.47,2
52025780,544.47,28
60021079,544.4458333333333,8
60027766,544.408,5
33093008,544.3973333333333,30
60005237,544.384,5
29483999,544.37,16
52055515,544.3626315789473,38
25118102,544.3489999999999,20
60020070,544.2925,8
60020965,544.2766666666666,6
60001666,544.24,5
60013642,544.2177777777778,6
22029150,544.1978947368422,19
33120510,544.1916666666667,12
28013646,544.172,20
42055253,544.1707692307692,13
33071632,544.1546666666667,15
60020642,544.0799999999999,4
15114015,544.0266666666666,21
35268422,544.0,18
25117050,543.9724074074074,36
21281351,543.9225,16
60025270,543.9013333333334,5
60007920,543.8885714285715,7
24001759,543.785,12
13031872,543.7707692307692,13
26185091,543.745,20
60003348,543.7377777777778,9
13025295,543.6933333333333,65
16007794,543.6823655913978,31
15108023,543.6690043290043,77
60004045,543.6600000000001,1
31310158,543.6521212121212,22
26147505,543.6179166666667,32
33191018,543.6125925925926,18
31299235,543.61,27
35803066,543.5844444444444,15
27214400,543.5764705882352,17
21093130,543.5640860215054,62
26177536,543.5363636363636,11
60014478,543.5,7
41152425,543.476,35
33174318,543.4636363636363,11
29387477,543.4442857142857,14
50002864,543.4331578947368,38
42153379,543.426,10
35582924,543.4035294117648,17
21288380,543.3558333333334,24
41159977,543.3434408602151,31
33060690,543.3433333333334,12
60020418,543.3333333333334,3
60015042,543.316,5
33185425,543.3034920634921,42
53082001,543.265,8
33153310,543.1892307692308,13
29339138,543.1657142857142,14
16011759,543.1145454545455,11
35148885,543.0938095238096,56
52281361,543.0566666666667,12
35150265,543.0505555555555,36
41392213,543.0390243902439,41
60025215,542.98,2
29130620,542.9609523809524,21
28017480,542.9565432098766,27
33091226,542.9366666666667,21
60007844,542.8833333333333,8
35464259,542.8333333333334,15
21257523,542.803076923077,13
35812031,542.785,12
35150836,542.7836363636363,11
22144978,542.7660416666666,32
51022753,542.729696969697,11
51087405,542.6088888888888,9
51093650,542.5935353535353,66
23232234,542.5514814814815,18
60029211,542.4706666666666,5
33081727,542.4705128205128,78
60019763,542.4399999999999,3
60009599,542.4244444444444,9
35168622,542.3662068965517,29
33078963,542.365,16
35173241,542.2965217391304,23
21239843,542.2817391304347,23
12010928,542.2783333333333,36
60005690,542.1822222222222,9
33075409,542.1216666666667,12
60020284,542.12,9
31210251,542.0884848484849,11
35290415,542.06875,16
13029860,542.0453333333334,15
35119210,542.0193939393939,11
33125023,541.9399999999999,7
52030784,541.9354385964912,19
15155005,541.9266666666666,30
15118967,541.9235294117648,17
35809724,541.809,20
35481580,541.7503333333333,20
23165022,541.668547008547,39
33075131,541.6153846153846,13
29419115,541.606,10
33160759,541.596,15
35151130,541.595,16
35185346,541.58875,16
60008426,541.58,5
27047431,541.5481818181818,22
41154967,541.5223529411765,34
33175659,541.5148571428572,35
23074264,541.4933333333333,12
35008650,541.4634567901235,27
35137108,541.3746341463415,41
35809883,541.3612499999999,16
60029040,541.3599999999999,1
60007866,541.344,5
41389808,541.3199999999999,20
29398053,541.3180645161291,31
22141154,541.2498666666667,25
60019587,541.2491666666667,8
60027640,541.2485714285714,7
60019468,541.245,4
60020304,541.2399999999999,6
35009648,541.1685714285715,14
13025376,541.1646783625731,57
35579890,541.1569444444444,24
33473218,541.1396296296297,18
60019966,541.12,3
35159268,541.0813333333333,15
35110139,541.0523076923076,13
60015635,541.0466666666666,6
60004545,541.04,4
35152407,540.9563636363637,11
33147779,540.9233333333333,12
28014103,540.8825806451613,31
52034720,540.8645,20
60025344,540.8608333333333,8
15096009,540.839,20
15532925,540.8199999999999,13
31006432,540.735,12
42028736,540.7278571428571,28
60015326,540.7199999999999,3
33060371,540.7133333333333,24
29479983,540.6872727272728,11
26189143,540.6820689655173,29
32041772,540.66,8
35140090,540.5321212121212,11
60020537,540.52,6
27052095,540.5085714285714,14
33098840,540.474074074074,18
60006442,540.4499999999999,6
31382515,540.4246153846154,13
35434361,540.3247222222222,24
27320022,540.3175,16
35143443,540.2989473684211,19
60015087,540.275238095238,7
43105114,540.272,30
33111260,540.2521052631579,19
60019984,540.2333333333333,3
43033482,540.2076190476191,21
60018684,540.2044444444444,9
60003050,540.1800000000001,5
33111430,540.141282051282,52
35809184,540.1409090909091,22
60001696,540.1233333333333,6
60001165,540.1183333333333,4
33128278,540.0266666666666,17
35802013,539.8906666666667,20
35114042,539.8244444444445,9
15586715,539.809756097561,41
29422981,539.7897743813683,458
60015626,539.7866666666667,3
60016356,539.77,4
41602072,539.756888888889,75
60001994,539.7314285714285,7
60020852,539.6400000000001,4
60020399,539.64,3
35260939,539.5650980392156,17
60008678,539.508,5
35179383,539.5022222222221,9
52089924,539.426,10
60008665,539.4066666666666,6
27049035,539.399420289855,23
35150848,539.396,10
60027036,539.3942857142857,7
60007558,539.3266666666667,3
35004865,539.2904347826087,23
15584070,539.277,20
60025992,539.265,4
60013990,539.26,3
42164478,539.25,10
60015571,539.2233333333334,6
35101771,539.1973913043479,23
60007584,539.1933333333333,3
13104586,539.1622222222222,9
42068665,539.1505263157895,19
51092824,539.1054901960784,17
60015657,539.1025,8
35118266,539.0615555555555,15
60014755,539.0514285714286,7
60014639,539.0466666666667,3
35803881,539.012,25
52048977,538.9619047619047,21
60014405,538.9399999999999,6
29036151,538.7527272727273,11
60015646,538.66,3
60024013,538.56,2
23252499,538.5116666666667,24
29442982,538.4925,16
15165809,538.478888888889,36
60015841,538.4485714285714,7
33084254,538.3523529411765,34
33225605,538.343888888889,12
41076370,538.24,16
25103253,538.1337931034483,29
60008287,538.08,7
27046362,538.073846153846,13
60015423,538.0350000000001,4
43176828,538.004,10
60023606,538.0022222222223,9
60009619,538.0,4
60027341,537.9773333333334,5
60016055,537.91,4
27213714,537.9096,25
23081457,537.9057142857142,14
35141297,537.8666666666667,20
42306264,537.8504761904762,7
60028907,537.84,6
21267073,537.84,11
35150654,537.7975,8
26120224,537.7888888888889,18
33063575,537.7881720430108,31
33159009,537.7666666666667,21
60013074,537.76,1
35161299,537.7313725490196,34
60007359,537.6500000000001,4
43203817,537.6197435897436,52
35155147,537.5166666666667,24
23077484,537.51375,16
35300214,537.506,10
60014682,537.4549999999999,8
35162930,537.4509090909091,11
60019614,537.4022222222222,9
35141768,537.3857142857142,14
60001846,537.3799999999999,1
52098532,537.3626282051282,104
60019399,537.3325,8
26101882,537.3016666666666,12
24080187,537.2845833333333,16
25132415,537.1819047619048,21
60015117,537.0799999999999,5
52086488,536.9876923076923,26
35809688,536.8081818181819,22
51093073,536.7911111111111,30
13098519,536.7805405405405,37
26234610,536.710909090909,11
60019514,536.68,6
26186217,536.6683333333333,24
60007346,536.59,2
35004602,536.58,11
33450226,536.5473684210526,38
35811269,536.4958333333333,16
60020008,536.4771428571429,7
31305120,536.4453183520599,89
60016113,536.364,5
29365805,536.2900000000001,12
35418961,536.2833333333333,12
33041733,536.2692307692307,26
60021204,536.2199999999999,6
60027917,536.188,5
35195790,536.1211764705882,17
24295302,536.0138461538462,13
60008269,535.9825,8
35009768,535.98125,16
41377117,535.9514285714286,14
60015104,535.9485714285714,7
33069476,535.864,15
41150856,535.8488888888888,30
26179350,535.8317647058823,17
41152131,535.8219047619048,21
35138630,535.8075,16
60024147,535.8075,8
60013252,535.7857142857143,7
24344320,535.73875,16
33058806,535.701212121212,11
35100183,535.6785714285714,14
60020420,535.6,1
60029063,535.585,4
26163748,535.5817391304348,23
29459214,535.5620588235295,34
26133199,535.4964705882353,17
60004901,535.4725,8
43006280,535.4716666666667,16
35585518,535.452,10
16009762,535.4382222222223,15
35151907,535.1764705882352,17
35185449,535.1615384615385,13
21500720,535.1509090909091,11
21470200,535.1404444444445,15
35482812,535.1102564102564,13
35168828,535.0581818181819,22
60020754,534.9855555555555,6
33084165,534.9317647058824,17
33143366,534.9306666666666,20
25117254,534.9116666666666,12
13090186,534.8066666666667,18
60020278,534.7342857142856,7
26107155,534.653,20
60029056,534.6314285714286,7
21617660,534.5981818181818,22
33026459,534.5955555555556,18
60015465,534.58,7
33143803,534.5414285714286,14
60019708,534.52,2
33116512,534.5177777777777,9
26148625,534.5088888888889,27
51190842,534.4826666666667,10
60015455,534.4666666666667,6
41001249,534.4322222222222,12
33159750,534.4127272727272,11
60028807,534.396,5
33152209,534.3733333333333,12
23082321,534.32875,16
21527660,534.3285714285714,7
60014508,534.3025,8
31074292,534.1218181818182,22
60001631,534.1133333333333,3
60013609,534.0533333333334,6
23066644,534.0526315789474,19
60000927,534.02,3
24059935,533.952,40
33058148,533.9417777777778,15
60009622,533.9000000000001,9
52096904,533.8519191919193,33
33191794,533.8299999999999,10
60020212,533.8199999999999,4
11019956,533.7845714285714,35
60016132,533.76,2
41008758,533.7214285714285,14
60019932,533.7085714285714,7
33114692,533.6822222222222,18
60008274,533.68,3
26188090,533.6336666666667,20
60015089,533.6233333333333,6
33352216,533.6069047619047,28
60028529,533.5011111111111,6
60000099,533.4599999999999,4
23066431,533.3748148148147,18
35800971,533.332,15
33090700,533.328,10
35808830,533.2872727272727,11
41386965,533.2829629629629,9
33082014,533.27,8
33129029,533.2666666666667,12
60020036,533.2049999999999,8
35005209,533.0474074074075,9
33143374,533.036923076923,13
41152220,532.9958333333333,24
33110808,532.9466666666667,9
35123547,532.9216666666667,12
35810940,532.8716129032258,31
29615607,532.868,10
11048450,532.8427192982457,76
60020723,532.7771428571428,7
33088101,532.7513888888889,24
60001685,532.6560000000001,5
26117525,532.6418518518518,18
60028654,532.62,6
33150699,532.4765217391304,23
32034318,532.4492307692308,13
33071713,532.4345454545455,11
60015239,532.42,7
35006111,532.4010526315789,19
41025229,532.3909090909091,11
33068925,532.3422988505747,58
60015736,532.3399999999999,1
12012904,532.2405555555556,36
17056420,532.22,11
35159207,532.1975238095238,35
35006160,532.1781481481481,18
26181673,532.0946666666666,25
33127123,532.0389473684211,19
35567863,531.9963636363636,11
33083550,531.9929078014185,94
60020412,531.92,5
43175546,531.8877777777778,24
23076402,531.8366666666667,12
60005094,531.8266666666667,7
60012984,531.825,4
26176840,531.7884210526315,19
60021027,531.7666666666667,3
35177015,531.6722222222222,18
35385244,531.6611111111112,12
60006462,531.6514285714286,7
33530220,531.6426086956523,23
13025333,531.6347826086957,46
31383597,531.4936363636364,22
35141732,531.4933333333333,9
35113402,531.45,10
21090009,531.4499999999999,16
60021236,531.4342857142857,7
33138460,531.402,10
60020934,531.3933333333333,3
35179577,531.3676923076923,13
60029018,531.271111111111,9
29171288,531.1728571428571,21
33470227,531.1616666666666,12
21197913,531.1216666666667,12
60023083,531.1,1
35194827,531.04,8
60001673,530.995,4
35567985,530.9821052631579,19
60007715,530.9725,8
60016234,530.9599999999999,3
60009932,530.9475,8
35108561,530.9372727272728,22
22139893,530.908,10
52031772,530.886,10
21154619,530.7475,16
33065357,530.64,14
60020240,530.5400000000001,3
21265283,530.5323076923077,13
41605985,530.5316666666666,12
33133840,530.5195555555556,15
27049248,530.4955555555556,9
26111772,530.4816000000001,25
26205602,530.4577777777778,30
28033604,530.4505263157895,19
41141024,530.4388888888889,18
33119376,530.4206666666666,10
43178316,530.4056944444444,48
15159264,530.4046153846155,13
33127743,530.3914285714285,14
60003638,530.3800000000001,2
60020411,530.3383333333333,6
13090100,530.3011111111111,18
33192030,530.2841666666667,24
28017463,530.2781818181819,11
35198959,530.2431578947369,19
60014371,530.23,2
24061158,530.2216666666667,12
35111053,530.1857142857143,21
60020433,530.1833333333334,4
22130640,530.1763157894737,19
60021253,530.04,7
25091360,529.9333333333333,30
60019630,529.92,4
14001080,529.7018055555556,48
60020025,529.6666666666666,6
35130928,529.6619354838709,31
60012442,529.455,4
60015669,529.4028571428572,7
35120819,529.3741666666667,8
60010643,529.2366666666667,6
60015290,529.228,5
35131295,529.1612121212121,33
60015296,529.0675,8
33175632,529.0646153846154,13
43098843,528.9822222222223,9
60027133,528.932,5
29393248,528.8936363636363,22
52032183,528.8822222222223,15
60015506,528.8399999999999,1
43069223,528.8207407407407,9
35167459,528.804,15
33178682,528.8023744292237,73
60029307,528.79,2
27214915,528.7702564102564,26
33089035,528.7376470588234,17
60015331,528.7325,8
33142548,528.7181818181818,11
13031660,528.7059999999999,20
31230308,528.6818181818181,11
35114923,528.6328205128206,13
60009557,528.5911111111111,6
29448786,528.569090909091,11
52095592,528.5458823529412,17
60028952,528.53,2
33189340,528.3977777777777,15
15569179,528.3759523809524,28
29380740,528.3453333333333,15
33070008,528.3266666666667,27
60015323,528.3238095238096,7
15117014,528.2928571428571,28
60020181,528.2714285714285,7
25087193,528.2404301075269,31
27049159,527.948,15
60013446,527.8,5
29252830,527.7746666666667,30
33162948,527.5414285714286,56
60027390,527.5233333333333,4
29478871,527.4863636363636,22
60009748,527.4766666666667,6
60005252,527.46,1
35004795,527.4553846153847,13
35313524,527.4183333333333,12
53018630,527.3287179487179,13
60005191,527.2875,8
60015772,527.252,5
41388232,527.0711111111111,33
32014791,527.0036363636364,11
60015213,526.8199999999999,1
24064068,526.7676923076923,13
27047270,526.7566666666667,18
26033933,526.7427272727273,11
31376809,526.7070833333333,48
60009620,526.6949999999999,4
43186750,526.69,2
15168662,526.6528205128205,13
35118357,526.6290909090909,11
41427823,526.5865306122449,49
31380342,526.5461538461539,13
33107610,526.5133333333333,12
60009297,526.4685714285714,7
35165505,526.4422222222222,18
29181062,526.4359999999999,10
15562352,526.3258666666666,25
52099822,526.309,20
26162130,526.26,11
60015555,526.1903703703704,9
60022357,526.06,2
33071403,526.0435294117647,17
33173133,525.9901960784314,17
60020258,525.9766666666666,6
31354899,525.9177777777778,6
27005933,525.8177777777778,9
33103364,525.7966153846154,65
43175406,525.79,4
60007982,525.7371428571429,7
35342968,525.7166666666667,20
35568028,525.6847058823529,17
60019923,525.6177777777779,9
60015036,525.6142857142858,7
35482638,525.6054545454546,11
60014268,525.54,3
26171155,525.512,10
24061506,525.3983333333333,24
60020558,525.2533333333334,9
43031927,525.1,12
31349372,524.9836842105263,38
60019271,524.976,5
24025461,524.959595959596,33
29241065,524.9382905982906,39
27036510,524.9013333333334,15
60007156,524.876,5
60015310,524.8485714285714,7
60006336,524.845,8
60002096,524.8025,8
25130510,524.7673684210527,19
35187318,524.756923076923,13
35199618,524.6772222222222,12
26111632,524.6213333333333,15
60027481,524.6,7
27347010,524.471568627451,34
29050880,524.4516666666667,12
60012720,524.4466666666666,3
35007041,524.4197435897436,26
26170833,524.4100000000001,10
35137078,524.3933333333333,12
26140870,524.3133333333334,26
26174189,524.2577358490566,53
60015467,524.215,4
24088030,524.0993548387097,31
33155798,523.9153846153847,13
29406579,523.8435294117647,34
35566950,523.83625,16
43219713,523.7513888888889,24
60003764,523.7,5
35126482,523.6190476190476,14
60015556,523.57,6
60007583,523.4933333333333,6
42103215,523.3545454545455,22
35133498,523.2225,24
35165694,523.2145454545454,11
29475708,523.1723076923076,13
33068895,523.1423529411765,17
60014684,523.12,3
21044813,523.119393939394,33
35110917,523.052,10
31266655,522.9066666666666,12
60007890,522.7103703703704,9
29170567,522.5890909090908,11
13026356,522.5228571428571,21
32007930,522.4786666666666,10
23269065,522.44,9
50000101,522.428888888889,18
60019538,522.42,3
35124448,522.4155555555556,9
33079315,522.3630769230768,13
35125416,522.3451282051282,13
33178038,522.3394871794872,26
60008285,522.3066666666667,6
23186259,522.28,10
22020829,522.2581818181818,11
33113360,522.2137121212121,88
60020954,522.12,2
60018971,521.995,8
60020463,521.96,2
33148287,521.8375897435898,65
60023876,521.8299999999999,4
60005890,521.7155555555555,9
15584100,521.4263492063492,21
29171016,521.4261538461539,26
60009554,521.34,3
35123560,521.2981818181818,11
33055343,521.25125,16
16002032,521.1933333333334,68
60019604,521.1800000000001,1
27037169,521.1800000000001,14
60015647,521.1114285714286,7
60003447,521.0699999999999,2
26190265,521.0600000000001,16
23076658,520.8228571428572,14
23265159,520.7945454545454,11
60008614,520.79,4
60015016,520.636,5
24048631,520.62,13
33101663,520.4637962962963,144
60020783,520.4333333333334,6
60020071,520.415,4
29422205,520.4140540540541,37
60005011,520.3044444444445,9
60020432,520.2844444444445,9
60019421,520.2704761904762,7
13105337,520.2018181818182,11
60019493,520.185,4
60025494,520.0733333333334,3
60003363,520.024,5
26178133,519.9923076923077,13
26157373,519.992,15
60014446,519.8866666666667,3
35106159,519.8420512820513,26
33143170,519.8307692307692,13
29998786,519.8298245614035,19
60020034,519.7950000000001,4
23556048,519.7828571428571,14
27226697,519.7528571428571,28
60023397,519.735,4
60027185,519.6899999999999,6
60019643,519.6555555555556,9
26189135,519.6077777777778,12
33168970,519.5822222222222,18
60000929,519.572,5
60002303,519.5533333333334,3
60007389,519.5333333333333,6
60009483,519.5225,8
60026932,519.51,2
33196583,519.5016666666667,8
60020512,519.0600000000001,5
33048037,518.9988235294118,17
28019547,518.9694117647059,17
60015441,518.965,8
52083632,518.8971428571429,7
28031350,518.778,10
41384750,518.7624,50
26174774,518.7099999999999,14
29383293,518.7018181818182,11
21208840,518.695,8
33153787,518.6263768115942,23
31350133,518.5563636363636,11
33467293,518.5104166666666,16
60013041,518.4599999999999,3
60005651,518.4266666666666,6
60029029,518.4066666666665,5
33161348,518.3375438596491,19
60007962,518.312,5
35153151,518.228,15
60015055,518.14,8
60007889,518.135,8
60029093,518.0466666666667,3
21273332,518.0,10
60015011,517.9733333333334,3
60007164,517.955,4
33152730,517.9388405797101,23
60007992,517.8166666666667,6
60027799,517.5500000000001,2
60025428,517.55,4
60015708,517.52,9
60006482,517.512,5
13026496,517.4505263157895,19
60021178,517.4250000000001,4
21284300,517.2846153846153,13
35101539,517.2760000000001,10
33456232,517.217037037037,18
33067716,517.18125,16
33110093,517.169375,32
27331016,516.8608888888889,15
60008266,516.8000000000001,8
42141613,516.7818181818183,11
60027895,516.6999999999999,3
21279217,516.5707692307692,13
29248663,516.5133333333333,9
33123187,516.31375,16
60015064,516.3133333333334,4
17056942,516.3004761904762,14
60019888,516.208,5
42162076,516.1248148148147,18
60007171,516.0766666666667,6
43060080,516.05,4
60023814,515.96,1
60019180,515.92,8
29461324,515.8871428571429,14
60000261,515.8520000000001,5
60005231,515.81,2
60026776,515.6333333333333,3
27285006,515.616,10
33062951,515.5586666666667,10
60006399,515.5366666666666,6
29454107,515.5071794871794,13
29367263,515.4984999999999,40
60014821,515.4877777777778,6
29522803,515.472,5
60003210,515.46,1
60026254,515.3714285714285,7
35137807,515.3107692307692,13
17069840,515.3026666666667,10
60014215,515.06,8
26138565,515.0344444444444,18
35192934,515.0222222222222,15
27051625,514.8149999999999,12
60014753,514.8111111111111,9
28034902,514.6883333333334,12
27225950,514.679,20
33103283,514.4794871794873,13
60000228,514.472,5
60019976,514.4649999999999,4
60004999,514.1700000000001,2
60028845,514.14,1
60007485,514.0314285714286,7
35464648,514.0044444444444,9
23064722,513.9909090909091,11
60016274,513.8666666666667,6
33160996,513.857894736842,19
41129350,513.7866666666666,15
27223191,513.7566666666667,12
21291241,513.7357575757576,11
60028969,513.63,2
60015111,513.6,5
60027989,513.5533333333334,3
33124035,513.404,15
29397723,513.36,9
60003763,513.3583333333333,8
60019412,513.264,5
60019876,513.24,4
31200239,513.138,10
60018987,513.0491666666667,8
60018729,512.9925,8
21240329,512.98,8
60025237,512.98,2
32007094,512.9183333333334,12
60020774,512.5425,8
60014256,512.4566666666667,6
26190745,512.386,10
60015338,512.36,1
60025942,512.3166666666666,2
60008036,512.3,1
60024229,512.1975,8
43002803,512.0519148936171,47
60007431,511.95000000000005,8
32079397,511.82444444444445,9
41393619,511.52500000000003,8
35150548,511.5024691358025,27
60006283,511.384,5
27226557,511.2711111111111,12
60025350,511.25,2
15586294,511.1825641025641,13
33442215,511.17600000000004,10
60021131,511.1066666666666,6
51016010,510.9666666666667,12
60028988,510.7911111111111,3
60012872,510.716,5
33110050,510.71507246376814,23
60004206,510.6,2
60020916,510.55000000000007,2
29577608,510.49703703703705,9
21231575,510.466,20
60025327,510.41,2
60016340,510.32666666666665,6
60028833,510.26,4
60029385,510.21166666666664,8
60006505,509.99,6
60015383,509.96999999999997,2
60028834,509.9637037037037,9
60018817,509.91999999999996,5
31352829,509.88666666666666,10
60005748,509.8171428571428,7
60029032,509.60857142857145,7
41147014,509.58,8
60003311,509.5706666666667,5
60014489,509.5625,8
35477886,509.56060606060606,11
33173168,509.54133333333334,15
29455200,509.46,12
60020319,509.3966666666667,6
60013662,509.387619047619,7
60007868,509.38,2
43298265,509.2938461538462,13
60020106,509.2683333333333,4
60015630,508.89000000000004,6
60000258,508.88,1
60019212,508.86666666666673,3
60009506,508.80999999999995,4
33451222,508.70599999999996,10
60009184,508.68666666666667,6
42295262,508.59473684210525,19
53016840,508.4174074074074,18
60025257,508.38,1
60014380,508.265,4
33075280,508.215,12
21378258,508.0752941176471,17
15585131,508.02888888888884,15
60006967,507.9266666666667,4
60016554,507.82666666666665,5
11030216,507.82271604938273,27
60026838,507.76666666666665,1
29427223,507.754358974359,26
26109549,507.7321739130435,23
60015374,507.588,5
60004966,507.56416666666667,8
21168458,507.42507936507934,21
60026972,507.3966666666667,2
60007886,507.37833333333333,4
32082070,507.1447619047619,7
27230430,507.10909090909087,11
60016537,507.1,1
60027308,507.05904761904765,7
60015680,507.04799999999994,5
60015057,507.02,8
60004291,507.01000000000005,6
17039355,506.99587301587303,42
60007361,506.90000000000003,3
60007915,506.79999999999995,2
60008513,506.78999999999996,2
43007554,506.70000000000005,9
31327514,506.63800000000003,10
60009284,506.5879999999999,5
60001828,506.4766666666667,2
60028563,506.2571428571428,7
51062062,506.2523076923077,13
26163454,506.2166666666667,12
60014748,506.20799999999997,5
33075123,506.19090909090903,11
60015482,506.05,4
60016271,505.7966666666666,6
31375373,505.7815873015873,21
43181422,505.6833333333333,18
26122235,505.61066666666665,15
60026853,505.584,5
35161412,505.555,12
60015045,505.53,4
60015408,505.395,4
60020960,504.99333333333334,3
33451303,504.85266666666666,10
35158550,504.8236363636363,11
60028036,504.684,5
60026807,504.65,2
33101043,504.63875,16
60001746,504.49333333333334,3
60001143,504.48,2
60005098,504.4366666666666,2
60015398,504.27,2
60012808,504.24666666666667,8
24090034,504.22615384615386,13
31376655,504.16125000000005,16
60014320,504.12,4
60014130,503.8666666666666,3
51069482,503.73523809523806,7
29360820,503.6774193548387,31
33073406,503.44231884057973,23
23273500,503.42800000000005,5
60025261,503.33,2
33046387,503.3109090909091,11
60009225,503.076,5
29891736,502.96083333333337,16
13100629,502.86727272727273,11
60020487,502.7333333333333,3
35259317,502.73,8
60019329,502.576,5
60012805,502.1483333333333,4
60008276,502.03,4
60015448,502.0111111111111,3
35006318,501.6771428571428,7
60000764,501.47166666666664,6
60015585,501.3,1
60004275,501.21999999999997,3
60014911,501.05,4
60006422,500.78333333333336,2
42159423,500.74363636363637,11
60012545,500.5,2
60015652,500.4599999999999,1
16012232,500.39666666666665,25
29413150,500.3408333333333,16
60028006,500.13,8
60019912,499.90999999999997,4
33200920,499.8725,8
60023885,499.82,1
31297747,499.79799999999994,10
60009695,499.67999999999995,1
33193932,499.608,10
60003373,499.5222222222222,3
60012937,499.5,2
21277672,499.48333333333335,6
60013093,499.42,3
60019153,499.26800000000003,5
50034561,498.81619047619046,7
60027778,498.76666666666665,6
21288704,498.6961904761905,7
41033256,498.43151515151516,11
26489716,498.29200000000003,10
42147549,498.29166666666663,8
60015689,498.1000000000001,3
15160300,498.06399999999996,5
43211844,498.0348148148148,9
31320871,498.0216666666667,16
12032271,497.86236559139786,31
43214460,497.42999999999995,2
60003580,496.87999999999994,1
52082237,496.5925925925926,27
43215580,496.5290909090909,11
26118190,496.47200000000004,10
60003474,496.3233333333333,6
60001794,496.308,5
60024309,496.18500000000006,4
60004305,496.135,4
60007859,496.105,4
60002074,495.84,5
60016466,495.22666666666663,3
60016599,495.2,1
60020531,495.18,8
60014932,495.1719999999999,5
60014717,495.1466666666667,3
60028943,494.9685714285714,7
35009733,494.90933333333334,10
60026976,494.83000000000004,2
29959721,494.64416666666665,16
42106915,494.592,10
43176020,494.5713333333333,10
29399203,494.5426666666666,15
60013044,494.32666666666665,3
60015440,494.20888888888885,3
25099868,493.85625,16
60003479,493.8133333333334,4
60005228,493.8,1
60023678,493.744,5
60009561,493.59333333333336,9
29399270,493.33759259259267,18
33444315,493.0169230769231,13
60005296,492.61199999999997,5
60019288,492.58666666666676,6
60003334,492.56000000000006,1
60015787,492.46000000000004,1
32134002,492.39878787878786,11
60005195,492.2453333333333,5
35119118,492.238,10
29527201,492.2122222222222,36
60025888,492.21000000000004,4
60004194,492.15999999999997,4
11049014,491.96785714285716,14
60015116,491.8433333333333,6
51043360,491.8332876712329,73
60015751,491.38,1
60003422,491.38,5
41399820,491.02799999999996,10
29981727,490.90355555555556,15
29481589,490.6790476190476,63
60028979,490.23999999999995,1
60015811,490.06,3
60015781,489.9866666666667,3
60025279,489.92,3
60027376,489.76666666666665,3
43183778,489.7370909090909,55
60014921,489.53,2
15588866,489.151282051282,13
33064717,488.99037037037044,9
29253888,488.55081081081073,37
43029493,488.53533333333337,10
15168735,488.48143589743586,65
60009786,488.4425,8
60005230,488.3866666666667,3
21281050,488.1472222222222,12
43176976,487.98533333333336,5
33116490,487.7066666666667,11
52079520,487.2328205128205,13
60015415,487.2,1
60003577,487.0799999999999,1
53018010,487.01666666666665,6
60027916,487.0133333333333,3
24084174,486.98929292929296,33
43214665,486.8115151515151,11
60001703,486.53999999999996,1
31378968,486.4972549019608,17
23255587,486.44000000000005,8
60019909,486.43,4
60007124,486.27666666666664,6
60026427,486.1066666666667,4
60009624,486.095,4
60001705,486.06000000000006,1
33190097,485.70428571428573,14
60000768,485.1466666666667,3
60006393,485.14,2
29396158,484.846,10
60000898,484.51666666666665,4
43178294,484.48424242424244,22
60001346,484.08000000000004,5
60020261,483.85466666666673,5
60015128,483.4866666666667,5
53045009,483.37032258064517,31
60021200,483.36,1
60014079,483.1933333333333,3
60015729,483.08,2
60020636,483.06933333333336,5
60012676,482.9200000000001,1
60007902,482.812,5
41570944,482.79538461538465,13
60023872,482.74000000000007,2
60006421,482.51142857142855,7
60006977,482.37999999999994,1
60014360,482.35999999999996,3
60003270,482.26000000000005,1
60005108,482.0466666666667,3
43189199,481.64363636363635,22
33447233,481.57277777777773,12
31356239,481.39142857142855,7
60007405,481.20285714285717,7
60015823,481.1933333333333,3
29376718,480.9633333333333,24
60003257,480.95714285714286,7
60003453,480.35333333333335,9
60020770,480.13,2
33130206,480.05,10
60015469,479.6,1
60026949,479.56666666666666,2
60015307,479.44333333333327,2
35198870,479.05655172413793,29
13101730,478.6380952380952,7
60025329,478.38,1
60025397,478.28333333333336,2
15164187,478.24533333333335,15
15159060,477.99466666666666,15
60009696,477.93000000000006,2
21292418,477.695,12
60000218,477.62,1
60023770,477.5,1
29332249,476.89090909090913,11
25132032,476.81523809523816,7
52105741,476.74888888888887,12
60015085,476.65599999999995,5
28034708,476.6166666666666,12
60013470,476.53000000000003,6
29472814,476.2727777777778,12
43204201,475.9325925925926,9
32078226,475.77090909090913,11
60013068,475.69,4
52106837,475.5441666666667,8
53018311,475.5,7
35576591,475.4381818181819,11
60029080,475.3,1
60025630,475.0,2
41156200,474.83190476190475,14
60005029,474.5733333333333,3
43296076,474.44487179487174,13
24083151,474.3339393939394,11
60027969,474.26888888888897,6
60020324,474.0466666666666,3
60013987,474.02,1
60025361,473.91999999999996,1
33159629,473.90208333333334,16
60029338,473.23999999999995,1
21088217,472.90666666666664,10
60028019,472.23999999999995,1
43051430,472.1542857142857,7
29477697,471.8156666666667,20
60007358,471.615,4
60005065,471.21999999999997,4
31372358,471.18777777777774,18
51067641,471.02814814814815,9
60029065,470.82000000000005,1
60001659,470.7,3
60001526,469.98,1
60015551,469.96,3
60018864,469.7,6
31376663,469.1533333333333,4
29375720,468.945,8
60001850,468.924,5
50030710,468.3569230769231,13
60013533,467.93999999999994,1
60014506,467.704,5
29345146,467.56370370370365,18
60003458,467.3742857142857,7
60003470,467.03000000000003,2
35104218,466.58952380952377,7
60029200,466.1,2
60006381,466.05333333333334,6
60001858,465.44,3
43000487,465.1406666666667,10
50070800,464.9485714285714,14
60009738,464.86,5
43006850,464.452,15
15952932,464.2558333333333,8
29203473,464.11761904761903,14
60001670,463.976,5
60007867,463.74857142857144,7
31338559,463.5453968253968,21
60001689,463.46999999999997,2
27223329,463.3345454545455,11
60025380,463.3,1
60025285,463.20533333333333,5
60003216,462.66,4
43096883,462.194297188755,83
60015047,461.68,1
60013112,461.312,5
29464498,460.88166666666666,12
60002330,460.3333333333333,3
15170780,460.15843137254905,17
60006372,460.11333333333334,5
35007646,459.69095238095235,14
60015080,459.47,6
15173070,459.1706666666667,10
60028934,459.1133333333333,3
60024271,459.06666666666666,1
29377510,457.8361403508772,19
60005732,457.06,2
60025352,457.0,1
60025342,456.98,1
31313793,456.9591666666667,24
60015554,456.48,3
29481260,456.44666666666666,6
60007510,455.8566666666667,2
60004879,455.77333333333337,3
60005181,455.3399999999999,2
60015048,455.28,3
60003576,455.25333333333333,3
60009180,455.06,3
60020170,455.0466666666666,3
29432928,454.7683333333334,12
60027914,454.6,2
60009529,454.564,5
60005248,454.41,4
60015535,454.135,4
60009559,453.81,2
60001692,453.1666666666667,1
60006369,453.06999999999994,2
60001826,452.1044444444444,3
21298602,452.06,21
60007843,451.79999999999995,2
60026939,451.56000000000006,2
60020594,450.93999999999994,1
60026901,450.68333333333334,2
60023825,450.53999999999996,1
60015306,450.1666666666667,3
60001682,450.15999999999997,1
60000466,449.84,3
60015352,449.47333333333336,3
60029089,449.21999999999997,3
60020402,448.84,5
16011023,448.46754385964914,19
60001812,448.3,1
60002249,447.93333333333334,3
60005226,447.90000000000003,1
60025231,447.5133333333333,3
60029256,447.40933333333334,5
60007891,447.32,1
43210937,447.25600000000003,5
60001531,446.98,1
60005140,446.7,1
43206875,446.2284444444444,30
60003493,446.12,2
60015602,445.53999999999996,1
60025186,445.46000000000004,1
60003179,444.62999999999994,6
60004250,444.62,1
60026947,444.26666666666665,1
60003112,443.52166666666665,4
60001851,443.40000000000003,1
60012918,443.06166666666667,8
51065460,442.90000000000003,4
60001825,442.25,2
60026862,442.0,1
15227405,441.9511111111111,15
15160920,441.8414814814815,9
52098370,441.45416666666665,8
60027402,441.24,3
32107005,441.0885714285714,7
11027355,440.51458333333335,16
60014406,440.34,1
60007413,439.78533333333337,5
24086304,439.205,8
60005097,438.66999999999996,2
16008340,438.3591666666667,24
60015399,437.74666666666667,3
60007874,437.68,1
15201805,437.67411764705884,17
15581047,437.3822222222222,6
32005504,437.245,28
60020325,436.44000000000005,4
60021227,436.36,1
60002090,436.05333333333334,3
15162184,435.36571428571426,7
50028707,435.2375,8
60004192,435.22,2
60025432,434.49333333333334,2
60001693,434.24,2
60001681,434.0190476190476,7
52092003,433.7187878787879,11
60001970,432.1771428571428,7
60028815,431.63,2
60001783,430.76000000000005,1
60001986,428.24,2
60001968,427.692,5
60012488,426.70000000000005,4
60026916,426.47,2
60025118,426.2444444444445,3
13025139,425.4986666666667,10
60001959,423.23111111111103,3
60006420,423.21999999999997,1
60027884,422.1166666666667,2
60009595,420.62,1
60001847,419.28000000000003,1
15163709,418.20955555555554,15
60025358,416.98,1
60029329,416.7,3
60005106,416.1844444444444,3
15176266,413.8113725490196,17
60003235,412.26,3
60020879,412.17999999999995,1
60003441,411.98,3
60015287,410.36,1
50028510,410.30111111111114,6
60029162,410.21714285714285,7
60003056,407.70666666666665,3
60002937,405.86,2
60026785,405.76000000000005,1
15011291,405.0566666666667,6
60009430,404.76888888888885,3
60013108,404.52,2
60024221,400.28000000000003,1
60003055,398.58,2
60009979,398.02,1
15205401,397.41499999999996,12
15172791,394.7022222222222,6
60001964,392.52,2
15163296,390.49333333333334,6
60003625,390.24000000000007,1
60005768,385.755,4
60026859,380.86,1
53018591,380.75333333333333,3
60009219,379.3044444444444,3
60005701,378.04999999999995,2
60005127,373.78000000000003,3
60008258,369.71999999999997,1
60025084,368.6,1
60002632,359.8666666666667,2
60001800,356.6466666666667,2
60029020,356.28000000000003,1
60003574,353.7,1
60028791,353.28999999999996,6
60009473,347.17333333333335,3
60024574,346.26,1
60000834,336.93777777777774,3
60003232,335.1,1
60001822,321.06,1
60025375,295.3333333333333,1
