"CD_DIST";"NM_DIST";"PERE0115_NOVA";"V06001";"V06002";"V06003";"V06004";"V06005";"V06006"
"110001505";"Alta Floresta D'Oeste";"1600";"6121";"16686";"1,59";"2625,58";"15376260,32";"1600"
"110001515";"Filadélfia d'Oeste";"1212";"184";"550";"1,72";"2006,95";"3818162,37";"1212"
"110001520";"Izidolândia";"1500";"179";"532";"1,76";"2088,11";"2362876,25";"1500"
"110001525";"Nova Gease d'Oeste";"1500";"337";"1071";"3,18";"2440,84";"17728667,79";"1500"
"110001530";"Rolim de Moura do Guaporé";"1200";"253";"801";"3,11";"1958,71";"11839664,17";"1200"
"110001535";"Santo Antônio d'Oeste";"1212";"594";"1691";"1,46";"2564,94";"49624752,49";"1212"
"110002305";"Ariquemes";"1800";"34760";"96139";"1,85";"2668,81";"11560167,11";"1800"
"110003105";"Cabixi";"1500";"1963";"5335";"1,55";"2399,26";"12624574,02";"1500"
"110004905";"Cacoal";"2000";"27904";"74870";"1,69";"3145,32";"980870537,93";"2000"
"110004910";"Riozinho";"1212";"3894";"11215";"2,30";"2052,68";"6053105,09";"1212"
"110004915";"Divinópolis";"1212";"94";"270";"1,34";"1905,68";"2183626,47";"1212"
"110005605";"Cerejeiras";"1700";"5871";"15792";"1,55";"2548,40";"11251071,63";"1700"
"110006405";"Colorado do Oeste";"1800";"5991";"15663";"1,52";"2637,32";"8497127,84";"1800"
"110007205";"Corumbiara";"2000";"2835";"7487";"1,56";"2337,06";"3922754,67";"2000"
"110008005";"Costa Marques";"1500";"2876";"8890";"2,61";"2307,77";"8865737,43";"1500"
"110008015";"Real Forte Príncipe da Beira";"1200";"73";"231";"3,75";"1731,49";"4762055,88";"1200"
"110008035";"São Domingos do Guaporé";"1212";"1209";"3397";"1,84";"2100,59";"7627961,77";"1212"
"110009805";"Espigão D'Oeste";"1500";"8772";"24480";"1,79";"2302,75";"5425486,35";"1500"
"110009810";"Boa Vista do Pacarana";"1500";"543";"1600";"1,63";"2147,42";"4202860,63";"1500"
"110009812";"Novo Paraíso";"2000";"455";"1278";"1,31";"2512,19";"4541843,53";"2000"
"110009815";"Flor da Serra";"2000";"300";"873";"1,67";"2217,61";"6620168,02";"2000"
"110009818";"Nova Esperança";"1212";"376";"990";"1,36";"2164,93";"9481291,48";"1212"
"110010605";"Guajará-Mirim";"1212";"10832";"35207";"3,33";"2403,83";"110809061,54";"1212"
"110010612";"Iata";"1210";"396";"1476";"5,94";"1441,58";"1222045,61";"1210"
"110010622";"Surpresa";"1212";"524";"2040";"4,50";"1326,21";"1257020,13";"1212"
"110011405";"Jaru";"1800";"16259";"43029";"1,63";"2622,31";"12897649,07";"1800"
"110011410";"Bom Jesus";"2000";"642";"1747";"1,31";"2744,48";"8924236,29";"2000"
"110011420";"Santa Cruz da Serra";"1700";"332";"904";"1,52";"2096,61";"1885521,27";"1700"
"110011425";"Tarilândia";"1500";"1714";"4674";"1,62";"2067,77";"7948444,91";"1500"
"110012205";"Ji-Paraná";"1800";"43665";"119978";"1,80";"2703,65";"10925397,53";"1800"
"110012220";"Nova Colina";"1212";"391";"1108";"2,06";"1896,51";"2558325,83";"1212"
"110012225";"Nova Londrina";"1212";"940";"2543";"1,69";"1927,96";"2720275,81";"1212"
"110013005";"Machadinho D'Oeste";"1245";"8919";"24815";"1,89";"1999,98";"6071574,27";"1245"
"110013015";"Oriente Novo";"1200";"676";"2019";"2,05";"1845,08";"3362031,62";"1200"
"110013020";"Quinto BEC";"1200";"934";"2637";"1,85";"1751,29";"5374364,84";"1200"
"110013025";"Tabajara";"1200";"303";"936";"2,56";"1711,81";"2736568,34";"1200"
"110014805";"Nova Brasilândia D'Oeste";"1212";"5798";"15674";"1,44";"1982,75";"6935437,52";"1212"
"110015505";"Ouro Preto do Oeste";"1800";"12427";"32408";"1,64";"2667,76";"95026343,43";"1800"
"110015525";"Rondominas";"1500";"891";"2411";"1,50";"2049,82";"2543453,35";"1500"
"110018905";"Pimenta Bueno";"1700";"11066";"30960";"1,74";"2439,94";"7424824,86";"1700"
"110018915";"Marco Rondon";"1633";"825";"2439";"2,40";"2166,96";"4297419,73";"1633"
"110018920";"Itaporanga";"1900";"450";"1315";"1,93";"2397,84";"15543722,78";"1900"
"110020505";"Porto Velho";"1800";"136404";"409517";"2,42";"3285,22";"127391288,38";"1800"
"110020510";"Abunã";"1413";"789";"2376";"2,30";"2192,87";"10924667,73";"1412.5"
"110020515";"Calama";"1200";"676";"2302";"3,22";"1530,09";"1994565,42";"1200"
"110020516";"Demarcação";"1200";"247";"834";"3,82";"1437,59";"2679076,14";"1200"
"110020517";"Extrema";"1212";"2304";"7169";"2,53";"2127,99";"5612869,26";"1212"
"110020518";"Fortaleza do Abunã";"1231";"168";"470";"2,35";"1966,30";"2332332,45";"1231"
"110020520";"Jaci Paraná";"1350";"3927";"11619";"2,30";"2214,58";"6149709,66";"1350"
"110020525";"Mutum Paraná";"1212";"2567";"7504";"1,91";"2020,72";"6915197,63";"1212"
"110020530";"Nazaré";"1200";"198";"600";"3,14";"1704,95";"2276210,29";"1200"
"110020535";"Nova Califórnia";"1500";"1649";"5216";"2,44";"2079,63";"4181754,31";"1500"
"110020540";"São Carlos";"1227";"379";"1176";"2,57";"1911,77";"2522745,06";"1227"
"110020545";"Vista Alegre do Abunã";"2000";"2578";"8237";"2,78";"2808,00";"16926485,74";"2000"
"110025405";"Presidente Médici";"1300";"4577";"12098";"1,65";"2169,17";"4928635,78";"1300"
"110025415";"Estrela de Rondônia";"1212";"697";"1914";"1,51";"1851,24";"4217994,15";"1212"
"110025420";"Novo Riachuelo";"1212";"468";"1229";"1,44";"1904,90";"2099338,60";"1212"
"110025425";"Vila Bandeira Branca";"1212";"488";"1272";"1,67";"1929,06";"2682006,42";"1212"
"110025430";"Vila Camargo";"1500";"1000";"2761";"1,54";"1985,30";"2428539,07";"1500"
"110026205";"Rio Crespo";"1500";"1249";"3454";"1,81";"2264,07";"7930008,90";"1500"
"110028805";"Rolim de Moura";"1800";"20991";"56137";"1,62";"2644,49";"12800596,91";"1800"
"110029605";"Santa Luzia D'Oeste";"1500";"2758";"7391";"1,46";"2176,88";"7668492,78";"1500"
"110030405";"Vilhena";"2000";"34951";"95230";"1,85";"3092,12";"180552792,84";"2000"
"110032005";"São Miguel do Guaporé";"1500";"6894";"18803";"1,51";"2343,54";"8091424,12";"1500"
"110032020";"Santana do Guaporé";"1500";"978";"2683";"1,51";"2078,11";"3803829,80";"1500"
"110033805";"Nova Mamoré";"1212";"3481";"10360";"2,30";"2084,40";"6809482,25";"1212"
"110033810";"Araras";"1300";"238";"648";"1,99";"1980,40";"4985550,45";"1300"
"110033812";"Jacynópolis";"2000";"1438";"4442";"1,88";"2964,06";"14514671,69";"2000"
"110033815";"Nova Dimensão";"1500";"2051";"6148";"2,02";"2313,67";"7915575,92";"1500"
"110033820";"Palmeiras";"1212";"719";"2213";"2,63";"2109,56";"7327963,55";"1212"
"110033825";"Nova Marechal Rondon";"1212";"494";"1427";"1,93";"1747,15";"2596685,71";"1212"
"110034605";"Alvorada D'Oeste";"1500";"3830";"10397";"1,63";"2319,66";"7408574,18";"1500"
"110034625";"Tancredópolis";"1400";"472";"1279";"1,51";"1861,74";"1447404,59";"1400"
"110034630";"Terra Boa";"1500";"510";"1424";"1,58";"1980,55";"2339109,75";"1500"
"110037905";"Alto Alegre dos Parecis";"1500";"4033";"11447";"1,60";"2156,61";"9604929,63";"1500"
"110040305";"Alto Paraíso";"1500";"5762";"16289";"1,86";"2133,54";"4352479,60";"1500"
"110045205";"Buritis";"1500";"9905";"27827";"1,67";"2252,99";"5673798,76";"1500"
"110050205";"Novo Horizonte do Oeste";"1257";"1504";"4156";"1,47";"2132,56";"6587562,52";"1257"
"110050210";"Migrantinópolis";"1212";"1294";"3507";"1,45";"1815,78";"2328557,82";"1212"
"110060105";"Cacaulândia";"1600";"1483";"4145";"1,72";"2380,53";"12002957,04";"1600"
"110070005";"Campo Novo de Rondônia";"1500";"3062";"8812";"1,58";"2313,55";"7850139,68";"1500"
"110080905";"Candeias do Jamari";"1212";"6298";"18913";"2,37";"1807,74";"4864204,55";"1212"
"110080920";"Rio Preto do Candeias";"1400";"1130";"3363";"2,13";"2019,48";"12020387,43";"1400"
"110090805";"Castanheiras";"1214";"1198";"3229";"1,55";"2172,51";"7730749,55";"1213.5"
"110092405";"Chupinguaia";"2000";"3198";"9245";"1,83";"2544,10";"10904458,22";"2000"
"110094005";"Cujubim";"1590";"5197";"14803";"1,93";"2224,89";"6025841,07";"1590"
"110100505";"Governador Jorge Teixeira";"1500";"2100";"5775";"1,61";"2156,51";"3840268,33";"1500"
"110100515";"Colina Verde";"1300";"781";"2166";"1,68";"2206,67";"6706249,71";"1300"
"110110405";"Itapuã do Oeste";"1500";"2909";"8541";"2,22";"2108,13";"3477744,09";"1500"
"110120305";"Ministro Andreazza";"1220";"2383";"6466";"1,53";"2297,85";"13179171,30";"1220"
"110130205";"Mirante da Serra";"1212";"3508";"9235";"1,75";"2155,23";"9235228,87";"1212"
"110140105";"Monte Negro";"1214";"4223";"11516";"1,63";"2133,54";"5484180,11";"1214"
"110143505";"Nova União";"1212";"2230";"6180";"1,58";"2040,53";"7209764,46";"1212"
"110145005";"Parecis";"1500";"1479";"4066";"1,58";"2214,03";"5704136,43";"1500"
"110146805";"Pimenteiras do Oeste";"1500";"735";"2091";"1,98";"2047,90";"2656467,67";"1500"
"110147605";"Primavera de Rondônia";"1500";"1133";"3076";"1,54";"2168,36";"4871561,35";"1500"
"110148405";"São Felipe D'Oeste";"1500";"1962";"5256";"1,39";"2260,94";"8522399,32";"1500"
"110149205";"São Francisco do Guaporé";"1500";"4916";"13724";"1,82";"2364,55";"7955481,86";"1500"
"110149210";"Porto Murtinho";"1500";"868";"2451";"1,65";"2376,87";"11890718,24";"1500"
"110150005";"Seringueiras";"1400";"3946";"11145";"1,71";"2339,47";"11733188,27";"1400"
"110155905";"Teixeirópolis";"1220";"1582";"4256";"1,50";"2254,11";"8305703,49";"1220"
"110160905";"Theobroma";"1212";"3007";"8112";"1,53";"2039,45";"8044395,99";"1212"
"110170805";"Urupá";"1400";"3950";"10722";"1,50";"2646,32";"288161446,00";"1400"
"110175705";"Vale do Anari";"1400";"2800";"7717";"1,64";"2069,15";"5027417,20";"1400"
"110180705";"Vale do Paraíso";"1240";"2446";"6473";"1,46";"2164,99";"5533114,01";"1240"
"120001305";"Acrelândia";"1212";"4461";"13978";"2,56";"1758,13";"5268462,21";"1212"
"120005405";"Assis Brasil";"1212";"2408";"7984";"2,93";"1741,21";"3674519,97";"1212"
"120010405";"Brasiléia";"1212";"8665";"25931";"2,31";"1833,34";"7871282,90";"1212"
"120013805";"Bujari";"1200";"4193";"12917";"2,73";"1581,48";"8198218,28";"1200"
"120017905";"Capixaba";"1212";"3468";"10370";"2,54";"1477,28";"2880956,10";"1212"
"120020305";"Cruzeiro do Sul";"1212";"26719";"91076";"2,97";"2107,67";"194953486,34";"1212"
"120025205";"Epitaciolândia";"1212";"6477";"18739";"2,34";"1959,34";"16866080,18";"1212"
"120030205";"Feijó";"1200";"9288";"34916";"4,36";"1475,61";"3286003,95";"1200"
"120032805";"Jordão";"1200";"1949";"8834";"7,77";"1514,34";"6922280,22";"1200"
"120033605";"Mâncio Lima";"1200";"5659";"19149";"3,04";"1401,15";"4763638,48";"1200"
"120034405";"Manoel Urbano";"1200";"3238";"11963";"4,66";"1471,43";"5199339,83";"1200"
"120035105";"Marechal Thaumaturgo";"900";"4301";"16986";"4,38";"1131,29";"2612772,52";"900"
"120038505";"Plácido de Castro";"1212";"4794";"14317";"2,46";"1815,83";"22240642,37";"1212"
"120038510";"Campinas";"1212";"758";"2223";"2,55";"1664,00";"2503167,64";"1212"
"120039305";"Porto Walter";"1200";"2589";"10623";"4,44";"1308,89";"3204477,40";"1200"
"120040105";"Rio Branco";"1300";"123856";"361854";"2,31";"2754,43";"29011116,09";"1300"
"120042705";"Rodrigues Alves";"1001";"4193";"14909";"3,26";"1331,77";"3434730,82";"1001"
"120043505";"Santa Rosa do Purus";"1212";"1310";"6506";"9,52";"1478,17";"2062469,51";"1212"
"120045005";"Senador Guiomard";"1212";"6961";"20993";"2,42";"1807,74";"7149202,94";"1212"
"120050005";"Sena Madureira";"1200";"12586";"40697";"3,03";"1665,26";"5760280,77";"1200"
"120060905";"Tarauacá";"1200";"11219";"42558";"4,29";"1434,53";"3823655,38";"1200"
"120070805";"Xapuri";"1212";"6086";"18219";"2,41";"1670,36";"3965289,53";"1212"
"120080705";"Porto Acre";"1200";"3063";"9248";"2,41";"1427,28";"5677563,75";"1200"
"120080720";"Vila do Caquetá";"1000";"539";"1817";"3,15";"1221,56";"1510758,94";"1000"
"120080723";"Vila do Incra";"1212";"1155";"3584";"2,70";"1741,17";"3257423,45";"1212"
"120080725";"Vila do V";"1200";"691";"2027";"2,20";"1381,17";"2418026,79";"1200"
"130002905";"Alvarães";"1100";"3386";"15764";"5,90";"1218,21";"2559705,76";"1100"
"130006005";"Amaturá";"1200";"2132";"10675";"7,26";"1491,82";"8742492,51";"1200"
"130008605";"Anamã";"1000";"2312";"9922";"5,09";"1204,10";"3359337,63";"1000"
"130010205";"Anori";"1200";"4129";"17042";"4,85";"1349,18";"2369057,46";"1200"
"130014405";"Apuí";"1242";"5232";"18222";"8,14";"2040,04";"8514112,17";"1242"
"130014410";"Sucunduri";"1500";"547";"2270";"6,62";"2001,17";"8129707,69";"1500"
"130020105";"Atalaia do Norte";"1200";"3345";"14928";"6,65";"1559,08";"34914340,68";"1200"
"130030005";"Autazes";"1200";"8596";"32463";"4,42";"1497,22";"126347461,50";"1200"
"130030010";"Murutinga";"1200";"2243";"8307";"4,33";"1341,35";"2296977,75";"1200"
"130040905";"Barcelos";"1200";"4137";"17919";"7,10";"1557,54";"3706851,61";"1200"
"130050805";"Barreirinha";"1200";"2684";"12102";"6,58";"1487,59";"2824971,78";"1200"
"130050810";"Ariaú";"900";"1099";"4979";"5,60";"1000,64";"613770,05";"900"
"130050812";"Cametá";"600";"671";"3017";"5,64";"1210,45";"13217225,08";"600"
"130050815";"Freguesia do Andirá";"1000";"1181";"5178";"5,39";"1083,22";"809447,76";"1000"
"130050820";"Pedras";"865";"1146";"5089";"6,17";"1078,44";"1274160,48";"865"
"130060705";"Benjamin Constant";"1200";"7731";"37474";"7,70";"1845,14";"1276618234,48";"1200"
"130063105";"Beruri";"700";"4513";"20432";"6,05";"1194,39";"4162662,87";"700"
"130068005";"Boa Vista do Ramos";"1200";"3128";"15816";"6,34";"1330,56";"1909106,88";"1200"
"130068010";"Lago Preto";"1100";"650";"3376";"5,02";"985,51";"320180,97";"1100"
"130068015";"Massauari";"600";"496";"2700";"3,56";"844,11";"205054,01";"600"
"130068020";"Do Rio Urubu";"800";"313";"1840";"3,95";"915,71";"380006,78";"800"
"130070605";"Boca do Acre";"1200";"8665";"30047";"3,35";"1517,66";"4919044,76";"1200"
"130070610";"Floriano Peixoto";"1200";"1402";"4898";"4,23";"1173,74";"1674529,37";"1200"
"130080505";"Borba";"1200";"5980";"24073";"5,04";"1452,74";"4714402,77";"1200"
"130080520";"Canumã";"818";"1431";"6629";"6,19";"979,00";"629254,60";"818"
"130080525";"Axinin";"1170";"450";"1654";"4,42";"1158,52";"1269536,52";"1170"
"130083905";"Caapiranga";"1200";"2964";"13356";"6,96";"1208,27";"1588645,11";"1200"
"130090405";"Canutama";"1000";"2353";"9542";"4,36";"1220,01";"6624792,50";"1000"
"130090410";"Belo Monte";"600";"424";"1678";"4,32";"904,50";"593231,22";"600"
"130090415";"Açuanópolis";"1212";"1739";"5496";"4,25";"1370,65";"2211795,40";"1212"
"130100105";"Carauari";"1100";"7230";"28627";"4,08";"1348,97";"5567759,31";"1100"
"130110005";"Careiro";"1212";"5349";"18545";"3,91";"1472,95";"2483476,67";"1212"
"130110010";"Purupuru";"1200";"2045";"6523";"3,28";"1292,09";"3568787,54";"1200"
"130110015";"Janauacá";"1000";"1651";"5573";"3,10";"1110,05";"1453431,95";"1000"
"130115905";"Careiro da Várzea";"1200";"5757";"19499";"3,14";"1216,73";"4043252,49";"1200"
"130120905";"Coari";"1200";"17528";"70303";"4,85";"1886,17";"2551658184,78";"1200"
"130130805";"Codajás";"1200";"5148";"21603";"5,28";"1391,86";"2850322,78";"1200"
"130130810";"Badajós";"600";"420";"1865";"5,35";"768,20";"309216,97";"600"
"130140705";"Eirunepé";"1200";"8086";"32848";"4,95";"1450,30";"10981999,01";"1200"
"130150605";"Envira";"1200";"4160";"16998";"4,73";"1412,73";"8820322,74";"1200"
"130160505";"Fonte Boa";"1200";"5305";"25505";"7,20";"1342,94";"2099144,54";"1200"
"130165405";"Guajará";"1000";"3611";"13790";"3,92";"1198,27";"2608569,07";"1000"
"130170405";"Humaitá";"1212";"13227";"52509";"5,87";"1913,70";"8851407,84";"1212"
"130170410";"Realidade";"1200";"1089";"4327";"7,76";"1503,70";"3161288,34";"1200"
"130180305";"Ipixuna";"1000";"4789";"23946";"6,28";"1175,57";"1578790,95";"1000"
"130185205";"Iranduba";"1212";"10821";"36611";"3,42";"1662,33";"4829512,14";"1212"
"130185210";"Ariaú";"1200";"816";"2708";"4,24";"1466,10";"2836350,62";"1200"
"130185215";"Cacau Pirêra";"1200";"4498";"16396";"3,83";"1640,82";"63297099,29";"1200"
"130185220";"Lago do Limão";"1200";"749";"2472";"4,41";"1454,00";"2742515,63";"1200"
"130185225";"Paricatuba";"1201";"867";"2687";"3,36";"1623,47";"6625672,84";"1200.5"
"130190205";"Itacoatiara";"1212";"21638";"81233";"4,29";"1780,05";"7069935,52";"1212"
"130190210";"Amatari";"1200";"5981";"21799";"6,83";"1298,21";"1913480,72";"1200"
"130195105";"Itamarati";"1200";"2307";"10736";"6,33";"1589,46";"36015036,60";"1200"
"130200905";"Itapiranga";"1212";"2599";"10107";"4,47";"1580,22";"3887874,25";"1212"
"130210805";"Japurá";"1200";"1526";"7753";"8,10";"1949,05";"9260146,87";"1200"
"130210810";"Vila Bitencourt";"1212";"197";"957";"7,89";"1740,14";"2668852,57";"1212"
"130220705";"Juruá";"1000";"2515";"10659";"5,24";"1774,51";"629714180,90";"1000"
"130230605";"Jutaí";"1200";"4803";"24716";"8,82";"1476,06";"7731932,94";"1200"
"130240505";"Lábrea";"1200";"11170";"44882";"5,52";"1357,40";"3186084,67";"1200"
"130250405";"Manacapuru";"1200";"26864";"101580";"4,14";"1465,03";"4938731,77";"1200"
"130255305";"Manaquiri";"1000";"4877";"16773";"3,74";"1130,66";"1715264,72";"1000"
"130260305";"Manaus";"1300";"630012";"2058347";"3,20";"2853,44";"108751070,01";"1300"
"130270205";"Manicoré";"1200";"9763";"44304";"6,73";"2111,16";"2942998587,40";"1200"
"130270210";"Santo Antônio do Matupi";"1900";"2318";"9070";"21,07";"2505,63";"9725189,74";"1900"
"130280105";"Maraã";"1100";"3000";"15270";"8,38";"1306,96";"4675475,22";"1100"
"130290005";"Maués";"1200";"9600";"42510";"6,98";"1392,21";"2806107,46";"1200"
"130290010";"Osório da Fonseca";"700";"1846";"9062";"7,72";"933,91";"428155,03";"700"
"130290015";"Repartimento";"800";"1796";"9209";"10,76";"927,19";"325715,21";"800"
"130300705";"Nhamundá";"1200";"4548";"19904";"6,07";"1359,34";"4207553,34";"1200"
"130310605";"Nova Olinda do Norte";"1001";"6467";"26871";"5,46";"1242,16";"2805142,78";"1001"
"130320505";"Novo Airão";"1212";"4129";"15493";"4,63";"1545,68";"3662490,90";"1212"
"130330405";"Novo Aripuanã";"1200";"4742";"23537";"11,63";"1484,02";"8539766,95";"1200"
"130340305";"Parintins";"1200";"18895";"74880";"4,90";"1826,02";"7987459,00";"1200"
"130340310";"Mocambo";"600";"693";"3030";"5,31";"878,17";"247611,68";"600"
"130340315";"Caburi";"800";"781";"3203";"4,33";"1122,85";"1237491,59";"800"
"130340320";"Vila Amazônia";"650";"1983";"8358";"5,50";"966,02";"846696,94";"650"
"130340325";"Tracajá";"600";"666";"2857";"5,63";"788,20";"404961,20";"600"
"130340330";"Uaicurapá";"600";"878";"3706";"5,75";"839,39";"446695,25";"600"
"130350205";"Pauini";"1200";"3871";"18793";"10,41";"1359,00";"2325360,10";"1200"
"130353605";"Presidente Figueiredo";"1212";"8085";"26426";"3,24";"1955,67";"8880109,50";"1212"
"130353610";"Balbina";"1212";"1269";"4058";"3,36";"1688,24";"3123892,59";"1212"
"130356905";"Rio Preto da Eva";"1212";"7791";"24825";"3,50";"1909,35";"607897970,48";"1212"
"130360105";"Santa Isabel do Rio Negro";"1200";"2663";"13795";"9,09";"1500,28";"5026821,54";"1200"
"130370005";"Santo Antônio do Içá";"1200";"4443";"23635";"8,41";"1358,81";"14887350,45";"1200"
"130370015";"Alterosa";"800";"729";"4030";"11,11";"1189,69";"2509666,69";"800"
"130380905";"São Gabriel da Cachoeira";"1200";"8655";"41529";"6,75";"1749,86";"5000884,19";"1200"
"130380912";"Cucui";"1200";"717";"3558";"7,68";"1244,78";"355595,92";"1200"
"130380915";"Içana";"600";"207";"1077";"5,24";"957,49";"251234,52";"600"
"130380920";"São Felipe";"1000";"451";"2188";"5,56";"962,65";"243310,66";"1000"
"130390805";"São Paulo de Olivença";"1200";"3739";"18649";"7,19";"1494,72";"78001358,40";"1200"
"130390815";"Santa Rita";"1000";"2215";"14012";"9,26";"1040,89";"1209424,19";"1000"
"130395705";"São Sebastião do Uatumã";"1200";"2336";"9837";"6,21";"1645,84";"5984082,76";"1200"
"130395710";"Santana";"1100";"326";"1695";"6,67";"1069,62";"535784,53";"1100"
"130400505";"Silves";"1000";"2820";"11510";"5,52";"1271,60";"2403585,03";"1000"
"130406205";"Tabatinga";"1200";"13821";"66353";"8,16";"1917,71";"511278586,31";"1200"
"130410405";"Tapauá";"1200";"4736";"19157";"4,54";"1235,08";"4295463,43";"1200"
"130420305";"Tefé";"1200";"17447";"73474";"5,71";"1823,43";"151503917,39";"1200"
"130423705";"Tonantins";"1000";"3348";"19023";"11,49";"1259,20";"7567823,62";"1000"
"130426005";"Uarini";"1000";"3042";"14191";"6,66";"1146,93";"1695177,58";"1000"
"130430205";"Urucará";"1200";"4267";"18500";"7,54";"1468,86";"6463558,12";"1200"
"130440105";"Urucurituba";"1200";"3301";"15679";"8,58";"1495,60";"3750799,59";"1200"
"130440110";"Augusto Montenegro";"1200";"713";"2608";"5,46";"1206,45";"1199793,21";"1200"
"130440115";"Itapeaçú";"1212";"1188";"5252";"8,45";"1460,30";"2150896,54";"1212"
"140002705";"Amajari";"1200";"2928";"13178";"10,86";"1619,49";"4004298,91";"1200"
"140005005";"Alto Alegre";"1200";"4899";"19904";"7,90";"1664,96";"3556688,58";"1200"
"140010005";"Boa Vista";"1500";"118980";"402925";"3,54";"3025,65";"55793428,82";"1500"
"140015905";"Bonfim";"1200";"3494";"13844";"5,85";"1487,94";"3194104,77";"1200"
"140017505";"Cantá";"1200";"5428";"18556";"4,62";"1817,28";"6164817,66";"1200"
"140020905";"Caracaraí";"1212";"6063";"20759";"3,94";"1881,49";"187889943,96";"1212"
"140023305";"Caroebe";"1212";"3109";"10412";"3,20";"1731,19";"3379267,94";"1212"
"140028205";"Iracema";"1200";"2853";"9568";"4,12";"1665,94";"3847746,04";"1200"
"140030805";"Mucajaí";"1212";"5317";"17821";"3,48";"1734,19";"7124327,94";"1212"
"140040705";"Normandia";"1212";"2671";"13628";"7,53";"1556,67";"5478523,07";"1212"
"140045605";"Pacaraima";"1200";"3939";"17241";"7,35";"1256,60";"544988,45";"1200"
"140047205";"Rorainópolis";"1212";"10029";"32380";"3,13";"1850,54";"7750588,23";"1212"
"140050605";"São João da Baliza";"1212";"2600";"8685";"3,35";"1890,57";"5758915,74";"1212"
"140060505";"São Luiz";"1212";"2260";"7127";"2,97";"1730,49";"4510753,08";"1212"
"140070405";"Uiramutã";"900";"2279";"13287";"9,16";"1088,38";"818864,73";"900"
"150010705";"Abaetetuba";"1200";"40480";"148707";"3,36";"1480,65";"5868072,42";"1200"
"150010710";"Beja";"1200";"2541";"9000";"3,18";"1245,48";"1756751,61";"1200"
"150013105";"Abel Figueiredo";"1212";"2000";"6125";"2,58";"1708,49";"3650888,67";"1212"
"150020605";"Acará";"1101";"10741";"37250";"3,39";"1238,43";"1917619,69";"1101"
"150020610";"Guajará-Miri";"900";"3852";"12862";"2,98";"1012,87";"764605,55";"900"
"150020615";"Jaguarari";"700";"2204";"7816";"3,32";"925,76";"493559,13";"700"
"150030505";"Afuá";"1200";"9038";"37658";"4,68";"1277,27";"1879882,18";"1200"
"150034705";"Água Azul do Norte";"1300";"5615";"17955";"2,32";"2105,10";"9677428,00";"1300"
"150040405";"Alenquer";"1200";"17904";"69241";"4,49";"1279,34";"2443393,00";"1200"
"150050305";"Almeirim";"1212";"6244";"24214";"4,41";"1463,93";"6918088,17";"1212"
"150050310";"Arumanduba";"635";"795";"3397";"5,45";"884,02";"300435,62";"635"
"150050315";"Monte Dourado";"2000";"2052";"6453";"2,96";"3417,84";"30296571,86";"2000"
"150060205";"Altamira";"1212";"36221";"109890";"2,38";"2272,87";"11582433,61";"1212"
"150060206";"Cachoeira da Serra";"2424";"1159";"3891";"3,89";"3443,49";"27248546,39";"2424"
"150060207";"Castelo dos Sonhos";"2000";"3772";"11890";"2,90";"2724,19";"39798554,92";"2000"
"150070105";"Anajás";"800";"6369";"27905";"5,42";"1199,94";"2931337,87";"800"
"150080005";"Ananindeua";"1300";"154877";"477332";"2,29";"2433,07";"73913432,26";"1300"
"150085905";"Anapu";"1212";"9326";"31499";"2,90";"1674,53";"10506170,74";"1212"
"150090905";"Augusto Corrêa";"800";"6184";"21969";"3,29";"1143,53";"2155100,29";"800"
"150090910";"Aturiaí";"600";"2866";"10641";"3,76";"865,37";"403832,76";"600"
"150090915";"Emboraí";"800";"1745";"6381";"3,52";"894,68";"717863,04";"800"
"150090920";"Itapixuna";"600";"1559";"5492";"3,55";"828,88";"817100,03";"600"
"150095805";"Aurora do Pará";"1200";"6641";"23609";"3,63";"1267,59";"2011402,50";"1200"
"150100605";"Aveiro";"1212";"2051";"8133";"5,66";"1512,34";"2903903,82";"1212"
"150100610";"Brasília Legal";"960";"2105";"7862";"4,63";"1040,48";"1101409,36";"960"
"150100615";"Pinhel";"900";"465";"2060";"6,52";"1047,42";"740024,99";"900"
"150110505";"Bagre";"1100";"5641";"31118";"7,41";"1245,94";"1901336,84";"1100"
"150110510";"Pedreira";"600";"50";"251";"5,94";"865,40";"190615,53";"600"
"150120405";"Baião";"1200";"7490";"31225";"5,98";"1480,85";"3163085,27";"1200"
"150120410";"Joana Peres";"850";"1803";"6731";"5,33";"1062,16";"511465,14";"850"
"150120420";"São Joaquim do Ituquara";"1000";"1619";"8348";"6,41";"1094,97";"994414,64";"1000"
"150120430";"Umarizal do Tocantins";"800";"1199";"4774";"4,48";"951,86";"643489,46";"800"
"150125305";"Bannach";"1500";"1322";"3988";"2,70";"2225,18";"18965038,10";"1500"
"150130305";"Barcarena";"1212";"25896";"87412";"2,74";"1666,44";"5402667,15";"1212"
"150130310";"Murucupi";"1500";"12084";"39040";"2,52";"2656,03";"12837451,05";"1500"
"150140205";"Belém";"6000";"49894";"139757";"2,05";"9028,15";"172910845,61";"6000"
"150140245";"Bengui";"1212";"88606";"275352";"2,42";"2670,70";"159173745,90";"1212"
"150140250";"Entroncamento";"1700";"40352";"123318";"2,45";"3639,15";"34801158,89";"1700"
"150140255";"Guamá";"1212";"89092";"283379";"3,13";"2186,12";"496645492,95";"1212"
"150140260";"Icoaraci";"1212";"56269";"171367";"2,29";"1812,98";"24337263,29";"1212"
"150140265";"Mosqueiro";"1200";"12381";"38195";"2,82";"1541,25";"4219383,47";"1200"
"150140267";"Outeiro";"1200";"12964";"39442";"2,68";"1394,10";"2597111,55";"1200"
"150140275";"Sacramenta";"1250";"73408";"230523";"2,95";"2902,65";"106768714,34";"1250"
"150145105";"Belterra";"1212";"5333";"17968";"3,07";"1545,19";"3797287,71";"1212"
"150150105";"Benevides";"1212";"11491";"35509";"2,45";"1765,65";"99173971,96";"1212"
"150150110";"Benfica";"1200";"8994";"27837";"2,40";"1479,87";"174945019,20";"1200"
"150157605";"Bom Jesus do Tocantins";"1212";"5087";"17851";"3,70";"1700,42";"4923954,86";"1212"
"150160005";"Bonito";"1212";"4214";"12602";"2,23";"1302,21";"10839629,32";"1212"
"150170905";"Bragança";"1212";"28505";"93299";"2,66";"1685,46";"6162793,46";"1212"
"150170910";"Almoço";"600";"799";"2696";"3,26";"931,56";"620428,18";"600"
"150170915";"Caratateua";"800";"3152";"10131";"2,79";"1078,35";"2115743,82";"800"
"150170920";"Nova Mocajuba";"600";"840";"2928";"3,66";"883,25";"611099,42";"600"
"150170930";"Tijoca";"1000";"2612";"9388";"3,44";"1097,40";"3202619,62";"1000"
"150170940";"Treme";"800";"1152";"4360";"3,26";"1052,38";"1173524,93";"800"
"150172505";"Brasil Novo";"1212";"7189";"24592";"2,92";"1781,09";"8994973,36";"1212"
"150175805";"Brejo Grande do Araguaia";"1212";"1662";"5209";"2,29";"1740,13";"7157730,29";"1212"
"150175815";"São Raimundo do Araguaia";"1200";"466";"1558";"3,24";"1345,56";"1208757,55";"1200"
"150178205";"Breu Branco";"1212";"13531";"45626";"3,56";"1434,87";"3565571,92";"1212"
"150180805";"Breves";"1200";"16450";"65941";"4,89";"1701,97";"4836332,47";"1200"
"150180810";"Antônio Lemos";"745";"1643";"8091";"6,39";"974,59";"575320,63";"745"
"150180815";"Curumu";"600";"3549";"17367";"5,84";"1023,80";"1022955,69";"600"
"150180820";"São Miguel dos Macacos";"1200";"2714";"15234";"7,71";"1442,98";"1467666,60";"1200"
"150190705";"Bujaru";"1000";"5321";"18439";"3,26";"1180,95";"1444315,14";"1000"
"150190710";"Guajará-Açu";"800";"1774";"5870";"3,03";"954,36";"507404,96";"800"
"150195605";"Cachoeira do Piriá";"800";"5620";"19578";"3,20";"1137,35";"3339622,06";"800"
"150200405";"Cachoeira do Arari";"900";"6549";"23940";"3,75";"1066,42";"2071519,35";"900"
"150210305";"Cametá";"1200";"19388";"75632";"3,97";"1469,02";"4214832,03";"1200"
"150210307";"Areião";"1190";"522";"1932";"4,11";"1093,91";"1243535,21";"1190"
"150210310";"Carapajó";"1200";"2569";"10793";"4,38";"1199,68";"1426602,86";"1200"
"150210315";"Curuçambaba";"700";"2563";"10448";"4,02";"950,46";"838494,64";"700"
"150210320";"Janua Coeli";"600";"2258";"9371";"3,81";"864,91";"630568,27";"600"
"150210325";"Juaba";"600";"3659";"15750";"4,35";"877,67";"765801,47";"600"
"150210330";"Moiraba";"700";"812";"3280";"4,52";"970,44";"1145573,83";"700"
"150210336";"Torres do Cupijó";"800";"660";"2862";"4,84";"980,86";"627418,22";"800"
"150210340";"Vila do Carmo do Tocantins";"1200";"848";"3659";"5,14";"1189,60";"1999347,25";"1200"
"150215205";"Canaã dos Carajás";"2000";"24367";"76817";"2,33";"2745,82";"10312200,94";"2000"
"150220205";"Capanema";"1212";"20775";"62777";"2,13";"1901,09";"7593794,84";"1212"
"150220210";"Mirasselvas";"1000";"1373";"4585";"2,71";"1127,46";"1335709,42";"1000"
"150220215";"Tauari";"1200";"909";"2854";"2,70";"1216,17";"2150049,90";"1200"
"150230105";"Capitão Poço";"1200";"18207";"56439";"2,18";"1314,54";"4086230,01";"1200"
"150240005";"Castanhal";"1212";"61380";"184498";"2,01";"2076,84";"27748933,34";"1212"
"150240010";"Apeú";"1212";"2380";"7141";"2,08";"4395,83";"14597348091,72";"1212"
"150250905";"Chaves";"1000";"4142";"17972";"4,92";"1217,38";"2485913,74";"1000"
"150250910";"São Sebastião de Viçosa";"600";"602";"2710";"5,23";"983,30";"864705,68";"600"
"150260805";"Colares";"1200";"3992";"12844";"2,85";"1272,76";"3907662,10";"1200"
"150270705";"Conceição do Araguaia";"1212";"15172";"44534";"2,32";"1945,39";"6163504,26";"1212"
"150275605";"Concórdia do Pará";"1212";"7957";"26800";"3,01";"1394,72";"2611612,19";"1212"
"150276405";"Cumaru do Norte";"1500";"3617";"12817";"4,92";"2251,75";"9757548,29";"1500"
"150277205";"Curionópolis";"1212";"6416";"19942";"2,79";"1834,33";"8407381,51";"1212"
"150280605";"Curralinho";"600";"5549";"22418";"4,05";"1218,04";"4579850,54";"600"
"150280610";"Piriá";"600";"2600";"11342";"4,71";"823,73";"872052,09";"600"
"150285505";"Curuá";"1000";"3903";"14105";"3,72";"1152,33";"2367527,35";"1000"
"150290505";"Curuçá";"1200";"7755";"26635";"3,46";"1304,15";"2516600,71";"1200"
"150290520";"Lauro Sodré";"1200";"1788";"5692";"2,83";"1190,82";"1854455,48";"1200"
"150290525";"Murajá";"1200";"980";"3338";"2,87";"1216,69";"1703083,66";"1200"
"150290540";"Ponta de Ramos";"900";"1604";"5454";"3,27";"1023,65";"923794,58";"900"
"150293905";"Dom Eliseu";"1212";"15347";"58380";"4,73";"1804,78";"72808353,38";"1212"
"150295405";"Eldorado do Carajás";"1212";"8905";"28117";"2,77";"1733,48";"4221940,29";"1212"
"150300205";"Faro";"1200";"1813";"7568";"5,27";"1367,11";"4293409,06";"1200"
"150300208";"Nova Maracanã";"1212";"277";"1110";"4,65";"1202,27";"2091534,11";"1212"
"150304405";"Floresta do Araguaia";"1200";"4872";"14648";"2,28";"1518,54";"2986326,93";"1200"
"150304410";"Bela Vista";"1212";"1114";"3239";"2,17";"1459,88";"1623522,39";"1212"
"150307705";"Garrafão do Norte";"900";"7641";"24485";"2,35";"1123,67";"1625458,18";"900"
"150309305";"Goianésia do Pará";"1212";"8279";"26286";"2,52";"1613,03";"5124866,40";"1212"
"150310105";"Gurupá";"1200";"5617";"23998";"4,98";"1465,18";"6624199,07";"1200"
"150310110";"Carrazedo";"1200";"508";"2406";"5,94";"1207,77";"687868,74";"1200"
"150310115";"Itatupã";"1200";"1240";"5240";"4,59";"1345,25";"1222103,53";"1200"
"150320005";"Igarapé-Açu";"1200";"9547";"29536";"2,24";"1442,39";"4655720,78";"1200"
"150320010";"Caripi";"1200";"1982";"6064";"2,29";"1151,47";"2804413,95";"1200"
"150330905";"Igarapé-Miri";"1200";"10845";"40599";"3,66";"1395,12";"5053897,55";"1200"
"150330910";"Maiauatá";"800";"6080";"24107";"3,54";"1009,45";"1487813,33";"800"
"150340805";"Inhangapi";"1212";"3213";"10313";"2,78";"1201,04";"1594508,29";"1212"
"150345705";"Ipixuna do Pará";"1200";"8750";"30172";"3,28";"1346,49";"3026821,53";"1200"
"150350705";"Irituia";"1000";"9558";"30925";"2,73";"1151,18";"2270082,55";"1000"
"150360605";"Itaituba";"1212";"33287";"111998";"3,24";"2011,77";"10147502,84";"1212"
"150360620";"Moraes Almeida";"1500";"3048";"9997";"3,35";"2337,70";"9631981,71";"1500"
"150370505";"Itupiranga";"1212";"13772";"49606";"3,77";"1504,31";"2699940,21";"1212"
"150375405";"Jacareacanga";"1212";"4607";"22025";"8,45";"2104,33";"22442789,24";"1212"
"150375420";"Porto Rico";"2000";"316";"860";"3,32";"2792,18";"10278661,27";"2000"
"150380405";"Jacundá";"1212";"12607";"37664";"2,19";"1850,46";"762450845,66";"1212"
"150390305";"Juruti";"1200";"12346";"50735";"4,96";"1687,92";"6246831,66";"1200"
"150400005";"Limoeiro do Ajuru";"700";"7177";"29525";"3,54";"1171,70";"2377183,96";"700"
"150405905";"Mãe do Rio";"1200";"9890";"34288";"3,22";"1537,53";"3835647,85";"1200"
"150410905";"Magalhães Barata";"1212";"1735";"5516";"2,80";"2220,67";"1263770911,43";"1212"
"150410910";"Cafezal";"1212";"755";"2546";"3,42";"1242,43";"1419473,94";"1212"
"150420805";"Marabá";"1300";"86017";"265584";"2,51";"2450,68";"387043598,86";"1300"
"150430705";"Maracanã";"1200";"4682";"15816";"3,25";"1406,71";"2497356,17";"1200"
"150430715";"Boa Esperança";"990";"1305";"4231";"3,10";"1003,76";"460616,48";"990"
"150430740";"São Roberto";"820";"1729";"5809";"3,40";"976,20";"692862,23";"820"
"150440605";"Marapanim";"1200";"3401";"11090";"3,22";"1448,91";"5111064,64";"1200"
"150440610";"Marudá";"1200";"499";"1613";"2,90";"1199,24";"1003987,91";"1200"
"150440615";"Matapiquara";"1200";"874";"2548";"2,63";"1138,56";"4084778,58";"1200"
"150440620";"Monte Alegre do Maú";"1200";"878";"2815";"3,00";"1046,09";"564958,48";"1200"
"150440622";"Praia de Marudá";"1000";"2718";"8417";"2,91";"1139,96";"1557301,82";"1000"
"150442205";"Marituba";"1212";"35861";"110531";"2,34";"1736,57";"57813552,64";"1212"
"150445505";"Medicilândia";"1200";"7309";"22032";"2,22";"1529,08";"4959823,94";"1200"
"150445535";"União da Floresta";"1200";"1646";"4995";"2,37";"1366,54";"2412964,03";"1200"
"150450505";"Melgaço";"800";"4826";"23188";"6,25";"1245,59";"3002167,10";"800"
"150450510";"Areias";"800";"889";"4526";"6,62";"1103,91";"1081134,53";"800"
"150460405";"Mocajuba";"1200";"6046";"23768";"4,26";"1351,87";"3675433,71";"1200"
"150460415";"São Pedro de Viseu";"780";"784";"3231";"4,32";"1006,03";"1150308,93";"780"
"150470305";"Moju";"1200";"19436";"64509";"3,27";"1303,53";"2929368,54";"1200"
"150470310";"Cairari";"1000";"5560";"19315";"4,51";"1482,24";"325765276,75";"1000"
"150475205";"Mojuí dos Campos";"1212";"7478";"23482";"2,38";"1342,36";"1729112,90";"1212"
"150480205";"Monte Alegre";"1200";"18312";"59929";"2,73";"1386,19";"3685474,04";"1200"
"150490105";"Muaná";"1000";"8158";"34319";"4,56";"1196,55";"2724940,89";"1000"
"150490110";"São Francisco da Jararaca";"600";"1436";"6504";"3,63";"880,22";"452761,56";"600"
"150490115";"São Miguel do Pracuúba";"600";"1042";"4358";"4,94";"980,92";"717153,57";"600"
"150495005";"Nova Esperança do Piriá";"700";"6024";"20434";"2,81";"1064,92";"2007761,55";"700"
"150497605";"Nova Ipixuna";"1212";"4571";"13903";"2,75";"1752,39";"4044885,50";"1212"
"150500705";"Nova Timboteua";"1200";"3387";"9245";"1,87";"1320,60";"2172582,82";"1200"
"150500710";"Timboteua";"900";"1173";"3527";"2,36";"994,21";"924059,46";"900"
"150503105";"Novo Progresso";"2000";"9739";"31022";"2,88";"2866,46";"8158483,55";"2000"
"150503110";"Mil";"2000";"706";"2429";"4,05";"2466,36";"7426018,00";"2000"
"150506405";"Novo Repartimento";"1212";"10239";"32894";"2,64";"1746,94";"114299778,43";"1212"
"150506410";"Belo Monte do Pará";"1212";"1542";"5672";"4,20";"1591,82";"1815790,83";"1212"
"150506420";"Maracajá";"1200";"4441";"14330";"2,42";"1520,18";"5276102,45";"1200"
"150506440";"Vitória da Conquista";"1212";"2298";"7657";"2,51";"1649,64";"5535660,39";"1212"
"150510605";"Óbidos";"1200";"14487";"51728";"3,82";"1274,82";"3816513,07";"1200"
"150520505";"Oeiras do Pará";"800";"8083";"33651";"4,93";"1154,37";"2842952,28";"800"
"150530405";"Oriximiná";"1200";"17860";"67671";"4,13";"1689,58";"8574430,92";"1200"
"150540305";"Ourém";"1000";"5754";"17826";"2,38";"1196,36";"2292778,58";"1000"
"150543705";"Ourilândia do Norte";"1212";"10335";"32170";"2,72";"1932,77";"6323637,32";"1212"
"150548605";"Pacajá";"1200";"9312";"30542";"2,92";"1644,23";"6470538,79";"1200"
"150548610";"Bom Jardim";"1212";"3160";"10497";"2,76";"1641,69";"1799893,30";"1212"
"150549405";"Palestina do Pará";"1212";"2200";"6884";"2,75";"1543,49";"3243450,67";"1212"
"150550205";"Paragominas";"1216";"32964";"104908";"2,52";"2179,86";"18525289,11";"1216"
"150553605";"Parauapebas";"1800";"87649";"267180";"2,28";"2743,59";"64861640,11";"1800"
"150555105";"Pau D'Arco";"1212";"2223";"6895";"3,93";"1505,13";"7489384,02";"1212"
"150560105";"Peixe-Boi";"1200";"1893";"5240";"2,09";"1629,66";"59237106,44";"1200"
"150560110";"Tauarizinho";"1200";"1054";"3040";"2,25";"998,59";"828343,86";"1200"
"150563505";"Piçarra";"1212";"4072";"12822";"2,47";"1880,11";"4065999,25";"1212"
"150565005";"Placas";"1200";"5874";"18629";"2,49";"1653,75";"34150504,02";"1200"
"150570005";"Ponta de Pedras";"1200";"7068";"24868";"3,29";"1363,58";"165118893,55";"1200"
"150580905";"Portel";"1170";"13283";"61894";"7,04";"1291,90";"2925120,17";"1170"
"150590805";"Porto de Moz";"1000";"7788";"34635";"6,77";"1300,91";"3296632,53";"1000"
"150590810";"Veiros";"600";"696";"3168";"6,69";"883,52";"532033,80";"600"
"150590815";"Vilarinho do Monte";"900";"579";"2751";"7,27";"948,16";"364836,39";"900"
"150600505";"Prainha";"900";"6183";"23427";"3,83";"1166,17";"3356294,04";"900"
"150600510";"Pacoval";"1000";"1083";"4218";"4,21";"1201,13";"932148,37";"1000"
"150600525";"Santa Maria do Uruará";"800";"1932";"7747";"4,20";"1036,74";"1456041,11";"800"
"150610405";"Primavera";"1200";"3528";"10818";"2,42";"1375,95";"4462226,39";"1200"
"150611205";"Quatipuru";"1100";"2324";"7055";"2,72";"1240,92";"2692002,43";"1100"
"150611210";"Boa Vista";"900";"1325";"4465";"2,98";"1138,64";"2603085,10";"900"
"150613805";"Redenção";"1300";"28019";"85129";"2,21";"2404,29";"11602909,04";"1300"
"150616105";"Rio Maria";"1212";"6501";"18364";"2,01";"1946,07";"7092536,76";"1212"
"150618705";"Rondon do Pará";"1212";"15285";"52884";"3,90";"1734,85";"5309973,20";"1212"
"150619505";"Rurópolis";"1212";"7091";"26653";"4,33";"1694,40";"3592593,71";"1212"
"150619515";"Divinópolis";"1200";"1988";"8972";"7,76";"1699,91";"15464023,18";"1200"
"150620305";"Salinópolis";"1212";"13482";"44544";"2,93";"1721,72";"5657920,28";"1212"
"150630205";"Salvaterra";"1200";"4773";"15488";"3,05";"1399,50";"3322392,53";"1200"
"150630210";"Condeixa";"800";"790";"2617";"3,00";"981,07";"814782,17";"800"
"150630215";"Joanes";"1200";"829";"2679";"3,18";"1251,97";"3151532,22";"1200"
"150630220";"Jubim";"1000";"621";"1978";"2,73";"1009,31";"1036495,76";"1000"
"150630225";"Monsarás";"800";"369";"1247";"3,24";"1065,37";"7734047,81";"800"
"150635105";"Santa Bárbara do Pará";"1212";"6801";"21063";"2,41";"1417,79";"3886609,24";"1212"
"150640105";"Santa Cruz do Arari";"1200";"1768";"7420";"8,02";"1194,46";"5659813,20";"1200"
"150650005";"Santa Izabel do Pará";"1212";"14930";"46634";"2,33";"1943,32";"136393263,24";"1212"
"150650010";"Americano";"1212";"3417";"10585";"2,26";"1660,25";"2635528,44";"1212"
"150650015";"Caraparu";"1212";"3140";"9254";"2,51";"1262,48";"1965881,12";"1212"
"150655905";"Santa Luzia do Pará";"1200";"6301";"20286";"2,66";"1222,41";"2403726,81";"1200"
"150658305";"Santa Maria das Barreiras";"1212";"1000";"3028";"2,74";"1821,84";"4916219,49";"1212"
"150658310";"Casa de Tábua";"1500";"2805";"8713";"2,38";"2208,45";"9728063,35";"1500"
"150658315";"Nova Esperança";"1212";"1613";"4661";"2,40";"1976,32";"7626307,57";"1212"
"150660905";"Santa Maria do Pará";"1200";"8460";"24551";"1,97";"1411,69";"3949569,47";"1200"
"150670805";"Santana do Araguaia";"1212";"10534";"32271";"2,55";"2109,36";"8752434,00";"1212"
"150680705";"Santarém";"1212";"85072";"288625";"3,03";"2219,92";"24486301,88";"1212"
"150680710";"Alter do Chão";"1212";"2684";"9758";"4,58";"1945,08";"9860468,54";"1212"
"150680725";"Boim";"1112";"2492";"10412";"5,39";"1178,14";"798916,35";"1112"
"150680730";"Curuai";"970";"4158";"17248";"5,28";"1175,91";"3114524,81";"970"
"150680740";"Arapixuna";"1212";"1136";"4103";"4,55";"1175,41";"822436,78";"1212"
"150690605";"Santarém Novo";"1212";"1961";"6098";"2,84";"1378,84";"2420563,61";"1212"
"150700305";"Santo Antônio do Tauá";"1212";"5758";"17574";"2,31";"1445,65";"3073772,58";"1212"
"150700310";"Espírito Santo do Tauá";"1200";"1311";"4027";"2,50";"1261,74";"1178960,84";"1200"
"150700315";"São Raimundo de Borralhos";"1200";"1738";"5809";"2,78";"1157,89";"872026,05";"1200"
"150710205";"São Caetano de Odivelas";"1200";"4186";"13650";"2,97";"2052,75";"2333376713,58";"1200"
"150710210";"Perseverança";"800";"972";"2941";"2,87";"1032,31";"719098,12";"800"
"150715105";"São Domingos do Araguaia";"1212";"6797";"21043";"2,41";"1690,63";"4316043,05";"1212"
"150720105";"São Domingos do Capim";"800";"8461";"30575";"3,57";"1085,63";"1914158,54";"800"
"150730005";"São Félix do Xingu";"1500";"12164";"38044";"2,77";"2037,80";"6307064,84";"1500"
"150730020";"Sudoeste";"1500";"1012";"3029";"2,72";"1975,96";"2721746,39";"1500"
"150730025";"Taboca";"1500";"4180";"13331";"2,69";"1922,42";"3672220,17";"1500"
"150730030";"Vila Ladeira Vermelha";"1212";"1151";"3344";"2,27";"2107,24";"16445602,45";"1212"
"150730035";"Vila Lindoeste";"1500";"876";"2766";"2,84";"1931,16";"6917063,54";"1500"
"150730040";"Vila Nereu";"2000";"1353";"4007";"2,52";"2324,69";"3849149,73";"2000"
"150740905";"São Francisco do Pará";"1212";"4949";"14882";"2,07";"1365,46";"2778541,62";"1212"
"150745805";"São Geraldo do Araguaia";"1212";"7711";"24153";"2,60";"1847,45";"7365391,32";"1212"
"150746605";"São João da Ponta";"1002";"1456";"4426";"2,92";"1114,56";"1656931,63";"1002"
"150747405";"São João de Pirabas";"1200";"5460";"17390";"2,87";"1222,77";"3030263,49";"1200"
"150747410";"Japerica";"1200";"1093";"3280";"2,73";"1130,33";"1275797,15";"1200"
"150750805";"São João do Araguaia";"1200";"3304";"10202";"3,10";"1446,47";"2500418,27";"1200"
"150750810";"Apinagés";"1212";"1086";"3410";"3,04";"1600,73";"13352202,04";"1212"
"150760705";"São Miguel do Guamá";"1212";"12023";"38163";"2,40";"1601,19";"5321335,43";"1212"
"150760710";"Caju";"900";"2158";"7419";"3,27";"1088,99";"1869939,61";"900"
"150760715";"Urucuri";"1000";"1982";"6627";"2,83";"1001,26";"608403,59";"1000"
"150760720";"Urucuriteua";"1200";"224";"628";"1,96";"1075,22";"778355,24";"1200"
"150770605";"São Sebastião da Boa Vista";"1000";"6560";"25539";"3,32";"1155,29";"1537511,05";"1000"
"150775505";"Sapucaia";"1212";"1776";"5812";"2,86";"1943,39";"56385374,69";"1212"
"150780505";"Senador José Porfírio";"1212";"6486";"22166";"3,46";"1448,51";"4138713,76";"1212"
"150790405";"Soure";"1212";"7079";"24168";"3,43";"1561,56";"5226665,95";"1212"
"150795305";"Tailândia";"1212";"18550";"62834";"3,45";"1797,52";"20805222,70";"1212"
"150795310";"Palmares";"1400";"3033";"9517";"2,73";"1613,96";"1024988,89";"1400"
"150796105";"Terra Alta";"1200";"3355";"10393";"2,48";"1271,43";"2089258,05";"1200"
"150797905";"Terra Santa";"1200";"4997";"18745";"3,99";"1621,00";"3771142,50";"1200"
"150800105";"Tomé-Açu";"1212";"19786";"67243";"3,01";"1542,35";"10525638,72";"1212"
"150803505";"Tracuateua";"710";"8733";"28573";"2,74";"1089,80";"2547405,72";"710"
"150805005";"Trairão";"1212";"4684";"15201";"2,69";"1816,35";"4651659,56";"1212"
"150808405";"Tucumã";"1500";"12824";"39481";"2,17";"2231,65";"9630414,19";"1500"
"150810005";"Tucuruí";"1212";"27397";"90687";"2,98";"2224,34";"11998849,24";"1212"
"150812605";"Ulianópolis";"1250";"9695";"37838";"4,25";"1748,58";"6068442,20";"1250"
"150815905";"Uruará";"1212";"12506";"37958";"2,41";"1696,88";"5146584,28";"1212"
"150815910";"Alvorada";"1000";"1727";"5417";"2,30";"1243,07";"2857519,62";"1000"
"150820905";"Vigia";"1200";"12506";"40654";"2,64";"1416,53";"3507932,37";"1200"
"150820915";"Porto Salvo";"1200";"3284";"10120";"2,53";"1149,16";"1084678,30";"1200"
"150830805";"Viseu";"1200";"5773";"20640";"3,52";"1254,58";"1940529,53";"1200"
"150830815";"Fernandes Belo";"700";"2867";"10481";"3,97";"1048,94";"1851783,91";"700"
"150830820";"São José do Gurupi";"855";"718";"2565";"4,15";"1064,58";"848038,52";"855"
"150830825";"São José do Piriá";"670";"6874";"24913";"3,63";"976,80";"709821,02";"670"
"150835705";"Vitória do Xingu";"1212";"4902";"15550";"2,89";"1604,72";"3654821,98";"1212"
"150840705";"Xinguara";"1212";"17900";"52546";"2,13";"2205,81";"59095629,61";"1212"
"160005505";"Serra do Navio";"1593";"1109";"3740";"3,10";"2222,89";"6319421,38";"1593"
"160005510";"Cachaço";"1200";"255";"891";"3,25";"1764,44";"2471668,75";"1200"
"160010505";"Amapá";"1212";"1931";"7427";"4,81";"1823,03";"7883733,70";"1212"
"160010515";"Sucuriju";"1212";"123";"481";"6,75";"1510,19";"7653502,24";"1212"
"160015405";"Pedra Branca do Amapari";"1224";"3201";"12180";"5,13";"1961,53";"7113211,99";"1224"
"160020405";"Calçoene";"1212";"1835";"7262";"4,89";"1704,22";"5119951,85";"1212"
"160020410";"Cunani";"1200";"261";"897";"3,47";"1195,66";"1593075,67";"1200"
"160020415";"Lourenço";"1212";"676";"2247";"4,23";"1985,83";"6707284,32";"1212"
"160021205";"Cutias";"1212";"1156";"4426";"4,84";"1408,53";"2577111,48";"1212"
"160023805";"Ferreira Gomes";"1212";"1795";"6645";"4,32";"1861,27";"10360049,71";"1212"
"160025305";"Itaubal";"1200";"1360";"5579";"5,17";"1454,60";"2149605,04";"1200"
"160027905";"Laranjal do Jari";"1212";"10319";"35006";"3,52";"1757,23";"9176867,03";"1212"
"160030305";"Macapá";"1380";"115095";"407049";"3,79";"2980,03";"20376169,98";"1380"
"160030310";"Bailique";"600";"1738";"7237";"5,25";"1053,45";"3212657,61";"600"
"160030311";"Carapanantuba";"950";"487";"1918";"4,89";"1081,92";"749743,43";"950"
"160030312";"Fazendinha";"1220";"4722";"17921";"3,96";"3417,61";"36739364,00";"1220"
"160030324";"São Joaquim do Pacuí";"1200";"1423";"5695";"5,08";"1371,94";"4048660,64";"1200"
"160040205";"Mazagão";"1212";"2920";"11564";"4,43";"1930,76";"5967819,15";"1212"
"160040208";"Carvão";"1212";"380";"1531";"5,09";"1322,95";"1528137,26";"1212"
"160040215";"Mazagão Velho";"1000";"2010";"8650";"5,23";"1156,51";"987959,40";"1000"
"160050105";"Oiapoque";"1212";"6300";"23910";"4,81";"2004,25";"9211538,30";"1212"
"160050110";"Clevelândia do Norte";"1200";"133";"461";"3,64";"1933,41";"2684394,40";"1200"
"160050115";"Vila Velha";"1200";"434";"2167";"5,79";"1212,63";"719208,60";"1200"
"160050120";"Vila Brasil";"1356";"142";"384";"3,87";"3005,10";"31036760,73";"1356"
"160053505";"Porto Grande";"1212";"5007";"17777";"3,82";"1723,36";"5201977,43";"1212"
"160055005";"Pracuúba";"1212";"913";"3800";"5,21";"1351,20";"2512325,51";"1212"
"160060005";"Santana";"1212";"26807";"99832";"3,96";"2219,76";"12186792,88";"1212"
"160060007";"Anauerapucu";"1212";"352";"1368";"4,26";"1561,94";"2797221,28";"1212"
"160060010";"Igarapé do Lago";"1212";"238";"798";"4,37";"1183,30";"355552,39";"1212"
"160060015";"Ilha de Santana";"1000";"999";"3914";"4,06";"1105,88";"1068177,63";"1000"
"160060020";"Piaçacá";"1200";"135";"418";"4,80";"1223,60";"2527529,45";"1200"
"160060023";"Pirativa";"1200";"257";"976";"5,01";"1158,45";"1250453,02";"1200"
"160070905";"Tartarugalzinho";"1200";"3315";"12871";"4,78";"1600,06";"9678464,88";"1200"
"160080805";"Vitória do Jari";"1200";"3006";"11244";"4,05";"1568,42";"9630100,62";"1200"
"170025105";"Abreulândia";"1212";"925";"2575";"2,05";"2005,18";"7804736,42";"1212"
"170030105";"Aguiarnópolis";"1212";"1436";"4481";"2,25";"1937,00";"9469618,71";"1212"
"170035005";"Aliança do Tocantins";"1212";"1849";"5134";"2,10";"1855,90";"9741083,24";"1212"
"170040005";"Almas";"1212";"2078";"6456";"2,98";"1654,93";"3085006,12";"1212"
"170070705";"Alvorada";"1250";"3119";"8765";"1,91";"2508,18";"16199009,68";"1250"
"170100205";"Ananás";"1212";"3182";"10151";"2,69";"1789,28";"5060691,95";"1212"
"170105105";"Angico";"1212";"894";"2872";"2,37";"1713,33";"2499582,02";"1212"
"170110105";"Aparecida do Rio Negro";"1212";"1659";"4826";"2,29";"1956,09";"8410922,14";"1212"
"170130905";"Aragominas";"1212";"909";"2619";"2,01";"1852,24";"4547944,27";"1212"
"170130910";"Reunidas";"1212";"925";"2664";"3,05";"1372,21";"1379499,64";"1212"
"170190305";"Araguacema";"1212";"2061";"5914";"2,27";"1977,86";"29984029,28";"1212"
"170200005";"Araguaçu";"1300";"3046";"8038";"1,69";"2266,67";"9256424,04";"1300"
"170210905";"Araguaína";"1500";"57622";"170741";"2,12";"2746,01";"16209804,92";"1500"
"170215805";"Araguanã";"1212";"1465";"4292";"2,39";"1468,67";"2198506,96";"1212"
"170220805";"Araguatins";"1212";"9247";"28861";"2,53";"1950,35";"21375999,85";"1212"
"170220810";"Natal";"1200";"604";"1912";"2,64";"1238,29";"934713,16";"1200"
"170220820";"Macaúba";"1212";"359";"1061";"2,00";"1449,50";"2215602,21";"1212"
"170230705";"Arapoema";"1212";"1962";"5542";"2,10";"2020,82";"12381791,85";"1212"
"170240605";"Arraias";"1212";"3544";"9654";"2,43";"2263,19";"308288952,73";"1212"
"170240610";"Cana Brava";"1212";"183";"540";"2,71";"1471,04";"2227811,29";"1212"
"170255405";"Augustinópolis";"1212";"5667";"17405";"2,23";"1919,11";"19780534,63";"1212"
"170270305";"Aurora do Tocantins";"1212";"1273";"3340";"1,74";"1689,93";"4205908,39";"1212"
"170290105";"Axixá do Tocantins";"1212";"2915";"10259";"3,47";"1593,39";"4839143,86";"1212"
"170300805";"Babaçulândia";"1212";"2682";"7875";"2,56";"1555,40";"3354749,45";"1212"
"170305705";"Bandeirantes do Tocantins";"1275";"1161";"3397";"2,16";"2007,76";"5264820,33";"1275"
"170307305";"Barra do Ouro";"1212";"1363";"4475";"3,05";"3801,91";"7021210077,64";"1212"
"170310705";"Barrolândia";"1212";"1751";"4792";"2,12";"1809,59";"8621502,40";"1212"
"170320605";"Bernardo Sayão";"1212";"1516";"4205";"1,96";"2041,66";"8702352,61";"1212"
"170330505";"Bom Jesus do Tocantins";"1212";"1337";"4037";"2,41";"1867,92";"8547333,87";"1212"
"170360205";"Brasilândia do Tocantins";"1212";"689";"1974";"2,03";"1763,49";"4448844,44";"1212"
"170370105";"Brejinho de Nazaré";"1212";"1709";"4723";"2,12";"1707,20";"6595557,76";"1212"
"170380005";"Buriti do Tocantins";"1212";"2851";"10303";"3,75";"1390,71";"3212458,41";"1212"
"170382605";"Cachoeirinha";"1212";"638";"1961";"2,38";"1486,72";"1659387,04";"1212"
"170384205";"Campos Lindos";"1225";"2419";"8623";"3,71";"1997,01";"8864595,21";"1225"
"170386705";"Cariri do Tocantins";"1212";"1280";"3628";"2,08";"2081,82";"4878288,11";"1212"
"170388305";"Carmolândia";"1212";"747";"2198";"2,13";"1746,50";"2796980,74";"1212"
"170389105";"Carrasco Bonito";"1212";"1012";"3318";"2,28";"1269,19";"890865,82";"1212"
"170390905";"Caseara";"1212";"1629";"4818";"2,69";"1847,00";"12519101,48";"1212"
"170410505";"Centenário";"1212";"772";"2131";"2,06";"1577,30";"2245608,62";"1212"
"170460005";"Chapada de Areia";"1212";"563";"1499";"2,15";"1584,80";"1451558,46";"1212"
"170510205";"Chapada da Natividade";"1212";"1028";"3117";"2,72";"1641,54";"8903310,22";"1212"
"170550805";"Colinas do Tocantins";"1240";"11816";"34091";"2,05";"2381,67";"13442725,75";"1240"
"170555705";"Combinado";"1212";"1741";"4732";"1,89";"1917,87";"6165709,49";"1212"
"170560705";"Conceição do Tocantins";"1212";"1295";"3874";"2,74";"1795,36";"4562719,46";"1212"
"170600105";"Couto Magalhães";"1212";"1845";"5327";"2,32";"1695,99";"4028081,51";"1212"
"170610005";"Cristalândia";"1212";"2346";"6330";"2,11";"2087,34";"7183909,59";"1212"
"170625805";"Crixás do Tocantins";"1212";"508";"1462";"2,28";"1824,08";"2289505,15";"1212"
"170650605";"Darcinópolis";"1212";"1990";"5807";"2,38";"1558,22";"6155811,28";"1212"
"170700905";"Dianópolis";"1212";"5816";"17676";"2,43";"2228,72";"9748378,66";"1212"
"170710805";"Divinópolis do Tocantins";"1212";"2533";"7011";"2,08";"2041,79";"10497646,11";"1212"
"170720705";"Dois Irmãos do Tocantins";"1212";"2290";"6327";"1,84";"1947,85";"6276017,97";"1212"
"170730605";"Dueré";"1374";"1626";"4241";"2,15";"2081,80";"11529285,60";"1373.5"
"170740505";"Esperantina";"1200";"2317";"7525";"2,82";"1342,43";"1688557,14";"1200"
"170755305";"Fátima";"1212";"1194";"3452";"2,40";"1980,51";"7374326,28";"1212"
"170765205";"Figueirópolis";"1212";"1948";"5205";"1,81";"2062,13";"5691294,37";"1212"
"170770205";"Filadélfia";"1212";"1797";"5557";"2,85";"1586,36";"4235400,42";"1212"
"170770210";"Bielândia";"1212";"759";"2150";"2,60";"1494,63";"2993748,51";"1212"
"170820505";"Formoso do Araguaia";"1212";"6434";"18693";"2,53";"2065,41";"6640300,53";"1212"
"170825405";"Tabocão";"1212";"1145";"3451";"2,13";"1918,82";"4501312,07";"1212"
"170830405";"Goianorte";"1212";"1691";"4738";"1,63";"1746,10";"5043196,88";"1212"
"170900505";"Goiatins";"1212";"2104";"7465";"4,20";"1824,16";"6045282,07";"1212"
"170900510";"Cartucho";"1212";"521";"1728";"5,15";"1325,70";"1639684,99";"1212"
"170900515";"Craolândia";"1000";"422";"1309";"3,74";"1133,14";"1901355,00";"1000"
"170900525";"Alto Lindo";"1212";"644";"1886";"2,69";"1325,02";"1168926,93";"1212"
"170930205";"Guaraí";"1300";"8831";"24646";"1,92";"2665,24";"17463108,24";"1300"
"170950005";"Gurupi";"1800";"30584";"85008";"1,91";"3036,26";"85548571,55";"1800"
"170980705";"Ipueiras";"1212";"563";"1586";"2,49";"1755,94";"3230113,02";"1212"
"171050805";"Itacajá";"1212";"2150";"6767";"3,43";"1867,95";"6788452,18";"1212"
"171070605";"Itaguatins";"1212";"1742";"5167";"2,35";"1647,90";"5773753,80";"1212"
"171090405";"Itapiratins";"1212";"1274";"3575";"2,17";"1813,29";"15272499,47";"1212"
"171110005";"Itaporã do Tocantins";"1212";"822";"2366";"1,93";"1959,58";"5906155,50";"1212"
"171150605";"Jaú do Tocantins";"1212";"1237";"3332";"1,80";"1997,95";"14272466,43";"1212"
"171180305";"Juarina";"1212";"737";"2243";"2,75";"1422,08";"1870930,05";"1212"
"171190205";"Lagoa da Confusão";"1500";"4797";"15230";"3,52";"2263,59";"18529808,62";"1500"
"171195105";"Lagoa do Tocantins";"1212";"1068";"3516";"3,43";"1526,29";"3264628,83";"1212"
"171200905";"Lajeado";"1500";"1164";"3334";"2,36";"2603,36";"10924681,40";"1500"
"171215705";"Lavandeira";"1212";"586";"1626";"1,96";"1696,31";"3388231,72";"1212"
"171240505";"Lizarda";"1212";"802";"2414";"3,16";"1721,20";"8104500,45";"1212"
"171240510";"Alto Bonito";"1212";"182";"572";"2,82";"1354,01";"1051512,31";"1212"
"171245405";"Luzinópolis";"1200";"870";"2699";"2,40";"1611,10";"16637616,80";"1200"
"171250405";"Marianópolis do Tocantins";"1212";"1594";"4533";"2,26";"1809,21";"4060438,13";"1212"
"171270205";"Mateiros";"1212";"805";"2700";"4,08";"1886,01";"5490118,18";"1212"
"171280105";"Maurilândia do Tocantins";"1200";"988";"3045";"3,05";"1479,71";"2812612,74";"1200"
"171320505";"Miracema do Tocantins";"1212";"6365";"18439";"2,23";"2309,03";"12360425,95";"1212"
"171330405";"Miranorte";"1212";"4394";"12654";"2,01";"1953,55";"6905801,68";"1212"
"171360105";"Monte do Carmo";"1212";"1929";"5686";"2,75";"1873,67";"10941388,57";"1212"
"171370005";"Monte Santo do Tocantins";"1212";"882";"2395";"2,22";"1646,50";"2123747,31";"1212"
"171380905";"Palmeiras do Tocantins";"1212";"1553";"4869";"2,48";"1346,60";"1627132,36";"1212"
"171395705";"Muricilândia";"1212";"1178";"3353";"2,57";"1749,62";"3880384,66";"1212"
"171420305";"Natividade";"1212";"2740";"7878";"2,62";"2001,97";"8990091,75";"1212"
"171420320";"Príncipe";"1212";"318";"848";"2,61";"1387,80";"923637,65";"1212"
"171430205";"Nazaré";"1200";"1531";"4515";"2,28";"1543,15";"3516062,98";"1200"
"171488005";"Nova Olinda";"1212";"3517";"10352";"2,28";"1655,76";"2590786,70";"1212"
"171500205";"Nova Rosalândia";"1212";"1167";"3353";"2,19";"1971,19";"12603488,98";"1212"
"171510105";"Novo Acordo";"1212";"1325";"3939";"2,65";"1829,59";"10102461,57";"1212"
"171515005";"Novo Alegre";"1212";"718";"1843";"1,84";"2005,13";"8960281,73";"1212"
"171525905";"Novo Jardim";"1238";"704";"2210";"2,66";"1798,45";"2786173,62";"1238"
"171550705";"Oliveira de Fátima";"1230";"398";"1164";"2,25";"2079,58";"8965090,61";"1230"
"171570505";"Palmeirante";"1212";"1663";"4786";"2,57";"1545,68";"2747347,47";"1212"
"171575405";"Palmeirópolis";"1212";"2524";"6926";"1,84";"2129,05";"6460059,26";"1212"
"171610905";"Paraíso do Tocantins";"1600";"18285";"52120";"2,04";"2680,18";"14652517,72";"1600"
"171620805";"Paranã";"1212";"2678";"7822";"2,77";"1642,16";"5176281,12";"1212"
"171620810";"Bom Jesus da Palma";"1212";"663";"1742";"2,50";"1222,86";"876601,29";"1212"
"171620815";"Campo Alegre";"1200";"325";"946";"2,56";"1296,67";"744899,22";"1200"
"171630705";"Pau D'Arco";"1212";"1372";"4040";"2,35";"1724,03";"3091001,48";"1212"
"171650505";"Pedro Afonso";"1400";"4574";"13489";"2,23";"2482,80";"10554145,07";"1400"
"171650510";"Porto Real";"1212";"157";"438";"2,04";"1849,86";"3275974,09";"1212"
"171660405";"Peixe";"1212";"3418";"9286";"2,14";"1961,91";"8404835,34";"1212"
"171665305";"Pequizeiro";"1212";"1706";"4921";"2,01";"1845,31";"5033314,84";"1212"
"171670305";"Colméia";"1212";"3209";"8892";"1,85";"2049,91";"7564934,34";"1212"
"171700805";"Pindorama do Tocantins";"1212";"1488";"4466";"2,54";"1512,50";"2801685,55";"1212"
"171720605";"Piraquê";"1212";"793";"2281";"2,01";"1627,96";"2222443,90";"1212"
"171750305";"Pium";"1212";"2364";"7083";"3,45";"2005,57";"7011699,42";"1212"
"171780005";"Ponte Alta do Bom Jesus";"1212";"1580";"4212";"2,18";"1498,85";"5884619,41";"1212"
"171790905";"Ponte Alta do Tocantins";"1212";"2494";"7525";"2,91";"1658,19";"4751416,23";"1212"
"171800605";"Porto Alegre do Tocantins";"1212";"922";"2865";"2,81";"1680,58";"2833796,77";"1212"
"171820405";"Porto Nacional";"1500";"16115";"48661";"2,29";"2697,39";"14009713,57";"1500"
"171820425";"Luzimangues";"1500";"5231";"15505";"2,20";"2290,54";"7779933,46";"1500"
"171830305";"Praia Norte";"1212";"2454";"9031";"3,29";"1415,48";"1999718,86";"1212"
"171840205";"Presidente Kennedy";"1212";"1066";"3045";"2,07";"1758,29";"2226068,05";"1212"
"171845105";"Pugmil";"1212";"785";"2187";"2,09";"1740,53";"5278908,66";"1212"
"171850105";"Recursolândia";"1212";"1043";"3419";"3,34";"1346,53";"3317341,74";"1212"
"171855005";"Riachinho";"1212";"1259";"3953";"2,34";"1429,27";"1839858,44";"1212"
"171865905";"Rio da Conceição";"1212";"566";"1747";"2,62";"1664,86";"2502393,35";"1212"
"171870905";"Rio dos Bois";"1212";"961";"2738";"2,36";"1613,87";"2337003,88";"1212"
"171875805";"Rio Sono";"1212";"1661";"4834";"2,29";"1843,60";"14615715,34";"1212"
"171880805";"Sampaio";"1212";"1254";"4205";"2,94";"1402,80";"2743939,24";"1212"
"171884005";"Sandolândia";"1212";"1303";"3679";"2,15";"1954,21";"10990092,01";"1212"
"171886505";"Santa Fé do Araguaia";"1212";"2361";"7145";"2,70";"1851,24";"5075046,22";"1212"
"171888105";"Santa Maria do Tocantins";"1212";"922";"2657";"2,19";"1743,26";"3015945,95";"1212"
"171889905";"Santa Rita do Tocantins";"1436";"780";"2210";"2,53";"2297,53";"17651141,11";"1436"
"171890705";"Santa Rosa do Tocantins";"1212";"1233";"3700";"2,85";"1726,85";"3229810,84";"1212"
"171890710";"Cangas";"1212";"235";"663";"2,49";"1366,74";"1944692,44";"1212"
"171890715";"Morro de São João";"1212";"98";"290";"2,64";"1209,56";"385596,59";"1212"
"171900405";"Santa Tereza do Tocantins";"1212";"853";"2781";"2,96";"1880,21";"8793400,78";"1212"
"172000205";"Santa Terezinha do Tocantins";"1212";"791";"2406";"2,34";"1575,62";"6069219,32";"1212"
"172010105";"São Bento do Tocantins";"1212";"1703";"5624";"2,79";"1512,69";"4443161,27";"1212"
"172015005";"São Félix do Tocantins";"1212";"547";"1766";"3,24";"2167,55";"10834569,89";"1212"
"172020005";"São Miguel do Tocantins";"1212";"4058";"13233";"2,95";"2177,17";"1485291172,05";"1212"
"172025905";"São Salvador do Tocantins";"1212";"855";"2370";"2,21";"1597,74";"7821416,89";"1212"
"172030905";"São Sebastião do Tocantins";"1212";"1235";"4100";"2,86";"1707,95";"10821764,29";"1212"
"172049905";"São Valério";"1212";"1695";"4413";"2,03";"1849,46";"14083036,63";"1212"
"172065505";"Silvanópolis";"1212";"1728";"5108";"2,59";"1904,16";"6124411,91";"1212"
"172080405";"Sítio Novo do Tocantins";"1212";"3260";"10814";"3,16";"1518,88";"2973013,35";"1212"
"172085305";"Sucupira";"1212";"591";"1577";"1,92";"1840,79";"6727123,61";"1212"
"172090305";"Taguatinga";"1212";"5011";"13957";"2,21";"1649,94";"5208679,95";"1212"
"172093705";"Taipas do Tocantins";"1212";"680";"2019";"2,47";"1814,16";"5805872,47";"1212"
"172097805";"Talismã";"1250";"916";"2436";"1,76";"2048,04";"4521364,94";"1250"
"172100005";"Palmas";"2149";"103547";"294233";"2,11";"4209,55";"160012654,05";"2148.5"
"172100008";"Buritirana";"1212";"569";"1593";"2,50";"1629,68";"6242988,53";"1212"
"172100015";"Taquaruçu";"1300";"1835";"5549";"2,54";"2421,40";"8829153,25";"1300"
"172110905";"Tocantínia";"1212";"1909";"6978";"4,65";"1867,25";"7636617,26";"1212"
"172120805";"Tocantinópolis";"1212";"7356";"22344";"2,58";"1958,98";"9431103,83";"1212"
"172125705";"Tupirama";"1500";"658";"1909";"2,20";"2165,78";"4533063,54";"1500"
"172130705";"Tupiratins";"1212";"678";"1865";"1,84";"1653,77";"6467361,72";"1212"
"172208105";"Wanderlândia";"1212";"3537";"10506";"2,45";"1579,80";"4162698,19";"1212"
"172210705";"Xambioá";"1220";"3510";"10503";"2,17";"1947,23";"9189064,48";"1220"
"210005505";"Açailândia";"1212";"34374";"106151";"2,12";"1947,50";"5903243,91";"1212"
"210010505";"Afonso Cunha";"1200";"1699";"6132";"3,45";"2108,75";"432660070,74";"1200"
"210015405";"Água Doce do Maranhão";"1200";"3543";"12137";"3,06";"1115,70";"1494444,24";"1200"
"210020405";"Alcântara";"1200";"5473";"16029";"2,31";"1203,32";"1968228,41";"1200"
"210020410";"São João de Cortes";"820";"798";"2395";"2,77";"941,97";"418566,53";"820"
"210030305";"Aldeias Altas";"1200";"6664";"23283";"3,45";"1112,05";"1197057,35";"1200"
"210040205";"Altamira do Maranhão";"1200";"1950";"6446";"2,61";"1361,99";"2430855,21";"1200"
"210043605";"Alto Alegre do Maranhão";"1100";"7540";"24019";"2,63";"1197,25";"3489937,05";"1100"
"210047705";"Alto Alegre do Pindaré";"1200";"7425";"25611";"2,95";"1300,00";"1976063,87";"1200"
"210050105";"Alto Parnaíba";"1212";"3147";"10208";"3,44";"1713,75";"10612382,41";"1212"
"210050110";"Curupá";"1212";"256";"834";"4,92";"935,23";"298032,21";"1212"
"210055005";"Amapá do Maranhão";"1200";"2025";"7170";"3,17";"1141,56";"1025013,55";"1200"
"210060005";"Amarante do Maranhão";"1200";"10775";"36656";"3,10";"1376,69";"5324125,33";"1200"
"210070905";"Anajatuba";"1150";"7083";"21973";"2,47";"1163,34";"1552998,62";"1150"
"210070910";"Porto das Gabarras";"600";"1076";"3339";"2,44";"884,05";"447781,81";"600"
"210080805";"Anapurus";"1100";"3988";"13732";"2,75";"1248,48";"3373697,25";"1100"
"210083205";"Apicum-Açu";"900";"5044";"17487";"3,49";"1105,81";"1350587,53";"900"
"210087305";"Araguanã";"1200";"3207";"11166";"3,19";"1165,74";"1265248,21";"1200"
"210090705";"Araioses";"900";"11973";"39024";"2,87";"1069,01";"1770012,70";"900"
"210095605";"Arame";"1200";"7105";"25284";"3,19";"1264,25";"4723432,67";"1200"
"210100405";"Arari";"1200";"8525";"28009";"2,58";"1403,19";"3538480,47";"1200"
"210100410";"Bonfim do Arari";"1200";"436";"1420";"2,64";"1071,66";"412768,81";"1200"
"210110305";"Axixá";"1212";"3338";"11758";"3,20";"1256,20";"1578129,87";"1212"
"210120205";"Bacabal";"1212";"32889";"103497";"2,53";"1638,82";"5359382,19";"1212"
"210125105";"Bacabeira";"1200";"5286";"16942";"2,54";"1303,27";"2801658,74";"1200"
"210130105";"Bacuri";"1200";"5111";"16200";"2,95";"1187,00";"2363803,16";"1200"
"210135005";"Bacurituba";"1000";"1742";"5250";"2,92";"1042,41";"735707,89";"1000"
"210140005";"Balsas";"1250";"30809";"101308";"2,66";"2637,12";"358175003,71";"1250"
"210150905";"Barão de Grajaú";"1212";"6226";"18957";"2,25";"1492,55";"2527124,71";"1212"
"210160805";"Barra do Corda";"1212";"27006";"84079";"2,40";"1666,76";"409704140,14";"1212"
"210170705";"Barreirinhas";"1200";"17968";"65457";"3,35";"1290,22";"32843504,63";"1200"
"210173105";"Belágua";"710";"2070";"8460";"4,58";"2850,26";"5458439910,94";"710"
"210177205";"Bela Vista do Maranhão";"1200";"3492";"11736";"2,73";"1275,47";"1503905,53";"1200"
"210180605";"Benedito Leite";"1200";"1756";"5449";"2,52";"1251,32";"1525638,85";"1200"
"210190505";"Bequimão";"1200";"6703";"19499";"2,36";"1166,20";"2037644,81";"1200"
"210193905";"Bernardo do Mearim";"1212";"1799";"5829";"2,70";"1362,06";"1610921,60";"1212"
"210197005";"Boa Vista do Gurupi";"1184";"2146";"7550";"3,46";"1284,47";"9052894,19";"1184"
"210200205";"Bom Jardim";"1200";"9746";"32993";"3,02";"1227,22";"2204377,24";"1200"
"210203605";"Bom Jesus das Selvas";"1200";"8264";"28534";"3,28";"1376,93";"3732816,02";"1200"
"210207705";"Bom Lugar";"1121";"3559";"12199";"2,95";"1091,48";"908209,03";"1121"
"210210105";"Brejo";"900";"9640";"34072";"3,18";"1143,91";"2603199,96";"900"
"210215005";"Brejo de Areia";"800";"2545";"9200";"2,98";"1030,22";"2168190,03";"800"
"210220005";"Buriti";"1000";"8083";"29628";"4,04";"1090,72";"1370828,25";"1000"
"210230905";"Buriti Bravo";"1200";"6340";"21377";"2,86";"1208,18";"1907221,49";"1200"
"210230910";"Bacatuba";"640";"318";"1047";"3,39";"957,63";"1082505,59";"640"
"210232505";"Buriticupu";"1200";"16333";"55384";"2,84";"1425,92";"5255086,52";"1200"
"210235805";"Buritirana";"1212";"4116";"12900";"2,41";"1292,80";"1217074,51";"1212"
"210237405";"Cachoeira Grande";"700";"2592";"9389";"3,41";"988,14";"998707,37";"700"
"210240805";"Cajapió";"1000";"3142";"10104";"2,81";"1048,72";"956825,88";"1000"
"210250705";"Cajari";"1000";"3178";"10527";"3,09";"1122,42";"1805769,27";"1000"
"210250710";"Boa Vista do Pindaré";"1000";"1727";"5860";"3,06";"996,49";"1391937,68";"1000"
"210255605";"Campestre do Maranhão";"1212";"3842";"12240";"2,41";"1624,13";"9260313,80";"1212"
"210260605";"Cândido Mendes";"1000";"4175";"14803";"3,22";"1115,57";"1288589,54";"1000"
"210260610";"Barão de Tromaí";"1100";"1087";"3762";"3,28";"1031,11";"766670,85";"1100"
"210260615";"Estandarte";"1100";"415";"1343";"2,44";"1136,46";"1822180,21";"1100"
"210270505";"Cantanhede";"1000";"6014";"24266";"5,60";"1210,86";"2131964,50";"1000"
"210275405";"Capinzal do Norte";"1200";"3579";"11370";"2,53";"1353,40";"2738687,22";"1200"
"210280405";"Carolina";"1212";"7811";"23896";"2,72";"1679,25";"4462241,87";"1212"
"210290305";"Carutapera";"1000";"7065";"24229";"3,02";"1155,74";"1630815,02";"1000"
"210300005";"Caxias";"1212";"48187";"156712";"2,82";"1645,38";"27337644,63";"1212"
"210310905";"Cedral";"1000";"3203";"10185";"2,92";"1023,89";"1043487,60";"1000"
"210312505";"Central do Maranhão";"900";"2204";"7068";"3,36";"1040,58";"2118301,62";"900"
"210315805";"Centro do Guilherme";"1212";"3271";"12285";"3,49";"1448,68";"3666610,28";"1212"
"210317405";"Centro Novo do Maranhão";"1000";"4503";"16220";"3,67";"1231,20";"4518167,85";"1000"
"210320805";"Chapadinha";"1212";"23965";"81233";"2,92";"1385,27";"4373108,75";"1212"
"210325705";"Cidelândia";"1212";"4141";"12853";"2,49";"1447,35";"2533770,22";"1212"
"210330705";"Codó";"1212";"32203";"104735";"2,88";"1423,45";"3365889,21";"1212"
"210330710";"Codozinho";"1200";"1176";"3838";"3,34";"1129,96";"1159075,93";"1200"
"210330715";"São Raimundo de Codó";"700";"1476";"5274";"3,91";"892,92";"440460,33";"700"
"210340605";"Coelho Neto";"1212";"11916";"41635";"3,20";"1301,94";"1966159,63";"1212"
"210350505";"Colinas";"1200";"12476";"40178";"2,55";"1351,85";"5648863,90";"1200"
"210355405";"Conceição do Lago-Açu";"800";"4105";"14898";"3,39";"1141,82";"32459580,13";"800"
"210360405";"Coroatá";"1200";"18889";"59338";"2,73";"1269,67";"2986870,70";"1200"
"210370305";"Cururupu";"1200";"10028";"31431";"3,01";"1226,66";"2690058,65";"1200"
"210375205";"Davinópolis";"1212";"4566";"14269";"2,30";"1568,37";"2937724,77";"1212"
"210380205";"Dom Pedro";"1200";"7305";"23016";"2,29";"1534,34";"5477042,92";"1200"
"210390105";"Duque Bacelar";"1000";"2748";"10218";"3,53";"1150,53";"1434676,16";"1000"
"210400805";"Esperantinópolis";"1212";"5630";"18299";"2,47";"1355,11";"2353963,74";"1212"
"210405705";"Estreito";"1212";"10763";"33268";"2,31";"1904,14";"9612295,66";"1212"
"210407305";"Feira Nova do Maranhão";"1200";"2484";"8048";"2,54";"1362,65";"3085439,19";"1200"
"210408105";"Fernando Falcão";"1100";"2650";"10773";"6,08";"1096,96";"1896702,43";"1100"
"210409905";"Formosa da Serra Negra";"1200";"5128";"17675";"2,84";"1319,95";"3552623,80";"1200"
"210410705";"Fortaleza dos Nogueiras";"1212";"3902";"12618";"2,31";"1583,98";"6355589,87";"1212"
"210420605";"Fortuna";"1212";"5136";"16971";"2,89";"1306,67";"3574752,92";"1212"
"210430505";"Godofredo Viana";"1200";"2409";"7655";"2,75";"1641,54";"12197104,97";"1200"
"210430510";"Aurizona";"1000";"722";"2472";"2,90";"1097,83";"906062,64";"1000"
"210440405";"Gonçalves Dias";"1200";"5339";"17195";"2,61";"1330,33";"2747623,30";"1200"
"210450305";"Governador Archer";"1212";"2967";"10227";"3,63";"1420,86";"3781432,60";"1212"
"210455205";"Governador Edison Lobão";"1212";"5953";"18279";"2,29";"1531,03";"2074387,03";"1212"
"210460205";"Governador Eugênio Barros";"1212";"4349";"13925";"2,83";"1342,03";"2307812,81";"1212"
"210462805";"Governador Luiz Rocha";"1212";"2183";"7055";"2,46";"1371,67";"2899991,19";"1212"
"210465105";"Governador Newton Bello";"1000";"2806";"10704";"2,90";"1081,78";"739217,04";"1000"
"210467705";"Governador Nunes Freire";"1200";"6738";"22915";"3,05";"1468,64";"106527411,85";"1200"
"210470105";"Graça Aranha";"1212";"1978";"6021";"2,21";"1311,08";"2034005,03";"1212"
"210480005";"Grajaú";"1212";"21687";"73260";"2,88";"1584,55";"6587933,82";"1212"
"210490905";"Guimarães";"1200";"3516";"10277";"2,55";"1154,73";"1804196,47";"1200"
"210500505";"Humberto de Campos";"629";"6983";"25645";"3,75";"1004,91";"1290494,99";"629"
"210510405";"Icatu";"1000";"5404";"19266";"3,98";"1040,64";"1152270,29";"1000"
"210510410";"Itapera";"600";"1501";"5503";"4,11";"910,15";"379748,28";"600"
"210515305";"Igarapé do Meio";"1200";"4033";"13961";"2,93";"1204,37";"1302134,95";"1200"
"210520305";"Igarapé Grande";"1200";"3220";"10226";"2,26";"1344,14";"2076953,02";"1200"
"210530205";"Imperatriz";"1215";"90436";"272340";"2,21";"2547,01";"14842805,07";"1215"
"210535105";"Itaipava do Grajaú";"1112";"3787";"13734";"2,99";"1198,09";"1896325,48";"1112"
"210540105";"Itapecuru Mirim";"1200";"18806";"60030";"2,83";"1246,64";"2235466,32";"1200"
"210542705";"Itinga do Maranhão";"1212";"7300";"22381";"2,24";"1617,08";"6984743,69";"1212"
"210545005";"Jatobá";"1000";"2280";"7458";"2,41";"1203,82";"1366604,50";"1000"
"210547605";"Jenipapo dos Vieiras";"1000";"4540";"16457";"3,74";"1217,80";"1847819,03";"1000"
"210550005";"João Lisboa";"1212";"7622";"24553";"2,36";"1541,54";"2068684,49";"1212"
"210560905";"Joselândia";"1200";"4464";"14901";"2,51";"1295,59";"3365125,95";"1200"
"210565805";"Junco do Maranhão";"1200";"1499";"5138";"3,04";"1266,83";"7432180,90";"1200"
"210570805";"Lago da Pedra";"1212";"13467";"44337";"2,54";"1432,67";"3169925,42";"1212"
"210580705";"Lago do Junco";"1212";"2869";"9501";"2,57";"1388,62";"5004800,83";"1212"
"210590605";"Lago Verde";"1200";"4306";"14765";"2,87";"1234,94";"4503224,70";"1200"
"210592205";"Lagoa do Mato";"1200";"3167";"10570";"2,42";"1067,35";"1008029,64";"1200"
"210594805";"Lago dos Rodrigues";"1212";"2800";"8745";"2,08";"1511,25";"1719544,85";"1212"
"210596305";"Lagoa Grande do Maranhão";"1000";"3366";"11405";"2,58";"1153,57";"1732995,77";"1000"
"210598905";"Lajeado Novo";"1200";"2342";"7057";"2,19";"1362,68";"4861487,73";"1200"
"210600305";"Lima Campos";"1212";"3650";"11269";"2,33";"1421,86";"4113905,31";"1212"
"210610205";"Loreto";"1212";"3203";"11596";"3,31";"1572,11";"3871695,64";"1212"
"210620105";"Luís Domingues";"1200";"2113";"7153";"3,28";"1240,61";"2530083,50";"1200"
"210630005";"Magalhães de Almeida";"1212";"3278";"10757";"2,64";"1286,75";"2693607,41";"1212"
"210630010";"Custódio Lima";"900";"936";"3042";"2,49";"1008,84";"877162,08";"900"
"210632605";"Maracaçumé";"1200";"5998";"21127";"3,20";"1220,89";"2326313,60";"1200"
"210635905";"Marajá do Sena";"700";"1916";"7016";"2,89";"1073,98";"1290776,19";"700"
"210637505";"Maranhãozinho";"1200";"3287";"13487";"7,80";"1219,20";"1728029,24";"1200"
"210640905";"Mata Roma";"1212";"4803";"17069";"3,10";"1304,50";"3853320,39";"1212"
"210650805";"Matinha";"1000";"6815";"22003";"2,34";"1086,34";"1631099,86";"1000"
"210660705";"Matões";"1200";"9357";"32104";"3,31";"1197,42";"3724950,22";"1200"
"210663105";"Matões do Norte";"1112";"3903";"17413";"5,68";"1145,99";"862956,69";"1112"
"210667205";"Milagres do Maranhão";"700";"2363";"8786";"3,39";"997,81";"871362,60";"700"
"210670605";"Mirador";"1200";"5364";"17990";"2,76";"1176,35";"1504934,83";"1200"
"210670610";"Ibipira";"800";"868";"3016";"3,23";"967,59";"713912,59";"800"
"210675505";"Miranda do Norte";"1200";"6595";"23794";"3,55";"1289,22";"5080789,92";"1200"
"210680505";"Mirinzal";"1200";"4519";"13943";"2,70";"1291,87";"2319421,92";"1200"
"210690405";"Monção";"1000";"7948";"27715";"3,41";"1076,48";"1919180,41";"1000"
"210700105";"Montes Altos";"1212";"2882";"9082";"3,20";"1389,87";"3874250,57";"1212"
"210710005";"Morros";"800";"5180";"18532";"3,32";"1083,68";"1344995,41";"800"
"210720905";"Nina Rodrigues";"1000";"3526";"14163";"4,26";"1158,15";"1708078,68";"1000"
"210725805";"Nova Colinas";"1212";"1473";"5015";"2,83";"1472,16";"5721532,20";"1212"
"210730805";"Nova Iorque";"1212";"1332";"4306";"2,95";"1276,46";"2767724,46";"1212"
"210735705";"Nova Olinda do Maranhão";"1200";"4282";"14227";"2,87";"1308,07";"1589983,17";"1200"
"210740705";"Olho d'Água das Cunhãs";"1200";"5667";"17899";"2,15";"1379,79";"2124414,54";"1200"
"210745605";"Olinda Nova do Maranhão";"1000";"4157";"13563";"2,55";"1088,44";"1073904,41";"1000"
"210750605";"Paço do Lumiar";"1212";"47860";"145277";"2,28";"1980,22";"7149784,46";"1212"
"210760505";"Palmeirândia";"1050";"6060";"21038";"3,80";"1039,67";"917544,40";"1050"
"210770405";"Paraibano";"1200";"5881";"18253";"2,28";"1213,79";"2432608,47";"1200"
"210780305";"Parnarama";"1200";"6589";"21405";"2,79";"1254,94";"1897690,33";"1200"
"210780310";"Brejo de São Félix";"1000";"2855";"9827";"3,45";"1050,83";"4393754,81";"1000"
"210790205";"Passagem Franca";"1200";"5292";"17204";"2,68";"1264,39";"3624638,81";"1200"
"210800905";"Pastos Bons";"1212";"5240";"17301";"2,73";"1462,61";"9775549,39";"1212"
"210800910";"Roçado";"800";"472";"1499";"2,70";"1154,33";"3692326,84";"800"
"210805805";"Paulino Neves";"1200";"4418";"16994";"4,16";"1120,73";"1214159,40";"1200"
"210810805";"Paulo Ramos";"1200";"5957";"20338";"2,72";"1235,59";"5437768,47";"1200"
"210820705";"Pedreiras";"1212";"11459";"34797";"2,17";"1859,59";"7677506,25";"1212"
"210820710";"Marianópolis";"1212";"640";"2008";"2,02";"1187,76";"412283,77";"1212"
"210825605";"Pedro do Rosário";"800";"6937";"24281";"3,13";"1000,84";"1040888,82";"800"
"210830605";"Penalva";"900";"9663";"32437";"3,10";"1137,59";"2936716,05";"900"
"210840505";"Peri Mirim";"1200";"3782";"11107";"2,51";"1184,17";"5121215,45";"1200"
"210845405";"Peritoró";"1200";"6196";"20467";"3,12";"1225,76";"6996665,44";"1200"
"210850405";"Pindaré-Mirim";"1210";"7885";"26147";"2,89";"1616,41";"4406238,29";"1210"
"210850410";"Pimentel";"1200";"1544";"5243";"2,79";"1091,36";"510771,82";"1200"
"210860305";"Pinheiro";"1200";"25081";"80846";"2,70";"1514,56";"5128131,15";"1200"
"210860310";"Roque";"600";"1048";"3378";"2,87";"877,77";"408897,69";"600"
"210870205";"Pio XII";"1200";"6514";"21862";"2,62";"1260,39";"1879654,24";"1200"
"210880105";"Pirapemas";"1100";"5235";"17681";"4,27";"1180,47";"2076452,24";"1100"
"210890005";"Poção de Pedras";"1212";"5705";"17157";"2,04";"1343,52";"4053271,03";"1212"
"210900705";"Porto Franco";"1212";"7799";"23763";"2,10";"2011,28";"39844551,12";"1212"
"210905605";"Porto Rico do Maranhão";"1212";"1865";"5915";"3,06";"1149,03";"1941315,02";"1212"
"210910605";"Presidente Dutra";"1212";"14340";"45038";"2,26";"1807,37";"5682446,60";"1212"
"210920505";"Presidente Juscelino";"1000";"3157";"11322";"3,36";"1090,04";"1073782,53";"1000"
"210923905";"Presidente Médici";"1212";"1386";"4687";"2,80";"1264,08";"2073267,26";"1212"
"210927005";"Presidente Sarney";"1120";"4934";"17503";"3,50";"1050,59";"753780,76";"1120"
"210930405";"Presidente Vargas";"900";"3099";"10495";"2,81";"1161,68";"2154312,25";"900"
"210940305";"Primeira Cruz";"600";"3604";"13603";"4,28";"994,59";"848949,75";"600"
"210945205";"Raposa";"1200";"9505";"30799";"2,65";"1534,86";"4212573,95";"1200"
"210950205";"Riachão";"1212";"7145";"22044";"2,65";"1455,88";"3446665,17";"1212"
"210955105";"Ribamar Fiquene";"1212";"2427";"7417";"2,52";"1508,18";"8185868,45";"1212"
"210960105";"Rosário";"1200";"12122";"38314";"2,65";"1278,69";"1654348,44";"1200"
"210970005";"Sambaíba";"1212";"1679";"5568";"2,91";"1383,43";"3862832,90";"1212"
"210975905";"Santa Filomena do Maranhão";"1212";"1994";"6674";"2,49";"1118,63";"1699057,64";"1212"
"210980905";"Santa Helena";"1200";"10033";"35883";"4,07";"1212,96";"2157395,52";"1200"
"210980910";"Curva Grande";"700";"982";"5613";"8,37";"814,93";"283417,35";"700"
"210990805";"Santa Inês";"1212";"26884";"84778";"2,58";"1829,76";"7618710,76";"1212"
"211000505";"Santa Luzia";"1200";"17036";"57509";"2,89";"1417,01";"5086606,21";"1200"
"211003905";"Santa Luzia do Paruá";"1212";"7132";"24281";"3,15";"1438,84";"4289542,29";"1212"
"211010405";"Santa Quitéria do Maranhão";"800";"6491";"23949";"3,40";"1047,65";"1091484,55";"800"
"211020305";"Santa Rita";"1205";"11295";"36926";"2,66";"1259,04";"1653893,43";"1205"
"211023705";"Santana do Maranhão";"1100";"2948";"10527";"3,22";"1023,02";"1163512,09";"1100"
"211027805";"Santo Amaro do Maranhão";"1000";"3550";"13923";"4,40";"1113,22";"1361120,93";"1000"
"211030205";"Santo Antônio dos Lopes";"1212";"4360";"14285";"2,44";"1387,82";"3482215,79";"1212"
"211040105";"São Benedito do Rio Preto";"700";"5013";"18321";"3,53";"1224,30";"83941230,18";"700"
"211050005";"São Bento";"1200";"11893";"46340";"5,20";"1207,60";"2772173,46";"1200"
"211060905";"São Bernardo";"1200";"7765";"26917";"3,03";"1134,30";"1512764,54";"1200"
"211065805";"São Domingos do Azeitão";"1212";"2248";"7982";"3,09";"1409,84";"5808988,89";"1212"
"211070805";"São Domingos do Maranhão";"1200";"10769";"34004";"2,21";"1320,30";"3173757,16";"1200"
"211080705";"São Félix de Balsas";"1200";"1415";"4398";"2,61";"1370,79";"4606360,89";"1200"
"211085605";"São Francisco do Brejão";"1212";"2835";"9037";"2,49";"1491,05";"2413217,84";"1212"
"211090605";"São Francisco do Maranhão";"1200";"2995";"9448";"2,67";"1183,29";"1121362,62";"1200"
"211090610";"Caraíba do Norte";"1212";"400";"1227";"2,65";"1043,25";"502225,54";"1212"
"211090615";"Ribeirão Azul";"800";"413";"1388";"3,38";"882,83";"249661,65";"800"
"211100305";"São João Batista";"700";"5901";"18525";"2,31";"1051,16";"3363541,14";"700"
"211102905";"São João do Carú";"900";"3312";"12245";"3,34";"1087,41";"1870579,50";"900"
"211105205";"São João do Paraíso";"1212";"3206";"9901";"2,18";"1650,59";"7014749,59";"1212"
"211107805";"São João do Soter";"1200";"5131";"16867";"3,31";"1090,93";"2930470,85";"1200"
"211110205";"São João dos Patos";"1212";"8272";"24948";"2,29";"1576,90";"4032207,87";"1212"
"211120105";"São José de Ribamar";"1212";"17503";"56886";"2,61";"1589,36";"3244905,59";"1212"
"211120110";"Mata";"1300";"63550";"187534";"2,19";"2297,33";"8504938,73";"1300"
"211125005";"São José dos Basílios";"1050";"2108";"6942";"2,31";"1061,46";"754666,18";"1050"
"211130005";"São Luís";"1300";"348700";"1032213";"2,33";"2912,05";"45165708,73";"1300"
"211140905";"São Luís Gonzaga do Maranhão";"1200";"5547";"17757";"2,46";"1252,11";"22320137,15";"1200"
"211150805";"São Mateus do Maranhão";"1200";"11945";"38782";"2,81";"1346,32";"2491633,90";"1200"
"211153205";"São Pedro da Água Branca";"1212";"3936";"14298";"3,92";"1579,08";"5201616,57";"1212"
"211157305";"São Pedro dos Crentes";"1212";"1709";"5777";"2,91";"1523,39";"9370530,21";"1212"
"211160705";"São Raimundo das Mangabeiras";"1212";"5794";"18662";"2,49";"1640,92";"6606459,91";"1212"
"211163105";"São Raimundo do Doca Bezerra";"1200";"1683";"5645";"2,30";"1171,08";"1366895,50";"1200"
"211167205";"São Roberto";"800";"1365";"4531";"2,22";"1026,33";"1000053,50";"800"
"211170605";"São Vicente Ferrer";"900";"6243";"19474";"2,57";"1046,49";"1300077,05";"900"
"211172205";"Satubinha";"1200";"2449";"8753";"3,38";"1156,31";"1222045,89";"1200"
"211174805";"Senador Alexandre Costa";"1111";"3020";"10176";"3,16";"1162,74";"1839455,86";"1111"
"211176305";"Senador La Rocque";"1212";"4605";"14666";"2,58";"1470,88";"3088384,78";"1212"
"211178905";"Serrano do Maranhão";"800";"3136";"10160";"3,65";"1040,17";"872899,96";"800"
"211180505";"Sítio Novo";"1200";"5194";"17053";"2,41";"1373,62";"3401139,77";"1200"
"211190405";"Sucupira do Norte";"1200";"3127";"10235";"2,61";"1353,78";"4579863,53";"1200"
"211195305";"Sucupira do Riachão";"1212";"1563";"4972";"2,50";"1206,83";"1235885,36";"1212"
"211200105";"Tasso Fragoso";"1212";"2634";"8824";"2,91";"1576,88";"3296680,01";"1212"
"211210005";"Timbiras";"1200";"7575";"26480";"3,37";"1234,19";"3883073,48";"1200"
"211220905";"Timon";"1212";"52926";"169892";"2,57";"1750,41";"4647474,79";"1212"
"211220910";"Buriti Cortado";"1212";"1266";"3836";"2,79";"956,99";"501235,15";"1212"
"211223305";"Trizidela do Vale";"1212";"7272";"22463";"2,13";"1435,56";"2482384,62";"1212"
"211227405";"Tufilândia";"1212";"1567";"5506";"3,19";"1227,34";"963311,09";"1212"
"211230805";"Tuntum";"1200";"9283";"29233";"2,32";"1356,83";"3144958,13";"1200"
"211230810";"São Joaquim dos Melos";"730";"2082";"6915";"2,74";"910,74";"411572,97";"730"
"211240705";"Turiaçu";"800";"10222";"37436";"4,23";"1101,36";"2386981,70";"800"
"211245605";"Turilândia";"1000";"7210";"31598";"6,78";"1023,49";"664601,00";"1000"
"211250605";"Tutóia";"1200";"10512";"37850";"3,43";"1289,81";"19798388,97";"1200"
"211250610";"Barro Duro";"1000";"4225";"15295";"3,60";"1086,58";"2043899,44";"1000"
"211260505";"Urbano Santos";"1200";"8599";"32790";"3,79";"1225,48";"2457459,01";"1200"
"211270405";"Vargem Grande";"940";"12871";"43209";"3,45";"1206,53";"7515736,25";"940"
"211280305";"Viana";"1120";"15759";"51214";"2,65";"1179,01";"1872748,91";"1120"
"211285205";"Vila Nova dos Martírios";"1212";"3312";"10350";"2,52";"1554,26";"2729989,21";"1212"
"211290205";"Vitória do Mearim";"1200";"9350";"30751";"2,86";"1296,46";"6198706,71";"1200"
"211300905";"Vitorino Freire";"1212";"9764";"30801";"2,28";"1265,96";"2188316,23";"1212"
"211400705";"Zé Doca";"1200";"12622";"40655";"2,60";"1397,04";"3020906,84";"1200"
"220005305";"Acauã";"1200";"2211";"6398";"1,76";"1103,02";"885043,79";"1200"
"220010305";"Agricolândia";"1200";"1722";"4939";"1,94";"1354,47";"1703784,88";"1200"
"220020205";"Água Branca";"1212";"5880";"17565";"2,19";"1502,79";"3111670,62";"1212"
"220025105";"Alagoinha do Piauí";"1200";"2575";"6819";"1,47";"1055,16";"1014469,08";"1200"
"220027705";"Alegrete do Piauí";"1200";"1595";"4629";"1,88";"1277,60";"8652109,96";"1200"
"220030105";"Alto Longá";"1200";"4665";"13479";"2,06";"1189,77";"2437694,61";"1200"
"220040005";"Altos";"1212";"15170";"46570";"2,23";"1523,43";"3014924,90";"1212"
"220045905";"Alvorada do Gurguéia";"1212";"1670";"5322";"2,35";"1269,55";"2549019,22";"1212"
"220050905";"Amarante";"1212";"5516";"17171";"2,87";"1415,66";"6246970,70";"1212"
"220060805";"Angical do Piauí";"1212";"2454";"6815";"2,12";"1449,04";"2216405,42";"1212"
"220070705";"Anísio de Abreu";"1200";"3186";"9389";"1,99";"1292,21";"2499059,46";"1200"
"220080605";"Antônio Almeida";"1212";"1040";"3145";"2,43";"1687,96";"3436647,40";"1212"
"220090505";"Aroazes";"1200";"1817";"5369";"2,13";"1245,10";"1228742,63";"1200"
"220095405";"Aroeiras do Itaim";"1212";"940";"2690";"1,74";"1088,52";"319316,18";"1212"
"220100205";"Arraial";"1212";"1533";"4519";"2,42";"1228,24";"1356621,63";"1212"
"220105105";"Assunção do Piauí";"1170";"2352";"7452";"2,58";"1062,62";"1103083,41";"1170"
"220110105";"Avelino Lopes";"1212";"3663";"10861";"2,03";"1288,74";"3447403,43";"1212"
"220115005";"Baixa Grande do Ribeiro";"1212";"3883";"13235";"2,49";"1713,03";"7859087,55";"1212"
"220117605";"Barra D'Alcântara";"1212";"1463";"3995";"1,86";"1192,36";"1725868,93";"1212"
"220120005";"Barras";"1200";"14533";"47920";"2,60";"1285,57";"2853118,45";"1200"
"220130905";"Barreiras do Piauí";"1200";"1009";"3257";"3,22";"1252,22";"4361945,48";"1200"
"220140805";"Barro Duro";"1212";"2177";"6631";"2,35";"1325,52";"2406125,57";"1212"
"220150705";"Batalha";"1200";"8687";"26233";"2,31";"1132,31";"1446437,67";"1200"
"220155605";"Bela Vista do Piauí";"1212";"1233";"4086";"2,62";"1353,60";"8033557,46";"1212"
"220157205";"Belém do Piauí";"1212";"1131";"3423";"2,43";"1271,90";"3219744,93";"1212"
"220160605";"Beneditinos";"1200";"3510";"9926";"2,09";"1223,81";"1463245,68";"1200"
"220170505";"Bertolínia";"1212";"1763";"5542";"2,46";"1507,05";"3193811,22";"1212"
"220173905";"Betânia do Piauí";"1000";"2048";"6219";"2,12";"1001,41";"853438,47";"1000"
"220177005";"Boa Hora";"900";"2082";"6883";"2,86";"1057,18";"970969,76";"900"
"220180405";"Bocaina";"1212";"1577";"4077";"1,56";"1545,89";"4598989,51";"1212"
"220190305";"Bom Jesus";"1212";"8991";"28734";"2,34";"2200,16";"12731548,13";"1212"
"220191905";"Bom Princípio do Piauí";"1212";"1819";"5634";"2,39";"1230,80";"2728644,01";"1212"
"220192905";"Bonfim do Piauí";"1212";"1977";"5890";"2,05";"1141,40";"1276340,86";"1212"
"220194505";"Boqueirão do Piauí";"1212";"2096";"6545";"2,42";"1268,03";"1652905,30";"1212"
"220196005";"Brasileira";"1212";"2820";"8436";"2,05";"1299,03";"2065948,41";"1212"
"220198805";"Brejo do Piauí";"1212";"1382";"3887";"1,72";"1093,40";"1130625,42";"1212"
"220200005";"Buriti dos Lopes";"1200";"6185";"19646";"2,63";"1232,57";"1958782,01";"1200"
"220202605";"Buriti dos Montes";"1200";"2363";"7431";"2,48";"1234,90";"2034665,60";"1200"
"220205905";"Cabeceiras do Piauí";"1200";"3208";"10212";"2,34";"1137,61";"4306345,43";"1200"
"220207505";"Cajazeiras do Piauí";"1212";"1047";"3107";"2,19";"1127,54";"756302,74";"1212"
"220208305";"Cajueiro da Praia";"1212";"2500";"7946";"2,62";"1453,63";"4203483,77";"1212"
"220209105";"Caldeirão Grande do Piauí";"1212";"1857";"5503";"1,90";"1234,15";"2042963,38";"1212"
"220210905";"Campinas do Piauí";"1200";"1771";"4932";"1,90";"1148,81";"1016630,22";"1200"
"220211705";"Campo Alegre do Fidalgo";"1212";"1597";"4614";"2,12";"1191,73";"1190668,33";"1212"
"220213305";"Campo Grande do Piauí";"1200";"2083";"6014";"1,76";"1168,52";"1026906,53";"1200"
"220217405";"Campo Largo do Piauí";"700";"2193";"7419";"3,41";"988,59";"856659,17";"700"
"220220805";"Campo Maior";"1212";"15482";"45638";"2,04";"1714,31";"4765392,72";"1212"
"220225105";"Canavieira";"1212";"1126";"3414";"2,56";"1181,82";"1714446,59";"1212"
"220230705";"Canto do Buriti";"1212";"6803";"19345";"1,87";"1562,13";"4865430,20";"1212"
"220240605";"Capitão de Campos";"1200";"3620";"11084";"2,15";"1178,90";"1331099,33";"1200"
"220245505";"Capitão Gervásio Oliveira";"1200";"1448";"3971";"1,90";"1097,08";"745599,87";"1200"
"220250505";"Caracol";"1200";"3320";"10299";"2,21";"1268,60";"3129049,89";"1200"
"220253905";"Caraúbas do Piauí";"840";"1909";"5628";"2,34";"1013,31";"712154,29";"840"
"220255405";"Caridade do Piauí";"1200";"1606";"5028";"2,47";"1089,27";"934313,90";"1200"
"220260405";"Castelo do Piauí";"1212";"6566";"19271";"2,15";"1278,06";"3832349,07";"1212"
"220265305";"Caxingó";"1100";"1768";"5482";"2,64";"1062,08";"1288491,45";"1100"
"220270305";"Cocal";"1200";"8940";"28190";"2,59";"1187,73";"2161705,16";"1200"
"220271105";"Cocal de Telha";"1212";"1649";"4909";"2,40";"1204,18";"1079993,91";"1212"
"220272905";"Cocal dos Alves";"1000";"2207";"6385";"1,77";"1061,82";"852242,94";"1000"
"220273705";"Coivaras";"1212";"1287";"4113";"2,58";"1201,93";"1197977,19";"1212"
"220275205";"Colônia do Gurguéia";"1212";"2063";"6143";"2,11";"1429,14";"2729043,13";"1212"
"220277805";"Colônia do Piauí";"1212";"2364";"6993";"2,17";"1206,26";"1015992,12";"1212"
"220280205";"Conceição do Canindé";"1200";"1702";"4919";"2,04";"1189,60";"2186621,41";"1200"
"220285105";"Coronel José Dias";"1212";"1485";"4240";"1,95";"1307,25";"8386290,85";"1212"
"220290105";"Corrente";"1212";"8572";"27170";"2,62";"1699,32";"6054737,77";"1212"
"220300805";"Cristalândia do Piauí";"1212";"2301";"7340";"2,83";"1320,94";"2054457,05";"1212"
"220310705";"Cristino Castro";"1212";"3297";"10485";"2,60";"1448,19";"2723051,80";"1212"
"220320605";"Curimatá";"1212";"3644";"11248";"2,24";"1388,30";"2408932,07";"1212"
"220323005";"Currais";"1212";"1450";"4839";"3,01";"1296,75";"2632701,97";"1212"
"220325505";"Curralinhos";"1212";"1423";"4407";"2,48";"1192,56";"1202280,80";"1212"
"220327105";"Curral Novo do Piauí";"1212";"1575";"5060";"2,38";"1083,23";"708449,18";"1212"
"220330505";"Demerval Lobão";"1212";"5460";"16347";"2,08";"1480,08";"3133838,16";"1212"
"220335405";"Dirceu Arcoverde";"1200";"2264";"7048";"2,28";"1297,72";"1560755,31";"1200"
"220340405";"Dom Expedito Lopes";"1212";"2235";"6320";"1,79";"1539,03";"3327226,44";"1212"
"220342005";"Domingos Mourão";"1212";"1318";"4074";"2,52";"1180,59";"1732045,89";"1212"
"220345305";"Dom Inocêncio";"1212";"3177";"9153";"2,13";"1220,70";"1747237,70";"1212"
"220350305";"Elesbão Veloso";"1212";"4806";"13604";"2,01";"1311,21";"1515407,00";"1212"
"220360205";"Eliseu Martins";"1200";"1534";"4376";"1,97";"1537,17";"4672090,38";"1200"
"220370105";"Esperantina";"1212";"13333";"40863";"2,34";"1317,96";"2698772,91";"1212"
"220375005";"Fartura do Piauí";"1212";"1735";"5254";"2,27";"1088,92";"891291,69";"1212"
"220380005";"Flores do Piauí";"1200";"1567";"4413";"1,87";"1105,89";"751435,64";"1200"
"220385905";"Floresta do Piauí";"1212";"862";"2329";"1,72";"1232,80";"1129021,37";"1212"
"220390905";"Floriano";"1212";"20941";"61742";"2,11";"2108,95";"8123776,18";"1212"
"220400605";"Francinópolis";"1212";"1643";"4503";"1,97";"1188,49";"945370,79";"1212"
"220410505";"Francisco Ayres";"1212";"1522";"4412";"2,22";"1287,83";"3228142,24";"1212"
"220415405";"Francisco Macedo";"1212";"1020";"2929";"1,75";"1179,44";"800229,82";"1212"
"220420405";"Francisco Santos";"1200";"2937";"8225";"1,68";"1420,03";"2662728,49";"1200"
"220430305";"Fronteiras";"1212";"3540";"10257";"1,95";"1451,63";"3210533,17";"1212"
"220435205";"Geminiano";"1212";"1932";"5434";"1,86";"1208,18";"6073448,67";"1212"
"220440205";"Gilbués";"1212";"3372";"10866";"2,82";"1454,93";"3596640,73";"1212"
"220450105";"Guadalupe";"1212";"3336";"10232";"2,35";"1855,70";"6226202,58";"1212"
"220455005";"Guaribas";"1000";"1312";"4271";"1,88";"1007,83";"727311,48";"1000"
"220460005";"Hugo Napoleão";"1200";"1187";"3503";"2,10";"1432,83";"2953531,95";"1200"
"220465905";"Ilha Grande";"1212";"2778";"9266";"2,98";"1244,13";"1448675,54";"1212"
"220470905";"Inhuma";"1212";"5222";"14951";"1,98";"1266,14";"1695113,23";"1212"
"220480805";"Ipiranga do Piauí";"1200";"3146";"9411";"2,14";"1265,05";"1567408,79";"1200"
"220490705";"Isaías Coelho";"1100";"2586";"7767";"2,45";"1081,33";"817901,14";"1100"
"220500305";"Itainópolis";"1212";"3951";"10761";"1,75";"1314,03";"5807180,26";"1212"
"220510205";"Itaueira";"1212";"3681";"10307";"1,82";"1406,95";"4195912,70";"1212"
"220515105";"Jacobina do Piauí";"1212";"1958";"5611";"1,82";"1303,67";"1738607,84";"1212"
"220520105";"Jaicós";"1200";"6047";"17515";"1,95";"1263,09";"3403182,04";"1200"
"220525005";"Jardim do Mulato";"1212";"1431";"4180";"2,16";"1202,05";"1404843,57";"1212"
"220527605";"Jatobá do Piauí";"1212";"1475";"4494";"2,15";"1262,72";"1304259,18";"1212"
"220530005";"Jerumenha";"1212";"1493";"4491";"2,58";"1488,17";"3014088,10";"1212"
"220535905";"João Costa";"1200";"994";"2969";"2,14";"1142,48";"1009683,56";"1200"
"220540905";"Joaquim Pires";"1080";"4270";"13877";"2,71";"1120,37";"1450221,48";"1080"
"220545805";"Joca Marques";"1000";"1629";"5394";"2,54";"1120,17";"952208,42";"1000"
"220550805";"José de Freitas";"1212";"13258";"42549";"2,37";"1357,55";"2191550,70";"1212"
"220551605";"Juazeiro do Piauí";"1212";"1771";"5193";"2,25";"1304,38";"1620374,97";"1212"
"220552405";"Júlio Borges";"1212";"1705";"5376";"2,40";"1250,81";"1127434,59";"1212"
"220553205";"Jurema";"1200";"1524";"4425";"1,87";"1166,79";"6457415,71";"1200"
"220554005";"Lagoinha do Piauí";"1200";"1011";"2939";"2,14";"1224,86";"1491516,86";"1200"
"220555705";"Lagoa Alegre";"1200";"2533";"8248";"2,55";"1173,71";"1883395,75";"1200"
"220556505";"Lagoa do Barro do Piauí";"1212";"1619";"4984";"2,18";"1349,00";"2337313,05";"1212"
"220557305";"Lagoa de São Francisco";"1212";"1996";"6309";"2,29";"1118,71";"1027106,68";"1212"
"220558105";"Lagoa do Piauí";"1212";"1591";"4810";"2,28";"1324,72";"2108480,84";"1212"
"220559905";"Lagoa do Sítio";"1200";"1581";"4519";"1,92";"1135,27";"1165536,17";"1200"
"220560705";"Landri Sales";"1200";"1794";"5212";"2,22";"1220,40";"1491569,12";"1200"
"220570605";"Luiz Correia";"1212";"9387";"30604";"2,61";"1295,99";"3359117,87";"1212"
"220580505";"Luzilândia";"1200";"7890";"25368";"2,48";"1188,51";"1776977,83";"1200"
"220585405";"Madeiro";"1200";"2262";"8031";"2,97";"1231,77";"1358559,48";"1200"
"220590405";"Manoel Emídio";"1212";"1729";"5209";"2,02";"1439,37";"2775755,79";"1212"
"220595305";"Marcolândia";"1200";"2822";"8526";"1,93";"1360,63";"6541683,85";"1200"
"220600105";"Marcos Parente";"1212";"1545";"4722";"2,63";"1460,35";"4529664,26";"1212"
"220605005";"Massapê do Piauí";"1200";"1742";"5218";"2,24";"1042,27";"598681,25";"1200"
"220610005";"Matias Olímpio";"1200";"3198";"10624";"2,55";"1131,84";"1257613,71";"1200"
"220620905";"Miguel Alves";"1000";"9272";"32136";"3,13";"1164,76";"1986561,55";"1000"
"220630805";"Miguel Leão";"1212";"406";"1313";"2,73";"1495,27";"1609265,35";"1212"
"220635705";"Milton Brandão";"1212";"2138";"6538";"1,92";"1017,09";"607311,67";"1212"
"220640705";"Monsenhor Gil";"1212";"3515";"10252";"2,26";"1302,57";"2572668,99";"1212"
"220650605";"Monsenhor Hipólito";"1200";"2667";"7570";"1,84";"1232,43";"1691991,51";"1200"
"220660505";"Monte Alegre do Piauí";"1200";"3273";"10653";"2,79";"1191,00";"1708145,34";"1200"
"220665405";"Morro Cabeça no Tempo";"1000";"1375";"4361";"2,41";"1045,17";"792411,17";"1000"
"220667005";"Morro do Chapéu do Piauí";"1000";"2078";"6416";"2,20";"1069,61";"839458,53";"1000"
"220669605";"Murici dos Portelas";"1000";"2952";"9784";"3,10";"1094,13";"1060991,87";"1000"
"220670405";"Nazaré do Piauí";"1212";"2330";"6665";"1,99";"1317,01";"1383082,00";"1212"
"220672005";"Nazária";"1212";"3258";"10235";"2,94";"1199,08";"1134093,53";"1212"
"220675305";"Nossa Senhora de Nazaré";"1212";"1712";"5228";"2,03";"1229,33";"1246134,98";"1212"
"220680305";"Nossa Senhora dos Remédios";"900";"2549";"8520";"2,90";"1123,72";"1903572,04";"900"
"220690205";"Novo Oriente do Piauí";"1212";"2255";"6082";"1,75";"1261,11";"1145804,14";"1212"
"220695105";"Novo Santo Antônio";"1200";"1005";"2825";"1,96";"1101,66";"946244,23";"1200"
"220700905";"Oeiras";"1212";"13501";"38077";"2,01";"1613,74";"5792542,96";"1212"
"220710805";"Olho D'Água do Piauí";"1212";"894";"2637";"2,36";"1201,48";"1467093,51";"1212"
"220720705";"Padre Marcos";"1200";"2351";"6366";"2,06";"1222,19";"2166592,31";"1200"
"220730605";"Paes Landim";"1200";"1353";"4088";"2,39";"1311,06";"1394255,71";"1200"
"220735505";"Pajeú do Piauí";"1212";"1097";"3000";"1,68";"1424,79";"5746345,38";"1212"
"220740505";"Palmeira do Piauí";"1212";"1604";"4942";"2,27";"1297,59";"1673462,96";"1212"
"220750405";"Palmeirais";"1200";"4296";"13260";"2,85";"1238,43";"3875243,53";"1200"
"220755305";"Paquetá";"1212";"1292";"3813";"2,12";"1073,27";"457641,04";"1212"
"220760305";"Parnaguá";"1200";"3034";"10095";"3,07";"1217,01";"2117708,16";"1200"
"220770205";"Parnaíba";"1212";"51539";"161466";"2,46";"2124,94";"8257682,92";"1212"
"220775105";"Passagem Franca do Piauí";"1200";"1218";"4135";"3,05";"1244,36";"1465957,73";"1200"
"220777705";"Patos do Piauí";"1200";"2075";"5425";"1,82";"1217,73";"823160,86";"1200"
"220779305";"Pau D'Arco do Piauí";"1200";"1307";"3877";"2,40";"1028,11";"600926,32";"1200"
"220780105";"Paulistana";"1212";"7300";"21036";"2,14";"1460,68";"3387369,30";"1212"
"220785005";"Pavussu";"880";"1296";"3625";"1,67";"1029,52";"818505,84";"880"
"220790005";"Pedro II";"1200";"12132";"37876";"2,25";"1336,02";"2295833,56";"1200"
"220793405";"Pedro Laurentino";"1212";"812";"2453";"2,03";"1264,68";"825735,61";"1212"
"220795905";"Nova Santa Rita";"900";"1372";"4076";"2,17";"1042,66";"1004261,99";"900"
"220800705";"Picos";"1212";"28842";"82568";"1,87";"2223,90";"49339866,83";"1212"
"220810605";"Pimenteiras";"1200";"3868";"11308";"1,97";"1141,89";"2322049,14";"1200"
"220820505";"Pio IX";"1100";"6090";"17577";"1,90";"1193,19";"2755969,49";"1100"
"220830405";"Piracuruca";"1200";"10018";"28828";"1,98";"1323,54";"2695152,22";"1200"
"220840305";"Piripiri";"1212";"21718";"65507";"2,13";"1636,15";"4496583,35";"1212"
"220850205";"Porto";"1100";"3373";"12034";"3,58";"1156,11";"1567819,69";"1100"
"220855105";"Porto Alegre do Piauí";"1212";"768";"2364";"2,77";"1477,22";"3683349,32";"1212"
"220860105";"Prata do Piauí";"1212";"1091";"3042";"1,94";"1175,07";"1018798,05";"1212"
"220865005";"Queimada Nova";"1212";"2879";"8717";"2,34";"1235,28";"1372702,70";"1212"
"220870005";"Redenção do Gurguéia";"1200";"2573";"8369";"2,82";"1314,41";"2991391,48";"1200"
"220880905";"Regeneração";"1200";"5671";"17119";"2,69";"1224,73";"1537681,57";"1200"
"220885805";"Riacho Frio";"1200";"1292";"4165";"2,68";"1182,74";"1027657,33";"1200"
"220887405";"Ribeira do Piauí";"1200";"1395";"4054";"2,20";"1208,04";"1463863,97";"1200"
"220890805";"Ribeiro Gonçalves";"1212";"1866";"6151";"2,59";"1621,68";"2974384,49";"1212"
"220900505";"Rio Grande do Piauí";"1206";"2115";"5796";"1,74";"1275,18";"1787109,11";"1206"
"220910405";"Santa Cruz do Piauí";"1212";"1972";"5827";"2,07";"1381,97";"2727440,24";"1212"
"220915305";"Santa Cruz dos Milagres";"1212";"1181";"3435";"1,84";"1180,62";"633723,49";"1212"
"220920305";"Santa Filomena";"1200";"1831";"6063";"2,87";"1581,04";"7162189,20";"1200"
"220930205";"Santa Luz";"1212";"1714";"5332";"2,07";"1211,55";"1260625,24";"1212"
"220935105";"Santana do Piauí";"1212";"1400";"4121";"1,79";"1251,89";"894577,28";"1212"
"220937705";"Santa Rosa do Piauí";"1212";"1692";"4650";"1,97";"1238,64";"1217289,62";"1212"
"220940105";"Santo Antônio de Lisboa";"1212";"2092";"5817";"1,78";"1305,58";"1775303,25";"1212"
"220945005";"Santo Antônio dos Milagres";"1212";"606";"2137";"3,21";"1309,77";"2441825,72";"1212"
"220950005";"Santo Inácio do Piauí";"1200";"1333";"3636";"1,74";"1215,95";"851587,63";"1200"
"220955905";"São Braz do Piauí";"1212";"1519";"4358";"1,76";"1195,07";"798223,08";"1212"
"220960905";"São Félix do Piauí";"1212";"1029";"2840";"1,62";"1418,95";"1758271,98";"1212"
"220965805";"São Francisco de Assis do Piauí";"1045";"1885";"5571";"2,29";"1093,32";"1057303,92";"1045"
"220970805";"São Francisco do Piauí";"1200";"2082";"5392";"1,81";"1178,07";"881696,32";"1200"
"220975705";"São Gonçalo do Gurguéia";"1212";"929";"2947";"2,72";"1390,36";"11461344,63";"1212"
"220980705";"São Gonçalo do Piauí";"1212";"1568";"4823";"2,41";"1471,91";"4267902,65";"1212"
"220985605";"São João da Canabrava";"1212";"1565";"4240";"1,88";"1310,99";"1359598,27";"1212"
"220987205";"São João da Fronteira";"1000";"1880";"5485";"2,28";"1101,10";"1712650,25";"1000"
"220990605";"São João da Serra";"1200";"2165";"6088";"1,98";"1123,36";"1020188,70";"1200"
"220995505";"São João da Varjota";"1212";"1470";"4380";"2,24";"1175,99";"1226152,08";"1212"
"220997105";"São João do Arraial";"800";"2534";"8180";"2,56";"1036,26";"879868,38";"800"
"221000305";"São João do Piauí";"1212";"7165";"21408";"2,28";"1588,81";"3841565,60";"1212"
"221005205";"São José do Divino";"1212";"1669";"4838";"1,97";"1093,77";"1272795,79";"1212"
"221010205";"São José do Peixe";"1212";"1159";"3292";"2,20";"1341,00";"1466973,35";"1212"
"221020105";"São José do Piauí";"1212";"2287";"6597";"1,85";"1191,52";"866053,00";"1212"
"221030005";"São Julião";"1212";"2195";"6025";"1,76";"1402,76";"2873869,53";"1212"
"221035905";"São Lourenço do Piauí";"1212";"1487";"4408";"1,81";"1339,52";"2224393,01";"1212"
"221037505";"São Luis do Piauí";"1212";"832";"2309";"2,09";"1211,13";"789707,69";"1212"
"221038305";"São Miguel da Baixa Grande";"1200";"807";"2269";"2,01";"1180,55";"939049,38";"1200"
"221039105";"São Miguel do Fidalgo";"1212";"931";"2828";"2,55";"1240,23";"1154715,19";"1212"
"221040905";"São Miguel do Tapuio";"1212";"5934";"17551";"1,98";"1403,45";"407015626,56";"1212"
"221050805";"São Pedro do Piauí";"1200";"4400";"13748";"2,44";"1343,23";"2580453,84";"1200"
"221060705";"São Raimundo Nonato";"1212";"13117";"38843";"2,07";"1737,55";"7120465,35";"1212"
"221062305";"Sebastião Barros";"1200";"982";"3196";"2,65";"1227,07";"1248809,90";"1200"
"221063105";"Sebastião Leal";"1212";"1443";"4446";"1,97";"1662,10";"11822841,04";"1212"
"221065605";"Sigefredo Pacheco";"1200";"3261";"9455";"1,94";"1089,41";"946084,24";"1200"
"221070605";"Simões";"1200";"4562";"14323";"2,40";"1357,26";"3201012,83";"1200"
"221080505";"Simplício Mendes";"1212";"4685";"13802";"2,18";"1475,50";"3639716,12";"1212"
"221090405";"Socorro do Piauí";"1200";"1451";"4139";"1,92";"1153,52";"902934,77";"1200"
"221093805";"Sussuapara";"1200";"2195";"6220";"1,71";"1407,41";"3238971,21";"1200"
"221095305";"Tamboril do Piauí";"1200";"1005";"2945";"1,82";"1171,03";"1275705,56";"1200"
"221097905";"Tanque do Piauí";"1200";"869";"2311";"1,73";"1328,97";"1745293,55";"1200"
"221100105";"Teresina";"1212";"279855";"862879";"2,31";"2982,66";"66160055,19";"1212"
"221110005";"União";"1212";"14050";"46097";"2,85";"1254,10";"1793110,91";"1212"
"221120905";"Uruçuí";"1212";"7639";"25182";"2,56";"1906,30";"7465819,77";"1212"
"221130805";"Valença do Piauí";"1212";"7961";"22269";"1,84";"1658,72";"4482086,19";"1212"
"221135705";"Várzea Branca";"1212";"1657";"5045";"2,10";"1124,58";"881548,77";"1212"
"221140705";"Várzea Grande";"1212";"1634";"4414";"1,92";"1331,38";"1560470,97";"1212"
"221150605";"Vera Mendes";"1200";"1221";"3185";"1,58";"1099,91";"721071,85";"1200"
"221160505";"Vila Nova do Piauí";"1200";"1093";"2934";"1,47";"1283,37";"1413103,83";"1200"
"221170405";"Wall Ferraz";"1200";"1389";"4059";"1,66";"1092,20";"1137564,75";"1200"
"230010105";"Abaiara";"1100";"2044";"5834";"1,77";"1280,02";"63621090,64";"1100"
"230010120";"São José";"1212";"621";"1741";"1,63";"1231,56";"2633678,35";"1212"
"230010125";"Oitis";"1212";"169";"508";"2,18";"1266,67";"1975097,02";"1212"
"230010130";"Triângulo";"1212";"278";"873";"2,03";"1092,73";"547942,17";"1212"
"230010135";"Olho D'Água de Pedras";"700";"383";"1065";"1,82";"907,68";"364326,53";"700"
"230015005";"Acarape";"1212";"4437";"14013";"2,38";"1224,55";"1210675,29";"1212"
"230020005";"Acaraú";"1200";"12417";"38781";"2,36";"1411,97";"4792980,29";"1200"
"230020010";"Aranaú";"1200";"3389";"10121";"2,13";"1153,18";"1306882,24";"1200"
"230020030";"Juritianha";"1112";"4158";"13107";"2,39";"1092,73";"962507,68";"1112"
"230020040";"Lagoa do Carneiro";"1000";"980";"3110";"2,28";"1047,39";"800279,23";"1000"
"230030905";"Acopiara";"1200";"9653";"26322";"1,76";"1601,92";"225894213,07";"1200"
"230030907";"Barra do Ingá";"1212";"559";"1546";"1,75";"1022,23";"226703,93";"1212"
"230030910";"Ebron";"1212";"330";"950";"1,69";"1192,29";"787811,43";"1212"
"230030915";"Isidoro";"1212";"609";"1617";"1,86";"1090,24";"366662,19";"1212"
"230030920";"Quincoê";"1200";"479";"1346";"2,25";"1105,48";"1385157,36";"1200"
"230030925";"Santa Felícia";"1212";"1400";"3722";"1,49";"1219,54";"697132,92";"1212"
"230030930";"Santo Antônio";"1200";"933";"2487";"1,62";"1062,49";"506201,45";"1200"
"230030931";"São Paulinho";"1212";"718";"1972";"1,80";"1217,79";"884714,75";"1212"
"230030933";"Solidão";"1200";"287";"798";"1,80";"1071,80";"532194,27";"1200"
"230030935";"Trussu";"1000";"1430";"4151";"1,90";"1016,83";"964787,68";"1000"
"230040805";"Aiuaba";"1212";"3303";"9396";"2,07";"1235,93";"2527554,68";"1212"
"230040810";"Barra";"900";"1620";"4663";"2,02";"939,13";"400287,80";"900"
"230050705";"Alcântaras";"1212";"3435";"10242";"1,91";"1390,26";"4955609,36";"1212"
"230050710";"Ventura";"1200";"345";"1125";"3,44";"1118,19";"3004197,37";"1200"
"230060605";"Altaneira";"1200";"2297";"6303";"1,88";"1200,48";"1743649,32";"1200"
"230060610";"São Romão";"1212";"188";"468";"1,41";"1051,38";"439727,13";"1212"
"230070505";"Alto Santo";"1212";"2908";"8214";"2,23";"1467,00";"2606140,07";"1212"
"230070508";"Baixio Grande";"1212";"544";"1535";"1,83";"1160,95";"503291,05";"1212"
"230070510";"Castanhão";"1212";"300";"925";"1,85";"1178,14";"509757,63";"1212"
"230070512";"Batoque";"1212";"454";"1242";"2,19";"1233,39";"904046,01";"1212"
"230070515";"Boa Fé";"1212";"242";"734";"1,78";"1475,96";"4305312,95";"1212"
"230070520";"Bom Jesus";"1212";"194";"583";"2,26";"1198,44";"753677,61";"1212"
"230070525";"Cabrito";"1212";"330";"921";"1,95";"1255,24";"1097679,52";"1212"
"230075405";"Amontada";"1200";"5211";"15596";"2,37";"1289,31";"1791790,15";"1200"
"230075410";"Aracatiara";"950";"943";"3024";"2,94";"988,22";"572432,08";"950"
"230075412";"Garças";"900";"1392";"4401";"2,76";"1025,83";"912028,18";"900"
"230075415";"Icaraí";"1200";"1521";"5044";"2,89";"1563,00";"68124410,85";"1200"
"230075420";"Lagoa Grande";"600";"387";"1224";"2,65";"993,45";"5037208,65";"600"
"230075425";"Moitas";"1200";"895";"3059";"2,98";"1255,01";"1239620,90";"1200"
"230075428";"Mosquito";"600";"645";"2135";"2,95";"1000,26";"655788,91";"600"
"230075430";"Nascente";"840";"445";"1374";"2,75";"954,23";"486968,53";"840"
"230075435";"Poço Comprido";"700";"127";"357";"2,54";"1090,86";"2152628,17";"700"
"230075440";"Sabiaguaba";"1000";"1662";"5928";"3,58";"1108,03";"1310988,10";"1000"
"230080405";"Antonina do Norte";"1200";"2380";"6593";"1,98";"1235,12";"1400468,42";"1200"
"230080410";"Taboleiro";"1212";"214";"648";"2,71";"1026,95";"724462,90";"1212"
"230090305";"Apuiarés";"1200";"3498";"9929";"2,01";"1115,47";"1501194,85";"1200"
"230090310";"Canafístula";"600";"500";"1477";"2,34";"826,65";"252598,31";"600"
"230090315";"Vila Soares";"1212";"550";"1509";"2,09";"1044,27";"389730,64";"1212"
"230100005";"Aquiraz";"1300";"11352";"32103";"2,19";"2846,41";"16900406,64";"1300"
"230100007";"Camará";"1212";"3086";"9107";"2,03";"1568,78";"3899182,07";"1212"
"230100008";"Caponga da Bernarda";"1200";"806";"2277";"2,12";"1023,27";"349118,46";"1200"
"230100015";"Jacaúna";"1212";"2120";"6204";"2,38";"1520,11";"4421152,46";"1212"
"230100017";"João de Castro";"1212";"2040";"5930";"2,08";"1537,27";"7724239,85";"1212"
"230100020";"Justiniano de Serpa";"1212";"2998";"8784";"2,10";"1298,54";"2106357,78";"1212"
"230100025";"Patacas";"1212";"1857";"5473";"2,06";"1457,93";"7207508,23";"1212"
"230100030";"Tapera";"1212";"3474";"9819";"1,81";"1487,37";"3403180,29";"1212"
"230110905";"Aracati";"1212";"20973";"60905";"2,10";"1779,18";"86635970,00";"1212"
"230110907";"Barreira dos Vianas";"1212";"1257";"3432";"1,62";"1115,28";"591988,36";"1212"
"230110910";"Cabreiro";"1212";"409";"1037";"1,32";"1084,59";"605190,12";"1212"
"230110916";"Córrego dos Fernandes";"1212";"744";"2176";"2,26";"1074,98";"652379,60";"1212"
"230110924";"Jirau";"1212";"434";"1191";"1,58";"1154,99";"980586,99";"1212"
"230110935";"Mata Fresca";"1212";"1484";"4346";"1,94";"1357,57";"1377314,60";"1212"
"230110940";"Santa Tereza";"1212";"711";"1915";"1,62";"1103,64";"583376,88";"1212"
"230120805";"Aracoiaba";"1200";"4220";"12547";"2,26";"1385,40";"2017355,98";"1200"
"230120815";"Ideal";"1212";"1456";"4091";"1,96";"1068,31";"722768,58";"1212"
"230120816";"Jaguarão";"1212";"334";"1067";"2,15";"1094,20";"681181,47";"1212"
"230120817";"Jenipapeiro";"1212";"360";"1093";"2,07";"1521,98";"3439453,57";"1212"
"230120819";"Lagoa de São João";"1212";"500";"1471";"1,89";"1052,40";"289203,68";"1212"
"230120821";"Milton Belo";"1000";"841";"2414";"1,94";"990,72";"468031,33";"1000"
"230120823";"Pedra Branca";"1200";"112";"295";"1,48";"1145,89";"559623,92";"1200"
"230120824";"Plácido Martins";"1212";"286";"815";"2,08";"1113,87";"422244,00";"1212"
"230120825";"Vazantes";"1200";"602";"1754";"2,09";"1139,30";"799364,77";"1200"
"230125705";"Ararendá";"1100";"2694";"7631";"2,09";"1063,00";"1310913,58";"1100"
"230125715";"Santo Antonio";"1200";"818";"2237";"1,92";"1064,20";"394816,92";"1200"
"230125720";"Ramadinha";"700";"448";"1201";"1,66";"908,38";"425503,09";"700"
"230130705";"Araripe";"1000";"3786";"11131";"1,96";"1177,75";"2245426,42";"1000"
"230130710";"Alagoinha";"1200";"648";"1957";"2,05";"1026,94";"653773,54";"1200"
"230130715";"Brejinho";"1200";"756";"2117";"1,89";"983,81";"537497,22";"1200"
"230130720";"Pajeú";"700";"949";"2888";"2,14";"916,91";"492672,35";"700"
"230130725";"Riacho Grande";"1200";"604";"1664";"1,73";"1093,46";"654577,98";"1200"
"230140605";"Aratuba";"1212";"3035";"9548";"2,23";"1883,87";"1097332104,27";"1212"
"230140620";"Pai João";"1212";"544";"1669";"2,01";"1084,82";"1207016,57";"1212"
"230150505";"Arneiroz";"1200";"1439";"4099";"1,93";"1361,64";"1627242,86";"1200"
"230150510";"Cachoeira de Fora";"1200";"499";"1443";"2,11";"1106,28";"622260,60";"1200"
"230150520";"Planalto";"1212";"470";"1295";"1,92";"1268,72";"1587117,17";"1212"
"230150525";"Novo Horizonte";"1212";"191";"571";"2,61";"1126,38";"733883,32";"1212"
"230160405";"Assaré";"1200";"5596";"15560";"1,91";"1238,45";"2671433,81";"1200"
"230160410";"Amaro";"1200";"526";"1399";"1,53";"1012,50";"477111,29";"1200"
"230160415";"Aratama";"1200";"811";"2338";"1,97";"961,66";"433917,55";"1200"
"230160425";"Genezaré";"1000";"516";"1537";"2,20";"1085,18";"2425143,29";"1000"
"230160430";"Cajazeiras dos Simiões";"450";"295";"814";"1,69";"792,97";"241639,07";"450"
"230170305";"Aurora";"1212";"5564";"15712";"1,70";"1317,64";"2086833,93";"1212"
"230170310";"Ingazeiras";"1212";"1298";"3672";"1,71";"953,35";"322014,64";"1212"
"230170312";"Santa Vitória";"1200";"603";"1636";"1,55";"1139,67";"330106,52";"1200"
"230170315";"Tipi";"1200";"504";"1335";"1,81";"1270,62";"651066,51";"1200"
"230170320";"Cachoeira";"800";"445";"1320";"1,63";"957,32";"649172,48";"800"
"230180205";"Baixio";"1200";"2011";"5702";"1,78";"1235,41";"1772343,69";"1200"
"230185105";"Banabuiú";"1212";"3498";"11107";"2,80";"1353,04";"2009828,07";"1212"
"230185112";"Laranjeiras";"1212";"266";"762";"1,73";"1048,58";"542984,23";"1212"
"230185114";"Pedras Brancas";"1200";"323";"867";"1,97";"1158,59";"1504478,52";"1200"
"230185115";"Rinaré";"1118";"660";"2174";"2,87";"1099,41";"1494733,97";"1118"
"230185120";"Sitiá";"1200";"834";"2245";"1,85";"1001,52";"792547,42";"1200"
"230190105";"Barbalha";"1212";"19876";"61547";"2,16";"2035,74";"16216110,38";"1212"
"230190110";"Arajara";"1212";"1767";"5573";"2,16";"1253,79";"1053672,72";"1212"
"230190112";"Caldas";"1212";"1456";"4674";"2,42";"1242,85";"2048176,39";"1212"
"230190115";"Estrela";"1212";"1027";"3106";"1,96";"1323,01";"1625689,04";"1212"
"230195005";"Barreira";"1200";"4186";"12429";"1,94";"1317,76";"1791634,56";"1200"
"230195010";"Córrego";"1200";"1845";"5252";"1,75";"1069,62";"663374,46";"1200"
"230195015";"Lagoa do Barro";"1200";"652";"1959";"1,87";"970,95";"373390,11";"1200"
"230195025";"Lagoa Grande";"900";"887";"2741";"2,16";"997,45";"1037483,53";"900"
"230200805";"Barro";"1200";"4345";"12014";"1,64";"1301,72";"1828428,97";"1200"
"230200808";"Brejinho";"1212";"94";"254";"1,57";"882,33";"238644,13";"1212"
"230200810";"Cuncas";"1212";"754";"2177";"1,82";"1258,74";"748146,52";"1212"
"230200812";"Engenho Velho";"1200";"158";"453";"1,57";"1122,60";"528857,57";"1200"
"230200815";"Iara";"1212";"693";"1935";"1,96";"1212,51";"688549,94";"1212"
"230200817";"Monte Alegre";"1212";"276";"695";"1,42";"1333,87";"2019991,24";"1212"
"230200820";"Santo Antônio";"1212";"270";"787";"2,06";"1155,04";"840037,75";"1212"
"230200825";"Serrota";"1200";"129";"371";"1,80";"1049,43";"254060,52";"1200"
"230200830";"Riachão";"1200";"227";"691";"2,20";"968,27";"263684,28";"1200"
"230205705";"Barroquinha";"1200";"2276";"6610";"2,05";"1170,67";"1387203,62";"1200"
"230205710";"Araras";"1200";"1137";"3549";"2,65";"1048,13";"621124,78";"1200"
"230205715";"Bitupitá";"900";"1341";"4397";"2,30";"1076,83";"969046,65";"900"
"230210705";"Baturité";"1212";"10906";"32410";"2,31";"1423,71";"3162721,00";"1212"
"230210710";"Boa Vista";"1200";"347";"992";"2,07";"1088,55";"621301,80";"1200"
"230210740";"São Sebastião";"1100";"594";"1775";"2,09";"988,39";"329070,82";"1100"
"230220605";"Beberibe";"1212";"7482";"22287";"2,21";"1586,84";"4665651,93";"1212"
"230220608";"Forquilha";"1200";"895";"2528";"1,89";"1128,07";"1141838,72";"1200"
"230220610";"Itapeim";"1212";"747";"2053";"1,70";"1013,36";"448268,34";"1212"
"230220615";"Parajuru";"1212";"1477";"4321";"2,20";"1318,66";"2529220,80";"1212"
"230220620";"Paripueira";"1212";"2401";"6624";"1,95";"1101,30";"961766,55";"1212"
"230220622";"Serra do Félix";"1000";"1486";"4260";"1,99";"936,34";"430285,20";"1000"
"230220625";"Sucatinga";"1212";"3751";"10921";"2,07";"1174,90";"1356189,37";"1212"
"230230505";"Bela Cruz";"1000";"8469";"25364";"2,13";"1159,88";"1762265,79";"1000"
"230230510";"Prata";"700";"2539";"7362";"2,02";"875,55";"447286,13";"700"
"230240405";"Boa Viagem";"1212";"11783";"33303";"2,36";"1383,51";"27853862,93";"1212"
"230240407";"Águas Belas";"1020";"390";"1080";"1,90";"1144,45";"574668,29";"1020"
"230240408";"Boqueirão";"600";"473";"1196";"1,69";"874,99";"312717,42";"600"
"230240410";"Domingos da Costa";"900";"1367";"3989";"2,12";"868,29";"298670,56";"900"
"230240415";"Guia";"1212";"610";"1699";"2,13";"1152,12";"695471,39";"1212"
"230240420";"Ibuaçu";"1200";"485";"1248";"1,77";"988,25";"647615,32";"1200"
"230240422";"Ipiranga";"1212";"887";"2437";"1,70";"1111,53";"841938,22";"1212"
"230240425";"Jacampari";"500";"216";"559";"1,63";"864,86";"375686,15";"500"
"230240430";"Massapê dos Paes";"750";"301";"771";"1,81";"906,85";"331051,04";"750"
"230240431";"Olho D'Água do Bezerril";"1000";"373";"830";"1,37";"910,93";"291942,40";"1000"
"230240432";"Olho d'Água dos Facundos";"1000";"391";"1068";"1,87";"896,12";"308676,06";"1000"
"230240435";"Poço da Pedra";"1200";"342";"931";"1,71";"1049,55";"427708,83";"1200"
"230240440";"Várzea da Ipueira";"1200";"437";"1152";"1,79";"929,25";"212576,70";"1200"
"230250305";"Brejo Santo";"1212";"15639";"46936";"1,93";"1795,03";"5538556,12";"1212"
"230250310";"Poço";"1212";"442";"1351";"1,70";"1212,44";"624009,56";"1212"
"230250315";"São Filipe";"1212";"935";"2712";"2,12";"1298,55";"865523,83";"1212"
"230260205";"Camocim";"1200";"18453";"56422";"2,29";"1467,53";"3692716,28";"1200"
"230260210";"Amarelas";"1212";"605";"1730";"2,19";"984,15";"268088,02";"1212"
"230260225";"Guriú";"1200";"1309";"4121";"2,23";"1182,09";"5839572,71";"1200"
"230270105";"Campos Sales";"1212";"6537";"18227";"1,84";"1439,64";"3139054,29";"1212"
"230270110";"Barão de Aquiraz";"1200";"242";"586";"1,80";"1023,34";"336598,03";"1200"
"230270115";"Carmelópolis";"1212";"907";"2770";"2,27";"1005,17";"575737,33";"1212"
"230270120";"Itaguá";"1200";"327";"866";"1,53";"1065,70";"382875,56";"1200"
"230270123";"Monte Castelo";"1200";"194";"526";"1,57";"965,36";"388310,36";"1200"
"230270125";"Quixariú";"1100";"400";"1028";"1,52";"925,73";"348853,01";"1100"
"230270135";"Poço das Pedras";"1200";"365";"1080";"2,05";"994,70";"359357,70";"1200"
"230280005";"Canindé";"1212";"18176";"53246";"2,25";"1515,14";"4739708,87";"1212"
"230280010";"Bonito";"1100";"582";"1732";"2,38";"1006,05";"561807,57";"1100"
"230280011";"Campos";"1212";"640";"1824";"2,29";"1055,34";"738099,18";"1212"
"230280012";"Caiçara";"1200";"1087";"3181";"2,16";"1020,42";"548828,64";"1200"
"230280013";"Capitão Pedro Sampaio";"500";"545";"1498";"1,96";"804,14";"1021913,43";"500"
"230280015";"Esperança";"1212";"245";"694";"2,02";"1179,81";"535180,05";"1212"
"230280017";"Iguaçu";"1000";"416";"1211";"2,22";"1068,53";"679619,45";"1000"
"230280020";"Ipueiras dos Gomes";"1001";"93";"280";"2,45";"1096,92";"491177,14";"1001"
"230280025";"Monte Alegre";"1000";"719";"2095";"2,08";"924,59";"389142,17";"1000"
"230280030";"Targinos";"1000";"1067";"3232";"2,30";"910,30";"511089,33";"1000"
"230280035";"Ubiraçu";"1200";"1173";"3623";"2,59";"1161,41";"811844,54";"1200"
"230280040";"Vazante do Curú";"780";"527";"1381";"2,19";"908,89";"442042,48";"780"
"230290905";"Capistrano";"1200";"5909";"17237";"2,09";"1115,30";"1848990,09";"1200"
"230300605";"Caridade";"1200";"2709";"8255";"2,24";"1123,55";"1141429,83";"1200"
"230300610";"Campos Belos";"1212";"1858";"5714";"2,74";"1067,74";"727108,49";"1212"
"230300615";"São Domingos";"1000";"787";"2400";"2,07";"1012,12";"709151,88";"1000"
"230310505";"Cariré";"1212";"3361";"9743";"2,05";"1217,87";"2653342,31";"1212"
"230310510";"Arariús";"1200";"405";"1071";"1,72";"986,36";"288241,15";"1200"
"230310515";"Cacimbas";"1212";"814";"2214";"1,82";"1040,69";"523068,28";"1212"
"230310520";"Jucá";"1200";"724";"2015";"1,79";"981,03";"205141,83";"1200"
"230310535";"Tapuio";"1200";"833";"2577";"2,33";"1022,81";"351428,65";"1200"
"230320405";"Caririaçu";"1200";"6134";"18099";"2,08";"1194,33";"1106800,12";"1200"
"230320410";"Feitosa";"1200";"673";"2113";"1,83";"1037,28";"367569,60";"1200"
"230320415";"Valência";"1212";"376";"1066";"1,76";"1132,05";"583068,98";"1212"
"230320420";"Miragem";"1100";"993";"2992";"2,08";"993,30";"520987,61";"1100"
"230320425";"Cachoeirinha";"1212";"285";"876";"2,44";"1209,95";"609807,26";"1212"
"230320430";"Primavera";"1200";"352";"1155";"2,48";"1024,13";"489579,41";"1200"
"230330305";"Cariús";"1212";"2996";"8271";"1,83";"1333,53";"1985163,53";"1212"
"230330307";"Bela Vista";"1200";"267";"701";"1,66";"956,02";"415194,87";"1200"
"230330310";"Caipu";"1100";"1292";"3456";"1,86";"1042,61";"419563,29";"1100"
"230330315";"São Bartolomeu";"1200";"528";"1370";"1,41";"1054,53";"1623180,93";"1200"
"230330320";"São Sebastião";"1212";"1207";"3217";"1,80";"1067,37";"503593,80";"1212"
"230340205";"Carnaubal";"1200";"5710";"17180";"1,93";"1171,09";"1248869,68";"1200"
"230350105";"Cascavel";"1212";"15848";"45421";"1,98";"1542,86";"4305748,56";"1212"
"230350110";"Caponga";"1212";"3789";"11140";"2,32";"1833,56";"17576914,90";"1212"
"230350112";"Cristais";"1212";"185";"506";"1,76";"1053,44";"198174,10";"1212"
"230350115";"Guanacés";"1212";"3451";"9912";"2,00";"1115,43";"619129,00";"1212"
"230350120";"Jacarecoara";"1212";"1535";"4429";"2,10";"2416,16";"29574450,13";"1212"
"230350130";"Pitombeiras";"1212";"487";"1247";"2,05";"1108,78";"832719,14";"1212"
"230360005";"Catarina";"1200";"3651";"10231";"1,95";"1303,50";"3297234,07";"1200"
"230365905";"Catunda";"1200";"2916";"8933";"2,55";"1247,72";"2260669,03";"1200"
"230365920";"Paraíso";"1212";"298";"881";"1,93";"975,14";"399022,72";"1212"
"230365925";"Video";"1212";"212";"603";"2,28";"1093,27";"660215,24";"1212"
"230370905";"Caucaia";"1212";"58842";"174938";"2,18";"1899,53";"98979871,86";"1212"
"230370907";"Bom Princípio";"1212";"1072";"3170";"2,36";"1052,31";"451392,75";"1212"
"230370910";"Catuana";"1200";"3284";"10060";"2,37";"1218,69";"810968,66";"1200"
"230370915";"Guararu";"1212";"1939";"5885";"1,67";"1146,17";"585804,76";"1212"
"230370917";"Jurema";"1212";"51390";"148201";"1,93";"1767,90";"3451044,87";"1212"
"230370920";"Mirambé";"1212";"1554";"4772";"2,53";"1265,25";"1486784,82";"1212"
"230370925";"Sítios Novos";"1200";"1680";"5212";"2,68";"1212,66";"948304,35";"1200"
"230370930";"Tucunduba";"1200";"856";"2543";"2,36";"1187,61";"619811,37";"1200"
"230380805";"Cedro";"1212";"4945";"13431";"1,81";"1538,33";"3443168,49";"1212"
"230380807";"Assunção";"1200";"374";"1067";"2,13";"1017,84";"476118,41";"1200"
"230380810";"Várzea da Conceição";"1212";"768";"2166";"2,10";"1382,15";"3243864,18";"1212"
"230380820";"Candeias";"1212";"297";"861";"1,99";"1197,47";"1524295,35";"1212"
"230380830";"Lagedo";"1212";"396";"1061";"1,91";"1081,06";"712913,11";"1212"
"230380840";"Santo Antônio";"1212";"512";"1478";"1,91";"891,42";"197969,42";"1212"
"230380850";"São Miguel";"1000";"782";"2267";"2,09";"903,27";"388105,17";"1000"
"230390705";"Chaval";"1200";"3231";"10320";"2,53";"1211,76";"2183172,11";"1200"
"230390710";"Passagem";"600";"689";"2087";"2,09";"1007,58";"7622259,02";"600"
"230393105";"Choró";"1212";"1654";"5056";"2,88";"1232,43";"2839469,99";"1212"
"230393108";"Barbada";"800";"442";"1380";"2,75";"963,78";"1845096,05";"800"
"230393110";"Caiçarinha";"600";"783";"2346";"2,42";"886,71";"365304,63";"600"
"230393120";"Maravilha";"1000";"500";"1434";"2,09";"923,25";"347978,37";"1000"
"230393125";"Monte Castelo";"1000";"436";"1320";"2,40";"1009,11";"1536995,24";"1000"
"230393135";"Santa Rita";"1050";"181";"573";"2,79";"1101,54";"2789867,54";"1050"
"230395605";"Chorozinho";"1212";"3325";"9157";"1,85";"1356,37";"5212600,70";"1212"
"230395610";"Campestre";"1212";"544";"1518";"1,88";"1151,60";"658921,99";"1212"
"230395615";"Cedro";"1000";"568";"1633";"1,74";"855,74";"298283,48";"1000"
"230395625";"Patos dos Liberatos";"1200";"708";"1959";"1,65";"1088,28";"1107872,52";"1200"
"230395635";"Timbaúba dos Marinheiros";"1200";"822";"2340";"1,94";"1037,94";"536959,70";"1200"
"230395640";"Triângulo";"1212";"1172";"3511";"1,98";"1173,46";"740363,87";"1212"
"230400405";"Coreaú";"1200";"3519";"10624";"2,22";"1269,91";"2643782,55";"1200"
"230400410";"Araquém";"1212";"1331";"4239";"2,51";"1123,37";"971162,54";"1212"
"230400415";"Aroeiras";"1212";"441";"1334";"2,32";"1081,88";"418900,23";"1212"
"230400417";"Canto";"1200";"165";"518";"3,12";"978,43";"258746,54";"1200"
"230400420";"Ubaúna";"1212";"1573";"4219";"1,83";"1092,90";"873950,88";"1212"
"230410305";"Crateús";"1212";"18743";"52748";"1,99";"1930,47";"7779936,59";"1212"
"230410307";"Assis";"1212";"423";"1100";"1,64";"1116,98";"842757,25";"1212"
"230410309";"Curral Velho";"1212";"834";"2296";"1,95";"1097,91";"1290192,53";"1212"
"230410310";"Ibiapaba";"1212";"697";"1850";"1,95";"1124,44";"598677,37";"1212"
"230410315";"Irapuá";"1212";"542";"1579";"1,97";"1073,19";"1684260,33";"1212"
"230410317";"Lagoa das Pedras";"1100";"601";"1761";"1,56";"882,40";"375694,80";"1100"
"230410320";"Montenebo";"1212";"912";"2733";"1,93";"1084,70";"781794,94";"1212"
"230410325";"Oiticica";"600";"69";"185";"1,69";"857,51";"518735,45";"600"
"230410330";"Poti";"1212";"428";"1206";"2,03";"998,60";"429861,28";"1212"
"230410333";"Realejo";"1212";"1058";"3002";"2,00";"1168,28";"629468,57";"1212"
"230410335";"Santo Antônio";"1200";"1378";"3708";"1,61";"1093,39";"595488,22";"1200"
"230410337";"Santana";"1212";"694";"2028";"1,84";"1091,20";"973013,00";"1212"
"230410340";"Tucuns";"1212";"733";"2019";"1,76";"1195,88";"1752099,03";"1212"
"230420205";"Crato";"1212";"33312";"96635";"2,03";"2118,54";"8974082,02";"1212"
"230420206";"Baixio das Palmeiras";"1212";"1447";"4530";"2,23";"1454,55";"3627435,55";"1212"
"230420207";"Belmonte";"1212";"549";"1755";"2,51";"1795,61";"8550203,01";"1212"
"230420209";"Campo Alegre";"1200";"587";"1764";"2,19";"1454,41";"3506005,21";"1200"
"230420210";"Dom Quintino";"1212";"793";"2191";"1,65";"1126,70";"801661,82";"1212"
"230420218";"Monte Alverne";"1212";"768";"2259";"1,98";"1019,78";"646858,20";"1212"
"230420222";"Bela Vista";"1212";"1515";"4730";"1,93";"1137,26";"828138,11";"1212"
"230420225";"Ponta da Serra";"1212";"3165";"9349";"2,00";"1222,57";"1634172,81";"1212"
"230420230";"Santa Fé";"1212";"1701";"5252";"2,54";"1228,97";"3888608,56";"1212"
"230420240";"Santa Rosa";"1212";"758";"2309";"1,87";"1792,44";"6174824,07";"1212"
"230423605";"Croatá";"1212";"2340";"6458";"1,79";"1238,65";"2885504,66";"1212"
"230423610";"Barra do Sotero";"1212";"575";"1635";"1,87";"989,88";"372134,42";"1212"
"230423620";"Betânia";"1000";"1017";"2945";"1,85";"1000,42";"1291806,88";"1000"
"230423625";"Lagoa da Cruz";"1212";"424";"1189";"1,58";"1018,63";"441100,84";"1212"
"230423635";"Repartição";"800";"330";"1033";"1,98";"836,53";"254068,69";"800"
"230423640";"Santa Tereza";"400";"332";"1125";"3,01";"780,00";"256217,99";"400"
"230423645";"Vista Alegre";"762";"459";"1336";"1,99";"1023,41";"4915852,93";"762"
"230423650";"São Roque";"1200";"619";"1735";"1,83";"1039,53";"527263,33";"1200"
"230425105";"Cruz";"1200";"7268";"20888";"1,91";"1448,47";"27253231,23";"1200"
"230425110";"Caiçara";"1212";"3084";"8823";"1,91";"1780,93";"4821890,32";"1212"
"230426905";"Deputado Irapuan Pinheiro";"1100";"1397";"3838";"2,00";"1042,12";"595547,97";"1100"
"230426906";"Aurora";"1212";"223";"594";"1,55";"997,76";"329836,41";"1212"
"230426907";"Baixio";"1200";"576";"1468";"1,44";"1042,24";"445845,09";"1200"
"230426910";"Betânia";"1212";"857";"2275";"1,70";"1095,06";"1409457,56";"1212"
"230426920";"Maratoã";"1200";"146";"361";"1,60";"1078,57";"706038,16";"1200"
"230426925";"Velame";"1212";"145";"380";"1,97";"1094,93";"396192,41";"1212"
"230427705";"Ereré";"1212";"1853";"5351";"1,95";"1236,07";"1050620,59";"1212"
"230427720";"São João";"1212";"152";"421";"1,70";"1069,26";"619976,10";"1212"
"230427725";"Tomé Vieira";"1212";"243";"701";"1,79";"1064,48";"595587,65";"1212"
"230428505";"Eusébio";"2100";"25102";"74073";"1,68";"4607,83";"60973682,00";"2100"
"230430105";"Farias Brito";"1202";"3794";"10764";"1,92";"1298,06";"2598326,10";"1202"
"230430110";"Cariutaba";"1200";"855";"2368";"1,93";"1029,95";"490287,04";"1200"
"230430115";"Nova Betânia";"1212";"605";"1743";"1,80";"1428,80";"1397184,50";"1212"
"230430120";"Quincuncá";"1200";"1160";"3327";"1,95";"1027,44";"510344,64";"1200"
"230435005";"Forquilha";"1212";"6891";"20782";"2,24";"1641,32";"488572071,38";"1212"
"230435020";"Salgado dos Mendes";"1200";"298";"771";"1,69";"1002,10";"379006,12";"1200"
"230435025";"Trapiá";"1212";"583";"1591";"1,85";"1092,98";"240396,94";"1212"
"230435030";"Cacimbinha";"1200";"327";"1005";"2,13";"998,31";"226354,22";"1200"
"230440005";"Fortaleza";"1224";"860090";"2424722";"2,00";"3084,07";"78889380,97";"1224"
"230445905";"Fortim";"1212";"2604";"7321";"1,95";"1501,66";"3054368,25";"1212"
"230445910";"Barra";"1212";"834";"2447";"1,95";"1435,12";"2131849,78";"1212"
"230445915";"Campestre";"1200";"326";"1001";"2,26";"1120,62";"627907,19";"1200"
"230445920";"Guajiru";"1212";"377";"1117";"2,00";"1337,54";"1668125,82";"1212"
"230445925";"Maceió";"1212";"897";"2696";"2,38";"1578,83";"3733967,09";"1212"
"230445930";"Viçosa";"1212";"893";"2644";"1,93";"1256,27";"1709947,69";"1212"
"230450905";"Frecheirinha";"1212";"5420";"15651";"1,92";"1430,17";"5737234,15";"1212"
"230460805";"General Sampaio";"1063";"2191";"6694";"2,45";"1064,84";"770517,43";"1062.5"
"230465705";"Graça";"1200";"3265";"9229";"1,85";"1120,24";"1377438,20";"1200"
"230465720";"Lapa";"800";"1567";"4572";"2,00";"933,64";"306698,18";"800"
"230470705";"Granja";"1200";"6699";"20810";"2,61";"1332,48";"2965832,94";"1200"
"230470710";"Adrianópolis";"1000";"1237";"3652";"2,19";"934,41";"417058,94";"1000"
"230470715";"Ibuguaçu";"600";"1292";"4116";"2,78";"1021,37";"820277,40";"600"
"230470720";"Parazinho";"900";"2154";"6827";"2,38";"1009,71";"1047147,80";"900"
"230470725";"Pessoa Anta";"700";"2670";"8447";"2,50";"925,72";"448671,98";"700"
"230470730";"Sambaíba";"600";"1257";"3861";"2,35";"869,74";"330466,93";"600"
"230470735";"Timonha";"1000";"1776";"5584";"2,46";"937,09";"484437,39";"1000"
"230480605";"Granjeiro";"1212";"727";"2215";"2,23";"1225,34";"1135504,43";"1212"
"230480610";"Serrinha";"1212";"410";"1407";"3,64";"1255,97";"5132419,87";"1212"
"230480615";"Canabrava dos Ferreiras";"1200";"397";"1205";"2,00";"1035,12";"465637,45";"1200"
"230490505";"Groaíras";"1212";"3580";"9688";"1,63";"1358,92";"1752671,38";"1212"
"230490515";"Itamaracá";"1212";"429";"1213";"2,00";"1076,54";"583017,23";"1212"
"230495405";"Guaiúba";"1200";"4203";"13203";"2,61";"1233,76";"1064544,79";"1200"
"230495410";"Água Verde";"1200";"1241";"3972";"2,39";"1081,76";"577891,35";"1200"
"230495411";"Baú";"1200";"651";"2030";"3,30";"1174,70";"969104,79";"1200"
"230495413";"Dourado";"1212";"297";"912";"3,97";"1478,19";"2716227,08";"1212"
"230495415";"Itacima";"1200";"997";"3105";"2,65";"1082,95";"636742,61";"1200"
"230495425";"Núcleo Colonial Pio XII (São Gerônimo)";"1212";"362";"1068";"1,88";"1376,94";"2184274,61";"1212"
"230500105";"Guaraciaba do Norte";"1212";"8203";"25906";"2,30";"1519,03";"8518625,86";"1212"
"230500120";"Várzea dos Espinhos";"1200";"1522";"4515";"2,17";"929,78";"335343,43";"1200"
"230500122";"Martinslândia";"800";"629";"1849";"1,89";"1004,38";"495655,33";"800"
"230500125";"Morrinhos Novos";"1200";"823";"2431";"1,85";"1016,66";"479456,35";"1200"
"230500127";"Mucambo";"1001";"1312";"4051";"2,17";"1057,08";"643772,14";"1001"
"230500130";"Sussuanha";"1200";"1002";"3207";"2,11";"1102,00";"2543325,09";"1200"
"230510005";"Guaramiranga";"1220";"730";"2170";"2,78";"1335,01";"1149194,43";"1220"
"230510010";"Pernambuquinho";"1212";"1185";"3467";"2,44";"1215,70";"1874141,77";"1212"
"230520905";"Hidrolândia";"1212";"4298";"12252";"1,98";"1248,88";"2219643,21";"1212"
"230520910";"Betânia";"1200";"418";"1153";"1,95";"1007,47";"547449,54";"1200"
"230520915";"Conceição";"1212";"595";"1488";"1,89";"966,20";"536800,13";"1212"
"230520920";"Irajá";"1210";"1027";"2952";"2,26";"1117,52";"1830834,99";"1210"
"230523305";"Horizonte";"1212";"23086";"67010";"1,81";"1479,29";"1682312,22";"1212"
"230523307";"Aningas";"1200";"581";"1640";"1,58";"1120,25";"296325,49";"1200"
"230523312";"Dourados";"1212";"1010";"3106";"1,80";"1243,18";"1039141,81";"1212"
"230523330";"Queimados";"1212";"928";"2894";"2,00";"1421,09";"1534834,88";"1212"
"230526605";"Ibaretama";"1212";"1194";"3746";"2,81";"1237,22";"1751810,93";"1212"
"230526620";"Nova-Vida";"1200";"552";"1483";"1,85";"1075,16";"1260530,61";"1200"
"230526625";"Oiticica";"1000";"551";"1619";"2,05";"1229,97";"1190459,39";"1000"
"230526627";"Pedra e Cal";"800";"740";"2330";"2,68";"904,58";"337711,40";"800"
"230526630";"Piranji";"1200";"981";"2763";"2,13";"1036,24";"844168,26";"1200"
"230530805";"Ibiapina";"1200";"6654";"20222";"2,12";"1267,03";"2119570,27";"1200"
"230530807";"Alto Lindo";"1000";"713";"2139";"2,04";"947,98";"394535,73";"1000"
"230530808";"Betânia";"1000";"356";"1089";"2,04";"939,51";"871268,76";"1000"
"230530810";"Santo Antônio da Pindoba";"1000";"170";"501";"2,26";"940,97";"314825,06";"1000"
"230533205";"Ibicuitinga";"1212";"1936";"5565";"1,89";"1270,59";"5244613,48";"1212"
"230533210";"Açude dos Pinheiros";"1212";"490";"1450";"2,10";"987,61";"466546,17";"1212"
"230533215";"Canindezinho";"1212";"644";"1744";"1,80";"983,19";"379443,68";"1212"
"230533220";"Chile";"1212";"347";"968";"1,83";"1007,74";"1307270,04";"1212"
"230533230";"Viçosa";"1212";"657";"1852";"1,69";"988,69";"370207,83";"1212"
"230535705";"Icapuí";"1212";"5520";"16287";"1,87";"1485,51";"2758357,27";"1212"
"230535710";"Ibicuitaba";"1212";"1203";"3675";"2,20";"1607,42";"3662656,19";"1212"
"230535715";"Manibú";"1212";"443";"1362";"2,02";"1334,61";"2470779,41";"1212"
"230540705";"Icó";"1212";"13443";"39276";"1,95";"1487,27";"4261928,66";"1212"
"230540710";"Cruzeirinho";"1200";"568";"1698";"1,88";"1004,11";"279828,67";"1200"
"230540715";"Icozinho";"1200";"1929";"5607";"1,79";"1059,36";"459607,13";"1200"
"230540720";"Lima Campos";"1200";"2897";"8314";"1,97";"1165,45";"1080137,96";"1200"
"230540725";"Pedrinhas";"1200";"1339";"4212";"2,03";"1043,78";"407261,08";"1200"
"230540730";"São Vicente";"1212";"1240";"3468";"1,65";"1070,86";"369698,07";"1212"
"230550605";"Iguatu";"1212";"27674";"77449";"1,83";"1885,35";"14966741,28";"1212"
"230550610";"Barreiras";"1212";"677";"1957";"1,82";"1265,36";"1192517,40";"1212"
"230550613";"Barro Alto";"1212";"1250";"3631";"1,82";"1309,04";"1185008,93";"1212"
"230550615";"Baú";"1212";"334";"944";"1,88";"1294,28";"520122,03";"1212"
"230550625";"José de Alencar";"1212";"2611";"7229";"1,87";"1260,76";"1482089,93";"1212"
"230550635";"Gadelha";"1212";"1266";"3590";"1,87";"1264,73";"2046131,93";"1212"
"230550636";"Riacho Vermelho";"1212";"475";"1314";"1,69";"1171,00";"784785,87";"1212"
"230550640";"Suassurana";"1212";"665";"1846";"1,92";"1179,42";"597629,87";"1212"
"230560505";"Independência";"1200";"5061";"14227";"1,96";"1364,21";"3620581,08";"1200"
"230560520";"Ematuba";"1200";"868";"2402";"2,04";"955,89";"460678,93";"1200"
"230560525";"Iapi";"1200";"582";"1666";"2,24";"1080,72";"1366607,01";"1200"
"230560530";"Jandrangoeira";"700";"134";"398";"2,56";"857,77";"197167,52";"700"
"230560534";"Monte Sinai";"800";"468";"1352";"1,93";"949,51";"437624,72";"800"
"230560545";"Tranqueiras";"1212";"687";"1998";"1,87";"991,21";"416781,88";"1212"
"230560550";"Cachoeira do Fogo";"1212";"283";"853";"1,83";"1121,46";"1000043,35";"1212"
"230560555";"Várzea Grande";"1200";"383";"1128";"1,96";"1108,55";"950739,86";"1200"
"230565405";"Ipaporanga";"1200";"1856";"4984";"1,80";"1285,71";"2029467,83";"1200"
"230565410";"Sacramento";"1000";"461";"1270";"1,64";"1014,13";"554979,54";"1000"
"230565415";"Lagoa do Barro";"1212";"641";"1622";"1,63";"991,49";"318146,95";"1212"
"230565420";"Mulungú";"1103";"276";"753";"2,55";"966,29";"292389,38";"1103"
"230565425";"Torrões";"1200";"153";"430";"1,98";"1093,31";"413563,50";"1200"
"230565430";"Sítio Araras";"810";"281";"778";"2,29";"961,14";"591004,46";"810"
"230565435";"Cajás dos Jorges";"1200";"354";"1018";"2,42";"1025,27";"338911,65";"1200"
"230565440";"Água Branca";"1200";"266";"690";"2,01";"969,85";"325361,46";"1200"
"230570405";"Ipaumirim";"1212";"2969";"8702";"2,15";"1429,15";"2266746,70";"1212"
"230570410";"Felizardo";"1212";"668";"1882";"1,98";"1158,46";"991023,67";"1212"
"230570420";"Canaúna";"1212";"435";"1473";"3,34";"1261,12";"1804393,54";"1212"
"230580305";"Ipu";"1200";"9097";"26741";"2,15";"1445,06";"3605082,50";"1200"
"230580308";"Abílio Martins";"1200";"704";"1995";"2,33";"1123,12";"680789,54";"1200"
"230580315";"Flores";"1200";"476";"1485";"2,13";"1073,78";"508651,26";"1200"
"230580318";"Ingazeiras";"800";"1569";"4779";"2,14";"921,44";"318392,29";"800"
"230580323";"Recanto";"1200";"511";"1350";"1,70";"1096,97";"329806,33";"1200"
"230580325";"Várzea do Giló";"1200";"1568";"4681";"2,10";"1196,43";"1943340,80";"1200"
"230590205";"Ipueiras";"1200";"6230";"17468";"1,99";"1247,19";"1897015,37";"1200"
"230590207";"Alazans";"1200";"303";"780";"1,68";"999,85";"252536,66";"1200"
"230590210";"América";"1000";"917";"2610";"1,90";"1003,69";"677024,64";"1000"
"230590212";"Balseiros";"800";"411";"1140";"2,06";"925,01";"527199,24";"800"
"230590215";"Engenheiro João Tomé";"1200";"1011";"2617";"1,78";"1152,00";"842038,25";"1200"
"230590220";"Gázea";"1212";"384";"1045";"2,04";"1099,17";"627424,46";"1212"
"230590225";"Livramento";"1212";"639";"1830";"2,41";"1066,61";"548450,81";"1212"
"230590230";"Matriz";"1080";"650";"1788";"1,94";"1014,24";"684504,47";"1080"
"230590235";"Nova Fátima";"1200";"795";"2180";"1,75";"1141,82";"915109,17";"1200"
"230590237";"São José";"800";"399";"1058";"1,61";"931,87";"397822,20";"800"
"230590240";"São José das Lontras";"600";"313";"882";"2,53";"984,49";"365982,78";"600"
"230590245";"Barrocas";"1150";"668";"1821";"2,22";"917,67";"345424,38";"1150"
"230590250";"Nova Graça";"725";"554";"1542";"1,68";"896,78";"320236,28";"725"
"230600905";"Iracema";"1212";"3668";"10778";"2,34";"1594,59";"3975760,26";"1212"
"230600907";"Bastiões";"1212";"408";"1127";"1,57";"1047,88";"572534,18";"1212"
"230600915";"Ema";"1212";"620";"1794";"2,32";"1291,42";"828420,55";"1212"
"230600925";"São José";"1212";"99";"300";"1,48";"1478,46";"1737431,03";"1212"
"230610805";"Irauçuba";"1212";"4488";"14427";"2,77";"1230,18";"1682501,40";"1212"
"230610810";"Boa Vista do Caxitoré";"600";"339";"1270";"3,38";"820,76";"184406,26";"600"
"230610815";"Juá";"700";"1094";"3378";"2,32";"895,97";"769554,06";"700"
"230610820";"Missi";"600";"1408";"4833";"3,03";"989,08";"1056688,73";"600"
"230620705";"Itaiçaba";"1212";"2814";"7514";"1,64";"1228,95";"1343897,73";"1212"
"230625605";"Itaitinga";"1212";"19521";"55943";"1,86";"1821,18";"4659167,55";"1212"
"230630605";"Itapajé";"1212";"10615";"31634";"2,07";"1358,62";"19924199,76";"1212"
"230630607";"Aguaí";"600";"310";"880";"2,21";"884,74";"463928,80";"600"
"230630610";"Baixa Grande";"1000";"1407";"4191";"2,33";"1073,34";"7975644,66";"1000"
"230630620";"Cruz";"575";"420";"1215";"1,80";"829,72";"591476,71";"575"
"230630625";"Iratinga";"1211";"1600";"4819";"2,31";"1045,44";"684126,70";"1211"
"230630630";"Pitombeira";"1200";"272";"670";"1,45";"1198,17";"1253934,17";"1200"
"230630632";"São Tomé";"600";"278";"788";"2,08";"893,94";"505830,17";"600"
"230630634";"Serrote do Meio";"1005";"346";"1029";"2,53";"1086,25";"1262936,91";"1005"
"230630635";"Soledade";"1000";"379";"1177";"2,21";"1039,71";"1070293,43";"1000"
"230640505";"Itapipoca";"1212";"25392";"79472";"2,38";"1602,68";"4989267,30";"1212"
"230640520";"Arapari";"1000";"1964";"6161";"2,65";"1020,56";"943642,93";"1000"
"230640522";"Ipu Mazagão";"1212";"688";"2031";"2,29";"1001,25";"391156,06";"1212"
"230640525";"Assunção";"1150";"2252";"7226";"2,62";"1111,28";"1050242,87";"1150"
"230640527";"Baleia";"1000";"1493";"5113";"2,71";"1097,10";"993471,97";"1000"
"230640530";"Barrento";"1200";"1540";"4839";"2,37";"1006,54";"1128985,60";"1200"
"230640535";"Bela Vista";"1200";"688";"2131";"2,65";"1216,62";"1118246,06";"1200"
"230640536";"Calugi";"1000";"2079";"6586";"2,64";"999,50";"584716,92";"1000"
"230640540";"Cruxati";"1200";"1332";"4031";"2,36";"1156,91";"974305,23";"1200"
"230640547";"Deserto";"1200";"2749";"8565";"2,50";"1038,62";"936192,46";"1200"
"230640549";"Lagoa das Mercês";"1000";"765";"2711";"3,08";"1126,79";"879133,59";"1000"
"230640550";"Marinheiros";"800";"632";"2164";"3,12";"997,83";"566115,67";"800"
"230650405";"Itapiúna";"1200";"3257";"9253";"2,16";"1149,08";"1604964,64";"1200"
"230650410";"Caio Prado";"1200";"1282";"3849";"2,32";"1033,52";"505348,65";"1200"
"230650415";"Itans";"1000";"593";"1787";"2,21";"931,49";"366337,00";"1000"
"230650420";"Palmatória";"750";"983";"2947";"1,95";"937,74";"279422,93";"750"
"230655305";"Itarema";"1200";"7956";"26025";"2,53";"1356,71";"5020166,53";"1200"
"230655310";"Almofala";"1000";"3846";"13620";"3,21";"1028,20";"636745,89";"1000"
"230655315";"Carvoeiro";"1000";"1149";"3234";"2,00";"1103,60";"592115,27";"1000"
"230660305";"Itatira";"900";"982";"3032";"2,44";"1116,43";"1104923,13";"900"
"230660310";"Bandeira";"1200";"1101";"3303";"2,39";"1019,47";"523442,81";"1200"
"230660312";"Cachoeira";"1200";"1150";"3485";"2,55";"1061,65";"3303406,83";"1200"
"230660315";"Lagoa do Mato";"1200";"2941";"8940";"2,50";"1172,47";"1370729,05";"1200"
"230660320";"Morro Branco";"1202";"498";"1591";"2,60";"1062,97";"541083,38";"1202"
"230670205";"Jaguaretama";"1212";"6050";"17222";"2,11";"1227,57";"3729525,60";"1212"
"230680105";"Jaguaribara";"1212";"3358";"10311";"2,29";"2258,48";"1961984903,77";"1212"
"230690005";"Jaguaribe";"1212";"8314";"22652";"1,94";"1656,25";"3587028,02";"1212"
"230690010";"Aquinópolis";"1212";"104";"295";"2,16";"1286,21";"3819222,37";"1212"
"230690015";"Feiticeiro";"1212";"1684";"4522";"1,76";"1244,82";"1647038,22";"1212"
"230690020";"Mapuá";"1212";"1535";"4204";"1,87";"1544,72";"666358,15";"1212"
"230690025";"Nova Floresta";"1212";"762";"2035";"1,58";"1261,50";"2671021,71";"1212"
"230700705";"Jaguaruana";"1212";"6301";"16995";"1,82";"1468,63";"5207589,86";"1212"
"230700710";"Borges";"1212";"1626";"4424";"1,94";"1040,63";"418220,31";"1212"
"230700715";"Giqui";"1200";"419";"1127";"1,85";"1206,21";"609443,89";"1200"
"230700718";"Santa Luzia";"1212";"676";"1868";"2,41";"1307,00";"1907399,12";"1212"
"230700720";"São José do Lagamar";"1212";"1185";"3221";"1,81";"1022,67";"422702,60";"1212"
"230700725";"Saquinho";"1212";"196";"525";"1,37";"1141,50";"470772,80";"1212"
"230700730";"Figueiredo";"1200";"976";"2573";"1,76";"1037,07";"1380176,27";"1200"
"230700735";"Jurema";"1200";"343";"926";"2,18";"1005,73";"388447,83";"1200"
"230710605";"Jardim";"1200";"6197";"19733";"2,51";"1272,40";"1976744,70";"1200"
"230710607";"Corrente";"1200";"648";"1907";"1,94";"1031,64";"639740,16";"1200"
"230710610";"Jardimirim";"1212";"1187";"3587";"1,77";"1049,12";"464635,40";"1212"
"230710615";"Fazenda Nova";"1212";"530";"1607";"2,04";"1124,64";"537763,31";"1212"
"230710620";"Taquari";"1200";"174";"553";"2,21";"970,68";"291414,53";"1200"
"230720505";"Jati";"1212";"1566";"4574";"1,88";"1441,71";"2434406,58";"1212"
"230720510";"Balanças";"1212";"400";"1196";"1,99";"1097,12";"576170,03";"1212"
"230720515";"Carnaúba";"1200";"413";"1256";"2,04";"1118,54";"1944817,40";"1200"
"230720520";"Baixa Grande";"1212";"141";"513";"4,35";"1127,84";"380220,95";"1212"
"230720525";"Mãe D'Água";"1212";"95";"285";"1,94";"1266,44";"1137148,27";"1212"
"230725405";"Jijoca de Jericoacoara";"1212";"8794";"25469";"2,03";"1743,94";"5636266,02";"1212"
"230730405";"Juazeiro do Norte";"1212";"94788";"276332";"2,03";"1882,57";"6582853,52";"1212"
"230730410";"Marrocos";"1212";"1328";"4288";"2,22";"1406,44";"9339493,14";"1212"
"230730415";"Padre Cícero";"1212";"1255";"3749";"1,70";"1265,25";"1365160,37";"1212"
"230740305";"Jucás";"1200";"4415";"12629";"2,14";"1379,83";"38920532,01";"1200"
"230740310";"Baixio da Donana";"800";"315";"1022";"2,29";"980,51";"872162,14";"800"
"230740315";"Canafístula";"1212";"587";"1768";"2,41";"1467,36";"594022,24";"1212"
"230740320";"Mel";"1212";"729";"2139";"2,30";"1365,41";"1565058,00";"1212"
"230740325";"Poço Grande";"1000";"359";"1079";"2,07";"1027,85";"438264,42";"1000"
"230740330";"São Pedro do Norte";"1212";"1819";"5234";"1,80";"1673,14";"369535761,93";"1212"
"230750205";"Lavras da Mangabeira";"1200";"5500";"16149";"2,08";"1371,39";"2770267,99";"1200"
"230750210";"Amaniutuba";"1000";"1312";"3876";"2,14";"1021,96";"1032791,18";"1000"
"230750215";"Arrojado";"1200";"259";"705";"1,69";"1500,64";"889504,37";"1200"
"230750220";"Iborepi";"1000";"416";"1229";"1,88";"967,41";"416959,91";"1000"
"230750225";"Mangabeira";"1200";"1379";"4047";"2,05";"1145,87";"799618,26";"1200"
"230750230";"Quitaiús";"1200";"1611";"4779";"2,14";"1003,47";"2126241,65";"1200"
"230760105";"Limoeiro do Norte";"1212";"20901";"57957";"1,84";"1804,19";"5660927,39";"1212"
"230760110";"Bixopá";"1212";"518";"1493";"2,10";"1200,51";"269272,16";"1212"
"230763505";"Madalena";"1212";"3189";"9645";"2,41";"1285,06";"3042551,95";"1212"
"230763510";"Macaoca";"1212";"993";"3009";"3,09";"1118,50";"868707,73";"1212"
"230763515";"Cacimba Nova";"1212";"377";"1185";"2,48";"1215,82";"813801,68";"1212"
"230763520";"Cajazeiras";"700";"468";"1354";"2,21";"854,30";"285566,06";"700"
"230763530";"Paus Branco";"635";"227";"705";"2,33";"994,07";"624424,91";"635"
"230763545";"União";"1212";"346";"967";"2,38";"1049,88";"423622,40";"1212"
"230765005";"Maracanaú";"1212";"61719";"182686";"2,06";"1753,30";"3329627,26";"1212"
"230765030";"Pajuçara";"1212";"17945";"51606";"1,93";"1683,04";"63232222,30";"1212"
"230770005";"Maranguape";"1212";"21699";"65059";"2,11";"1655,12";"3717593,10";"1212"
"230770010";"Amanari";"1212";"1573";"4770";"2,19";"964,61";"633182,69";"1212"
"230770015";"Antônio Marques";"700";"414";"1120";"1,79";"949,00";"1873618,05";"700"
"230770017";"Cachoeira";"1200";"425";"1230";"1,87";"1102,30";"820527,88";"1200"
"230770020";"Itapebussu";"1212";"1263";"3811";"2,11";"1153,25";"964981,14";"1212"
"230770025";"Jubaia";"1212";"744";"2281";"2,24";"1373,27";"2837573,09";"1212"
"230770026";"Ladeira Grande";"1212";"718";"2190";"2,22";"1263,12";"606464,82";"1212"
"230770027";"Lages";"1212";"648";"2048";"2,64";"1038,86";"293265,42";"1212"
"230770029";"Lagoa do Juvenal";"1200";"560";"1701";"2,55";"1158,86";"809568,08";"1200"
"230770031";"Manoel Guedes";"700";"558";"1564";"1,98";"842,26";"255836,33";"700"
"230770032";"Papara";"1212";"1257";"3574";"2,18";"1058,89";"1802129,43";"1212"
"230770033";"Penedo";"1212";"901";"2735";"2,09";"1217,01";"1094827,47";"1212"
"230770035";"Sapupara";"1212";"2345";"7221";"2,08";"1240,78";"1103404,75";"1212"
"230770037";"São João do Amanari";"1000";"625";"1879";"2,31";"962,92";"493675,99";"1000"
"230770040";"Tanques";"1212";"769";"2044";"1,83";"1148,57";"787512,98";"1212"
"230770042";"Umarizeiras";"1212";"505";"1606";"2,34";"1036,22";"435036,51";"1212"
"230770045";"Vertentes do Lagedo";"600";"46";"110";"1,67";"924,17";"1021232,50";"600"
"230780905";"Marco";"1200";"5985";"19731";"2,55";"1338,89";"2692309,14";"1200"
"230780910";"Panacuí";"1200";"687";"2181";"2,35";"1142,92";"625898,87";"1200"
"230780915";"Mocambo";"800";"914";"3763";"6,49";"1037,49";"613323,73";"800"
"230790805";"Martinópole";"1000";"3696";"10837";"2,15";"1102,93";"3901180,03";"1000"
"230800505";"Massapê";"1212";"8147";"24964";"2,21";"1291,40";"1989754,75";"1212"
"230800510";"Aiuá";"1212";"317";"939";"1,94";"1013,46";"347479,62";"1212"
"230800513";"Ipaguaçu";"1212";"526";"1629";"1,84";"1110,87";"458917,98";"1212"
"230800515";"Mumbaba";"1200";"1119";"3529";"2,17";"1146,14";"1090293,99";"1200"
"230800520";"Padre Linhares";"1212";"768";"2278";"2,17";"1093,01";"1366268,96";"1212"
"230800522";"Tangente";"1200";"693";"1981";"1,88";"961,51";"305967,51";"1200"
"230800525";"Tuína";"1200";"760";"2337";"2,19";"933,90";"535053,88";"1200"
"230810405";"Mauriti";"1200";"6283";"19401";"2,04";"1396,98";"4257244,80";"1200"
"230810410";"Anauá";"700";"663";"2072";"1,95";"938,38";"376215,81";"700"
"230810412";"Buritizinho";"1200";"1706";"4750";"1,53";"1108,82";"676466,17";"1200"
"230810415";"Coité";"1200";"930";"3276";"2,64";"954,94";"736230,33";"1200"
"230810420";"Nova Santa Cruz";"1206";"333";"1057";"2,01";"963,79";"146014,23";"1206"
"230810425";"São Félix";"1200";"446";"1228";"1,78";"1030,54";"386324,05";"1200"
"230810427";"Palestina do Cariri";"1200";"1989";"6161";"2,05";"1114,17";"2012774,43";"1200"
"230810429";"São Miguel";"800";"686";"2272";"2,37";"907,84";"405993,04";"800"
"230810430";"Umburanas";"1200";"1360";"4002";"1,86";"1024,46";"657592,32";"1200"
"230810435";"Olho D'água";"800";"468";"1277";"1,87";"901,65";"342542,84";"800"
"230820305";"Meruoca";"1200";"2287";"7281";"2,81";"1542,27";"3417367,77";"1200"
"230820307";"Anil";"1212";"578";"1803";"2,29";"1121,11";"558871,46";"1212"
"230820310";"Camilos";"1212";"622";"1868";"1,92";"1406,63";"1682667,36";"1212"
"230820315";"Palestina do Norte";"1212";"565";"1796";"2,70";"1618,54";"6539251,03";"1212"
"230820320";"Santo Antônio dos Fernandes";"1200";"155";"490";"2,12";"1415,21";"3187171,66";"1200"
"230820325";"São Francisco";"1200";"617";"1904";"2,34";"1156,75";"682860,16";"1200"
"230830205";"Milagres";"1200";"3595";"10551";"1,94";"1511,65";"4140892,84";"1200"
"230830210";"Rosário";"1200";"1067";"3038";"1,66";"1035,33";"461849,68";"1200"
"230830215";"Café da Linha";"1200";"862";"2749";"1,91";"1157,18";"1122536,90";"1200"
"230830220";"Fronteiro";"1200";"1780";"5157";"1,91";"1271,38";"1085508,25";"1200"
"230830225";"Padre Cícero";"1212";"1444";"4360";"1,96";"1128,98";"631906,76";"1212"
"230835105";"Milhã";"1212";"2650";"7765";"2,43";"1541,84";"2482098,78";"1212"
"230835106";"Baixa Verde";"1200";"247";"741";"2,04";"1002,47";"303232,12";"1200"
"230835108";"Barra";"1212";"405";"1323";"2,93";"1118,14";"742185,14";"1212"
"230835110";"Carnaubinha";"1212";"781";"2323";"2,66";"1145,62";"878830,81";"1212"
"230835115";"Ipueira";"600";"337";"1230";"3,91";"935,67";"277630,59";"600"
"230835120";"Monte Grave";"1212";"240";"712";"1,97";"1143,08";"432598,43";"1212"
"230837705";"Miraíma";"1150";"1732";"5668";"3,10";"1145,31";"3273026,24";"1150"
"230837710";"Brotas";"606";"1363";"4410";"2,75";"969,17";"872177,88";"606"
"230837720";"Poço da Onça";"400";"349";"1230";"5,68";"851,01";"492323,47";"400"
"230837725";"Riachão";"400";"254";"1012";"5,65";"875,21";"1132735,32";"400"
"230837730";"Juremal";"400";"315";"1027";"5,17";"794,47";"597963,65";"400"
"230837735";"Bom Jesus";"600";"238";"822";"3,98";"799,92";"294411,98";"600"
"230840105";"Missão Velha";"1200";"7134";"21773";"1,97";"1344,95";"3950419,08";"1200"
"230840115";"Jamacaru";"1162";"3358";"10831";"2,22";"1053,05";"993665,16";"1162"
"230840120";"Missão Nova";"1200";"854";"2675";"2,08";"888,46";"260760,47";"1200"
"230840125";"Quimami";"1200";"488";"1502";"2,12";"1014,42";"491090,30";"1200"
"230850005";"Mombaça";"1212";"8091";"22364";"1,90";"1391,15";"2545263,25";"1212"
"230850007";"Açudinho dos Costas";"1212";"373";"973";"1,58";"1069,40";"585298,52";"1212"
"230850010";"Boa Vista";"980";"837";"2333";"1,64";"901,54";"336689,05";"980"
"230850015";"Cangati";"1200";"533";"1409";"1,95";"1109,67";"499160,68";"1200"
"230850020";"Carnaúbas";"1212";"684";"1822";"1,84";"963,81";"440296,43";"1212"
"230850025";"Catolé";"1200";"312";"877";"2,19";"1142,33";"543566,83";"1200"
"230850026";"Cipó";"1200";"586";"1637";"1,58";"861,88";"231966,47";"1200"
"230850027";"Manoel Correia";"400";"221";"683";"2,06";"744,07";"163299,35";"400"
"230850030";"Morada Nova";"1212";"894";"2436";"1,89";"998,27";"398173,89";"1212"
"230850035";"São Vicente";"600";"189";"509";"1,92";"883,28";"245144,50";"600"
"230850040";"Cacimbas";"630";"439";"1335";"2,24";"931,58";"490367,25";"630"
"230850045";"Nova União";"800";"493";"1323";"1,93";"1031,98";"471943,61";"800"
"230860905";"Monsenhor Tabosa";"1212";"4874";"14176";"2,31";"1206,82";"1407135,34";"1212"
"230860910";"Barreiros";"1212";"404";"1247";"1,86";"1124,35";"412593,90";"1212"
"230860915";"Nossa Senhora do Livramento";"1000";"534";"1678";"2,41";"1004,17";"647117,46";"1000"
"230870805";"Morada Nova";"1212";"13551";"37069";"1,83";"1537,98";"9667249,97";"1212"
"230870810";"Aruaru";"1200";"3282";"8930";"1,93";"1042,00";"2513858,18";"1200"
"230870815";"Boa Água";"1000";"768";"2033";"1,75";"936,27";"329360,22";"1000"
"230870825";"Juazeiro de Baixo";"1200";"781";"2069";"1,75";"1069,07";"609400,41";"1200"
"230870827";"Lagoa Grande";"1200";"1048";"2642";"1,59";"1029,94";"433942,72";"1200"
"230870830";"Pedras";"1200";"1085";"2987";"1,77";"1133,25";"435516,17";"1200"
"230870835";"Roldão";"1212";"1328";"3585";"1,87";"1088,86";"472978,93";"1212"
"230870840";"Uiraponga";"1212";"812";"2042";"1,54";"1020,48";"322802,88";"1212"
"230880705";"Moraújo";"1212";"1922";"5742";"2,07";"1420,86";"4015454,90";"1212"
"230880707";"Boa Esperança";"760";"459";"1486";"2,66";"1003,08";"1335962,05";"760"
"230880710";"Várzea da Volta";"1000";"329";"1026";"2,17";"994,90";"505456,15";"1000"
"230890605";"Morrinhos";"1200";"4702";"14867";"2,60";"1173,43";"1705556,65";"1200"
"230890640";"Sítio Alegre";"900";"2583";"7865";"2,19";"1128,38";"38394543,02";"900"
"230900305";"Mucambo";"1200";"4476";"12295";"1,82";"1284,62";"2219541,67";"1200"
"230900310";"Carqueijo";"1070";"272";"731";"1,73";"979,80";"441297,57";"1070"
"230900315";"Poço Verde";"1200";"246";"637";"1,83";"1080,57";"250042,73";"1200"
"230910205";"Mulungu";"1200";"3332";"10568";"2,77";"1229,31";"2282453,99";"1200"
"230920105";"Nova Olinda";"1200";"4592";"13749";"2,13";"1182,51";"1667728,60";"1200"
"230920130";"Triunfo";"1212";"582";"1630";"1,72";"1150,95";"640744,13";"1212"
"230930005";"Nova Russas";"1212";"7591";"21424";"1,99";"1506,14";"3642059,87";"1212"
"230930015";"Canindezinho";"1100";"813";"2262";"2,08";"1060,43";"744216,30";"1100"
"230930019";"Espacinha";"1212";"352";"1020";"2,21";"1110,80";"480492,30";"1212"
"230930025";"Major Simplício";"1212";"326";"957";"1,77";"1100,88";"367381,14";"1212"
"230930030";"Nova Betânia";"1212";"599";"1723";"2,17";"1057,77";"830843,51";"1212"
"230930045";"São Pedro";"1200";"435";"1257";"2,19";"1117,79";"397874,99";"1200"
"230930050";"Irapuá";"1212";"158";"393";"1,70";"1227,88";"930851,29";"1212"
"230930055";"Moringue";"1100";"282";"806";"2,20";"1120,62";"408529,35";"1100"
"230930060";"Miguel Antônio";"1212";"275";"741";"2,03";"1008,89";"368028,58";"1212"
"230940905";"Novo Oriente";"1200";"5761";"16002";"1,82";"1274,76";"1984910,02";"1200"
"230940915";"Emaús";"1200";"657";"1854";"1,88";"1147,28";"887258,14";"1200"
"230940920";"Palestina";"1005";"1052";"3051";"1,88";"992,45";"445855,26";"1005"
"230940924";"Santa Maria";"1200";"696";"1967";"1,76";"1008,05";"533138,68";"1200"
"230940925";"São Raimundo";"1000";"975";"2797";"1,77";"1011,85";"795246,54";"1000"
"230940930";"Três Irmãos";"1200";"659";"1824";"1,77";"1004,90";"351683,49";"1200"
"230945805";"Ocara";"1212";"2531";"7189";"1,89";"1438,98";"5829371,52";"1212"
"230945807";"Arisco dos Marianos";"1212";"395";"1031";"1,78";"1028,50";"386439,08";"1212"
"230945810";"Curupira";"900";"2925";"7964";"1,71";"1001,36";"3010124,54";"900"
"230945820";"Novo Horizonte";"1212";"457";"1247";"2,17";"1251,63";"1925273,22";"1212"
"230945830";"Sereno de Cima";"1200";"1378";"3921";"2,00";"1077,95";"794607,82";"1200"
"230945840";"Serragem";"1200";"1101";"3121";"2,07";"1026,47";"460869,84";"1200"
"230950805";"Orós";"1212";"3891";"11037";"2,05";"1357,29";"2227715,52";"1212"
"230950810";"Guassussê";"1212";"1016";"2685";"1,96";"1136,15";"965594,67";"1212"
"230950815";"Igarói";"1200";"623";"1655";"1,87";"1043,29";"435466,49";"1200"
"230950820";"Palestina";"1200";"1145";"2947";"1,69";"1069,58";"243512,38";"1200"
"230950830";"Santarém";"1212";"496";"1337";"1,68";"972,10";"404577,14";"1212"
"230960705";"Pacajus";"1212";"22534";"66693";"1,92";"1475,46";"1970313,16";"1212"
"230960720";"Itaipaba";"1212";"693";"1926";"1,91";"1036,54";"483490,86";"1212"
"230960730";"Pascoal";"1212";"821";"2331";"1,86";"1140,07";"575432,45";"1212"
"230970605";"Pacatuba";"1212";"5437";"16370";"2,26";"1546,99";"2536629,08";"1212"
"230970633";"Monguba";"1221";"4971";"15010";"1,94";"2111,61";"5669715,36";"1221"
"230970635";"Pavuna";"1212";"7941";"23345";"2,18";"1416,93";"1878792,06";"1212"
"230970650";"Senador Carlos Jereissati";"1212";"8747";"26029";"2,06";"1545,41";"2006360,60";"1212"
"230980505";"Pacoti";"1212";"1913";"5944";"2,33";"1390,48";"2355665,81";"1212"
"230980510";"Colina";"1212";"783";"2322";"2,30";"1099,41";"1525483,43";"1212"
"230980515";"Fátima";"1212";"503";"1431";"2,31";"1201,96";"1634084,31";"1212"
"230980520";"Santa Ana";"1212";"458";"1443";"2,50";"1057,12";"1021080,92";"1212"
"230990405";"Pacujá";"1212";"2199";"6169";"1,91";"1235,05";"1555653,82";"1212"
"231000105";"Palhano";"1212";"2825";"8182";"1,99";"1308,15";"1908546,38";"1212"
"231000110";"São José";"1200";"431";"1161";"1,75";"1194,86";"645112,03";"1200"
"231010005";"Palmácia";"1200";"2973";"9108";"2,64";"1193,89";"1993598,44";"1200"
"231010010";"Gado";"600";"182";"496";"2,03";"812,39";"251864,17";"600"
"231010015";"Gados dos Rodrigues";"1200";"217";"615";"2,20";"1045,24";"440930,75";"1200"
"231020905";"Paracuru";"1212";"10557";"31701";"2,20";"1708,94";"8548430,70";"1212"
"231020910";"Jardim";"1212";"770";"2300";"2,22";"1088,02";"730481,00";"1212"
"231020920";"Poço Doce";"1200";"1641";"4897";"2,05";"1274,51";"2779993,54";"1200"
"231025805";"Paraipaba";"1200";"8043";"23826";"2,10";"1458,34";"2807994,53";"1200"
"231025810";"Boa Vista";"1200";"894";"2759";"2,18";"1261,02";"739467,61";"1200"
"231025815";"Camboas";"1212";"849";"2530";"2,03";"1157,04";"810070,31";"1212"
"231025820";"Lagoinha";"1200";"997";"3028";"2,43";"1513,23";"7210024,78";"1200"
"231030805";"Parambu";"1212";"6467";"18207";"1,77";"1199,47";"2715447,66";"1212"
"231030810";"Cococi";"1212";"943";"2785";"2,07";"1051,30";"531591,97";"1212"
"231030812";"Gavião";"1212";"461";"1298";"1,59";"1060,06";"466401,75";"1212"
"231030814";"Miranda";"1212";"463";"1275";"1,93";"1065,67";"411819,35";"1212"
"231030815";"Monte Sion";"1212";"839";"2414";"1,87";"1009,37";"509259,73";"1212"
"231030820";"Novo Assis";"1212";"390";"1094";"1,81";"1024,85";"453743,50";"1212"
"231030830";"Oiticica";"600";"461";"1254";"1,82";"897,81";"345810,99";"600"
"231030835";"Riachão";"1212";"443";"1208";"1,75";"933,95";"262506,53";"1212"
"231030840";"Campo Grande";"1000";"659";"1832";"1,67";"1043,88";"416053,45";"1000"
"231040705";"Paramoti";"1212";"3316";"9669";"2,37";"1072,61";"804190,31";"1212"
"231040710";"Água Boa";"650";"240";"666";"2,27";"879,94";"365480,34";"650"
"231050605";"Pedra Branca";"1200";"8942";"25633";"1,94";"1180,42";"1661707,39";"1200"
"231050607";"Capitão Mor";"1200";"513";"1466";"2,08";"1161,83";"580926,52";"1200"
"231050610";"Mineirolândia";"1212";"2460";"6680";"1,76";"1113,33";"1622145,16";"1212"
"231050615";"Santa Cruz do Banabuiú";"1212";"1370";"3681";"1,88";"1076,31";"835802,29";"1212"
"231050620";"Tróia";"1200";"944";"2690";"1,90";"945,60";"288060,23";"1200"
"231060505";"Penaforte";"1200";"2455";"7475";"2,08";"1395,67";"5471165,91";"1200"
"231060515";"Juá";"1200";"182";"561";"1,91";"1136,26";"848810,78";"1200"
"231060525";"Santo André";"1200";"281";"916";"1,91";"1022,13";"241089,87";"1200"
"231070405";"Pentecoste";"1212";"9675";"28956";"2,25";"1404,02";"2542902,99";"1212"
"231070410";"Matias";"1000";"1618";"4680";"2,31";"979,94";"1130627,78";"1000"
"231070415";"Porfírio Sampaio";"1200";"509";"1481";"2,26";"1077,93";"412811,66";"1200"
"231070420";"Sebastião de Abreu";"1200";"917";"2646";"2,23";"1217,48";"967103,75";"1200"
"231080305";"Pereiro";"1212";"4067";"11597";"2,01";"1434,77";"1972146,38";"1212"
"231080310";"Crioulos";"1200";"1211";"3670";"2,22";"1370,61";"1699547,75";"1200"
"231085205";"Pindoretama";"1212";"3964";"11425";"2,10";"1505,22";"3103162,66";"1212"
"231085210";"Capim de Roça";"1200";"900";"2761";"2,23";"1268,95";"5851764,03";"1200"
"231085215";"Caponguinha";"1200";"455";"1425";"2,89";"1002,82";"240274,66";"1200"
"231085220";"Ema";"1212";"1017";"3032";"2,29";"1176,31";"796352,92";"1212"
"231085225";"Pratiús";"1212";"1663";"4728";"1,99";"1186,10";"908401,48";"1212"
"231090205";"Piquet Carneiro";"1212";"3848";"11046";"1,90";"1374,79";"3561607,11";"1212"
"231090207";"Catolé da Pista";"1212";"656";"1884";"2,10";"1151,20";"749449,49";"1212"
"231090210";"Ibicuã";"1212";"963";"2849";"2,21";"1143,97";"808415,06";"1212"
"231090215";"Mulungu";"1212";"266";"820";"2,23";"1051,43";"886755,12";"1212"
"231095105";"Pires Ferreira";"1200";"1460";"4717";"2,96";"1424,37";"4830323,67";"1200"
"231095110";"Santo Izidro";"1200";"912";"2852";"2,40";"1167,13";"750802,80";"1200"
"231095115";"Donato";"700";"266";"948";"2,90";"933,03";"537304,10";"700"
"231095120";"Otavilândia";"1000";"623";"2074";"2,78";"970,50";"495577,08";"1000"
"231100905";"Poranga";"1212";"2875";"8296";"1,95";"1243,04";"1366468,39";"1212"
"231100907";"Buritizal";"1212";"732";"2012";"2,17";"963,30";"391083,39";"1212"
"231100908";"Cachoeira Grande";"1200";"472";"1370";"2,17";"992,24";"369865,26";"1200"
"231100910";"Macambira";"600";"132";"372";"2,18";"895,06";"360810,06";"600"
"231110805";"Porteiras";"1200";"4763";"14625";"2,05";"1298,93";"3086112,21";"1200"
"231110830";"Simão";"1212";"785";"2376";"1,79";"1157,06";"884410,05";"1212"
"231120705";"Potengi";"1200";"2664";"7425";"1,92";"1317,38";"1994333,97";"1200"
"231120710";"Barreiros";"600";"468";"1402";"2,21";"831,06";"276461,38";"600"
"231123105";"Potiretama";"1212";"1928";"5437";"1,76";"1181,46";"1729246,44";"1212"
"231123110";"Canindezinho";"1212";"199";"516";"1,78";"1244,83";"1066507,46";"1212"
"231126405";"Quiterianópolis";"1200";"4484";"12949";"1,77";"1213,94";"2038799,23";"1200"
"231126410";"Algodões";"1000";"692";"1966";"1,74";"950,86";"446316,68";"1000"
"231126420";"São Francisco";"1100";"1768";"5294";"1,93";"994,69";"580538,74";"1100"
"231130605";"Quixadá";"1212";"20317";"59023";"2,33";"1753,62";"10206542,46";"1212"
"231130618";"Califórnia";"1200";"510";"1455";"2,06";"1223,18";"739319,91";"1200"
"231130625";"Cipó dos Anjos";"1200";"1625";"4461";"2,09";"965,83";"436381,15";"1200"
"231130630";"Custódio";"1200";"1014";"2886";"2,26";"1026,46";"846226,23";"1200"
"231130635";"Daniel de Queiróz";"1212";"301";"935";"2,80";"1278,41";"3781940,93";"1212"
"231130640";"Dom Maurício";"1212";"535";"1659";"2,80";"1221,70";"855604,49";"1212"
"231130643";"Juá";"1212";"492";"1414";"1,72";"1469,54";"1169633,37";"1212"
"231130650";"Juatama";"1205";"925";"2771";"2,60";"1118,19";"1543549,10";"1205"
"231130652";"Riacho Verde";"1212";"424";"1253";"2,64";"1203,78";"1237249,77";"1212"
"231130657";"São Bernardo";"800";"342";"986";"2,44";"1000,04";"1486091,99";"800"
"231130659";"São João dos Queirozes";"1212";"632";"1982";"2,90";"1468,57";"1472698,71";"1212"
"231130665";"Tapuiará";"1200";"825";"2320";"2,17";"954,76";"625900,06";"1200"
"231130670";"Várzea da Onça";"993";"1012";"2838";"2,33";"944,88";"633052,72";"992.5"
"231135505";"Quixelô";"1212";"4962";"13588";"1,65";"1186,84";"1624759,21";"1212"
"231135507";"Antonico";"1212";"877";"2316";"1,72";"1109,00";"679979,08";"1212"
"231140505";"Quixeramobim";"1212";"19174";"55179";"2,28";"1567,31";"3447533,49";"1212"
"231140507";"Belém";"1212";"652";"2003";"2,43";"1069,89";"428979,26";"1212"
"231140508";"Berilândia";"1212";"387";"1061";"1,63";"1409,77";"4919339,70";"1212"
"231140510";"Encantado";"1212";"764";"2129";"2,06";"1136,91";"500572,64";"1212"
"231140515";"Lacerda";"1200";"579";"1870";"2,77";"1170,51";"2689391,60";"1200"
"231140530";"Manituba";"1212";"1843";"4950";"1,98";"1050,18";"585798,46";"1212"
"231140532";"Nenelândia";"1212";"517";"1428";"1,98";"1280,09";"3145720,14";"1212"
"231140535";"Passagem";"1200";"699";"2050";"2,47";"1034,11";"578730,68";"1200"
"231140540";"Damião Carneiro";"1200";"864";"2581";"2,53";"1037,75";"301200,86";"1200"
"231140545";"São Miguel";"1212";"2292";"6217";"2,11";"1108,80";"1019418,25";"1212"
"231140550";"Uruquê";"1200";"820";"2510";"2,65";"1097,10";"433988,22";"1200"
"231150405";"Quixeré";"1212";"3553";"9345";"1,69";"1572,24";"3021363,59";"1212"
"231150407";"Água Fria";"1212";"399";"1010";"1,40";"1268,01";"834661,57";"1212"
"231150410";"Lagoinha";"1212";"2950";"8155";"1,86";"1229,01";"736367,85";"1212"
"231150420";"Tomé";"1212";"836";"2337";"1,65";"1207,33";"451697,03";"1212"
"231160305";"Redenção";"1212";"3914";"12099";"2,32";"1339,84";"2332498,42";"1212"
"231160315";"Antônio Diogo";"1200";"3308";"9572";"2,07";"1192,22";"1048182,22";"1200"
"231160321";"Faísca";"1212";"302";"803";"2,07";"1113,65";"520566,39";"1212"
"231160325";"Guassi";"1200";"712";"2078";"2,42";"1023,44";"822336,21";"1200"
"231160330";"Barra Nova";"1212";"897";"2626";"2,03";"1051,17";"658441,21";"1212"
"231170205";"Reriutaba";"1200";"5436";"15448";"2,06";"1321,45";"3511953,07";"1200"
"231170210";"Amanaiara";"1212";"798";"2172";"2,03";"1051,59";"569750,21";"1212"
"231170220";"Campo Lindo";"925";"349";"982";"1,73";"899,04";"328789,59";"925"
"231180105";"Russas";"1212";"19465";"53445";"1,86";"1698,64";"4501733,14";"1212"
"231180110";"Bonhu";"1212";"1295";"3606";"2,09";"1133,96";"386734,40";"1212"
"231180115";"Flores";"1212";"3546";"10010";"1,86";"1421,85";"1340797,83";"1212"
"231180117";"Lagoa Grande";"1212";"259";"770";"1,55";"1125,33";"379982,32";"1212"
"231180119";"Peixe";"1212";"476";"1342";"1,99";"1190,72";"796775,17";"1212"
"231180120";"São João de Deus";"1212";"721";"1964";"1,67";"1119,74";"636102,13";"1212"
"231180125";"Timbaúba de Nossa Senhora das Dores";"1212";"641";"1693";"1,91";"976,01";"217897,69";"1212"
"231190005";"Saboeiro";"1200";"2802";"7811";"1,87";"1220,01";"1307360,52";"1200"
"231190008";"Barrinha";"800";"318";"934";"2,01";"970,08";"1606012,48";"800"
"231190009";"Felipe";"1212";"205";"538";"1,74";"940,30";"340162,92";"1212"
"231190010";"Flamengo";"1212";"772";"2331";"2,17";"1089,30";"1241068,18";"1212"
"231190030";"Malhada";"1212";"336";"949";"2,06";"997,99";"376353,86";"1212"
"231190050";"São José";"1200";"493";"1267";"1,29";"990,83";"297515,89";"1200"
"231195905";"Salitre";"1000";"3348";"10353";"2,09";"1385,35";"308243393,64";"1000"
"231195910";"Caldeirão";"1200";"690";"2099";"2,28";"942,27";"377354,35";"1200"
"231195920";"Lagoa dos Crioulos";"500";"1320";"4122";"1,90";"800,20";"690667,65";"500"
"231200705";"Santana do Acaraú";"1200";"4910";"15808";"2,71";"1272,34";"2306550,05";"1200"
"231200707";"Bahia";"700";"294";"975";"2,65";"881,69";"409082,37";"700"
"231200708";"Baixa Fria";"600";"1018";"3480";"2,93";"845,89";"296949,23";"600"
"231200709";"Barro Preto";"1000";"189";"624";"2,23";"901,92";"293631,71";"1000"
"231200710";"João Cordeiro";"600";"724";"2275";"2,45";"848,89";"714178,97";"600"
"231200715";"Mutambeiras";"800";"1081";"3163";"2,04";"950,22";"448167,96";"800"
"231200720";"Parapuí";"600";"755";"2285";"2,19";"886,76";"492094,79";"600"
"231200725";"Sapó";"800";"682";"1979";"2,05";"1005,09";"709365,61";"800"
"231210605";"Santana do Cariri";"1200";"2082";"6163";"2,13";"1218,17";"1515063,90";"1200"
"231210610";"Anjinhos";"800";"341";"973";"2,12";"874,39";"220669,83";"800"
"231210615";"Araporanga";"1200";"1237";"3645";"2,09";"1022,26";"556764,45";"1200"
"231210620";"Brejo Grande";"1000";"248";"726";"1,89";"942,97";"287901,15";"1000"
"231210625";"Dom Leme";"1000";"791";"2467";"2,63";"937,98";"507190,20";"1000"
"231210640";"Pontal da Santa Cruz";"800";"924";"2937";"2,50";"978,14";"404779,23";"800"
"231220505";"Santa Quitéria";"1212";"8194";"23510";"1,93";"1424,46";"3316492,44";"1212"
"231220510";"Lisieux";"1212";"1201";"3536";"2,05";"1016,25";"549743,76";"1212"
"231220520";"Logradouro";"1000";"351";"1000";"1,91";"942,85";"239435,40";"1000"
"231220525";"Macaraú";"1200";"769";"2101";"1,96";"1061,88";"384966,14";"1200"
"231220530";"Malhada Grande";"1212";"242";"627";"1,65";"1242,57";"651109,71";"1212"
"231220535";"Saco do Belém";"1200";"940";"2734";"1,87";"1009,05";"371642,01";"1200"
"231220540";"Raimundo Martins";"1200";"218";"592";"2,08";"1024,14";"360752,58";"1200"
"231220545";"Trapiá";"1200";"630";"1804";"1,99";"1142,94";"585268,25";"1200"
"231220550";"Riacho da Pedras";"1100";"622";"1838";"2,11";"964,87";"420160,66";"1100"
"231220555";"Sangradouro";"1200";"456";"1380";"2,47";"983,99";"372956,83";"1200"
"231220560";"Areal";"1212";"331";"980";"2,09";"995,83";"290584,87";"1212"
"231230405";"São Benedito";"1200";"13150";"40023";"2,15";"1403,92";"4113318,05";"1200"
"231230409";"Barreiros";"1000";"761";"2207";"2,12";"1176,18";"605792,95";"1000"
"231230415";"Inhuçu";"1212";"1685";"5310";"2,32";"1087,40";"741560,35";"1212"
"231240305";"São Gonçalo do Amarante";"1212";"5252";"15791";"2,10";"1734,22";"3403262,85";"1212"
"231240308";"Cágado";"1200";"1561";"4459";"1,88";"1114,88";"704721,22";"1200"
"231240310";"Croatá";"1212";"1932";"5905";"2,07";"1304,78";"789429,57";"1212"
"231240315";"Pecém";"1212";"4128";"12665";"2,27";"1764,39";"3827129,72";"1212"
"231240320";"Serrote";"1212";"1080";"3154";"2,05";"1351,37";"756767,92";"1212"
"231240325";"Siupé";"1200";"1533";"4678";"2,19";"1362,81";"1318319,96";"1200"
"231240327";"Taiba";"1212";"2002";"5930";"2,17";"1646,14";"6845967,95";"1212"
"231240330";"Umarituba";"1212";"465";"1502";"2,29";"1346,05";"470475,63";"1212"
"231250205";"São João do Jaguaribe";"1212";"2371";"5855";"1,64";"1228,36";"1030329,23";"1212"
"231260105";"São Luís do Curu";"1200";"3862";"10784";"2,00";"1196,95";"1519276,99";"1200"
"231270005";"Senador Pompeu";"1212";"5925";"16047";"1,93";"1447,15";"2447806,52";"1212"
"231270006";"Bonfim";"1200";"709";"1984";"2,24";"1086,69";"506412,15";"1200"
"231270008";"Codia";"1212";"475";"1272";"1,74";"1084,58";"222174,47";"1212"
"231270010";"Engenheiro José Lopes";"1212";"415";"1137";"1,75";"1096,10";"710384,62";"1212"
"231270015";"São Joaquim do Salgado";"1212";"1038";"2703";"1,69";"1345,57";"1089481,03";"1212"
"231270020";"Lagoa Nova";"1212";"389";"1083";"1,70";"1027,20";"499139,13";"1212"
"231280905";"Senador Sá";"1200";"1571";"4787";"2,22";"1279,77";"1894928,76";"1200"
"231280910";"Salão";"1212";"101";"287";"1,65";"1311,39";"400527,84";"1212"
"231280915";"Serrota";"1112";"748";"2163";"2,06";"983,68";"503501,17";"1112"
"231290805";"Sobral";"1212";"53211";"158513";"2,01";"2201,53";"30701202,20";"1212"
"231290807";"Aprazível";"1212";"752";"2162";"1,57";"1250,31";"831837,09";"1212"
"231290810";"Aracatiaçu";"1200";"1645";"4784";"1,99";"1178,83";"899161,99";"1200"
"231290815";"Bonfim";"1200";"532";"1563";"1,80";"999,01";"163025,70";"1200"
"231290820";"Caioca";"1212";"388";"1214";"2,37";"1231,38";"915780,10";"1212"
"231290825";"Caracará";"1212";"584";"1695";"1,79";"1050,73";"407112,56";"1212"
"231290835";"Jaibaras";"1200";"2370";"6993";"1,98";"1301,64";"1076136,50";"1200"
"231290840";"Jordão";"1200";"1625";"4978";"1,89";"1130,00";"597165,73";"1200"
"231290845";"Rafael Arruda";"1212";"886";"2314";"1,46";"1341,02";"699506,70";"1212"
"231290847";"Patos";"1212";"505";"1433";"1,84";"1207,94";"574754,81";"1212"
"231290850";"Patriarca";"1200";"740";"2233";"2,22";"1065,80";"382143,92";"1200"
"231290853";"São José do Torto";"1212";"413";"1060";"1,39";"1161,63";"446559,20";"1212"
"231290855";"Taperuaba";"1200";"2111";"5902";"1,71";"1081,36";"616891,67";"1200"
"231290865";"Baracho";"1200";"914";"2647";"1,74";"1048,00";"267936,25";"1200"
"231290870";"Bilheira";"1200";"322";"893";"2,24";"1163,08";"687269,64";"1200"
"231290875";"Pedra de Fogo";"1112";"401";"1148";"1,67";"930,96";"304377,20";"1112"
"231290880";"Salgado dos Machados";"1212";"583";"1813";"2,27";"1248,90";"1730316,67";"1212"
"231300505";"Solonópole";"1212";"3360";"9497";"1,85";"2439,84";"1928729376,87";"1212"
"231300510";"Assunção";"1200";"796";"2087";"1,53";"1102,01";"502842,41";"1200"
"231300515";"Cangati";"1212";"307";"834";"2,42";"1372,90";"1245939,29";"1212"
"231300530";"Pasta";"1212";"510";"1468";"1,46";"1135,14";"293169,37";"1212"
"231300532";"Prefeita Suely Pinheiro";"1212";"177";"454";"1,43";"1303,06";"1145799,73";"1212"
"231300535";"São José de Solonópole";"1212";"1440";"3832";"1,46";"1193,12";"928163,24";"1212"
"231310405";"Tabuleiro do Norte";"1212";"8910";"23294";"1,56";"1578,90";"3081968,10";"1212"
"231310410";"Olho-d'Água da Bica";"1212";"1980";"5186";"1,64";"1049,24";"450691,27";"1212"
"231310415";"Peixe Gordo";"1212";"842";"2134";"1,78";"1319,87";"1734642,40";"1212"
"231320305";"Tamboril";"1200";"3663";"10603";"2,01";"1272,07";"1520967,24";"1200"
"231320307";"Açudinho";"675";"444";"1393";"2,76";"899,82";"324644,19";"675"
"231320310";"Boa Esperança";"1212";"567";"1596";"1,71";"1021,59";"414404,97";"1212"
"231320315";"Carvalho";"1212";"208";"575";"1,67";"1058,95";"568878,86";"1212"
"231320320";"Curatis";"1212";"178";"546";"1,88";"1030,78";"347541,84";"1212"
"231320325";"Holanda";"1200";"895";"2459";"1,87";"1023,74";"372538,73";"1200"
"231320330";"Oliveiras";"1200";"454";"1325";"1,72";"1032,81";"454032,31";"1200"
"231320335";"Sucesso";"1200";"2199";"6247";"2,06";"1116,18";"1063409,80";"1200"
"231325205";"Tarrafas";"1212";"2004";"5618";"1,82";"1274,68";"1970761,41";"1212"
"231325210";"Vila Nova";"1212";"465";"1324";"1,94";"1128,16";"591389,18";"1212"
"231325215";"Caiçara";"1212";"192";"572";"2,36";"1034,81";"249025,03";"1212"
"231330205";"Tauá";"1212";"13070";"37996";"1,95";"1651,21";"4941628,59";"1212"
"231330210";"Barra Nova";"1200";"835";"2316";"1,88";"1077,26";"403257,35";"1200"
"231330215";"Carrapateiras";"1212";"1012";"2906";"1,95";"1199,65";"2925449,04";"1212"
"231330220";"Inhamuns";"1212";"1255";"3732";"2,15";"1140,59";"551608,71";"1212"
"231330225";"Marrecas";"1212";"1345";"3914";"2,18";"1126,41";"743628,81";"1212"
"231330230";"Marruás";"1200";"998";"2969";"2,14";"988,33";"336975,67";"1200"
"231330233";"Santa Tereza";"1212";"1456";"4139";"2,04";"1213,54";"729982,74";"1212"
"231330235";"Trici";"1212";"1132";"3194";"1,67";"1149,63";"380599,36";"1212"
"231335105";"Tejuçuoca";"1200";"3232";"10035";"2,58";"1089,33";"1158775,36";"1200"
"231335110";"Caxitoré";"700";"2370";"7065";"2,54";"912,85";"395750,59";"700"
"231340105";"Tianguá";"1212";"21563";"68410";"2,21";"1779,13";"5621382,81";"1212"
"231340110";"Arapá";"1112";"667";"2089";"2,71";"1105,27";"4962973,19";"1112"
"231340115";"Caruataí";"800";"1511";"4911";"2,09";"936,85";"530124,65";"800"
"231340120";"Pindoguaba";"1200";"1115";"3652";"2,38";"1111,54";"1324881,36";"1200"
"231340125";"Tabainha";"700";"359";"1051";"1,99";"979,20";"339067,10";"700"
"231340130";"Bela Vista";"1200";"425";"1278";"2,27";"1047,58";"390986,83";"1200"
"231350005";"Trairi";"1212";"5977";"18031";"2,07";"1506,28";"3291776,73";"1212"
"231350006";"Córrego Fundo";"900";"1795";"5676";"2,40";"977,89";"786738,94";"900"
"231350007";"Canaan";"1000";"4220";"13326";"2,57";"1049,67";"852695,53";"1000"
"231350008";"Fleicheiras";"1212";"1365";"4344";"2,43";"1841,15";"122850571,14";"1212"
"231350009";"Gualdrapas";"1000";"2707";"8048";"2,26";"965,49";"613884,99";"1000"
"231350010";"Mundaú";"1200";"2393";"7720";"3,04";"1113,44";"915238,19";"1200"
"231350011";"Munguba";"1050";"444";"1208";"2,15";"1190,80";"2621863,31";"1050"
"231355905";"Tururu";"1200";"3314";"10391";"2,48";"1168,54";"1121525,58";"1200"
"231355910";"Cemoaba";"1181";"986";"2741";"1,99";"1089,48";"2214917,69";"1181"
"231355915";"Conceição";"800";"418";"1185";"1,98";"921,35";"789539,53";"800"
"231355925";"São Pedro do Gavião";"1200";"352";"1065";"2,10";"1218,11";"756147,64";"1200"
"231360905";"Ubajara";"1200";"6629";"20691";"2,16";"1834,06";"632940940,50";"1200"
"231360910";"Araticum";"1212";"1396";"3824";"1,88";"1114,01";"890699,65";"1212"
"231360915";"Jaburuna";"1200";"1623";"5447";"2,39";"1075,83";"1204281,93";"1200"
"231360925";"Nova Veneza";"1200";"853";"2763";"2,18";"1281,94";"2821311,62";"1200"
"231370805";"Umari";"1212";"1625";"4539";"2,02";"1277,03";"1075863,83";"1212"
"231370815";"Pio X";"1212";"781";"2323";"1,99";"1019,50";"612139,68";"1212"
"231375705";"Umirim";"1212";"3081";"9758";"2,76";"1177,10";"1254193,45";"1212"
"231375720";"Caxitoré";"1212";"649";"2033";"2,69";"1175,17";"1447440,39";"1212"
"231375730";"São Joaquim";"800";"1926";"5655";"2,37";"1015,25";"1332344,71";"800"
"231380705";"Uruburetama";"1200";"5487";"17274";"2,59";"1318,40";"5692162,45";"1200"
"231380709";"Itacolomy";"1200";"220";"738";"2,47";"1155,03";"541860,69";"1200"
"231380711";"Mundaú";"800";"221";"673";"2,05";"935,52";"499488,35";"800"
"231380713";"Retiro";"1200";"147";"476";"2,85";"1002,43";"462213,42";"1200"
"231380715";"Santa Luzia";"1200";"323";"1025";"2,78";"1104,69";"669088,72";"1200"
"231390605";"Uruoca";"1200";"2380";"6925";"2,03";"1681,98";"455690770,15";"1200"
"231390610";"Campánario";"793";"1356";"4176";"2,45";"983,88";"798066,43";"792.5"
"231390615";"Paracuá";"600";"927";"2638";"1,65";"886,21";"651738,93";"600"
"231395505";"Varjota";"1212";"5550";"16427";"2,04";"1333,75";"3110218,16";"1212"
"231395515";"Croatá";"1200";"568";"1662";"2,28";"1069,43";"325984,27";"1200"
"231400305";"Várzea Alegre";"1212";"10331";"28566";"1,81";"1620,31";"410290221,97";"1212"
"231400310";"Calabaça";"1212";"534";"1607";"1,90";"1193,87";"1520120,06";"1212"
"231400315";"Canindezinho";"1200";"690";"1916";"1,63";"1147,60";"843591,89";"1200"
"231400320";"Ibicatu";"1212";"654";"1743";"1,53";"1070,03";"399329,39";"1212"
"231400325";"Naraniú";"1212";"972";"2638";"1,81";"1000,57";"831195,48";"1212"
"231400330";"Riacho Verde";"1200";"857";"2467";"1,77";"964,66";"329161,80";"1200"
"231410205";"Viçosa do Ceará";"1200";"8661";"28046";"2,66";"1302,58";"3083259,83";"1200"
"231410210";"General Tibúrcio";"700";"1405";"4390";"2,38";"845,75";"652095,67";"700"
"231410212";"Juá dos Vieiras";"1160";"1948";"6631";"2,60";"977,69";"894392,11";"1160"
"231410215";"Lambedouro";"600";"1424";"4873";"3,07";"870,59";"640459,40";"600"
"231410217";"Manhoso";"700";"898";"2884";"2,43";"929,82";"644300,89";"700"
"231410220";"Padre Vieira";"800";"912";"2775";"2,01";"937,16";"587329,14";"800"
"231410223";"Passagem da Onça";"800";"975";"3252";"2,65";"909,61";"509811,81";"800"
"231410225";"Quatiguaba";"600";"2048";"6846";"2,31";"895,18";"914025,18";"600"
"240010905";"Acari";"1212";"3810";"10556";"1,94";"1765,15";"3270512,44";"1212"
"240020805";"Açu";"1212";"19230";"56422";"2,04";"1743,31";"4933382,62";"1212"
"240030705";"Afonso Bezerra";"1212";"3368";"10822";"3,08";"1452,29";"5322832,70";"1212"
"240040605";"Água Nova";"1212";"991";"2946";"1,79";"1365,27";"2002518,21";"1212"
"240050505";"Alexandria";"1212";"4838";"13599";"1,89";"1398,99";"2995318,71";"1212"
"240060405";"Almino Afonso";"1212";"1661";"4684";"1,80";"1500,48";"2985910,57";"1212"
"240070305";"Alto do Rodrigues";"1212";"4210";"12450";"1,86";"1610,75";"2345508,86";"1212"
"240080205";"Angicos";"1212";"3949";"11626";"2,15";"1575,94";"3508498,57";"1212"
"240090105";"Antônio Martins";"1212";"2372";"6577";"1,68";"1285,72";"2270077,15";"1212"
"240100805";"Apodi";"1212";"12897";"36033";"1,65";"1522,66";"3639335,85";"1212"
"240110705";"Areia Branca";"1212";"8177";"24063";"2,08";"1871,06";"2942017,66";"1212"
"240120605";"Arês";"1212";"4258";"13217";"2,49";"1429,48";"2553605,92";"1212"
"240130505";"Campo Grande";"1212";"3233";"9730";"2,59";"1358,69";"1624709,73";"1212"
"240140405";"Baía Formosa";"1212";"2780";"8819";"2,71";"1633,15";"5359855,29";"1212"
"240145305";"Baraúna";"1212";"8870";"26860";"2,00";"1423,94";"3041981,95";"1212"
"240150305";"Barcelona";"1212";"1388";"3983";"1,88";"1272,36";"1728152,06";"1212"
"240160205";"Bento Fernandes";"1212";"1442";"4436";"2,66";"1306,00";"1479907,80";"1212"
"240160210";"Belo Horizonte";"1212";"107";"309";"2,63";"902,03";"240301,74";"1212"
"240165105";"Bodó";"1212";"765";"2306";"2,44";"1328,34";"1112101,92";"1212"
"240170105";"Bom Jesus";"1212";"3455";"9921";"1,94";"1334,25";"1778772,81";"1212"
"240180005";"Brejinho";"1212";"4197";"12171";"1,98";"1501,60";"89297362,66";"1212"
"240185905";"Caiçara do Norte";"1200";"1976";"6291";"2,36";"1373,78";"1803937,60";"1200"
"240190905";"Caiçara do Rio do Vento";"1212";"1050";"3268";"2,52";"1397,19";"2223022,20";"1212"
"240200605";"Caicó";"1212";"22060";"60591";"1,87";"2332,92";"10546666,93";"1212"
"240210505";"Campo Redondo";"1212";"3467";"10207";"1,93";"1318,09";"2785451,69";"1212"
"240220405";"Canguaretama";"1212";"9169";"29626";"2,56";"1361,20";"1906582,92";"1212"
"240230305";"Caraúbas";"1212";"6047";"16762";"1,85";"1515,61";"2930244,87";"1212"
"240230310";"São Geraldo";"1212";"989";"2862";"1,99";"1120,21";"887873,67";"1212"
"240240205";"Carnaúba dos Dantas";"1212";"2800";"7970";"1,67";"1695,81";"4720845,65";"1212"
"240250105";"Carnaubais";"1212";"3234";"9671";"2,17";"1337,36";"1946116,82";"1212"
"240260005";"Ceará-Mirim";"1212";"24891";"77837";"2,43";"1518,94";"3094397,23";"1212"
"240270905";"Cerro Corá";"1212";"3684";"10983";"1,99";"1429,48";"1810708,03";"1212"
"240280805";"Coronel Ezequiel";"1200";"1883";"5117";"1,70";"1139,78";"1020420,81";"1200"
"240290705";"Coronel João Pessoa";"1212";"1439";"4232";"1,80";"1359,10";"1463421,45";"1212"
"240300405";"Cruzeta";"1212";"2936";"7955";"1,81";"1618,81";"3203064,21";"1212"
"240310305";"Currais Novos";"1212";"14619";"41231";"1,85";"2043,33";"7554255,55";"1212"
"240320205";"Doutor Severiano";"1212";"2407";"7034";"1,90";"1306,35";"1556555,60";"1212"
"240325105";"Parnamirim";"2000";"86875";"243272";"1,75";"3671,24";"800434175,56";"2000"
"240325110";"Pium";"1500";"1500";"4205";"2,08";"5059,05";"84352129,28";"1500"
"240325115";"Cotovelo";"4500";"566";"1413";"1,74";"7788,09";"77286839,72";"4500"
"240325120";"Pirangi do Norte";"1212";"1208";"3472";"2,07";"2909,09";"51949479,84";"1212"
"240330105";"Encanto";"1212";"2015";"6003";"1,84";"1383,86";"2129780,68";"1212"
"240340005";"Equador";"1212";"1960";"5360";"1,68";"1339,56";"2176932,80";"1212"
"240350905";"Espírito Santo";"1200";"3557";"10615";"2,12";"1211,51";"1336665,23";"1200"
"240360805";"Extremoz";"1212";"20470";"61561";"1,97";"1737,28";"3560238,20";"1212"
"240370705";"Felipe Guerra";"1212";"2064";"5930";"1,73";"1426,20";"1911240,43";"1212"
"240375605";"Fernando Pedroza";"1212";"1053";"2937";"1,82";"1374,96";"4039447,93";"1212"
"240380605";"Florânia";"1212";"3398";"10191";"2,28";"1547,59";"3853934,17";"1212"
"240390505";"Francisco Dantas";"1212";"987";"2693";"1,51";"1478,78";"2032268,32";"1212"
"240400205";"Frutuoso Gomes";"1212";"1529";"4112";"1,86";"1464,37";"4658099,36";"1212"
"240410105";"Galinhos";"1212";"624";"2102";"2,87";"1588,86";"2830888,13";"1212"
"240420005";"Goianinha";"1212";"8322";"26736";"2,45";"1663,32";"30263418,70";"1212"
"240430905";"Governador Dix-Sept Rosado";"1212";"4058";"11927";"2,05";"1425,19";"1938737,45";"1212"
"240440805";"Grossos";"1212";"3385";"9897";"1,89";"1678,50";"6434954,77";"1212"
"240450705";"Guamaré";"1212";"4911";"15256";"2,31";"1665,18";"4524402,90";"1212"
"240460605";"Ielmo Marinho";"1200";"3873";"11601";"2,42";"1040,59";"1022471,88";"1200"
"240470505";"Ipanguaçu";"1212";"4471";"14089";"2,34";"1343,69";"1797971,05";"1212"
"240480405";"Ipueira";"1212";"777";"2035";"1,60";"1750,98";"3136973,95";"1212"
"240485305";"Itajá";"1212";"2398";"7281";"2,15";"1448,19";"5574319,87";"1212"
"240490305";"Itaú";"1212";"1900";"5319";"1,87";"1431,32";"8099234,66";"1212"
"240500905";"Jaçanã";"1200";"2752";"7832";"2,17";"1235,44";"1122558,37";"1200"
"240510805";"Jandaíra";"1212";"2087";"6551";"2,38";"1352,75";"2289774,69";"1212"
"240520705";"Janduís";"1212";"1539";"4727";"2,34";"1461,53";"2784132,47";"1212"
"240530605";"Januário Cicco";"1200";"2315";"6807";"2,24";"1165,11";"1523416,41";"1200"
"240530610";"Córrego de São Mateus";"1200";"751";"2236";"2,18";"1123,44";"1200948,58";"1200"
"240540505";"Japi";"1200";"1764";"5082";"1,86";"1127,66";"1221610,90";"1200"
"240550405";"Jardim de Angicos";"1212";"795";"2428";"2,53";"1372,93";"1412764,00";"1212"
"240560305";"Jardim de Piranhas";"1212";"4962";"13974";"2,09";"1362,92";"2459334,11";"1212"
"240570205";"Jardim do Seridó";"1212";"4467";"11614";"1,48";"1932,93";"9104637,21";"1212"
"240580105";"João Câmara";"1200";"10870";"33204";"2,30";"1616,73";"38303153,54";"1200"
"240590005";"João Dias";"1200";"615";"1669";"2,00";"1123,32";"848061,98";"1200"
"240590010";"Rosário";"900";"139";"406";"1,70";"1073,41";"1942125,21";"900"
"240600705";"José da Penha";"1212";"1673";"4491";"1,65";"1428,47";"1706508,09";"1212"
"240600710";"Major Felipe";"1212";"469";"1300";"1,53";"1266,43";"1511176,29";"1212"
"240610605";"Jucurutu";"1212";"6346";"17757";"1,72";"1424,22";"2590625,37";"1212"
"240615505";"Jundiá";"1212";"1245";"3727";"2,08";"1213,02";"982606,97";"1212"
"240620505";"Lagoa d'Anta";"1200";"2195";"6644";"1,96";"1238,69";"1842421,43";"1200"
"240630405";"Lagoa de Pedras";"1100";"2575";"7338";"1,98";"1042,62";"1305741,56";"1100"
"240640305";"Lagoa de Velhos";"1212";"869";"2548";"2,27";"1463,40";"2814779,19";"1212"
"240650205";"Lagoa Nova";"1212";"5106";"15562";"2,08";"1435,23";"4413842,77";"1212"
"240660105";"Lagoa Salgada";"1212";"2825";"8305";"2,29";"1160,79";"1048024,02";"1212"
"240670005";"Lajes";"1212";"2857";"8750";"2,35";"1613,68";"3188585,64";"1212"
"240670010";"Firmamento";"1212";"354";"1099";"2,31";"1247,82";"463641,48";"1212"
"240680905";"Lajes Pintadas";"1212";"1708";"4786";"1,84";"1351,68";"1550048,48";"1212"
"240690805";"Lucrécia";"1212";"1200";"3489";"1,83";"1506,27";"3096333,14";"1212"
"240700505";"Luís Gomes";"1212";"2357";"7115";"2,07";"1448,66";"4247051,85";"1212"
"240700515";"São Bernardo";"1112";"645";"1952";"2,30";"1061,93";"705722,31";"1112"
"240710405";"Macaíba";"1212";"22815";"66409";"1,96";"1619,84";"3311794,80";"1212"
"240710410";"Cana Brava";"1212";"1201";"3487";"2,02";"1090,29";"767891,04";"1212"
"240710415";"Traíras";"1200";"1689";"4906";"1,83";"1098,82";"847598,14";"1200"
"240710420";"Mangabeira";"1212";"1580";"4766";"2,35";"1417,92";"2846521,28";"1212"
"240710425";"Cajazeiras";"1212";"905";"2558";"1,90";"1321,90";"1128470,56";"1212"
"240720305";"Macau";"1212";"9656";"27301";"1,97";"2029,94";"211936382,59";"1212"
"240725205";"Major Sales";"1212";"1345";"3924";"1,89";"1418,24";"9795741,32";"1212"
"240730205";"Marcelino Vieira";"1200";"2729";"7896";"1,70";"1304,86";"2014951,74";"1200"
"240740105";"Martins";"1212";"2846";"7870";"1,79";"1658,31";"3261407,21";"1212"
"240740110";"Salva Vida";"1212";"115";"309";"1,85";"1060,97";"556993,08";"1212"
"240750005";"Maxaranguape";"1212";"3204";"10208";"2,69";"1348,37";"2222737,57";"1212"
"240760905";"Messias Targino";"1212";"1432";"4271";"2,16";"1486,11";"3151719,84";"1212"
"240770805";"Montanhas";"1212";"3771";"11442";"2,48";"1344,78";"2021780,09";"1212"
"240780705";"Monte Alegre";"1212";"7736";"23018";"2,16";"1398,42";"2744405,39";"1212"
"240790605";"Monte das Gameleiras";"1212";"796";"2276";"1,57";"1315,52";"2012328,58";"1212"
"240800305";"Mossoró";"1212";"92467";"263529";"1,85";"2633,84";"39180968,90";"1212"
"240810205";"Natal";"1500";"270031";"748717";"1,97";"3679,65";"145418730,69";"1500"
"240820105";"Nísia Floresta";"1212";"9842";"29449";"2,27";"1649,25";"5392513,94";"1212"
"240830005";"Nova Cruz";"1200";"11514";"34098";"2,07";"1441,64";"2733757,02";"1200"
"240840905";"Olho d'Água do Borges";"1212";"1399";"3901";"1,76";"2977,91";"2891089136,17";"1212"
"240850805";"Ouro Branco";"1212";"1770";"4908";"1,84";"1704,50";"5423209,77";"1212"
"240860705";"Paraná";"1212";"1295";"3934";"2,08";"1254,37";"1119219,65";"1212"
"240870605";"Paraú";"1212";"1227";"3578";"1,88";"1556,53";"7875265,63";"1212"
"240880505";"Parazinho";"1212";"1492";"4795";"2,76";"1332,69";"1887163,71";"1212"
"240890405";"Parelhas";"1212";"7753";"21436";"1,74";"1828,42";"5453480,30";"1212"
"240895305";"Rio do Fogo";"1200";"3128";"10297";"2,59";"1296,88";"1785271,06";"1200"
"240910005";"Passa e Fica";"1200";"3791";"10851";"1,83";"1214,54";"7538244,58";"1200"
"240920905";"Passagem";"1212";"1077";"3115";"1,85";"1288,25";"1114337,57";"1212"
"240930805";"Patu";"1212";"4030";"10987";"1,75";"1611,25";"3853417,88";"1212"
"240933205";"Santa Maria";"1212";"1630";"4838";"2,18";"1296,29";"1753868,96";"1212"
"240940705";"Pau dos Ferros";"1212";"10776";"30221";"1,83";"2074,56";"6678889,14";"1212"
"240950605";"Pedra Grande";"1212";"1093";"3598";"2,33";"1469,44";"3603573,51";"1212"
"240960505";"Pedra Preta";"1212";"780";"2433";"2,20";"1438,93";"2141645,92";"1212"
"240970405";"Pedro Avelino";"1200";"2064";"6237";"2,33";"1619,19";"31096434,02";"1200"
"240980305";"Pedro Velho";"1200";"4496";"13821";"2,50";"1287,51";"2068557,78";"1200"
"240990205";"Pendências";"1212";"4206";"12268";"2,12";"1658,11";"5356344,07";"1212"
"241000905";"Pilões";"1212";"1045";"2961";"1,81";"1214,44";"781127,14";"1212"
"241010805";"Poço Branco";"1212";"3841";"12354";"2,88";"1220,64";"1531625,49";"1212"
"241020705";"Portalegre";"1212";"2689";"7600";"1,92";"1489,43";"3371091,87";"1212"
"241025605";"Porto do Mangue";"1212";"1734";"5206";"2,09";"1759,39";"391587831,65";"1212"
"241030605";"Serra Caiada";"1200";"3206";"10099";"2,90";"1243,63";"2736283,50";"1200"
"241040505";"Pureza";"1212";"3027";"9346";"2,68";"1172,70";"1301564,96";"1212"
"241050405";"Rafael Fernandes";"1212";"1879";"5428";"1,81";"1576,37";"7146100,97";"1212"
"241060305";"Rafael Godeiro";"1212";"1070";"2933";"1,76";"1399,66";"2864448,10";"1212"
"241070205";"Riacho da Cruz";"1212";"932";"2701";"2,20";"1386,35";"2216101,87";"1212"
"241080105";"Riacho de Santana";"1212";"1439";"4127";"1,79";"1241,41";"1345006,50";"1212"
"241090005";"Riachuelo";"1212";"2345";"7375";"2,49";"1378,06";"2774875,35";"1212"
"241100705";"Rodolfo Fernandes";"1212";"1518";"4242";"1,79";"1118,20";"898739,49";"1212"
"241105605";"Tibau";"1212";"1843";"5332";"2,17";"1585,05";"2494681,37";"1212"
"241110605";"Ruy Barbosa";"1212";"1090";"3191";"2,04";"1291,72";"1040767,65";"1212"
"241120505";"Santa Cruz";"1212";"12786";"37279";"1,91";"1765,82";"4840483,97";"1212"
"241140305";"Santana do Matos";"1212";"3137";"8688";"1,95";"1371,96";"2222787,52";"1212"
"241140310";"Barão de Serra Branca";"1212";"558";"1568";"1,78";"1073,41";"553016,76";"1212"
"241140320";"Santa Teresa";"1212";"442";"1334";"2,06";"1220,07";"1015849,35";"1212"
"241140325";"São José da Passagem";"1212";"339";"864";"1,51";"1071,81";"347532,25";"1212"
"241142905";"Santana do Seridó";"1212";"921";"2692";"1,78";"1695,33";"3489092,49";"1212"
"241150205";"Santo Antônio";"1212";"7694";"22169";"1,93";"1421,27";"3353946,89";"1212"
"241160105";"São Bento do Norte";"1212";"1046";"3289";"2,20";"1405,19";"1367011,08";"1212"
"241170005";"São Bento do Trairí";"1212";"1295";"3790";"1,95";"1263,26";"2005327,27";"1212"
"241180905";"São Fernando";"1212";"1242";"3492";"2,05";"1771,70";"3968850,45";"1212"
"241190805";"São Francisco do Oeste";"1212";"1480";"4159";"1,53";"1523,82";"1874669,17";"1212"
"241200505";"São Gonçalo do Amarante";"1212";"39821";"115681";"1,89";"1749,41";"3277188,53";"1212"
"241210405";"São João do Sabugi";"1212";"2256";"5954";"1,76";"1714,33";"4122586,29";"1212"
"241220305";"São José de Mipibu";"1212";"15659";"47181";"2,15";"1582,00";"2782339,81";"1212"
"241230205";"São José do Campestre";"1212";"3544";"10609";"2,52";"1356,37";"2062092,45";"1212"
"241230210";"Ipiranga";"1212";"174";"510";"1,91";"1063,50";"413101,95";"1212"
"241240105";"São José do Seridó";"1212";"1546";"4539";"2,12";"1771,35";"3448003,02";"1212"
"241250005";"São Miguel";"1200";"8266";"23517";"1,92";"1447,21";"2595717,50";"1200"
"241255905";"São Miguel do Gostoso";"1212";"3210";"10196";"2,51";"1568,12";"3102331,26";"1212"
"241260905";"São Paulo do Potengi";"1212";"5875";"16750";"1,91";"1503,20";"6547420,79";"1212"
"241270805";"São Pedro";"1212";"1925";"5760";"2,28";"1333,45";"1760238,88";"1212"
"241280705";"São Rafael";"1212";"2734";"7710";"2,10";"1340,01";"1759794,27";"1212"
"241290605";"São Tomé";"1212";"3523";"9932";"2,04";"1304,14";"2312093,86";"1212"
"241300305";"São Vicente";"1212";"2218";"6307";"1,64";"1506,49";"2163397,72";"1212"
"241310205";"Senador Elói de Souza";"1200";"2037";"5958";"2,13";"1340,83";"50249622,23";"1200"
"241320105";"Senador Georgino Avelino";"1212";"433";"1326";"2,37";"1534,87";"2055504,56";"1212"
"241320110";"Carnaúba";"1212";"817";"2728";"2,60";"1324,76";"1500605,06";"1212"
"241330005";"Serra de São Bento";"1212";"1929";"5674";"2,09";"1324,68";"2335645,68";"1212"
"241335905";"Serra do Mel";"1212";"4235";"13051";"2,01";"1394,16";"6955001,57";"1212"
"241340905";"Serra Negra do Norte";"1212";"2591";"7587";"2,18";"1524,71";"3436726,96";"1212"
"241350805";"Serrinha";"1210";"2245";"6417";"2,02";"1279,56";"1509611,36";"1210"
"241355705";"Serrinha dos Pintos";"1212";"1681";"4648";"1,56";"1325,20";"1883663,14";"1212"
"241360705";"Severiano Melo";"1200";"1983";"5481";"1,74";"1363,07";"1836627,40";"1200"
"241370605";"Sítio Novo";"1212";"1094";"3032";"1,92";"1319,70";"1497190,98";"1212"
"241370610";"Serra da Tapuia";"1212";"579";"1617";"1,64";"1175,97";"1495082,23";"1212"
"241380505";"Taboleiro Grande";"1212";"824";"2338";"2,07";"1409,80";"3680201,33";"1212"
"241390405";"Taipu";"1212";"2268";"7063";"2,36";"1312,88";"1613731,58";"1212"
"241390410";"Gameleira";"1212";"1375";"4337";"2,86";"1122,98";"625592,77";"1212"
"241400105";"Tangará";"1200";"4108";"12046";"2,00";"1328,81";"2007879,65";"1200"
"241400110";"Trairi";"1212";"377";"1206";"2,61";"1011,19";"378267,42";"1212"
"241410005";"Tenente Ananias";"1200";"2876";"8726";"1,98";"1261,05";"2549243,52";"1200"
"241410010";"Mata de São Braz";"1212";"516";"1509";"1,80";"1408,59";"1771869,46";"1212"
"241415905";"Tenente Laurentino Cruz";"1212";"1977";"5890";"1,88";"2041,18";"912521602,87";"1212"
"241420905";"Tibau do Sul";"1212";"5985";"16911";"2,31";"2261,30";"25230356,66";"1212"
"241430805";"Timbaúba dos Batistas";"1212";"844";"2344";"1,93";"1775,87";"2809241,32";"1212"
"241440705";"Touros";"1200";"10430";"33011";"2,49";"1329,55";"2601618,92";"1200"
"241445605";"Triunfo Potiguar";"1212";"1128";"3340";"2,07";"1305,40";"2868722,88";"1212"
"241450605";"Umarizal";"1212";"3696";"10073";"1,84";"1445,20";"2609457,83";"1212"
"241460505";"Upanema";"1212";"4676";"13573";"1,85";"1431,17";"2720301,96";"1212"
"241470405";"Várzea";"1200";"1810";"5229";"2,10";"1338,07";"1311487,59";"1200"
"241475305";"Venha-Ver";"1200";"1017";"3014";"1,66";"1319,87";"1275668,67";"1200"
"241480305";"Vera Cruz";"1212";"3553";"10715";"2,09";"1319,20";"1630852,90";"1212"
"241490205";"Viçosa";"1212";"636";"1821";"1,92";"1403,30";"1470175,87";"1212"
"241500805";"Vila Flor";"1212";"987";"3173";"2,42";"1444,53";"1409132,36";"1212"
"250010605";"Água Branca";"1200";"3267";"9335";"1,86";"1257,49";"1891176,39";"1200"
"250020505";"Aguiar";"1200";"1836";"5003";"1,80";"1454,94";"1690557,33";"1200"
"250030405";"Alagoa Grande";"1212";"8782";"26006";"2,29";"1304,17";"1766715,47";"1212"
"250040305";"Alagoa Nova";"1212";"6993";"20972";"2,32";"1260,82";"1401840,79";"1212"
"250050205";"Alagoinha";"1212";"4425";"13700";"2,50";"1299,36";"2108490,15";"1212"
"250053605";"Alcantil";"1200";"1999";"5574";"1,91";"1153,39";"629294,41";"1200"
"250057705";"Algodão de Jandaíra";"1212";"968";"2929";"2,25";"981,62";"453521,27";"1212"
"250060105";"Alhandra";"1212";"7140";"21658";"2,35";"1355,44";"2172828,10";"1212"
"250070005";"São João do Rio do Peixe";"1212";"4986";"14078";"1,95";"1609,68";"3496606,11";"1212"
"250070015";"Umari";"1212";"1331";"3824";"1,70";"1221,71";"718323,56";"1212"
"250073405";"Amparo";"1200";"792";"2234";"2,04";"1162,28";"1042612,69";"1200"
"250077505";"Aparecida";"1212";"2693";"7954";"1,84";"1231,99";"950549,88";"1212"
"250080905";"Araçagi";"1200";"5694";"16643";"2,19";"1084,67";"959940,92";"1200"
"250090805";"Arara";"1200";"4333";"12207";"2,15";"1254,81";"1142838,91";"1200"
"250100505";"Araruna";"1200";"5768";"17141";"1,83";"1271,28";"2167848,28";"1200"
"250110405";"Areia";"1212";"5172";"15893";"2,42";"2314,12";"692587694,26";"1212"
"250110410";"Cepilho";"1200";"568";"1730";"2,43";"1046,56";"687521,88";"1200"
"250110415";"Mata Limpa";"1200";"791";"2370";"2,60";"1262,11";"2215840,52";"1200"
"250110420";"Muquém";"1200";"830";"2588";"2,34";"994,84";"927562,56";"1200"
"250115305";"Areia de Baraúnas";"1212";"673";"2005";"2,43";"1165,40";"1233428,04";"1212"
"250120305";"Areial";"1212";"2469";"7127";"1,98";"1343,31";"2982968,12";"1212"
"250130205";"Aroeiras";"1212";"5659";"15946";"2,02";"1128,53";"1220673,41";"1212"
"250130220";"Pedro Velho";"800";"929";"2728";"2,33";"918,38";"384917,96";"800"
"250135105";"Assunção";"1212";"1395";"4143";"2,40";"1186,51";"1540346,32";"1212"
"250140105";"Baía da Traição";"1212";"2791";"9192";"3,12";"1284,27";"3453536,82";"1212"
"250150005";"Bananeiras";"1212";"4121";"12697";"2,25";"2073,46";"31388916,25";"1212"
"250150010";"Maia";"1212";"605";"1796";"2,08";"1099,00";"622930,36";"1212"
"250150020";"Taboleiro";"1200";"1459";"4425";"2,13";"1045,10";"508072,82";"1200"
"250150030";"Roma";"1200";"1339";"4122";"2,39";"1262,54";"881063,92";"1200"
"250153405";"Baraúna";"1200";"1729";"4758";"1,91";"1153,31";"968570,44";"1200"
"250157505";"Barra de Santana";"1200";"2938";"8056";"1,91";"1008,31";"649327,58";"1200"
"250160905";"Barra de Santa Rosa";"1200";"4843";"12901";"1,68";"1187,71";"3665980,48";"1200"
"250170805";"Barra de São Miguel";"1200";"2105";"5904";"1,85";"1170,55";"1419668,69";"1200"
"250180705";"Bayeux";"1212";"28049";"82556";"2,19";"1496,37";"2424900,66";"1212"
"250190605";"Belém";"1212";"4753";"13178";"1,97";"1380,63";"4554472,48";"1212"
"250190610";"Rua Nova";"1200";"1085";"3138";"2,34";"1041,94";"1778800,91";"1200"
"250200305";"Belém do Brejo do Cruz";"1212";"2107";"6268";"2,01";"1280,97";"2861713,92";"1212"
"250205205";"Bernardino Batista";"1212";"1124";"3504";"2,05";"1332,95";"2597552,26";"1212"
"250210205";"Boa Ventura";"1200";"1730";"5197";"2,24";"1342,90";"4348868,31";"1200"
"250215105";"Boa Vista";"1212";"2150";"6373";"1,95";"1608,39";"2973301,38";"1212"
"250220105";"Bom Jesus";"1212";"805";"2286";"2,00";"1357,66";"1815185,43";"1212"
"250230005";"Bom Sucesso";"1212";"1725";"4658";"1,55";"1279,70";"1929322,62";"1212"
"250240905";"Bonito de Santa Fé";"1212";"2856";"8731";"2,32";"1325,93";"2378476,56";"1212"
"250240930";"Viana";"1000";"493";"1506";"1,89";"990,25";"374224,24";"1000"
"250250805";"Boqueirão";"1212";"5568";"16436";"2,22";"1321,91";"1663426,65";"1212"
"250250830";"Marinho";"1200";"398";"1109";"1,65";"1111,57";"595189,45";"1200"
"250260705";"Igaracy";"1212";"2022";"5627";"1,78";"1239,00";"1208145,62";"1212"
"250270605";"Borborema";"1200";"1393";"4201";"2,30";"1230,27";"1331682,26";"1200"
"250280505";"Brejo do Cruz";"1212";"4646";"13596";"1,99";"1258,82";"2110134,81";"1212"
"250290405";"Brejo dos Santos";"1212";"1982";"5742";"1,78";"1554,40";"3554894,12";"1212"
"250300105";"Caaporã";"1212";"5404";"16728";"2,34";"1346,93";"1490492,43";"1212"
"250300115";"Cupissura";"1212";"1426";"4459";"2,37";"1127,45";"549667,94";"1212"
"250310005";"Cabaceiras";"1212";"1172";"3341";"2,18";"1492,30";"2347462,65";"1212"
"250310008";"Ribeira";"1212";"705";"1993";"1,72";"1427,72";"1188159,51";"1212"
"250320905";"Cabedelo";"1600";"19915";"57662";"2,09";"3938,04";"84639820,14";"1600"
"250320925";"Renascer";"1212";"2847";"8575";"2,35";"1264,19";"693534,20";"1212"
"250330805";"Cachoeira dos Índios";"1212";"2307";"6667";"1,94";"1216,20";"1409914,38";"1212"
"250330810";"Balanços";"1200";"114";"331";"2,73";"989,92";"712112,63";"1200"
"250330815";"Fátima";"1212";"416";"1288";"2,49";"1119,87";"507312,57";"1212"
"250330820";"São José de Marimbas";"1200";"295";"863";"2,48";"984,11";"451591,85";"1200"
"250340705";"Cacimba de Areia";"1212";"1128";"3281";"1,82";"1076,00";"944364,39";"1212"
"250350605";"Cacimba de Dentro";"1200";"4572";"13652";"2,23";"1250,32";"2351644,95";"1200"
"250350610";"Logradouro de São Francisco";"1200";"854";"2400";"1,83";"1035,64";"1312543,21";"1200"
"250355505";"Cacimbas";"1100";"1272";"3894";"2,64";"1108,59";"960525,00";"1100"
"250355510";"São Sebastião";"625";"1017";"3324";"3,65";"953,97";"378008,13";"625"
"250360505";"Caiçara";"1212";"2258";"6602";"2,03";"1224,40";"1589994,14";"1212"
"250370405";"Cajazeiras";"1212";"20784";"58227";"1,85";"2021,10";"8508103,57";"1212"
"250370410";"Engenheiro Ávidos";"1200";"1232";"3599";"2,01";"1130,81";"624451,48";"1200"
"250370415";"Divinópolis";"1212";"335";"983";"1,80";"1254,69";"1088367,89";"1212"
"250375305";"Cajazeirinhas";"1212";"883";"2736";"2,17";"1221,81";"1175523,93";"1212"
"250380305";"Caldas Brandão";"1212";"2015";"5748";"1,93";"1206,48";"2459245,89";"1212"
"250390205";"Camalaú";"1200";"2170";"5455";"1,59";"1130,99";"1033603,61";"1200"
"250390210";"Pindurão";"1000";"253";"602";"1,60";"966,76";"371662,60";"1000"
"250400905";"Campina Grande";"1212";"139298";"394140";"1,97";"2662,32";"22900074,98";"1212"
"250400915";"Catolé";"1212";"1064";"3151";"2,38";"1125,41";"496483,93";"1212"
"250400920";"Galante";"1212";"2772";"8013";"2,17";"1390,57";"1609547,17";"1212"
"250400925";"São José da Mata";"1212";"3969";"11585";"1,97";"1375,92";"1058632,62";"1212"
"250403305";"Capim";"1212";"1448";"4658";"2,47";"1160,36";"956455,86";"1212"
"250403315";"Olho D'Água do Serrão";"1212";"746";"2306";"2,49";"1096,23";"640794,46";"1212"
"250407405";"Caraúbas";"1212";"1453";"3944";"1,89";"1261,85";"984378,98";"1212"
"250410805";"Carrapateira";"1200";"754";"2312";"1,64";"1262,10";"1110307,84";"1200"
"250415705";"Casserengue";"1200";"2412";"6888";"2,11";"1143,64";"3806348,43";"1200"
"250420705";"Catingueira";"1212";"1319";"4106";"2,25";"1291,30";"2738835,00";"1212"
"250420710";"Itajubatiba";"1212";"133";"385";"2,05";"1064,76";"279735,22";"1212"
"250430605";"Catolé do Rocha";"1212";"9271";"26630";"1,87";"1728,15";"4419747,32";"1212"
"250430610";"Coronel Maia";"1212";"747";"2097";"2,10";"1141,42";"1622361,78";"1212"
"250430625";"Picos";"1212";"613";"1743";"1,77";"1148,54";"2981245,13";"1212"
"250435505";"Caturité";"1212";"1802";"5254";"1,77";"1266,55";"1752974,60";"1212"
"250440505";"Conceição";"1211";"5261";"15265";"1,99";"1554,13";"6298606,23";"1211"
"250440510";"Cardoso";"800";"281";"847";"2,19";"1006,82";"564119,25";"800"
"250440515";"Montevidéo";"600";"211";"692";"2,05";"869,32";"599307,71";"600"
"250440525";"Cabaças dos Martins";"1200";"206";"565";"1,37";"1226,84";"488706,93";"1200"
"250440530";"Mata Grande";"800";"268";"838";"2,64";"894,66";"412086,84";"800"
"250450405";"Condado";"1212";"2275";"6431";"2,06";"1365,82";"2473076,06";"1212"
"250460305";"Conde";"1212";"8294";"25491";"2,47";"1550,88";"4016479,25";"1212"
"250460316";"Jacumã";"1212";"670";"1936";"2,69";"2268,10";"8057399,20";"1212"
"250470205";"Congo";"1200";"1869";"4930";"1,88";"1229,30";"1289973,65";"1200"
"250480105";"Coremas";"1200";"5086";"14604";"1,99";"1363,40";"2564415,68";"1200"
"250485005";"Coxixola";"1212";"734";"1824";"1,46";"1344,62";"1712727,81";"1212"
"250490005";"Cruz do Espírito Santo";"1212";"5071";"16167";"2,53";"1173,95";"820666,74";"1212"
"250490010";"Nova Massangana";"1212";"291";"922";"1,76";"1237,47";"406586,65";"1212"
"250500605";"Cubati";"1212";"2627";"7542";"2,12";"1156,74";"1000338,74";"1212"
"250510505";"Cuité";"1200";"6133";"17329";"1,84";"1414,37";"3116171,16";"1200"
"250510510";"Melo";"600";"797";"2295";"1,76";"888,99";"464816,22";"600"
"250520405";"Cuitegi";"1212";"2198";"6730";"2,27";"1149,14";"881436,61";"1212"
"250523805";"Cuité de Mamanguape";"1200";"2102";"6245";"2,16";"1143,99";"1564324,15";"1200"
"250527905";"Curral de Cima";"1200";"1759";"5254";"2,15";"1120,81";"1000522,13";"1200"
"250530305";"Curral Velho";"1200";"739";"2287";"2,00";"1222,08";"858304,17";"1200"
"250535205";"Damião";"1200";"1788";"4980";"1,70";"1079,57";"2269823,86";"1200"
"250540205";"Desterro";"1212";"2842";"8067";"1,83";"1191,14";"4369002,34";"1212"
"250550105";"Vista Serrana";"1200";"1197";"3641";"2,03";"1250,77";"1341291,71";"1200"
"250560005";"Diamante";"1212";"1941";"5793";"1,96";"1249,56";"2471023,65";"1212"
"250560010";"Vazante";"850";"156";"506";"2,95";"884,47";"427538,29";"850"
"250570905";"Dona Inês";"1200";"3580";"10337";"2,06";"1139,25";"1531998,74";"1200"
"250580805";"Duas Estradas";"1200";"1166";"3315";"2,22";"1162,62";"913158,94";"1200"
"250590705";"Emas";"1212";"974";"3001";"2,34";"1354,82";"1310797,58";"1212"
"250600405";"Esperança";"1212";"10821";"31141";"1,94";"1504,44";"2481658,60";"1212"
"250610305";"Fagundes";"1200";"3784";"11046";"2,26";"1157,15";"1867486,86";"1200"
"250620205";"Frei Martinho";"1212";"1085";"2841";"1,50";"1404,70";"3090275,57";"1212"
"250625105";"Gado Bravo";"1200";"2749";"8175";"2,20";"985,35";"573278,28";"1200"
"250630105";"Guarabira";"1212";"18567";"53476";"1,93";"1842,52";"6174352,18";"1212"
"250630110";"Cachoeira";"1212";"1172";"3532";"2,11";"1252,27";"625910,10";"1212"
"250640005";"Gurinhém";"1200";"4535";"13757";"2,23";"1224,24";"1499133,79";"1200"
"250650905";"Gurjão";"1212";"1145";"3240";"2,13";"1269,95";"944716,31";"1212"
"250660805";"Ibiara";"1212";"1850";"5214";"2,02";"1313,70";"2443154,21";"1212"
"250660810";"Cachoeirinha";"1200";"167";"413";"1,65";"1249,21";"3076122,71";"1200"
"250670705";"Imaculada";"1100";"2557";"7773";"2,28";"1154,51";"1119738,39";"1100"
"250670715";"Palmeira";"700";"851";"2605";"2,52";"1007,77";"778210,24";"700"
"250680605";"Ingá";"1212";"4942";"14504";"2,11";"1350,51";"1667127,89";"1212"
"250680607";"Pontina";"1200";"1131";"3124";"1,84";"1110,06";"1095785,86";"1200"
"250690505";"Itabaiana";"1212";"7239";"20096";"1,92";"1526,53";"2397680,05";"1212"
"250690510";"Campo Grande";"1212";"612";"1764";"1,77";"1264,29";"1013666,61";"1212"
"250690515";"Guarita";"1200";"441";"1216";"1,70";"1148,04";"775873,24";"1200"
"250700205";"Itaporanga";"1212";"8181";"23841";"1,97";"1692,38";"5306772,05";"1212"
"250710105";"Itapororoca";"1200";"6058";"18376";"2,18";"1239,97";"9761790,27";"1200"
"250720005";"Itatuba";"1212";"3484";"10459";"2,30";"1172,80";"1548521,50";"1212"
"250730905";"Jacaraú";"1200";"3959";"11478";"2,18";"1258,35";"2202515,33";"1200"
"250730910";"Timbó";"1200";"1011";"2971";"2,56";"1102,17";"1188666,66";"1200"
"250740805";"Jericó";"1212";"2518";"7505";"1,93";"1330,87";"1525058,36";"1212"
"250750705";"João Pessoa";"1600";"296192";"828388";"1,93";"3544,10";"49781964,93";"1600"
"250760605";"Juarez Távora";"1200";"2799";"7794";"1,99";"1199,22";"2709943,06";"1200"
"250770505";"Juazeirinho";"1212";"5406";"16989";"2,43";"1273,28";"3795353,89";"1212"
"250780405";"Junco do Seridó";"1212";"2324";"6783";"1,79";"1422,64";"2515247,01";"1212"
"250790305";"Juripiranga";"1212";"3316";"9999";"2,21";"1233,86";"1606868,89";"1212"
"250800005";"Juru";"1200";"3208";"9229";"1,81";"1124,86";"933669,15";"1200"
"250810905";"Lagoa";"1212";"1488";"4384";"1,79";"1190,21";"1599649,13";"1212"
"250820805";"Lagoa de Dentro";"1212";"2630";"7812";"2,22";"1235,27";"1246566,13";"1212"
"250830705";"Lagoa Seca";"1212";"9172";"27623";"2,10";"2128,98";"471837014,59";"1212"
"250840605";"Lastro";"1212";"973";"3150";"2,17";"1169,15";"838639,02";"1212"
"250850505";"Livramento";"1212";"2417";"6868";"2,03";"1186,53";"1251077,04";"1212"
"250855405";"Logradouro";"1212";"1537";"4795";"2,03";"1362,14";"2076823,81";"1212"
"250860405";"Lucena";"1212";"2201";"7021";"2,62";"1459,67";"2559399,53";"1212"
"250860415";"Praia de Fagundes";"1212";"1723";"5521";"2,73";"1449,22";"7873179,77";"1212"
"250870305";"Mãe d'Água";"1212";"1323";"3583";"1,98";"1219,43";"1441915,04";"1212"
"250880205";"Malta";"1212";"2053";"5998";"2,27";"1455,53";"1924246,05";"1212"
"250890105";"Mamanguape";"1212";"13205";"40518";"2,31";"1497,23";"3417245,52";"1212"
"250890125";"Pitanga da Estrada";"1212";"1278";"4022";"2,51";"1221,53";"906613,23";"1212"
"250900805";"Manaíra";"1200";"3165";"9214";"1,99";"1130,92";"1455879,56";"1200"
"250900810";"Pelo Sinal";"600";"412";"1220";"1,72";"873,88";"409819,19";"600"
"250905705";"Marcação";"1001";"1925";"6304";"2,54";"937,55";"226836,41";"1001"
"250905710";"Camurupim";"1000";"835";"2685";"2,48";"974,56";"270681,48";"1000"
"250910705";"Mari";"1200";"7354";"21372";"2,16";"1141,46";"997028,50";"1200"
"250915605";"Marizópolis";"1212";"2208";"6701";"1,95";"1296,03";"2033557,52";"1212"
"250920605";"Massaranduba";"1212";"4858";"14135";"2,06";"1201,60";"1420139,24";"1212"
"250930505";"Mataraca";"1212";"2433";"7450";"2,51";"1339,93";"8933912,83";"1212"
"250930510";"Barra de Camaratuba";"1200";"247";"773";"2,53";"1254,69";"2040187,83";"1200"
"250933905";"Matinhas";"1200";"1488";"4571";"2,17";"1129,32";"697422,92";"1200"
"250937005";"Mato Grosso";"1212";"826";"2540";"2,20";"1257,26";"1005435,55";"1212"
"250939605";"Maturéia";"1170";"2305";"6429";"1,76";"1102,00";"1258880,70";"1170"
"250940405";"Mogeiro";"1212";"3306";"9623";"2,01";"1155,86";"1941546,64";"1212"
"250940420";"Gameleira";"1200";"1490";"4274";"1,95";"1024,27";"1221913,73";"1200"
"250950305";"Montadas";"1212";"1951";"5811";"2,25";"1213,87";"1290112,49";"1212"
"250960205";"Monte Horebe";"1212";"1573";"4313";"1,83";"1109,16";"976340,40";"1212"
"250970105";"Monteiro";"1210";"12129";"32139";"1,79";"1439,06";"3106026,59";"1210"
"250980005";"Mulungu";"1212";"2253";"6540";"2,26";"1238,38";"5905021,47";"1212"
"250980010";"Leal-Lândia";"1212";"783";"2235";"1,81";"1127,97";"685053,26";"1212"
"250990905";"Natuba";"1212";"1807";"5217";"2,11";"1919,15";"1159811515,28";"1212"
"250990910";"Pirauá";"1200";"1275";"3726";"2,14";"1015,59";"1201051,22";"1200"
"251000605";"Nazarezinho";"1212";"2524";"7202";"1,62";"1214,73";"1432273,79";"1212"
"251010505";"Nova Floresta";"1200";"3577";"9712";"1,90";"1167,00";"1470253,43";"1200"
"251020405";"Nova Olinda";"1212";"1970";"5787";"1,94";"1241,87";"3068149,70";"1212"
"251030305";"Nova Palmeira";"1212";"1544";"4250";"1,54";"1350,06";"1944230,14";"1212"
"251040205";"Olho d'Água";"1212";"1640";"4875";"2,14";"1161,05";"1013125,94";"1212"
"251040230";"Socorro";"1212";"399";"1185";"2,37";"968,90";"256872,85";"1212"
"251050105";"Olivedos";"1212";"1286";"3580";"1,77";"1242,02";"1088057,97";"1212"
"251060005";"Ouro Velho";"1212";"1120";"2918";"1,64";"1256,54";"1111628,85";"1212"
"251065905";"Parari";"1212";"644";"1720";"1,94";"1312,10";"887001,64";"1212"
"251070905";"Passagem";"1212";"860";"2463";"2,12";"1212,17";"960538,38";"1212"
"251080805";"Patos";"1212";"35573";"100450";"1,91";"2041,55";"9926730,81";"1212"
"251080810";"Santa Gertrudes";"1212";"661";"1951";"1,96";"1169,76";"1146281,61";"1212"
"251090705";"Paulista";"1212";"2924";"8148";"1,72";"1466,71";"6580575,64";"1212"
"251090707";"Ipueiras";"1200";"513";"1553";"2,28";"1117,29";"1293578,14";"1200"
"251090710";"Mimoso";"1200";"688";"2120";"2,58";"1193,03";"1125163,88";"1200"
"251100405";"Pedra Branca";"1212";"1269";"3733";"2,03";"1419,40";"2660739,99";"1212"
"251110305";"Pedra Lavrada";"1212";"2479";"6841";"1,77";"1207,53";"1211829,88";"1212"
"251120205";"Pedras de Fogo";"1212";"9752";"29574";"2,11";"1342,78";"3151266,33";"1212"
"251130105";"Piancó";"1212";"5638";"16399";"2,03";"1486,30";"2698105,51";"1212"
"251140005";"Picuí";"1212";"6560";"18304";"1,77";"1459,47";"5434840,00";"1212"
"251150905";"Pilar";"1212";"4152";"12250";"2,17";"1263,69";"2322333,92";"1212"
"251160805";"Pilões";"1212";"2084";"6813";"2,60";"1260,77";"1531264,35";"1212"
"251170705";"Pilõezinhos";"1212";"1737";"5329";"2,20";"1110,47";"739778,61";"1212"
"251180605";"Pirpirituba";"1212";"3088";"9337";"2,31";"1271,94";"2021601,66";"1212"
"251190505";"Pitimbu";"1212";"5399";"16730";"2,47";"1288,58";"1651320,87";"1212"
"251200205";"Pocinhos";"1212";"5347";"16230";"2,41";"1266,19";"1689553,54";"1212"
"251200210";"Nazaré";"1212";"412";"1233";"2,24";"990,61";"846196,03";"1212"
"251203605";"Poço Dantas";"1212";"1277";"3830";"1,81";"1195,75";"1894966,01";"1212"
"251207705";"Poço de José de Moura";"1200";"1450";"4006";"1,72";"1400,18";"2497802,31";"1200"
"251210105";"Pombal";"1212";"10713";"30707";"1,83";"1672,98";"5557198,03";"1212"
"251210115";"Várzea Comprida";"1212";"586";"1695";"1,65";"1088,57";"605766,87";"1212"
"251220005";"Prata";"1212";"1428";"3907";"1,88";"1367,99";"1400968,23";"1212"
"251230905";"Princesa Isabel";"1200";"7352";"21060";"1,91";"1418,05";"3581262,07";"1200"
"251240805";"Puxinanã";"1212";"4802";"14213";"2,21";"1233,43";"1127955,91";"1212"
"251250705";"Queimadas";"1212";"16565";"47617";"1,90";"1297,80";"1463350,02";"1212"
"251260605";"Quixaba";"1212";"574";"1737";"1,94";"1213,84";"1262354,36";"1212"
"251270505";"Remígio";"1212";"5974";"17796";"2,33";"1452,94";"3496064,39";"1212"
"251272105";"Pedro Régis";"1212";"1948";"5763";"2,28";"1138,29";"3601292,50";"1212"
"251274705";"Riachão";"1200";"1016";"2927";"1,93";"1104,25";"657195,49";"1200"
"251275405";"Riachão do Bacamarte";"1212";"1591";"4676";"1,98";"1248,75";"794544,57";"1212"
"251276205";"Riachão do Poço";"1212";"1597";"4737";"2,15";"1127,04";"8167704,60";"1212"
"251278805";"Riacho de Santo Antônio";"1212";"657";"1946";"2,30";"1237,05";"1397742,75";"1212"
"251280405";"Riacho dos Cavalos";"1212";"2832";"8491";"1,70";"1208,69";"1235965,65";"1212"
"251290305";"Rio Tinto";"1212";"6860";"20491";"2,25";"1368,77";"1642391,55";"1212"
"251290307";"Barra do Mamanguape";"1112";"543";"1641";"1,94";"1078,82";"1268662,69";"1112"
"251290320";"Salema";"1212";"800";"2412";"2,08";"1893,59";"5975339,30";"1212"
"251300005";"Salgadinho";"1212";"779";"2357";"2,27";"1183,83";"1218760,96";"1212"
"251300030";"São José da Batalha";"1212";"331";"998";"2,66";"1297,42";"1872517,53";"1212"
"251310905";"Salgado de São Félix";"1212";"2470";"6997";"2,10";"1133,50";"755122,22";"1212"
"251310907";"Dois Riachos";"1212";"819";"2226";"1,74";"1080,76";"461449,09";"1212"
"251310908";"Feira Nova";"1200";"778";"2269";"2,20";"970,49";"417529,46";"1200"
"251315805";"Santa Cecília";"1100";"2622";"7664";"1,90";"1075,58";"1087318,21";"1100"
"251320805";"Santa Cruz";"1212";"2053";"5945";"1,80";"1389,75";"1298686,79";"1212"
"251330705";"Santa Helena";"1212";"2078";"5855";"1,77";"1282,73";"2204874,41";"1212"
"251335605";"Santa Inês";"1212";"1057";"3221";"2,12";"1302,81";"1632544,68";"1212"
"251340605";"Santa Luzia";"1212";"5256";"14886";"1,92";"1784,40";"5586791,79";"1212"
"251350505";"Santana de Mangueira";"1212";"1616";"5003";"2,48";"1372,83";"5568551,73";"1212"
"251360405";"Santana dos Garrotes";"1212";"1778";"5033";"1,99";"1367,33";"2422338,07";"1212"
"251360420";"Pitombeira de Dentro";"1200";"523";"1534";"2,09";"1137,70";"616145,66";"1200"
"251365305";"Joca Claudino";"1200";"875";"2539";"1,67";"1241,55";"2155404,75";"1200"
"251370305";"Santa Rita";"1212";"45673";"137375";"2,03";"1551,73";"2454097,93";"1212"
"251370310";"Nossa Senhora do Livramento";"1212";"3842";"11861";"2,33";"1149,55";"828773,33";"1212"
"251380205";"Santa Teresinha";"1212";"1486";"4401";"2,21";"1295,32";"2116257,99";"1212"
"251385105";"Santo André";"1212";"997";"2620";"2,00";"1343,29";"2950321,29";"1212"
"251390105";"São Bento";"1212";"10940";"32200";"1,85";"1330,01";"2155966,77";"1212"
"251392705";"São Bentinho";"1212";"1491";"4327";"2,27";"1230,78";"865077,09";"1212"
"251394305";"São Domingos do Cariri";"1200";"920";"2585";"2,11";"1315,31";"932900,94";"1200"
"251396805";"São Domingos";"1200";"921";"2593";"1,79";"1056,87";"303528,33";"1200"
"251398405";"São Francisco";"1212";"1120";"3137";"1,50";"1239,45";"1072776,44";"1212"
"251400805";"São João do Cariri";"1212";"1526";"4194";"2,10";"1469,72";"1728273,07";"1212"
"251410705";"São João do Tigre";"1212";"805";"2004";"1,75";"1287,74";"1552304,78";"1212"
"251410710";"Santa Maria";"1000";"896";"2256";"1,95";"980,68";"545930,08";"1000"
"251420605";"São José da Lagoa Tapada";"1212";"2529";"7122";"1,68";"1231,89";"5354807,07";"1212"
"251430505";"São José de Caiana";"1212";"1675";"5034";"2,13";"1213,99";"1089687,02";"1212"
"251440405";"São José de Espinharas";"1212";"1344";"4067";"2,46";"1252,99";"1836612,48";"1212"
"251445305";"São José dos Ramos";"1212";"1956";"5877";"2,08";"1093,57";"825943,39";"1212"
"251450305";"São José de Piranhas";"1200";"6382";"18167";"1,80";"1446,97";"3299317,34";"1200"
"251450310";"Bom Jesus";"1200";"277";"831";"2,15";"1048,03";"447492,94";"1200"
"251455205";"São José de Princesa";"1200";"1170";"3398";"2,14";"1223,20";"1741038,60";"1200"
"251460205";"São José do Bonfim";"1212";"1100";"3241";"2,23";"1227,79";"953850,72";"1212"
"251465105";"São José do Brejo do Cruz";"1212";"542";"1696";"2,35";"1307,51";"1028453,67";"1212"
"251470105";"São José do Sabugi";"1212";"1412";"4129";"1,92";"1500,70";"1758623,56";"1212"
"251480005";"São José dos Cordeiros";"1212";"1288";"3411";"1,80";"1129,32";"662787,07";"1212"
"251490905";"São Mamede";"1212";"2673";"7460";"2,04";"1605,00";"8233962,97";"1212"
"251500505";"São Miguel de Taipu";"1200";"2281";"7061";"2,18";"1221,11";"3971118,06";"1200"
"251510405";"São Sebastião de Lagoa de Roça";"1212";"3764";"11026";"2,08";"1351,52";"1818541,42";"1212"
"251520305";"São Sebastião do Umbuzeiro";"1200";"1260";"3275";"1,58";"1254,16";"1282358,17";"1200"
"251530205";"Sapé";"1212";"16141";"48706";"2,36";"1341,07";"1787721,10";"1212"
"251530220";"Renascença";"1212";"756";"2463";"2,49";"1079,17";"338565,84";"1212"
"251540105";"Seridó";"1212";"362";"1000";"2,11";"1242,90";"1204304,35";"1212"
"251540110";"São Vicente do Seridó";"1200";"3043";"9290";"2,12";"1063,78";"830505,17";"1200"
"251550005";"Serra Branca";"1212";"4402";"11870";"1,99";"1439,59";"24695502,14";"1212"
"251550015";"Santa Luzia do Cariri";"1200";"355";"905";"1,89";"1126,40";"738726,28";"1200"
"251550020";"Sucuru";"1212";"297";"768";"1,99";"1026,89";"355020,99";"1212"
"251560905";"Serra da Raiz";"1212";"998";"3091";"2,42";"1393,12";"1712300,83";"1212"
"251570805";"Serra Grande";"1212";"1046";"2941";"1,82";"1277,91";"1424757,49";"1212"
"251580705";"Serra Redonda";"1212";"2430";"6821";"1,89";"1206,57";"1255724,28";"1212"
"251590605";"Serraria";"1212";"1636";"4882";"2,59";"1221,44";"1465458,40";"1212"
"251593005";"Sertãozinho";"1200";"1716";"5054";"2,07";"1294,33";"1269441,33";"1200"
"251597105";"Sobrado";"1200";"2762";"8236";"2,24";"1084,68";"1106216,23";"1200"
"251600305";"Solânea";"1212";"9096";"26675";"2,13";"1526,69";"3365787,19";"1212"
"251610205";"Soledade";"1212";"4503";"13080";"2,07";"1384,82";"3276451,69";"1212"
"251610210";"Bom Sucesso";"1200";"277";"797";"1,75";"1281,98";"650951,16";"1200"
"251615105";"Sossêgo";"1212";"1160";"3345";"1,93";"1176,15";"1040354,15";"1212"
"251620105";"Sousa";"1212";"22551";"66913";"1,95";"1778,06";"10107641,63";"1212"
"251630005";"Sumé";"1212";"6311";"16315";"1,73";"1487,66";"5083557,39";"1212"
"251630015";"Pio X";"1200";"322";"794";"1,47";"1105,34";"576875,02";"1200"
"251640905";"Tacima";"1200";"2728";"7997";"2,43";"1092,52";"1582355,57";"1200"
"251650805";"Taperoá";"1212";"4973";"14063";"2,20";"1222,48";"1287399,01";"1212"
"251660705";"Tavares";"1200";"4796";"14097";"1,98";"1183,62";"2345121,13";"1200"
"251670605";"Teixeira";"1200";"5027";"14589";"2,04";"1329,91";"3110116,70";"1200"
"251675505";"Tenório";"1200";"1076";"2964";"1,65";"1171,34";"1249252,07";"1200"
"251680505";"Triunfo";"1210";"3172";"9879";"2,47";"1294,19";"1537847,74";"1210"
"251690405";"Uiraúna";"1212";"5092";"14892";"1,98";"1511,12";"2775805,75";"1212"
"251700105";"Umbuzeiro";"1200";"2167";"6511";"2,68";"1223,39";"1989033,42";"1200"
"251700110";"Mata Virgem";"1200";"831";"2590";"2,73";"943,81";"595264,44";"1200"
"251710005";"Várzea";"1212";"991";"2665";"1,82";"1725,81";"3106983,25";"1212"
"251720905";"Vieirópolis";"1200";"1622";"4857";"1,80";"1233,07";"673896,34";"1200"
"251740705";"Zabelê";"1212";"835";"2220";"1,78";"1182,66";"1084720,27";"1212"
"260005405";"Abreu e Lima";"1212";"34641";"96608";"1,97";"1498,75";"2825769,66";"1212"
"260005410";"Distrito Industrial";"1212";"31";"75";"1,78";"1241,76";"349505,44";"1212"
"260010405";"Afogados da Ingazeira";"1212";"14819";"40146";"1,75";"1677,63";"10103321,01";"1212"
"260020305";"Afrânio";"1200";"4188";"12860";"2,76";"1302,61";"1709097,77";"1200"
"260020310";"Arizona";"1200";"405";"1413";"4,70";"1011,65";"904607,92";"1200"
"260020315";"Cachoeira do Roberto";"1200";"1014";"3690";"4,95";"1291,17";"41019411,55";"1200"
"260020320";"Poção de Afrânio";"1200";"198";"652";"3,94";"1273,24";"624977,62";"1200"
"260030205";"Agrestina";"1200";"7331";"20429";"1,90";"1242,66";"3301857,02";"1200"
"260030210";"Barra do Chata";"1200";"822";"2258";"1,86";"1033,30";"480103,01";"1200"
"260030215";"Barra do Jardim";"1212";"397";"1063";"1,89";"1121,73";"622701,26";"1212"
"260040105";"Água Preta";"1212";"7558";"22761";"2,36";"1236,49";"1389441,88";"1212"
"260040110";"Santa Terezinha";"1200";"1221";"3652";"2,32";"1083,51";"945314,62";"1200"
"260050005";"Águas Belas";"1000";"11165";"34606";"2,72";"1005,04";"517032,58";"1000"
"260050010";"Curral Novo";"700";"2268";"6907";"2,76";"927,30";"707436,20";"700"
"260060905";"Alagoinha";"1200";"3626";"10096";"2,16";"1419,79";"5183064,56";"1200"
"260060910";"Perpétuo Socorro";"1202";"1256";"3439";"1,92";"1111,50";"637976,68";"1202"
"260070805";"Aliança";"1212";"8675";"25469";"2,25";"1337,39";"2002060,57";"1212"
"260070810";"Macujê";"1212";"854";"2304";"2,03";"1036,12";"250183,02";"1212"
"260070815";"Tupaoca";"1212";"1618";"4696";"2,28";"1040,20";"367247,07";"1212"
"260070820";"Upatininga";"1212";"1108";"3246";"2,17";"1161,33";"640194,55";"1212"
"260080705";"Altinho";"1200";"7020";"18332";"1,85";"1241,39";"1947180,60";"1200"
"260080710";"Ituguaçu";"1100";"869";"2317";"1,91";"958,73";"367099,74";"1100"
"260090605";"Amaraji";"1200";"6408";"18199";"1,98";"1186,92";"1264836,21";"1200"
"260100305";"Angelim";"1200";"3476";"10226";"2,20";"1275,30";"3268450,30";"1200"
"260105205";"Araçoiaba";"1212";"6292";"19234";"2,46";"1205,11";"1076018,05";"1212"
"260110205";"Araripina";"1212";"17324";"53546";"2,25";"1574,25";"8311246,16";"1212"
"260110208";"Gergelim";"1200";"1985";"5658";"1,87";"1012,11";"965144,00";"1200"
"260110210";"Lagoa do Barro";"1200";"1207";"3759";"2,34";"1039,38";"533045,10";"1200"
"260110215";"Morais";"600";"2463";"7847";"2,78";"877,13";"338528,62";"600"
"260110220";"Nascente";"1000";"2022";"6337";"2,55";"1043,19";"1041279,15";"1000"
"260110225";"Bom Jardim do Araripe";"1100";"1185";"3694";"2,12";"1072,56";"2750639,73";"1100"
"260110230";"Serrânia";"600";"1312";"4224";"2,31";"948,67";"890064,47";"600"
"260120105";"Arcoverde";"1212";"27693";"76761";"2,11";"1875,50";"7646045,55";"1212"
"260130005";"Barra de Guabiraba";"1200";"4052";"12248";"2,41";"1165,94";"1247108,19";"1200"
"260140905";"Barreiros";"1212";"12909";"38596";"2,33";"1325,58";"1979449,84";"1212"
"260140910";"Carimã";"860";"447";"1472";"2,89";"857,12";"234186,52";"860"
"260150805";"Belém de Maria";"1200";"2019";"5924";"2,40";"1176,06";"1187265,19";"1200"
"260150810";"Batateira";"1200";"1391";"4452";"2,95";"1010,89";"666036,33";"1200"
"260160705";"Belém de São Francisco";"1200";"4300";"14049";"3,15";"1472,65";"5059579,79";"1200"
"260160710";"Ibó";"1200";"910";"2917";"2,65";"950,22";"592445,36";"1200"
"260160715";"Riacho Pequeno";"1212";"411";"1316";"3,08";"1173,63";"1257756,61";"1212"
"260170605";"Belo Jardim";"1212";"21866";"59200";"1,81";"1591,04";"4280136,48";"1212"
"260170610";"Água Fria";"1212";"3810";"10759";"1,81";"1278,42";"784600,17";"1212"
"260170615";"Serra do Vento";"1206";"1766";"4784";"1,86";"1190,44";"2844098,97";"1205.5"
"260170620";"Xucuru";"1200";"1754";"4645";"1,71";"995,54";"371329,34";"1200"
"260180505";"Betânia";"1200";"1924";"5516";"2,08";"1173,86";"1028277,56";"1200"
"260180510";"São Caetano do Navio";"1200";"1850";"5700";"2,24";"1208,30";"1643791,12";"1200"
"260190405";"Bezerros";"1200";"22272";"57397";"1,64";"1411,81";"5411837,29";"1200"
"260190410";"Boas Novas";"1212";"392";"1008";"2,03";"981,36";"478111,60";"1212"
"260190415";"Sapucarana";"1200";"1134";"3135";"1,92";"1039,43";"1057891,24";"1200"
"260200105";"Bodocó";"1200";"5845";"18038";"2,20";"1368,88";"4474916,59";"1200"
"260200110";"Claranã";"1000";"2927";"8958";"2,18";"1031,20";"672731,01";"1000"
"260200115";"Feitoria";"900";"2358";"7445";"2,47";"957,02";"436948,92";"900"
"260210005";"Bom Conselho";"1200";"11708";"34083";"2,21";"1412,96";"4276161,79";"1200"
"260210010";"Barra do Brejo";"1000";"617";"1868";"2,05";"951,87";"592918,05";"1000"
"260210015";"Caldeirões";"760";"404";"1224";"2,10";"872,27";"343552,89";"760"
"260210020";"Lagoa de São José";"1200";"761";"2160";"2,17";"1104,29";"1328226,48";"1200"
"260210025";"Rainha Isabel";"1000";"1691";"4837";"1,69";"1051,20";"6987415,50";"1000"
"260220905";"Bom Jardim";"1200";"5197";"14315";"1,76";"1408,73";"4352225,57";"1200"
"260220910";"Bizarra";"1100";"2924";"8490";"2,00";"974,19";"420073,68";"1100"
"260220913";"Encruzilhada";"1100";"1721";"4923";"1,74";"1054,97";"788376,32";"1100"
"260220915";"Tamboatá";"1200";"1053";"3045";"2,09";"1030,91";"561489,01";"1200"
"260220920";"Umari";"1212";"2355";"6830";"2,15";"1126,48";"664988,42";"1212"
"260230805";"Bonito";"1200";"10286";"29258";"2,12";"1363,41";"4465037,53";"1200"
"260230810";"Bentevi";"600";"881";"2471";"1,97";"893,03";"362504,07";"600"
"260230815";"Alto Bonito";"900";"2090";"5716";"2,14";"990,14";"841094,58";"900"
"260240705";"Brejão";"1200";"3042";"9055";"2,16";"1182,47";"2371865,44";"1200"
"260250605";"Brejinho";"1200";"2882";"7712";"1,67";"1222,57";"1171747,55";"1200"
"260260505";"Brejo da Madre de Deus";"1200";"6681";"18413";"1,85";"1264,02";"1929701,67";"1200"
"260260507";"Barra do Farias";"800";"661";"1777";"1,76";"896,20";"269605,92";"800"
"260260510";"Fazenda Nova";"1112";"1767";"4878";"1,89";"1172,22";"1514370,32";"1112"
"260260520";"Mandaçaia";"1200";"504";"1491";"2,14";"1209,33";"688959,52";"1200"
"260260530";"São Domingos";"1200";"7560";"22032";"1,98";"1212,60";"984494,26";"1200"
"260270405";"Buenos Aires";"1212";"4424";"12801";"2,04";"1208,89";"1846406,64";"1212"
"260280305";"Buíque";"1100";"11549";"35097";"2,69";"1113,04";"2179383,32";"1100"
"260280310";"Carneiro";"1000";"2542";"7333";"2,39";"1059,76";"2175875,18";"1000"
"260280315";"Catimbau";"1100";"934";"2836";"2,55";"1044,97";"981342,91";"1100"
"260280320";"Guanumbi";"700";"2086";"6607";"3,30";"994,10";"2085829,82";"700"
"260290205";"Cabo de Santo Agostinho";"1212";"39484";"110532";"1,80";"1701,20";"3825379,90";"1212"
"260290210";"Juçaral";"1212";"1905";"5554";"2,16";"1246,54";"747428,19";"1212"
"260290215";"Ponte dos Carvalhos";"1212";"19124";"54741";"1,98";"1555,09";"1711116,88";"1212"
"260290220";"Santo Agostinho";"1212";"11191";"31906";"2,07";"2433,56";"26678387,42";"1212"
"260300905";"Cabrobó";"1200";"9960";"30141";"2,32";"1288,99";"3335394,07";"1200"
"260310805";"Cachoeirinha";"1200";"6600";"17972";"1,86";"1241,50";"2386671,90";"1200"
"260310810";"Cabanas";"1150";"717";"1924";"1,62";"945,59";"422790,97";"1150"
"260320705";"Caetés";"1200";"9262";"28773";"2,31";"1089,97";"1491338,05";"1200"
"260330605";"Calçado";"1000";"3765";"11082";"1,85";"1071,13";"935913,01";"1000"
"260340505";"Calumbi";"1212";"1795";"5228";"2,01";"1464,55";"9307526,96";"1212"
"260345405";"Camaragibe";"1212";"53357";"147459";"1,80";"1968,46";"7228601,47";"1212"
"260350405";"Camocim de São Félix";"1212";"6305";"17389";"1,90";"1246,79";"1674371,03";"1212"
"260360305";"Camutanga";"1212";"2551";"7736";"2,08";"1347,02";"3332933,93";"1212"
"260370205";"Canhotinho";"1200";"5513";"15975";"2,20";"1297,01";"2589286,38";"1200"
"260370210";"Olho d'Água de Dentro";"1180";"1813";"5062";"1,92";"1066,26";"599775,32";"1180"
"260370215";"Paquevira";"700";"512";"1593";"3,25";"904,60";"468841,87";"700"
"260380105";"Capoeiras";"1200";"6031";"18307";"2,29";"1140,98";"1121617,92";"1200"
"260390005";"Carnaíba";"1200";"4743";"13003";"1,70";"1325,96";"1736999,43";"1200"
"260390010";"Ibitiranga";"850";"2045";"5602";"1,88";"980,93";"825615,95";"850"
"260392605";"Carnaubeira da Penha";"1200";"3385";"12155";"3,69";"1226,57";"1352272,90";"1200"
"260400705";"Carpina";"1212";"27652";"79059";"1,92";"1814,22";"5171599,85";"1212"
"260410605";"Caruaru";"1212";"128028";"347278";"1,80";"2226,49";"71157620,72";"1212"
"260410610";"Carapotós";"1100";"7829";"22104";"1,96";"1014,51";"598481,14";"1100"
"260410615";"Gonçalves Ferreira";"1212";"1997";"5426";"1,79";"1132,85";"547845,54";"1212"
"260410620";"Lajedo do Cedro";"1200";"616";"1583";"1,83";"1079,15";"452892,67";"1200"
"260415505";"Casinhas";"1200";"4210";"12965";"2,23";"1003,95";"484199,73";"1200"
"260420505";"Catende";"1200";"9210";"27272";"2,42";"1348,86";"2077028,43";"1200"
"260420510";"Laje Grande";"1212";"1648";"4791";"2,33";"1065,89";"585134,90";"1212"
"260430405";"Cedro";"1212";"3403";"10517";"1,94";"1262,53";"3087704,06";"1212"
"260440305";"Chã de Alegria";"1212";"4384";"12983";"2,04";"1179,33";"1004899,24";"1212"
"260450205";"Chã Grande";"1200";"7287";"20529";"1,84";"1276,82";"2325590,45";"1200"
"260460105";"Condado";"1212";"8301";"24516";"2,18";"1409,98";"3140436,41";"1212"
"260470005";"Correntes";"1200";"4306";"14321";"2,65";"1207,53";"1913283,30";"1200"
"260470010";"Poço Comprido";"1160";"853";"2771";"3,22";"1068,76";"634126,24";"1160"
"260480905";"Cortês";"1212";"3611";"10197";"2,00";"1272,83";"1273545,28";"1212"
"260490805";"Cumaru";"1212";"2953";"8281";"1,94";"1312,69";"1660306,97";"1212"
"260490810";"Ameixas";"1200";"2722";"7623";"1,92";"1086,16";"1922228,55";"1200"
"260500405";"Cupira";"1200";"8108";"22525";"1,82";"1275,70";"2147290,10";"1200"
"260500410";"Laje de São José";"1200";"361";"983";"2,13";"957,39";"448568,09";"1200"
"260510305";"Custódia";"1200";"10789";"30355";"1,85";"1504,04";"4824812,65";"1200"
"260510310";"Maravilha";"1200";"1375";"3779";"1,78";"1156,25";"916293,22";"1200"
"260510315";"Quitimbu";"1000";"1260";"3469";"1,54";"939,95";"357559,08";"1000"
"260515205";"Dormentes";"1212";"2972";"8744";"1,94";"1463,74";"3103097,24";"1212"
"260515210";"Caatinga Grande";"1200";"899";"2787";"2,17";"1147,15";"1369147,81";"1200"
"260515215";"Lagoa de Fora";"1200";"640";"1895";"2,36";"1146,90";"3142140,43";"1200"
"260515218";"Lagoas";"1200";"989";"2890";"2,51";"1099,89";"1210084,21";"1200"
"260515220";"Monte Orebe";"1200";"312";"869";"1,74";"1150,98";"473154,11";"1200"
"260520205";"Escada";"1212";"18886";"53514";"1,97";"1487,32";"2991336,48";"1212"
"260520210";"Frexeiras";"1212";"2155";"6222";"2,02";"1264,06";"933885,52";"1212"
"260530105";"Exu";"1200";"6148";"18897";"2,39";"1340,24";"4670761,98";"1200"
"260530110";"Tabocas";"800";"682";"2123";"2,19";"973,42";"418048,31";"800"
"260530115";"Timorante";"675";"1381";"4407";"2,57";"987,45";"453941,02";"675"
"260530120";"Viração";"700";"1015";"3598";"2,72";"995,54";"2201538,43";"700"
"260530125";"Zé Gomes";"1200";"931";"2797";"2,29";"1093,35";"417990,03";"1200"
"260540005";"Feira Nova";"1200";"7693";"21426";"1,81";"1262,74";"1536075,88";"1200"
"260545905";"Fernando de Noronha";"2600";"717";"2147";"3,45";"4161,38";"29983252,21";"2600"
"260550905";"Ferreiros";"1212";"4937";"15005";"2,12";"1437,02";"2550419,50";"1212"
"260560805";"Flores";"1200";"4747";"12925";"1,87";"1245,64";"2171145,22";"1200"
"260560808";"Fátima";"1212";"1666";"4506";"1,71";"963,16";"501703,65";"1212"
"260560810";"Sítio dos Nunes";"1212";"1107";"2884";"1,98";"1288,82";"10252327,91";"1212"
"260570705";"Floresta";"1212";"8078";"25611";"2,64";"1561,79";"4531727,58";"1212"
"260570710";"Airi";"1120";"799";"2757";"3,47";"986,18";"426608,35";"1120"
"260570720";"Nazaré do Pico";"1200";"530";"1691";"3,69";"1141,39";"1356114,26";"1200"
"260580605";"Frei Miguelinho";"1200";"2551";"6595";"1,72";"1334,55";"2002366,66";"1200"
"260580610";"Lagoa de João Carlos";"1200";"2592";"7029";"1,84";"1170,50";"1234453,41";"1200"
"260590505";"Gameleira";"1212";"5503";"16083";"2,25";"1225,03";"1455698,66";"1212"
"260590510";"Cuiambuca";"1212";"317";"984";"2,51";"1027,15";"1099327,76";"1212"
"260590515";"José da Costa";"1212";"368";"1127";"2,24";"987,04";"280059,34";"1212"
"260600205";"Garanhuns";"1212";"43429";"125952";"2,11";"2257,75";"95707870,00";"1212"
"260600210";"Iratama";"1180";"1046";"3116";"2,18";"1091,41";"3837444,37";"1180"
"260600215";"São Pedro";"1212";"3088";"8782";"1,76";"1444,10";"2009317,67";"1212"
"260600220";"Miracica";"1200";"1457";"4190";"1,78";"1144,51";"1051028,30";"1200"
"260610105";"Glória do Goitá";"1212";"8577";"24893";"1,97";"1400,73";"32865604,15";"1212"
"260610110";"Apoti";"1200";"1605";"4446";"1,84";"1042,80";"519509,35";"1200"
"260620005";"Goiana";"1212";"21632";"62541";"2,09";"1634,58";"3529232,99";"1212"
"260620010";"Ponta de Pedras";"1212";"3400";"9503";"1,97";"1515,88";"2639320,16";"1212"
"260620015";"Tejucopapo";"1212";"2930";"8811";"2,66";"1183,64";"707456,44";"1212"
"260630905";"Granito";"1200";"2257";"6945";"2,35";"1226,66";"1603675,25";"1200"
"260640805";"Gravatá";"1212";"29162";"78253";"1,72";"1721,53";"7221031,64";"1212"
"260640810";"Mandacaru";"1120";"1517";"4126";"1,97";"1064,86";"782823,05";"1120"
"260640815";"Uruçu-Mirim";"1200";"1386";"3916";"1,90";"1033,33";"533072,53";"1200"
"260650705";"Iati";"1200";"5674";"17157";"2,29";"1190,94";"1754426,58";"1200"
"260660605";"Ibimirim";"1126";"8226";"24706";"2,50";"1172,90";"1627465,97";"1126"
"260660610";"Moxotó";"1000";"631";"1844";"2,74";"954,33";"253698,63";"1000"
"260670505";"Ibirajuba";"1212";"2641";"7140";"1,88";"1140,89";"1608286,07";"1212"
"260680405";"Igarassu";"1212";"38254";"108604";"1,89";"1642,85";"3459914,92";"1212"
"260680420";"Nova Cruz";"1200";"1617";"4390";"2,11";"1189,62";"1401379,11";"1200"
"260680425";"Três Ladeiras";"1212";"632";"1920";"2,41";"1022,93";"157995,34";"1212"
"260690305";"Iguaracy";"1200";"2182";"5845";"1,74";"1284,59";"1893271,21";"1200"
"260690310";"Irajaí";"1005";"504";"1394";"1,79";"1039,25";"957558,92";"1005"
"260690315";"Jabitacá";"1200";"1368";"3825";"2,26";"1031,51";"1082118,10";"1200"
"260700005";"Inajá";"1000";"7298";"25539";"3,31";"1095,48";"1283748,79";"1000"
"260710905";"Ingazeira";"1212";"1692";"4762";"1,93";"1252,07";"1423672,48";"1212"
"260720805";"Ipojuca";"1212";"10269";"30828";"2,21";"1667,28";"10028447,57";"1212"
"260720810";"Camela";"1212";"6921";"20991";"2,24";"1365,77";"1606083,49";"1212"
"260720815";"Nossa Senhora do Ó";"1212";"15992";"46611";"2,14";"1646,62";"73246313,60";"1212"
"260730705";"Ipubi";"1200";"5483";"16617";"2,09";"1247,63";"2019599,08";"1200"
"260730710";"Serra Branca";"800";"947";"2857";"2,60";"972,51";"854360,07";"800"
"260730715";"Serrolândia";"600";"2900";"9522";"2,53";"856,18";"643264,52";"600"
"260740605";"Itacuruba";"1212";"1344";"4283";"2,39";"1411,67";"1639897,81";"1212"
"260750505";"Itaíba";"1000";"7770";"23628";"2,20";"1158,31";"2381836,13";"1000"
"260750515";"Negras";"1200";"2941";"8931";"2,31";"1176,62";"1150568,29";"1200"
"260760405";"Ilha de Itamaracá";"1212";"7771";"21523";"2,22";"1568,69";"4176797,02";"1212"
"260765305";"Itambé";"1212";"7694";"23367";"2,39";"1335,54";"2760910,29";"1212"
"260765310";"Caricé";"1200";"1088";"3256";"2,09";"1155,96";"524672,46";"1200"
"260765315";"Ibiranga";"1200";"2760";"8266";"2,30";"1114,80";"577305,16";"1200"
"260770305";"Itapetim";"1200";"4588";"11418";"1,57";"1604,91";"331284360,00";"1200"
"260770310";"São Vicente";"1200";"901";"2363";"1,74";"1021,47";"761465,15";"1200"
"260775205";"Itapissuma";"1212";"8221";"23986";"2,09";"1344,05";"2703899,19";"1212"
"260780205";"Itaquitinga";"1212";"5143";"15476";"2,46";"1232,07";"1344894,15";"1212"
"260790105";"Jaboatão dos Guararapes";"1212";"128027";"348166";"1,86";"2738,63";"30619627,87";"1212"
"260790110";"Cavaleiro";"1212";"37861";"104805";"1,98";"1629,50";"250746044,35";"1212"
"260790115";"Jaboatão";"1212";"42694";"116853";"1,86";"1630,26";"3142745,12";"1212"
"260790120";"Curado";"1212";"17063";"45638";"1,71";"1940,82";"3671687,42";"1212"
"260790125";"Jardim Jordão";"1212";"9495";"27332";"2,11";"1406,85";"3234721,09";"1212"
"260795005";"Jaqueira";"1212";"3262";"10240";"2,95";"1152,19";"899976,51";"1212"
"260800805";"Jataúba";"1100";"3638";"9890";"1,89";"1403,65";"287045829,79";"1100"
"260800807";"Jacu";"1000";"395";"1103";"1,86";"873,79";"383780,42";"1000"
"260800808";"Jundiá";"400";"282";"716";"2,04";"732,38";"190691,08";"400"
"260800810";"Passagem do Tó";"800";"1211";"3410";"1,96";"917,72";"572859,94";"800"
"260800820";"Riacho do Meio";"600";"240";"683";"2,06";"794,93";"228061,77";"600"
"260805705";"Jatobá";"1212";"3739";"11100";"2,21";"1576,01";"3672907,30";"1212"
"260805720";"Volta do Moxotó";"1212";"948";"2890";"3,11";"1227,92";"723917,07";"1212"
"260810705";"João Alfredo";"1200";"10271";"27720";"1,72";"1155,64";"1589857,67";"1200"
"260820605";"Joaquim Nabuco";"1212";"4378";"13266";"2,26";"1199,90";"1162413,56";"1212"
"260825505";"Jucati";"1100";"3812";"11513";"1,97";"1120,94";"1684419,70";"1100"
"260830505";"Jupi";"1200";"5313";"15323";"1,88";"1232,44";"2260447,98";"1200"
"260840405";"Jurema";"1150";"3141";"9055";"2,24";"1106,76";"1170465,49";"1150"
"260840410";"Santo Antônio das Queimadas";"710";"1650";"4593";"2,11";"929,06";"510501,70";"710"
"260845305";"Lagoa do Carro";"1212";"6337";"17969";"1,86";"1313,73";"2822946,63";"1212"
"260850305";"Lagoa de Itaenga";"1200";"6707";"18991";"1,94";"1279,86";"1443601,02";"1200"
"260860205";"Lagoa do Ouro";"1200";"3022";"8561";"1,98";"1237,38";"1439504,08";"1200"
"260860210";"Igapó";"700";"1128";"3338";"1,94";"904,66";"434250,80";"700"
"260870105";"Lagoa dos Gatos";"1000";"3519";"9912";"2,00";"1145,84";"1459396,33";"1000"
"260870110";"Entroncamento";"835";"635";"1821";"2,47";"912,61";"372310,98";"835"
"260870115";"Igarapeassu";"800";"529";"1543";"2,49";"911,17";"299307,80";"800"
"260870120";"Lagoa do Souza";"1200";"284";"791";"2,40";"1005,73";"445225,00";"1200"
"260875005";"Lagoa Grande";"1212";"4024";"11706";"2,16";"1389,22";"4006274,74";"1212"
"260875015";"Jutaí";"1200";"868";"2408";"1,87";"999,78";"525694,71";"1200"
"260875020";"Vermelho";"1200";"3163";"9926";"2,54";"1130,94";"1274964,56";"1200"
"260880005";"Lajedo";"1200";"13932";"39464";"1,95";"1666,99";"956588707,90";"1200"
"260890905";"Limoeiro";"1212";"18554";"50646";"1,80";"1647,06";"3913664,00";"1212"
"260890910";"Urucuba";"1050";"1634";"4632";"2,11";"981,00";"1353069,71";"1050"
"260900605";"Macaparana";"1212";"7957";"23804";"2,17";"1288,08";"3016664,92";"1212"
"260910505";"Machados";"1200";"3841";"11327";"2,17";"1165,74";"1542622,42";"1200"
"260915405";"Manari";"700";"6694";"23751";"4,03";"936,89";"529624,82";"700"
"260920405";"Maraial";"1200";"2270";"6777";"2,46";"1138,65";"1105287,13";"1200"
"260920415";"Sertãozinho de Baixo";"1000";"824";"2576";"2,60";"959,30";"294665,78";"1000"
"260930305";"Mirandiba";"1212";"3765";"11742";"2,74";"1363,85";"2797412,03";"1212"
"260930310";"Tupanaci";"1212";"681";"2328";"2,85";"1024,16";"429584,76";"1212"
"260940205";"Moreno";"1212";"16248";"45435";"1,91";"1498,07";"2125241,43";"1212"
"260940210";"Bonança";"1210";"3343";"9631";"1,90";"1236,64";"986305,13";"1210"
"260950105";"Nazaré da Mata";"1212";"10662";"30538";"1,96";"1636,13";"3451121,98";"1212"
"260960005";"Olinda";"1212";"127261";"349263";"2,00";"2413,05";"22551778,71";"1212"
"260970905";"Orobó";"1200";"3082";"8920";"1,93";"1361,84";"2878764,24";"1200"
"260970910";"Chã do Rocha";"1200";"1276";"3904";"2,29";"910,02";"316049,95";"1200"
"260970915";"Umburetama";"1200";"3033";"8934";"2,15";"1060,44";"797726,05";"1200"
"260980805";"Orocó";"1000";"4282";"13592";"2,44";"1089,99";"1266704,28";"1000"
"260990705";"Ouricuri";"1200";"18828";"56707";"2,42";"1392,21";"4112289,76";"1200"
"260990710";"Barra de São Pedro";"1000";"2659";"8505";"2,97";"969,03";"488363,44";"1000"
"261000405";"Palmares";"1212";"17923";"52303";"2,14";"1585,44";"3636503,00";"1212"
"261000410";"Santo Antônio dos Palmares";"1200";"499";"1449";"2,33";"1028,22";"689301,67";"1200"
"261010305";"Palmeirina";"1200";"2476";"7030";"2,19";"1293,91";"2182497,18";"1200"
"261020205";"Panelas";"1200";"4303";"11967";"2,12";"1272,33";"4570287,65";"1200"
"261020210";"Cruzes";"1000";"1855";"5233";"2,34";"992,71";"516494,16";"1000"
"261020215";"São José";"1200";"1316";"3600";"2,19";"1007,83";"479201,93";"1200"
"261020220";"São Lázaro";"865";"723";"2183";"2,65";"936,26";"446235,33";"865"
"261030105";"Paranatama";"1200";"4207";"12187";"2,03";"1117,62";"829969,30";"1200"
"261040005";"Parnamirim";"1212";"3456";"10455";"2,23";"1502,88";"5712079,33";"1212"
"261040010";"Icaiçara";"1212";"1933";"5920";"2,60";"1143,75";"2757228,50";"1212"
"261040015";"Veneza";"1200";"697";"2224";"2,90";"1035,90";"661807,07";"1200"
"261050905";"Passira";"1200";"7444";"20276";"1,67";"1514,46";"328143276,36";"1200"
"261050910";"Bengalas";"1200";"2932";"8060";"1,73";"1046,30";"506421,90";"1200"
"261060805";"Paudalho";"1212";"18909";"56588";"2,24";"1941,44";"17367661,30";"1212"
"261070705";"Paulista";"1245";"124307";"341577";"1,86";"2165,63";"6441066,77";"1245"
"261080605";"Pedra";"1112";"4796";"13876";"2,27";"1238,85";"1950894,34";"1112"
"261080607";"Horizonte Alegre";"800";"385";"1021";"1,71";"965,27";"515489,60";"800"
"261080609";"Poço do Boi";"1200";"401";"1220";"2,70";"1164,26";"625556,40";"1200"
"261080610";"São Pedro do Cordeiro";"900";"1106";"3496";"2,79";"1057,32";"1206161,91";"900"
"261080615";"Santo Antônio";"1000";"1035";"3158";"2,73";"1051,59";"859361,86";"1000"
"261090505";"Pesqueira";"1200";"17212";"47611";"2,06";"1474,98";"4056943,35";"1200"
"261090510";"Cimbres";"800";"1389";"4426";"2,55";"912,96";"228080,46";"800"
"261090515";"Mimoso";"1200";"1006";"3013";"2,70";"1070,74";"983882,08";"1200"
"261090520";"Mutuca";"1200";"997";"2764";"1,83";"1097,21";"634894,26";"1200"
"261090525";"Papagaio";"1100";"705";"1964";"2,26";"992,08";"441282,04";"1100"
"261090530";"Salobro";"1000";"693";"2143";"2,56";"1002,22";"462067,40";"1000"
"261100205";"Petrolândia";"1212";"9378";"29296";"2,61";"1484,62";"5477488,16";"1212"
"261100215";"Icó-Mandantes";"800";"1529";"4799";"2,61";"1010,74";"1058111,44";"800"
"261110105";"Petrolina";"1212";"114824";"343618";"2,18";"2499,75";"23054192,73";"1212"
"261110110";"Cristália";"1212";"713";"1909";"2,22";"1157,55";"480343,18";"1212"
"261110115";"Curral Queimado";"1212";"9655";"30903";"2,45";"1310,39";"1582811,35";"1212"
"261110130";"Rajada";"1212";"3186";"8896";"2,02";"1170,81";"744771,84";"1212"
"261120005";"Poção";"1200";"3620";"9883";"2,06";"1056,77";"811287,95";"1200"
"261120010";"Pão de Açúcar de Poção";"600";"224";"612";"2,52";"996,85";"271581,73";"600"
"261130905";"Pombos";"1200";"7914";"21979";"1,75";"1389,41";"35938561,67";"1200"
"261130910";"Dois Leões";"1212";"1252";"3570";"1,80";"1061,69";"380657,57";"1212"
"261130915";"Nossa Senhora do Carmo";"1212";"693";"1998";"2,16";"1112,67";"349373,27";"1212"
"261140805";"Primavera";"1212";"4490";"13825";"2,55";"1324,50";"1440753,40";"1212"
"261150705";"Quipapá";"1200";"4237";"12061";"2,13";"1199,66";"1775730,90";"1200"
"261150710";"Pau Ferro";"1212";"711";"2215";"2,52";"956,27";"206087,30";"1212"
"261150715";"Vila do Cruzeiro";"1200";"1175";"3645";"2,49";"950,96";"365132,29";"1200"
"261153305";"Quixaba";"1200";"1846";"5279";"1,81";"1141,79";"985787,55";"1200"
"261153310";"Lagoa da Cruz";"1200";"428";"1257";"1,90";"1115,99";"589400,82";"1200"
"261160605";"Recife";"1500";"547443";"1479478";"1,93";"4112,89";"307571266,56";"1500"
"261170505";"Riacho das Almas";"1200";"4913";"13254";"1,65";"1248,39";"2127678,53";"1200"
"261170510";"Couro d'Antas";"1200";"232";"614";"1,38";"1244,70";"821281,15";"1200"
"261170512";"Pinhões";"1200";"650";"1688";"1,53";"1064,18";"548578,89";"1200"
"261170515";"Trapiá";"1180";"983";"2516";"1,36";"1001,26";"497643,43";"1180"
"261170520";"Vitorino";"1200";"965";"2566";"1,54";"1155,00";"1150461,70";"1200"
"261180405";"Ribeirão";"1212";"10125";"28324";"1,89";"1598,00";"5898381,10";"1212"
"261180410";"Aripibu";"1212";"366";"1117";"2,22";"1109,93";"782756,27";"1212"
"261180415";"José Mariano";"1200";"1426";"4048";"2,29";"1014,02";"559539,91";"1200"
"261190305";"Rio Formoso";"1212";"5145";"15732";"2,50";"1370,32";"1950890,87";"1212"
"261190310";"Cocaú";"1200";"1293";"4264";"2,50";"1441,03";"1249424,31";"1200"
"261200005";"Sairé";"1212";"4118";"10880";"1,74";"1354,49";"3317871,20";"1212"
"261210905";"Salgadinho";"1200";"2051";"5727";"2,23";"1290,60";"8280804,78";"1200"
"261220805";"Salgueiro";"1212";"16942";"51234";"2,27";"1919,39";"7361974,14";"1212"
"261220810";"Conceição das Crioulas";"1000";"1271";"4028";"3,06";"1026,64";"632643,33";"1000"
"261220815";"Umãs";"1200";"554";"1660";"2,05";"1264,74";"1032227,21";"1200"
"261220820";"Vasques";"1212";"825";"2623";"2,48";"1077,62";"471079,82";"1212"
"261220825";"Pau Ferro";"1200";"794";"2384";"2,00";"1139,82";"777514,78";"1200"
"261230705";"Saloá";"1212";"3319";"9636";"2,22";"1296,23";"1629741,42";"1212"
"261230710";"Iatecá";"1200";"1472";"4146";"1,99";"1054,68";"834150,14";"1200"
"261240605";"Sanharó";"1212";"5415";"15140";"2,03";"1465,60";"22118366,46";"1212"
"261240610";"Jenipapo";"700";"382";"1096";"1,88";"912,08";"456843,98";"700"
"261240615";"Mulungu";"1212";"804";"2382";"2,04";"1111,55";"1828313,44";"1212"
"261245505";"Santa Cruz";"1200";"4366";"13835";"3,20";"1106,29";"2094351,12";"1200"
"261247105";"Santa Cruz da Baixa Verde";"1200";"3982";"11567";"2,21";"1273,46";"1750489,97";"1200"
"261250505";"Santa Cruz do Capibaribe";"1212";"33078";"93065";"1,79";"1598,50";"54280931,85";"1212"
"261250510";"Pará";"1200";"406";"1060";"1,96";"1321,70";"1302319,07";"1200"
"261250515";"Poço Fundo";"1000";"1227";"3398";"1,66";"1037,84";"609179,83";"1000"
"261255405";"Santa Filomena";"1212";"1864";"5229";"1,95";"1163,39";"992474,02";"1212"
"261255410";"Campo Santo";"1200";"403";"1180";"2,73";"1126,72";"608636,28";"1200"
"261255415";"Socorro";"800";"1256";"3934";"2,58";"944,10";"616379,93";"800"
"261255420";"Poço Comprido";"900";"361";"1177";"3,71";"891,79";"320480,24";"900"
"261255425";"Livramento";"1212";"207";"586";"1,94";"1073,51";"222500,17";"1212"
"261260405";"Santa Maria da Boa Vista";"1200";"7951";"25448";"2,70";"1269,36";"2060664,85";"1200"
"261260408";"Caraíbas";"1200";"762";"2543";"3,02";"1146,54";"1407970,61";"1200"
"261260425";"Urimamã";"800";"3802";"12481";"2,83";"979,95";"712692,01";"800"
"261270305";"Santa Maria do Cambucá";"1200";"4940";"14007";"1,95";"1153,52";"1587705,60";"1200"
"261280205";"Santa Terezinha";"1200";"3734";"10233";"1,92";"1224,31";"1618825,79";"1200"
"261290105";"São Benedito do Sul";"1200";"2749";"9228";"3,19";"1219,70";"1367023,84";"1200"
"261290110";"Igarapeba";"1200";"1102";"3877";"3,19";"946,92";"339694,52";"1200"
"261300805";"São Bento do Una";"1200";"15838";"45554";"2,10";"1325,20";"42116672,40";"1200"
"261300810";"Espírito Santo";"1200";"1351";"3797";"2,18";"984,38";"599546,73";"1200"
"261310705";"São Caitano";"1212";"10992";"30535";"1,88";"1281,34";"1363131,22";"1212"
"261310710";"Maniçoba";"1200";"1543";"3991";"1,88";"1270,90";"476355,13";"1200"
"261310715";"Tapiraim";"1212";"930";"2517";"1,91";"1116,80";"370491,23";"1212"
"261320605";"São João";"1200";"7923";"23826";"2,06";"1258,10";"2507356,70";"1200"
"261330505";"São Joaquim do Monte";"1200";"5777";"15898";"1,93";"1120,33";"1392687,48";"1200"
"261330510";"Barra do Riachão";"1212";"261";"695";"1,69";"984,10";"553742,56";"1212"
"261330515";"Santana de São Joaquim";"1000";"1165";"3399";"2,06";"908,25";"404816,90";"1000"
"261340405";"São José da Coroa Grande";"1212";"6102";"18767";"2,68";"1675,01";"5690631,01";"1212"
"261350305";"São José do Belmonte";"1212";"8741";"26471";"2,07";"1526,83";"4704299,07";"1212"
"261350310";"Bom Nome";"1212";"1369";"4206";"2,45";"1335,84";"1308304,85";"1212"
"261350315";"Carmo";"1211";"1414";"4135";"1,71";"1017,68";"529379,26";"1211"
"261360205";"São José do Egito";"1212";"9616";"25105";"1,74";"1479,48";"5981190,90";"1212"
"261360210";"Bonfim";"1212";"382";"953";"1,79";"1083,54";"730164,46";"1212"
"261360215";"Riacho do Meio";"1212";"1852";"4900";"1,72";"1059,40";"619168,54";"1212"
"261370105";"São Lourenço da Mata";"1212";"36220";"101461";"1,89";"1760,41";"55246352,41";"1212"
"261370115";"Nossa Senhora da Luz";"1200";"3202";"9571";"2,33";"1176,65";"4839344,18";"1200"
"261380005";"São Vicente Férrer";"1200";"3708";"11042";"2,24";"1201,88";"1749459,79";"1200"
"261380010";"Siriji";"1200";"1961";"5625";"2,06";"1052,79";"659173,18";"1200"
"261390905";"Serra Talhada";"1212";"27035";"76902";"2,01";"1965,54";"8212870,20";"1212"
"261390910";"Bernardo Vieira";"1212";"830";"2471";"2,77";"1060,83";"735685,14";"1212"
"261390915";"Caiçarinha da Penha";"830";"718";"2001";"1,96";"901,35";"411026,96";"830"
"261390918";"Logradouro";"1200";"420";"1158";"1,81";"975,87";"760460,91";"1200"
"261390920";"Luanda";"1212";"463";"1235";"1,62";"1007,46";"309577,89";"1212"
"261390925";"Pajeú";"800";"808";"2400";"2,79";"917,81";"667877,60";"800"
"261390928";"Santa Rita";"1212";"597";"1675";"2,12";"1187,69";"428109,37";"1212"
"261390930";"Tauapiranga";"1200";"677";"1885";"2,01";"999,06";"777544,47";"1200"
"261390935";"Varzinha";"1200";"864";"2386";"1,99";"1199,92";"1694108,90";"1200"
"261400605";"Serrita";"1200";"3742";"12117";"2,62";"1235,92";"1704500,78";"1200"
"261400610";"Ipuera";"1100";"593";"1957";"2,71";"947,93";"1086141,90";"1100"
"261400615";"Ori";"1212";"1241";"4125";"2,94";"1077,72";"619998,78";"1212"
"261410505";"Sertânia";"1212";"7783";"21550";"2,14";"1705,27";"140662990,88";"1212"
"261410510";"Albuquerque Né";"1212";"761";"2136";"1,96";"1082,48";"477364,34";"1212"
"261410515";"Algodões";"1212";"1152";"3329";"2,32";"1068,99";"421898,53";"1212"
"261410520";"Henrique Dias";"1212";"465";"1217";"2,12";"1075,59";"790995,22";"1212"
"261410525";"Rio da Barra";"1200";"1606";"4492";"2,22";"1041,37";"682552,58";"1200"
"261420405";"Sirinhaém";"1212";"5567";"17716";"2,55";"1533,80";"6514668,07";"1212"
"261420410";"Barra do Sirinhaém";"1212";"4863";"15353";"2,30";"1390,40";"1868150,35";"1212"
"261420415";"Ibiratinga";"1212";"1458";"4496";"2,35";"1195,04";"578114,69";"1212"
"261430305";"Moreilândia";"1200";"2564";"7761";"2,26";"1188,26";"1308086,94";"1200"
"261430310";"Caririmirim";"1200";"923";"2770";"2,39";"1069,27";"872408,43";"1200"
"261440205";"Solidão";"1200";"1796";"5196";"2,05";"1185,69";"1631866,99";"1200"
"261450105";"Surubim";"1212";"21401";"60340";"1,84";"1560,66";"5820801,44";"1212"
"261450112";"Chéus";"1200";"1321";"3690";"1,84";"1106,12";"480195,47";"1200"
"261460005";"Tabira";"1212";"9973";"27630";"1,78";"1309,60";"2563973,90";"1212"
"261470905";"Tacaimbó";"1200";"3379";"9362";"1,91";"1154,90";"833037,42";"1200"
"261470910";"Riacho Fechado";"1150";"1448";"3715";"1,74";"949,25";"311150,35";"1150"
"261480805";"Tacaratu";"1200";"4272";"13981";"3,08";"1157,12";"1224603,70";"1200"
"261480810";"Caraibeiras";"1000";"3066";"9881";"2,41";"1029,94";"925831,33";"1000"
"261485705";"Tamandaré";"1212";"6540";"20058";"2,54";"1567,43";"3754376,15";"1212"
"261485715";"Sauê";"1200";"1085";"3476";"2,68";"1160,56";"505209,47";"1200"
"261500305";"Taquaritinga do Norte";"1200";"4742";"13086";"1,84";"1477,56";"2694648,87";"1200"
"261500310";"Gravatá do Ibiapina";"1200";"627";"1730";"1,96";"1121,26";"685547,98";"1200"
"261500315";"Pão de Açucar";"1200";"3536";"9857";"1,82";"1290,24";"1080053,04";"1200"
"261510205";"Terezinha";"1212";"2153";"6505";"2,37";"1108,72";"886911,76";"1212"
"261520105";"Terra Nova";"1212";"2297";"7187";"2,23";"1306,65";"1425715,38";"1212"
"261520110";"Guarani";"1200";"542";"1731";"2,10";"1199,31";"740270,68";"1200"
"261530005";"Timbaúba";"1212";"14033";"39446";"1,99";"1534,88";"6773073,64";"1212"
"261530010";"Cruanji";"1212";"838";"2724";"2,47";"1237,88";"797401,68";"1212"
"261530015";"Livramento do Tiúma";"1200";"1330";"3853";"2,24";"984,27";"424165,19";"1200"
"261540905";"Toritama";"1200";"14213";"41124";"1,78";"1387,31";"3424320,81";"1200"
"261550805";"Tracunhaém";"1212";"4665";"13866";"2,11";"1279,38";"1329060,66";"1212"
"261560705";"Trindade";"1200";"8469";"25869";"2,20";"1343,45";"2896061,34";"1200"
"261560710";"Bonita";"1000";"412";"1267";"2,11";"935,95";"238696,94";"1000"
"261560715";"Mangueira";"1200";"466";"1459";"2,41";"960,76";"293995,38";"1200"
"261560720";"Saco Verde";"900";"552";"1693";"2,53";"912,10";"200126,87";"900"
"261570605";"Triunfo";"1212";"3846";"10672";"1,90";"1815,66";"5585379,47";"1212"
"261570610";"Canaã";"1200";"750";"2077";"2,21";"1245,86";"1136714,90";"1200"
"261570615";"Jericó";"1200";"680";"1920";"1,86";"1130,64";"835753,96";"1200"
"261580505";"Tupanatinga";"1000";"7902";"26853";"3,43";"1052,59";"1133745,84";"1000"
"261590405";"Tuparetama";"1212";"2743";"7431";"1,80";"1429,08";"2450033,51";"1212"
"261590410";"Santa Rita";"1150";"210";"547";"1,74";"975,64";"331220,73";"1150"
"261600105";"Venturosa";"1211";"5526";"16406";"2,24";"1307,53";"3540163,76";"1210.5"
"261600110";"Grotão";"1200";"270";"821";"1,99";"1023,14";"528188,88";"1200"
"261610005";"Verdejante";"1212";"2958";"9164";"2,64";"1332,54";"2422681,47";"1212"
"261618305";"Vertente do Lério";"1200";"2655";"7550";"1,83";"1106,13";"733445,06";"1200"
"261620905";"Vertentes";"1200";"7860";"21914";"1,94";"1211,19";"2196128,34";"1200"
"261630805";"Vicência";"1212";"6239";"18109";"1,93";"1470,10";"3153099,23";"1212"
"261630810";"Murupé";"1200";"2838";"8241";"1,91";"1159,00";"764884,21";"1200"
"261640705";"Vitória de Santo Antão";"1212";"44095";"121545";"1,74";"1677,18";"5236248,87";"1212"
"261640710";"Pirituba";"1212";"4240";"12170";"1,84";"1341,79";"2119347,80";"1212"
"261650605";"Xexéu";"1212";"3951";"11610";"2,39";"1311,12";"1982803,61";"1212"
"270010205";"Água Branca";"1200";"5703";"18969";"2,75";"1285,80";"2339044,89";"1200"
"270020105";"Anadia";"1200";"4783";"13966";"2,18";"1336,13";"2300986,91";"1200"
"270030005";"Arapiraca";"1212";"77695";"233931";"2,00";"2000,98";"59560112,40";"1212"
"270040905";"Atalaia";"1212";"8937";"27798";"2,46";"1408,44";"3538814,39";"1212"
"270040910";"Sapucaia";"1200";"3018";"9657";"2,76";"1128,43";"735850,03";"1200"
"270050805";"Barra de Santo Antônio";"1212";"5229";"16307";"2,63";"1440,90";"3051304,53";"1212"
"270060705";"Barra de São Miguel";"1212";"2525";"7896";"2,55";"2205,32";"22441035,06";"1212"
"270070605";"Batalha";"1200";"5117";"16419";"2,46";"1405,37";"3547515,48";"1200"
"270080505";"Belém";"1212";"1676";"4719";"2,22";"1258,08";"2110982,99";"1212"
"270090405";"Belo Monte";"1200";"1844";"5935";"2,30";"1151,21";"3195746,86";"1200"
"270100105";"Boca da Mata";"1212";"7023";"21162";"2,33";"1494,04";"5844156,73";"1212"
"270110005";"Branquinha";"1212";"3064";"9376";"2,66";"1225,79";"776849,68";"1212"
"270120905";"Cacimbinhas";"1200";"3581";"10473";"2,10";"1306,63";"2395615,18";"1200"
"270130805";"Cajueiro";"1212";"4961";"16020";"2,81";"1317,84";"1345009,32";"1212"
"270135705";"Campestre";"1212";"2090";"6661";"2,96";"1205,73";"1604544,31";"1212"
"270140705";"Campo Alegre";"1212";"10301";"32010";"2,37";"1351,51";"1606139,03";"1212"
"270150605";"Campo Grande";"1200";"2649";"8123";"2,10";"1209,08";"5106406,71";"1200"
"270160505";"Canapi";"1000";"5047";"15545";"2,57";"1083,18";"1782465,69";"1000"
"270170405";"Capela";"1212";"4231";"13573";"2,91";"1490,63";"3134187,00";"1212"
"270170410";"Santa Efigênia";"1212";"419";"1323";"3,09";"1123,98";"222407,06";"1212"
"270180305";"Carneiros";"1212";"2738";"8899";"2,80";"1174,95";"2550181,61";"1212"
"270190205";"Chã Preta";"1212";"1931";"5877";"2,47";"1201,67";"1798094,78";"1212"
"270200905";"Coité do Nóia";"1212";"3609";"10802";"2,04";"1248,20";"2523488,96";"1212"
"270210805";"Colônia Leopoldina";"1202";"5176";"15802";"2,72";"1247,94";"1469461,24";"1202"
"270220705";"Coqueiro Seco";"1212";"1859";"5571";"2,41";"1611,40";"4298253,52";"1212"
"270230605";"Coruripe";"1212";"15561";"47845";"2,29";"1575,16";"5023486,34";"1212"
"270230610";"Poxim";"1200";"835";"2441";"2,24";"1281,30";"762807,16";"1200"
"270235505";"Craíbas";"1200";"8070";"25311";"2,23";"1132,81";"899470,71";"1200"
"270240505";"Delmiro Gouveia";"1212";"17074";"51193";"2,22";"1679,79";"4697983,02";"1212"
"270250405";"Dois Riachos";"1200";"3265";"9805";"2,35";"1136,60";"3119870,45";"1200"
"270255305";"Estrela de Alagoas";"1212";"5540";"15426";"1,95";"1055,32";"796740,78";"1212"
"270260305";"Feira Grande";"1100";"7397";"22705";"2,04";"1059,65";"1081866,13";"1100"
"270270205";"Feliz Deserto";"1212";"1324";"3955";"2,04";"1347,23";"2155702,65";"1212"
"270280105";"Flexeiras";"1212";"3103";"9616";"2,74";"1282,53";"1057825,41";"1212"
"270290005";"Girau do Ponciano";"1200";"11035";"35310";"2,36";"1139,99";"1384948,46";"1200"
"270300705";"Ibateguara";"1200";"4585";"13697";"2,27";"1243,40";"2686044,99";"1200"
"270310605";"Igaci";"1212";"8423";"23986";"2,01";"1111,06";"1153303,92";"1212"
"270320505";"Igreja Nova";"1212";"7073";"21292";"2,01";"1125,27";"591470,67";"1212"
"270330405";"Inhapi";"1170";"4785";"15129";"2,90";"1102,32";"1846698,50";"1170"
"270340305";"Jacaré dos Homens";"1212";"1629";"5070";"2,57";"1401,48";"2029400,90";"1212"
"270350205";"Jacuípe";"1212";"1751";"5322";"2,36";"1256,31";"1075950,50";"1212"
"270360105";"Japaratinga";"1212";"2873";"9183";"2,88";"1611,18";"3107683,04";"1212"
"270370005";"Jaramataia";"1212";"1595";"4983";"2,35";"1326,67";"2012246,78";"1212"
"270375905";"Jequiá da Praia";"1212";"2985";"9453";"2,32";"1267,84";"2373267,37";"1212"
"270380905";"Joaquim Gomes";"1212";"5312";"17048";"2,94";"1147,45";"987958,31";"1212"
"270390805";"Jundiá";"1212";"1367";"4088";"2,36";"1274,22";"1237335,62";"1212"
"270400505";"Junqueiro";"1212";"8022";"23868";"1,99";"1319,10";"2050330,94";"1212"
"270410405";"Lagoa da Canoa";"1200";"5935";"18428";"2,09";"1182,49";"1392365,33";"1200"
"270420305";"Limoeiro de Anadia";"1200";"8055";"24717";"2,10";"1153,05";"1114921,19";"1200"
"270430205";"Maceió";"1250";"335721";"953183";"1,99";"3087,00";"30543189,69";"1250"
"270440105";"Major Isidoro";"1200";"4649";"13756";"2,36";"1305,21";"1904785,57";"1200"
"270440110";"Riacho do Sertão";"1200";"1231";"3928";"2,37";"1211,88";"1689496,83";"1200"
"270450005";"Maragogi";"1212";"6578";"21126";"2,83";"1735,41";"13406273,02";"1212"
"270450010";"Barra Grande";"1212";"3456";"10850";"2,89";"1567,99";"2942326,44";"1212"
"270460905";"Maravilha";"1200";"3205";"9533";"2,29";"1203,43";"1529485,96";"1200"
"270470805";"Marechal Deodoro";"1212";"19623";"60268";"2,29";"2280,48";"12893365,17";"1212"
"270480705";"Maribondo";"1212";"4435";"13669";"2,66";"1352,24";"2068027,19";"1212"
"270490605";"Mar Vermelho";"1212";"1062";"3155";"2,19";"1460,32";"4275479,50";"1212"
"270500205";"Mata Grande";"1100";"7057";"21840";"2,42";"1116,57";"1530944,27";"1100"
"270510105";"Matriz de Camaragibe";"1212";"7338";"23761";"2,67";"1288,63";"1188572,10";"1212"
"270520005";"Messias";"1212";"4969";"15312";"2,48";"1357,18";"1262975,84";"1212"
"270530905";"Minador do Negrão";"1200";"1619";"4836";"2,17";"1201,99";"2762402,68";"1200"
"270540805";"Monteirópolis";"1200";"2211";"7184";"2,61";"1194,98";"1832408,77";"1200"
"270550705";"Murici";"1212";"7704";"25071";"2,86";"1369,30";"1727478,53";"1212"
"270560605";"Novo Lino";"1212";"3241";"10015";"2,99";"1360,41";"7272863,62";"1212"
"270570505";"Olho d'Água das Flores";"1200";"6787";"20640";"2,29";"1375,39";"5246808,21";"1200"
"270580405";"Olho d'Água do Casado";"1200";"2600";"8342";"2,43";"1127,68";"921072,53";"1200"
"270590305";"Olho d'Água Grande";"1000";"1377";"4329";"2,30";"984,01";"524371,95";"1000"
"270600005";"Olivença";"1200";"3575";"10812";"2,19";"1054,91";"947317,14";"1200"
"270610905";"Ouro Branco";"1200";"3970";"11446";"2,02";"1283,05";"3335331,46";"1200"
"270620805";"Palestina";"1212";"1321";"4309";"2,59";"1385,39";"4066630,20";"1212"
"270630705";"Palmeira dos Índios";"1212";"22386";"65651";"2,10";"1649,03";"3998458,67";"1212"
"270630710";"Caldeirões de Cima";"1212";"728";"2026";"1,90";"1027,14";"470866,00";"1212"
"270630715";"Canafístula";"1212";"1334";"3754";"2,22";"1166,80";"671838,44";"1212"
"270640605";"Pão de Açúcar";"1212";"7053";"22186";"2,52";"1440,53";"3551972,23";"1212"
"270640610";"Limoeiro";"1120";"514";"1620";"2,36";"1008,31";"649491,72";"1120"
"270642205";"Pariconha";"1212";"3258";"10552";"3,11";"1169,49";"897974,24";"1212"
"270644805";"Paripueira";"1212";"4379";"13808";"2,63";"2038,55";"12677600,57";"1212"
"270650505";"Passo de Camaragibe";"1212";"4228";"13787";"2,60";"1361,46";"3906202,26";"1212"
"270660405";"Paulo Jacinto";"1212";"2291";"6576";"2,10";"1255,18";"2410548,82";"1212"
"270670305";"Penedo";"1212";"19611";"58554";"2,16";"1613,84";"5463812,02";"1212"
"270680205";"Piaçabuçu";"1200";"4665";"14158";"2,49";"1239,10";"2003198,62";"1200"
"270680210";"Pontal do Peba";"1200";"580";"1721";"2,30";"1251,77";"931956,79";"1200"
"270690105";"Pilar";"1212";"11594";"35361";"2,24";"1573,27";"2432164,82";"1212"
"270700805";"Pindoba";"1212";"829";"2715";"3,30";"1284,92";"1250140,98";"1212"
"270710705";"Piranhas";"1212";"4777";"15259";"2,49";"1824,48";"8546829,31";"1212"
"270710710";"Entremontes";"1200";"2244";"7324";"2,52";"1116,73";"799744,94";"1200"
"270720605";"Poço das Trincheiras";"800";"4049";"12480";"2,35";"961,09";"819711,88";"800"
"270730505";"Porto Calvo";"1212";"7636";"24059";"2,55";"1460,30";"10838457,93";"1212"
"270740405";"Porto de Pedras";"1212";"2185";"7106";"2,91";"1439,67";"3991601,31";"1212"
"270740410";"Tatuamunha";"1212";"635";"2121";"3,42";"1398,98";"1647467,86";"1212"
"270750305";"Porto Real do Colégio";"1200";"6507";"20038";"2,23";"1165,66";"1495852,45";"1200"
"270760205";"Quebrangulo";"1200";"3683";"11056";"2,35";"1157,86";"1538318,43";"1200"
"270770105";"Rio Largo";"1212";"31225";"93874";"2,14";"1553,38";"37650297,00";"1212"
"270780005";"Roteiro";"1212";"1987";"6468";"2,29";"1200,60";"556708,78";"1212"
"270790905";"Santa Luzia do Norte";"1212";"2184";"6918";"2,42";"1393,48";"1679315,28";"1212"
"270800605";"Santana do Ipanema";"1200";"15092";"46073";"2,31";"1402,65";"3381621,21";"1200"
"270810505";"Santana do Mundaú";"1212";"3433";"10092";"2,17";"1164,89";"1005838,82";"1212"
"270810510";"Munguba";"1200";"374";"1202";"2,72";"1115,03";"612367,75";"1200"
"270820405";"São Brás";"1212";"2123";"6536";"2,55";"1234,59";"1448756,84";"1212"
"270830305";"São José da Laje";"1212";"6822";"20805";"2,49";"1375,47";"2431814,06";"1212"
"270840205";"São José da Tapera";"1200";"9530";"30576";"2,67";"1197,50";"1669138,60";"1200"
"270850105";"São Luís do Quitunde";"1212";"9300";"30863";"2,70";"1361,68";"1632457,20";"1212"
"270860005";"São Miguel dos Campos";"1212";"16921";"51783";"2,28";"1669,30";"5017271,01";"1212"
"270870905";"São Miguel dos Milagres";"1212";"2685";"8473";"2,63";"1612,69";"2912417,85";"1212"
"270880805";"São Sebastião";"1212";"10461";"31600";"2,04";"1258,53";"1767790,41";"1212"
"270890705";"Satuba";"1300";"7879";"24274";"1,95";"2323,43";"1070552657,11";"1300"
"270895605";"Senador Rui Palmeira";"1200";"3681";"12281";"3,14";"1113,13";"792678,97";"1200"
"270900405";"Tanque d'Arca";"1212";"2063";"5788";"1,97";"1258,22";"2337148,49";"1212"
"270910305";"Taquarana";"1212";"6492";"18968";"2,06";"1252,78";"1875618,84";"1212"
"270915205";"Teotônio Vilela";"1212";"12342";"37979";"2,37";"1398,37";"2965517,06";"1212"
"270920205";"Traipu";"1180";"7349";"23519";"2,68";"1115,44";"1361127,61";"1180"
"270930105";"União dos Palmares";"1212";"17879";"52713";"2,19";"1475,78";"3211952,23";"1212"
"270930110";"Rocha Cavalcante";"1212";"1867";"5802";"2,34";"1181,22";"652096,84";"1212"
"270940005";"Viçosa";"1212";"6772";"20459";"2,48";"1405,09";"2357847,20";"1212"
"270940010";"Anel";"1212";"1145";"3529";"2,57";"1262,45";"1152362,51";"1212"
"280010005";"Amparo do São Francisco";"1212";"743";"2169";"2,22";"1494,15";"2827198,82";"1212"
"280020905";"Aquidabã";"1200";"7408";"20067";"2,01";"1310,39";"3769851,79";"1200"
"280030805";"Aracaju";"1670";"218498";"601335";"1,97";"3791,01";"31383130,34";"1670"
"280040705";"Arauá";"1200";"3630";"10307";"2,32";"1235,98";"2191123,07";"1200"
"280050605";"Areia Branca";"1212";"6149";"17294";"2,05";"1348,07";"3558301,60";"1212"
"280060505";"Barra dos Coqueiros";"1300";"14523";"41485";"2,08";"2875,12";"25668946,22";"1300"
"280067005";"Boquim";"1200";"8867";"24592";"2,05";"1423,95";"3404831,38";"1200"
"280070405";"Brejo Grande";"1200";"2471";"7824";"2,83";"1134,14";"1653274,93";"1200"
"280100905";"Campo do Brito";"1212";"6792";"18137";"1,77";"1482,77";"3468646,75";"1212"
"280110805";"Canhoba";"1200";"1268";"3785";"2,42";"1303,26";"10035277,86";"1200"
"280120705";"Canindé de São Francisco";"1200";"8712";"26770";"2,42";"1293,12";"2582711,03";"1200"
"280130605";"Capela";"1212";"8943";"26412";"2,36";"1439,06";"3633584,42";"1212"
"280130610";"Barracas";"1200";"542";"1397";"1,94";"960,83";"406438,34";"1200"
"280130615";"Miranda";"1100";"498";"1452";"2,59";"1125,77";"1745288,16";"1100"
"280130620";"Pedras";"1200";"854";"2320";"2,29";"1067,15";"660222,20";"1200"
"280140505";"Carira";"1200";"6756";"18126";"1,88";"1207,18";"2270656,03";"1200"
"280140510";"Altos Verdes";"1200";"643";"1757";"1,69";"1231,95";"1663619,18";"1200"
"280150405";"Carmópolis";"1212";"4689";"13840";"2,23";"1523,82";"5071055,52";"1212"
"280160305";"Cedro de São João";"1212";"1933";"5391";"1,96";"1460,81";"2827243,07";"1212"
"280170205";"Cristinápolis";"1100";"5757";"17032";"2,40";"1165,78";"2461107,89";"1100"
"280190005";"Cumbe";"1200";"1367";"3815";"1,81";"1277,28";"2016763,29";"1200"
"280200705";"Divina Pastora";"1212";"1453";"4340";"2,38";"1521,76";"1989164,57";"1212"
"280210605";"Estância";"1212";"23220";"64882";"2,10";"1597,23";"4696518,09";"1212"
"280220505";"Feira Nova";"1212";"2120";"5969";"2,10";"1167,03";"1454533,11";"1212"
"280230405";"Frei Paulo";"1212";"5066";"14515";"2,00";"1458,04";"2735167,81";"1212"
"280240305";"Gararu";"1212";"1878";"5452";"2,19";"1460,54";"4047875,12";"1212"
"280240310";"Lagoa Funda";"1212";"296";"814";"1,73";"1319,13";"1593362,84";"1212"
"280240315";"São Mateus da Palestina";"1000";"1775";"4788";"1,83";"1007,65";"783510,04";"1000"
"280250205";"General Maynard";"1212";"1111";"3036";"1,92";"1405,46";"1845695,19";"1212"
"280260105";"Graccho Cardoso";"1200";"2115";"5821";"1,95";"1165,39";"1458669,27";"1200"
"280270005";"Ilha das Flores";"1200";"2767";"8314";"2,50";"1075,69";"1074095,78";"1200"
"280280905";"Indiaroba";"1200";"5261";"16527";"3,22";"1231,86";"2322994,82";"1200"
"280290805";"Itabaiana";"1212";"37876";"103200";"1,69";"1803,81";"34169648,83";"1212"
"280300505";"Itabaianinha";"1200";"13328";"40616";"2,36";"1204,51";"1846629,67";"1200"
"280310405";"Itabi";"1200";"1829";"4727";"1,85";"1294,27";"1654177,19";"1200"
"280320305";"Itaporanga d'Ajuda";"1200";"12175";"34341";"2,27";"1291,38";"2154931,85";"1200"
"280330205";"Japaratuba";"1212";"5660";"16146";"2,24";"1420,20";"2700912,70";"1212"
"280340105";"Japoatã";"1212";"4575";"13397";"2,16";"1255,78";"2055549,68";"1212"
"280350005";"Lagarto";"1212";"36744";"101422";"1,91";"1549,68";"4406472,37";"1212"
"280360905";"Laranjeiras";"1212";"7833";"23972";"2,47";"1432,91";"1768849,16";"1212"
"280370805";"Macambira";"1212";"2486";"6778";"1,69";"1241,98";"1298067,16";"1212"
"280380705";"Malhada dos Bois";"1212";"1197";"3573";"2,39";"1311,29";"1067228,13";"1212"
"280390605";"Malhador";"1212";"4176";"11523";"1,81";"1263,26";"1772244,56";"1212"
"280400305";"Maruim";"1212";"5251";"15717";"2,38";"1451,67";"2079421,41";"1212"
"280410205";"Moita Bonita";"1200";"4204";"11046";"1,61";"1308,32";"2136664,78";"1200"
"280420105";"Monte Alegre de Sergipe";"1200";"4814";"14304";"2,08";"1313,07";"3319569,02";"1200"
"280430005";"Muribeca";"1212";"2775";"7816";"2,09";"1257,30";"1819885,45";"1212"
"280440905";"Neópolis";"1212";"5723";"16405";"2,14";"1431,78";"2173517,05";"1212"
"280445805";"Nossa Senhora Aparecida";"1200";"3376";"9218";"1,52";"1334,98";"3015010,38";"1200"
"280450805";"Nossa Senhora da Glória";"1212";"14291";"40769";"1,78";"1625,29";"5314795,08";"1212"
"280460705";"Nossa Senhora das Dores";"1200";"9129";"24952";"1,90";"1351,55";"2210680,81";"1200"
"280470605";"Nossa Senhora de Lourdes";"1212";"2244";"6248";"2,02";"1407,44";"2825994,41";"1212"
"280480505";"Nossa Senhora do Socorro";"1200";"2329";"6420";"2,34";"1173,24";"1130277,07";"1200"
"280480506";"Bita";"1212";"168";"447";"2,44";"1116,13";"865506,87";"1212"
"280480507";"Calumbi";"1200";"236";"639";"2,28";"1287,85";"3530128,76";"1200"
"280480508";"Camaratuba";"1212";"82";"260";"2,44";"984,16";"272096,59";"1212"
"280480510";"Lavandeira";"1212";"157";"457";"2,21";"979,22";"143684,45";"1212"
"280480511";"Oiteiro";"1212";"2134";"6228";"2,16";"1206,18";"601324,80";"1212"
"280480512";"Palestina";"1212";"7028";"20420";"2,23";"1226,60";"735739,54";"1212"
"280480513";"Porto Grande";"1200";"361";"1034";"1,64";"1294,04";"857740,14";"1200"
"280480514";"Quissamã";"1200";"60";"155";"1,40";"1127,07";"1800547,68";"1200"
"280480515";"São Brás";"1212";"6258";"17394";"1,59";"1984,67";"32553673,95";"1212"
"280480516";"Sobrado";"1212";"5786";"16495";"1,91";"1318,47";"784533,85";"1212"
"280480517";"Taboca";"1212";"4357";"12715";"2,27";"1168,89";"751136,71";"1212"
"280480518";"Taiçoca de Dentro";"1212";"23316";"67362";"2,03";"1554,13";"2132842,11";"1212"
"280480519";"Taiçoca de Fora";"1212";"14740";"41897";"2,05";"1543,89";"2164266,76";"1212"
"280490405";"Pacatuba";"1200";"4190";"12490";"2,40";"1172,08";"7322789,95";"1200"
"280500005";"Pedra Mole";"1200";"957";"2778";"1,96";"1177,09";"1036831,47";"1200"
"280510905";"Pedrinhas";"1200";"2682";"7384";"2,24";"1256,73";"2145855,71";"1200"
"280520805";"Pinhão";"1200";"2028";"5663";"2,08";"1241,43";"1715709,31";"1200"
"280530705";"Pirambu";"1212";"2627";"7877";"2,61";"1445,27";"3266178,19";"1212"
"280540605";"Poço Redondo";"1000";"10755";"33383";"2,34";"1142,05";"1949143,41";"1000"
"280550505";"Poço Verde";"1200";"8211";"21754";"1,91";"1227,13";"2161159,76";"1200"
"280560405";"Porto da Folha";"1200";"9163";"26511";"1,98";"1288,95";"3195598,19";"1200"
"280570305";"Propriá";"1212";"9183";"26548";"2,11";"1702,84";"4089772,93";"1212"
"280580205";"Riachão do Dantas";"1200";"5454";"16020";"2,35";"1261,17";"1694321,24";"1200"
"280580210";"Palmares";"1000";"819";"2284";"2,79";"893,11";"283743,31";"1000"
"280590105";"Riachuelo";"1212";"2815";"8732";"2,88";"1378,94";"1837158,11";"1212"
"280600805";"Ribeirópolis";"1212";"6528";"16968";"1,52";"1387,03";"2405020,87";"1212"
"280610705";"Rosário do Catete";"1212";"3148";"9275";"2,25";"1442,21";"2427981,35";"1212"
"280620605";"Salgado";"1212";"7332";"20267";"2,08";"1506,06";"96380996,26";"1212"
"280630505";"Santa Luzia do Itanhy";"1200";"4513";"13602";"2,91";"1049,68";"4284015,73";"1200"
"280640405";"Santana do São Francisco";"1212";"2366";"7342";"2,43";"1349,02";"2410345,71";"1212"
"280650305";"Santa Rosa de Lima";"1212";"1365";"3916";"2,49";"1201,68";"1095032,30";"1212"
"280660205";"Santo Amaro das Brotas";"1212";"3791";"11045";"2,36";"1420,17";"2496202,94";"1212"
"280670105";"São Cristóvão";"1212";"33250";"93348";"2,07";"1989,07";"7210758,96";"1212"
"280680005";"São Domingos";"1212";"3851";"10316";"1,70";"1280,45";"1390970,63";"1212"
"280690905";"São Francisco";"1212";"1142";"3243";"2,06";"1286,54";"1308583,30";"1212"
"280700605";"São Miguel do Aleixo";"1200";"1281";"3426";"1,84";"1246,52";"2187917,06";"1200"
"280710505";"Simão Dias";"1212";"15526";"42480";"1,99";"1330,54";"3269102,73";"1212"
"280720405";"Siriri";"1212";"2708";"7827";"2,50";"1989,12";"914102092,03";"1212"
"280730305";"Telha";"1212";"1117";"3274";"1,99";"1212,72";"1176491,21";"1212"
"280740205";"Tobias Barreto";"1212";"16006";"43683";"1,95";"1459,27";"4930725,95";"1212"
"280740210";"Samambaia";"1000";"1293";"3195";"1,85";"987,08";"471937,60";"1000"
"280740215";"Monte Coelhos";"800";"1270";"3388";"2,35";"919,11";"466834,24";"800"
"280750105";"Tomar do Geru";"1000";"4346";"11931";"2,12";"1061,74";"1119244,17";"1000"
"280760005";"Umbaúba";"1200";"8283";"23901";"2,24";"1210,52";"2174891,37";"1200"
"290010805";"Abaíra";"1200";"1874";"4919";"1,67";"1443,65";"5859928,97";"1200"
"290010810";"Catolés";"1200";"848";"2362";"1,98";"1130,32";"340575,74";"1200"
"290020705";"Abaré";"1212";"2090";"6709";"2,81";"1385,01";"2912548,53";"1212"
"290020710";"Ibó";"1000";"3455";"10921";"2,42";"989,87";"558215,05";"1000"
"290030605";"Acajutiba";"1200";"4768";"13751";"2,60";"1194,77";"1425173,43";"1200"
"290035505";"Adustina";"1200";"5207";"14177";"1,81";"1241,24";"2025426,86";"1200"
"290040505";"Água Fria";"1200";"3736";"9996";"2,14";"1145,38";"1275719,29";"1200"
"290040510";"Pataíba";"1200";"1712";"4475";"2,14";"1098,22";"952706,57";"1200"
"290050405";"Érico Cardoso";"1212";"3106";"10592";"2,97";"1365,89";"1447812,11";"1212"
"290060305";"Aiquara";"1212";"1506";"4433";"2,76";"1333,30";"1942908,83";"1212"
"290070205";"Alagoinhas";"1212";"50268";"136545";"1,88";"2106,01";"30218126,33";"1212"
"290070215";"Boa União";"1200";"3087";"8117";"2,05";"1133,27";"2113955,71";"1200"
"290070220";"Riacho da Guia";"1200";"2230";"6152";"2,10";"1048,34";"1057406,73";"1200"
"290080105";"Alcobaça";"1200";"5759";"16382";"2,36";"1478,48";"2877928,92";"1200"
"290080125";"São José";"1200";"2752";"7914";"2,34";"1290,31";"1908073,26";"1200"
"290090005";"Almadina";"1212";"2050";"5210";"1,96";"1384,18";"1497717,21";"1212"
"290100705";"Amargosa";"1212";"11126";"30115";"1,95";"1555,52";"4265757,40";"1212"
"290100710";"Corta Mão";"1212";"1441";"3893";"2,12";"1147,97";"3110609,26";"1212"
"290100715";"Diógenes Sampaio";"600";"559";"1503";"2,11";"831,82";"391299,89";"600"
"290100720";"Itachama";"900";"316";"921";"3,67";"986,20";"549077,86";"900"
"290110605";"Amélia Rodrigues";"1212";"7109";"20114";"2,16";"1440,56";"2142627,73";"1212"
"290110610";"Inhatá";"1212";"1217";"3211";"1,90";"1292,25";"952619,47";"1212"
"290110615";"Mata da Aliança";"800";"274";"775";"2,60";"901,59";"364233,28";"800"
"290115505";"América Dourada";"1200";"2147";"6292";"2,40";"1195,15";"1060830,19";"1200"
"290115510";"Belo Campo";"1100";"351";"1088";"2,92";"1131,10";"779431,99";"1100"
"290115515";"Prevenido";"1200";"828";"2416";"2,29";"1157,02";"895478,30";"1200"
"290115520";"Soares";"1000";"1821";"5287";"1,99";"1048,95";"797342,96";"1000"
"290120505";"Anagé";"1212";"6552";"18763";"2,03";"1213,18";"1310825,16";"1212"
"290120510";"Coquinhos";"1200";"2323";"6656";"2,20";"1006,81";"443464,12";"1200"
"290130405";"Andaraí";"1212";"2394";"6880";"2,72";"1442,88";"2686734,06";"1212"
"290130410";"Igatu";"1212";"475";"1481";"3,97";"1129,70";"1023306,39";"1212"
"290130420";"Ubiraitá";"1200";"1585";"4677";"2,60";"1128,02";"1249896,90";"1200"
"290135305";"Andorinha";"1212";"5192";"13071";"1,67";"1341,73";"1592890,28";"1212"
"290135310";"Sítio da Baraúna";"1112";"331";"836";"1,53";"953,51";"463328,74";"1112"
"290135315";"Tanquinho do Poço";"1200";"438";"1087";"1,69";"1012,99";"259470,27";"1200"
"290140305";"Angical";"1212";"2985";"9107";"2,77";"1444,83";"2296982,49";"1212"
"290140315";"Missão de Aricobé";"1212";"1561";"4604";"2,14";"1205,48";"887904,76";"1212"
"290150205";"Anguera";"1212";"3150";"11028";"4,92";"1230,45";"1320995,76";"1212"
"290160105";"Antas";"1212";"4484";"14195";"3,66";"1389,52";"5635356,84";"1212"
"290170005";"Antônio Cardoso";"1212";"1064";"3174";"2,50";"1381,62";"985296,97";"1212"
"290170012";"Oleiro";"1212";"664";"2272";"3,47";"1082,21";"337598,41";"1212"
"290170015";"Poço";"1212";"969";"3290";"3,72";"1103,91";"626775,87";"1212"
"290170020";"Santo Estevão Velho";"1212";"741";"2408";"2,48";"1228,40";"683726,05";"1212"
"290180905";"Antônio Gonçalves";"1212";"3543";"10840";"2,66";"1317,14";"1982068,77";"1212"
"290190805";"Aporá";"1100";"2394";"6951";"2,55";"1139,23";"1889282,53";"1100"
"290190810";"Itamira";"1212";"3249";"8903";"1,97";"1234,30";"1933603,42";"1212"
"290195705";"Apuarema";"1212";"2489";"6880";"2,20";"1331,51";"2080031,88";"1212"
"290200505";"Aracatu";"1200";"4607";"13935";"2,18";"1223,83";"901849,03";"1200"
"290205405";"Araçás";"1212";"4117";"11550";"2,28";"1261,29";"3697945,61";"1212"
"290210405";"Araci";"1000";"16939";"48235";"2,23";"1108,69";"1429544,77";"1000"
"290220305";"Aramari";"1200";"3492";"9808";"2,39";"1282,55";"1476358,29";"1200"
"290225205";"Arataca";"1212";"2912";"8692";"3,57";"1190,95";"2429876,78";"1212"
"290225210";"Itatingui";"1200";"547";"1456";"2,61";"1218,51";"1096438,53";"1200"
"290230205";"Aratuípe";"900";"2556";"7076";"2,15";"1087,98";"2867933,73";"900"
"290230210";"Maragogipinho";"1200";"558";"1589";"2,02";"1117,59";"759820,93";"1200"
"290240105";"Aurelino Leal";"1212";"2905";"8369";"2,65";"1354,20";"1857070,54";"1212"
"290240110";"Laje do Banco";"1212";"464";"1273";"2,54";"1162,08";"825638,19";"1212"
"290240115";"Poço Central";"1200";"581";"1528";"2,56";"1147,38";"715325,07";"1200"
"290250005";"Baianópolis";"1212";"1643";"4915";"1,99";"1594,88";"4051865,05";"1212"
"290250010";"Várzeas";"1200";"2769";"8672";"2,42";"1299,97";"2469809,66";"1200"
"290260905";"Baixa Grande";"1200";"6490";"18164";"2,56";"1204,74";"1968485,28";"1200"
"290265805";"Banzaê";"1200";"3931";"11920";"3,03";"1217,41";"1349631,52";"1200"
"290270805";"Barra";"1200";"11493";"37241";"2,96";"1368,12";"2629160,82";"1200"
"290270815";"Ibiraba";"600";"3309";"11583";"3,10";"982,09";"393315,09";"600"
"290270820";"Igarité";"1000";"667";"2122";"3,25";"1001,01";"424946,50";"1000"
"290280705";"Barra da Estiva";"1200";"7458";"22723";"2,11";"1442,53";"3634661,63";"1200"
"290280710";"Triunfo do Sincorá";"1200";"1175";"3225";"1,90";"984,63";"325894,12";"1200"
"290290605";"Barra do Choça";"1212";"10362";"30819";"2,20";"1357,65";"2327541,40";"1212"
"290290610";"Barra Nova";"1200";"1898";"5674";"2,40";"1061,61";"895344,00";"1200"
"290300305";"Barra do Mendes";"1212";"4130";"11172";"1,99";"1492,61";"3798716,03";"1212"
"290300307";"Antari";"1200";"406";"1188";"2,50";"1116,44";"487900,40";"1200"
"290300310";"Minas do Espírito Santo";"1200";"508";"1464";"2,20";"1037,62";"412447,30";"1200"
"290310205";"Barra do Rocha";"1212";"2141";"5772";"2,38";"1341,99";"1698158,12";"1212"
"290320105";"Barreiras";"1215";"54354";"159175";"2,08";"2594,29";"192962675,67";"1215"
"290323505";"Barro Alto";"1200";"1978";"5654";"2,00";"1262,88";"3213313,49";"1200"
"290323510";"Lagoa do Boi";"1200";"1944";"5459";"2,03";"1173,96";"1376273,75";"1200"
"290323515";"Lagoa Funda";"1200";"826";"2334";"1,75";"1118,66";"1321879,40";"1200"
"290327605";"Barrocas";"1200";"5209";"15200";"1,76";"1173,90";"1729901,33";"1200"
"290330005";"Barro Preto";"1212";"2242";"5833";"2,08";"1324,53";"1292385,86";"1212"
"290340905";"Belmonte";"1212";"3689";"10030";"2,44";"1853,83";"248776815,98";"1212"
"290340910";"Boca do Córrego";"1212";"1232";"3426";"2,03";"1288,71";"1250447,80";"1212"
"290340915";"Mogiquiçaba";"1212";"2338";"6598";"2,29";"1272,26";"1287808,75";"1212"
"290350805";"Belo Campo";"1200";"6361";"18381";"2,13";"1227,96";"1363669,35";"1200"
"290360705";"Biritinga";"1212";"5358";"15128";"2,34";"1119,25";"1002480,23";"1212"
"290370605";"Boa Nova";"1200";"4728";"13670";"2,47";"1194,73";"1377485,38";"1200"
"290380505";"Boa Vista do Tupim";"1200";"4984";"14156";"2,29";"1109,21";"1413908,04";"1200"
"290380510";"Terra Boa";"1210";"937";"2667";"2,65";"1022,43";"347568,80";"1210"
"290390405";"Bom Jesus da Lapa";"1212";"18441";"57623";"2,62";"1743,02";"6280175,86";"1212"
"290390407";"Favelândia";"1200";"1040";"2963";"2,29";"1060,40";"592685,71";"1200"
"290390410";"Formoso";"1212";"1437";"4641";"2,48";"1547,79";"9705202,50";"1212"
"290395305";"Bom Jesus da Serra";"1200";"2621";"7991";"2,59";"1117,36";"891744,12";"1200"
"290395310";"Água Bela";"1200";"549";"1738";"3,04";"976,66";"474162,93";"1200"
"290400105";"Boninal";"1212";"3441";"10827";"2,55";"1285,94";"1458076,01";"1212"
"290400110";"Bastião";"1200";"898";"2713";"2,76";"1203,95";"650453,52";"1200"
"290405005";"Bonito";"1200";"5413";"15800";"2,21";"1172,58";"1325384,38";"1200"
"290410005";"Boquira";"1212";"4728";"14179";"2,38";"1264,21";"2153867,78";"1212"
"290410010";"Bucuituba";"1212";"1720";"5136";"2,44";"1032,48";"387253,57";"1212"
"290420905";"Botuporã";"1212";"3637";"11020";"2,15";"1203,35";"2201142,94";"1212"
"290430805";"Brejões";"1212";"4728";"12900";"2,19";"1190,64";"1714270,79";"1212"
"290440705";"Brejolândia";"1212";"3190";"9100";"2,01";"1286,02";"1323419,61";"1212"
"290450605";"Brotas de Macaúbas";"1200";"2571";"6754";"1,97";"1385,13";"2959858,10";"1200"
"290450610";"Ouricuri do Ouro";"1200";"1053";"3056";"2,90";"1164,36";"671888,91";"1200"
"290450615";"Saudável";"1212";"628";"1915";"3,08";"1040,96";"370603,54";"1212"
"290460505";"Brumado";"1212";"20843";"59947";"1,81";"1942,10";"7203946,57";"1212"
"290460510";"Cristalândia";"1212";"752";"2062";"1,58";"1077,12";"515024,60";"1212"
"290460515";"Itaquaraí";"1212";"1612";"4547";"1,55";"1170,54";"717734,82";"1212"
"290460520";"Ubiraçaba";"800";"1328";"3906";"1,80";"874,99";"303941,29";"800"
"290470405";"Buerarema";"1212";"5719";"14771";"2,08";"1461,30";"2460560,64";"1212"
"290475305";"Buritirama";"1100";"5900";"19576";"2,50";"1111,31";"1052443,16";"1100"
"290480305";"Caatiba";"1212";"2175";"6189";"2,20";"1280,63";"1589951,83";"1212"
"290485205";"Cabaceiras do Paraguaçu";"1200";"3939";"12540";"2,87";"1151,70";"2341375,92";"1200"
"290485210";"Geolândia";"1212";"1258";"3989";"2,90";"1275,68";"1498330,90";"1212"
"290490205";"Cachoeira";"1212";"6221";"16988";"2,27";"1563,66";"20436201,11";"1212"
"290490210";"Belém da Cachoeira";"1212";"2704";"7336";"1,96";"1623,03";"4125841,72";"1212"
"290490215";"Santiago do Iguape";"900";"1788";"4845";"2,29";"993,91";"546118,67";"900"
"290500805";"Caculé";"1212";"7827";"22428";"1,85";"1608,09";"4102580,06";"1212"
"290510705";"Caém";"1212";"3560";"10364";"2,80";"1273,28";"4685033,70";"1212"
"290515605";"Caetanos";"1200";"2273";"7029";"2,37";"1207,79";"1068808,76";"1200"
"290515610";"Alegre";"1212";"717";"2118";"1,76";"984,36";"548039,24";"1212"
"290515615";"Caldeirão";"1200";"682";"2096";"2,23";"1041,43";"593302,35";"1200"
"290520605";"Caetité";"1212";"13124";"38160";"1,91";"2085,15";"190802348,42";"1212"
"290520610";"Brejinho das Ametistas";"1212";"1420";"4087";"1,92";"1118,09";"393552,75";"1212"
"290520615";"Caldeiras";"1200";"1131";"3571";"2,48";"935,30";"476666,43";"1200"
"290520625";"Maniaçu";"1200";"1489";"4562";"2,12";"1129,72";"7220227,68";"1200"
"290520630";"Pajeú do Vento";"1212";"502";"1499";"2,31";"986,67";"241390,86";"1212"
"290530505";"Cafarnaum";"1200";"4512";"13623";"2,15";"1185,20";"2189350,40";"1200"
"290530510";"Canal";"600";"1300";"3835";"1,93";"838,54";"689236,41";"600"
"290540405";"Cairu";"1212";"994";"2967";"2,51";"1561,55";"7973462,76";"1212"
"290540410";"Galeão";"1120";"305";"868";"2,40";"1080,21";"664979,14";"1120"
"290540415";"Gamboa";"1250";"3913";"10204";"1,97";"1769,59";"4996531,13";"1250"
"290540420";"Velha Boipeba";"1212";"1316";"3674";"2,20";"1595,20";"4092599,03";"1212"
"290550305";"Caldeirão Grande";"1200";"4290";"13073";"2,59";"1097,31";"956391,29";"1200"
"290560205";"Camacan";"1212";"6647";"18231";"2,18";"1610,52";"18279789,31";"1212"
"290560220";"São João do Panelinha";"1212";"1641";"4288";"2,17";"1355,35";"1944514,50";"1212"
"290570105";"Camaçari";"1212";"68002";"185938";"1,84";"1923,87";"155619222,24";"1212"
"290570110";"Abrantes";"1600";"29275";"79452";"1,76";"3231,02";"22733510,92";"1600"
"290570120";"Monte Gordo";"1212";"12663";"34470";"1,98";"2399,38";"3136814140,34";"1212"
"290580005";"Camamu";"1212";"6554";"18996";"2,41";"1415,42";"2492855,18";"1212"
"290580010";"Barcelos do Sul";"700";"1201";"3821";"3,68";"923,12";"711770,76";"700"
"290580020";"Tapuia";"1000";"2672";"7613";"2,79";"1011,95";"816333,81";"1000"
"290590905";"Campo Alegre de Lourdes";"1200";"8180";"24769";"2,23";"1219,84";"2601430,00";"1200"
"290590910";"Peixe";"1100";"1913";"5855";"2,37";"1072,73";"1047612,54";"1100"
"290600605";"Campo Formoso";"1200";"20605";"60047";"2,02";"1384,85";"3242628,61";"1200"
"290600615";"Laje dos Negros";"600";"3682";"11218";"2,62";"869,60";"484062,31";"600"
"290610505";"Canápolis";"1212";"3307";"10209";"2,27";"1146,66";"1421806,13";"1212"
"290620405";"Canarana";"1200";"4449";"13326";"2,04";"1216,59";"4146501,12";"1200"
"290620420";"Paz de Salobro";"1100";"3855";"10796";"1,85";"1149,36";"985738,06";"1100"
"290630305";"Canavieiras";"1212";"9266";"25533";"2,23";"1611,40";"5867561,12";"1212"
"290630315";"Ouricana";"1200";"1552";"3989";"2,86";"1104,00";"1237539,91";"1200"
"290630320";"Poxim do Sul";"1212";"1085";"2813";"2,39";"1235,64";"1164331,78";"1212"
"290640205";"Candeal";"1212";"2774";"7771";"2,38";"1171,63";"1036696,30";"1212"
"290650105";"Candeias";"1212";"21725";"59486";"1,85";"1848,79";"77116286,06";"1212"
"290650110";"Caboto";"1200";"582";"1548";"1,83";"1658,77";"8346049,55";"1200"
"290650115";"Caroba";"1212";"1445";"4152";"2,18";"1314,13";"2611229,50";"1212"
"290650120";"Madeira";"1000";"8";"30";"2,50";"1460,00";"2490533,33";"1000"
"290650125";"Menino Jesus";"1200";"512";"1394";"1,87";"1455,25";"2145693,20";"1200"
"290650130";"Passagem dos Teixeiras";"1200";"1068";"2786";"1,74";"1405,43";"1108670,44";"1200"
"290650135";"Passé";"1200";"1097";"2912";"1,85";"1189,76";"968752,62";"1200"
"290660005";"Candiba";"1212";"3405";"9768";"1,70";"1368,19";"3378179,19";"1212"
"290660015";"Pilões";"1212";"1074";"3241";"1,87";"1302,06";"6178450,94";"1212"
"290670905";"Cândido Sales";"1200";"5970";"16810";"2,09";"1378,95";"7804957,97";"1200"
"290670915";"Lagoa Grande";"1200";"1198";"3531";"2,23";"1016,89";"548433,28";"1200"
"290670920";"Quaraçu";"1212";"1722";"4885";"1,99";"1135,91";"849153,58";"1212"
"290680805";"Cansanção";"1200";"12743";"37402";"2,26";"1146,77";"1443282,27";"1200"
"290682405";"Canudos";"1200";"4078";"12163";"2,60";"1372,11";"4548723,15";"1200"
"290682410";"Bedengó";"1200";"1368";"3914";"2,40";"1078,71";"469707,98";"1200"
"290685705";"Capela do Alto Alegre";"1212";"4309";"10740";"1,55";"1279,52";"1895712,07";"1212"
"290687305";"Capim Grosso";"1212";"12296";"33212";"1,82";"1477,26";"6376638,08";"1212"
"290689905";"Caraíbas";"1212";"1707";"4933";"2,32";"1243,86";"1012453,01";"1212"
"290689940";"Vila Mariana";"1200";"1743";"4981";"2,25";"1184,25";"676279,23";"1200"
"290690705";"Caravelas";"1212";"2579";"7321";"2,30";"1780,74";"4201968,94";"1212"
"290690710";"Juerana";"1200";"1976";"5616";"2,29";"1372,80";"1419195,36";"1200"
"290690715";"Ponta da Areia";"1212";"1452";"4089";"2,22";"1619,95";"5812126,76";"1212"
"290690720";"Santo Antônio de Barcelona";"1212";"1211";"3470";"2,07";"1523,89";"1957413,44";"1212"
"290700405";"Cardeal da Silva";"1200";"2825";"8353";"2,51";"1105,61";"1131675,32";"1200"
"290710305";"Carinhanha";"1200";"6058";"18715";"2,43";"1329,07";"4150043,05";"1200"
"290710310";"Barra da Parateca";"919";"3234";"10049";"2,43";"980,00";"550424,29";"918.5"
"290720205";"Casa Nova";"1200";"12722";"39595";"2,63";"1374,94";"2727470,65";"1200"
"290720210";"Bem-Bom";"600";"1370";"3989";"2,19";"948,21";"403885,55";"600"
"290720215";"Luís Viana";"1200";"2589";"7100";"2,17";"1112,01";"402010,27";"1200"
"290720220";"Pau a Pique";"1200";"1632";"5050";"2,58";"979,94";"585287,80";"1200"
"290720225";"Sobrado";"1212";"5096";"16306";"2,65";"1262,93";"453758,24";"1212"
"290730105";"Castro Alves";"1212";"5733";"16172";"2,36";"1510,57";"3425899,78";"1212"
"290730115";"Crussai";"1212";"906";"2567";"2,06";"1235,89";"820451,16";"1212"
"290730125";"Petim";"1200";"1104";"3252";"2,27";"1027,06";"249472,78";"1200"
"290730130";"Sítio do Meio";"1212";"963";"2682";"2,01";"1147,11";"648595,40";"1212"
"290740005";"Catolândia";"1212";"1123";"3430";"2,70";"1251,66";"978437,58";"1212"
"290750905";"Catu";"1212";"15145";"39836";"1,58";"1803,87";"5627434,35";"1212"
"290750910";"Bela Flor";"1200";"1240";"3073";"1,70";"1066,60";"804814,01";"1200"
"290750915";"Sítio Novo";"1200";"1919";"5213";"1,87";"1282,20";"1076630,32";"1200"
"290755805";"Caturama";"1200";"3015";"8812";"2,13";"1211,54";"1253933,58";"1200"
"290760805";"Central";"1200";"5726";"16317";"2,10";"1279,79";"2602846,60";"1200"
"290770705";"Chorrochó";"1212";"3214";"10576";"3,56";"1218,51";"1886259,21";"1212"
"290780605";"Cícero Dantas";"1200";"9924";"25956";"1,75";"1365,80";"2835820,24";"1200"
"290780615";"São João da Fortaleza";"1200";"1748";"4910";"2,14";"1008,56";"558537,39";"1200"
"290790505";"Cipó";"1200";"5711";"17221";"2,44";"1353,24";"3166247,34";"1200"
"290800205";"Coaraci";"1212";"5760";"15212";"2,03";"1385,47";"2195788,98";"1212"
"290800210";"Itamotinga";"1212";"468";"1088";"1,69";"1166,35";"528050,02";"1212"
"290800220";"São Roque";"1212";"433";"1028";"1,65";"1096,52";"335158,49";"1212"
"290810105";"Cocos";"1212";"6278";"19077";"2,06";"1310,42";"4113840,71";"1212"
"290820005";"Conceição da Feira";"1212";"6923";"20767";"2,46";"1333,60";"1422254,53";"1212"
"290830905";"Conceição do Almeida";"1212";"3948";"10932";"2,16";"1438,83";"2939879,93";"1212"
"290830910";"Comércio";"1212";"807";"2122";"1,82";"1206,83";"817330,57";"1212"
"290830915";"Rio da Dona";"1212";"989";"2680";"2,01";"1221,20";"631177,27";"1212"
"290840805";"Conceição do Coité";"1212";"17396";"48325";"1,84";"1597,96";"7772149,32";"1212"
"290840806";"Bandiaçu";"1212";"1452";"4061";"1,99";"1134,87";"717184,65";"1212"
"290840808";"Joazeiro";"1200";"1259";"3377";"1,84";"1113,36";"932753,84";"1200"
"290840809";"São João";"1200";"736";"1999";"1,66";"1079,47";"1240047,20";"1200"
"290840810";"Salgadália";"1200";"2622";"7538";"2,04";"1131,11";"730730,81";"1200"
"290840815";"Aroeira";"1200";"877";"2509";"2,36";"1025,03";"607492,78";"1200"
"290850705";"Conceição do Jacuípe";"1212";"12810";"35280";"1,99";"1568,51";"4003612,98";"1212"
"290860605";"Conde";"1200";"7680";"23571";"3,04";"1238,19";"2356895,38";"1200"
"290870505";"Condeúba";"1212";"3844";"11145";"1,92";"1475,41";"3270675,46";"1212"
"290870508";"Alegre";"1200";"2031";"5902";"1,97";"1105,01";"799234,61";"1200"
"290880405";"Contendas do Sincorá";"1212";"1060";"2973";"2,06";"1415,20";"1384095,01";"1212"
"290880410";"Caraibuna";"1200";"456";"1350";"2,32";"1167,74";"422452,79";"1200"
"290890305";"Coração de Maria";"1212";"5134";"15143";"2,40";"1439,93";"3669140,59";"1212"
"290890310";"Itacava";"1212";"1630";"4927";"2,96";"1111,54";"1476172,61";"1212"
"290890330";"Retiro";"1212";"2168";"6586";"3,06";"1173,73";"1023054,11";"1212"
"290900005";"Cordeiros";"1200";"2639";"7546";"1,85";"1348,33";"1404897,74";"1200"
"290910905";"Coribe";"1212";"3070";"8594";"1,95";"1475,08";"5538023,80";"1212"
"290910910";"Descoberto";"1200";"1912";"5353";"1,92";"1080,45";"2021511,59";"1200"
"290920805";"Coronel João Sá";"1200";"6026";"17047";"2,14";"1193,98";"1829836,80";"1200"
"290930705";"Correntina";"1212";"9789";"28142";"2,05";"1580,36";"6055594,43";"1212"
"290930710";"São Manoel do Norte";"1212";"516";"1340";"1,43";"1498,05";"1224414,30";"1212"
"290930715";"Rosário";"1500";"955";"2875";"1,99";"2351,14";"18434163,13";"1500"
"290940605";"Cotegipe";"1212";"2901";"8281";"2,26";"1298,77";"1840522,10";"1212"
"290940610";"Jupaguá";"1212";"1097";"3548";"3,27";"1139,86";"1000224,04";"1212"
"290940615";"Taguá";"1212";"413";"1211";"2,32";"1416,94";"1172019,32";"1212"
"290950505";"Cravolândia";"1200";"1619";"4415";"2,21";"1206,32";"1115075,72";"1200"
"290960405";"Crisópolis";"1200";"5133";"13956";"2,10";"1091,71";"1126351,33";"1200"
"290960410";"Buril";"800";"2136";"5736";"1,97";"891,81";"615771,65";"800"
"290970305";"Cristópolis";"1200";"4675";"13978";"2,14";"1279,87";"2153691,02";"1200"
"290980205";"Cruz das Almas";"1212";"21726";"60257";"1,86";"1945,96";"8171537,10";"1212"
"290990105";"Curaçá";"1212";"5542";"17194";"2,66";"1470,37";"4282889,72";"1212"
"290990110";"Barro Vermelho";"1200";"266";"640";"1,91";"1190,11";"714012,00";"1200"
"290990115";"Patamuté";"1200";"847";"2318";"2,59";"981,90";"266479,24";"1200"
"290990120";"Poço de Fora";"1212";"582";"1566";"1,98";"1343,15";"892292,46";"1212"
"290990125";"Riacho Seco";"600";"4002";"12428";"2,50";"966,91";"803850,54";"600"
"291000805";"Dário Meira";"1212";"3793";"10805";"2,64";"1226,61";"1030447,65";"1212"
"291005705";"Dias d'Ávila";"1212";"25852";"71279";"1,95";"1660,36";"4406860,64";"1212"
"291010705";"Dom Basílio";"1212";"3782";"11878";"2,02";"1298,17";"4137868,38";"1212"
"291020605";"Dom Macedo Costa";"1212";"1639";"4405";"1,79";"1294,76";"1376438,14";"1212"
"291030505";"Elísio Medrado";"1212";"2200";"5860";"1,97";"1403,71";"4792168,86";"1212"
"291030510";"Monte Cruzeiro";"1212";"782";"1937";"1,68";"1036,40";"1016203,92";"1212"
"291040405";"Encruzilhada";"1212";"3431";"9418";"2,21";"1212,06";"3561551,30";"1212"
"291040420";"Vila do Cafe";"1200";"3332";"9663";"2,25";"1076,60";"1838272,96";"1200"
"291050305";"Entre Rios";"1212";"9063";"25369";"2,08";"1503,25";"5998033,14";"1212"
"291050310";"Ibatuí";"1212";"1001";"2661";"2,14";"1132,30";"3637655,33";"1212"
"291050315";"Subaúma";"1212";"3604";"9816";"2,03";"1586,98";"84720142,45";"1212"
"291060205";"Esplanada";"1212";"7936";"24025";"2,59";"1527,95";"6095620,31";"1212"
"291060210";"Palame";"1212";"1612";"4801";"3,14";"1117,76";"1118158,08";"1212"
"291060220";"São José do Mucambo";"1212";"1276";"3693";"2,50";"1035,54";"581964,26";"1212"
"291070105";"Euclides da Cunha";"1210";"17324";"49466";"2,23";"1503,72";"11180000,86";"1210"
"291070107";"Aribicé";"1200";"1086";"2806";"1,84";"1120,90";"579902,66";"1200"
"291070109";"Caimbé";"1200";"2030";"5451";"2,16";"1109,99";"579478,18";"1200"
"291070115";"Massacará";"1200";"1276";"3631";"2,28";"1020,50";"354231,94";"1200"
"291072705";"Eunápolis";"1212";"41385";"113177";"1,93";"2117,32";"12129287,95";"1212"
"291075005";"Fátima";"1200";"6801";"17894";"1,60";"1256,64";"22424072,70";"1200"
"291077605";"Feira da Mata";"1200";"1417";"4131";"2,02";"1268,55";"1388556,23";"1200"
"291077620";"Ramalho";"1212";"559";"1494";"1,85";"1049,53";"466083,31";"1212"
"291080005";"Feira de Santana";"1212";"199023";"549348";"1,85";"2314,07";"14428190,59";"1212"
"291080010";"Bonfim da Feira";"1200";"1012";"2890";"2,36";"1136,59";"709572,99";"1200"
"291080015";"Humildes";"1212";"6642";"18778";"1,96";"1280,02";"773402,35";"1212"
"291080020";"Governador Dr. João Durval Carneiro";"1212";"1220";"3687";"2,56";"1116,47";"548966,63";"1212"
"291080025";"Jaguara";"1200";"1435";"3968";"2,37";"1094,09";"227462,50";"1200"
"291080030";"Jaíba";"1200";"1585";"4753";"2,37";"1190,25";"1059053,33";"1200"
"291080035";"Maria Quitéria";"1200";"5436";"15943";"2,35";"1142,00";"775923,81";"1200"
"291080038";"Matinha";"1212";"3668";"10571";"2,26";"1209,26";"505747,15";"1212"
"291080040";"Tiquaruçu";"1212";"1563";"4348";"2,23";"1246,46";"643688,02";"1212"
"291085905";"Filadélfia";"1200";"6075";"17895";"2,11";"1178,25";"1910934,43";"1200"
"291090905";"Firmino Alves";"1212";"1193";"3214";"2,07";"1428,79";"1645915,52";"1212"
"291090910";"Itaiá";"1212";"605";"1649";"2,17";"1193,29";"613349,04";"1212"
"291100605";"Floresta Azul";"1212";"3862";"11058";"2,44";"1355,90";"1689391,85";"1212"
"291110505";"Formosa do Rio Preto";"1212";"8137";"25776";"2,77";"1624,06";"4679079,80";"1212"
"291120405";"Gandu";"1212";"11898";"32108";"2,15";"1560,46";"26534679,82";"1212"
"291125305";"Gavião";"1212";"1660";"4360";"1,97";"1274,74";"1531241,24";"1212"
"291130305";"Gentio do Ouro";"1200";"1625";"5019";"2,26";"1293,09";"1546604,51";"1200"
"291130310";"Gameleira do Assuruá";"1200";"211";"618";"2,40";"1238,24";"530365,81";"1200"
"291130315";"Ibitunane";"1200";"496";"1389";"1,80";"961,66";"337296,52";"1200"
"291130320";"Itajubaquara";"1212";"624";"1904";"2,32";"987,41";"348379,28";"1212"
"291130323";"Pituba";"1212";"527";"1384";"1,44";"1101,44";"355878,47";"1212"
"291130325";"Santo Inácio";"1200";"162";"557";"4,10";"1223,46";"573387,96";"1200"
"291140205";"Glória";"1212";"5406";"15469";"2,16";"1274,51";"1684262,44";"1212"
"291150105";"Gongogi";"1210";"1386";"3948";"2,59";"1280,63";"2041237,71";"1210"
"291150110";"Tapirama";"1212";"600";"1602";"1,88";"1138,23";"724525,47";"1212"
"291160005";"Governador Mangabeira";"1212";"7000";"20458";"2,21";"1357,94";"1989993,83";"1212"
"291165905";"Guajeru";"1212";"2770";"8049";"1,94";"1272,86";"712486,51";"1212"
"291170905";"Guanambi";"1212";"23965";"68812";"1,86";"2198,51";"11662034,44";"1212"
"291170910";"Ceraíma";"1212";"2532";"7602";"1,98";"1298,19";"2966850,60";"1212"
"291170912";"Morrinhos";"1212";"1180";"3483";"1,75";"1148,81";"408733,45";"1212"
"291170915";"Mutãs";"1212";"2702";"7794";"1,87";"1166,54";"1025701,40";"1212"
"291180805";"Guaratinga";"1200";"5650";"14822";"1,92";"1344,91";"2330783,91";"1200"
"291180810";"Buranhém";"1200";"1594";"4194";"1,92";"1240,87";"922909,32";"1200"
"291185705";"Heliópolis";"1200";"4479";"12258";"1,98";"1214,37";"1456480,20";"1200"
"291190705";"Iaçu";"1200";"6463";"17306";"2,07";"1388,38";"2416958,75";"1200"
"291190710";"João Amaro";"1212";"1720";"4980";"2,61";"1205,71";"803708,62";"1212"
"291190715";"Lajedo Alto";"1212";"823";"2294";"2,51";"1094,61";"474440,75";"1212"
"291200405";"Ibiassucê";"1212";"3531";"10426";"1,93";"1486,83";"2154180,01";"1212"
"291210305";"Ibicaraí";"1212";"8317";"21619";"2,02";"1545,58";"6416381,78";"1212"
"291220205";"Ibicoara";"1212";"3188";"9425";"2,12";"1482,44";"2511556,05";"1212"
"291220215";"Cascavel";"1212";"3620";"11334";"2,02";"1468,24";"2707894,68";"1212"
"291230105";"Ibicuí";"1212";"4276";"11207";"1,87";"1480,46";"7783439,83";"1212"
"291230110";"Água Doce";"1212";"490";"1212";"1,86";"1196,21";"415940,54";"1212"
"291230115";"Ibitupã";"1212";"548";"1499";"2,30";"1302,06";"1752506,07";"1212"
"291240005";"Ibipeba";"1200";"3535";"9948";"2,07";"1257,44";"5397710,75";"1200"
"291240010";"Iguitu";"900";"677";"1961";"2,28";"1026,42";"635075,88";"900"
"291240015";"Lagoa Grande";"1200";"428";"1143";"1,86";"1261,32";"1882359,07";"1200"
"291240020";"Mirorós";"1200";"1177";"3525";"2,19";"1127,91";"1130523,35";"1200"
"291250905";"Ibipitanga";"1212";"4755";"13863";"1,93";"1372,24";"3537522,72";"1212"
"291260805";"Ibiquera";"1200";"1286";"3724";"2,53";"1202,46";"1012263,98";"1200"
"291270705";"Ibirapitanga";"1200";"8359";"25311";"3,34";"1186,25";"1773801,30";"1200"
"291280605";"Ibirapuã";"1212";"3218";"8884";"2,01";"1738,44";"7084039,36";"1212"
"291290505";"Ibirataia";"1212";"5382";"14817";"2,02";"1376,55";"1911703,97";"1212"
"291290510";"Algodão";"1212";"1531";"3952";"2,14";"1157,66";"820606,34";"1212"
"291300205";"Ibitiara";"1212";"2049";"5701";"2,04";"1485,38";"2985695,43";"1212"
"291300208";"Mocambo";"1212";"1592";"4525";"2,47";"1014,29";"404846,92";"1212"
"291300210";"Olhos d'Água do Seco";"1212";"1445";"4326";"2,72";"1139,12";"744671,24";"1212"
"291310105";"Ibititá";"1200";"3940";"11413";"2,02";"1267,03";"3680312,23";"1200"
"291310120";"Canoão";"1200";"1098";"2960";"1,93";"1239,53";"685048,61";"1200"
"291310130";"Feira Nova";"1200";"965";"2561";"1,62";"1020,08";"347231,60";"1200"
"291320005";"Ibotirama";"1212";"8804";"25300";"2,11";"1532,10";"3165360,97";"1212"
"291320010";"Boa Vista do Lagamar";"1200";"339";"953";"2,33";"955,85";"327112,30";"1200"
"291330905";"Ichu";"1212";"2173";"6180";"2,16";"1326,80";"1578534,46";"1212"
"291340805";"Igaporã";"1212";"4884";"15513";"2,47";"1405,55";"2774646,19";"1212"
"291345705";"Igrapiúna";"1200";"4484";"13134";"2,75";"1217,05";"10774341,47";"1200"
"291350705";"Iguaí";"1200";"6049";"16439";"2,09";"1394,35";"5220716,07";"1200"
"291350710";"Iguaibi";"1200";"1902";"5001";"2,26";"1073,64";"1030309,98";"1200"
"291360605";"Ilhéus";"1212";"56638";"151915";"1,98";"2450,70";"39432414,90";"1212"
"291360610";"Aritaguá";"1212";"2208";"5859";"2,25";"1688,89";"4705440,94";"1212"
"291360615";"Banco Central";"1212";"488";"1232";"2,49";"1347,40";"355293,11";"1212"
"291360625";"Castelo Novo";"1212";"350";"969";"2,31";"1167,71";"1099841,88";"1212"
"291360630";"Coutos";"1212";"858";"2214";"2,13";"1331,64";"3281810,18";"1212"
"291360635";"Inema";"1212";"449";"1117";"1,81";"1196,35";"680373,42";"1212"
"291360640";"Japu";"1212";"332";"762";"2,16";"1112,29";"401173,06";"1212"
"291360645";"Olivença";"1212";"3127";"8599";"2,57";"1873,66";"7712529,88";"1212"
"291360650";"Pimenteira";"1212";"313";"750";"2,16";"1129,42";"465204,41";"1212"
"291360655";"Banco do Pedro";"1212";"1056";"2813";"2,58";"1132,24";"505628,29";"1212"
"291360665";"Sambaituba";"1212";"760";"1961";"1,90";"1281,15";"990954,10";"1212"
"291370505";"Inhambupe";"1200";"12147";"33722";"2,17";"1272,69";"1995309,25";"1200"
"291380405";"Ipecaetá";"1200";"2991";"10136";"3,91";"1056,27";"612590,67";"1200"
"291380410";"Cavunge";"1212";"1111";"3558";"2,87";"1029,07";"595652,99";"1212"
"291390305";"Ipiaú";"1212";"14843";"40553";"2,01";"1750,97";"40168369,22";"1212"
"291400005";"Ipirá";"1200";"17684";"47614";"1,98";"1325,11";"2990325,15";"1200"
"291400015";"Bonfim de Ipirá";"1200";"1398";"3643";"1,76";"1045,50";"376465,85";"1200"
"291400025";"Malhador";"1200";"2135";"5575";"1,93";"1062,75";"2069403,43";"1200"
"291410905";"Ipupiara";"1200";"2458";"6981";"2,03";"1469,96";"3528650,51";"1200"
"291410910";"Ibipetum";"1200";"1093";"2951";"1,59";"1199,65";"708658,09";"1200"
"291420805";"Irajuba";"1212";"2191";"6090";"2,32";"1337,68";"3499226,04";"1212"
"291430705";"Iramaia";"1200";"1619";"4563";"2,41";"1182,80";"946595,23";"1200"
"291430710";"Novo Acre";"1212";"2065";"6167";"2,59";"1151,34";"1611074,82";"1212"
"291440605";"Iraquara";"1200";"6843";"20092";"2,13";"1297,60";"2382379,67";"1200"
"291440610";"Iraporanga";"1200";"1303";"3756";"2,25";"1155,02";"839091,63";"1200"
"291450505";"Irará";"1200";"8748";"24474";"2,26";"1357,11";"2677844,32";"1200"
"291450510";"Bento Simões";"1200";"1194";"3511";"2,82";"1124,88";"681001,40";"1200"
"291460405";"Irecê";"1212";"23069";"65998";"1,97";"2165,96";"21047598,12";"1212"
"291460425";"Angical";"1212";"1004";"2792";"2,05";"1514,26";"2599152,09";"1212"
"291460430";"Conquista";"1212";"189";"566";"2,28";"1263,51";"1202394,81";"1212"
"291460435";"Itapicuru";"1212";"1721";"4992";"1,82";"1488,50";"4364162,91";"1212"
"291465305";"Itabela";"1212";"9620";"28079";"2,29";"1584,61";"6557381,03";"1212"
"291470305";"Itaberaba";"1212";"23503";"64926";"2,05";"1666,31";"5633093,82";"1212"
"291480205";"Itabuna";"1212";"71959";"185310";"1,74";"2200,50";"10357704,16";"1212"
"291490105";"Itacaré";"1212";"6757";"18570";"2,41";"1985,62";"6318002,03";"1212"
"291490110";"Taboquinhas";"1212";"3122";"8879";"2,91";"1264,48";"1151417,54";"1212"
"291500705";"Itaeté";"1200";"4531";"13440";"2,62";"1174,80";"1216110,56";"1200"
"291510605";"Itagi";"1212";"4652";"13778";"3,19";"1130,38";"1536993,74";"1212"
"291520505";"Itagibá";"1212";"3741";"10340";"2,33";"1373,38";"1902547,65";"1212"
"291520510";"Japomirim";"1212";"1700";"4944";"1,81";"2211,12";"8837086,06";"1212"
"291530405";"Itagimirim";"1212";"2345";"6324";"2,03";"1539,60";"2879119,16";"1212"
"291535305";"Itaguaçu da Bahia";"1200";"4082";"12265";"2,58";"1084,45";"775830,33";"1200"
"291540305";"Itaju do Colônia";"1212";"1574";"4526";"2,75";"1421,33";"2583637,41";"1212"
"291540320";"Palmira";"1212";"531";"1506";"2,68";"1362,89";"9904989,99";"1212"
"291550205";"Itajuípe";"1212";"6322";"17040";"2,07";"1529,71";"2984390,98";"1212"
"291550210";"Bandeira do Almada";"1212";"677";"1728";"2,41";"1170,95";"749967,92";"1212"
"291560105";"Itamaraju";"1212";"21747";"59498";"2,05";"1748,48";"14184779,45";"1212"
"291570005";"Itamari";"1200";"2555";"7048";"2,45";"1276,18";"1503166,72";"1200"
"291580905";"Itambé";"1212";"6589";"20256";"2,41";"1364,15";"1471279,70";"1212"
"291580910";"Catolezinho";"1212";"856";"2383";"2,13";"1243,31";"471888,41";"1212"
"291580915";"São José do Colônia";"1212";"645";"1689";"2,20";"1185,95";"464633,46";"1212"
"291590805";"Itanagra";"1200";"2069";"5911";"2,24";"1146,96";"1060155,91";"1200"
"291600505";"Itanhém";"1212";"4538";"11856";"1,67";"1679,19";"5155109,70";"1212"
"291600510";"Batinga";"1200";"815";"2157";"1,74";"1604,54";"14813838,49";"1200"
"291600515";"Ibirajá";"1200";"1453";"3768";"1,62";"1400,09";"1552352,25";"1200"
"291610405";"Itaparica";"1200";"7389";"19686";"2,09";"1400,75";"8962574,05";"1200"
"291620305";"Itapé";"1212";"3715";"10314";"2,54";"1436,98";"2281064,98";"1212"
"291630205";"Itapebi";"1212";"3042";"8328";"2,44";"1428,98";"1785739,38";"1212"
"291630210";"Caiubi";"1212";"268";"796";"2,39";"1284,69";"1398784,51";"1212"
"291640105";"Itapetinga";"1212";"22374";"61248";"2,09";"1770,55";"5151315,82";"1212"
"291640110";"Bandeira do Colônia";"1212";"1684";"4515";"1,95";"1537,61";"3844716,51";"1212"
"291650005";"Itapicuru";"1200";"4456";"12646";"2,42";"1190,49";"4396528,16";"1200"
"291650010";"Sambaíba";"800";"3522";"9739";"2,33";"993,68";"854965,39";"800"
"291650015";"Lagoa Redonda";"1000";"3363";"9249";"2,15";"970,66";"396988,84";"1000"
"291660905";"Itapitanga";"1212";"3028";"10264";"3,92";"1397,63";"1723809,22";"1212"
"291670805";"Itaquara";"1200";"2775";"8150";"2,78";"1123,49";"1672546,87";"1200"
"291680705";"Itarantim";"1212";"5782";"15768";"2,10";"1457,60";"3481988,58";"1212"
"291680710";"Ribeirão do Salto";"1212";"498";"1267";"2,08";"1288,39";"1391406,51";"1212"
"291685605";"Itatim";"1200";"5542";"15698";"2,09";"1231,00";"1967695,90";"1200"
"291690605";"Itiruçu";"1212";"3973";"10947";"2,18";"1325,38";"1871274,25";"1212"
"291700305";"Itiúba";"1200";"12063";"33855";"2,26";"1259,23";"89447801,26";"1200"
"291710205";"Itororó";"1212";"4521";"12111";"2,07";"1556,44";"4190510,11";"1212"
"291710210";"Itati";"1212";"686";"1736";"2,15";"1240,92";"873144,08";"1212"
"291710215";"Rio do Meio";"1212";"1003";"2740";"2,50";"1242,60";"1297933,71";"1212"
"291720105";"Ituaçu";"1212";"3976";"11387";"2,11";"1451,99";"3097303,46";"1212"
"291720130";"Tranqueiras";"1212";"2215";"6489";"1,71";"996,71";"802368,40";"1212"
"291730005";"Ituberá";"1212";"8039";"21886";"2,09";"1399,08";"3853145,26";"1212"
"291733405";"Iuiu";"1200";"3499";"11099";"2,55";"1171,34";"934763,07";"1200"
"291735905";"Jaborandi";"1212";"3234";"9208";"1,74";"1228,64";"1381851,08";"1212"
"291740905";"Jacaraci";"1212";"2401";"7473";"2,93";"1572,33";"3612237,34";"1212"
"291740910";"Irundiara";"1212";"1166";"3604";"2,56";"1288,19";"1603055,19";"1212"
"291740915";"Paiol";"1212";"998";"3359";"2,71";"1176,80";"520607,17";"1212"
"291750805";"Jacobina";"1212";"21682";"58093";"1,74";"2266,30";"64095351,45";"1212"
"291750810";"Caatinga do Moura";"1200";"3226";"8903";"2,18";"1156,04";"858730,53";"1200"
"291750815";"Itaitu";"1212";"824";"2174";"1,84";"1205,10";"1808344,85";"1212"
"291750820";"Itapeipu";"1200";"2730";"6938";"1,91";"1164,38";"882618,50";"1200"
"291750826";"Junco";"1200";"2445";"6343";"1,77";"1174,34";"879650,88";"1200"
"291760705";"Jaguaquara";"1212";"13514";"39026";"2,31";"1494,66";"3625298,14";"1212"
"291760715";"Ipiúna";"1200";"2401";"6852";"2,44";"1054,17";"609236,38";"1200"
"291770605";"Jaguarari";"1200";"6740";"18193";"2,02";"1307,33";"1967069,14";"1200"
"291770608";"Pilar";"2000";"3725";"10832";"1,79";"2429,58";"5659610,50";"2000"
"291770610";"Juacema";"1212";"1396";"3654";"1,88";"1046,41";"793485,09";"1212"
"291780505";"Jaguaripe";"1205";"865";"2444";"2,39";"1503,44";"4531588,81";"1205"
"291780510";"Camassandi";"1200";"944";"2673";"2,07";"1023,54";"865123,17";"1200"
"291780515";"Cunhangi";"600";"2656";"7471";"2,04";"839,99";"525291,91";"600"
"291780520";"Jacuruna";"1200";"502";"1379";"2,44";"1144,04";"1546668,83";"1200"
"291780526";"Pirajuia";"1212";"1413";"3619";"1,88";"1228,92";"1954965,67";"1212"
"291790405";"Jandaíra";"1200";"1585";"4656";"2,31";"1251,48";"2559253,17";"1200"
"291790410";"Abadia";"1212";"810";"2413";"3,07";"1021,33";"427388,61";"1212"
"291790415";"Itanhi";"1100";"394";"1232";"3,47";"968,31";"437247,35";"1100"
"291790420";"Mangue Seco";"1200";"310";"957";"2,95";"1254,45";"1388929,62";"1200"
"291800105";"Jequié";"1212";"53158";"146036";"1,89";"1893,60";"11640175,77";"1212"
"291800110";"Baixão";"1200";"194";"478";"2,35";"1148,41";"786098,99";"1200"
"291800115";"Boaçu";"1212";"799";"2155";"2,33";"1334,75";"4078144,48";"1212"
"291800118";"Florestal";"1200";"1299";"3325";"1,93";"1052,33";"614579,18";"1200"
"291800120";"Itaibó";"1200";"641";"1561";"2,25";"1044,01";"790831,95";"1200"
"291800125";"Itajuru";"1200";"1363";"3597";"2,30";"985,90";"1091529,71";"1200"
"291800128";"Monte Branco";"1210";"214";"509";"1,98";"1084,90";"572228,33";"1210"
"291800130";"Oriente Novo";"1200";"187";"542";"3,04";"868,44";"208501,42";"1200"
"291810005";"Jeremoabo";"1200";"12673";"34889";"2,05";"1332,97";"3289564,80";"1200"
"291810010";"Canché";"1200";"887";"2614";"1,94";"1210,08";"965043,49";"1200"
"291820905";"Jiquiriçá";"1200";"4812";"13605";"2,01";"1235,15";"1975661,29";"1200"
"291830805";"Jitaúna";"1212";"5121";"14285";"2,28";"1238,30";"2052429,18";"1212"
"291835705";"João Dourado";"1200";"8250";"24846";"2,17";"1284,13";"1999275,86";"1200"
"291840705";"Juazeiro";"1212";"62856";"189211";"2,32";"2049,80";"9977102,67";"1212"
"291840707";"Abóbora";"1212";"816";"2064";"1,94";"1189,41";"298024,42";"1212"
"291840710";"Carnaíba do Sertão";"1212";"1343";"3874";"2,06";"1325,29";"1256624,71";"1212"
"291840715";"Itamotinga";"1212";"4191";"12759";"2,27";"1546,76";"5366050,52";"1212"
"291840720";"Junco";"1212";"2664";"8334";"2,39";"1198,11";"1175628,21";"1212"
"291840725";"Juremal";"1212";"689";"1737";"1,69";"1349,86";"1106098,26";"1212"
"291840730";"Massaroca";"1212";"879";"2325";"1,83";"1217,56";"1129062,79";"1212"
"291840735";"Pinhões";"1212";"808";"2261";"1,91";"1244,71";"790218,55";"1212"
"291840740";"Maniçoba";"1212";"4572";"14198";"2,29";"1292,64";"839242,71";"1212"
"291845605";"Jucuruçu";"1200";"3499";"9638";"1,89";"1386,16";"125948283,00";"1200"
"291850605";"Jussara";"1200";"3851";"11122";"2,18";"1211,05";"2487420,22";"1200"
"291850607";"Queimada Nova";"600";"404";"1269";"2,17";"867,37";"361202,24";"600"
"291850610";"Recife";"1200";"1302";"3941";"2,40";"1093,99";"698988,81";"1200"
"291855505";"Jussari";"1212";"2080";"5888";"2,76";"1361,89";"1210229,63";"1212"
"291860505";"Jussiape";"1212";"1745";"5077";"1,98";"1216,82";"924526,82";"1212"
"291860510";"Caraguataí";"1212";"788";"2302";"2,32";"1303,17";"1764134,01";"1212"
"291870405";"Lafaiete Coutinho";"1200";"1603";"4074";"1,63";"1262,42";"1306501,38";"1200"
"291875305";"Lagoa Real";"1212";"4373";"14100";"2,33";"1162,09";"909969,15";"1212"
"291880305";"Laje";"1200";"3528";"9888";"2,03";"1311,57";"1904228,94";"1200"
"291880310";"Capão";"1000";"1556";"4275";"1,69";"1015,12";"824084,54";"1000"
"291880315";"Engenheiro Pontes";"1000";"2439";"6844";"2,15";"1002,07";"642625,12";"1000"
"291890205";"Lajedão";"1212";"1486";"3842";"1,72";"1660,06";"12697378,42";"1212"
"291900905";"Lajedinho";"1200";"1276";"3524";"2,02";"1089,57";"720648,31";"1200"
"291905805";"Lajedo do Tabocal";"1212";"2730";"7488";"2,00";"1163,76";"1266489,41";"1212"
"291910805";"Lamarão";"1212";"3131";"9015";"2,56";"1134,32";"988975,95";"1212"
"291915705";"Lapão";"1200";"8725";"25690";"2,00";"1234,75";"2011458,52";"1200"
"291920705";"Lauro de Freitas";"1500";"75297";"202583";"1,85";"3669,43";"965196093,29";"1500"
"291930605";"Lençóis";"1212";"2576";"6831";"2,36";"1892,56";"5726339,25";"1212"
"291930610";"Afrânio Peixoto";"600";"407";"1206";"2,72";"913,03";"748066,50";"600"
"291930615";"Coronel Octaviano Alves";"1200";"935";"2617";"2,21";"1233,33";"1478381,40";"1200"
"291940505";"Licínio de Almeida";"1212";"2195";"6490";"1,84";"1529,85";"2956114,05";"1212"
"291940510";"Tauape";"1212";"1819";"5344";"1,83";"1187,02";"533082,09";"1212"
"291950405";"Livramento de Nossa Senhora";"1212";"10038";"29500";"1,93";"1721,57";"5227098,54";"1212"
"291950410";"Iguatemi";"1200";"2467";"7821";"1,86";"1054,89";"900097,94";"1200"
"291950415";"Itanagé";"1212";"1542";"4683";"1,82";"1092,19";"945537,79";"1212"
"291950420";"São Timóteo";"1200";"663";"1880";"1,80";"1140,80";"458315,36";"1200"
"291955305";"Luís Eduardo Magalhães";"1600";"36342";"107688";"1,94";"3105,36";"68557911,66";"1600"
"291960305";"Macajuba";"1212";"2452";"6538";"2,19";"1191,14";"1613885,08";"1212"
"291960321";"Nova Cruz";"800";"990";"2720";"2,62";"924,89";"339977,79";"800"
"291960326";"Santa Luzia";"1200";"439";"1194";"2,19";"955,94";"343605,57";"1200"
"291970205";"Macarani";"1200";"7239";"21571";"2,26";"1309,96";"1811771,55";"1200"
"291980105";"Macaúbas";"1200";"11602";"33849";"2,11";"1527,97";"4605650,69";"1200"
"291980110";"Canatiba";"1200";"1649";"5464";"3,45";"1127,94";"9117463,53";"1200"
"291980115";"Lagoa Clara";"1200";"832";"2450";"2,03";"1099,17";"665527,83";"1200"
"291990005";"Macururé";"1200";"2436";"7253";"2,56";"1092,44";"862922,83";"1200"
"291992605";"Madre de Deus";"1212";"6773";"18406";"1,78";"1772,46";"2927987,98";"1212"
"291995905";"Maetinga";"1212";"2439";"6972";"2,11";"1245,07";"1049063,04";"1212"
"292000705";"Maiquinique";"1212";"3173";"8730";"2,09";"1453,28";"11665421,42";"1212"
"292010605";"Mairi";"1200";"4628";"12400";"2,01";"1224,54";"1714507,82";"1200"
"292010610";"Angico";"1200";"1749";"5260";"3,20";"1112,80";"703976,23";"1200"
"292020505";"Malhada";"1000";"1607";"5255";"2,57";"1055,58";"1431006,66";"1000"
"292020510";"Canabrava";"1200";"1325";"4107";"2,39";"1108,66";"959207,64";"1200"
"292020515";"Parateca";"1200";"1872";"5969";"2,58";"1123,54";"1479956,20";"1200"
"292030405";"Malhada de Pedras";"1212";"2989";"8670";"1,68";"1764,36";"496460650,13";"1212"
"292040305";"Manoel Vitorino";"1212";"3136";"9028";"2,23";"1193,23";"1493460,16";"1212"
"292040310";"Catingal";"1200";"1689";"4828";"1,92";"4277,40";"16067094476,26";"1200"
"292045205";"Mansidão";"1000";"2432";"9073";"4,72";"1192,55";"3338978,05";"1000"
"292045210";"Aroeiras";"1212";"1140";"4798";"5,69";"1177,82";"852933,42";"1212"
"292050205";"Maracás";"1212";"9980";"27582";"2,00";"1472,73";"3733318,33";"1212"
"292060105";"Maragogipe";"1210";"5407";"14503";"1,99";"1326,33";"2287199,56";"1210"
"292060110";"Coqueiros";"1200";"1104";"3113";"1,86";"1039,37";"702775,83";"1200"
"292060115";"Guaí";"700";"1054";"2864";"1,93";"919,33";"422975,28";"700"
"292060120";"Guapira";"600";"2530";"7306";"2,00";"888,61";"424955,61";"600"
"292060125";"Nagé";"685";"1193";"3452";"2,21";"962,24";"2303730,33";"685"
"292060130";"São Roque do Paraguaçu";"1000";"1650";"4515";"2,13";"1025,38";"849112,58";"1000"
"292070005";"Maraú";"1212";"6869";"19616";"2,53";"1895,58";"5923750,53";"1212"
"292070010";"Ibiaçu";"1000";"1228";"3497";"3,14";"1120,16";"768087,03";"1000"
"292070015";"Piabanha";"1200";"483";"1346";"2,28";"1204,20";"2225121,16";"1200"
"292080905";"Marcionílio Souza";"1200";"2446";"6984";"2,30";"1272,94";"1695201,04";"1200"
"292080910";"Juraci";"1200";"797";"2275";"2,57";"1111,93";"1094293,71";"1200"
"292090805";"Mascote";"1200";"894";"2629";"3,02";"1310,60";"1211397,13";"1200"
"292090811";"Pimenta";"1212";"425";"1144";"2,02";"1237,99";"676847,95";"1212"
"292090816";"São João do Paraíso";"1212";"2885";"8259";"2,58";"1242,91";"1590277,52";"1212"
"292090825";"Teixeira do Progresso";"1212";"593";"1506";"2,12";"1125,62";"384843,42";"1212"
"292100505";"Mata de São João";"1212";"7293";"20052";"2,09";"1543,20";"2387614,44";"1212"
"292100510";"Açu da Torre";"1212";"6243";"17512";"2,14";"1676,49";"4478911,52";"1212"
"292100515";"Amado Bahia";"1212";"1782";"4958";"2,15";"1325,41";"7511785,58";"1212"
"292105405";"Matina";"1212";"3230";"10328";"2,31";"1226,13";"1000904,08";"1212"
"292110405";"Medeiros Neto";"1212";"6577";"17246";"1,85";"1682,12";"13918323,64";"1212"
"292110410";"Itupeva";"1212";"885";"2171";"1,70";"1375,86";"814324,68";"1212"
"292110415";"Nova Lídice";"1200";"1008";"2749";"2,10";"1285,31";"1351331,76";"1200"
"292120305";"Miguel Calmon";"1200";"7989";"21248";"1,91";"1393,82";"4456536,74";"1200"
"292120310";"Itapura";"1175";"486";"1203";"1,87";"913,44";"328036,25";"1175"
"292120315";"Tapiranga";"900";"819";"2168";"2,10";"980,76";"1065018,05";"900"
"292130205";"Milagres";"1212";"3356";"9205";"2,42";"1250,08";"1491355,47";"1212"
"292130210";"Tartaruga";"1200";"630";"1863";"3,09";"970,46";"298374,47";"1200"
"292140105";"Mirangaba";"1100";"2094";"6077";"2,21";"1101,90";"929244,46";"1100"
"292140110";"Nuguaçu";"1100";"1167";"3264";"2,28";"982,66";"618233,65";"1100"
"292140113";"Canabrava";"800";"1343";"3681";"2,16";"942,82";"662153,68";"800"
"292140115";"Taquarandi";"800";"967";"2699";"2,04";"997,54";"747594,31";"800"
"292145005";"Mirante";"1200";"3448";"10181";"2,03";"1131,32";"685329,46";"1200"
"292150005";"Monte Santo";"1200";"16912";"47747";"2,10";"1099,43";"4455716,19";"1200"
"292160905";"Morpará";"1200";"2108";"6189";"2,48";"1153,97";"972197,44";"1200"
"292160910";"Quixaba";"1200";"657";"1785";"1,83";"1083,54";"540221,72";"1200"
"292170805";"Morro do Chapéu";"1212";"7871";"22503";"2,36";"1548,98";"5995739,80";"1212"
"292170810";"Camirim";"800";"455";"1233";"2,10";"962,97";"370398,01";"800"
"292170815";"Dias Coelho";"1200";"900";"2402";"1,76";"1078,92";"530818,31";"1200"
"292170820";"Duas Barras do Morro";"1200";"406";"1142";"2,25";"1114,56";"1089846,13";"1200"
"292170822";"Icó";"1100";"1080";"2951";"2,15";"973,79";"904497,70";"1100"
"292170824";"Tamboril";"800";"308";"890";"2,11";"847,94";"259345,92";"800"
"292170830";"Ventura";"1000";"862";"2350";"2,55";"990,86";"679026,80";"1000"
"292180705";"Mortugaba";"1200";"3841";"11132";"2,05";"1275,45";"4707398,50";"1200"
"292190605";"Mucugê";"1212";"2635";"7571";"2,19";"2214,35";"16492412,42";"1212"
"292190610";"Guiné";"1212";"809";"2333";"2,41";"1225,39";"669393,62";"1212"
"292190615";"João Correia";"1212";"775";"2152";"1,82";"1346,20";"5010390,11";"1212"
"292200305";"Mucuri";"1212";"4790";"13432";"2,05";"2176,37";"7567358,46";"1212"
"292200310";"Ibiranhém";"1212";"319";"817";"1,71";"1428,93";"1546979,73";"1212"
"292200312";"Itabatã";"1212";"7320";"21049";"2,01";"2040,59";"9854202,95";"1212"
"292200315";"Taquarinha";"1212";"947";"2578";"2,07";"1321,11";"883663,47";"1212"
"292205205";"Mulungu do Morro";"1200";"2582";"7373";"2,07";"1202,85";"5470276,23";"1200"
"292205210";"Canudos";"700";"1367";"4075";"2,07";"908,06";"378295,56";"700"
"292205215";"Várzea do Cerco";"750";"550";"1692";"2,73";"876,42";"313214,50";"750"
"292210205";"Mundo Novo";"1200";"3557";"9518";"2,14";"1450,09";"9087434,47";"1200"
"292210210";"Alto Bonito";"1200";"1075";"2727";"1,65";"1072,58";"617252,57";"1200"
"292210215";"Ibiaporã";"700";"1068";"3003";"2,42";"883,73";"363984,39";"700"
"292210220";"Indaí";"1200";"737";"2030";"2,21";"1081,79";"1255768,22";"1200"
"292220105";"Muniz Ferreira";"1212";"1584";"4137";"1,65";"1375,82";"8020262,27";"1212"
"292220110";"Onha";"1212";"1186";"3043";"1,58";"1108,40";"1433497,63";"1212"
"292225005";"Muquém do São Francisco";"1200";"3366";"10433";"2,59";"1167,63";"773815,20";"1200"
"292230005";"Muritiba";"1212";"6351";"17839";"2,01";"1765,40";"4813522,56";"1212"
"292230020";"Itaporã";"1212";"3640";"10804";"2,16";"1125,16";"815414,24";"1212"
"292240905";"Mutuípe";"1200";"7460";"20017";"1,73";"1429,81";"148802452,20";"1200"
"292250805";"Nazaré";"1200";"9972";"26990";"1,94";"1412,71";"2703417,57";"1200"
"292260705";"Nilo Peçanha";"1200";"2443";"6799";"2,15";"1168,68";"1295320,98";"1200"
"292260715";"São Benedito";"1200";"1849";"5250";"2,18";"1217,36";"6798157,05";"1200"
"292265605";"Nordestina";"1200";"5719";"18350";"2,48";"1171,80";"869129,27";"1200"
"292270605";"Nova Canaã";"1200";"4073";"11445";"2,20";"1338,98";"2288607,49";"1200"
"292270610";"Itajaí";"1200";"922";"2258";"1,72";"1178,66";"635640,90";"1200"
"292273005";"Nova Fátima";"1212";"3052";"7963";"1,69";"1327,34";"2415223,00";"1212"
"292275505";"Nova Ibiá";"1185";"2401";"6492";"1,85";"1211,88";"1145110,03";"1185"
"292280505";"Nova Itarana";"1200";"2660";"7778";"2,60";"1120,21";"1097826,25";"1200"
"292285405";"Nova Redenção";"1200";"2646";"7529";"2,52";"1175,42";"1156747,27";"1200"
"292290405";"Nova Soure";"1200";"8691";"24198";"2,41";"1133,24";"1892741,46";"1200"
"292300105";"Nova Viçosa";"1212";"3358";"9648";"2,29";"1837,63";"7523929,87";"1212"
"292300110";"Argolo";"1212";"866";"2390";"2,24";"1304,76";"1154734,40";"1212"
"292300115";"Helvécia";"1212";"1279";"3604";"2,18";"1422,82";"3093916,72";"1212"
"292300125";"Posto da Mata";"1212";"8174";"23776";"2,15";"1722,14";"5226672,55";"1212"
"292303505";"Novo Horizonte";"1212";"1550";"4479";"1,92";"1228,53";"1745772,55";"1212"
"292303510";"Brejo Luiza de Brito";"1200";"1211";"3784";"1,88";"1092,06";"508565,94";"1200"
"292303515";"Remédios";"1200";"1035";"2876";"1,86";"958,23";"445942,53";"1200"
"292305005";"Novo Triunfo";"1200";"3262";"10656";"3,34";"1263,19";"2707741,88";"1200"
"292310005";"Olindina";"1200";"8327";"22587";"2,11";"1147,83";"1847751,67";"1200"
"292320905";"Oliveira dos Brejinhos";"1200";"3762";"10616";"2,31";"1309,35";"2587347,12";"1200"
"292320910";"Bom Sossego";"1200";"2579";"6893";"2,08";"1129,00";"701939,57";"1200"
"292320915";"Ipuçaba";"1200";"1189";"3190";"2,03";"1170,36";"1410998,08";"1200"
"292330805";"Ouriçangas";"1200";"2783";"7708";"2,22";"1154,08";"1639181,73";"1200"
"292335705";"Ourolândia";"1200";"5640";"17943";"2,23";"1096,49";"722112,36";"1200"
"292335710";"Alagadiço";"900";"460";"1281";"1,88";"936,58";"434271,89";"900"
"292340705";"Palmas de Monte Alto";"1200";"4129";"12279";"2,20";"1317,82";"2135456,15";"1200"
"292340715";"Espraiado";"1200";"958";"2878";"2,18";"1007,36";"449227,78";"1200"
"292340720";"Pinga Fogo";"1212";"507";"1474";"2,36";"1121,21";"1260436,40";"1212"
"292340725";"Rancho das Mães";"1212";"1179";"3431";"2,32";"1064,91";"660979,81";"1212"
"292350605";"Palmeiras";"1212";"2353";"6942";"2,62";"1517,58";"8731467,23";"1212"
"292350610";"Caeté-Açu";"1200";"1239";"3334";"2,18";"1806,67";"4549591,47";"1200"
"292360505";"Paramirim";"1212";"5316";"15919";"2,05";"1700,38";"8795284,27";"1212"
"292360510";"Canabravinha";"1200";"1446";"4420";"1,85";"1247,31";"567019,76";"1200"
"292370405";"Paratinga";"1200";"7574";"24682";"2,81";"1169,62";"1379209,67";"1200"
"292370410";"Águas do Paulista";"1200";"1434";"4567";"2,66";"1015,78";"344249,07";"1200"
"292380305";"Paripiranga";"1200";"9333";"25669";"1,81";"1283,45";"3189193,19";"1200"
"292380310";"Conceição de Campinas";"1200";"331";"932";"1,72";"1126,23";"1524857,49";"1200"
"292390205";"Pau Brasil";"1200";"3294";"9357";"2,65";"1345,29";"2222263,21";"1200"
"292400905";"Paulo Afonso";"1212";"38770";"112377";"2,05";"2015,45";"8063239,36";"1212"
"292405805";"Pé de Serra";"1200";"4878";"13215";"1,85";"1141,33";"934772,85";"1200"
"292410805";"Pedrão";"1200";"2107";"6232";"2,83";"1101,73";"1243412,89";"1200"
"292420705";"Pedro Alexandre";"1000";"4717";"13904";"2,30";"1052,79";"1225206,72";"1000"
"292430605";"Piatã";"1200";"3683";"11099";"2,42";"1608,78";"4693865,32";"1200"
"292430610";"Cabrália";"1212";"1480";"4600";"2,50";"1732,58";"188166247,65";"1212"
"292430615";"Inúbia";"1200";"1375";"4326";"2,54";"1127,06";"1052051,05";"1200"
"292440505";"Pilão Arcado";"1200";"6750";"22396";"2,93";"1216,01";"2022193,42";"1200"
"292440510";"Baluarte";"1100";"1576";"4908";"2,18";"949,55";"463143,76";"1100"
"292440515";"Brejo da Serra";"800";"1893";"6134";"2,37";"893,76";"310987,19";"800"
"292440520";"Saldanha";"800";"468";"1731";"3,58";"863,84";"261555,51";"800"
"292450405";"Pindaí";"1212";"3449";"10137";"1,86";"1341,58";"1719815,90";"1212"
"292450410";"Guirapá";"1200";"1569";"4574";"1,94";"1113,84";"603642,27";"1200"
"292460305";"Pindobaçu";"1200";"3400";"9585";"2,03";"1344,05";"2678178,54";"1200"
"292460310";"Bananeiras";"1200";"711";"1983";"1,93";"1071,38";"645114,52";"1200"
"292460315";"Carnaíba de Baixo";"730";"2113";"5994";"2,10";"929,28";"555413,30";"730"
"292460325";"Várzea Grande";"700";"535";"1471";"2,01";"867,34";"381488,98";"700"
"292465205";"Pintadas";"1212";"3566";"10303";"2,53";"1391,05";"1509678,97";"1212"
"292467805";"Piraí do Norte";"1200";"3218";"10940";"3,34";"1180,17";"4564280,07";"1200"
"292470205";"Piripá";"1200";"3254";"9147";"1,97";"1238,36";"1515325,12";"1200"
"292480105";"Piritiba";"1200";"4507";"11820";"2,02";"1350,05";"3587443,11";"1200"
"292480110";"França";"800";"931";"2583";"2,26";"972,89";"915409,69";"800"
"292480115";"Largo";"1000";"211";"577";"2,25";"1015,90";"324396,69";"1000"
"292480125";"Porto Feliz";"1100";"930";"2548";"2,11";"1014,60";"515693,00";"1100"
"292490005";"Planaltino";"1212";"1905";"5273";"2,09";"1188,45";"999752,27";"1212"
"292490010";"Ibitiguira";"1200";"431";"1188";"2,46";"1021,69";"290766,48";"1200"
"292490015";"Nova Itaípe";"1200";"586";"1541";"2,07";"1108,73";"620530,87";"1200"
"292500605";"Planalto";"1212";"5654";"15793";"1,98";"1313,16";"1887884,88";"1212"
"292500610";"Lucaia";"1200";"2659";"7532";"2,06";"1094,54";"821802,34";"1200"
"292510505";"Poções";"1200";"16865";"48239";"2,28";"1373,01";"3332344,70";"1200"
"292520405";"Pojuca";"1212";"11175";"30205";"1,72";"1815,32";"4354081,06";"1212"
"292520410";"Miranga";"1212";"665";"1906";"2,21";"1307,46";"1912346,79";"1212"
"292525305";"Ponto Novo";"1000";"6302";"17928";"2,16";"1028,77";"1146976,05";"1000"
"292530305";"Porto Seguro";"1212";"39468";"108870";"2,05";"2364,71";"38378313,87";"1212"
"292530307";"Arraial D'Ajuda";"1500";"9142";"24885";"2,19";"2473,04";"10858744,03";"1500"
"292530310";"Caraíva";"1212";"4192";"13049";"2,82";"1746,75";"3281541,45";"1212"
"292530315";"Vale Verde";"1212";"739";"2117";"2,59";"1423,87";"1145732,48";"1212"
"292530320";"Trancoso";"1500";"6693";"18499";"2,21";"2361,79";"10286043,46";"1500"
"292540205";"Potiraguá";"1212";"2321";"7206";"3,23";"1581,03";"43646784,74";"1212"
"292540210";"Gurupá Mirim";"1212";"1019";"3061";"2,95";"1388,07";"3039965,44";"1212"
"292550105";"Prado";"1212";"8407";"25268";"2,68";"1810,58";"5049900,97";"1212"
"292550110";"Cumuruxatiba";"1212";"3061";"9250";"2,87";"1709,90";"4576401,58";"1212"
"292560005";"Presidente Dutra";"1200";"3692";"10439";"1,94";"1344,48";"2872142,88";"1200"
"292560010";"Campo Formoso";"1200";"1705";"4671";"1,92";"1138,95";"1968511,85";"1200"
"292570905";"Presidente Jânio Quadros";"1200";"4429";"12618";"2,01";"1197,32";"3238912,38";"1200"
"292575805";"Presidente Tancredo Neves";"1200";"9570";"27716";"2,06";"1250,14";"3404016,86";"1200"
"292580805";"Queimadas";"1200";"7682";"21578";"2,37";"1282,00";"1861452,97";"1200"
"292580808";"Coronel João Borges";"1212";"1350";"4396";"5,10";"1382,15";"1616461,29";"1212"
"292590705";"Quijingue";"1200";"5137";"14961";"2,48";"1160,92";"1306996,60";"1200"
"292590710";"Algodões";"1200";"3641";"10307";"1,96";"1063,33";"813243,95";"1200"
"292593105";"Quixabeira";"1200";"3610";"9447";"1,71";"1171,86";"1004813,77";"1200"
"292595605";"Rafael Jambeiro";"1200";"3345";"10186";"2,60";"1097,16";"720340,28";"1200"
"292595610";"Argoim";"1200";"1321";"3555";"2,10";"1055,19";"512598,85";"1200"
"292595615";"Cajueiro";"1200";"1153";"3381";"2,46";"998,88";"384600,93";"1200"
"292595625";"Paraguassú";"1200";"825";"2529";"2,39";"984,43";"458425,97";"1200"
"292600405";"Remanso";"1212";"11740";"35876";"2,53";"1391,65";"3926216,54";"1212"
"292600410";"Poços";"1120";"1594";"4661";"2,25";"922,32";"271960,73";"1120"
"292610305";"Retirolândia";"1200";"4969";"13623";"1,75";"1212,47";"2482327,54";"1200"
"292620205";"Riachão das Neves";"1212";"3471";"10493";"2,50";"1399,29";"1985841,16";"1212"
"292620210";"Cariparé";"1212";"2437";"7374";"2,51";"1127,73";"1829544,88";"1212"
"292620215";"São José do Rio Grande";"1212";"1257";"3738";"2,86";"1241,69";"912067,49";"1212"
"292630105";"Riachão do Jacuípe";"1212";"11291";"30128";"1,85";"1507,72";"4467381,64";"1212"
"292630107";"Barreiros";"1212";"1211";"3215";"1,70";"1201,20";"912419,04";"1212"
"292640005";"Riacho de Santana";"1200";"9286";"28283";"2,41";"1266,03";"2389525,34";"1200"
"292640010";"Botuquara";"1200";"813";"2406";"2,21";"1079,84";"770446,41";"1200"
"292650905";"Ribeira do Amparo";"1200";"4811";"13779";"2,47";"1106,87";"1221130,59";"1200"
"292660805";"Ribeira do Pombal";"1212";"19303";"53986";"2,01";"1516,99";"4365861,43";"1212"
"292665705";"Ribeirão do Largo";"1212";"1672";"4866";"3,29";"1215,86";"654168,79";"1212"
"292665710";"Nova Brasília";"1212";"1636";"4753";"2,33";"1094,95";"586954,88";"1212"
"292670705";"Rio de Contas";"1212";"2158";"6471";"2,38";"1704,30";"5930522,01";"1212"
"292670710";"Arapiranga";"1200";"869";"2345";"1,71";"1261,77";"863449,87";"1200"
"292670715";"Marcolino Moura";"1200";"1522";"4349";"1,65";"1198,14";"735929,31";"1200"
"292680605";"Rio do Antônio";"1212";"2252";"6252";"1,76";"1238,64";"1503008,94";"1212"
"292680610";"Ibitira";"1212";"2352";"6888";"1,68";"1176,88";"2290986,64";"1212"
"292690505";"Rio do Pires";"1212";"2735";"8251";"2,36";"1402,76";"2909621,39";"1212"
"292690510";"Ibiajara";"1212";"768";"2241";"2,28";"1452,66";"2338158,75";"1212"
"292700205";"Rio Real";"1200";"12639";"35244";"2,15";"1221,18";"2722375,39";"1200"
"292710105";"Rodelas";"1212";"3194";"10281";"2,70";"1402,74";"6793673,22";"1212"
"292720005";"Ruy Barbosa";"1212";"8663";"24342";"2,32";"1387,03";"4054454,82";"1212"
"292720010";"Morro das Flores";"1212";"630";"1643";"2,37";"1047,17";"331061,58";"1212"
"292720015";"Tapiraípe";"1212";"838";"2249";"2,50";"1007,99";"237145,48";"1212"
"292730905";"Salinas da Margarida";"1200";"5330";"14981";"2,09";"1192,92";"2007105,68";"1200"
"292740805";"Salvador";"1230";"958539";"2407766";"1,71";"3160,73";"190464605,12";"1230"
"292750705";"Santa Bárbara";"1200";"7281";"20935";"2,41";"1200,27";"1603731,60";"1200"
"292760605";"Santa Brígida";"1212";"5246";"14945";"2,15";"1073,73";"1015072,21";"1212"
"292770505";"Santa Cruz Cabrália";"1212";"10434";"28741";"2,25";"1890,55";"5260869,43";"1212"
"292780405";"Santa Cruz da Vitória";"1212";"1692";"4654";"2,54";"1232,28";"1031816,17";"1212"
"292790305";"Santa Inês";"1200";"3601";"10238";"2,50";"1364,58";"4228811,44";"1200"
"292800005";"Santaluz";"1200";"11646";"32854";"2,09";"1272,82";"2414550,94";"1200"
"292800020";"Pereira";"1212";"1819";"4926";"1,89";"1172,01";"767399,53";"1212"
"292805905";"Santa Luzia";"1212";"4743";"13808";"3,48";"1324,51";"1497059,26";"1212"
"292810905";"Santa Maria da Vitória";"1212";"11150";"32141";"2,08";"1710,68";"5972671,88";"1212"
"292810910";"Açudina";"1200";"1051";"3344";"2,57";"980,20";"310586,67";"1200"
"292810915";"Inhaúmas";"1212";"1048";"3052";"2,07";"1175,79";"1111336,94";"1212"
"292820805";"Santana";"1212";"7239";"21372";"2,27";"1393,79";"2398409,21";"1212"
"292820810";"Porto Novo";"1212";"1158";"3320";"2,19";"1155,59";"522847,83";"1212"
"292830705";"Santanópolis";"1200";"2046";"5945";"2,62";"1292,07";"1292745,21";"1200"
"292830710";"Boa Espera";"1200";"987";"2771";"2,08";"1038,63";"457633,78";"1200"
"292840605";"Santa Rita de Cássia";"1200";"7688";"23093";"2,63";"1346,99";"2808493,58";"1200"
"292840615";"Malhada Grande";"1200";"1445";"4246";"2,49";"1067,71";"945531,37";"1200"
"292850505";"Santa Terezinha";"1200";"4013";"10425";"1,96";"1248,29";"1874620,45";"1200"
"292860405";"Santo Amaro";"1212";"16189";"43488";"2,03";"1453,08";"2617843,33";"1212"
"292860410";"Acupe";"800";"2714";"7488";"2,50";"947,24";"2056950,13";"800"
"292860415";"Campinhos";"1212";"1761";"4783";"2,17";"1280,24";"1574338,18";"1212"
"292870305";"Santo Antônio de Jesus";"1212";"38240";"102764";"1,69";"1931,16";"9026093,43";"1212"
"292880205";"Santo Estêvão";"1212";"17409";"52213";"2,26";"1405,84";"3139475,27";"1212"
"292890105";"São Desidério";"1200";"6167";"19494";"2,26";"1486,62";"4900514,85";"1200"
"292890110";"Sítio Grande";"1212";"4260";"13147";"2,08";"1994,39";"7656422,44";"1212"
"292895005";"São Domingos";"1200";"2793";"7068";"1,59";"1297,58";"1857423,03";"1200"
"292895025";"Santo Antônio";"1212";"526";"1352";"1,38";"1195,32";"593203,44";"1212"
"292900805";"São Félix";"1212";"2721";"7570";"2,20";"1332,61";"1721913,46";"1212"
"292900810";"Outeiro Redondo";"1200";"1209";"3451";"1,92";"1060,86";"905366,96";"1200"
"292905705";"São Félix do Coribe";"1212";"5271";"15183";"1,98";"1545,52";"3818875,61";"1212"
"292910705";"São Felipe";"1200";"6066";"16435";"1,78";"1278,90";"2191918,50";"1200"
"292910710";"Caraípe";"1200";"1274";"3727";"2,12";"1085,95";"455810,08";"1200"
"292920605";"São Francisco do Conde";"1212";"7128";"19782";"2,09";"1549,54";"3031680,40";"1212"
"292920610";"Mataripe";"1212";"6013";"16510";"1,90";"1358,32";"1795106,22";"1212"
"292920615";"Monte Recôncavo";"1212";"861";"2368";"1,90";"1337,58";"1782941,19";"1212"
"292925505";"São Gabriel";"1200";"4751";"13738";"2,07";"1298,25";"2272207,33";"1200"
"292925515";"Gameleira do Jacaré";"1200";"1658";"4844";"1,91";"994,74";"505068,98";"1200"
"292930505";"São Gonçalo dos Campos";"1212";"11704";"34501";"2,18";"1510,06";"3385509,53";"1212"
"292930510";"Afligidos";"1212";"579";"1583";"2,32";"1179,34";"504481,61";"1212"
"292930515";"Sergi";"1200";"1121";"3412";"2,39";"1217,28";"898238,20";"1200"
"292935405";"São José da Vitória";"1212";"2061";"5314";"2,06";"1175,87";"931742,32";"1212"
"292937005";"São José do Jacuípe";"1200";"1808";"4545";"1,57";"1271,09";"1102404,23";"1200"
"292937015";"Itatiaia do Alto Bonito";"1200";"2008";"5631";"2,35";"1360,25";"141649616,69";"1200"
"292940405";"São Miguel das Matas";"1212";"3816";"10333";"2,08";"1334,08";"4557464,45";"1212"
"292950305";"São Sebastião do Passé";"1212";"12736";"34355";"1,88";"1512,87";"4317636,82";"1212"
"292950310";"Maracangalha";"1212";"815";"2316";"2,48";"1241,83";"774184,81";"1212"
"292950315";"Jacuípe";"1200";"918";"2581";"2,41";"1308,14";"982652,16";"1200"
"292950320";"Lamarão do Passé";"1212";"659";"1661";"1,97";"1365,11";"1596408,50";"1212"
"292960205";"Sapeaçu";"1212";"5647";"15939";"2,05";"1343,99";"2320475,51";"1212"
"292960210";"Baixa do Palmeira";"1212";"710";"2004";"1,99";"1194,35";"1133603,46";"1212"
"292970105";"Sátiro Dias";"1200";"5669";"15985";"2,20";"1166,26";"1466018,75";"1200"
"292975005";"Saubara";"1212";"3044";"7996";"1,85";"1112,90";"1280962,69";"1212"
"292975010";"Bom Jesus dos Pobres";"1212";"754";"1814";"1,51";"1368,14";"3376758,78";"1212"
"292975015";"Cabuçu";"1212";"623";"1580";"1,94";"1230,80";"1463324,01";"1212"
"292980005";"Saúde";"1212";"3956";"10460";"2,01";"1293,78";"2572324,33";"1212"
"292990905";"Seabra";"1212";"11956";"34424";"2,08";"1705,48";"5596843,30";"1212"
"292990910";"Baraúnas";"1200";"1640";"4963";"2,53";"1064,36";"597776,49";"1200"
"292990915";"Várzea do Caldas";"1000";"2291";"6710";"2,13";"1037,59";"757160,87";"1000"
"293000605";"Sebastião Laranjeiras";"1212";"2527";"7406";"2,05";"1202,89";"1482713,30";"1212"
"293000610";"Mandiroba";"1200";"656";"1947";"2,31";"1037,21";"446662,75";"1200"
"293010505";"Senhor do Bonfim";"1212";"21539";"59130";"1,95";"1937,84";"7571014,25";"1212"
"293010515";"Carrapichel";"1212";"1152";"3092";"1,90";"1317,35";"1240405,25";"1212"
"293010520";"Igara";"1200";"2152";"6560";"2,26";"1139,14";"573606,25";"1200"
"293010525";"Tijuaçu";"1200";"2052";"5573";"2,00";"1023,97";"435271,66";"1200"
"293015405";"Serra do Ramalho";"1212";"11308";"34157";"2,32";"1238,37";"1740566,32";"1212"
"293020405";"Sento Sé";"1212";"5332";"17992";"3,21";"1425,26";"2530286,24";"1212"
"293020410";"Amaniú";"1200";"607";"1648";"2,42";"1183,01";"568070,61";"1200"
"293020415";"Américo Alves";"1000";"1427";"4538";"2,95";"1058,74";"609241,40";"1000"
"293020420";"Piçarrão";"1000";"1035";"3113";"2,87";"1021,27";"2039991,84";"1000"
"293020425";"Cajuí";"700";"1935";"6321";"3,15";"887,35";"468753,37";"700"
"293020430";"Minas do Mimoso";"1200";"479";"1453";"3,05";"1029,63";"512608,91";"1200"
"293020435";"Piri";"1200";"879";"2882";"2,94";"1054,57";"541773,83";"1200"
"293030305";"Serra Dourada";"1200";"5898";"17056";"1,93";"1254,20";"1534091,79";"1200"
"293040205";"Serra Preta";"1212";"5831";"17970";"2,98";"1176,52";"787702,69";"1212"
"293050105";"Serrinha";"1212";"28893";"80108";"1,91";"1608,41";"5437120,32";"1212"
"293060005";"Serrolândia";"1212";"5200";"13306";"1,78";"1333,88";"3397152,00";"1212"
"293070905";"Simões Filho";"1212";"42149";"113989";"1,86";"1683,34";"424484665,99";"1212"
"293075805";"Sítio do Mato";"1212";"2447";"7874";"3,07";"1318,82";"1485004,81";"1212"
"293075810";"Gameleira da Lapa";"1100";"1559";"5519";"3,33";"1012,28";"402540,91";"1100"
"293076605";"Sítio do Quinto";"1212";"5121";"14755";"2,21";"1144,55";"1314737,41";"1212"
"293077405";"Sobradinho";"1212";"8348";"25442";"2,51";"1583,41";"4127613,91";"1212"
"293080805";"Souto Soares";"1200";"3219";"9980";"2,32";"1212,43";"1224362,50";"1200"
"293080810";"Cisterna";"800";"1005";"2873";"1,98";"1025,41";"589550,46";"800"
"293080825";"Segrêdo";"1000";"1487";"4198";"2,21";"1035,41";"552941,18";"1000"
"293090705";"Tabocas do Brejo Velho";"1212";"2364";"7392";"2,21";"1470,05";"3139499,12";"1212"
"293090710";"Mariquita";"1200";"1555";"4573";"1,83";"1005,36";"435134,74";"1200"
"293100405";"Tanhaçu";"1212";"3806";"10588";"1,82";"1410,89";"5301972,43";"1212"
"293100410";"Sussuarana";"1200";"3504";"10416";"1,78";"1006,83";"1157142,05";"1200"
"293105305";"Tanque Novo";"1200";"5500";"17148";"2,06";"1253,66";"1701507,37";"1200"
"293110305";"Tanquinho";"1212";"2595";"7713";"2,84";"1369,51";"3624392,83";"1212"
"293120205";"Taperoá";"1200";"5405";"15516";"2,24";"1278,47";"2134921,59";"1200"
"293120210";"Camurugi";"1212";"899";"2477";"2,28";"979,88";"491261,34";"1212"
"293130105";"Tapiramutá";"1212";"4526";"14039";"2,87";"1257,97";"3399364,69";"1212"
"293130110";"Volta Grande";"1212";"580";"1750";"3,20";"1018,46";"550157,22";"1212"
"293135005";"Teixeira de Freitas";"1212";"50224";"138676";"1,88";"2291,24";"205375348,06";"1212"
"293135010";"Cachoeira do Mato";"1212";"2248";"5870";"2,01";"1419,65";"6302802,29";"1212"
"293140005";"Teodoro Sampaio";"1212";"1456";"3896";"2,20";"1286,30";"1446543,69";"1212"
"293140010";"Buracica";"1000";"384";"1092";"2,87";"1134,42";"868674,27";"1000"
"293140015";"Lustosa";"1200";"765";"2099";"2,16";"1303,50";"14754412,03";"1200"
"293150905";"Teofilândia";"1200";"7371";"21085";"2,22";"1359,45";"3716066,95";"1200"
"293160805";"Teolândia";"1200";"4735";"15308";"3,18";"1290,50";"3557502,04";"1200"
"293170705";"Terra Nova";"1212";"3051";"8668";"2,45";"1358,41";"1623834,28";"1212"
"293170710";"Jacu";"1212";"374";"1012";"2,44";"1126,67";"485477,42";"1212"
"293170715";"Rio Fundo";"1212";"365";"1110";"2,92";"1152,97";"1276396,05";"1212"
"293180605";"Tremedal";"1200";"4901";"13627";"1,99";"1202,49";"1327611,87";"1200"
"293180615";"Lagoa Preta";"1200";"981";"2661";"1,96";"1026,19";"387515,34";"1200"
"293190505";"Tucano";"1200";"15748";"44331";"2,23";"1337,56";"3323461,90";"1200"
"293190510";"Rua Nova";"1200";"1639";"4329";"1,89";"992,40";"409746,89";"1200"
"293200205";"Uauá";"1212";"5678";"16261";"2,23";"1392,93";"3416273,02";"1212"
"293200210";"Caldeirão";"600";"1772";"4813";"1,88";"884,74";"369835,95";"600"
"293200215";"Serra da Canabrava";"1212";"1286";"3546";"2,04";"1023,70";"447119,87";"1212"
"293210105";"Ubaíra";"1200";"4786";"12913";"2,04";"1314,46";"2752950,13";"1200"
"293210110";"Baixinha";"1180";"1589";"4409";"2,00";"1022,28";"527847,27";"1180"
"293210115";"Engenheiro Franca";"1200";"476";"1293";"2,70";"1039,66";"624045,70";"1200"
"293220005";"Ubaitaba";"1212";"5367";"14522";"2,22";"1725,68";"5073175,58";"1212"
"293220010";"Faisqueira";"1200";"752";"2059";"2,48";"1059,13";"874674,26";"1200"
"293220025";"Piraúna";"1200";"374";"1009";"2,37";"924,13";"364084,68";"1200"
"293230905";"Ubatã";"1212";"5862";"16089";"2,37";"1410,46";"2239583,93";"1212"
"293240805";"Uibaí";"1200";"3829";"10491";"2,01";"1428,69";"2669777,66";"1200"
"293240810";"Hidrolândia";"1200";"1045";"2935";"1,75";"1149,38";"2210481,14";"1200"
"293245705";"Umburanas";"1212";"3440";"10669";"2,20";"1248,57";"4226902,86";"1212"
"293245710";"Delfino";"700";"1036";"2921";"1,92";"943,30";"326728,52";"700"
"293250705";"Una";"1212";"3488";"9122";"1,95";"1636,40";"2816960,04";"1212"
"293250720";"Colônia";"1212";"1041";"2699";"2,10";"1232,53";"650280,38";"1212"
"293250725";"Comandatuba";"1212";"790";"2059";"1,98";"1592,31";"2893883,32";"1212"
"293250735";"Pedras de Una";"1212";"804";"2176";"2,57";"1440,37";"1952802,28";"1212"
"293250740";"Vila Brasil";"1212";"812";"1970";"2,10";"1150,26";"485071,11";"1212"
"293260605";"Urandi";"1212";"5135";"15354";"1,94";"1499,87";"3516549,33";"1212"
"293270505";"Uruçuca";"1212";"5833";"15902";"2,36";"1481,41";"18589187,53";"1212"
"293270525";"Serra Grande";"1212";"2023";"5416";"1,98";"2277,74";"13620100,93";"1212"
"293280405";"Utinga";"1200";"5434";"14860";"2,14";"1820,18";"1193123211,77";"1200"
"293280410";"Riachão do Utinga";"1200";"492";"1393";"3,02";"1162,34";"868566,63";"1200"
"293290305";"Valença";"1212";"23836";"62432";"1,82";"1930,66";"677622437,59";"1212"
"293290308";"Guaibim";"1212";"1041";"2740";"1,98";"5971,25";"14955689725,92";"1212"
"293290310";"Guerém";"1200";"2160";"6033";"2,35";"1147,50";"905082,04";"1200"
"293290315";"Maricoabo";"1000";"2042";"5385";"2,12";"1091,13";"1041406,89";"1000"
"293290320";"Serra Grande";"1200";"3208";"8656";"1,83";"1155,81";"1496349,51";"1200"
"293300005";"Valente";"1212";"6872";"18370";"1,71";"1534,41";"2778338,95";"1212"
"293300010";"Valilândia";"1200";"1431";"4006";"1,80";"1043,32";"593527,01";"1200"
"293300015";"Santa Rita de Cássia";"1212";"759";"1986";"1,41";"1211,00";"777959,70";"1212"
"293305905";"Várzea da Roça";"1200";"5031";"13800";"1,82";"1130,15";"1507740,59";"1200"
"293310905";"Várzea do Poço";"1200";"3220";"8100";"1,55";"1208,48";"1841866,90";"1200"
"293315805";"Várzea Nova";"1200";"4860";"13363";"1,98";"1155,18";"1123287,17";"1200"
"293317405";"Varzedo";"1200";"2655";"7224";"1,94";"1218,16";"1457742,68";"1200"
"293317425";"Taboleiro do Castro";"800";"967";"2665";"2,21";"913,97";"477145,81";"800"
"293320805";"Vera Cruz";"1212";"5634";"14255";"1,89";"1577,59";"3161879,44";"1212"
"293320810";"Cacha Pregos";"1212";"1326";"3335";"1,90";"1668,07";"5040422,24";"1212"
"293320815";"Jiribatuba";"1212";"3472";"9094";"2,21";"1743,72";"29565947,92";"1212"
"293320820";"Mar Grande";"1200";"6116";"15798";"2,01";"1663,55";"6300853,61";"1200"
"293325705";"Vereda";"1200";"2253";"6002";"1,77";"1417,75";"3532549,83";"1200"
"293330705";"Vitória da Conquista";"1212";"114731";"328816";"2,03";"2462,93";"70805986,87";"1212"
"293330706";"Bate-Pé";"1200";"1817";"5053";"1,93";"1011,11";"361112,47";"1200"
"293330707";"Cabeceira da Jiboia";"1200";"1538";"4138";"2,04";"1155,55";"1155497,89";"1200"
"293330708";"Cercadinho";"1212";"693";"1797";"1,89";"983,02";"285435,78";"1212"
"293330709";"Dantilândia";"1200";"562";"1574";"2,31";"1162,75";"1687187,48";"1200"
"293330710";"Iguá";"1212";"1074";"3259";"2,50";"1177,60";"908633,89";"1212"
"293330715";"Inhobim";"1200";"1995";"5642";"2,27";"1003,78";"838433,03";"1200"
"293330720";"José Gonçalves";"1212";"2344";"6719";"1,97";"1126,41";"1093025,44";"1212"
"293330730";"Pradoso";"1212";"1405";"4270";"2,21";"1119,96";"531373,63";"1212"
"293330733";"São João da Vitória";"1212";"839";"2638";"2,72";"1177,21";"1389491,53";"1212"
"293330735";"São Sebastião";"1212";"1348";"3750";"1,89";"1219,39";"1061429,78";"1212"
"293330740";"Veredinha";"1200";"735";"2081";"2,32";"992,77";"600733,75";"1200"
"293340605";"Wagner";"1200";"3280";"9502";"2,49";"1266,82";"2240603,37";"1200"
"293345505";"Wanderley";"1200";"4250";"12957";"2,45";"1432,86";"6183869,46";"1200"
"293350505";"Wenceslau Guimarães";"1100";"8316";"24417";"2,61";"1102,70";"956586,23";"1100"
"293360405";"Xique-Xique";"1200";"11226";"36792";"2,85";"1378,97";"3998895,95";"1200"
"293360410";"Copixaba";"1000";"968";"3209";"3,68";"967,91";"266247,71";"1000"
"293360415";"Iguira";"800";"1324";"4441";"3,23";"872,67";"195843,70";"800"
"310010405";"Abadia dos Dourados";"1212";"2579";"6271";"1,44";"2338,76";"17286233,82";"1212"
"310020305";"Abaeté";"1400";"9025";"22558";"1,56";"2488,36";"11382392,72";"1400"
"310030205";"Abre Campo";"1212";"4042";"11405";"1,82";"1979,37";"6207800,02";"1212"
"310030210";"Granada";"1212";"854";"2198";"1,61";"1329,21";"1961418,58";"1212"
"310040105";"Acaiaca";"1212";"1507";"3909";"1,86";"1733,32";"2842499,72";"1212"
"310050005";"Açucena";"1212";"1791";"4820";"1,83";"1594,34";"2615777,77";"1212"
"310050010";"Aramirim";"1212";"673";"1839";"1,83";"1264,38";"961371,74";"1212"
"310050015";"Felicina";"1200";"267";"680";"2,08";"1302,29";"515264,92";"1200"
"310050020";"Gama";"1212";"129";"326";"1,53";"1413,21";"571313,76";"1212"
"310050028";"Naque-Nanuque";"1200";"425";"1098";"2,26";"1374,78";"1242431,56";"1200"
"310060905";"Água Boa";"1212";"2934";"8134";"2,08";"1795,07";"11319997,05";"1212"
"310060915";"Palmeira de Resplendor";"1212";"1222";"3550";"2,22";"1418,79";"11482888,19";"1212"
"310060920";"Novo Bonfim";"1212";"144";"447";"2,61";"1533,84";"2455612,76";"1212"
"310060925";"Catequeses";"1200";"162";"410";"1,96";"1617,08";"3087642,74";"1200"
"310070805";"Água Comprida";"2000";"822";"2105";"1,58";"2749,99";"13348150,38";"2000"
"310080705";"Aguanil";"1500";"1159";"3076";"1,52";"2213,49";"5863418,91";"1500"
"310080710";"Boticão";"1212";"463";"1258";"1,85";"1889,41";"11807531,87";"1212"
"310090605";"Águas Formosas";"1212";"5667";"15682";"2,11";"1770,56";"6206813,49";"1212"
"310090607";"Água Quente";"1212";"932";"2707";"2,29";"1059,21";"465024,49";"1212"
"310100305";"Águas Vermelhas";"1210";"2147";"7226";"3,53";"1565,40";"7483862,84";"1210"
"310100320";"Itamarati";"1200";"449";"1290";"2,17";"1307,96";"1837192,47";"1200"
"310100330";"Machado Mineiro";"1212";"1589";"5515";"3,26";"1224,16";"587341,27";"1212"
"310110205";"Aimorés";"1450";"6076";"16041";"1,78";"2497,37";"12225261,13";"1450"
"310110210";"Alto do Capim";"1200";"475";"1287";"1,50";"1478,76";"575939,77";"1200"
"310110215";"Conceição do Capim";"1200";"427";"1088";"1,67";"1600,96";"1674428,84";"1200"
"310110220";"Expedicionário Alício";"1212";"313";"794";"1,36";"1457,03";"1130947,29";"1212"
"310110225";"Mundo Novo de Minas";"1212";"260";"636";"1,14";"1439,25";"620694,14";"1212"
"310110230";"Penha do Capim";"1200";"411";"997";"1,68";"1705,08";"2490684,42";"1200"
"310110233";"Santo Antônio do Rio Doce";"1212";"619";"1680";"1,78";"1542,03";"863505,64";"1212"
"310110235";"São Sebastião da Vala";"1200";"543";"1404";"1,53";"1609,93";"2555228,75";"1200"
"310110240";"Tabaúna";"1212";"257";"705";"1,52";"1832,35";"20008406,39";"1212"
"310110245";"São José do Limoeiro";"1212";"153";"411";"1,52";"2243,93";"32920976,71";"1212"
"310120105";"Aiuruoca";"1300";"2481";"6162";"1,62";"2481,39";"22941807,48";"1300"
"310130005";"Alagoa";"1400";"1024";"2739";"1,81";"2266,35";"6137065,48";"1400"
"310140905";"Albertina";"1600";"1035";"2951";"1,78";"2113,89";"3077289,98";"1600"
"310150805";"Além Paraíba";"1212";"11034";"28658";"1,93";"2493,28";"162990126,65";"1212"
"310150810";"Angustura";"1212";"658";"1808";"2,02";"1717,28";"2955198,81";"1212"
"310160705";"Alfenas";"1800";"28706";"77404";"1,77";"2868,06";"12853247,94";"1800"
"310160710";"Barranco Alto";"1212";"415";"1100";"1,75";"1683,67";"3618814,54";"1212"
"310163105";"Alfredo Vasconcelos";"1212";"2043";"5751";"1,78";"2031,09";"5954483,12";"1212"
"310163125";"São José de Pouso Alegre";"1212";"246";"689";"1,81";"1567,50";"1656349,18";"1212"
"310163130";"Potreiro";"1212";"175";"491";"1,65";"1601,70";"1475528,05";"1212"
"310170605";"Almenara";"1212";"13483";"37426";"2,15";"1887,60";"7759436,88";"1212"
"310170620";"Pedra Grande";"1212";"996";"2630";"2,47";"1122,76";"1741560,99";"1212"
"310180505";"Alpercata";"1212";"2751";"6832";"1,81";"1722,99";"4544216,52";"1212"
"310190405";"Alpinópolis";"1500";"6594";"18257";"1,74";"2478,07";"12174461,68";"1500"
"310200105";"Alterosa";"1212";"4465";"11681";"1,61";"2031,71";"14615725,44";"1212"
"310200110";"Divino Espírito Santo";"1400";"814";"2170";"1,91";"2245,74";"17774032,28";"1400"
"310205005";"Alto Caparaó";"1212";"2175";"5750";"1,51";"1720,86";"4081549,04";"1212"
"310210005";"Alto Rio Doce";"1212";"2602";"6978";"2,05";"1722,04";"5262341,03";"1212"
"310210010";"Abreus";"1212";"555";"1424";"1,72";"1439,60";"4275559,99";"1212"
"310210015";"Missionário";"1200";"186";"494";"1,95";"1351,28";"938107,38";"1200"
"310210020";"Vitorinos";"1212";"647";"1948";"2,08";"1217,35";"1394114,55";"1212"
"310220905";"Alvarenga";"1212";"1542";"3959";"1,52";"1488,46";"1205457,28";"1212"
"310230805";"Alvinópolis";"1212";"4005";"10786";"1,75";"2092,40";"9030990,71";"1212"
"310230807";"Barretos de Alvinópolis";"1212";"232";"657";"2,00";"1437,29";"1072680,15";"1212"
"310230810";"Fonseca";"1212";"967";"2615";"2,02";"1515,74";"1876529,51";"1212"
"310230815";"Major Ezequiel";"1212";"388";"961";"1,86";"1594,55";"1781480,15";"1212"
"310240705";"Alvorada de Minas";"1212";"844";"2554";"2,97";"1518,52";"2950870,23";"1212"
"310240710";"Itapanhoacanga";"1212";"522";"1603";"3,21";"1359,27";"1117522,99";"1212"
"310250605";"Amparo do Serra";"1212";"1307";"3777";"2,20";"1758,11";"4431267,01";"1212"
"310250610";"Padre Felisberto";"1212";"267";"738";"2,00";"1273,28";"908592,32";"1212"
"310260505";"Andradas";"2000";"14079";"37341";"1,63";"2709,48";"9323840,45";"2000"
"310260510";"Gramínea";"1550";"800";"2196";"1,60";"2392,42";"11867179,38";"1550"
"310260515";"Campestrinho";"1500";"277";"752";"1,53";"2225,11";"4667328,52";"1500"
"310270405";"Cachoeira de Pajeú";"1212";"1710";"5179";"3,23";"1478,49";"2833407,82";"1212"
"310270410";"Águas Altas";"1212";"696";"2208";"3,34";"1243,79";"782981,27";"1212"
"310270415";"Tancredo Neves";"1200";"357";"1205";"3,66";"1204,34";"465585,57";"1200"
"310270420";"Cateriangongo";"800";"165";"486";"2,80";"944,24";"245762,17";"800"
"310280305";"Andrelândia";"1212";"4523";"11864";"1,87";"2160,40";"11072371,54";"1212"
"310285205";"Angelândia";"1212";"2600";"7699";"2,38";"1660,93";"8907053,19";"1212"
"310290205";"Antônio Carlos";"1212";"2070";"5658";"1,89";"2033,40";"6910996,87";"1212"
"310290206";"Curral Novo de Minas";"1212";"692";"1836";"2,04";"1648,97";"4866721,27";"1212"
"310290207";"Dr. Sá Fortes";"1212";"677";"1872";"1,61";"1838,85";"3560734,20";"1212"
"310290215";"São Sebastião de Campolide";"1212";"634";"1715";"1,67";"2495,97";"9249478,36";"1212"
"310300905";"Antônio Dias";"1212";"2530";"7156";"2,06";"1829,46";"2026649,85";"1212"
"310300910";"Hematita";"1200";"680";"2049";"2,73";"1374,28";"588610,19";"1200"
"310310805";"Antônio Prado de Minas";"1212";"599";"1537";"1,63";"1979,09";"2687584,06";"1212"
"310320705";"Araçaí";"1212";"826";"2180";"2,11";"1941,59";"16190091,04";"1212"
"310330605";"Aracitaba";"1240";"854";"2046";"1,47";"1704,55";"1126770,85";"1240"
"310340505";"Araçuaí";"1212";"10587";"29639";"2,17";"1923,99";"7285322,92";"1212"
"310340510";"Engenheiro Schnoor";"1212";"1038";"2972";"2,70";"1178,86";"561889,47";"1212"
"310340515";"Itira";"1212";"563";"1490";"2,01";"1293,37";"881995,47";"1212"
"310350405";"Araguari";"2000";"42032";"111699";"1,70";"2868,72";"13292972,92";"2000"
"310350410";"Amanhece";"1550";"877";"2290";"1,92";"2519,52";"12136816,65";"1550"
"310350415";"Florestina";"2300";"581";"1495";"1,44";"3066,44";"15959395,57";"2300"
"310350420";"Piracaíba";"1600";"576";"1475";"1,93";"2108,85";"4032270,73";"1600"
"310360305";"Arantina";"1212";"1112";"2915";"1,84";"1868,21";"3958175,32";"1212"
"310370205";"Araponga";"1211";"1729";"4732";"1,45";"1640,61";"16930687,58";"1211"
"310370210";"Estêvão de Araújo";"1200";"1133";"3311";"1,71";"1431,18";"2034045,45";"1200"
"310375105";"Araporã";"2000";"2878";"8467";"1,92";"2829,16";"9581091,93";"2000"
"310380105";"Arapuá";"1800";"1045";"2620";"1,36";"2524,21";"20000651,81";"1800"
"310390005";"Araújos";"1600";"3354";"9170";"1,75";"2340,29";"7621031,12";"1600"
"310400705";"Araxá";"2040";"40289";"110963";"1,85";"3246,16";"17381538,34";"2040"
"310400715";"Itaipu de Araxá";"1212";"39";"97";"1,68";"1934,64";"9229718,55";"1212"
"310410605";"Arceburgo";"1500";"3368";"9126";"1,86";"2195,75";"3823580,98";"1500"
"310420505";"Arcos";"2000";"15053";"41095";"1,56";"2588,89";"7536691,34";"2000"
"310430405";"Areado";"1500";"5102";"13797";"1,74";"2338,16";"6956595,31";"1500"
"310440305";"Argirita";"1212";"1012";"2687";"1,95";"1965,37";"9105069,64";"1212"
"310445205";"Aricanduva";"1212";"1676";"4705";"2,06";"1503,22";"7484484,64";"1212"
"310450205";"Arinos";"1212";"5410";"15145";"2,16";"1923,17";"5963945,13";"1212"
"310450215";"Pic Sagarana";"1200";"342";"880";"1,64";"1617,88";"4379277,43";"1200"
"310450220";"Vila Bom Jesus";"1200";"414";"1180";"2,09";"1298,70";"922839,64";"1200"
"310460105";"Astolfo Dutra";"1212";"4453";"12032";"1,65";"1918,93";"3985538,89";"1212"
"310460110";"Santana do Campestre";"1600";"546";"1569";"2,07";"2180,05";"2414764,80";"1600"
"310460115";"Sobral Pinto";"1212";"178";"499";"2,01";"1728,38";"1091383,58";"1212"
"310470005";"Ataléia";"1212";"3005";"8182";"2,04";"1554,34";"3435976,51";"1212"
"310470010";"Fidelândia";"1212";"900";"2641";"2,35";"1283,84";"861796,45";"1212"
"310470015";"Novo Horizonte";"1212";"371";"1006";"1,67";"1452,90";"2628277,66";"1212"
"310470030";"Tipiti";"1212";"378";"1027";"1,86";"1543,91";"2456886,14";"1212"
"310470035";"São Miguel";"1212";"291";"843";"2,29";"1332,77";"1494711,91";"1212"
"310480905";"Augusto de Lima";"1212";"1707";"4515";"1,99";"1771,67";"21804694,86";"1212"
"310490805";"Baependi";"1212";"6787";"18227";"1,74";"2082,01";"7412839,26";"1212"
"310500405";"Baldim";"1212";"1592";"4044";"1,85";"1743,05";"3596721,27";"1212"
"310500410";"Amanda";"1212";"214";"540";"1,68";"2152,12";"17797900,82";"1212"
"310500415";"São Vicente";"1212";"764";"1914";"1,82";"1928,82";"4685862,68";"1212"
"310500420";"Vargem Grande da Serra";"1212";"365";"937";"1,82";"1683,35";"4475033,50";"1212"
"310510305";"Bambuí";"1800";"9593";"23448";"1,53";"2631,13";"11805666,15";"1800"
"310520205";"Bandeira";"1200";"1754";"4721";"1,83";"1401,88";"1938362,75";"1200"
"310530105";"Bandeira do Sul";"1600";"2232";"5942";"1,52";"2399,84";"61036988,08";"1600"
"310540005";"Barão de Cocais";"2000";"9587";"27686";"1,94";"2514,60";"6271096,68";"2000"
"310540010";"Cocais";"1245";"1029";"2994";"2,34";"1751,48";"1516696,52";"1245"
"310550905";"Barão do Monte Alto";"1212";"814";"2095";"1,68";"1617,21";"3130225,09";"1212"
"310550910";"Cachoeira Alegre";"1212";"792";"2084";"1,83";"1697,06";"7448768,22";"1212"
"310550915";"Silveira Carvalho";"1212";"290";"784";"1,69";"1535,27";"896178,40";"1212"
"310560805";"Barbacena";"1700";"40399";"106330";"1,79";"3034,59";"40400355,87";"1700"
"310560807";"Colônia Rodrigo Silva";"1500";"951";"2719";"1,87";"3326,64";"23029487,59";"1500"
"310560810";"Correia de Almeida";"1500";"1066";"3039";"1,66";"2108,61";"4247474,29";"1500"
"310560812";"Costas da Mantiqueira";"1212";"279";"874";"1,99";"1560,47";"1529510,13";"1212"
"310560814";"Faria";"1475";"190";"542";"1,94";"2112,26";"3681907,52";"1475"
"310560815";"Padre Brito";"1212";"171";"446";"1,31";"1580,64";"1955167,59";"1212"
"310560816";"Galego";"1850";"108";"321";"1,50";"2530,18";"4573002,45";"1850"
"310560819";"Mantiqueira do Palmital";"1212";"574";"1698";"1,94";"1625,17";"1853537,28";"1212"
"310560820";"Senhora das Dores";"1212";"936";"2685";"1,66";"1536,52";"1740720,16";"1212"
"310560823";"Pinheiro Grosso";"1212";"921";"2710";"2,06";"1918,81";"4573739,29";"1212"
"310560825";"Ponte do Cosme";"2500";"385";"1147";"1,67";"3037,54";"6570805,14";"2500"
"310560827";"Ponto Chique do Martelo";"1212";"162";"468";"1,95";"1580,49";"1976798,79";"1212"
"310560830";"São Sebastião dos Torres";"1212";"522";"1462";"1,70";"1385,96";"2069942,96";"1212"
"310570705";"Barra Longa";"1212";"1616";"4528";"2,07";"2152,84";"240656477,54";"1212"
"310570715";"Bonfim da Barra";"1212";"401";"1128";"2,52";"1413,56";"880523,17";"1212"
"310590505";"Barroso";"1220";"7290";"20018";"1,81";"2101,29";"6982714,61";"1220"
"310600205";"Bela Vista de Minas";"1312";"3595";"10163";"1,92";"1995,68";"3480517,28";"1312"
"310610105";"Belmiro Braga";"1212";"735";"2026";"2,42";"2174,65";"15079243,54";"1212"
"310610110";"Porto das Flores";"1411";"188";"498";"2,29";"2404,29";"8957859,05";"1411"
"310610113";"Sobragi";"1360";"106";"304";"2,36";"2073,22";"2953123,03";"1360"
"310610115";"Três Ilhas";"1212";"142";"415";"3,02";"2391,32";"10645240,95";"1212"
"310620005";"Belo Horizonte";"3001";"547533";"1373325";"1,72";"6073,37";"355064753,94";"3001"
"310620025";"Barreiro";"1800";"101906";"278319";"1,81";"2542,19";"20404685,07";"1800"
"310620060";"Venda Nova";"1800";"240115";"654445";"1,89";"2698,26";"10100403,87";"1800"
"310630905";"Belo Oriente";"1310";"3497";"10098";"1,84";"2033,91";"3695884,00";"1310"
"310630906";"Bom Jesus do Bagre";"1212";"441";"1327";"1,99";"1774,10";"1504034,34";"1212"
"310630910";"Perpétuo Socorro";"1300";"2790";"8463";"2,26";"1827,01";"2579046,64";"1300"
"310630920";"São Sebastião de Braúnas";"1212";"1368";"4019";"2,00";"1635,30";"1436489,97";"1212"
"310640805";"Belo Vale";"1610";"1667";"4540";"2,03";"2473,15";"8930189,98";"1610"
"310640810";"Santana do Paraopeba";"1212";"449";"1201";"1,82";"1700,74";"15779475,53";"1212"
"310640815";"Boa Morte";"1256";"319";"846";"1,93";"2154,69";"8345505,06";"1256"
"310640820";"Chácara dos Cordeiros";"1212";"210";"521";"1,36";"1589,76";"2016243,10";"1212"
"310640825";"Roças Novas dos Bandeirantes";"1212";"343";"886";"5,76";"1271,83";"870765,97";"1212"
"310640830";"São Sebastião das Lajes";"1212";"256";"616";"1,46";"1794,40";"10959652,37";"1212"
"310650705";"Berilo";"1212";"2678";"7328";"2,04";"1484,22";"1655754,39";"1212"
"310650720";"Lelivéldia";"1212";"875";"2449";"2,51";"1331,21";"896082,93";"1212"
"310660605";"Bertópolis";"1200";"1001";"2698";"1,81";"1383,62";"1457557,38";"1200"
"310660620";"Umburaninha";"1200";"498";"1746";"5,24";"1106,27";"481995,10";"1200"
"310665505";"Berizal";"1212";"1036";"3065";"2,11";"1351,92";"1862865,30";"1212"
"310665510";"Serra do Anastácio";"1212";"356";"1120";"2,27";"1269,29";"415253,47";"1212"
"310670505";"Betim";"1700";"146815";"411079";"1,87";"2422,81";"7360266,18";"1700"
"310680405";"Bias Fortes";"1212";"1275";"3355";"1,98";"1708,53";"4756654,22";"1212"
"310690305";"Bicas";"1250";"5341";"13594";"1,86";"2420,35";"10374597,18";"1250"
"310690310";"Santa Helena de Bicas";"1212";"122";"302";"1,26";"1849,49";"3173367,49";"1212"
"310700005";"Biquinhas";"1212";"1027";"2383";"1,35";"1852,41";"8666587,25";"1212"
"310710905";"Boa Esperança";"1300";"13804";"39727";"2,04";"2411,04";"11070066,11";"1300"
"310720805";"Bocaina de Minas";"1212";"1036";"2490";"1,43";"1981,34";"7323878,40";"1212"
"310720810";"Mirantão";"1323";"809";"1940";"1,69";"2314,08";"9376717,54";"1322.5"
"310720815";"Santo Antônio do Alto Rio Grande";"1212";"366";"892";"1,74";"2021,90";"3834441,37";"1212"
"310730705";"Bocaiúva";"1212";"14430";"41078";"2,22";"1869,92";"4676786,17";"1212"
"310730720";"Alto Belo";"1212";"466";"1110";"1,69";"1353,77";"689608,49";"1212"
"310730725";"Terra Branca";"1200";"242";"675";"2,33";"1191,75";"447393,39";"1200"
"310730730";"Engenheiro Dolabela";"1212";"1035";"3087";"2,90";"1241,94";"706001,47";"1212"
"310730735";"Sentinela";"1200";"166";"448";"1,90";"1263,95";"371035,09";"1200"
"310730740";"Pedregulho do Vale";"800";"155";"527";"3,20";"944,76";"206544,19";"800"
"310730745";"Machados Serrano";"1200";"207";"601";"1,74";"1064,33";"162782,56";"1200"
"310730750";"Camilo Prates";"1212";"134";"342";"2,50";"1211,58";"260063,23";"1212"
"310740605";"Bom Despacho";"1800";"18628";"50188";"1,72";"2891,04";"14185451,28";"1800"
"310740610";"Engenho do Ribeiro";"1212";"541";"1393";"1,98";"2283,39";"9992009,82";"1212"
"310750505";"Bom Jardim de Minas";"1212";"2495";"6301";"1,67";"1922,88";"2900909,00";"1212"
"310750510";"Tabuão";"1212";"185";"456";"1,53";"1487,43";"928363,43";"1212"
"310760405";"Bom Jesus da Penha";"1500";"1644";"4447";"1,76";"2695,80";"35420512,24";"1500"
"310770305";"Bom Jesus do Amparo";"1212";"1974";"5626";"2,21";"1827,47";"4020356,51";"1212"
"310780205";"Bom Jesus do Galho";"1212";"3573";"9159";"1,62";"1660,97";"1944343,56";"1212"
"310780210";"Passa Dez";"1212";"287";"715";"1,54";"1181,16";"391499,31";"1212"
"310780215";"Quartel do Sacramento";"1200";"506";"1330";"1,66";"1267,21";"1269712,07";"1200"
"310780220";"Revés do Belém";"1212";"1194";"3287";"1,71";"1628,52";"8518669,77";"1212"
"310790105";"Bom Repouso";"1212";"4472";"12644";"1,76";"2011,50";"6348697,68";"1212"
"310800805";"Bom Sucesso";"1212";"5762";"15202";"1,86";"2279,41";"15858699,64";"1212"
"310800810";"Macaia";"1212";"390";"1180";"3,60";"1958,22";"9439074,91";"1212"
"310800815";"Machados de Bom Sucesso";"1212";"223";"602";"1,42";"2800,45";"25591814,99";"1212"
"310810705";"Bonfim";"1212";"2188";"5293";"1,50";"2140,99";"7623366,10";"1212"
"310810710";"Santo Antônio da Vargem Alegre";"1212";"866";"2095";"1,43";"1631,59";"1683090,49";"1212"
"310820605";"Bonfinópolis de Minas";"1400";"2094";"5457";"1,84";"2324,03";"8801784,31";"1400"
"310825505";"Bonito de Minas";"1212";"2432";"8076";"3,85";"1302,60";"1611343,10";"1212"
"310825510";"Raizama";"1200";"151";"462";"2,50";"1188,43";"690711,06";"1200"
"310825515";"São José do Gibão";"1212";"458";"1662";"4,29";"1175,16";"671215,40";"1212"
"310830505";"Borda da Mata";"1500";"5316";"13847";"1,67";"2379,41";"8838133,31";"1500"
"310830510";"Cervo";"1214";"704";"1852";"1,52";"1927,42";"2399560,45";"1213.5"
"310830515";"Sertãozinho";"1350";"643";"1660";"1,55";"2088,82";"9423268,60";"1350"
"310840405";"Botelhos";"1360";"4558";"11946";"1,59";"2340,01";"9420213,24";"1360"
"310840410";"Palmeiral";"1212";"793";"2071";"1,35";"1890,11";"3704871,88";"1212"
"310840415";"São Gonçalo de Botelhos";"1200";"254";"666";"1,71";"1915,53";"26172406,18";"1200"
"310850305";"Botumirim";"1212";"1189";"3234";"2,16";"1347,87";"1147833,19";"1212"
"310850310";"Adão Colares";"1212";"562";"1606";"2,21";"1284,08";"938802,03";"1212"
"310850315";"Santa Cruz de Botumirim";"1212";"137";"374";"2,18";"1209,35";"1265737,31";"1212"
"310850320";"Canta Galo de Botumirim";"1000";"198";"565";"2,72";"1075,80";"2273748,88";"1000"
"310855205";"Brasilândia de Minas";"1300";"5255";"15014";"2,12";"2065,55";"6673052,67";"1300"
"310860205";"Brasília de Minas";"1212";"7726";"23114";"2,30";"1746,09";"4834842,75";"1212"
"310860210";"Angicos de Minas";"1200";"826";"2344";"1,82";"1158,45";"1063542,59";"1200"
"310860220";"Fernão Dias";"1212";"1177";"3520";"2,62";"1119,22";"1345633,22";"1212"
"310860235";"Retiro de Santo Antônio";"1200";"223";"663";"1,83";"975,01";"300629,38";"1200"
"310860240";"Vargem Grande do Bom Jesus";"1212";"486";"1407";"2,47";"1083,29";"441831,48";"1212"
"310860245";"Vila de Fátima";"1212";"310";"934";"2,20";"972,96";"293417,05";"1212"
"310870105";"Brás Pires";"1212";"1394";"3575";"1,54";"1413,33";"1157985,75";"1212"
"310870125";"Ribeirão de Santo Antônio";"1212";"240";"640";"1,87";"1519,42";"2591825,17";"1212"
"310880005";"Braúnas";"1212";"1604";"4437";"1,96";"1754,85";"4674604,73";"1212"
"310890905";"Brazópolis";"1276";"3848";"9882";"1,74";"2250,08";"7145237,12";"1276"
"310890910";"Dias";"1224";"725";"1993";"1,69";"1886,56";"1913387,15";"1224"
"310890915";"Luminosa";"1212";"522";"1404";"1,89";"1587,22";"2392124,83";"1212"
"310890920";"Cruz Vera";"1300";"346";"875";"1,61";"1960,14";"2529502,96";"1300"
"310900605";"Brumadinho";"2400";"8215";"22696";"1,81";"4007,55";"37596069,47";"2400"
"310900610";"Aranha";"1800";"906";"2610";"2,32";"2235,95";"6234869,09";"1800"
"310900615";"Conceição de Itaguá";"2000";"2405";"7104";"2,03";"2514,39";"4735905,07";"2000"
"310900620";"Piedade do Paraopeba";"2000";"1844";"4874";"1,79";"5365,12";"58180994,50";"2000"
"310900625";"São José do Paraopeba";"1400";"497";"1388";"2,55";"1979,36";"6162048,30";"1400"
"310910505";"Bueno Brandão";"1500";"4196";"10851";"1,52";"2229,26";"6388271,40";"1500"
"310920405";"Buenópolis";"1212";"2870";"7721";"2,15";"1780,42";"4756271,36";"1212"
"310920410";"Curimataí";"1220";"554";"1369";"1,67";"1280,47";"1313627,67";"1220"
"310925305";"Bugre";"1212";"1438";"4040";"2,23";"1521,98";"3911558,89";"1212"
"310930305";"Buritis";"1212";"7142";"19470";"2,08";"2078,65";"8000418,63";"1212"
"310930310";"Serra Bonita";"1212";"575";"1567";"1,93";"1881,95";"21694578,38";"1212"
"310930320";"São Pedro do Passa Três";"1212";"493";"1382";"2,20";"1647,33";"1820629,65";"1212"
"310930325";"Vila Serrana";"1213";"527";"1434";"2,28";"1503,51";"1938367,54";"1213"
"310940205";"Buritizeiro";"1212";"7331";"21494";"2,17";"1627,34";"2260926,75";"1212"
"310940210";"Cachoeira do Manteiga";"1212";"451";"1346";"2,91";"1079,38";"473131,07";"1212"
"310940215";"Paredão de Minas";"1212";"283";"752";"1,98";"1546,97";"881489,52";"1212"
"310940220";"Sambaíba de Minas";"1800";"111";"276";"2,00";"1936,36";"454445,37";"1800"
"310945105";"Cabeceira Grande";"1600";"1213";"3084";"1,88";"2732,27";"24348107,58";"1600"
"310945120";"Palmital de Minas";"1212";"1389";"3543";"1,73";"2201,01";"17407303,88";"1212"
"310950105";"Cabo Verde";"1400";"2961";"7973";"1,67";"2570,82";"294115743,61";"1400"
"310950110";"Serra dos Lemes";"1212";"766";"2116";"1,67";"1981,91";"14971967,69";"1212"
"310950115";"São Bartolomeu de Minas";"1212";"473";"1291";"1,68";"1927,33";"2670405,04";"1212"
"310960005";"Cachoeira da Prata";"1400";"1377";"3692";"1,81";"2352,93";"19436380,27";"1400"
"310970905";"Cachoeira de Minas";"1390";"3720";"10206";"1,79";"2017,12";"3957291,97";"1390"
"310970910";"Itaim";"1212";"637";"1641";"1,47";"1881,12";"3670962,45";"1212"
"310980805";"Cachoeira Dourada";"1900";"866";"2296";"1,83";"2453,73";"5298419,64";"1900"
"310990705";"Caetanópolis";"1212";"4208";"11412";"2,03";"2177,81";"9136286,37";"1212"
"311000405";"Caeté";"1600";"11266";"32376";"2,10";"2480,37";"7094602,98";"1600"
"311000410";"Antônio dos Santos";"1200";"491";"1163";"1,80";"1775,75";"7057333,52";"1200"
"311000415";"Morro Vermelho";"1212";"238";"701";"2,61";"1576,66";"2472555,69";"1212"
"311000420";"Penedia";"1212";"422";"1171";"2,03";"1871,02";"5436036,90";"1212"
"311000425";"Roças Novas";"1212";"948";"2594";"2,03";"1928,73";"2974623,12";"1212"
"311000430";"Rancho Novo";"1200";"212";"613";"1,75";"1416,31";"1501923,59";"1200"
"311010305";"Caiana";"1212";"1982";"5300";"1,58";"1554,59";"3979668,52";"1212"
"311020205";"Cajuri";"1212";"1222";"3515";"2,05";"1735,04";"11525326,12";"1212"
"311020210";"Paraguai";"1212";"210";"572";"2,37";"1439,41";"717456,01";"1212"
"311030105";"Caldas";"1600";"3820";"9381";"1,59";"2515,06";"14250652,17";"1600"
"311030107";"Laranjeiras de Caldas";"1600";"745";"1961";"1,63";"2374,51";"6983372,69";"1600"
"311030110";"Santana de Caldas";"1212";"380";"986";"1,43";"2100,64";"28335890,81";"1212"
"311030115";"São Pedro de Caldas";"1212";"772";"1834";"1,18";"1946,53";"7473499,75";"1212"
"311040005";"Camacho";"1212";"1050";"2835";"1,48";"1686,54";"1293868,59";"1212"
"311050905";"Camanducaia";"1576";"7357";"19727";"1,76";"2334,86";"7306440,48";"1576"
"311050910";"Monte Verde";"2000";"1752";"4736";"1,81";"3105,12";"38731812,44";"2000"
"311050915";"São Mateus de Minas";"1212";"559";"1466";"1,65";"1677,01";"1996028,46";"1212"
"311060805";"Cambuí";"1800";"11323";"29459";"1,65";"2777,94";"187961944,61";"1800"
"311070705";"Cambuquira";"1212";"4597";"12239";"1,92";"2125,98";"6622134,61";"1212"
"311080605";"Campanário";"1212";"1086";"2922";"2,01";"1574,64";"3114944,79";"1212"
"311090505";"Campanha";"1215";"5702";"15802";"2,14";"2359,09";"14065365,74";"1215"
"311100205";"Campestre";"1500";"6879";"17880";"1,44";"2254,99";"5610881,66";"1500"
"311100210";"Posses de São Sebastião";"1212";"963";"2716";"1,52";"1756,17";"4069102,99";"1212"
"311110105";"Campina Verde";"1500";"6603";"16250";"1,52";"2539,64";"14065794,20";"1500"
"311110110";"Honorópolis";"1800";"692";"1656";"1,57";"3001,43";"31648933,82";"1800"
"311115005";"Campo Azul";"1212";"903";"2623";"2,31";"1324,84";"1195243,37";"1212"
"311115010";"Vila São José";"1212";"373";"1084";"2,31";"1113,59";"538986,63";"1212"
"311120005";"Campo Belo";"1500";"19671";"51636";"1,58";"2344,15";"8212047,32";"1500"
"311120010";"Porto dos Mendes";"1212";"146";"353";"1,43";"1630,82";"2147238,72";"1212"
"311130905";"Campo do Meio";"1212";"4075";"11324";"1,95";"1849,56";"4596866,81";"1212"
"311140805";"Campo Florido";"1824";"3032";"8436";"1,98";"2456,27";"12902425,27";"1824"
"311150705";"Campos Altos";"1600";"4422";"12189";"2,02";"2458,74";"9142121,30";"1600"
"311150710";"São Jerônimo dos Poções";"2200";"257";"757";"2,43";"3384,20";"42300646,38";"2200"
"311160605";"Campos Gerais";"1212";"8300";"22513";"1,78";"2019,58";"7032922,38";"1212"
"311160610";"Córrego do Ouro";"1212";"1174";"3434";"2,03";"1938,74";"17572246,91";"1212"
"311170505";"Canaã";"1212";"1703";"4710";"1,54";"1682,34";"7500048,89";"1212"
"311180405";"Canápolis";"1500";"4034";"10521";"1,61";"2169,98";"4545824,66";"1500"
"311190305";"Cana Verde";"1250";"1747";"4767";"1,65";"1954,45";"5389545,06";"1250"
"311190310";"Cerradinho";"1250";"195";"472";"1,46";"1552,31";"1037555,46";"1250"
"311200005";"Candeias";"1212";"5125";"13100";"1,44";"1940,46";"5478125,31";"1212"
"311200010";"Vieiras Bravos";"1212";"294";"781";"1,37";"1901,54";"10196151,50";"1212"
"311205905";"Cantagalo";"1212";"1387";"3974";"2,15";"1644,65";"3593883,32";"1212"
"311210905";"Caparaó";"1212";"1852";"5039";"1,61";"1590,42";"3562926,45";"1212"
"311220805";"Capela Nova";"1212";"1533";"4004";"1,55";"1569,57";"2427094,06";"1212"
"311220810";"Palmeiras de Capela Nova";"1212";"134";"355";"1,58";"1138,40";"222702,02";"1212"
"311230705";"Capelinha";"1212";"12748";"35435";"1,95";"2065,42";"8657139,51";"1212"
"311230715";"Bom Jesus do Galego";"1212";"228";"583";"2,41";"1494,59";"5950231,07";"1212"
"311230720";"Chapadinha do Ipê";"1200";"938";"2846";"2,00";"1236,30";"1396121,98";"1200"
"311230725";"Ponte Nova de Capelinha";"1200";"159";"441";"1,85";"1609,20";"4897678,76";"1200"
"311230730";"São Caetano da Serra";"1212";"73";"140";"1,02";"1210,33";"392945,01";"1212"
"311240605";"Capetinga";"1212";"2046";"5659";"1,95";"1941,86";"3525474,63";"1212"
"311240610";"Goianases";"1250";"338";"854";"1,92";"1904,61";"7653844,38";"1250"
"311250505";"Capim Branco";"1500";"3598";"10631";"2,12";"2435,40";"7027815,08";"1500"
"311260405";"Capinópolis";"1500";"5573";"14610";"1,64";"2348,06";"9529301,53";"1500"
"311265305";"Capitão Andrade";"1212";"1791";"4570";"1,67";"1678,32";"5682692,44";"1212"
"311270305";"Capitão Enéas";"1212";"3598";"11249";"2,63";"1568,65";"2384906,87";"1212"
"311270310";"Caçarema";"1212";"540";"1588";"2,26";"1511,83";"2257922,33";"1212"
"311270320";"Santana da Serra";"1212";"435";"1247";"2,01";"1334,53";"1357416,56";"1212"
"311280205";"Capitólio";"2000";"3878";"10291";"1,72";"2744,25";"12386913,37";"2000"
"311290105";"Caputira";"1212";"3089";"8935";"1,85";"1638,60";"2929908,09";"1212"
"311300805";"Caraí";"1212";"2445";"6792";"2,19";"1368,61";"5764567,16";"1212"
"311300810";"Marambainha";"1212";"1392";"4071";"2,76";"1147,16";"1369412,62";"1212"
"311300812";"Maranhão";"1212";"548";"1542";"2,32";"1052,90";"398325,09";"1212"
"311300815";"Ponto do Marambaia";"1212";"1141";"3186";"2,33";"1246,05";"1540581,92";"1212"
"311300820";"Queixadinha";"700";"493";"1446";"3,09";"888,30";"359640,73";"700"
"311300825";"Santa Luiza dos Corujas";"1212";"191";"594";"3,50";"1112,65";"945321,65";"1212"
"311300830";"Ribeirão de Santana";"1085";"661";"1884";"2,11";"1135,37";"681198,32";"1085"
"311310705";"Caranaíba";"1212";"1047";"2933";"2,15";"1731,24";"4023618,20";"1212"
"311320605";"Carandaí";"1300";"6880";"20107";"1,96";"2119,30";"4387238,89";"1300"
"311320610";"Hermilo Alves";"1212";"725";"1982";"1,74";"1619,47";"1849899,51";"1212"
"311320615";"Pedra do Sino";"1212";"596";"1721";"1,90";"1941,10";"16002997,37";"1212"
"311330505";"Carangola";"1300";"10048";"25329";"1,64";"2434,40";"11432010,21";"1300"
"311330510";"Alvorada";"1212";"918";"2409";"1,70";"1516,69";"1705512,86";"1212"
"311330520";"Lacerdinha";"1212";"740";"2009";"1,85";"1585,69";"1848522,21";"1212"
"311330525";"Ponte Alta de Minas";"1212";"464";"1214";"1,61";"1514,78";"1550276,62";"1212"
"311340405";"Caratinga";"1500";"24872";"65690";"1,70";"3074,71";"736418375,84";"1500"
"311340407";"Cordeiro de Minas";"1600";"960";"2669";"1,80";"2720,74";"21142514,00";"1600"
"311340410";"Dom Lara";"1212";"375";"964";"1,69";"1548,77";"1151376,63";"1212"
"311340413";"Dom Modesto";"1350";"396";"1050";"1,56";"1944,92";"25080641,21";"1350"
"311340424";"Patrocínio de Caratinga";"1212";"749";"2120";"1,39";"1604,25";"7736204,31";"1212"
"311340426";"Santa Efigênia de Caratinga";"1212";"962";"2689";"1,54";"1478,28";"1069219,93";"1212"
"311340427";"Santa Luzia de Caratinga";"1212";"1003";"2729";"1,70";"1500,76";"3578465,86";"1212"
"311340435";"Santo Antônio do Manhuaçu";"1212";"819";"2099";"1,33";"1624,36";"4616585,89";"1212"
"311340440";"São Cândido";"1212";"1057";"2712";"1,57";"1684,99";"1603467,19";"1212"
"311340445";"São João do Jacutinga";"1212";"468";"1245";"1,51";"1257,49";"637802,90";"1212"
"311340450";"Sapucaia";"1212";"1003";"2588";"1,46";"1635,61";"1849187,98";"1212"
"311350305";"Carbonita";"1212";"3061";"7652";"1,79";"1727,15";"3007540,23";"1212"
"311350310";"Abadia de Carbonita";"1212";"99";"254";"1,98";"1376,85";"721400,73";"1212"
"311350315";"Santana de Carbonita";"1212";"59";"152";"2,04";"1186,79";"418986,10";"1212"
"311350320";"Monte Belo de Carbonita";"1212";"105";"232";"1,38";"1422,77";"906796,04";"1212"
"311350325";"Mercadinho";"1212";"89";"191";"1,35";"1410,71";"557153,58";"1212"
"311360205";"Careaçu";"1500";"2435";"6777";"2,00";"2216,07";"6828869,44";"1500"
"311370105";"Carlos Chagas";"1212";"5400";"14168";"1,90";"1957,42";"10770607,94";"1212"
"311370110";"Epaminondas Otoni";"1212";"676";"1626";"1,58";"1502,40";"1495907,65";"1212"
"311370115";"Presidente Pena";"1212";"1043";"2701";"1,95";"1594,75";"9386004,77";"1212"
"311380005";"Carmésia";"1212";"910";"2605";"2,44";"1782,26";"1933020,19";"1212"
"311390905";"Carmo da Cachoeira";"1212";"3726";"10811";"2,27";"2075,20";"10936730,31";"1212"
"311390920";"Palmital do Cervo";"1212";"213";"547";"1,90";"1847,66";"7804293,53";"1212"
"311400605";"Carmo da Mata";"1500";"4252";"10964";"1,67";"2205,05";"5373697,05";"1500"
"311410505";"Carmo de Minas";"1212";"4641";"13669";"2,27";"2078,49";"5704018,93";"1212"
"311420405";"Carmo do Cajuru";"1900";"7262";"19934";"1,74";"2454,60";"8529683,83";"1900"
"311420408";"Bom Jesus de Angicos";"1212";"275";"674";"1,51";"1789,71";"1897410,26";"1212"
"311420409";"Santo Antônio da Serra";"1800";"204";"451";"1,46";"1976,65";"3065166,26";"1800"
"311420410";"São José dos Salgados";"1800";"903";"2306";"1,68";"2297,27";"7762841,26";"1800"
"311430305";"Carmo do Paranaíba";"1600";"10394";"27100";"1,61";"2398,27";"8441562,06";"1600"
"311430310";"Quintinos";"2000";"662";"1557";"1,38";"2732,81";"37456108,76";"2000"
"311440205";"Carmo do Rio Claro";"1300";"7153";"18678";"1,62";"2242,68";"7137891,11";"1300"
"311440210";"Itaci";"1500";"350";"947";"2,07";"1834,50";"2449481,30";"1500"
"311440220";"Vilelândia";"1212";"442";"1265";"1,68";"2211,42";"19703292,38";"1212"
"311450105";"Carmópolis de Minas";"1500";"5867";"16405";"1,72";"2267,12";"7757459,48";"1500"
"311450110";"Bom Jardim das Pedras";"1212";"480";"1450";"1,97";"1467,42";"1416865,21";"1212"
"311455005";"Carneirinho";"2000";"2347";"5971";"1,42";"2959,48";"23401715,75";"2000"
"311455010";"Estrela da Barra";"1500";"351";"842";"1,43";"2608,39";"14277515,95";"1500"
"311455017";"Fátima do Pontal";"2000";"173";"417";"1,49";"2707,77";"23672469,21";"2000"
"311455020";"São Sebastião do Pontal";"2000";"879";"2176";"1,67";"2724,90";"7495836,57";"2000"
"311460005";"Carrancas";"1300";"1507";"3989";"2,14";"2625,45";"13447726,01";"1300"
"311470905";"Carvalhópolis";"1500";"1222";"3319";"1,70";"2286,29";"4258865,27";"1500"
"311480805";"Carvalhos";"1212";"1441";"3736";"1,69";"2493,62";"750037202,62";"1212"
"311480810";"Franceses";"1212";"92";"242";"1,95";"1446,53";"2652764,20";"1212"
"311480815";"Muquem de São Lázaro";"1212";"152";"409";"2,24";"1422,14";"1139417,24";"1212"
"311490705";"Casa Grande";"1212";"765";"2214";"1,85";"3089,20";"50532338,86";"1212"
"311500305";"Cascalho Rico";"1212";"1058";"2685";"1,50";"1920,56";"3800857,23";"1212"
"311510205";"Cássia";"1500";"6404";"17035";"1,83";"2427,87";"10145404,53";"1500"
"311520105";"Conceição da Barra de Minas";"1212";"1324";"3541";"1,66";"2094,66";"11617778,64";"1212"
"311530005";"Cataguases";"1600";"23814";"61763";"1,74";"2559,67";"14998095,26";"1600"
"311530007";"Aracati de Minas";"1212";"185";"454";"1,77";"1637,11";"1298612,97";"1212"
"311530010";"Cataguarino";"1212";"263";"665";"2,01";"1683,90";"1010477,89";"1212"
"311530012";"Glória de Cataguases";"1212";"104";"275";"2,64";"1741,56";"756140,41";"1212"
"311530015";"Sereno";"1212";"773";"2131";"1,97";"1855,86";"1826886,57";"1212"
"311530020";"Vista Alegre";"1212";"261";"710";"2,21";"1892,11";"3458438,52";"1212"
"311535905";"Catas Altas";"2000";"1662";"4576";"1,84";"2531,10";"7460692,90";"2000"
"311535910";"Morro D'Água Quente";"1500";"322";"880";"1,88";"2239,94";"2696023,25";"1500"
"311540905";"Catas Altas da Noruega";"1212";"1092";"3096";"2,45";"1490,34";"787511,62";"1212"
"311545805";"Catuji";"1212";"2489";"7027";"2,18";"1400,51";"1908743,89";"1212"
"311547405";"Catuti";"1200";"931";"2540";"1,72";"1292,32";"2210941,91";"1200"
"311547410";"Barreiro Branco";"1212";"781";"2199";"1,81";"1136,51";"542910,66";"1212"
"311550805";"Caxambu";"1500";"8154";"20943";"1,85";"2723,10";"13645914,85";"1500"
"311560705";"Cedro do Abaeté";"1212";"449";"1081";"1,48";"1847,45";"2286603,34";"1212"
"311570605";"Central de Minas";"1212";"1779";"4414";"1,50";"1818,32";"6673472,67";"1212"
"311570610";"Floresta";"1212";"728";"1745";"1,36";"1355,85";"502487,36";"1212"
"311580505";"Centralina";"1250";"3754";"10183";"2,00";"2100,74";"6971915,85";"1250"
"311590405";"Chácara";"1212";"1203";"3074";"1,86";"2150,92";"4906736,60";"1212"
"311600105";"Chalé";"1212";"1317";"3424";"1,54";"1871,34";"5017057,71";"1212"
"311600110";"Professor Sperber";"1200";"300";"811";"1,27";"1270,37";"804561,71";"1200"
"311600115";"Penha do Coco";"1000";"390";"1152";"1,51";"995,83";"604103,51";"1000"
"311600120";"Água Limpa de Chalé";"1212";"220";"609";"1,43";"1338,69";"1001621,70";"1212"
"311610005";"Chapada do Norte";"1212";"2075";"6200";"2,41";"1523,46";"1384064,56";"1212"
"311610010";"Cachoeira do Norte";"1500";"205";"597";"2,00";"1980,25";"1777229,75";"1500"
"311610020";"Granjas do Norte";"1212";"432";"1374";"3,17";"1321,07";"2120189,66";"1212"
"311610030";"Santa Rita do Araçuaí";"1212";"257";"772";"2,20";"1558,74";"863166,22";"1212"
"311610040";"São Sebastião da Boa Vista";"1212";"507";"1369";"1,83";"1529,85";"1747755,00";"1212"
"311615905";"Chapada Gaúcha";"1212";"2811";"8850";"2,67";"2220,72";"17209430,81";"1212"
"311615920";"Serra das Araras";"1200";"862";"2796";"3,39";"1174,30";"470336,91";"1200"
"311615930";"Vila Bom Jesus de Minas";"600";"73";"264";"2,55";"1243,80";"2071048,71";"600"
"311615935";"Vila Retiro Velho";"1212";"134";"396";"2,45";"1142,03";"332205,90";"1212"
"311620905";"Chiador";"1500";"648";"1700";"1,78";"2172,29";"4148444,82";"1500"
"311620910";"Penha Longa";"1400";"390";"1100";"2,26";"1987,66";"2859215,63";"1400"
"311630805";"Cipotânea";"1212";"2042";"5535";"1,81";"1405,40";"1634256,78";"1212"
"311640705";"Claraval";"1500";"1661";"4638";"1,77";"1843,74";"2028081,50";"1500"
"311650605";"Claro dos Poções";"1212";"1988";"5091";"1,85";"1402,46";"1668270,20";"1212"
"311650610";"Vista Alegre";"1212";"630";"1653";"1,92";"1457,53";"919367,91";"1212"
"311650615";"Boa Sorte de Claro dos Poções";"1212";"179";"418";"1,62";"1273,77";"517978,29";"1212"
"311660505";"Cláudio";"1700";"9679";"26981";"1,87";"2405,37";"8254569,04";"1700"
"311660510";"Monsenhor João Alexandre";"1400";"1106";"3026";"1,83";"1992,83";"3717500,67";"1400"
"311670405";"Coimbra";"1212";"2833";"7107";"1,57";"1955,98";"2996755,35";"1212"
"311680305";"Coluna";"1212";"2977";"8107";"1,99";"1509,00";"3083801,89";"1212"
"311690205";"Comendador Gomes";"1800";"1084";"2771";"1,46";"2540,62";"8398429,98";"1800"
"311700905";"Comercinho";"1200";"1789";"4615";"1,61";"1278,40";"1330285,16";"1200"
"311700910";"Água Branca de Minas";"1200";"501";"1327";"1,81";"1249,36";"645977,16";"1200"
"311700915";"Taboa";"1212";"249";"714";"2,26";"1043,35";"414632,43";"1212"
"311710805";"Conceição da Aparecida";"1500";"3804";"10337";"1,78";"2240,54";"9050411,05";"1500"
"311720705";"Conceição das Pedras";"1212";"1019";"2772";"1,68";"1711,46";"2079883,44";"1212"
"311730605";"Conceição das Alagoas";"1800";"9589";"27483";"2,04";"2401,17";"7642234,26";"1800"
"311730610";"Poncianos";"1500";"289";"690";"1,61";"2619,39";"21059552,94";"1500"
"311740505";"Conceição de Ipanema";"1212";"1680";"4405";"1,51";"1731,36";"2612720,76";"1212"
"311750405";"Conceição do Mato Dentro";"1600";"5705";"16705";"2,31";"2638,36";"10197952,48";"1600"
"311750410";"Brejaúba";"1212";"201";"548";"2,57";"1361,59";"667603,53";"1212"
"311750415";"Córregos";"1212";"189";"462";"2,45";"1837,64";"10267159,83";"1212"
"311750420";"Costa Sena";"1200";"249";"772";"2,24";"1196,93";"398292,56";"1200"
"311750425";"Itacolomi";"1212";"311";"902";"2,51";"1563,18";"1568270,61";"1212"
"311750428";"Ouro Fino do Mato Dentro";"1212";"192";"556";"2,21";"1920,99";"6913666,66";"1212"
"311750430";"Santo Antônio do Norte";"1212";"249";"755";"3,09";"1522,99";"717273,35";"1212"
"311750432";"Santo Antônio do Cruzeiro";"1220";"94";"233";"2,51";"1364,97";"747857,71";"1220"
"311750435";"São Sebastião do Bom Sucesso";"1212";"157";"435";"2,31";"1800,84";"2882576,43";"1212"
"311750436";"Senhora do Socorro";"1212";"102";"267";"2,00";"1305,40";"587148,42";"1212"
"311750440";"Tabuleiro do Mato Dentro";"1245";"238";"679";"2,47";"1531,60";"2129357,33";"1245"
"311750445";"Capitão Felizardo";"1212";"138";"396";"2,26";"1286,73";"858212,58";"1212"
"311750450";"Três Barras do Mato Dentro";"1200";"127";"410";"4,11";"1101,14";"538091,97";"1200"
"311760305";"Conceição do Pará";"1500";"2067";"5407";"1,94";"2765,01";"516949785,16";"1500"
"311770205";"Conceição do Rio Verde";"1212";"4338";"11861";"2,01";"1872,48";"4165217,44";"1212"
"311770210";"Águas de Contendas";"1212";"229";"610";"1,93";"2313,07";"10927404,96";"1212"
"311780105";"Conceição dos Ouros";"1245";"3966";"10851";"1,79";"2073,48";"6401180,84";"1245"
"311783605";"Cônego Marinho";"1212";"981";"2996";"2,55";"1275,89";"1048437,52";"1212"
"311783610";"São José de Macaúbas";"1212";"161";"420";"2,05";"1345,94";"509654,31";"1212"
"311783615";"Cruz dos Araújos";"1212";"371";"1029";"2,28";"1328,01";"705522,71";"1212"
"311783620";"Santo Antônio da Vaca Preta";"1212";"200";"728";"3,64";"1214,58";"773288,36";"1212"
"311783625";"Olhos D'Água do Bom Jesus";"1212";"656";"2050";"2,37";"1196,33";"857437,50";"1212"
"311787605";"Confins";"1500";"2497";"7317";"1,87";"2572,94";"11713293,96";"1500"
"311790005";"Congonhal";"1500";"4162";"11004";"1,52";"2123,72";"4633394,43";"1500"
"311800705";"Congonhas";"2000";"14866";"43582";"1,99";"2736,70";"8675914,22";"2000"
"311800710";"Alto Maranhão";"1700";"2358";"6871";"1,90";"2228,84";"3419800,48";"1700"
"311800715";"Lobo Leite";"1372";"758";"2315";"1,92";"1995,69";"2204135,21";"1372"
"311810605";"Congonhas do Norte";"1212";"1341";"3667";"2,07";"1619,48";"4903971,76";"1212"
"311810610";"Santa Cruz dos Alves";"1212";"379";"1151";"3,56";"1316,70";"913537,98";"1212"
"311820505";"Conquista";"2000";"2173";"5652";"1,81";"2507,49";"5181920,10";"2000"
"311820510";"Guaxima";"2000";"112";"276";"1,91";"4054,82";"28888970,49";"2000"
"311820515";"Jubaí";"2000";"285";"724";"1,71";"3071,64";"9520154,57";"2000"
"311830405";"Conselheiro Lafaiete";"2000";"47202";"129960";"1,84";"2948,52";"12280253,12";"2000"
"311830410";"Buarque de Macedo";"1212";"381";"1097";"2,18";"2043,85";"11344284,22";"1212"
"311840305";"Conselheiro Pena";"1212";"5787";"15121";"1,71";"2281,63";"8468766,27";"1212"
"311840315";"Barra do Cuieté";"1212";"524";"1303";"1,77";"1683,39";"1890562,63";"1212"
"311840320";"Bueno";"1212";"378";"970";"1,46";"1653,93";"2584269,95";"1212"
"311840325";"Cuieté Velho";"1212";"268";"682";"1,69";"1601,49";"2026410,01";"1212"
"311840335";"Ferruginha";"1212";"677";"1680";"1,39";"1792,92";"3157301,91";"1212"
"311840345";"Penha do Norte";"1212";"364";"920";"1,36";"1751,21";"2698013,01";"1212"
"311850205";"Consolação";"1212";"622";"1552";"1,64";"1755,84";"1681049,48";"1212"
"311860105";"Contagem";"1850";"151270";"419030";"1,82";"2753,03";"12069593,12";"1850"
"311860110";"Parque Industrial";"2001";"77492";"200041";"1,61";"3172,27";"45763991,63";"2001"
"311870005";"Coqueiral";"1212";"2902";"7985";"1,80";"1947,13";"6087545,79";"1212"
"311870010";"Frei Eustáquio";"1212";"348";"996";"1,68";"1797,64";"4415179,32";"1212"
"311880905";"Coração de Jesus";"1212";"4972";"13693";"2,16";"1531,40";"2844978,95";"1212"
"311880910";"Alvação";"1212";"1175";"3207";"2,00";"1570,05";"6949874,51";"1212"
"311880913";"Aristides Batista";"1212";"496";"1369";"2,24";"1156,98";"574529,31";"1212"
"311880915";"Luiz Pires de Minas";"1212";"964";"2647";"1,89";"1314,10";"1838612,57";"1212"
"311880920";"Ponte dos Ciganos";"1212";"895";"2343";"2,12";"1184,36";"947832,19";"1212"
"311880925";"São Geraldo";"1200";"369";"972";"2,56";"1313,31";"4479112,98";"1200"
"311880940";"São Joaquim";"1200";"424";"1084";"1,89";"1162,35";"869201,27";"1200"
"311890805";"Cordisburgo";"1212";"1982";"5060";"1,66";"2007,09";"42371118,14";"1212"
"311890810";"Lagoa Bonita";"1212";"983";"2466";"1,74";"1512,61";"2760895,41";"1212"
"311900505";"Cordislândia";"1212";"1147";"3175";"2,04";"1759,86";"4376357,42";"1212"
"311910405";"Corinto";"1212";"8108";"21956";"2,11";"1925,00";"4225226,65";"1212"
"311910408";"Beltrão";"1212";"212";"520";"2,43";"1550,12";"6582069,07";"1212"
"311910410";"Contria";"1212";"348";"927";"2,27";"1491,80";"1349098,39";"1212"
"311920305";"Coroaci";"1212";"2281";"7354";"3,16";"1913,53";"4250479,88";"1212"
"311920310";"Conceição de Tronqueiras";"1212";"668";"2234";"3,19";"1617,67";"1492609,82";"1212"
"311920315";"São Sebastião do Bugre";"1212";"349";"1282";"3,48";"2071,61";"20524908,27";"1212"
"311930205";"Coromandel";"1800";"9544";"23909";"1,58";"2708,60";"14650071,86";"1800"
"311930210";"Alegre";"1803";"158";"388";"1,28";"3651,82";"100961670,55";"1803"
"311930212";"Lagamar dos Coqueiros";"1850";"276";"735";"1,60";"2517,72";"7464161,56";"1850"
"311930213";"Pântano de Santa Cruz";"1700";"652";"1786";"1,79";"2616,52";"38263688,71";"1700"
"311930214";"Mateiro";"2400";"239";"569";"1,43";"3089,61";"13271926,73";"2400"
"311930215";"Santa Rosa dos Dourados";"1500";"585";"1410";"1,61";"2918,24";"36202319,06";"1500"
"311940105";"Coronel Fabriciano";"2000";"21862";"57892";"1,72";"2894,54";"146770403,46";"2000"
"311940110";"Senador Melo Viana";"1500";"16561";"46224";"1,79";"2114,13";"4595817,15";"1500"
"311950005";"Coronel Murta";"1212";"2202";"6293";"2,07";"1534,33";"2574830,20";"1212"
"311950007";"Barra do Salinas";"1212";"267";"788";"2,41";"1066,40";"963484,95";"1212"
"311950010";"Freire Cardoso";"1212";"411";"1107";"2,09";"1362,37";"1620067,94";"1212"
"311960905";"Coronel Pacheco";"1212";"990";"2759";"2,11";"2154,61";"6262076,91";"1212"
"311970805";"Coronel Xavier Chaves";"1500";"1262";"3486";"1,85";"2587,25";"15353643,18";"1500"
"311980705";"Córrego Danta";"1500";"962";"2312";"1,57";"2318,99";"8599548,90";"1500"
"311980710";"Cachoeirinha";"1212";"235";"613";"1,97";"2026,74";"22832391,44";"1212"
"311990605";"Córrego do Bom Jesus";"1500";"1689";"4269";"1,57";"2347,72";"7785980,15";"1500"
"311995505";"Córrego Fundo";"1500";"2196";"6107";"1,59";"2055,60";"7880529,49";"1500"
"312000305";"Córrego Novo";"1212";"1070";"2875";"1,76";"1486,16";"6153770,13";"1212"
"312010205";"Couto de Magalhães de Minas";"1212";"1480";"4179";"2,33";"1639,52";"2064389,92";"1212"
"312015105";"Crisólita";"1212";"1185";"3298";"2,15";"1501,97";"5758194,80";"1212"
"312015120";"Nova Santa Luzia";"1200";"705";"1962";"2,22";"1304,12";"1429730,35";"1200"
"312020105";"Cristais";"1212";"4494";"12119";"1,68";"1968,83";"8498675,72";"1212"
"312030005";"Cristália";"1212";"1724";"5116";"2,48";"1237,37";"1174078,47";"1212"
"312040905";"Cristiano Otoni";"1212";"1527";"4365";"2,13";"1754,86";"1757189,59";"1212"
"312040920";"São Caetano";"1212";"94";"302";"2,45";"3422,92";"91470605,19";"1212"
"312050805";"Cristina";"1212";"3671";"10330";"2,10";"1961,02";"4773000,63";"1212"
"312060705";"Crucilândia";"1212";"2115";"5323";"1,45";"1900,52";"3766847,49";"1212"
"312070605";"Cruzeiro da Fortaleza";"1250";"809";"2278";"1,94";"2798,18";"51107129,34";"1249.5"
"312070610";"Brejo Bonito";"2400";"436";"1243";"2,20";"3591,06";"102598903,21";"2400"
"312080505";"Cruzília";"1212";"5763";"15271";"1,80";"1892,08";"5211813,83";"1212"
"312083905";"Cuparaque";"1212";"1178";"2897";"1,61";"1707,43";"2942848,75";"1212"
"312083910";"Aldeia";"1212";"430";"1083";"1,72";"2079,83";"7238356,73";"1212"
"312087005";"Curral de Dentro";"1212";"1929";"5776";"2,16";"1333,11";"1010423,33";"1212"
"312087020";"Maristela de Minas";"1212";"512";"1625";"2,10";"1528,57";"1416368,98";"1212"
"312090405";"Curvelo";"1234";"26635";"72248";"1,94";"2457,81";"11137344,63";"1234"
"312090410";"Angueretá";"1212";"721";"1819";"1,91";"1669,07";"3059839,56";"1212"
"312090412";"J.K.";"1300";"1392";"3857";"2,06";"1857,52";"1101772,59";"1300"
"312090415";"Santa Rita do Cedro";"1212";"470";"1044";"1,32";"1437,17";"4028944,78";"1212"
"312090420";"Tomás Gonzaga";"1212";"564";"1378";"1,61";"1311,14";"969904,13";"1212"
"312100105";"Datas";"1212";"1524";"4499";"2,49";"1630,98";"2806684,60";"1212"
"312100130";"Tombadouro";"1212";"294";"966";"2,05";"1615,62";"4445621,16";"1212"
"312110005";"Delfim Moreira";"1212";"2539";"6766";"1,67";"2033,84";"4984416,34";"1212"
"312110010";"BARRA DE DELFIM MOREIRA";"1212";"441";"1183";"2,08";"1684,40";"2188444,07";"1212"
"312120905";"Delfinópolis";"1800";"2072";"5742";"1,86";"2511,55";"11381515,34";"1800"
"312120910";"Babilônia";"1785";"542";"1514";"1,81";"3812,08";"565555710,17";"1785"
"312120920";"Olhos D'Água da Canastra";"1675";"373";"1046";"1,98";"2142,96";"5301986,03";"1675"
"312125805";"Delta";"1800";"3533";"10453";"2,33";"2128,49";"7035957,35";"1800"
"312130805";"Descoberto";"1250";"1821";"4898";"1,90";"1937,25";"6676538,08";"1250"
"312140705";"Desterro de Entre Rios";"1400";"1995";"5106";"1,57";"2220,98";"52498854,44";"1400"
"312140707";"Pereirinhas";"1212";"609";"1474";"1,38";"1740,89";"1964086,27";"1212"
"312140710";"São Sebastião do Gil";"1212";"395";"1019";"1,67";"1903,99";"5431289,86";"1212"
"312150605";"Desterro do Melo";"1200";"1149";"2974";"1,61";"1827,60";"38970481,12";"1200"
"312160505";"Diamantina";"1500";"13128";"37581";"2,11";"3090,72";"43113861,16";"1500"
"312160510";"Conselheiro Mata";"1212";"252";"681";"2,12";"1635,56";"3606139,94";"1212"
"312160515";"Desembargador Otoni";"1212";"536";"1305";"1,75";"1379,34";"2419332,31";"1212"
"312160520";"Extração";"1212";"247";"555";"2,00";"1720,07";"4653590,86";"1212"
"312160525";"Guinda";"1400";"415";"1072";"2,00";"3235,53";"18727943,20";"1400"
"312160530";"Inhaí";"1212";"536";"1473";"2,88";"1216,40";"560724,76";"1212"
"312160535";"Mendanha";"1200";"227";"538";"1,88";"1620,28";"2668793,59";"1200"
"312160540";"Planalto de Minas";"1212";"373";"912";"2,06";"1426,11";"2944570,35";"1212"
"312160545";"São João da Chapada";"1200";"340";"914";"2,47";"1208,74";"822965,79";"1200"
"312160550";"Senador Mourão";"1212";"638";"1771";"2,00";"1380,77";"1545487,71";"1212"
"312160555";"Sopa";"1212";"209";"644";"2,54";"1620,65";"1736170,07";"1212"
"312170405";"Diogo de Vasconcelos";"1212";"1396";"3549";"1,71";"1475,91";"1773486,24";"1212"
"312180305";"Dionísio";"1212";"1724";"4388";"1,80";"1745,25";"3831054,45";"1212"
"312180308";"Baixa Verde";"1212";"592";"1754";"2,04";"1470,17";"1384543,21";"1212"
"312180310";"Conceição de Minas";"1212";"272";"686";"1,56";"1452,45";"600393,94";"1212"
"312190205";"Divinésia";"1212";"1579";"4222";"1,78";"2059,70";"9222296,47";"1212"
"312200905";"Divino";"1212";"6551";"17389";"1,75";"1857,35";"5530204,68";"1212"
"312200910";"Bom Jesus do Divino";"1212";"840";"2273";"1,67";"1912,06";"18117367,80";"1212"
"312200925";"Viletes";"1212";"303";"832";"1,81";"1375,02";"3298932,09";"1212"
"312210805";"Divino das Laranjeiras";"1212";"841";"2190";"1,66";"1885,48";"2990208,82";"1212"
"312210810";"Central de Santa Helena";"1212";"256";"666";"1,77";"1625,75";"2359699,36";"1212"
"312210815";"Linópolis";"1212";"351";"868";"1,49";"1677,15";"2717260,72";"1212"
"312210820";"Macedônia das Laranjeiras";"1212";"198";"446";"1,66";"1535,55";"1623046,16";"1212"
"312220705";"Divinolândia de Minas";"1212";"2305";"6514";"1,98";"1679,35";"2796742,23";"1212"
"312230605";"Divinópolis";"2000";"84311";"222554";"1,60";"3085,70";"20425294,39";"2000"
"312230610";"Santo Antônio dos Campos";"1500";"2764";"7402";"1,53";"2059,51";"3797453,15";"1500"
"312235505";"Divisa Alegre";"1212";"2173";"6313";"2,28";"1553,36";"2731312,85";"1212"
"312240505";"Divisa Nova";"1212";"2086";"5831";"1,96";"1885,41";"6145089,26";"1212"
"312245405";"Divisópolis";"1212";"3156";"10204";"2,90";"1287,51";"1483076,01";"1212"
"312247005";"Dom Bosco";"1212";"1062";"2763";"1,81";"2027,12";"5349239,81";"1212"
"312247010";"Santo Antônio do Rio Preto";"1212";"344";"934";"1,98";"2092,31";"6438644,96";"1212"
"312250405";"Dom Cavati";"1212";"1917";"4870";"1,62";"1968,88";"7254467,99";"1212"
"312260305";"Dom Joaquim";"1212";"1427";"3959";"1,99";"1759,10";"2404319,91";"1212"
"312260310";"Gororós";"1212";"204";"634";"2,89";"1733,81";"4303443,65";"1212"
"312260315";"São José da Ilha";"1212";"94";"294";"2,91";"1561,70";"961635,08";"1212"
"312270205";"Dom Silvério";"1212";"1972";"5201";"1,73";"2139,90";"74778124,95";"1212"
"312280105";"Dom Viçoso";"1212";"1174";"3095";"1,60";"1937,17";"5114708,28";"1212"
"312290005";"Dona Euzébia";"1212";"1629";"4600";"1,80";"1805,52";"2512892,56";"1212"
"312290030";"São Manoel do Guaiaçu";"1212";"535";"1492";"1,78";"1732,09";"3432031,39";"1212"
"312300705";"Dores de Campos";"1217";"3675";"10005";"1,84";"1841,25";"2570995,75";"1217"
"312310605";"Dores de Guanhães";"1212";"1503";"4347";"2,03";"1618,17";"2850964,23";"1212"
"312310610";"Vila Esperança";"1200";"237";"667";"2,00";"1346,65";"926202,11";"1200"
"312320505";"Dores do Indaiá";"1212";"5247";"12530";"1,48";"2337,55";"9222433,97";"1212"
"312330405";"Dores do Turvo";"1212";"1890";"4976";"1,65";"1869,66";"6387329,76";"1212"
"312340305";"Doresópolis";"1212";"577";"1461";"1,70";"1749,10";"1529726,49";"1212"
"312350205";"Douradoquara";"1250";"719";"1829";"1,85";"2287,28";"13012284,37";"1250"
"312352805";"Durandé";"1212";"1731";"4912";"1,71";"2256,87";"38310027,43";"1212"
"312352815";"São João da Figueira";"1212";"689";"2019";"1,58";"2106,39";"10610457,76";"1212"
"312352820";"São José da Figueira";"1220";"312";"880";"1,77";"1843,48";"10441449,16";"1220"
"312360105";"Elói Mendes";"1400";"9398";"26240";"1,80";"2314,31";"9555424,57";"1400"
"312370005";"Engenheiro Caldas";"1212";"3543";"10172";"1,77";"1758,60";"2446335,74";"1212"
"312370006";"Divino do Traíra";"1212";"441";"1155";"1,64";"1507,16";"522741,65";"1212"
"312370010";"São José do Acácio";"1212";"734";"2275";"1,47";"1582,56";"1567616,78";"1212"
"312380905";"Engenheiro Navarro";"1212";"1942";"5354";"2,04";"1430,94";"1607045,69";"1212"
"312380915";"São Norberto";"1212";"353";"997";"2,50";"1016,81";"429599,43";"1212"
"312385805";"Entre Folhas";"1212";"1930";"5177";"1,71";"1658,86";"8014448,27";"1212"
"312390805";"Entre Rios de Minas";"1500";"5047";"13457";"1,72";"2386,48";"7696668,31";"1500"
"312390810";"Serra do Camapuã";"2200";"417";"1243";"2,27";"2676,17";"23941559,19";"2200"
"312400505";"Ervália";"1212";"7668";"20115";"1,53";"1851,08";"4865533,17";"1212"
"312410405";"Esmeraldas";"1300";"23846";"67681";"2,01";"2138,76";"14059938,63";"1300"
"312410410";"Andiroba";"1212";"754";"2042";"2,08";"1930,88";"4655822,90";"1212"
"312410415";"Melo Viana";"1300";"5598";"15684";"2,11";"1997,60";"4620356,68";"1300"
"312420305";"Espera Feliz";"1212";"8626";"22250";"1,56";"2097,19";"7782285,56";"1212"
"312420310";"São José da Pedra Menina";"1212";"666";"1756";"1,55";"1666,65";"2918864,39";"1212"
"312430205";"Espinosa";"1212";"9082";"26678";"2,14";"1546,25";"4127664,80";"1212"
"312430210";"Itamirim";"1212";"1301";"3734";"2,37";"1107,29";"678179,98";"1212"
"312440105";"Espírito Santo do Dourado";"1300";"2141";"6099";"2,01";"4265,26";"9779180462,64";"1300"
"312450005";"Estiva";"1250";"3638";"9916";"1,59";"1961,58";"2997164,84";"1250"
"312450010";"Pântano";"1212";"560";"1552";"1,66";"1745,13";"1538171,02";"1212"
"312460905";"Estrela Dalva";"1212";"778";"1977";"1,81";"1588,19";"3416963,74";"1212"
"312460910";"Água Viva";"1200";"81";"200";"1,30";"1393,43";"1077759,00";"1200"
"312470805";"Estrela do Indaiá";"1500";"1080";"2519";"1,48";"2302,06";"5095113,93";"1500"
"312470810";"Baú";"1600";"97";"234";"1,87";"2615,85";"28344409,43";"1600"
"312480705";"Estrela do Sul";"1700";"1004";"2512";"1,92";"2450,35";"6763983,33";"1700"
"312480710";"Chapada de Minas";"2000";"119";"278";"1,11";"2744,46";"9045223,21";"2000"
"312480712";"Dolearina";"1600";"796";"2047";"1,55";"2290,08";"7778454,56";"1600"
"312480715";"Santa Rita da Estrela";"1212";"520";"1341";"1,92";"2134,38";"14473828,85";"1212"
"312480720";"São Félix de Estrela";"1212";"222";"634";"2,16";"1494,51";"710208,27";"1212"
"312490605";"Eugenópolis";"1212";"3459";"8612";"1,58";"2135,83";"58492421,25";"1212"
"312490610";"Gavião";"1212";"206";"494";"1,27";"2243,56";"12760876,20";"1212"
"312490615";"Pinhotiba";"1200";"289";"705";"1,46";"1669,86";"3106536,60";"1200"
"312490620";"Queirozes";"1200";"289";"806";"1,41";"1804,90";"15784945,26";"1200"
"312500205";"Ewbank da Câmara";"1212";"1363";"3867";"2,20";"1674,98";"2148002,35";"1212"
"312510105";"Extrema";"2000";"17330";"50338";"1,98";"2750,32";"7491228,24";"2000"
"312510110";"Juncal";"2000";"1000";"2850";"1,89";"2609,64";"11542716,02";"2000"
"312520005";"Fama";"1500";"1003";"2578";"1,72";"2325,67";"10616317,16";"1500"
"312530905";"Faria Lemos";"1212";"1186";"3186";"1,92";"1830,03";"3557289,08";"1212"
"312540805";"Felício dos Santos";"1212";"1904";"5128";"1,91";"1525,53";"2804012,10";"1212"
"312550705";"São Gonçalo do Rio Preto";"1212";"1149";"3003";"2,00";"1639,72";"6210747,75";"1212"
"312560605";"Felisburgo";"1212";"2329";"6465";"2,15";"1556,26";"2167122,04";"1212"
"312570505";"Felixlândia";"1212";"4306";"11349";"1,93";"2114,55";"5829350,43";"1212"
"312570508";"São Geraldo do Salto";"1212";"342";"808";"1,31";"1707,09";"1099147,07";"1212"
"312570510";"São José do Buriti";"1212";"715";"1754";"1,80";"1815,36";"2422936,57";"1212"
"312580405";"Fernandes Tourinho";"1212";"925";"2284";"1,47";"1665,31";"2313342,24";"1212"
"312580410";"Senhora da Penha";"1240";"186";"501";"1,76";"1677,24";"4317992,37";"1240"
"312590305";"Ferros";"1212";"1805";"4780";"1,96";"2065,99";"5860062,09";"1212"
"312590310";"Borba Gato";"1212";"251";"600";"1,61";"1621,48";"1783886,00";"1212"
"312590315";"Cubas";"1212";"434";"1189";"1,49";"1573,77";"987773,52";"1212"
"312590320";"Esmeraldas de Ferros";"1212";"342";"878";"1,62";"1600,32";"1175709,98";"1212"
"312590325";"Santa Rita do Rio do Peixe";"1212";"418";"1040";"1,72";"1491,84";"1092233,31";"1212"
"312590330";"Santo Antônio da Fortaleza";"1200";"203";"540";"1,82";"1433,51";"8652242,25";"1200"
"312590335";"Sete Cachoeiras";"1200";"194";"524";"1,95";"1240,43";"866431,33";"1200"
"312595205";"Fervedouro";"1212";"2618";"7091";"1,64";"1692,17";"4748601,22";"1212"
"312595210";"Bom Jesus do Madeira";"1212";"360";"939";"1,44";"1280,90";"2313489,05";"1212"
"312595220";"São Pedro do Glória";"1212";"494";"1382";"1,57";"1247,03";"2421835,96";"1212"
"312595225";"Samambaia da Paz";"1200";"327";"971";"1,52";"1638,81";"6128651,17";"1200"
"312600005";"Florestal";"2000";"3019";"8013";"1,77";"2981,85";"9774127,65";"2000"
"312610905";"Formiga";"1800";"24653";"63793";"1,61";"2745,32";"11861367,99";"1800"
"312610910";"Albertos";"1212";"372";"832";"1,07";"1977,51";"12011595,15";"1212"
"312610915";"Baiões";"1212";"392";"919";"1,26";"1753,86";"1419083,22";"1212"
"312610925";"Pontevila";"1728";"737";"2004";"1,85";"2309,33";"6820346,69";"1728"
"312620805";"Formoso";"1212";"2384";"6852";"2,64";"1884,53";"14499273,99";"1212"
"312620815";"Goiasminas";"1212";"353";"1051";"2,05";"3003,35";"93433495,72";"1212"
"312630705";"Fortaleza de Minas";"1606";"1390";"3476";"1,73";"2185,12";"6345215,43";"1606"
"312640605";"Fortuna de Minas";"1500";"1124";"3093";"1,81";"2385,30";"13235858,26";"1500"
"312650505";"Francisco Badaró";"1212";"2446";"6380";"1,98";"1393,47";"3000094,85";"1212"
"312650530";"Tocoiós de Minas";"1200";"386";"983";"1,88";"1111,34";"650895,60";"1200"
"312660405";"Francisco Dumont";"1212";"1472";"3951";"2,35";"1403,24";"1802728,32";"1212"
"312660410";"Covancas";"1212";"219";"535";"1,77";"1032,53";"241181,38";"1212"
"312670305";"Francisco Sá";"1212";"5911";"16989";"2,20";"1689,23";"6392363,45";"1212"
"312670310";"Canabrava";"1212";"1228";"3497";"2,05";"1211,76";"471860,30";"1212"
"312670315";"Catuni";"1200";"840";"2401";"2,81";"1221,08";"590235,52";"1200"
"312675205";"Franciscópolis";"1212";"1387";"3897";"2,32";"1415,56";"3020898,34";"1212"
"312675210";"Antônio Ferreira";"1200";"424";"1137";"2,19";"1233,32";"2154149,16";"1200"
"312680205";"Frei Gaspar";"1212";"2011";"5640";"2,33";"1449,90";"3151591,00";"1212"
"312690105";"Frei Inocêncio";"1212";"3021";"8111";"2,03";"1578,48";"5761650,56";"1212"
"312695005";"Frei Lagonegro";"1212";"1190";"3391";"1,76";"1400,57";"3449388,71";"1212"
"312700805";"Fronteira";"2000";"5213";"13877";"1,78";"2549,88";"7495128,28";"2000"
"312700820";"Santo Antônio do Rio Grande";"1500";"246";"646";"1,86";"2108,86";"6210454,85";"1500"
"312705705";"Fronteira dos Vales";"1212";"1519";"4343";"2,31";"1338,66";"1558808,67";"1212"
"312707305";"Fruta de Leite";"1212";"1613";"4639";"2,40";"1249,81";"1278696,96";"1212"
"312710705";"Frutal";"2000";"22206";"56132";"1,64";"2697,30";"14004642,12";"2000"
"312710710";"Aparecida de Minas";"1212";"869";"2046";"1,45";"1849,34";"3893534,64";"1212"
"312720605";"Funilândia";"1212";"1198";"3353";"2,22";"2052,18";"7059091,55";"1212"
"312720610";"Núcleo João Pinheiro";"1212";"506";"1319";"1,93";"1871,10";"6779434,67";"1212"
"312730505";"Galiléia";"1212";"1816";"4955";"2,01";"3322,52";"1490494562,86";"1212"
"312730508";"Santa Cruz de Galiléia";"1212";"222";"563";"2,03";"1937,75";"7907434,97";"1212"
"312730515";"Sapucaia do Norte";"1212";"263";"676";"1,56";"1818,30";"3479916,29";"1212"
"312733905";"Gameleiras";"1212";"1235";"3384";"1,97";"1377,02";"7041693,60";"1212"
"312733915";"Jacu das Piranhas";"1212";"510";"1391";"1,74";"1126,07";"444448,86";"1212"
"312735405";"Glaucilândia";"1212";"1081";"2928";"1,89";"1637,61";"12379075,45";"1212"
"312737005";"Goiabeira";"1212";"1141";"2830";"1,51";"1890,11";"13288063,55";"1212"
"312738805";"Goianá";"1220";"1561";"4049";"1,97";"2170,74";"6145779,04";"1220"
"312740405";"Gonçalves";"1634";"1826";"4717";"1,62";"2806,67";"19876012,79";"1634"
"312750305";"Gonzaga";"1212";"1529";"4387";"2,05";"1563,75";"4458555,47";"1212"
"312750310";"Conceição da Brejaúba";"1200";"268";"793";"2,21";"1250,07";"405851,47";"1200"
"312760205";"Gouveia";"1212";"3582";"10083";"1,88";"1770,65";"4721140,55";"1212"
"312760210";"Vila Alexandre Mascarenhas";"1212";"421";"1213";"2,22";"1661,83";"2017871,36";"1212"
"312770105";"Governador Valadares";"1600";"92843";"242437";"1,76";"2867,20";"154956072,64";"1600"
"312770110";"Alto de Santa Helena";"1212";"90";"225";"2,03";"1636,98";"2231435,69";"1212"
"312770115";"Baguari";"1212";"595";"1641";"2,10";"1751,56";"1757710,68";"1212"
"312770120";"Brejaubinha";"1212";"234";"579";"1,62";"1477,10";"691928,47";"1212"
"312770125";"Xonin";"1212";"575";"1417";"1,75";"1514,52";"962251,42";"1212"
"312770128";"Chonin de Baixo";"1300";"427";"1129";"2,08";"1956,69";"3358848,95";"1300"
"312770130";"Derribadinha";"1250";"79";"192";"1,91";"2015,25";"4840292,40";"1250"
"312770135";"Penha do Cassiano";"1230";"331";"830";"1,91";"2065,70";"33866299,57";"1230"
"312770137";"Santo Antônio do Pontal";"1212";"608";"1643";"1,86";"1767,43";"2423361,71";"1212"
"312770140";"Goiabal";"1212";"378";"1004";"1,52";"1624,52";"1449503,89";"1212"
"312770142";"São José do Itapinoã";"1212";"112";"285";"1,96";"1744,16";"14978123,06";"1212"
"312770145";"São Vítor";"1212";"361";"910";"1,74";"1429,00";"722068,82";"1212"
"312770155";"Vila Nova Floresta";"1212";"382";"1007";"1,63";"1545,38";"1488936,13";"1212"
"312770160";"Córrego dos Melquíades";"1212";"202";"518";"1,71";"1752,69";"8834070,51";"1212"
"312770165";"Córregos do Bernardo";"1212";"258";"666";"1,57";"1555,01";"1222182,32";"1212"
"312770170";"Porto das Cachoeiras";"1212";"145";"392";"2,13";"1761,16";"1870780,12";"1212"
"312770175";"Vila Nova Brasília";"1212";"136";"361";"1,92";"1677,44";"2009751,31";"1212"
"312780005";"Grão Mogol";"1212";"3530";"10066";"2,40";"1573,73";"4422677,34";"1212"
"312780010";"Barrocão";"1212";"432";"1249";"2,57";"1110,30";"479224,27";"1212"
"312780030";"Vale das Cancelas";"1212";"544";"1676";"2,40";"1478,48";"1344658,65";"1212"
"312780035";"Vila Sítio";"1212";"299";"854";"1,59";"1299,57";"3341011,29";"1212"
"312790905";"Grupiara";"1212";"563";"1392";"1,51";"2497,00";"48745704,08";"1212"
"312800605";"Guanhães";"1212";"10065";"27177";"1,82";"2396,80";"11893603,61";"1212"
"312800610";"Correntinho";"1212";"719";"1963";"2,11";"1256,92";"450324,01";"1212"
"312800615";"Farias";"1212";"391";"1065";"1,87";"1529,49";"1172396,75";"1212"
"312800620";"Sapucaia de Guanhães";"1212";"326";"776";"1,44";"1697,22";"1541379,36";"1212"
"312800625";"Taquaral de Guanhães";"1212";"415";"1093";"1,90";"1601,36";"1173112,34";"1212"
"312810505";"Guapé";"1300";"4920";"13077";"1,73";"2245,20";"9760680,61";"1300"
"312810510";"Araúna";"2000";"259";"649";"1,30";"2467,51";"3805365,00";"2000"
"312820405";"Guaraciaba";"1212";"3522";"9706";"1,98";"1462,43";"1977999,77";"1212"
"312825305";"Guaraciama";"1212";"1857";"5046";"1,85";"1435,87";"1920304,51";"1212"
"312830305";"Guaranésia";"1600";"6180";"16928";"1,81";"2309,71";"6529840,76";"1600"
"312830310";"Santa Cruz do Prata";"1212";"687";"1906";"1,71";"1669,03";"1083110,15";"1212"
"312840205";"Guarani";"1212";"2867";"7674";"2,05";"2137,71";"9330402,07";"1212"
"312850105";"Guarará";"1212";"1150";"3149";"1,90";"1899,51";"5657644,56";"1212"
"312860005";"Guarda-Mor";"2000";"2407";"6501";"1,75";"3203,48";"27387447,51";"2000"
"312870905";"Guaxupé";"1900";"19109";"50682";"1,70";"2798,48";"11430506,44";"1900"
"312880805";"Guidoval";"1300";"2764";"7103";"1,72";"1864,28";"2337616,05";"1300"
"312890705";"Guimarânia";"1212";"2922";"8455";"2,07";"2256,74";"16867336,82";"1212"
"312900405";"Guiricema";"1212";"2097";"5372";"1,48";"1985,57";"7780838,39";"1212"
"312900410";"Tuiutinga";"1212";"561";"1419";"1,31";"1787,21";"4066530,39";"1212"
"312900415";"Vilas Boas";"1212";"381";"970";"1,47";"1437,96";"833279,89";"1212"
"312910305";"Gurinhatã";"1800";"1535";"3706";"1,46";"2716,55";"13338783,79";"1800"
"312910310";"Flor de Minas";"1500";"603";"1456";"1,44";"3157,71";"46108694,07";"1500"
"312920205";"Heliodora";"1212";"2322";"6103";"1,64";"1864,01";"3504592,49";"1212"
"312930105";"Iapu";"1212";"3718";"10763";"2,67";"1883,13";"6736149,32";"1212"
"312930115";"São Sebastião da Barra";"1200";"336";"1239";"4,94";"1308,01";"235720,02";"1200"
"312940005";"Ibertioga";"1212";"1930";"5143";"1,88";"1989,20";"9279201,67";"1212"
"312950905";"Ibiá";"1800";"7546";"20007";"1,82";"2630,30";"14245114,81";"1800"
"312950910";"Argenita";"2000";"346";"840";"1,54";"3434,27";"23011683,64";"2000"
"312950915";"Tobati";"1822";"485";"1246";"1,72";"3825,04";"65550799,57";"1822"
"312960805";"Ibiaí";"1212";"2054";"5815";"2,31";"1348,03";"2325871,21";"1212"
"312960815";"Bom Jesus da Vereda";"1200";"160";"464";"2,96";"1170,08";"197426,21";"1200"
"312965705";"Ibiracatu";"1212";"949";"2737";"2,43";"1341,05";"1220743,02";"1212"
"312965710";"Bonança";"1212";"462";"1282";"2,04";"1351,47";"1911010,76";"1212"
"312965715";"Campo Alegre de Minas";"1212";"363";"1062";"2,39";"1182,77";"467887,26";"1212"
"312970705";"Ibiraci";"1400";"3810";"10916";"2,12";"2200,64";"6242706,11";"1400"
"312980605";"Ibirité";"1600";"31437";"90518";"1,85";"2219,85";"5375878,80";"1600"
"312980610";"Parque Durval de Barros";"1500";"27312";"79725";"2,02";"1940,53";"3138350,21";"1500"
"312990505";"Ibitiúra de Minas";"1500";"1323";"3320";"1,49";"2226,15";"5146367,93";"1500"
"313000205";"Ibituruna";"1212";"967";"2670";"2,06";"1983,22";"11764725,04";"1212"
"313005105";"Icaraí de Minas";"1212";"3276";"10673";"2,75";"1437,32";"3564437,93";"1212"
"313010105";"Igarapé";"1600";"15895";"45760";"2,02";"2477,02";"8418113,02";"1600"
"313020005";"Igaratinga";"1500";"2611";"7280";"1,80";"2043,16";"2673842,64";"1500"
"313020010";"Antunes";"1224";"1226";"3488";"1,88";"1717,40";"1921026,31";"1224"
"313030905";"Iguatama";"1500";"2591";"6538";"1,65";"2282,15";"6921675,67";"1500"
"313030915";"Corguinhos";"1212";"115";"263";"1,65";"2181,38";"11527714,38";"1212"
"313040805";"Ijaci";"1300";"2363";"6985";"1,98";"2106,62";"7349384,35";"1300"
"313050705";"Ilicínea";"1212";"4616";"12715";"1,84";"1899,20";"6465754,40";"1212"
"313055605";"Imbé de Minas";"1212";"1903";"5191";"1,46";"1420,48";"1124372,51";"1212"
"313055610";"Manducas";"1212";"280";"826";"1,96";"1536,88";"2364655,10";"1212"
"313055615";"Graçópolis";"1212";"359";"959";"1,55";"1099,83";"328821,62";"1212"
"313060605";"Inconfidentes";"1450";"2763";"7301";"1,63";"2308,69";"5759450,47";"1450"
"313065505";"Indaiabira";"1212";"1386";"4083";"1,85";"1374,72";"3011604,57";"1212"
"313065510";"Barra de Alegria";"1212";"772";"2261";"2,25";"1250,44";"703032,99";"1212"
"313070505";"Indianópolis";"1800";"2263";"6106";"1,80";"3181,08";"490674758,84";"1800"
"313080405";"Ingaí";"1212";"936";"2555";"1,82";"2108,69";"6094006,50";"1212"
"313090305";"Inhapim";"1212";"5582";"14456";"1,56";"2872,41";"2953866407,78";"1212"
"313090307";"Bom Jesus do Rio Preto";"1212";"279";"747";"1,62";"1505,50";"922599,65";"1212"
"313090310";"Itajutiba";"1212";"160";"404";"1,57";"1711,88";"10916461,39";"1212"
"313090313";"Jerusalém";"1212";"167";"434";"1,46";"1910,41";"6456948,12";"1212"
"313090316";"Macadame";"1212";"244";"641";"1,50";"1835,94";"3861298,30";"1212"
"313090319";"Novo Horizonte de Inhapim";"1212";"179";"447";"1,33";"1586,10";"3285895,78";"1212"
"313090321";"Santo Antônio do Alegre";"1212";"485";"1286";"1,48";"1403,75";"771813,18";"1212"
"313090323";"São Tomé de Minas";"1200";"214";"539";"1,23";"1085,05";"325849,69";"1200"
"313090325";"Tabajara";"1200";"419";"1102";"1,63";"1583,03";"2303508,74";"1200"
"313090330";"Córrego Januário";"1212";"399";"1115";"1,87";"1504,59";"2710554,18";"1212"
"313090335";"São José do Peixe de Inhapim";"1212";"128";"339";"1,44";"1390,17";"810169,43";"1212"
"313090340";"São José do Taquaral";"1212";"364";"999";"1,38";"1281,95";"432329,49";"1212"
"313100005";"Inhaúma";"1212";"2230";"6228";"1,92";"2077,18";"6822215,22";"1212"
"313110905";"Inimutaba";"1212";"2767";"7346";"1,96";"1629,91";"3130073,78";"1212"
"313115805";"Ipaba";"1212";"4910";"13745";"1,96";"1878,15";"2611149,09";"1212"
"313115815";"Vale Verde de Minas";"1212";"837";"2201";"1,70";"1791,22";"1405852,47";"1212"
"313120805";"Ipanema";"1212";"7570";"19457";"1,63";"2035,70";"8956441,22";"1212"
"313130705";"Ipatinga";"2000";"53242";"139995";"1,62";"3250,90";"17451051,52";"2000"
"313130710";"Barra Alegre";"1800";"32465";"87310";"1,67";"2958,73";"18898928,71";"1800"
"313140605";"Ipiaçu";"1220";"1533";"3753";"1,48";"2157,07";"8233494,83";"1220"
"313150505";"Ipuiúna";"1400";"3347";"9088";"1,76";"2115,05";"8136019,81";"1400"
"313160405";"Iraí de Minas";"1214";"2493";"7172";"2,02";"2627,82";"44444443,60";"1214"
"313170305";"Itabira";"2000";"37677";"107885";"2,01";"2968,98";"13272188,32";"2000"
"313170310";"Ipoema";"1212";"961";"2517";"2,07";"2079,97";"28697356,35";"1212"
"313170315";"Senhora do Carmo";"1212";"1101";"2749";"1,76";"1637,29";"2839148,81";"1212"
"313180205";"Itabirinha";"1212";"2911";"7757";"1,66";"1868,92";"9508674,26";"1212"
"313180210";"Boa União de Itabirinha";"1200";"562";"1407";"1,67";"1142,23";"542781,86";"1200"
"313180215";"São Sebastião do Itabira";"1212";"442";"1187";"1,49";"1243,74";"677431,46";"1212"
"313190105";"Itabirito";"2000";"17296";"50818";"1,95";"2882,49";"10176628,00";"2000"
"313190110";"Acuruí";"1280";"162";"406";"1,51";"2129,81";"4989479,08";"1280"
"313190115";"Bação";"1500";"462";"1234";"2,16";"2534,58";"9531753,09";"1500"
"313190120";"São Gonçalo do Monte";"1500";"223";"664";"1,93";"2343,62";"12881331,18";"1500"
"313200805";"Itacambira";"1212";"1186";"3426";"2,33";"1244,50";"650073,63";"1212"
"313200810";"São José do Rio Preto de Minas";"1212";"271";"826";"2,33";"1302,93";"526369,51";"1212"
"313210705";"Itacarambi";"1212";"5335";"17115";"3,03";"1480,56";"1982031,52";"1212"
"313220605";"Itaguara";"1500";"5202";"13789";"1,68";"2412,83";"207039892,96";"1500"
"313230505";"Itaipé";"1200";"3497";"10426";"2,84";"1461,05";"8286344,46";"1200"
"313240405";"Itajubá";"2000";"33109";"90410";"1,93";"3331,31";"48562219,12";"2000"
"313240460";"Lourenço Velho";"1212";"515";"1552";"2,28";"1784,62";"2160800,81";"1212"
"313250305";"Itamarandiba";"1212";"8478";"23530";"1,87";"1887,07";"10912818,07";"1212"
"313250313";"Contrato";"1250";"731";"2210";"2,34";"1823,03";"1822476,41";"1250"
"313250314";"Dom Serafim";"1200";"228";"603";"1,77";"1986,98";"51887853,85";"1200"
"313250315";"Padre João Afonso";"1200";"649";"1928";"2,00";"1248,32";"1108942,09";"1200"
"313250320";"Penha de França";"1212";"624";"1729";"1,97";"1313,54";"1069226,76";"1212"
"313250325";"Santa Joana";"1212";"412";"1209";"2,28";"1215,79";"1499710,25";"1212"
"313250330";"Santa Luzia de Minas";"1212";"296";"847";"2,12";"1229,38";"855578,13";"1212"
"313250335";"Várzea de Santo Antônio";"1200";"275";"716";"1,68";"1257,75";"448303,94";"1200"
"313260205";"Itamarati de Minas";"1212";"1385";"3686";"1,93";"1718,49";"2261804,31";"1212"
"313270105";"Itambacuri";"1212";"6544";"18459";"2,37";"1804,27";"9818136,69";"1212"
"313270110";"Frei Serafim";"1212";"590";"1688";"2,37";"1464,14";"1709600,88";"1212"
"313270115";"Guarataia";"1212";"268";"673";"1,95";"1622,88";"3496226,77";"1212"
"313280005";"Itambé do Mato Dentro";"1212";"828";"2137";"1,64";"1680,37";"3558114,77";"1212"
"313290905";"Itamogi";"1212";"4048";"10734";"1,60";"2275,95";"53354488,57";"1212"
"313300605";"Itamonte";"1500";"5289";"14758";"1,93";"2165,19";"4914390,17";"1500"
"313310505";"Itanhandu";"1600";"5490";"15207";"1,83";"2555,32";"8368117,52";"1600"
"313320405";"Itanhomi";"1212";"3516";"9045";"1,57";"2039,43";"6925730,75";"1212"
"313320415";"Edgard Melo";"1212";"226";"619";"1,71";"1650,77";"4857377,47";"1212"
"313320420";"Santa Luzia do Carneiro";"1200";"161";"445";"1,96";"1661,92";"12578448,61";"1200"
"313320425";"São Francisco do Jataí";"1200";"383";"1011";"1,57";"1456,70";"911314,46";"1200"
"313330305";"Itaobim";"1212";"6895";"18949";"2,16";"1652,15";"4840392,68";"1212"
"313340205";"Itapagipe";"1800";"5424";"13459";"1,56";"2887,36";"22756224,66";"1800"
"313350105";"Itapecerica";"1500";"6175";"16257";"1,62";"2310,77";"9152733,95";"1500"
"313350110";"Lamounier";"1212";"683";"1763";"1,46";"1944,22";"4745594,16";"1212"
"313350115";"Marilândia";"1212";"716";"1874";"1,75";"1893,35";"4599212,55";"1212"
"313350120";"Neolândia";"1212";"401";"1049";"1,52";"1883,38";"3297217,01";"1212"
"313360005";"Itapeva";"1800";"3914";"11091";"1,99";"2439,51";"12905080,98";"1800"
"313360010";"Areias de Itapeva";"1700";"322";"895";"2,04";"2252,62";"2178449,98";"1700"
"313360035";"Tropical Flores";"1500";"212";"639";"2,57";"2253,80";"48283041,98";"1500"
"313370905";"Itatiaiuçu";"1660";"3224";"9211";"1,92";"2279,62";"4956345,36";"1660"
"313370910";"Santa Terezinha de Minas";"1500";"1364";"3627";"1,76";"2244,57";"5180171,98";"1500"
"313375805";"Itaú de Minas";"2000";"5389";"14376";"1,65";"2616,71";"6440875,54";"2000"
"313380805";"Itaúna";"2000";"36796";"96888";"1,68";"3073,68";"127459208,63";"2000"
"313390705";"Itaverava";"1212";"1280";"3611";"2,33";"1674,78";"4005608,85";"1212"
"313390710";"Monsenhor Isidro";"1212";"715";"2029";"1,79";"1616,13";"2001513,22";"1212"
"313400405";"Itinga";"1200";"3342";"10100";"3,40";"1414,80";"5658339,64";"1200"
"313400410";"Jacaré";"1200";"330";"840";"1,70";"1073,55";"352235,24";"1200"
"313400420";"Taquaral de Minas";"1200";"901";"2777";"2,97";"1132,73";"595747,81";"1200"
"313410305";"Itueta";"1500";"1284";"3439";"1,79";"2049,94";"2553738,48";"1500"
"313410310";"Quatituba";"1212";"948";"2611";"1,82";"1833,28";"3338889,91";"1212"
"313420205";"Ituiutaba";"1600";"39971";"101920";"1,60";"2695,52";"12426676,02";"1600"
"313430105";"Itumirim";"1290";"1277";"3423";"1,67";"2371,61";"17286396,64";"1290"
"313430110";"Macuco de Minas";"1212";"852";"2423";"1,81";"1759,95";"2649685,97";"1212"
"313430120";"Rosário do Rio Grande";"1260";"284";"790";"2,23";"2558,33";"35658175,84";"1260"
"313440005";"Iturama";"2000";"14185";"36321";"1,64";"2829,50";"15074386,35";"2000"
"313440010";"Alexandrita";"2000";"726";"1808";"1,46";"2402,74";"9490042,27";"2000"
"313450905";"Itutinga";"1424";"1627";"4207";"1,63";"2629,54";"18431917,91";"1424"
"313460805";"Jaboticatubas";"1212";"4567";"12120";"1,85";"2169,14";"13823687,07";"1212"
"313460810";"Almeida";"1212";"3154";"8148";"2,05";"2379,99";"10303580,89";"1212"
"313470705";"Jacinto";"1212";"2939";"7735";"2,03";"1617,40";"4569666,83";"1212"
"313470707";"Avaí do Jacinto";"1200";"583";"1571";"1,77";"1125,10";"492374,18";"1200"
"313470710";"Jaguarão";"1212";"662";"1663";"1,63";"1192,42";"623901,45";"1212"
"313480605";"Jacuí";"1284";"2816";"7454";"1,60";"2120,08";"7249348,81";"1284"
"313490505";"Jacutinga";"1800";"8176";"22863";"1,79";"2623,98";"10778336,68";"1800"
"313490510";"São Sebastião dos Robertos";"1212";"363";"1009";"1,76";"1809,34";"1323332,82";"1212"
"313490515";"Sapucaí";"1400";"308";"835";"1,74";"2089,67";"5130773,27";"1400"
"313490520";"São Luiz Gonzaga";"1500";"235";"706";"2,12";"2003,93";"6872100,10";"1500"
"313500105";"Jaguaraçu";"1432";"593";"1608";"1,88";"2296,76";"18010686,08";"1431.5"
"313500116";"Lagoa de Pau";"1400";"359";"1036";"1,60";"1951,60";"4245657,39";"1400"
"313500120";"Lavrinha de Jaguaraçu";"2500";"166";"441";"1,23";"3440,55";"13406533,30";"2500"
"313505005";"Jaíba";"1212";"12096";"37561";"2,42";"1585,93";"7026989,08";"1212"
"313507605";"Jampruca";"1212";"1203";"3275";"2,47";"1544,76";"2560753,30";"1212"
"313507615";"São Sebastião do Barroso";"1212";"370";"972";"1,87";"1318,17";"852345,84";"1212"
"313510005";"Janaúba";"1212";"22234";"64617";"1,99";"2151,15";"9780756,90";"1212"
"313510010";"Barreiro da Raiz";"1212";"542";"1436";"1,79";"1315,44";"3448694,94";"1212"
"313510015";"Quem-Quem";"1212";"639";"1882";"2,51";"1260,29";"1351051,08";"1212"
"313510020";"Vila Nova dos Poções";"1212";"872";"2502";"2,32";"1153,11";"653286,62";"1212"
"313520905";"Januária";"1212";"13630";"40418";"2,42";"2029,58";"6666596,74";"1212"
"313520915";"Brejo do Amparo";"1212";"943";"2923";"2,86";"1345,07";"2166325,35";"1212"
"313520925";"Levinópolis";"1212";"915";"2791";"2,96";"1102,26";"438299,46";"1212"
"313520933";"Pandeiros";"1200";"999";"3170";"3,23";"1134,21";"4913960,30";"1200"
"313520935";"Riacho da Cruz";"1212";"1708";"5212";"2,68";"1194,60";"1285892,09";"1212"
"313520940";"São Joaquim";"1212";"1061";"3257";"2,57";"1089,06";"577196,40";"1212"
"313520945";"Tejuco";"1200";"1316";"3903";"3,15";"1069,70";"504532,37";"1200"
"313520950";"Várzea Bonita";"1212";"862";"3093";"3,90";"1062,19";"680470,96";"1212"
"313530805";"Japaraíba";"2000";"1542";"4506";"1,81";"2558,49";"13344276,20";"2000"
"313535705";"Japonvar";"1200";"2094";"5953";"1,76";"1351,27";"3645123,41";"1200"
"313535720";"Nova Minda";"1200";"766";"2165";"1,93";"1174,07";"1014463,69";"1200"
"313540705";"Jeceaba";"1800";"1432";"3971";"1,92";"2261,74";"4858297,66";"1800"
"313540710";"Bituri";"1212";"226";"576";"1,80";"1820,05";"3681804,04";"1212"
"313540715";"Caetano Lopes";"1800";"92";"268";"2,74";"2110,65";"2378244,97";"1800"
"313540720";"Machados de Minas";"1212";"512";"1372";"1,40";"1576,38";"968996,78";"1212"
"313545605";"Jenipapo de Minas";"1212";"2080";"6095";"2,37";"1404,11";"1416010,73";"1212"
"313550605";"Jequeri";"1212";"2334";"6250";"1,82";"1959,38";"13138756,11";"1212"
"313550610";"Grota";"1212";"552";"1556";"1,69";"1270,57";"1623129,09";"1212"
"313550615";"Piscamba";"1212";"643";"1849";"1,94";"1511,81";"927587,31";"1212"
"313550617";"Pouso Alegre da Mata";"1200";"305";"888";"1,50";"1039,92";"572162,82";"1200"
"313550620";"São Vicente do Grama";"1200";"655";"1832";"1,46";"1246,14";"740058,90";"1200"
"313560505";"Jequitaí";"1212";"2465";"6421";"1,81";"1517,57";"2603479,30";"1212"
"313570405";"Jequitibá";"1212";"2051";"5364";"1,93";"1928,59";"7522607,60";"1212"
"313570410";"Doutor Campolina";"1212";"191";"498";"2,14";"1629,45";"1177944,03";"1212"
"313580305";"Jequitinhonha";"1212";"7064";"20322";"2,56";"1626,22";"4322999,11";"1212"
"313580310";"Guaranilândia";"1212";"285";"794";"2,97";"1171,26";"279144,68";"1212"
"313580315";"São Pedro do Jequitinhonha";"1212";"961";"2731";"2,88";"1170,87";"1153419,60";"1212"
"313590205";"Jesuânia";"1212";"1914";"5096";"1,77";"1912,68";"12970738,95";"1212"
"313600905";"Joaíma";"1212";"3723";"11120";"2,83";"1466,91";"3774716,10";"1212"
"313600907";"Giru";"1200";"958";"2731";"2,46";"1095,57";"3324539,03";"1200"
"313610805";"Joanésia";"1212";"1681";"4323";"1,57";"1765,57";"1516549,54";"1212"
"313620705";"João Monlevade";"2000";"29255";"79791";"1,78";"2883,03";"16392444,28";"2000"
"313630605";"João Pinheiro";"1500";"14446";"39561";"1,82";"2442,46";"35273818,01";"1500"
"313630610";"Caatinga";"1212";"211";"514";"1,69";"1667,93";"975244,81";"1212"
"313630615";"Canabrava";"1212";"980";"2768";"2,35";"1494,56";"2218394,39";"1212"
"313630617";"Luizlândia do Oeste";"1212";"601";"1560";"1,79";"1719,36";"1577435,56";"1212"
"313630620";"Olhos d'Água do Oeste";"1212";"319";"768";"1,76";"1923,72";"7164389,15";"1212"
"313630623";"Santa Luzia da Serra";"1212";"195";"444";"1,31";"2552,10";"23176601,00";"1212"
"313630625";"Veredas";"1212";"329";"758";"2,08";"1696,14";"1941166,04";"1212"
"313640505";"Joaquim Felício";"1200";"1462";"3826";"1,99";"1551,90";"2733530,51";"1200"
"313650405";"Jordânia";"1212";"2700";"7969";"3,02";"1738,92";"6911743,65";"1212"
"313650410";"Estrela de Jordânia";"1212";"772";"2309";"2,65";"1340,95";"1381770,65";"1212"
"313652005";"José Gonçalves de Minas";"1212";"1384";"3969";"2,13";"1487,18";"2058574,97";"1212"
"313655305";"José Raydan";"1212";"1576";"4268";"1,84";"1400,04";"930455,65";"1212"
"313657905";"Josenópolis";"1212";"1232";"3621";"2,27";"1326,77";"1310211,60";"1212"
"313660305";"Nova União";"1400";"2172";"5899";"1,88";"1914,04";"3169913,35";"1400"
"313665205";"Juatuba";"1500";"7934";"22725";"1,93";"2235,09";"5359929,29";"1500"
"313665210";"Boa Vista da Serra";"1500";"743";"2121";"2,02";"1849,83";"1858843,84";"1500"
"313665215";"Francelinos";"1212";"1956";"5628";"2,26";"1795,45";"2900434,25";"1212"
"313670205";"Juiz de Fora";"2000";"207959";"529339";"1,74";"3626,25";"255102373,59";"2000"
"313670260";"Rosário de Minas";"1212";"367";"939";"2,02";"1715,65";"2818463,02";"1212"
"313670270";"Sarandira";"1212";"130";"311";"1,99";"1677,41";"2395490,66";"1212"
"313670280";"Torreões";"1250";"572";"1386";"1,95";"1922,25";"7282234,86";"1250"
"313670282";"Caetés de Minas";"1212";"309";"856";"2,63";"2067,58";"7526203,08";"1212"
"313670284";"Humaitá de Minas";"1212";"463";"1129";"1,50";"1867,74";"2251541,24";"1212"
"313670286";"Monte Verde de Minas";"1212";"459";"1134";"1,86";"1971,68";"2937789,24";"1212"
"313670288";"Penido";"1212";"175";"488";"2,47";"1504,84";"1159909,30";"1212"
"313670290";"Valadares";"1212";"478";"1273";"2,01";"2242,48";"11002994,08";"1212"
"313680105";"Juramento";"1212";"1384";"3768";"2,05";"1485,24";"2908668,69";"1212"
"313690005";"Juruaia";"1700";"3674";"10094";"1,58";"2459,75";"9476004,49";"1700"
"313690010";"Mata do Sino";"1350";"335";"960";"1,98";"2291,33";"18385687,91";"1350"
"313695905";"Juvenília";"1212";"1121";"3403";"2,21";"1399,90";"1928849,82";"1212"
"313695915";"Monte Rei";"1200";"356";"1063";"2,13";"1210,04";"1246758,65";"1200"
"313695920";"Porto Agrário";"600";"359";"1293";"3,61";"866,78";"364034,70";"600"
"313700705";"Ladainha";"1212";"3274";"9903";"2,91";"1520,31";"3030117,33";"1212"
"313700710";"Concórdia do Mucuri";"1150";"1431";"4411";"3,19";"1082,67";"791744,37";"1150"
"313710605";"Lagamar";"1400";"2071";"4948";"1,47";"2554,37";"29531888,91";"1400"
"313710620";"São Brás de Minas";"1212";"710";"1647";"1,42";"2249,72";"9248737,09";"1212"
"313720505";"Lagoa da Prata";"1600";"18220";"50585";"1,74";"2514,38";"9290479,53";"1600"
"313720515";"Martins Guimarães";"1212";"168";"414";"1,42";"1554,30";"535065,68";"1212"
"313730405";"Lagoa dos Patos";"1212";"1206";"3306";"1,92";"1444,07";"1305788,63";"1212"
"313740305";"Lagoa Dourada";"1212";"4109";"12745";"2,22";"1891,80";"5044082,05";"1212"
"313750205";"Lagoa Formosa";"1700";"6511";"17474";"1,63";"2608,95";"15387039,10";"1700"
"313750207";"Limeira de Minas";"2400";"140";"337";"1,35";"7267,96";"212423791,78";"2400"
"313750210";"Monjolinho de Minas";"2424";"395";"1042";"1,37";"6167,97";"160285707,27";"2424"
"313753605";"Lagoa Grande";"1300";"3389";"8932";"1,76";"2187,80";"7745722,33";"1300"
"313760105";"Lagoa Santa";"2400";"24779";"67655";"1,82";"4527,81";"2799886443,15";"2400"
"313760114";"Lagoinha de Fora";"1212";"276";"780";"1,96";"2260,50";"7597429,38";"1212"
"313760115";"Lapinha";"1600";"2368";"6508";"1,91";"3561,88";"1853769159,06";"1600"
"313770005";"Lajinha";"1240";"6037";"16311";"1,73";"2221,55";"9239739,27";"1240"
"313770020";"Prata de Lajinha";"1212";"1607";"4497";"1,67";"1574,41";"4156597,82";"1212"
"313780905";"Lambari";"1300";"7577";"20300";"1,69";"2321,18";"8009343,03";"1300"
"313790805";"Lamim";"1212";"1192";"3184";"1,61";"1645,29";"6934316,07";"1212"
"313800505";"Laranjal";"1212";"2121";"5472";"1,64";"1977,67";"9260331,51";"1212"
"313800510";"São João da Sapucaia";"1212";"173";"478";"1,80";"1415,49";"452949,10";"1212"
"313810405";"Lassance";"1212";"2552";"7091";"2,29";"1633,02";"9931045,19";"1212"
"313820305";"Lavras";"2000";"38930";"104360";"1,78";"3371,08";"22004453,10";"2000"
"313830205";"Leandro Ferreira";"1500";"1210";"3173";"1,79";"2345,81";"14300756,03";"1500"
"313835105";"Leme do Prado";"1212";"967";"2831";"2,17";"1653,03";"2249896,20";"1212"
"313835110";"Acauã de Minas";"1212";"357";"945";"1,75";"1512,25";"1415260,30";"1212"
"313835120";"Posses";"1212";"202";"565";"2,05";"1386,79";"752881,85";"1212"
"313840105";"Leopoldina";"1214";"17025";"45252";"1,88";"2425,47";"9693763,54";"1214"
"313840110";"Abaíba";"1212";"120";"319";"2,26";"1618,41";"2041003,15";"1212"
"313840115";"Piacatuba";"1212";"520";"1376";"1,98";"2062,07";"4785939,97";"1212"
"313840120";"Providência";"1212";"360";"974";"1,99";"2055,13";"12235178,11";"1212"
"313840125";"Ribeiro Junqueira";"1212";"533";"1474";"2,35";"1595,10";"1753655,71";"1212"
"313840130";"Tebas";"1212";"626";"1557";"2,12";"2063,59";"4498678,20";"1212"
"313850005";"Liberdade";"1212";"1812";"4717";"1,88";"2052,94";"8158689,83";"1212"
"313860905";"Lima Duarte";"1212";"5955";"14955";"1,68";"2194,63";"15983247,74";"1212"
"313860910";"Conceição da Ibitipoca";"1800";"502";"1179";"1,73";"2762,01";"18287492,81";"1800"
"313860915";"São Domingos da Bocaina";"1212";"217";"500";"1,50";"1870,15";"13825357,60";"1212"
"313860920";"São José dos Lopes";"1212";"202";"511";"1,80";"1905,17";"5364328,89";"1212"
"313862505";"Limeira do Oeste";"2100";"3320";"8650";"1,51";"3474,58";"1966298117,24";"2100"
"313865805";"Lontra";"1212";"2477";"7197";"1,95";"1591,46";"5460708,96";"1212"
"313865815";"Umbuzeiro";"1200";"551";"1589";"2,17";"1109,81";"722636,79";"1200"
"313867405";"Luisburgo";"1212";"2436";"6946";"1,58";"1711,23";"3228083,57";"1212"
"313868205";"Luislândia";"1212";"1618";"4976";"2,64";"1191,24";"831219,43";"1212"
"313868225";"São Judas Tadeu de Minas";"1081";"363";"1231";"2,66";"971,53";"568504,86";"1081"
"313870805";"Luminárias";"1212";"2122";"5549";"1,63";"2304,88";"13528149,73";"1212"
"313880705";"Luz";"1600";"6438";"16848";"1,60";"2640,18";"16820894,74";"1600"
"313880710";"Esteios";"1215";"331";"792";"1,32";"2361,18";"12663181,64";"1215"
"313890605";"Machacalis";"1212";"2434";"6484";"1,88";"5416,78";"34541198756,40";"1212"
"313900305";"Machado";"1500";"12538";"35851";"1,92";"2621,97";"9825036,64";"1500"
"313900310";"Douradinho";"1212";"565";"1623";"1,90";"1893,43";"16708382,45";"1212"
"313910205";"Madre de Deus de Minas";"1300";"1914";"5185";"1,89";"2563,59";"24552287,08";"1300"
"313920105";"Malacacheta";"1212";"4965";"13399";"2,15";"1784,43";"7491712,09";"1212"
"313920120";"Jaguaritira";"1212";"568";"1592";"2,02";"971,71";"286962,06";"1212"
"313920125";"Junco de Minas";"1212";"449";"1130";"1,83";"1227,24";"1684960,24";"1212"
"313920130";"Santo Antônio do Mucuri";"1212";"440";"1240";"2,63";"1482,56";"3164032,24";"1212"
"313925005";"Mamonas";"1212";"2234";"5696";"1,40";"1253,84";"1056145,80";"1212"
"313925010";"Barrinha";"1212";"118";"297";"1,33";"1064,23";"406131,99";"1212"
"313930005";"Manga";"1212";"5280";"16297";"2,71";"1577,44";"6631803,81";"1212"
"313930020";"Nhandutiba";"1212";"837";"2398";"2,06";"1153,34";"968971,08";"1212"
"313940905";"Manhuaçu";"1500";"24220";"64877";"1,73";"2832,75";"730387001,00";"1500"
"313940907";"Dom Corrêa";"1212";"1120";"3261";"1,68";"1869,97";"12040371,44";"1212"
"313940911";"Ponte do Silva";"1212";"955";"2765";"1,89";"1702,24";"2957207,26";"1212"
"313940913";"Palmeiras do Manhuaçu";"1000";"663";"2061";"1,78";"1092,27";"210967,24";"1000"
"313940914";"Realeza";"1212";"499";"1412";"1,74";"1978,13";"2330453,07";"1212"
"313940925";"São Pedro do Avaí";"1212";"1290";"3836";"1,75";"1923,30";"4220322,44";"1212"
"313940930";"São Sebastião do Sacramento";"1200";"1393";"4150";"1,86";"1561,91";"6140085,05";"1200"
"313940940";"Vilanova";"1212";"1963";"5642";"2,02";"1668,40";"1322269,15";"1212"
"313940945";"Santo Amaro de Minas";"1212";"1172";"3465";"1,91";"1513,13";"873706,55";"1212"
"313950805";"Manhumirim";"1212";"7653";"20418";"1,80";"2118,71";"7371854,66";"1212"
"313960705";"Mantena";"1212";"8821";"22925";"1,64";"2297,30";"10246630,49";"1212"
"313960710";"Barra do Ariranha";"1212";"939";"2396";"1,35";"1578,59";"2120568,76";"1212"
"313960715";"Limeira de Mantena";"1750";"397";"1002";"1,71";"1969,33";"1576743,20";"1750"
"313970605";"Maravilhas";"1212";"2527";"7326";"1,99";"1851,42";"5188451,74";"1212"
"313980505";"Mar de Espanha";"1220";"4533";"12062";"1,93";"2276,18";"237885308,12";"1220"
"313980510";"Engenho Novo";"1212";"132";"332";"1,55";"1342,76";"419972,54";"1212"
"313980515";"Saudade";"1212";"102";"264";"1,85";"1894,48";"2998714,52";"1212"
"313990405";"Maria da Fé";"1500";"3531";"10581";"2,17";"2354,31";"12763362,33";"1500"
"313990410";"Pintos Negreiros";"1212";"393";"1038";"1,78";"1569,26";"3274664,93";"1212"
"313990415";"São João de Maria da Fé";"1600";"266";"746";"1,88";"2165,36";"11403234,14";"1600"
"313990420";"Posses de Maria da Fé";"1212";"308";"927";"2,03";"1662,69";"3927903,87";"1212"
"313990425";"Mata do Isidoro";"1212";"284";"884";"1,90";"1611,13";"998211,67";"1212"
"314000105";"Mariana";"2000";"16213";"45177";"1,95";"3081,98";"817161334,42";"2000"
"314000110";"Bandeirantes";"1200";"419";"1144";"2,16";"2052,08";"4906306,57";"1200"
"314000115";"Cachoeira do Brumado";"1240";"934";"2703";"2,21";"1985,62";"4319429,43";"1240"
"314000120";"Camargos";"1800";"47";"130";"4,05";"4475,48";"105794091,10";"1800"
"314000125";"Cláudio Manuel";"1200";"401";"1006";"2,23";"1334,34";"488764,82";"1200"
"314000130";"Furquim";"1212";"576";"1546";"2,38";"1964,37";"10209922,11";"1212"
"314000135";"Monsenhor Horta";"1212";"605";"1748";"2,55";"1612,53";"2074352,59";"1212"
"314000140";"Padre Viegas";"1212";"791";"2241";"2,06";"2016,10";"4974784,97";"1212"
"314000145";"Passagem de Mariana";"2000";"1280";"3753";"2,07";"2692,65";"8176366,80";"2000"
"314000150";"Santa Rita Durão";"1200";"444";"1401";"2,44";"1471,07";"688417,53";"1200"
"314010005";"Marilac";"1212";"1565";"4219";"2,03";"1605,26";"3792158,12";"1212"
"314015905";"Mário Campos";"1500";"5434";"15886";"2,00";"2359,68";"8424021,35";"1500"
"314020905";"Maripá de Minas";"1212";"1233";"3383";"1,76";"2156,20";"4796093,14";"1212"
"314030805";"Marliéria";"1230";"677";"1638";"1,62";"2320,27";"8970383,32";"1230"
"314030815";"Cava Grande";"1400";"1035";"2947";"1,96";"2006,06";"5259829,92";"1400"
"314040705";"Marmelópolis";"1212";"1189";"3196";"1,66";"1889,88";"6834143,20";"1212"
"314050605";"Martinho Campos";"2000";"3506";"9317";"1,70";"2626,09";"17938725,28";"2000"
"314050610";"Alberto Isaacson";"1212";"597";"1509";"1,56";"1844,69";"6115040,29";"1212"
"314050615";"Ibitira";"1212";"993";"2595";"1,84";"2215,92";"16587871,32";"1212"
"314050620";"Buriti Grande";"1212";"215";"505";"1,77";"1933,57";"3896103,89";"1212"
"314053005";"Martins Soares";"1212";"2373";"6627";"1,66";"1700,11";"6082471,37";"1212"
"314053020";"Pinheiro de Minas";"1212";"624";"1765";"1,66";"1950,36";"44271083,78";"1212"
"314055505";"Mata Verde";"1200";"2914";"9108";"2,88";"1438,10";"2223403,77";"1200"
"314060505";"Materlândia";"1212";"1417";"3962";"2,31";"1491,12";"2104038,97";"1212"
"314070405";"Mateus Leme";"1300";"11144";"30613";"1,98";"2050,09";"6466339,62";"1300"
"314070410";"Azurita";"1440";"1250";"3307";"1,77";"2139,53";"3478315,80";"1440"
"314070420";"Serra Azul";"1212";"1459";"3823";"1,78";"1914,97";"4450444,43";"1212"
"314080305";"Matias Barbosa";"1400";"5233";"14030";"1,82";"2322,59";"7709624,70";"1400"
"314085205";"Matias Cardoso";"1212";"2425";"7371";"2,62";"1373,60";"2062893,45";"1212"
"314085235";"Rio Verde de Minas";"1212";"460";"1434";"2,34";"1085,79";"562317,53";"1212"
"314090205";"Matipó";"1212";"5375";"15993";"1,99";"1860,15";"9078948,61";"1212"
"314090210";"Padre Fialho";"1212";"834";"2489";"1,98";"1397,91";"4350953,68";"1212"
"314100905";"Mato Verde";"1212";"4356";"11412";"1,62";"1519,56";"2986071,24";"1212"
"314100910";"São João do Bonito";"1212";"274";"615";"1,07";"1179,70";"188853,88";"1212"
"314110805";"Matozinhos";"1500";"12350";"34806";"1,94";"2229,64";"6987342,21";"1500"
"314110810";"Mocambeiro";"1500";"959";"2780";"2,24";"2007,05";"2110638,11";"1500"
"314120705";"Matutina";"2424";"1575";"3811";"1,55";"2907,36";"8639119,08";"2424"
"314130605";"Medeiros";"2000";"1428";"3892";"1,79";"2993,96";"23429052,11";"2000"
"314140505";"Medina";"1212";"6919";"19216";"2,28";"1522,86";"4342962,54";"1212"
"314140510";"Tuparecê";"1212";"325";"855";"1,78";"1206,94";"374772,19";"1212"
"314150405";"Mendes Pimentel";"1212";"2240";"5606";"1,47";"1727,96";"3064515,53";"1212"
"314160305";"Mercês";"1212";"4065";"10325";"1,69";"1725,58";"5166919,00";"1212"
"314170205";"Mesquita";"1500";"1501";"4091";"1,77";"2043,58";"2933455,72";"1500"
"314170211";"Barra Grande de Mesquita";"1500";"336";"937";"2,38";"1777,94";"632649,42";"1500"
"314180105";"Minas Novas";"1212";"4165";"12040";"2,20";"1831,31";"6993862,67";"1212"
"314180106";"Baixa Quente";"1212";"896";"2588";"2,25";"1312,37";"1613879,04";"1212"
"314180115";"Cruzinha";"1212";"1180";"3589";"2,66";"1306,35";"868555,63";"1212"
"314180120";"Lagoa Grande de Minas Novas";"1212";"1165";"3485";"2,52";"1273,81";"1940505,67";"1212"
"314180125";"Ribeirão da Folha";"1200";"825";"2649";"2,77";"1248,24";"1983816,66";"1200"
"314190005";"Minduri";"1212";"1353";"3721";"2,11";"2131,97";"13916575,08";"1212"
"314200705";"Mirabela";"1212";"3937";"11716";"2,59";"1541,14";"6621670,59";"1212"
"314200710";"Muquém";"1206";"323";"1044";"3,79";"1093,89";"359849,76";"1206"
"314200720";"São Bento de Mirabela";"1212";"279";"861";"2,69";"1392,63";"2133043,87";"1212"
"314210605";"Miradouro";"1212";"2512";"6304";"1,57";"1987,98";"9682707,89";"1212"
"314210610";"Serrania do Brigadeiro";"1212";"196";"515";"1,17";"1223,78";"326112,61";"1212"
"314210615";"Varginha de Miradouro";"1212";"243";"598";"1,41";"1184,55";"1189070,44";"1212"
"314210620";"Santa Cruz do Monte Alverne";"1212";"383";"994";"1,54";"2118,33";"30272242,60";"1212"
"314210625";"Santa Bárbara de Miradouro";"1212";"197";"526";"1,43";"1208,47";"635850,12";"1212"
"314220505";"Miraí";"1212";"4173";"11335";"1,80";"2069,99";"6123968,00";"1212"
"314220510";"Dores da Vitória";"1212";"363";"1037";"1,87";"1304,98";"510948,81";"1212"
"314220520";"São José do Alegre de Miraí";"1212";"164";"480";"1,86";"2021,59";"13966194,71";"1212"
"314220525";"Santo Antônio do Rio Preto";"1212";"290";"732";"1,52";"1547,59";"2391526,26";"1212"
"314225405";"Miravânia";"1212";"599";"1786";"2,73";"1730,50";"20420131,64";"1212"
"314225410";"Brejão de Miravânia";"1212";"391";"1067";"1,92";"1124,22";"678052,37";"1212"
"314225415";"Panelinhas";"1212";"188";"543";"2,05";"1198,11";"705628,46";"1212"
"314225420";"Virgínio";"1200";"176";"589";"3,11";"1134,19";"599823,26";"1200"
"314230405";"Moeda";"1550";"1613";"4469";"2,15";"2428,54";"7005016,94";"1550"
"314230410";"Coco";"1350";"243";"641";"1,76";"2569,34";"13671462,82";"1350"
"314240305";"Moema";"1300";"2824";"7530";"1,64";"2139,41";"5193096,44";"1300"
"314250205";"Monjolos";"1212";"550";"1442";"1,91";"1827,35";"12870853,69";"1212"
"314250210";"Rodeador";"1212";"278";"727";"1,98";"1282,48";"681768,43";"1212"
"314260105";"Monsenhor Paulo";"1215";"3004";"8311";"1,81";"2120,37";"6245524,99";"1215"
"314270005";"Montalvânia";"1212";"2902";"8517";"2,16";"1594,51";"4528643,87";"1212"
"314270020";"Pitarana";"1212";"367";"1028";"1,86";"1178,45";"494264,06";"1212"
"314270025";"São Sebastião dos Poções";"1212";"520";"1461";"1,79";"1094,93";"412920,50";"1212"
"314270030";"Capitania";"1212";"1007";"3050";"2,27";"1093,57";"1353657,92";"1212"
"314280905";"Monte Alegre de Minas";"1250";"7826";"20079";"1,76";"2215,34";"9043608,49";"1250"
"314290805";"Monte Azul";"1212";"7726";"20179";"1,59";"1431,46";"2106961,44";"1212"
"314300505";"Monte Belo";"1212";"3912";"10403";"1,61";"2194,87";"5659856,83";"1212"
"314300510";"Juréia";"1212";"569";"1531";"1,43";"1728,81";"5989602,15";"1212"
"314300515";"Santa Cruz da Aparecida";"1212";"407";"1049";"1,29";"1434,34";"1722885,38";"1212"
"314310405";"Monte Carmelo";"1500";"17286";"44781";"1,61";"2446,93";"8619665,97";"1500"
"314310410";"Celso Bueno";"1500";"950";"2640";"1,83";"1836,94";"1664686,94";"1500"
"314315305";"Monte Formoso";"1212";"1454";"4381";"2,45";"1260,73";"1887867,80";"1212"
"314320305";"Monte Santo de Minas";"1212";"7314";"18856";"1,65";"2109,65";"6206987,32";"1212"
"314320310";"Milagre";"1212";"659";"1758";"1,65";"1809,30";"1969129,06";"1212"
"314330205";"Montes Claros";"1500";"140175";"399516";"1,98";"2730,94";"19104862,31";"1500"
"314330208";"Aparecida do Mundo Novo";"1212";"309";"815";"1,92";"1225,19";"212529,22";"1212"
"314330210";"Ermidinha";"1212";"433";"1131";"1,82";"1359,89";"2384546,18";"1212"
"314330215";"Miralta";"1212";"252";"650";"2,24";"1225,53";"571817,64";"1212"
"314330220";"Nova Esperança";"1212";"1335";"3967";"2,14";"1606,86";"3192545,32";"1212"
"314330222";"Panorâmica";"1212";"73";"153";"1,45";"1224,25";"160530,88";"1212"
"314330225";"Santa Rosa de Lima";"1212";"880";"2270";"1,73";"1270,80";"338627,20";"1212"
"314330230";"São João da Vereda";"1212";"544";"1384";"2,26";"1299,50";"850575,92";"1212"
"314330235";"São Pedro da Garça";"1200";"309";"849";"2,23";"1572,29";"8462638,93";"1200"
"314330240";"Vila Nova de Minas";"1212";"486";"1247";"2,08";"1424,86";"850958,60";"1212"
"314340105";"Monte Sião";"1800";"9208";"23985";"1,62";"2503,99";"117774791,44";"1800"
"314345005";"Montezuma";"1212";"2267";"6857";"2,17";"1336,26";"3971280,78";"1212"
"314350005";"Morada Nova de Minas";"1600";"3000";"7886";"1,74";"2395,80";"13274296,77";"1600"
"314350010";"Frei Orlando";"1212";"432";"1131";"1,61";"2172,52";"12461215,99";"1212"
"314360905";"Morro da Garça";"1212";"917";"2411";"1,73";"1587,86";"2512124,44";"1212"
"314370805";"Morro do Pilar";"1200";"1117";"3133";"2,51";"1444,49";"1123109,67";"1200"
"314380705";"Munhoz";"1338";"2671";"7438";"1,89";"1952,66";"3997758,25";"1338"
"314390605";"Muriaé";"1500";"34915";"91492";"1,60";"2841,96";"19344648,00";"1500"
"314390610";"Belisário";"1200";"823";"1989";"1,18";"1629,76";"5208212,76";"1200"
"314390615";"Boa Família";"1212";"820";"2047";"1,33";"1602,54";"1233554,88";"1212"
"314390620";"Bom Jesus da Cachoeira";"1212";"438";"1161";"1,63";"1634,72";"4030755,56";"1212"
"314390625";"Itamuri";"1212";"538";"1413";"1,61";"1716,69";"6235425,77";"1212"
"314390630";"Pirapanema";"1212";"427";"1190";"1,53";"1617,94";"2699422,98";"1212"
"314390640";"Vermelho";"1212";"1455";"4020";"1,89";"1490,52";"1834742,61";"1212"
"314400305";"Mutum";"1220";"5659";"14762";"1,61";"2241,36";"10223686,84";"1220"
"314400310";"Centenário";"1212";"481";"1186";"1,41";"1723,63";"7948949,65";"1212"
"314400312";"Imbiruçu";"1500";"1292";"3756";"1,59";"2126,45";"5787438,52";"1500"
"314400315";"Ocidente";"1212";"1025";"2947";"1,89";"1941,68";"5106883,04";"1212"
"314400320";"Roseiral";"1212";"800";"2128";"1,57";"1568,76";"1765338,97";"1212"
"314400325";"São Francisco do Humaitá";"1212";"453";"1327";"1,96";"1544,69";"1401472,34";"1212"
"314400330";"Santa Rita do Mutum";"1212";"512";"1468";"1,72";"1823,42";"27732490,71";"1212"
"314410205";"Muzambinho";"1600";"7933";"21163";"1,66";"2723,14";"15504858,58";"1600"
"314410210";"Moçambo";"1212";"221";"636";"1,81";"1942,59";"1939938,28";"1212"
"314420105";"Nacip Raydan";"1212";"925";"2456";"1,91";"1522,73";"3629824,36";"1212"
"314430005";"Nanuque";"1212";"12220";"32239";"1,82";"2248,99";"12464184,23";"1212"
"314430010";"Vila Pereira";"1212";"490";"1199";"1,70";"1478,80";"1366718,62";"1212"
"314430015";"Vila Gabriel Passos";"1212";"562";"1439";"1,62";"1822,84";"18392340,34";"1212"
"314435905";"Naque";"1212";"2180";"6299";"2,09";"1765,07";"2909529,90";"1212"
"314437505";"Natalândia";"1350";"1299";"3517";"2,03";"1896,59";"2063381,27";"1350"
"314440905";"Natércia";"1300";"1814";"4651";"1,48";"2606,70";"213175105,26";"1300"
"314450805";"Nazareno";"1212";"2976";"8154";"1,87";"2098,30";"6657316,70";"1212"
"314460705";"Nepomuceno";"1212";"8188";"23072";"1,90";"2135,72";"28201085,16";"1212"
"314460720";"Nazaré de Minas";"1212";"260";"683";"1,59";"1470,96";"856038,03";"1212"
"314460725";"Santo Antônio do Cruzeiro";"1212";"397";"1071";"1,53";"1646,62";"3464793,05";"1212"
"314465605";"Ninheira";"1212";"3313";"10573";"2,82";"1335,71";"3331024,55";"1212"
"314467205";"Nova Belém";"1212";"927";"2481";"1,63";"1417,99";"1853555,34";"1212"
"314467220";"Santo Antônio de Nova Belém";"1212";"254";"670";"1,49";"1607,50";"2130432,91";"1212"
"314470605";"Nova Era";"1500";"6224";"17322";"1,94";"2391,32";"5961042,21";"1500"
"314480505";"Nova Lima";"2600";"39803";"111262";"1,81";"7572,74";"143548838,09";"2600"
"314490405";"Nova Módica";"1212";"1414";"3661";"1,82";"1696,05";"3868065,41";"1212"
"314500005";"Nova Ponte";"2000";"5095";"14555";"1,87";"2581,37";"9555669,95";"2000"
"314505905";"Nova Porteirinha";"1212";"2254";"6702";"2,22";"1409,62";"1498036,35";"1212"
"314510905";"Nova Resende";"1500";"5250";"14372";"1,59";"2268,36";"6057065,89";"1500"
"314510910";"Petúnia";"1600";"691";"1973";"1,68";"2014,14";"1912797,17";"1600"
"314520805";"Nova Serrana";"1800";"35561";"101207";"1,78";"2279,42";"12479456,09";"1800"
"314520810";"Boa Vista de Minas";"1800";"1429";"4074";"1,79";"2150,90";"2542221,80";"1800"
"314530705";"Novo Cruzeiro";"1212";"5292";"15222";"2,35";"1703,10";"6684185,21";"1212"
"314530710";"Lufa";"1100";"842";"2599";"3,38";"998,69";"481523,43";"1100"
"314530715";"Novilhona";"1200";"2400";"7379";"2,91";"1062,31";"592538,35";"1200"
"314530720";"Queixada";"1212";"535";"1651";"3,34";"1220,76";"821017,07";"1212"
"314535605";"Novo Oriente de Minas";"1212";"3691";"10249";"2,26";"1358,57";"2361201,96";"1212"
"314537205";"Novorizonte";"1212";"1306";"3683";"2,20";"1425,66";"1807421,57";"1212"
"314537210";"Campo Verde de Minas";"1212";"312";"888";"1,93";"1196,02";"350832,97";"1212"
"314540605";"Olaria";"1300";"582";"1566";"1,62";"1672,30";"1478497,27";"1300"
"314540610";"São Sebastião da Vista Alegre";"1212";"169";"379";"1,51";"1326,60";"486472,74";"1212"
"314545505";"Olhos-d'Água";"1212";"1507";"4207";"2,27";"1591,64";"5138774,56";"1212"
"314545510";"Ribeirão de Santo Agostinho";"1212";"193";"480";"1,89";"1355,59";"813327,93";"1212"
"314545515";"Três Dias";"1212";"178";"508";"2,16";"1224,99";"418605,67";"1212"
"314545520";"Pimenta de São Serafim";"1200";"64";"183";"2,22";"1091,30";"321429,96";"1200"
"314550505";"Olímpio Noronha";"1212";"942";"2554";"1,82";"1853,88";"5494194,11";"1212"
"314560405";"Oliveira";"1300";"13318";"36911";"1,90";"2476,26";"10696953,45";"1300"
"314560410";"Morro do Ferro";"1212";"794";"2090";"1,64";"1876,18";"1828139,94";"1212"
"314570305";"Oliveira Fortes";"1212";"758";"2027";"1,91";"1772,00";"2356289,46";"1212"
"314580205";"Onça de Pitangui";"1212";"636";"1652";"1,89";"2029,77";"14089743,94";"1212"
"314580210";"Capoeira Grande";"1500";"280";"791";"1,92";"1948,07";"1707133,28";"1500"
"314580215";"Jaguara de Minas";"1212";"202";"525";"1,79";"1986,83";"9615429,87";"1212"
"314585105";"Oratórios";"1212";"1658";"4913";"2,15";"1927,09";"7614260,55";"1212"
"314587705";"Orizânia";"1212";"3015";"8437";"1,58";"1496,62";"3089660,77";"1212"
"314590105";"Ouro Branco";"2050";"13657";"38678";"1,76";"3299,64";"15209128,81";"2050"
"314600805";"Ouro Fino";"1600";"11069";"28899";"1,64";"2592,12";"10053680,47";"1600"
"314600810";"Crisólia";"1500";"645";"1724";"1,72";"2087,87";"1735415,42";"1500"
"314600815";"São José do Mato Dentro";"1500";"532";"1365";"1,36";"1913,83";"1315716,30";"1500"
"314610705";"Ouro Preto";"2000";"14955";"41344";"2,15";"3544,90";"2542894676,63";"2000"
"314610710";"Amarantina";"1500";"1742";"4852";"1,85";"2582,24";"14804951,71";"1500"
"314610715";"Antônio Pereira";"1600";"1524";"4709";"2,21";"2430,68";"14547710,58";"1600"
"314610720";"Cachoeira do Campo";"1700";"4264";"12025";"1,85";"2482,52";"7981076,61";"1700"
"314610725";"Engenheiro Correia";"1212";"127";"306";"1,78";"1989,54";"4334164,96";"1212"
"314610730";"Glaura";"1212";"561";"1484";"1,70";"2218,10";"10945804,48";"1212"
"314610734";"Lavras Novas";"1212";"313";"1001";"2,70";"2222,46";"5191255,93";"1212"
"314610735";"Miguel Burnier";"1212";"229";"643";"2,23";"1692,51";"910050,24";"1212"
"314610740";"Rodrigo Silva";"1212";"393";"1082";"2,04";"1915,10";"1882843,33";"1212"
"314610745";"Santa Rita de Ouro Preto";"1212";"1206";"3510";"2,25";"1542,33";"1425617,38";"1212"
"314610750";"Santo Antônio do Leite";"1212";"684";"1808";"1,88";"2104,96";"3825697,01";"1212"
"314610752";"Santo Antônio do Salto";"1212";"272";"915";"3,32";"1768,69";"5390571,03";"1212"
"314610755";"São Bartolomeu";"1212";"308";"754";"1,74";"2077,44";"4769164,66";"1212"
"314620605";"Ouro Verde de Minas";"1200";"1984";"5733";"2,39";"1390,23";"1863245,32";"1200"
"314625505";"Padre Carvalho";"1212";"1637";"5058";"2,66";"1202,08";"1585681,72";"1212"
"314630505";"Padre Paraíso";"1212";"5955";"17279";"2,45";"1491,82";"2884182,07";"1212"
"314640405";"Paineiras";"1212";"1682";"3950";"1,43";"1960,00";"6242338,15";"1212"
"314640410";"Poções de Paineiras";"1550";"98";"253";"1,30";"2400,32";"8777799,34";"1550"
"314650305";"Pains";"1600";"2718";"7227";"1,83";"2346,20";"6571812,43";"1600"
"314650310";"Vila Costina";"1250";"320";"747";"1,52";"1954,83";"5859815,03";"1250"
"314655205";"Pai Pedro";"1212";"1662";"4537";"1,80";"1276,71";"1101498,49";"1212"
"314655225";"Vila Sudário";"1212";"316";"1013";"3,04";"1157,55";"380620,63";"1212"
"314660205";"Paiva";"1212";"580";"1473";"1,41";"1991,36";"8699282,96";"1212"
"314670105";"Palma";"1212";"1649";"4429";"1,83";"2219,49";"6702372,18";"1212"
"314670110";"Cisneiros";"1212";"234";"597";"1,74";"1504,66";"1339439,93";"1212"
"314670115";"Itapiruçu";"1200";"266";"664";"1,88";"1227,27";"721810,22";"1200"
"314675005";"Palmópolis";"1200";"1843";"4924";"1,78";"1282,61";"1912189,07";"1200"
"314675010";"Dois de Abril";"1200";"525";"1357";"1,54";"1306,01";"2819707,77";"1200"
"314690905";"Papagaios";"1212";"4768";"13838";"2,00";"2049,42";"230587143,20";"1212"
"314700605";"Paracatu";"1900";"32730";"93438";"2,02";"2863,68";"15302767,08";"1900"
"314710505";"Pará de Minas";"2000";"32939";"89529";"1,72";"2784,80";"12179809,92";"2000"
"314710510";"Ascensão";"1500";"750";"1983";"1,60";"2085,59";"4085524,27";"1500"
"314710515";"Carioca";"1212";"317";"784";"1,83";"1657,86";"969606,04";"1212"
"314710520";"Córrego do Barro";"1212";"205";"506";"2,00";"1860,75";"2022264,73";"1212"
"314710522";"Tavares de Minas";"1600";"541";"1506";"1,87";"2115,21";"8252432,82";"1600"
"314710525";"Torneiros";"1212";"736";"2112";"1,90";"1831,78";"2883748,13";"1212"
"314720405";"Paraguaçu";"1500";"7403";"20865";"1,85";"2269,22";"6881487,64";"1500"
"314720410";"Guaipava";"1212";"302";"788";"1,65";"1638,95";"1089597,29";"1212"
"314730305";"Paraisópolis";"1500";"7397";"19214";"1,74";"2382,65";"6986228,47";"1500"
"314730310";"Costas";"1216";"481";"1181";"1,34";"2035,48";"3370478,25";"1216"
"314740205";"Paraopeba";"1240";"8769";"24062";"1,99";"2022,36";"4724236,04";"1240"
"314750105";"Passabém";"1212";"610";"1593";"1,82";"1774,03";"4132442,11";"1212"
"314760005";"Passa Quatro";"1500";"4255";"11640";"1,88";"2465,28";"8000326,43";"1500"
"314760010";"Pé do Morro";"1212";"560";"1561";"2,11";"1736,82";"2592533,91";"1212"
"314760015";"Pinheirinhos";"1212";"775";"2255";"2,08";"1976,92";"4219011,26";"1212"
"314770905";"Passa Tempo";"1212";"3257";"8443";"1,62";"2004,40";"5693722,49";"1212"
"314780805";"Passa Vinte";"1212";"890";"2233";"1,74";"2095,57";"11332995,66";"1212"
"314790705";"Passos";"1800";"41252";"111631";"1,81";"2960,49";"19309345,70";"1800"
"314795605";"Patis";"1212";"1672";"4836";"2,21";"1257,51";"2053452,97";"1212"
"314800405";"Patos de Minas";"2200";"57621";"149928";"1,56";"3511,62";"64909765,40";"2200"
"314800410";"Bom Sucesso de Patos";"1212";"172";"369";"1,14";"1926,44";"5009646,58";"1212"
"314800415";"Chumbo";"1212";"378";"869";"1,26";"2119,46";"12176876,25";"1212"
"314800420";"Major Porto";"1212";"473";"1072";"1,26";"2124,21";"11053811,63";"1212"
"314800425";"Pindaíbas";"1500";"543";"1333";"1,30";"2432,62";"20388388,82";"1500"
"314800427";"Pilar";"1500";"485";"1215";"1,65";"3034,00";"38985285,99";"1500"
"314800430";"Santana de Patos";"2000";"1055";"2940";"1,80";"3030,02";"43748111,27";"2000"
"314800435";"Alagoas";"1212";"363";"907";"1,49";"2352,07";"35860655,29";"1212"
"314810305";"Patrocínio";"2000";"28367";"79688";"1,87";"3040,92";"37781003,85";"2000"
"314810310";"Salitre de Minas";"1212";"461";"1186";"1,74";"1625,71";"2397771,12";"1212"
"314810313";"Santa Luzia dos Barros";"2000";"470";"1288";"1,95";"3749,36";"55233925,51";"2000"
"314810315";"São João da Serra Negra";"1212";"1052";"2965";"1,89";"1970,14";"12637888,83";"1212"
"314810320";"Silvano";"1500";"1394";"3896";"1,88";"3237,22";"41397147,01";"1500"
"314820205";"Patrocínio do Muriaé";"1212";"2194";"5576";"1,58";"2072,46";"5950916,24";"1212"
"314830105";"Paula Cândido";"1212";"2780";"7699";"1,92";"1856,56";"4824276,20";"1212"
"314830110";"Airões";"1212";"312";"933";"2,77";"1485,57";"2557462,35";"1212"
"314840005";"Paulistas";"1212";"1522";"4367";"2,39";"1801,61";"15240275,52";"1212"
"314850905";"Pavão";"1212";"1905";"5482";"2,73";"1526,53";"5781929,85";"1212"
"314850910";"Nova Limeira";"1212";"813";"2507";"3,58";"1166,76";"606035,07";"1212"
"314860805";"Peçanha";"1212";"5335";"16415";"2,49";"1664,00";"4868843,12";"1212"
"314860815";"Santa Teresa do Bonito";"1200";"294";"808";"2,52";"1054,69";"348732,12";"1200"
"314870705";"Pedra Azul";"1212";"6860";"22346";"3,51";"1778,68";"6511433,80";"1212"
"314870710";"Araçaji de Minas";"1200";"568";"1817";"2,85";"1118,13";"648583,09";"1200"
"314875605";"Pedra Bonita";"1212";"2365";"7319";"1,75";"1546,67";"2528952,38";"1212"
"314880605";"Pedra do Anta";"1212";"1265";"3309";"1,55";"1749,29";"5408877,95";"1212"
"314890505";"Pedra do Indaiá";"1212";"1533";"4107";"1,62";"1850,42";"2899309,61";"1212"
"314900205";"Pedra Dourada";"1212";"1004";"2754";"1,64";"1667,43";"2270905,76";"1212"
"314910105";"Pedralva";"1212";"3885";"10697";"1,96";"1938,44";"4035553,66";"1212"
"314915005";"Pedras de Maria da Cruz";"1212";"2188";"6560";"2,55";"1514,48";"3112426,61";"1212"
"314915010";"São Pedro das Tabocas";"1212";"1309";"3823";"2,42";"1214,99";"1108071,41";"1212"
"314920005";"Pedrinópolis";"2000";"1223";"3326";"1,81";"2786,52";"11919746,10";"2000"
"314930905";"Pedro Leopoldo";"2400";"9251";"24715";"1,76";"3687,32";"21335702,32";"2400"
"314930910";"Doutor Lund";"1500";"1995";"5691";"1,99";"2322,72";"5168484,17";"1500"
"314930915";"Fidalgo";"1212";"1032";"2642";"1,97";"1829,59";"2952250,18";"1212"
"314930917";"Lagoa de Santo Antônio";"1500";"8804";"25041";"1,91";"2081,97";"3730874,72";"1500"
"314930920";"Vera Cruz de Minas";"1212";"1546";"4322";"2,25";"1778,29";"2158509,42";"1212"
"314940805";"Pedro Teixeira";"1212";"722";"1810";"1,53";"1670,24";"3079456,13";"1212"
"314950705";"Pequeri";"1500";"1290";"3350";"2,31";"2097,36";"2616564,43";"1500"
"314960605";"Pequi";"1500";"1553";"4150";"1,87";"2409,79";"15791555,48";"1500"
"314970505";"Perdigão";"1800";"4467";"12245";"1,79";"2144,19";"2696065,92";"1800"
"314980405";"Perdizes";"2000";"5936";"16909";"2,06";"2966,54";"23099268,20";"2000"
"314990305";"Perdões";"1500";"7769";"21236";"1,65";"2487,75";"12435126,02";"1500"
"314995205";"Periquito";"1212";"1172";"3342";"2,11";"1578,56";"6817009,40";"1212"
"314995215";"Pedra Corrida";"1212";"821";"2371";"2,23";"1575,93";"2125881,08";"1212"
"314995220";"São Sebastião do Baixio";"1212";"300";"835";"2,18";"1317,14";"589676,32";"1212"
"315000005";"Pescador";"1212";"1270";"3488";"2,26";"1733,56";"3749211,78";"1212"
"315010905";"Piau";"1212";"1088";"2795";"1,73";"1961,04";"7652454,95";"1212"
"315015805";"Piedade de Caratinga";"1212";"3187";"8520";"1,69";"1743,70";"6978609,72";"1212"
"315020805";"Piedade de Ponte Nova";"1212";"1322";"3950";"2,47";"1850,93";"3583187,00";"1212"
"315030705";"Piedade do Rio Grande";"1212";"1599";"3964";"1,79";"2124,54";"10460929,73";"1212"
"315030720";"Paraíso da Piedade";"1212";"110";"285";"1,68";"2042,95";"12560515,05";"1212"
"315030725";"Santo Antônio do Porto";"1212";"133";"355";"1,65";"1713,12";"8319056,20";"1212"
"315040605";"Piedade dos Gerais";"1212";"1683";"4255";"1,66";"1783,95";"4085146,41";"1212"
"315040610";"Medeiros dos Gerais";"1284";"280";"706";"1,37";"1914,99";"4596117,97";"1284"
"315050505";"Pimenta";"1500";"3177";"8229";"1,59";"2295,66";"10154645,56";"1500"
"315050510";"Santo Hilário";"1212";"137";"329";"1,27";"1918,79";"1589521,57";"1212"
"315053905";"Pingo-d'Água";"1212";"1635";"4692";"1,91";"1514,97";"2002785,84";"1212"
"315057005";"Pintópolis";"1200";"1969";"6146";"2,35";"1338,32";"1222539,64";"1200"
"315057035";"Vila Acari";"1200";"307";"932";"2,45";"1095,79";"557551,71";"1200"
"315060405";"Piracema";"1300";"2614";"6676";"1,55";"2214,12";"12563691,29";"1300"
"315070305";"Pirajuba";"1900";"2043";"5484";"1,86";"2487,80";"6371629,68";"1900"
"315080205";"Piranga";"1212";"3948";"11243";"2,06";"1814,03";"7802259,85";"1212"
"315080210";"Pinheiros Altos";"1200";"802";"2263";"2,31";"1244,88";"838714,99";"1200"
"315080215";"Santo Antônio do Pirapetinga";"1212";"672";"2062";"3,27";"1584,22";"2715298,18";"1212"
"315080220";"Santo Antônio dos Quilombolas";"1200";"463";"1359";"1,91";"1242,68";"602623,39";"1200"
"315090105";"Piranguçu";"1215";"2202";"6011";"1,79";"2236,91";"10751377,42";"1215"
"315100805";"Piranguinho";"2000";"2051";"5732";"1,69";"3082,40";"24073148,80";"2000"
"315100810";"Olegário Maciel";"1212";"467";"1291";"1,92";"1586,92";"847880,47";"1212"
"315100820";"Santa Bárbara do Sapucaí";"1212";"699";"2078";"2,04";"1922,70";"2793541,54";"1212"
"315110705";"Pirapetinga";"1309";"3743";"9742";"1,80";"2174,81";"6770134,22";"1308.5"
"315110710";"Caiapó";"1212";"136";"345";"2,07";"1705,86";"2485877,30";"1212"
"315110720";"Valão Quente";"1251";"364";"980";"1,87";"1746,37";"802122,44";"1251"
"315120605";"Pirapora";"1260";"19076";"55163";"2,13";"2280,98";"8823334,24";"1260"
"315130505";"Piraúba";"1212";"4318";"11572";"1,79";"1965,11";"3831322,62";"1212"
"315140405";"Pitangui";"1499";"9525";"26530";"1,90";"2244,38";"7666785,98";"1499"
"315150305";"Piumhi";"1600";"13801";"35802";"1,66";"2532,38";"10156291,94";"1600"
"315160205";"Planura";"1800";"4063";"11119";"1,90";"2480,27";"8951566,75";"1800"
"315170105";"Poço Fundo";"1800";"5604";"15018";"1,56";"3066,75";"1140956655,54";"1800"
"315170110";"Paiolinho";"1200";"514";"1338";"1,25";"1778,30";"9377626,15";"1200"
"315180005";"Poços de Caldas";"2200";"63167";"163370";"1,66";"3446,96";"18785420,49";"2200"
"315190905";"Pocrane";"1212";"2086";"5300";"1,58";"3901,18";"10005832325,08";"1212"
"315190910";"Assaraí";"1212";"530";"1408";"1,39";"1510,09";"1003388,56";"1212"
"315190915";"Barra da Figueira";"1212";"649";"1626";"1,42";"1534,64";"995674,76";"1212"
"315200605";"Pompéu";"1212";"10770";"29936";"2,08";"2224,99";"11176186,65";"1212"
"315200610";"Silva Campos";"1212";"380";"969";"1,92";"2450,22";"34720030,20";"1212"
"315210505";"Ponte Nova";"1300";"20061";"53866";"1,77";"2489,37";"12329835,93";"1300"
"315210513";"Rosário do Pontal";"1212";"481";"1368";"1,99";"1464,59";"1653317,32";"1212"
"315210515";"Vau-Açu";"1212";"703";"1895";"1,77";"1612,21";"1961234,71";"1212"
"315213105";"Ponto Chique";"1212";"1272";"3742";"2,50";"1373,89";"1633947,46";"1212"
"315217005";"Ponto dos Volantes";"1212";"1938";"5557";"2,42";"1473,71";"4575813,31";"1212"
"315217020";"Santana do Araçuaí";"1212";"1812";"5316";"2,63";"1156,60";"588583,86";"1212"
"315220405";"Porteirinha";"1212";"7820";"21308";"1,74";"1778,65";"5760577,34";"1212"
"315220410";"Gorutuba";"1212";"1169";"3266";"1,93";"1250,36";"701131,66";"1212"
"315220412";"Mocambinho";"1212";"250";"646";"1,47";"1380,45";"1555395,80";"1212"
"315220414";"Paciência";"1212";"378";"967";"1,54";"1288,22";"814446,27";"1212"
"315220416";"Mulungu de Minas";"1200";"751";"2137";"1,79";"1156,11";"452245,57";"1200"
"315220422";"Serra Branca de Minas";"1212";"1373";"3733";"1,69";"1099,45";"553141,40";"1212"
"315220423";"Tanque de Porteirinha";"1212";"1104";"3038";"1,37";"1195,67";"1041091,39";"1212"
"315220425";"Tocandira";"1212";"823";"2245";"1,92";"1224,40";"664083,64";"1212"
"315230305";"Porto Firme";"1212";"3709";"10531";"2,11";"1574,06";"3629191,95";"1212"
"315240205";"Poté";"1212";"3731";"9867";"2,00";"1482,74";"2098170,63";"1212"
"315240207";"Sucanga";"1212";"652";"1913";"2,61";"1150,46";"463756,99";"1212"
"315240210";"Valão";"1200";"669";"1828";"2,09";"1254,29";"673667,49";"1200"
"315250105";"Pouso Alegre";"2000";"54630";"147454";"1,79";"3327,15";"22355088,17";"2000"
"315250110";"Sao José do Pântano";"1300";"1299";"3508";"1,72";"1924,40";"2309348,54";"1300"
"315260005";"Pouso Alto";"1300";"1821";"4796";"1,68";"2077,92";"3778604,68";"1300"
"315260010";"Santana do Capivari";"1250";"651";"1741";"1,63";"1916,32";"2491604,21";"1250"
"315270905";"Prados";"1212";"3261";"9013";"1,99";"2070,56";"5929140,21";"1212"
"315280805";"Prata";"1800";"9897";"26722";"1,74";"2690,74";"17230553,89";"1800"
"315280810";"Jardinésia";"2300";"336";"939";"2,40";"2997,96";"13172106,33";"2300"
"315280815";"Patrimônio";"2000";"204";"504";"1,71";"2535,11";"7646258,01";"2000"
"315290705";"Pratápolis";"1312";"3312";"8373";"1,62";"2300,21";"8013815,89";"1312"
"315300405";"Pratinha";"1380";"1355";"3557";"1,70";"2741,01";"21074694,82";"1380"
"315310305";"Presidente Bernardes";"1212";"1778";"4830";"1,84";"1551,97";"2432313,39";"1212"
"315320205";"Presidente Juscelino";"1212";"1315";"3465";"1,95";"1736,84";"4652661,45";"1212"
"315330105";"Presidente Kubitschek";"1212";"972";"3070";"2,81";"1562,02";"4270034,53";"1212"
"315340005";"Presidente Olegário";"1500";"5686";"14374";"1,53";"2269,30";"9226456,77";"1500"
"315340010";"Galena";"1212";"753";"1910";"1,58";"1906,22";"2587680,02";"1212"
"315340020";"Ponte Firme";"1212";"626";"1607";"1,92";"1749,39";"2019733,47";"1212"
"315340030";"Santiago de Minas";"1800";"253";"712";"2,10";"3273,61";"49660605,88";"1800"
"315350905";"Alto Jequitibá";"1212";"2816";"7187";"1,50";"1788,51";"4160375,14";"1212"
"315350925";"Padre Júlio Maria";"1200";"433";"1164";"1,43";"2721,75";"381191405,42";"1200"
"315360805";"Prudente de Morais";"1500";"3961";"11451";"2,04";"2153,33";"4070636,00";"1500"
"315370705";"Quartel Geral";"1212";"1267";"3093";"1,53";"1944,27";"6330587,39";"1212"
"315370710";"Quartel de São João";"1212";"35";"68";"1,29";"1337,53";"292728,26";"1212"
"315380605";"Queluzito";"1212";"678";"1768";"1,76";"2123,04";"6878640,42";"1212"
"315390505";"Raposos";"1700";"5592";"16265";"2,04";"2290,41";"6587076,16";"1700"
"315400205";"Raul Soares";"1212";"5993";"15587";"1,73";"2103,82";"6057820,66";"1212"
"315400210";"Bicuíba";"1212";"579";"1488";"1,58";"1546,67";"6440464,44";"1212"
"315400215";"Santana do Tabuleiro";"1200";"848";"2441";"1,67";"1584,53";"6241058,99";"1200"
"315400220";"São Sebastião do Óculo";"1212";"207";"530";"1,35";"1461,34";"1742867,47";"1212"
"315400225";"São Vicente da Estrela";"1212";"405";"1049";"1,99";"1498,67";"3021700,88";"1212"
"315400235";"Vermelho Velho";"1212";"861";"2249";"1,54";"1514,92";"3287597,93";"1212"
"315410105";"Recreio";"1600";"3249";"9222";"2,13";"2168,61";"2790870,30";"1600"
"315410110";"Angaturama";"1300";"185";"452";"1,45";"2094,77";"5316153,59";"1300"
"315410115";"Conceição da Boa Vista";"1212";"462";"1302";"2,02";"1505,67";"957985,95";"1212"
"315415005";"Reduto";"1300";"2495";"7011";"1,78";"2048,79";"7645332,46";"1300"
"315415020";"Jaguaraí";"1300";"295";"836";"1,79";"1448,06";"460505,18";"1300"
"315420005";"Resende Costa";"1212";"4007";"10517";"1,75";"2133,07";"10253197,43";"1212"
"315420010";"Jacarandira";"1212";"257";"619";"1,37";"3513,95";"92541051,22";"1212"
"315430905";"Resplendor";"1220";"4715";"12135";"1,80";"2074,20";"5368798,49";"1220"
"315430910";"Bom Pastor";"1212";"141";"380";"1,17";"1764,17";"7047169,49";"1212"
"315430915";"Calixto";"1212";"619";"1604";"1,73";"1749,27";"1989574,85";"1212"
"315430920";"Campo Alegre de Minas";"1230";"262";"670";"1,57";"1611,08";"2346287,45";"1230"
"315430925";"Independência";"1212";"573";"1626";"2,21";"1726,97";"2512138,84";"1212"
"315430930";"Nicolândia";"1212";"293";"752";"1,49";"1646,78";"2051412,66";"1212"
"315440805";"Ressaquinha";"1212";"1107";"3038";"1,85";"2858,60";"963661751,65";"1212"
"315440807";"Canjamba";"1212";"89";"267";"2,07";"1453,66";"1749387,74";"1212"
"315440830";"Simão Tamm";"1212";"159";"438";"1,65";"1374,15";"1394818,30";"1212"
"315440835";"Vargem do Amargoso";"1212";"115";"285";"1,11";"2153,44";"16060131,72";"1212"
"315440840";"Peixoto";"1212";"170";"503";"1,50";"1563,30";"5701975,10";"1212"
"315445705";"Riachinho";"1212";"2576";"6857";"1,93";"1620,17";"2616476,46";"1212"
"315450705";"Riacho dos Machados";"1212";"2357";"7479";"2,54";"1492,34";"1640881,24";"1212"
"315450710";"Bem-Querer";"1200";"404";"1275";"2,79";"1215,77";"727387,20";"1200"
"315460605";"Ribeirão das Neves";"1300";"52475";"149454";"2,05";"1912,88";"3427281,45";"1300"
"315460610";"Justinópolis";"1400";"60605";"173162";"1,98";"1920,76";"2834375,61";"1400"
"315470505";"Ribeirão Vermelho";"1500";"1470";"4080";"1,98";"2380,76";"12726935,06";"1500"
"315480405";"Rio Acima";"1500";"3646";"10231";"1,96";"2263,13";"9585096,57";"1500"
"315490305";"Rio Casca";"1212";"4055";"11031";"1,84";"2209,18";"12380178,24";"1212"
"315490310";"Jurumirim";"1212";"627";"1696";"2,00";"1452,27";"1604375,51";"1212"
"315500905";"Rio Doce";"1220";"921";"2484";"1,81";"1905,64";"6448978,51";"1220"
"315510805";"Rio do Prado";"1212";"1189";"3119";"2,01";"1491,57";"3181229,62";"1212"
"315510820";"Vila Formosa de Minas";"1200";"542";"1517";"1,86";"1086,51";"473425,32";"1200"
"315520705";"Rio Espera";"1200";"1567";"4091";"1,81";"1502,65";"1938127,09";"1200"
"315520710";"Piranguita";"1200";"262";"677";"2,11";"1228,47";"874950,73";"1200"
"315520715";"Rio Melo";"1212";"235";"620";"1,55";"1251,70";"611506,64";"1212"
"315530605";"Rio Manso";"1500";"912";"2342";"1,50";"2096,45";"4312439,89";"1500"
"315530607";"Bernardas";"1212";"471";"1180";"1,39";"1729,19";"2701875,26";"1212"
"315530610";"Souza";"1215";"793";"2040";"1,72";"1959,60";"2854670,71";"1215"
"315540505";"Rio Novo";"1212";"3115";"8361";"2,46";"2079,31";"7013861,43";"1212"
"315550405";"Rio Paranaíba";"2000";"5037";"12987";"1,64";"2713,29";"31263716,81";"2000"
"315550410";"Abaeté dos Mendes";"1500";"582";"1462";"1,49";"1964,13";"5272433,52";"1500"
"315560305";"Rio Pardo de Minas";"1212";"7808";"23577";"1,98";"1428,83";"2666708,03";"1212"
"315560325";"Serra Nova";"1212";"1450";"4590";"2,12";"1127,81";"1252342,88";"1212"
"315570205";"Rio Piracicaba";"1500";"4286";"11745";"1,82";"2311,65";"7176471,51";"1500"
"315570210";"Conceição de Piracicaba";"1250";"510";"1374";"1,88";"2020,47";"4585730,83";"1250"
"315570215";"Padre Pinto";"1212";"485";"1437";"2,35";"1611,79";"4954248,94";"1212"
"315580105";"Rio Pomba";"1212";"6769";"17263";"1,75";"2519,23";"14524344,57";"1212"
"315590005";"Rio Preto";"1212";"2034";"5105";"1,87";"2042,46";"10185793,63";"1212"
"315600705";"Rio Vermelho";"1212";"3190";"9265";"2,43";"1720,56";"6905205,47";"1212"
"315600710";"Pedra Menina";"1200";"1154";"3332";"2,56";"1327,35";"10643405,31";"1200"
"315610605";"Ritápolis";"1220";"1984";"4994";"1,61";"2009,09";"5618185,89";"1220"
"315620505";"Rochedo de Minas";"1212";"836";"2290";"1,99";"1750,27";"2544621,92";"1212"
"315630405";"Rodeiro";"1400";"3081";"8622";"1,70";"1983,23";"7105201,99";"1400"
"315640305";"Romaria";"1500";"1207";"3385";"1,83";"2174,11";"6362255,45";"1500"
"315645205";"Rosário da Limeira";"1212";"1888";"4713";"1,41";"1602,02";"1727558,26";"1212"
"315650205";"Rubelita";"1212";"1523";"4058";"1,91";"1375,44";"2513040,94";"1212"
"315650210";"Amparo do Sítio";"1200";"157";"475";"2,22";"1067,68";"314878,25";"1200"
"315650215";"Lagoa de Baixo";"1212";"440";"1145";"1,69";"1388,37";"1492971,17";"1212"
"315660105";"Rubim";"1212";"2798";"8472";"3,44";"1477,02";"3332050,76";"1212"
"315660110";"Itapiru";"1212";"597";"1789";"2,65";"1256,81";"956954,40";"1212"
"315670005";"Sabará";"1800";"16500";"46818";"2,08";"2442,43";"5417916,83";"1800"
"315670010";"Carvalho de Brito";"1500";"27015";"76195";"2,02";"2498,29";"8708621,21";"1500"
"315670015";"Mestre Caetano";"2000";"207";"589";"1,94";"2619,65";"4078811,92";"2000"
"315670020";"Ravena";"1212";"2084";"5656";"1,91";"1902,24";"3940947,82";"1212"
"315680905";"Sabinópolis";"1212";"4168";"11415";"2,00";"2075,06";"96238821,59";"1212"
"315680910";"Euxenita";"1200";"688";"1863";"2,23";"1294,88";"801908,56";"1200"
"315680915";"Quilombo";"1212";"336";"917";"2,57";"1442,96";"3728350,70";"1212"
"315690805";"Sacramento";"2000";"9027";"24626";"1,91";"3001,57";"16710948,47";"2000"
"315690810";"Desemboque";"2000";"665";"1795";"1,64";"3859,54";"45560146,88";"2000"
"315700505";"Salinas";"1212";"12583";"34150";"1,79";"1929,62";"8214539,64";"1212"
"315700510";"Ferreirópolis";"1212";"444";"1082";"1,58";"1313,81";"15279334,10";"1212"
"315700525";"Nova Matrona";"1212";"1068";"2814";"1,52";"1243,27";"1739856,07";"1212"
"315700535";"Nova Fátima de Salinas";"1212";"797";"2032";"1,59";"1178,20";"643547,39";"1212"
"315710405";"Salto da Divisa";"1212";"2106";"6105";"2,42";"1504,80";"7095684,23";"1212"
"315720305";"Santa Bárbara";"1600";"9033";"25910";"2,01";"2525,72";"17490491,45";"1600"
"315720310";"Barra Feliz";"1600";"643";"1949";"2,90";"2114,05";"2679290,66";"1600"
"315720315";"Brumal";"2000";"476";"1413";"2,09";"2641,16";"6351921,12";"2000"
"315720325";"Conceição do Rio Acima";"1212";"120";"295";"2,02";"1563,50";"2269131,31";"1212"
"315720330";"Florália";"1212";"324";"792";"2,02";"1559,62";"5960480,65";"1212"
"315725205";"Santa Bárbara do Leste";"1212";"3066";"8440";"1,60";"1797,75";"4790348,06";"1212"
"315727805";"Santa Bárbara do Monte Verde";"1212";"1070";"2730";"1,98";"1642,50";"3173586,79";"1212"
"315727820";"São Sebastião do Barreado";"1212";"139";"361";"2,45";"1922,82";"2616316,43";"1212"
"315730205";"Santa Bárbara do Tugúrio";"1212";"1270";"3397";"1,53";"1664,56";"2302229,06";"1212"
"315730210";"Bom Retiro";"1212";"295";"811";"2,00";"1399,15";"439158,09";"1212"
"315733605";"Santa Cruz de Minas";"1220";"2944";"8103";"1,89";"1784,31";"2280606,83";"1220"
"315737705";"Santa Cruz de Salinas";"1200";"867";"2331";"1,97";"1336,71";"1520831,89";"1200"
"315737710";"Água Boa de Santa Cruz";"1212";"361";"945";"1,86";"1101,31";"284697,52";"1212"
"315737725";"Santo Antônio da Itinga";"1212";"227";"626";"1,71";"1063,64";"247154,27";"1212"
"315740105";"Santa Cruz do Escalvado";"1212";"958";"2613";"1,81";"1518,80";"1715554,10";"1212"
"315740110";"São Sebastião do Soberbo";"1212";"585";"1556";"1,78";"1785,91";"8182872,15";"1212"
"315740115";"Zito Soares";"1212";"181";"504";"1,99";"1119,50";"333152,46";"1212"
"315750005";"Santa Efigênia de Minas";"1212";"1470";"4031";"2,18";"1507,19";"2800405,06";"1212"
"315760905";"Santa Fé de Minas";"1212";"1236";"3519";"2,51";"1551,55";"11763114,24";"1212"
"315765805";"Santa Helena de Minas";"1212";"1718";"5360";"4,01";"1322,62";"1701702,12";"1212"
"315765810";"Bom Jesus da Vitória";"1200";"207";"578";"1,93";"1162,46";"851624,47";"1200"
"315770805";"Santa Juliana";"2000";"5197";"15200";"2,13";"2862,17";"14540610,41";"2000"
"315770810";"Zelândia";"2000";"182";"468";"1,59";"3131,08";"34172599,83";"2000"
"315780705";"Santa Luzia";"1500";"27423";"79117";"2,03";"2408,85";"8645458,26";"1500"
"315780710";"São Benedito";"1500";"48485";"139467";"2,10";"2123,21";"6124766,16";"1500"
"315790605";"Santa Margarida";"1212";"3690";"10752";"1,79";"1727,14";"6538810,71";"1212"
"315790610";"Ribeirão de São Domingos";"1200";"1875";"5635";"1,70";"1452,89";"4799088,24";"1200"
"315800305";"Santa Maria de Itabira";"1212";"3133";"9658";"2,56";"2521,58";"344780513,73";"1212"
"315800310";"Itauninha";"1212";"302";"785";"1,64";"1433,50";"1128620,49";"1212"
"315810205";"Santa Maria do Salto";"1200";"1786";"4750";"1,94";"1323,25";"1728179,32";"1200"
"315820105";"Santa Maria do Suaçuí";"1212";"3496";"9902";"2,26";"1748,06";"5250925,77";"1212"
"315820107";"Brejo de Minas";"1212";"103";"270";"1,73";"1448,67";"1641529,49";"1212"
"315820110";"Glucínio";"1212";"543";"1354";"1,89";"1330,33";"1263731,11";"1212"
"315820120";"Poaia";"1212";"416";"1129";"2,42";"1349,37";"1018001,30";"1212"
"315830005";"Santana da Vargem";"1400";"2347";"6686";"1,66";"2170,63";"9268362,89";"1400"
"315840905";"Santana de Cataguases";"1212";"1326";"3487";"1,65";"1533,30";"1428672,85";"1212"
"315850805";"Santana de Pirapama";"1212";"2358";"6053";"1,89";"1610,18";"4517706,73";"1212"
"315850810";"Fechados";"1212";"412";"949";"1,42";"1336,74";"847228,16";"1212"
"315860705";"Santana do Deserto";"1220";"1326";"3742";"2,16";"2007,69";"5806704,64";"1220"
"315870605";"Santana do Garambéu";"1212";"779";"2135";"1,85";"1799,46";"5530412,11";"1212"
"315880505";"Santana do Jacaré";"1212";"1625";"4185";"1,64";"1753,20";"1858744,90";"1212"
"315890405";"Santana do Manhuaçu";"1212";"2533";"7158";"1,86";"1645,65";"2811732,51";"1212"
"315890410";"Santa Filomena";"1200";"627";"1816";"2,01";"1822,21";"69777114,77";"1200"
"315895305";"Santana do Paraíso";"2000";"16717";"44754";"1,59";"2607,24";"4622446,41";"2000"
"315900105";"Santana do Riacho";"1212";"994";"2627";"2,00";"1762,35";"1568685,99";"1212"
"315900110";"Serra do Cipó";"1500";"962";"2680";"2,11";"2611,62";"20886054,62";"1500"
"315910005";"Santana dos Montes";"1212";"893";"2437";"2,05";"1532,36";"1680006,99";"1212"
"315910010";"Joselândia";"1212";"411";"1026";"1,36";"1445,21";"4376393,29";"1212"
"315920905";"Santa Rita de Caldas";"1800";"2742";"6880";"1,49";"2541,45";"11420078,34";"1800"
"315920907";"Pião";"1800";"240";"567";"1,09";"2266,43";"4080920,00";"1800"
"315920910";"São Bento de Caldas";"1250";"374";"971";"1,39";"2093,30";"6098333,55";"1250"
"315930805";"Santa Rita de Jacutinga";"1212";"1783";"4448";"1,87";"2640,53";"798615360,19";"1212"
"315930810";"Itaboca";"1212";"122";"290";"1,58";"2027,83";"11618286,90";"1212"
"315935705";"Santa Rita de Minas";"1212";"2498";"6751";"1,68";"1656,46";"3625985,30";"1212"
"315940705";"Santa Rita de Ibitipoca";"1212";"829";"2350";"2,03";"2385,79";"46602595,28";"1212"
"315940710";"Bom Jesus do Vermelho";"1212";"137";"361";"1,54";"1413,73";"1177416,79";"1212"
"315940715";"Paraíso Garcia";"1200";"234";"586";"1,84";"1150,82";"70453,87";"1200"
"315950605";"Santa Rita do Itueto";"1212";"1189";"3085";"1,51";"1874,16";"6216590,19";"1212"
"315950607";"Alto Pião";"1212";"227";"612";"1,44";"1559,42";"12053009,19";"1212"
"315950610";"São José do Itueto";"1212";"787";"2129";"1,56";"1727,97";"4061663,89";"1212"
"315960505";"Santa Rita do Sapucaí";"1800";"14172";"40427";"1,95";"2992,49";"16420672,00";"1800"
"315970405";"Santa Rosa da Serra";"1212";"978";"2728";"1,89";"2119,63";"4901166,46";"1212"
"315970410";"Campo Alegre da Serra";"1212";"225";"637";"1,86";"1871,57";"11801449,13";"1212"
"315980305";"Santa Vitória";"1612";"7229";"18215";"1,52";"2610,87";"19919381,02";"1612"
"315980310";"Chaveslândia";"1600";"920";"2344";"1,81";"2214,52";"6473332,31";"1600"
"315980315";"Perdilândia";"1400";"123";"294";"1,35";"2828,94";"31415663,07";"1400"
"315990205";"Santo Antônio do Amparo";"1212";"5216";"15231";"1,98";"2793,42";"5029296441,42";"1212"
"315990230";"São Sebastião da Estrela";"1212";"773";"1982";"1,60";"1686,41";"1818188,18";"1212"
"316000905";"Santo Antônio do Aventureiro";"1212";"1001";"2619";"1,59";"1836,77";"5256299,46";"1212"
"316000910";"São Domingos";"1212";"454";"1149";"1,60";"1782,89";"3301631,28";"1212"
"316010805";"Santo Antônio do Grama";"1212";"1498";"4224";"1,93";"2060,71";"51588535,03";"1212"
"316020705";"Santo Antônio do Itambé";"1200";"1336";"3894";"2,60";"1402,27";"4298341,20";"1200"
"316030605";"Santo Antônio do Jacinto";"1200";"2863";"7904";"1,94";"1312,74";"2169987,41";"1200"
"316030610";"Catajás";"1212";"919";"2419";"1,51";"1209,66";"3369062,90";"1212"
"316040505";"Santo Antônio do Monte";"1800";"9976";"26802";"1,69";"2451,73";"9522019,52";"1800"
"316040525";"São José das Rosas";"1212";"168";"418";"1,35";"1862,32";"1030413,46";"1212"
"316045405";"Santo Antônio do Retiro";"1212";"2202";"6629";"2,11";"1265,79";"1345424,97";"1212"
"316050405";"Santo Antônio do Rio Abaixo";"1212";"651";"1808";"1,99";"2620,99";"31304598,07";"1212"
"316060305";"Santo Hipólito";"1212";"814";"1946";"1,70";"1749,01";"3369242,97";"1212"
"316060310";"Senhora da Glória";"1212";"239";"621";"2,28";"1422,51";"503212,75";"1212"
"316060320";"Valo Fundo";"1212";"54";"136";"1,80";"1603,78";"4128291,49";"1212"
"316070205";"Santos Dumont";"1407";"14801";"39356";"1,83";"2253,42";"6525713,62";"1407"
"316070210";"Conceição do Formoso";"1212";"268";"643";"1,57";"1501,41";"606726,98";"1212"
"316070215";"Dores do Paraibuna";"1200";"317";"875";"2,08";"1521,99";"2519005,89";"1200"
"316070217";"Mantiqueira";"1212";"278";"709";"1,69";"1547,59";"1246637,63";"1212"
"316070220";"São João da Serra";"1212";"266";"642";"1,84";"1570,98";"1339823,12";"1212"
"316080105";"São Bento Abade";"1212";"1593";"4703";"2,10";"1803,60";"2415593,39";"1212"
"316090005";"São Brás do Suaçuí";"1500";"1491";"3980";"1,86";"2488,89";"8429849,82";"1500"
"316095905";"São Domingos das Dores";"1212";"1944";"5619";"1,63";"1940,78";"6850718,23";"1212"
"316100705";"São Domingos do Prata";"1212";"4925";"13097";"1,86";"2206,26";"6130460,67";"1212"
"316100710";"Cônego João Pio";"1212";"343";"829";"1,69";"1564,91";"1851652,32";"1212"
"316100715";"Ilhéus do Prata";"1212";"197";"455";"1,46";"1601,43";"995995,38";"1212"
"316100720";"Juiraçu";"1212";"191";"435";"1,22";"1817,92";"10836299,18";"1212"
"316100725";"Santana do Alfié";"1212";"412";"1057";"1,55";"1735,47";"1070741,81";"1212"
"316100730";"Vargem Linda";"1212";"571";"1410";"1,88";"1572,89";"3586367,83";"1212"
"316105605";"São Félix de Minas";"1212";"1250";"3200";"1,55";"1807,59";"15301301,39";"1212"
"316110605";"São Francisco";"1212";"11517";"36581";"2,81";"1604,45";"4339043,78";"1212"
"316110612";"Lapa do Espírito Santo";"1212";"414";"1334";"2,74";"1188,56";"2776424,35";"1212"
"316110615";"Morro";"1200";"903";"3038";"3,62";"1389,74";"6885565,46";"1200"
"316110618";"Retiro";"1212";"1224";"3991";"2,85";"1202,83";"1340109,54";"1212"
"316110630";"Santa Isabel de Minas";"1212";"1069";"3384";"3,19";"1062,39";"465682,98";"1212"
"316110635";"Santana de São Francisco";"1212";"950";"3004";"3,01";"1279,64";"2264599,42";"1212"
"316110640";"Travessão de Minas";"1212";"409";"1232";"2,42";"1215,24";"649472,24";"1212"
"316120505";"São Francisco de Paula";"1212";"2288";"6187";"1,54";"1847,84";"4631993,03";"1212"
"316130405";"São Francisco de Sales";"1500";"2309";"5730";"1,57";"2120,91";"9116618,99";"1500"
"316140305";"São Francisco do Glória";"1212";"1798";"4797";"1,70";"3093,16";"2808617295,77";"1212"
"316150205";"São Geraldo";"1212";"3446";"8957";"1,76";"1870,27";"4907083,61";"1212"
"316150210";"Monte Celeste";"1212";"497";"1299";"1,88";"1408,76";"1054245,15";"1212"
"316160105";"São Geraldo da Piedade";"1212";"930";"2472";"1,71";"1480,06";"1851033,60";"1212"
"316160110";"Vinhático";"1200";"329";"822";"2,05";"1389,32";"598704,70";"1200"
"316165005";"São Geraldo do Baixio";"1212";"1146";"2825";"1,46";"1634,94";"2072105,37";"1212"
"316165015";"Conceição das Laranjeiras";"1212";"134";"315";"1,36";"1364,44";"482574,43";"1212"
"316170005";"São Gonçalo do Abaeté";"1212";"1593";"4196";"1,76";"1994,71";"5718841,66";"1212"
"316170010";"Canoeiros";"1212";"725";"2132";"2,40";"1671,61";"2517991,43";"1212"
"316170020";"Beira Rio";"1212";"373";"1012";"2,18";"2209,28";"9628424,63";"1212"
"316180905";"São Gonçalo do Pará";"1500";"4319";"11724";"1,77";"2108,77";"4640244,54";"1500"
"316190805";"São Gonçalo do Rio Abaixo";"1400";"3946";"11711";"2,13";"2169,68";"4358982,52";"1400"
"316200505";"São Gonçalo do Sapucaí";"1212";"7648";"21883";"2,12";"2174,45";"10658928,55";"1212"
"316200510";"Ferreiras";"1212";"277";"855";"2,51";"1915,72";"11332897,50";"1212"
"316200515";"Ribeiros";"1212";"433";"1176";"2,14";"1429,01";"369689,25";"1212"
"316210405";"São Gotardo";"2000";"11398";"32604";"1,92";"2874,79";"10246326,06";"2000"
"316210407";"Abaeté dos Venâncios";"2500";"236";"635";"1,73";"3228,52";"6295611,60";"2500"
"316210410";"Funchal";"1900";"117";"280";"1,52";"2191,04";"2582160,94";"1900"
"316210415";"Guarda dos Ferreiros";"2000";"2539";"7005";"2,25";"1986,66";"587561,98";"2000"
"316210420";"São José da Bela Vista";"2000";"96";"227";"1,60";"2198,81";"1543485,47";"2000"
"316220305";"São João Batista do Glória";"1500";"2805";"7607";"1,69";"2282,94";"9011274,68";"1500"
"316225205";"São João da Lagoa";"1212";"1443";"3769";"2,08";"1492,94";"5963207,77";"1212"
"316225220";"São Roberto de Minas";"1212";"405";"1042";"2,35";"1173,74";"911812,81";"1212"
"316230205";"São João da Mata";"1212";"1144";"2910";"1,47";"2122,28";"13686144,02";"1212"
"316240105";"São João da Ponte";"1212";"5162";"15733";"2,33";"1454,24";"2747882,30";"1212"
"316240110";"Condado do Norte";"1200";"502";"1491";"2,84";"1160,60";"1851834,91";"1200"
"316240120";"Olímpio Campos";"1212";"800";"2409";"2,03";"1043,19";"440614,88";"1212"
"316240125";"Santo Antônio da Boa Vista";"1200";"791";"2288";"2,42";"1133,28";"492390,03";"1200"
"316240130";"Simão Campos";"1212";"642";"1899";"2,53";"1214,69";"644238,25";"1212"
"316245005";"São João das Missões";"1212";"1307";"4287";"2,89";"1474,25";"1791624,57";"1212"
"316245010";"Rancharia e Tenda";"1200";"391";"1317";"2,69";"1154,88";"376029,19";"1200"
"316245015";"Brejo Mata Fome";"1200";"1217";"4847";"4,48";"1066,28";"325841,53";"1200"
"316245020";"Sumaré I";"1200";"681";"2557";"3,37";"1163,47";"303803,41";"1200"
"316250005";"São João del Rei";"1800";"31809";"82063";"1,66";"2921,34";"14507095,93";"1800"
"316250010";"Arcângelo";"1250";"359";"1039";"1,86";"3392,66";"45729273,64";"1250"
"316250015";"São Gonçalo do Amarante";"1200";"265";"671";"1,63";"1805,02";"3287895,18";"1200"
"316250020";"Emboabas";"2000";"231";"612";"1,92";"1993,95";"876394,16";"2000"
"316250025";"Rio das Mortes";"1212";"961";"2663";"1,72";"1865,87";"4056676,31";"1212"
"316250030";"São Sebastião da Vitória";"1212";"879";"2384";"1,70";"2525,58";"36890189,17";"1212"
"316255905";"São João do Manhuaçu";"1212";"3672";"10536";"1,74";"1497,45";"2798501,68";"1212"
"316255910";"Pontões do São João do Manhuaçu";"1212";"250";"703";"1,52";"1280,71";"544293,74";"1212"
"316257505";"São João do Manteninha";"1212";"1121";"2708";"1,48";"1833,76";"8768034,82";"1212"
"316257510";"Divino das Palmeiras";"1212";"335";"837";"1,42";"1317,96";"490715,15";"1212"
"316257515";"Vargem Grande de Minas";"1212";"663";"1735";"1,48";"1597,35";"2498603,79";"1212"
"316260905";"São João do Oriente";"1212";"2339";"5854";"1,53";"1714,14";"2690291,86";"1212"
"316260930";"Santa Maria do Baixio";"1212";"435";"1208";"1,67";"1421,19";"2361025,87";"1212"
"316265805";"São João do Pacuí";"1212";"1184";"3288";"2,24";"1252,14";"1049710,24";"1212"
"316265820";"Santa da Pedra";"1212";"254";"683";"2,19";"1264,14";"1441991,52";"1212"
"316270805";"São João do Paraíso";"1212";"5994";"18706";"2,51";"1580,97";"3882149,89";"1212"
"316270820";"Boa Sorte do Paraíso";"1212";"739";"2331";"2,13";"1246,21";"640336,03";"1212"
"316270825";"Mandacaru do Paraíso";"1212";"487";"1459";"2,27";"1206,77";"506868,24";"1212"
"316270830";"Barrinha do Paraíso";"1200";"474";"1406";"2,34";"1159,92";"368395,20";"1200"
"316280705";"São João Evangelista";"1212";"4425";"11926";"1,91";"2077,14";"23268893,72";"1212"
"316280707";"Bom Jesus da Canabrava";"1212";"353";"981";"2,24";"1560,26";"6634181,17";"1212"
"316280710";"Nelson de Sena";"1212";"446";"1205";"2,25";"1438,13";"1332639,25";"1212"
"316280715";"São Geraldo do Baguari";"1200";"395";"1065";"2,02";"1363,45";"3293211,66";"1200"
"316290605";"São João Nepomuceno";"1212";"9060";"23521";"1,86";"2143,61";"6246593,82";"1212"
"316290610";"Carlos Alves";"1212";"189";"445";"1,53";"1676,40";"1532173,76";"1212"
"316290615";"Ituí";"1212";"121";"279";"1,91";"1381,18";"748937,82";"1212"
"316290620";"Roça Grande";"1212";"258";"648";"1,76";"1444,55";"496384,45";"1212"
"316290625";"Taruaçu";"1212";"212";"537";"2,64";"1809,40";"6008665,49";"1212"
"316292205";"São Joaquim de Bicas";"1250";"10617";"31236";"2,31";"1949,02";"5635785,13";"1250"
"316294805";"São José da Barra";"1600";"2753";"7766";"1,82";"2582,09";"10976404,93";"1600"
"316295505";"São José da Lapa";"1600";"8967";"26004";"2,05";"2439,92";"124545156,88";"1600"
"316300305";"São José da Safira";"1212";"1318";"3806";"2,26";"1467,47";"2166948,27";"1212"
"316310205";"São José da Varginha";"1212";"1739";"4531";"1,86";"1897,50";"7841459,36";"1212"
"316320105";"São José do Alegre";"1212";"1510";"4128";"1,91";"2056,10";"7906689,24";"1212"
"316330005";"São José do Divino";"1212";"1296";"3464";"1,88";"1635,33";"3275911,36";"1212"
"316340905";"São José do Goiabal";"1212";"1982";"5388";"1,96";"1700,45";"2210950,05";"1212"
"316350805";"São José do Jacuri";"1212";"2211";"6194";"2,08";"1503,68";"4233346,16";"1212"
"316360705";"São José do Mantimento";"1212";"1001";"2737";"1,71";"1589,59";"1860154,12";"1212"
"316370605";"São Lourenço";"1812";"17098";"44337";"1,80";"3177,09";"152336251,84";"1812"
"316380505";"São Miguel do Anta";"1212";"2276";"6330";"1,68";"1755,83";"3426480,57";"1212"
"316390405";"São Pedro da União";"1212";"1568";"3986";"1,50";"2058,04";"4263337,72";"1212"
"316390410";"Biguatinga";"1350";"340";"869";"1,36";"2720,04";"41862651,30";"1350"
"316400105";"São Pedro dos Ferros";"1212";"2287";"6224";"2,00";"1929,29";"7194619,24";"1212"
"316400110";"Águas Férreas";"1212";"348";"910";"1,99";"1433,78";"800612,67";"1212"
"316410005";"São Pedro do Suaçuí";"1212";"1433";"3913";"2,14";"1668,01";"2473895,72";"1212"
"316410010";"Córrego Dantas do Suaçuí";"1212";"416";"1171";"2,59";"1175,28";"710288,42";"1212"
"316420905";"São Romão";"1212";"2831";"9765";"3,82";"1434,87";"2158986,20";"1212"
"316420915";"Ribanceira";"1200";"125";"527";"4,96";"995,73";"148514,54";"1200"
"316430805";"São Roque de Minas";"1731";"2309";"5952";"1,55";"3022,54";"32844590,46";"1731"
"316430810";"São José do Barreiro";"2224";"153";"371";"1,46";"2915,85";"6511046,67";"2224"
"316430815";"Serra da Canastra";"5000";"264";"736";"1,76";"7489,69";"75020650,84";"5000"
"316440705";"São Sebastião da Bela Vista";"1500";"2229";"6339";"2,02";"2327,85";"10283299,23";"1500"
"316443105";"São Sebastião da Vargem Alegre";"1400";"1177";"3112";"1,50";"2204,01";"16065816,29";"1400"
"316447205";"São Sebastião do Anta";"1212";"2274";"6180";"1,69";"1506,92";"7540640,23";"1212"
"316450605";"São Sebastião do Maranhão";"1212";"2103";"6256";"2,89";"1435,56";"2362595,26";"1212"
"316450610";"Mãe dos Homens";"1200";"606";"1822";"2,74";"1168,15";"881695,19";"1200"
"316450615";"Santo Antônio dos Araújos";"1212";"638";"1969";"2,63";"1309,43";"3842925,87";"1212"
"316460505";"São Sebastião do Oeste";"1500";"3095";"8790";"1,91";"2027,09";"3501837,43";"1500"
"316470405";"São Sebastião do Paraíso";"2000";"26085";"69737";"1,79";"2797,76";"12192539,57";"2000"
"316470410";"Guardinha";"1300";"594";"1595";"2,07";"1651,72";"1976015,25";"1300"
"316480305";"São Sebastião do Rio Preto";"1212";"474";"1259";"1,99";"1731,12";"3221084,84";"1212"
"316490205";"São Sebastião do Rio Verde";"1250";"881";"2274";"1,81";"2055,35";"7999044,43";"1250"
"316500805";"São Tiago";"1212";"3356";"9110";"1,90";"2381,27";"14997141,48";"1212"
"316500810";"Mercês de Água Limpa";"1212";"772";"2059";"1,66";"2147,69";"9436508,41";"1212"
"316510705";"São Tomás de Aquino";"1500";"2443";"6730";"1,98";"2089,17";"6017900,82";"1500"
"316520605";"São Tomé das Letras";"1212";"2490";"6046";"1,78";"2030,89";"5937120,21";"1212"
"316520610";"Sobradinho de Minas";"1212";"300";"758";"2,21";"1872,81";"3999286,08";"1212"
"316530505";"São Vicente de Minas";"1310";"2502";"6727";"2,08";"2498,27";"14749092,49";"1310"
"316540405";"Sapucaí-Mirim";"1300";"2323";"6304";"1,84";"2011,77";"6173137,15";"1300"
"316550305";"Sardoá";"1212";"1861";"5091";"1,79";"1515,60";"1381424,90";"1212"
"316553705";"Sarzedo";"2000";"12658";"36768";"1,85";"2667,33";"6721449,81";"2000"
"316555205";"Setubinha";"1212";"2029";"6662";"3,51";"1462,24";"2901915,41";"1212"
"316555220";"Palmeiras do Vale";"1212";"942";"3253";"3,92";"1244,96";"890112,14";"1212"
"316556005";"Sem-Peixe";"1212";"776";"1992";"1,76";"1618,16";"2948090,75";"1212"
"316556030";"São Bartolomeu de Sem Peixe";"1200";"186";"441";"1,38";"1379,72";"1008964,67";"1200"
"316557805";"Senador Amaral";"1500";"1232";"3651";"2,10";"2183,40";"3995834,20";"1500"
"316557815";"Ponte Segura";"1500";"859";"2543";"1,97";"1683,16";"1111505,95";"1500"
"316560205";"Senador Cortes";"1212";"686";"1900";"1,94";"1785,73";"2427374,29";"1212"
"316560220";"Pregos";"1212";"112";"329";"2,19";"1794,80";"3318743,28";"1212"
"316570105";"Senador Firmino";"1212";"2914";"7670";"1,75";"1999,29";"18954698,74";"1212"
"316580005";"Senador José Bento";"1212";"792";"2068";"1,90";"1872,06";"2354616,30";"1212"
"316590905";"Senador Modestino Gonçalves";"1212";"1501";"3996";"1,97";"1512,62";"2785153,07";"1212"
"316600605";"Senhora de Oliveira";"1212";"1655";"4365";"1,81";"1592,12";"2565574,14";"1212"
"316600610";"Santana de Piraguara";"1212";"124";"335";"1,59";"1509,96";"1505683,11";"1212"
"316600615";"Prudentes";"1212";"239";"768";"1,76";"1373,74";"2256692,23";"1212"
"316610505";"Senhora do Porto";"1212";"813";"2249";"2,45";"1623,82";"2908932,10";"1212"
"316610530";"São José do Jacaré";"1212";"301";"813";"1,90";"1555,88";"1570693,43";"1212"
"316620405";"Senhora dos Remédios";"1212";"2415";"6590";"1,93";"1669,23";"3162749,72";"1212"
"316620408";"Japão";"1212";"342";"975";"2,14";"1576,91";"2609056,36";"1212"
"316620410";"Palmital dos Carvalhos";"1212";"963";"2812";"2,15";"1453,00";"1965207,83";"1212"
"316630305";"Sericita";"1212";"2577";"7344";"1,63";"1593,93";"6795655,85";"1212"
"316640205";"Seritinga";"1212";"693";"1818";"1,76";"2072,73";"8615190,81";"1212"
"316650105";"Serra Azul de Minas";"1212";"1251";"3792";"2,76";"1442,15";"3730802,05";"1212"
"316660005";"Serra da Saudade";"1600";"337";"829";"1,59";"2127,71";"4526641,12";"1600"
"316670905";"Serra dos Aimorés";"1212";"2675";"6931";"1,99";"1668,78";"6437562,11";"1212"
"316680805";"Serra do Salitre";"1812";"3404";"9920";"1,96";"2672,20";"23648804,02";"1812"
"316680810";"Catiara";"1800";"609";"1832";"2,35";"2798,74";"31171049,35";"1800"
"316690705";"Serrania";"1300";"2743";"7593";"1,92";"1922,85";"3019010,56";"1300"
"316695605";"Serranópolis de Minas";"1212";"1526";"4398";"2,02";"1336,58";"1892844,38";"1212"
"316700405";"Serranos";"1212";"753";"1979";"1,96";"1978,95";"5335565,77";"1212"
"316710305";"Serro";"1212";"5413";"16084";"2,58";"2020,18";"49675922,30";"1212"
"316710310";"Deputado Augusto Clementino";"1212";"278";"866";"3,45";"1295,41";"762725,70";"1212"
"316710315";"Milho Verde";"1212";"542";"1598";"3,35";"1844,18";"5836820,00";"1212"
"316710320";"Pedro Lessa";"1206";"361";"1112";"3,20";"1188,10";"729324,60";"1206"
"316710325";"São Gonçalo do Rio das Pedras";"1212";"592";"1663";"2,91";"2179,02";"23155058,98";"1212"
"316710330";"Três Barras da Estrada Real";"1212";"131";"431";"4,33";"1622,36";"1376505,92";"1212"
"316720205";"Sete Lagoas";"1800";"79270";"219158";"1,85";"2902,83";"18975293,21";"1800"
"316720210";"Silva Xavier";"1500";"650";"1794";"1,90";"2319,44";"7343490,93";"1500"
"316720215";"Barreiro de Sete Lagoas";"1500";"2006";"5515";"1,85";"2040,59";"8423620,99";"1500"
"316730105";"Silveirânia";"1220";"735";"1946";"1,75";"2162,56";"5882764,05";"1220"
"316730110";"São José da Soledade";"1212";"163";"361";"1,48";"2157,31";"64643580,60";"1212"
"316740005";"Silvianópolis";"1500";"2438";"6135";"1,61";"2621,78";"17010666,63";"1500"
"316750905";"Simão Pereira";"1250";"1073";"2947";"2,16";"2575,16";"11685690,62";"1250"
"316760805";"Simonésia";"1212";"4650";"12730";"1,64";"2004,65";"17868581,10";"1212"
"316760810";"Alegria";"1212";"886";"2535";"1,69";"1441,90";"3970050,04";"1212"
"316760820";"São Simão do Rio Preto";"1212";"1480";"4398";"1,76";"1507,31";"1485352,05";"1212"
"316770705";"Sobrália";"1212";"1744";"4446";"1,62";"1686,19";"2274019,26";"1212"
"316770710";"Plautino Soares";"1212";"266";"691";"1,68";"1711,25";"4585270,94";"1212"
"316780605";"Soledade de Minas";"1300";"2121";"5608";"1,86";"2176,17";"6007046,72";"1300"
"316790505";"Tabuleiro";"1212";"1442";"3721";"1,70";"2086,20";"7213674,38";"1212"
"316790510";"Igrejinha do Acácio";"1200";"112";"293";"1,64";"1897,58";"10197385,99";"1200"
"316800205";"Taiobeiras";"1212";"10984";"30839";"1,79";"1777,25";"6625669,38";"1212"
"316800215";"Mirandópolis";"1212";"748";"2053";"1,96";"1166,88";"409636,01";"1212"
"316805105";"Taparuba";"1200";"1070";"2756";"1,40";"1606,21";"4182516,91";"1200"
"316805110";"São Sebastião de Três Barras";"1212";"244";"631";"1,61";"1367,57";"1667644,25";"1212"
"316810105";"Tapira";"1940";"1435";"4117";"1,92";"2877,06";"22864004,16";"1940"
"316820005";"Tapiraí";"1212";"353";"857";"1,81";"1926,85";"2084882,45";"1212"
"316820010";"Altolândia";"1640";"304";"832";"1,91";"2566,10";"20099549,13";"1640"
"316830905";"Taquaraçu de Minas";"1212";"1328";"3515";"2,18";"2107,19";"7970671,84";"1212"
"316830910";"Engenho";"1212";"265";"703";"2,17";"1507,60";"1717978,82";"1212"
"316840805";"Tarumirim";"1212";"2784";"7730";"2,27";"1979,21";"4449265,51";"1212"
"316840807";"Café-Mirim";"1212";"415";"1200";"2,17";"1375,47";"467787,98";"1212"
"316840810";"São Vicente do Rio Doce";"1212";"436";"1160";"1,58";"1699,22";"937842,31";"1212"
"316840812";"Taruaçu de Minas";"1212";"509";"1411";"2,22";"1733,39";"1633925,50";"1212"
"316840815";"Vai-Volta";"1400";"437";"1233";"2,34";"1751,05";"921964,47";"1400"
"316840820";"Dom Carloto";"1212";"189";"540";"2,50";"1362,28";"1686436,83";"1212"
"316840825";"Bananal de Baixo";"1200";"243";"742";"2,80";"1548,01";"1647355,92";"1200"
"316840830";"Bananal de Cima";"1212";"217";"606";"2,21";"1907,65";"18685744,31";"1212"
"316850705";"Teixeiras";"1212";"4736";"12206";"1,58";"1974,70";"5058138,86";"1212"
"316860605";"Teófilo Otoni";"1212";"45148";"123465";"2,00";"2528,27";"37735689,07";"1212"
"316860610";"Crispim Jacques";"1212";"618";"1570";"1,96";"1242,71";"1025728,43";"1212"
"316860620";"Pedro Versiani";"1212";"1121";"3031";"2,34";"1486,54";"12941922,00";"1212"
"316860625";"Topázio";"1212";"1359";"3698";"2,41";"1443,11";"1791605,14";"1212"
"316860630";"Mucuri";"1212";"1186";"3212";"2,09";"1446,28";"9185307,46";"1212"
"316860635";"Rio Pretinho";"1212";"421";"1179";"2,69";"1511,58";"2108927,20";"1212"
"316870505";"Timóteo";"2026";"27307";"73991";"1,73";"3076,08";"11443836,14";"2026"
"316870510";"Cachoeira do Vale";"1500";"2716";"7409";"1,80";"1957,66";"2238726,28";"1500"
"316880405";"Tiradentes";"1600";"2684";"7165";"1,94";"3092,62";"19255619,52";"1600"
"316880412";"Caixa D'Água da Esperança";"1500";"62";"154";"1,34";"2205,31";"2718907,29";"1500"
"316880415";"Elvas";"1500";"120";"334";"2,20";"2365,64";"5735802,73";"1500"
"316890305";"Tiros";"1822";"3074";"7776";"1,71";"2492,51";"10464193,97";"1822"
"316890310";"Canastrão";"3000";"29";"62";"1,12";"5460,97";"27869317,32";"3000"
"316900005";"Tocantins";"1218";"6154";"16106";"1,65";"2190,32";"5887118,79";"1217.5"
"316905905";"Tocos do Moji";"1240";"1470";"3824";"1,27";"1943,42";"43054239,76";"1240"
"316910905";"Toledo";"1500";"2599";"7159";"1,75";"2018,95";"3031632,48";"1500"
"316920805";"Tombos";"1212";"2758";"7077";"1,77";"2320,08";"9968606,94";"1212"
"316920807";"Água Santa de Minas";"1212";"134";"373";"2,43";"1490,42";"1125870,31";"1212"
"316920810";"Catuné";"1212";"405";"1117";"1,69";"1572,72";"2731017,52";"1212"
"316930705";"Três Corações";"1500";"26358";"74333";"2,00";"2721,17";"171852554,97";"1500"
"316935605";"Três Marias";"1355";"10105";"27067";"1,77";"2272,85";"8148607,93";"1355"
"316935610";"Andrequicé";"1212";"666";"1668";"1,90";"1686,76";"2610735,07";"1212"
"316940605";"Três Pontas";"1500";"18603";"53165";"1,97";"2552,51";"67228315,43";"1500"
"316940610";"Pontalete";"1212";"179";"472";"1,70";"1667,60";"747654,06";"1212"
"316940615";"Quilombo Nossa Senhora do Rosário";"1212";"506";"1382";"1,50";"1610,27";"5322063,71";"1212"
"316950505";"Tumiritinga";"1212";"1838";"4811";"2,04";"1601,92";"3071837,68";"1212"
"316950510";"São Geraldo de Tumiritinga";"1212";"421";"1074";"1,82";"1597,71";"1597794,38";"1212"
"316960405";"Tupaciguara";"1500";"9768";"25231";"1,72";"2348,87";"8722467,27";"1500"
"316970305";"Turmalina";"1212";"6591";"17557";"1,82";"1834,48";"5038138,77";"1212"
"316970310";"Caçaratiba";"1212";"356";"981";"2,40";"1224,88";"893012,93";"1212"
"316970320";"Campo Buriti";"1212";"467";"1320";"1,98";"1279,17";"1098804,89";"1212"
"316980205";"Turvolândia";"1300";"1798";"4888";"1,59";"2159,13";"7631566,74";"1300"
"316990105";"Ubá";"1500";"37330";"98241";"1,63";"2596,36";"168743040,90";"1500"
"316990110";"Diamante de Ubá";"1212";"671";"1865";"1,80";"1777,99";"3042484,89";"1212"
"316990112";"Miragaia";"1212";"754";"2106";"2,09";"1570,37";"891432,68";"1212"
"316990115";"Ubari";"1212";"287";"731";"1,47";"2041,35";"2680480,01";"1212"
"317000805";"Ubaí";"1212";"2623";"8420";"2,90";"1541,26";"3344193,51";"1212"
"317000810";"Bentópolis de Minas";"1200";"975";"3274";"3,60";"1081,16";"1551695,65";"1200"
"317005705";"Ubaporanga";"1212";"3638";"9933";"1,84";"1891,99";"3550058,02";"1212"
"317005735";"São José do Batatal";"1212";"527";"1534";"2,39";"1308,64";"1330522,06";"1212"
"317005740";"São Sebastião do Batatal";"1212";"501";"1532";"2,16";"1426,49";"782205,24";"1212"
"317010705";"Uberaba";"2000";"127295";"335436";"1,82";"3337,26";"40758301,43";"2000"
"317020605";"Uberlândia";"2200";"261953";"694649";"1,69";"3751,85";"54681191,81";"2200"
"317020610";"Cruzeiro dos Peixotos";"1500";"361";"902";"1,81";"2804,27";"60992377,85";"1500"
"317020615";"Martinésia";"1500";"400";"1060";"1,69";"2002,85";"3988928,17";"1500"
"317020620";"Miraporanga";"1246";"4594";"12838";"2,27";"1894,16";"3743757,90";"1246"
"317020625";"Tapuirama";"1600";"658";"1507";"1,91";"2459,18";"8815999,83";"1600"
"317030505";"Umburatiba";"1212";"728";"1884";"1,86";"5251,20";"8998056156,98";"1212"
"317030525";"São Pedro do Pampã";"1212";"312";"797";"1,61";"1285,51";"400392,32";"1212"
"317040405";"Unaí";"2000";"28135";"76714";"1,84";"3049,85";"16536000,69";"2000"
"317040415";"Garapuava";"1212";"696";"1955";"2,30";"2067,80";"7783744,13";"1212"
"317040417";"Pedras de Marilândia";"2000";"273";"666";"1,45";"2626,61";"10826417,94";"2000"
"317040418";"Palmeirinha";"1300";"515";"1294";"1,71";"2763,73";"42282496,14";"1300"
"317040419";"Ruralminas";"1500";"1147";"3088";"1,88";"2462,91";"9052555,82";"1500"
"317040420";"Santo Antônio do Boqueirão";"2000";"497";"1192";"1,42";"3073,71";"21359022,26";"2000"
"317040435";"Boa Vista de Santa Maria";"1212";"244";"604";"1,72";"2498,12";"15655893,98";"1212"
"317043805";"União de Minas";"1750";"1509";"3822";"1,63";"2664,73";"30972644,45";"1750"
"317047905";"Uruana de Minas";"1212";"1134";"2939";"1,69";"2313,58";"229943142,12";"1212"
"317047910";"Cercado";"1212";"132";"342";"1,69";"2394,64";"7723284,62";"1212"
"317050305";"Urucânia";"1400";"2770";"8164";"1,96";"2028,10";"4887774,64";"1400"
"317050310";"Bom Jesus de Cardosos";"1212";"796";"2409";"2,27";"1573,04";"1001427,40";"1212"
"317052905";"Urucuia";"1212";"2939";"11916";"5,56";"1600,87";"2669154,61";"1212"
"317052920";"Santa Cruz de Urucuia";"1212";"263";"1138";"6,63";"1348,19";"1057019,31";"1212"
"317052925";"Bonito de Urucuia";"1212";"280";"1285";"3,98";"1074,57";"387329,59";"1212"
"317052930";"Vereda Grande";"1212";"691";"3125";"5,26";"1184,28";"620483,49";"1212"
"317057805";"Vargem Alegre";"1212";"2207";"5777";"1,56";"1495,79";"1686612,49";"1212"
"317060205";"Vargem Bonita";"1500";"876";"2157";"1,64";"2267,71";"7804789,78";"1500"
"317065105";"Vargem Grande do Rio Pardo";"1212";"1419";"4631";"2,47";"1405,96";"1732845,03";"1212"
"317070105";"Varginha";"2000";"49483";"136044";"1,80";"3295,64";"19008693,53";"2000"
"317075005";"Varjão de Minas";"1800";"2478";"6956";"1,96";"2274,56";"6881727,28";"1800"
"317080005";"Várzea da Palma";"1212";"11891";"30464";"1,78";"1791,22";"6723539,06";"1212"
"317080010";"Guaicuí";"1212";"1097";"3016";"2,13";"1504,71";"891257,50";"1212"
"317090905";"Varzelândia";"1212";"4468";"13066";"2,30";"1454,03";"2783773,62";"1212"
"317090912";"Brejo do Mutambal";"1212";"611";"1875";"2,98";"1103,52";"581518,95";"1212"
"317090915";"Campo Redondo";"1212";"1216";"3891";"3,00";"1110,44";"628897,64";"1212"
"317100605";"Vazante";"2000";"6953";"18403";"1,68";"2842,88";"10483340,99";"2000"
"317100610";"Claro de Minas";"1500";"595";"1510";"1,73";"2739,72";"15487926,62";"1500"
"317103005";"Verdelândia";"1212";"2516";"7646";"2,60";"1345,59";"1089761,09";"1212"
"317107105";"Veredinha";"1212";"1400";"3735";"1,97";"1450,02";"1706447,34";"1212"
"317107115";"Mendonça";"1212";"509";"1418";"1,80";"1271,01";"1011623,33";"1212"
"317110505";"Veríssimo";"1500";"1376";"3364";"1,82";"2267,85";"9070974,91";"1500"
"317115405";"Vermelho Novo";"1212";"1798";"4895";"1,52";"1489,71";"2246556,61";"1212"
"317120405";"Vespasiano";"1600";"45983";"128985";"1,99";"2336,66";"10305771,51";"1600"
"317130305";"Viçosa";"1800";"23862";"62170";"1,69";"3280,27";"19916739,37";"1800"
"317130310";"Silvestre";"2300";"3466";"8984";"1,46";"3836,89";"23633516,24";"2300"
"317130315";"Cachoeira de Santa Cruz";"1212";"616";"1738";"1,91";"1722,45";"2331838,80";"1212"
"317130325";"São José do Triunfo";"1212";"1111";"3225";"1,97";"1903,14";"3103064,77";"1212"
"317140205";"Vieiras";"1212";"1133";"2917";"1,60";"1823,71";"5677688,64";"1212"
"317140210";"Santo Antônio do Glória";"1212";"285";"772";"2,17";"1741,36";"3569024,58";"1212"
"317150105";"Mathias Lobato";"1212";"1097";"3031";"2,08";"1605,42";"2976732,39";"1212"
"317160005";"Virgem da Lapa";"1212";"3938";"10701";"2,07";"1508,08";"2101487,26";"1212"
"317160020";"São João do Vacaria";"1212";"385";"1052";"2,51";"1261,49";"1375811,02";"1212"
"317170905";"Virgínia";"1212";"3297";"8852";"1,71";"1680,28";"7150441,25";"1212"
"317180805";"Virginópolis";"1212";"3742";"10292";"1,96";"1901,66";"5262002,84";"1212"
"317190705";"Virgolândia";"1212";"1561";"4007";"1,76";"1536,90";"2290488,19";"1212"
"317190710";"Divino de Virgolândia";"1212";"224";"525";"1,71";"1389,67";"855883,24";"1212"
"317200405";"Visconde do Rio Branco";"1214";"14770";"39101";"1,73";"2193,98";"7707549,76";"1214"
"317210305";"Volta Grande";"1212";"1503";"3990";"1,97";"2018,21";"5411043,85";"1212"
"317210310";"Trimonte";"1212";"169";"450";"2,18";"1433,70";"3019987,39";"1212"
"317220205";"Wenceslau Braz";"1500";"652";"1794";"1,74";"2067,62";"3522783,60";"1500"
"317220210";"Itererê";"1212";"215";"548";"1,44";"1920,69";"3770411,57";"1212"
"320010205";"Afonso Cláudio";"1212";"6554";"16801";"1,61";"2198,29";"16019031,46";"1212"
"320010213";"Fazenda Guandu";"1212";"703";"1954";"1,49";"1755,06";"1977697,59";"1212"
"320010215";"Ibicaba";"1214";"320";"910";"1,39";"1663,88";"1509914,03";"1214"
"320010228";"Mata Fria";"1212";"566";"1650";"1,73";"1529,06";"1590231,86";"1212"
"320010230";"Piracema";"1212";"913";"2615";"2,09";"1629,68";"2086417,95";"1212"
"320010235";"Pontões";"1212";"647";"1813";"1,80";"1554,93";"987873,42";"1212"
"320010237";"São Francisco Xavier do Guandu";"1212";"255";"685";"1,37";"1602,38";"3110519,48";"1212"
"320010239";"São Luís de Boa Sorte";"1212";"657";"1807";"1,48";"2103,79";"11291746,39";"1212"
"320010240";"Serra Pelada";"2000";"881";"2369";"1,45";"2356,79";"3397336,23";"2000"
"320013605";"Águia Branca";"1212";"3291";"8743";"1,58";"2254,12";"29780301,45";"1212"
"320013610";"Águas Claras";"1212";"358";"965";"1,76";"1728,83";"3150219,52";"1212"
"320016905";"Água Doce do Norte";"1212";"1990";"5235";"1,58";"2022,45";"6254324,19";"1212"
"320016910";"Governador Lacerda de Aguiar";"1212";"1115";"2916";"1,79";"1799,36";"4864353,44";"1212"
"320016915";"Santa Luzia do Azul";"1400";"351";"891";"1,76";"1734,65";"1401469,38";"1400"
"320016920";"Santo Agostinho";"1212";"647";"1728";"1,72";"1734,62";"2739500,19";"1212"
"320016930";"Vila Nelita";"1212";"492";"1262";"1,64";"1562,02";"1788959,50";"1212"
"320020105";"Alegre";"1500";"7309";"18714";"1,69";"2700,57";"11298281,20";"1500"
"320020110";"Anutiba";"1212";"570";"1412";"1,71";"1731,53";"2915455,63";"1212"
"320020115";"Araraí";"1212";"314";"862";"1,76";"1598,54";"1304993,72";"1212"
"320020120";"Café";"1212";"636";"1646";"1,58";"1641,89";"6128081,69";"1212"
"320020125";"Celina";"1212";"1039";"2640";"1,51";"1870,35";"2659835,95";"1212"
"320020135";"Rive";"1212";"1102";"2819";"1,60";"2141,08";"4699543,83";"1212"
"320020140";"Santa Angélica";"1212";"202";"557";"1,83";"1548,80";"1157579,72";"1212"
"320020145";"São João do Norte";"1212";"192";"478";"1,35";"1815,54";"3228742,36";"1212"
"320030005";"Alfredo Chaves";"1800";"3004";"7988";"1,63";"2613,94";"8090276,69";"1800"
"320030010";"Crubixá";"1212";"376";"956";"1,01";"2232,02";"6337461,58";"1212"
"320030015";"Ibitiruí";"1212";"242";"611";"1,39";"2055,81";"4132757,03";"1212"
"320030020";"Matilde";"1212";"363";"1044";"2,16";"2053,45";"3405917,27";"1212"
"320030025";"Ribeirão do Cristo";"1500";"540";"1409";"1,45";"2100,12";"7073691,53";"1500"
"320030030";"Sagrada Família";"1212";"253";"626";"1,17";"1695,33";"2670918,28";"1212"
"320030035";"Urânia";"2000";"418";"1176";"1,58";"2335,63";"1571560,50";"2000"
"320035905";"Alto Rio Novo";"1212";"2003";"5131";"1,56";"1999,88";"6088141,02";"1212"
"320035915";"Monte Carmelo do Rio Novo";"1212";"412";"1103";"1,58";"1491,83";"1813028,52";"1212"
"320035920";"Palmerino";"1212";"450";"1194";"1,54";"1558,51";"2013782,41";"1212"
"320040905";"Anchieta";"1812";"9461";"25641";"1,88";"2573,95";"7017295,38";"1812"
"320040910";"Alto Pongal";"1212";"808";"2208";"1,83";"1876,46";"2560066,54";"1212"
"320040915";"Jabaquara";"1500";"767";"2091";"1,80";"2149,33";"8088109,85";"1500"
"320050805";"Apiacá";"1212";"1928";"4926";"1,61";"2020,65";"5298751,35";"1212"
"320050807";"Bonsucesso";"1212";"294";"804";"1,43";"1310,37";"1188614,47";"1212"
"320050810";"José Carlos";"1212";"524";"1493";"1,89";"1627,25";"3398387,03";"1212"
"320060705";"Aracruz";"2000";"20103";"57494";"1,91";"3021,27";"18405951,65";"2000"
"320060710";"Guaraná";"1500";"1954";"5382";"1,86";"2260,93";"9286171,03";"1500"
"320060712";"Jacupemba";"1500";"2840";"8288";"1,81";"2501,66";"13680068,94";"1500"
"320060715";"Riacho";"1300";"1844";"5679";"2,40";"1783,91";"1817736,16";"1300"
"320060720";"Santa Cruz";"2000";"6024";"17566";"2,14";"3018,46";"12982093,93";"2000"
"320070605";"Atílio Vivácqua";"1235";"3844";"10522";"1,82";"1871,89";"5122258,45";"1235"
"320080505";"Baixo Guandu";"1300";"9438";"25303";"1,71";"2141,11";"4803183,74";"1300"
"320080510";"Alto Mutum Preto";"1212";"575";"1634";"1,81";"1856,67";"3124254,46";"1212"
"320080515";"Ibituba";"1212";"631";"1698";"1,67";"1571,26";"4243396,27";"1212"
"320080520";"Quilômetro 14 do Mutum";"1212";"370";"897";"1,32";"1834,36";"1583834,32";"1212"
"320080525";"Vila Nova de Bananal";"1200";"390";"1076";"1,82";"1695,05";"1386528,98";"1200"
"320090405";"Barra de São Francisco";"1450";"10471";"27229";"1,70";"2602,04";"414506008,10";"1450"
"320090415";"Cachoeirinha de Itaúna";"1212";"370";"945";"1,18";"1463,28";"1750763,42";"1212"
"320090425";"Itaperuna";"1212";"271";"724";"1,39";"1997,57";"4390844,36";"1212"
"320090427";"Monte Senir";"1212";"496";"1285";"1,51";"2085,35";"6715540,32";"1212"
"320090430";"Monte Sinai";"1212";"1109";"3013";"1,78";"1665,72";"2042090,52";"1212"
"320090435";"Paulista";"1212";"2026";"5521";"1,57";"1781,50";"3629245,73";"1212"
"320090440";"Poranga";"1212";"216";"608";"1,42";"1790,16";"4512436,82";"1212"
"320090450";"Santo Antônio";"1212";"362";"964";"1,60";"1820,33";"5202578,06";"1212"
"320090456";"Vargem Alegre";"1212";"728";"1923";"1,53";"1667,14";"2123561,97";"1212"
"320100105";"Boa Esperança";"1212";"3634";"9570";"1,83";"2074,08";"9654755,98";"1212"
"320100140";"Santo Antônio do Pousalegre";"1212";"761";"2214";"2,07";"1773,21";"10151184,19";"1212"
"320100145";"São José do Sobradinho";"1212";"644";"1784";"1,72";"2128,79";"23839979,83";"1212"
"320110005";"Bom Jesus do Norte";"1212";"4013";"10208";"1,74";"2198,49";"347118395,21";"1212"
"320115905";"Brejetuba";"1212";"3430";"9911";"1,84";"1954,29";"4476918,50";"1212"
"320115918";"Santa Rita de Brejetuba";"1200";"406";"1141";"1,70";"1440,88";"1791693,07";"1200"
"320115920";"São Jorge de Oliveira";"1212";"699";"1925";"1,58";"1482,56";"1070588,38";"1212"
"320120905";"Cachoeiro de Itapemirim";"1800";"62140";"160413";"1,73";"2645,07";"10679055,69";"1800"
"320120910";"Burarama";"1212";"605";"1710";"1,80";"1735,65";"2543981,91";"1212"
"320120915";"Conduru";"1560";"1015";"2766";"1,59";"1922,42";"1712001,49";"1560"
"320120916";"Córrego dos Monos";"2500";"1003";"2315";"1,42";"2525,34";"1438348,93";"2500"
"320120917";"Coutinho";"1200";"404";"1146";"1,94";"1842,09";"2755489,97";"1200"
"320120918";"Gironda";"2000";"633";"1780";"1,86";"2246,44";"1695489,54";"2000"
"320120919";"Gruta";"1550";"251";"698";"1,99";"2418,99";"12327231,13";"1550"
"320120920";"Itaoca";"1300";"1804";"5155";"1,93";"1918,48";"2437919,10";"1300"
"320120930";"Pacotuba";"1250";"872";"2307";"1,87";"1734,73";"1152075,10";"1250"
"320120936";"São Vicente";"1212";"611";"1578";"1,65";"1980,12";"3658083,28";"1212"
"320120940";"Vargem Grande do Soturno";"1600";"1641";"4584";"1,64";"2194,63";"9069052,37";"1600"
"320130805";"Cariacica";"1300";"47458";"132265";"2,10";"1832,34";"2533079,85";"1300"
"320130810";"Itaquari";"1520";"82633";"219637";"1,87";"2436,97";"899455985,48";"1520"
"320140705";"Castelo";"2000";"11777";"30082";"1,55";"2621,18";"9095822,57";"2000"
"320140715";"Estrela do Norte";"1212";"740";"2096";"1,81";"2068,74";"7176573,85";"1212"
"320140723";"Limoeiro";"1500";"988";"2767";"1,56";"2381,36";"8032039,20";"1500"
"320140725";"Monte Pio";"1212";"269";"699";"1,42";"1935,34";"4074184,92";"1212"
"320140730";"Patrimônio do Ouro";"1212";"455";"1236";"1,60";"1962,92";"3691681,17";"1212"
"320150605";"Colatina";"1800";"43166";"111498";"1,63";"2689,76";"12157320,40";"1800"
"320150610";"Ângelo Frechiani";"1212";"393";"1084";"1,58";"2262,66";"39314188,13";"1212"
"320150615";"Baunilha";"1300";"514";"1427";"1,92";"2014,61";"3046907,29";"1300"
"320150620";"Boapaba";"1212";"603";"1670";"1,49";"1630,59";"1225582,99";"1212"
"320150630";"Graça Aranha";"1212";"449";"1164";"1,30";"1716,64";"1302892,45";"1212"
"320150635";"Itapina";"1212";"779";"1983";"1,42";"1718,25";"2412138,90";"1212"
"320160505";"Conceição da Barra";"1224";"4798";"13544";"2,11";"2401,11";"93941773,96";"1224"
"320160507";"Braço do Rio";"1212";"3581";"10208";"2,14";"1691,21";"2959356,52";"1212"
"320160508";"Cricaré";"1212";"368";"1015";"2,15";"1793,02";"6195296,01";"1212"
"320160510";"Itaúnas";"1212";"797";"2320";"2,20";"1780,81";"1884700,88";"1212"
"320170405";"Conceição do Castelo";"1500";"4466";"11932";"1,79";"2161,49";"3837572,51";"1500"
"320180305";"Divino de São Lourenço";"1212";"1902";"5076";"1,77";"1825,16";"3722864,40";"1212"
"320190205";"Domingos Martins";"2000";"3973";"10252";"1,47";"3185,73";"14894177,68";"2000"
"320190210";"Aracê";"1500";"3202";"8726";"1,58";"2210,69";"7340930,50";"1500"
"320190213";"Biriricas";"1212";"260";"667";"1,62";"2019,33";"3544709,08";"1212"
"320190220";"Isabel";"2000";"708";"1829";"1,44";"2751,73";"6451686,96";"2000"
"320190230";"Melgaço";"1600";"1733";"4877";"1,62";"1913,28";"2255938,88";"1600"
"320190235";"Paraju";"1300";"3270";"9053";"1,62";"1943,29";"2743404,72";"1300"
"320200905";"Dores do Rio Preto";"1212";"1409";"3674";"1,56";"2009,14";"5819483,98";"1212"
"320200910";"Mundo Novo";"1212";"372";"977";"1,60";"1456,37";"1567191,81";"1212"
"320200915";"São Raimundo da Pedra Menina";"1212";"703";"1936";"1,55";"1792,05";"3732580,46";"1212"
"320210805";"Ecoporanga";"1212";"5727";"14530";"1,57";"1968,96";"5297381,41";"1212"
"320210810";"Cotaxé";"1200";"504";"1232";"1,26";"1650,90";"3017533,62";"1200"
"320210815";"Imburana";"1212";"399";"1014";"1,54";"1666,24";"3032249,42";"1212"
"320210820";"Joaçuba";"1212";"675";"1757";"1,68";"1731,69";"3181780,24";"1212"
"320210822";"Muritiba";"1212";"235";"576";"1,53";"1403,58";"2194685,13";"1212"
"320210823";"Prata dos Baianos";"1212";"449";"1171";"1,69";"1376,48";"2768242,71";"1212"
"320210830";"Santa Luzia do Norte";"1250";"231";"624";"2,06";"1680,86";"3786243,80";"1250"
"320210840";"Santa Terezinha";"1212";"390";"1004";"1,44";"1922,57";"13418764,06";"1212"
"320220705";"Fundão";"1400";"3263";"8737";"1,82";"2247,51";"7822917,09";"1400"
"320220710";"Irundi";"1212";"180";"476";"1,56";"1721,04";"1279773,22";"1212"
"320220713";"Praia Grande";"2000";"2421";"6450";"1,95";"2710,44";"7828642,03";"2000"
"320220715";"Timbuí";"1300";"848";"2282";"1,78";"2037,31";"11069244,88";"1300"
"320225605";"Governador Lindenberg";"1800";"1666";"4513";"1,57";"2679,23";"8836778,29";"1800"
"320225610";"Moacyr Ávidos";"1500";"907";"2641";"1,73";"2431,95";"19921303,39";"1500"
"320225613";"Morello";"2000";"561";"1565";"1,78";"3019,80";"18658364,85";"2000"
"320225615";"Novo Brasil";"1500";"849";"2290";"1,65";"2482,80";"11626815,84";"1500"
"320230605";"Guaçuí";"1220";"9138";"24181";"1,85";"2345,44";"10737966,95";"1220"
"320230608";"São Miguel do Caparaó";"1200";"564";"1634";"1,77";"1420,53";"3952892,73";"1200"
"320230610";"São Pedro de Rates";"1212";"545";"1485";"1,90";"1449,28";"1015837,29";"1212"
"320230615";"São Tiago";"1212";"705";"1964";"1,74";"1942,83";"13964815,72";"1212"
"320240505";"Guarapari";"1800";"45836";"121374";"1,94";"2863,92";"21847970,38";"1800"
"320240510";"Rio Calçado";"1300";"400";"1017";"1,81";"1862,50";"1949263,71";"1300"
"320240515";"Todos os Santos";"1212";"495";"1256";"1,36";"2014,83";"2894075,91";"1212"
"320245405";"Ibatiba";"1212";"9296";"25369";"1,56";"1915,54";"6445321,60";"1212"
"320250405";"Ibiraçu";"1600";"3757";"10355";"1,74";"2414,43";"5695507,98";"1600"
"320250420";"Pendanga";"1300";"489";"1358";"1,65";"2092,09";"2990647,54";"1300"
"320255305";"Ibitirama";"1200";"2048";"5746";"1,70";"1828,27";"16968289,97";"1200"
"320255310";"Santa Marta";"1212";"1341";"3766";"1,53";"1535,44";"2102566,22";"1212"
"320260305";"Iconha";"1500";"3973";"10491";"1,44";"2245,52";"4010075,30";"1500"
"320260310";"Duas Barras";"1500";"667";"1825";"1,54";"2031,53";"1968127,06";"1500"
"320265205";"Irupi";"1212";"4273";"11652";"1,58";"2108,49";"9904356,74";"1212"
"320265220";"Santa Cruz de Irupi";"1214";"752";"2000";"1,73";"1706,19";"2866626,55";"1214"
"320270205";"Itaguaçu";"1300";"3700";"9499";"1,51";"2097,30";"5740038,28";"1300"
"320270210";"Itaçu";"1212";"660";"1713";"1,50";"1528,71";"936851,67";"1212"
"320270215";"Itaimbé";"1212";"514";"1326";"1,59";"1615,37";"1631744,03";"1212"
"320270225";"Palmeira";"1212";"389";"1043";"1,80";"1906,45";"18410114,66";"1212"
"320280105";"Itapemirim";"1212";"4840";"13861";"2,13";"1874,55";"5575804,97";"1212"
"320280109";"Itaipava";"1312";"6116";"16963";"1,76";"2220,52";"13225506,09";"1312"
"320280110";"Itapecoá";"1212";"333";"930";"1,77";"1963,10";"1935358,60";"1212"
"320280114";"Piabanha do Norte";"1212";"1445";"4225";"1,98";"1509,73";"1087686,61";"1212"
"320280115";"Rio Muqui";"1212";"1302";"3801";"2,02";"1879,28";"3326527,68";"1212"
"320290005";"Itarana";"1500";"3913";"10586";"1,61";"2255,06";"18742789,58";"1500"
"320300705";"Iúna";"1216";"7030";"18307";"1,67";"2152,29";"6905097,90";"1216"
"320300720";"Pequiá";"1212";"1342";"3672";"1,61";"1777,99";"5206648,42";"1212"
"320300723";"Nossa Senhora das Graças";"1212";"988";"2700";"1,43";"1781,19";"2833924,92";"1212"
"320300725";"Santíssima Trindade";"1212";"811";"2424";"1,69";"1868,77";"14908605,57";"1212"
"320300730";"São João do Príncipe";"1212";"545";"1459";"1,47";"1755,03";"7859461,05";"1212"
"320305605";"Jaguaré";"1300";"7370";"20637";"1,83";"2274,44";"8364432,79";"1300"
"320305610";"Barra Seca";"1212";"2035";"5815";"1,92";"1947,76";"9771033,23";"1212"
"320305620";"Nossa Senhora de Fátima";"1212";"846";"2461";"1,86";"1994,24";"4088673,78";"1212"
"320310605";"Jerônimo Monteiro";"1212";"4367";"11548";"1,78";"2192,68";"12685805,77";"1212"
"320313005";"João Neiva";"2000";"4527";"12389";"1,59";"2793,61";"9776527,71";"2000"
"320313010";"Acioli";"2000";"631";"1676";"1,50";"2639,09";"6411622,11";"2000"
"320316305";"Laranja da Terra";"1220";"1112";"2831";"1,42";"2060,56";"5478959,16";"1220"
"320316315";"Joatuba";"1212";"996";"2795";"1,59";"1793,52";"3945090,88";"1212"
"320316320";"São Luiz de Miranda";"1212";"314";"844";"1,22";"1617,96";"1654874,87";"1212"
"320316325";"Sobreiro";"1212";"1256";"3255";"1,43";"1496,22";"2118809,67";"1212"
"320316330";"Vila de Laranja da Terra";"1212";"532";"1367";"1,39";"1931,42";"2817324,46";"1212"
"320320505";"Linhares";"2000";"46202";"129000";"1,90";"2838,42";"12268435,64";"2000"
"320320507";"Bebedouro";"1400";"3523";"10205";"2,11";"1929,15";"2646617,50";"1400"
"320320510";"Desengano";"1300";"234";"608";"1,64";"1821,19";"1943300,06";"1300"
"320320512";"Farias";"1300";"1483";"4237";"1,99";"1893,51";"3173822,56";"1300"
"320320513";"Pontal do Ipiranga";"1900";"648";"1809";"2,49";"2073,19";"1823235,92";"1900"
"320320514";"Povoação";"1300";"1142";"3265";"2,67";"1725,06";"4223170,42";"1300"
"320320515";"Regência";"1500";"603";"1749";"2,09";"1996,24";"4738324,74";"1500"
"320320523";"Rio Quartel";"1800";"1809";"5329";"1,88";"2459,63";"9046931,10";"1800"
"320320525";"São Rafael";"1300";"3014";"8641";"1,85";"1961,33";"4082267,34";"1300"
"320330405";"Mantenópolis";"1212";"2840";"7033";"1,59";"2797,84";"1955333220,23";"1212"
"320330410";"Santa Luzia de Mantenópolis";"1212";"704";"1915";"1,72";"1446,28";"1380390,95";"1212"
"320330415";"São Geraldo";"1200";"452";"1161";"1,55";"1370,90";"1271473,32";"1200"
"320330425";"São José de Mantenópolis";"1200";"992";"2586";"1,60";"1377,19";"1459883,87";"1200"
"320332005";"Marataízes";"1214";"10536";"29484";"1,83";"2263,87";"7748912,78";"1214"
"320332010";"Barra do Itapemirim";"1300";"4430";"12339";"2,06";"2278,69";"6272442,44";"1300"
"320334605";"Marechal Floriano";"1600";"4824";"12652";"1,64";"2397,39";"15006187,28";"1600"
"320334610";"Araguaia";"1500";"931";"2609";"1,80";"2331,37";"7269516,28";"1500"
"320334625";"Santa Maria de Marechal";"1500";"852";"2347";"1,72";"2174,85";"7797865,32";"1500"
"320335305";"Marilândia";"1500";"3863";"10120";"1,48";"2275,78";"8039307,56";"1500"
"320335310";"Sapucaia";"2000";"846";"2266";"1,53";"2281,67";"14408148,05";"2000"
"320340305";"Mimoso do Sul";"1300";"5850";"14985";"1,63";"2221,87";"12359939,35";"1300"
"320340310";"Conceição do Muqui";"1212";"1295";"3566";"1,39";"1655,27";"2510557,05";"1212"
"320340315";"Dona América";"1207";"198";"491";"1,32";"1254,59";"331143,95";"1207"
"320340320";"Ponte de Itabapoana";"1212";"432";"1104";"1,89";"1626,43";"1270090,52";"1212"
"320340325";"Santo Antônio do Muqui";"1212";"553";"1435";"1,57";"1398,71";"1799062,44";"1212"
"320340330";"São José das Torres";"1212";"757";"1903";"1,49";"1573,27";"1084891,68";"1212"
"320340335";"São Pedro de Itabapoana";"1212";"350";"899";"1,50";"1624,02";"1689337,79";"1212"
"320350205";"Montanha";"1212";"5282";"14221";"1,90";"2188,70";"96225727,70";"1212"
"320350210";"Vinhático";"1212";"1735";"4648";"1,80";"1665,00";"5418186,35";"1212"
"320360105";"Mucurici";"1212";"1391";"3663";"1,90";"1865,20";"4941445,35";"1212"
"320360110";"Itabaiana";"1212";"728";"1803";"1,83";"1672,48";"18406933,54";"1212"
"320370005";"Muniz Freire";"1500";"3068";"8021";"1,62";"2307,72";"7819969,39";"1500"
"320370008";"Alto Norte";"1212";"669";"1879";"1,85";"1369,06";"911042,85";"1212"
"320370010";"Itaici";"1200";"288";"814";"1,61";"1536,93";"2435991,39";"1200"
"320370015";"Menino Jesus";"1212";"568";"1572";"1,68";"1621,19";"2953876,86";"1212"
"320370020";"Piaçu";"1212";"1506";"4107";"1,64";"1722,04";"2381126,98";"1212"
"320370023";"São Pedro";"1200";"288";"772";"1,67";"1790,94";"10521194,19";"1200"
"320370025";"Vieira Machado";"1200";"325";"975";"1,97";"1708,77";"2125366,02";"1200"
"320380905";"Muqui";"1300";"4387";"11886";"1,83";"2134,75";"5686103,95";"1300"
"320380910";"Camará";"1500";"663";"1816";"1,58";"1892,02";"1824986,15";"1500"
"320390805";"Nova Venécia";"1500";"14827";"38971";"1,64";"2488,56";"10521534,36";"1500"
"320390815";"Guararema";"1212";"2375";"6196";"1,45";"1969,71";"9110454,53";"1212"
"320390830";"Santo Antônio do Quinze";"1212";"1387";"3777";"1,59";"2059,07";"12744798,63";"1212"
"320400505";"Pancas";"1212";"3782";"9915";"1,63";"1956,45";"6664932,59";"1212"
"320400515";"Lajinha";"1212";"2630";"7109";"1,51";"1819,38";"4501622,34";"1212"
"320400525";"Vila Verde";"1212";"728";"1848";"1,55";"1784,76";"2053051,34";"1212"
"320405405";"Pedro Canário";"1212";"6596";"18212";"1,95";"1924,98";"5145155,23";"1212"
"320405415";"Cristal do Norte";"1212";"1205";"3289";"2,02";"1476,55";"10952553,47";"1212"
"320410405";"Pinheiros";"1212";"7455";"20725";"1,98";"2197,76";"156064588,07";"1212"
"320410410";"São João do Sobrado";"1240";"1082";"3059";"1,83";"1395,73";"966406,65";"1240"
"320420305";"Piúma";"1500";"8157";"21368";"1,90";"2302,95";"7003433,39";"1500"
"320420310";"Aghá";"1250";"343";"869";"1,76";"2258,13";"6457153,66";"1250"
"320425205";"Ponto Belo";"1212";"1931";"5062";"1,94";"1650,19";"4043605,80";"1212"
"320425215";"Itamira";"1200";"555";"1412";"1,95";"1290,09";"1614475,43";"1200"
"320430205";"Presidente Kennedy";"1212";"5114";"13647";"1,83";"1860,09";"5477249,35";"1212"
"320435105";"Rio Bananal";"1500";"4754";"13046";"1,63";"2263,79";"25060069,64";"1500"
"320435140";"São Francisco";"1212";"804";"2318";"1,56";"2128,66";"23560935,12";"1212"
"320435145";"São Jorge de Tiradentes";"1212";"1365";"3873";"1,73";"1753,00";"9610212,14";"1212"
"320440105";"Rio Novo do Sul";"1500";"3815";"10178";"1,63";"2226,19";"8010241,39";"1500"
"320440110";"Princesa";"1212";"315";"877";"1,48";"1800,71";"2294875,25";"1212"
"320450005";"Santa Leopoldina";"1220";"3135";"8266";"1,68";"1899,79";"4350223,31";"1220"
"320450010";"Djalma Coutinho";"1500";"433";"1101";"1,82";"2174,40";"4144582,61";"1500"
"320450025";"Mangaraí";"1300";"1383";"3733";"1,96";"1604,76";"2134485,07";"1300"
"320455905";"Santa Maria de Jetibá";"1800";"10426";"28801";"1,67";"2498,09";"37660967,37";"1800"
"320455915";"Garrafão";"1500";"4285";"12817";"1,64";"1943,71";"4290635,81";"1500"
"320460905";"Santa Teresa";"2200";"5351";"13571";"1,47";"3218,13";"13814381,97";"2200"
"320460907";"Alto Caldeirão";"1212";"802";"2305";"1,62";"1895,83";"2425970,07";"1212"
"320460910";"Alto Santa Maria";"1580";"1021";"2979";"1,85";"2512,45";"6571799,66";"1580"
"320460917";"Santo Antônio do Canaã";"1312";"679";"1780";"1,54";"2041,74";"2279485,84";"1312"
"320460920";"São João de Petrópolis";"1270";"489";"1254";"1,46";"2203,17";"4085575,51";"1270"
"320460925";"Vinte e Cinco de Julho";"1500";"325";"878";"1,68";"2025,88";"4770982,99";"1500"
"320465805";"São Domingos do Norte";"1300";"3096";"8337";"1,57";"2122,45";"6712201,90";"1300"
"320470805";"São Gabriel da Palha";"1500";"11312";"28629";"1,52";"2290,89";"8953867,57";"1500"
"320470815";"Fartura";"1212";"1304";"3572";"1,46";"1904,00";"8606892,82";"1212"
"320480705";"São José do Calçado";"1212";"3273";"8244";"1,76";"2065,15";"5519861,35";"1212"
"320480710";"Airituba";"1212";"271";"667";"1,74";"1667,99";"2582729,00";"1212"
"320480715";"Alto Calçado";"1212";"508";"1369";"1,95";"1565,03";"3865083,83";"1212"
"320480720";"Divino Espírito Santo";"1212";"213";"543";"2,21";"1413,57";"900705,61";"1212"
"320490605";"São Mateus";"1400";"29727";"80614";"1,92";"2355,12";"10536199,14";"1400"
"320490610";"Barra Nova";"2000";"9289";"24688";"1,76";"2990,94";"14380395,54";"2000"
"320490620";"Itauninhas";"1212";"1260";"3522";"1,80";"1408,60";"5062558,38";"1212"
"320490630";"Nestor Gomes";"1212";"4350";"11982";"1,76";"1819,43";"6857417,53";"1212"
"320490635";"Nova Verona";"1212";"568";"1700";"1,91";"1810,94";"7358775,83";"1212"
"320495505";"São Roque do Canaã";"1400";"2766";"7245";"1,50";"2031,10";"3240938,74";"1400"
"320495520";"Santa Júlia";"1230";"998";"2738";"1,60";"1684,87";"1777216,33";"1230"
"320495525";"São Jacinto";"1500";"331";"897";"1,64";"2059,20";"2800185,92";"1500"
"320500205";"Serra";"1500";"47801";"131953";"1,99";"1982,12";"25239941,30";"1500"
"320500210";"Calogi";"1212";"814";"2199";"1,99";"1667,23";"934475,77";"1212"
"320500215";"Carapina";"2000";"117947";"313992";"1,77";"3216,43";"291927149,03";"2000"
"320500220";"Nova Almeida";"1800";"25286";"70408";"2,09";"2541,59";"7274717,01";"1800"
"320500225";"Queimado";"1350";"57";"161";"2,43";"1745,82";"941198,44";"1350"
"320501005";"Sooretama";"1350";"9178";"26443";"2,00";"1993,32";"9900572,06";"1350"
"320503605";"Vargem Alta";"2000";"2479";"6449";"1,72";"2683,64";"13271818,90";"2000"
"320503610";"Alto Castelinho";"1212";"788";"2285";"2,10";"1945,26";"1724547,16";"1212"
"320503615";"Jaciguá";"1600";"1893";"5226";"1,58";"2138,88";"3728174,46";"1600"
"320503620";"Prosperidade";"1435";"604";"1770";"1,88";"1977,77";"3599642,79";"1435"
"320503625";"São José de Fruteiras";"1500";"1358";"3814";"1,71";"2065,76";"3213865,35";"1500"
"320506905";"Venda Nova do Imigrante";"2000";"6179";"16172";"1,36";"2841,78";"10567859,44";"2000"
"320506910";"Alto Caxixe";"1212";"1202";"3391";"1,68";"1834,53";"3353727,67";"1212"
"320506920";"São João de Viçosa";"1300";"1518";"4250";"1,82";"2038,03";"4669966,22";"1300"
"320510105";"Viana";"1500";"24925";"68835";"1,85";"2099,60";"103469668,56";"1500"
"320510110";"Araçatiba";"1500";"615";"1746";"1,84";"1819,71";"706181,54";"1500"
"320515005";"Vila Pavão";"1212";"3341";"8902";"1,45";"2072,03";"8601848,95";"1212"
"320517605";"Vila Valério";"1400";"2804";"7641";"1,63";"1941,72";"3537536,92";"1400"
"320517615";"Jurama";"1600";"1368";"3881";"1,54";"2281,67";"10882016,21";"1600"
"320517630";"São Jorge da Barra Seca";"1212";"756";"2154";"1,62";"1851,66";"6449538,69";"1212"
"320520005";"Vila Velha";"4000";"81905";"200332";"1,49";"6344,50";"587535372,85";"4000"
"320520010";"Argolas";"1500";"12780";"33869";"1,94";"2164,76";"5948129,11";"1500"
"320520015";"Ibes";"2000";"46982";"125190";"1,90";"2656,11";"6643989,49";"2000"
"320520020";"Jucu";"1400";"29363";"83151";"2,26";"2292,36";"165157214,23";"1400"
"320520025";"São Torquato";"1500";"6075";"16170";"1,88";"2291,24";"5697115,17";"1500"
"320530905";"Vitória";"2001";"81665";"209678";"1,89";"5070,44";"70065073,33";"2001"
"320530910";"Goiabeiras";"5000";"46945";"112553";"1,38";"7462,90";"151803455,31";"5000"
"330010005";"Angra dos Reis";"2000";"22573";"59121";"1,79";"3030,62";"60408049,25";"2000"
"330010010";"Abraão";"1500";"1916";"5152";"2,07";"2427,29";"74576842,62";"1500"
"330010015";"Cunhambebe";"1500";"28269";"77534";"2,05";"2214,35";"17121915,06";"1500"
"330010025";"Mambucaba";"2000";"9285";"25226";"1,98";"2837,39";"17262574,12";"2000"
"330015905";"Aperibé";"1212";"4333";"11006";"1,54";"2076,32";"10538902,46";"1212"
"330020905";"Araruama";"1500";"32883";"87361";"1,92";"2687,54";"14070960,18";"1500"
"330020908";"Iguabinha";"1500";"5565";"15045";"2,12";"2622,02";"10740314,35";"1500"
"330020910";"Morro Grande";"1212";"3147";"8755";"2,15";"1643,81";"6096765,57";"1212"
"330020912";"Praia Seca";"2000";"1945";"4879";"1,60";"3592,65";"22241741,04";"2000"
"330020915";"São Vicente de Paula";"1212";"4584";"12998";"2,18";"1603,78";"3127262,48";"1212"
"330022505";"Areal";"1300";"4226";"11808";"2,05";"2308,35";"9483462,55";"1300"
"330023305";"Armação dos Búzios";"2000";"14902";"39761";"1,92";"2914,58";"12814974,21";"2000"
"330025805";"Arraial do Cabo";"1600";"11533";"30934";"1,94";"2653,19";"24490815,67";"1600"
"330030805";"Barra do Piraí";"1500";"25196";"65939";"1,96";"2483,22";"8069438,23";"1500"
"330030807";"Califórnia da Barra";"1700";"5334";"14858";"2,03";"2446,44";"4918737,98";"1700"
"330030810";"Dorândia";"1414";"788";"2177";"2,43";"2056,29";"3566051,68";"1414"
"330030815";"Ipiabas";"1500";"1749";"4584";"2,16";"2759,35";"10201475,33";"1500"
"330030820";"São José do Turvo";"1212";"284";"751";"3,74";"1671,26";"9794115,10";"1212"
"330030825";"Vargem Alegre";"1283";"1627";"4425";"2,34";"2011,90";"5558034,02";"1282.5"
"330040705";"Barra Mansa";"1700";"60684";"163772";"1,82";"2568,53";"80447292,39";"1700"
"330040709";"Antônio Rocha";"1650";"245";"695";"2,83";"2969,40";"37874287,34";"1650"
"330040715";"Floriano";"2000";"610";"1549";"2,11";"2386,11";"1965112,27";"2000"
"330040720";"Nossa Senhora do Amparo";"1212";"544";"1447";"1,97";"1638,36";"1765190,72";"1212"
"330040730";"Rialto";"1250";"320";"873";"2,04";"1827,71";"2303763,38";"1250"
"330040740";"Santa Rita de Cássia";"1800";"472";"1244";"1,74";"2062,66";"1771993,15";"1800"
"330045605";"Belford Roxo";"1212";"180887";"482674";"2,36";"1700,49";"6820267,04";"1212"
"330050605";"Bom Jardim";"1500";"6240";"16008";"1,57";"2604,10";"295721755,92";"1500"
"330050610";"Banquete";"1300";"1125";"2984";"1,75";"1829,26";"2926015,66";"1300"
"330050615";"Barra Alegre";"1212";"1100";"2829";"1,52";"1737,68";"3098057,71";"1212"
"330050620";"São José do Ribeirão";"1212";"2407";"6221";"1,65";"1649,75";"1623793,93";"1212"
"330060505";"Bom Jesus do Itabapoana";"1500";"10148";"26426";"1,77";"2788,55";"12793684,95";"1500"
"330060510";"Calheiros";"1212";"474";"1367";"2,20";"1599,73";"1470426,00";"1212"
"330060515";"Carabuçu";"1200";"790";"2009";"1,52";"1744,73";"2824926,25";"1200"
"330060520";"Pirapetinga de Bom Jesus";"1212";"270";"702";"2,17";"1590,94";"2603341,17";"1212"
"330060525";"Rosal";"1212";"572";"1415";"1,55";"1787,53";"4737981,61";"1212"
"330060530";"Serrinha";"1212";"202";"512";"1,39";"1497,17";"982460,30";"1212"
"330060535";"Usina Santa Maria";"1212";"267";"740";"2,11";"1446,06";"910230,65";"1212"
"330060540";"Santa Isabel";"1212";"657";"1825";"2,15";"1335,93";"623205,46";"1212"
"330070405";"Cabo Frio";"1900";"55893";"149784";"1,94";"3293,47";"249862591,94";"1900"
"330070420";"Tamoios";"1500";"26098";"71909";"2,05";"2311,89";"52152288,81";"1500"
"330080305";"Cachoeiras de Macacu";"1212";"22235";"56820";"1,75";"2120,73";"8123475,70";"1212"
"330090205";"Cambuci";"1212";"2666";"6798";"1,72";"2909,44";"574356300,97";"1212"
"330090207";"Cruzeiro";"1212";"245";"634";"1,27";"1354,85";"610610,18";"1212"
"330090210";"Funil";"1212";"709";"1790";"1,38";"1751,89";"2138903,99";"1212"
"330090215";"Monte Verde";"1212";"164";"405";"1,72";"1631,99";"3416004,38";"1212"
"330090220";"São João do Paraíso";"1212";"1627";"3981";"1,44";"1736,43";"4941986,68";"1212"
"330090230";"Três Irmãos";"1300";"387";"975";"1,60";"1844,28";"3121964,64";"1300"
"330093605";"Carapebus";"1354";"5017";"13788";"1,88";"2076,31";"4417266,64";"1353.5"
"330095105";"Comendador Levy Gasparian";"1350";"2542";"7424";"2,41";"1944,00";"2976257,00";"1350"
"330095110";"Afonso Arinos";"1212";"473";"1286";"1,98";"1864,12";"3017896,51";"1212"
"330100905";"Campos dos Goytacazes";"1500";"137651";"376885";"2,04";"2835,45";"56531374,40";"1500"
"330100915";"Dores de Macabu";"1212";"3425";"9663";"2,12";"1367,39";"1427406,37";"1212"
"330100920";"Ibitioca";"1212";"1116";"3307";"2,12";"1369,51";"1600769,13";"1212"
"330100930";"Morangaba";"1212";"1659";"5113";"2,42";"1250,92";"862747,84";"1212"
"330100935";"Morro do Coco";"1212";"1746";"4698";"1,85";"1441,82";"977013,22";"1212"
"330100940";"Mussurepe";"1212";"4923";"12503";"1,70";"1563,68";"1704083,86";"1212"
"330100945";"Santa Maria";"1212";"1493";"3667";"1,68";"1897,12";"5227044,66";"1212"
"330100950";"Santo Amaro de Campos";"1212";"3065";"7642";"1,60";"1470,27";"1303202,17";"1212"
"330100955";"Santo Eduardo";"1212";"1669";"4080";"1,71";"1657,88";"2974205,01";"1212"
"330100965";"São Sebastião de Campos";"1212";"4974";"13864";"2,01";"1340,88";"857422,21";"1212"
"330100970";"Serrinha";"1212";"493";"1315";"1,76";"1629,47";"1044721,92";"1212"
"330100975";"Tocos";"1212";"2639";"7400";"2,16";"1425,72";"1473135,81";"1212"
"330100980";"Travessão";"1212";"8743";"25427";"2,30";"1449,44";"1301804,87";"1212"
"330100985";"Vila Nova de Campos";"1212";"2076";"5540";"1,79";"1403,81";"1365854,46";"1212"
"330110805";"Cantagalo";"1500";"4426";"11722";"2,02";"2560,12";"29906516,24";"1500"
"330110810";"Boa Sorte";"1212";"564";"1475";"1,59";"1973,49";"4893166,74";"1212"
"330110815";"Euclidelândia";"1300";"1489";"4136";"2,01";"1939,45";"2099187,19";"1300"
"330110820";"Santa Rita da Floresta";"1212";"462";"1174";"1,71";"1953,12";"3974650,68";"1212"
"330110825";"São Sebastião do Paraíba";"1212";"338";"811";"1,49";"1750,74";"1980028,49";"1212"
"330115705";"Cardoso Moreira";"1218";"3752";"9566";"1,68";"2008,66";"6578249,86";"1218"
"330115710";"São Joaquim";"1212";"1232";"3370";"1,98";"1650,98";"2676883,51";"1212"
"330120705";"Carmo";"1213";"5990";"15260";"1,69";"2180,61";"6611811,83";"1213"
"330120710";"Córrego da Prata";"1212";"302";"808";"1,87";"1917,08";"12875936,94";"1212"
"330120715";"Porto Velho do Cunha";"1340";"391";"977";"1,70";"2185,10";"2989031,58";"1340"
"330130605";"Casimiro de Abreu";"1500";"7350";"19833";"1,87";"2482,30";"8627431,97";"1500"
"330130610";"Barra de São João";"1800";"8012";"21817";"1,93";"3331,78";"2514408447,64";"1800"
"330130618";"Professor Souza";"1300";"950";"2605";"2,13";"1843,54";"4338430,55";"1300"
"330130620";"Rio Dourado";"1212";"582";"1731";"2,63";"2032,63";"8971081,30";"1212"
"330140505";"Conceição de Macabu";"1212";"7502";"19833";"1,81";"2178,68";"6083356,60";"1212"
"330140510";"Macabuzinho";"1212";"386";"1113";"2,59";"1588,50";"4794013,13";"1212"
"330150405";"Cordeiro";"1500";"7959";"20736";"1,86";"2587,58";"8880290,76";"1500"
"330160305";"Duas Barras";"1212";"2315";"6045";"1,68";"3855,38";"8008486219,39";"1212"
"330160310";"Monnerat";"1212";"1836";"4914";"1,92";"1859,21";"27565538,65";"1212"
"330170205";"Duque de Caxias";"1500";"113099";"298156";"1,95";"2261,53";"17521384,30";"1500"
"330170210";"Campos Elyseos";"1280";"105788";"288031";"2,06";"1851,20";"30487215,84";"1280"
"330170215";"Imbariê";"1212";"56092";"156257";"2,19";"1775,21";"2968148,60";"1212"
"330170220";"Xerém";"1400";"23077";"64812";"2,01";"2049,44";"5275731,28";"1400"
"330180105";"Engenheiro Paulo de Frontin";"1300";"2981";"7438";"1,68";"2126,38";"4387673,73";"1300"
"330180110";"Sacra Família do Tinguá";"1212";"629";"1681";"2,25";"2257,75";"7466805,34";"1212"
"330180115";"Morro Azul do Tinguá";"1212";"1175";"3067";"2,03";"2022,58";"5339322,05";"1212"
"330185005";"Guapimirim";"1300";"18492";"51521";"2,02";"2182,63";"11818762,20";"1300"
"330187605";"Iguaba Grande";"2000";"10298";"27876";"1,90";"2955,39";"10419973,56";"2000"
"330190005";"Itaboraí";"1300";"46195";"119724";"1,78";"2108,90";"8954643,38";"1300"
"330190010";"Cabuçu";"1212";"2483";"6065";"1,72";"1548,08";"5381966,69";"1212"
"330190015";"Itambi";"1212";"8045";"20950";"1,94";"1481,21";"1409505,55";"1212"
"330190018";"Manilha";"1300";"23039";"59861";"1,78";"1932,17";"3476486,63";"1300"
"330190019";"Pachecos";"1212";"1266";"3315";"2,02";"1426,73";"9335735,16";"1212"
"330190020";"Porto das Caixas";"1212";"1128";"2802";"2,01";"1696,32";"2242878,85";"1212"
"330190025";"Sambaetiba";"1212";"1659";"4358";"1,93";"1583,68";"2205437,20";"1212"
"330190040";"Visconde de Itaboraí";"1212";"2729";"6711";"1,79";"1404,91";"1339637,89";"1212"
"330200705";"Itaguaí";"1500";"42061";"115905";"2,11";"2208,90";"5322006,10";"1500"
"330200715";"Ibituporanga";"1212";"208";"560";"2,01";"1587,25";"1340116,32";"1212"
"330205605";"Italva";"1212";"5598";"14061";"1,54";"2064,01";"111690553,89";"1212"
"330210605";"Itaocara";"1300";"5794";"14799";"1,54";"2468,30";"8333959,68";"1300"
"330210607";"Batatal";"1212";"276";"651";"1,31";"1413,58";"1374942,13";"1212"
"330210610";"Estrada Nova";"1212";"228";"528";"1,27";"1583,03";"2126233,59";"1212"
"330210615";"Jaguarembé";"1212";"969";"2444";"1,43";"1717,77";"2473380,09";"1212"
"330210620";"Laranjais";"1212";"990";"2421";"1,45";"1738,78";"2242998,91";"1212"
"330210625";"Portela";"1212";"786";"1967";"1,48";"2077,48";"41994354,80";"1212"
"330220505";"Itaperuna";"1600";"32282";"84092";"1,64";"2734,00";"12406188,55";"1600"
"330220510";"Boaventura";"1212";"1163";"2963";"1,53";"1798,88";"2180932,31";"1212"
"330220515";"Comendador Venâncio";"1221";"1211";"3216";"1,78";"2206,05";"6734330,46";"1221"
"330220520";"Itajara";"1200";"212";"555";"1,89";"1666,19";"3081003,00";"1200"
"330220525";"Nossa Senhora da Penha";"1300";"969";"2497";"1,52";"1945,42";"5024475,87";"1300"
"330220530";"Retiro do Muriaé";"1212";"1255";"3364";"1,69";"1884,74";"6393671,33";"1212"
"330220535";"Raposo";"1212";"1378";"3604";"1,67";"1773,56";"2811060,74";"1212"
"330225405";"Itatiaia";"1700";"11373";"30763";"1,97";"2747,02";"12433204,46";"1700"
"330227005";"Japeri";"1212";"32106";"91188";"2,49";"1554,79";"2215837,68";"1212"
"330230405";"Laje do Muriaé";"1212";"2728";"7335";"1,86";"1894,69";"7587653,71";"1212"
"330240305";"Macaé";"2000";"87303";"232124";"1,81";"3550,71";"34967012,14";"2000"
"330240315";"Cachoeiros de Macaé";"1212";"671";"1748";"1,88";"1760,39";"5679772,96";"1212"
"330240325";"Córrego do Ouro";"1400";"1729";"4685";"1,94";"2008,07";"4721425,95";"1400"
"330240327";"Frade";"1500";"736";"1833";"1,62";"2032,97";"3712101,12";"1500"
"330240330";"Glicério";"1300";"1352";"3455";"2,00";"2120,03";"4495027,84";"1300"
"330240340";"Sana";"1500";"891";"2186";"1,59";"2449,88";"8037967,06";"1500"
"330245205";"Macuco";"1238";"1940";"5415";"2,27";"2194,98";"6161779,85";"1238"
"330250205";"Magé";"1220";"17886";"48049";"2,10";"1948,84";"4495737,12";"1220"
"330250215";"Guia de Pacobaíba";"1212";"10508";"28184";"2,16";"1911,58";"29903440,94";"1212"
"330250220";"Inhomirim";"1212";"38479";"105820";"2,12";"1841,56";"3312790,95";"1212"
"330250225";"Santo Aleixo";"1500";"4258";"11130";"1,62";"2237,53";"4339280,78";"1500"
"330250230";"Suruí";"1212";"5809";"16389";"2,03";"1673,64";"2045562,59";"1212"
"330250235";"Rio D'Ouro";"1212";"5944";"16412";"2,12";"1729,37";"2452727,30";"1212"
"330260105";"Mangaratiba";"1800";"6716";"17820";"1,97";"2705,90";"15043566,12";"1800"
"330260110";"Conceição de Jacareí";"1500";"1564";"3999";"2,02";"2330,57";"6480951,14";"1500"
"330260115";"Itacurussá";"1800";"2884";"7062";"2,02";"3928,18";"1351524547,73";"1800"
"330260120";"Muriqui";"2040";"4586";"12272";"1,94";"3496,77";"509541977,03";"2040"
"330270005";"Maricá";"2000";"29528";"78952";"1,86";"3255,61";"11978957,03";"2000"
"330270010";"Inoã";"1450";"13493";"35666";"1,99";"2315,35";"7978541,55";"1450"
"330270015";"Ponta Negra";"1700";"8507";"22765";"1,96";"2556,61";"6873004,30";"1700"
"330270020";"Itaipuaçu";"2500";"21897";"59379";"1,76";"3685,84";"14954154,21";"2500"
"330280905";"Mendes";"1300";"6911";"17449";"1,81";"2310,43";"7014594,34";"1300"
"330285805";"Mesquita";"1212";"29729";"79129";"2,07";"1847,26";"4382051,34";"1212"
"330285810";"Vila Emil";"2000";"13705";"36484";"1,86";"2913,33";"9141029,32";"2000"
"330285815";"Banco de Areia";"1500";"19177";"51211";"1,98";"2391,81";"2031708683,46";"1500"
"330290805";"Miguel Pereira";"1800";"6659";"17173";"1,79";"3326,68";"21668773,43";"1800"
"330290807";"Conrado";"1212";"744";"2004";"1,88";"1980,26";"4393507,00";"1212"
"330290810";"Governador Portela";"1300";"2829";"7323";"1,93";"2458,27";"8782099,12";"1300"
"330300505";"Miracema";"1212";"8695";"24268";"2,16";"2287,56";"13393468,17";"1212"
"330300510";"Paraíso do Tobias";"1212";"651";"1808";"2,03";"1462,70";"1821088,25";"1212"
"330300515";"Venda das Flores";"1212";"252";"741";"1,80";"1758,66";"2468920,23";"1212"
"330310405";"Natividade";"1305";"4912";"13006";"1,87";"4154,18";"13728773988,87";"1304.5"
"330310407";"Bom Jesus do Querendo";"1212";"385";"980";"1,67";"1664,78";"2840700,91";"1212"
"330310410";"Ourânia";"1212";"386";"994";"1,86";"1865,01";"3819616,51";"1212"
"330320305";"Nilópolis";"1900";"36929";"93373";"1,97";"2579,03";"6661016,47";"1900"
"330320310";"Olinda";"1500";"20076";"53267";"2,72";"2158,66";"4837448,45";"1500"
"330330205";"Niterói";"3200";"194446";"479961";"1,62";"6097,42";"97490343,57";"3200"
"330340105";"Nova Friburgo";"2000";"42936";"104434";"1,52";"3356,77";"20873593,09";"2000"
"330340110";"Amparo";"1380";"1852";"4694";"1,53";"2194,15";"6184629,08";"1380"
"330340115";"Campo do Coelho";"1400";"4746";"12555";"1,69";"2034,34";"4035885,49";"1400"
"330340120";"Conselheiro Paulino";"1500";"17780";"44982";"1,61";"1986,23";"2908684,09";"1500"
"330340125";"Lumiar";"1600";"2682";"6032";"1,33";"2580,70";"11560621,96";"1600"
"330340127";"Muri";"1500";"2639";"6609";"1,66";"2801,54";"14955528,06";"1500"
"330340130";"Riograndina";"1335";"2293";"6081";"1,74";"1966,34";"5593962,37";"1335"
"330340135";"São Pedro da Serra";"2000";"1651";"3885";"1,35";"2869,62";"9288022,61";"2000"
"330350005";"Nova Iguaçu";"1250";"287529";"784340";"2,10";"2143,06";"31227702,67";"1250"
"330360905";"Paracambi";"1500";"16092";"41116";"1,71";"2328,97";"73571968,67";"1500"
"330370805";"Paraíba do Sul";"1400";"6880";"18657";"2,16";"2327,29";"6878698,40";"1400"
"330370810";"Inconfidência";"1224";"639";"1852";"2,24";"1949,77";"4695376,03";"1224"
"330370815";"Salutaris";"1250";"6491";"18111";"2,20";"2240,12";"13044505,19";"1250"
"330370820";"Werneck";"1268";"1193";"3339";"2,22";"1967,01";"3305766,40";"1268"
"330380705";"Paraty";"2000";"12301";"33545";"2,15";"2735,46";"9855218,28";"2000"
"330380710";"Paraty-Mirim";"1500";"2237";"6925";"3,07";"2123,14";"9387649,04";"1500"
"330380715";"Tarituba";"3000";"1554";"4471";"1,89";"5324,42";"31315548,78";"3000"
"330385605";"Paty do Alferes";"1212";"8133";"21704";"1,89";"2086,97";"6814527,76";"1212"
"330385610";"Avelar";"1218";"2744";"7829";"2,19";"1808,24";"2598992,99";"1218"
"330390605";"Petrópolis";"1900";"61989";"157560";"1,84";"3329,34";"578420434,00";"1900"
"330390610";"Cascatinha";"1600";"26811";"69021";"1,87";"3104,19";"270767952,69";"1600"
"330390615";"Itaipava";"1800";"9175";"23797";"1,71";"3937,48";"58680309,71";"1800"
"330390620";"Pedro do Rio";"1500";"5888";"15835";"2,04";"2247,47";"7425394,33";"1500"
"330390623";"Posse";"1250";"4358";"11704";"2,14";"1854,13";"2312741,76";"1250"
"330395505";"Pinheiral";"1500";"8813";"24260";"2,06";"2439,55";"6585982,53";"1500"
"330400305";"Piraí";"1500";"5975";"16008";"2,00";"2464,87";"6989545,98";"1500"
"330400310";"Arrozal";"1400";"3132";"8852";"1,95";"2176,00";"4697231,82";"1400"
"330400315";"Monumento";"1212";"460";"1190";"1,63";"1973,39";"5093075,57";"1212"
"330400325";"Santanésia";"3000";"504";"1365";"1,56";"3770,24";"11317095,17";"3000"
"330410205";"Porciúncula";"1230";"4764";"12820";"2,02";"2529,67";"11640814,03";"1230"
"330410210";"Purilândia";"1212";"416";"1056";"1,93";"1619,26";"2333167,94";"1212"
"330410215";"Santa Clara";"1212";"1241";"3354";"1,79";"1599,10";"4961227,07";"1212"
"330411005";"Porto Real";"1700";"7180";"20333";"1,95";"2419,05";"9948707,00";"1700"
"330412805";"Quatis";"1500";"4756";"12933";"1,99";"2205,86";"6962058,45";"1500"
"330412810";"Falcão";"1212";"104";"286";"2,15";"1939,84";"3957682,67";"1212"
"330412820";"Ribeirão de São Joaquim";"1212";"160";"408";"2,02";"2660,66";"26365651,16";"1212"
"330414405";"Queimados";"1212";"51216";"140325";"2,10";"1810,17";"3608243,01";"1212"
"330415105";"Quissamã";"1212";"8091";"22304";"2,03";"2022,60";"4468428,23";"1212"
"330420105";"Resende";"2000";"32632";"87609";"1,78";"3576,67";"22406246,14";"2000"
"330420110";"Agulhas Negras";"2000";"12801";"33846";"1,86";"4032,98";"5397544351,85";"2000"
"330420115";"Engenheiro Passos";"1212";"1323";"3677";"1,96";"1681,29";"2684805,46";"1212"
"330420120";"Fumaça";"1212";"274";"708";"1,84";"1999,00";"4362404,85";"1212"
"330420130";"Pedra Selada";"1440";"396";"976";"1,71";"2378,24";"17620830,02";"1439.5"
"330420145";"Bulhões";"1212";"107";"319";"2,11";"1735,96";"2911540,82";"1212"
"330420150";"Visconde de Mauá";"2000";"657";"1623";"1,73";"2509,57";"5722068,69";"2000"
"330430005";"Rio Bonito";"1500";"16080";"41721";"1,71";"2507,70";"8796884,36";"1500"
"330430007";"Bazílio";"1212";"2100";"5703";"1,81";"1717,89";"2184091,39";"1212"
"330430010";"Boa Esperança";"1212";"3003";"8742";"2,28";"1429,22";"1147334,84";"1212"
"330440905";"Rio Claro";"1500";"2517";"6948";"2,11";"2349,67";"5526976,34";"1500"
"330440910";"Getulândia";"1500";"405";"1166";"2,18";"2082,19";"2310737,99";"1500"
"330440915";"Lídice";"1600";"2157";"5792";"1,78";"2321,84";"3494665,09";"1600"
"330440920";"Passa Três";"1400";"1098";"2813";"1,83";"2127,32";"3713955,40";"1400"
"330440925";"São João Marcos";"1206";"194";"550";"1,77";"1769,29";"2685328,24";"1206"
"330450805";"Rio das Flores";"1214";"1707";"4830";"2,25";"2143,51";"6688375,72";"1214"
"330450810";"Abarracamento";"1212";"104";"276";"2,29";"1597,06";"4884791,81";"1212"
"330450815";"Manuel Duarte";"1212";"494";"1473";"2,51";"1757,78";"3810516,47";"1212"
"330450820";"Taboas";"1212";"801";"2320";"2,36";"1831,47";"3604744,37";"1212"
"330452405";"Rio das Ostras";"2000";"59060";"156358";"1,76";"3390,02";"16428014,50";"2000"
"330455705";"Rio de Janeiro";"2001";"2436621";"6173590";"1,82";"4479,70";"160790071,69";"2001"
"330460705";"Santa Maria Madalena";"1300";"2428";"6145";"1,80";"2364,04";"6367384,51";"1300"
"330460710";"Doutor Loréti";"1212";"527";"1410";"2,16";"1583,32";"2452871,19";"1212"
"330460715";"Renascença";"1212";"49";"119";"1,92";"1269,29";"284999,91";"1212"
"330460720";"Santo Antônio do Imbé";"1222";"328";"865";"2,05";"1660,05";"1573125,37";"1222"
"330460725";"Sossego";"1212";"76";"190";"1,69";"1719,38";"5498018,07";"1212"
"330460730";"Triunfo";"1212";"341";"825";"1,53";"1802,40";"3823855,87";"1212"
"330460735";"Osório Bersot";"1212";"233";"627";"2,50";"1824,52";"4721478,14";"1212"
"330470605";"Santo Antônio de Pádua";"1500";"9441";"24315";"1,66";"2639,97";"12284211,74";"1500"
"330470615";"Baltazar";"1212";"167";"481";"2,06";"1746,72";"1440857,81";"1212"
"330470617";"Campelo";"1212";"206";"576";"1,79";"1337,20";"2166670,93";"1212"
"330470620";"Ibitiguaçu";"1256";"227";"565";"1,51";"1463,99";"602030,87";"1256"
"330470625";"Marangatu";"1400";"453";"1167";"1,91";"1717,23";"2751280,65";"1400"
"330470630";"Monte Alegre";"1300";"784";"2059";"1,52";"1687,94";"1950341,64";"1300"
"330470635";"Paraoquena";"1212";"1861";"5132";"1,97";"1584,89";"1117627,26";"1212"
"330470640";"Santa Cruz";"1200";"445";"1100";"2,02";"1345,19";"476950,33";"1200"
"330470650";"São Pedro de Alcântara";"1300";"2211";"5734";"1,66";"1611,29";"1495520,15";"1300"
"330475505";"São Francisco de Itabapoana";"1212";"9127";"24031";"1,80";"1563,22";"2518861,06";"1212"
"330475510";"Barra Seca";"1212";"5284";"13658";"1,80";"1611,54";"3066992,77";"1212"
"330475515";"Maniva";"1212";"2848";"7295";"1,94";"1382,03";"1978086,27";"1212"
"330480505";"São Fidélis";"1500";"9477";"24457";"1,94";"2493,70";"7605957,22";"1500"
"330480510";"Cambiasca";"1212";"775";"1945";"1,73";"1361,69";"494747,43";"1212"
"330480515";"Colônia";"1212";"1256";"3371";"1,88";"1564,69";"1467276,48";"1212"
"330480520";"Ipuca";"1212";"2294";"6157";"1,92";"2133,86";"5431117,89";"1212"
"330480525";"Pureza";"1212";"1104";"2974";"2,37";"1743,88";"2138369,31";"1212"
"330490405";"São Gonçalo";"1500";"115078";"284878";"1,66";"2380,23";"26452094,41";"1500"
"330490410";"Ipiiba";"1300";"71464";"179063";"1,77";"1972,73";"27802018,08";"1300"
"330490415";"Monjolo";"1300";"84890";"213533";"1,74";"1741,50";"2425831,11";"1300"
"330490420";"Neves";"1700";"56880";"144025";"1,68";"2501,98";"645636328,91";"1700"
"330490425";"Sete Pontes";"1300";"29750";"74007";"1,68";"2242,78";"112675034,34";"1300"
"330500005";"São João da Barra";"1300";"3714";"9305";"1,78";"2115,96";"4006261,23";"1300"
"330500007";"Atafona";"1212";"3022";"7713";"2,01";"1865,23";"4908775,02";"1212"
"330500010";"Barcelos";"1212";"1324";"3350";"1,83";"1662,50";"2046090,95";"1212"
"330500016";"Cajueiro";"1200";"7";"20";"1,14";"1971,43";"3445714,29";"1200"
"330500018";"Grussaí";"1300";"3651";"9258";"1,83";"1984,98";"5472480,31";"1300"
"330500030";"Pipeiras";"1200";"2725";"6808";"1,62";"1316,61";"644889,57";"1200"
"330510905";"São João de Meriti";"1300";"90200";"234824";"1,91";"1839,34";"2496282,32";"1300"
"330510910";"Coelho da Rocha";"1500";"58707";"152779";"1,96";"2006,22";"7547505,74";"1500"
"330510915";"São Mateus";"1300";"19858";"53111";"2,11";"1807,48";"4654539,85";"1300"
"330513305";"São José de Ubá";"1212";"2680";"7065";"1,62";"1886,56";"6876968,59";"1212"
"330515805";"São José do Vale do Rio Preto";"1212";"8262";"22067";"1,69";"1879,76";"5910373,37";"1212"
"330520805";"São Pedro da Aldeia";"1600";"38312";"103795";"1,90";"2875,61";"14189444,41";"1600"
"330530705";"São Sebastião do Alto";"1212";"1072";"2912";"2,24";"2020,20";"14217045,52";"1212"
"330530707";"Ipituna";"1212";"598";"1517";"1,72";"1415,79";"941662,84";"1212"
"330530710";"Valão do Barro";"1300";"974";"2588";"1,68";"1953,42";"2694631,44";"1300"
"330530715";"Ibipeba";"1200";"282";"725";"1,30";"1596,56";"1817938,27";"1200"
"330540605";"Sapucaia";"1400";"2295";"6120";"1,83";"2144,13";"4287005,24";"1400"
"330540610";"Anta";"1507";"1416";"3746";"1,89";"2254,34";"4310565,38";"1507"
"330540615";"Jamapará";"1250";"1817";"4726";"1,57";"2242,75";"8128886,78";"1250"
"330540620";"Nossa Senhora da Aparecida";"1212";"545";"1420";"1,85";"2006,44";"3959253,70";"1212"
"330540625";"Pião";"1212";"615";"1680";"1,47";"1453,88";"991764,14";"1212"
"330550505";"Saquarema";"2000";"12413";"31779";"1,89";"3314,96";"15787777,46";"2000"
"330550510";"Bacaxá";"1250";"15868";"41790";"1,86";"2205,95";"6495310,83";"1250"
"330550515";"Sampaio Correia";"1400";"5812";"15618";"2,03";"2420,40";"8825076,40";"1400"
"330555405";"Seropédica";"1300";"29314";"79875";"2,07";"2105,67";"6908741,76";"1300"
"330560405";"Silva Jardim";"1212";"7277";"19864";"2,02";"1854,36";"3730676,27";"1212"
"330560410";"Correntezas";"1212";"177";"421";"1,55";"1463,96";"959601,06";"1212"
"330560415";"Gaviões";"1212";"121";"282";"1,42";"2464,64";"65043284,38";"1212"
"330560420";"Aldeia Velha";"1212";"303";"708";"1,39";"1743,25";"1993432,30";"1212"
"330570305";"Sumidouro";"1300";"3033";"7462";"1,46";"2158,67";"4619255,90";"1300"
"330570310";"Campinas";"1212";"1215";"3260";"1,41";"1545,11";"1399370,09";"1212"
"330570315";"Dona Mariana";"1212";"501";"1335";"1,41";"1522,06";"1033548,68";"1212"
"330570325";"Soledade";"1250";"1135";"3126";"1,42";"1668,22";"995045,04";"1250"
"330575205";"Tanguá";"1212";"11538";"30985";"1,81";"1701,48";"3569195,92";"1212"
"330580205";"Teresópolis";"2000";"53163";"134563";"1,79";"3527,91";"95759502,55";"2000"
"330580210";"Vale de Bonsucesso";"1212";"6554";"17663";"1,60";"1930,72";"26800711,14";"1212"
"330580215";"Vale do Paquequer";"1212";"4672";"12458";"1,76";"1760,40";"2809087,40";"1212"
"330590105";"Trajano de Moraes";"1300";"1445";"3837";"1,93";"2275,18";"4812929,19";"1300"
"330590110";"Doutor Elias";"1200";"457";"1222";"1,60";"1278,62";"677480,06";"1200"
"330590115";"Sodrelândia";"1212";"274";"675";"1,66";"1865,54";"3635626,81";"1212"
"330590120";"Vila da Grama";"1212";"965";"2428";"1,49";"1604,23";"2306059,65";"1212"
"330590125";"Visconde de Imbé";"1212";"751";"2079";"3,33";"1769,87";"3084154,08";"1212"
"330600805";"Três Rios";"1400";"27004";"74212";"2,21";"2539,50";"10461851,41";"1400"
"330600820";"Bemposta";"1212";"1410";"3983";"2,26";"2044,52";"19793912,26";"1212"
"330610705";"Valença";"1300";"20441";"53887";"2,05";"2800,19";"1052726743,29";"1300"
"330610710";"Barão de Juparanã";"1300";"1603";"4279";"2,05";"1932,17";"3012566,30";"1300"
"330610715";"Conservatória";"1300";"1613";"4033";"1,99";"2371,18";"8415487,95";"1300"
"330610720";"Parapeúna";"1230";"757";"1904";"1,82";"2297,69";"6658015,00";"1230"
"330610725";"Pentagna";"1212";"576";"1440";"2,21";"2031,59";"4123179,19";"1212"
"330610730";"Santa Isabel do Rio Preto";"1240";"868";"2225";"2,15";"2168,28";"9123659,96";"1240"
"330615605";"Varre-Sai";"1212";"3627";"10200";"2,09";"1932,12";"11587159,34";"1212"
"330620605";"Vassouras";"1500";"11024";"28749";"2,08";"2592,15";"13625310,52";"1500"
"330620610";"Andrade Pinto";"2001";"691";"1964";"2,51";"2129,69";"1896258,23";"2001"
"330620630";"São Sebastião dos Ferreiros";"1212";"433";"1128";"2,03";"1571,38";"2810376,20";"1212"
"330620635";"Sebastião de Lacerda";"1212";"710";"2009";"2,22";"1562,22";"2301043,32";"1212"
"330630505";"Volta Redonda";"2000";"97973";"261151";"1,77";"3242,29";"26541475,17";"2000"
"350010505";"Adamantina";"2100";"13567";"34506";"1,53";"3171,18";"12592314,26";"2100"
"350020405";"Adolfo";"1600";"1650";"4351";"1,54";"2308,21";"8205371,50";"1600"
"350030305";"Aguaí";"1700";"11480";"32008";"2,00";"2331,22";"6262034,00";"1700"
"350040205";"Águas da Prata";"2400";"2239";"5632";"1,73";"3038,01";"7364467,54";"2400"
"350040210";"São Roque da Fartura";"1600";"591";"1630";"1,65";"2084,09";"2487090,12";"1600"
"350050105";"Águas de Lindóia";"2000";"6799";"17806";"1,77";"2732,97";"9291158,62";"2000"
"350055005";"Águas de Santa Bárbara";"2000";"2707";"7149";"1,78";"3106,13";"12886818,02";"2000"
"350060005";"Águas de São Pedro";"3000";"1153";"2779";"1,59";"4289,25";"19084508,72";"3000"
"350070905";"Agudos";"2000";"12521";"36218";"1,96";"2744,72";"7722771,27";"2000"
"350070910";"Domélia";"1500";"412";"1186";"2,50";"1972,75";"3651789,64";"1500"
"350075805";"Alambari";"1900";"2139";"6131";"1,82";"2537,14";"6965010,22";"1900"
"350080805";"Alfredo Marcondes";"1800";"1726";"4432";"1,50";"2306,62";"4443215,61";"1800"
"350090705";"Altair";"2000";"1137";"3027";"1,70";"5393,00";"9497008571,82";"2000"
"350090715";"Suinana";"1500";"141";"412";"2,36";"1998,73";"1750699,01";"1500"
"350100405";"Altinópolis";"1500";"6076";"16768";"1,75";"2296,13";"5833439,91";"1500"
"350110305";"Alto Alegre";"1500";"1149";"2878";"1,32";"2198,16";"3554866,70";"1500"
"350110310";"Jatobá";"1220";"259";"664";"1,26";"2113,67";"4444050,44";"1220"
"350110315";"São Martinho d'Oeste";"1220";"107";"289";"1,95";"1737,05";"874491,90";"1220"
"350115205";"Alumínio";"2400";"5941";"17263";"1,87";"2892,26";"6467564,38";"2400"
"350120205";"Álvares Florence";"1500";"1371";"3501";"1,53";"2262,94";"6283521,93";"1500"
"350120210";"Boa Vista dos Andradas";"1500";"159";"396";"1,24";"2133,06";"2695602,75";"1500"
"350130105";"Álvares Machado";"1950";"9537";"26387";"1,73";"2638,55";"10940580,06";"1950"
"350130110";"Coronel Goulart";"1500";"332";"821";"1,40";"2070,22";"5423963,80";"1500"
"350140005";"Álvaro de Carvalho";"1300";"1168";"3151";"2,24";"1890,10";"4061078,33";"1300"
"350150905";"Alvinlândia";"1212";"1007";"2885";"1,89";"1959,55";"3481137,45";"1212"
"350160805";"Americana";"3000";"89200";"236501";"1,58";"4145,76";"36751250,35";"3000"
"350170705";"Américo Brasiliense";"1850";"11402";"32901";"1,90";"2283,22";"2958058,15";"1850"
"350180605";"Américo de Campos";"2000";"2361";"5868";"1,60";"2544,14";"7386972,20";"2000"
"350190505";"Amparo";"2400";"19761";"53787";"1,75";"3406,51";"16554584,48";"2400"
"350190510";"Arcadas";"2000";"4049";"11861";"1,76";"2762,17";"6642234,89";"2000"
"350190515";"Três Pontes";"1700";"679";"2033";"2,02";"2054,81";"1655595,35";"1700"
"350200205";"Analândia";"2100";"1679";"4580";"1,81";"3184,74";"14096089,65";"2100"
"350210105";"Andradina";"2000";"21911";"57887";"1,67";"2902,94";"12139687,19";"2000"
"350220005";"Angatuba";"1900";"7161";"20107";"1,87";"2507,32";"7384592,33";"1900"
"350220008";"Bom Retiro da Esperança";"1600";"1327";"3830";"1,99";"2181,59";"4713797,04";"1600"
"350230905";"Anhembi";"1400";"1504";"4144";"2,08";"2034,85";"4878800,26";"1400"
"350230910";"Pirambóia";"1330";"542";"1487";"2,34";"1810,83";"1727862,63";"1330"
"350240805";"Anhumas";"1500";"1481";"4001";"1,66";"2246,36";"4766050,64";"1500"
"350250705";"Aparecida";"1800";"11364";"32345";"2,31";"2398,37";"5160220,93";"1800"
"350260605";"Aparecida d'Oeste";"1500";"1616";"4064";"1,53";"2146,91";"4014666,37";"1500"
"350270505";"Apiaí";"1300";"6589";"18221";"1,83";"2271,91";"7005428,84";"1300"
"350270510";"Araçaíba";"1240";"546";"1473";"1,98";"1592,84";"1018494,81";"1240"
"350270525";"Lageado de Araçaíba";"1212";"1240";"3532";"1,88";"1415,00";"954765,07";"1212"
"350270530";"Palmitalzinho";"1212";"439";"1249";"1,80";"1715,04";"1563655,47";"1212"
"350275405";"Araçariguama";"2000";"7395";"21445";"2,10";"2596,29";"9658084,96";"2000"
"350280405";"Araçatuba";"2100";"77766";"199516";"1,61";"3516,39";"24289264,17";"2100"
"350290305";"Araçoiaba da Serra";"2300";"11775";"32316";"1,80";"3469,14";"16296250,71";"2300"
"350300005";"Aramina";"2000";"2001";"5404";"1,79";"2532,34";"5419484,08";"2000"
"350310905";"Arandu";"1800";"2375";"6804";"2,14";"2230,29";"4184979,43";"1800"
"350315805";"Arapeí";"1240";"885";"2330";"1,92";"1966,54";"14298103,45";"1240"
"350320805";"Araraquara";"2500";"68699";"178977";"1,64";"3985,52";"138641535,81";"2500"
"350320810";"Bueno de Andrada";"1500";"548";"1628";"2,24";"1929,68";"1901707,04";"1500"
"350320825";"Vila Xavier";"2000";"23257";"59794";"1,59";"2806,98";"6611089,54";"2000"
"350330705";"Araras";"2400";"47968";"130510";"1,71";"3407,48";"18350991,07";"2400"
"350335605";"Arco-Íris";"1500";"731";"2037";"1,84";"1911,88";"1781317,08";"1500"
"350340605";"Arealva";"2000";"2496";"6563";"1,72";"2711,14";"11223228,39";"2000"
"350340610";"Jacuba";"1600";"579";"1522";"1,97";"2743,12";"13661359,10";"1600"
"350350505";"Areias";"1300";"1227";"3498";"2,10";"1990,88";"3313271,35";"1300"
"350360405";"Areiópolis";"1800";"3400";"10113";"1,94";"2404,02";"14692517,95";"1800"
"350370305";"Ariranha";"2000";"2874";"7596";"1,60";"2581,06";"11455072,22";"2000"
"350380205";"Artur Nogueira";"2000";"18150";"51419";"1,83";"2949,46";"11296574,84";"2000"
"350390105";"Arujá";"2000";"29334";"86539";"2,08";"3659,68";"28320535,36";"2000"
"350395005";"Aspásia";"1645";"679";"1839";"1,53";"2333,79";"18037290,03";"1645"
"350400805";"Assis";"2224";"38160";"99859";"1,66";"3415,13";"17593076,81";"2224"
"350410705";"Atibaia";"2500";"56506";"157753";"1,94";"4021,11";"27249977,79";"2500"
"350420605";"Auriflama";"1600";"5393";"13662";"1,43";"2433,54";"8777976,97";"1600"
"350430505";"Avaí";"1600";"1512";"4117";"1,93";"2183,50";"4707485,64";"1600"
"350430510";"Nogueira";"2000";"130";"338";"1,90";"2363,42";"2753245,55";"2000"
"350440405";"Avanhandava";"1500";"3537";"9978";"1,94";"2269,89";"7697136,06";"1500"
"350450305";"Avaré";"2000";"33459";"90508";"1,89";"3233,33";"291212534,90";"2000"
"350460205";"Bady Bassitt";"2500";"9957";"27246";"1,64";"3203,04";"10810170,64";"2500"
"350470105";"Balbinos";"1612";"539";"1358";"1,41";"2541,73";"6333204,43";"1612"
"350480005";"Bálsamo";"1800";"3708";"9595";"1,44";"2538,36";"6383302,08";"1800"
"350490905";"Bananal";"1300";"3710";"9942";"2,09";"2313,14";"6545648,85";"1300"
"350500505";"Barão de Antonina";"1500";"1336";"3498";"1,88";"2096,33";"3088865,08";"1500"
"350510405";"Barbosa";"1240";"2108";"5632";"1,87";"1692,67";"1982703,83";"1240"
"350520305";"Bariri";"2000";"11744";"31527";"1,75";"2774,28";"9615330,13";"2000"
"350530205";"Barra Bonita";"2400";"12891";"34240";"1,58";"3161,37";"13737298,34";"2400"
"350535105";"Barra do Chapéu";"1212";"1876";"5179";"1,88";"1544,62";"1845555,47";"1212"
"350540105";"Barra do Turvo";"1212";"2562";"6833";"2,00";"1917,72";"4925570,22";"1212"
"350550005";"Barretos";"2400";"45493";"119792";"1,73";"3353,10";"17211533,76";"2400"
"350550010";"Alberto Moreira";"1500";"197";"501";"1,74";"2166,39";"5342624,49";"1500"
"350550015";"Ibitu";"2000";"621";"1653";"1,75";"2372,69";"4498222,65";"2000"
"350560905";"Barrinha";"2000";"11196";"32086";"1,94";"2361,79";"3793347,83";"2000"
"350570805";"Barueri";"3000";"59481";"165844";"2,29";"6391,13";"498263295,18";"3000"
"350570810";"Aldeia";"2300";"19159";"56342";"2,46";"3329,52";"16976802,21";"2300"
"350570815";"Jardim Belval";"2700";"11297";"35809";"2,33";"4822,05";"150182896,68";"2700"
"350570820";"Jardim Silveira";"2000";"19511";"58214";"2,13";"2659,21";"697595928,62";"2000"
"350580705";"Bastos";"1800";"7530";"21467";"1,76";"2546,48";"6746688,76";"1800"
"350590605";"Batatais";"2100";"21410";"58184";"1,73";"3029,24";"12436787,87";"2100"
"350600305";"Bauru";"2400";"139447";"369727";"1,80";"3921,49";"49625454,62";"2400"
"350600310";"Tibiriçá";"1600";"536";"1609";"2,33";"2020,55";"2014162,43";"1600"
"350610205";"Bebedouro";"2000";"27304";"74129";"1,70";"3055,70";"14177834,35";"2000"
"350610210";"Botafogo";"1800";"512";"1438";"1,76";"2214,35";"3683019,22";"1800"
"350610215";"Turvínia";"2400";"201";"509";"1,20";"2989,05";"11570379,60";"2400"
"350620105";"Bento de Abreu";"2000";"929";"2605";"1,77";"2556,60";"10280261,05";"2000"
"350630005";"Bernardino de Campos";"1923";"3879";"10531";"1,93";"2594,77";"6842628,65";"1922.5"
"350635905";"Bertioga";"2000";"22680";"63838";"2,19";"2825,28";"68209796,62";"2000"
"350640905";"Bilac";"2000";"2798";"7286";"1,50";"2606,80";"9164959,70";"2000"
"350650805";"Birigui";"2000";"45367";"118610";"1,53";"2884,23";"14808164,08";"2000"
"350660705";"Biritiba Mirim";"1500";"10427";"29601";"2,04";"2126,84";"4447745,40";"1500"
"350670605";"Boa Esperança do Sul";"1600";"4655";"12945";"1,95";"2208,30";"4678571,27";"1600"
"350680505";"Bocaina";"2000";"4075";"11223";"1,75";"2549,74";"5488311,11";"2000"
"350690405";"Bofete";"1600";"3779";"10038";"1,80";"2295,50";"6235829,26";"1600"
"350690410";"São Roque Novo";"1250";"160";"404";"1,53";"1789,26";"1845868,15";"1250"
"350700105";"Boituva";"2300";"21710";"61008";"1,84";"3378,17";"20140197,21";"2300"
"350710005";"Bom Jesus dos Perdões";"2000";"7713";"21891";"2,04";"2665,70";"7780359,48";"2000"
"350715905";"Bom Sucesso de Itararé";"1300";"1172";"3543";"1,87";"1921,14";"3362759,78";"1300"
"350720905";"Borá";"1806";"322";"907";"1,95";"2139,43";"1802562,75";"1805.5"
"350730805";"Boracéia";"1800";"1635";"4715";"1,83";"2253,42";"3989824,20";"1800"
"350740705";"Borborema";"1800";"5477";"14176";"1,55";"2704,93";"20012148,54";"1800"
"350745605";"Borebi";"1600";"966";"2713";"1,91";"2137,91";"3030616,30";"1600"
"350750605";"Botucatu";"2500";"49488";"130623";"1,76";"3628,49";"37878433,66";"2500"
"350750610";"Rubião Júnior";"1800";"3866";"11167";"2,02";"2597,27";"12850590,94";"1800"
"350750615";"Vitoriana";"1500";"1054";"2807";"2,17";"1963,46";"2439713,47";"1500"
"350760505";"Bragança Paulista";"2400";"63424";"176330";"1,93";"3539,89";"18460373,57";"2400"
"350770405";"Braúna";"1500";"1965";"5355";"1,68";"2283,21";"10808995,18";"1500"
"350775305";"Brejo Alegre";"1600";"962";"2530";"1,52";"2304,43";"44827240,62";"1600"
"350780305";"Brodowski";"2000";"8879";"25157";"1,76";"2967,67";"10828252,23";"2000"
"350790205";"Brotas";"2500";"8287";"22899";"1,81";"3156,92";"20050019,15";"2500"
"350790210";"São Sebastião da Serra";"2000";"327";"875";"1,72";"2383,47";"3115384,86";"2000"
"350800905";"Buri";"1212";"6707";"19459";"2,16";"2153,53";"171366088,89";"1212"
"350800910";"Aracaçu";"1848";"265";"766";"1,85";"2351,26";"5414871,49";"1847.5"
"350810805";"Buritama";"1800";"6691";"17125";"1,58";"2569,84";"9149125,32";"1800"
"350820705";"Buritizal";"2000";"1661";"4347";"1,67";"2809,49";"9706220,41";"2000"
"350830605";"Cabrália Paulista";"1500";"1597";"4288";"1,90";"2058,29";"3388308,18";"1500"
"350840505";"Cabreúva";"2100";"2989";"8525";"1,97";"3010,18";"16280460,85";"2100"
"350840510";"Bom Fim do Bom Jesus";"1800";"1243";"3956";"2,35";"2108,28";"2295454,21";"1800"
"350840520";"Jacaré";"2000";"11312";"34401";"2,14";"2761,53";"8377370,05";"2000"
"350850405";"Caçapava";"2000";"33646";"95908";"1,96";"3125,85";"12828306,78";"2000"
"350860305";"Cachoeira Paulista";"1800";"10903";"31502";"2,15";"2843,02";"109104553,77";"1800"
"350870205";"Caconde";"1300";"5574";"15286";"1,88";"2297,75";"7269615,86";"1300"
"350870210";"Barrânia";"1212";"634";"1724";"1,79";"1652,09";"2418146,17";"1212"
"350880105";"Cafelândia";"1800";"5408";"14362";"1,80";"2936,89";"454330795,32";"1800"
"350880110";"Bacuriti";"1500";"372";"999";"2,09";"2123,63";"3637953,11";"1500"
"350880115";"Cafesópolis";"1212";"38";"90";"1,27";"1681,00";"756524,49";"1212"
"350880120";"Simões";"1471";"420";"1139";"2,10";"2086,36";"12818870,28";"1471"
"350890005";"Caiabu";"1800";"1133";"2850";"1,33";"2218,52";"3963931,45";"1800"
"350890010";"Boa Esperança d'Oeste";"1900";"82";"205";"1,36";"2025,21";"1318377,57";"1900"
"350890015";"Iubatinga";"1800";"252";"657";"1,66";"2111,68";"3567271,67";"1800"
"350900705";"Caieiras";"2000";"32681";"94748";"1,96";"3208,08";"844229008,53";"2000"
"350910605";"Caiuá";"1300";"1692";"4307";"1,54";"2032,79";"4386119,03";"1300"
"350920505";"Cajamar";"1500";"5979";"17566";"2,19";"2004,26";"3350790,49";"1500"
"350920510";"Jordanésia";"2000";"9346";"26385";"1,88";"2949,08";"19708462,51";"2000"
"350920515";"Polvilho";"3000";"17306";"48581";"1,68";"3928,13";"28842726,49";"3000"
"350925405";"Cajati";"1500";"9906";"28488";"1,91";"2195,01";"8563286,51";"1500"
"350930405";"Cajobi";"1800";"3140";"8137";"1,54";"2334,14";"5776598,26";"1800"
"350930415";"Monte Verde Paulista";"2000";"373";"990";"1,39";"2281,24";"3100360,10";"2000"
"350940305";"Cajuru";"1700";"8600";"23738";"1,84";"2473,53";"8438017,85";"1700"
"350945205";"Campina do Monte Alegre";"1512";"2008";"5495";"1,96";"2709,64";"528177104,83";"1512"
"350945215";"Salto";"2000";"186";"451";"1,39";"2393,59";"3489159,24";"2000"
"350950205";"Campinas";"3000";"300888";"770918";"1,70";"5247,76";"68070213,80";"3000"
"350950210";"Barão Geraldo";"4000";"22593";"58649";"1,88";"6891,19";"59933751,48";"4000"
"350950215";"Joaquim Egídio";"2500";"483";"1327";"2,02";"5072,81";"69480397,87";"2500"
"350950220";"Nova Aparecida";"2000";"13350";"37043";"1,79";"2461,76";"4256336,36";"2000"
"350950225";"Souzas";"3200";"6326";"17463";"1,72";"7046,80";"95643045,98";"3200"
"350950230";"Ouro Verde";"2000";"43450";"124463";"1,89";"2463,38";"5068640,43";"2000"
"350950235";"Campo Grande";"1800";"42414";"124893";"2,02";"2253,71";"5070274,59";"1800"
"350960105";"Campo Limpo Paulista";"2100";"21781";"62542";"1,99";"3087,34";"67616053,74";"2100"
"350960108";"Botujuru";"1760";"4885";"14637";"2,25";"2107,71";"2017743,76";"1760"
"350970005";"Campos do Jordão";"1800";"16107";"46514";"2,22";"2544,14";"8122000,26";"1800"
"350980905";"Campos Novos Paulista";"1600";"1806";"4864";"1,86";"2288,61";"10650293,11";"1600"
"350990805";"Cananéia";"1600";"4160";"11542";"2,13";"2493,79";"7022086,85";"1600"
"350990810";"Ariri";"1212";"204";"610";"2,29";"1658,16";"7222644,89";"1212"
"350995705";"Canas";"1400";"1575";"4913";"2,27";"2032,77";"4621894,70";"1400"
"351000505";"Cândido Mota";"2000";"9928";"26859";"1,66";"2687,52";"12452228,93";"2000"
"351000510";"Frutal do Campo";"2000";"479";"1283";"1,69";"2509,91";"14916893,47";"2000"
"351000515";"Nova Alexandria";"1920";"300";"769";"1,44";"2254,67";"2851254,09";"1920"
"351000520";"Santo Antônio do Paranapanema";"1550";"188";"475";"1,68";"2743,63";"9717404,22";"1550"
"351010405";"Cândido Rodrigues";"1700";"1102";"2876";"1,44";"2327,85";"6845202,20";"1700"
"351015305";"Canitar";"1800";"2077";"6281";"2,04";"2151,31";"2441742,24";"1800"
"351020305";"Capão Bonito";"1500";"15875";"45686";"2,06";"2269,72";"7807888,49";"1500"
"351020308";"Apiaí-Mirim";"1373";"166";"498";"2,18";"1480,18";"232992,80";"1372.5"
"351030205";"Capela do Alto";"1500";"6316";"18317";"2,04";"2150,66";"21855382,30";"1500"
"351030220";"Porto";"1800";"799";"2297";"2,05";"2056,72";"2636876,17";"1800"
"351040105";"Capivari";"2400";"17188";"49995";"1,98";"2894,42";"7745752,04";"2400"
"351050005";"Caraguatatuba";"2200";"24951";"66674";"1,98";"3592,99";"31710661,92";"2200"
"351050010";"Porto Novo";"2000";"23665";"67159";"2,04";"2522,76";"5869592,84";"2000"
"351060905";"Carapicuíba";"2000";"81260";"226790";"2,01";"2562,68";"133391578,19";"2000"
"351060910";"Aldeia de Carapicuíba";"2000";"14421";"40880";"2,00";"3089,28";"18592416,61";"2000"
"351060930";"Vila Dirce";"2000";"41092";"118897";"2,06";"2807,86";"19351201,05";"2000"
"351070805";"Cardoso";"1800";"4239";"10397";"1,48";"2452,87";"5187145,56";"1800"
"351070810";"São João do Marinheiro";"1600";"364";"915";"1,85";"2015,87";"1378436,30";"1600"
"351080705";"Casa Branca";"2000";"8897";"24055";"1,88";"2883,80";"8759240,53";"2000"
"351080710";"Lagoa Branca";"1600";"460";"1320";"1,79";"2083,63";"2098781,03";"1600"
"351080715";"Venda Branca";"1500";"387";"1070";"1,62";"1857,60";"1317692,21";"1500"
"351090605";"Cássia dos Coqueiros";"1600";"1076";"2788";"1,56";"2495,70";"14663588,70";"1600"
"351100305";"Castilho";"2000";"7326";"19788";"1,78";"2489,28";"7612721,66";"2000"
"351110205";"Catanduva";"2200";"44039";"115534";"1,64";"3214,77";"15040457,19";"2200"
"351120105";"Catiguá";"2100";"2510";"6991";"1,60";"2613,69";"3762887,54";"2100"
"351130005";"Cedral";"2200";"4656";"12560";"1,64";"2987,16";"12651641,48";"2200"
"351140905";"Cerqueira César";"2000";"7391";"20231";"1,96";"2673,70";"7692168,89";"2000"
"351150805";"Cerquilho";"2400";"15898";"44520";"1,73";"3121,51";"10098293,36";"2400"
"351160705";"Cesário Lange";"2000";"5075";"14841";"1,97";"2470,13";"8250209,61";"2000"
"351160720";"Fazenda Velha";"1600";"1058";"3080";"1,91";"1959,18";"2341236,58";"1600"
"351170605";"Charqueada";"2000";"3772";"10862";"1,78";"2687,62";"8035494,00";"2000"
"351170610";"Paraisolândia";"2100";"1568";"4667";"1,92";"2685,29";"4091863,22";"2100"
"351190405";"Clementina";"1800";"2488";"6753";"1,66";"2183,09";"2827420,53";"1800"
"351190410";"Lauro Penteado";"1230";"78";"210";"1,46";"1764,38";"1688272,40";"1230"
"351200105";"Colina";"2000";"6560";"18444";"2,02";"2605,50";"7086355,94";"2000"
"351210005";"Colômbia";"1610";"2323";"6394";"2,02";"2158,80";"7574133,01";"1610"
"351220905";"Conchal";"1715";"9112";"27026";"2,16";"2589,24";"482487629,63";"1715"
"351220910";"Tujuguaba";"2000";"341";"1000";"1,89";"2445,82";"3905694,10";"2000"
"351230805";"Conchas";"1800";"5357";"14554";"1,86";"2708,41";"10021795,17";"1800"
"351230810";"Juquiratiba";"1212";"231";"592";"1,59";"1897,01";"1868796,37";"1212"
"351240705";"Cordeirópolis";"2400";"8524";"24461";"1,85";"2977,89";"9143036,70";"2400"
"351250605";"Coroados";"1900";"2021";"5399";"1,61";"2526,04";"10158820,65";"1900"
"351260505";"Coronel Macedo";"1212";"1654";"4280";"1,54";"2852,12";"1484423191,31";"1212"
"351270405";"Corumbataí";"2000";"1458";"4186";"1,93";"2687,71";"15511450,62";"2000"
"351280305";"Cosmópolis";"2243";"21678";"59640";"1,78";"2920,11";"7582046,15";"2243"
"351290205";"Cosmorama";"1800";"3267";"8717";"1,75";"2308,15";"5830624,99";"1800"
"351300905";"Cotia";"2500";"79792";"225693";"1,84";"4491,12";"250441955,10";"2500"
"351300910";"Caucaia do Alto";"2000";"16094";"47913";"2,10";"2655,27";"6870958,21";"2000"
"351310805";"Cravinhos";"2000";"11347";"33204";"1,88";"3128,76";"15743486,21";"2000"
"351320705";"Cristais Paulista";"1900";"3262";"9261";"1,91";"2621,06";"12563244,30";"1900"
"351330605";"Cruzália";"1750";"822";"2108";"1,48";"2333,45";"4022558,80";"1750"
"351340505";"Cruzeiro";"2000";"26774";"74847";"2,01";"2923,95";"12187775,10";"2000"
"351350405";"Cubatão";"2000";"40067";"112321";"1,95";"2457,73";"13396886,28";"2000"
"351360305";"Cunha";"1212";"7342";"18741";"1,59";"2454,78";"916472569,56";"1212"
"351360310";"Campos de Cunha";"1200";"1231";"3321";"1,63";"1454,77";"1666521,10";"1200"
"351370205";"Descalvado";"2100";"11396";"31613";"1,81";"3193,30";"195732596,52";"2100"
"351380105";"Diadema";"2000";"144815";"392325";"1,78";"2653,66";"57658565,10";"2000"
"351385005";"Dirce Reis";"1700";"642";"1620";"1,42";"2086,92";"1738508,41";"1700"
"351390005";"Divinolândia";"1800";"3604";"9381";"1,52";"2683,53";"9945377,87";"1800"
"351390010";"Campestrinho";"1620";"585";"1596";"1,66";"2312,61";"12916303,63";"1620"
"351400705";"Dobrada";"1800";"3076";"8758";"1,87";"2358,11";"6969640,16";"1800"
"351410605";"Dois Córregos";"1600";"8376";"23169";"1,88";"2321,48";"5009915,94";"1600"
"351410610";"Guarapuã";"1550";"470";"1163";"1,65";"1982,35";"1276332,72";"1550"
"351420505";"Dolcinópolis";"1500";"887";"2206";"1,53";"1983,33";"2115899,64";"1500"
"351430405";"Dourado";"2000";"3103";"8075";"1,64";"2609,32";"9165384,29";"2000"
"351440305";"Dracena";"2200";"16558";"42911";"1,56";"3237,53";"14940844,38";"2200"
"351440310";"Jaciporã";"1300";"282";"737";"1,69";"1821,65";"1046266,90";"1300"
"351440315";"Jamaica";"1500";"253";"651";"1,40";"2184,34";"10121464,46";"1500"
"351450205";"Duartina";"1600";"4790";"12305";"1,58";"2572,17";"27108231,47";"1600"
"351460105";"Dumont";"2000";"3296";"9465";"1,77";"2760,40";"8736908,22";"2000"
"351470005";"Echaporã";"1800";"2283";"6204";"1,77";"2411,28";"6470783,06";"1800"
"351480905";"Eldorado";"1500";"3128";"8779";"2,07";"3263,18";"3007521307,93";"1500"
"351480910";"Braço";"1212";"429";"1174";"1,87";"1592,76";"1328331,41";"1212"
"351480915";"Itapeúna";"1212";"1033";"3072";"2,41";"1605,56";"2516295,82";"1212"
"351490805";"Elias Fausto";"2000";"4638";"13834";"2,03";"2518,38";"13760035,80";"2000"
"351490810";"Cardeal";"2000";"1326";"3835";"1,80";"2416,92";"3500741,39";"2000"
"351492405";"Elisiário";"2000";"1184";"3138";"1,48";"2399,11";"3993375,87";"2000"
"351495705";"Embaúba";"1647";"896";"2323";"1,58";"2164,61";"5773245,02";"1647"
"351500405";"Embu das Artes";"1500";"87972";"250101";"2,06";"2173,94";"19520600,97";"1500"
"351510305";"Embu-Guaçu";"1800";"16084";"45438";"2,09";"2578,98";"11077189,74";"1800"
"351510310";"Cipó-Guaçu";"1500";"7293";"21139";"2,15";"2360,87";"236410670,44";"1500"
"351512905";"Emilianópolis";"1400";"1177";"3012";"1,50";"2023,39";"3030946,16";"1400"
"351515205";"Engenheiro Coelho";"1900";"6884";"19438";"1,76";"2759,77";"12556386,88";"1900"
"351518605";"Espírito Santo do Pinhal";"2000";"14372";"39599";"1,80";"2915,41";"9423525,46";"2000"
"351519405";"Espírito Santo do Turvo";"1500";"1482";"4155";"1,85";"1972,87";"2605672,11";"1500"
"351520205";"Estrela d'Oeste";"2000";"3464";"9292";"1,70";"2781,83";"9623854,53";"2000"
"351530105";"Estrela do Norte";"1700";"971";"2703";"1,54";"2458,91";"17037917,66";"1700"
"351535005";"Euclides da Cunha Paulista";"1212";"3022";"7919";"1,65";"1942,52";"5792388,08";"1212"
"351540005";"Fartura";"1500";"6214";"16570";"1,68";"2325,12";"5611214,82";"1500"
"351550905";"Fernandópolis";"2000";"27279";"70168";"1,54";"3058,03";"13594198,91";"2000"
"351550910";"Brasitânia";"1500";"342";"837";"1,55";"1837,44";"1896157,63";"1500"
"351560805";"Fernando Prestes";"1800";"1703";"4540";"1,62";"2434,78";"4570531,52";"1800"
"351560810";"Agulha";"1800";"534";"1396";"1,84";"2419,16";"5953310,80";"1800"
"351565705";"Fernão";"1500";"613";"1655";"1,65";"2101,81";"3213206,91";"1500"
"351570705";"Ferraz de Vasconcelos";"1800";"45744";"133187";"2,03";"2311,84";"9634007,06";"1800"
"351570710";"Santa Margarida Paulista";"1500";"9026";"26296";"2,15";"1922,21";"2856939,05";"1500"
"351570715";"Santo Antônio Paulista";"1700";"6526";"18799";"2,09";"2112,94";"2888060,41";"1700"
"351580605";"Flora Rica";"1453";"610";"1487";"1,69";"2099,19";"3872874,56";"1452.5"
"351590505";"Floreal";"1800";"1120";"2718";"1,31";"2730,53";"11217450,16";"1800"
"351600205";"Flórida Paulista";"1800";"3852";"10284";"1,69";"2319,24";"6447409,50";"1800"
"351600210";"Atlântida";"1800";"172";"423";"1,45";"2081,41";"1549176,24";"1800"
"351600215";"Indaiá do Aguapeí";"1800";"289";"850";"2,11";"2035,14";"1001516,84";"1800"
"351610105";"Florínea";"1500";"1052";"2760";"1,87";"2196,34";"7327755,99";"1500"
"351620005";"Franca";"2000";"127909";"350906";"1,81";"3090,12";"14822253,88";"2000"
"351630905";"Francisco Morato";"1500";"57668";"164967";"2,27";"1955,65";"186674608,65";"1500"
"351640805";"Franco da Rocha";"2000";"49307";"140117";"2,05";"2470,08";"6138761,10";"2000"
"351650705";"Gabriel Monteiro";"1600";"1071";"2763";"1,45";"2316,17";"4514198,20";"1600"
"351660605";"Gália";"1500";"2441";"6350";"1,57";"2224,19";"6648912,56";"1500"
"351670505";"Garça";"2000";"14829";"40032";"1,78";"2707,88";"9353751,94";"2000"
"351670510";"Jafa";"1500";"694";"1905";"1,66";"2018,47";"1763222,31";"1500"
"351680405";"Gastão Vidigal";"1300";"1244";"3242";"1,57";"2203,51";"6709626,04";"1300"
"351685305";"Gavião Peixoto";"1800";"1640";"4700";"1,97";"2305,58";"5244607,87";"1800"
"351690305";"General Salgado";"2000";"3785";"9633";"1,63";"2763,93";"13907929,17";"2000"
"351690313";"Prudêncio e Moraes";"1500";"232";"626";"1,84";"2040,18";"3095618,89";"1500"
"351700005";"Getulina";"1600";"2971";"7841";"1,91";"2241,04";"3511543,83";"1600"
"351700010";"Macucos";"2000";"383";"988";"1,66";"2357,73";"9316743,51";"2000"
"351700015";"Santa América";"1306";"50";"125";"1,36";"1692,17";"560709,42";"1306"
"351710905";"Glicério";"1600";"1226";"3237";"1,70";"2299,32";"5283144,68";"1600"
"351710910";"Juritis";"1655";"326";"887";"1,67";"2724,87";"23719194,29";"1655"
"351720805";"Guaiçara";"1600";"3987";"11211";"1,90";"2166,36";"3854511,72";"1600"
"351730705";"Guaimbê";"1500";"2014";"5354";"1,69";"1955,46";"2322542,82";"1500"
"351730710";"Fátima";"2000";"39";"131";"2,76";"2134,86";"1098706,79";"2000"
"351740605";"Guaíra";"2000";"14707";"39197";"1,65";"2966,44";"13788923,97";"2000"
"351750505";"Guapiaçu";"2000";"7735";"21657";"1,77";"2642,59";"11375685,80";"2000"
"351760405";"Guapiara";"1212";"6156";"17056";"1,76";"1724,73";"3706998,94";"1212"
"351770305";"Guará";"1700";"6461";"17993";"1,91";"2357,82";"6398451,98";"1700"
"351770310";"Pioneiros";"1500";"220";"568";"1,61";"2189,29";"21686592,41";"1500"
"351780205";"Guaraçaí";"1800";"2941";"7418";"1,54";"2437,83";"6016609,02";"1800"
"351790105";"Guaraci";"1700";"3915";"10313";"1,70";"2341,07";"7546962,85";"1700"
"351800805";"Guarani d'Oeste";"1500";"808";"1968";"1,52";"2057,00";"4634100,17";"1500"
"351810705";"Guarantã";"1500";"2295";"6403";"2,02";"2168,71";"10689444,59";"1500"
"351820605";"Guararapes";"2000";"11612";"30895";"1,61";"2657,54";"9360619,82";"2000"
"351820610";"Ribeiro do Vale";"1625";"37";"90";"1,03";"2615,00";"16286743,43";"1625"
"351830505";"Guararema";"1800";"11086";"31184";"1,87";"2891,67";"111604922,29";"1800"
"351840405";"Guaratinguetá";"2000";"41900";"117110";"1,99";"3409,49";"17298288,67";"2000"
"351850305";"Guareí";"1600";"4513";"12263";"1,73";"2271,88";"6950114,13";"1600"
"351860205";"Guariba";"2000";"12897";"36703";"1,78";"2512,74";"5416568,76";"2000"
"351870105";"Guarujá";"2000";"52187";"145454";"2,06";"3409,07";"147041060,82";"2000"
"351870110";"Vicente de Carvalho";"1900";"47178";"141583";"2,37";"2287,46";"37523358,05";"1900"
"351880005";"Guarulhos";"2300";"291920";"819429";"1,98";"3678,70";"333302073,33";"2300"
"351880010";"Jardim Presidente Dutra";"1690";"158433";"464027";"2,16";"2129,81";"19743793,27";"1690"
"351885905";"Guatapará";"1508";"2533";"7275";"1,97";"2287,13";"6658937,88";"1507.5"
"351890905";"Guzolândia";"1300";"1630";"4244";"1,60";"1947,95";"2922362,01";"1300"
"351900605";"Herculândia";"1900";"3095";"8521";"1,82";"2394,50";"5994142,63";"1900"
"351900610";"Juliânia";"1350";"208";"579";"2,15";"1923,35";"1186921,46";"1350"
"351905505";"Holambra";"2500";"5163";"15052";"1,89";"4288,01";"34880444,01";"2500"
"351907105";"Hortolândia";"2200";"80791";"232158";"1,80";"3103,19";"10732977,57";"2200"
"351910505";"Iacanga";"1860";"3948";"10412";"1,69";"2443,19";"5334237,44";"1860"
"351920405";"Iacri";"1480";"2197";"5987";"1,68";"2154,67";"5379753,66";"1480"
"351920410";"Anápolis";"1212";"60";"135";"2,06";"1442,26";"877927,08";"1212"
"351925305";"Iaras";"1500";"1791";"5112";"2,51";"2193,81";"11237152,86";"1500"
"351930305";"Ibaté";"1800";"11089";"32166";"1,91";"2220,82";"3607914,75";"1800"
"351940205";"Ibirá";"1800";"3957";"10558";"1,64";"2636,16";"9324467,37";"1800"
"351940225";"Termas de Ibirá";"2000";"447";"1113";"2,38";"3040,46";"10094667,13";"2000"
"351950105";"Ibirarema";"1500";"2403";"6363";"1,69";"2624,90";"431334852,41";"1500"
"351960005";"Ibitinga";"1700";"22037";"59468";"1,70";"2367,39";"6990048,88";"1700"
"351960010";"Cambaratiba";"1600";"166";"399";"1,32";"2029,42";"2848595,76";"1600"
"351970905";"Ibiúna";"1580";"23384";"67053";"2,08";"2485,09";"66092355,76";"1580"
"351970910";"Paruru";"1500";"2955";"8405";"1,95";"2091,65";"3853974,97";"1500"
"351980805";"Icém";"1900";"2592";"6920";"1,76";"2574,36";"9473925,50";"1900"
"351990705";"Iepê";"1600";"2901";"7583";"1,61";"2340,67";"5119547,41";"1600"
"352000405";"Igaraçu do Tietê";"1800";"8187";"22842";"1,99";"2235,03";"3614864,38";"1800"
"352010305";"Igarapava";"2000";"9853";"26153";"1,70";"2570,52";"6747600,30";"2000"
"352020205";"Igaratá";"1500";"3923";"10571";"1,83";"2571,73";"79349279,28";"1500"
"352030105";"Iguape";"1300";"10805";"28960";"2,03";"2195,24";"7956649,00";"1300"
"352040005";"Ilhabela";"2069";"10667";"29352";"1,98";"3256,24";"17112493,91";"2069"
"352040010";"Cambaquara";"2432";"1845";"4946";"2,01";"3745,08";"29319061,82";"2432"
"352040015";"Paranabi";"1212";"180";"496";"1,73";"1508,46";"1126935,50";"1212"
"352042605";"Ilha Comprida";"1600";"5249";"13297";"1,93";"2381,57";"6151371,60";"1600"
"352044205";"Ilha Solteira";"2500";"9704";"25534";"1,60";"3656,56";"14675764,62";"2500"
"352050905";"Indaiatuba";"3000";"90742";"255128";"1,78";"4974,34";"84629450,24";"3000"
"352060805";"Indiana";"1800";"1919";"5090";"1,62";"2441,58";"6921514,42";"1800"
"352070705";"Indiaporã";"1400";"1662";"4028";"1,54";"2231,12";"7732648,63";"1400"
"352080605";"Inúbia Paulista";"1800";"1312";"3589";"1,56";"2240,03";"2870981,40";"1800"
"352090505";"Ipaussu";"2000";"4877";"13683";"1,91";"2490,63";"5636655,94";"2000"
"352100205";"Iperó";"2000";"6073";"17289";"1,94";"2760,30";"89092725,06";"2000"
"352100210";"Bacaetava";"1580";"5692";"16315";"2,25";"2060,63";"2792950,91";"1580"
"352110105";"Ipeúna";"2000";"2392";"6830";"1,99";"2901,10";"16034803,93";"2000"
"352115005";"Ipiguá";"1650";"2445";"6761";"1,75";"2375,43";"5394490,14";"1650"
"352120005";"Iporanga";"1212";"1435";"3970";"2,21";"1833,42";"3436116,42";"1212"
"352130905";"Ipuã";"2000";"5337";"14440";"1,65";"2560,65";"9617653,37";"2000"
"352140805";"Iracemápolis";"2400";"7539";"21933";"1,76";"3103,02";"7667326,09";"2400"
"352150705";"Irapuã";"1600";"2457";"6834";"1,76";"2223,49";"5440345,06";"1600"
"352160605";"Irapuru";"1500";"2358";"5879";"1,51";"2220,17";"3443390,84";"1500"
"352170505";"Itaberá";"1300";"5107";"14078";"1,70";"2265,04";"7551747,33";"1300"
"352170508";"Tomé";"1212";"277";"714";"1,59";"1587,81";"580761,93";"1212"
"352170510";"Turiba do Sul";"1212";"328";"803";"1,60";"1615,77";"1156939,81";"1212"
"352170515";"Engenheiro Maia";"1212";"803";"2339";"1,70";"1572,00";"1459279,20";"1212"
"352180405";"Itaí";"1600";"8659";"24085";"1,89";"2429,47";"7785588,04";"1600"
"352190305";"Itajobi";"2000";"5778";"15792";"1,73";"2752,22";"8095436,26";"2000"
"352190307";"Nova Cardoso";"2000";"438";"1156";"1,46";"2788,84";"13265604,97";"2000"
"352200005";"Itaju";"1806";"1305";"3614";"1,98";"2356,50";"4176117,40";"1806"
"352210905";"Itanhaém";"1600";"41961";"112217";"2,08";"2506,73";"9741985,18";"1600"
"352215805";"Itaoca";"1212";"1262";"3422";"1,98";"1598,62";"2464897,99";"1212"
"352220805";"Itapecerica da Serra";"1800";"37652";"108349";"2,09";"2519,30";"9889115,78";"1800"
"352220815";"Jardim Jacira";"1500";"16894";"49473";"2,26";"1876,60";"1898633,08";"1500"
"352230705";"Itapetininga";"2000";"49010";"138424";"1,95";"3138,64";"34964121,00";"2000"
"352230708";"Conceição";"1500";"515";"1517";"1,95";"2157,93";"5503070,70";"1500"
"352230715";"Gramadinho";"1500";"844";"2338";"1,77";"2019,02";"4008431,50";"1500"
"352230720";"Morro do Alto";"1800";"659";"1790";"1,72";"2395,38";"8968615,81";"1800"
"352230725";"Rechan";"1600";"1371";"4277";"2,13";"1906,36";"1436836,64";"1600"
"352230730";"Tupy";"1300";"917";"2679";"1,97";"1848,09";"1920170,39";"1300"
"352230735";"Varginha";"1212";"1217";"3235";"1,63";"1860,93";"2610922,08";"1212"
"352240605";"Itapeva";"1800";"28669";"80704";"1,92";"2759,82";"18351740,58";"1800"
"352240611";"Alto da Brancal";"1212";"663";"1913";"2,00";"1642,32";"1253271,76";"1212"
"352240613";"Areia Branca";"1212";"821";"2318";"1,70";"1518,62";"727253,27";"1212"
"352240615";"Guarizinho";"1800";"1615";"4609";"1,67";"2138,20";"4483648,85";"1800"
"352250505";"Itapevi";"1800";"81801";"231876";"2,09";"2297,74";"25447936,88";"1800"
"352260405";"Itapira";"2200";"25075";"68248";"1,72";"3065,87";"10589488,37";"2200"
"352260410";"Barão Ataliba Nogueira";"1900";"919";"2635";"1,80";"2116,75";"2838733,06";"1900"
"352260415";"Eleutério";"2000";"198";"543";"2,07";"2317,28";"1979995,35";"2000"
"352265305";"Itapirapuã Paulista";"1300";"1559";"4305";"1,91";"1813,11";"3464661,71";"1300"
"352270305";"Itápolis";"2000";"13621";"35728";"1,67";"2775,15";"11608044,56";"2000"
"352270310";"Nova América";"1326";"533";"1353";"1,54";"1893,27";"1787434,08";"1326"
"352270315";"Tapinas";"1750";"846";"2356";"1,65";"2165,94";"4783095,49";"1750"
"352280205";"Itaporanga";"1300";"5214";"14002";"1,79";"2160,95";"6057280,29";"1300"
"352290105";"Itapuí";"1800";"4749";"13610";"2,02";"2298,65";"4541575,07";"1800"
"352300805";"Itapura";"1500";"1519";"3973";"1,78";"2191,92";"6494522,78";"1500"
"352310705";"Itaquaquecetuba";"1700";"122125";"368899";"2,21";"2215,68";"6516014,19";"1700"
"352320605";"Itararé";"1500";"16015";"43096";"1,72";"2575,54";"179985981,33";"1500"
"352320625";"Pedra Branca de Itararé";"1212";"315";"816";"1,64";"1782,58";"4253988,56";"1212"
"352320630";"Santa Cruz dos Lopes";"1212";"182";"414";"1,48";"1481,74";"1027750,72";"1212"
"352330505";"Itariri";"1300";"3146";"8424";"2,12";"2108,92";"5581467,19";"1300"
"352330510";"Ana Dias";"1212";"2508";"7037";"2,34";"1734,29";"5332860,69";"1212"
"352340405";"Itatiba";"2500";"43737";"121174";"1,82";"3838,92";"23880597,44";"2500"
"352350305";"Itatinga";"2000";"5872";"17561";"2,15";"2580,58";"4816042,20";"2000"
"352350310";"Lobo";"1500";"151";"489";"2,77";"2074,78";"11575448,39";"1500"
"352360205";"Itirapina";"2000";"4693";"12868";"1,91";"3008,67";"63402561,42";"2000"
"352360210";"Itaqueri da Serra";"2000";"94";"267";"1,94";"2860,92";"9497004,25";"2000"
"352370105";"Itirapuã";"1323";"2005";"5756";"2,19";"1873,38";"2241593,25";"1322.5"
"352380005";"Itobi";"1630";"2906";"8000";"1,71";"2242,25";"4673879,66";"1630"
"352390905";"Itu";"2200";"59531";"167675";"1,98";"3478,33";"63242748,48";"2200"
"352400605";"Itupeva";"2500";"23683";"70531";"1,78";"3980,80";"24560169,41";"2500"
"352410505";"Ituverava";"2000";"12935";"34400";"1,62";"2994,77";"19626225,54";"2000"
"352410510";"Capivari da Mata";"1500";"152";"396";"1,71";"2096,05";"2663528,63";"1500"
"352410515";"São Benedito da Cachoeirinha";"1500";"944";"2688";"1,98";"1859,07";"1211944,29";"1500"
"352420405";"Jaborandi";"1800";"2278";"6197";"1,72";"2670,81";"22265498,01";"1800"
"352430305";"Jaboticabal";"2278";"26823";"70017";"1,65";"3390,79";"18099915,99";"2278"
"352430310";"Córrego Rico";"2000";"405";"1161";"1,80";"2414,53";"2478042,31";"2000"
"352430315";"Lusitânia";"1800";"160";"430";"1,89";"1917,89";"1291150,65";"1800"
"352440205";"Jacareí";"2400";"78046";"219224";"1,86";"3464,55";"24155809,58";"2400"
"352440207";"Parque Meia Lua";"1500";"3414";"10404";"2,21";"1872,00";"2400089,37";"1500"
"352440210";"São Silvestre de Jacareí";"2000";"3599";"10331";"1,92";"2562,44";"8370995,87";"2000"
"352450105";"Jaci";"2000";"2637";"7444";"1,75";"2476,96";"6638284,31";"2000"
"352460005";"Jacupiranga";"1500";"5828";"16056";"2,00";"2261,02";"7122894,02";"1500"
"352470905";"Jaguariúna";"2500";"21437";"59124";"1,90";"3854,39";"24875614,86";"2500"
"352480805";"Jales";"2000";"19080";"48638";"1,46";"3168,60";"14317698,12";"2000"
"352490705";"Jambeiro";"2000";"2296";"6373";"1,94";"3082,23";"17072366,94";"2000"
"352500305";"Jandira";"2000";"42007";"118017";"1,87";"3080,55";"25979443,31";"2000"
"352510205";"Jardinópolis";"2000";"14268";"41640";"2,03";"2800,71";"9427270,77";"2000"
"352510210";"Jurucê";"2200";"598";"1642";"1,68";"2949,74";"6974257,00";"2200"
"352520105";"Jarinu";"2000";"12962";"37465";"1,90";"2778,41";"11992671,84";"2000"
"352530005";"Jaú";"2100";"45517";"123885";"1,69";"3167,86";"22511061,41";"2100"
"352530010";"Potunduva";"1600";"2993";"8868";"1,93";"2092,58";"2711448,79";"1600"
"352540905";"Jeriquara";"1860";"1318";"3863";"1,97";"2434,54";"8039967,12";"1860"
"352550805";"Joanópolis";"1900";"4662";"12750";"1,90";"2734,50";"9747046,06";"1900"
"352560705";"João Ramalho";"2000";"1543";"4363";"1,81";"2963,83";"429630109,10";"2000"
"352570605";"José Bonifácio";"2000";"13333";"36517";"1,65";"2961,54";"11285855,13";"2000"
"352580505";"Júlio Mesquita";"1300";"1562";"4254";"1,90";"1891,90";"2142943,89";"1300"
"352585405";"Jumirim";"1900";"998";"3045";"2,03";"2260,17";"2358424,45";"1900"
"352590405";"Jundiaí";"3000";"163202";"441242";"1,66";"5053,75";"38236309,17";"3000"
"352600105";"Junqueirópolis";"1900";"7150";"19107";"1,70";"2585,49";"8268186,49";"1900"
"352610005";"Juquiá";"1220";"6343";"17109";"2,06";"1989,35";"4002800,62";"1220"
"352620905";"Juquitiba";"1300";"8043";"21921";"2,12";"1988,59";"4288574,51";"1300"
"352620910";"Barnabés";"1300";"1951";"5352";"2,34";"1781,99";"1550397,21";"1300"
"352630805";"Lagoinha";"1500";"2075";"4981";"1,47";"2133,31";"8814033,78";"1500"
"352640705";"Laranjal Paulista";"2000";"8354";"23483";"1,89";"2984,06";"192343734,56";"2000"
"352640710";"Laras";"1500";"280";"700";"1,63";"2051,45";"2629416,12";"1500"
"352640715";"Maristela";"2000";"647";"1988";"1,99";"2479,69";"4378994,41";"2000"
"352650605";"Lavínia";"1700";"1764";"4606";"1,75";"2356,54";"4540486,74";"1700"
"352650610";"Tabajara";"1600";"65";"163";"2,10";"2049,20";"1620454,34";"1600"
"352660505";"Lavrinhas";"1700";"1668";"5024";"2,10";"2467,08";"9417819,24";"1700"
"352660510";"Pinheiros";"1500";"720";"2106";"2,37";"2095,06";"4132997,51";"1500"
"352670405";"Leme";"2000";"35754";"97929";"1,76";"2730,69";"10601683,81";"2000"
"352680305";"Lençóis Paulista";"2500";"22379";"65031";"1,92";"3645,80";"660477648,62";"2500"
"352680310";"Alfredo Guedes";"2000";"436";"1222";"2,11";"2409,65";"2771700,61";"2000"
"352690205";"Limeira";"2300";"104429";"290221";"1,82";"3420,52";"142984179,47";"2300"
"352700905";"Lindóia";"2000";"2591";"7014";"2,06";"2671,02";"8274061,62";"2000"
"352710805";"Lins";"2100";"28277";"73710";"1,67";"3216,21";"13870168,44";"2100"
"352710810";"Guapiranga";"1650";"144";"368";"2,21";"2672,99";"8117200,54";"1650"
"352720705";"Lorena";"2000";"30022";"84565";"1,98";"3045,78";"12262526,53";"2000"
"352725605";"Lourdes";"1500";"772";"1904";"1,41";"2099,52";"3612196,66";"1500"
"352730605";"Louveira";"2300";"17898";"51746";"1,80";"3407,83";"16318957,37";"2300"
"352740505";"Lucélia";"1600";"6600";"17475";"1,71";"2411,92";"6795493,15";"1600"
"352750405";"Lucianópolis";"1600";"889";"2366";"1,57";"2135,89";"3767922,55";"1600"
"352760305";"Luís Antônio";"2000";"4169";"12260";"1,82";"2505,92";"6641447,54";"2000"
"352770205";"Luiziânia";"1500";"1729";"4682";"1,70";"2053,25";"5005802,95";"1500"
"352780105";"Lupércio";"1280";"986";"2653";"1,76";"1810,05";"2243504,28";"1280"
"352780125";"Santa Terezinha";"1200";"486";"1328";"1,69";"1584,80";"839937,52";"1200"
"352790005";"Lutécia";"1500";"1036";"2661";"1,61";"2286,68";"6637363,07";"1500"
"352800705";"Macatuba";"2206";"5651";"16779";"1,99";"2810,17";"6885214,03";"2206"
"352810605";"Macaubal";"1700";"3008";"7446";"1,48";"2405,07";"7784088,81";"1700"
"352820505";"Macedônia";"2000";"1507";"3927";"1,71";"2518,03";"6978727,46";"2000"
"352830405";"Magda";"1600";"1257";"3163";"1,49";"2262,11";"4255140,26";"1600"
"352840305";"Mairinque";"2000";"17020";"48915";"1,98";"2802,88";"8676968,81";"2000"
"352850205";"Mairiporã";"2000";"24550";"68658";"2,01";"3463,49";"24457967,53";"2000"
"352850215";"Terra Preta";"1800";"8458";"24758";"2,26";"2364,43";"4739069,83";"1800"
"352860105";"Manduri";"2000";"3431";"9107";"1,69";"2690,90";"10820997,75";"2000"
"352860110";"São Berto";"2000";"258";"737";"1,82";"3278,25";"44782910,09";"2000"
"352870005";"Marabá Paulista";"1400";"1381";"3496";"1,43";"1908,30";"2231578,46";"1400"
"352880905";"Maracaí";"2000";"4567";"12024";"1,61";"2529,96";"9986304,71";"2000"
"352880910";"São José das Laranjeiras";"2100";"261";"627";"1,21";"2947,70";"14903025,90";"2100"
"352885805";"Marapoama";"2000";"1238";"3292";"1,41";"2591,94";"4429043,70";"2000"
"352890805";"Mariápolis";"1500";"1331";"3391";"1,60";"3300,13";"1824872618,01";"1500"
"352890810";"Mourão";"1600";"51";"120";"1,31";"2042,08";"2610598,62";"1600"
"352900505";"Marília";"2400";"75887";"200544";"1,71";"3541,17";"196717802,81";"2400"
"352900510";"Amadeu Amaral";"1600";"112";"294";"1,66";"2246,32";"9508931,36";"1600"
"352900515";"Avencas";"1500";"364";"994";"1,72";"2021,54";"2039618,93";"1500"
"352900520";"Dirceu";"1500";"818";"2389";"2,23";"1783,27";"2128878,77";"1500"
"352900525";"Lácio";"4500";"3126";"9024";"1,45";"6992,16";"57828655,02";"4500"
"352900530";"Padre Nóbrega";"2000";"7598";"21405";"1,65";"2621,64";"8363060,02";"2000"
"352900535";"Rosália";"1500";"470";"1176";"1,67";"1807,96";"1522761,01";"1500"
"352910405";"Marinópolis";"1700";"717";"1860";"1,34";"2206,77";"4353669,14";"1700"
"352920305";"Martinópolis";"1650";"8047";"21538";"1,76";"2330,80";"5326776,71";"1650"
"352920310";"Guachos";"1400";"399";"1025";"1,51";"1844,44";"2241532,61";"1400"
"352920315";"Teçaindá";"1218";"399";"1018";"1,63";"2038,52";"5391713,38";"1218"
"352930205";"Matão";"2100";"28136";"77077";"1,67";"2980,06";"9486634,09";"2100"
"352930210";"São Lourenço do Turvo";"2200";"681";"1853";"1,68";"2640,80";"3808020,85";"2200"
"352940105";"Mauá";"2000";"152616";"417259";"1,76";"2666,13";"7494252,15";"2000"
"352950005";"Mendonça";"2000";"2309";"6147";"1,52";"2547,69";"8504605,48";"2000"
"352960905";"Meridiano";"1900";"1726";"4572";"1,65";"2425,89";"5744955,22";"1900"
"352965805";"Mesópolis";"1700";"743";"1951";"1,70";"2038,66";"2247494,38";"1700"
"352970805";"Miguelópolis";"1500";"7131";"19372";"1,77";"2254,56";"7357261,72";"1500"
"352980705";"Mineiros do Tietê";"1500";"4138";"11200";"1,89";"2068,70";"4806613,16";"1500"
"352990605";"Miracatu";"1300";"4489";"12204";"1,94";"2141,69";"5140647,03";"1300"
"352990608";"Oliveira Barros";"1212";"782";"2147";"2,07";"1866,63";"3873169,65";"1212"
"352990610";"Pedro Barros";"1212";"736";"1884";"2,14";"1772,16";"3270532,73";"1212"
"352990615";"Santa Rita do Ribeira";"1212";"832";"2256";"2,45";"1602,28";"1698615,87";"1212"
"353000305";"Mira Estrela";"1500";"1239";"3116";"1,42";"2117,09";"3794958,78";"1500"
"353010205";"Mirandópolis";"2000";"7870";"20368";"1,58";"2909,83";"8193003,45";"2000"
"353010210";"Amandaba";"1400";"409";"1085";"1,72";"2222,44";"15642524,50";"1400"
"353010215";"Três Alianças";"1500";"828";"2127";"1,69";"2448,01";"21833470,66";"1500"
"353020105";"Mirante do Paranapanema";"1318";"4207";"10807";"1,66";"2124,24";"6989159,97";"1318"
"353020110";"Costa Machado";"1212";"765";"1987";"1,64";"1758,90";"3606850,08";"1212"
"353020115";"Cuiabá Paulista";"1212";"1150";"3050";"1,93";"1562,44";"1846083,46";"1212"
"353030005";"Mirassol";"2200";"22980";"62593";"1,67";"3341,06";"15387644,97";"2200"
"353030010";"Ruilândia";"1700";"227";"607";"1,91";"2015,78";"1612364,27";"1700"
"353040905";"Mirassolândia";"1800";"1721";"4664";"1,67";"2306,47";"18139652,71";"1800"
"353050805";"Mococa";"2000";"23359";"63640";"1,78";"2891,00";"10260060,64";"2000"
"353050810";"Igaraí";"1425";"738";"2048";"1,86";"1900,58";"1763360,29";"1425"
"353050815";"São Benedito das Areias";"1500";"596";"1587";"1,93";"2104,72";"2426059,09";"1500"
"353060705";"Mogi das Cruzes";"2700";"70208";"190883";"1,83";"4571,92";"269327439,46";"2700"
"353060707";"Biritiba-Ussu";"1500";"1939";"5781";"2,34";"2086,77";"4039801,53";"1500"
"353060710";"Brás Cubas";"1900";"41039";"120292";"2,10";"2492,83";"6905486,14";"1900"
"353060713";"Cezar de Souza";"2500";"13842";"39049";"1,83";"3910,12";"28226801,94";"2500"
"353060715";"Jundiapeba";"1500";"21648";"65717";"2,37";"2082,39";"3763583,50";"1500"
"353060717";"Quatinga";"1300";"1191";"3390";"2,22";"2004,36";"9147568,27";"1300"
"353060720";"Sabaúna";"2000";"6859";"20126";"1,90";"2976,62";"12356670,07";"2000"
"353060725";"Taiaçupeba";"1600";"1942";"5382";"2,13";"2372,05";"12526556,14";"1600"
"353070605";"Mogi Guaçu";"2300";"53239";"148230";"1,77";"3069,12";"37869047,31";"2300"
"353070615";"Martinho Prado Júnior";"1515";"1476";"4379";"1,71";"1978,01";"2826585,39";"1515"
"353080505";"Mogi Mirim";"2500";"32687";"88660";"1,75";"3692,43";"25114343,25";"2500"
"353080510";"Martim Francisco";"2000";"1088";"3234";"1,91";"2426,66";"5763986,77";"2000"
"353090405";"Mombuca";"1800";"1232";"3722";"2,31";"2367,57";"5545337,50";"1800"
"353100105";"Monções";"1500";"798";"1936";"1,52";"1983,24";"2427547,05";"1500"
"353110005";"Mongaguá";"1800";"21564";"59144";"2,19";"2469,66";"5644238,39";"1800"
"353120905";"Monte Alegre do Sul";"2200";"2200";"5802";"1,63";"3318,09";"12712804,72";"2200"
"353120910";"Mostardas";"1600";"1037";"2801";"1,82";"2716,81";"272462490,40";"1600"
"353130805";"Monte Alto";"2050";"17742";"46642";"1,56";"2911,03";"8046781,10";"2050"
"353130808";"Aparecida do Monte Alto";"2000";"308";"775";"1,51";"2176,76";"1659282,18";"2000"
"353140705";"Monte Aprazível";"2000";"8054";"20750";"1,53";"2754,56";"10010475,29";"2000"
"353140710";"Engenheiro Balduíno";"2000";"224";"582";"1,27";"2656,67";"15467038,79";"2000"
"353140715";"Itaiúba";"2100";"163";"383";"1,35";"2465,35";"3196889,13";"2100"
"353140720";"Junqueira";"2000";"200";"505";"1,28";"2240,06";"1814923,91";"2000"
"353150605";"Monte Azul Paulista";"2000";"6507";"17418";"1,63";"2859,29";"11817061,09";"2000"
"353150610";"Marcondésia";"2424";"260";"702";"1,38";"3184,45";"10030662,45";"2424"
"353160505";"Monte Castelo";"1600";"1626";"4219";"1,64";"2401,72";"11064032,05";"1600"
"353170405";"Monteiro Lobato";"1608";"1568";"4121";"1,95";"2533,98";"8833277,80";"1608"
"353180305";"Monte Mor";"2000";"22375";"64556";"1,85";"2596,98";"7618246,74";"2000"
"353190205";"Morro Agudo";"1900";"10011";"27839";"1,78";"2458,49";"8702146,30";"1900"
"353200905";"Morungaba";"2000";"4771";"13549";"2,00";"2772,70";"10085347,33";"2000"
"353205805";"Motuca";"2000";"1412";"4034";"1,79";"2485,40";"4142454,33";"2000"
"353210805";"Murutinga do Sul";"1600";"1480";"3712";"1,55";"2426,05";"7825647,89";"1600"
"353215705";"Nantes";"1700";"1027";"2660";"1,82";"2286,88";"7064502,06";"1700"
"353220705";"Narandiba";"1860";"2060";"5702";"1,71";"2354,68";"6464340,92";"1860"
"353230605";"Natividade da Serra";"1212";"2212";"5485";"1,81";"2033,74";"10359242,98";"1212"
"353230610";"Bairro Alto";"1212";"626";"1504";"1,64";"1569,60";"1473788,38";"1212"
"353240505";"Nazaré Paulista";"1500";"6718";"18170";"1,88";"2132,05";"4190383,13";"1500"
"353250405";"Neves Paulista";"2000";"3325";"8619";"1,56";"2718,88";"8821455,64";"2000"
"353250410";"Barra Dourada";"2000";"217";"588";"1,98";"2923,49";"34033985,71";"2000"
"353250415";"Miraluz";"1612";"176";"455";"2,07";"2077,25";"2113857,81";"1612"
"353260305";"Nhandeara";"1800";"3603";"8810";"1,48";"2629,07";"9123519,61";"1800"
"353260310";"Ida Iolanda";"1300";"410";"941";"1,27";"2132,55";"8318882,80";"1300"
"353270205";"Nipoã";"1800";"1761";"4748";"1,80";"2250,70";"6721010,53";"1800"
"353280105";"Nova Aliança";"2000";"2009";"5384";"1,62";"2692,56";"11621057,39";"2000"
"353280110";"Nova Itapirema";"1500";"492";"1306";"1,51";"2120,36";"3759402,13";"1500"
"353282705";"Nova Campina";"1212";"2476";"7193";"1,83";"3131,79";"3823241246,87";"1212"
"353282715";"Itaoca de Cima";"1212";"443";"1296";"1,89";"1722,00";"1704258,17";"1212"
"353284305";"Nova Canaã Paulista";"1600";"819";"2028";"1,30";"2137,51";"3102016,44";"1600"
"353286805";"Nova Castilho";"2000";"398";"1062";"1,64";"2597,47";"6088699,94";"2000"
"353290005";"Nova Europa";"1800";"3373";"9299";"1,80";"2362,16";"3939754,64";"1800"
"353300705";"Nova Granada";"2000";"6821";"18183";"1,70";"2455,77";"6545314,02";"2000"
"353300710";"Ingás";"1700";"158";"412";"2,05";"2523,13";"30837225,96";"1700"
"353300715";"Mangaratu";"1350";"188";"482";"1,57";"2010,52";"2109420,10";"1350"
"353300720";"Onda Branca";"1700";"117";"310";"1,63";"2434,36";"6829649,70";"1700"
"353310605";"Nova Guataporanga";"1500";"867";"2153";"1,60";"2051,61";"2507377,40";"1500"
"353320505";"Nova Independência";"1885";"1471";"4020";"1,59";"2288,22";"3100369,11";"1885"
"353325405";"Novais";"1700";"1593";"4412";"1,65";"2050,92";"8457697,96";"1700"
"353330405";"Nova Luzitânia";"1212";"1122";"2836";"1,59";"1972,13";"2791685,79";"1212"
"353340305";"Nova Odessa";"2700";"22189";"61886";"1,67";"3651,75";"17827293,65";"2700"
"353350205";"Novo Horizonte";"2000";"14628";"37964";"1,54";"2858,79";"13458829,59";"2000"
"353350210";"Vale Formoso";"1550";"118";"271";"1,20";"2227,08";"2949799,92";"1550"
"353360105";"Nuporanga";"2000";"2684";"7356";"1,76";"2887,49";"9178115,39";"2000"
"353370005";"Ocauçu";"1500";"1622";"4325";"1,70";"2223,21";"4780406,85";"1500"
"353380905";"Óleo";"1525";"668";"1711";"1,69";"2193,04";"2849043,24";"1525"
"353380910";"Batista Botelho";"1212";"305";"801";"1,97";"1929,57";"7133454,45";"1212"
"353390805";"Olímpia";"2000";"19219";"51696";"1,70";"3135,68";"13955414,64";"2000"
"353390810";"Baguaçu";"1700";"620";"1747";"1,55";"2247,52";"23935449,16";"1700"
"353390815";"Ribeiro dos Santos";"1400";"576";"1530";"1,68";"1910,69";"4150728,36";"1400"
"353400505";"Onda Verde";"2000";"1703";"4766";"1,81";"2425,22";"6192975,21";"2000"
"353410405";"Oriente";"2000";"2202";"6060";"1,70";"2425,89";"4777316,66";"2000"
"353420305";"Orindiúva";"2200";"2117";"5994";"1,74";"2749,60";"7266122,83";"2200"
"353430205";"Orlândia";"2001";"13558";"38253";"1,81";"2988,26";"13559178,96";"2001"
"353440105";"Osasco";"2300";"261463";"725608";"1,91";"3626,43";"113878215,32";"2300"
"353450005";"Oscar Bressane";"1300";"958";"2465";"1,47";"2159,21";"6418047,36";"1300"
"353460905";"Osvaldo Cruz";"2000";"11702";"29872";"1,50";"2788,23";"10359022,11";"2000"
"353460910";"Lagoa Azul";"1500";"54";"140";"1,72";"2785,46";"36250527,50";"1500"
"353470805";"Ourinhos";"2000";"37999";"103624";"1,81";"3198,06";"17272483,59";"2000"
"353475705";"Ouroeste";"2000";"4044";"10279";"1,50";"2744,86";"11240535,74";"2000"
"353480705";"Ouro Verde";"1356";"2929";"7779";"1,66";"1926,71";"3807546,31";"1356"
"353490605";"Pacaembu";"1800";"3828";"9765";"1,52";"2568,74";"7542695,79";"1800"
"353500205";"Palestina";"2000";"3852";"9911";"1,55";"2674,31";"9249418,07";"2000"
"353500210";"Duplo Céu";"1800";"403";"1037";"1,53";"1978,78";"1379498,62";"1800"
"353500215";"Jurupeba";"1700";"197";"504";"1,45";"1986,57";"1176434,93";"1700"
"353510105";"Palmares Paulista";"2000";"3430";"9625";"1,73";"2203,29";"2370940,57";"2000"
"353520005";"Palmeira d'Oeste";"1500";"3277";"8214";"1,43";"2289,02";"7789298,52";"1500"
"353520010";"Dalas";"1500";"258";"664";"1,69";"2076,80";"4481444,53";"1500"
"353530905";"Palmital";"2000";"7271";"19285";"1,65";"2946,06";"12490950,42";"2000"
"353530910";"Sussuí";"1600";"92";"280";"1,95";"1801,71";"796898,47";"1600"
"353540805";"Panorama";"1763";"5489";"14938";"1,89";"2347,56";"5873195,17";"1762.5"
"353550705";"Paraguaçu Paulista";"2000";"13835";"37343";"1,79";"2596,43";"8693602,99";"2000"
"353550710";"Conceição de Monte Alegre";"2000";"450";"1161";"1,71";"2530,57";"6206221,49";"2000"
"353550713";"Roseta";"1600";"350";"877";"1,82";"1988,92";"3450201,92";"1600"
"353550715";"Sapezal";"1400";"188";"474";"1,66";"1989,09";"3352860,38";"1400"
"353560605";"Paraibuna";"1500";"6622";"17602";"1,87";"2352,27";"6573052,53";"1500"
"353570505";"Paraíso";"2000";"2268";"6099";"1,66";"2782,05";"9516399,82";"2000"
"353580405";"Paranapanema";"2000";"6841";"19350";"1,83";"2696,74";"11901443,47";"2000"
"353590305";"Paranapuã";"2000";"1527";"4013";"1,60";"2445,36";"4632260,23";"2000"
"353600005";"Parapuã";"1500";"4102";"10553";"1,64";"2185,82";"3898041,60";"1500"
"353610905";"Pardinho";"2000";"2499";"7125";"1,99";"3415,14";"972841507,38";"2000"
"353620805";"Pariquera-Açu";"1600";"6868";"19186";"2,03";"2760,40";"1392438078,37";"1600"
"353625705";"Parisi";"1612";"1108";"2890";"1,60";"2086,27";"2426426,17";"1612"
"353630705";"Patrocínio Paulista";"1800";"5023";"14473";"2,07";"2381,25";"7325277,17";"1800"
"353640605";"Paulicéia";"1500";"2930";"7923";"1,83";"2044,63";"5994969,66";"1500"
"353650505";"Paulínia";"3000";"37887";"110116";"1,73";"5224,05";"36773651,49";"3000"
"353657005";"Paulistânia";"1600";"765";"2087";"1,90";"2156,22";"4458318,44";"1600"
"353660405";"Paulo de Faria";"1500";"2910";"7158";"1,54";"2460,76";"96701477,75";"1500"
"353670305";"Pederneiras";"2200";"14165";"40626";"1,88";"2909,88";"8205688,69";"2200"
"353670310";"Guaianás";"1430";"556";"1569";"2,19";"2198,68";"4571230,76";"1430"
"353670315";"Santelmo";"1500";"724";"2023";"1,94";"2057,56";"4137462,17";"1500"
"353670320";"Vanglória";"2050";"155";"414";"1,21";"2330,17";"1315436,28";"2050"
"353680205";"Pedra Bela";"1500";"2462";"6526";"1,67";"2120,80";"4814265,67";"1500"
"353690105";"Pedranópolis";"2000";"863";"2215";"1,39";"2599,19";"8162333,16";"2000"
"353690110";"Santa Isabel do Marinheiro";"1500";"189";"522";"1,60";"1999,56";"2517140,39";"1500"
"353700805";"Pedregulho";"1800";"5187";"14483";"1,93";"2472,39";"15020263,99";"1800"
"353700810";"Alto Porã";"1800";"189";"509";"1,63";"2244,62";"2674493,57";"1800"
"353700815";"Igaçaba";"1700";"194";"501";"2,15";"2260,69";"5795247,57";"1700"
"353710705";"Pedreira";"2000";"15756";"43010";"1,70";"2702,22";"8218351,43";"2000"
"353715605";"Pedrinhas Paulista";"2000";"1063";"2801";"1,41";"2854,42";"11649460,66";"2000"
"353720605";"Pedro de Toledo";"1500";"3941";"11238";"2,57";"2048,43";"3633364,95";"1500"
"353730505";"Penápolis";"2000";"23207";"61392";"1,66";"2951,46";"16934729,65";"2000"
"353740405";"Pereira Barreto";"2000";"9230";"24009";"1,72";"2694,03";"10644220,54";"2000"
"353750305";"Pereiras";"1700";"3111";"8721";"2,04";"2372,61";"8711319,40";"1700"
"353760205";"Peruíbe";"1785";"25003";"67857";"2,14";"2725,76";"12762023,21";"1784.5"
"353770105";"Piacatu";"1500";"2081";"5490";"1,57";"2162,00";"3182948,70";"1500"
"353780005";"Piedade";"1600";"19053";"52812";"1,80";"2349,61";"6220229,81";"1600"
"353790905";"Pilar do Sul";"1900";"9571";"27534";"1,87";"2603,65";"13778578,15";"1900"
"353800605";"Pindamonhangaba";"2000";"43008";"120204";"1,92";"3340,94";"19969746,86";"2000"
"353800610";"Moreira César";"2000";"14971";"44817";"2,04";"2463,10";"49051972,42";"2000"
"353810505";"Pindorama";"2000";"4780";"12597";"1,55";"2818,71";"8341036,70";"2000"
"353810510";"Roberto";"1800";"679";"1876";"1,79";"2196,19";"2538125,90";"1800"
"353820405";"Pinhalzinho";"1700";"5650";"15162";"1,73";"2258,57";"3733808,33";"1700"
"353830305";"Piquerobi";"1400";"1284";"3264";"1,48";"2072,79";"3468263,71";"1400"
"353850105";"Piquete";"1800";"4563";"12433";"1,97";"2488,07";"5581910,97";"1800"
"353860005";"Piracaia";"2000";"7891";"21156";"1,95";"2800,61";"9916662,86";"2000"
"353860010";"Batatuba";"1500";"1625";"4789";"2,62";"2223,84";"8490030,25";"1500"
"353870905";"Piracicaba";"2700";"126505";"337739";"1,75";"4283,46";"61489214,82";"2700"
"353870910";"Artemis";"2400";"2473";"6953";"1,91";"3336,78";"15715666,16";"2400"
"353870915";"Ibitiruna";"1700";"793";"2085";"1,60";"2068,32";"2915981,99";"1700"
"353870925";"Tupi";"2000";"1347";"4058";"1,94";"2611,75";"12483601,73";"2000"
"353870930";"Guamium";"2400";"230";"656";"1,83";"2742,76";"3280645,96";"2400"
"353870935";"Santa Teresinha de Piracicaba";"2000";"24055";"68278";"1,76";"2584,25";"4689557,24";"2000"
"353880805";"Piraju";"2000";"9365";"24552";"1,83";"2841,90";"11105431,89";"2000"
"353880825";"Tibiriçá do Paranapanema";"1500";"1650";"4780";"2,13";"2117,84";"5079695,43";"1500"
"353890705";"Pirajuí";"1800";"7190";"18392";"1,59";"2689,75";"8441083,44";"1800"
"353890710";"Corredeira";"1741";"55";"154";"3,50";"1805,46";"558730,53";"1741"
"353890715";"Pradínia";"1700";"143";"328";"1,35";"2073,99";"2627099,37";"1700"
"353890720";"Santo Antônio da Estiva";"1500";"94";"225";"1,45";"2084,52";"3426680,68";"1500"
"353900405";"Pirangi";"2000";"4028";"10849";"1,63";"2691,97";"8704158,24";"2000"
"353910305";"Pirapora do Bom Jesus";"1500";"6093";"18305";"2,37";"2117,33";"5156145,82";"1500"
"353920205";"Pirapozinho";"2000";"8986";"24641";"1,67";"2782,39";"12240972,44";"2000"
"353920210";"Itororó do Paranapanema";"1500";"249";"641";"1,46";"1769,37";"1186241,34";"1500"
"353930105";"Pirassununga";"2400";"24924";"65517";"1,71";"3563,28";"15338906,63";"2400"
"353930110";"Cachoeira de Emas";"1500";"2681";"7817";"2,26";"2280,48";"6484160,31";"1500"
"353940005";"Piratininga";"2500";"5240";"14964";"1,74";"3970,46";"22165993,79";"2500"
"353950905";"Pitangueiras";"2000";"10745";"30456";"1,86";"2493,31";"22267609,41";"2000"
"353950910";"Ibitiúva";"2000";"1158";"3175";"2,00";"2630,16";"5003973,69";"2000"
"353960805";"Planalto";"1500";"1645";"4386";"1,79";"2268,30";"6562875,32";"1500"
"353970705";"Platina";"1500";"1133";"3022";"1,76";"1978,55";"4272733,30";"1500"
"353980605";"Poá";"2000";"33729";"98838";"2,04";"2691,72";"6803960,60";"2000"
"353980610";"Cidade Kemel";"2000";"1645";"4756";"1,89";"2329,13";"3761285,60";"2000"
"353990505";"Poloni";"1800";"2168";"5583";"1,68";"2534,95";"7973984,78";"1800"
"354000205";"Pompéia";"2400";"6646";"18321";"1,63";"3331,09";"12508815,69";"2400"
"354000210";"Novo Cravinhos";"1500";"98";"242";"1,84";"2129,03";"2795269,61";"1500"
"354000215";"Paulópolis";"1600";"566";"1596";"1,57";"1955,17";"1340527,27";"1600"
"354010105";"Pongaí";"1600";"1363";"3393";"1,47";"2418,68";"6276907,65";"1600"
"354020005";"Pontal";"2000";"12403";"35035";"1,78";"2512,44";"5119573,99";"2000"
"354020010";"Cândia";"2300";"710";"1975";"1,57";"2500,80";"2149128,53";"2300"
"354025905";"Pontalinda";"1500";"1549";"4121";"1,67";"1937,96";"2702141,10";"1500"
"354030905";"Pontes Gestal";"1600";"957";"2387";"1,56";"2276,37";"6406169,72";"1600"
"354040805";"Populina";"1300";"1614";"4111";"1,58";"2090,11";"4259270,15";"1300"
"354050705";"Porangaba";"1900";"3923";"10445";"1,90";"2568,81";"8894476,98";"1900"
"354060605";"Porto Feliz";"2000";"18654";"55043";"2,13";"2954,22";"13623249,53";"2000"
"354070505";"Porto Ferreira";"2000";"19041";"52544";"1,84";"2762,59";"10635978,08";"2000"
"354075405";"Potim";"1380";"5736";"17508";"2,47";"1872,76";"2275781,21";"1380"
"354080405";"Potirendaba";"2200";"6803";"18449";"1,68";"2883,27";"7552145,89";"2200"
"354085305";"Pracinha";"1500";"539";"1419";"1,67";"1903,58";"2394947,08";"1500"
"354090305";"Pradópolis";"2200";"5865";"17071";"1,85";"2800,04";"5427393,36";"2200"
"354100005";"Praia Grande";"2500";"97078";"256234";"1,91";"3656,44";"182264814,91";"2500"
"354100010";"Solemar";"2000";"32953";"92267";"2,05";"2874,01";"11489918,70";"2000"
"354105905";"Pratânia";"1600";"1750";"5126";"2,07";"2283,85";"12161456,40";"1600"
"354110905";"Presidente Alves";"1616";"1110";"2914";"1,69";"2604,45";"36882437,62";"1616"
"354110910";"Guaricanga";"2000";"337";"886";"1,59";"2545,43";"6335226,88";"2000"
"354120805";"Presidente Bernardes";"2000";"3817";"10000";"1,53";"2792,59";"10588720,07";"2000"
"354120810";"Araxãs";"1300";"343";"861";"1,42";"2378,35";"17924069,32";"1300"
"354120820";"Nova Pátria";"1212";"607";"1542";"1,69";"1910,93";"3018563,68";"1212"
"354130705";"Presidente Epitácio";"1800";"14263";"37440";"1,63";"2581,11";"9152962,09";"1800"
"354130715";"Campinal";"1212";"771";"1881";"1,44";"1797,08";"2632290,64";"1212"
"354140605";"Presidente Prudente";"2300";"83267";"218464";"1,62";"3663,61";"65298853,61";"2300"
"354140610";"Ameliópolis";"1575";"183";"437";"1,18";"1980,44";"1610918,88";"1575"
"354140615";"Eneida";"1335";"264";"685";"1,55";"1996,75";"2833358,79";"1335"
"354140620";"Floresta do Sul";"1500";"574";"1450";"1,49";"2075,10";"3075034,13";"1500"
"354140625";"Montalvão";"1600";"970";"2721";"1,95";"2429,16";"7868859,12";"1600"
"354150505";"Presidente Venceslau";"2000";"13690";"34327";"1,51";"3056,09";"14846144,65";"2000"
"354160405";"Promissão";"2000";"12726";"34658";"1,78";"2665,56";"7434572,76";"2000"
"354160410";"Santa Maria do Gurupá";"1500";"132";"347";"1,84";"1976,47";"2071521,32";"1500"
"354165305";"Quadra";"1600";"1191";"3369";"1,95";"2461,83";"10571208,89";"1600"
"354170305";"Quatá";"2000";"4827";"13128";"1,64";"2432,17";"6197709,63";"2000"
"354180205";"Queiroz";"1600";"1223";"3254";"1,67";"2130,63";"3399634,42";"1600"
"354190105";"Queluz";"1500";"3249";"9088";"2,02";"2128,93";"4239547,13";"1500"
"354200805";"Quintana";"1800";"2519";"7025";"1,82";"2282,46";"3595850,74";"1800"
"354210705";"Rafard";"2000";"3101";"8964";"1,96";"2607,94";"5722309,05";"2000"
"354220605";"Rancharia";"1800";"10159";"27040";"1,72";"2646,03";"11493135,66";"1800"
"354220610";"Agissê";"1800";"274";"737";"1,46";"2509,33";"5593405,86";"1800"
"354220615";"Gardênia";"1500";"313";"736";"1,41";"2133,34";"3169117,69";"1500"
"354230505";"Redenção da Serra";"1212";"1680";"4493";"2,29";"1805,03";"4123961,97";"1212"
"354240405";"Regente Feijó";"1900";"7020";"18757";"1,66";"2512,68";"8146193,03";"1900"
"354240410";"Espigão";"1800";"499";"1347";"1,49";"2203,06";"3423049,68";"1800"
"354250305";"Reginópolis";"2000";"2138";"5637";"1,63";"2600,18";"8101977,14";"2000"
"354260205";"Registro";"1800";"21361";"58896";"1,91";"2724,77";"10168664,22";"1800"
"354270105";"Restinga";"1500";"2183";"6380";"2,10";"2003,71";"4117111,13";"1500"
"354280005";"Ribeira";"1212";"1163";"3130";"1,85";"1874,54";"6570514,79";"1212"
"354290905";"Ribeirão Bonito";"1500";"3652";"9930";"1,78";"2502,23";"13208095,12";"1500"
"354290910";"Guarapiranga";"1500";"380";"1016";"1,69";"2196,62";"6031584,01";"1500"
"354300605";"Ribeirão Branco";"1215";"4321";"12212";"1,72";"1856,75";"4252411,86";"1215"
"354300615";"Campina de Fora";"1212";"882";"2457";"1,97";"1596,36";"1878692,59";"1212"
"354300625";"Itabôa";"1212";"1362";"3949";"1,75";"1785,03";"3816339,79";"1212"
"354310505";"Ribeirão Corrente";"1400";"1584";"4604";"1,92";"1991,92";"3565873,80";"1400"
"354320405";"Ribeirão do Sul";"1330";"1736";"4677";"1,64";"2338,56";"12803044,06";"1330"
"354323805";"Ribeirão dos Índios";"1500";"816";"2025";"1,51";"2031,73";"6059907,88";"1500"
"354325305";"Ribeirão Grande";"1400";"2669";"7443";"1,58";"1891,19";"1934178,52";"1400"
"354330305";"Ribeirão Pires";"2240";"28162";"77279";"1,78";"3152,21";"14001452,83";"2240"
"354330308";"Jardim Santa Luzia";"2000";"8463";"24073";"1,93";"2805,20";"15818660,59";"2000"
"354330310";"Ouro Fino Paulista";"2000";"4814";"13719";"1,96";"2516,59";"5245203,17";"2000"
"354340205";"Ribeirão Preto";"2500";"254512";"662523";"1,74";"4345,58";"329694332,81";"2500"
"354340210";"Bonfim Paulista";"6000";"11392";"31715";"1,44";"9988,83";"124410059,47";"6000"
"354350105";"Riversul";"1212";"2115";"5593";"1,74";"1758,30";"3795492,58";"1212"
"354360005";"Rifaina";"1800";"1451";"3999";"2,08";"2520,67";"6401824,37";"1800"
"354370905";"Rincão";"1900";"3315";"9064";"2,01";"2370,53";"3780503,44";"1900"
"354380805";"Rinópolis";"1500";"3498";"9216";"1,66";"2183,75";"5855184,06";"1500"
"354390705";"Rio Claro";"2424";"72352";"195232";"1,71";"3569,83";"19300906,89";"2424"
"354390710";"Ajapi";"2000";"1222";"3579";"1,71";"2846,64";"14830801,52";"2000"
"354390715";"Assistência";"2001";"485";"1448";"2,04";"2981,17";"15791132,84";"2001"
"354400405";"Rio das Pedras";"2400";"10670";"31289";"1,82";"3107,09";"9757384,69";"2400"
"354410305";"Rio Grande da Serra";"1700";"15728";"44030";"1,90";"2157,12";"3523137,75";"1700"
"354420205";"Riolândia";"1300";"3003";"7883";"1,86";"2093,48";"4682738,29";"1300"
"354425105";"Rosana";"1900";"6529";"17246";"1,64";"2692,50";"9913437,66";"1900"
"354430105";"Roseira";"1900";"3637";"10828";"2,86";"2458,24";"6196431,36";"1900"
"354440005";"Rubiácea";"1800";"998";"2693";"1,67";"2048,43";"2322846,38";"1800"
"354450905";"Rubinéia";"2040";"1320";"3372";"1,77";"2800,03";"9194177,52";"2040"
"354450910";"Esmeralda";"1600";"177";"443";"1,24";"1932,15";"993805,85";"1600"
"354460805";"Sabino";"1500";"2035";"5112";"1,65";"2095,50";"4665444,96";"1500"
"354470705";"Sagres";"1400";"917";"2469";"1,83";"1938,38";"3160005,73";"1400"
"354480605";"Sales";"1586";"2466";"6400";"1,57";"2240,03";"4533986,24";"1586"
"354490505";"Sales Oliveira";"2200";"4091";"11362";"1,71";"2811,71";"5742168,76";"2200"
"354500105";"Salesópolis";"1500";"4217";"11691";"2,11";"2301,84";"17115725,63";"1500"
"354500110";"Nossa Senhora do Remédio";"1480";"1176";"3353";"2,04";"2125,18";"3230578,54";"1480"
"354510005";"Salmourão";"1500";"1798";"4788";"1,65";"2059,58";"3070532,82";"1500"
"354515905";"Saltinho";"2500";"2913";"8155";"1,58";"3270,72";"12662319,13";"2500"
"354520905";"Salto";"2500";"46786";"134069";"1,87";"3813,86";"1172705629,56";"2500"
"354530805";"Salto de Pirapora";"2000";"15302";"43645";"1,93";"2560,18";"6912928,42";"2000"
"354540705";"Salto Grande";"1796";"3351";"8985";"1,84";"2334,13";"6322606,96";"1796"
"354550605";"Sandovalina";"1700";"1219";"3521";"1,82";"2143,08";"3240436,74";"1700"
"354560505";"Santa Adélia";"2000";"4694";"12504";"1,67";"2576,68";"7080616,68";"2000"
"354560510";"Botelho";"1600";"394";"1050";"1,63";"2084,06";"3159577,11";"1600"
"354560515";"Ururaí";"1500";"95";"231";"1,59";"1938,57";"1950092,27";"1500"
"354560520";"Santa Rosa";"1212";"65";"172";"2,76";"1625,24";"867381,73";"1212"
"354570405";"Santa Albertina";"2000";"2569";"6340";"1,45";"2400,25";"4416184,01";"2000"
"354580305";"Santa Bárbara d'Oeste";"2500";"66064";"183060";"1,69";"3297,12";"156263830,17";"2500"
"354600905";"Santa Branca";"1600";"5161";"13962";"2,01";"2438,01";"10288852,00";"1600"
"354610805";"Santa Clara d'Oeste";"1760";"946";"2588";"1,79";"2349,94";"5655496,55";"1760"
"354620705";"Santa Cruz da Conceição";"2300";"1631";"4271";"1,62";"3128,41";"10496333,37";"2300"
"354625605";"Santa Cruz da Esperança";"1606";"764";"2105";"1,82";"2317,81";"5994942,51";"1606"
"354630605";"Santa Cruz das Palmeiras";"2000";"10416";"28806";"1,74";"2696,05";"9012175,17";"2000"
"354640505";"Santa Cruz do Rio Pardo";"2001";"16162";"44892";"1,81";"3047,08";"12286906,17";"2001"
"354640510";"Caporanga";"1500";"321";"839";"1,48";"2148,27";"4667856,82";"1500"
"354640515";"Clarínia";"2350";"69";"211";"2,47";"2968,75";"5047440,64";"2350"
"354640525";"Sodrélia";"1812";"159";"361";"1,50";"2332,06";"2980443,19";"1812"
"354650405";"Santa Ernestina";"2200";"2201";"6108";"1,66";"2688,53";"8500560,28";"2200"
"354660305";"Santa Fé do Sul";"2100";"13400";"34646";"1,62";"3123,74";"12582168,99";"2100"
"354670205";"Santa Gertrudes";"2400";"8137";"23471";"1,70";"3634,43";"5024368969,68";"2400"
"354680105";"Santa Isabel";"1700";"18726";"53003";"1,95";"2547,01";"141467412,77";"1700"
"354690005";"Santa Lúcia";"2000";"2463";"7141";"1,85";"2320,12";"2710024,98";"2000"
"354700705";"Santa Maria da Serra";"1800";"1854";"5239";"1,99";"2326,77";"6780528,68";"1800"
"354710605";"Santa Mercedes";"1800";"982";"2567";"1,59";"2431,96";"10253263,54";"1800"
"354710610";"Terra Nova d'Oeste";"1212";"160";"389";"1,67";"1584,25";"1000296,11";"1212"
"354720505";"Santana da Ponte Pensa";"1300";"667";"1670";"1,33";"2091,35";"4421373,79";"1300"
"354730405";"Santana de Parnaíba";"2500";"52310";"154045";"1,87";"6131,16";"98060564,95";"2500"
"354740305";"Santa Rita d'Oeste";"1600";"946";"2371";"1,40";"2079,40";"2084677,26";"1600"
"354740310";"Aparecida do Bonito";"1212";"143";"362";"1,43";"1870,02";"1680865,92";"1212"
"354750205";"Santa Rita do Passa Quatro";"2400";"9162";"23896";"1,56";"3161,13";"11578825,80";"2400"
"354750210";"Santa Cruz da Estrela";"1550";"298";"778";"1,61";"2021,79";"1886931,03";"1550"
"354760105";"Santa Rosa de Viterbo";"2000";"8597";"23369";"1,73";"2704,76";"7502469,44";"2000"
"354765005";"Santa Salete";"2000";"646";"1643";"1,36";"2572,75";"3311210,11";"2000"
"354770005";"Santo Anastácio";"1800";"6888";"17908";"1,58";"2625,34";"8226361,76";"1800"
"354780905";"Santo André";"3000";"241059";"638596";"1,62";"4569,30";"41855487,29";"3000"
"354780908";"Capuava";"2600";"38477";"104549";"1,65";"3669,27";"12371326,32";"2600"
"354780910";"Paranapiacaba";"1500";"818";"2414";"2,61";"2147,82";"3712467,73";"1500"
"354790805";"Santo Antônio da Alegria";"1500";"2566";"6756";"1,74";"2191,60";"5479923,56";"1500"
"354800505";"Santo Antônio de Posse";"2000";"7986";"23161";"2,10";"2478,60";"5899122,22";"2000"
"354805405";"Santo Antônio do Aracanguá";"1900";"1945";"5224";"1,62";"2410,55";"5053704,22";"1900"
"354805410";"Major Prado";"1891";"397";"1058";"1,59";"2178,81";"2406011,22";"1891"
"354805415";"Vicentinópolis";"2000";"793";"2078";"1,58";"2291,53";"3922350,54";"2000"
"354810405";"Santo Antônio do Jardim";"1700";"2146";"6126";"1,92";"2308,03";"7386927,72";"1700"
"354820305";"Santo Antônio do Pinhal";"1800";"2604";"7118";"1,97";"2822,24";"15943515,62";"1800"
"354830205";"Santo Expedito";"1450";"1194";"3000";"1,54";"2154,96";"9161663,65";"1450"
"354840105";"Santópolis do Aguapeí";"1500";"1470";"3899";"1,77";"1962,06";"4402199,18";"1500"
"354850005";"Santos";"3500";"167455";"416760";"1,68";"5690,33";"171670219,08";"3500"
"354860905";"São Bento do Sapucaí";"1700";"4283";"11606";"1,98";"2726,78";"13359316,58";"1700"
"354870805";"São Bernardo do Campo";"2500";"290004";"779655";"1,72";"4214,31";"137831111,40";"2500"
"354870810";"Riacho Grande";"1500";"10640";"29926";"2,10";"2235,35";"5866948,30";"1500"
"354880705";"São Caetano do Sul";"4000";"61987";"164930";"1,63";"6554,02";"69757872,66";"4000"
"354890605";"São Carlos";"2925";"54457";"134886";"1,63";"4303,91";"25339451,33";"2925"
"354890610";"Água Vermelha";"3500";"1891";"5307";"1,52";"6649,99";"86480552,88";"3500"
"354890613";"Bela Vista São-Carlense";"2000";"28990";"82216";"1,86";"2959,47";"49805374,97";"2000"
"354890615";"Santa Eudóxia";"1900";"860";"2527";"2,21";"2246,62";"2616800,84";"1900"
"354890620";"Vila Nery";"2400";"10413";"28725";"1,60";"3307,17";"11770988,05";"2400"
"354900305";"São Francisco";"1600";"1044";"2602";"1,38";"2225,67";"5580188,84";"1600"
"354910205";"São João da Boa Vista";"2300";"34670";"92281";"1,68";"3405,75";"16727176,34";"2300"
"354920105";"São João das Duas Pontes";"1800";"980";"2575";"1,65";"2202,65";"3277676,75";"1800"
"354925005";"São João de Iracema";"1800";"687";"1845";"1,82";"2379,38";"5483708,51";"1800"
"354930005";"São João do Pau d'Alho";"1500";"925";"2229";"1,37";"2203,79";"2972393,07";"1500"
"354940905";"São Joaquim da Barra";"2100";"17404";"48446";"1,82";"2890,54";"10402785,75";"2100"
"354950805";"São José da Bela Vista";"1500";"2667";"7597";"1,99";"1963,80";"4832873,32";"1500"
"354960705";"São José do Barreiro";"1212";"1443";"3828";"2,08";"2056,60";"6155781,02";"1212"
"354970605";"São José do Rio Pardo";"2000";"18747";"51946";"1,87";"2868,03";"10375463,62";"2000"
"354980505";"São José do Rio Preto";"2500";"172116";"440059";"1,62";"4233,47";"100510868,99";"2500"
"354980510";"Engenheiro Schmidt";"2500";"11369";"31414";"1,64";"3417,70";"13377698,67";"2500"
"354980520";"Talhado";"1800";"2109";"5845";"2,14";"2311,91";"8462587,15";"1800"
"354990405";"São José dos Campos";"2700";"215826";"600787";"1,88";"4708,63";"126456045,74";"2700"
"354990410";"Eugênio de Melo";"2000";"30673";"90840";"2,03";"2373,73";"3716355,53";"2000"
"354990415";"São Francisco Xavier";"2000";"1352";"3528";"1,83";"3042,39";"15383659,26";"2000"
"354995305";"São Lourenço da Serra";"1500";"5837";"15987";"1,91";"2416,34";"11802405,36";"1500"
"355000105";"São Luiz do Paraitinga";"1500";"3663";"9148";"1,63";"2300,77";"9338626,16";"1500"
"355000110";"Catuçaba";"1212";"498";"1148";"1,41";"1858,00";"3170106,98";"1212"
"355010005";"São Manuel";"2000";"12354";"33956";"1,89";"2718,51";"8413000,16";"2000"
"355010010";"Aparecida de São Manuel";"2000";"1169";"3256";"1,79";"2473,17";"3170009,93";"2000"
"355020905";"São Miguel Arcanjo";"1500";"10010";"28332";"1,99";"2302,18";"7754408,24";"1500"
"355020915";"Gramadão";"1500";"1232";"3622";"1,94";"1897,40";"1791593,84";"1500"
"355030801";"Água Rasa";"4000";"35192";"85483";"1,60";"6566,57";"50802297,69";"4000"
"355030802";"Alto de Pinheiros";"10000";"15778";"37011";"1,45";"14254,93";"641412466,62";"10000"
"355030803";"Anhanguera";"2000";"26349";"75248";"1,85";"2901,23";"24226476,06";"2000"
"355030804";"Aricanduva";"2500";"32164";"89193";"1,90";"3544,27";"18748150,84";"2500"
"355030805";"Artur Alvim";"2200";"35842";"95531";"1,85";"2977,83";"49814313,95";"2200"
"355030806";"Barra Funda";"8500";"14575";"33279";"1,37";"12448,29";"1122498259,86";"8500"
"355030807";"Bela Vista";"5001";"31128";"59332";"1,14";"8494,53";"161567499,00";"5001"
"355030808";"Belém";"3800";"20795";"53099";"1,95";"5532,23";"46309961,16";"3800"
"355030809";"Bom Retiro";"2600";"12119";"31975";"2,10";"4233,55";"27519256,79";"2600"
"355030810";"Brás";"3000";"16123";"37692";"1,76";"4407,35";"17606988,88";"3000"
"355030811";"Brasilândia";"1600";"86692";"243194";"2,19";"2228,79";"54023840,72";"1600"
"355030812";"Butantã";"5000";"21372";"50689";"1,55";"7408,04";"129437240,79";"5000"
"355030813";"Cachoeirinha";"2000";"52189";"142737";"2,00";"2819,71";"28796196,67";"2000"
"355030814";"Cambuci";"4000";"18899";"44321";"1,55";"6289,47";"108214806,70";"4000"
"355030815";"Campo Belo";"8000";"30432";"70273";"1,50";"12282,90";"946763731,21";"8000"
"355030816";"Campo Grande";"5000";"44472";"115822";"1,53";"7793,98";"542683595,79";"5000"
"355030817";"Campo Limpo";"2000";"87289";"235599";"1,80";"3243,53";"44902449,02";"2000"
"355030818";"Cangaiba";"2000";"51550";"141052";"1,93";"3101,69";"13278948,09";"2000"
"355030819";"Capão Redondo";"1800";"98990";"270503";"1,93";"2352,49";"4879626,20";"1800"
"355030820";"Carrão";"3500";"31971";"83690";"1,65";"5706,49";"98006384,33";"3500"
"355030821";"Casa Verde";"2800";"30134";"80345";"1,88";"4470,35";"95544321,89";"2800"
"355030822";"Cidade Ademar";"2000";"91330";"248858";"1,96";"2814,38";"11645813,88";"2000"
"355030823";"Cidade Dutra";"2000";"64935";"182138";"2,03";"2885,99";"10341987,82";"2000"
"355030824";"Cidade Lider";"2000";"47583";"134906";"1,89";"2919,71";"10298043,01";"2000"
"355030825";"Cidade Tiradentes";"1500";"67221";"193224";"2,14";"2061,84";"4131132,42";"1500"
"355030826";"Consolação";"7500";"27419";"52945";"1,12";"11134,02";"742194450,52";"7500"
"355030827";"Cursino";"3500";"39327";"102922";"1,70";"6263,82";"115026156,30";"3500"
"355030828";"Ermelino Matarazzo";"2000";"40174";"111803";"1,89";"2882,93";"294432736,37";"2000"
"355030829";"Freguesia do Ó";"2500";"51263";"136765";"1,79";"4207,39";"31731033,80";"2500"
"355030830";"Grajaú";"1500";"133257";"384159";"2,13";"2063,13";"13602553,37";"1500"
"355030831";"Guaianases";"1800";"38209";"108609";"2,03";"2349,29";"5933395,87";"1800"
"355030832";"Moema";"10001";"37513";"81714";"1,28";"16312,52";"2883854454,79";"10001"
"355030833";"Iguatemi";"1500";"51228";"149421";"2,01";"2025,76";"26790211,57";"1500"
"355030834";"Ipiranga";"3900";"46116";"114515";"1,60";"7052,20";"429352290,12";"3900"
"355030835";"Itaim Bibi";"10001";"47966";"100867";"1,23";"16111,48";"1260204960,10";"10001"
"355030836";"Itaim Paulista";"1500";"70826";"204946";"2,03";"2353,52";"301658148,50";"1500"
"355030837";"Itaquera";"2000";"75018";"210631";"1,92";"3209,90";"38727322,36";"2000"
"355030838";"Jabaquara";"2750";"82807";"214331";"1,79";"5179,76";"264251706,65";"2750"
"355030839";"Jaçanã";"2000";"30445";"86781";"2,21";"3130,16";"19308869,47";"2000"
"355030840";"Jaguara";"2500";"9213";"24709";"1,86";"3637,10";"12996042,92";"2500"
"355030841";"Jaguaré";"3000";"21060";"55278";"1,79";"5376,38";"393435480,60";"3000"
"355030842";"Jaraguá";"2000";"74177";"210618";"1,90";"2658,52";"31806236,78";"2000"
"355030843";"Jardim Ângela";"1500";"109689";"310704";"2,05";"1991,30";"12892064,66";"1500"
"355030844";"Jardim Helena";"1500";"44188";"129245";"2,15";"2048,07";"2609595,43";"1500"
"355030845";"Jardim Paulista";"10000";"39952";"81687";"1,19";"14796,54";"623965281,74";"10000"
"355030846";"Jardim São Luís";"2000";"94344";"258603";"1,85";"2720,60";"98170521,39";"2000"
"355030847";"José Bonifácio";"2000";"45676";"128140";"1,89";"2531,83";"11404724,03";"2000"
"355030848";"Lapa";"7000";"31832";"74784";"1,37";"10607,68";"133238025,65";"7000"
"355030849";"Liberdade";"5000";"31147";"65376";"1,32";"8138,01";"634643533,89";"5000"
"355030850";"Limão";"3000";"31265";"82243";"1,87";"4098,48";"20707992,75";"3000"
"355030851";"Mandaqui";"3001";"39542";"103099";"1,68";"5392,24";"497471693,98";"3001"
"355030852";"Marsilac";"1212";"3972";"11333";"2,47";"1679,69";"2260183,01";"1212"
"355030853";"Mooca";"5000";"31833";"79332";"1,56";"7487,28";"67093072,43";"5000"
"355030854";"Morumbi";"8000";"18547";"43586";"1,72";"13488,17";"369781084,24";"8000"
"355030855";"Parelheiros";"1500";"51074";"151681";"2,27";"2000,13";"3367654,29";"1500"
"355030856";"Pari";"3200";"5467";"16528";"2,34";"4791,18";"24554177,18";"3200"
"355030857";"Parque do Carmo";"2000";"26279";"74318";"1,91";"3197,01";"23646147,52";"2000"
"355030858";"Pedreira";"1600";"57103";"163495";"1,98";"2142,64";"4264208,89";"1600"
"355030859";"Penha";"3000";"49786";"131931";"1,84";"4047,14";"101985111,53";"3000"
"355030860";"Perdizes";"8000";"46161";"102009";"1,25";"11667,22";"286392638,08";"8000"
"355030861";"Perus";"1800";"30477";"87585";"2,02";"2483,88";"9701570,11";"1800"
"355030862";"Pinheiros";"10000";"31124";"64928";"1,21";"14085,28";"604920448,02";"10000"
"355030863";"Pirituba";"2800";"68189";"178948";"1,73";"4082,46";"33281685,77";"2800"
"355030864";"Ponte Rasa";"2100";"32145";"89616";"1,94";"3205,07";"31080284,48";"2100"
"355030865";"Raposo Tavares";"2000";"42698";"117279";"1,80";"3596,37";"248958083,76";"2000"
"355030866";"República";"4000";"30046";"56827";"1,22";"5883,83";"120647751,92";"4000"
"355030867";"Rio Pequeno";"3000";"48286";"131434";"1,89";"5287,46";"75103512,23";"3000"
"355030868";"Sacomã";"2500";"98395";"261255";"1,73";"3844,21";"342230521,10";"2500"
"355030869";"Santa Cecília";"5000";"39655";"80543";"1,33";"7571,83";"103734851,62";"5000"
"355030870";"Santana";"5001";"46218";"112423";"1,42";"8368,55";"126728727,08";"5001"
"355030871";"Santo Amaro";"7500";"35133";"84557";"1,38";"11732,30";"843840859,28";"7500"
"355030872";"São Lucas";"2600";"53005";"137812";"1,68";"3614,11";"15811207,15";"2600"
"355030873";"São Mateus";"2001";"55700";"155217";"1,85";"2914,20";"28197450,22";"2001"
"355030874";"São Miguel";"2000";"28931";"80642";"2,04";"2514,14";"5686280,49";"2000"
"355030875";"São Rafael";"1500";"50409";"146336";"2,11";"2074,95";"59676207,06";"1500"
"355030876";"Sapopemba";"1800";"94677";"266542";"1,95";"2391,35";"57763870,66";"1800"
"355030877";"Saúde";"6000";"55620";"127867";"1,35";"9191,01";"429281940,86";"6000"
"355030878";"Sé";"2605";"10202";"22770";"1,60";"3779,23";"17889509,18";"2605"
"355030879";"Socorro";"3000";"14555";"37845";"1,69";"4983,76";"155380660,52";"3000"
"355030880";"Tatuapé";"6000";"40563";"98080";"1,40";"9161,08";"335868648,64";"6000"
"355030881";"Tremembé";"2000";"68463";"195888";"2,08";"3118,86";"116179126,66";"2000"
"355030882";"Tucuruvi";"4000";"39038";"98964";"1,57";"5832,69";"51072673,35";"4000"
"355030883";"Vila Andrade";"4000";"66222";"168378";"1,58";"8818,30";"549099648,73";"4000"
"355030884";"Vila Curuçá";"1800";"48873";"140409";"2,08";"2444,60";"5822593,13";"1800"
"355030885";"Vila Formosa";"3000";"35220";"91924";"1,69";"5941,89";"65472305,65";"3000"
"355030886";"Vila Guilherme";"3500";"20352";"52291";"1,85";"5648,16";"37782978,74";"3500"
"355030887";"Vila Jacuí";"1800";"46508";"133915";"2,16";"2530,21";"32341794,80";"1800"
"355030888";"Vila Leopoldina";"8000";"18570";"45419";"1,40";"11075,30";"128222228,54";"8000"
"355030889";"Vila Maria";"2000";"41815";"108205";"2,04";"3925,82";"82859753,76";"2000"
"355030890";"Vila Mariana";"9600";"57942";"126220";"1,27";"12782,20";"295679791,30";"9600"
"355030891";"Vila Matilde";"3000";"38628";"103006";"1,76";"4072,98";"223366367,55";"3000"
"355030892";"Vila Medeiros";"2200";"41896";"114824";"2,13";"3042,82";"46989641,68";"2200"
"355030893";"Vila Prudente";"3500";"42164";"105152";"1,54";"5294,91";"35457494,38";"3500"
"355030894";"Vila Sônia";"4000";"47463";"123626";"1,69";"6973,23";"285634015,20";"4000"
"355030895";"São Domingos";"2600";"32778";"88668";"1,82";"4422,16";"30471015,98";"2600"
"355030896";"Lajeado";"1500";"56332";"164315";"2,07";"2040,25";"3972191,00";"1500"
"355040705";"São Pedro";"2001";"13918";"38091";"1,90";"3047,49";"11523845,07";"2001"
"355050605";"São Pedro do Turvo";"1500";"2609";"7210";"1,73";"2223,79";"7979506,73";"1500"
"355060505";"São Roque";"2500";"18832";"50958";"1,93";"3997,51";"25633058,49";"2500"
"355060515";"Canguera";"2000";"3322";"9712";"2,25";"3125,91";"23300251,01";"2000"
"355060517";"Mailasqui";"2000";"3128";"8979";"2,14";"2778,84";"9710407,62";"2000"
"355060520";"São João Novo";"1800";"3178";"9627";"2,54";"2314,75";"3826456,03";"1800"
"355070405";"São Sebastião";"2200";"8486";"23219";"1,99";"3432,25";"13275875,73";"2200"
"355070410";"Maresias";"2000";"13129";"37371";"2,14";"2598,24";"18965939,41";"2000"
"355070415";"São Francisco da Praia";"2000";"7355";"20821";"2,03";"3278,59";"133557358,45";"2000"
"355080305";"São Sebastião da Grama";"1600";"3862";"10399";"1,63";"2317,99";"4341545,48";"1600"
"355090205";"São Simão";"2000";"4871";"13388";"1,90";"2833,93";"9790427,77";"2000"
"355100905";"São Vicente";"2000";"119677";"324191";"2,14";"2783,37";"10707791,55";"2000"
"355110805";"Sarapuí";"1700";"3176";"8870";"1,98";"4494,40";"2438326130,11";"1700"
"355110815";"Cocaes";"1600";"530";"1419";"1,94";"1968,41";"1956615,72";"1600"
"355120705";"Sarutaiá";"1240";"1362";"3660";"1,77";"1800,95";"2181328,43";"1240"
"355130605";"Sebastianópolis do Sul";"2000";"1246";"3124";"1,35";"2630,48";"11002281,99";"2000"
"355140505";"Serra Azul";"1600";"3085";"8990";"2,06";"2214,88";"5321676,38";"1600"
"355150405";"Serrana";"1980";"14886";"43775";"1,96";"2502,09";"302740104,28";"1980"
"355160305";"Serra Negra";"2000";"11174";"29798";"1,86";"3010,04";"13502130,04";"2000"
"355170205";"Sertãozinho";"2500";"43005";"118648";"1,66";"3397,15";"14581945,98";"2500"
"355170210";"Cruz das Posses";"2000";"2870";"8083";"1,96";"2464,45";"2590782,70";"2000"
"355180105";"Sete Barras";"1212";"4480";"12685";"2,27";"1891,23";"4411923,21";"1212"
"355190005";"Severínia";"2000";"5058";"14534";"1,98";"2513,41";"6933151,03";"2000"
"355200705";"Silveiras";"1280";"2230";"6174";"2,02";"2055,00";"5394096,97";"1280"
"355210605";"Socorro";"2000";"15111";"39982";"1,65";"2760,17";"9152056,98";"2000"
"355220505";"Sorocaba";"2500";"261524";"719468";"1,78";"4062,07";"96707345,85";"2500"
"355230405";"Sud Mennucci";"2000";"2287";"5939";"1,58";"2333,45";"3067331,70";"2000"
"355230410";"Bandeirantes D'Oeste";"1500";"523";"1412";"1,83";"2043,75";"2707575,70";"1500"
"355240305";"Sumaré";"2500";"39442";"110736";"1,74";"3421,81";"16192438,28";"2500"
"355240315";"Nova Veneza";"2000";"59102";"168585";"1,81";"2690,10";"7764114,28";"2000"
"355250205";"Suzano";"2200";"64574";"183798";"1,85";"3143,62";"19558914,95";"2200"
"355250210";"Boa Vista Paulista";"1600";"32555";"97545";"2,13";"2010,37";"3645322,16";"1600"
"355250215";"Palmeiras de São Paulo";"1500";"8608";"25465";"2,27";"1987,31";"3052210,23";"1500"
"355255105";"Suzanápolis";"1900";"1279";"3407";"1,62";"2272,52";"3418444,86";"1900"
"355260105";"Tabapuã";"1955";"4328";"11240";"1,55";"2564,28";"14493842,29";"1955"
"355270005";"Tabatinga";"1600";"4851";"12975";"1,70";"2236,12";"5809263,06";"1600"
"355270010";"Curupá";"1500";"661";"1753";"1,62";"2308,08";"12549418,85";"1500"
"355280905";"Taboão da Serra";"2000";"99418";"273306";"1,90";"3110,30";"25660462,85";"2000"
"355290805";"Taciba";"1700";"2323";"6257";"1,74";"2322,01";"6558387,74";"1700"
"355300505";"Taguaí";"1394";"4353";"12657";"1,81";"2037,59";"6157572,02";"1394"
"355310405";"Taiaçu";"1500";"2086";"5677";"1,79";"2063,01";"3103756,17";"1500"
"355320305";"Taiúva";"1900";"2091";"5516";"1,83";"2574,39";"12413043,13";"1900"
"355330205";"Tambaú";"2000";"7619";"21366";"1,95";"2617,06";"6943791,41";"2000"
"355340105";"Tanabi";"1800";"9242";"24426";"1,65";"2651,62";"8060358,02";"1800"
"355340110";"Ibiporanga";"2000";"307";"787";"1,63";"2511,39";"4329212,29";"2000"
"355350005";"Tapiraí";"1600";"1651";"4690";"2,00";"2154,66";"3403612,06";"1600"
"355350025";"Rio Turvo";"1212";"1157";"3268";"2,08";"1792,01";"4131272,09";"1212"
"355360905";"Tapiratiba";"1900";"4204";"11751";"1,76";"2414,34";"4701647,59";"1900"
"355365805";"Taquaral";"1500";"949";"2619";"1,79";"2217,85";"7538987,85";"1500"
"355370805";"Taquaritinga";"2000";"18576";"48950";"1,74";"2745,80";"10858423,56";"2000"
"355370810";"Guariroba";"2000";"589";"1530";"1,50";"2558,62";"8489392,87";"2000"
"355370815";"Jurupema";"1800";"644";"1618";"1,47";"2218,01";"2887468,77";"1800"
"355380705";"Taquarituba";"1500";"8367";"23139";"1,90";"2397,43";"9051637,51";"1500"
"355385605";"Taquarivaí";"1500";"2331";"6868";"1,85";"2081,56";"7235502,63";"1500"
"355390605";"Tarabai";"1663";"2319";"6510";"1,77";"2168,05";"7167681,21";"1663"
"355395505";"Tarumã";"2000";"5231";"14875";"1,72";"2378,85";"4005229,09";"2000"
"355400305";"Tatuí";"2000";"44199";"123688";"1,94";"2894,03";"35188201,62";"2000"
"355410205";"Taubaté";"2500";"93404";"252744";"1,87";"3758,12";"48972150,20";"2500"
"355410210";"Quiririm";"2100";"19428";"56887";"1,99";"3251,92";"16340338,15";"2100"
"355420105";"Tejupá";"1212";"622";"1737";"1,95";"2026,91";"3433723,39";"1212"
"355420110";"Águas Virtuosas";"1212";"307";"906";"2,21";"1890,29";"1961946,98";"1212"
"355420120";"Ribeirão Bonito";"1212";"505";"1484";"1,93";"1559,04";"1439577,67";"1212"
"355430005";"Teodoro Sampaio";"1800";"7576";"20672";"1,62";"2329,72";"4548181,83";"1800"
"355430025";"Planalto do Sul";"1212";"528";"1446";"2,08";"1519,89";"2508293,77";"1212"
"355440905";"Terra Roxa";"2000";"2925";"7867";"1,53";"2591,26";"15542098,51";"2000"
"355450805";"Tietê";"2100";"13833";"37541";"1,77";"3214,03";"185364366,71";"2100"
"355460705";"Timburi";"1212";"975";"2451";"1,57";"1807,06";"2838289,44";"1212"
"355465605";"Torre de Pedra";"1500";"814";"2046";"1,51";"2142,37";"2813110,66";"1500"
"355470605";"Torrinha";"2200";"3418";"9275";"1,90";"2814,62";"6652895,95";"2200"
"355475505";"Trabiju";"1500";"598";"1680";"1,69";"2016,51";"2967314,14";"1500"
"355480505";"Tremembé";"2200";"15140";"44335";"2,13";"3726,04";"20921152,56";"2200"
"355490405";"Três Fronteiras";"1900";"2587";"6800";"1,56";"2489,89";"8876325,98";"1900"
"355495305";"Tuiuti";"1500";"2527";"6778";"1,81";"2185,67";"3550745,97";"1500"
"355500005";"Tupã";"2000";"23204";"61010";"1,64";"2951,34";"12836048,36";"2000"
"355500015";"Parnaso";"1500";"346";"972";"1,98";"2142,58";"2778053,14";"1500"
"355500020";"Universo";"1500";"291";"804";"1,89";"2009,93";"1707069,39";"1500"
"355500025";"Varpa";"1700";"220";"515";"1,40";"2124,53";"3392826,52";"1700"
"355510905";"Tupi Paulista";"2000";"5373";"13530";"1,43";"2961,35";"13165825,11";"2000"
"355510915";"Oásis";"1500";"196";"484";"1,17";"2497,63";"10576445,63";"1500"
"355520805";"Turiúba";"1700";"756";"1818";"1,58";"2514,89";"7475338,55";"1700"
"355530705";"Turmalina";"1700";"528";"1244";"1,26";"2392,09";"4881709,70";"1700"
"355530710";"Fátima Paulista";"1500";"183";"421";"0,83";"2211,83";"5195894,97";"1500"
"355535605";"Ubarana";"1600";"1920";"5361";"1,80";"2023,69";"2549737,12";"1600"
"355540605";"Ubatuba";"1800";"32975";"89943";"2,02";"2808,32";"12559645,92";"1800"
"355540610";"Picinguaba";"1500";"981";"2698";"2,46";"2115,52";"4326899,08";"1500"
"355550505";"Ubirajara";"1700";"1623";"4554";"2,04";"2403,44";"18966338,07";"1700"
"355550510";"Areia Branca";"1450";"209";"575";"1,92";"1802,89";"1085716,84";"1450"
"355560405";"Uchoa";"2000";"3982";"10370";"1,62";"2680,58";"7296541,30";"2000"
"355570305";"União Paulista";"1700";"585";"1603";"1,92";"2150,55";"3121014,91";"1700"
"355580205";"Urânia";"1800";"3434";"8808";"1,61";"2490,94";"35789859,00";"1800"
"355590105";"Uru";"1800";"538";"1384";"1,55";"2351,16";"5289595,19";"1800"
"355600805";"Urupês";"1800";"4962";"13091";"1,56";"2491,88";"6470964,49";"1800"
"355600810";"São João de Itaguaçu";"2000";"243";"623";"1,12";"2337,44";"4910881,31";"2000"
"355610705";"Valentim Gentil";"2000";"5173";"14067";"1,56";"2486,91";"4900586,64";"2000"
"355620605";"Valinhos";"3001";"46354";"126069";"1,59";"5794,12";"80940443,85";"3001"
"355630505";"Valparaíso";"2000";"7763";"21282";"1,88";"2599,87";"6181563,76";"2000"
"355635405";"Vargem";"1800";"3658";"10491";"2,02";"2317,34";"3506925,25";"1800"
"355640405";"Vargem Grande do Sul";"2000";"14591";"40017";"1,83";"2536,72";"7049106,31";"2000"
"355645305";"Vargem Grande Paulista";"2222";"17645";"50315";"1,96";"3850,83";"25010238,13";"2222"
"355650305";"Várzea Paulista";"2000";"40492";"115557";"1,86";"2680,44";"4953861,20";"2000"
"355660205";"Vera Cruz";"1800";"3569";"10127";"2,02";"2517,44";"6091187,44";"1800"
"355670105";"Vinhedo";"3000";"27415";"76282";"1,71";"6111,64";"75813219,32";"3000"
"355680005";"Viradouro";"2000";"6225";"17364";"1,74";"4019,37";"11364436156,66";"2000"
"355690905";"Vista Alegre do Alto";"2000";"2865";"8104";"1,80";"2535,61";"8532107,74";"2000"
"355695805";"Vitória Brasil";"1500";"693";"1794";"1,48";"2109,71";"2405820,18";"1500"
"355700605";"Votorantim";"2300";"44333";"126897";"1,90";"3443,12";"417181744,12";"2300"
"355710505";"Votuporanga";"2200";"36870";"95267";"1,54";"3252,11";"15271083,02";"2200"
"355710515";"Simonsen";"1300";"461";"1219";"1,51";"1817,82";"2648106,57";"1300"
"355715405";"Zacarias";"1700";"1055";"2690";"1,53";"2414,29";"15167952,92";"1700"
"355720405";"Chavantes";"2000";"3732";"10317";"1,87";"2596,24";"16509664,03";"2000"
"355720415";"Irapé";"1212";"611";"1847";"2,27";"1562,48";"862320,60";"1212"
"355730305";"Estiva Gerbi";"2000";"3812";"11236";"1,82";"2807,13";"8366375,27";"2000"
"410010305";"Abatiá";"1212";"2711";"7194";"1,69";"1864,90";"2434193,09";"1212"
"410020205";"Adrianópolis";"1243";"2304";"6204";"2,06";"2032,20";"4691013,60";"1243"
"410030105";"Agudos do Sul";"1500";"3597";"10076";"2,02";"2152,62";"10243860,73";"1500"
"410030110";"Colônia Padre Paulo";"1220";"36";"93";"2,31";"2578,17";"31707735,63";"1220"
"410040005";"Almirante Tamandaré";"2000";"40796";"119406";"2,03";"2552,05";"15581428,82";"2000"
"410045905";"Altamira do Paraná";"1561";"1330";"3586";"1,72";"2276,76";"10617646,83";"1561"
"410050905";"Altônia";"1500";"6117";"15922";"1,51";"2301,76";"8801575,37";"1500"
"410050910";"Jardim Paredão";"1212";"369";"863";"1,46";"1708,15";"2639979,57";"1212"
"410050915";"São João";"1212";"710";"1877";"1,73";"1936,25";"4761162,11";"1212"
"410060805";"Alto Paraná";"1600";"4111";"11219";"1,77";"2313,83";"6966169,15";"1600"
"410060810";"Maristela";"1500";"814";"2248";"1,85";"2024,18";"6548706,22";"1500"
"410060815";"Santa Maria";"1300";"140";"399";"1,94";"1924,69";"1825071,04";"1300"
"410070705";"Alto Piquiri";"1500";"2815";"7440";"1,76";"2114,65";"3970436,93";"1500"
"410070715";"Mirante do Piquiri";"2000";"274";"660";"1,58";"2585,37";"2655936,97";"2000"
"410070720";"Paulistânia";"1300";"356";"956";"1,73";"1754,50";"1541299,29";"1300"
"410070725";"Saltinho do Oeste";"1212";"238";"633";"1,81";"1293,09";"824931,78";"1212"
"410080605";"Alvorada do Sul";"1800";"3396";"8884";"1,73";"2556,85";"10828859,52";"1800"
"410080610";"Esperança do Norte";"1500";"492";"1315";"1,96";"2250,01";"13870638,13";"1500"
"410090505";"Amaporã";"1300";"1646";"4530";"1,74";"1804,01";"1999272,93";"1300"
"410090510";"Nordestina";"2200";"87";"222";"1,55";"2015,74";"772919,30";"2200"
"410100205";"Ampére";"2400";"6873";"18487";"1,51";"3065,64";"17915123,54";"2400"
"410100210";"São Pedro";"2500";"50";"137";"1,58";"4344,38";"26134518,00";"2500"
"410100215";"São Salvador";"2500";"370";"979";"1,32";"5010,56";"57158766,85";"2500"
"410105105";"Anahy";"1411";"1116";"2918";"1,64";"2177,10";"12419863,04";"1411"
"410110105";"Andirá";"1600";"7130";"18902";"1,59";"2411,48";"8298526,11";"1600"
"410110110";"Nossa Senhora Aparecida";"1212";"345";"882";"1,78";"1857,87";"2591160,22";"1212"
"410115005";"Ângulo";"1670";"1221";"3233";"1,57";"2484,06";"16185245,59";"1670"
"410120005";"Antonina";"1600";"5968";"16504";"2,14";"2384,09";"6591876,55";"1600"
"410120010";"Cacatu";"1212";"118";"332";"2,46";"2080,63";"7822602,89";"1212"
"410120015";"Cachoeira de Cima";"1280";"436";"1190";"2,01";"1825,95";"1993586,78";"1280"
"410130905";"Antônio Olinto";"1250";"2771";"7013";"1,53";"2093,30";"8196101,08";"1250"
"410140805";"Apucarana";"2000";"44299";"119012";"1,60";"2989,47";"12050937,74";"2000"
"410140810";"Correia de Freitas";"1423";"424";"1200";"2,12";"2383,50";"29588585,68";"1423"
"410140815";"Pirapó";"1700";"1604";"4359";"1,48";"2287,54";"3364093,49";"1700"
"410140820";"São Pedro";"1256";"314";"851";"1,80";"2125,21";"13921826,24";"1256"
"410140825";"Vila Reis";"1800";"1492";"4155";"1,88";"2155,76";"1971005,19";"1800"
"410150705";"Arapongas";"2000";"43959";"118924";"1,57";"3084,98";"13046293,39";"2000"
"410160605";"Arapoti";"2000";"8547";"23978";"1,77";"2902,85";"15748935,13";"2000"
"410160610";"Calógeras";"1400";"588";"1572";"1,76";"2240,09";"16496988,09";"1400"
"410160615";"Caratuva";"1200";"55";"139";"1,07";"1424,07";"404126,48";"1200"
"410165505";"Arapuã";"1212";"1337";"3527";"1,44";"2133,83";"16779073,38";"1212"
"410170505";"Araruna";"1700";"4782";"12750";"1,46";"2396,05";"20095461,01";"1700"
"410170515";"São Vicente";"1212";"675";"1713";"1,53";"2010,31";"18901026,41";"1212"
"410180405";"Araucária";"2100";"52276";"148698";"1,75";"2823,55";"6360114,89";"2100"
"410180410";"Guajuvira";"1900";"1007";"2861";"1,74";"2345,29";"3084738,02";"1900"
"410185305";"Ariranha do Ivaí";"1412";"894";"2329";"1,48";"2235,04";"9815128,33";"1412"
"410190305";"Assaí";"1300";"4990";"13235";"1,55";"2310,68";"11154821,55";"1300"
"410190330";"Pau D'Alho do Sul";"1212";"155";"438";"1,55";"1720,26";"2915148,95";"1212"
"410200005";"Assis Chateaubriand";"2000";"12333";"32561";"1,58";"2871,34";"11438982,39";"2000"
"410200010";"Bragantina";"2400";"750";"1952";"1,34";"3057,11";"12309235,22";"2400"
"410200020";"Encantado d'Oeste";"1500";"824";"2219";"1,42";"2160,07";"8815660,56";"1500"
"410210905";"Astorga";"2000";"7817";"20651";"1,48";"2853,45";"52631272,13";"2000"
"410210910";"Içara";"1550";"348";"953";"1,85";"2044,38";"2113143,18";"1550"
"410210915";"Santa Zélia";"1500";"839";"2289";"1,73";"1908,43";"2652303,28";"1500"
"410210920";"Tupinambá";"1212";"552";"1501";"1,47";"1968,49";"3427425,21";"1212"
"410220805";"Atalaia";"2000";"1469";"3839";"1,45";"2669,80";"5799524,72";"2000"
"410230705";"Balsa Nova";"2100";"2047";"5685";"1,70";"2800,55";"7203839,41";"2100"
"410230710";"Bugre";"2000";"2257";"6379";"1,73";"2472,07";"6566262,57";"2000"
"410230715";"São Luiz do Purunã";"2000";"488";"1323";"1,75";"2846,67";"17811917,58";"2000"
"410240605";"Bandeirantes";"1700";"11172";"30773";"1,70";"2534,38";"11169375,24";"1700"
"410240610";"Nossa Senhora da Candelária";"1200";"142";"365";"1,30";"1984,61";"4576122,78";"1200"
"410250505";"Barbosa Ferraz";"1212";"3360";"8435";"1,48";"2034,40";"4450445,17";"1212"
"410250507";"Bourbonia";"1212";"362";"903";"1,18";"1844,54";"4484976,28";"1212"
"410250515";"Ourilândia";"1212";"307";"718";"1,30";"1526,31";"2201840,40";"1212"
"410250520";"Pocinho";"1212";"131";"322";"1,37";"1461,28";"2011945,84";"1212"
"410250525";"Tereza Breda";"1212";"146";"375";"1,34";"1735,61";"1344371,23";"1212"
"410260405";"Barracão";"2000";"3220";"8676";"1,82";"2732,82";"8521510,78";"2000"
"410260415";"Siqueira Belo";"1200";"382";"1016";"1,57";"1777,93";"3971151,30";"1200"
"410270305";"Barra do Jacaré";"1600";"1045";"2813";"1,64";"2463,63";"10856956,12";"1600"
"410275205";"Bela Vista da Caroba";"2000";"1461";"4031";"1,40";"3252,39";"33978967,43";"2000"
"410280205";"Bela Vista do Paraíso";"1800";"3838";"9964";"1,37";"2759,34";"11086959,67";"1800"
"410280210";"Santa Margarida";"1212";"1695";"4810";"1,96";"1498,58";"730570,86";"1212"
"410290105";"Bituruna";"1800";"4369";"13120";"1,95";"2472,46";"6977083,78";"1800"
"410290110";"Santo Antônio do Iratim";"1500";"814";"2403";"2,07";"2056,51";"7366495,09";"1500"
"410300805";"Boa Esperança";"1800";"1731";"4556";"1,54";"2592,79";"8668038,11";"1800"
"410302405";"Boa Esperança do Iguaçu";"2000";"881";"2442";"1,41";"4954,49";"117995343,04";"2000"
"410304005";"Boa Ventura de São Roque";"1500";"2239";"6302";"1,54";"2890,19";"30926952,40";"1500"
"410305705";"Boa Vista da Aparecida";"1300";"2893";"7898";"1,85";"2003,02";"4761508,66";"1300"
"410310705";"Bocaiúva do Sul";"1600";"4650";"13256";"2,01";"2407,86";"27931740,13";"1600"
"410315605";"Bom Jesus do Sul";"1311";"1540";"3980";"1,45";"2333,90";"11747907,27";"1311"
"410320605";"Bom Sucesso";"1600";"2440";"6576";"1,74";"2130,17";"4123958,38";"1600"
"410322205";"Bom Sucesso do Sul";"1800";"1181";"3202";"1,45";"2963,77";"25120385,54";"1800"
"410330505";"Borrazópolis";"1500";"3054";"7734";"1,40";"2267,72";"11577022,83";"1500"
"410335405";"Braganey";"1450";"1862";"4853";"1,53";"2123,03";"3976242,84";"1450"
"410337005";"Brasilândia do Sul";"1500";"1279";"3345";"1,56";"2195,51";"12894228,26";"1500"
"410337010";"Ercilândia";"1200";"145";"360";"1,71";"1443,69";"686906,43";"1200"
"410340405";"Cafeara";"1600";"1006";"2623";"1,56";"2355,80";"10228218,25";"1600"
"410345305";"Cafelândia";"2000";"6776";"18994";"1,70";"2922,01";"10470341,42";"2000"
"410347905";"Cafezal do Sul";"1500";"1136";"2935";"1,53";"2048,47";"3871648,63";"1500"
"410347910";"Guaiporã";"1800";"394";"1029";"1,50";"2417,28";"6508851,73";"1800"
"410347915";"Jangada";"1661";"200";"500";"1,43";"2537,57";"55967711,53";"1661"
"410350305";"Califórnia";"1500";"3180";"8655";"1,68";"2152,25";"4659103,15";"1500"
"410360205";"Cambará";"1600";"8363";"23069";"1,85";"2425,33";"8286501,09";"1600"
"410370105";"Cambé";"2000";"39014";"106525";"1,59";"2843,61";"8854572,63";"2000"
"410370110";"Prata";"2000";"141";"427";"1,61";"2619,09";"3180212,94";"2000"
"410380005";"Cambira";"1712";"3530";"9448";"1,50";"2441,16";"10535485,70";"1712"
"410390905";"Campina da Lagoa";"1800";"4877";"12775";"1,60";"2673,86";"11094103,61";"1800"
"410390910";"Bela Vista do Piquiri";"1584";"180";"443";"1,42";"1915,38";"2292174,35";"1583.5"
"410390915";"Herveira";"1500";"417";"1108";"2,05";"1984,14";"2187243,50";"1500"
"410390920";"Salles de Oliveira";"1212";"548";"1354";"1,70";"1922,23";"5018568,50";"1212"
"410395805";"Campina do Simão";"1212";"1379";"3936";"1,86";"2199,14";"7373975,64";"1212"
"410400605";"Campina Grande do Sul";"2000";"16927";"47706";"1,84";"2753,36";"258565746,14";"2000"
"410405505";"Campo Bonito";"1730";"1463";"4024";"1,63";"2499,07";"6939959,74";"1730"
"410410505";"Campo do Tenente";"1355";"2460";"7499";"2,23";"2050,41";"5534258,18";"1355"
"410420405";"Campo Largo";"2500";"39362";"108606";"1,65";"3218,80";"10522096,40";"2500"
"410420410";"Bateias";"1600";"2188";"6167";"2,00";"2104,00";"4610035,66";"1600"
"410420415";"Ferraria";"1800";"5970";"16539";"1,85";"2369,62";"5727215,59";"1800"
"410420420";"São Silvestre";"1200";"762";"1925";"1,32";"1696,37";"3215533,72";"1200"
"410420425";"Três Córregos";"1212";"1066";"2800";"1,79";"1612,71";"3050085,54";"1212"
"410425305";"Campo Magro";"1800";"10870";"30129";"1,86";"2270,10";"4001094,04";"1800"
"410430305";"Campo Mourão";"2300";"36970";"97846";"1,60";"3484,16";"131475742,82";"2300"
"410430320";"Piquirivaí";"2200";"370";"933";"1,26";"2630,43";"4486848,35";"2200"
"410440205";"Cândido de Abreu";"1500";"4166";"11505";"1,91";"2423,99";"11040195,69";"1500"
"410440210";"Tereza Cristina";"1212";"491";"1330";"2,20";"1550,19";"3399677,58";"1212"
"410440215";"Três Bicos";"1212";"931";"2398";"1,53";"1902,38";"8943420,08";"1212"
"410442805";"Candói";"1600";"5317";"14959";"1,74";"2483,15";"13995902,80";"1600"
"410445105";"Cantagalo";"1212";"3619";"10080";"1,79";"2228,73";"9825814,72";"1212"
"410445125";"Cavaco";"1500";"275";"827";"1,93";"2434,86";"9259924,18";"1500"
"410450105";"Capanema";"2000";"6297";"16335";"1,53";"3001,25";"15471560,61";"2000"
"410450110";"Cristo Rei";"1600";"336";"895";"1,74";"3401,65";"33899229,64";"1600"
"410450115";"Pinheiro";"1700";"346";"913";"1,41";"2953,17";"31279248,93";"1700"
"410450120";"São Luiz";"2400";"505";"1317";"1,48";"4689,51";"83382989,64";"2400"
"410450125";"Alto Faraday";"1712";"370";"964";"1,49";"3182,22";"28661983,92";"1712"
"410460005";"Capitão Leônidas Marques";"1800";"5095";"13623";"1,59";"2531,44";"6771197,97";"1800"
"410460020";"Alto Alegre do Iguaçu";"1250";"393";"1016";"1,68";"2403,31";"23089998,30";"1250"
"410465905";"Carambeí";"2000";"7901";"23235";"1,85";"2934,16";"18672209,03";"2000"
"410470905";"Carlópolis";"1500";"5728";"15543";"1,80";"2392,98";"9298289,15";"1500"
"410470910";"Nova Brasília do Itararé";"1200";"453";"1271";"1,55";"1825,32";"4707032,72";"1200"
"410480805";"Cascavel";"2500";"124237";"330023";"1,68";"3926,92";"58748694,50";"2500"
"410480815";"São João d'Oeste";"2000";"1593";"4595";"1,69";"2954,10";"16153875,65";"2000"
"410480825";"Juvinópolis";"1800";"575";"1532";"1,46";"2581,06";"22859193,35";"1800"
"410480835";"Rio do Salto";"1500";"906";"2439";"1,69";"2404,90";"4234442,48";"1500"
"410480840";"Sede Alvorada";"2180";"649";"1826";"1,50";"2928,40";"12782239,58";"2180"
"410480845";"Espigão Azul";"2200";"395";"1134";"1,51";"3882,38";"57600762,77";"2200"
"410480850";"São Salvador";"2000";"922";"2610";"1,63";"2853,96";"7854685,16";"2000"
"410480855";"Diamante";"2500";"572";"1632";"1,72";"3243,08";"6180128,15";"2500"
"410490705";"Castro";"2000";"22052";"64782";"2,00";"3011,77";"32501194,39";"2000"
"410490710";"Abapã";"1300";"1166";"3203";"1,93";"2008,85";"15890888,24";"1300"
"410490720";"Socavão";"1220";"1812";"4936";"1,57";"2069,53";"15374985,67";"1220"
"410500305";"Catanduvas";"1500";"3371";"10288";"2,37";"2627,18";"26992602,89";"1500"
"410510205";"Centenário do Sul";"1500";"4242";"10787";"1,55";"2069,23";"3070302,26";"1500"
"410520105";"Cerro Azul";"1212";"4390";"12205";"1,97";"1955,24";"9950901,57";"1212"
"410520110";"São Sebastião";"1212";"1448";"3920";"1,51";"1488,06";"2890876,91";"1212"
"410530005";"Céu Azul";"2000";"4177";"11060";"1,50";"2686,62";"10371473,32";"2000"
"410540905";"Chopinzinho";"1800";"7168";"19553";"1,67";"2701,04";"16542421,87";"1800"
"410540910";"São Francisco";"1500";"331";"883";"1,45";"2856,10";"23459114,30";"1500"
"410540915";"São Luiz";"2000";"225";"600";"1,32";"3821,30";"43876261,39";"2000"
"410550805";"Cianorte";"2000";"27667";"74155";"1,53";"3119,75";"14691099,44";"2000"
"410550810";"São Lourenço";"1800";"1017";"2832";"1,59";"2299,26";"4391818,84";"1800"
"410550815";"Vidigal";"1500";"837";"2318";"1,66";"1897,50";"1590337,92";"1500"
"410560705";"Cidade Gaúcha";"1800";"4244";"11405";"1,69";"2558,45";"9484038,50";"1800"
"410570605";"Clevelândia";"1900";"4961";"14045";"1,91";"2708,54";"12094132,73";"1900"
"410570610";"Coronel Firmino Martins";"1500";"110";"306";"1,79";"2192,17";"3843447,39";"1500"
"410570615";"São Francisco de Sales";"1825";"234";"616";"1,38";"2776,96";"17386286,28";"1825"
"410580505";"Colombo";"2000";"81733";"231940";"1,86";"2842,67";"372350997,20";"2000"
"410590405";"Colorado";"2400";"7798";"20080";"1,44";"3136,81";"11594755,13";"2400"
"410590410";"Alto Alegre";"2000";"1009";"2646";"1,55";"2416,01";"3048315,08";"2000"
"410600105";"Congonhinhas";"1300";"2234";"5850";"1,90";"2247,33";"8668436,36";"1300"
"410600110";"Santa Maria do Rio do Peixe";"1212";"522";"1381";"1,85";"1707,36";"1977647,15";"1212"
"410600115";"São Francisco de Imbaú";"1212";"396";"1062";"1,62";"1631,26";"7909777,29";"1212"
"410610005";"Conselheiro Mairinck";"1500";"1341";"3461";"1,61";"2383,44";"12152909,12";"1500"
"410620905";"Contenda";"1700";"6236";"17498";"1,74";"2328,06";"10931210,16";"1700"
"410620910";"Catanduvas do Sul";"1212";"560";"1619";"1,64";"1974,67";"2908592,07";"1212"
"410630805";"Corbélia";"2000";"5452";"14626";"1,60";"2935,99";"11147281,40";"2000"
"410630825";"Ouro Verde do Piquiri";"1500";"448";"1277";"1,88";"2046,80";"3593030,93";"1500"
"410630830";"Nossa Senhora da Penha";"2000";"517";"1460";"1,72";"3283,21";"19256743,39";"2000"
"410640705";"Cornélio Procópio";"2300";"16287";"43018";"1,59";"3376,08";"16132999,42";"2300"
"410640710";"Congonhas";"2000";"670";"1827";"1,59";"2498,88";"3627895,58";"2000"
"410645605";"Coronel Domingos Soares";"1500";"2006";"5634";"1,77";"1973,31";"6118793,15";"1500"
"410650605";"Coronel Vivida";"2000";"8201";"22292";"1,66";"2907,77";"13775393,27";"2000"
"410650610";"Vista Alegre";"2000";"393";"1025";"1,36";"3173,66";"33224224,80";"2000"
"410655505";"Corumbataí do Sul";"1212";"1468";"3757";"1,43";"1838,65";"2212858,16";"1212"
"410657105";"Cruzeiro do Iguaçu";"1944";"1536";"4092";"1,65";"2727,98";"16575212,98";"1943.5"
"410660505";"Cruzeiro do Oeste";"1800";"8173";"21128";"1,58";"2443,15";"5931512,34";"1800"
"410660510";"Cafeeiros";"1600";"237";"629";"1,28";"2228,03";"11546743,81";"1600"
"410660515";"São Silvestre";"1212";"300";"755";"1,31";"1734,75";"2102012,48";"1212"
"410670405";"Cruzeiro do Sul";"1500";"1729";"4490";"1,55";"2105,00";"3441735,14";"1500"
"410680305";"Cruz Machado";"1212";"3879";"10688";"1,63";"2044,12";"11772703,35";"1212"
"410680310";"Pinaré";"1200";"537";"1560";"1,72";"1660,04";"2647902,33";"1200"
"410680315";"Santana";"1212";"1266";"3697";"1,67";"1825,93";"13338720,65";"1212"
"410685205";"Cruzmaltina";"1300";"1076";"2892";"1,52";"2044,38";"3543062,38";"1300"
"410690205";"Curitiba";"3000";"685853";"1766164";"1,68";"5394,90";"104719485,07";"3000"
"410700905";"Curiúva";"1500";"4639";"12575";"1,57";"2143,66";"4934806,63";"1500"
"410700910";"Alecrim";"1212";"405";"1051";"1,33";"1704,19";"971008,89";"1212"
"410710805";"Diamante do Norte";"1900";"1887";"5140";"1,59";"2369,47";"4062650,63";"1900"
"410712405";"Diamante do Sul";"1212";"1183";"3171";"1,62";"1897,32";"10475799,09";"1212"
"410715705";"Diamante D'Oeste";"1600";"1681";"4518";"1,73";"2331,01";"7277061,11";"1600"
"410720705";"Dois Vizinhos";"2400";"16610";"43800";"1,53";"3529,93";"25090454,33";"2400"
"410720730";"Santa Lúcia";"2400";"352";"958";"1,60";"4522,66";"68414203,79";"2400"
"410725605";"Douradina";"1800";"3461";"9161";"1,52";"2805,21";"14897491,11";"1800"
"410730605";"Doutor Camargo";"2000";"2519";"6311";"1,44";"2582,79";"12856495,29";"2000"
"410740505";"Enéas Marques";"2000";"1754";"4746";"1,54";"4536,93";"94326499,82";"2000"
"410740515";"Pinhalzinho";"1300";"296";"798";"1,40";"3064,75";"29073710,22";"1300"
"410740520";"Vista Alegre";"2424";"157";"436";"1,71";"5277,09";"80903987,20";"2424"
"410750405";"Engenheiro Beltrão";"1800";"3584";"9362";"1,47";"2584,37";"7667768,41";"1800"
"410750407";"Figueira do Oeste";"1500";"268";"676";"1,26";"2323,53";"6835747,82";"1500"
"410750409";"Ivailândia";"2000";"543";"1366";"1,54";"2309,28";"2980658,51";"2000"
"410750410";"Sertãozinho";"1500";"240";"610";"1,53";"1968,38";"1520008,85";"1500"
"410750415";"Sussuí";"2400";"106";"277";"1,38";"3699,77";"30887138,77";"2400"
"410750420";"Triângulo";"1212";"57";"132";"1,08";"2800,00";"18674492,31";"1212"
"410752005";"Esperança Nova";"1990";"709";"1849";"1,44";"2240,25";"3369995,58";"1990"
"410753805";"Entre Rios do Oeste";"2400";"1711";"4572";"1,55";"3484,02";"26463884,88";"2400"
"410754605";"Espigão Alto do Iguaçu";"1325";"1734";"4793";"1,87";"2450,95";"18812655,22";"1325"
"410755305";"Farol";"1500";"946";"2534";"1,56";"2355,98";"10831253,83";"1500"
"410755310";"Martinópolis D'Oeste";"2000";"191";"504";"1,15";"2804,79";"20453094,44";"2000"
"410760305";"Faxinal";"1439";"5855";"15538";"1,59";"2433,35";"9924617,41";"1439"
"410760315";"Nova Altamira";"1212";"251";"741";"1,63";"1897,98";"5280714,85";"1212"
"410765205";"Fazenda Rio Grande";"2000";"50430";"148703";"1,75";"2631,96";"5366604,79";"2000"
"410770205";"Fênix";"1400";"1653";"4157";"1,36";"2213,08";"6087427,39";"1400"
"410770210";"Bela Vista do Ivaí";"1212";"86";"229";"2,16";"1608,59";"1713148,05";"1212"
"410770215";"Porteira Preta";"1750";"33";"81";"1,19";"2467,70";"3935446,68";"1750"
"410773605";"Fernandes Pinheiro";"1213";"2161";"6251";"1,77";"2084,48";"6792671,41";"1213"
"410775105";"Figueira";"1400";"2946";"8058";"1,91";"2090,93";"3420634,29";"1400"
"410780105";"Floraí";"1650";"1826";"4499";"1,34";"2344,63";"4624127,29";"1650"
"410780110";"Nova Bilac";"1800";"107";"275";"1,30";"1978,38";"969604,29";"1800"
"410785005";"Flor da Serra do Sul";"1700";"1625";"4357";"1,61";"3291,38";"26588499,95";"1700"
"410790005";"Floresta";"2000";"3872";"10454";"1,64";"2678,99";"15022797,80";"2000"
"410800705";"Florestópolis";"1700";"4264";"11442";"1,55";"2177,64";"3551201,85";"1700"
"410810605";"Flórida";"1700";"968";"2651";"1,62";"2311,49";"15018548,31";"1700"
"410820505";"Formosa do Oeste";"1800";"3009";"7626";"1,38";"2575,96";"12946019,46";"1800"
"410830405";"Foz do Iguaçu";"2100";"100004";"281640";"1,97";"3552,00";"21088278,71";"2100"
"410830410";"Alvorada do Iguaçu";"1850";"222";"612";"2,26";"2316,09";"5037530,90";"1850"
"410832005";"Francisco Alves";"1600";"2424";"6930";"1,93";"2201,87";"8688200,23";"1600"
"410832010";"Rio Bonito";"1500";"439";"1181";"1,68";"2464,58";"18876604,89";"1500"
"410840305";"Francisco Beltrão";"2400";"34306";"88568";"1,51";"3619,93";"36711666,92";"2400"
"410840307";"Jacutinga";"2428";"455";"1187";"1,49";"6213,80";"113257460,19";"2428"
"410840310";"Nova Concórdia";"2001";"864";"2331";"1,45";"4196,63";"74829480,35";"2001"
"410840320";"São Pio X";"2212";"642";"1697";"1,52";"4756,00";"79992364,25";"2212"
"410840325";"Secção Jacaré";"2400";"588";"1583";"1,32";"3491,77";"21884319,89";"2400"
"410845205";"Foz do Jordão";"1212";"1781";"4926";"1,70";"2091,57";"4790837,66";"1212"
"410850205";"General Carneiro";"1478";"3433";"9918";"2,07";"2117,98";"4769488,00";"1477.5"
"410850215";"Jangada do Sul";"1500";"400";"1088";"2,03";"2097,66";"6010397,63";"1500"
"410855105";"Godoy Moreira";"1212";"1184";"2977";"1,48";"1817,50";"4183883,61";"1212"
"410860105";"Goioerê";"1800";"10761";"28386";"1,64";"2769,63";"11469175,19";"1800"
"410865005";"Goioxim";"1212";"2305";"6563";"1,85";"2484,31";"22233973,37";"1212"
"410870005";"Grandes Rios";"1212";"1315";"3438";"1,57";"2218,82";"10469385,13";"1212"
"410870010";"Ribeirão Bonito";"1212";"806";"2168";"1,64";"1561,31";"2170108,58";"1212"
"410880905";"Guaíra";"1800";"11202";"30479";"1,85";"2810,72";"35974820,34";"1800"
"410880910";"Doutor Oliveira Castro";"1500";"536";"1406";"1,67";"2072,94";"6073763,52";"1500"
"410890805";"Guairaçá";"1500";"2431";"6582";"1,60";"2036,61";"5553618,66";"1500"
"410895705";"Guamiranga";"1500";"2793";"7817";"1,60";"2435,53";"11883030,56";"1500"
"410900505";"Guapirama";"1450";"1730";"4624";"1,68";"2163,21";"9561049,16";"1450"
"410910405";"Guaporema";"1812";"833";"2181";"1,67";"2825,37";"23324316,11";"1812"
"410920305";"Guaraci";"2000";"1573";"4119";"1,60";"2513,09";"7830457,32";"2000"
"410920310";"Bentópolis";"2000";"242";"609";"1,40";"2280,15";"2524419,64";"2000"
"410930205";"Guaraniaçu";"1750";"4484";"11715";"1,60";"2533,66";"15163124,21";"1750"
"410930210";"Bela Vista";"1400";"167";"411";"1,50";"1970,02";"2763647,66";"1400"
"410930215";"Borman";"1200";"323";"807";"1,56";"1665,89";"888735,59";"1200"
"410930230";"Guaporé";"2000";"281";"756";"1,55";"2285,96";"3736093,01";"2000"
"410940105";"Guarapuava";"2000";"56872";"160547";"1,87";"3228,66";"34852560,20";"2000"
"410940107";"Atalaia";"2400";"84";"249";"1,79";"2713,43";"3162235,02";"2400"
"410940135";"Entre Rios";"1800";"3695";"10455";"1,86";"2936,26";"13803572,54";"1800"
"410940145";"Guairacá";"1212";"500";"1350";"1,92";"2144,91";"22712227,68";"1212"
"410940150";"Guará";"1212";"1241";"3406";"1,91";"1689,53";"1830559,51";"1212"
"410940175";"Palmeirinha";"1400";"1552";"4652";"1,87";"1983,81";"3534182,17";"1400"
"410950005";"Guaraqueçaba";"1212";"2110";"6114";"2,18";"1678,78";"2614741,23";"1212"
"410950010";"Ararapira";"900";"46";"119";"2,16";"860,50";"233719,84";"900"
"410950015";"Serra Negra";"1212";"415";"1137";"2,62";"1446,35";"5904882,69";"1212"
"410960905";"Guaratuba";"2000";"14702";"40013";"2,00";"2939,24";"13020753,26";"2000"
"410960910";"Pedra Branca do Araraquara";"1500";"654";"1954";"2,44";"2130,00";"4193891,76";"1500"
"410965805";"Honório Serpa";"2000";"1449";"3982";"1,66";"3285,41";"28341311,96";"2000"
"410965810";"Pinho Fleck";"2400";"326";"953";"1,65";"3618,46";"42666859,21";"2400"
"410970805";"Ibaiti";"1600";"8321";"22219";"1,67";"2396,24";"5819511,27";"1600"
"410970810";"Amorinha";"1212";"438";"1119";"1,36";"1980,35";"5512464,82";"1212"
"410970812";"Campinho";"1212";"686";"1880";"2,09";"1621,25";"873276,28";"1212"
"410970815";"Euzébio de Oliveira";"1212";"338";"960";"1,83";"2010,52";"13074550,01";"1212"
"410970820";"Vassoural";"1212";"242";"622";"1,52";"2255,97";"14753216,13";"1212"
"410970825";"Vila Guay";"1213";"719";"1887";"1,78";"2054,54";"5798948,96";"1213"
"410975705";"Ibema";"1500";"2350";"6218";"1,68";"2067,99";"3251782,43";"1500"
"410980705";"Ibiporã";"2000";"18782";"51341";"1,63";"2778,85";"8288473,96";"2000"
"410990605";"Icaraíma";"1500";"2798";"7451";"1,68";"2232,21";"5813759,62";"1500"
"410990610";"Porto Camargo";"1800";"331";"943";"1,89";"2224,15";"4152754,61";"1800"
"410990615";"Vila Rica do Ivaí";"1212";"206";"545";"1,56";"1916,95";"3071351,70";"1212"
"411000305";"Iguaraçu";"2000";"1957";"5328";"1,59";"2479,27";"5201083,20";"2000"
"411005205";"Iguatu";"1500";"828";"2140";"1,51";"2152,50";"6630445,38";"1500"
"411007805";"Imbaú";"1700";"4751";"14238";"2,13";"2109,82";"3860375,99";"1700"
"411010205";"Imbituva";"1800";"9431";"27327";"1,72";"2538,92";"6998858,11";"1800"
"411010210";"Apiaba";"1500";"883";"2494";"1,45";"1813,07";"1511556,41";"1500"
"411020105";"Inácio Martins";"1212";"3294";"9660";"1,93";"1833,98";"6109411,41";"1212"
"411030005";"Inajá";"1212";"995";"2532";"1,55";"1865,60";"2273000,38";"1212"
"411040905";"Indianópolis";"1500";"1665";"4439";"1,60";"2107,06";"2720012,99";"1500"
"411050805";"Ipiranga";"1500";"4914";"14137";"1,63";"2384,14";"10014332,60";"1500"
"411060705";"Iporã";"1600";"5222";"14203";"1,74";"2480,32";"8600302,77";"1600"
"411060714";"Nilza";"1500";"227";"623";"1,62";"2107,99";"9152843,77";"1500"
"411060715";"Nova Santa Helena";"1500";"308";"819";"1,59";"1948,51";"3395958,39";"1500"
"411065605";"Iracema do Oeste";"1700";"866";"2343";"1,51";"2126,30";"2438192,56";"1700"
"411070605";"Irati";"2000";"18901";"51380";"1,62";"2881,22";"11122601,70";"2000"
"411070610";"Gonçalves Júnior";"1500";"1158";"3108";"1,36";"3070,42";"25553384,03";"1500"
"411070615";"Guamirim";"1500";"875";"2325";"1,31";"2154,99";"10484800,31";"1500"
"411070620";"Itapará";"1500";"795";"2243";"1,62";"2897,27";"13724476,42";"1500"
"411080505";"Iretama";"1500";"2758";"7273";"1,64";"2385,65";"5886474,92";"1500"
"411080506";"Águas de Jurema";"1227";"1001";"2773";"1,73";"1797,04";"1775525,05";"1227"
"411080510";"Marilu";"1300";"197";"544";"1,72";"1807,37";"2598165,45";"1300"
"411090405";"Itaguajé";"1500";"1677";"4467";"1,79";"2159,60";"4145936,50";"1500"
"411095305";"Itaipulândia";"2100";"3167";"8783";"1,76";"2944,86";"10681984,06";"2100"
"411095325";"São José do Itavó";"1800";"953";"2696";"1,64";"2365,07";"4623874,27";"1800"
"411100105";"Itambaracá";"1240";"2049";"5533";"1,65";"2241,13";"28181483,52";"1240"
"411100110";"São Joaquim do Pontal";"1212";"135";"318";"1,38";"2076,46";"6800506,95";"1212"
"411110005";"Itambé";"2000";"2332";"6103";"1,53";"2760,88";"114614297,67";"2000"
"411120905";"Itapejara d'Oeste";"1800";"4200";"11538";"1,64";"2557,78";"16947099,45";"1800"
"411120910";"Barra Grande";"2000";"181";"460";"1,31";"2646,47";"8409465,47";"2000"
"411120915";"Coxilha Rica";"2300";"106";"307";"1,45";"3456,64";"25843782,29";"2300"
"411125805";"Itaperuçu";"1800";"10511";"31190";"1,96";"2067,18";"2501129,54";"1800"
"411130805";"Itaúna do Sul";"1212";"1313";"3572";"1,71";"1917,01";"2871453,61";"1212"
"411140705";"Ivaí";"1300";"3273";"9383";"1,82";"2112,03";"6438936,09";"1300"
"411140710";"Bom Jardim do Sul";"1300";"1311";"3803";"1,73";"2054,54";"6747808,45";"1300"
"411150605";"Ivaiporã";"1700";"11458";"29299";"1,49";"2779,63";"11651842,48";"1700"
"411150610";"Alto Porã";"1685";"421";"1119";"1,43";"2456,28";"6363069,16";"1685"
"411150625";"Jacutinga";"1212";"681";"1671";"1,37";"1808,13";"2117391,71";"1212"
"411150635";"Santa Bárbara";"1212";"199";"507";"1,21";"1523,14";"1003473,27";"1212"
"411155505";"Ivaté";"1600";"2140";"5650";"1,48";"2094,63";"2853054,51";"1600"
"411155515";"Herculândia";"1212";"439";"1165";"1,64";"1689,94";"886918,69";"1212"
"411160505";"Ivatuba";"2000";"1066";"2690";"1,37";"2942,41";"13020542,65";"2000"
"411170405";"Jaboti";"1500";"2046";"5419";"1,49";"2290,23";"7343996,87";"1500"
"411180305";"Jacarezinho";"1700";"14378";"40212";"1,96";"2679,73";"9953695,48";"1700"
"411190205";"Jaguapitã";"2000";"5506";"15022";"1,74";"2632,72";"5645978,47";"2000"
"411200905";"Jaguariaíva";"1800";"12273";"33618";"1,80";"2597,19";"9868865,33";"1800"
"411200910";"Eduardo Xavier da Silva";"1212";"494";"1326";"1,64";"1762,24";"8292005,43";"1212"
"411210805";"Jandaia do Sul";"2000";"7901";"20618";"1,49";"2852,81";"12106619,98";"2000"
"411210810";"São José";"1212";"266";"653";"1,58";"1570,65";"701115,23";"1212"
"411220705";"Janiópolis";"1212";"2150";"5481";"1,52";"2124,32";"9636415,83";"1212"
"411220710";"Arapuan";"1212";"164";"375";"1,26";"1755,49";"2189611,23";"1212"
"411230605";"Japira";"1490";"1726";"4705";"1,64";"2166,12";"5540140,44";"1490"
"411230610";"Novo Jardim";"1212";"107";"265";"1,80";"1649,45";"1210298,51";"1212"
"411240505";"Japurá";"1800";"3472";"9144";"1,46";"2454,30";"7318087,23";"1800"
"411250405";"Jardim Alegre";"1500";"4569";"11999";"1,51";"2194,55";"5245688,51";"1500"
"411260305";"Jardim Olinda";"1300";"492";"1334";"1,60";"1976,02";"13030311,48";"1300"
"411270205";"Jataizinho";"1600";"4200";"11612";"1,78";"2105,88";"2812234,42";"1600"
"411270210";"Antônio Brandão de Oliveira";"1200";"18";"58";"2,54";"1589,56";"395798,85";"1200"
"411270215";"Frei Timóteo";"1212";"42";"90";"1,10";"1972,00";"5503570,16";"1212"
"411275105";"Jesuítas";"2000";"3150";"8592";"1,64";"2599,07";"11094057,42";"2000"
"411275110";"Carajá";"1800";"634";"1893";"2,31";"2040,44";"1361103,98";"1800"
"411280105";"Joaquim Távora";"1600";"4164";"11265";"1,63";"2374,70";"9778070,38";"1600"
"411280110";"Joá";"1212";"205";"593";"1,80";"1548,68";"939294,78";"1212"
"411290005";"Jundiaí do Sul";"1212";"1251";"3333";"1,81";"2004,74";"11524759,25";"1212"
"411295905";"Juranda";"2000";"2234";"5881";"1,52";"2869,36";"16872279,57";"2000"
"411295908";"Primavera";"1200";"339";"893";"1,36";"1998,34";"9197543,95";"1200"
"411295910";"Rio Verde";"1600";"357";"996";"2,05";"2119,66";"2240395,62";"1600"
"411300705";"Jussara";"2000";"2496";"6688";"1,60";"2534,12";"4225503,17";"2000"
"411310605";"Kaloré";"1212";"1750";"4530";"1,45";"2125,51";"12875996,71";"1212"
"411320505";"Lapa";"2000";"12576";"33888";"1,68";"2797,07";"12300743,42";"2000"
"411320510";"Água Azul";"1300";"2353";"6227";"1,56";"2135,27";"13593230,12";"1300"
"411320515";"Mariental";"1800";"1727";"4817";"1,72";"2246,68";"3604395,17";"1800"
"411325405";"Laranjal";"1300";"1888";"5597";"1,81";"2051,63";"9173689,93";"1300"
"411330405";"Laranjeiras do Sul";"2000";"11386";"30612";"1,71";"3111,91";"20259785,85";"2000"
"411330425";"Passo Liso";"1500";"469";"1318";"1,66";"3296,68";"20457317,69";"1500"
"411340305";"Leópolis";"1500";"1414";"3750";"1,67";"2210,63";"10719735,36";"1500"
"411342905";"Lidianópolis";"1212";"1534";"3931";"1,46";"1957,84";"4739508,76";"1212"
"411345205";"Lindoeste";"1600";"1877";"5168";"1,66";"2253,34";"6876715,84";"1600"
"411350205";"Loanda";"2000";"8565";"23055";"1,62";"2805,25";"8935945,66";"2000"
"411360105";"Lobato";"1700";"1734";"4599";"1,63";"2447,28";"8847949,81";"1700"
"411370005";"Londrina";"2500";"203630";"536017";"1,65";"4247,06";"48390715,44";"2500"
"411370010";"Guaravera";"1300";"1140";"3171";"1,68";"1907,67";"2683179,92";"1300"
"411370015";"Irerê";"1230";"730";"2060";"1,65";"1853,60";"2511524,53";"1230"
"411370020";"Lerroville";"1250";"1199";"3334";"1,65";"1936,55";"7951686,50";"1250"
"411370025";"Maravilha";"1800";"280";"784";"1,64";"2079,66";"2060480,44";"1800"
"411370030";"Paiquerê";"1212";"1389";"3890";"1,93";"1388,70";"1114645,19";"1212"
"411370035";"São Luiz";"1500";"462";"1314";"1,74";"2209,86";"7898278,25";"1500"
"411370045";"Warta";"2000";"534";"1459";"1,53";"2632,80";"6459838,91";"2000"
"411373405";"Luiziana";"1500";"2451";"6688";"1,54";"2846,76";"984717997,41";"1500"
"411375905";"Lunardelli";"1212";"1898";"4872";"1,59";"1841,65";"3915579,78";"1212"
"411380905";"Lupionópolis";"1600";"1716";"4423";"1,56";"2126,45";"3450429,41";"1600"
"411380910";"Mairá";"1400";"152";"366";"1,24";"1622,45";"1100046,06";"1400"
"411390805";"Mallet";"2000";"3743";"10215";"1,67";"2691,86";"13666621,69";"2000"
"411390810";"Dorizon";"1500";"645";"1729";"1,71";"2621,95";"20930812,54";"1500"
"411390815";"Rio Claro do Sul";"1800";"538";"1467";"1,61";"3401,38";"86343952,18";"1800"
"411400505";"Mamborê";"1800";"5229";"13423";"1,45";"2826,90";"17297452,10";"1800"
"411410405";"Mandaguaçu";"2000";"11302";"31397";"1,59";"2644,59";"8363715,24";"2000"
"411420305";"Mandaguari";"2000";"13677";"36577";"1,60";"2734,62";"7459071,38";"2000"
"411430205";"Mandirituba";"2000";"5187";"14924";"1,92";"2647,99";"10332156,67";"2000"
"411430210";"Areia Branca dos Assis";"1300";"4544";"12472";"1,82";"1939,15";"6993641,10";"1300"
"411435105";"Manfrinópolis";"1800";"1033";"2768";"1,43";"2734,41";"15253444,00";"1800"
"411440105";"Mangueirinha";"1800";"5013";"13972";"1,72";"2650,16";"13814501,95";"1800"
"411440110";"Covó";"1500";"901";"2614";"1,62";"2443,01";"12437804,72";"1500"
"411450005";"Manoel Ribas";"1750";"4681";"13523";"2,01";"2822,83";"21014977,54";"1750"
"411450010";"Barra Santa Salete";"3000";"257";"696";"1,29";"5616,95";"57916964,65";"3000"
"411460905";"Marechal Cândido Rondon";"2400";"17898";"47161";"1,61";"3283,98";"12967678,74";"2400"
"411460907";"Bom Jardim";"1350";"179";"470";"1,46";"2477,68";"8299029,30";"1350"
"411460915";"Iguiporã";"2400";"474";"1251";"1,76";"3575,27";"29071433,89";"2400"
"411460920";"Margarida";"1212";"969";"2680";"1,53";"2060,47";"3829773,23";"1212"
"411460930";"Novo Horizonte";"2424";"336";"924";"1,56";"4204,78";"37642729,51";"2424"
"411460935";"Novo Três Passos";"2400";"364";"955";"1,57";"4031,08";"58853155,89";"2400"
"411460945";"Porto Mendes";"2000";"561";"1447";"1,44";"2660,42";"11044975,05";"2000"
"411460955";"São Roque";"1212";"260";"731";"1,76";"1933,61";"2882724,30";"1212"
"411470805";"Maria Helena";"1500";"2009";"5194";"1,48";"2162,55";"7070491,84";"1500"
"411470810";"Carbonera";"1600";"269";"665";"1,47";"1999,12";"3661080,61";"1600"
"411480705";"Marialva";"2200";"14623";"39989";"1,58";"3008,24";"9624550,88";"2200"
"411480710";"Santa Fé do Pirapó";"2000";"210";"579";"1,58";"2651,30";"11744923,61";"2000"
"411480715";"São Luiz";"2300";"80";"215";"1,53";"2957,09";"8385000,83";"2300"
"411480720";"São Miguel do Cambuí";"2000";"346";"927";"1,37";"2399,30";"4616636,75";"2000"
"411490605";"Marilândia do Sul";"1500";"2816";"7693";"1,69";"2288,79";"5261617,09";"1500"
"411490625";"Nova Amoreira";"1500";"322";"928";"1,58";"2403,43";"22597169,77";"1500"
"411500205";"Marilena";"1500";"2597";"7118";"1,55";"1989,39";"2395196,30";"1500"
"411500210";"Ipanema";"1500";"58";"131";"1,39";"2175,75";"1931435,12";"1500"
"411510105";"Mariluz";"1300";"3307";"8737";"1,67";"1965,14";"4266803,39";"1300"
"411510110";"São Luiz";"1500";"368";"1088";"1,99";"2162,64";"7585071,32";"1500"
"411520005";"Maringá";"3000";"152750";"396627";"1,56";"4632,18";"51092166,99";"3000"
"411520010";"Floriano";"1665";"896";"2453";"1,83";"2204,62";"3836732,33";"1665"
"411520015";"Iguatemi";"2269";"2847";"8060";"1,70";"2827,14";"6135866,67";"2269"
"411530905";"Mariópolis";"2000";"2092";"5495";"1,62";"3061,18";"46740886,87";"2000"
"411530910";"Rio Pinheiro";"2000";"260";"701";"1,29";"4484,09";"63357444,62";"2000"
"411530915";"Senhor Bom Jesus dos Gramados";"2500";"65";"170";"1,43";"4075,81";"17533329,49";"2500"
"411535805";"Maripá";"2000";"1659";"4700";"1,70";"2581,29";"6134289,07";"2000"
"411535810";"Candeia";"1800";"303";"913";"1,79";"2108,65";"1499823,87";"1800"
"411535820";"Pérola Independente";"2500";"357";"932";"1,45";"3785,82";"12630536,03";"2500"
"411540805";"Marmeleiro";"1900";"5909";"15892";"1,52";"2896,51";"17961414,25";"1900"
"411545705";"Marquinho";"1400";"1591";"4503";"1,61";"2644,65";"20336229,85";"1400"
"411550705";"Marumbi";"1500";"1803";"4699";"1,47";"2157,38";"4709662,47";"1500"
"411560605";"Matelândia";"2200";"5032";"14042";"1,83";"2895,21";"7635247,05";"2200"
"411560607";"Agro Cafeeira";"1800";"1469";"4332";"2,03";"2213,73";"2363537,58";"1800"
"411570505";"Matinhos";"2000";"15010";"39190";"1,87";"2910,14";"10167501,08";"2000"
"411573905";"Mato Rico";"1212";"1223";"3259";"1,55";"2031,16";"13257776,42";"1212"
"411575405";"Mauá da Serra";"1500";"3301";"9376";"1,81";"2065,70";"3274715,24";"1500"
"411580405";"Medianeira";"2400";"19191";"53166";"1,73";"3388,22";"15252007,48";"2400"
"411580425";"Maralúcia";"2500";"362";"1049";"1,62";"3916,26";"18172723,27";"2500"
"411585305";"Mercedes";"2000";"2149";"5926";"1,58";"2889,27";"18690143,48";"2000"
"411590305";"Mirador";"1500";"818";"2236";"1,85";"1970,27";"3124353,92";"1500"
"411600005";"Miraselva";"1500";"751";"1966";"1,68";"2157,79";"3943455,89";"1500"
"411605905";"Missal";"2400";"3035";"8026";"1,53";"2863,67";"6973085,80";"2400"
"411605910";"Dom Armando";"2414";"349";"860";"1,29";"2756,02";"3777741,54";"2414"
"411605920";"Portão Ocoí";"2000";"749";"2135";"1,84";"2956,38";"15739805,67";"2000"
"411610905";"Moreira Sales";"1300";"3775";"9324";"1,55";"2036,96";"5781697,19";"1300"
"411610910";"Paraná d'Oeste";"1250";"720";"1802";"1,62";"1820,37";"2846138,56";"1250"
"411620805";"Morretes";"1500";"6125";"16858";"2,07";"2650,07";"198253787,21";"1500"
"411620810";"Porto de Cima";"1570";"521";"1445";"2,23";"2897,54";"26120476,75";"1570"
"411630705";"Munhoz de Melo";"1600";"1381";"3721";"1,66";"2668,59";"19778560,04";"1600"
"411630710";"Fernão Dias";"1212";"82";"216";"1,96";"1443,33";"348521,21";"1212"
"411640605";"Nossa Senhora das Graças";"2000";"1362";"3663";"1,54";"2488,35";"5892880,68";"2000"
"411650505";"Nova Aliança do Ivaí";"1800";"480";"1323";"1,65";"2399,75";"5848723,25";"1800"
"411660405";"Nova América da Colina";"1212";"1164";"3280";"1,74";"1810,49";"2700797,82";"1212"
"411670305";"Nova Aurora";"2200";"4250";"12021";"2,08";"2872,40";"10581903,94";"2200"
"411670307";"Marajó";"1256";"238";"571";"1,14";"2267,64";"7514010,11";"1256"
"411670310";"Palmitópolis";"2000";"405";"1136";"1,61";"2745,61";"7261672,31";"2000"
"411680205";"Nova Cantu";"1500";"1963";"5186";"1,54";"2533,97";"16684572,67";"1500"
"411680210";"Geremia Lunardelli";"1212";"240";"701";"2,28";"1805,83";"4197598,31";"1212"
"411680215";"Santo Rei";"1215";"339";"898";"1,62";"1922,99";"2134566,57";"1215"
"411690105";"Nova Esperança";"1900";"9424";"25047";"1,54";"2655,76";"9737255,06";"1900"
"411690110";"Barão de Lucena";"1400";"441";"1175";"1,62";"1930,91";"2434070,53";"1400"
"411690115";"Ivaitinga";"1500";"120";"306";"1,59";"1888,17";"1287302,09";"1500"
"411695005";"Nova Esperança do Sudoeste";"2224";"2055";"5597";"1,55";"5208,72";"106016623,35";"2224"
"411700805";"Nova Fátima";"1212";"2733";"7223";"1,64";"2093,96";"7235085,56";"1212"
"411705705";"Nova Laranjeiras";"1212";"2686";"8548";"2,89";"1991,18";"10573971,02";"1212"
"411705710";"Bananas";"1212";"259";"669";"1,19";"1665,86";"2918517,94";"1212"
"411705715";"Guaraí";"1212";"335";"875";"1,51";"2250,71";"10939438,15";"1212"
"411705720";"Guarani";"1212";"378";"1019";"1,48";"2298,55";"21035334,54";"1212"
"411705730";"Rio da Prata";"1212";"353";"936";"1,50";"2283,58";"18049485,30";"1212"
"411710705";"Nova Londrina";"2000";"4714";"12765";"1,63";"2812,03";"13687570,76";"2000"
"411710710";"Cintra Pimentel";"1700";"36";"105";"1,45";"2021,76";"873785,16";"1700"
"411720605";"Nova Olímpia";"1300";"2262";"5822";"1,45";"1926,01";"2995965,89";"1300"
"411721405";"Nova Santa Bárbara";"1300";"1600";"4184";"1,60";"1884,56";"2272176,24";"1300"
"411722205";"Nova Santa Rosa";"2000";"2661";"7144";"1,59";"2708,57";"6614834,09";"2000"
"411722210";"Alto Santa Fé";"2500";"265";"725";"1,73";"4304,13";"54858659,84";"2500"
"411722220";"Planalto do Oeste";"1500";"178";"415";"1,49";"1859,26";"1161289,05";"1500"
"411725505";"Nova Prata do Iguaçu";"2000";"4513";"12684";"1,79";"3308,92";"24655851,97";"2000"
"411727105";"Nova Tebas";"1212";"1126";"3083";"1,68";"2196,02";"9350517,70";"1212"
"411727107";"Catuporanga";"1300";"990";"2630";"1,59";"2745,37";"25151310,97";"1300"
"411727110";"Poema";"1600";"434";"1117";"1,45";"2363,29";"26365809,84";"1600"
"411729705";"Novo Itacolomi";"1700";"1159";"3124";"1,33";"2393,30";"8492533,30";"1700"
"411730505";"Ortigueira";"1500";"4715";"13364";"1,81";"2340,62";"8637448,77";"1500"
"411730510";"Barreiro";"1212";"1348";"3613";"1,79";"1866,21";"10825361,43";"1212"
"411730515";"Lajeado Bonito";"1212";"410";"1075";"1,81";"2018,31";"9926060,11";"1212"
"411730520";"Monjolinho";"1212";"608";"1681";"1,82";"1733,69";"2781933,76";"1212"
"411730525";"Natingui";"1300";"1663";"4341";"1,59";"1856,52";"3849392,85";"1300"
"411740405";"Ourizona";"1800";"1196";"3187";"1,55";"2569,06";"14671497,27";"1800"
"411745305";"Ouro Verde do Oeste";"1800";"2467";"6740";"1,57";"2352,40";"6511133,23";"1800"
"411750305";"Paiçandu";"1900";"15992";"44470";"1,61";"2349,17";"9212963,48";"1900"
"411750310";"Água Boa";"1300";"554";"1445";"1,33";"2061,94";"2799555,88";"1300"
"411760205";"Palmas";"2000";"15948";"47028";"1,92";"2804,46";"274249367,33";"2000"
"411760215";"Francisco Frederico Teixeira Guimarães";"1500";"272";"803";"1,75";"2055,62";"8151301,19";"1500"
"411760220";"Padre Ponciano";"1600";"80";"238";"1,77";"1819,96";"486936,48";"1600"
"411770105";"Palmeira";"2100";"9286";"25962";"1,77";"3107,72";"13359022,96";"2100"
"411770110";"Papagaios Novos";"1300";"2875";"7827";"1,40";"2341,70";"11117711,15";"1300"
"411780005";"Palmital";"1212";"4748";"13024";"1,77";"2158,41";"6066331,69";"1212"
"411790905";"Palotina";"2400";"12105";"33445";"1,72";"3631,47";"26594894,53";"2400"
"411790915";"São Camilo";"1800";"418";"1118";"1,76";"2551,26";"6500499,43";"1800"
"411790925";"Vila Floresta";"2350";"131";"358";"1,49";"4732,59";"107271761,27";"2350"
"411800605";"Paraíso do Norte";"2000";"4900";"13223";"1,69";"2745,10";"15660897,12";"2000"
"411810505";"Paranacity";"1600";"3490";"9484";"1,70";"2217,77";"3679784,98";"1600"
"411820405";"Paranaguá";"2000";"47744";"141718";"2,16";"3015,62";"11706650,44";"2000"
"411820410";"Alexandra";"1700";"1253";"3696";"2,25";"2207,48";"5478754,63";"1700"
"411830305";"Paranapoema";"1423";"909";"2394";"1,45";"1966,39";"2948029,77";"1422.5"
"411840205";"Paranavaí";"2000";"30939";"82255";"1,62";"3169,10";"18359794,59";"2000"
"411840210";"Cristo Rei";"2150";"34";"101";"1,91";"2155,76";"784735,94";"2150"
"411840215";"Deputado José Afonso";"1800";"159";"419";"1,36";"2472,27";"7384448,19";"1800"
"411840220";"Graciosa";"2000";"914";"2527";"1,64";"3126,70";"34395874,82";"2000"
"411840225";"Sumaré";"2000";"2266";"6349";"1,59";"2643,90";"6837168,58";"2000"
"411845105";"Pato Bragado";"2200";"2116";"5732";"1,70";"2850,67";"9759098,58";"2200"
"411850105";"Pato Branco";"2500";"33701";"89937";"1,65";"4022,46";"146112219,24";"2500"
"411850130";"São Roque do Chopim";"1900";"612";"1685";"1,67";"2228,33";"2431800,33";"1900"
"411860005";"Paula Freitas";"1800";"2056";"5663";"1,59";"2673,36";"12847138,43";"1800"
"411870905";"Paulo Frontin";"1800";"1158";"3170";"1,71";"2937,79";"26549081,52";"1800"
"411870910";"Vera Guarani";"2000";"1143";"3150";"1,56";"2453,61";"16535383,49";"2000"
"411880805";"Peabiru";"1570";"5005";"13305";"1,73";"2369,52";"6881818,44";"1570"
"411885705";"Perobal";"1600";"2639";"7184";"1,59";"2208,13";"4403712,18";"1600"
"411890705";"Pérola";"1500";"4537";"11815";"1,50";"2277,73";"6315559,53";"1500"
"411900405";"Pérola d'Oeste";"2000";"1788";"4629";"1,43";"3095,58";"17736055,30";"2000"
"411900415";"Conciolândia";"2424";"611";"1581";"1,35";"4260,01";"50064483,60";"2424"
"411910305";"Piên";"2000";"4706";"13646";"1,83";"2624,58";"7968299,22";"2000"
"411915205";"Pinhais";"2400";"45875";"126394";"1,78";"3727,51";"85112783,71";"2400"
"411920205";"Pinhalão";"1400";"1903";"5132";"1,71";"2297,76";"8044372,58";"1400"
"411920210";"Lavrinha";"1212";"517";"1406";"1,61";"1786,92";"2185877,56";"1212"
"411925105";"Pinhal de São Bento";"1665";"956";"2761";"1,70";"2795,62";"18725520,72";"1665"
"411930105";"Pinhão";"1400";"7661";"21965";"1,81";"2147,22";"5779853,16";"1400"
"411930110";"Bom Retiro";"1212";"685";"1872";"1,82";"1601,78";"4115002,36";"1212"
"411930115";"Faxinal do Céu";"1212";"1649";"4733";"1,89";"1622,43";"4648213,43";"1212"
"411930125";"Pinhalzinho";"1200";"428";"1262";"2,03";"1021,25";"471534,52";"1200"
"411940005";"Piraí do Sul";"1706";"8300";"23593";"1,99";"2571,15";"11366401,30";"1706"
"411950905";"Piraquara";"2000";"38025";"111935";"2,05";"2570,93";"118939280,37";"2000"
"411960805";"Pitanga";"1600";"10841";"29555";"1,63";"2677,78";"16421847,88";"1600"
"411960810";"Barra Bonita";"1212";"335";"875";"1,38";"2045,18";"5088448,63";"1212"
"411960837";"Rio XV de Baixo";"1212";"607";"1584";"1,44";"1792,59";"2938345,29";"1212"
"411960840";"Vila Nova";"2500";"526";"1477";"1,20";"6557,02";"115132206,18";"2500"
"411965705";"Pitangueiras";"1700";"1099";"3042";"1,56";"2509,87";"16879986,36";"1700"
"411970705";"Planaltina do Paraná";"1485";"1268";"3544";"1,76";"2179,83";"10093216,77";"1485"
"411970710";"Comur";"1256";"202";"517";"1,64";"1747,19";"1437656,90";"1256"
"411980605";"Planalto";"2000";"3429";"9260";"1,89";"3159,33";"16261185,79";"2000"
"411980610";"Barra Grande";"1806";"195";"493";"1,69";"7851,65";"5135654861,36";"1806"
"411980615";"Centro Novo";"2400";"431";"1163";"1,88";"5010,72";"82909898,88";"2400"
"411980620";"Sagrada Família";"2000";"607";"1710";"2,30";"3144,78";"17730883,18";"2000"
"411980625";"Valério";"2000";"644";"1692";"1,74";"3641,50";"36550084,28";"2000"
"411990505";"Ponta Grossa";"2400";"124281";"346871";"1,85";"3580,56";"23110915,77";"2400"
"411990510";"Guaragi";"1778";"1475";"4236";"2,10";"2352,03";"13208313,87";"1777.5"
"411990515";"Itaiacoca";"1700";"1161";"3015";"1,69";"2243,26";"5039778,31";"1700"
"411990517";"Piriquitos";"1800";"272";"786";"1,78";"2640,50";"6772861,87";"1800"
"411990525";"Uvaia";"2000";"451";"1302";"1,69";"2998,54";"20322120,91";"2000"
"411995405";"Pontal do Paraná";"2000";"11731";"30403";"1,85";"3004,58";"385280680,07";"2000"
"412000205";"Porecatu";"2000";"4343";"11481";"1,55";"2709,30";"7442852,96";"2000"
"412010105";"Porto Amazonas";"1895";"1471";"4089";"1,67";"2562,96";"6612537,29";"1895"
"412015005";"Porto Barreiro";"1800";"1133";"3110";"1,56";"3103,02";"29416984,02";"1800"
"412020005";"Porto Rico";"2000";"1120";"3159";"1,94";"2983,46";"13369537,04";"2000"
"412030905";"Porto Vitória";"1700";"1238";"3533";"1,78";"2242,95";"3458897,22";"1700"
"412033305";"Prado Ferreira";"1500";"1369";"3703";"1,60";"2124,35";"11312734,79";"1500"
"412035805";"Pranchita";"2000";"1986";"5292";"1,55";"3416,09";"42676295,22";"2000"
"412035810";"Canzianópolis";"2000";"162";"445";"1,54";"3041,76";"12620656,86";"2000"
"412040805";"Presidente Castelo Branco";"1800";"1518";"4229";"1,63";"2359,46";"3603156,50";"1800"
"412040810";"Boa Vista";"2300";"36";"96";"2,80";"2513,20";"915451,34";"2300"
"412050705";"Primeiro de Maio";"2000";"3458";"9107";"1,62";"2631,06";"10036009,21";"2000"
"412050710";"Ibiaci";"1800";"348";"955";"1,97";"1972,67";"1411979,89";"1800"
"412060605";"Prudentópolis";"1500";"15140";"42231";"1,73";"2417,53";"8364489,72";"1500"
"412060610";"Jaciaba";"1212";"1477";"4033";"1,94";"1372,07";"2441373,69";"1212"
"412060615";"Patos Velhos";"1240";"1062";"2769";"1,46";"2248,13";"10549647,83";"1240"
"412065505";"Quarto Centenário";"1500";"1542";"4191";"1,63";"2108,96";"5223769,77";"1500"
"412070505";"Quatiguá";"1600";"3149";"8070";"1,43";"2333,64";"7747091,12";"1600"
"412080405";"Quatro Barras";"2300";"6072";"17151";"1,80";"3458,52";"20542977,84";"2300"
"412080410";"Borda do Campo";"2200";"2389";"6995";"1,97";"3301,65";"51290556,23";"2200"
"412085305";"Quatro Pontes";"2500";"1696";"4480";"1,48";"3431,23";"20354825,01";"2500"
"412090305";"Quedas do Iguaçu";"1500";"11132";"30598";"1,76";"2314,99";"7261821,47";"1500"
"412100005";"Querência do Norte";"1300";"3431";"9361";"1,73";"2100,70";"5426245,79";"1300"
"412100010";"Icatu";"2000";"243";"624";"1,54";"3193,94";"22333288,48";"2000"
"412100015";"Porto Brasílio";"1212";"254";"681";"1,57";"1549,56";"1076516,98";"1212"
"412110905";"Quinta do Sol";"1500";"1642";"4479";"1,57";"2271,14";"6666511,49";"1500"
"412110910";"Irapuan";"1500";"155";"422";"1,45";"2019,43";"4032448,61";"1500"
"412120805";"Quitandinha";"1500";"3298";"8974";"1,64";"2189,11";"8375464,02";"1500"
"412120810";"Doce Grande";"1212";"1233";"3276";"1,48";"1724,93";"1079805,24";"1212"
"412120815";"Pangaré";"1500";"2236";"6127";"1,70";"2059,60";"5070267,65";"1500"
"412125705";"Ramilândia";"1700";"1460";"4210";"2,05";"2151,70";"3712279,93";"1700"
"412130705";"Rancho Alegre";"1250";"1412";"3512";"1,41";"2292,53";"52384587,56";"1250"
"412135605";"Rancho Alegre D'Oeste";"1800";"969";"2618";"1,54";"2102,50";"2468394,01";"1800"
"412140605";"Realeza";"2400";"6521";"16793";"1,55";"3582,68";"23129336,41";"2400"
"412140610";"Maravilha";"2424";"79";"223";"1,61";"4965,30";"104489362,71";"2424"
"412140615";"Marmelândia";"2400";"603";"1604";"1,44";"4018,10";"39166551,95";"2400"
"412140620";"São Roque";"2000";"223";"585";"1,23";"3201,96";"19879693,55";"2000"
"412150505";"Rebouças";"1300";"5312";"14503";"1,64";"2128,24";"10235669,59";"1300"
"412160405";"Renascença";"2000";"2300";"6270";"1,60";"3226,84";"38887012,61";"2000"
"412160410";"Baulândia";"2400";"94";"271";"1,74";"3094,76";"20278511,48";"2400"
"412160415";"Canela";"1500";"104";"294";"1,50";"2779,81";"13096904,51";"1500"
"412170305";"Reserva";"1500";"7215";"19797";"1,70";"2385,02";"12732242,47";"1500"
"412170310";"José Lacerda";"1200";"933";"2520";"1,54";"1540,34";"1262449,85";"1200"
"412170315";"Rio Novo";"1212";"824";"2124";"1,44";"1674,14";"1987057,19";"1212"
"412175205";"Reserva do Iguaçu";"1220";"2249";"6543";"1,72";"2090,61";"12478853,32";"1220"
"412180205";"Ribeirão Claro";"1800";"4137";"11140";"1,71";"2575,01";"7257105,08";"1800"
"412180210";"Cachoeira do Espírito Santo";"1212";"446";"1190";"1,51";"2001,10";"4552763,49";"1212"
"412190105";"Ribeirão do Pinhal";"1290";"4528";"11938";"1,73";"2112,57";"7393032,02";"1290"
"412190115";"Triolândia";"1212";"373";"1021";"1,61";"1420,25";"573455,83";"1212"
"412200805";"Rio Azul";"1500";"4927";"13933";"1,67";"2388,24";"14241034,19";"1500"
"412210705";"Rio Bom";"1532";"1099";"2791";"1,41";"2259,12";"6892462,22";"1532"
"412210710";"Santo Antônio do Palmital";"1427";"141";"364";"1,17";"1897,81";"3564356,88";"1427"
"412215605";"Rio Bonito do Iguaçu";"1500";"2005";"5657";"1,60";"2271,84";"5123584,29";"1500"
"412215610";"Assentamento Ireno Alves dos Santos";"1500";"1938";"5692";"1,85";"2295,04";"6932918,70";"1500"
"412215615";"Campo do Bugre";"1400";"458";"1293";"1,58";"2249,29";"10081274,91";"1400"
"412215620";"Linha Rosa";"2000";"219";"644";"1,53";"3643,18";"34149449,68";"2000"
"412215625";"Pinhalzinho";"1700";"204";"625";"1,47";"3151,02";"37340745,93";"1700"
"412217205";"Rio Branco do Ivaí";"1212";"1372";"3794";"1,60";"1804,35";"4588160,99";"1212"
"412220605";"Rio Branco do Sul";"1800";"12921";"36466";"2,00";"2091,02";"4818753,79";"1800"
"412220610";"Açungui";"1212";"394";"1007";"1,55";"1582,78";"699781,27";"1212"
"412230505";"Rio Negro";"2300";"10287";"29293";"1,93";"3218,56";"14236382,85";"2300"
"412230510";"Lageado dos Vieiras";"1500";"437";"1209";"1,75";"1891,61";"1521481,59";"1500"
"412230515";"Fazendinha";"1212";"267";"707";"2,18";"1940,49";"1952637,91";"1212"
"412240405";"Rolândia";"2000";"24755";"68399";"1,72";"2791,50";"10287179,54";"2000"
"412240410";"Nossa Senhora da Aparecida";"1500";"360";"965";"1,56";"2095,76";"7035046,36";"1500"
"412240420";"São Martinho";"1800";"660";"1818";"1,53";"2301,87";"5247655,72";"1800"
"412250305";"Roncador";"1500";"4001";"10350";"1,50";"2254,17";"5519350,92";"1500"
"412250310";"Alto do São João";"1200";"326";"862";"1,52";"1934,40";"7160883,69";"1200"
"412260205";"Rondon";"1800";"3371";"9092";"1,65";"2397,21";"5181017,59";"1800"
"412265105";"Rosário do Ivaí";"1212";"2079";"5409";"1,60";"2126,64";"12385595,34";"1212"
"412270105";"Sabáudia";"2000";"3170";"8822";"1,63";"2529,74";"9804179,43";"2000"
"412280005";"Salgado Filho";"1750";"1333";"3472";"1,44";"2865,08";"24942330,83";"1750"
"412280020";"Tiradentes";"1712";"217";"588";"1,31";"3415,88";"23102486,21";"1712"
"412290905";"Salto do Itararé";"1400";"1997";"5189";"1,70";"2136,34";"5190238,00";"1400"
"412300605";"Salto do Lontra";"2000";"5630";"15207";"1,58";"3282,57";"27669955,11";"2000"
"412310505";"Santa Amélia";"1212";"1290";"3382";"1,77";"1934,64";"4958129,52";"1212"
"412320405";"Santa Cecília do Pavão";"1212";"1301";"3343";"1,60";"1876,14";"4790073,59";"1212"
"412330305";"Santa Cruz de Monte Castelo";"1600";"3018";"8039";"1,56";"2379,04";"9010094,11";"1600"
"412330310";"Santa Esmeralda";"1500";"207";"533";"1,55";"2252,86";"4136355,29";"1500"
"412340205";"Santa Fé";"1750";"4254";"11340";"1,57";"2358,56";"4241056,20";"1750"
"412350105";"Santa Helena";"2200";"7509";"19962";"1,61";"3305,97";"22042686,90";"2200"
"412350110";"São Clemente";"1700";"2015";"5510";"1,60";"2637,52";"11559177,37";"1700"
"412360005";"Santa Inês";"1500";"677";"1748";"1,52";"1984,54";"2905250,64";"1500"
"412370905";"Santa Isabel do Ivaí";"1600";"3127";"8047";"1,55";"2347,63";"7520434,33";"1600"
"412370915";"São José do Ivaí";"1500";"342";"859";"1,17";"2168,30";"17757862,57";"1500"
"412380805";"Santa Izabel do Oeste";"2100";"3766";"10157";"1,67";"3180,81";"23545706,52";"2100"
"412380810";"Anunciação";"2500";"365";"921";"1,35";"4889,49";"53345939,34";"2500"
"412380815";"Jacutinga";"3000";"215";"610";"1,70";"4896,42";"32640216,51";"3000"
"412380820";"Rio da Prata";"2400";"411";"1193";"1,78";"4241,26";"47826083,55";"2400"
"412380825";"Sarandi";"4856";"86";"242";"1,49";"9148,60";"187655163,32";"4856"
"412380830";"União do Oeste";"3000";"333";"925";"1,53";"5767,90";"78094687,34";"3000"
"412382405";"Santa Lúcia";"1212";"1389";"3644";"1,65";"2077,25";"3167743,58";"1212"
"412385705";"Santa Maria do Oeste";"1212";"2177";"5988";"1,69";"1966,72";"6839763,74";"1212"
"412385720";"Ouro Verde";"1500";"292";"817";"1,54";"2421,84";"6606162,15";"1500"
"412385725";"Rio do Tigre";"1212";"267";"710";"1,44";"2529,95";"26234175,65";"1212"
"412385730";"São José";"1212";"571";"1598";"1,67";"2010,15";"10374668,12";"1212"
"412385735";"São Manoel";"1212";"299";"810";"1,54";"1765,82";"2724468,24";"1212"
"412390705";"Santa Mariana";"1500";"4216";"11051";"1,68";"2387,31";"6926469,65";"1500"
"412395605";"Santa Mônica";"1212";"794";"2125";"1,63";"1890,18";"3974480,05";"1212"
"412395610";"Aparecida do Ivaí";"1212";"455";"1224";"1,83";"1448,48";"959591,83";"1212"
"412400405";"Santana do Itararé";"1230";"2099";"5482";"1,59";"2273,27";"21392537,65";"1230"
"412402005";"Santa Tereza do Oeste";"2000";"4104";"11571";"1,69";"2583,12";"9171937,61";"2000"
"412402010";"Santa Maria";"1800";"563";"1602";"1,73";"2424,45";"7128466,73";"1800"
"412405305";"Santa Terezinha de Itaipu";"2000";"8619";"24258";"1,72";"2837,49";"9647086,30";"2000"
"412410305";"Santo Antônio da Platina";"1700";"15341";"42198";"1,85";"2716,42";"164883965,50";"1700"
"412410312";"Conselheiro Zacarias";"1600";"212";"539";"1,36";"1805,40";"579465,50";"1600"
"412410317";"Monte Real";"1212";"518";"1456";"1,79";"1793,17";"2136814,31";"1212"
"412420205";"Santo Antônio do Caiuá";"1500";"980";"2493";"1,44";"2072,81";"5061383,88";"1500"
"412430105";"Santo Antônio do Paraíso";"1500";"725";"1873";"1,53";"2069,28";"3682803,84";"1500"
"412430110";"São Judas Tadeu";"1212";"94";"252";"1,66";"1984,01";"2346287,34";"1212"
"412440005";"Santo Antônio do Sudoeste";"2000";"6839";"19172";"1,93";"2945,59";"14539827,19";"2000"
"412440015";"Marcionópolis";"1500";"677";"1913";"1,59";"2607,43";"29147994,37";"1500"
"412440030";"São Pedro do Florido";"2500";"875";"2426";"1,43";"3997,43";"46961398,17";"2500"
"412450905";"Santo Inácio";"2000";"2277";"6171";"1,50";"2817,24";"10880420,52";"2000"
"412460805";"São Carlos do Ivaí";"1900";"2358";"6510";"1,69";"2490,02";"9706282,31";"1900"
"412460810";"Porto São Carlos";"2500";"12";"37";"0,99";"3060,00";"2752278,40";"2500"
"412470705";"São Jerônimo da Serra";"1212";"2265";"6066";"1,79";"2139,56";"7983488,09";"1212"
"412470710";"São João do Pinhal";"1200";"596";"1667";"2,06";"1456,72";"1255903,99";"1200"
"412470715";"Terra Nova";"1212";"904";"2598";"1,86";"1408,83";"812024,11";"1212"
"412470720";"Vila Nova de Florença";"1200";"184";"466";"1,74";"1340,62";"705374,01";"1200"
"412480605";"São João";"2000";"3297";"8555";"1,45";"2916,07";"9707593,28";"2000"
"412480610";"Dois Irmãos";"2000";"379";"1017";"1,52";"2964,58";"39365909,70";"2000"
"412480615";"Nova Lourdes";"2000";"319";"858";"1,55";"4287,03";"229019795,93";"2000"
"412480617";"Ouro Verde";"2300";"278";"753";"1,50";"4675,30";"86491756,93";"2300"
"412480620";"Vila Paraíso";"1411";"271";"691";"1,77";"2808,50";"23081310,73";"1411"
"412490505";"São João do Caiuá";"1212";"2179";"5571";"1,56";"2035,07";"36894420,79";"1212"
"412500105";"São João do Ivaí";"1400";"3208";"8096";"1,45";"2318,30";"14070837,57";"1400"
"412500115";"Ubaúna";"1212";"298";"743";"1,44";"1739,29";"9687323,26";"1212"
"412500125";"Luar";"1212";"309";"774";"1,46";"1449,43";"833625,41";"1212"
"412500130";"Santa Luzia da Alvorada";"1212";"396";"978";"1,58";"1540,48";"3098631,48";"1212"
"412510005";"São João do Triunfo";"1500";"2760";"7725";"1,67";"2347,91";"5980246,47";"1500"
"412510010";"Palmira";"1500";"2148";"5982";"1,56";"2837,09";"16765883,27";"1500"
"412520905";"São Jorge d'Oeste";"2000";"2636";"6977";"1,54";"3134,85";"38729680,83";"2000"
"412520910";"Doutor Antônio Paranhos";"1350";"429";"1075";"1,48";"2200,96";"11906207,71";"1350"
"412520915";"Iolópolis";"1800";"246";"641";"1,16";"2785,84";"13789376,72";"1800"
"412520917";"Lagos do Iguaçu";"2500";"66";"178";"1,20";"3063,66";"6028038,20";"2500"
"412520920";"Sede Nova Sant'Ana";"1500";"179";"498";"1,65";"2400,07";"7633991,19";"1500"
"412530805";"São Jorge do Ivaí";"2000";"1857";"5023";"1,41";"3187,13";"35206888,17";"2000"
"412530810";"Copacabana do Norte";"1350";"65";"132";"0,78";"2041,50";"2222105,52";"1350"
"412535705";"São Jorge do Patrocínio";"1700";"2513";"6493";"1,41";"2354,68";"4723436,28";"1700"
"412540705";"São José da Boa Vista";"1212";"2358";"6018";"1,62";"2389,10";"23866100,66";"1212"
"412545605";"São José das Palmeiras";"1600";"1513";"3956";"1,59";"2239,26";"6400986,52";"1600"
"412550605";"São José dos Pinhais";"2400";"117082";"327570";"1,76";"3300,02";"52641204,31";"2400"
"412550615";"Colônia Murici";"3500";"41";"126";"1,72";"5260,92";"32340621,02";"3500"
"412555505";"São Manoel do Paraná";"1500";"808";"2138";"1,45";"2271,96";"17760557,74";"1500"
"412560505";"São Mateus do Sul";"2000";"13230";"35848";"1,56";"3070,59";"29914061,79";"2000"
"412560510";"Caitá";"1212";"271";"766";"2,11";"2514,10";"10914338,50";"1212"
"412560515";"Fluviópolis";"2206";"914";"2559";"1,68";"2775,76";"17081760,77";"2206"
"412560520";"Lajeado";"1212";"1098";"3154";"1,58";"1847,32";"2466777,52";"1212"
"412570405";"São Miguel do Iguaçu";"2000";"9463";"25758";"1,63";"3006,34";"14403365,19";"2000"
"412570410";"Aurora do Iguaçu";"1600";"506";"1398";"1,56";"2405,49";"7522415,05";"1600"
"412570420";"São José do Iguaçu";"2462";"67";"179";"1,77";"4520,71";"55733461,29";"2462"
"412570430";"São Jorge";"2424";"408";"1115";"1,55";"3026,84";"8543777,79";"2424"
"412570435";"Santa Rosa do Ocoi";"2300";"241";"633";"1,42";"3868,81";"66746173,81";"2300"
"412575305";"São Pedro do Iguaçu";"1700";"2206";"5738";"1,63";"2287,19";"9172216,99";"1700"
"412580305";"São Pedro do Ivaí";"1800";"3157";"8199";"1,51";"2531,15";"9977822,91";"1800"
"412580310";"Mariza";"1212";"196";"489";"1,55";"1891,53";"3856508,48";"1212"
"412590205";"São Pedro do Paraná";"2000";"564";"1506";"1,66";"2617,43";"7122224,40";"2000"
"412590210";"Porto São José";"1800";"419";"1145";"1,45";"2448,79";"7006151,17";"1800"
"412600905";"São Sebastião da Amoreira";"1244";"2985";"8058";"1,71";"2204,81";"6949262,35";"1243.5"
"412610805";"São Tomé";"1500";"1950";"5231";"1,77";"2158,94";"3305691,39";"1500"
"412620705";"Sapopema";"1300";"1975";"5496";"1,63";"1916,96";"1915219,05";"1300"
"412620710";"Lambari";"1212";"299";"844";"1,75";"1811,61";"11209063,84";"1212"
"412620715";"Vida Nova";"1200";"127";"312";"1,63";"2084,35";"20160693,85";"1200"
"412625605";"Sarandi";"2000";"42844";"118300";"1,65";"2533,51";"5770534,38";"2000"
"412627205";"Saudade do Iguaçu";"2000";"2119";"6108";"1,76";"3142,68";"21824177,43";"2000"
"412630605";"Sengés";"1800";"4731";"13373";"1,83";"2602,83";"216797351,74";"1800"
"412630607";"Ouro Verde";"1350";"1061";"3061";"1,81";"1863,57";"4255383,26";"1350"
"412630610";"Reianópolis";"1700";"309";"813";"1,53";"2770,01";"16385685,08";"1700"
"412635505";"Serranópolis do Iguaçu";"2001";"1841";"5007";"1,70";"3024,02";"10235594,86";"2001"
"412640505";"Sertaneja";"1600";"1916";"4883";"1,54";"2600,55";"16958515,85";"1600"
"412640510";"Paranagi";"1630";"274";"731";"1,37";"1969,01";"1690793,92";"1630"
"412650405";"Sertanópolis";"2000";"5838";"15912";"1,54";"2772,89";"8199713,39";"2000"
"412660305";"Siqueira Campos";"1650";"8044";"21205";"1,59";"2328,90";"6818152,17";"1650"
"412660310";"Alemoa";"1212";"571";"1515";"1,55";"1897,51";"3253292,15";"1212"
"412665205";"Sulina";"2400";"1340";"3438";"1,44";"4689,05";"73406847,40";"2400"
"412667805";"Tamarana";"1500";"3686";"10604";"1,93";"2068,57";"4575935,38";"1500"
"412670205";"Tamboara";"1635";"1865";"4880";"1,59";"2236,54";"6168229,58";"1635"
"412680105";"Tapejara";"1700";"5677";"15260";"1,62";"2238,85";"4224570,98";"1700"
"412680110";"Bela Vista do Tapiracuí";"2000";"138";"601";"2,70";"2204,80";"1344367,56";"2000"
"412690005";"Tapira";"1500";"2251";"5709";"1,50";"2157,96";"6819604,49";"1500"
"412700705";"Teixeira Soares";"1500";"2264";"6437";"1,85";"2365,66";"10058270,18";"1500"
"412700720";"Guaraúna";"1600";"1062";"3076";"1,78";"2622,87";"23456355,03";"1600"
"412710605";"Telêmaco Borba";"2500";"26428";"74699";"1,78";"3232,10";"36194529,43";"2500"
"412720505";"Terra Boa";"1700";"6507";"17509";"1,56";"2366,57";"8003038,53";"1700"
"412730405";"Terra Rica";"1712";"5114";"13746";"1,58";"2425,74";"9262224,30";"1712"
"412730410";"Adhemar de Barros";"1221";"412";"1060";"1,49";"2013,97";"3136625,03";"1221"
"412740305";"Terra Roxa";"1800";"6315";"16935";"1,70";"2645,06";"14456962,59";"1800"
"412740310";"Santa Rita d'Oeste";"2000";"448";"1177";"1,70";"2785,11";"11799039,43";"2000"
"412750205";"Tibagi";"2000";"4490";"12857";"1,92";"2694,39";"9614528,85";"2000"
"412750210";"Alto do Amparo";"1500";"1050";"2968";"1,95";"2262,84";"11622924,62";"1500"
"412750220";"Caetano Mendes";"1300";"1490";"4097";"1,79";"2037,92";"8119222,35";"1300"
"412760105";"Tijucas do Sul";"1600";"6400";"17576";"1,81";"2351,91";"7654964,51";"1600"
"412770005";"Toledo";"2424";"52001";"138100";"1,54";"3543,43";"19155134,62";"2424"
"412770008";"Concórdia do Oeste";"2424";"445";"1255";"1,62";"3896,36";"60251810,95";"2424"
"412770010";"Dez de Maio";"2500";"573";"1604";"1,57";"4356,45";"46619353,72";"2500"
"412770015";"Dois Irmãos";"2424";"291";"798";"1,28";"4483,46";"60448033,28";"2424"
"412770020";"Novo Sarandi";"2100";"1094";"2875";"1,53";"2875,42";"11876962,90";"2100"
"412770025";"São Luiz do Oeste";"2500";"291";"743";"1,25";"2901,46";"3564988,20";"2500"
"412770030";"São Miguel";"2240";"209";"587";"1,59";"3589,07";"35323175,16";"2240"
"412770033";"Vila Ipiranga";"2424";"204";"534";"1,31";"4652,34";"53869729,53";"2424"
"412770035";"Vila Nova";"2200";"837";"2313";"1,64";"3031,37";"13005473,08";"2200"
"412770040";"Novo Sobradinho";"2424";"441";"1206";"1,41";"3410,43";"34888379,37";"2424"
"412780905";"Tomazina";"1500";"2680";"7036";"1,56";"2581,67";"21382665,35";"1500"
"412780910";"Sapé";"1212";"516";"1385";"1,59";"2059,17";"16419546,63";"1212"
"412785805";"Três Barras do Paraná";"1500";"4098";"11128";"1,62";"2678,29";"22348716,66";"1500"
"412788205";"Tunas do Paraná";"1500";"2104";"6215";"2,12";"2234,68";"24204013,05";"1500"
"412790805";"Tuneiras do Oeste";"1800";"2113";"5591";"1,67";"2315,85";"4367235,87";"1800"
"412790810";"Aparecida D'Oeste";"1212";"538";"1395";"1,73";"1885,44";"6890076,76";"1212"
"412790815";"Marabá";"1800";"421";"1072";"1,38";"2138,75";"4974626,35";"1800"
"412795705";"Tupãssi";"2000";"3045";"8076";"1,52";"2681,78";"7937389,83";"2000"
"412796505";"Turvo";"1400";"4098";"11671";"1,70";"2404,69";"14314537,50";"1400"
"412796510";"Faxinal da Boa Vista";"1500";"917";"2554";"1,40";"1963,24";"2201945,58";"1500"
"412800505";"Ubiratã";"2000";"8778";"23486";"1,59";"2850,73";"12337960,06";"2000"
"412800510";"Yolanda";"1600";"449";"1204";"1,39";"2400,73";"19328825,99";"1600"
"412810405";"Umuarama";"2000";"41786";"110262";"1,60";"3397,56";"19447694,27";"2000"
"412810415";"Lovat";"1500";"724";"1884";"1,48";"2030,01";"2997590,90";"1500"
"412810425";"Roberto Silveira";"1800";"179";"490";"1,52";"2263,83";"2708285,84";"1800"
"412810430";"Santa Eliza";"1327";"469";"1223";"1,69";"1969,33";"3843946,64";"1327"
"412810435";"Serra dos Dourados";"1212";"1083";"2837";"1,57";"1786,29";"1629311,53";"1212"
"412820305";"União da Vitória";"2400";"8478";"21884";"1,77";"3451,61";"15195107,25";"2400"
"412820310";"São Cristóvão";"1700";"7712";"22116";"1,97";"2212,99";"3152000,36";"1700"
"412820315";"São Domingos";"1800";"3788";"10804";"1,89";"2455,76";"10041137,34";"1800"
"412830205";"Uniflor";"1300";"805";"2135";"1,42";"1883,01";"2011616,14";"1300"
"412840105";"Uraí";"1500";"3542";"9157";"1,53";"2584,93";"10131303,55";"1500"
"412840110";"Cruzeiro do Norte";"1212";"499";"1227";"1,45";"1698,22";"2771853,82";"1212"
"412850005";"Wenceslau Braz";"1500";"7100";"19043";"1,77";"2406,93";"10266582,74";"1500"
"412853405";"Ventania";"1800";"2212";"6153";"1,67";"2342,12";"5248587,61";"1800"
"412853410";"Novo Barro Preto";"1500";"1231";"3507";"1,62";"1788,49";"1193378,06";"1500"
"412855905";"Vera Cruz do Oeste";"1500";"3140";"8213";"1,65";"2268,52";"8945485,27";"1500"
"412860905";"Verê";"2000";"2210";"6044";"1,65";"3135,62";"30505042,92";"2000"
"412860910";"Presidente Kennedy";"2400";"326";"901";"1,47";"3481,01";"18388697,72";"2400"
"412860915";"Sede Progresso";"1400";"385";"970";"1,34";"2747,13";"19486569,83";"1400"
"412862505";"Alto Paraíso";"2000";"1135";"3001";"1,73";"2480,58";"3451676,33";"2000"
"412863305";"Doutor Ulysses";"1212";"2067";"5696";"1,57";"1536,18";"1609396,53";"1212"
"412865805";"Virmond";"1600";"1404";"3809";"1,47";"2808,80";"36889088,80";"1600"
"412870805";"Vitorino";"2015";"3485";"9702";"1,75";"2875,99";"12742168,48";"2015"
"412880705";"Xambrê";"1500";"1174";"3030";"1,57";"2121,59";"3914049,87";"1500"
"412880710";"Casa Branca";"1290";"471";"1328";"1,93";"2382,88";"17774492,35";"1290"
"412880715";"Eliza";"1212";"554";"1428";"1,37";"1856,31";"4519231,45";"1212"
"420005105";"Abdon Batista";"2000";"969";"2593";"1,45";"2945,02";"14613638,16";"2000"
"420010105";"Abelardo Luz";"2000";"6016";"17232";"1,88";"2902,92";"16445489,18";"2000"
"420020005";"Agrolândia";"2424";"3914";"10987";"1,66";"3022,25";"12140807,82";"2424"
"420030905";"Agronômica";"2500";"2229";"6035";"1,66";"3267,00";"11264519,67";"2500"
"420040805";"Água Doce";"2200";"2072";"5511";"1,91";"3958,97";"67330365,23";"2200"
"420040810";"Herciliópolis";"2000";"355";"976";"1,87";"3897,12";"45316233,90";"2000"
"420050705";"Águas de Chapecó";"2000";"2274";"6034";"1,64";"2826,70";"15447265,42";"2000"
"420055605";"Águas Frias";"2400";"1026";"2839";"1,43";"3655,29";"26556902,17";"2400"
"420060605";"Águas Mornas";"2200";"2460";"6743";"1,56";"2853,92";"10445896,24";"2200"
"420070505";"Alfredo Wagner";"1800";"2311";"6193";"1,58";"2703,19";"17855053,10";"1800"
"420070510";"Arnópolis";"1212";"898";"2510";"1,82";"2117,91";"5450072,98";"1212"
"420070515";"Catuíra";"2200";"341";"896";"1,57";"2920,77";"7973639,33";"2200"
"420070520";"São Leonardo";"1300";"343";"866";"1,51";"2071,65";"3463113,39";"1300"
"420075405";"Alto Bela Vista";"2212";"725";"1856";"1,64";"3316,39";"26523923,36";"2212"
"420080405";"Anchieta";"2000";"2276";"5934";"1,45";"3579,29";"42620244,71";"2000"
"420090305";"Angelina";"1500";"1067";"2788";"1,61";"2210,82";"3426354,50";"1500"
"420090310";"Barra Clara";"1412";"544";"1565";"1,42";"2258,36";"9206429,62";"1412"
"420090315";"Garcia";"2001";"382";"977";"1,59";"2482,59";"3906011,61";"2001"
"420100005";"Anita Garibaldi";"1500";"2614";"6883";"1,48";"2380,17";"7091559,29";"1500"
"420100015";"Lagoa da Estiva";"1212";"511";"1398";"1,55";"1549,88";"1483345,11";"1212"
"420110905";"Anitápolis";"1800";"1331";"3578";"1,67";"2568,64";"9843255,14";"1800"
"420120805";"Antônio Carlos";"2400";"3777";"11199";"1,70";"3069,77";"9339747,86";"2400"
"420125705";"Apiúna";"2000";"3535";"9811";"1,72";"2597,94";"8890722,16";"2000"
"420127305";"Arabutã";"2428";"1094";"3022";"1,81";"3396,24";"25845701,97";"2428"
"420127310";"Nova Estrela";"2000";"511";"1355";"1,33";"2551,20";"5752190,38";"2000"
"420130705";"Araquari";"2000";"13908";"42246";"2,03";"2592,66";"4369297,47";"2000"
"420130710";"Itapocu";"2000";"1112";"2952";"1,91";"2396,27";"4288257,99";"2000"
"420140605";"Araranguá";"2300";"23694";"63390";"1,65";"3249,77";"12207433,09";"2300"
"420140610";"Hercílio Luz";"2400";"807";"2107";"1,57";"2606,14";"3302079,86";"2400"
"420140615";"Balneário Morro dos Conventos";"2400";"895";"2264";"1,42";"3251,40";"10431951,51";"2400"
"420140625";"Sanga da Toca";"2100";"1374";"3750";"1,57";"2644,54";"5065798,16";"2100"
"420150505";"Armazém";"2000";"3250";"8829";"1,55";"2851,69";"20772756,79";"2000"
"420160405";"Arroio Trinta";"2400";"1391";"3556";"1,36";"3149,93";"12385300,35";"2400"
"420165305";"Arvoredo";"2000";"869";"2502";"1,69";"3429,59";"29772280,27";"2000"
"420170305";"Ascurra";"2000";"3019";"8316";"1,83";"2748,64";"15895910,65";"2000"
"420180205";"Atalanta";"2257";"1200";"3223";"1,61";"2959,57";"8650170,20";"2257"
"420190105";"Aurora";"2500";"2431";"6767";"1,52";"3557,04";"23053023,38";"2500"
"420195005";"Balneário Arroio do Silva";"2000";"6020";"15759";"1,94";"2514,01";"4956372,94";"2000"
"420200805";"Balneário Camboriú";"4000";"57862";"138701";"1,68";"6074,78";"52787277,68";"4000"
"420205705";"Balneário Barra do Sul";"2400";"5793";"14882";"1,74";"2909,84";"7018748,01";"2400"
"420207305";"Balneário Gaivota";"2000";"5970";"15640";"1,77";"2773,51";"7682217,83";"2000"
"420208105";"Bandeirante";"2000";"1141";"3143";"1,73";"2733,67";"9202684,91";"2000"
"420209905";"Barra Bonita";"2424";"611";"1661";"1,67";"4545,77";"99581928,30";"2424"
"420210705";"Barra Velha";"2500";"16156";"45139";"2,01";"3309,81";"9048912,86";"2500"
"420213105";"Bela Vista do Toldo";"1212";"2081";"5854";"1,67";"2287,47";"13124287,79";"1212"
"420215605";"Belmonte";"2000";"953";"2657";"1,76";"2922,80";"14218372,64";"2000"
"420220605";"Benedito Novo";"2000";"2838";"8056";"1,82";"2473,82";"3883361,26";"2000"
"420220613";"Barra São João";"1800";"476";"1353";"1,80";"1998,84";"892464,22";"1800"
"420220615";"Santa Maria";"2000";"397";"1087";"1,83";"2423,49";"4014374,12";"2000"
"420230505";"Biguaçu";"2400";"25687";"69277";"1,84";"3087,20";"9434245,05";"2400"
"420230510";"Guaporanga";"2400";"2223";"6195";"2,00";"2965,86";"7794073,76";"2400"
"420230515";"Sorocaba do Sul";"1500";"379";"1001";"1,71";"2150,10";"2945997,59";"1500"
"420240405";"Blumenau";"3000";"118615";"309350";"1,63";"4357,06";"47171271,93";"3000"
"420240410";"Itoupava";"2400";"2213";"6192";"1,62";"2791,25";"7479369,82";"2400"
"420240415";"Grande Garcia";"2500";"16447";"42989";"1,62";"3507,25";"15336438,57";"2500"
"420243805";"Bocaina do Sul";"1500";"1324";"3512";"1,61";"2342,87";"6893703,43";"1500"
"420245305";"Bombinhas";"2400";"9062";"24870";"1,83";"3310,23";"13656521,74";"2400"
"420250305";"Bom Jardim da Serra";"2000";"1528";"4023";"1,74";"2595,13";"5986008,96";"2000"
"420253705";"Bom Jesus";"1900";"974";"2775";"1,71";"2479,98";"5292979,41";"1900"
"420257805";"Bom Jesus do Oeste";"2424";"804";"2181";"1,49";"4302,84";"36656080,98";"2424"
"420260205";"Bom Retiro";"1800";"2868";"7931";"1,85";"2788,15";"100214673,40";"1800"
"420260210";"Canoas";"2000";"169";"477";"1,72";"2676,60";"5290126,85";"2000"
"420270105";"Botuverá";"2400";"1973";"5355";"1,54";"3909,77";"2074190151,46";"2400"
"420280005";"Braço do Norte";"2200";"11856";"33733";"1,72";"3133,83";"18317528,08";"2200"
"420285905";"Braço do Trombudo";"2224";"1491";"3969";"1,54";"2859,51";"6753764,10";"2224"
"420287505";"Brunópolis";"1500";"789";"2102";"1,30";"2808,87";"31046700,11";"1500"
"420287510";"Marombas";"1212";"146";"384";"1,53";"2101,12";"2758358,35";"1212"
"420290905";"Brusque";"2600";"50275";"140884";"1,72";"3660,56";"40572984,57";"2600"
"420300605";"Caçador";"2200";"25681";"71624";"1,85";"3206,96";"13532443,82";"2200"
"420300615";"Taquara Verde";"1300";"650";"1976";"2,17";"2213,45";"24606294,62";"1300"
"420310505";"Caibi";"2000";"2310";"6295";"1,71";"3067,33";"22007383,79";"2000"
"420315405";"Calmon";"1400";"1127";"3439";"2,38";"1887,04";"2322990,03";"1400"
"420320405";"Camboriú";"2600";"25198";"70773";"1,82";"3488,38";"52502775,77";"2600"
"420320410";"Monte Alegre";"2200";"11285";"32221";"2,19";"2862,94";"6299804,89";"2200"
"420325305";"Capão Alto";"1500";"1002";"2625";"1,68";"2207,62";"4379149,96";"1500"
"420330305";"Campo Alegre";"2000";"2605";"7350";"1,86";"2838,51";"9246921,32";"2000"
"420330310";"Bateias de Baixo";"1600";"1315";"3676";"1,60";"2026,34";"2401233,37";"1600"
"420330315";"Fragosos";"1900";"483";"1414";"1,64";"2521,95";"9274231,07";"1900"
"420340205";"Campo Belo do Sul";"1280";"2675";"7246";"1,65";"2152,37";"8289252,12";"1280"
"420350105";"Campo Erê";"2000";"3482";"9563";"1,89";"3133,52";"25576257,66";"2000"
"420360005";"Campos Novos";"2400";"11509";"30921";"1,66";"3302,00";"12176073,38";"2400"
"420360010";"Bela Vista";"2400";"240";"641";"1,79";"3107,62";"15112161,08";"2400"
"420360015";"Dal'Pai";"1500";"183";"499";"1,51";"3214,63";"29190885,71";"1500"
"420360017";"Encruzilhada";"2100";"395";"1149";"1,41";"2239,30";"2993327,60";"2100"
"420360020";"Espinilho";"3500";"120";"441";"2,24";"3636,40";"1469476,65";"3500"
"420360023";"Ibicuí";"1800";"513";"1375";"1,67";"2022,70";"1457146,34";"1800"
"420360026";"Leão";"2000";"363";"1019";"1,63";"2759,80";"6074149,77";"2000"
"420360045";"Guarani";"2000";"268";"743";"1,36";"3162,82";"24842969,28";"2000"
"420370905";"Canelinha";"1800";"4490";"12816";"1,96";"2291,29";"4091920,54";"1800"
"420380805";"Canoinhas";"2400";"11070";"30050";"1,73";"3416,27";"15286377,51";"2400"
"420380812";"Campo da Água Verde";"2000";"5747";"16533";"1,77";"2644,10";"7839831,37";"2000"
"420380815";"Felipe Schmidt";"1800";"701";"1908";"1,61";"2567,20";"7627757,24";"1800"
"420380820";"Marcílio Dias";"2000";"673";"1944";"1,77";"2765,92";"8209716,53";"2000"
"420380825";"Paula Pereira";"1521";"544";"1480";"1,57";"2333,97";"13797290,66";"1521"
"420380830";"Pinheiros";"1212";"995";"2822";"1,56";"2114,47";"5545861,63";"1212"
"420390705";"Capinzal";"2200";"8292";"21570";"1,53";"3054,02";"10487732,50";"2200"
"420390710";"Alto Alegre";"1600";"654";"1710";"1,33";"2352,84";"7413228,11";"1600"
"420395605";"Capivari de Baixo";"2400";"8586";"23930";"1,77";"2963,73";"11566348,20";"2400"
"420400405";"Catanduvas";"2200";"3813";"10539";"1,79";"4039,32";"4381500480,06";"2200"
"420410305";"Caxambu do Sul";"2000";"1675";"4612";"1,57";"3530,13";"26788266,54";"2000"
"420415205";"Celso Ramos";"1500";"1031";"2805";"1,39";"2473,32";"11924677,50";"1500"
"420417805";"Cerro Negro";"1212";"1197";"3317";"1,65";"1894,15";"3559479,98";"1212"
"420419405";"Chapadão do Lageado";"2400";"1078";"2946";"1,38";"2903,40";"12976519,76";"2400"
"420420205";"Chapecó";"2500";"88880";"240543";"1,82";"4185,97";"702953648,99";"2500"
"420420210";"Alto da Serra";"2400";"303";"778";"1,40";"3254,72";"28850786,02";"2400"
"420420220";"Figueira";"2900";"1188";"3310";"1,30";"4235,07";"25839766,50";"2900"
"420420225";"Gôio-En";"1800";"660";"1815";"1,81";"2585,57";"12412696,19";"1800"
"420420240";"Marechal Bormann";"1700";"1858";"5377";"1,94";"2288,44";"5419974,17";"1700"
"420425105";"Cocal do Sul";"2700";"6227";"17206";"1,56";"3322,79";"6573540,88";"2700"
"420430105";"Concórdia";"2464";"27190";"72641";"1,64";"3434,86";"16251242,78";"2464"
"420430115";"Engenho Velho";"2300";"407";"1090";"1,78";"3152,47";"13532346,39";"2300"
"420430120";"Planalto";"2050";"686";"1972";"1,62";"2593,91";"4815978,09";"2050"
"420430125";"Presidente Kennedy";"2200";"241";"645";"1,44";"2762,98";"7778174,53";"2200"
"420430135";"Santo Antônio";"2900";"854";"2389";"1,91";"3743,08";"13236647,85";"2900"
"420430140";"Tamanduá";"2000";"1035";"2667";"1,42";"2772,28";"12126704,40";"2000"
"420435005";"Cordilheira Alta";"2400";"1111";"3182";"1,55";"3217,26";"11244365,40";"2400"
"420435010";"Fernando Machado";"2500";"553";"1599";"1,71";"3729,37";"25225455,99";"2500"
"420440005";"Coronel Freitas";"2000";"3721";"10359";"1,58";"3547,51";"29344513,03";"2000"
"420445905";"Coronel Martins";"2000";"762";"2060";"1,42";"3862,08";"46526949,84";"2000"
"420450905";"Corupá";"2400";"5427";"15228";"1,81";"2971,44";"7241914,85";"2400"
"420455805";"Correia Pinto";"2000";"5639";"15700";"1,71";"2776,13";"200076079,99";"2000"
"420460805";"Criciúma";"2900";"57691";"149165";"1,57";"4248,65";"32031757,49";"2900"
"420460815";"Rio Maina";"2000";"22059";"62974";"1,82";"2609,81";"40768029,29";"2000"
"420470705";"Cunha Porã";"2212";"4189";"10864";"1,41";"3371,99";"25478846,22";"2212"
"420475605";"Cunhataí";"2000";"703";"1964";"1,44";"2710,55";"13460018,74";"2000"
"420480605";"Curitibanos";"2000";"13803";"38544";"1,85";"3272,02";"317120402,30";"2000"
"420480613";"Marombas Bossardi";"2300";"299";"871";"1,42";"2823,54";"5731521,51";"2300"
"420480617";"Santa Cruz do Pery";"1500";"212";"560";"1,82";"1816,93";"1362690,64";"1500"
"420490505";"Descanso";"2400";"2605";"6939";"1,47";"3578,56";"28348482,88";"2400"
"420490515";"Itajubá";"2000";"523";"1566";"1,89";"2995,45";"16592110,26";"2000"
"420500105";"Dionísio Cerqueira";"1700";"4233";"11232";"1,67";"3003,64";"30244710,17";"1700"
"420500107";"Idamar";"1500";"644";"1766";"1,45";"3529,38";"48463325,94";"1500"
"420500109";"Jorge Lacerda";"1300";"367";"994";"1,71";"3816,25";"31103371,06";"1300"
"420500110";"São Pedro Tobias";"2000";"386";"985";"1,35";"7950,04";"238631764,25";"2000"
"420510005";"Dona Emma";"2400";"1455";"4206";"1,88";"2973,47";"9828826,60";"2400"
"420515905";"Doutor Pedrinho";"2000";"1363";"3637";"1,58";"2538,55";"4951150,73";"2000"
"420517505";"Entre Rios";"1500";"1173";"3402";"1,61";"2088,02";"4979360,59";"1500"
"420519105";"Ermo";"2000";"807";"2246";"1,59";"3233,74";"227502963,06";"2000"
"420520905";"Erval Velho";"2000";"1721";"4384";"1,50";"2985,64";"26998099,04";"2000"
"420520910";"Barra Fria";"1700";"157";"438";"1,68";"3238,66";"32295452,37";"1700"
"420530805";"Faxinal dos Guedes";"2200";"3497";"9653";"1,72";"3088,39";"13988854,86";"2200"
"420530810";"Barra Grande";"2100";"538";"1536";"1,56";"2697,67";"4709566,96";"2100"
"420535705";"Flor do Sertão";"2000";"663";"1783";"1,56";"3369,09";"52296345,49";"2000"
"420540705";"Florianópolis";"4200";"115517";"272804";"1,58";"7228,81";"68710790,21";"4200"
"420540708";"Barra da Lagoa";"2500";"2668";"6159";"1,56";"3880,62";"17052781,32";"2500"
"420540710";"Cachoeira do Bom Jesus";"2500";"10479";"27672";"1,73";"4148,95";"246933597,61";"2500"
"420540712";"Campeche";"4000";"19960";"47230";"1,44";"6037,68";"42808243,56";"4000"
"420540715";"Canasvieiras";"4000";"10813";"25212";"1,45";"7367,95";"87998583,00";"4000"
"420540720";"Ingleses";"3000";"20322";"51241";"1,61";"4286,92";"18547702,48";"3000"
"420540725";"Lagoa da Conceição";"4000";"6191";"13573";"1,45";"6823,57";"66607490,91";"4000"
"420540730";"Pântano do Sul";"3000";"3983";"9533";"1,44";"4131,34";"17564673,94";"3000"
"420540735";"Ratones";"2500";"2148";"5787";"1,66";"3714,03";"19887059,49";"2500"
"420540740";"Ribeirão da Ilha";"2500";"13096";"34900";"1,71";"3886,54";"16968883,80";"2500"
"420540745";"Santo Antônio de Lisboa";"4350";"3070";"7998";"1,70";"8006,05";"173518678,33";"4350"
"420540750";"Rio Vermelho";"2200";"11458";"30704";"1,81";"3156,95";"8579272,27";"2200"
"420543105";"Formosa do Sul";"2100";"949";"2668";"1,77";"3432,69";"26855257,65";"2100"
"420545605";"Forquilhinha";"2196";"10851";"31318";"1,70";"2762,32";"5346614,30";"2196"
"420550605";"Fraiburgo";"2100";"11911";"33445";"1,80";"2982,63";"10267166,28";"2100"
"420555505";"Frei Rogério";"1800";"542";"1498";"1,53";"2837,17";"15599498,70";"1800"
"420555510";"Núcleo Tritícola";"1800";"324";"913";"1,39";"2806,55";"10727882,67";"1800"
"420560505";"Galvão";"2000";"1155";"3167";"1,64";"3666,88";"46341047,01";"2000"
"420570405";"Garopaba";"2500";"11257";"29798";"1,68";"3705,30";"17260480,09";"2500"
"420580305";"Garuva";"2000";"6213";"18486";"2,14";"2755,57";"12067388,27";"2000"
"420590205";"Gaspar";"2400";"25845";"72452";"1,70";"3063,76";"8170423,23";"2400"
"420600905";"Governador Celso Ramos";"2500";"6150";"16889";"1,66";"3371,00";"159320169,22";"2500"
"420610805";"Grão-Pará";"2400";"1714";"4869";"1,72";"3751,74";"49371402,93";"2400"
"420610810";"Aiurê";"2200";"245";"712";"1,84";"3075,28";"9054705,39";"2200"
"420610815";"Invernada";"2400";"215";"683";"1,66";"5145,19";"89901403,11";"2400"
"420620705";"Gravatal";"2000";"4626";"12359";"1,55";"2594,26";"5129148,57";"2000"
"420630605";"Guabiruba";"2500";"8367";"24543";"1,68";"3091,04";"17807507,73";"2500"
"420640505";"Guaraciaba";"2424";"3652";"9921";"1,45";"4805,96";"74139268,05";"2424"
"420640520";"Ouro Verde";"2424";"334";"869";"1,55";"7130,60";"167008322,90";"2424"
"420650405";"Guaramirim";"2800";"16297";"46605";"1,77";"3524,94";"43595774,00";"2800"
"420660305";"Guarujá do Sul";"2000";"1946";"4827";"1,31";"3247,78";"33743736,89";"2000"
"420665205";"Guatambú";"2200";"2560";"7440";"1,76";"3033,57";"14178240,20";"2200"
"420665210";"Fazenda Zandavalli";"2000";"353";"985";"1,60";"3136,35";"26694259,93";"2000"
"420670205";"Herval d'Oeste";"2200";"8275";"21707";"1,66";"2913,11";"8058333,49";"2200"
"420675105";"Ibiam";"2500";"716";"2003";"1,72";"4213,94";"42868665,32";"2500"
"420680105";"Ibicaré";"2200";"1250";"3267";"1,62";"3486,12";"44196478,94";"2200"
"420690005";"Ibirama";"2424";"6246";"16945";"1,78";"3136,17";"9272212,89";"2424"
"420690010";"Dalbérgia";"2200";"1015";"2901";"1,92";"2776,26";"10943652,94";"2200"
"420700705";"Içara";"2400";"21067";"58867";"1,65";"3127,45";"82263471,22";"2400"
"420710605";"Ilhota";"2100";"5861";"17033";"1,75";"2739,56";"7043430,58";"2100"
"420720505";"Imaruí";"1500";"3963";"10205";"1,62";"2233,63";"3877656,32";"1500"
"420720510";"Rio d'Una";"1500";"619";"1664";"1,80";"2260,06";"23294937,81";"1500"
"420730405";"Imbituba";"2500";"5768";"14949";"1,65";"3651,55";"13888383,23";"2500"
"420730410";"Mirim";"2000";"8902";"23270";"1,72";"2827,91";"8994795,13";"2000"
"420730415";"Vila Nova";"2200";"5261";"13954";"1,79";"3240,24";"14190997,96";"2200"
"420740305";"Imbuia";"2200";"2182";"5965";"1,51";"2944,86";"11823394,50";"2200"
"420750205";"Indaial";"2400";"25814";"71407";"1,71";"3098,54";"10579133,13";"2400"
"420757705";"Iomerê";"2500";"1066";"2877";"1,38";"3991,95";"36432908,10";"2500"
"420760105";"Ipira";"2000";"1835";"4575";"1,39";"2927,00";"16724573,43";"2000"
"420765005";"Iporã do Oeste";"2400";"3401";"9263";"1,57";"3956,44";"39557255,00";"2400"
"420768405";"Ipuaçu";"1212";"2523";"7711";"2,12";"2005,73";"7099049,94";"1212"
"420770005";"Ipumirim";"2424";"2812";"7816";"1,68";"4000,79";"40851865,40";"2424"
"420775905";"Iraceminha";"2000";"1164";"3194";"1,66";"2950,30";"11054619,50";"2000"
"420775920";"São José do Laranjal";"2224";"302";"790";"1,38";"5256,82";"82937399,26";"2224"
"420780905";"Irani";"2000";"3654";"10187";"1,73";"2834,54";"9046841,50";"2000"
"420785805";"Irati";"2000";"787";"2069";"1,41";"2475,90";"6853118,70";"2000"
"420790805";"Irineópolis";"2000";"2617";"7480";"1,82";"3106,03";"36467617,96";"2000"
"420790810";"Poço Preto";"1212";"986";"2766";"1,51";"2740,50";"36114793,70";"1212"
"420800505";"Itá";"2424";"2686";"7025";"1,53";"4434,43";"64686400,29";"2424"
"420810405";"Itaiópolis";"2000";"5929";"16954";"1,97";"2713,56";"11570292,28";"2000"
"420810410";"Iraputã";"2400";"441";"1246";"1,82";"4450,86";"22418852,46";"2400"
"420810415";"Itaió";"1500";"683";"2012";"2,12";"2054,23";"2398910,95";"1500"
"420810418";"Moema";"2000";"655";"1781";"1,67";"2519,75";"8756731,90";"2000"
"420820305";"Itajaí";"2700";"94053";"262626";"1,91";"4143,54";"39045392,16";"2700"
"420830205";"Itapema";"3000";"27423";"75690";"1,92";"4815,70";"39546162,21";"3000"
"420840105";"Itapiranga";"2424";"6004";"16621";"1,78";"4255,39";"51134185,92";"2424"
"420845005";"Itapoá";"2500";"11491";"30664";"1,86";"3259,93";"10968202,94";"2500"
"420850005";"Ituporanga";"2400";"9150";"25375";"1,69";"3213,39";"11092210,68";"2400"
"420850010";"Rio Bonito";"2400";"360";"981";"1,71";"4564,94";"36840896,22";"2400"
"420860905";"Jaborá";"2000";"1543";"4302";"1,78";"3659,88";"44606018,04";"2000"
"420870805";"Jacinto Machado";"2424";"3951";"10620";"1,60";"3138,90";"8641403,13";"2424"
"420880705";"Jaguaruna";"2424";"7564";"20365";"1,67";"3067,10";"9603552,01";"2424"
"420890605";"Jaraguá do Sul";"2600";"66374";"181962";"1,67";"3837,98";"34436151,42";"2600"
"420895505";"Jardinópolis";"2400";"676";"1776";"1,45";"4283,20";"53350160,28";"2400"
"420900305";"Joaçaba";"3000";"11134";"28276";"1,59";"4819,23";"865423011,90";"3000"
"420900315";"Nova Petrópolis";"2500";"268";"691";"1,47";"4256,72";"41689088,82";"2500"
"420900325";"Santa Helena";"2500";"367";"1024";"1,54";"5354,46";"98874501,85";"2500"
"420910205";"Joinville";"2500";"214008";"589189";"1,75";"4034,82";"105335508,05";"2500"
"420910210";"Pirabeiraba";"2500";"7949";"23138";"1,97";"3361,21";"15530084,60";"2500"
"420915105";"José Boiteux";"2000";"1871";"5971";"2,89";"2687,04";"19641635,63";"2000"
"420917705";"Jupiá";"2008";"947";"2551";"1,41";"3816,33";"35548137,34";"2008"
"420920105";"Lacerdópolis";"3000";"778";"2087";"1,52";"4561,51";"32654218,27";"3000"
"420920110";"São Roque";"2750";"50";"154";"1,71";"5850,52";"39999457,68";"2750"
"420930005";"Lages";"2136";"59013";"161846";"1,87";"3409,94";"21093362,26";"2136"
"420930025";"Índios";"1806";"656";"1678";"1,48";"2770,31";"14248096,79";"1806"
"420930045";"Santa Teresinha do Salto";"1214";"264";"678";"1,54";"2255,32";"4342577,62";"1214"
"420940905";"Laguna";"2000";"15558";"40697";"1,69";"2829,85";"8994203,56";"2000"
"420940915";"Ribeirão Pequeno";"1250";"825";"1840";"1,41";"2000,83";"2135559,96";"1250"
"420945805";"Lajeado Grande";"2400";"584";"1699";"1,92";"4321,55";"56888185,03";"2400"
"420950805";"Laurentino";"2400";"2938";"7906";"1,55";"3221,33";"9078712,85";"2400"
"420960705";"Lauro Müller";"2400";"3179";"8593";"1,49";"3092,70";"8320177,64";"2400"
"420960710";"Barro Branco";"2500";"973";"2704";"1,57";"2951,02";"4945987,29";"2500"
"420960715";"Guatá";"2000";"1129";"3084";"1,74";"2981,41";"21590030,30";"2000"
"420970605";"Lebon Régis";"1400";"3662";"10809";"2,07";"2137,75";"5128717,43";"1400"
"420970610";"São Sebastião do Sul";"1212";"211";"638";"1,81";"2491,05";"22774925,29";"1212"
"420980505";"Leoberto Leal";"2000";"1217";"3315";"1,48";"2697,24";"10395934,07";"2000"
"420985405";"Lindóia do Sul";"2400";"1637";"4525";"1,61";"3837,33";"36906176,41";"2400"
"420990405";"Lontras";"2013";"4659";"12851";"1,75";"2712,11";"5512989,90";"2013"
"421000105";"Luiz Alves";"2500";"3984";"11680";"1,80";"3088,73";"8120274,69";"2500"
"421003505";"Luzerna";"2600";"2283";"5786";"1,46";"3947,80";"23130175,64";"2600"
"421005005";"Macieira";"2000";"648";"1778";"1,45";"2689,07";"8109083,45";"2000"
"421010005";"Mafra";"2000";"18171";"49874";"1,80";"3132,90";"12376125,36";"2000"
"421010010";"Bela Vista do Sul";"2000";"1039";"2768";"1,38";"2884,21";"15342120,90";"2000"
"421010015";"Rio Preto do Sul";"1400";"869";"2346";"1,54";"1824,18";"1619781,95";"1400"
"421020905";"Major Gercino";"1800";"786";"2089";"1,91";"2477,00";"7798773,75";"1800"
"421020910";"Boiteuxburgo";"1500";"167";"460";"1,57";"1955,17";"1964125,57";"1500"
"421020915";"Pinheiral";"2000";"248";"658";"1,54";"2176,44";"1805518,10";"2000"
"421030805";"Major Vieira";"1500";"2672";"7386";"1,67";"2496,03";"13584535,43";"1500"
"421040705";"Maracajá";"2400";"2744";"7749";"1,69";"2883,21";"6206944,41";"2400"
"421050605";"Maravilha";"2400";"10619";"28055";"1,43";"3190,98";"12598145,65";"2400"
"421055505";"Marema";"2424";"742";"2184";"1,85";"5439,65";"100552356,29";"2424"
"421060505";"Massaranduba";"2500";"6204";"17147";"1,70";"3255,90";"144062511,72";"2500"
"421070405";"Matos Costa";"1400";"964";"2759";"2,12";"2011,64";"8557465,87";"1400"
"421080305";"Meleiro";"2424";"1924";"5152";"1,42";"3210,22";"11663324,35";"2424"
"421080315";"Sapiranga";"2000";"661";"1784";"1,57";"2594,90";"4522415,09";"2000"
"421085205";"Mirim Doce";"1800";"902";"2508";"1,69";"2239,14";"2943746,39";"1800"
"421090205";"Modelo";"2500";"1531";"4080";"1,45";"4172,84";"37682481,57";"2500"
"421100905";"Mondaí";"2200";"3779";"10043";"1,55";"3433,77";"28943470,74";"2200"
"421105805";"Monte Carlo";"1407";"3167";"9107";"1,97";"1904,80";"2822543,47";"1407"
"421110805";"Monte Castelo";"1500";"2366";"6806";"1,95";"2181,57";"9528066,43";"1500"
"421110820";"Residência Fuck";"1480";"310";"916";"1,86";"2413,78";"18885247,15";"1480"
"421120705";"Morro da Fumaça";"2200";"5118";"14844";"1,83";"2860,35";"36229030,95";"2200"
"421120710";"Estação Cocal";"1800";"1273";"3664";"1,89";"2201,95";"2314136,16";"1800"
"421125605";"Morro Grande";"2000";"1088";"3010";"1,49";"2368,71";"3667606,05";"2000"
"421130605";"Navegantes";"2400";"29442";"86202";"2,12";"3334,33";"157818830,93";"2400"
"421140505";"Nova Erechim";"2400";"1874";"5155";"1,57";"3948,13";"39457699,67";"2400"
"421145405";"Nova Itaberaba";"2480";"1684";"4536";"1,52";"3771,45";"19282924,41";"2480"
"421150405";"Nova Trento";"2200";"4255";"11444";"1,52";"2981,35";"6882536,13";"2200"
"421150410";"Aguti";"1500";"217";"593";"1,65";"2024,68";"1543041,28";"1500"
"421150415";"Claraíba";"2500";"550";"1614";"1,61";"2958,10";"4396799,93";"2500"
"421160305";"Nova Veneza";"2500";"1968";"5544";"1,57";"3247,64";"15882014,45";"2500"
"421160307";"Nossa Senhora do Caravagio";"2450";"1481";"4195";"1,64";"2988,61";"5550204,25";"2450"
"421160310";"São Bento Baixo";"2300";"1421";"3865";"1,50";"2991,64";"11525292,84";"2300"
"421165205";"Novo Horizonte";"2200";"908";"2641";"1,73";"3311,52";"17760462,43";"2200"
"421170205";"Orleans";"2500";"7166";"19708";"1,56";"3305,32";"14584505,08";"2500"
"421170210";"Pindotiba";"1800";"537";"1417";"1,79";"1866,94";"786811,62";"1800"
"421170215";"Rio das Furnas";"2000";"154";"447";"1,57";"5710,97";"156903813,53";"2000"
"421170220";"Barracão";"2000";"202";"606";"1,95";"3548,94";"68781001,16";"2000"
"421170225";"Brusque do Sul";"2000";"226";"698";"2,04";"2352,66";"2463879,95";"2000"
"421170230";"Rio Pinheiros";"2000";"253";"729";"1,71";"2411,92";"3697169,40";"2000"
"421175105";"Otacílio Costa";"2300";"6307";"17283";"1,56";"3156,31";"170214767,88";"2300"
"421180105";"Ouro";"2400";"2445";"6359";"1,55";"3742,55";"25020833,86";"2400"
"421180115";"Santa Lúcia";"2300";"208";"656";"2,01";"5975,75";"82482625,81";"2300"
"421185005";"Ouro Verde";"1600";"783";"2167";"1,57";"2439,72";"11688746,33";"1600"
"421187605";"Paial";"2000";"692";"1927";"1,76";"2758,82";"24156709,98";"2000"
"421189205";"Painel";"1285";"841";"2215";"1,86";"2008,02";"5592862,41";"1285"
"421190005";"Palhoça";"2500";"72619";"197345";"1,77";"3659,08";"98667383,87";"2500"
"421190010";"Enseada de Brito";"2400";"9110";"24208";"1,91";"3217,11";"38776768,11";"2400"
"421200705";"Palma Sola";"2000";"2565";"6991";"1,57";"3579,96";"36088102,80";"2000"
"421200710";"Cerro Azul";"1542";"51";"148";"2,25";"2528,45";"8240055,21";"1542"
"421200720";"Rene Damo";"2400";"165";"452";"1,79";"2850,52";"5579543,40";"2400"
"421205605";"Palmeira";"2000";"960";"2559";"1,71";"2827,80";"75169751,41";"2000"
"421210605";"Palmitos";"2063";"4407";"11185";"1,49";"2933,90";"12376901,42";"2062.5"
"421210610";"Diamantina";"2300";"365";"985";"1,49";"5565,61";"87547416,88";"2300"
"421210620";"Oldemburg";"2200";"464";"1208";"1,43";"3470,20";"61491028,60";"2200"
"421210625";"Santa Lúcia";"1200";"812";"2190";"1,43";"3372,52";"61298462,95";"1200"
"421220505";"Papanduva";"1900";"6514";"18138";"1,79";"2655,04";"8688147,20";"1900"
"421220510";"Nova Cultura";"1500";"382";"1005";"1,39";"2715,79";"11315310,84";"1500"
"421223905";"Paraíso";"2500";"1250";"3356";"1,56";"4536,03";"50381431,03";"2500"
"421223910";"Grápia";"3000";"324";"884";"1,34";"6866,64";"125628627,14";"3000"
"421225405";"Passo de Torres";"2000";"3646";"9943";"1,81";"2858,48";"6534408,47";"2000"
"421225410";"Balneário Rosa do Mar";"2000";"1100";"2937";"2,00";"3050,84";"13770292,10";"2000"
"421227005";"Passos Maia";"1800";"1336";"4017";"1,98";"3045,21";"25564513,06";"1800"
"421230405";"Paulo Lopes";"2000";"3289";"9038";"1,74";"2642,19";"9802602,48";"2000"
"421240305";"Pedras Grandes";"2000";"1162";"3039";"1,43";"2310,32";"2374276,20";"2000"
"421240310";"Azambuja";"2424";"426";"1203";"1,57";"3460,12";"18711725,91";"2424"
"421250205";"Penha";"2400";"11982";"33619";"1,98";"3233,29";"16933329,72";"2400"
"421260105";"Peritiba";"2400";"1200";"2992";"1,36";"3721,58";"26926004,79";"2400"
"421265005";"Pescaria Brava";"1800";"3822";"10167";"1,60";"2313,06";"4017611,59";"1800"
"421270005";"Petrolândia";"1600";"1711";"4642";"1,48";"5442,76";"321960362,08";"1600"
"421270010";"Rio Antinha";"2000";"732";"2073";"1,32";"2694,02";"10950585,84";"2000"
"421280905";"Balneário Piçarras";"2500";"9832";"27018";"2,00";"3731,36";"16731176,28";"2500"
"421290805";"Pinhalzinho";"2450";"7961";"21341";"1,55";"3649,06";"30314657,83";"2450"
"421290815";"Machado";"2500";"199";"576";"1,44";"2653,51";"2022116,62";"2500"
"421300505";"Pinheiro Preto";"2500";"1175";"3473";"1,70";"3439,66";"8373580,75";"2500"
"421310405";"Piratuba";"2000";"1990";"4987";"1,45";"2801,97";"6441475,48";"2000"
"421310410";"Uruguai";"1220";"294";"749";"1,42";"1949,58";"2267857,74";"1220"
"421315305";"Planalto Alegre";"2000";"1058";"2942";"1,73";"2916,21";"19532461,42";"2000"
"421320305";"Pomerode";"2500";"11949";"34247";"1,79";"3331,77";"14711296,54";"2500"
"421330205";"Ponte Alta";"1500";"1599";"4437";"1,78";"2403,55";"16797126,51";"1500"
"421335105";"Ponte Alta do Norte";"1500";"1063";"3205";"2,14";"2150,96";"3050897,96";"1500"
"421340105";"Ponte Serrada";"2000";"2772";"7582";"1,90";"2722,94";"7629016,07";"2000"
"421340108";"Baía Alta";"1500";"1007";"3033";"2,37";"2325,10";"30777959,86";"1500"
"421350005";"Porto Belo";"2500";"9875";"27531";"1,94";"3692,55";"13041321,34";"2500"
"421360905";"Porto União";"2000";"10708";"29648";"1,87";"3301,44";"16133828,53";"2000"
"421360910";"Santa Cruz do Timbó";"1500";"819";"2228";"1,76";"2759,30";"20542148,79";"1500"
"421360920";"São Miguel da Serra";"1800";"342";"880";"1,57";"2708,04";"12722085,48";"1800"
"421370805";"Pouso Redondo";"2224";"5298";"14922";"1,90";"2926,14";"8778279,07";"2224"
"421370810";"Aterrado Torto";"1875";"769";"2180";"1,47";"2646,73";"10811017,15";"1875"
"421380705";"Praia Grande";"1600";"2916";"7465";"1,61";"2222,84";"4021009,95";"1600"
"421380710";"Cachoeira de Fátima";"1990";"317";"780";"1,33";"2223,70";"2044132,42";"1990"
"421390605";"Presidente Castello Branco";"2000";"606";"1689";"1,77";"2984,62";"12441301,50";"2000"
"421400305";"Presidente Getúlio";"2000";"6396";"18152";"1,94";"2748,68";"7791087,20";"2000"
"421400310";"Mirador";"2000";"612";"1841";"1,66";"5295,70";"132561086,33";"2000"
"421410205";"Presidente Nereu";"2000";"873";"2258";"1,44";"2880,16";"10952675,29";"2000"
"421415105";"Princesa";"2000";"1093";"2958";"1,42";"3830,55";"44772766,53";"2000"
"421420105";"Quilombo";"2224";"3843";"10983";"1,79";"3312,36";"23297882,71";"2224"
"421430005";"Rancho Queimado";"2500";"779";"2013";"1,53";"3837,60";"18894737,44";"2500"
"421430010";"Taquaras";"2000";"467";"1260";"1,46";"3167,50";"17412031,84";"2000"
"421440905";"Rio das Antas";"1900";"1349";"3707";"1,83";"2499,44";"4946343,20";"1900"
"421440910";"Ipoméia";"2000";"890";"2546";"1,82";"2854,53";"10375531,96";"2000"
"421450805";"Rio do Campo";"2001";"2343";"6438";"1,68";"3281,61";"26068189,20";"2001"
"421460705";"Rio do Oeste";"2040";"2731";"7607";"1,73";"3456,81";"32319518,71";"2040"
"421470605";"Rio dos Cedros";"2300";"2870";"8179";"1,78";"2861,25";"6981116,07";"2300"
"421470610";"Cedro Alto";"2000";"980";"2665";"1,66";"2423,85";"2961709,25";"2000"
"421480505";"Rio do Sul";"2500";"27416";"72189";"1,68";"3963,43";"66406097,00";"2500"
"421490405";"Rio Fortuna";"2100";"1582";"4700";"1,79";"3370,06";"22500799,58";"2100"
"421500005";"Rio Negrinho";"2000";"12765";"36367";"1,87";"2748,05";"16732457,68";"2000"
"421500030";"Vila de Volta Grande";"2000";"977";"2833";"1,98";"2367,29";"4988143,51";"2000"
"421505905";"Rio Rufino";"1600";"871";"2396";"1,93";"2823,41";"31234509,63";"1600"
"421507505";"Riqueza";"1800";"1836";"4759";"1,49";"2686,36";"10316831,17";"1800"
"421510905";"Rodeio";"2200";"4697";"12689";"1,64";"2807,03";"7405875,25";"2200"
"421520805";"Romelândia";"2000";"1859";"4803";"1,53";"4015,02";"60833630,94";"2000"
"421530705";"Salete";"2110";"2748";"7481";"1,66";"2667,26";"6083046,38";"2110"
"421535605";"Saltinho";"1900";"1356";"3628";"1,63";"3418,02";"50372283,14";"1900"
"421540605";"Salto Veloso";"2000";"1663";"4390";"1,48";"3445,80";"46693892,26";"2000"
"421545505";"Sangão";"2000";"2154";"6346";"1,80";"2582,87";"12612287,29";"2000"
"421545515";"Morro Grande";"2000";"2097";"6508";"2,24";"2472,35";"2598102,81";"2000"
"421550505";"Santa Cecília";"2000";"5383";"15526";"2,00";"2595,25";"7524677,18";"2000"
"421555405";"Santa Helena";"1600";"881";"2423";"1,61";"3862,69";"81006311,43";"1600"
"421560405";"Santa Rosa de Lima";"2001";"737";"2076";"1,67";"2643,08";"4393476,71";"2001"
"421565305";"Santa Rosa do Sul";"2224";"3674";"9773";"1,56";"2686,45";"6506812,64";"2224"
"421567905";"Santa Terezinha";"2100";"1718";"4652";"1,58";"2443,26";"3484237,98";"2100"
"421567915";"Craveiro";"2000";"554";"1539";"1,68";"2682,07";"7740645,56";"2000"
"421567925";"Rio da Anta";"2070";"672";"1874";"1,54";"2722,83";"5205514,11";"2070"
"421568705";"Santa Terezinha do Progresso";"1800";"955";"2576";"1,65";"3040,12";"25095232,59";"1800"
"421569505";"Santiago do Sul";"1980";"577";"1642";"1,37";"3236,18";"53398574,70";"1980"
"421570305";"Santo Amaro da Imperatriz";"2400";"10185";"27021";"1,67";"3158,10";"8625730,78";"2400"
"421575205";"São Bernardino";"2000";"975";"2671";"1,55";"3541,14";"30313435,03";"2000"
"421580205";"São Bento do Sul";"2300";"30054";"83255";"1,62";"3142,90";"16664518,15";"2300"
"421590105";"São Bonifácio";"2002";"1124";"2939";"1,48";"2648,29";"7529657,74";"2002"
"421600805";"São Carlos";"2200";"3873";"10269";"1,59";"3339,46";"30273200,47";"2200"
"421605705";"São Cristóvão do Sul";"1600";"1475";"4289";"1,97";"2308,13";"5979235,69";"1600"
"421610705";"São Domingos";"2400";"3058";"8062";"1,53";"3626,11";"20181444,18";"2400"
"421610715";"Maratá";"2424";"201";"560";"1,63";"3753,26";"18695625,36";"2424"
"421610730";"Vila Milani";"2080";"194";"579";"2,06";"4282,43";"31167795,31";"2080"
"421620605";"São Francisco do Sul";"2400";"18375";"49865";"1,85";"3285,14";"18155847,98";"2400"
"421620610";"Saí";"2000";"995";"2551";"1,80";"2494,84";"3006064,19";"2000"
"421625505";"São João do Oeste";"2500";"2347";"6272";"1,30";"4831,49";"67043206,28";"2500"
"421630505";"São João Batista";"2000";"10945";"30867";"1,73";"2675,61";"6759216,73";"2000"
"421630510";"Tijipió";"2000";"678";"1766";"1,48";"2759,91";"23200128,97";"2000"
"421635405";"São João do Itaperiú";"2000";"1490";"4459";"1,87";"2850,92";"15390431,94";"2000"
"421640405";"São João do Sul";"2000";"1157";"2974";"1,44";"2457,93";"3848502,20";"2000"
"421640415";"Vila Conceição";"2000";"904";"2400";"1,69";"2438,19";"3730411,60";"2000"
"421640420";"Vila Santa Catarina";"2000";"1262";"3267";"1,54";"2457,48";"9888917,31";"2000"
"421650305";"São Joaquim";"1900";"8929";"24188";"1,77";"2780,39";"12418767,13";"1900"
"421650310";"Pericó";"1500";"254";"665";"1,82";"2513,83";"6745534,20";"1500"
"421650313";"Santa Izabel";"1300";"188";"541";"2,38";"1986,77";"3698259,35";"1300"
"421650315";"São Sebastião do Arvoredo";"1500";"207";"485";"1,56";"1922,86";"1238388,79";"1500"
"421660205";"São José";"5000";"14195";"30927";"1,18";"7056,80";"44426538,32";"5000"
"421660210";"Barreiros";"2700";"48763";"124526";"1,71";"3821,88";"34427392,65";"2700"
"421660213";"Centro Histórico de São José";"2500";"42615";"113987";"1,73";"3525,72";"58144254,59";"2500"
"421670105";"São José do Cedro";"2100";"4651";"12165";"1,46";"3707,70";"52264978,14";"2100"
"421670110";"Mariflor";"2400";"289";"824";"1,65";"9533,34";"235851852,77";"2400"
"421670112";"Padre Reus";"1500";"396";"1035";"1,49";"3848,23";"66028902,47";"1500"
"421680005";"São José do Cerrito";"1242";"2594";"6770";"1,55";"2089,29";"6386016,46";"1242"
"421680010";"Salto dos Marianos";"1212";"733";"1937";"1,44";"1722,58";"3375779,87";"1212"
"421690905";"São Lourenço do Oeste";"2300";"7376";"20189";"1,75";"3269,98";"15175404,14";"2300"
"421690910";"Frederico Wastner";"1500";"358";"1058";"1,77";"3391,70";"54039504,79";"1500"
"421690920";"Presidente Juscelino";"2000";"795";"2136";"1,44";"4526,63";"96911841,26";"2000"
"421690929";"São Roque";"2424";"454";"1256";"1,65";"7168,55";"146651586,02";"2424"
"421700605";"São Ludgero";"2400";"4660";"13505";"1,71";"3099,20";"12492279,26";"2400"
"421710505";"São Martinho";"2400";"1018";"2987";"1,73";"2966,31";"9863134,41";"2400"
"421710510";"Vargem do Cedro";"2500";"149";"415";"1,49";"3777,37";"27405951,61";"2500"
"421715405";"São Miguel da Boa Vista";"1800";"662";"1781";"1,43";"3714,65";"413830153,49";"1800"
"421720405";"São Miguel do Oeste";"2500";"17296";"44095";"1,47";"3772,52";"20241762,04";"2500"
"421725305";"São Pedro de Alcântara";"2424";"1734";"4590";"1,50";"3364,03";"9453317,65";"2424"
"421730305";"Saudades";"2200";"3120";"8938";"1,81";"3218,32";"15276621,10";"2200"
"421730310";"Juvêncio";"2424";"475";"1311";"1,66";"4107,46";"46080551,95";"2424"
"421740205";"Schroeder";"2500";"6835";"20053";"1,69";"3191,44";"8369745,13";"2500"
"421750105";"Seara";"2400";"5859";"16265";"1,72";"3520,64";"24016576,57";"2400"
"421750115";"Caraíba";"2424";"432";"1264";"1,68";"4918,73";"76792085,66";"2424"
"421750120";"Nova Teutônia";"1900";"376";"1080";"1,89";"2330,52";"5964706,74";"1900"
"421755005";"Serra Alta";"2000";"1230";"3303";"1,49";"2606,28";"13467848,18";"2000"
"421760005";"Siderópolis";"2400";"4961";"13683";"1,69";"2938,71";"6159049,94";"2400"
"421770905";"Sombrio";"2000";"8776";"23652";"1,75";"2651,08";"17772980,23";"2000"
"421770909";"Boa Esperança";"1798";"803";"2207";"1,74";"2563,19";"55696961,29";"1797.5"
"421770915";"Nova Guarita";"2224";"1469";"4097";"1,71";"2722,31";"5528580,66";"2224"
"421775805";"Sul Brasil";"2000";"999";"2832";"1,59";"4247,14";"67211842,56";"2000"
"421780805";"Taió";"2400";"6423";"17164";"1,61";"3319,41";"17360042,48";"2400"
"421780815";"Passo Manso";"1400";"401";"1085";"1,54";"2747,20";"30068252,78";"1400"
"421790705";"Tangará";"2500";"2544";"6755";"1,55";"3383,04";"10477773,71";"2500"
"421790715";"Irakitan";"2400";"271";"723";"1,46";"3269,98";"7073528,79";"2400"
"421790720";"Marari";"4200";"235";"660";"1,62";"5614,83";"29821894,62";"4200"
"421795605";"Tigrinhos";"2000";"863";"2328";"1,25";"2306,50";"1832112,72";"2000"
"421800405";"Tijucas";"2400";"18229";"51215";"1,84";"3150,68";"10493649,82";"2400"
"421810305";"Timbé do Sul";"2200";"1988";"5356";"1,64";"2894,98";"16169944,63";"2200"
"421820205";"Timbó";"2500";"16731";"46035";"1,70";"3529,86";"18085304,81";"2500"
"421825105";"Timbó Grande";"1400";"2520";"7334";"1,94";"2026,78";"4723380,95";"1400"
"421830105";"Três Barras";"2000";"3720";"10615";"1,85";"2797,40";"7043914,05";"2000"
"421830110";"São Cristóvão";"1400";"2853";"9103";"2,36";"1852,38";"1610563,89";"1400"
"421835005";"Treviso";"2800";"1367";"3773";"1,54";"3138,36";"5793712,22";"2800"
"421840005";"Treze de Maio";"1800";"2186";"6246";"1,66";"2480,15";"6417959,62";"1800"
"421840010";"São Gabriel";"2000";"400";"1110";"1,84";"2432,09";"6228820,86";"2000"
"421850905";"Treze Tílias";"2500";"3249";"8770";"1,66";"3861,93";"37110385,50";"2500"
"421860805";"Trombudo Central";"2400";"2724";"7222";"1,53";"2968,30";"9616237,66";"2400"
"421870705";"Tubarão";"2500";"42129";"109328";"1,57";"3578,89";"18446781,52";"2500"
"421875605";"Tunápolis";"2224";"1764";"4904";"1,58";"4845,91";"90823271,11";"2224"
"421880605";"Turvo";"2424";"4473";"12047";"1,51";"3394,40";"67621903,49";"2424"
"421880620";"Morro Chato";"2000";"341";"943";"1,42";"2466,83";"4104528,36";"2000"
"421885505";"União do Oeste";"2000";"1026";"2774";"1,49";"3519,74";"41621993,95";"2000"
"421890505";"Urubici";"2250";"2907";"7844";"1,94";"3363,46";"19735205,36";"2250"
"421890510";"Águas Brancas";"1500";"555";"1616";"2,38";"3059,25";"34628774,58";"1500"
"421890520";"Santa Teresinha";"2000";"494";"1353";"1,97";"3072,38";"9728775,25";"2000"
"421895405";"Urupema";"1500";"962";"2647";"1,62";"2626,48";"22050217,39";"1500"
"421900205";"Urussanga";"2300";"7763";"20882";"1,56";"2917,63";"7934019,82";"2300"
"421910105";"Vargeão";"2200";"1291";"3633";"1,63";"3665,97";"39839061,09";"2200"
"421915005";"Vargem";"1556";"1009";"2627";"1,50";"2307,33";"8493431,05";"1556"
"421917605";"Vargem Bonita";"2000";"1609";"4569";"1,79";"3152,02";"24374838,03";"2000"
"421920005";"Vidal Ramos";"2300";"2330";"6142";"1,50";"2648,99";"5563992,52";"2300"
"421930905";"Videira";"2400";"19623";"52680";"1,66";"3314,35";"14812166,24";"2400"
"421930910";"Anta Gorda";"2400";"483";"1370";"1,64";"4636,46";"69980422,32";"2400"
"421930925";"Lourdes";"2500";"433";"1244";"1,80";"5050,47";"73716066,96";"2500"
"421935805";"Vitor Meireles";"2005";"1808";"5064";"1,87";"2495,56";"6159160,83";"2005"
"421935810";"Barra da Prata";"2100";"114";"304";"1,99";"2146,81";"848563,10";"2100"
"421940805";"Witmarsum";"2237";"1527";"4242";"1,58";"3208,52";"16392864,09";"2237"
"421950705";"Xanxerê";"2424";"19078";"50748";"1,66";"3464,76";"19567696,70";"2424"
"421950715";"Cambuinzal";"2400";"216";"616";"2,06";"4654,63";"92957446,30";"2400"
"421960605";"Xavantina";"2500";"667";"1910";"1,65";"3739,98";"20382321,79";"2500"
"421960610";"Linha das Palmeiras";"3000";"586";"1741";"1,71";"7065,97";"151139528,80";"3000"
"421970505";"Xaxim";"2500";"11179";"30541";"1,62";"3593,41";"16858430,64";"2500"
"421970511";"Anita Garibaldi";"2400";"118";"339";"1,56";"5637,23";"44709399,85";"2400"
"421970516";"Diadema";"2000";"348";"1015";"1,56";"2759,25";"11423598,34";"2000"
"421985305";"Zortéa";"1900";"1463";"3929";"1,75";"2411,80";"17629600,88";"1900"
"422000005";"Balneário Rincão";"2100";"5808";"15950";"2,12";"2936,31";"12211146,31";"2100"
"430003405";"Aceguá";"1500";"574";"1531";"1,85";"2431,85";"15671616,99";"1500"
"430003415";"Colônia Nova";"2600";"433";"1050";"1,46";"4246,56";"46225165,08";"2600"
"430003425";"Minuano";"2000";"510";"1420";"2,02";"4251,13";"82116523,00";"2000"
"430003435";"Rio Negro";"1600";"56";"152";"1,95";"3187,27";"45480582,60";"1599.5"
"430005905";"Água Santa";"2015";"1043";"2944";"1,94";"4238,22";"77751717,39";"2015"
"430005915";"Engenho Grande";"2400";"125";"337";"1,34";"4888,33";"132037871,62";"2400"
"430005925";"Santo Antônio dos Pinheirinhos";"2400";"104";"293";"1,59";"3025,49";"8493403,22";"2400"
"430005928";"São Caetano";"2400";"106";"328";"1,32";"4376,09";"44899202,10";"2400"
"430010905";"Agudo";"1800";"6132";"15974";"1,52";"2676,48";"13295294,14";"1800"
"430020805";"Ajuricaba";"1900";"2265";"5778";"1,32";"3192,28";"39623418,17";"1900"
"430020815";"Medianeira";"2424";"327";"888";"1,30";"5125,83";"71234898,24";"2424"
"430030705";"Alecrim";"1500";"2553";"6120";"1,34";"2699,80";"22776673,73";"1500"
"430040605";"Alegrete";"1600";"27718";"70766";"1,73";"2766,29";"60121806,96";"1600"
"430040610";"Passo Novo";"1600";"524";"1157";"1,36";"2772,38";"35084058,71";"1600"
"430045505";"Alegria";"1212";"1188";"2975";"1,41";"2525,70";"16099298,70";"1212"
"430045510";"Espírito Santo";"2212";"265";"676";"1,04";"5165,02";"97596455,70";"2212"
"430047105";"Almirante Tamandaré do Sul";"2424";"523";"1266";"1,28";"3443,21";"14759110,36";"2424"
"430047115";"Linha Vitória";"2250";"105";"267";"1,54";"4458,67";"71560049,36";"2250"
"430047130";"Rincão do Segredo";"2400";"170";"435";"1,10";"2362,69";"1561425,88";"2400"
"430050505";"Alpestre";"2000";"1654";"4049";"1,36";"2817,02";"16223743,91";"2000"
"430050510";"Farinhas";"1990";"506";"1351";"1,53";"2854,23";"27509048,80";"1990"
"430050515";"Sertãozinho";"1500";"365";"955";"1,26";"2550,85";"25773491,30";"1500"
"430050520";"Volta Grande";"1500";"320";"753";"1,17";"2068,61";"2596893,85";"1500"
"430055405";"Alto Alegre";"2200";"448";"1137";"1,33";"3298,10";"24737272,29";"2200"
"430055410";"Linha Bonita";"1500";"105";"294";"1,41";"2233,50";"4420460,29";"1500"
"430055420";"Santa Lúcia";"2000";"40";"113";"1,64";"3247,79";"22879009,68";"2000"
"430055425";"São José";"2350";"40";"99";"0,97";"3633,41";"14738349,70";"2350"
"430055430";"Treze de Maio";"1550";"59";"144";"1,66";"2627,55";"7611893,76";"1550"
"430057005";"Alto Feliz";"2200";"1230";"3072";"1,35";"2683,39";"7879248,72";"2200"
"430060405";"Alvorada";"1800";"61235";"164864";"1,89";"2364,23";"15325793,84";"1800"
"430060410";"Estância Grande";"1300";"7540";"21752";"2,24";"1634,28";"2778676,00";"1300"
"430063805";"Amaral Ferrador";"1212";"2009";"5278";"1,53";"1769,00";"5618580,19";"1212"
"430064605";"Ametista do Sul";"1500";"2724";"7184";"1,49";"2303,17";"15315155,96";"1500"
"430064625";"São Valentin da Gruta";"1212";"175";"450";"1,30";"1517,26";"930665,28";"1212"
"430066105";"André da Rocha";"1970";"437";"1135";"1,60";"3071,02";"38801379,22";"1970"
"430070305";"Anta Gorda";"2424";"2079";"5525";"1,60";"4086,79";"64862144,47";"2424"
"430070310";"Itapuca";"5000";"156";"429";"1,70";"5323,82";"20619415,19";"5000"
"430080205";"Antônio Prado";"2400";"4325";"11108";"1,40";"3151,80";"12821819,17";"2400"
"430080207";"Linha 21 de Abril";"2000";"337";"924";"1,58";"3025,14";"18914581,24";"2000"
"430080230";"Santana";"2400";"339";"958";"1,85";"3365,48";"15514688,36";"2400"
"430085105";"Arambaré";"1800";"1415";"3287";"1,62";"2436,20";"6494938,96";"1800"
"430085120";"Santa Rita do Sul";"1212";"314";"820";"1,73";"1701,94";"3600822,97";"1212"
"430087705";"Araricá";"1500";"3215";"8524";"1,53";"2022,08";"2902806,11";"1500"
"430090105";"Aratiba";"2424";"1883";"4662";"1,44";"3130,55";"18845659,56";"2424"
"430090115";"Dourado";"2200";"246";"650";"1,31";"3008,15";"8761771,31";"2200"
"430090118";"Pio X";"3000";"166";"432";"1,48";"7337,68";"171898020,80";"3000"
"430090120";"Rio Azul";"1500";"118";"320";"1,57";"3401,20";"31733429,04";"1500"
"430090125";"Três Barras";"2400";"100";"238";"1,33";"4396,90";"62929896,43";"2400"
"430090130";"Volta Fechada";"1281";"60";"175";"2,38";"2929,55";"28223309,06";"1281"
"430100805";"Arroio do Meio";"2219";"7420";"19349";"1,41";"2935,28";"9498671,24";"2219"
"430100816";"Forqueta";"2400";"365";"951";"1,31";"2977,16";"9555520,92";"2400"
"430100818";"Palmas";"1800";"308";"729";"1,48";"2215,77";"3004519,90";"1800"
"430100830";"Vale do Arroio Grande";"2000";"314";"807";"1,32";"2770,00";"20629478,14";"2000"
"430105705";"Arroio do Sal";"2000";"4463";"11029";"1,66";"2655,88";"8836609,47";"2000"
"430107305";"Arroio do Padre";"1800";"820";"2584";"2,40";"3048,14";"18691570,39";"1800"
"430110705";"Arroio dos Ratos";"1500";"5513";"14007";"1,82";"2262,31";"5531020,32";"1500"
"430120605";"Arroio do Tigre";"1800";"2697";"7041";"1,45";"2447,90";"6771392,57";"1800"
"430120610";"Coloninha";"1400";"233";"626";"1,60";"2392,53";"45058647,06";"1400"
"430120618";"Linha Ocidental";"1212";"363";"1082";"1,55";"1633,48";"2934315,77";"1212"
"430120625";"Vila Progresso";"2000";"397";"1150";"1,75";"2889,39";"27978915,01";"2000"
"430120635";"Sítio Alto";"1212";"348";"950";"1,29";"1843,68";"6168538,14";"1212"
"430120640";"Taboãozinho";"1800";"216";"626";"1,65";"2524,89";"7182191,34";"1800"
"430120645";"Taquaral";"2000";"197";"576";"1,47";"2211,18";"2181792,47";"2000"
"430130505";"Arroio Grande";"1212";"6588";"15874";"1,68";"2200,27";"14541504,02";"1212"
"430130510";"Mauá";"1700";"125";"259";"1,24";"3630,13";"90979688,68";"1700"
"430130515";"Pedreiras";"1300";"299";"692";"1,49";"2400,63";"37301384,80";"1300"
"430130520";"Santa Izabel do Sul";"1212";"257";"689";"1,63";"1707,01";"1188352,90";"1212"
"430140405";"Arvorezinha";"2000";"3474";"9128";"1,63";"2801,75";"14864475,82";"2000"
"430140420";"Pinhal Queimado";"1212";"455";"1172";"1,95";"1910,25";"2411414,24";"1212"
"430150305";"Augusto Pestana";"2100";"2679";"6735";"1,27";"4088,43";"64658384,58";"2100"
"430150310";"Rosário";"2300";"155";"414";"1,52";"3714,83";"52390161,19";"2300"
"430155205";"Áurea";"1650";"1318";"3396";"1,45";"2260,37";"7493947,51";"1650"
"430160205";"Bagé";"1600";"43935";"113960";"1,83";"2823,94";"18272216,16";"1600"
"430160217";"Joca Tavares";"2000";"271";"594";"1,64";"4285,18";"41654944,50";"2000"
"430160220";"José Otávio";"1490";"728";"1837";"1,82";"2236,01";"10897826,12";"1490"
"430160221";"Palmas";"1500";"268";"599";"1,55";"2613,58";"14595014,28";"1500"
"430160222";"Piraí";"1650";"93";"170";"1,27";"2822,23";"15850762,76";"1650"
"430163605";"Balneário Pinhal";"1600";"2944";"7167";"1,75";"2549,99";"7164045,46";"1600"
"430163610";"Magistério";"1500";"2544";"6143";"1,94";"2147,21";"4009144,97";"1500"
"430163615";"Túnel Verde";"1200";"610";"1571";"1,78";"1648,76";"3158395,40";"1200"
"430165105";"Barão";"2500";"1383";"3611";"1,44";"3176,32";"7320357,57";"2500"
"430165110";"Arroio Canoas";"1800";"273";"695";"1,33";"2987,99";"27172609,59";"1800"
"430165125";"Francesa Alta";"2256";"325";"890";"1,62";"2582,24";"3870954,22";"2256"
"430165127";"Francesa Baixa";"2424";"297";"842";"1,62";"2538,18";"3646020,86";"2424"
"430165130";"General Neto";"2424";"140";"402";"1,72";"3261,73";"9659096,88";"2424"
"430170105";"Barão de Cotegipe";"2424";"2680";"7054";"1,62";"3582,33";"119850744,57";"2424"
"430175005";"Barão do Triunfo";"1212";"2409";"5878";"1,57";"1855,93";"4093447,06";"1212"
"430180005";"Barracão";"1500";"1789";"4493";"1,37";"2687,77";"18195998,39";"1500"
"430180010";"Espigão Alto";"1212";"137";"323";"1,38";"1803,78";"6262514,81";"1212"
"430185905";"Barra do Guarita";"1600";"1179";"3155";"1,91";"2227,97";"8547732,44";"1600"
"430187505";"Barra do Quaraí";"1500";"1164";"3431";"2,43";"2115,50";"4771870,68";"1500"
"430187515";"Francisco Borges";"1800";"81";"225";"1,53";"2333,10";"5451612,82";"1800"
"430187518";"Guterrez";"1800";"126";"341";"1,91";"2674,39";"12491539,05";"1800"
"430187525";"Passo da Cruz";"1700";"91";"234";"1,29";"3823,04";"66438032,88";"1700"
"430190905";"Barra do Ribeiro";"1583";"4376";"11066";"1,76";"2413,72";"7709314,96";"1582.5"
"430190910";"Douradilho";"1250";"419";"1120";"2,28";"2038,52";"3706836,99";"1250"
"430192505";"Barra do Rio Azul";"2000";"620";"1696";"1,50";"3966,97";"46764296,59";"2000"
"430195805";"Barra Funda";"2224";"896";"2489";"1,42";"3248,24";"16151590,00";"2224"
"430200605";"Barros Cassal";"1212";"3695";"9254";"1,49";"2244,35";"9332016,09";"1212"
"430205505";"Benjamin Constant do Sul";"1600";"725";"2082";"2,05";"2560,31";"13114301,85";"1600"
"430210505";"Bento Gonçalves";"2500";"45990";"114806";"1,43";"3824,51";"163009786,71";"2500"
"430210507";"São Pedro";"2550";"377";"1070";"1,67";"3736,18";"15288557,36";"2550"
"430210510";"Faria Lemos";"2500";"777";"2110";"1,52";"3320,44";"9869139,01";"2500"
"430210530";"Tuiuty";"2500";"1055";"2878";"1,56";"3618,42";"10920896,21";"2500"
"430210540";"Vale dos Vinhedos";"3000";"610";"1655";"1,48";"4511,45";"41819229,68";"3000"
"430215405";"Boa Vista das Missões";"1500";"667";"1694";"1,30";"2495,70";"8140842,96";"1500"
"430215430";"São João";"1212";"93";"223";"1,48";"2399,14";"5808143,05";"1212"
"430220405";"Boa Vista do Buricá";"2001";"2735";"6913";"1,25";"2911,62";"18719523,63";"2001"
"430222005";"Boa Vista do Cadeado";"1800";"387";"1007";"1,32";"3055,60";"34056015,15";"1800"
"430222015";"Cadeado";"2200";"88";"233";"1,52";"6472,80";"220937908,41";"2200"
"430222020";"Capela";"2400";"107";"287";"1,31";"4840,97";"66159493,17";"2400"
"430222025";"Faxinal";"2400";"59";"142";"0,90";"2548,55";"2011583,63";"2400"
"430222030";"Formigueiro";"2000";"72";"191";"1,81";"3337,78";"20352849,08";"2000"
"430222040";"Ponte Queimada";"1500";"35";"93";"1,53";"2720,00";"16581647,06";"1500"
"430222045";"Rincão do Tigre";"1500";"103";"266";"1,32";"1930,26";"808259,63";"1500"
"430223805";"Boa Vista do Incra";"2000";"839";"2270";"1,42";"3034,29";"22382877,92";"2000"
"430225305";"Boa Vista do Sul";"2424";"1052";"2774";"1,56";"3090,65";"16079185,99";"2424"
"430230305";"Bom Jesus";"1300";"3440";"9100";"2,00";"2088,60";"5735501,25";"1300"
"430230308";"Capão do Tigre";"1300";"190";"568";"2,44";"1731,49";"1690771,15";"1300"
"430230311";"Capela São Francisco";"1300";"227";"546";"1,78";"1929,96";"3199245,13";"1300"
"430230313";"Casa Branca";"1400";"105";"266";"2,06";"1767,90";"1115765,57";"1400"
"430230315";"Itaimbezinho";"1375";"129";"350";"1,82";"2239,81";"9648988,38";"1375"
"430230320";"Santo Inácio";"1500";"100";"308";"2,52";"1660,70";"1776281,35";"1500"
"430235205";"Bom Princípio";"2400";"4996";"13085";"1,52";"2955,51";"7289887,34";"2400"
"430237805";"Bom Progresso";"1480";"821";"2096";"1,41";"2429,01";"8078940,40";"1480"
"430240205";"Bom Retiro do Sul";"1800";"4688";"11808";"1,42";"2412,19";"10811769,05";"1800"
"430240215";"Pinhal";"1500";"175";"420";"1,20";"2371,54";"16019312,41";"1500"
"430245105";"Boqueirão do Leão";"1500";"2440";"6225";"1,47";"2257,21";"5485679,54";"1500"
"430250105";"Bossoroca";"1500";"1853";"4661";"1,65";"2476,92";"13330899,74";"1500"
"430250107";"Esquina Piratini";"2000";"245";"604";"1,57";"2239,24";"3931356,59";"2000"
"430250110";"Ivaí";"2200";"71";"171";"1,36";"2425,13";"2540827,14";"2200"
"430250115";"Timbaúva";"1500";"190";"451";"1,48";"2142,84";"2997317,35";"1500"
"430258405";"Bozano";"2224";"593";"1558";"1,60";"3435,41";"19412896,44";"2224"
"430258425";"Salto";"2000";"214";"592";"1,79";"2671,44";"8127958,05";"2000"
"430260005";"Braga";"1500";"991";"2640";"1,49";"2358,64";"9768650,23";"1500"
"430260010";"Pedro Gárcia";"1212";"247";"618";"1,77";"1713,80";"2822827,39";"1212"
"430265905";"Brochier";"2000";"1936";"4751";"1,45";"2675,74";"9618334,37";"2000"
"430265920";"Linha Pinheiro Machado";"2052";"83";"183";"0,87";"2859,23";"9646732,57";"2052"
"430270905";"Butiá";"1500";"7247";"18819";"1,77";"2379,12";"43790222,40";"1500"
"430270910";"Cerro do Roque";"1212";"103";"237";"1,45";"3002,53";"35334686,43";"1212"
"430280805";"Caçapava do Sul";"1500";"11743";"28470";"1,51";"2444,81";"8119700,93";"1500"
"430280810";"Bom Jardim";"1800";"293";"649";"1,18";"2058,68";"1360851,12";"1800"
"430280815";"Carajá Seival";"1233";"142";"306";"1,22";"1983,21";"6597778,79";"1232.5"
"430280820";"Cerro do Martins";"1625";"522";"1132";"1,30";"1939,53";"1892753,13";"1625"
"430280825";"Forninho";"1240";"552";"1340";"2,14";"2280,81";"15422859,11";"1240"
"430280830";"Santa Bárbara";"1212";"184";"456";"1,86";"1946,86";"6710873,17";"1212"
"430290705";"Cacequi";"1400";"3699";"9637";"1,79";"2315,33";"7317023,10";"1400"
"430290710";"Saicã";"1212";"307";"763";"1,49";"1966,40";"5155716,85";"1212"
"430290715";"Umbu";"1400";"262";"675";"1,67";"2882,45";"49358177,04";"1400"
"430300405";"Cachoeira do Sul";"1900";"27018";"67631";"1,66";"3150,48";"337759536,27";"1900"
"430300410";"Barro Vermelho";"1300";"704";"1718";"1,38";"1788,02";"2959559,94";"1300"
"430300412";"Bosque";"1212";"722";"1860";"1,42";"2073,67";"4484090,24";"1212"
"430300415";"Capané";"1500";"474";"1220";"1,29";"2560,47";"27243283,67";"1500"
"430300425";"Cordilheira";"1300";"1164";"2780";"1,59";"2270,44";"16982281,71";"1300"
"430300430";"Ferreira";"1200";"893";"2321";"1,65";"1869,76";"4868430,81";"1200"
"430300445";"Três Vendas";"1600";"821";"1945";"1,29";"2766,57";"31269045,28";"1600"
"430310305";"Cachoeirinha";"2000";"52484";"135865";"1,61";"3034,93";"46600207,59";"2000"
"430320205";"Cacique Doble";"1212";"1299";"3657";"2,26";"2308,56";"22503418,60";"1212"
"430320210";"São Luís Rei";"1212";"361";"944";"1,19";"2636,39";"22586965,69";"1212"
"430330105";"Caibaté";"2000";"1895";"4684";"1,34";"2862,54";"15722140,97";"2000"
"430340005";"Caiçara";"1900";"1517";"3921";"1,38";"3462,09";"345683412,65";"1900"
"430340010";"Ipuaçu";"2000";"337";"894";"1,55";"4792,09";"102202749,52";"2000"
"430350905";"Camaquã";"1800";"19687";"50267";"1,62";"2617,65";"8938950,20";"1800"
"430350912";"Bandeirinha";"1500";"620";"1742";"1,65";"2328,89";"16448024,69";"1500"
"430350915";"Banhado do Colégio";"1500";"536";"1378";"1,58";"1986,87";"3671225,71";"1500"
"430350920";"Bonito";"1212";"984";"2680";"1,79";"1893,46";"2859440,62";"1212"
"430350922";"Capela Santo Antônio";"1212";"454";"1147";"1,45";"2061,93";"5478860,09";"1212"
"430350925";"Capela Velha";"2000";"559";"1471";"1,32";"2639,73";"7409446,39";"2000"
"430350935";"Pacheca";"1212";"403";"1079";"1,93";"1889,15";"12434465,41";"1212"
"430350940";"Sant'Auta";"1600";"599";"1870";"1,96";"2390,42";"6549514,51";"1600"
"430355805";"Camargo";"2440";"1077";"2846";"1,50";"4043,33";"52291287,41";"2440"
"430355810";"Paraíso";"2420";"48";"125";"1,14";"4187,92";"18518106,21";"2420"
"430360805";"Cambará do Sul";"2000";"1520";"3953";"1,57";"2618,97";"10209841,34";"2000"
"430360810";"Bom Retiro";"1212";"100";"243";"1,76";"1865,57";"2808171,27";"1212"
"430360815";"Osvaldo Kroeff";"1500";"794";"2113";"1,47";"2044,48";"2225677,40";"1500"
"430367305";"Campestre da Serra";"1800";"1284";"3235";"1,33";"2298,25";"4088555,52";"1800"
"430370705";"Campina das Missões";"2000";"2301";"5882";"1,39";"3487,77";"37716385,09";"2000"
"430380605";"Campinas do Sul";"2100";"2060";"5250";"1,44";"3002,88";"13235371,81";"2100"
"430390505";"Campo Bom";"2000";"24057";"62743";"1,48";"3042,13";"11350976,61";"2000"
"430400205";"Campo Novo";"1500";"1784";"4618";"1,61";"2434,47";"14391748,52";"1500"
"430400215";"Vila Turvo";"1212";"136";"350";"1,56";"2001,44";"7577689,72";"1212"
"430410105";"Campos Borges";"1400";"1198";"2963";"1,30";"2329,82";"11801319,89";"1400"
"430410115";"Linha Ferrari";"1200";"28";"76";"1,10";"2411,11";"15595641,03";"1200"
"430410120";"Mundo Novo";"2424";"62";"142";"0,93";"4037,70";"20289678,76";"2424"
"430410125";"Rincão dos Toledos";"4000";"50";"121";"0,86";"6016,36";"65002081,58";"4000"
"430410130";"São José dos Campos Borges";"2106";"27";"70";"1,33";"3066,62";"9070227,77";"2106"
"430410135";"Varame";"1200";"30";"67";"1,08";"1411,17";"362752,43";"1200"
"430410140";"Volta Vitória";"1206";"63";"170";"1,54";"2138,90";"6319749,33";"1206"
"430420005";"Candelária";"1600";"8032";"20075";"1,49";"2432,07";"8491134,02";"1600"
"430420010";"Botucaraí";"1212";"928";"2403";"1,40";"1842,55";"3440308,33";"1212"
"430420015";"Linha Brasil";"1212";"649";"1664";"1,37";"1818,84";"1916626,57";"1212"
"430420020";"Linha do Rio";"1212";"585";"1500";"1,45";"2015,27";"3889167,88";"1212"
"430420025";"Pinheiro";"1212";"446";"1111";"1,32";"1852,90";"3424605,15";"1212"
"430420030";"Vila União";"1212";"741";"1914";"1,43";"1679,08";"1513006,62";"1212"
"430430905";"Cândido Godói";"2011";"2439";"6293";"1,38";"3563,06";"38773466,36";"2011"
"430435805";"Candiota";"1800";"2448";"6326";"1,71";"2268,44";"4304927,69";"1800"
"430435810";"Baú";"3000";"501";"1325";"1,50";"4141,40";"14414737,16";"3000"
"430435820";"Jaguarão Grande";"1212";"716";"1930";"1,84";"1896,65";"16560663,95";"1212"
"430435825";"Passo Real de Candiota";"1700";"158";"364";"1,81";"2221,50";"3904048,99";"1700"
"430435830";"Seival";"1400";"280";"679";"1,66";"2036,25";"12444656,55";"1400"
"430440805";"Canela";"2200";"18302";"48644";"1,76";"3279,12";"17789398,25";"2200"
"430450705";"Canguçu";"1500";"12401";"31111";"1,56";"2417,91";"9619787,75";"1500"
"430450710";"Quarto Distrito";"1212";"1487";"3500";"1,25";"1757,08";"12971015,95";"1212"
"430450715";"Quinto Distrito";"1212";"921";"2438";"2,11";"2080,34";"9527518,53";"1212"
"430450720";"Segundo Distrito";"1212";"2438";"7491";"2,20";"2687,62";"26004746,44";"1212"
"430450725";"Terceiro Distrito";"1212";"2061";"5001";"1,32";"1663,68";"2632353,25";"1212"
"430460605";"Canoas";"2400";"132820";"344790";"1,83";"3594,30";"20842590,34";"2400"
"430461405";"Canudos do Vale";"1500";"648";"1656";"1,12";"2443,58";"10931262,02";"1500"
"430462205";"Capão Bonito do Sul";"1500";"529";"1322";"1,31";"2717,81";"29504981,92";"1500"
"430462210";"Barretos";"1500";"162";"411";"1,75";"2290,97";"5637384,79";"1500"
"430463005";"Capão da Canoa";"2400";"18932";"49851";"1,92";"3518,46";"21414886,53";"2400"
"430463006";"Arroio Teixeira";"1700";"776";"1942";"1,65";"2580,29";"5927087,19";"1700"
"430463007";"Capão Novo";"2000";"3863";"10808";"2,16";"2818,36";"9493764,50";"2000"
"430463010";"Curumim";"2100";"304";"754";"1,66";"2909,91";"7164207,97";"2100"
"430465505";"Capão do Cipó";"2000";"1165";"3107";"1,35";"2919,68";"15485905,80";"2000"
"430466305";"Capão do Leão";"1400";"9660";"25168";"1,78";"1975,22";"3595492,73";"1400"
"430466310";"Hidráulica";"1500";"162";"415";"1,83";"2736,02";"43848954,42";"1500"
"430466315";"Passo das Pedras";"2400";"263";"630";"1,61";"3005,53";"15768286,73";"2400"
"430466320";"Pavão";"1600";"56";"154";"2,23";"3144,90";"59408459,89";"1600"
"430467105";"Capivari do Sul";"2000";"1184";"3168";"1,73";"3014,84";"18923106,39";"2000"
"430467110";"Rancho Velho";"2500";"49";"133";"2,29";"3307,71";"10486729,09";"2500"
"430467115";"Santa Rosa";"1500";"262";"688";"1,78";"2077,18";"2972732,70";"1500"
"430468905";"Capela de Santana";"1600";"3955";"10411";"1,69";"2118,69";"3956260,35";"1600"
"430468910";"Pareci Velho";"1850";"54";"125";"1,50";"3092,85";"45256346,56";"1850"
"430468915";"Passo Taquara";"2000";"59";"156";"2,03";"2338,09";"2873325,15";"2000"
"430468920";"San Martin";"1600";"50";"137";"1,62";"2610,49";"9178052,57";"1600"
"430468925";"Paquete";"2000";"31";"63";"1,50";"2207,31";"1547664,08";"2000"
"430468930";"Sanga Funda";"1500";"87";"241";"1,69";"2166,00";"1993642,38";"1500"
"430469705";"Capitão";"1828";"1054";"2921";"1,67";"2540,35";"10858339,32";"1827.5"
"430470505";"Carazinho";"2200";"23861";"60434";"1,61";"3246,72";"62940901,90";"2200"
"430470525";"Pinheiro Marcado";"2800";"168";"414";"1,28";"4456,56";"27357050,45";"2800"
"430470533";"São Bento";"2400";"187";"514";"1,38";"2641,40";"5263941,23";"2400"
"430471305";"Caraá";"1350";"3016";"7393";"1,44";"2052,65";"6776827,89";"1350"
"430480405";"Carlos Barbosa";"3000";"10113";"26244";"1,37";"4112,02";"116591938,42";"3000"
"430480410";"Arco Verde";"2424";"414";"1055";"1,16";"2871,97";"7993887,50";"2424"
"430480413";"Cinco da Boa Vista";"2424";"304";"809";"1,60";"2822,80";"3540724,81";"2424"
"430480420";"Santa Luiza";"2000";"410";"1106";"1,63";"3038,26";"48479885,90";"2000"
"430480425";"Santo Antônio de Castro";"2424";"407";"1144";"1,85";"2890,84";"5863817,95";"2424"
"430485305";"Carlos Gomes";"1600";"513";"1368";"1,68";"2599,38";"22602738,55";"1600"
"430490305";"Casca";"3000";"3168";"8131";"1,51";"4401,31";"44173207,91";"3000"
"430490310";"Evangelista";"2500";"446";"1302";"1,76";"6264,87";"108665731,11";"2500"
"430495205";"Caseiros";"2000";"1110";"2998";"1,66";"3829,29";"57678796,90";"2000"
"430500905";"Catuípe";"2000";"2480";"6418";"1,52";"2650,88";"11352835,58";"2000"
"430500910";"Colônia das Almas";"1612";"312";"779";"1,25";"3314,25";"22084375,06";"1612"
"430500912";"Esquina Bom Sucesso";"2000";"116";"292";"1,09";"7431,89";"184788709,77";"2000"
"430500913";"Esquina Brasil Neves";"2950";"38";"104";"1,44";"5696,50";"49561549,57";"2950"
"430500917";"Passo Burmann";"4000";"112";"290";"1,42";"7435,03";"153292367,52";"4000"
"430500918";"Pontão Santo Antônio";"3000";"90";"229";"1,44";"6021,53";"65200881,35";"3000"
"430500920";"Santa Tereza";"1900";"222";"554";"1,28";"3952,02";"55675595,20";"1900"
"430510805";"Caxias do Sul";"2500";"179766";"448744";"1,50";"3816,17";"84625982,14";"2500"
"430510815";"Criúva";"2000";"724";"1744";"1,28";"2517,43";"3183493,95";"2000"
"430510820";"Fazenda Souza";"2300";"1182";"3031";"1,53";"3040,14";"8284187,81";"2300"
"430510835";"Oliva";"1900";"595";"1526";"1,46";"2777,15";"22135065,89";"1900"
"430510840";"Santa Lúcia do Piaí";"2000";"954";"2581";"1,58";"2336,37";"2558052,14";"2000"
"430510845";"Seca";"2300";"977";"2499";"1,73";"3159,03";"18397088,00";"2300"
"430510850";"Vila Cristina";"2000";"637";"1633";"1,63";"2548,05";"4209330,55";"2000"
"430511605";"Centenário";"2000";"1031";"2715";"1,40";"3092,39";"23419765,50";"2000"
"430512405";"Cerrito";"1212";"1422";"3419";"1,57";"1923,93";"3014324,57";"1212"
"430512410";"Alto Alegre";"2000";"173";"408";"1,52";"2711,99";"8957576,02";"2000"
"430512415";"Vila Freire";"1500";"839";"1955";"1,36";"2354,84";"10778796,33";"1500"
"430513205";"Cerro Branco";"1212";"1582";"3800";"1,20";"1952,71";"2936915,19";"1212"
"430515705";"Cerro Grande";"1500";"915";"2379";"1,41";"2472,24";"10472051,28";"1500"
"430517305";"Cerro Grande do Sul";"1212";"3580";"9125";"1,58";"2022,63";"9216207,95";"1212"
"430520705";"Cerro Largo";"2000";"4941";"12485";"1,44";"3130,66";"18271465,39";"2000"
"430520713";"Santo Antônio";"2100";"185";"469";"1,37";"3030,05";"15528981,98";"2100"
"430520714";"São Francisco";"2424";"224";"574";"1,44";"5240,57";"119342528,69";"2424"
"430530605";"Chapada";"2000";"2558";"6317";"1,35";"2530,90";"5530283,12";"2000"
"430530610";"Boi Preto";"2000";"360";"888";"1,19";"3177,69";"34314780,70";"2000"
"430530615";"Santana";"2400";"290";"742";"1,20";"2947,07";"24231590,81";"2400"
"430530620";"São Miguel";"2000";"165";"426";"0,92";"3134,23";"17006107,60";"2000"
"430530625";"Tesouras";"2400";"360";"918";"1,13";"2867,13";"6352015,02";"2400"
"430530630";"Vila Rica";"2003";"81";"226";"1,37";"3653,86";"17707013,33";"2003"
"430535505";"Charqueadas";"2200";"11993";"31149";"1,68";"3141,76";"11623217,55";"2200"
"430537105";"Charrua";"1500";"959";"2768";"2,05";"3164,48";"42280076,31";"1500"
"430540505";"Chiapetta";"2000";"1523";"3912";"1,54";"3604,34";"34095995,43";"2000"
"430543905";"Chuí";"1800";"2385";"6256";"1,98";"2420,39";"8583123,52";"1800"
"430544705";"Chuvisca";"1500";"1669";"4597";"1,53";"2425,47";"7162858,79";"1500"
"430545405";"Cidreira";"1800";"5703";"14227";"1,94";"2657,02";"7578182,85";"1800"
"430545409";"Costa do Sol";"1500";"1140";"2782";"2,09";"2302,70";"5655804,88";"1500"
"430550405";"Ciríaco";"1600";"1349";"3300";"1,38";"2570,80";"10182395,08";"1600"
"430550407";"Cruzaltinha";"1600";"109";"266";"1,12";"2381,13";"7975373,70";"1600"
"430550415";"São João Bosco";"1212";"219";"574";"2,04";"3361,19";"67352168,66";"1212"
"430558705";"Colinas";"2424";"946";"2414";"1,59";"3216,21";"28978662,42";"2424"
"430560305";"Colorado";"2400";"996";"2507";"1,42";"3581,27";"15874368,54";"2400"
"430560310";"Vista Alegre";"2400";"284";"746";"1,29";"3475,56";"31972358,16";"2400"
"430570205";"Condor";"2000";"2388";"6388";"1,56";"2885,75";"13468286,41";"2000"
"430580105";"Constantina";"2000";"3340";"8962";"1,52";"3030,61";"21796973,71";"2000"
"430580106";"Barra Curta Baixa";"2500";"91";"263";"1,70";"6488,20";"120898394,19";"2500"
"430580107";"Capinzal";"1500";"163";"569";"2,79";"4590,26";"108166192,04";"1500"
"430580114";"São Marcos Baixo";"2500";"196";"583";"1,57";"6018,82";"70020021,23";"2500"
"430583505";"Coqueiro Baixo";"2000";"451";"1168";"1,43";"3020,55";"17065733,44";"2000"
"430583510";"Arroio da Laje";"2000";"51";"122";"0,96";"2643,22";"6341023,37";"2000"
"430585005";"Coqueiros do Sul";"2100";"339";"809";"1,05";"3317,18";"36033907,66";"2100"
"430585015";"Igrejinha";"2424";"247";"609";"1,24";"4529,22";"89025253,34";"2424"
"430585020";"Rio Bonito";"1940";"65";"165";"1,28";"5176,38";"184174028,63";"1940"
"430585022";"Serra do Pontão";"2200";"85";"220";"1,58";"5056,55";"157419560,33";"2200"
"430585025";"Xadrez";"2500";"158";"402";"1,56";"6780,99";"148107672,47";"2500"
"430587105";"Coronel Barros";"2400";"1063";"2736";"1,40";"3740,13";"30284670,11";"2400"
"430587110";"Linha 8";"2000";"29";"72";"1,33";"2643,31";"4806700,65";"2000"
"430590005";"Coronel Bicaco";"1212";"2111";"5530";"1,74";"2113,54";"7004431,28";"1212"
"430590010";"Antônio Kerpel";"2500";"15";"38";"1,84";"3628,87";"13874961,70";"2500"
"430590015";"Campo Santo";"2000";"134";"394";"2,04";"2652,15";"14000806,57";"2000"
"430590020";"Turvinho";"1212";"69";"175";"1,05";"1756,98";"1741343,24";"1212"
"430593405";"Coronel Pilar";"3000";"565";"1607";"1,91";"3972,96";"12722477,46";"3000"
"430595905";"Cotiporã";"2000";"1237";"3292";"1,60";"2644,79";"6968305,82";"2000"
"430595910";"Lageado Bonito";"2400";"196";"541";"1,77";"3534,63";"25373212,04";"2400"
"430597505";"Coxilha";"2000";"1015";"2655";"1,41";"2952,41";"9853043,21";"2000"
"430600705";"Crissiumal";"1800";"4242";"10262";"1,33";"2843,49";"23208850,39";"1800"
"430600710";"Esquina Gaúcha";"1212";"408";"990";"1,62";"2444,39";"23445822,26";"1212"
"430600715";"Lajeado Grande";"1657";"149";"356";"1,08";"5820,19";"131028553,51";"1656.5"
"430600720";"Planalto";"2400";"198";"504";"1,27";"4714,66";"63781990,85";"2400"
"430600730";"Vista Nova";"1800";"266";"694";"1,54";"4399,24";"78142644,46";"1800"
"430605605";"Cristal";"1590";"1642";"4176";"1,52";"2438,56";"13259435,68";"1590"
"430605610";"Bom Será";"1212";"419";"1185";"1,66";"2327,61";"19087442,88";"1212"
"430605615";"Cordeiro";"1212";"525";"1417";"1,95";"1908,96";"24876738,45";"1212"
"430605625";"Passo do Mendonça";"1700";"180";"503";"2,12";"3195,32";"22754943,67";"1700"
"430607205";"Cristal do Sul";"1212";"1057";"2689";"1,35";"2107,94";"17873146,06";"1212"
"430610605";"Cruz Alta";"2000";"22575";"58052";"1,67";"3188,45";"19655187,47";"2000"
"430610613";"Colônia São João";"2000";"181";"482";"1,35";"3169,41";"23571688,12";"2000"
"430613005";"Cruzaltense";"2400";"616";"1635";"1,49";"3896,23";"62005965,11";"2400"
"430620505";"Cruzeiro do Sul";"1900";"4585";"11468";"1,37";"2419,30";"6488172,84";"1900"
"430630405";"David Canabarro";"2000";"1658";"4318";"1,34";"2915,19";"19537163,40";"2000"
"430632005";"Derrubadas";"1600";"1074";"2751";"1,31";"3102,05";"29453107,97";"1600"
"430635305";"Dezesseis de Novembro";"1600";"1017";"2507";"1,37";"2371,38";"15522487,97";"1600"
"430637905";"Dilermando de Aguiar";"1212";"1147";"2806";"1,81";"1952,31";"6875249,65";"1212"
"430640305";"Dois Irmãos";"2200";"11923";"30596";"1,40";"3172,64";"15530472,13";"2200"
"430642905";"Dois Irmãos das Missões";"1215";"798";"2090";"1,58";"2541,35";"68052829,32";"1215"
"430645205";"Dois Lajeados";"2000";"1161";"3086";"1,45";"3201,06";"18705736,80";"2000"
"430650205";"Dom Feliciano";"1350";"5088";"13026";"1,64";"2298,07";"11357196,56";"1350"
"430655105";"Dom Pedro de Alcântara";"2000";"349";"849";"1,51";"2310,96";"2497372,32";"2000"
"430655110";"Arroio dos Mengues";"2000";"183";"465";"1,46";"2348,82";"3354111,77";"2000"
"430655115";"Morro dos Leffas";"1500";"216";"531";"1,57";"1911,36";"1260344,53";"1500"
"430655120";"Porto Colônia";"1500";"302";"710";"1,46";"2027,15";"1776553,84";"1500"
"430660105";"Dom Pedrito";"1500";"14039";"35969";"1,83";"2562,57";"12149515,44";"1500"
"430660110";"Torquato Severo";"1800";"268";"578";"1,28";"3459,90";"25737830,19";"1800"
"430670005";"Dona Francisca";"1212";"1223";"3077";"1,59";"2076,00";"4287618,41";"1212"
"430673405";"Doutor Maurício Cardoso";"2200";"1315";"3216";"1,34";"3071,33";"21077515,53";"2200"
"430673415";"Pitanga";"2200";"191";"484";"1,48";"3734,98";"26267772,23";"2200"
"430673420";"Pranchada";"1212";"314";"743";"1,01";"2301,34";"13496266,84";"1212"
"430675905";"Doutor Ricardo";"2000";"710";"1888";"1,61";"2803,92";"11851722,87";"2000"
"430676705";"Eldorado do Sul";"1800";"11591";"32113";"1,98";"2730,56";"13180167,26";"1800"
"430676710";"Bom Retiro";"1450";"319";"849";"2,31";"2483,19";"45919011,47";"1450"
"430676715";"Parque Eldorado";"2000";"2555";"6430";"1,71";"2940,25";"13873406,10";"2000"
"430680905";"Encantado";"2200";"8647";"21773";"1,48";"3152,48";"14214917,48";"2200"
"430680925";"Valdástico";"2400";"381";"1012";"1,67";"2923,52";"6704670,25";"2400"
"430690805";"Encruzilhada do Sul";"1400";"7059";"17480";"1,64";"2188,08";"6011491,82";"1400"
"430690809";"Capitão Noronha";"1212";"347";"778";"1,45";"1990,62";"14028661,36";"1212"
"430690815";"Cerro Partido";"1212";"617";"1576";"1,70";"1972,66";"5131632,98";"1212"
"430690820";"Coronel Prestes";"1212";"454";"1140";"1,63";"2210,46";"14580833,63";"1212"
"430690825";"Maria Santa";"1212";"341";"914";"1,79";"1725,51";"2077795,06";"1212"
"430690830";"Pompeu Machado";"1212";"367";"815";"1,25";"1647,09";"1544998,14";"1212"
"430690835";"Santa Bárbara";"1500";"416";"1018";"1,67";"2724,81";"27429087,13";"1500"
"430692405";"Engenho Velho";"1400";"441";"1292";"2,61";"2432,94";"10141943,49";"1400"
"430693205";"Entre-Ijuís";"1800";"3582";"9113";"1,47";"2565,48";"10172167,33";"1800"
"430695705";"Entre Rios do Sul";"1600";"1087";"2674";"1,45";"2688,58";"16978666,33";"1600"
"430697305";"Erebango";"1400";"1069";"3028";"2,18";"2585,09";"23719317,54";"1400"
"430700505";"Erechim";"2500";"41601";"103628";"1,47";"3642,39";"18972775,42";"2500"
"430700510";"Capo-Erê";"2256";"348";"936";"1,81";"3271,37";"27779215,69";"2256"
"430700515";"Jaguaretê";"3000";"160";"442";"1,45";"4891,97";"90930819,65";"3000"
"430705405";"Ernestina";"2000";"1250";"3019";"1,34";"2645,40";"6373993,02";"2000"
"430710405";"Herval";"1212";"1890";"4311";"1,56";"1933,77";"9003418,03";"1212"
"430710410";"Basílio";"1212";"212";"545";"1,85";"1695,33";"3183752,09";"1212"
"430710415";"Bote";"1212";"176";"407";"1,79";"1570,22";"1784394,25";"1212"
"430710420";"Cerro Chato";"1212";"181";"448";"1,65";"1656,27";"2493231,69";"1212"
"430710425";"Coxilha do Lageado";"1212";"65";"134";"1,03";"1949,64";"5174513,31";"1212"
"430710430";"Jaguarão Chico";"1375";"62";"139";"1,24";"1881,12";"1989906,21";"1375"
"430710435";"Mingote";"1212";"82";"186";"1,31";"3076,58";"65440561,49";"1212"
"430720305";"Erval Grande";"1600";"1546";"3875";"1,47";"2487,18";"64808063,08";"1600"
"430720310";"Goio-Êm";"1900";"61";"168";"1,66";"2952,47";"22196901,56";"1900"
"430720315";"Pinhalzinho";"1800";"136";"327";"0,95";"2721,50";"9429457,13";"1800"
"430720320";"Santana";"1212";"50";"143";"1,55";"1443,62";"778871,07";"1212"
"430720325";"Sete de Setembro";"1212";"160";"407";"1,49";"2596,31";"11027990,79";"1212"
"430730205";"Erval Seco";"1500";"1543";"3934";"1,49";"2561,59";"19698517,92";"1500"
"430730210";"Arco Íris";"1800";"121";"297";"1,30";"3314,30";"34569795,96";"1800"
"430730212";"Capivara";"1356";"70";"198";"1,91";"5170,00";"94319573,53";"1356"
"430730215";"Coronel Finzito";"1212";"290";"774";"1,51";"3765,98";"1023493548,57";"1212"
"430730222";"Fortaleza";"1212";"103";"276";"1,49";"2222,27";"12191452,80";"1212"
"430730225";"São Bom Jesus";"1200";"189";"505";"1,75";"1706,91";"3272608,27";"1200"
"430730240";"Vista Gaúcha";"1212";"293";"794";"1,72";"3703,16";"81434779,18";"1212"
"430740105";"Esmeralda";"1500";"1190";"3035";"1,62";"2974,91";"133640349,09";"1500"
"430740110";"São Sebastião";"1212";"58";"160";"1,55";"3554,00";"47043240,91";"1212"
"430745005";"Esperança do Sul";"1586";"650";"1579";"1,25";"2171,95";"3429151,19";"1586"
"430745007";"Açoita Cavalo";"1700";"59";"159";"1,11";"3710,09";"22126253,15";"1700"
"430745008";"Bom Jardim";"2000";"102";"263";"1,18";"3221,86";"43521554,24";"2000"
"430745010";"Lara";"1212";"157";"392";"1,12";"2026,36";"2950322,34";"1212"
"430745020";"Ismael";"1212";"304";"824";"1,95";"1759,97";"2310778,19";"1212"
"430750005";"Espumoso";"2300";"4927";"12755";"1,52";"3179,01";"18677403,90";"2300"
"430750015";"Avelino Paranhos";"1212";"256";"684";"1,18";"2037,78";"4786497,27";"1212"
"430750020";"Campina Redonda";"2000";"162";"411";"1,12";"2610,32";"4499060,93";"2000"
"430750030";"Depósito";"1500";"286";"740";"1,37";"2957,78";"52145631,57";"1500"
"430750050";"Volta Alegre";"1400";"162";"410";"1,29";"2481,39";"14543535,12";"1400"
"430755905";"Estação";"2002";"2172";"5582";"1,35";"2798,89";"6581070,07";"2001.5"
"430760905";"Estância Velha";"2100";"17902";"47811";"1,52";"3154,62";"14656171,76";"2100"
"430770805";"Esteio";"2200";"29279";"75948";"1,71";"3150,22";"11173462,44";"2200"
"430780705";"Estrela";"2400";"10295";"26285";"1,55";"3211,56";"11529710,38";"2400"
"430780723";"Costão";"2400";"475";"1253";"1,59";"2841,79";"8953833,41";"2400"
"430780726";"Novo Paraíso";"1950";"802";"2257";"1,75";"2289,37";"3516679,17";"1950"
"430780727";"Delfina";"2200";"588";"1585";"1,56";"3124,73";"23394239,60";"2200"
"430780735";"Glória";"2424";"255";"689";"1,78";"3179,02";"20395446,05";"2424"
"430781505";"Estrela Velha";"2000";"561";"1451";"1,46";"2532,53";"5435160,85";"2000"
"430781510";"Itaúba";"1500";"310";"848";"1,64";"1923,67";"1296200,51";"1500"
"430781515";"Rincão da Estrela";"1550";"157";"404";"1,62";"2713,28";"23487035,56";"1550"
"430781520";"São Luiz";"2424";"131";"361";"1,31";"3501,05";"18763952,51";"2424"
"430783105";"Eugênio de Castro";"1500";"1112";"2608";"1,34";"2732,33";"19853557,33";"1500"
"430786405";"Fagundes Varela";"2424";"883";"2566";"2,11";"3451,51";"20900646,25";"2424"
"430790605";"Farroupilha";"2400";"23410";"60247";"1,45";"3116,44";"9683553,07";"2400"
"430790610";"Jansen";"3000";"681";"2057";"1,83";"4200,52";"20013453,78";"3000"
"430790615";"Nova Milano";"2400";"775";"2024";"1,55";"3254,90";"16694887,70";"2400"
"430790620";"Nova Sardenha";"2200";"2131";"5811";"1,58";"2671,64";"6498518,42";"2200"
"430800305";"Faxinal do Soturno";"1800";"2581";"6698";"1,55";"2851,67";"14883385,39";"1800"
"430805205";"Faxinalzinho";"1800";"701";"1683";"1,30";"2720,13";"25177155,91";"1800"
"430805210";"Coxilhão";"2424";"61";"148";"1,08";"3697,68";"11416308,30";"2424"
"430805215";"Votouro";"1800";"142";"440";"2,02";"3912,70";"80211020,36";"1800"
"430805220";"Faxinal Grande";"1582";"93";"224";"1,40";"2757,28";"7383605,41";"1582"
"430805225";"Nossa Senhora dos Navegantes";"3000";"7";"20";"1,81";"5131,00";"29780427,00";"3000"
"430807805";"Fazenda Vilanova";"1500";"1646";"4281";"1,76";"2189,49";"6353242,74";"1500"
"430810205";"Feliz";"2300";"5394";"13679";"1,39";"2997,04";"10624868,81";"2300"
"430820105";"Flores da Cunha";"2500";"11012";"28555";"1,39";"3554,65";"15791570,24";"2500"
"430820108";"Mato Perso";"3000";"206";"613";"1,77";"4370,04";"14405223,28";"3000"
"430820115";"Otávio Rocha";"2400";"581";"1689";"1,67";"3386,25";"10994284,07";"2400"
"430825005";"Floriano Peixoto";"2000";"694";"1667";"1,11";"2631,69";"20742809,96";"2000"
"430830005";"Fontoura Xavier";"1400";"2842";"7271";"1,39";"2233,54";"8788883,48";"1400"
"430830007";"Campo Novo";"1212";"188";"512";"1,47";"1893,71";"3090724,19";"1212"
"430830010";"Gramado São Pedro";"1212";"267";"681";"1,44";"1595,15";"1542156,31";"1212"
"430830020";"Linha Silveira";"1212";"258";"665";"1,43";"2018,12";"15111702,01";"1212"
"430830035";"Três Pinheiros";"1212";"144";"406";"1,79";"2080,53";"10758466,52";"1212"
"430840905";"Formigueiro";"1300";"2536";"6301";"1,58";"2195,51";"9235186,76";"1300"
"430843305";"Forquetinha";"1225";"955";"2393";"1,29";"2338,75";"16078538,63";"1225"
"430845805";"Fortaleza dos Valos";"2000";"1571";"4020";"1,43";"2849,27";"11919716,50";"2000"
"430845815";"Fazenda Colorado";"2400";"159";"436";"1,18";"4990,72";"49048084,43";"2400"
"430850805";"Frederico Westphalen";"2400";"11953";"30332";"1,43";"3479,69";"31825287,88";"2400"
"430850810";"Castelinho";"1600";"312";"815";"1,47";"3515,48";"42693411,37";"1600"
"430850815";"Osvaldo Cruz";"1600";"236";"662";"1,45";"2504,41";"9076675,25";"1600"
"430850818";"São João do Porto";"1200";"214";"583";"1,91";"2844,84";"26293363,77";"1200"
"430860705";"Garibaldi";"2500";"12921";"32930";"1,41";"3643,16";"18638594,64";"2500"
"430860725";"Marcorama";"2424";"356";"1015";"2,10";"2971,61";"7538267,64";"2424"
"430860728";"São José de Costa Real";"3000";"118";"316";"1,57";"5044,75";"24514631,64";"3000"
"430865605";"Garruchos";"1212";"1056";"2684";"1,53";"2288,87";"31225861,98";"1212"
"430870605";"Gaurama";"2300";"1937";"4893";"1,33";"3438,94";"28314398,57";"2300"
"430870615";"Baliza";"2500";"260";"686";"1,38";"5289,76";"105537614,92";"2500"
"430880505";"General Câmara";"1500";"2101";"5102";"1,66";"2294,83";"4803627,19";"1500"
"430880508";"Boca da Picada";"1300";"232";"550";"1,34";"1766,10";"1993133,00";"1300"
"430880510";"Boqueirão";"1200";"407";"971";"1,37";"2131,90";"17690563,60";"1200"
"430880525";"Santo Amaro do Sul";"1212";"408";"989";"1,64";"2044,88";"5055646,02";"1212"
"430885405";"Gentil";"2424";"526";"1390";"1,46";"19409,80";"38467916614,77";"2424"
"430885410";"Campo do Meio";"1600";"120";"354";"2,00";"2955,16";"17615940,62";"1600"
"430890405";"Getúlio Vargas";"2424";"6139";"15023";"1,40";"3254,18";"11587059,84";"2424"
"430890425";"Rio Toldo";"2424";"327";"863";"1,52";"4211,25";"79600719,45";"2424"
"430890430";"Souza Ramos";"3000";"214";"547";"1,13";"4893,44";"52773215,53";"3000"
"430900105";"Giruá";"1600";"5156";"13328";"1,61";"2411,06";"9390896,07";"1600"
"430900110";"Cândido Freire";"1650";"157";"422";"1,49";"2296,65";"2628777,87";"1650"
"430900120";"Mato Grande";"1800";"279";"727";"1,75";"3211,11";"22409444,10";"1800"
"430900122";"Quinze de Novembro";"2424";"152";"405";"1,40";"3575,86";"11352782,29";"2424"
"430900123";"Rincão dos Mellos";"1212";"106";"276";"1,86";"1238,34";"330441,54";"1212"
"430900124";"Rincão Maciel";"1850";"131";"389";"1,60";"2165,93";"1728880,31";"1850"
"430900126";"São Paulo das Tunas";"1600";"147";"374";"1,07";"2002,29";"1097673,04";"1600"
"430905005";"Glorinha";"1885";"1846";"4835";"1,62";"2583,21";"8585718,68";"1885"
"430905010";"Capão Grande";"1450";"267";"690";"1,70";"2186,25";"4385783,20";"1450"
"430905015";"Maracanã";"1800";"465";"1089";"1,26";"2304,03";"2920657,58";"1800"
"430905020";"Vila Nova";"1500";"411";"1032";"1,41";"2252,33";"3845715,28";"1500"
"430910005";"Gramado";"2500";"15381";"40024";"1,64";"3830,90";"27364868,00";"2500"
"430912605";"Gramado dos Loureiros";"1600";"719";"2002";"2,80";"2076,52";"2412900,99";"1600"
"430915905";"Gramado Xavier";"1500";"1244";"3303";"1,63";"2066,47";"4851670,42";"1500"
"430920905";"Gravataí";"2000";"89334";"231982";"1,73";"2740,69";"9557950,45";"2000"
"430920915";"Barro Vermelho";"1800";"2957";"8137";"1,80";"4326,94";"56588357,58";"1800"
"430920930";"Ipiranga";"1600";"2672";"6776";"1,87";"2270,67";"4561250,77";"1600"
"430920933";"Itacolomi";"2000";"3738";"9745";"1,66";"2565,56";"6204830,13";"2000"
"430920935";"Morungava";"1600";"3063";"7649";"1,69";"2376,20";"8356462,92";"1600"
"430925805";"Guabiju";"1212";"562";"1414";"1,53";"3031,97";"45562783,73";"1212"
"430930805";"Guaíba";"2000";"35161";"92632";"1,77";"2757,54";"9947144,46";"2000"
"430940705";"Guaporé";"2400";"9103";"23621";"1,55";"3070,74";"9893143,63";"2400"
"430940707";"Colombo";"2800";"283";"840";"2,19";"3732,73";"14208095,52";"2800"
"430940735";"Santo Antônio";"2400";"235";"606";"1,48";"2822,99";"5943324,53";"2400"
"430950605";"Guarani das Missões";"2000";"2312";"5923";"1,47";"2882,10";"12185931,13";"2000"
"430950609";"Linha Harmonia";"1500";"343";"953";"1,62";"2796,87";"14877044,16";"1500"
"430950620";"Linha Porto Alegre";"2700";"147";"432";"1,58";"5455,18";"82045841,69";"2700"
"430955505";"Harmonia";"2400";"2022";"5378";"1,47";"2905,98";"12068076,37";"2400"
"430957105";"Herveiras";"1500";"967";"2538";"1,62";"2251,06";"4489971,55";"1500"
"430960505";"Horizontina";"2500";"7270";"17967";"1,39";"3608,30";"17327804,65";"2500"
"430960510";"Cascata";"1800";"354";"821";"1,00";"2904,38";"13562250,04";"1800"
"430965405";"Hulha Negra";"1500";"2205";"5974";"1,92";"2461,65";"14678101,18";"1500"
"430970405";"Humaitá";"1500";"1887";"4680";"1,37";"2799,97";"16568602,96";"1500"
"430975305";"Ibarama";"1500";"1414";"3722";"1,41";"2342,60";"7596826,62";"1500"
"430980305";"Ibiaçá";"2100";"1513";"3737";"1,32";"3196,83";"23489523,00";"2100"
"430980310";"Rio Telha";"3550";"47";"122";"0,90";"7168,41";"87023849,89";"3550"
"430980315";"Vitória";"2424";"210";"549";"1,34";"2712,78";"6056993,63";"2424"
"430990205";"Ibiraiaras";"2070";"2206";"5879";"1,66";"3108,58";"22583805,89";"2070"
"430990207";"Nossa Senhora da Saúde";"3000";"41";"114";"1,18";"4526,05";"13572551,30";"3000"
"430990209";"São Luiz";"1210";"81";"200";"1,03";"1874,87";"3330230,11";"1210"
"430990210";"São Sebastião";"3212";"197";"583";"1,41";"4773,73";"14263794,43";"3212"
"430995105";"Ibirapuitã";"1609";"1459";"3714";"1,42";"2706,50";"29194227,94";"1609"
"431000905";"Ibirubá";"2500";"7897";"20302";"1,50";"3830,25";"27738079,64";"2500"
"431000910";"Alfredo Brenner";"3600";"332";"847";"1,24";"7403,86";"128400240,19";"3600"
"431000920";"Santo Antônio do Bom Retiro";"2100";"136";"341";"1,20";"3200,24";"11422537,77";"2100"
"431010805";"Igrejinha";"1800";"12766";"32655";"1,52";"2588,93";"10983604,82";"1800"
"431020705";"Ijuí";"2400";"29870";"76826";"1,62";"3538,37";"19240086,74";"2400"
"431020707";"Alto da União";"2424";"439";"1214";"1,59";"3938,67";"63376147,12";"2424"
"431020708";"Barreiro";"2000";"214";"545";"1,62";"3522,70";"29679755,53";"2000"
"431020710";"Chorão";"2424";"275";"704";"1,50";"3693,86";"39041575,04";"2424"
"431020725";"Floresta";"2224";"219";"537";"1,38";"4220,48";"50261935,94";"2224"
"431020727";"Itaí";"2424";"259";"672";"1,50";"4468,88";"84865517,54";"2424"
"431020730";"Mauá";"3000";"266";"685";"1,26";"7016,57";"156296986,31";"3000"
"431020737";"Santana";"2500";"492";"1348";"1,60";"3339,68";"7095658,22";"2500"
"431020740";"Santo Antônio";"1200";"106";"265";"1,17";"2817,96";"8377709,08";"1200"
"431020750";"Linha 6 Norte";"3000";"219";"591";"1,18";"7553,58";"141754194,28";"3000"
"431020755";"Esquina Heidmann";"2500";"173";"492";"1,56";"5621,52";"97558619,08";"2500"
"431030605";"Ilópolis";"2000";"1504";"4108";"1,59";"2972,45";"22828160,68";"2000"
"431033005";"Imbé";"2000";"10455";"26763";"1,85";"2899,44";"10083206,07";"2000"
"431036305";"Imigrante";"2424";"1182";"3067";"1,56";"3091,65";"11524163,75";"2424"
"431040505";"Independência";"2000";"2069";"5319";"1,59";"3197,44";"22989992,86";"2000"
"431040510";"Colônia Medeiros";"1200";"90";"222";"0,93";"2235,62";"6683704,44";"1200"
"431040515";"Esquina Araújo";"1200";"192";"539";"1,34";"2364,50";"9356717,39";"1200"
"431040520";"São Valentim";"3600";"133";"343";"1,75";"6860,84";"94425397,04";"3600"
"431041305";"Inhacorá";"1212";"782";"2014";"1,49";"2062,14";"3955808,45";"1212"
"431043905";"Ipê";"2100";"1615";"4040";"1,39";"2765,88";"7572915,22";"2100"
"431043920";"Vila São Paulo";"1800";"200";"481";"1,63";"2330,78";"6127085,12";"1800"
"431043925";"Vila Segredo";"2000";"322";"873";"1,39";"2424,67";"8321967,80";"2000"
"431046205";"Ipiranga do Sul";"2424";"675";"1717";"1,24";"4227,35";"52589269,13";"2424"
"431050405";"Iraí";"1212";"2695";"7002";"1,71";"2382,37";"12035682,80";"1212"
"431050430";"Vila Salete";"1212";"139";"334";"1,14";"2137,39";"7919175,28";"1212"
"431053805";"Itaara";"2100";"2111";"5530";"1,75";"3992,38";"39311117,10";"2100"
"431055305";"Itacurubi";"1300";"1170";"2990";"1,68";"2046,91";"5773282,66";"1300"
"431057905";"Itapuca";"2000";"725";"1937";"1,55";"2975,58";"18646633,50";"2000"
"431060305";"Itaqui";"1500";"11461";"31721";"2,08";"2594,26";"11704727,86";"1500"
"431060312";"Ibicuí";"2000";"481";"1351";"1,88";"3074,47";"19422108,36";"2000"
"431060330";"Itaó";"1800";"383";"986";"1,41";"2425,01";"17364366,60";"1800"
"431060340";"Pintado";"1600";"204";"542";"2,04";"2358,27";"25295912,11";"1600"
"431060345";"Tupuraí";"2500";"378";"962";"1,79";"3108,57";"29792788,47";"2500"
"431065205";"Itati";"1400";"1040";"2627";"1,62";"1966,16";"2828107,70";"1400"
"431070205";"Itatiba do Sul";"2300";"855";"2101";"1,46";"2626,10";"6603324,57";"2300"
"431070210";"Povoado Tozzo";"1800";"144";"355";"1,43";"2232,47";"2827244,88";"1800"
"431070215";"Saltinho";"1212";"102";"265";"1,39";"2704,69";"12239434,57";"1212"
"431070220";"Sete Lagoas";"1212";"184";"467";"1,40";"2041,77";"4894789,00";"1212"
"431075105";"Ivorá";"1600";"740";"1916";"1,67";"5534,94";"5507949301,41";"1600"
"431080105";"Ivoti";"2424";"8616";"22840";"1,40";"3688,27";"18127290,66";"2424"
"431085005";"Jaboticaba";"1212";"1170";"2926";"1,28";"2237,59";"22410281,39";"1212"
"431085020";"Trentin";"1212";"329";"843";"1,46";"2523,46";"23468890,24";"1212"
"431087605";"Jacuizinho";"1212";"778";"2027";"1,35";"2223,70";"22785614,14";"1212"
"431090005";"Jacutinga";"2200";"1169";"2948";"1,46";"2832,03";"6695147,45";"2200"
"431090012";"Barão Hirsch";"3550";"130";"359";"1,35";"5798,62";"36231703,25";"3550"
"431100705";"Jaguarão";"1500";"10836";"26443";"1,63";"2566,72";"11665146,80";"1500"
"431110605";"Jaguari";"1800";"3201";"7655";"1,35";"2767,16";"10661797,99";"1800"
"431110610";"Ijucapirama";"1500";"653";"1731";"1,33";"2963,56";"25550274,29";"1500"
"431110617";"Santo Izidro";"2000";"93";"218";"1,23";"2938,56";"6239639,34";"2000"
"431110620";"Taquarichim";"1900";"362";"871";"1,11";"2456,30";"9692624,39";"1900"
"431112205";"Jaquirana";"1300";"1156";"3119";"1,83";"1733,48";"2410641,29";"1300"
"431112210";"Chapada";"1212";"235";"567";"1,61";"1459,60";"692774,72";"1212"
"431113005";"Jari";"1212";"1332";"3348";"1,38";"2149,24";"6704483,90";"1212"
"431115505";"Jóia";"1600";"2777";"7158";"1,58";"3107,64";"36132166,89";"1600"
"431120505";"Júlio de Castilhos";"1500";"6468";"16794";"1,74";"2997,36";"188114271,10";"1500"
"431120525";"São João dos Mellos";"1212";"159";"393";"1,09";"1920,14";"4100465,79";"1212"
"431120530";"Três Mártires";"1212";"337";"895";"2,01";"2695,25";"37590308,27";"1212"
"431123905";"Lagoa Bonita do Sul";"1500";"866";"2248";"1,37";"2271,67";"5909956,08";"1500"
"431125405";"Lagoão";"1212";"2030";"5331";"1,34";"1898,67";"5867650,96";"1212"
"431127005";"Lagoa dos Três Cantos";"2500";"550";"1442";"1,35";"3493,88";"26686406,20";"2500"
"431127020";"Linha Glória";"3000";"104";"289";"1,49";"5696,78";"66892413,56";"3000"
"431130405";"Lagoa Vermelha";"2000";"9907";"25198";"1,62";"3003,66";"12925235,05";"2000"
"431130408";"Boqueirão";"2400";"163";"410";"1,04";"2809,03";"6481587,47";"2400"
"431130411";"Campinas";"1750";"158";"404";"1,28";"3651,07";"78983258,70";"1750"
"431130414";"Capão do Cedro";"2000";"70";"195";"1,77";"2519,45";"4509119,66";"2000"
"431130425";"Clemente Argolo";"2000";"141";"338";"1,17";"2985,13";"9498080,41";"2000"
"431130427";"Nossa Senhora de Fátima";"1500";"92";"235";"1,17";"3915,00";"52651690,43";"1500"
"431130430";"Santa Luzia";"1500";"170";"436";"1,31";"3212,19";"30617015,10";"1500"
"431130435";"Tupinambá";"2000";"70";"187";"1,33";"4504,75";"154428750,60";"2000"
"431140305";"Lajeado";"2424";"37971";"93021";"1,44";"3653,81";"21747241,34";"2424"
"431142905";"Lajeado do Bugre";"1212";"983";"2598";"1,61";"1734,01";"8938013,39";"1212"
"431150205";"Lavras do Sul";"1280";"2624";"6425";"1,78";"2386,99";"7597863,60";"1280"
"431150210";"Ibaré";"1500";"300";"655";"1,55";"3279,18";"58048427,61";"1500"
"431160105";"Liberato Salzano";"2000";"1461";"3734";"1,36";"3120,13";"22270474,88";"2000"
"431160110";"Pinhalzinho";"1212";"366";"1044";"2,26";"2590,99";"33777714,23";"1212"
"431162705";"Lindolfo Collor";"1800";"2310";"6233";"1,52";"2167,61";"2619112,19";"1800"
"431164305";"Linha Nova";"2000";"665";"1683";"1,42";"2545,91";"11965063,16";"2000"
"431170005";"Machadinho";"1400";"2108";"5238";"1,54";"2260,00";"10668591,35";"1400"
"431170010";"Bela Vista";"1200";"188";"489";"1,04";"2694,81";"20617591,21";"1200"
"431171805";"Maçambará";"1800";"873";"2387";"1,92";"8217,97";"29880525252,73";"1800"
"431171810";"Bororé";"2000";"335";"937";"1,72";"2776,12";"15829765,93";"2000"
"431171815";"Encruzilhada";"1900";"110";"292";"1,55";"2924,73";"21308888,70";"1900"
"431171820";"Passo do Goulart";"1200";"313";"808";"1,22";"1846,06";"3175316,35";"1200"
"431173405";"Mampituba";"1700";"576";"1388";"1,37";"2107,77";"1985921,22";"1700"
"431173410";"Rio de Dentro";"1300";"317";"862";"1,65";"1948,39";"2765770,80";"1300"
"431173415";"Roça da Estância";"1250";"336";"869";"1,51";"1743,87";"974380,38";"1250"
"431175905";"Manoel Viana";"1500";"2195";"5366";"1,43";"2416,89";"9983054,73";"1500"
"431175910";"Barragem do Itú";"1500";"257";"638";"1,41";"2734,42";"22975778,42";"1500"
"431175920";"Pirajú";"1212";"315";"787";"1,32";"2005,24";"36084351,07";"1212"
"431177505";"Maquiné";"1500";"1706";"4427";"1,63";"2326,17";"6970797,01";"1500"
"431177510";"Barra do Ouro";"1400";"623";"1395";"1,30";"2007,64";"3380479,44";"1400"
"431177515";"Morro Alto";"1500";"578";"1580";"1,81";"2152,64";"3772453,42";"1500"
"431179105";"Maratá";"2200";"523";"1293";"1,27";"3041,94";"12858240,68";"2200"
"431179115";"Esperança";"2212";"156";"404";"1,53";"2739,72";"5628667,74";"2212"
"431179120";"Macega";"2424";"157";"398";"1,44";"2568,87";"2889312,27";"2424"
"431179125";"São Pedro do Maratá";"2173";"137";"367";"1,54";"2691,16";"3924395,83";"2172.5"
"431180905";"Marau";"2400";"16570";"43103";"1,57";"3231,14";"15103360,92";"2400"
"431180909";"Laranjeira";"3636";"227";"613";"1,18";"5903,95";"57193196,26";"3636"
"431180917";"Veado Pardo";"3000";"256";"688";"1,57";"5423,79";"59368342,08";"3000"
"431180935";"São Miguel";"3000";"225";"583";"1,48";"4804,60";"23114951,02";"3000"
"431190805";"Marcelino Ramos";"2000";"1139";"2796";"1,50";"2911,00";"14030991,13";"2000"
"431190810";"Coronel Teixeira";"1600";"414";"1028";"1,31";"2976,25";"28168223,74";"1600"
"431190820";"Pinhalzinho";"2100";"179";"481";"1,35";"3223,08";"18685996,77";"2100"
"431198105";"Mariana Pimentel";"1300";"1639";"3907";"1,55";"2186,71";"7469151,99";"1300"
"431200505";"Mariano Moro";"2000";"757";"1858";"1,27";"3166,97";"35103129,46";"2000"
"431205405";"Marques de Souza";"2000";"1125";"2828";"1,56";"2637,23";"7861862,63";"2000"
"431205410";"Bela Vista do Fão";"2000";"171";"424";"1,35";"2130,83";"1380454,99";"2000"
"431205415";"Tamanduá";"2000";"278";"716";"1,62";"2301,12";"2790343,40";"2000"
"431210405";"Mata";"1300";"1693";"4041";"1,37";"2292,66";"7372462,30";"1300"
"431210410";"Clara";"1212";"266";"628";"1,51";"1730,25";"2883755,06";"1212"
"431213805";"Mato Castelhano";"2000";"861";"2264";"1,45";"2810,40";"9877112,48";"2000"
"431213810";"Capingui";"1800";"54";"152";"1,25";"2700,26";"9314840,46";"1800"
"431215305";"Mato Leitão";"2000";"901";"2297";"1,22";"2599,94";"9146889,60";"2000"
"431215315";"Arroio Bonito";"1212";"151";"404";"1,55";"1876,48";"1412763,22";"1212"
"431215340";"Sampaio";"1212";"126";"323";"1,06";"1740,89";"890927,41";"1212"
"431215345";"Santo Antônio";"1500";"705";"1819";"1,62";"1998,50";"2738791,47";"1500"
"431217905";"Mato Queimado";"1700";"697";"1788";"1,28";"2768,02";"17538822,16";"1700"
"431220305";"Maximiliano de Almeida";"1500";"1645";"4186";"1,47";"2597,64";"18980135,46";"1500"
"431225205";"Minas do Leão";"1800";"2808";"7496";"1,81";"2331,64";"5642832,60";"1800"
"431230205";"Miraguaí";"1600";"1029";"2758";"1,70";"2478,11";"13437334,43";"1600"
"431230210";"Sítio Gabriel";"1212";"95";"258";"1,46";"2305,23";"10648960,49";"1212"
"431230215";"Tronqueiras";"1300";"449";"1208";"1,60";"3233,86";"37099968,90";"1300"
"431235105";"Montauri";"2500";"535";"1493";"1,66";"3835,51";"19666908,38";"2500"
"431237705";"Monte Alegre dos Campos";"1700";"183";"487";"1,71";"2040,32";"1908844,41";"1700"
"431237710";"Capela da Luz";"1350";"137";"348";"1,59";"1751,66";"1412109,87";"1350"
"431237715";"Carmo";"1500";"97";"244";"1,42";"1967,00";"1390686,53";"1500"
"431237720";"Enxovia";"1212";"148";"389";"2,38";"1453,46";"486915,25";"1212"
"431237725";"Passo do Carro";"1800";"231";"657";"1,66";"2133,48";"2093398,52";"1800"
"431237730";"Ranchinho";"1500";"90";"244";"1,71";"2112,85";"3148542,72";"1500"
"431237735";"Santo Antonio";"1212";"63";"149";"1,33";"2687,24";"39036310,64";"1212"
"431237738";"São Francisco";"2195";"108";"296";"1,73";"2533,75";"4205567,49";"2195"
"431237740";"São José";"2500";"50";"132";"1,38";"2929,52";"4016960,58";"2500"
"431237745";"São Judas";"2000";"65";"184";"2,14";"2358,88";"2912130,78";"2000"
"431237750";"Saúde";"2500";"22";"50";"0,97";"2740,38";"2725036,65";"2500"
"431238505";"Monte Belo do Sul";"2400";"917";"2557";"1,61";"3203,43";"8098007,88";"2400"
"431240105";"Montenegro";"2200";"21716";"55616";"1,66";"3181,80";"20827970,74";"2200"
"431240113";"Costa da Serra";"1500";"719";"1818";"1,37";"2092,33";"2959090,81";"1500"
"431240118";"Fortaleza";"1300";"371";"934";"1,48";"2002,33";"12046061,65";"1300"
"431240127";"Pesqueiro";"2000";"208";"562";"1,93";"2212,30";"1728510,33";"2000"
"431240135";"Santos Reis";"2050";"552";"1434";"1,55";"2464,41";"2859169,82";"2050"
"431240140";"Vendinha";"1900";"768";"2008";"1,57";"2284,21";"2723504,02";"1900"
"431242705";"Mormaço";"1800";"1058";"2754";"1,51";"2372,54";"6690918,50";"1800"
"431244305";"Morrinhos do Sul";"2200";"546";"1314";"1,23";"2650,24";"4810020,60";"2200"
"431244310";"Costão";"2400";"180";"419";"1,13";"2839,51";"7144089,12";"2400"
"431244315";"Morro de Dentro";"1212";"114";"271";"1,12";"1951,58";"1162861,53";"1212"
"431244320";"Morro do Forno";"2200";"430";"1045";"1,31";"2464,41";"3376485,93";"2200"
"431245005";"Morro Redondo";"1600";"2505";"6023";"1,46";"2299,59";"4455957,98";"1600"
"431247605";"Morro Reuter";"2000";"2297";"6013";"1,30";"2494,09";"3979662,70";"2000"
"431250005";"Mostardas";"1500";"3039";"8051";"2,07";"2218,56";"8437758,15";"1500"
"431250010";"Doutor Edgardo Pereira Velho";"1212";"919";"2337";"1,96";"1843,86";"2106684,01";"1212"
"431250013";"Rincão do Cristóvão Pereira";"1212";"98";"251";"1,67";"1551,48";"1395986,81";"1212"
"431250015";"São Simão";"1212";"532";"1425";"1,81";"2716,08";"35260789,55";"1212"
"431260905";"Muçum";"2400";"1785";"4566";"1,61";"3050,48";"9096118,76";"2400"
"431261705";"Muitos Capões";"1600";"594";"1569";"2,02";"7540,11";"15486752765,50";"1600"
"431261710";"Bom Retiro";"2095";"86";"202";"1,31";"2713,15";"7972591,33";"2095"
"431261715";"Capão Grande";"1930";"111";"299";"1,61";"2548,97";"6810671,77";"1930"
"431261720";"Encruzilhada São Sebastião";"2000";"21";"51";"1,66";"2211,81";"1202242,36";"2000"
"431261725";"Fazenda Laranjeiras";"1800";"104";"260";"1,40";"2356,15";"6629858,46";"1800"
"431261735";"Morro Grande";"2000";"42";"115";"1,61";"2911,90";"7485479,60";"2000"
"431261745";"Santa Rita";"1700";"25";"59";"0,82";"6891,76";"200512400,77";"1700"
"431261750";"Várzea dos Antunes";"2000";"65";"194";"2,14";"4064,45";"22059536,00";"2000"
"431261755";"Vila Ituim";"1212";"45";"122";"1,94";"2357,51";"6517802,39";"1212"
"431262505";"Muliterno";"1925";"602";"1706";"1,76";"3862,31";"58112739,68";"1925"
"431265805";"Não-Me-Toque";"2500";"6781";"17305";"1,44";"3558,58";"14844320,84";"2500"
"431265815";"São José do Centro";"2500";"193";"492";"1,43";"6496,08";"182843092,65";"2500"
"431267405";"Nicolau Vergueiro";"2424";"769";"1924";"1,44";"4329,07";"45737707,52";"2424"
"431270805";"Nonoai";"1700";"5131";"13660";"1,84";"2686,22";"16753239,86";"1700"
"431275705";"Nova Alvorada";"2350";"990";"2652";"1,39";"3772,16";"69411914,92";"2350"
"431275715";"General Cadorna";"2650";"180";"505";"1,79";"6797,97";"102811816,34";"2650"
"431280705";"Nova Araçá";"2424";"1811";"4954";"1,96";"3438,61";"19097607,20";"2424"
"431290605";"Nova Bassano";"2500";"3291";"9606";"1,91";"3689,45";"19078112,89";"2500"
"431295505";"Nova Boa Vista";"2400";"796";"2042";"1,25";"3489,51";"26029583,89";"2400"
"431300305";"Nova Bréscia";"2500";"1213";"3044";"1,37";"3699,89";"16194903,79";"2500"
"431301105";"Nova Candelária";"2424";"1182";"3061";"1,24";"3996,96";"34324296,24";"2424"
"431303705";"Nova Esperança do Sul";"1500";"1906";"4863";"1,40";"2272,61";"5088268,36";"1500"
"431306005";"Nova Hartz";"1600";"7570";"20036";"1,54";"2145,86";"3728324,20";"1600"
"431308605";"Nova Pádua";"2424";"810";"2343";"1,53";"3312,89";"11230126,76";"2424"
"431310205";"Nova Palma";"2000";"1757";"4765";"1,60";"3126,21";"21607851,20";"2000"
"431310210";"Canhemborá";"1200";"144";"381";"1,96";"1741,83";"1254295,69";"1200"
"431310215";"Vila Cruz";"2000";"140";"438";"2,82";"3797,66";"54607248,62";"2000"
"431320105";"Nova Petrópolis";"2500";"6314";"16112";"1,53";"3711,97";"17306033,06";"2500"
"431320107";"Dos Boêmios";"2400";"1668";"4248";"1,55";"3035,30";"9397991,41";"2400"
"431320115";"Pinhal Alto";"2000";"690";"1778";"1,47";"2462,32";"5272153,06";"2000"
"431320120";"Vale do Rio Caí";"2400";"369";"971";"1,62";"2758,43";"3976514,34";"2400"
"431330005";"Nova Prata";"2500";"9881";"25552";"1,54";"3303,40";"13965724,67";"2500"
"431333405";"Nova Ramada";"2424";"864";"2163";"1,26";"4940,60";"87182338,07";"2424"
"431335905";"Nova Roma do Sul";"2500";"1246";"3456";"1,68";"3153,52";"8459195,08";"2500"
"431337505";"Nova Santa Rita";"2000";"10268";"28978";"1,92";"2630,78";"7434366,30";"2000"
"431339105";"Novo Cabrais";"2000";"1458";"3560";"1,25";"2503,18";"9857321,43";"2000"
"431340905";"Novo Hamburgo";"2000";"89846";"226451";"1,59";"3408,47";"32181444,69";"2000"
"431342505";"Novo Machado";"1500";"723";"1796";"1,17";"2549,04";"21402773,44";"1500"
"431342515";"Pratos";"1212";"581";"1383";"1,36";"1901,81";"2775807,32";"1212"
"431344105";"Novo Tiradentes";"1212";"819";"2146";"1,49";"2801,70";"31290579,21";"1212"
"431346605";"Novo Xingu";"2000";"622";"1646";"1,47";"3629,31";"36337945,86";"2000"
"431349005";"Novo Barreiro";"1500";"1647";"4272";"1,52";"2140,30";"7591390,08";"1500"
"431350805";"Osório";"2000";"14914";"38462";"1,71";"3337,75";"18017750,63";"2000"
"431350811";"Aguapés";"2000";"460";"1235";"1,66";"2393,98";"2528432,74";"2000"
"431350827";"Atlântida-Sul";"2100";"1204";"3215";"2,01";"3525,02";"15299512,44";"2100"
"431350828";"Borussia";"2000";"552";"1396";"1,27";"2995,50";"16960496,04";"2000"
"431350835";"Passinhos";"1800";"293";"736";"1,26";"2586,32";"10070703,55";"1800"
"431350845";"Santa Luzia";"2500";"334";"881";"1,79";"4050,40";"19292684,82";"2500"
"431360705";"Paim Filho";"1900";"1414";"3629";"1,34";"3100,56";"30555214,02";"1900"
"431365605";"Palmares do Sul";"2000";"1568";"4054";"1,55";"2692,78";"10654789,26";"2000"
"431365615";"Bacupari";"1212";"300";"780";"1,85";"2210,61";"34645110,65";"1212"
"431365616";"Butiatuva";"1500";"116";"277";"1,77";"1792,94";"1019804,22";"1500"
"431365617";"Casa Velha";"1500";"47";"121";"1,60";"2119,04";"8157484,22";"1500"
"431365620";"Granja Getúlio Vargas";"1250";"605";"1545";"1,68";"1699,66";"968068,64";"1250"
"431365625";"Frei Sebastião";"1212";"236";"610";"1,71";"2097,26";"10374280,53";"1212"
"431365630";"Quintão";"1500";"2294";"5410";"1,91";"2145,78";"3686032,29";"1500"
"431370605";"Palmeira das Missões";"2000";"11958";"30825";"1,57";"2946,40";"12317129,02";"2000"
"431370617";"Quebrado";"1212";"113";"279";"1,38";"2320,63";"9739382,51";"1212"
"431370642";"Santa Rosa";"1200";"213";"536";"1,29";"2074,20";"5727451,56";"1200"
"431370645";"Santa Teresinha";"1200";"275";"657";"1,31";"1608,28";"2406791,29";"1200"
"431370652";"São Bento";"2500";"214";"609";"1,39";"2688,69";"1991656,23";"2500"
"431380505";"Palmitinho";"1800";"3005";"7817";"1,42";"2689,48";"13027394,01";"1800"
"431390405";"Panambi";"2500";"16485";"43407";"1,47";"3524,96";"16688643,53";"2500"
"431395305";"Pantano Grande";"1800";"3127";"8197";"1,92";"2506,64";"9879732,35";"1800"
"431395310";"Aroeiras";"1900";"179";"416";"1,57";"2437,08";"6757814,10";"1900"
"431395320";"Monte Castelo";"1212";"368";"878";"1,75";"1926,83";"2374478,55";"1212"
"431395330";"Várzea";"1212";"297";"694";"1,78";"1816,17";"2940179,63";"1212"
"431400105";"Paraí";"2500";"2654";"7194";"1,45";"3768,11";"36378126,75";"2500"
"431402705";"Paraíso do Sul";"1212";"2617";"6468";"1,51";"1879,48";"2903375,46";"1212"
"431403505";"Pareci Novo";"2000";"1680";"4297";"1,50";"2706,36";"6517040,06";"2000"
"431405005";"Parobé";"1700";"18958";"49376";"1,53";"2274,84";"4332170,57";"1700"
"431405012";"Poço Fundo";"1500";"273";"669";"1,37";"2059,15";"3073994,52";"1500"
"431405015";"Santa Cristina";"1214";"651";"1801";"1,99";"1762,54";"1805633,84";"1214"
"431406805";"Passa Sete";"1212";"548";"1381";"1,23";"2144,40";"4952790,62";"1212"
"431406810";"Campo de Sobradinho";"1212";"380";"1008";"1,22";"1958,01";"9625384,27";"1212"
"431406820";"Murta";"1212";"342";"920";"1,46";"1937,07";"5176632,70";"1212"
"431406830";"Pitingal";"1200";"250";"636";"1,19";"1623,47";"2277210,38";"1200"
"431407605";"Passo do Sobrado";"1300";"2381";"5993";"1,37";"2223,70";"11150910,25";"1300"
"431410005";"Passo Fundo";"2500";"80178";"200594";"1,72";"3830,56";"34807011,93";"2500"
"431410010";"Bela Vista";"2500";"221";"578";"1,45";"5102,20";"124303473,96";"2500"
"431410017";"Bom Recreio";"3000";"387";"1051";"1,88";"3194,75";"1484710,04";"3000"
"431410035";"Pulador";"2000";"149";"363";"1,50";"3999,05";"37447649,11";"2000"
"431410040";"São Roque";"3000";"476";"1365";"2,20";"4310,74";"33059715,19";"3000"
"431410045";"Sede Independência";"2000";"160";"392";"1,44";"2947,15";"7425493,62";"2000"
"431410050";"Santo Antônio do Capinzal";"1212";"158";"433";"1,87";"1627,38";"456941,64";"1212"
"431413405";"Paulo Bento";"2424";"793";"2144";"1,50";"4732,31";"69402087,06";"2424"
"431415905";"Paverama";"1500";"2646";"6602";"1,55";"2157,06";"7472477,84";"1500"
"431415915";"Fazenda São José";"1300";"476";"1260";"1,71";"1665,58";"919596,75";"1300"
"431415920";"Bom Jardim";"1212";"27";"61";"0,97";"2117,26";"2954992,35";"1212"
"431417505";"Pedras Altas";"1400";"454";"966";"1,28";"2322,70";"17919698,09";"1400"
"431417510";"Arroio Mau";"1775";"187";"512";"1,59";"2353,16";"5904512,28";"1775"
"431417515";"Cerro do Baú";"2000";"11";"31";"3,36";"10497,27";"593770881,82";"2000"
"431417525";"São Diogo";"1450";"210";"543";"1,42";"2101,58";"5727744,71";"1450"
"431420905";"Pedro Osório";"1250";"2880";"6920";"1,69";"2062,75";"4907426,57";"1250"
"431420920";"Matarazzo";"1500";"204";"529";"2,22";"3148,56";"59877645,79";"1500"
"431430805";"Pejuçara";"2000";"1373";"3735";"1,49";"2648,75";"8068576,51";"2000"
"431440705";"Pelotas";"2000";"123591";"303610";"1,67";"3317,85";"155073449,85";"2000"
"431440720";"Cascata";"1500";"1110";"2765";"1,43";"2480,58";"7742391,35";"1500"
"431440725";"Cerrito Alegre";"2001";"981";"2690";"1,70";"3589,42";"43900046,03";"2001"
"431440727";"Z/3";"1212";"1220";"3372";"1,91";"2010,24";"7399274,64";"1212"
"431440735";"Monte Bonito";"1300";"1115";"2871";"1,61";"2297,48";"10938994,28";"1300"
"431440742";"Rincão da Cruz";"1500";"631";"1891";"2,00";"2488,52";"5284923,17";"1500"
"431440745";"Quilombo";"1212";"854";"2224";"1,65";"2243,19";"18465083,17";"1212"
"431440750";"Santa Silvana";"2111";"655";"2078";"2,50";"3171,37";"25236215,31";"2110.5"
"431440760";"Triunfo";"1347";"549";"2085";"3,01";"3330,42";"23761121,59";"1347"
"431442305";"Picada Café";"2000";"2031";"5351";"1,37";"2708,93";"6479731,88";"2000"
"431445605";"Pinhal";"1700";"1089";"2958";"1,37";"2652,31";"16106726,95";"1700"
"431446405";"Pinhal da Serra";"1500";"885";"2244";"1,43";"2230,46";"4145726,54";"1500"
"431447205";"Pinhal Grande";"1500";"1353";"3472";"1,55";"2998,84";"34488060,16";"1500"
"431447220";"Rincão do Appel";"2424";"121";"331";"1,75";"6282,29";"129069022,63";"2424"
"431449805";"Pinheirinho do Vale";"1500";"1696";"4535";"1,58";"2627,99";"27164279,82";"1500"
"431450605";"Pinheiro Machado";"1212";"4306";"9906";"1,48";"2061,04";"4754639,63";"1212"
"431450610";"Candiota";"1419";"258";"588";"1,30";"2087,72";"3113809,51";"1419"
"431450620";"Torrinhas";"1212";"318";"700";"1,57";"1890,24";"3945863,40";"1212"
"431454805";"Pinto Bandeira";"3000";"919";"2693";"1,91";"3773,60";"10148377,18";"3000"
"431455505";"Pirapó";"1500";"795";"1933";"1,19";"2345,66";"7295888,08";"1500"
"431455510";"Figueira";"1212";"122";"314";"1,59";"1544,57";"1156150,55";"1212"
"431460505";"Piratini";"1212";"5568";"12811";"1,37";"2044,29";"5180321,31";"1212"
"431460510";"Segundo Distrito";"1212";"644";"1553";"1,53";"1586,41";"3239494,98";"1212"
"431460515";"Terceiro Distrito";"1212";"520";"1236";"1,84";"2124,26";"10532278,28";"1212"
"431460520";"Quarto Distrito";"1250";"237";"573";"1,30";"1910,79";"4781817,00";"1250"
"431460525";"Quinto Distrito";"1212";"540";"1292";"1,58";"1746,07";"2866914,80";"1212"
"431470405";"Planalto";"1212";"3232";"8257";"1,56";"2277,97";"16000707,59";"1212"
"431470412";"São Luiz";"1200";"270";"714";"1,48";"1377,20";"1484608,02";"1200"
"431470415";"Santa Cruz";"1212";"406";"1060";"1,42";"1635,77";"3781251,30";"1212"
"431470420";"São José";"1212";"140";"364";"1,35";"1314,35";"499229,85";"1212"
"431475305";"Poço das Antas";"2000";"842";"2171";"1,42";"2712,20";"11811226,78";"2000"
"431477905";"Pontão";"2100";"1175";"3070";"1,47";"2908,32";"14599067,27";"2100"
"431477910";"Sagrisa";"2500";"84";"226";"1,47";"3107,05";"4739051,49";"2500"
"431478705";"Ponte Preta";"2150";"471";"1253";"1,52";"3531,16";"59002928,42";"2150"
"431478730";"Souto Neto";"3100";"114";"322";"1,35";"5973,12";"118759926,28";"3100"
"431480305";"Portão";"2000";"12935";"33846";"1,59";"2582,35";"6453006,56";"2000"
"431490205";"Porto Alegre";"3000";"558228";"1322515";"1,68";"5383,55";"304104439,94";"3000"
"431500805";"Porto Lucena";"1500";"1824";"4349";"1,45";"2594,00";"12122222,11";"1500"
"431505705";"Porto Mauá";"1400";"843";"2138";"1,54";"2236,36";"5315861,89";"1400"
"431507305";"Porto Vera Cruz";"1300";"665";"1560";"1,25";"2377,86";"8408550,71";"1300"
"431510705";"Porto Xavier";"1400";"3825";"9688";"1,55";"2419,31";"11057428,56";"1400"
"431510720";"Rincão Comprido";"1212";"102";"234";"1,18";"1913,79";"2683330,17";"1212"
"431513105";"Pouso Novo";"1600";"664";"1738";"1,51";"2535,70";"17115208,69";"1600"
"431514905";"Presidente Lucena";"1900";"1112";"3077";"1,45";"2352,54";"11757250,10";"1900"
"431515605";"Progresso";"1500";"1117";"2788";"1,43";"2219,12";"5079198,62";"1500"
"431515607";"Batovira";"1212";"148";"362";"1,28";"1875,64";"2439213,76";"1212"
"431515610";"Campo Branco";"1212";"501";"1282";"1,22";"2031,94";"4114872,91";"1212"
"431515612";"Constantino";"1212";"183";"467";"1,18";"1726,91";"2443971,86";"1212"
"431515620";"Xaxim";"1700";"156";"426";"1,28";"2922,44";"13362961,52";"1700"
"431517205";"Protásio Alves";"2424";"752";"2025";"1,44";"3990,79";"55409111,47";"2424"
"431520605";"Putinga";"1900";"1241";"3315";"1,59";"2584,14";"7906048,41";"1900"
"431520615";"Xarqueada";"1700";"124";"430";"2,07";"4531,09";"62563378,55";"1700"
"431530505";"Quaraí";"1300";"8678";"23356";"2,11";"2342,31";"14498410,89";"1300"
"431531305";"Quatro Irmãos";"1800";"577";"1552";"1,51";"3505,03";"44676041,24";"1800"
"431532105";"Quevedos";"1212";"1033";"2501";"1,32";"2178,33";"7353031,89";"1212"
"431535405";"Quinze de Novembro";"2400";"1165";"2990";"1,36";"4343,85";"68542100,98";"2400"
"431535420";"Santa Clara do Ingaí";"2424";"143";"378";"1,32";"6123,27";"147501247,69";"2424"
"431535425";"Sede Aurora";"2400";"195";"492";"1,46";"4805,09";"61883074,85";"2400"
"431540405";"Redentora";"1250";"1472";"3992";"1,98";"1998,33";"3274954,80";"1250"
"431540410";"São João";"1211";"1179";"4288";"3,74";"1243,04";"1176554,80";"1211"
"431540430";"Sítio Cassemiro";"1212";"448";"1436";"2,63";"1169,99";"556159,66";"1212"
"431545305";"Relvado";"2000";"695";"1783";"1,42";"2267,02";"2864754,42";"2000"
"431550305";"Restinga Sêca";"1500";"5902";"14882";"1,60";"2363,04";"8128852,23";"1500"
"431555205";"Rio dos Índios";"1600";"692";"1815";"1,41";"2941,22";"30004631,01";"1600"
"431555210";"Posse dos Linhares";"1240";"114";"296";"1,48";"2462,17";"8456185,92";"1240"
"431555215";"Encruzilhada Bela Vista";"1240";"281";"709";"1,29";"1587,91";"1581401,38";"1240"
"431560205";"Rio Grande";"2000";"67458";"172406";"1,78";"3227,24";"200424662,81";"2000"
"431560215";"Povo Novo";"1212";"2166";"5310";"1,59";"2174,88";"33713325,32";"1212"
"431560220";"Quinta";"1500";"3922";"10285";"1,79";"2084,09";"3507338,30";"1500"
"431560225";"Taim";"1800";"524";"1447";"1,89";"2421,24";"13544415,90";"1800"
"431560230";"Ilha dos Marinheiros";"1425";"486";"1166";"1,31";"2024,21";"2960294,00";"1425"
"431570105";"Rio Pardo";"1500";"9151";"23503";"1,76";"2355,12";"6058261,60";"1500"
"431570110";"Albardão";"1212";"970";"2339";"1,30";"1655,49";"4583134,12";"1212"
"431570115";"Bexiga";"1300";"396";"946";"1,34";"1709,16";"2964863,83";"1300"
"431570122";"Iruí";"1500";"71";"185";"1,67";"2052,03";"4996121,58";"1500"
"431570123";"João Rodrigues";"1500";"438";"1068";"1,48";"2581,44";"11887333,62";"1500"
"431570124";"Passo da Areia";"1212";"1448";"3766";"1,66";"1576,27";"3295082,70";"1212"
"431570127";"Passo do Adão";"1212";"243";"554";"1,47";"2098,54";"6954823,48";"1212"
"431570130";"Rincão del Rei";"1212";"839";"2042";"1,41";"1952,78";"3292281,72";"1212"
"431575005";"Riozinho";"1500";"1725";"4420";"1,54";"1969,65";"2400807,25";"1500"
"431580005";"Roca Sales";"1800";"3901";"9998";"1,49";"2519,97";"5354343,34";"1800"
"431580010";"Campinho";"3000";"148";"353";"1,53";"3812,07";"8080454,38";"3000"
"431590905";"Rodeio Bonito";"2000";"2178";"5544";"1,35";"3051,31";"23816333,16";"2000"
"431590910";"Saltinho";"1212";"404";"1103";"1,53";"1586,37";"2603576,57";"1212"
"431595805";"Rolador";"1500";"373";"968";"1,45";"2165,75";"3721193,25";"1500"
"431595810";"Igrejinha";"1212";"151";"397";"1,67";"1825,61";"1332726,08";"1212"
"431595825";"Passo do Faxinal";"1212";"56";"133";"1,51";"2272,07";"11973198,03";"1212"
"431595830";"Passo do Quaresma";"1212";"157";"378";"1,33";"1665,49";"1515362,73";"1212"
"431595840";"Serrinha do Rosário";"1500";"176";"412";"1,20";"2714,07";"27234223,05";"1500"
"431600605";"Rolante";"1700";"6414";"16520";"1,47";"2510,92";"16860748,09";"1700"
"431600610";"Boa Esperança";"1212";"134";"323";"0,85";"1637,04";"1066138,69";"1212"
"431600617";"Rolantinho";"1400";"1685";"4376";"1,56";"1898,61";"3195480,26";"1400"
"431610505";"Ronda Alta";"2100";"3329";"8798";"1,57";"3711,64";"50201898,05";"2100"
"431610510";"Alto Recreio";"1200";"219";"905";"4,22";"1188,09";"449383,23";"1200"
"431620405";"Rondinha";"2442";"1755";"4980";"1,59";"4941,94";"69111702,07";"2442"
"431630305";"Roque Gonzales";"1500";"1888";"4792";"1,54";"2559,12";"13671964,09";"1500"
"431630310";"Dona Otília";"2414";"318";"854";"1,38";"3572,93";"19128665,96";"2414"
"431630315";"Rincão Vermelho";"1212";"379";"916";"1,30";"1938,89";"4531693,80";"1212"
"431640205";"Rosário do Sul";"1400";"12879";"34136";"1,81";"2508,31";"90136807,87";"1400"
"431640210";"Campo Sêco";"1800";"214";"529";"2,25";"3450,71";"60696396,43";"1800"
"431640215";"Caverá";"1500";"256";"581";"1,23";"2185,69";"4197307,07";"1500"
"431640220";"Mangueiras";"1500";"195";"548";"2,30";"2559,04";"18464908,98";"1500"
"431640225";"São Carlos";"1212";"120";"285";"1,26";"2050,43";"4035783,47";"1212"
"431640230";"Touro Passo";"1700";"139";"335";"1,52";"3144,19";"19189454,17";"1700"
"431642805";"Sagrada Família";"1400";"792";"2022";"1,39";"2143,24";"9334860,45";"1400"
"431642815";"Leonel Rocha";"1212";"181";"458";"1,18";"1874,01";"4540259,55";"1212"
"431643605";"Saldanha Marinho";"2000";"963";"2388";"1,28";"2615,08";"5270420,29";"2000"
"431643610";"Campinas";"3550";"72";"177";"0,90";"7034,14";"147867592,15";"3550"
"431645105";"Salto do Jacuí";"1600";"3546";"8832";"1,53";"2585,06";"11613729,19";"1600"
"431645107";"Capão Bonito";"2000";"200";"541";"1,25";"2775,76";"21772109,78";"2000"
"431645115";"Tabajara";"1212";"71";"199";"1,65";"1582,61";"690187,21";"1212"
"431645121";"Júlio Borges";"1212";"97";"292";"2,32";"1329,45";"3982764,00";"1212"
"431645123";"Passo Real";"1212";"45";"106";"1,05";"1848,18";"4442635,60";"1212"
"431645124";"Rincão do Ivaí";"1800";"55";"146";"0,82";"2651,37";"9628088,43";"1800"
"431647705";"Salvador das Missões";"2000";"593";"1525";"1,26";"2584,60";"19759868,21";"2000"
"431647720";"Santa Catarina";"2400";"525";"1346";"1,14";"3256,80";"15415136,56";"2400"
"431650105";"Salvador do Sul";"2400";"2103";"5298";"1,38";"2919,43";"7000917,79";"2400"
"431650109";"Campestre";"2000";"309";"869";"1,67";"2368,12";"5868277,52";"2000"
"431650120";"Linha Comprida";"2000";"152";"417";"1,48";"2616,54";"9835633,79";"2000"
"431650125";"Linha São João";"2000";"105";"276";"1,45";"2261,13";"2423708,11";"2000"
"431660005";"Sananduva";"2224";"6483";"16059";"1,33";"3319,88";"20817037,14";"2224"
"431660010";"Rio Tigre";"2424";"130";"323";"1,45";"3144,56";"6847426,05";"2424"
"431670905";"Santa Bárbara do Sul";"2000";"2902";"7297";"1,37";"3156,92";"26140809,60";"2000"
"431670918";"Capão Alto";"2000";"131";"340";"1,58";"2524,92";"4366532,09";"2000"
"431670925";"Itaíba";"2400";"167";"460";"1,60";"3333,33";"12247616,86";"2400"
"431673305";"Santa Cecília do Sul";"2400";"617";"1674";"1,54";"3833,16";"40938733,57";"2400"
"431675805";"Santa Clara do Sul";"2400";"2580";"6830";"1,34";"2723,03";"6290164,21";"2400"
"431680805";"Santa Cruz do Sul";"2300";"49424";"121298";"1,47";"3739,51";"338094869,53";"2300"
"431680807";"Alto Paredão";"1212";"486";"1203";"1,15";"1348,21";"519644,46";"1212"
"431680810";"Boa Vista";"1500";"795";"2146";"1,55";"2005,64";"2202714,77";"1500"
"431680830";"Monte Alverne";"1500";"1058";"2655";"1,31";"2061,19";"3941603,68";"1500"
"431680835";"Rio Pardinho";"1500";"982";"2525";"1,33";"2266,40";"5733496,99";"1500"
"431680838";"Saraiva";"1212";"372";"974";"1,43";"1480,22";"725012,70";"1212"
"431680841";"São José da Reserva";"2000";"307";"773";"1,26";"2505,23";"3577542,72";"2000"
"431680842";"São Martinho";"1212";"225";"640";"1,59";"1516,12";"561815,50";"1212"
"431690705";"Santa Maria";"2500";"100406";"253191";"1,79";"4275,96";"1222163251,66";"2500"
"431690710";"Arroio do Só";"1500";"342";"804";"1,51";"2503,17";"10002351,03";"1500"
"431690712";"Arroio Grande";"2000";"1107";"3086";"2,07";"2745,89";"7094855,38";"2000"
"431690715";"Boca do Monte";"2000";"1204";"2968";"1,59";"3103,02";"22025579,29";"2000"
"431690720";"Pains";"1900";"1770";"4967";"1,89";"2541,90";"7111900,05";"1900"
"431690723";"Palma";"2000";"300";"797";"1,69";"2963,86";"9265004,38";"2000"
"431690733";"Passo do Verde";"2000";"214";"503";"1,49";"2922,36";"7191153,40";"2000"
"431690735";"Santa Flora";"1500";"370";"919";"1,33";"2748,43";"18035704,24";"1500"
"431690738";"Santo Antão";"1500";"305";"807";"1,66";"2209,37";"4533086,38";"1500"
"431690750";"São Valentim";"1500";"277";"657";"1,38";"2404,18";"7177435,88";"1500"
"431695605";"Santa Maria do Herval";"1800";"2411";"6332";"1,33";"2265,74";"7066554,44";"1800"
"431697205";"Santa Margarida do Sul";"1500";"601";"1510";"1,66";"2433,52";"12416249,46";"1500"
"431697210";"Bolso";"1500";"171";"437";"1,52";"2341,86";"6425915,36";"1500"
"431697215";"Cambaizinho";"1356";"51";"116";"1,36";"2267,79";"5928882,25";"1356"
"431697220";"Canas";"1700";"143";"366";"1,90";"2797,28";"23535059,28";"1700"
"431697230";"Serrinha";"1800";"71";"167";"1,43";"2186,21";"3564022,14";"1800"
"431700405";"Santana da Boa Vista";"1212";"3043";"7017";"1,37";"1849,44";"4257591,74";"1212"
"431710305";"Sant'Ana do Livramento";"1500";"30192";"79667";"2,04";"2755,12";"19743497,84";"1500"
"431710306";"Cati";"1600";"53";"104";"1,08";"2691,58";"8363035,44";"1600"
"431710307";"Espinilho";"1500";"152";"392";"2,93";"2613,68";"36620736,43";"1500"
"431710308";"Ibicuí";"1400";"523";"1518";"2,64";"2225,45";"7549871,95";"1400"
"431710310";"Pampeiro";"1240";"446";"1190";"2,47";"2007,99";"4042793,94";"1240"
"431710320";"São Diogo";"1500";"99";"223";"1,70";"1897,85";"1474135,90";"1500"
"431710325";"Upamaroti";"1240";"292";"846";"2,83";"2077,42";"7796668,61";"1240"
"431720205";"Santa Rosa";"2400";"29158";"74167";"1,45";"3388,18";"16754548,61";"2400"
"431720210";"Sete de Setembro";"2100";"847";"2291";"1,41";"5200,43";"85736608,63";"2100"
"431725105";"Santa Tereza";"2424";"592";"1503";"1,48";"3025,05";"8931712,62";"2424"
"431730105";"Santa Vitória do Palmar";"1500";"9814";"24229";"1,66";"2431,69";"9611809,46";"1500"
"431730107";"Árvore Só";"1800";"515";"1299";"1,69";"2391,74";"4842913,03";"1800"
"431730109";"Atlântico";"2000";"1170";"2597";"1,64";"2664,05";"9601446,50";"2000"
"431730115";"Curral Alto";"1600";"516";"1359";"1,74";"2103,90";"3863259,58";"1600"
"431730120";"Mirim";"2000";"361";"951";"1,97";"2770,20";"14698586,20";"2000"
"431730130";"Taim";"1315";"134";"327";"1,63";"2743,27";"51719769,89";"1315"
"431740005";"Santiago";"2000";"18678";"46366";"1,52";"3391,49";"19105612,73";"2000"
"431740015";"Ernesto Alves";"2400";"355";"848";"1,21";"2844,22";"6227744,15";"2400"
"431740020";"Florida";"1275";"408";"987";"1,23";"2175,95";"4173241,97";"1275"
"431740030";"Tupantuba";"1212";"203";"466";"1,42";"2525,25";"51074968,44";"1212"
"431750905";"Santo Ângelo";"2000";"27835";"71538";"1,65";"3371,77";"18697994,72";"2000"
"431750907";"Atafona";"1928";"243";"608";"1,52";"2983,91";"35195626,43";"1927.5"
"431750910";"Buriti";"1800";"267";"663";"1,48";"3276,89";"60521439,04";"1800"
"431750920";"Colônia Municipal";"2000";"160";"403";"1,33";"3011,32";"15791571,67";"2000"
"431750925";"Comandaí";"2000";"145";"359";"1,21";"2795,16";"6924212,48";"2000"
"431750933";"Cristo Rei";"1200";"116";"281";"1,38";"2192,62";"6016944,52";"1200"
"431750941";"Lajeado Cerne";"2000";"94";"240";"1,48";"3054,46";"12305663,38";"2000"
"431750942";"Restinga Seca";"1500";"163";"366";"0,96";"3043,90";"23929130,84";"1500"
"431750943";"Rincão dos Mendes";"1800";"188";"488";"1,68";"2802,00";"11741260,79";"1800"
"431750946";"Rincão dos Meotti";"1200";"72";"170";"0,83";"2071,11";"4216018,47";"1200"
"431750947";"Rincão dos Roratos";"1550";"103";"263";"1,25";"3714,86";"72203843,84";"1550"
"431750948";"Ressaca Buriti";"1350";"71";"205";"3,47";"2495,75";"14903859,65";"1350"
"431750955";"Sossego";"2000";"47";"130";"1,70";"2637,96";"4436445,13";"2000"
"431750960";"União";"1500";"133";"336";"1,19";"2990,84";"27987873,98";"1500"
"431750970";"Lajeado Micuim";"2000";"52";"132";"1,23";"2869,96";"7196942,82";"2000"
"431755805";"Santo Antônio do Palma";"2424";"556";"1571";"1,75";"4080,54";"55264265,43";"2424"
"431755820";"Montes Carpatos";"2424";"52";"149";"2,04";"5187,58";"64272060,60";"2424"
"431755825";"Santa Terezinha";"2424";"76";"193";"1,59";"3524,13";"29821986,05";"2424"
"431755830";"São José";"2000";"64";"178";"1,76";"3369,17";"42355447,23";"2000"
"431760805";"Santo Antônio da Patrulha";"1800";"12785";"32093";"1,54";"2543,44";"8132350,08";"1800"
"431760811";"Catanduva Grande";"1212";"467";"1132";"1,46";"1673,49";"1041809,88";"1212"
"431760812";"Chicolomã";"1215";"428";"982";"1,40";"1781,39";"1263784,39";"1215"
"431760816";"Evaristo";"1300";"1051";"2563";"1,51";"1825,40";"2449224,64";"1300"
"431760820";"Miraguaia";"1650";"1849";"4705";"1,51";"2063,09";"2003888,56";"1650"
"431760830";"Pinheirinhos";"1215";"488";"1143";"1,70";"1690,45";"1164098,86";"1215"
"431770705";"Santo Antônio das Missões";"1500";"3470";"8732";"1,69";"2336,48";"11587451,02";"1500"
"431770710";"São José";"1500";"616";"1506";"1,33";"2141,64";"10084220,48";"1500"
"431775605";"Santo Antônio do Planalto";"2000";"791";"2023";"1,39";"2902,49";"13589791,83";"2000"
"431775620";"Rincão Doce";"1212";"21";"56";"1,43";"2060,71";"1597358,47";"1212"
"431780605";"Santo Augusto";"1800";"4748";"11996";"1,46";"2818,84";"11435021,11";"1800"
"431780609";"Nossa Senhora de Fátima";"1800";"124";"319";"1,27";"3561,07";"39774902,50";"1800"
"431780610";"Pedro Paiva";"1500";"269";"734";"1,73";"2808,09";"17361629,85";"1500"
"431780613";"Rincão dos Paivas";"2500";"94";"248";"1,37";"4269,66";"16202548,79";"2500"
"431780615";"Santo Antônio";"2424";"236";"600";"1,10";"3296,19";"13065722,25";"2424"
"431790505";"Santo Cristo";"2400";"4822";"12453";"1,36";"3763,83";"41196813,50";"2400"
"431790510";"Sírio";"1700";"390";"985";"1,42";"4105,51";"97958999,35";"1700"
"431790512";"Vila Bom Princípio Baixo";"1500";"452";"1197";"1,39";"2785,38";"35783099,71";"1500"
"431790515";"Vila Laranjeira";"1500";"247";"636";"1,29";"2811,46";"20221126,58";"1500"
"431795405";"Santo Expedito do Sul";"2300";"916";"2349";"1,31";"3982,99";"46211357,48";"2300"
"431800205";"São Borja";"1700";"20070";"52734";"1,78";"2759,44";"13115605,35";"1700"
"431800225";"Nhú-Porã";"1600";"1842";"4860";"1,75";"2256,72";"10892878,15";"1600"
"431800235";"Samburá";"1212";"290";"675";"1,01";"2322,19";"16798494,87";"1212"
"431800240";"Sarandi";"1212";"357";"903";"1,59";"1899,61";"4457062,16";"1212"
"431805105";"São Domingos do Sul";"2500";"720";"1851";"1,40";"3892,26";"40118815,22";"2500"
"431805115";"Santa Gema";"2424";"337";"898";"1,60";"2596,00";"1582329,56";"2424"
"431810105";"São Francisco de Assis";"1215";"6039";"14540";"1,54";"2372,52";"10580367,99";"1215"
"431810110";"Beluno";"2000";"336";"818";"1,08";"2929,81";"15259368,96";"2000"
"431810118";"Boa Vista";"1212";"187";"442";"1,54";"2313,96";"12702710,99";"1212"
"431810120";"Toroquá";"1212";"684";"1732";"1,31";"2450,95";"15558183,74";"1212"
"431820005";"São Francisco de Paula";"2000";"6015";"15885";"1,97";"2668,34";"7695451,00";"2000"
"431820010";"Cazuza Ferreira";"1275";"406";"1033";"1,94";"1947,73";"1874124,57";"1275"
"431820020";"Eletra";"1500";"319";"810";"1,91";"2225,75";"7110769,80";"1500"
"431820030";"Juá";"2000";"287";"709";"1,40";"2294,93";"2394030,72";"2000"
"431820035";"Lajeado Grande";"1800";"404";"1080";"1,63";"2257,71";"3858430,52";"1800"
"431820040";"Rincão dos Kroeff";"1212";"178";"465";"2,20";"1903,75";"2397413,16";"1212"
"431820045";"Tainhas";"1500";"400";"1081";"1,74";"1969,52";"2312857,31";"1500"
"431830905";"São Gabriel";"1500";"19467";"50644";"1,81";"2812,84";"16956364,95";"1500"
"431830910";"Azevedo Sodré";"1400";"166";"423";"1,99";"3725,46";"125408281,33";"1400"
"431830911";"Batovi";"1215";"399";"1162";"2,34";"1898,53";"4326794,99";"1215"
"431830912";"Catuçaba";"1200";"790";"1984";"1,57";"1967,10";"14002650,96";"1200"
"431830913";"Cerro do Ouro";"1212";"110";"239";"1,08";"3408,60";"30591180,45";"1212"
"431830915";"Suspiro";"1600";"113";"256";"1,21";"2511,97";"11678021,77";"1600"
"431830920";"Tiaraju";"1212";"607";"1675";"1,98";"1993,59";"8446799,10";"1212"
"431830925";"Vacacaí";"1212";"633";"1727";"2,43";"1980,36";"10169473,12";"1212"
"431840805";"São Jerônimo";"1800";"6676";"17204";"1,86";"2920,03";"16879557,42";"1800"
"431840817";"Gramal";"1212";"482";"1301";"1,42";"1534,19";"1539550,67";"1212"
"431840820";"Morrinhos";"1210";"395";"986";"1,63";"2069,77";"5105234,12";"1210"
"431840825";"Quitéria";"1200";"536";"1417";"1,37";"1994,37";"21589594,11";"1200"
"431842405";"São João da Urtiga";"1800";"1739";"4461";"1,25";"3076,72";"24868695,30";"1800"
"431843205";"São João do Polêsine";"1800";"863";"2202";"1,60";"2974,16";"12386773,28";"1800"
"431843225";"Recanto Maestro";"4175";"6";"10";"0,67";"7795,33";"66110442,67";"4175"
"431843230";"Vale Vêneto";"1500";"172";"405";"1,47";"2583,51";"8992412,09";"1500"
"431844005";"São Jorge";"2400";"1083";"2909";"1,59";"4167,34";"67286541,19";"2400"
"431845705";"São José das Missões";"1500";"932";"2362";"1,41";"2410,27";"14419319,76";"1500"
"431846505";"São José do Herval";"1212";"746";"1896";"1,42";"2264,22";"17657830,79";"1212"
"431848105";"São José do Hortêncio";"2000";"1693";"4444";"1,44";"2413,64";"2752732,85";"2000"
"431849905";"São José do Inhacorá";"2000";"956";"2406";"1,24";"2874,87";"22456895,02";"2000"
"431850705";"São José do Norte";"1212";"8401";"21243";"1,58";"1915,16";"2856158,41";"1212"
"431850710";"Bojuru";"1500";"877";"2005";"1,37";"1938,72";"5699235,91";"1500"
"431850715";"Estreito";"1212";"912";"2107";"1,24";"1551,02";"1037190,69";"1212"
"431860605";"São José do Ouro";"2200";"1965";"4740";"1,26";"3410,02";"26511767,47";"2200"
"431860609";"Brugnarotto";"1650";"60";"160";"1,31";"2008,90";"1280284,80";"1650"
"431860611";"Cerro Azul";"2300";"119";"333";"1,69";"3245,11";"23622966,17";"2300"
"431860614";"Jardim Alegre";"1600";"111";"292";"1,42";"2003,46";"2530553,86";"1600"
"431860617";"Marmeleiro";"1500";"124";"348";"1,65";"2115,93";"2977494,82";"1500"
"431860619";"São Miguel";"2000";"143";"391";"1,37";"4716,49";"115252955,48";"2000"
"431860620";"São Pedro do Iraxim";"2424";"68";"182";"1,27";"6247,56";"104057596,04";"2424"
"431860625";"Tanque";"3000";"113";"302";"1,24";"5451,93";"55223095,91";"3000"
"431860632";"Vila Souza";"2480";"35";"86";"1,08";"2172,34";"766309,06";"2480"
"431861405";"São José do Sul";"1700";"921";"2356";"1,45";"2349,64";"4504602,82";"1700"
"431862205";"São José dos Ausentes";"1300";"955";"2730";"2,09";"1979,74";"5675739,01";"1300"
"431862210";"Faxinal Preto";"1500";"159";"424";"2,00";"2195,71";"7570806,70";"1500"
"431862215";"São Gonçalo";"1212";"30";"74";"1,15";"1645,85";"1190162,22";"1212"
"431862220";"Silveira";"1300";"236";"725";"2,34";"2420,88";"48964357,35";"1300"
"431862225";"Várzea";"1500";"76";"195";"1,53";"2017,38";"2383446,24";"1500"
"431870505";"São Leopoldo";"2000";"84184";"216249";"1,71";"3197,22";"39579099,33";"2000"
"431880405";"São Lourenço do Sul";"1800";"10059";"25253";"1,58";"2732,99";"10059283,24";"1800"
"431880408";"Boa Vista";"2000";"753";"2420";"2,26";"3158,01";"17514583,86";"2000"
"431880410";"Boqueirão";"1800";"1064";"2907";"1,91";"3285,13";"43555688,87";"1800"
"431880415";"Esperança";"1500";"601";"2092";"2,40";"3584,81";"38641038,09";"1500"
"431880420";"Faxinal";"1800";"771";"2627";"2,87";"3041,28";"29217018,46";"1800"
"431880425";"Harmonia";"1500";"813";"2775";"2,87";"2994,10";"33067074,53";"1500"
"431880435";"Prado Novo";"1212";"558";"1394";"1,46";"2088,91";"14833824,75";"1212"
"431880440";"Taquaral";"2400";"629";"2414";"3,29";"2929,19";"7842280,02";"2400"
"431890305";"São Luiz Gonzaga";"1800";"12540";"31866";"1,63";"2883,93";"13861743,62";"1800"
"431890310";"Afonso Rodrigues";"1400";"347";"898";"1,58";"1905,43";"3959548,78";"1400"
"431890314";"Capela São Paulo";"2200";"49";"117";"1,20";"2737,47";"3579705,30";"2200"
"431890320";"Rincão de São Pedro";"1220";"210";"520";"1,55";"1708,55";"2235273,90";"1220"
"431890323";"Rincão dos Pintos";"1212";"84";"213";"1,07";"1910,24";"5513178,26";"1212"
"431890330";"Santa Inês";"1325";"115";"265";"1,09";"2642,43";"19388711,79";"1325"
"431890335";"São Lourenço das Missões";"1212";"212";"576";"1,85";"1940,30";"2727798,43";"1212"
"431900005";"São Marcos";"2450";"7778";"19911";"1,42";"3096,82";"7663712,57";"2450"
"431900020";"Pedras Brancas";"2200";"447";"1161";"1,30";"2959,80";"12495287,07";"2200"
"431910905";"São Martinho";"2000";"2216";"5478";"1,25";"2827,24";"17144028,41";"2000"
"431912505";"São Martinho da Serra";"1500";"1147";"2860";"1,49";"2565,31";"16214751,58";"1500"
"431915805";"São Miguel das Missões";"1500";"1887";"4696";"1,42";"2320,13";"10289931,76";"1500"
"431915810";"Campestre";"2424";"76";"190";"1,32";"3280,21";"29068819,16";"2424"
"431915815";"Coimbra";"1625";"151";"397";"1,43";"3358,44";"75814675,57";"1625"
"431915820";"Mato Grande";"1262";"130";"312";"1,11";"2036,56";"2134320,62";"1262"
"431915827";"Rincão dos Moraes";"1500";"122";"284";"1,11";"2712,75";"17665630,73";"1500"
"431915830";"São João das Missões";"1350";"279";"781";"2,31";"2219,29";"8143762,60";"1350"
"431915835";"São José";"1300";"159";"383";"1,41";"1773,99";"2366180,82";"1300"
"431920805";"São Nicolau";"1212";"1850";"4582";"1,62";"2054,93";"8181199,66";"1212"
"431920820";"Santo Isidro";"1212";"197";"523";"2,24";"1252,46";"1346663,55";"1212"
"431930705";"São Paulo das Missões";"1960";"1538";"3947";"1,36";"2866,74";"14755654,64";"1960"
"431930710";"Pinheiro Machado";"1250";"693";"1888";"1,46";"3439,36";"40736853,92";"1250"
"431935605";"São Pedro da Serra";"2300";"1309";"3548";"1,49";"2770,30";"8619966,96";"2300"
"431936405";"São Pedro das Missões";"1212";"671";"1755";"1,40";"1848,94";"5249862,01";"1212"
"431937205";"São Pedro do Butiá";"2224";"1028";"2676";"1,40";"3621,79";"47147244,08";"2224"
"431937210";"Butiá Inferior";"3000";"141";"393";"1,51";"5290,51";"56651931,35";"3000"
"431940605";"São Pedro do Sul";"1500";"5221";"12689";"1,57";"2348,99";"6800939,14";"1500"
"431940610";"Cerro Claro";"1500";"344";"839";"1,41";"2195,80";"9730651,31";"1500"
"431940615";"Guassupi";"1212";"469";"1072";"1,30";"1850,54";"3684521,03";"1212"
"431940645";"Xiniquá";"1300";"385";"932";"1,54";"2044,32";"5054691,62";"1300"
"431950505";"São Sebastião do Caí";"2000";"9429";"24307";"1,68";"2720,47";"9711771,02";"2000"
"431960405";"São Sepé";"1500";"7148";"17646";"1,54";"2469,95";"8050403,31";"1500"
"431960420";"Cerrito do Ouro";"1212";"438";"947";"1,08";"2208,95";"32480167,82";"1212"
"431960425";"Jazidas";"1212";"466";"1086";"1,40";"2231,87";"11942856,55";"1212"
"431960428";"Tupanci";"1500";"265";"644";"1,34";"2147,28";"4077689,15";"1500"
"431960430";"Vila Block";"1600";"284";"748";"1,62";"2462,36";"7146120,93";"1600"
"431970305";"São Valentim";"1800";"1239";"3201";"1,60";"2973,54";"15778376,69";"1800"
"431971105";"São Valentim do Sul";"1795";"621";"1633";"1,50";"2735,74";"18505861,22";"1795"
"431971110";"Fazenda Fialho";"1212";"61";"164";"2,02";"1621,05";"663547,68";"1212"
"431971120";"Santa Bárbara";"1380";"164";"407";"1,97";"1965,80";"2282311,69";"1380"
"431973705";"São Valério do Sul";"1212";"822";"2521";"2,42";"2969,91";"464426826,44";"1212"
"431975205";"São Vendelino";"2600";"852";"2251";"1,41";"3377,16";"7744459,66";"2600"
"431980205";"São Vicente do Sul";"1500";"2724";"7041";"1,75";"2535,06";"16273204,05";"1500"
"431980210";"Cavajuretã";"1400";"100";"249";"1,34";"3285,74";"96856757,50";"1400"
"431980215";"Loreto";"1212";"290";"740";"1,70";"2427,82";"25414556,66";"1212"
"431990105";"Sapiranga";"1800";"28430";"74576";"1,58";"2499,76";"6785258,81";"1800"
"431990125";"Picada São Jacob";"1212";"266";"708";"1,60";"1904,71";"1813298,60";"1212"
"432000805";"Sapucaia do Sul";"2000";"50173";"131854";"1,70";"2660,66";"7790986,47";"2000"
"432010705";"Sarandi";"2000";"8108";"21330";"1,58";"3092,67";"129197841,63";"2000"
"432010710";"Atiaçu";"2000";"129";"314";"1,25";"2613,89";"5233363,71";"2000"
"432010720";"Barreirinho";"1800";"290";"805";"1,57";"2724,18";"13033429,53";"1800"
"432010730";"Novo Sarandi";"1500";"93";"246";"1,19";"2353,43";"4373208,36";"1500"
"432020605";"Seberi";"1600";"4322";"10974";"1,51";"2473,26";"12457716,50";"1600"
"432020610";"Barrinha";"1300";"107";"275";"1,68";"2993,36";"70597923,56";"1300"
"432020615";"Lajeado Bonito";"1500";"266";"675";"1,30";"1988,35";"3953782,11";"1500"
"432023005";"Sede Nova";"2000";"977";"2456";"1,40";"3849,17";"86459796,76";"2000"
"432023020";"Monte Belo";"1212";"91";"232";"1,21";"2717,55";"28558891,18";"1212"
"432026305";"Segredo";"1212";"1043";"2745";"1,43";"2429,40";"15008891,92";"1212"
"432026310";"Bela Vista";"1212";"663";"1666";"1,21";"1648,92";"2969576,86";"1212"
"432026318";"Serrinha Velha";"1212";"254";"642";"1,28";"1687,69";"2023185,20";"1212"
"432026320";"Tamanduá";"1500";"361";"946";"1,24";"2454,06";"5092261,08";"1500"
"432030505";"Selbach";"2500";"1640";"4207";"1,44";"4086,51";"38465992,37";"2500"
"432030510";"Arroio Grande";"2424";"239";"601";"1,22";"3269,53";"20146285,04";"2424"
"432030520";"Floresta";"3600";"94";"258";"1,61";"5659,35";"31725988,67";"3600"
"432032105";"Senador Salgado Filho";"2000";"569";"1445";"1,47";"2741,61";"24246010,22";"2000"
"432032110";"Esquina Ipiranga";"1233";"141";"343";"1,25";"2192,57";"25078787,82";"1232.5"
"432032112";"Giruazinho";"1212";"144";"373";"1,59";"2626,70";"18283575,06";"1212"
"432032115";"Vila Oito de Agosto";"1212";"190";"506";"1,50";"2775,13";"14814539,83";"1212"
"432035405";"Sentinela do Sul";"1212";"2109";"5234";"1,55";"1936,84";"4379215,02";"1212"
"432040405";"Serafina Corrêa";"2200";"6101";"16569";"1,64";"3124,13";"15268535,45";"2200"
"432040415";"Silva Jardim";"2500";"125";"357";"1,53";"3413,95";"7165632,56";"2500"
"432045305";"Sério";"1500";"780";"1941";"1,27";"2302,32";"6667891,71";"1500"
"432050305";"Sertão";"2400";"1950";"4898";"1,34";"2691,08";"6483963,26";"2400"
"432050310";"Engenheiro Luiz Englert";"2400";"241";"625";"1,79";"3050,61";"7188189,76";"2400"
"432055205";"Sertão Santana";"1500";"2345";"5788";"1,56";"2261,92";"5497052,88";"1500"
"432057805";"Sete de Setembro";"1212";"696";"1805";"1,42";"2374,27";"12259578,18";"1212"
"432060205";"Severiano de Almeida";"2200";"1146";"2956";"1,33";"3337,92";"26419748,10";"2200"
"432060210";"Mirim";"2000";"163";"446";"1,53";"3385,25";"32576339,57";"2000"
"432065105";"Silveira Martins";"2200";"789";"2019";"1,49";"3304,76";"14650537,19";"2200"
"432067705";"Sinimbu";"1212";"3206";"8558";"1,54";"1850,23";"3364059,26";"1212"
"432070105";"Sobradinho";"1700";"5582";"14043";"1,46";"2564,27";"9148707,42";"1700"
"432080005";"Soledade";"1900";"10843";"27541";"1,60";"2902,78";"38159573,13";"1900"
"432080012";"Bugre";"1212";"192";"505";"1,82";"2255,79";"7805622,88";"1212"
"432080027";"Pinhal";"2000";"228";"602";"1,24";"3381,04";"21728963,45";"2000"
"432080035";"Santa Terezinha";"2012";"452";"1115";"1,28";"2524,37";"5883832,39";"2012"
"432085905";"Tabaí";"1800";"1744";"4461";"1,60";"2226,83";"3439282,36";"1800"
"432090905";"Tapejara";"2400";"9111";"23883";"1,68";"3260,89";"50881543,00";"2400"
"432090930";"Vila Campos";"2400";"229";"610";"1,12";"3374,50";"18386960,78";"2400"
"432100605";"Tapera";"2400";"3620";"9346";"1,49";"3487,79";"22923734,20";"2400"
"432100620";"São Pedro";"3000";"133";"366";"1,48";"3682,42";"8466795,12";"3000"
"432100625";"Vila Paz";"1500";"292";"830";"1,80";"1898,02";"2166092,94";"1500"
"432110505";"Tapes";"1500";"6011";"14661";"1,64";"2390,19";"13562036,35";"1500"
"432120405";"Taquara";"2000";"16690";"42137";"1,61";"2950,17";"12041326,57";"2000"
"432120407";"Entrepelado";"1550";"316";"725";"1,34";"2184,26";"7770860,34";"1550"
"432120408";"Fazenda Fialho";"1761";"1109";"2815";"1,58";"2408,01";"8362439,80";"1761"
"432120410";"Padilha";"1700";"466";"1097";"1,40";"2050,16";"1580294,22";"1700"
"432120413";"Pega Fogo";"1500";"1005";"2680";"1,61";"1895,94";"2750395,96";"1500"
"432120417";"Rio da Ilha";"2000";"547";"1395";"1,67";"2460,88";"3476116,65";"2000"
"432120420";"Santa Cruz da Concórdia";"1900";"755";"1812";"1,50";"2398,85";"4385370,80";"1900"
"432130305";"Taquari";"2000";"9488";"23529";"1,58";"2726,13";"7642153,78";"2000"
"432130307";"Amoras";"1462";"611";"1511";"1,65";"1836,88";"1229656,32";"1461.5"
"432132905";"Taquaruçu do Sul";"2000";"1136";"3108";"1,59";"3460,75";"46294401,57";"2000"
"432135205";"Tavares";"1300";"1784";"4287";"1,61";"1948,05";"3010873,14";"1300"
"432135210";"Butiás";"1256";"79";"210";"1,15";"2607,87";"9349696,45";"1256"
"432135215";"Capão Comprido";"1212";"82";"235";"3,20";"1708,20";"10485316,31";"1212"
"432135220";"Tapera";"1212";"201";"451";"1,10";"1754,03";"2019117,80";"1212"
"432140205";"Tenente Portela";"1800";"4749";"12936";"2,22";"2807,31";"14365364,39";"1800"
"432140212";"Braço Forte";"2000";"76";"194";"0,86";"4073,89";"21847717,32";"2000"
"432140225";"Daltro Filho";"1212";"255";"682";"1,52";"1929,67";"2460033,95";"1212"
"432140240";"São Pedro";"1500";"252";"659";"1,47";"2970,00";"22999626,49";"1500"
"432143605";"Terra de Areia";"1900";"3711";"9584";"1,59";"2450,77";"4564676,30";"1900"
"432143625";"Sanga Funda";"1215";"294";"727";"1,87";"1644,04";"765766,21";"1215"
"432145105";"Teutônia";"2000";"12363";"31575";"1,38";"2722,54";"8311649,23";"2000"
"432145110";"Pontes Filho";"1212";"413";"1019";"1,74";"1829,08";"1892496,17";"1212"
"432146905";"Tio Hugo";"2000";"1241";"3258";"1,50";"2524,01";"16657469,34";"2000"
"432147705";"Tiradentes do Sul";"1700";"1058";"2671";"1,43";"2932,26";"24599740,68";"1700"
"432147710";"Alto Uruguai";"1212";"212";"526";"1,70";"1815,47";"1717674,36";"1212"
"432147713";"Lajeado Bonito";"1212";"324";"845";"1,60";"2610,04";"16166853,63";"1212"
"432147717";"Novo Planalto";"1500";"255";"660";"1,34";"2590,75";"15263884,21";"1500"
"432147720";"Porto Soberbo";"1212";"180";"427";"1,68";"2926,31";"35851523,69";"1212"
"432149305";"Toropi";"1500";"764";"1819";"1,23";"2268,22";"9254215,61";"1500"
"432149315";"Linha Bonita";"1212";"294";"730";"1,19";"1671,30";"2428456,91";"1212"
"432150105";"Torres";"2200";"16300";"40930";"1,65";"3434,48";"17338537,59";"2200"
"432150110";"Glória";"2350";"224";"571";"1,21";"2682,70";"9260992,14";"2350"
"432160005";"Tramandaí";"2000";"15851";"40714";"2,08";"2980,51";"12741201,39";"2000"
"432160015";"Estância Velha";"2000";"713";"1871";"1,60";"3615,21";"21359126,07";"2000"
"432160025";"Nova Tramandaí";"2000";"4519";"11505";"1,76";"2753,80";"7251946,57";"2000"
"432162605";"Travesseiro";"1300";"830";"2148";"1,49";"2384,95";"20115160,24";"1300"
"432163405";"Três Arroios";"2424";"886";"2230";"1,31";"3688,21";"27277087,53";"2424"
"432163412";"Coxilha Seca";"2400";"142";"361";"1,43";"3455,85";"19624954,11";"2400"
"432166705";"Três Cachoeiras";"2200";"3274";"8606";"1,43";"2782,54";"12551977,74";"2200"
"432166710";"Morro Azul";"2000";"244";"591";"1,45";"2294,27";"2623567,96";"2000"
"432166715";"Rio do Terra";"1950";"198";"488";"1,36";"2168,06";"1747276,18";"1950"
"432166720";"Vila Fernando Ferrari";"1700";"485";"1240";"1,28";"2106,93";"2347668,90";"1700"
"432170905";"Três Coroas";"1800";"9275";"24235";"1,60";"2438,17";"6624499,08";"1800"
"432180805";"Três de Maio";"2400";"8452";"21064";"1,41";"3154,70";"13640825,36";"2400"
"432180811";"Barrinha";"1900";"235";"581";"1,22";"3737,05";"33420020,77";"1900"
"432180815";"Consolata";"2500";"505";"1369";"1,55";"3471,80";"29443443,62";"2500"
"432180820";"Manchinha";"2400";"302";"808";"1,58";"4527,86";"46772579,74";"2400"
"432180825";"Progresso";"2400";"228";"604";"1,58";"5073,55";"90298402,43";"2400"
"432180830";"Quaraim";"2000";"151";"389";"1,82";"3411,74";"42479628,72";"2000"
"432183205";"Três Forquilhas";"1814";"1059";"2746";"1,71";"2152,67";"2661481,13";"1813.5"
"432185705";"Três Palmeiras";"1456";"1328";"3635";"1,92";"2304,68";"16915329,78";"1456"
"432185710";"Progresso";"1500";"410";"1081";"1,31";"2008,06";"2243046,73";"1500"
"432190705";"Três Passos";"2200";"7515";"18787";"1,48";"3296,92";"22346229,34";"2200"
"432190708";"Alto Erval Novo";"1550";"116";"347";"1,99";"2940,00";"9535023,81";"1550"
"432190715";"Bela Vista";"2000";"473";"1249";"1,39";"3713,56";"59334932,39";"2000"
"432190722";"Floresta";"1300";"275";"652";"0,93";"3051,26";"38003623,34";"1300"
"432190735";"Padre Gonzales";"1500";"1406";"3522";"1,43";"2165,60";"4862685,85";"1500"
"432190745";"Santo Antônio";"1500";"167";"424";"1,15";"3132,55";"56792942,60";"1500"
"432195605";"Trindade do Sul";"2000";"2836";"7548";"1,71";"3156,66";"28904420,95";"2000"
"432200405";"Triunfo";"1806";"5621";"14624";"1,71";"2582,47";"22962408,40";"1806"
"432200410";"Costa da Cadeia";"1800";"1382";"3529";"1,61";"2231,20";"2903946,92";"1800"
"432200415";"Passo Raso";"1600";"1074";"2869";"1,86";"1981,39";"1661574,22";"1600"
"432200420";"Porto Batista";"1800";"2489";"6273";"1,73";"2271,68";"3101448,42";"1800"
"432210305";"Tucunduva";"2212";"2268";"5533";"1,35";"2915,64";"8257787,45";"2212"
"432215205";"Tunas";"1300";"571";"1448";"1,52";"2044,71";"5228199,77";"1300"
"432215210";"Cerro Preto";"1212";"220";"570";"1,19";"1543,29";"1796987,64";"1212"
"432215215";"Despraiado";"1500";"136";"368";"1,72";"2730,63";"11717319,27";"1500"
"432215220";"Nossa Senhora Aparecida";"1212";"168";"464";"1,73";"1456,37";"1387601,66";"1212"
"432215225";"Pedregal";"1212";"205";"556";"1,25";"1726,15";"9915112,14";"1212"
"432215230";"Rincão Comprido";"1212";"98";"258";"1,00";"1522,11";"1789594,94";"1212"
"432218605";"Tupanci do Sul";"1500";"560";"1371";"1,22";"2545,39";"12448067,50";"1500"
"432220205";"Tupanciretã";"1500";"7454";"19053";"1,78";"2884,20";"72979459,44";"1500"
"432220207";"Espinilho Grande";"1500";"332";"867";"1,50";"2579,19";"24931782,61";"1500"
"432225105";"Tupandi";"2001";"1840";"5020";"1,39";"2674,60";"8166727,87";"2001"
"432230105";"Tuparendi";"2200";"2710";"6680";"1,33";"3065,25";"14193245,27";"2200"
"432230110";"Cerro Alto";"2424";"220";"537";"1,11";"3123,58";"10040930,14";"2424"
"432230115";"Cinquentenário";"2424";"437";"1134";"1,50";"3836,46";"21586949,57";"2424"
"432232705";"Turuçu";"1400";"1205";"3413";"2,09";"2634,21";"28883070,02";"1400"
"432234305";"Ubiretama";"2200";"766";"1982";"1,34";"4414,21";"48076426,63";"2200"
"432235005";"São Luiz";"2200";"14";"37";"1,79";"2432,00";"2186626,91";"2200"
"432235020";"União da Serra";"3279";"194";"533";"1,47";"5326,12";"43020902,85";"3279"
"432235025";"Pulador";"2100";"228";"600";"1,26";"4067,89";"58350194,13";"2100"
"432237605";"Unistalda";"1212";"806";"1992";"1,40";"2034,09";"5209115,57";"1212"
"432240005";"Uruguaiana";"1800";"39815";"111751";"2,16";"2932,61";"20852476,01";"1800"
"432240020";"João Arregui";"1800";"273";"695";"2,04";"2347,07";"6130678,17";"1800"
"432240025";"Plano Alto";"1800";"532";"1272";"1,64";"2233,09";"8739928,85";"1800"
"432240030";"São Marcos";"1275";"809";"2038";"1,86";"1951,16";"2986879,27";"1275"
"432240035";"Vertentes";"1950";"278";"649";"1,65";"2459,61";"3829119,09";"1950"
"432250905";"Vacaria";"2000";"22802";"61640";"1,90";"2853,87";"14323029,64";"2000"
"432250907";"Bela Vista";"1800";"184";"547";"2,04";"2614,82";"8365701,16";"1800"
"432250908";"Capão da Herança";"2000";"86";"228";"1,41";"4077,45";"56599265,59";"2000"
"432250910";"Coxilha Grande";"1966";"186";"424";"1,55";"2967,33";"18498958,71";"1966"
"432250920";"Estrela";"1500";"200";"538";"1,55";"1850,07";"1494195,86";"1500"
"432250940";"Refugiado";"1950";"183";"405";"1,43";"2294,83";"3013261,86";"1950"
"432252505";"Vale Verde";"1212";"1294";"3150";"1,42";"1925,73";"5084146,95";"1212"
"432253305";"Vale do Sol";"1500";"3776";"9873";"1,51";"2126,08";"5157447,32";"1500"
"432254105";"Vale Real";"2000";"1602";"4303";"1,39";"2579,18";"3773147,32";"2000"
"432254110";"Arroio do Ouro";"2000";"325";"887";"1,54";"2342,80";"2364328,73";"2000"
"432254115";"Canto Krewer";"1900";"164";"434";"1,44";"2139,44";"1272267,64";"1900"
"432254120";"Forqueta Baixa";"2077";"100";"262";"1,17";"2720,51";"6738899,57";"2077"
"432254125";"Morro Gaúcho";"2000";"69";"163";"1,29";"3012,39";"38788292,57";"2000"
"432255805";"Vanini";"2000";"788";"2004";"1,26";"2730,05";"8546048,28";"2000"
"432260805";"Venâncio Aires";"2000";"19108";"46600";"1,39";"2787,84";"69307883,77";"2000"
"432260807";"Arlindo";"1212";"1676";"4281";"1,58";"1734,96";"1321466,32";"1212"
"432260810";"Centro Linha Brasil";"1212";"905";"2293";"1,35";"1711,30";"1373266,82";"1212"
"432260815";"Deodoro";"1212";"747";"1927";"1,32";"1447,16";"708980,76";"1212"
"432260817";"Estância Nova";"1280";"1576";"3886";"1,43";"1784,27";"1926082,59";"1280"
"432260820";"Mariante";"1500";"618";"1494";"1,49";"2007,10";"3475661,56";"1500"
"432260822";"Palanque";"1250";"1171";"2842";"1,44";"1786,71";"1461009,22";"1250"
"432260830";"Santa Emília";"1500";"1632";"4145";"1,42";"2084,13";"4534373,80";"1500"
"432260845";"Vale do Sampaio";"1212";"239";"626";"1,49";"1737,50";"865385,38";"1212"
"432270705";"Vera Cruz";"1675";"10333";"26604";"1,45";"2379,33";"5450019,54";"1674.5"
"432280605";"Veranópolis";"2100";"9531";"23961";"1,49";"3180,07";"17047459,80";"2100"
"432285505";"Vespasiano Corrêa";"3000";"642";"1813";"1,96";"6954,63";"131294769,77";"3000"
"432290505";"Viadutos";"1850";"1896";"4769";"1,53";"2607,02";"12034897,13";"1850"
"432300205";"Viamão";"1900";"32531";"86580";"1,91";"2854,88";"17655443,87";"1900"
"432300210";"Águas Claras";"2000";"5859";"14820";"1,75";"3077,09";"12255430,18";"2000"
"432300215";"Capão da Porteira";"1500";"762";"1822";"1,41";"2338,58";"6056715,76";"1500"
"432300220";"Espigão";"1400";"2967";"8312";"2,30";"2165,34";"12968765,83";"1400"
"432300225";"Itapuã";"1500";"1989";"4806";"1,81";"2289,14";"6983126,07";"1500"
"432300230";"Passo da Areia";"1673";"1430";"3458";"1,70";"2811,62";"22592394,53";"1672.5"
"432300235";"Passo do Sabão";"1600";"31451";"83435";"1,99";"2167,40";"4081537,42";"1600"
"432300240";"Viamópolis";"1800";"7616";"20243";"2,04";"2323,44";"6031139,20";"1800"
"432310105";"Vicente Dutra";"1212";"1363";"3483";"1,66";"2167,61";"9200396,88";"1212"
"432310110";"Laranjeira";"1500";"425";"1172";"1,49";"2430,33";"10295688,17";"1500"
"432320005";"Victor Graeff";"2500";"937";"2348";"1,34";"3972,55";"29725460,90";"2500"
"432320007";"Faxinal";"2000";"51";"138";"1,41";"3164,31";"16406366,59";"2000"
"432320015";"São José da Glória";"2000";"110";"281";"1,13";"2618,93";"6392396,74";"2000"
"432330905";"Vila Flores";"2000";"1316";"3610";"1,72";"2887,35";"12075541,00";"2000"
"432335805";"Vila Lângaro";"2200";"774";"2079";"1,41";"3489,14";"26769979,54";"2200"
"432340805";"Vila Maria";"2200";"1646";"4381";"1,50";"3682,40";"38997331,49";"2200"
"432345705";"Vila Nova do Sul";"1224";"1598";"3850";"1,40";"2244,97";"18640154,85";"1224"
"432350705";"Vista Alegre";"2000";"1010";"2645";"1,52";"4319,42";"91534021,44";"2000"
"432360605";"Vista Alegre do Prata";"2100";"573";"1586";"1,76";"3940,04";"52752787,32";"2100"
"432370505";"Vista Gaúcha";"2000";"840";"2078";"1,25";"2769,57";"7938647,54";"2000"
"432370510";"Bom Plano";"2000";"268";"705";"1,42";"3148,59";"18229662,32";"2000"
"432375405";"Vitória das Missões";"1500";"779";"1916";"1,23";"2928,35";"47463546,54";"1500"
"432375430";"São João Batista";"1212";"533";"1338";"1,19";"1868,42";"5157561,14";"1212"
"432377005";"Westfália";"2500";"1112";"3094";"1,76";"3415,01";"14532510,77";"2500"
"432380405";"Xangri-lá";"2424";"2640";"7538";"1,93";"4369,32";"904901147,31";"2424"
"432380415";"Guará";"2500";"1451";"4076";"2,00";"3780,66";"17975735,24";"2500"
"432380425";"Rainha do Mar";"2300";"1699";"4809";"2,10";"3502,23";"15773443,47";"2300"
"500020305";"Água Clara";"2200";"5611";"16668";"2,04";"2839,49";"10661829,33";"2200"
"500025205";"Alcinópolis";"2000";"1770";"4522";"1,69";"2759,27";"10095194,97";"2000"
"500060905";"Amambai";"1300";"13627";"39036";"2,26";"2398,17";"12487892,29";"1300"
"500070805";"Anastácio";"1250";"8575";"24093";"2,07";"2146,08";"10555106,49";"1250"
"500080705";"Anaurilândia";"1800";"2913";"7583";"1,77";"2336,48";"11796466,98";"1800"
"500085605";"Angélica";"2000";"3435";"9153";"1,74";"2502,78";"4861946,72";"2000"
"500085610";"Ipezal";"1225";"542";"1540";"1,87";"1557,77";"961361,37";"1225"
"500090605";"Antônio João";"1212";"2684";"7666";"2,36";"2061,80";"12250437,29";"1212"
"500090610";"Campestre";"900";"492";"1627";"2,42";"1429,25";"7873165,15";"900"
"500100305";"Aparecida do Taboado";"1800";"10296";"27596";"1,85";"2503,62";"8382526,76";"1800"
"500110205";"Aquidauana";"1500";"13846";"39804";"2,41";"2615,31";"12151431,31";"1500"
"500110210";"Camisão";"1381";"271";"703";"2,12";"2517,66";"8283120,88";"1381"
"500110215";"Cipolândia";"1212";"287";"718";"1,78";"1979,36";"10110703,45";"1212"
"500110220";"Piraputanga";"1200";"291";"712";"1,59";"2068,54";"5969814,93";"1200"
"500110225";"Taunay";"1200";"1218";"4524";"4,98";"1479,74";"11557541,05";"1200"
"500124305";"Aral Moreira";"1345";"3370";"10653";"2,75";"2126,76";"6414805,43";"1345"
"500150805";"Bandeirantes";"2000";"2550";"6898";"2,02";"2792,44";"20407182,95";"2000"
"500150810";"Congonha";"2500";"367";"991";"2,40";"3721,73";"46097765,86";"2500"
"500190405";"Bataguassu";"1800";"8072";"22432";"1,75";"2509,57";"8137994,15";"1800"
"500190410";"Porto XV de Novembro";"1600";"165";"401";"1,30";"2689,06";"20051476,18";"1600"
"500200105";"Batayporã";"1600";"3868";"10684";"1,80";"2300,44";"12270544,52";"1600"
"500210005";"Bela Vista";"1400";"6992";"20743";"2,43";"2395,13";"12776441,47";"1400"
"500210010";"Nossa Senhora de Fátima";"1200";"239";"699";"2,44";"1588,05";"3152327,78";"1200"
"500215905";"Bodoquena";"1500";"2680";"7471";"2,09";"2416,75";"6870868,97";"1500"
"500215910";"Morraria do Sul";"1212";"365";"1049";"2,58";"1903,45";"5242163,80";"1212"
"500220905";"Bonito";"1900";"7852";"22218";"2,05";"2839,46";"13069359,84";"1900"
"500220910";"Águas de Miranda";"1800";"407";"1193";"2,18";"2140,32";"2876027,69";"1800"
"500230805";"Brasilândia";"2000";"4139";"11247";"1,72";"2506,46";"7397942,29";"2000"
"500230815";"Debrasa";"1500";"96";"247";"1,43";"1983,07";"1659024,86";"1500"
"500240705";"Caarapó";"1800";"9529";"27065";"1,98";"2546,58";"8596273,60";"1800"
"500240710";"Cristalina";"1800";"420";"1150";"1,77";"2533,73";"14164261,69";"1800"
"500240720";"Nova América";"1215";"708";"2291";"2,90";"1829,18";"9990374,73";"1215"
"500260505";"Camapuã";"1800";"5004";"12445";"1,65";"2705,80";"10640478,60";"1800"
"500260535";"Pontinha do Cocho";"2500";"430";"1081";"1,54";"2924,82";"7731960,76";"2500"
"500270405";"Campo Grande";"2000";"323647";"885361";"1,95";"3834,91";"30269705,39";"2000"
"500270460";"Anhanduí";"1400";"1633";"4380";"1,87";"2030,29";"5217874,04";"1400"
"500270480";"Rochedinho";"2000";"550";"1366";"1,70";"2773,26";"13476331,57";"2000"
"500280305";"Caracol";"1500";"1717";"5024";"2,13";"2365,46";"10194976,89";"1500"
"500290205";"Cassilândia";"1700";"7902";"19810";"1,71";"2611,79";"9073306,04";"1700"
"500290215";"Indaiá do Sul";"2424";"357";"946";"1,75";"2754,19";"3572599,53";"2424"
"500295105";"Chapadão do Sul";"2500";"10886";"30743";"1,83";"3988,88";"139446135,10";"2500"
"500310805";"Corguinho";"1500";"1733";"4470";"1,88";"2247,33";"4627224,39";"1500"
"500310810";"Baianópolis";"1500";"125";"310";"2,32";"2348,50";"8358196,09";"1500"
"500315705";"Coronel Sapucaia";"1212";"4478";"14207";"2,79";"1522,89";"4376067,46";"1212"
"500320705";"Corumbá";"1500";"28197";"89755";"2,98";"2807,62";"14120492,98";"1500"
"500320710";"Albuquerque";"1200";"624";"1900";"3,06";"1603,27";"3806046,28";"1200"
"500320715";"Amolar";"1200";"56";"184";"3,26";"1565,36";"10927393,09";"1200"
"500320720";"Coimbra";"2000";"92";"243";"2,30";"2582,20";"16839865,71";"2000"
"500320725";"Nhecolândia";"2200";"316";"726";"1,49";"2846,20";"10757036,01";"2200"
"500320730";"Paiaguás";"1600";"559";"1625";"2,48";"1945,95";"5439733,02";"1600"
"500320735";"Porto Esperança";"1800";"252";"751";"2,49";"2046,77";"1849376,64";"1800"
"500325605";"Costa Rica";"2000";"8893";"24536";"1,81";"2809,16";"42555394,05";"2000"
"500325610";"Baús";"2400";"499";"1406";"1,64";"2930,37";"8698801,06";"2400"
"500330605";"Coxim";"1600";"11235";"29749";"1,84";"2749,61";"16919110,62";"1600"
"500330608";"Jauru";"1800";"154";"387";"1,65";"2291,54";"4207636,04";"1800"
"500330610";"São Romão";"1212";"140";"327";"1,16";"1665,54";"1273823,65";"1212"
"500330615";"Taquari";"1600";"598";"1477";"1,49";"2499,35";"26649939,40";"1600"
"500345405";"Deodápolis";"1748";"3699";"9920";"1,62";"2380,53";"9895123,73";"1748"
"500345410";"Lagoa Bonita";"1213";"688";"1817";"1,72";"1972,10";"13815088,36";"1213"
"500345415";"Porto Vilma";"1500";"242";"637";"1,60";"1858,42";"1802101,17";"1500"
"500345420";"Presidente Castelo";"1216";"231";"544";"1,33";"1603,42";"781817,92";"1216"
"500345425";"Vila União";"1300";"271";"739";"1,99";"1778,96";"1194918,30";"1300"
"500348805";"Dois Irmãos do Buriti";"1212";"3185";"9420";"2,29";"2156,42";"11986021,41";"1212"
"500348810";"Palmeiras";"1500";"452";"1203";"2,21";"2710,75";"16412759,17";"1500"
"500350405";"Douradina";"1600";"1291";"3587";"1,71";"2400,87";"4901639,37";"1600"
"500350410";"Bocajá";"1212";"485";"1344";"1,81";"1495,85";"8178721,21";"1212"
"500350415";"Cruzaltina";"1500";"236";"642";"1,51";"2328,80";"12933351,81";"1500"
"500370205";"Dourados";"2000";"81582";"229015";"2,02";"3546,88";"40157746,38";"2000"
"500370220";"Guaçu";"2000";"488";"1340";"1,62";"2733,80";"8836901,04";"2000"
"500370225";"Itaum";"2000";"814";"2239";"1,81";"2591,92";"9032271,19";"2000"
"500370230";"Panambi";"1212";"333";"929";"1,83";"2408,58";"17865026,03";"1212"
"500370235";"Picadinha";"2300";"110";"347";"2,30";"3363,34";"12825580,48";"2300"
"500370240";"São Pedro";"1900";"472";"1357";"1,97";"2665,10";"8476102,36";"1900"
"500370245";"Indápolis";"1212";"927";"2495";"1,51";"2250,09";"5706318,56";"1212"
"500370248";"Vila Formosa";"2000";"433";"1237";"1,57";"2767,91";"11188703,74";"2000"
"500370250";"Vila Vargas";"2000";"787";"2146";"1,58";"2700,32";"10943978,84";"2000"
"500375105";"Eldorado";"1500";"3801";"10162";"1,73";"2305,18";"7131690,85";"1500"
"500375110";"Morumbi";"1212";"374";"1167";"2,64";"1689,95";"1583866,48";"1212"
"500380105";"Fátima do Sul";"1500";"6868";"18087";"1,60";"2579,66";"11401533,59";"1500"
"500380115";"Culturama";"1212";"979";"2476";"1,68";"1833,09";"2796002,73";"1212"
"500390005";"Figueirão";"2200";"1363";"3528";"1,98";"3186,45";"71910635,85";"2200"
"500400705";"Glória de Dourados";"1800";"3629";"9527";"1,70";"2594,78";"8984627,58";"1800"
"500400715";"Guaçulândia";"2150";"324";"887";"1,78";"3409,08";"25371541,55";"2150"
"500410605";"Guia Lopes da Laguna";"1250";"3586";"9911";"2,08";"2052,59";"4294079,39";"1250"
"500430405";"Iguatemi";"1500";"5061";"13766";"1,79";"2455,64";"11822309,97";"1500"
"500440305";"Inocência";"2000";"2433";"6455";"1,88";"2887,70";"14073106,41";"2000"
"500440310";"Morangas";"2434";"215";"565";"1,65";"2506,83";"1425622,31";"2434"
"500440315";"São José do Sucuriú";"2424";"173";"498";"1,70";"2704,82";"5889879,84";"2424"
"500440320";"São Pedro";"2200";"309";"816";"1,58";"2463,22";"3518870,60";"2200"
"500450205";"Itaporã";"1300";"6881";"20254";"2,33";"2190,94";"8406326,99";"1300"
"500450210";"Carumbé";"2000";"362";"977";"1,42";"2208,77";"3154221,58";"2000"
"500450215";"Montese";"1212";"506";"1322";"1,75";"1909,77";"2397403,96";"1212"
"500450220";"Piraporã";"1212";"357";"901";"1,66";"2085,07";"6577366,12";"1212"
"500450225";"Santa Terezinha";"1500";"252";"669";"1,53";"2182,00";"4804020,48";"1500"
"500460105";"Itaquiraí";"1500";"6917";"19258";"1,86";"2218,23";"6723974,13";"1500"
"500470005";"Ivinhema";"1800";"9551";"25856";"1,61";"2576,51";"9200662,70";"1800"
"500470010";"Amandina";"1267";"743";"1855";"1,53";"1859,62";"2930261,79";"1267"
"500480905";"Japorã";"1200";"2166";"7292";"3,43";"1466,65";"2315160,34";"1200"
"500480910";"Jacareí";"1212";"322";"834";"2,16";"1595,92";"1288512,07";"1212"
"500490805";"Jaraguari";"1800";"1791";"4783";"1,88";"2475,50";"6876586,46";"1800"
"500490810";"Bom Fim";"1325";"926";"2323";"1,78";"2085,24";"8002218,62";"1325"
"500500405";"Jardim";"1600";"8125";"23180";"2,25";"2868,86";"22822909,33";"1600"
"500500410";"Boqueirão";"1220";"216";"608";"2,36";"2035,54";"14375470,13";"1220"
"500510305";"Jateí";"1700";"1261";"3578";"1,89";"2623,78";"10342646,50";"1700"
"500515205";"Juti";"1500";"2385";"6713";"2,01";"2148,94";"4408294,12";"1500"
"500520205";"Ladário";"1500";"6386";"21485";"3,07";"2568,38";"8380863,01";"1500"
"500525105";"Laguna Carapã";"1500";"2346";"6779";"1,99";"2475,51";"17053920,29";"1500"
"500540005";"Maracaju";"2000";"14937";"42390";"2,14";"3057,19";"16497343,77";"2000"
"500540010";"Vista Alegre";"1800";"816";"2496";"2,47";"2426,00";"12536640,09";"1800"
"500560805";"Miranda";"1212";"7838";"25310";"3,17";"2015,84";"10677694,22";"1212"
"500568105";"Mundo Novo";"1500";"7044";"18811";"1,73";"2396,13";"8503476,24";"1500"
"500570705";"Naviraí";"1800";"18548";"49805";"1,69";"2829,63";"14153688,96";"1800"
"500580605";"Nioaque";"1500";"4650";"13198";"2,08";"2282,77";"10057159,74";"1500"
"500600205";"Nova Alvorada do Sul";"2000";"7048";"19748";"1,96";"2449,40";"6325640,06";"2000"
"500600210";"Pana";"2000";"740";"2054";"1,77";"2339,36";"4619701,14";"2000"
"500620005";"Nova Andradina";"2000";"16371";"45062";"1,83";"2969,31";"15373452,77";"2000"
"500620020";"Nova Casa Verde";"1700";"1198";"3246";"1,92";"2166,81";"4625391,54";"1700"
"500625905";"Novo Horizonte do Sul";"1500";"1796";"4719";"1,64";"2115,52";"3636172,36";"1500"
"500627505";"Paraíso das Águas";"2200";"1437";"3958";"1,65";"3001,63";"14200849,75";"2200"
"500627510";"Alto Sucuriú";"2500";"184";"531";"2,30";"3394,74";"40220370,43";"2500"
"500627515";"Bela Alvorada";"2800";"333";"995";"1,85";"3233,25";"10413778,26";"2800"
"500630905";"Paranaíba";"1800";"14895";"38201";"1,73";"2767,13";"13836237,54";"1800"
"500630908";"Alto Santana";"2000";"165";"430";"2,00";"2339,11";"1842449,67";"2000"
"500630923";"Raimundo";"2200";"249";"646";"1,32";"3022,12";"39102511,97";"2200"
"500630935";"São João do Aporé";"1500";"172";"461";"1,73";"2853,95";"84451244,94";"1500"
"500630940";"Tamandaré";"2000";"170";"392";"1,08";"2463,20";"7059489,21";"2000"
"500630945";"Velhacaria";"2000";"155";"396";"1,22";"2446,82";"2971293,78";"2000"
"500635805";"Paranhos";"1212";"3632";"12728";"4,44";"1756,05";"5888189,19";"1212"
"500640805";"Pedro Gomes";"1212";"2701";"6882";"1,67";"2255,89";"14655212,64";"1212"
"500660605";"Ponta Porã";"1800";"28673";"85843";"2,51";"3113,63";"1035671102,30";"1800"
"500660615";"Cabeceira do Apa";"1500";"710";"2047";"2,04";"2104,54";"6861709,20";"1500"
"500660625";"Sanga Puitã";"1220";"1079";"3483";"2,85";"1698,79";"5195055,98";"1220"
"500690305";"Porto Murtinho";"1500";"4032";"12747";"3,01";"2328,96";"8659338,50";"1500"
"500710905";"Ribas do Rio Pardo";"2000";"7667";"22674";"2,24";"2807,08";"11030481,31";"2000"
"500710910";"Bálsamo";"2000";"129";"309";"1,76";"2207,29";"1272193,79";"2000"
"500720805";"Rio Brilhante";"2000";"12038";"34050";"1,97";"2900,92";"100039885,11";"2000"
"500720810";"Prudêncio Thomaz";"1300";"1090";"3078";"2,36";"1877,43";"2764895,90";"1300"
"500730705";"Rio Negro";"1600";"1650";"4531";"2,03";"2407,09";"7464537,62";"1600"
"500730710";"Nova Esperança";"1800";"119";"292";"1,30";"2209,43";"3736056,21";"1800"
"500740605";"Rio Verde de Mato Grosso";"1600";"7164";"19309";"1,93";"2444,20";"11059060,63";"1600"
"500740610";"Juscelândia";"2000";"148";"397";"1,73";"3102,34";"28050544,51";"2000"
"500750505";"Rochedo";"1600";"1778";"4867";"2,00";"2218,53";"4830456,54";"1600"
"500750510";"Água Boa";"1500";"114";"305";"1,92";"2440,04";"13600783,11";"1500"
"500755405";"Santa Rita do Pardo";"1800";"2514";"6989";"1,81";"2250,80";"5002026,96";"1800"
"500769505";"São Gabriel do Oeste";"2400";"10044";"27898";"1,89";"3449,77";"23442883,92";"2400"
"500769510";"Areado";"2000";"562";"1387";"1,73";"2463,43";"7601220,08";"2000"
"500769515";"Ponte Vermelha";"2500";"64";"171";"2,26";"2767,67";"2566733,81";"2500"
"500770305";"Sete Quedas";"1212";"3668";"10953";"2,36";"2245,28";"9424450,77";"1212"
"500780205";"Selvíria";"1500";"3006";"8050";"1,77";"2230,07";"12189462,51";"1500"
"500790105";"Sidrolândia";"1500";"13249";"38255";"2,13";"2457,54";"10610857,65";"1500"
"500790110";"Capão Seco";"1212";"2701";"7179";"2,18";"1664,65";"5127546,36";"1212"
"500790115";"Quebra Côco";"1500";"598";"1590";"1,86";"2087,48";"4629220,81";"1500"
"500793505";"Sonora";"2000";"5241";"14442";"1,86";"2768,23";"14033680,83";"2000"
"500795005";"Tacuru";"1212";"3242";"10786";"4,13";"1901,25";"10799286,56";"1212"
"500797605";"Taquarussu";"1700";"1377";"3619";"1,62";"2196,00";"4226550,99";"1700"
"500800805";"Terenos";"1600";"6448";"17539";"2,00";"2287,33";"6017288,47";"1600"
"500830505";"Três Lagoas";"2000";"46434";"127196";"1,85";"3149,68";"14326244,43";"2000"
"500830510";"Arapuá";"1500";"520";"1322";"1,62";"1956,94";"3442309,48";"1500"
"500830515";"Garcias";"2400";"650";"1808";"1,92";"2626,58";"8310358,33";"2400"
"500830525";"Guadalupe do Alto Paraná";"2000";"276";"702";"1,52";"2419,48";"3611109,56";"2000"
"500840405";"Vicentina";"1740";"1870";"4889";"1,66";"2522,36";"6713713,02";"1740"
"500840440";"São José";"1500";"268";"757";"2,09";"2131,53";"4469697,33";"1500"
"500840445";"Vila Rica";"1212";"253";"661";"1,74";"1886,68";"2780280,46";"1212"
"510010205";"Acorizal";"1400";"1292";"3584";"2,02";"2091,44";"4676704,71";"1400"
"510010207";"Baús";"1212";"261";"714";"2,02";"1685,66";"2550320,42";"1212"
"510010210";"Aldeia";"1212";"262";"687";"2,14";"1941,57";"4137915,65";"1212"
"510020105";"Água Boa";"2500";"9623";"26652";"2,00";"3631,20";"20963030,25";"2500"
"510020115";"Jaraguá";"2424";"406";"1139";"1,66";"3222,75";"11525995,99";"2424"
"510020125";"Serrinha";"2000";"313";"872";"1,87";"2518,50";"7992530,83";"2000"
"510025005";"Alta Floresta";"2424";"20918";"58451";"1,87";"3792,39";"1291630559,58";"2424"
"510030005";"Alto Araguaia";"2100";"6408";"16458";"1,90";"3057,36";"13746549,23";"2100"
"510030007";"Buriti";"2000";"236";"582";"1,64";"2541,50";"6454683,61";"2000"
"510035905";"Alto Boa Vista";"1700";"1775";"5638";"3,44";"2731,57";"21950041,18";"1700"
"510040905";"Alto Garças";"2000";"4583";"12979";"2,36";"2694,94";"15916233,07";"2000"
"510050805";"Alto Paraguai";"1300";"2119";"5707";"2,19";"1876,67";"3902547,06";"1300"
"510050807";"Capão Verde";"1212";"546";"1350";"1,78";"1883,40";"9927402,62";"1212"
"510050810";"Lavouras";"1300";"347";"938";"2,71";"1572,62";"1252873,02";"1300"
"510060705";"Alto Taquari";"2400";"3912";"10849";"1,85";"3343,85";"16277851,94";"2400"
"510080505";"Apiacás";"2000";"2797";"8477";"2,88";"3127,92";"15518735,13";"2000"
"510100105";"Araguaiana";"1600";"1450";"3777";"1,67";"2343,32";"8845451,57";"1600"
"510120905";"Araguainha";"1500";"408";"1005";"1,97";"2481,44";"6863820,77";"1500"
"510125805";"Araputanga";"1700";"5498";"14664";"1,74";"2525,95";"10971030,26";"1700"
"510130805";"Arenápolis";"1500";"3809";"10525";"1,91";"2523,26";"8599686,79";"1500"
"510140705";"Aripuanã";"2500";"6410";"20005";"2,50";"3475,04";"25141396,25";"2500"
"510140735";"Conselvan";"2400";"1334";"4172";"2,24";"3104,39";"10025789,80";"2400"
"510160505";"Barão de Melgaço";"1212";"1696";"5032";"2,51";"1670,85";"3184294,32";"1212"
"510160510";"Joselândia";"1212";"732";"2178";"2,97";"1607,26";"1136807,02";"1212"
"510170405";"Barra do Bugres";"1800";"10054";"27846";"2,00";"2755,75";"14968938,02";"1800"
"510170406";"Assari";"2000";"432";"1203";"2,06";"2398,41";"5781412,66";"2000"
"510170422";"Tapirapuã";"2500";"57";"191";"2,02";"2637,67";"1708470,62";"2500"
"510180305";"Barra do Garças";"2000";"24049";"63797";"1,91";"3137,96";"15875493,70";"2000"
"510180315";"Indianópolis";"2000";"431";"1318";"3,30";"2390,67";"2318116,33";"2000"
"510180330";"Toricueije";"1500";"429";"2833";"14,45";"2055,93";"2894215,12";"1500"
"510180335";"Vale dos Sonhos";"1600";"346";"864";"1,58";"2253,57";"3374755,71";"1600"
"510185205";"Bom Jesus do Araguaia";"2227";"2474";"7230";"1,98";"2942,43";"15895251,32";"2226.5"
"510190205";"Brasnorte";"2500";"4846";"13622";"2,05";"3253,89";"15513563,44";"2500"
"510190210";"Água da Prata";"2300";"871";"3029";"3,45";"2759,42";"5470141,61";"2300"
"510250405";"Cáceres";"1600";"28936";"83343";"2,28";"2932,60";"16186676,57";"1600"
"510250407";"Bezerro Branco";"1600";"363";"981";"1,93";"2096,91";"2714518,73";"1600"
"510250415";"Caramujo";"1800";"951";"2707";"1,79";"2724,45";"19339910,76";"1800"
"510250425";"Horizonte do Oeste";"2400";"275";"728";"1,64";"2656,31";"4542262,53";"2400"
"510250430";"Nova Cáceres";"1500";"537";"1430";"1,78";"1897,68";"2126550,10";"1500"
"510260305";"Campinápolis";"1300";"3219";"13424";"10,50";"2468,27";"13137751,35";"1300"
"510260315";"São José do Couto";"2000";"432";"1171";"1,95";"2793,32";"8513274,77";"2000"
"510263705";"Campo Novo do Parecis";"2700";"14350";"42251";"2,02";"3695,53";"19439336,60";"2700"
"510263715";"Itanorte";"3000";"456";"1632";"1,76";"3348,81";"12093494,10";"3000"
"510263720";"Marechal Rondon";"2500";"488";"1499";"2,12";"2811,82";"8483827,34";"2500"
"510267805";"Campo Verde";"2400";"15304";"44122";"1,91";"3423,55";"19967806,62";"2400"
"510267810";"Coronel Ponce";"2000";"114";"317";"1,96";"2775,42";"6635110,38";"2000"
"510268605";"Campos de Júlio";"2600";"2880";"8587";"2,10";"3692,24";"17123008,54";"2600"
"510269405";"Canabrava do Norte";"2000";"1564";"4453";"2,02";"2873,29";"17288587,65";"2000"
"510270205";"Canarana";"2800";"8869";"25725";"2,75";"4140,72";"84122711,92";"2800"
"510279305";"Carlinda";"2000";"3784";"10318";"1,71";"2563,05";"8506150,64";"2000"
"510285005";"Castanheira";"2000";"2722";"7457";"1,69";"2574,80";"9470774,43";"2000"
"510300705";"Chapada dos Guimarães";"2000";"5613";"15575";"2,27";"3140,57";"19389450,17";"2000"
"510300710";"Água Fria";"1212";"762";"1959";"2,33";"1733,25";"2375824,70";"1212"
"510300720";"Rio da Casca";"1500";"507";"1354";"1,75";"2347,53";"6852235,21";"1500"
"510305605";"Cláudia";"2000";"3395";"9586";"1,92";"2654,41";"7916386,50";"2000"
"510310605";"Cocalinho";"2000";"2271";"6180";"1,82";"2529,23";"6161111,67";"2000"
"510320505";"Colíder";"2000";"11741";"31222";"1,66";"2995,19";"17171079,24";"2000"
"510325405";"Colniza";"1875";"7474";"21248";"1,72";"2526,50";"10715065,45";"1875"
"510325410";"Guariba";"2000";"1355";"4155";"2,23";"2729,50";"26852265,49";"2000"
"510330405";"Comodoro";"2000";"4882";"13335";"1,83";"2921,42";"36542893,08";"2000"
"510330409";"Colônia dos Mineiros";"2000";"368";"1079";"2,43";"2531,98";"3320069,86";"2000"
"510330415";"Nova Alvorada";"2000";"518";"1523";"2,15";"2403,48";"4036082,92";"2000"
"510330417";"Noroagro";"2000";"235";"652";"1,59";"2469,60";"4185336,77";"2000"
"510330420";"Padronal";"1400";"390";"1409";"4,19";"2066,79";"4047848,66";"1400"
"510335305";"Confresa";"2000";"11109";"32647";"2,15";"2919,40";"13673110,60";"2000"
"510335320";"Veranópolis";"2000";"799";"2347";"1,89";"2202,68";"2464630,15";"2000"
"510336105";"Conquista D'Oeste";"2025";"1330";"3737";"1,85";"2853,03";"8671010,29";"2025"
"510337905";"Cotriguaçu";"2000";"3422";"9678";"1,80";"3058,32";"15288135,64";"2000"
"510337910";"Nova União";"2000";"458";"1285";"1,72";"2382,25";"4028309,14";"2000"
"510340305";"Cuiabá";"3000";"89017";"237698";"2,03";"6222,11";"72692227,85";"3000"
"510340310";"Coxipó da Ponte";"2000";"138983";"396956";"2,17";"3514,55";"30870586,08";"2000"
"510340315";"Coxipó do Ouro";"1800";"810";"2388";"2,81";"3068,01";"12851452,18";"1800"
"510340320";"Guia";"1500";"1599";"4483";"2,40";"2369,02";"10835505,03";"1500"
"510340325";"Nova Esperança (Pequizeiro)";"1500";"722";"2065";"2,62";"2305,25";"5855068,73";"1500"
"510340330";"Aguaçu";"1300";"553";"1455";"2,19";"1863,84";"5715992,38";"1300"
"510340335";"Sucuri";"1500";"506";"1495";"2,24";"2134,21";"3362061,03";"1500"
"510343705";"Curvelândia";"1300";"1794";"4898";"1,66";"2099,32";"4689398,29";"1300"
"510345205";"Denise";"2000";"2474";"6998";"2,01";"2561,25";"10255399,59";"2000"
"510350205";"Diamantino";"2000";"7500";"21775";"2,05";"3018,80";"13349979,41";"2000"
"510360105";"Dom Aquino";"1500";"2697";"7006";"1,89";"2426,89";"8349212,84";"1500"
"510360120";"Entre Rios";"1500";"329";"821";"1,87";"2366,40";"11707923,95";"1500"
"510370005";"Feliz Natal";"2051";"3319";"10296";"2,65";"3041,54";"13816960,87";"2050.5"
"510380905";"Figueirópolis D'Oeste";"2000";"1211";"3174";"1,46";"2774,13";"10215007,64";"2000"
"510385805";"Gaúcha do Norte";"2400";"2659";"8502";"3,01";"3006,29";"13131915,42";"2400"
"510390805";"General Carneiro";"1212";"1367";"3675";"2,69";"2088,96";"5437276,21";"1212"
"510390820";"Paredão Grande";"1800";"474";"2006";"10,87";"2421,57";"6544714,34";"1800"
"510395705";"Glória D'Oeste";"1212";"900";"2313";"1,52";"2220,54";"4794319,91";"1212"
"510395716";"Monte Castelo D'Oeste";"1212";"213";"561";"1,61";"1786,22";"3117914,60";"1212"
"510410405";"Guarantã do Norte";"2000";"10908";"30993";"1,96";"2871,83";"14416456,88";"2000"
"510420305";"Guiratinga";"1300";"4018";"9854";"1,72";"2407,92";"12379617,21";"1300"
"510420310";"Alcantilado";"2000";"61";"117";"0,78";"2177,31";"3652218,04";"2000"
"510420325";"Vale Rico";"1212";"320";"785";"1,62";"2015,60";"8489313,14";"1212"
"510450005";"Indiavaí";"1912";"837";"2200";"1,72";"2241,46";"3578544,63";"1912"
"510452605";"Ipiranga do Norte";"2500";"2546";"7638";"1,92";"4049,68";"423963156,90";"2500"
"510454205";"Itanhangá";"2424";"2552";"7490";"2,17";"3180,30";"21046228,74";"2424"
"510455905";"Itaúba";"2000";"1741";"5003";"1,98";"2966,12";"19976167,34";"2000"
"510460905";"Itiquira";"2000";"2990";"8459";"2,11";"2846,60";"11659149,26";"2000"
"510460910";"Ouro Branco do Sul";"2400";"1302";"3734";"1,85";"3035,95";"7896844,94";"2400"
"510480705";"Jaciara";"1700";"10010";"27669";"1,86";"2670,67";"13313603,53";"1700"
"510480720";"Celma";"2000";"274";"740";"2,23";"2556,59";"7773872,57";"2000"
"510490605";"Jangada";"1250";"2548";"7420";"2,31";"2058,14";"9076313,02";"1250"
"510500205";"Jauru";"2000";"2803";"7548";"1,76";"2926,30";"15227778,30";"2000"
"510500215";"Lucialva";"2300";"288";"780";"1,52";"3134,67";"9027528,05";"2300"
"510510105";"Juara";"2000";"10656";"30141";"1,96";"3035,49";"18118104,08";"2000"
"510510110";"Águas Claras";"2300";"313";"938";"2,73";"2628,62";"5119480,90";"2300"
"510510115";"Catuaí";"2500";"548";"1842";"4,58";"3010,64";"4967174,76";"2500"
"510510120";"Paranorte";"2400";"579";"1641";"1,66";"3009,48";"12432964,92";"2400"
"510515005";"Juína";"2000";"15553";"42367";"1,88";"2917,71";"25982009,05";"2000"
"510515009";"Filadélfia";"2000";"574";"1648";"1,77";"2954,80";"24773004,24";"2000"
"510515010";"Fontanillas";"2400";"258";"712";"1,83";"3057,16";"15590008,79";"2400"
"510515030";"Terra Roxa";"2000";"310";"820";"1,28";"2624,75";"7541198,08";"2000"
"510517605";"Juruena";"2000";"3619";"10209";"1,92";"2818,11";"20763343,39";"2000"
"510520005";"Juscimeira";"1700";"2472";"6582";"1,76";"2402,33";"8576869,10";"1700"
"510520010";"Irenópolis";"1800";"564";"1504";"1,81";"2625,29";"20893633,59";"1800"
"510520015";"Santa Elvira";"1800";"648";"1654";"1,80";"2199,47";"2821082,35";"1800"
"510520020";"São Lourenço de Fátima";"2000";"642";"1668";"2,09";"2468,17";"5127386,10";"2000"
"510523405";"Lambari D'Oeste";"1800";"1723";"4780";"1,82";"2095,34";"2247065,13";"1800"
"510525905";"Lucas do Rio Verde";"2600";"27379";"82580";"2,07";"4320,05";"604442222,04";"2600"
"510525910";"Groslândia";"3000";"333";"955";"1,73";"3252,67";"11841758,97";"3000"
"510530905";"Luciara";"1212";"812";"2482";"3,23";"2023,40";"4030739,73";"1212"
"510550705";"Vila Bela da Santíssima Trindade";"2000";"3335";"10050";"2,35";"3062,65";"22063585,48";"2000"
"510550710";"Aguapeí";"2000";"2032";"6615";"2,92";"2726,95";"22367554,90";"2000"
"510558005";"Marcelândia";"2000";"3818";"11333";"2,43";"3007,91";"11896014,88";"2000"
"510560605";"Matupá";"2424";"6848";"19938";"2,04";"3318,82";"17699449,35";"2424"
"510562205";"Mirassol d'Oeste";"1700";"9262";"24896";"1,68";"2633,64";"10458852,60";"1700"
"510562230";"Sonho Azul";"1212";"601";"1632";"2,05";"1675,69";"2318616,26";"1212"
"510590305";"Nobres";"1900";"4339";"12673";"2,21";"2775,29";"10796771,74";"1900"
"510590306";"Bom Jardim";"1500";"598";"1835";"2,68";"2099,85";"3471558,68";"1500"
"510590307";"Coqueiral";"2000";"321";"918";"1,91";"2538,60";"3233759,76";"2000"
"510600005";"Nortelândia";"1500";"2130";"5820";"1,97";"2281,03";"5848438,44";"1500"
"510610905";"Nossa Senhora do Livramento";"1212";"2325";"6614";"2,23";"2105,55";"7220804,03";"1212"
"510610910";"Pirizal";"1300";"193";"527";"2,10";"2050,75";"3772149,65";"1300"
"510610913";"Ribeirão dos Cocais";"1212";"1101";"3221";"2,31";"2121,72";"5297970,24";"1212"
"510610915";"Faval";"1212";"979";"2540";"2,05";"1573,33";"2527091,02";"1212"
"510615805";"Nova Bandeirantes";"2000";"3373";"9317";"2,02";"2784,01";"9594387,61";"2000"
"510615810";"Japuranã";"1748";"1562";"4262";"1,95";"2222,34";"3599648,69";"1748"
"510617405";"Nova Nazaré";"2400";"1103";"3882";"6,24";"3122,70";"12851810,24";"2400"
"510618205";"Nova Lacerda";"2000";"2353";"6591";"2,17";"2899,68";"13926119,74";"2000"
"510619005";"Nova Santa Helena";"2190";"1506";"4234";"1,95";"2998,74";"17360436,59";"2190"
"510620805";"Nova Brasilândia";"1800";"1309";"3319";"1,88";"2336,81";"5721447,98";"1800"
"510620810";"Riolândia";"1500";"231";"570";"1,97";"2035,70";"2214384,36";"1500"
"510621605";"Nova Canaã do Norte";"1800";"3276";"8889";"1,64";"2623,80";"14859109,73";"1800"
"510621610";"Colorado do Norte";"2000";"430";"1178";"1,40";"2599,75";"26449788,88";"2000"
"510621615";"Ouro Branco";"2000";"583";"1613";"1,52";"2725,65";"10189245,18";"2000"
"510622405";"Nova Mutum";"2500";"17523";"53528";"2,11";"4065,13";"771037761,38";"2500"
"510622425";"Ranchão";"2500";"642";"1997";"1,94";"3408,23";"25865164,57";"2500"
"510623205";"Nova Olímpia";"2000";"5742";"16324";"2,08";"2482,45";"5653381,75";"2000"
"510624005";"Nova Ubiratã";"2300";"2196";"6665";"1,97";"3068,12";"8218174,03";"2300"
"510624010";"Entre Rios";"2000";"511";"1579";"2,71";"2447,67";"6692072,80";"2000"
"510624015";"Novo Mato Grosso";"2000";"81";"260";"2,64";"2481,39";"1744600,86";"2000"
"510624017";"Parque Água Limpa";"2350";"425";"1386";"2,36";"2896,85";"5485567,46";"2350"
"510624020";"Piratininga";"2226";"287";"820";"1,84";"2803,84";"4133112,63";"2226"
"510624026";"Santa Terezinha do Rio Ferro";"2700";"61";"200";"3,54";"3062,11";"4321215,60";"2700"
"510624030";"Santo Antônio do Rio Bonito";"2550";"180";"520";"1,57";"3299,07";"6530795,33";"2550"
"510625705";"Nova Xavantina";"2001";"8644";"22544";"1,88";"2908,59";"13004688,94";"2001"
"510625725";"União do Leste";"2000";"638";"1632";"1,53";"2720,29";"12107622,52";"2000"
"510626505";"Novo Mundo";"2424";"2222";"6484";"2,10";"2542,93";"7066496,44";"2424"
"510627305";"Novo Horizonte do Norte";"2100";"1255";"3344";"1,60";"2632,93";"4634412,56";"2100"
"510628105";"Novo São Joaquim";"2000";"2180";"5708";"1,79";"2650,20";"9342595,72";"2000"
"510628115";"Itaquerê";"2750";"349";"1080";"2,18";"3123,29";"4104870,41";"2750"
"510629905";"Paranaíta";"2000";"4080";"11627";"1,81";"2818,77";"8778146,61";"2000"
"510630705";"Paranatinga";"2000";"8201";"23436";"2,57";"2702,03";"12488468,51";"2000"
"510630715";"Salto da Alegria";"2300";"888";"2573";"2,46";"2953,54";"10720739,51";"2300"
"510631505";"Novo Santo Antônio";"1500";"730";"2003";"1,78";"2249,31";"5257981,85";"1500"
"510637205";"Pedra Preta";"1600";"6604";"17824";"1,75";"2338,92";"7374239,35";"1600"
"510637210";"São José do Planalto";"1750";"46";"111";"1,58";"2166,43";"2425316,59";"1750"
"510642205";"Peixoto de Azevedo";"1600";"9442";"28632";"2,48";"2302,77";"16776024,51";"1600"
"510642210";"União do Norte";"1450";"1423";"3807";"2,12";"1999,88";"2453145,08";"1450"
"510645505";"Planalto da Serra";"1843";"1116";"3145";"1,95";"2626,31";"13309352,78";"1843"
"510650505";"Poconé";"1212";"8839";"27007";"2,76";"1949,69";"3944674,58";"1212"
"510650510";"Cangas";"1212";"708";"2017";"2,10";"2015,75";"4752950,65";"1212"
"510650515";"Nossa Senhora Aparecida do Chumbo";"1212";"818";"2128";"2,04";"1705,68";"13512813,03";"1212"
"510665305";"Pontal do Araguaia";"2000";"2622";"6932";"1,87";"2888,54";"12938256,52";"2000"
"510670305";"Ponte Branca";"1389";"834";"2004";"1,58";"2321,14";"5416636,52";"1389"
"510675205";"Pontes e Lacerda";"2000";"18302";"51709";"1,92";"3027,40";"73620824,54";"2000"
"510677805";"Porto Alegre do Norte";"1212";"4064";"11986";"2,40";"2298,27";"10817722,89";"1212"
"510680205";"Porto dos Gaúchos";"2200";"2046";"5533";"1,70";"3117,07";"57531131,93";"2200"
"510682805";"Porto Esperidião";"1300";"2474";"7271";"2,35";"2106,11";"7172889,82";"1300"
"510682810";"Vila Cardoso";"2200";"516";"1517";"1,91";"2651,98";"5693022,32";"2200"
"510682815";"Pedro Neca";"2000";"463";"1332";"1,97";"2568,81";"5438785,90";"2000"
"510685105";"Porto Estrela";"1212";"1175";"3215";"1,93";"1755,04";"2092155,75";"1212"
"510700805";"Poxoréu";"1300";"4430";"11876";"2,13";"2185,51";"6252130,59";"1300"
"510700810";"Alto Coité";"1900";"2881";"8546";"3,47";"2311,46";"3488079,84";"1900"
"510700815";"Jarudore";"1212";"691";"1800";"2,05";"1790,28";"3996900,09";"1212"
"510700820";"Paraíso do Leste";"1212";"314";"835";"2,35";"2055,43";"10351311,63";"1212"
"510704005";"Primavera do Leste";"2500";"28965";"84687";"2,02";"3930,82";"23342741,51";"2500"
"510706505";"Querência";"2500";"8308";"25825";"2,46";"3931,29";"42187901,55";"2500"
"510706515";"Coutinho União";"2450";"125";"364";"1,86";"3127,69";"16266407,67";"2450"
"510710705";"São José dos Quatro Marcos";"1800";"6532";"17128";"1,54";"2530,10";"10798860,02";"1800"
"510710710";"Santa Fé";"1500";"248";"687";"1,68";"2059,83";"2119366,56";"1500"
"510715605";"Reserva do Cabaçal";"1400";"830";"2109";"1,87";"2495,39";"19834921,26";"1400"
"510718005";"Ribeirão Cascalheira";"2000";"3500";"10004";"3,19";"2713,08";"14104353,66";"2000"
"510719805";"Ribeirãozinho";"1621";"1010";"2582";"1,69";"2588,32";"8505804,50";"1620.5"
"510720605";"Rio Branco";"1500";"1744";"4523";"1,63";"2673,39";"19171492,10";"1500"
"510724805";"Santa Carmem";"2500";"1723";"5339";"2,25";"3406,86";"21254128,24";"2500"
"510726305";"Santo Afonso";"2000";"952";"2505";"2,03";"3819,40";"755090459,92";"2000"
"510729705";"São José do Povo";"1212";"1071";"2714";"1,58";"2151,88";"4615192,72";"1212"
"510729715";"Nova Catanduva";"1212";"70";"161";"1,02";"1642,60";"1120920,34";"1212"
"510730505";"São José do Rio Claro";"2000";"5189";"14768";"1,84";"3048,84";"208078857,46";"2000"
"510735405";"São José do Xingu";"2000";"1130";"3432";"3,01";"2772,79";"10391804,02";"2000"
"510735425";"Santo Antônio do Fontoura";"1700";"792";"2450";"2,37";"2529,59";"12597911,01";"1700"
"510740405";"São Pedro da Cipa";"1795";"1511";"4169";"2,02";"2321,81";"7104551,91";"1795"
"510757805";"Rondolândia";"1500";"1037";"3314";"2,93";"2212,14";"4415547,80";"1500"
"510760205";"Rondonópolis";"2224";"70267";"196271";"1,93";"3653,47";"35254648,83";"2224"
"510760210";"Anhumas";"2500";"143";"407";"1,36";"3705,53";"31766234,02";"2500"
"510760215";"Nova Galiléia";"1000";"164";"669";"4,99";"1216,65";"802671,55";"1000"
"510760220";"Boa Vista";"1212";"271";"711";"2,00";"1923,54";"2503390,30";"1212"
"510760230";"Vila Operária";"1800";"15977";"44641";"1,91";"2441,53";"5943570,65";"1800"
"510770105";"Rosário Oeste";"1500";"3884";"11014";"2,25";"2453,26";"8266168,29";"1500"
"510770110";"Arruda";"1212";"380";"994";"2,16";"1826,24";"3737446,91";"1212"
"510770115";"Bauxi";"1212";"601";"1707";"2,01";"1835,73";"2348335,88";"1212"
"510770120";"Marzagão";"1700";"658";"1625";"1,98";"2279,56";"3702326,22";"1700"
"510774305";"Santa Cruz do Xingu";"2000";"886";"2610";"2,46";"3617,01";"67536204,31";"2000"
"510775005";"Salto do Céu";"1500";"1016";"2656";"1,61";"2219,28";"4706282,65";"1500"
"510775010";"Cristinópolis";"2000";"214";"609";"1,97";"2575,26";"4105717,24";"2000"
"510775015";"Vila Progresso";"2000";"155";"405";"1,43";"2586,60";"4191514,47";"2000"
"510776805";"Santa Rita do Trivelato";"2200";"1050";"3254";"2,03";"3254,05";"14689809,11";"2200"
"510777605";"Santa Terezinha";"1500";"2336";"7556";"3,60";"2322,40";"12042120,03";"1500"
"510779205";"Santo Antônio do Leste";"2000";"1292";"4093";"3,16";"2641,66";"5835656,67";"2000"
"510780005";"Santo Antônio de Leverger";"1800";"3373";"10218";"2,54";"2579,58";"7752683,67";"1800"
"510780010";"Engenho Velho";"1600";"136";"373";"1,76";"3259,14";"26865211,37";"1600"
"510780015";"Mimoso";"1212";"574";"1802";"3,82";"2016,73";"9562533,47";"1212"
"510780017";"Caité";"1212";"830";"2195";"2,13";"1848,10";"15554182,99";"1212"
"510780025";"Varginha";"2000";"202";"571";"2,72";"2722,51";"6996691,89";"2000"
"510785905";"São Félix do Araguaia";"1800";"3270";"9105";"2,41";"2712,73";"12547595,31";"1800"
"510785915";"Espigão do Leste";"2500";"1348";"3907";"2,05";"3196,62";"9917245,21";"2500"
"510787505";"Sapezal";"2800";"9279";"27676";"2,00";"4083,99";"243843594,99";"2800"
"510788305";"Serra Nova Dourada";"2000";"641";"1799";"2,12";"2437,50";"3319352,11";"2000"
"510790905";"Sinop";"2600";"68502";"195391";"2,09";"4044,04";"150475905,03";"2600"
"510792505";"Sorriso";"2800";"35679";"106122";"2,12";"4304,35";"62973454,01";"2800"
"510792510";"Boa Esperança";"2600";"108";"320";"1,44";"3509,03";"9197079,39";"2600"
"510792515";"Caravágio";"2500";"258";"763";"1,75";"3017,10";"15314063,14";"2500"
"510792530";"Primavera";"2500";"985";"2934";"1,92";"3442,41";"19547241,42";"2500"
"510794105";"Tabaporã";"2500";"3300";"9667";"1,86";"3236,08";"13873651,44";"2500"
"510795805";"Tangará da Serra";"2200";"35888";"99106";"1,88";"3348,71";"18115035,12";"2200"
"510795815";"Progresso";"1500";"798";"2178";"1,77";"2371,17";"4807185,43";"1500"
"510795820";"São Joaquim";"1600";"282";"765";"2,24";"2400,48";"6387541,90";"1600"
"510795825";"São Jorge";"2000";"1054";"3588";"4,80";"2637,01";"5378290,79";"2000"
"510800605";"Tapurah";"3000";"4261";"12962";"2,21";"3899,98";"15520550,44";"3000"
"510800630";"Novo Eldorado";"3000";"337";"1086";"1,60";"3377,72";"5458954,90";"3000"
"510805505";"Terra Nova do Norte";"2424";"3052";"8505";"1,82";"3228,20";"14266414,25";"2424"
"510805515";"Miraguaí do Norte";"2000";"317";"820";"1,71";"2460,87";"4841301,62";"2000"
"510805520";"Nonoaí do Norte";"1500";"149";"414";"1,43";"2145,92";"1925140,99";"1500"
"510805530";"Nona Agrovila";"2000";"327";"865";"1,48";"2368,59";"6485092,26";"2000"
"510810505";"Tesouro";"1212";"877";"2259";"2,17";"2277,43";"32516169,57";"1212"
"510810510";"Batovi";"2000";"212";"555";"2,40";"2701,34";"50175049,69";"2000"
"510810515";"Cassununga";"2500";"63";"194";"1,98";"3142,63";"13689348,75";"2500"
"510820405";"Torixoréu";"1212";"1702";"4145";"1,55";"2322,33";"6906512,40";"1212"
"510830305";"União do Sul";"2000";"1320";"3820";"2,10";"2848,07";"31990392,57";"2000"
"510835205";"Vale de São Domingos";"2000";"1097";"2902";"1,59";"2480,73";"4914292,00";"2000"
"510840205";"Várzea Grande";"1800";"77159";"223478";"2,15";"2567,99";"8012320,23";"1800"
"510840210";"Bom Sucesso";"1300";"1504";"4611";"2,16";"1910,60";"3773739,55";"1300"
"510840215";"Passagem da Conceição";"1350";"605";"1628";"2,16";"2150,39";"3849768,32";"1350"
"510840220";"Porto Velho";"1800";"20635";"58704";"2,20";"2545,64";"6640703,98";"1800"
"510840225";"Capão Grande";"1240";"3374";"10528";"2,50";"1617,90";"1453660,05";"1240"
"510850105";"Vera";"2001";"4281";"12741";"2,24";"3038,84";"18987119,37";"2001"
"510860005";"Vila Rica";"2000";"6880";"19698";"2,20";"2962,35";"14856843,43";"2000"
"510880805";"Nova Guarita";"2400";"1670";"4536";"1,63";"2943,11";"9177382,70";"2400"
"510885705";"Nova Marilândia";"1900";"1241";"3521";"2,10";"2623,87";"7660528,59";"1900"
"510890705";"Nova Maringá";"2500";"1920";"5691";"2,16";"3288,88";"13644559,83";"2500"
"510895605";"Nova Monte Verde";"2000";"2987";"8290";"1,94";"2759,41";"9605580,17";"2000"
"520005005";"Abadia de Goiás";"1500";"6229";"18715";"2,35";"2270,25";"7229999,86";"1500"
"520010005";"Abadiânia";"1212";"4982";"13924";"2,26";"1999,91";"4370944,58";"1212"
"520010010";"Posse d'Abadia";"1400";"1176";"2991";"2,11";"2096,43";"4138422,99";"1400"
"520013405";"Acreúna";"1795";"7894";"21314";"1,82";"2568,56";"14080702,55";"1795"
"520015905";"Adelândia";"1400";"914";"2278";"1,58";"2361,88";"20007531,99";"1400"
"520017505";"Água Fria de Goiás";"1212";"1541";"4200";"2,04";"2084,74";"5113179,06";"1212"
"520017510";"Mato Seco";"1212";"256";"711";"1,88";"1556,73";"2113755,25";"1212"
"520020905";"Água Limpa";"1500";"745";"1842";"1,49";"2307,96";"5755446,57";"1500"
"520025805";"Águas Lindas de Goiás";"1400";"74456";"225231";"2,22";"1958,17";"23931390,31";"1400"
"520030805";"Alexânia";"1300";"9088";"25343";"2,02";"2268,36";"8962637,23";"1300"
"520030810";"Olhos D'Água";"1500";"623";"1550";"2,03";"3001,07";"15138679,47";"1500"
"520050605";"Aloândia";"1700";"812";"1968";"1,40";"2497,70";"17375495,36";"1700"
"520055505";"Alto Horizonte";"2000";"2161";"6052";"1,91";"2764,25";"10717679,06";"2000"
"520060505";"Alto Paraíso de Goiás";"2000";"3248";"9073";"2,74";"3190,37";"21475755,58";"2000"
"520060525";"São Jorge";"2200";"372";"928";"2,29";"3348,52";"11761964,83";"2200"
"520080305";"Alvorada do Norte";"1212";"2954";"8444";"2,08";"4163,71";"13543480489,38";"1212"
"520082905";"Amaralina";"1212";"1280";"3259";"1,63";"2008,09";"5687640,08";"1212"
"520085205";"Americano do Brasil";"1212";"2107";"5247";"1,59";"1896,07";"5190765,18";"1212"
"520090205";"Amorinópolis";"1375";"1255";"2998";"1,50";"2329,64";"9794872,97";"1375"
"520110805";"Anápolis";"2000";"140012";"390240";"1,92";"3164,11";"37785167,05";"2000"
"520110810";"Goialândia";"1212";"408";"1092";"2,04";"1700,80";"2254094,70";"1212"
"520110815";"Interlândia";"1212";"779";"2364";"2,38";"1791,10";"3211234,87";"1212"
"520110820";"Joanápolis";"1250";"456";"1234";"2,14";"1954,64";"2427060,04";"1250"
"520110830";"Souzânia";"1212";"559";"1757";"2,17";"1868,49";"4194371,92";"1212"
"520120705";"Anhanguera";"1600";"358";"924";"2,06";"2272,93";"3098644,18";"1600"
"520130605";"Anicuns";"1500";"6751";"17477";"1,49";"2366,32";"7624329,23";"1500"
"520130615";"Capelinha";"1212";"251";"615";"1,22";"1951,24";"6973294,39";"1212"
"520130620";"Choupana";"1212";"154";"362";"1,34";"1816,31";"1259367,41";"1212"
"520140505";"Aparecida de Goiânia";"1600";"70445";"204121";"2,12";"2189,99";"64852881,23";"1600"
"520140510";"Nova Brasília";"2000";"115766";"318254";"1,86";"2866,91";"13024896,72";"2000"
"520145405";"Aparecida do Rio Doce";"1734";"1099";"2872";"1,66";"2454,05";"7369424,95";"1734"
"520150405";"Aporé";"2200";"1567";"4318";"1,87";"2711,68";"12116311,89";"2200"
"520160305";"Araçu";"1212";"1528";"3759";"1,66";"1924,21";"4224462,56";"1212"
"520170205";"Aragarças";"1400";"6636";"18193";"2,11";"2319,96";"5694733,36";"1400"
"520180105";"Aragoiânia";"1500";"4648";"11846";"1,99";"2304,66";"8360570,77";"1500"
"520215505";"Araguapaz";"1500";"2776";"7130";"1,64";"2125,23";"4690494,38";"1500"
"520235305";"Arenópolis";"1500";"1208";"2946";"1,47";"2300,22";"10009800,98";"1500"
"520250205";"Aruanã";"1630";"3034";"8224";"2,03";"2533,60";"14172998,05";"1630"
"520260105";"Aurilândia";"1500";"1363";"3266";"1,52";"2504,68";"12240562,92";"1500"
"520280905";"Avelinópolis";"1500";"1117";"2868";"1,44";"2187,92";"5678941,62";"1500"
"520310405";"Baliza";"1220";"1286";"3341";"1,81";"2119,43";"4073949,30";"1220"
"520320305";"Barro Alto";"1875";"3648";"10316";"1,93";"2488,62";"10115722,81";"1875"
"520330205";"Bela Vista de Goiás";"1800";"11905";"31741";"1,80";"2558,58";"12933965,47";"1800"
"520330215";"Roselândia";"1600";"999";"2577";"2,06";"2529,69";"15400667,05";"1600"
"520340105";"Bom Jardim de Goiás";"1400";"3109";"7780";"1,50";"2307,58";"7198856,65";"1400"
"520350005";"Bom Jesus de Goiás";"2000";"8662";"23831";"1,83";"2744,71";"15047023,58";"2000"
"520355905";"Bonfinópolis";"1500";"3805";"10257";"1,96";"2153,68";"6883667,54";"1500"
"520357505";"Bonópolis";"1600";"1237";"3282";"1,72";"2223,08";"12346137,78";"1600"
"520360905";"Brazabrantes";"1400";"1548";"3991";"1,69";"2087,75";"10474153,00";"1400"
"520380705";"Britânia";"1707";"2138";"5657";"1,63";"2422,28";"9642797,43";"1707"
"520390605";"Buriti Alegre";"1500";"4184";"10433";"1,60";"2283,65";"11023555,85";"1500"
"520393905";"Buriti de Goiás";"1212";"1108";"2732";"1,41";"2173,04";"6214444,34";"1212"
"520396205";"Buritinópolis";"1212";"1106";"3141";"1,77";"1550,01";"1713183,19";"1212"
"520400305";"Cabeceiras";"1275";"2736";"7547";"1,89";"2051,83";"4241010,61";"1275"
"520410205";"Cachoeira Alta";"1900";"4296";"11344";"1,80";"2742,38";"16173482,57";"1900"
"520420105";"Cachoeira de Goiás";"1500";"591";"1405";"1,46";"2179,82";"8238271,66";"1500"
"520425005";"Cachoeira Dourada";"1800";"3019";"7771";"1,57";"2427,96";"9308660,67";"1800"
"520430005";"Caçu";"2000";"5354";"13703";"1,59";"3049,50";"25977414,05";"2000"
"520440905";"Caiapônia";"1900";"6386";"16409";"1,61";"2743,29";"12631711,35";"1900"
"520450805";"Caldas Novas";"1800";"36748";"98232";"1,80";"2945,56";"106858391,76";"1800"
"520455705";"Caldazinha";"1500";"1710";"4503";"1,73";"2252,31";"5466540,55";"1500"
"520460705";"Campestre de Goiás";"1400";"1397";"3751";"1,75";"2179,97";"7373740,88";"1400"
"520465605";"Campinaçu";"1245";"1418";"3708";"1,68";"2198,35";"8080970,10";"1245"
"520470605";"Campinorte";"1600";"4225";"11499";"1,73";"2461,00";"9786933,83";"1600"
"520470610";"Colinaçu";"1500";"410";"990";"1,27";"2170,21";"11494719,97";"1500"
"520480505";"Campo Alegre de Goiás";"2000";"2616";"7397";"1,90";"2783,34";"14903969,52";"2000"
"520485405";"Campo Limpo de Goiás";"1214";"2696";"8062";"2,04";"1963,36";"4068602,67";"1214"
"520490405";"Campos Belos";"1212";"6289";"17996";"2,02";"2131,55";"8274116,12";"1212"
"520495305";"Campos Verdes";"1212";"1500";"4003";"1,84";"1682,01";"3091550,40";"1212"
"520500005";"Carmo do Rio Verde";"1500";"3694";"9680";"1,61";"2225,20";"7068345,14";"1500"
"520505905";"Castelândia";"1212";"1189";"2970";"1,51";"2215,22";"22224236,42";"1212"
"520510905";"Catalão";"2400";"40430";"108438";"1,73";"3751,41";"2581881693,21";"2400"
"520510908";"Pires Belo";"1800";"677";"1809";"2,19";"2661,87";"12099266,48";"1800"
"520510910";"Santo Antônio do Rio Verde";"2500";"1316";"3657";"1,99";"3365,06";"30614613,12";"2500"
"520520805";"Caturaí";"1212";"1962";"5178";"1,71";"1981,23";"3946630,41";"1212"
"520530705";"Cavalcante";"1212";"3482";"9543";"2,69";"1873,79";"6148757,35";"1212"
"520540605";"Ceres";"2000";"8357";"21937";"1,63";"3396,81";"148150245,40";"2000"
"520545505";"Cezarina";"1500";"3220";"8086";"1,68";"2279,89";"8174912,57";"1500"
"520547105";"Chapadão do Céu";"2900";"4286";"12840";"1,81";"3655,90";"17856813,99";"2900"
"520549705";"Cidade Ocidental";"1500";"31789";"91614";"2,05";"2250,64";"7392530,12";"1500"
"520551305";"Cocalzinho de Goiás";"1300";"8982";"24853";"2,06";"1940,72";"4931219,09";"1300"
"520552105";"Colinas do Sul";"1212";"1284";"3459";"2,27";"2096,79";"13352989,67";"1212"
"520552130";"Vila Borba";"1212";"205";"554";"2,08";"1796,12";"2800282,19";"1212"
"520570305";"Córrego do Ouro";"2000";"1021";"2454";"1,37";"2738,08";"7254517,12";"2000"
"520580205";"Corumbá de Goiás";"1212";"3719";"10351";"2,28";"2172,21";"7591035,44";"1212"
"520590105";"Corumbaíba";"1800";"3506";"9103";"1,73";"2630,00";"9630937,41";"1800"
"520620605";"Cristalina";"1500";"16235";"46890";"2,25";"2783,88";"178789686,33";"1500"
"520620610";"Campos Lindos";"1212";"5208";"15193";"2,25";"2245,24";"856696513,35";"1212"
"520630505";"Cristianópolis";"1500";"1396";"3477";"1,66";"2570,03";"17939553,29";"1500"
"520640405";"Crixás";"2000";"5605";"15598";"1,81";"2595,65";"8717285,08";"2000"
"520640407";"Auriverde";"1212";"581";"1408";"1,42";"1857,27";"1815506,50";"1212"
"520650305";"Cromínia";"1700";"1536";"3879";"1,55";"2615,20";"8812365,48";"1700"
"520660205";"Cumari";"1800";"1150";"2904";"1,68";"2423,47";"5032181,62";"1800"
"520670105";"Damianópolis";"1212";"1367";"3768";"1,77";"1504,35";"2089742,00";"1212"
"520680005";"Damolândia";"1212";"1090";"2717";"1,37";"1697,24";"1324630,84";"1212"
"520690905";"Davinópolis";"1212";"768";"1899";"1,67";"1947,89";"3178948,83";"1212"
"520710505";"Diorama";"1800";"832";"2054";"1,33";"2210,53";"2830613,33";"1800"
"520725305";"Doverlândia";"1800";"2767";"6939";"1,53";"2506,30";"8436099,74";"1800"
"520735205";"Edealina";"1500";"1648";"3981";"1,39";"2469,46";"13270120,71";"1500"
"520740205";"Edéia";"1800";"4365";"11640";"1,72";"2876,77";"20836726,67";"1800"
"520750105";"Estrela do Norte";"1245";"1269";"3205";"1,55";"2265,76";"16959019,37";"1245"
"520753505";"Faina";"1212";"2026";"5094";"1,52";"2089,43";"4105707,92";"1212"
"520753510";"Caiçara";"1212";"362";"822";"1,23";"1735,48";"2098464,31";"1212"
"520753515";"Jeroaquara";"1212";"426";"1120";"1,47";"1679,76";"1564888,81";"1212"
"520760005";"Fazenda Nova";"1700";"1991";"4754";"1,32";"2506,49";"7466412,98";"1700"
"520760010";"Bacilândia";"1800";"303";"788";"1,45";"2401,63";"3957226,79";"1800"
"520760015";"Serra Dourada";"2000";"129";"302";"1,20";"2356,95";"3510582,51";"2000"
"520780805";"Firminópolis";"1700";"4054";"10359";"1,67";"2692,64";"11132014,58";"1700"
"520790705";"Flores de Goiás";"1212";"3219";"9919";"3,39";"1739,64";"7721011,61";"1212"
"520790710";"Santa Maria";"1212";"1094";"3476";"3,48";"1393,45";"2221764,17";"1212"
"520800405";"Formosa";"1600";"37623";"106688";"2,07";"2903,36";"18653542,13";"1600"
"520800407";"Bezerra";"1212";"1169";"3283";"2,32";"1689,74";"1855126,13";"1212"
"520800410";"Santa Rosa";"1212";"1421";"3499";"2,12";"1437,16";"1491711,94";"1212"
"520800415";"Juscelino Kubitschek";"1212";"530";"1324";"2,04";"1924,44";"11935676,92";"1212"
"520810305";"Formoso";"1300";"1816";"4658";"1,71";"2375,05";"12615797,58";"1300"
"520815205";"Gameleira de Goiás";"1490";"1284";"3455";"1,76";"2661,65";"31514831,56";"1490"
"520830105";"Divinópolis de Goiás";"1212";"1645";"4457";"1,84";"1774,71";"5485325,79";"1212"
"520840005";"Goianápolis";"1500";"4923";"13876";"2,04";"2245,38";"11020255,01";"1500"
"520850905";"Goiandira";"2000";"1898";"4958";"1,69";"2703,92";"16632827,98";"2000"
"520860805";"Goianésia";"1900";"25955";"73072";"1,85";"2830,92";"15584276,86";"1900"
"520860810";"Natinópolis";"1212";"71";"183";"1,22";"1781,60";"1233905,53";"1212"
"520870705";"Goiânia";"2500";"548431";"1432660";"1,73";"4653,31";"194283605,76";"2500"
"520870715";"Vila Rica";"2424";"622";"1711";"1,70";"5484,80";"93941349,37";"2424"
"520880605";"Goianira";"1600";"25193";"71826";"1,93";"2120,11";"3632442,49";"1600"
"520890505";"Goiás";"1800";"6695";"16661";"1,58";"2871,37";"12004716,48";"1800"
"520890515";"Buenolândia";"1818";"277";"678";"1,45";"2620,29";"11718592,78";"1818"
"520890525";"Calcilândia";"2400";"590";"1440";"1,85";"2981,30";"19321117,89";"2400"
"520890530";"Davidópolis";"1212";"1000";"2619";"1,84";"2170,96";"9453546,53";"1212"
"520890540";"Águas de São João";"1300";"255";"661";"1,84";"1981,77";"3124936,97";"1300"
"520890545";"Uvá";"1818";"775";"1855";"1,37";"2124,56";"3118815,08";"1818"
"520910105";"Goiatuba";"2000";"13132";"34329";"1,69";"2970,92";"15284778,98";"2000"
"520910107";"Marcianópolis";"2000";"424";"1152";"1,72";"2804,55";"21912764,18";"2000"
"520915005";"Gouvelândia";"1600";"1678";"4381";"1,67";"2261,22";"9813408,63";"1600"
"520920005";"Guapó";"1500";"7170";"19530";"1,98";"2189,59";"4557646,25";"1500"
"520929105";"Guaraíta";"1212";"913";"2188";"1,21";"2017,34";"3801286,42";"1212"
"520940805";"Guarani de Goiás";"1212";"1436";"4082";"2,12";"1634,32";"2362540,00";"1212"
"520945705";"Guarinos";"1200";"883";"2159";"1,53";"1632,58";"1809698,96";"1200"
"520960605";"Heitoraí";"1212";"1355";"3344";"1,40";"2181,58";"16134451,58";"1212"
"520970505";"Hidrolândia";"1800";"9707";"27625";"2,05";"3279,35";"450730937,21";"1800"
"520980405";"Hidrolina";"1212";"1370";"3540";"1,55";"2252,32";"20263417,01";"1212"
"520990305";"Iaciara";"1212";"3540";"10498";"2,44";"1730,10";"9350439,62";"1212"
"520993705";"Inaciolândia";"1500";"2207";"5886";"1,78";"2166,74";"9095707,18";"1500"
"520995205";"Indiara";"1900";"5899";"15991";"1,74";"2457,65";"9026371,71";"1900"
"520995210";"Carlândia";"2000";"426";"1006";"1,71";"2491,86";"5619587,13";"2000"
"521000005";"Inhumas";"1800";"19576";"51891";"1,62";"2722,13";"24738844,45";"1800"
"521010905";"Ipameri";"1700";"8133";"20756";"1,71";"2740,30";"11517788,03";"1700"
"521010910";"Cavalheiro";"1300";"177";"426";"1,37";"1810,01";"1033693,66";"1300"
"521010915";"Domiciano Ribeiro";"1600";"1399";"4225";"2,64";"2150,43";"11931949,81";"1600"
"521015805";"Ipiranga de Goiás";"1212";"1181";"2912";"1,44";"2092,28";"6374716,70";"1212"
"521020805";"Iporá";"1800";"13971";"35341";"1,53";"2866,88";"20238764,73";"1800"
"521030705";"Israelândia";"1240";"961";"2350";"1,42";"1901,84";"3936985,60";"1240"
"521030715";"Piloândia";"1240";"69";"152";"1,25";"1730,86";"885867,66";"1240"
"521040605";"Itaberaí";"1500";"16002";"44616";"1,84";"2463,91";"15623528,91";"1500"
"521056205";"Itaguari";"1246";"1952";"4963";"1,54";"2003,85";"3332963,06";"1246"
"521060405";"Itaguaru";"1212";"1979";"4894";"1,54";"2140,38";"23195669,92";"1212"
"521080205";"Itajá";"1612";"1749";"4366";"1,50";"2618,28";"17991311,62";"1612"
"521090105";"Itapaci";"1600";"7689";"20796";"1,77";"2563,68";"13710187,03";"1600"
"521090110";"Aparecida de Goiás";"1212";"104";"260";"1,38";"1488,69";"175144,00";"1212"
"521100805";"Itapirapuã";"1212";"2702";"6846";"1,68";"2324,94";"13502530,61";"1212"
"521100810";"Jacilândia";"2001";"434";"1133";"1,49";"2571,09";"9785100,69";"2001"
"521120605";"Itapuranga";"1500";"9991";"24655";"1,45";"2353,24";"8747658,66";"1500"
"521120610";"Cibele";"1618";"184";"447";"1,28";"2831,45";"11261342,43";"1618"
"521120615";"Diolândia";"1200";"337";"827";"1,38";"1662,77";"1787493,13";"1200"
"521130505";"Itarumã";"2000";"2180";"5654";"1,65";"3076,93";"36694556,78";"2000"
"521130515";"Olaria do Angico";"2375";"156";"415";"1,67";"3352,62";"29453118,41";"2375"
"521140405";"Itauçu";"1212";"2939";"7647";"1,62";"2143,82";"8309696,48";"1212"
"521150305";"Itumbiara";"2000";"39706";"107278";"1,84";"3178,95";"50485659,06";"2000"
"521160205";"Ivolândia";"1400";"846";"2087";"1,58";"2517,19";"31779354,34";"1400"
"521160210";"Campolândia";"1500";"246";"592";"1,21";"2391,00";"7784203,48";"1500"
"521170105";"Jandaia";"1606";"2527";"6269";"1,53";"2607,47";"10278815,47";"1605.5"
"521180005";"Jaraguá";"1500";"16597";"45058";"1,81";"2160,51";"12048711,52";"1500"
"521190905";"Jataí";"2000";"38266";"104967";"1,93";"3237,94";"23180760,88";"2000"
"521200605";"Jaupaci";"1230";"1137";"2837";"1,47";"1771,69";"1863046,93";"1230"
"521205505";"Jesúpolis";"1212";"833";"2123";"1,73";"1852,31";"5571234,34";"1212"
"521210505";"Joviânia";"1818";"2730";"7106";"1,55";"2774,77";"18011851,41";"1818"
"521220405";"Jussara";"1600";"7004";"17795";"1,54";"2650,58";"14407143,23";"1600"
"521220410";"Canadá";"2424";"237";"616";"1,51";"2467,37";"2634471,55";"2424"
"521220415";"Juscelândia";"2424";"38";"112";"1,62";"2360,32";"371148,44";"2424"
"521220425";"São Sebastião do Rio Claro";"2000";"383";"968";"1,48";"2119,39";"1455117,65";"2000"
"521225305";"Lagoa Santa";"1806";"537";"1389";"1,82";"2398,32";"4443470,93";"1806"
"521230305";"Leopoldo de Bulhões";"1300";"3250";"8641";"1,87";"1990,94";"6575150,82";"1300"
"521250105";"Luziânia";"1400";"42088";"119396";"2,22";"2357,30";"17958272,09";"1400"
"521250106";"Jardim Ingá";"1335";"29859";"88504";"2,26";"1877,14";"3350697,98";"1335"
"521260005";"Mairipotaba";"1400";"1064";"2538";"1,43";"2562,11";"24499020,26";"1400"
"521270905";"Mambaí";"1212";"2601";"8107";"2,32";"1704,68";"8185511,49";"1212"
"521280805";"Mara Rosa";"1300";"4088";"10651";"1,72";"2456,54";"11805554,66";"1300"
"521290705";"Marzagão";"1700";"1000";"2758";"1,90";"2519,36";"13525331,62";"1700"
"521295605";"Matrinchã";"1215";"1224";"3195";"1,52";"2060,16";"8194220,81";"1215"
"521295610";"Lua Nova";"1212";"333";"819";"1,51";"1591,12";"1195219,11";"1212"
"521300405";"Maurilândia";"1800";"3772";"10203";"1,79";"2339,09";"6376634,14";"1800"
"521305305";"Mimoso de Goiás";"1212";"980";"2614";"1,96";"1865,73";"3320217,30";"1212"
"521308705";"Minaçu";"1500";"8951";"24192";"1,70";"2510,38";"10797989,64";"1500"
"521308710";"Cana Brava";"1212";"946";"2503";"1,65";"1504,96";"1144209,90";"1212"
"521310305";"Mineiros";"2000";"24776";"69751";"1,98";"3006,90";"26348072,07";"2000"
"521340005";"Moiporá";"1500";"545";"1295";"1,40";"2604,73";"26051477,20";"1500"
"521340010";"Messianópolis";"1212";"163";"389";"1,61";"2062,84";"9552312,29";"1212"
"521350905";"Monte Alegre de Goiás";"1212";"2330";"6684";"2,65";"1533,63";"4742022,31";"1212"
"521370705";"Montes Claros de Goiás";"2000";"2462";"6221";"1,57";"2820,12";"16974383,40";"2000"
"521370710";"Lucilândia";"2200";"150";"369";"1,47";"3210,27";"16758931,18";"2200"
"521370715";"Registro do Araguaia";"2400";"236";"608";"1,33";"2779,05";"14355095,64";"2400"
"521370720";"Aparecida do Rio Claro";"2300";"216";"501";"1,29";"2684,42";"5420219,98";"2300"
"521370726";"Ponte Alta do Araguaia";"2400";"359";"1033";"1,81";"2496,19";"8484149,45";"2400"
"521375605";"Montividiu";"2424";"4424";"12424";"1,71";"3358,54";"17954408,07";"2424"
"521377205";"Montividiu do Norte";"1245";"1510";"3775";"2,00";"1814,05";"2362991,51";"1245"
"521380605";"Morrinhos";"2000";"19723";"51007";"1,74";"2796,49";"12786955,59";"2000"
"521385505";"Morro Agudo de Goiás";"1212";"976";"2427";"1,51";"1776,68";"2938692,14";"1212"
"521390505";"Mossâmedes";"1500";"1861";"4650";"1,47";"2486,51";"13313190,59";"1500"
"521400205";"Mozarlândia";"1800";"5228";"14627";"1,93";"2451,66";"8450414,77";"1800"
"521405105";"Mundo Novo";"1300";"2272";"6163";"1,73";"2208,15";"16344543,21";"1300"
"521410105";"Mutunópolis";"1212";"1378";"3534";"1,53";"2063,06";"10139884,87";"1212"
"521440805";"Nazário";"1300";"3119";"8176";"1,67";"2137,40";"6811406,70";"1300"
"521450705";"Nerópolis";"1500";"11181";"31879";"1,91";"2378,15";"12936737,06";"1500"
"521460605";"Niquelândia";"1300";"10689";"28185";"1,65";"2286,32";"10139016,31";"1300"
"521460610";"São Luiz do Tocantins";"1212";"906";"2265";"1,73";"2037,27";"19870630,26";"1212"
"521460615";"Tupiraçaba";"1212";"881";"2154";"1,68";"1875,70";"4691769,95";"1212"
"521460625";"Vila Taveira";"1212";"783";"2092";"1,62";"1747,47";"2661507,77";"1212"
"521470505";"Nova América";"1212";"904";"2319";"1,61";"1923,00";"6053097,81";"1212"
"521480405";"Nova Aurora";"1200";"832";"2087";"1,56";"1895,91";"5165697,66";"1200"
"521483805";"Nova Crixás";"2000";"3439";"9345";"1,75";"2658,17";"9693177,41";"2000"
"521483810";"Bandeirantes";"2200";"1246";"3364";"1,74";"2469,14";"5888984,60";"2200"
"521486105";"Nova Glória";"1212";"3284";"8291";"1,58";"2058,92";"11280609,89";"1212"
"521487905";"Nova Iguaçu de Goiás";"1800";"1110";"3007";"1,90";"2424,18";"9649279,92";"1800"
"521490305";"Nova Roma";"1212";"1153";"3056";"2,04";"1884,41";"6098506,92";"1212"
"521500905";"Nova Veneza";"1500";"3464";"9444";"1,88";"2489,09";"10776405,66";"1500"
"521520705";"Novo Brasil";"1600";"1523";"3527";"1,39";"2360,86";"5782771,97";"1600"
"521523105";"Novo Gama";"1320";"34251";"103562";"2,39";"1926,39";"3322562,83";"1320"
"521525605";"Novo Planalto";"1200";"1428";"3710";"1,61";"1964,46";"4916783,74";"1200"
"521530605";"Orizona";"1912";"5949";"15538";"1,55";"3350,74";"38551881,92";"1912"
"521530610";"Alto Alvorada";"1900";"318";"761";"1,14";"4513,91";"67392003,07";"1900"
"521540505";"Ouro Verde de Goiás";"1220";"1508";"4048";"1,83";"2027,00";"3686742,49";"1220"
"521550405";"Ouvidor";"2000";"2607";"7174";"1,61";"2774,62";"18634650,68";"2000"
"521560305";"Padre Bernardo";"1212";"6392";"17809";"2,03";"2161,75";"6697692,52";"1212"
"521560307";"Mariápolis e Taboquinha";"1212";"734";"1953";"2,19";"2019,95";"6006400,05";"1212"
"521560320";"Monte Alto";"1212";"4223";"12790";"2,48";"1857,35";"15890576,39";"1212"
"521560325";"Trajanópolis";"1212";"738";"2141";"2,37";"1583,77";"1344803,09";"1212"
"521565205";"Palestina de Goiás";"1500";"1203";"3129";"1,51";"2525,61";"15704054,57";"1500"
"521570205";"Palmeiras de Goiás";"1500";"11589";"31802";"1,77";"2411,43";"9130690,24";"1500"
"521580105";"Palmelo";"1600";"893";"2227";"1,65";"2841,41";"18569047,90";"1600"
"521590005";"Palminópolis";"1700";"1519";"3851";"1,41";"2501,06";"12512377,67";"1700"
"521600705";"Panamá";"1319";"995";"2449";"1,47";"2177,59";"5048178,97";"1319"
"521630405";"Paranaiguara";"1216";"3067";"7544";"1,43";"2071,61";"7171515,70";"1216"
"521640305";"Paraúna";"2000";"4078";"10620";"1,60";"3033,51";"16618557,56";"2000"
"521645205";"Perolândia";"2000";"1057";"2958";"2,02";"2662,64";"6168959,65";"2000"
"521680905";"Petrolina de Goiás";"1214";"3749";"9532";"1,67";"2182,46";"7260937,96";"1214"
"521690805";"Pilar de Goiás";"1212";"893";"2328";"1,67";"1787,76";"1586717,01";"1212"
"521710405";"Piracanjuba";"1800";"9932";"24697";"1,57";"2775,11";"16688901,59";"1800"
"521720305";"Piranhas";"1800";"4610";"11623";"1,58";"2698,30";"16017505,07";"1800"
"521730205";"Pirenópolis";"1500";"9379";"25466";"2,12";"2676,11";"96685615,89";"1500"
"521730210";"Lagolândia";"1212";"397";"1052";"1,77";"2038,10";"6117061,38";"1212"
"521740105";"Pires do Rio";"1800";"12264";"32061";"1,78";"2752,40";"13952467,97";"1800"
"521760905";"Planaltina";"1300";"32376";"96524";"2,17";"1970,91";"5636613,89";"1300"
"521760910";"Córrego Rico";"1212";"414";"1058";"2,35";"1654,13";"4803990,93";"1212"
"521760915";"São Gabriel de Goiás";"1212";"2389";"6564";"2,51";"1968,52";"5019433,21";"1212"
"521770805";"Pontalina";"1600";"7355";"18147";"1,51";"3088,31";"669908847,77";"1600"
"521800305";"Porangatu";"1500";"16372";"44090";"1,81";"2596,27";"15653964,47";"1500"
"521805205";"Porteirão";"2000";"1482";"4066";"1,85";"2837,85";"17325029,89";"2000"
"521810205";"Portelândia";"1600";"1246";"3280";"1,76";"2284,46";"6114519,45";"1600"
"521830005";"Posse";"1300";"11970";"34757";"2,10";"2617,67";"14327196,19";"1300"
"521839105";"Professor Jamil";"1425";"1428";"3638";"1,73";"2466,63";"39786499,87";"1425"
"521850805";"Quirinópolis";"2000";"17985";"48155";"1,74";"2856,95";"14306137,49";"2000"
"521860705";"Rialma";"1600";"4330";"11718";"1,75";"2505,40";"10037416,33";"1600"
"521860710";"Castrinópolis";"1212";"143";"353";"1,29";"2462,78";"12481310,70";"1212"
"521870605";"Rianápolis";"1500";"1591";"3970";"1,66";"2132,72";"4741679,91";"1500"
"521878905";"Rio Quente";"1800";"1387";"3816";"2,02";"2710,40";"9824178,76";"1800"
"521880505";"Rio Verde";"2000";"79075";"221084";"1,93";"3490,23";"26756747,40";"2000"
"521880512";"Lagoa do Bauzinho";"1212";"648";"1728";"1,68";"2444,53";"28207971,25";"1212"
"521880515";"Ouroana";"1300";"351";"957";"2,12";"2383,45";"12310995,80";"1300"
"521880520";"Riverlândia";"1500";"368";"956";"2,01";"2197,81";"3994047,54";"1500"
"521890405";"Rubiataba";"1800";"7479";"19208";"1,55";"2380,36";"7528496,46";"1800"
"521890415";"Valdelândia";"1500";"177";"458";"1,51";"2872,24";"20579501,29";"1500"
"521900105";"Sanclerlândia";"1500";"3129";"7870";"1,47";"2359,78";"5746403,63";"1500"
"521910005";"Santa Bárbara de Goiás";"1500";"2250";"6144";"1,95";"2314,40";"11844133,79";"1500"
"521920905";"Santa Cruz de Goiás";"2003";"1241";"2999";"1,56";"3382,23";"20609088,64";"2003"
"521925805";"Santa Fé de Goiás";"1800";"1859";"4936";"1,69";"2830,36";"69784562,73";"1800"
"521930805";"Santa Helena de Goiás";"1800";"14249";"38287";"1,83";"2821,74";"90451937,06";"1800"
"521935705";"Santa Isabel";"1212";"764";"1940";"1,45";"1902,73";"2637082,75";"1212"
"521935712";"Cirilândia";"1212";"633";"1590";"1,54";"2214,77";"9376835,12";"1212"
"521940705";"Santa Rita do Araguaia";"1600";"2301";"5910";"1,76";"2579,20";"15111030,02";"1600"
"521945605";"Santa Rita do Novo Destino";"1212";"1020";"2679";"1,76";"1880,22";"5162047,57";"1212"
"521950605";"Santa Rosa de Goiás";"1212";"1071";"2805";"1,60";"2046,75";"16160516,21";"1212"
"521960505";"Santa Tereza de Goiás";"1250";"1317";"3293";"1,69";"2009,82";"3366024,36";"1250"
"521970405";"Santa Terezinha de Goiás";"1212";"3901";"10603";"2,00";"1999,40";"6716333,70";"1212"
"521971205";"Santo Antônio da Barra";"1250";"1570";"4262";"1,70";"2077,18";"10224987,53";"1250"
"521973805";"Santo Antônio de Goiás";"1800";"2634";"7381";"1,83";"2869,73";"17611767,43";"1800"
"521975305";"Santo Antônio do Descoberto";"1212";"24174";"71859";"2,28";"1884,28";"4196287,45";"1212"
"521980305";"São Domingos";"1212";"3467";"9663";"2,35";"1677,13";"3117922,84";"1212"
"521990205";"São Francisco de Goiás";"1224";"2361";"6358";"1,67";"2006,66";"10421773,50";"1224"
"522000905";"São João d'Aliança";"1212";"3512";"11000";"3,65";"2009,85";"10412463,90";"1212"
"522000910";"Forte";"1212";"748";"2526";"5,52";"1330,10";"953505,11";"1212"
"522005805";"São João da Paraúna";"1300";"697";"1774";"1,58";"2991,05";"43740722,29";"1300"
"522010805";"São Luís de Montes Belos";"2000";"12581";"32450";"1,58";"2944,83";"13120795,83";"2000"
"522010810";"Rosalândia";"1500";"501";"1200";"1,40";"2503,75";"9000886,73";"1500"
"522015705";"São Luiz do Norte";"1212";"1797";"4832";"1,88";"2032,59";"4867975,89";"1212"
"522020705";"São Miguel do Araguaia";"1800";"8202";"21704";"1,72";"2570,51";"13341729,77";"1800"
"522026405";"São Miguel do Passa Quatro";"2000";"1652";"4366";"1,66";"3315,89";"39508137,17";"2000"
"522028005";"São Patrício";"1500";"832";"2136";"1,51";"2230,67";"13002863,01";"1500"
"522040505";"São Simão";"1500";"6076";"15437";"1,60";"3109,67";"4331179338,40";"1500"
"522040510";"Itaguaçu";"1250";"620";"1529";"1,53";"1989,97";"3956611,23";"1250"
"522045405";"Senador Canedo";"1800";"52364";"155329";"2,01";"2505,42";"7779968,83";"1800"
"522050405";"Serranópolis";"2000";"2939";"7914";"1,92";"2592,61";"7729900,65";"2000"
"522060305";"Silvânia";"1800";"8140";"22098";"1,85";"2952,91";"21305113,17";"1800"
"522068605";"Simolândia";"1212";"2002";"5725";"2,09";"1569,61";"3075529,06";"1212"
"522070205";"Sítio d'Abadia";"1212";"1012";"2914";"2,30";"1588,16";"4630258,77";"1212"
"522100705";"Taquaral de Goiás";"1212";"1612";"4018";"1,44";"2078,37";"9135215,06";"1212"
"522108005";"Teresina de Goiás";"1212";"917";"2690";"2,98";"1794,94";"5916773,31";"1212"
"522119705";"Terezópolis de Goiás";"1212";"2819";"7934";"2,09";"2022,20";"8945237,19";"1212"
"522130405";"Três Ranchos";"1508";"1143";"2914";"1,73";"2378,67";"8079273,58";"1508"
"522140305";"Trindade";"1500";"50651";"141560";"1,82";"2320,93";"7403349,40";"1500"
"522145205";"Trombas";"1245";"1223";"3116";"1,74";"1892,18";"2406148,00";"1245"
"522150205";"Turvânia";"1500";"1808";"4470";"1,63";"2455,88";"8927564,13";"1500"
"522155105";"Turvelândia";"1400";"1760";"4985";"1,73";"2123,75";"4598686,85";"1400"
"522157705";"Uirapuru";"1212";"1069";"2797";"1,71";"1864,37";"4140241,14";"1212"
"522160105";"Uruaçu";"1500";"15434";"41507";"1,83";"2625,48";"11820206,18";"1500"
"522160115";"Geriaçu";"1212";"144";"328";"1,18";"3270,48";"85788579,00";"1212"
"522160120";"Pau Terra";"1212";"193";"496";"1,59";"1622,63";"1799166,54";"1212"
"522170005";"Uruana";"1500";"4552";"11829";"1,62";"2281,36";"7003097,29";"1500"
"522170010";"Uruíta";"1212";"480";"1191";"1,28";"1873,31";"3311876,49";"1212"
"522170020";"Uruceres";"1712";"238";"600";"1,69";"2094,34";"2297572,22";"1712"
"522180905";"Urutaí";"1500";"1362";"3547";"1,60";"2719,34";"17164430,98";"1500"
"522185805";"Valparaíso de Goiás";"2000";"71169";"198531";"1,92";"2745,60";"7252071,64";"2000"
"522190805";"Varjão";"1500";"1553";"3716";"1,47";"2529,00";"72015538,05";"1500"
"522200505";"Vianópolis";"2000";"5219";"14160";"1,70";"2927,56";"18250186,93";"2000"
"522200510";"Caraíba";"2000";"280";"729";"1,57";"2490,41";"6748039,21";"2000"
"522205405";"Vicentinópolis";"1800";"3144";"8665";"1,80";"2507,01";"16373467,27";"1800"
"522220305";"Vila Boa";"1212";"1461";"4181";"2,42";"1691,88";"6249339,42";"1212"
"522230205";"Vila Propício";"1500";"1254";"3258";"1,87";"2313,46";"18898289,15";"1500"
"522230210";"Assunção de Goiás";"1500";"926";"2550";"2,11";"1963,25";"4982964,63";"1500"
"530010805";"Brasília";"3000";"988076";"2792471";"2,13";"5784,31";"211007412,05";"3000"
